Comparison (group1/group2),Group,ProteinGroups,PTM.ModificationTitle,AVG Log2 Ratio,Absolute AVG Log2 Ratio,Pvalue,Qvalue,# of Ratios,UniProtIds,Genes,ProteinDescriptions,ProteinNames,# Unique Total Peptides,% Change,Ratio,Condition Numerator,Condition Denominator,GO Cellular Component,GO Molecular Function,GO Biological Process,Condition (Numerator),Condition (Denominator),protein_log2fc,corrected_log2fc,site_class
P3C4+Nigericin / Unstim,P07900_C597_M2_24,P07900,Nitrosyl,-7.397170502547798,7.397170502547798,1.2949835016641348e-7,0.02807688262851388,5,P07900,HSP90AA1,Heat shock protein HSP 90-alpha,HS90A_HUMAN,61,16756.60865529612,168.5660865529612,Unstim,P3C4+Nigericin,NA,NA,NA,P3C4+Nigericin,Unstim,-0.98112053457363535,-6.416049967974162,Robust
P3C4+Nigericin / P3C4,Q01518_R29_M1_13,Q01518,Dimethyl (KR),-5.352132955848474,5.352132955848474,3.400197266071292e-7,0.02992683759879673,6,Q01518,CAP1,Adenylyl cyclase-associated protein 1,CAP1_HUMAN,89,3984.628473982147,40.84628473982147,P3C4,P3C4+Nigericin,NA,NA,NA,P3C4+Nigericin,P3C4,-1.0820625741617809,-4.270070381686693,Robust
P3C4+Nigericin / P3C4,Q92835_T1012_M1_31,Q92835,Sulfo (STY),-3.310149380517145,3.310149380517145,7.958427871573784e-6,0.15686254266456695,6,Q92835,INPP5D,"Phosphatidylinositol 3,4,5-trisphosphate 5-phosphatase 1",SHIP1_HUMAN,74,891.8688553981673,9.918688553981672,P3C4,P3C4+Nigericin,NA,NA,NA,P3C4+Nigericin,P3C4,-0.9327549916388588,-2.3773943888782862,Robust
P3C4+Nigericin / P3C4,Q8WUM4_K707_M1_32,Q8WUM4,Trimethyl (K),3.5806417038405387,3.5806417038405387,1.1417626335350717e-5,0.17682042948363927,6,Q8WUM4,PDCD6IP,Programmed cell death 6-interacting protein,PDC6I_HUMAN,69,-91.641671354054,0.08358328645945991,P3C4,P3C4+Nigericin,NA,NA,NA,P3C4+Nigericin,P3C4,-0.3582222175990874,3.938863921439626,Robust
P3C4+Nigericin / P3C4,Q04760_Y170_M1_31,Q04760,Sulfo (STY),-1.9704391063856184,1.9704391063856184,2.180613320318704e-5,0.21726137850529384,6,Q04760,GLO1,Lactoylglutathione lyase,LGUL_HUMAN,31,291.88737782487783,3.9188737782487784,P3C4,P3C4+Nigericin,NA,NA,NA,P3C4+Nigericin,P3C4,-1.3496556174076495,-0.6207834889779689,Robust
LPS+Nigericin / LPS,P14625_K708_M2_17,P14625,GlyGly (K),-3.5566773777039473,3.5566773777039473,2.540145093902729e-5,0.21739564402472408,5,P14625,HSP90B1,Endoplasmin,ENPL_HUMAN,108,1076.7022275364384,11.767022275364384,LPS,LPS+Nigericin,NA,NA,NA,LPS+Nigericin,LPS,0.289875926424968,-3.8465533041289155,Robust
P3C4+Nigericin / Unstim,P21796_T204_M1_31,P21796,Sulfo (STY),-1.867279463284761,1.867279463284761,6.217896865160157e-5,0.24928936601154952,6,P21796,VDAC1,Voltage-dependent anion-selective channel protein 1,VDAC1_HUMAN,42,264.8439329852541,3.648439329852541,Unstim,P3C4+Nigericin,NA,NA,NA,P3C4+Nigericin,Unstim,-0.1786702793113119,-1.688609183973449,Robust
P3C4+Nigericin / P3C4,P30085_K43_M1_22,P30085,Methyl (KR),-5.594009173399277,5.594009173399277,3.010185891806e-4,0.30182747366022994,5,P30085,CMPK1,UMP-CMP kinase,KCY_HUMAN,27,4730.193812032034,48.30193812032034,P3C4,P3C4+Nigericin,NA,NA,NA,P3C4+Nigericin,P3C4,-1.315566149265391,-4.278443024133886,Robust
P3C4+Nigericin / P3C4,Q16611_R11_M1_13,Q16611,Dimethyl (KR),-1.5085974659331345,1.5085974659331345,2.305988448858e-4,0.30182747366022994,6,Q16611,BAK1,Bcl-2 homologous antagonist/killer,BAK_HUMAN,6,184.53329201343064,2.8453329201343065,P3C4,P3C4+Nigericin,NA,NA,NA,P3C4+Nigericin,P3C4,-0.27421175042035545,-1.234385715512779,Robust
LPS / Unstim,Q53GL0_K337_M1_32,Q53GL0,Trimethyl (K),4.9187047312424,4.9187047312424,2.2198442473995e-4,0.30182747366022994,6,Q53GL0,PLEKHO1,Pleckstrin homology domain-containing family O member 1,PKHO1_HUMAN,24,-96.69385165604947,0.03306148343950507,Unstim,LPS,NA,NA,NA,LPS,Unstim,-0.47584386189624234,5.3945485931386425,Robust
LPS+Nigericin / LPS,Cont_P68103_K408_M1_22,Cont_P68103;P68104,Methyl (KR),-3.2600450898836044,3.2600450898836044,3.1992169023973e-4,0.3034124378010184,6,Cont_P68103;P68104,EEF1A1,Elongation factor 1-alpha 1,EF1A1_BOVIN;EF1A1_HUMAN,61,858.0129048913922,9.58012904891392,LPS,LPS+Nigericin,NA,NA,NA,LPS+Nigericin,LPS,-0.2381881335459985,-3.021856956337606,Robust
LPS+Nigericin / LPS,P68104_K408_M1_22,Cont_P68103;P68104,Methyl (KR),-3.2600450898836044,3.2600450898836044,3.1992169023973e-4,0.3034124378010184,6,Cont_P68103;P68104,EEF1A1,Elongation factor 1-alpha 1,EF1A1_BOVIN;EF1A1_HUMAN,61,858.0129048913922,9.58012904891392,LPS,LPS+Nigericin,NA,NA,NA,LPS+Nigericin,LPS,-0.2381881335459985,-3.021856956337606,Robust
P3C4+Nigericin / Unstim,Cont_P60712_K291_M1_13,Cont_P60712;P60709,Dimethyl (KR),2.3385384374989053,2.3385384374989053,3.322767477263e-4,0.30442702023419194,5,Cont_P60712;P60709,ACTB,"Actin, cytoplasmic 1;Actin, cytoplasmic 1",ACTB_BOVIN;ACTB_HUMAN,68,-80.2289477291254,0.1977105227087461,Unstim,P3C4+Nigericin,NA,NA,NA,P3C4+Nigericin,Unstim,-0.3924670563300755,2.731005493828981,Robust
P3C4+Nigericin / Unstim,P60709_K291_M1_13,Cont_P60712;P60709,Dimethyl (KR),2.3385384374989053,2.3385384374989053,3.322767477263e-4,0.30442702023419194,5,Cont_P60712;P60709,ACTB,"Actin, cytoplasmic 1;Actin, cytoplasmic 1",ACTB_BOVIN;ACTB_HUMAN,68,-80.2289477291254,0.1977105227087461,Unstim,P3C4+Nigericin,NA,NA,NA,P3C4+Nigericin,Unstim,-0.3924670563300755,2.731005493828981,Robust
LPS+Nigericin / LPS,P80723_T151_M1_31,P80723,Sulfo (STY),2.035578588891608,2.035578588891608,3.4884500534825e-4,0.3078725204731436,6,P80723,BASP1,Brain acid soluble protein 1,BASP1_HUMAN,35,-75.60898989011518,0.24391010109884811,LPS,LPS+Nigericin,NA,NA,NA,LPS+Nigericin,LPS,-0.5046118237879901,2.540190412679598,Robust
P3C4+Nigericin / P3C4,Q9UPN9_K953_M1_0,Q9UPN9,Acetyl (K),-2.580214438820031,2.580214438820031,5.4294396611146e-4,0.3438943464604136,6,Q9UPN9,TRIM33,E3 ubiquitin-protein ligase TRIM33,TRI33_HUMAN,33,498.02858241933495,5.980285824193349,P3C4,P3C4+Nigericin,NA,NA,NA,P3C4+Nigericin,P3C4,-0.9048087551006172,-1.675405683719414,Robust
LPS+Nigericin / LPS,Q9H1B7_C385_M1_24,Q9H1B7,Nitrosyl,-3.668253714088297,3.668253714088297,6.8165360210564e-4,0.3561232173866608,6,Q9H1B7,IRF2BPL,Probable E3 ubiquitin-protein ligase IRF2BPL,I2BPL_HUMAN,36,1171.3185961159963,12.713185961159963,LPS,LPS+Nigericin,NA,NA,NA,LPS+Nigericin,LPS,-0.7142621419469594,-2.9539915721413377,Robust
LPS+Nigericin / LPS,Q9H1B7_R391_M1_22,Q9H1B7,Methyl (KR),-3.841629965067369,3.841629965067369,6.8339326126083e-4,0.356362841314317,6,Q9H1B7,IRF2BPL,Probable E3 ubiquitin-protein ligase IRF2BPL,I2BPL_HUMAN,36,1333.6589548704137,14.336589548704136,LPS,LPS+Nigericin,NA,NA,NA,LPS+Nigericin,LPS,-0.7142621419469594,-3.1273678231204096,Robust
LPS / Unstim,P20273_T291_M1_19,P20273,HexNAc (ST),-2.071590640095131,2.071590640095131,7.2405431776659e-4,0.35760878155841874,5,P20273,CD22,B-cell receptor CD22,CD22_HUMAN,25,320.3498738374722,4.203498738374722,Unstim,LPS,NA,NA,NA,LPS,Unstim,-0.2610009328932087,-1.8105897072019226,Robust
P3C4+Nigericin / P3C4,Q96PU8_R242_M1_13,Q96PU8,Dimethyl (KR),-3.05336934956408,3.05336934956408,7.3055454047474e-4,0.35862674279042217,6,Q96PU8,QKI,KH domain-containing RNA-binding protein QKI,QKI_HUMAN,29,730.1484513506358,8.301484513506358,P3C4,P3C4+Nigericin,NA,NA,NA,P3C4+Nigericin,P3C4,-1.3215702876632065,-1.7317990619008734,Robust
LPS+Nigericin / Unstim,O60293_R690_M2_13,O60293,Dimethyl (KR),-2.154794780663547,2.154794780663547,7.745633070184e-4,0.36401857710975494,5,O60293,ZFC3H1,Zinc finger C3H1 domain-containing protein,ZC3H1_HUMAN,18,345.3052993520842,4.453052993520842,Unstim,LPS+Nigericin,NA,NA,NA,LPS+Nigericin,Unstim,-0.9383405414787952,-1.2164542391847517,Robust
P3C4+Nigericin / P3C4,Q04721_T696_M1_19,Q04721,HexNAc (ST),2.5885284352953466,2.5885284352953466,8.1047402890389e-4,0.3664889325175276,6,Q04721,NOTCH2,Neurogenic locus notch homolog protein 2,NOTC2_HUMAN,52,-83.37447775529495,0.16625522244705063,P3C4,P3C4+Nigericin,NA,NA,NA,P3C4+Nigericin,P3C4,-0.9115605387187002,3.500088974014047,Robust
LPS+Nigericin / Unstim,P07900_C597_M2_24,P07900,Nitrosyl,-4.889420841703615,4.889420841703615,8.6267125803944e-4,0.3689727201216758,5,P07900,HSP90AA1,Heat shock protein HSP 90-alpha,HS90A_HUMAN,61,2863.891728747062,29.638917287470623,Unstim,LPS+Nigericin,NA,NA,NA,LPS+Nigericin,Unstim,-0.7200308763953134,-4.1693899653083015,Robust
P3C4+Nigericin / P3C4,P62857_R31_M1_22,P62857,Methyl (KR),-2.1808945318724615,2.1808945318724615,9.0172964388897e-4,0.3714498562687991,6,P62857,RPS28,Small ribosomal subunit protein eS28,RS28_HUMAN,12,353.43461559147755,4.5343461559147755,P3C4,P3C4+Nigericin,NA,NA,NA,P3C4+Nigericin,P3C4,-0.8716796640038033,-1.3092148678686581,Robust
LPS+Nigericin / Unstim,P30101_K173_M1_23,P30101,Myristoyl,3.757079427522215,3.757079427522215,9.5333935768546e-4,0.3749188849489598,5,P30101,PDIA3,Protein disulfide-isomerase A3,PDIA3_HUMAN,92,-92.6038383206639,0.07396161679336094,Unstim,LPS+Nigericin,NA,NA,NA,LPS+Nigericin,Unstim,0.05063819108839763,3.7064412364338173,Robust
LPS+Nigericin / LPS,Q562R1_S304_M1_31,Q562R1,Sulfo (STY),5.871296236735688,5.871296236735688,9.3509625096229e-4,0.3749188849489598,6,Q562R1,ACTBL2,Beta-actin-like protein 2,ACTBL_HUMAN,16,-98.29170165826024,0.01708298341739742,LPS,LPS+Nigericin,NA,NA,NA,LPS+Nigericin,LPS,0.00814448992781973,5.863151746807868,Robust
P3C4+Nigericin / Unstim,P30101_T319_M1_31,P30101,Sulfo (STY),-4.80954940913015,4.80954940913015,0.00101700418285133,0.37778307634806024,5,P30101,PDIA3,Protein disulfide-isomerase A3,PDIA3_HUMAN,92,2704.262327973003,28.04262327973003,Unstim,P3C4+Nigericin,NA,NA,NA,P3C4+Nigericin,Unstim,-0.02597705766223096,-4.783572351467919,Robust
P3C4+Nigericin / P3C4,P33241_S189_M1_28,P33241,Phospho (STY),1.3560409880102768,1.3560409880102768,0.00102671861903445,0.3779632680976427,6,P33241,LSP1,Lymphocyte-specific protein 1,LSP1_HUMAN,33,-60.934715880146165,0.3906528411985383,P3C4,P3C4+Nigericin,NA,NA,NA,P3C4+Nigericin,P3C4,-1.6318089290809183,2.987849917091195,Robust
LPS+Nigericin / LPS,P48643_S434_M1_31,P48643,Sulfo (STY),-5.5288630157029415,5.5288630157029415,0.00102572659682263,0.3779632680976427,5,P48643,CCT5,T-complex protein 1 subunit epsilon,TCPE_HUMAN,60,4516.9333980288475,46.16933398028847,LPS,LPS+Nigericin,NA,NA,NA,LPS+Nigericin,LPS,-0.14389834770420393,-5.384964667998737,Robust
P3C4+Nigericin / P3C4,Q96I24_T192_M1_19,Q96I24,HexNAc (ST),-1.7873733613974214,1.7873733613974214,0.00103129587298091,0.3782922659493159,6,Q96I24,FUBP3,Far upstream element-binding protein 3,FUBP3_HUMAN,47,245.1858584258306,3.451858584258306,P3C4,P3C4+Nigericin,NA,NA,NA,P3C4+Nigericin,P3C4,-1.1554516837281088,-0.6319216776693126,Robust
LPS+Nigericin / LPS,P14618_C152_M1_24,P14618,Nitrosyl,-1.007412692882308,1.007412692882308,0.00103805052958062,0.37910584523265567,6,P14618,PKM,Pyruvate kinase PKM,KPYM_HUMAN,78,101.03026195564446,2.0103026195564446,LPS,LPS+Nigericin,NA,NA,NA,LPS+Nigericin,LPS,-0.35254321335089667,-0.6548694795314113,Robust
LPS+Nigericin / LPS,P14618_K151_M1_13,P14618,Dimethyl (KR),-1.007412692882308,1.007412692882308,0.00103805052958062,0.37910584523265567,6,P14618,PKM,Pyruvate kinase PKM,KPYM_HUMAN,78,101.03026195564446,2.0103026195564446,LPS,LPS+Nigericin,NA,NA,NA,LPS+Nigericin,LPS,-0.35254321335089667,-0.6548694795314113,Robust
P3C4+Nigericin / P3C4,Q27J81_K966_M1_17,Q27J81,GlyGly (K),-1.7526921118310812,1.7526921118310812,0.0010580523243069,0.3818527409577571,6,Q27J81,INF2,Inverted formin-2,INF2_HUMAN,48,236.9868071601933,3.369868071601933,P3C4,P3C4+Nigericin,NA,NA,NA,P3C4+Nigericin,P3C4,-0.7363871348191302,-1.016304977011951,Robust
LPS+Nigericin / LPS,Q92835_K200_M1_0,Q92835,Acetyl (K),5.053905289607514,5.053905289607514,0.00120222198677751,0.386612793499888,6,Q92835,INPP5D,"Phosphatidylinositol 3,4,5-trisphosphate 5-phosphatase 1",SHIP1_HUMAN,74,-96.98960896079582,0.0301039103920419,LPS,LPS+Nigericin,NA,NA,NA,LPS+Nigericin,LPS,-0.3229765112161804,5.3768818008236945,Robust
P3C4 / Unstim,Q92835_T1012_M1_31,Q92835,Sulfo (STY),3.0352270969782458,3.0352270969782458,0.00121899319657333,0.386612793499888,6,Q92835,INPP5D,"Phosphatidylinositol 3,4,5-trisphosphate 5-phosphatase 1",SHIP1_HUMAN,74,-87.80152332353404,0.12198476676465968,Unstim,P3C4,NA,NA,NA,P3C4,Unstim,-0.107753040103177,3.1429801370814228,Robust
P3C4+Nigericin / P3C4,Q9UBQ7_S60_M1_28,Q9UBQ7,Phospho (STY),-1.720596431485354,1.720596431485354,0.00117024927891702,0.386612793499888,6,Q9UBQ7,GRHPR,Glyoxylate reductase/hydroxypyruvate reductase,GRHPR_HUMAN,26,229.5726289502817,3.295726289502817,P3C4,P3C4+Nigericin,NA,NA,NA,P3C4+Nigericin,P3C4,-1.063648915187769,-0.6569475162975849,Robust
P3C4 / Unstim,Q9BT09_K202_M1_13,Q9BT09,Dimethyl (KR),1.0054841069371572,1.0054841069371572,0.00128836976965554,0.38998767550901303,6,Q9BT09,CNPY3,Protein canopy homolog 3,CNPY3_HUMAN,24,-50.189703874606536,0.4981029612539346,Unstim,P3C4,NA,NA,NA,P3C4,Unstim,0.15571490392802972,0.8497692030091275,Robust
P3C4+Nigericin / Unstim,P0C0S8_Y58_M1_28,P0C0S8;Q96KK5;Q99878,Phospho (STY),-2.1933733937766027,2.1933733937766027,0.00132027546222334,0.39008356857842985,5,P0C0S8;Q96KK5;Q99878,H2AC11;H2AC12;H2AC14,Histone H2A type 1;Histone H2A type 1-H;Histone H2A type 1-J,H2A1_HUMAN;H2A1H_HUMAN;H2A1J_HUMAN,18,357.37369486408295,4.573736948640829,Unstim,P3C4+Nigericin,NA,NA,NA,P3C4+Nigericin,Unstim,-0.1784881351680194,-2.0148852586085835,Robust
P3C4+Nigericin / Unstim,Q96KK5_Y58_M1_28,P0C0S8;Q96KK5;Q99878,Phospho (STY),-2.1933733937766027,2.1933733937766027,0.00132027546222334,0.39008356857842985,5,P0C0S8;Q96KK5;Q99878,H2AC11;H2AC12;H2AC14,Histone H2A type 1;Histone H2A type 1-H;Histone H2A type 1-J,H2A1_HUMAN;H2A1H_HUMAN;H2A1J_HUMAN,18,357.37369486408295,4.573736948640829,Unstim,P3C4+Nigericin,NA,NA,NA,P3C4+Nigericin,Unstim,-0.1784881351680194,-2.0148852586085835,Robust
P3C4+Nigericin / Unstim,Q99878_Y58_M1_28,P0C0S8;Q96KK5;Q99878,Phospho (STY),-2.1933733937766027,2.1933733937766027,0.00132027546222334,0.39008356857842985,5,P0C0S8;Q96KK5;Q99878,H2AC11;H2AC12;H2AC14,Histone H2A type 1;Histone H2A type 1-H;Histone H2A type 1-J,H2A1_HUMAN;H2A1H_HUMAN;H2A1J_HUMAN,18,357.37369486408295,4.573736948640829,Unstim,P3C4+Nigericin,NA,NA,NA,P3C4+Nigericin,Unstim,-0.1784881351680194,-2.0148852586085835,Robust
P3C4+Nigericin / P3C4,P10253_R837_M1_22,P10253,Methyl (KR),8.840145280092846,8.840145280092846,0.00134928136506838,0.3906326447806844,6,P10253,GAA,Lysosomal alpha-glucosidase,LYAG_HUMAN,45,-99.7818018296136,0.00218198170386399,P3C4,P3C4+Nigericin,NA,NA,NA,P3C4+Nigericin,P3C4,-0.518906914404812,9.359052194497659,Robust
LPS+Nigericin / LPS,Q8WWM7_S188_M1_31,Q8WWM7,Sulfo (STY),-6.489479221020988,6.489479221020988,0.00135004612089119,0.3906326447806844,5,Q8WWM7,ATXN2L,Ataxin-2-like protein,ATX2L_HUMAN,52,8885.203172226535,89.85203172226535,LPS,LPS+Nigericin,NA,NA,NA,LPS+Nigericin,LPS,-0.9009565322101568,-5.588522688810832,Robust
P3C4+Nigericin / P3C4,Q09472_R2059_M1_13,Q09472,Dimethyl (KR),-2.1292059178451948,2.1292059178451948,0.00138979764114637,0.391357825084939,6,Q09472,EP300,Histone acetyltransferase p300,EP300_HUMAN,40,337.476620176888,4.37476620176888,P3C4,P3C4+Nigericin,NA,NA,NA,P3C4+Nigericin,P3C4,-0.799847328674584,-1.3293585891706108,Robust
P3C4+Nigericin / Unstim,Q15121_Y4_M1_28,Q15121,Phospho (STY),0.9512854114659616,0.9512854114659616,0.00139983611437727,0.3926360353950436,5,Q15121,PEA15,Astrocytic phosphoprotein PEA-15,PEA15_HUMAN,14,-48.28285325064763,0.5171714674935237,Unstim,P3C4+Nigericin,NA,NA,NA,P3C4+Nigericin,Unstim,-1.233435235064423,2.184720646530385,Robust
P3C4+Nigericin / P3C4,Q9NRX4_K112_M1_13,Q9NRX4,Dimethyl (KR),-2.6886552832158133,2.6886552832158133,0.00143935467027763,0.3938625879759649,6,Q9NRX4,PHPT1,14 kDa phosphohistidine phosphatase,PHP14_HUMAN,11,544.7121995995581,6.44712199599558,P3C4,P3C4+Nigericin,NA,NA,NA,P3C4+Nigericin,P3C4,-1.391848260614894,-1.2968070226009192,Robust
P3C4+Nigericin / Unstim,Cont_Q3SYV4_K100_M1_10,Cont_Q3SYV4,Crotonyl,2.3533195487924026,2.3533195487924026,0.00145886995282829,0.3949413636473035,6,Cont_Q3SYV4,CAP1,Adenylyl cyclase-associated protein 1,CAP1_BOVIN,11,-80.43047761219333,0.19569522387806676,Unstim,P3C4+Nigericin,NA,NA,NA,P3C4+Nigericin,Unstim,-1.479922408438247,3.8332419572306495,Robust
LPS / Unstim,P11021_K621_M1_10,P11021,Crotonyl,-1.1634399366338963,1.1634399366338963,0.00147787903934543,0.39529137785325624,6,P11021,HSPA5,Endoplasmic reticulum chaperone BiP,BIP_HUMAN,92,123.99087128143329,2.2399087128143327,Unstim,LPS,NA,NA,NA,LPS,Unstim,-0.1387704116563993,-1.024669524977497,Robust
LPS+Nigericin / Unstim,P13667_Y595_M1_31,P13667,Sulfo (STY),13.236921884753473,13.236921884753473,0.00149047551190474,0.39529137785325624,6,P13667,PDIA4,Protein disulfide-isomerase A4,PDIA4_HUMAN,81,-99.989641676688,1.0358323311986e-4,Unstim,LPS+Nigericin,NA,NA,NA,LPS+Nigericin,Unstim,0.06604250555220907,13.170879379201264,Robust
P3C4+Nigericin / P3C4,Q99795_K4_M2_22,Q99795,Methyl (KR),8.344748722292653,8.344748722292653,0.00146950279978161,0.39529137785325624,6,Q99795,GPA33,Cell surface A33 antigen,GPA33_HUMAN,13,-99.69240425161767,0.003075957483823,P3C4,P3C4+Nigericin,NA,NA,NA,P3C4+Nigericin,P3C4,-0.5074816707323584,8.852230393025012,Robust
P3C4+Nigericin / Unstim,Q99795_K4_M2_22,Q99795,Methyl (KR),8.228984391746657,8.228984391746657,0.0014713217310211,0.39529137785325624,6,Q99795,GPA33,Cell surface A33 antigen,GPA33_HUMAN,13,-99.6667049495864,0.00333295050413611,Unstim,P3C4+Nigericin,NA,NA,NA,P3C4+Nigericin,Unstim,-0.4298544621942987,8.658838853940956,Robust
LPS+Nigericin / Unstim,O60293_K687_M1_17,O60293,GlyGly (K),-2.6582559315973757,2.6582559315973757,0.00152099902507913,0.3963673265705514,6,O60293,ZFC3H1,Zinc finger C3H1 domain-containing protein,ZC3H1_HUMAN,18,531.2694488545501,6.3126944885455005,Unstim,LPS+Nigericin,NA,NA,NA,LPS+Nigericin,Unstim,-0.9383405414787952,-1.7199153901185804,Robust
LPS+Nigericin / LPS,P07900_K443_M1_17,P07900,GlyGly (K),-1.3870717812574984,1.3870717812574984,0.00153418699425124,0.396461470070239,6,P07900,HSP90AA1,Heat shock protein HSP 90-alpha,HS90A_HUMAN,61,161.5472826624571,2.615472826624571,LPS,LPS+Nigericin,NA,NA,NA,LPS+Nigericin,LPS,-0.35524963459204495,-1.0318221466654536,Robust
LPS+Nigericin / LPS,P07900_S442_M1_28,P07900,Phospho (STY),-1.3870717812574984,1.3870717812574984,0.00153418529062676,0.396461470070239,6,P07900,HSP90AA1,Heat shock protein HSP 90-alpha,HS90A_HUMAN,61,161.5472826624571,2.615472826624571,LPS,LPS+Nigericin,NA,NA,NA,LPS+Nigericin,LPS,-0.35524963459204495,-1.0318221466654536,Robust
LPS+Nigericin / Unstim,Cont_P68103_C234_M1_24,Cont_P68103;P68104,Nitrosyl,0.6420010719651997,0.6420010719651997,0.00154100195934448,0.39680373413781106,6,Cont_P68103;P68104,EEF1A1,Elongation factor 1-alpha 1,EF1A1_BOVIN;EF1A1_HUMAN,61,-35.917651407093466,0.6408234859290654,Unstim,LPS+Nigericin,NA,NA,NA,LPS+Nigericin,Unstim,-0.4268423929717123,1.068843464936912,Robust
LPS+Nigericin / Unstim,P68104_C234_M1_24,Cont_P68103;P68104,Nitrosyl,0.6420010719651997,0.6420010719651997,0.00154100195934448,0.39680373413781106,6,Cont_P68103;P68104,EEF1A1,Elongation factor 1-alpha 1,EF1A1_BOVIN;EF1A1_HUMAN,61,-35.917651407093466,0.6408234859290654,Unstim,LPS+Nigericin,NA,NA,NA,LPS+Nigericin,Unstim,-0.4268423929717123,1.068843464936912,Robust
P3C4+Nigericin / Unstim,P13010_T293_M1_19,P13010,HexNAc (ST),-2.9957945314085235,2.9957945314085235,0.00155825801973978,0.397703192266276,5,P13010,XRCC5,X-ray repair cross-complementing protein 5,XRCC5_HUMAN,77,697.6713886523769,7.976713886523769,Unstim,P3C4+Nigericin,NA,NA,NA,P3C4+Nigericin,Unstim,-1.2814058265343584,-1.714388704874165,Robust
P3C4+Nigericin / Unstim,P54819_S228_M1_19,P54819,HexNAc (ST),-2.943879572583782,2.943879572583782,0.00156751495334961,0.3979711795320307,5,P54819,AK2,"Adenylate kinase 2, mitochondrial",KAD2_HUMAN,37,669.4777297253834,7.694777297253834,Unstim,P3C4+Nigericin,NA,NA,NA,P3C4+Nigericin,Unstim,-1.595447348222533,-1.348432224361249,Robust
LPS+Nigericin / LPS,Q04760_Y136_M2_31,Q04760,Sulfo (STY),-7.143677598112823,7.143677598112823,0.0015925935919856,0.3981841645778076,6,Q04760,GLO1,Lactoylglutathione lyase,LGUL_HUMAN,31,14040.385072774452,141.40385072774453,LPS,LPS+Nigericin,NA,NA,NA,LPS+Nigericin,LPS,-0.833373170223219,-6.310304427889603,Robust
P3C4+Nigericin / Unstim,Q9UKM9_S135_M1_28,Q9UKM9,Phospho (STY),-1.5914113044612117,1.5914113044612117,0.00159230718954729,0.3981841645778076,6,Q9UKM9,RALY,RNA-binding protein Raly,RALY_HUMAN,29,201.34399260470252,3.0134399260470253,Unstim,P3C4+Nigericin,NA,NA,NA,P3C4+Nigericin,Unstim,-0.9410864020578578,-0.6503249024033539,Robust
P3C4+Nigericin / P3C4,O60318_K1813_M1_17,O60318,GlyGly (K),-2.9537584720829244,2.9537584720829244,0.00172127295137754,0.400279347854168,6,O60318,MCM3AP,Germinal-center associated nuclear protein,GANP_HUMAN,38,674.7648337375927,7.747648337375927,P3C4,P3C4+Nigericin,NA,NA,NA,P3C4+Nigericin,P3C4,-0.5640746708387702,-2.3896838012441544,Robust
P3C4+Nigericin / P3C4,O14497_S363_M1_28,O14497,Phospho (STY),-1.5879805669841154,1.5879805669841154,0.00176406712866642,0.400982862512031,6,O14497,ARID1A,AT-rich interactive domain-containing protein 1A,ARI1A_HUMAN,65,200.62824614135053,3.0062824614135053,P3C4,P3C4+Nigericin,NA,NA,NA,P3C4+Nigericin,P3C4,-0.9083498606540128,-0.6796307063301026,Robust
P3C4+Nigericin / P3C4,P05107_C447_M2_24,P05107,Nitrosyl,1.1297457229629209,1.1297457229629209,0.00175287861745701,0.400982862512031,6,P05107,ITGB2,Integrin beta-2,ITB2_HUMAN,73,-54.300373574652824,0.4569962642534718,P3C4,P3C4+Nigericin,NA,NA,NA,P3C4+Nigericin,P3C4,-0.03581221486589295,1.165557937828814,Robust
P3C4+Nigericin / P3C4,P05107_C445_M2_24,P05107,Nitrosyl,1.1297457229629209,1.1297457229629209,0.00175288078755383,0.400982862512031,6,P05107,ITGB2,Integrin beta-2,ITB2_HUMAN,73,-54.300373574652824,0.4569962642534718,P3C4,P3C4+Nigericin,NA,NA,NA,P3C4+Nigericin,P3C4,-0.03581221486589295,1.165557937828814,Robust
P3C4+Nigericin / Unstim,P13489_R257_M1_22,P13489,Methyl (KR),-1.5128716977842658,1.5128716977842658,0.001774878457789,0.400982862512031,6,P13489,RNH1,Ribonuclease inhibitor,RINI_HUMAN,45,185.37752073028665,2.853775207302866,Unstim,P3C4+Nigericin,NA,NA,NA,P3C4+Nigericin,Unstim,-0.785966754475838,-0.7269049433084278,Robust
P3C4+Nigericin / Unstim,Q5JTV8_S143_M1_28,Q5JTV8,Phospho (STY),-1.8695107767287709,1.8695107767287709,0.00183117246477927,0.400982862512031,6,Q5JTV8,TOR1AIP1,Torsin-1A-interacting protein 1,TOIP1_HUMAN,47,265.4086476441716,3.654086476441716,Unstim,P3C4+Nigericin,NA,NA,NA,P3C4+Nigericin,Unstim,-0.6151343718895943,-1.2543764048391766,Robust
LPS+Nigericin / Unstim,P10809_K387_M1_17,P10809,GlyGly (K),-0.6407517036979818,0.6407517036979818,0.00198795940939837,0.40167543217569907,6,P10809,HSPD1,"60 kDa heat shock protein, mitochondrial",CH60_HUMAN,115,55.9141324737731,1.559141324737731,Unstim,LPS+Nigericin,NA,NA,NA,LPS+Nigericin,Unstim,0.15437479457499362,-0.7951264982729754,Robust
P3C4 / Unstim,P20273_T291_M1_19,P20273,HexNAc (ST),-2.3282141149866957,2.3282141149866957,0.00195848044877368,0.40167543217569907,4,P20273,CD22,B-cell receptor CD22,CD22_HUMAN,25,402.1833216160842,5.021833216160841,Unstim,P3C4,NA,NA,NA,P3C4,Unstim,-0.273725081408395,-2.054489033578301,Robust
P3C4+Nigericin / P3C4,Q58FG1_K52_M1_10,Q58FG1,Crotonyl,-3.5670922373099616,3.5670922373099616,0.00195843823227527,0.40167543217569907,6,Q58FG1,HSP90AA4P,Putative heat shock protein HSP 90-alpha A4,HS904_HUMAN,7,1085.2276123732802,11.852276123732802,P3C4,P3C4+Nigericin,NA,NA,NA,P3C4+Nigericin,P3C4,-0.8036183857902826,-2.763473851519679,Robust
LPS+Nigericin / Unstim,Q9UKV3_C1223_M1_23,Q9UKV3,Myristoyl,5.245336456249623,5.245336456249623,0.00196050605277248,0.40167543217569907,6,Q9UKV3,ACIN1,Apoptotic chromatin condensation inducer in the nucleus,ACINU_HUMAN,80,-97.36369053227936,0.02636309467720659,Unstim,LPS+Nigericin,NA,NA,NA,LPS+Nigericin,Unstim,-0.5357375917406759,5.781074047990299,Robust
P3C4+Nigericin / Unstim,Q9UNP9_C252_M1_24,Q9UNP9,Nitrosyl,-1.7577809018787658,1.7577809018787658,0.00208760286614257,0.40167543217569907,6,Q9UNP9,PPIE,Peptidyl-prolyl cis-trans isomerase E,PPIE_HUMAN,20,238.1775529577147,3.3817755295771472,Unstim,P3C4+Nigericin,NA,NA,NA,P3C4+Nigericin,Unstim,-0.9530244197853646,-0.8047564820934012,Robust
P3C4+Nigericin / P3C4,Cont_Q3SYV4_C93_M2_23,Cont_Q3SYV4,Myristoyl,-3.116178023418732,3.116178023418732,0.0020619030554814,0.40167543217569907,4,Cont_Q3SYV4,CAP1,Adenylyl cyclase-associated protein 1,CAP1_BOVIN,11,767.0877624097059,8.67087762409706,P3C4,P3C4+Nigericin,NA,NA,NA,P3C4+Nigericin,P3C4,-1.1055893736470572,-2.010588649771675,Robust
LPS / Unstim,P17980_K327_M1_10,P17980,Crotonyl,0.9985610060782169,0.9985610060782169,0.00211888518064407,0.4019543798743056,6,P17980,PSMC3,26S proteasome regulatory subunit 6A,PRS6A_HUMAN,49,-49.95010339084871,0.5004989660915129,Unstim,LPS,NA,NA,NA,LPS,Unstim,-0.05858090463589547,1.0571419107141122,Robust
P3C4+Nigericin / P3C4,O43598_R48_M1_22,O43598,Methyl (KR),-4.790682444019922,4.790682444019922,0.0021495939585848,0.4027302994634221,5,O43598,DNPH1,2'-deoxynucleoside 5'-phosphate N-hydrolase 1,DNPH1_HUMAN,12,2667.828107779176,27.678281077791755,P3C4,P3C4+Nigericin,NA,NA,NA,P3C4+Nigericin,P3C4,-1.250177625253318,-3.5405048187666033,Robust
LPS+Nigericin / Unstim,Q7KZF4_K116_M1_13,Q7KZF4,Dimethyl (KR),2.643337020820933,2.643337020820933,0.00214553135281804,0.4027302994634221,6,Q7KZF4,SND1,Staphylococcal nuclease domain-containing protein 1,SND1_HUMAN,85,-83.99424119593422,0.16005758804065778,Unstim,LPS+Nigericin,NA,NA,NA,LPS+Nigericin,Unstim,-1.0868608004505615,3.7301978212714944,Robust
LPS+Nigericin / Unstim,Q9BSJ8_C522_M1_23,Q9BSJ8,Myristoyl,0.6407436064981651,0.6407436064981651,0.00214080225249172,0.4027302994634221,6,Q9BSJ8,ESYT1,Extended synaptotagmin-1,ESYT1_HUMAN,79,-35.861772329382106,0.641382276706179,Unstim,LPS+Nigericin,NA,NA,NA,LPS+Nigericin,Unstim,-0.09002160838203399,0.7307652148801991,Robust
LPS+Nigericin / Unstim,P07339_S333_M3_31,P07339,Sulfo (STY),-8.258157867472418,8.258157867472418,0.00215108874610357,0.4027302994634221,4,P07339,CTSD,Cathepsin D,CATD_HUMAN,32,30516.33681887786,306.1633681887786,Unstim,LPS+Nigericin,NA,NA,NA,LPS+Nigericin,Unstim,-0.3376611507752764,-7.920496716697142,Robust
P3C4+Nigericin / P3C4,Cont_P68103_C370_M2_24,Cont_P68103;P68104,Nitrosyl,-1.6785679162622076,1.6785679162622076,0.0022078793088017,0.4027832602401707,6,Cont_P68103;P68104,EEF1A1,Elongation factor 1-alpha 1,EF1A1_BOVIN;EF1A1_HUMAN,61,220.11003770843067,3.2011003770843067,P3C4,P3C4+Nigericin,NA,NA,NA,P3C4+Nigericin,P3C4,-0.8863824753020725,-0.7921854409601351,Robust
P3C4+Nigericin / P3C4,Cont_P68103_C363_M2_24,Cont_P68103;P68104,Nitrosyl,-1.6785679162622076,1.6785679162622076,0.00220788024671308,0.4027832602401707,6,Cont_P68103;P68104,EEF1A1,Elongation factor 1-alpha 1,EF1A1_BOVIN;EF1A1_HUMAN,61,220.11003770843067,3.2011003770843067,P3C4,P3C4+Nigericin,NA,NA,NA,P3C4+Nigericin,P3C4,-0.8863824753020725,-0.7921854409601351,Robust
P3C4+Nigericin / P3C4,P68104_C370_M2_24,Cont_P68103;P68104,Nitrosyl,-1.6785679162622076,1.6785679162622076,0.0022078793088017,0.4027832602401707,6,Cont_P68103;P68104,EEF1A1,Elongation factor 1-alpha 1,EF1A1_BOVIN;EF1A1_HUMAN,61,220.11003770843067,3.2011003770843067,P3C4,P3C4+Nigericin,NA,NA,NA,P3C4+Nigericin,P3C4,-0.8863824753020725,-0.7921854409601351,Robust
P3C4+Nigericin / P3C4,P68104_C363_M2_24,Cont_P68103;P68104,Nitrosyl,-1.6785679162622076,1.6785679162622076,0.00220788024671308,0.4027832602401707,6,Cont_P68103;P68104,EEF1A1,Elongation factor 1-alpha 1,EF1A1_BOVIN;EF1A1_HUMAN,61,220.11003770843067,3.2011003770843067,P3C4,P3C4+Nigericin,NA,NA,NA,P3C4+Nigericin,P3C4,-0.8863824753020725,-0.7921854409601351,Robust
P3C4+Nigericin / Unstim,P04150_C302_M1_24,P04150,Nitrosyl,-2.176656889854973,2.176656889854973,0.00223661138830222,0.4027832602401707,6,P04150,NR3C1,Glucocorticoid receptor,GCR_HUMAN,33,352.1046918896121,4.521046918896121,Unstim,P3C4+Nigericin,NA,NA,NA,P3C4+Nigericin,Unstim,-1.4092021971968287,-0.7674546926581445,Robust
P3C4+Nigericin / P3C4,Q15942_S344_M1_28,Q15942,Phospho (STY),-2.606472615470567,2.606472615470567,0.00224776123185913,0.4027832602401707,6,Q15942,ZYX,Zyxin,ZYX_HUMAN,42,509.0128274401705,6.090128274401705,P3C4,P3C4+Nigericin,NA,NA,NA,P3C4+Nigericin,P3C4,-1.372666386605404,-1.233806228865163,Robust
LPS+Nigericin / LPS,Q7KZF4_K116_M1_13,Q7KZF4,Dimethyl (KR),1.988990353486312,1.988990353486312,0.00220282441048373,0.4027832602401707,6,Q7KZF4,SND1,Staphylococcal nuclease domain-containing protein 1,SND1_HUMAN,85,-74.80848754841726,0.2519151245158274,LPS,LPS+Nigericin,NA,NA,NA,LPS+Nigericin,LPS,-0.40983435500688176,2.3988247084931937,Robust
P3C4+Nigericin / P3C4,P09429_K112_M2_10,P09429,Crotonyl,-4.0755166518921175,4.0755166518921175,0.00231094075343239,0.4037983713038949,5,P09429,HMGB1,High mobility group protein B1,HMGB1_HUMAN,31,1585.9813259849843,16.859813259849844,P3C4,P3C4+Nigericin,NA,NA,NA,P3C4+Nigericin,P3C4,-1.665957649188704,-2.4095590027034133,Robust
P3C4+Nigericin / Unstim,P62753_Y48_M1_31,P62753,Sulfo (STY),-1.6187658741393005,1.6187658741393005,0.00228459303864797,0.4037983713038949,6,P62753,RPS6,Small ribosomal subunit protein eS6,RS6_HUMAN,25,207.11221059636608,3.071122105963661,Unstim,P3C4+Nigericin,NA,NA,NA,P3C4+Nigericin,Unstim,-1.0016806391512674,-0.6170852349880331,Robust
P3C4+Nigericin / P3C4,P10809_K58_M2_13,P10809,Dimethyl (KR),-1.8545413833405635,1.8545413833405635,0.00247544675818341,0.4058590503535069,4,P10809,HSPD1,"60 kDa heat shock protein, mitochondrial",CH60_HUMAN,115,261.6367724544963,3.6163677245449626,P3C4,P3C4+Nigericin,NA,NA,NA,P3C4+Nigericin,P3C4,-0.1291976072910422,-1.7253437760495214,Robust
P3C4+Nigericin / Unstim,Q15181_K288_M1_10,Q15181,Crotonyl,-5.870259259530245,5.870259259530245,0.00251714879033067,0.4067678334287668,4,Q15181,PPA1,Inorganic pyrophosphatase,IPYR_HUMAN,19,5749.572384499114,58.49572384499115,Unstim,P3C4+Nigericin,NA,NA,NA,P3C4+Nigericin,Unstim,-1.053276335433832,-4.816982924096413,Robust
LPS / Unstim,O00232_K330_M1_22,O00232,Methyl (KR),-1.2905955231995008,1.2905955231995008,0.00261591549589908,0.4091044588196052,4,O00232,PSMD12,26S proteasome non-ATPase regulatory subunit 12,PSD12_HUMAN,42,144.6290139428871,2.446290139428871,Unstim,LPS,NA,NA,NA,LPS,Unstim,-0.4004926284067145,-0.8901028947927863,Robust
P3C4+Nigericin / P3C4,P55010_C59_M1_24,P55010,Nitrosyl,-3.3785756560936577,3.3785756560936577,0.00264852623148323,0.41009402090317776,6,P55010,EIF5,Eukaryotic translation initiation factor 5,IF5_HUMAN,36,940.0461605741498,10.400461605741498,P3C4,P3C4+Nigericin,NA,NA,NA,P3C4+Nigericin,P3C4,-1.4215097609820335,-1.9570658951116242,Robust
P3C4+Nigericin / P3C4,P23528_C139_M1_24,P23528,Nitrosyl,-3.885210516929008,3.885210516929008,0.00280866527922325,0.41368361702018847,6,P23528,CFL1,Cofilin-1,COF1_HUMAN,38,1377.6272956528976,14.776272956528976,P3C4,P3C4+Nigericin,NA,NA,NA,P3C4+Nigericin,P3C4,-0.9294502168446264,-2.9557603000843815,Robust
LPS+Nigericin / LPS,P55209_T39_M1_31,P55209,Sulfo (STY),-1.762887962895148,1.762887962895148,0.00281561243055592,0.41368361702018847,6,P55209,NAP1L1,Nucleosome assembly protein 1-like 1,NP1L1_HUMAN,18,239.37680426609904,3.3937680426609904,LPS,LPS+Nigericin,NA,NA,NA,LPS+Nigericin,LPS,-0.7349107025637109,-1.027977260331437,Robust
P3C4+Nigericin / P3C4,Q9BTZ2_T38_M2_31,Q9BTZ2,Sulfo (STY),-3.0158311802396596,3.0158311802396596,0.00281778331703253,0.41368361702018847,5,Q9BTZ2,DHRS4,Dehydrogenase/reductase SDR family member 4,DHRS4_HUMAN,19,708.8270126804641,8.088270126804641,P3C4,P3C4+Nigericin,NA,NA,NA,P3C4+Nigericin,P3C4,-0.20335044812094963,-2.81248073211871,Robust
P3C4+Nigericin / P3C4,Q5JTV8_S143_M1_28,Q5JTV8,Phospho (STY),-1.8567741809039828,1.8567741809039828,0.00287490113004627,0.4148850452877102,6,Q5JTV8,TOR1AIP1,Torsin-1A-interacting protein 1,TOIP1_HUMAN,47,262.1968955858309,3.621968955858309,P3C4,P3C4+Nigericin,NA,NA,NA,P3C4+Nigericin,P3C4,-0.3994361705881473,-1.4573380103158355,Robust
LPS+Nigericin / LPS,Q8N392_T327_M1_19,Q8N392,HexNAc (ST),-4.889888658059346,4.889888658059346,0.00292740164853214,0.41606521879138975,6,Q8N392,ARHGAP18,Rho GTPase-activating protein 18,RHG18_HUMAN,43,2864.852972681978,29.64852972681978,LPS,LPS+Nigericin,NA,NA,NA,LPS+Nigericin,LPS,-0.7886988424206409,-4.101189815638705,Robust
LPS+Nigericin / LPS,Q8N392_K317_M1_18,Q8N392,Hex (K),-4.889888658059346,4.889888658059346,0.00292740164853214,0.41606521879138975,6,Q8N392,ARHGAP18,Rho GTPase-activating protein 18,RHG18_HUMAN,43,2864.852972681978,29.64852972681978,LPS,LPS+Nigericin,NA,NA,NA,LPS+Nigericin,LPS,-0.7886988424206409,-4.101189815638705,Robust
P3C4+Nigericin / Unstim,P11940_R493_M1_13,P11940,Dimethyl (KR),-1.501996137187971,1.501996137187971,0.00302912180275195,0.41655190746009224,6,P11940,PABPC1,Polyadenylate-binding protein 1,PABP1_HUMAN,56,183.23432928275105,2.8323432928275105,Unstim,P3C4+Nigericin,NA,NA,NA,P3C4+Nigericin,Unstim,-0.7593219465848657,-0.7426741906031054,Robust
LPS+Nigericin / LPS,P14868_T220_M1_28,P14868,Phospho (STY),-7.103305862417264,7.103305862417264,0.00300665131593508,0.41655190746009224,5,P14868,DARS1,"Aspartate--tRNA ligase, cytoplasmic",SYDC_HUMAN,44,13650.172069715569,137.50172069715566,LPS,LPS+Nigericin,NA,NA,NA,LPS+Nigericin,LPS,-0.4158499842952371,-6.687455878122027,Robust
LPS+Nigericin / LPS,P09382_Y120_M1_31,P09382,Sulfo (STY),-1.4528572612498878,1.4528572612498878,0.00320258632568985,0.416583721846147,6,P09382,LGALS1,Galectin-1,LEG1_HUMAN,23,173.74967676954557,2.737496767695456,LPS,LPS+Nigericin,NA,NA,NA,LPS+Nigericin,LPS,-0.6702363749898812,-0.7826208862600066,Robust
P3C4+Nigericin / Unstim,P14866_K264_M1_32,P14866,Trimethyl (K),-2.4555532721766373,2.4555532721766373,0.00315952448522044,0.416583721846147,6,P14866,HNRNPL,Heterogeneous nuclear ribonucleoprotein L,HNRPL_HUMAN,42,448.5234398786713,5.485234398786713,Unstim,P3C4+Nigericin,NA,NA,NA,P3C4+Nigericin,Unstim,-1.865796751753303,-0.5897565204233344,Robust
P3C4+Nigericin / Unstim,P49588_K898_M1_17,P49588,GlyGly (K),-1.956451549813902,1.956451549813902,0.0032020581442732,0.416583721846147,6,P49588,AARS1,"Alanine--tRNA ligase, cytoplasmic",SYAC_HUMAN,62,288.106218680471,3.88106218680471,Unstim,P3C4+Nigericin,NA,NA,NA,P3C4+Nigericin,Unstim,-0.917109050923792,-1.0393424988901099,Robust
P3C4+Nigericin / Unstim,Q68CZ2_C615_M1_24,Q68CZ2,Nitrosyl,-1.994242138075799,1.994242138075799,0.00309475342268736,0.416583721846147,6,Q68CZ2,TNS3,Tensin-3,TENS3_HUMAN,69,298.4067631518725,3.984067631518725,Unstim,P3C4+Nigericin,NA,NA,NA,P3C4+Nigericin,Unstim,-1.269747380156519,-0.7244947579192802,Robust
P3C4+Nigericin / P3C4,Q8NB37_C94_M1_24,Q8NB37,Nitrosyl,6.255956160525072,6.255956160525072,0.00314961778419845,0.416583721846147,6,Q8NB37,GATD1,Glutamine amidotransferase-like class 1 domain-containing protein 1,GALD1_HUMAN,9,-98.6915126025929,0.01308487397407096,P3C4,P3C4+Nigericin,NA,NA,NA,P3C4+Nigericin,P3C4,-0.7335384637480024,6.989494624273074,Robust
P3C4+Nigericin / Unstim,Q8NB37_C94_M1_24,Q8NB37,Nitrosyl,6.38038521486795,6.38038521486795,0.00321003736155617,0.416583721846147,6,Q8NB37,GATD1,Glutamine amidotransferase-like class 1 domain-containing protein 1,GALD1_HUMAN,9,-98.79963681710552,0.01200363182894471,Unstim,P3C4+Nigericin,NA,NA,NA,P3C4+Nigericin,Unstim,-0.7130244155510558,7.093409630419005,Robust
P3C4+Nigericin / P3C4,P06576_R345_M1_22,P06576,Methyl (KR),-1.4400724857775595,1.4400724857775595,0.00325598078634372,0.4167283806981183,6,P06576,ATP5F1B,"ATP synthase subunit beta, mitochondrial",ATPB_HUMAN,56,171.3344978909908,2.713344978909908,P3C4,P3C4+Nigericin,NA,NA,NA,P3C4+Nigericin,P3C4,0.2682517757283792,-1.7083242615059389,Robust
P3C4+Nigericin / P3C4,P06280_T420_M2_31,P06280,Sulfo (STY),-2.4336502709766936,2.4336502709766936,0.00330476959070178,0.4175346664566525,6,P06280,GLA,Alpha-galactosidase A,AGAL_HUMAN,11,440.25865184754673,5.402586518475467,P3C4,P3C4+Nigericin,NA,NA,NA,P3C4+Nigericin,P3C4,-1.1066039704390582,-1.3270463005376354,Robust
P3C4+Nigericin / Unstim,P42224_K525_M1_0,P42224,Acetyl (K),-2.016623120719124,2.016623120719124,0.00332569781787312,0.41799070734509297,6,P42224,STAT1,Signal transducer and activator of transcription 1-alpha/beta,STAT1_HUMAN,55,304.6355625174745,4.046355625174745,Unstim,P3C4+Nigericin,NA,NA,NA,P3C4+Nigericin,Unstim,-1.3670467230432235,-0.6495763976759006,Robust
P3C4+Nigericin / Unstim,Q15365_K115_M1_32,Q15365,Trimethyl (K),-2.2245091148991465,2.2245091148991465,0.00343523193006245,0.4184200937186366,6,Q15365,PCBP1,Poly(rC)-binding protein 1,PCBP1_HUMAN,16,367.3518532715665,4.673518532715665,Unstim,P3C4+Nigericin,NA,NA,NA,P3C4+Nigericin,Unstim,-0.944912044142004,-1.2795970707571425,Robust
P3C4+Nigericin / Unstim,P13489_K287_M1_17,P13489,GlyGly (K),-1.5908991431358892,1.5908991431358892,0.00346762079130176,0.4185008492865786,6,P13489,RNH1,Ribonuclease inhibitor,RINI_HUMAN,45,201.23703351599565,3.0123703351599564,Unstim,P3C4+Nigericin,NA,NA,NA,P3C4+Nigericin,Unstim,-0.785966754475838,-0.8049323886600512,Robust
LPS+Nigericin / Unstim,P09429_K146_M2_32,P09429,Trimethyl (K),0.5122047957738841,0.5122047957738841,0.00353170981558861,0.4203603944649718,6,P09429,HMGB1,High mobility group protein B1,HMGB1_HUMAN,31,-29.884991253186374,0.7011500874681362,Unstim,LPS+Nigericin,NA,NA,NA,LPS+Nigericin,Unstim,-1.184158230735747,1.6963630265096312,Robust
LPS+Nigericin / Unstim,P09429_K141_M2_32,P09429,Trimethyl (K),0.5122047957738841,0.5122047957738841,0.00353170981558861,0.4203603944649718,6,P09429,HMGB1,High mobility group protein B1,HMGB1_HUMAN,31,-29.884991253186374,0.7011500874681362,Unstim,LPS+Nigericin,NA,NA,NA,LPS+Nigericin,Unstim,-1.184158230735747,1.6963630265096312,Robust
LPS / Unstim,P55735_R239_M1_22,P55735,Methyl (KR),6.1725825557844285,6.1725825557844285,0.00354243043113902,0.4203603944649718,6,P55735,SEC13,Protein SEC13 homolog,SEC13_HUMAN,13,-98.6136671954419,0.01386332804558102,Unstim,LPS,NA,NA,NA,LPS,Unstim,-0.36127565134017914,6.533858207124608,Robust
LPS / Unstim,P46776_C70_M1_24,P46776,Nitrosyl,2.7072031019445375,2.7072031019445375,0.00355904713822043,0.42039193262857955,6,P46776,RPL27A,Large ribosomal subunit protein uL15,RL27A_HUMAN,13,-84.68733921228385,0.15312660787716165,Unstim,LPS,NA,NA,NA,LPS,Unstim,-0.6688729985386834,3.376076100483221,Robust
LPS+Nigericin / Unstim,P68402_K207_M1_0,P68402,Acetyl (K),-1.7101039753019194,1.7101039753019194,0.00361669124150668,0.4208029750787128,6,P68402,PAFAH1B2,Platelet-activating factor acetylhydrolase IB subunit alpha2,PA1B2_HUMAN,13,227.18440281463313,3.2718440281463312,Unstim,LPS+Nigericin,NA,NA,NA,LPS+Nigericin,Unstim,-0.798584050660977,-0.9115199246409423,Robust
LPS+Nigericin / LPS,Q6NXR4_K97_M1_32,Q6NXR4,Trimethyl (K),-0.775475304795648,0.775475304795648,0.00362264435676206,0.4208029750787128,5,Q6NXR4,TTI2,TELO2-interacting protein 2,TTI2_HUMAN,11,71.17539063787461,1.711753906378746,LPS,LPS+Nigericin,NA,NA,NA,LPS+Nigericin,LPS,-0.01306168650306176,-0.7624136182925862,Robust
LPS+Nigericin / LPS,Q14103_S190_M1_31,Q14103,Sulfo (STY),-2.3999347575837526,2.3999347575837526,0.00365002955503453,0.42129326939833694,6,Q14103,HNRNPD,Heterogeneous nuclear ribonucleoprotein D0,HNRPD_HUMAN,45,427.77929621912153,5.277792962191215,LPS,LPS+Nigericin,NA,NA,NA,LPS+Nigericin,LPS,-0.7727431715561311,-1.6271915860276214,Robust
LPS+Nigericin / LPS,P11021_S354_M1_28,P11021,Phospho (STY),2.675907625210047,2.675907625210047,0.00371441660455255,0.42199781048340856,5,P11021,HSPA5,Endoplasmic reticulum chaperone BiP,BIP_HUMAN,92,-84.35154233871715,0.1564845766128284,LPS,LPS+Nigericin,NA,NA,NA,LPS+Nigericin,LPS,0.20477032297503003,2.4711373022350167,Robust
P3C4 / Unstim,P62899_T26_M1_19,P62899,HexNAc (ST),1.8343667068242928,1.8343667068242928,0.00376216908235117,0.42220873798169434,6,P62899,RPL31,Large ribosomal subunit protein eL31,RL31_HUMAN,14,-71.95854152110002,0.2804145847889998,Unstim,P3C4,NA,NA,NA,P3C4,Unstim,-0.02009727877949124,1.8544639856037841,Robust
P3C4+Nigericin / P3C4,Q8NHG8_K194_M1_13,Q8NHG8,Dimethyl (KR),-2.0713154566653795,2.0713154566653795,0.00383946566964509,0.4226215709433055,6,Q8NHG8,ZNRF2,E3 ubiquitin-protein ligase ZNRF2,ZNRF2_HUMAN,13,320.2697028481186,4.202697028481186,P3C4,P3C4+Nigericin,NA,NA,NA,P3C4+Nigericin,P3C4,-1.216348266248076,-0.8549671904173035,Robust
P3C4+Nigericin / P3C4,P10809_Y223_M2_31,P10809,Sulfo (STY),12.331898642575728,12.331898642575728,0.00390223943210112,0.4240522924422868,6,P10809,HSPD1,"60 kDa heat shock protein, mitochondrial",CH60_HUMAN,115,-99.98060326622236,1.9396733777646e-4,P3C4,P3C4+Nigericin,NA,NA,NA,P3C4+Nigericin,P3C4,-0.1291976072910422,12.46109624986677,Robust
LPS+Nigericin / LPS,Cont_P60712_K291_M2_22,Cont_P60712;P60709,Methyl (KR),2.2824214504548053,2.2824214504548053,0.00429796000303422,0.42483641592589294,6,Cont_P60712;P60709,ACTB,"Actin, cytoplasmic 1;Actin, cytoplasmic 1",ACTB_BOVIN;ACTB_HUMAN,68,-79.44475390572232,0.2055524609427768,LPS,LPS+Nigericin,NA,NA,NA,LPS+Nigericin,LPS,0.02326337243036709,2.2591580780244382,Robust
LPS+Nigericin / LPS,Cont_P60712_R290_M2_22,Cont_P60712;P60709,Methyl (KR),2.2824214504548053,2.2824214504548053,0.00429796000303422,0.42483641592589294,6,Cont_P60712;P60709,ACTB,"Actin, cytoplasmic 1;Actin, cytoplasmic 1",ACTB_BOVIN;ACTB_HUMAN,68,-79.44475390572232,0.2055524609427768,LPS,LPS+Nigericin,NA,NA,NA,LPS+Nigericin,LPS,0.02326337243036709,2.2591580780244382,Robust
LPS+Nigericin / LPS,P60709_K291_M2_22,Cont_P60712;P60709,Methyl (KR),2.2824214504548053,2.2824214504548053,0.00429796000303422,0.42483641592589294,6,Cont_P60712;P60709,ACTB,"Actin, cytoplasmic 1;Actin, cytoplasmic 1",ACTB_BOVIN;ACTB_HUMAN,68,-79.44475390572232,0.2055524609427768,LPS,LPS+Nigericin,NA,NA,NA,LPS+Nigericin,LPS,0.02326337243036709,2.2591580780244382,Robust
LPS+Nigericin / LPS,P60709_R290_M2_22,Cont_P60712;P60709,Methyl (KR),2.2824214504548053,2.2824214504548053,0.00429796000303422,0.42483641592589294,6,Cont_P60712;P60709,ACTB,"Actin, cytoplasmic 1;Actin, cytoplasmic 1",ACTB_BOVIN;ACTB_HUMAN,68,-79.44475390572232,0.2055524609427768,LPS,LPS+Nigericin,NA,NA,NA,LPS+Nigericin,LPS,0.02326337243036709,2.2591580780244382,Robust
P3C4+Nigericin / Unstim,Cont_Q2KJD0_K297_M1_13,Cont_Q2KJD0;P07437,Dimethyl (KR),-10.119074620731404,10.119074620731404,0.00442686482035003,0.42483641592589294,6,Cont_Q2KJD0;P07437,TUBB5;TUBB,Tubulin beta-5 chain;Tubulin beta chain,TBB5_BOVIN;TBB5_HUMAN,11,111110.29408532224,1112.1029408532224,Unstim,P3C4+Nigericin,NA,NA,NA,P3C4+Nigericin,Unstim,-0.07783520843510774,-10.041239412296296,Robust
P3C4+Nigericin / Unstim,P07437_K297_M1_13,Cont_Q2KJD0;P07437,Dimethyl (KR),-10.119074620731404,10.119074620731404,0.00442686482035003,0.42483641592589294,6,Cont_Q2KJD0;P07437,TUBB5;TUBB,Tubulin beta-5 chain;Tubulin beta chain,TBB5_BOVIN;TBB5_HUMAN,11,111110.29408532224,1112.1029408532224,Unstim,P3C4+Nigericin,NA,NA,NA,P3C4+Nigericin,Unstim,-0.07783520843510774,-10.041239412296296,Robust
LPS / Unstim,O60911_K133_M1_22,O60911,Methyl (KR),-7.3668889054252125,7.3668889054252125,0.00425008537347078,0.42483641592589294,6,O60911,CTSV,Cathepsin L2,CATL2_HUMAN,6,16406.482479565486,165.06482479565486,Unstim,LPS,NA,NA,NA,LPS,Unstim,-0.24003098083410743,-7.126857924591105,Robust
P3C4+Nigericin / Unstim,O60911_K133_M1_22,O60911,Methyl (KR),-7.899844192364719,7.899844192364719,0.00422837240472449,0.42483641592589294,6,O60911,CTSV,Cathepsin L2,CATL2_HUMAN,6,23783.065129790863,238.83065129790864,Unstim,P3C4+Nigericin,NA,NA,NA,P3C4+Nigericin,Unstim,-1.7604354056609466,-6.139408786703772,Robust
P3C4 / Unstim,O60911_K133_M1_22,O60911,Methyl (KR),-7.422475710553609,7.422475710553609,0.00424192374571659,0.42483641592589294,6,O60911,CTSV,Cathepsin L2,CATL2_HUMAN,6,17054.88578651516,171.54885786515158,Unstim,P3C4,NA,NA,NA,P3C4,Unstim,-0.6142680817813527,-6.808207628772257,Robust
P3C4+Nigericin / P3C4,P09651_K8_M1_23,P09651,Myristoyl,-3.314002231526705,3.314002231526705,0.00433287543080309,0.42483641592589294,6,P09651,HNRNPA1,Heterogeneous nuclear ribonucleoprotein A1,ROA1_HUMAN,46,894.5212734240407,9.945212734240409,P3C4,P3C4+Nigericin,NA,NA,NA,P3C4+Nigericin,P3C4,-1.3269576129596177,-1.9870446185670871,Robust
LPS+Nigericin / Unstim,P10147_C57_M1_24,P10147,Nitrosyl,9.033366220103153,9.033366220103153,0.00416251321104843,0.42483641592589294,6,P10147,CCL3,C-C motif chemokine 3,CCL3_HUMAN,9,-99.80915279414778,0.00190847205852218,Unstim,LPS+Nigericin,NA,NA,NA,LPS+Nigericin,Unstim,2.259971384799489,6.773394835303664,Robust
LPS / Unstim,P13010_T293_M1_19,P13010,HexNAc (ST),-2.9286452422867395,2.9286452422867395,0.00432474435729249,0.42483641592589294,5,P13010,XRCC5,X-ray repair cross-complementing protein 5,XRCC5_HUMAN,77,661.3950772535361,7.613950772535361,Unstim,LPS,NA,NA,NA,LPS,Unstim,-0.4594337464873128,-2.469211495799427,Robust
LPS / Unstim,P13010_K291_M1_17,P13010,GlyGly (K),-2.9286452422867395,2.9286452422867395,0.00432474539700953,0.42483641592589294,5,P13010,XRCC5,X-ray repair cross-complementing protein 5,XRCC5_HUMAN,77,661.3950772535361,7.613950772535361,Unstim,LPS,NA,NA,NA,LPS,Unstim,-0.4594337464873128,-2.469211495799427,Robust
P3C4 / Unstim,P13284_K233_M1_13,P13284,Dimethyl (KR),3.159141248633372,3.159141248633372,0.00436309233067585,0.42483641592589294,5,P13284,IFI30,Gamma-interferon-inducible lysosomal thiol reductase,GILT_HUMAN,9,-88.80552518479995,0.11194474815200046,Unstim,P3C4,NA,NA,NA,P3C4,Unstim,-0.3087044637622356,3.467845712395608,Robust
P3C4 / Unstim,P13501_C57_M1_24,P13501,Nitrosyl,4.752787239569409,4.752787239569409,0.00444095028009298,0.42483641592589294,6,P13501,CCL5,C-C motif chemokine 5,CCL5_HUMAN,6,-96.2909005508379,0.03709099449162104,Unstim,P3C4,NA,NA,NA,P3C4,Unstim,2.1305396526122915,2.622247586957118,Robust
P3C4+Nigericin / Unstim,P21333_S61_M1_31,P21333,Sulfo (STY),7.655482479204573,7.655482479204573,0.00419591226569709,0.42483641592589294,6,P21333,FLNA,Filamin-A,FLNA_HUMAN,25,-99.5040131726136,0.00495986827386381,Unstim,P3C4+Nigericin,NA,NA,NA,P3C4+Nigericin,Unstim,-0.768432785092571,8.423915264297143,Robust
LPS+Nigericin / Unstim,P36957_T244_M1_31,P36957,Sulfo (STY),1.1839621675008534,1.1839621675008534,0.00408326307105448,0.42483641592589294,4,P36957,DLST,"Dihydrolipoyllysine-residue succinyltransferase component of 2-oxoglutarate dehydrogenase complex, mitochondrial",ODO2_HUMAN,27,-55.98589513353196,0.44014104866468035,Unstim,LPS+Nigericin,NA,NA,NA,LPS+Nigericin,Unstim,0.10669981510010026,1.0772623524007532,Robust
LPS+Nigericin / LPS,P41226_T611_M1_31,P41226,Sulfo (STY),-2.0385475426973434,2.0385475426973434,0.00415504539808707,0.42483641592589294,5,P41226,UBA7,Ubiquitin-like modifier-activating enzyme 7,UBA7_HUMAN,30,310.83171070814603,4.108317107081461,LPS,LPS+Nigericin,NA,NA,NA,LPS+Nigericin,LPS,-0.4387265162704614,-1.599821026426882,Robust
P3C4 / Unstim,P62753_K14_M1_32,P62753,Trimethyl (K),-6.7124029274978945,6.7124029274978945,0.00417219569315476,0.42483641592589294,6,P62753,RPS6,Small ribosomal subunit protein eS6,RS6_HUMAN,25,10386.598105288758,104.86598105288758,Unstim,P3C4,NA,NA,NA,P3C4,Unstim,-0.17767122505148,-6.534731702446415,Robust
P3C4 / Unstim,P62899_S15_M1_28,P62899,Phospho (STY),10.960938722106226,10.960938722106226,0.00407187495218314,0.42483641592589294,6,P62899,RPL31,Large ribosomal subunit protein eL31,RL31_HUMAN,14,-99.94983178326318,5.0168216736826e-4,Unstim,P3C4,NA,NA,NA,P3C4,Unstim,-0.02009727877949124,10.981036000885718,Robust
P3C4+Nigericin / P3C4,P78324_K488_M1_13,P78324,Dimethyl (KR),-1.8545278765228876,1.8545278765228876,0.00400559574467929,0.42483641592589294,6,P78324,SIRPA,Tyrosine-protein phosphatase non-receptor type substrate 1,SHPS1_HUMAN,22,261.6333867500009,3.616333867500009,P3C4,P3C4+Nigericin,NA,NA,NA,P3C4+Nigericin,P3C4,-1.023470198717754,-0.8310576778051337,Robust
P3C4+Nigericin / P3C4,Q13232_K29_M1_22,Q13232,Methyl (KR),-1.0016607491013942,1.0016607491013942,0.00439556386348934,0.42483641592589294,6,Q13232,NME3,Nucleoside diphosphate kinase 3,NDK3_HUMAN,9,100.23036127546057,2.0023036127546057,P3C4,P3C4+Nigericin,NA,NA,NA,P3C4+Nigericin,P3C4,-0.26439430614623044,-0.7372664429551639,Robust
LPS / Unstim,Q8WUM4_K707_M1_32,Q8WUM4,Trimethyl (K),-4.30476138120625,4.30476138120625,0.00425402360458382,0.42483641592589294,6,Q8WUM4,PDCD6IP,Programmed cell death 6-interacting protein,PDC6I_HUMAN,69,1876.3429093146335,19.763429093146335,Unstim,LPS,NA,NA,NA,LPS,Unstim,-0.3041010234316217,-4.000660357774628,Robust
P3C4 / Unstim,Q8WUM4_K707_M1_32,Q8WUM4,Trimethyl (K),-4.072682195316137,4.072682195316137,0.00430569877492368,0.42483641592589294,6,Q8WUM4,PDCD6IP,Programmed cell death 6-interacting protein,PDC6I_HUMAN,69,1582.672137757226,16.82672137757226,Unstim,P3C4,NA,NA,NA,P3C4,Unstim,-0.07298834398753906,-3.999693851328598,Robust
P3C4+Nigericin / P3C4,Q92619_R1021_M1_13,Q92619,Dimethyl (KR),-2.4699561892651114,2.4699561892651114,0.00440215313646407,0.42483641592589294,6,Q92619,ARHGAP45,Rho GTPase-activating protein 45,HMHA1_HUMAN,48,454.0269626929284,5.540269626929284,P3C4,P3C4+Nigericin,NA,NA,NA,P3C4+Nigericin,P3C4,-0.7722664303502661,-1.6976897589148452,Robust
LPS+Nigericin / Unstim,Q9H1B7_R391_M1_22,Q9H1B7,Methyl (KR),-4.007503473004272,4.007503473004272,0.00434554010973063,0.42483641592589294,6,Q9H1B7,IRF2BPL,Probable E3 ubiquitin-protein ligase IRF2BPL,I2BPL_HUMAN,36,1508.3432958315343,16.083432958315342,Unstim,LPS+Nigericin,NA,NA,NA,LPS+Nigericin,Unstim,-1.005421680184417,-3.002081792819855,Robust
LPS / Unstim,Q9NRP2_S6_M2_19,Q9NRP2,HexNAc (ST),-4.39688182476731,4.39688182476731,0.00420517084916636,0.42483641592589294,4,Q9NRP2,CMC2,COX assembly mitochondrial protein 2 homolog,COXM2_HUMAN,7,2006.6545061960069,21.066545061960067,Unstim,LPS,NA,NA,NA,LPS,Unstim,-0.00955498603068888,-4.387326838736621,Robust
P3C4+Nigericin / P3C4,P07711_K123_M1_10,P07711,Crotonyl,-4.605878859509227,4.605878859509227,0.00438928297907391,0.42483641592589294,5,P07711,CTSL,Procathepsin L,CATL1_HUMAN,25,2335.048934107726,24.35048934107726,P3C4,P3C4+Nigericin,NA,NA,NA,P3C4+Nigericin,P3C4,-1.9091837383997208,-2.6966951211095065,Robust
LPS+Nigericin / LPS,P20645_K44_M1_0,P20645,Acetyl (K),1.368490857106889,1.368490857106889,0.00419208873572581,0.42483641592589294,6,P20645,M6PR,Cation-dependent mannose-6-phosphate receptor,MPRD_HUMAN,14,-61.270382912487385,0.38729617087512613,LPS,LPS+Nigericin,NA,NA,NA,LPS+Nigericin,LPS,-0.1800219042677736,1.5485127613746625,Robust
LPS+Nigericin / Unstim,P30101_R471_M1_13,P30101,Dimethyl (KR),0.6449349522656905,0.6449349522656905,0.00446944816796888,0.425193473748579,6,P30101,PDIA3,Protein disulfide-isomerase A3,PDIA3_HUMAN,92,-36.04783754818159,0.6395216245181841,Unstim,LPS+Nigericin,NA,NA,NA,LPS+Nigericin,Unstim,0.05063819108839763,0.5942967611772929,Robust
LPS+Nigericin / Unstim,P30101_Y467_M1_28,P30101,Phospho (STY),0.6449349522656905,0.6449349522656905,0.0044694555505584,0.425193473748579,6,P30101,PDIA3,Protein disulfide-isomerase A3,PDIA3_HUMAN,92,-36.04783754818159,0.6395216245181841,Unstim,LPS+Nigericin,NA,NA,NA,LPS+Nigericin,Unstim,0.05063819108839763,0.5942967611772929,Robust
LPS+Nigericin / LPS,P56211_T85_M1_28,P56211,Phospho (STY),-4.60142681385088,4.60142681385088,0.00449645566478017,0.4260214370972658,5,P56211,ARPP19,cAMP-regulated phosphoprotein 19,ARP19_HUMAN,10,2327.546143320526,24.275461433205265,LPS,LPS+Nigericin,NA,NA,NA,LPS+Nigericin,LPS,-1.0461413379863709,-3.555285475864509,Robust
P3C4+Nigericin / Unstim,Q14258_R203_M1_13,Q14258,Dimethyl (KR),-1.795848767629281,1.795848767629281,0.00455230815379552,0.4272770922778405,6,Q14258,TRIM25,E3 ubiquitin/ISG15 ligase TRIM25,TRI25_HUMAN,32,247.21969138009064,3.4721969138009063,Unstim,P3C4+Nigericin,NA,NA,NA,P3C4+Nigericin,Unstim,-1.1151737054288653,-0.6806750622004156,Robust
P3C4+Nigericin / Unstim,P01584_C187_M1_24,P01584,Nitrosyl,-1.6278086643488503,1.6278086643488503,0.00461276267762551,0.42736950116320455,6,P01584,IL1B,Interleukin-1 beta,IL1B_HUMAN,27,209.0432306637261,3.0904323066372608,Unstim,P3C4+Nigericin,NA,NA,NA,P3C4+Nigericin,Unstim,-0.3048942778456902,-1.32291438650316,Robust
LPS / Unstim,Q9Y3X0_R78_M2_13,Q9Y3X0,Dimethyl (KR),3.7279756981696224,3.7279756981696224,0.00459850129893423,0.42736950116320455,4,Q9Y3X0,CCDC9,Coiled-coil domain-containing protein 9,CCDC9_HUMAN,24,-92.45311917899554,0.07546880821004462,Unstim,LPS,NA,NA,NA,LPS,Unstim,-0.05388603184909296,3.7818617300187154,Robust
P3C4+Nigericin / P3C4,Q15365_K115_M1_32,Q15365,Trimethyl (K),-1.8507281697741305,1.8507281697741305,0.00461914574224178,0.42744534587724575,6,Q15365,PCBP1,Poly(rC)-binding protein 1,PCBP1_HUMAN,16,260.6821858061206,3.6068218580612057,P3C4,P3C4+Nigericin,NA,NA,NA,P3C4+Nigericin,P3C4,-1.1117979876422126,-0.7389301821319179,Robust
LPS+Nigericin / Unstim,O60493_T55_M1_31,O60493,Sulfo (STY),-2.830828660820413,2.830828660820413,0.00467689128933602,0.42754358392931935,6,O60493,SNX3,Sorting nexin-3,SNX3_HUMAN,24,611.4826918019961,7.114826918019961,Unstim,LPS+Nigericin,NA,NA,NA,LPS+Nigericin,Unstim,-0.7082945213012997,-2.1225341395191135,Robust
P3C4+Nigericin / Unstim,Q7Z6P3_S509_M1_28,Q7Z6P3,Phospho (STY),-2.388306379695738,2.388306379695738,0.00475137113764645,0.4276103311128951,6,Q7Z6P3,RAB44,Ras-related protein Rab-44,RAB44_HUMAN,54,423.54239949869816,5.235423994986982,Unstim,P3C4+Nigericin,NA,NA,NA,P3C4+Nigericin,Unstim,-1.650283274850932,-0.738023104844806,Robust
LPS+Nigericin / Unstim,Cont_P00760_K112_M2_0,Cont_P00760,Acetyl (K),11.969626997591442,11.969626997591442,0.00497686044207073,0.42951641254692774,5,Cont_P00760,PRSS1,Serine protease 1,TRY1_BOVIN,22,-99.97506650053722,2.4933499462771e-4,Unstim,LPS+Nigericin,NA,NA,NA,LPS+Nigericin,Unstim,-0.07056195579179171,12.040188953383234,Robust
LPS / Unstim,Cont_P00760_K172_M1_18,Cont_P00760,Hex (K),6.503581682689557,6.503581682689557,0.00490006686252453,0.42951641254692774,4,Cont_P00760,PRSS1,Serine protease 1,TRY1_BOVIN,22,-98.89788520048836,0.01102114799511632,Unstim,LPS,NA,NA,NA,LPS,Unstim,-0.07979931343397835,6.583380996123536,Robust
LPS+Nigericin / Unstim,P09525_K9_M1_10,P09525,Crotonyl,-5.040325903727242,5.040325903727242,0.00493241308885246,0.42951641254692774,5,P09525,ANXA4,Annexin A4,ANXA4_HUMAN,43,3190.7075297044057,32.90707529704406,Unstim,LPS+Nigericin,NA,NA,NA,LPS+Nigericin,Unstim,0.6299537789107617,-5.670279682638004,Robust
P3C4 / Unstim,P13284_C237_M1_24,P13284,Nitrosyl,3.1820585643534507,3.1820585643534507,0.0049406428856471,0.42951641254692774,6,P13284,IFI30,Gamma-interferon-inducible lysosomal thiol reductase,GILT_HUMAN,9,-88.98194529902719,0.11018054700972808,Unstim,P3C4,NA,NA,NA,P3C4,Unstim,-0.3087044637622356,3.490763028115686,Robust
P3C4+Nigericin / Unstim,P23246_K279_M1_32,P23246,Trimethyl (K),-2.7227928796050587,2.7227928796050587,0.00494815014092408,0.42951641254692774,6,P23246,SFPQ,"Splicing factor, proline- and glutamine-rich",SFPQ_HUMAN,63,560.1495456914104,6.601495456914104,Unstim,P3C4+Nigericin,NA,NA,NA,P3C4+Nigericin,Unstim,-1.4172259308783075,-1.3055669487267512,Robust
LPS+Nigericin / LPS,P51858_K96_M1_13,P51858,Dimethyl (KR),-4.030166678553385,4.030166678553385,0.00496056681200323,0.42951641254692774,6,P51858,HDGF,Hepatoma-derived growth factor,HDGF_HUMAN,29,1533.808148608017,16.33808148608017,LPS,LPS+Nigericin,NA,NA,NA,LPS+Nigericin,LPS,-1.139770028088762,-2.8903966504646235,Robust
P3C4+Nigericin / P3C4,Q01844_R486_M1_22,Q01844,Methyl (KR),-2.9975861172306586,2.9975861172306586,0.00498197378280245,0.42951641254692774,6,Q01844,EWSR1,RNA-binding protein EWS,EWS_HUMAN,19,698.6625783543179,7.986625783543179,P3C4,P3C4+Nigericin,NA,NA,NA,P3C4+Nigericin,P3C4,-1.5648742780787912,-1.4327118391518674,Robust
P3C4+Nigericin / Unstim,Q13151_K8_M1_32,Q13151,Trimethyl (K),-1.9139164865771676,1.9139164865771676,0.00485663656909271,0.42951641254692774,6,Q13151,HNRNPA0,Heterogeneous nuclear ribonucleoprotein A0,ROA0_HUMAN,26,276.8306952968267,3.7683069529682673,Unstim,P3C4+Nigericin,NA,NA,NA,P3C4+Nigericin,Unstim,-1.3027212877941303,-0.6111951987830373,Robust
P3C4+Nigericin / P3C4,Q68CZ2_C615_M1_24,Q68CZ2,Nitrosyl,-1.7313051767615997,1.7313051767615997,0.00496785215890685,0.42951641254692774,6,Q68CZ2,TNS3,Tensin-3,TENS3_HUMAN,69,232.02806150471972,3.320280615047197,P3C4,P3C4+Nigericin,NA,NA,NA,P3C4+Nigericin,P3C4,-1.0869301880507405,-0.6443749887108592,Robust
P3C4+Nigericin / P3C4,Q92974_C335_M1_24,Q92974,Nitrosyl,6.798356022597576,6.798356022597576,0.00486274271975096,0.42951641254692774,6,Q92974,ARHGEF2,Rho guanine nucleotide exchange factor 2,ARHG2_HUMAN,74,-99.10155620009982,0.00898443799900179,P3C4,P3C4+Nigericin,NA,NA,NA,P3C4+Nigericin,P3C4,-0.8117910380045309,7.610147060602107,Robust
P3C4+Nigericin / Unstim,Q9BSD7_R189_M1_13,Q9BSD7,Dimethyl (KR),-0.8927942969313615,0.8927942969313615,0.00498299737881107,0.42951641254692774,6,Q9BSD7,NTPCR,Cancer-related nucleoside-triphosphatase,NTPCR_HUMAN,14,85.67689429770826,1.8567689429770824,Unstim,P3C4+Nigericin,NA,NA,NA,P3C4+Nigericin,Unstim,-0.2679285301650564,-0.6248657667663051,Robust
P3C4+Nigericin / Unstim,Q9BSD7_C184_M1_24,Q9BSD7,Nitrosyl,-0.8927942969313615,0.8927942969313615,0.00498299737881107,0.42951641254692774,6,Q9BSD7,NTPCR,Cancer-related nucleoside-triphosphatase,NTPCR_HUMAN,14,85.67689429770826,1.8567689429770824,Unstim,P3C4+Nigericin,NA,NA,NA,P3C4+Nigericin,Unstim,-0.2679285301650564,-0.6248657667663051,Robust
LPS+Nigericin / LPS,P39687_S72_M1_31,P39687,Sulfo (STY),-3.015495747787473,3.015495747787473,0.00499400587324092,0.4297267536995769,6,P39687,ANP32A,Acidic leucine-rich nuclear phosphoprotein 32 family member A,AN32A_HUMAN,24,708.6389789775367,8.086389789775367,LPS,LPS+Nigericin,NA,NA,NA,LPS+Nigericin,LPS,-1.0586151757636757,-1.9568805720237972,Robust
LPS+Nigericin / LPS,P39687_K68_M1_0,P39687,Acetyl (K),-3.015495747787473,3.015495747787473,0.00499401096139565,0.4297267536995769,6,P39687,ANP32A,Acidic leucine-rich nuclear phosphoprotein 32 family member A,AN32A_HUMAN,24,708.6389789775367,8.086389789775367,LPS,LPS+Nigericin,NA,NA,NA,LPS+Nigericin,LPS,-1.0586151757636757,-1.9568805720237972,Robust
LPS / Unstim,P04075_K243_M1_32,P04075,Trimethyl (K),7.154338379018293,7.154338379018293,0.00500368020573533,0.42980983039320975,5,P04075,ALDOA,Fructose-bisphosphate aldolase A,ALDOA_HUMAN,60,-99.2980122253948,0.0070198777460522,Unstim,LPS,NA,NA,NA,LPS,Unstim,-0.19791943587607463,7.352257814894368,Robust
P3C4+Nigericin / P3C4,Q8WWM7_K186_M1_17,Q8WWM7,GlyGly (K),-3.279939400459831,3.279939400459831,0.00500352211842433,0.42980983039320975,6,Q8WWM7,ATXN2L,Ataxin-2-like protein,ATX2L_HUMAN,52,871.3151071504595,9.713151071504596,P3C4,P3C4+Nigericin,NA,NA,NA,P3C4+Nigericin,P3C4,-1.7047937921022662,-1.5751456083575646,Robust
P3C4+Nigericin / Unstim,Q01518_S91_M2_31,Q01518,Sulfo (STY),-0.7194854802222046,0.7194854802222046,0.00504098589880223,0.43031995512566384,5,Q01518,CAP1,Adenylyl cyclase-associated protein 1,CAP1_HUMAN,89,64.65946916791422,1.6465946916791423,Unstim,P3C4+Nigericin,NA,NA,NA,P3C4+Nigericin,Unstim,-1.4485805095523945,0.7290950293301899,Robust
P3C4+Nigericin / P3C4,P08133_K377_M2_32,P08133,Trimethyl (K),2.142411160011845,2.142411160011845,0.005157321477324,0.4309426261858551,6,P08133,ANXA6,Annexin A6,ANXA6_HUMAN,91,-77.34990761280187,0.22650092387198129,P3C4,P3C4+Nigericin,NA,NA,NA,P3C4+Nigericin,P3C4,0.686335853753669,1.4560753062581762,Robust
P3C4+Nigericin / P3C4,P08133_K374_M2_32,P08133,Trimethyl (K),2.142411160011845,2.142411160011845,0.005157321477324,0.4309426261858551,6,P08133,ANXA6,Annexin A6,ANXA6_HUMAN,91,-77.34990761280187,0.22650092387198129,P3C4,P3C4+Nigericin,NA,NA,NA,P3C4+Nigericin,P3C4,0.686335853753669,1.4560753062581762,Robust
LPS+Nigericin / Unstim,P17096_S44_M3_31,P17096,Sulfo (STY),4.46422130052939,4.46422130052939,0.00515250723376346,0.4309426261858551,5,P17096,HMGA1,High mobility group protein HMG-I/HMG-Y,HMGA1_HUMAN,13,-95.46961113429134,0.04530388865708654,Unstim,LPS+Nigericin,NA,NA,NA,LPS+Nigericin,Unstim,0.24756542243707697,4.216655878092313,Robust
P3C4 / Unstim,P04792_S82_M1_28,P04792,Phospho (STY),0.936349535392366,0.936349535392366,0.00526464285603826,0.4311805474162227,6,P04792,HSPB1,Heat shock protein beta-1,HSPB1_HUMAN,26,-47.74465692045885,0.5225534307954115,Unstim,P3C4,NA,NA,NA,P3C4,Unstim,0.08291871347528457,0.8534308219170814,Robust
P3C4 / Unstim,P10147_C57_M1_24,P10147,Nitrosyl,8.433511421936853,8.433511421936853,0.00528947494135788,0.4311805474162227,6,P10147,CCL3,C-C motif chemokine 3,CCL3_HUMAN,9,-99.71075884091816,0.0028924115908183,Unstim,P3C4,NA,NA,NA,P3C4,Unstim,2.0099015625843406,6.423609859352512,Robust
P3C4+Nigericin / Unstim,P27695_C93_M1_24,P27695,Nitrosyl,-3.5173418152958,3.5173418152958,0.00525390718290128,0.4311805474162227,6,P27695,APEX1,DNA-(apurinic or apyrimidinic site) endonuclease,APEX1_HUMAN,30,1045.0524792292058,11.450524792292056,Unstim,P3C4+Nigericin,NA,NA,NA,P3C4+Nigericin,Unstim,-1.832737008065482,-1.684604807230318,Robust
LPS+Nigericin / Unstim,P35579_K1918_M1_32,P35579,Trimethyl (K),-0.6452200529670368,0.6452200529670368,0.00531132921926897,0.4311805474162227,6,P35579,MYH9,Myosin-9,MYH9_HUMAN,294,56.39778201844838,1.5639778201844838,Unstim,LPS+Nigericin,NA,NA,NA,LPS+Nigericin,Unstim,0.6477568410111748,-1.2929768939782116,Robust
LPS+Nigericin / LPS,Q13740_K318_M2_0,Q13740,Acetyl (K),0.8858726269524474,0.8858726269524474,0.00519832990283656,0.4311805474162227,4,Q13740,ALCAM,CD166 antigen,CD166_HUMAN,46,-45.88399017579906,0.5411600982420094,LPS,LPS+Nigericin,NA,NA,NA,LPS+Nigericin,LPS,-0.2540634527064489,1.1399360796588964,Robust
P3C4+Nigericin / P3C4,Q66K74_S759_M1_28,Q66K74,Phospho (STY),-2.1387230421352195,2.1387230421352195,0.00539577628524869,0.43191892700524326,5,Q66K74,MAP1S,Microtubule-associated protein 1S,MAP1S_HUMAN,44,340.37209176487073,4.403720917648707,P3C4,P3C4+Nigericin,NA,NA,NA,P3C4+Nigericin,P3C4,-1.0780810488252253,-1.0606419933099942,Robust
LPS / Unstim,P07237_R300_M1_13,P07237,Dimethyl (KR),2.3021298873096474,2.3021298873096474,0.00555773945777571,0.43257849097782175,6,P07237,P4HB,Protein disulfide-isomerase,PDIA1_HUMAN,110,-79.72364669357245,0.20276353306427555,Unstim,LPS,NA,NA,NA,LPS,Unstim,7.5644163386208e-4,2.3013734456757855,Robust
P3C4+Nigericin / P3C4,P55854_K20_M1_18,P55854,Hex (K),-3.715248953904414,3.715248953904414,0.00566081495893849,0.43257849097782175,6,P55854,SUMO3,Small ubiquitin-related modifier 3,SUMO3_HUMAN,4,1213.413199353271,13.13413199353271,P3C4,P3C4+Nigericin,NA,NA,NA,P3C4+Nigericin,P3C4,-1.5531205546793465,-2.1621283992250673,Robust
P3C4+Nigericin / Unstim,P62753_T34_M1_31,P62753,Sulfo (STY),-1.5822528351766842,1.5822528351766842,0.00562230128890493,0.43257849097782175,6,P62753,RPS6,Small ribosomal subunit protein eS6,RS6_HUMAN,25,199.43706970276733,2.9943706970276733,Unstim,P3C4+Nigericin,NA,NA,NA,P3C4+Nigericin,Unstim,-1.0016806391512674,-0.5805721960254169,Robust
LPS / Unstim,P13501_C57_M1_24,P13501,Nitrosyl,5.333332590859789,5.333332590859789,0.00573357957628003,0.4330104400109064,6,P13501,CCL5,C-C motif chemokine 5,CCL5_HUMAN,6,-97.51968457982194,0.02480315420178053,Unstim,LPS,NA,NA,NA,LPS,Unstim,2.8272169537537097,2.5061156371060793,Robust
LPS / Unstim,P22626_S189_M1_31,P22626,Sulfo (STY),2.2243373403219975,2.2243373403219975,0.0057581079782356,0.4330104400109064,6,P22626,HNRNPA2B1,Heterogeneous nuclear ribonucleoproteins A2/B1,ROA2_HUMAN,51,-78.60029728883467,0.21399702711165336,Unstim,LPS,NA,NA,NA,LPS,Unstim,-0.30284000151530255,2.5271773418373,Robust
P3C4+Nigericin / P3C4,P23368_C428_M1_24,P23368,Nitrosyl,4.623391446930798,4.623391446930798,0.00573649663628883,0.4330104400109064,6,P23368,ME2,"NAD-dependent malic enzyme, mitochondrial",MAOM_HUMAN,45,-95.94285534225132,0.04057144657748681,P3C4,P3C4+Nigericin,NA,NA,NA,P3C4+Nigericin,P3C4,-0.20102540435522395,4.8244168512860215,Robust
LPS+Nigericin / LPS,P46776_C70_M1_24,P46776,Nitrosyl,-2.7443550946925144,2.7443550946925144,0.00578038918411294,0.43322334653971706,6,P46776,RPL27A,Large ribosomal subunit protein uL15,RL27A_HUMAN,13,570.0901009206239,6.700901009206238,LPS,LPS+Nigericin,NA,NA,NA,LPS+Nigericin,LPS,0.30742392940093205,-3.0517790240934466,Robust
LPS+Nigericin / LPS,P80723_K150_M1_17,P80723,GlyGly (K),2.813981772693082,2.813981772693082,0.00583480924058823,0.433774750324999,6,P80723,BASP1,Brain acid soluble protein 1,BASP1_HUMAN,35,-85.77975499121814,0.14220245008781865,LPS,LPS+Nigericin,NA,NA,NA,LPS+Nigericin,LPS,-0.5046118237879901,3.318593596481072,Robust
P3C4+Nigericin / P3C4,Q9BVC6_K46_M1_17,Q9BVC6,GlyGly (K),-9.964325650240196,9.964325650240196,0.00595582854286884,0.43517604514231106,6,Q9BVC6,TMEM109,Voltage-gated monoatomic cation channel TMEM109,TM109_HUMAN,8,99798.94626001584,998.9894626001584,P3C4,P3C4+Nigericin,NA,NA,NA,P3C4+Nigericin,P3C4,0.07537081400264063,-10.039696464242837,Robust
P3C4+Nigericin / P3C4,Q6JBY9_S216_M1_28,Q6JBY9,Phospho (STY),-2.0339089278157205,2.0339089278157205,0.00600905799394069,0.435295652462724,6,Q6JBY9,RCSD1,CapZ-interacting protein,CPZIP_HUMAN,31,309.5129082683955,4.095129082683955,P3C4,P3C4+Nigericin,NA,NA,NA,P3C4+Nigericin,P3C4,-1.0232996857028578,-1.0106092421128627,Robust
P3C4+Nigericin / Unstim,O94966_C833_M1_24,O94966,Nitrosyl,-2.8548363608629956,2.8548363608629956,0.0060236908055252,0.4357015401589053,6,O94966,USP19,Ubiquitin carboxyl-terminal hydrolase 19,UBP19_HUMAN,25,623.4214425899112,7.234214425899112,Unstim,P3C4+Nigericin,NA,NA,NA,P3C4+Nigericin,Unstim,-1.2793558382087962,-1.5754805226541995,Robust
P3C4+Nigericin / Unstim,O14979_T178_M1_31,O14979,Sulfo (STY),-3.4919681832853513,3.4919681832853513,0.00612365970544613,0.4364041822604328,5,O14979,HNRNPDL,Heterogeneous nuclear ribonucleoprotein D-like,HNRDL_HUMAN,38,1025.0897473033244,11.250897473033245,Unstim,P3C4+Nigericin,NA,NA,NA,P3C4+Nigericin,Unstim,-1.7735767960064683,-1.718391387278883,Robust
LPS+Nigericin / Unstim,O60664_K356_M1_22,O60664,Methyl (KR),-1.6378229816755596,1.6378229816755596,0.00613072973454909,0.4364087739439962,5,O60664,PLIN3,Perilipin-3,PLIN3_HUMAN,41,211.19588462148891,3.1119588462148893,Unstim,LPS+Nigericin,NA,NA,NA,LPS+Nigericin,Unstim,-0.7333311885340147,-0.9044917931415449,Robust
P3C4 / Unstim,Q15942_S344_M1_28,Q15942,Phospho (STY),1.776431008735667,1.776431008735667,0.00614153467577169,0.43665559291817657,6,Q15942,ZYX,Zyxin,ZYX_HUMAN,42,-70.80953716092593,0.2919046283907407,Unstim,P3C4,NA,NA,NA,P3C4,Unstim,0.2179289371962704,1.5585020715393965,Robust
P3C4+Nigericin / P3C4,P62937_K118_M1_22,P62937,Methyl (KR),-1.9104336233723564,1.9104336233723564,0.00615228990841963,0.43668019757691934,6,P62937,PPIA,Peptidyl-prolyl cis-trans isomerase A,PPIA_HUMAN,28,275.922071656094,3.759220716560939,P3C4,P3C4+Nigericin,NA,NA,NA,P3C4+Nigericin,P3C4,-0.9850000694064516,-0.9254335539659049,Robust
P3C4 / Unstim,P38646_R491_M2_13,P38646,Dimethyl (KR),1.9551111722445629,1.9551111722445629,0.00620812964341168,0.43760514660130206,5,P38646,HSPA9,"Stress-70 protein, mitochondrial",GRP75_HUMAN,95,-74.20990794572488,0.2579009205427512,Unstim,P3C4,NA,NA,NA,P3C4,Unstim,0.025634072213295,1.9294771000312678,Robust
LPS / Unstim,P20645_K44_M1_0,P20645,Acetyl (K),-1.3738217181222685,1.3738217181222685,0.00629335042293131,0.4384571814579174,5,P20645,M6PR,Cation-dependent mannose-6-phosphate receptor,MPRD_HUMAN,14,159.1561657340851,2.591561657340851,Unstim,LPS,NA,NA,NA,LPS,Unstim,0.00730044475445214,-1.3811221628767207,Robust
P3C4+Nigericin / P3C4,Q86UE4_K246_M2_10,Q86UE4,Crotonyl,1.5394377166965751,1.5394377166965751,0.00630702629361287,0.4384705530795841,6,Q86UE4,MTDH,Protein LYRIC,LYRIC_HUMAN,52,-65.59804916771536,0.34401950832284645,P3C4,P3C4+Nigericin,NA,NA,NA,P3C4+Nigericin,P3C4,-1.720832060641753,3.260269777338328,Robust
P3C4+Nigericin / P3C4,Q86UE4_K245_M2_10,Q86UE4,Crotonyl,1.5394377166965751,1.5394377166965751,0.00630702629361287,0.4384705530795841,6,Q86UE4,MTDH,Protein LYRIC,LYRIC_HUMAN,52,-65.59804916771536,0.34401950832284645,P3C4,P3C4+Nigericin,NA,NA,NA,P3C4+Nigericin,P3C4,-1.720832060641753,3.260269777338328,Robust
LPS / Unstim,O14979_K180_M1_32,O14979,Trimethyl (K),-9.500415801402433,9.500415801402433,0.00642513157683098,0.4391890644154803,6,O14979,HNRNPDL,Heterogeneous nuclear ribonucleoprotein D-like,HNRDL_HUMAN,38,72328.60614789145,724.2860614789145,Unstim,LPS,NA,NA,NA,LPS,Unstim,-0.31062256163281154,-9.189793239769621,Robust
P3C4+Nigericin / Unstim,O14979_K180_M1_32,O14979,Trimethyl (K),-10.117358757777971,10.117358757777971,0.00641888374178909,0.4391890644154803,6,O14979,HNRNPDL,Heterogeneous nuclear ribonucleoprotein D-like,HNRDL_HUMAN,38,110978.1052395826,1110.781052395826,Unstim,P3C4+Nigericin,NA,NA,NA,P3C4+Nigericin,Unstim,-1.7735767960064683,-8.343781961771503,Robust
LPS+Nigericin / LPS,P05107_K174_M1_0,P05107,Acetyl (K),-1.2701553085463468,1.2701553085463468,0.00640980547333832,0.4391890644154803,6,P05107,ITGB2,Integrin beta-2,ITB2_HUMAN,73,141.18752838352592,2.411875283835259,LPS,LPS+Nigericin,NA,NA,NA,LPS+Nigericin,LPS,0.2771071405810525,-1.5472624491273994,Robust
LPS+Nigericin / Unstim,P38646_T390_M1_31,P38646,Sulfo (STY),3.3506357125778243,3.3506357125778243,0.00642810932607652,0.4391890644154803,5,P38646,HSPA9,"Stress-70 protein, mitochondrial",GRP75_HUMAN,95,-90.19701933687172,0.09802980663128286,Unstim,LPS+Nigericin,NA,NA,NA,LPS+Nigericin,Unstim,-0.01895807710822765,3.369593789686052,Robust
P3C4+Nigericin / P3C4,P62979_K11_M1_17,P62979,GlyGly (K),-1.7946755348215633,1.7946755348215633,0.00642830817542135,0.4391890644154803,6,P62979,RPS27A,Ubiquitin-ribosomal protein eS31 fusion protein,RS27A_HUMAN,21,246.93743911913177,3.4693743911913173,P3C4,P3C4+Nigericin,NA,NA,NA,P3C4+Nigericin,P3C4,-1.0465862219468125,-0.7480893128747508,Robust
P3C4 / Unstim,P09525_K28_M2_18,P09525,Hex (K),3.1416068150427696,3.1416068150427696,0.0064608469284637,0.4392730614048555,6,P09525,ANXA4,Annexin A4,ANXA4_HUMAN,43,-88.66863799919291,0.11331362000807088,Unstim,P3C4,NA,NA,NA,P3C4,Unstim,0.14008756757176885,3.0015192474710006,Robust
P3C4 / Unstim,P09525_K25_M2_18,P09525,Hex (K),3.1416068150427696,3.1416068150427696,0.0064608469284637,0.4392730614048555,6,P09525,ANXA4,Annexin A4,ANXA4_HUMAN,43,-88.66863799919291,0.11331362000807088,Unstim,P3C4,NA,NA,NA,P3C4,Unstim,0.14008756757176885,3.0015192474710006,Robust
LPS+Nigericin / Unstim,Q9BX68_S101_M1_28,Q9BX68,Phospho (STY),2.27001785486439,2.27001785486439,0.00646923076545533,0.4393450210291075,6,Q9BX68,HINT2,Adenosine 5'-monophosphoramidase HINT2,HINT2_HUMAN,15,-79.26726794553272,0.2073273205446729,Unstim,LPS+Nigericin,NA,NA,NA,LPS+Nigericin,Unstim,0.11378679808841746,2.156231056775973,Robust
LPS+Nigericin / LPS,Q9P2E9_C1323_M2_23,Q9P2E9,Myristoyl,0.8408763761758855,0.8408763761758855,0.00648626350130716,0.4393450210291075,5,Q9P2E9,RRBP1,Ribosome-binding protein 1,RRBP1_HUMAN,100,-44.16956802375081,0.5583043197624918,LPS,LPS+Nigericin,NA,NA,NA,LPS+Nigericin,LPS,-0.8841728393842647,1.7250492155601502,Robust
P3C4+Nigericin / P3C4,Q00839_K495_M2_18,Q00839,Hex (K),2.859708102528479,2.859708102528479,0.00652505894913851,0.4396201610414777,5,Q00839,HNRNPU,Heterogeneous nuclear ribonucleoprotein U,HNRPU_HUMAN,85,-86.22339894261629,0.13776601057383708,P3C4,P3C4+Nigericin,NA,NA,NA,P3C4+Nigericin,P3C4,-0.25911700061740467,3.1188251031458836,Robust
P3C4+Nigericin / P3C4,P22061_T25_M1_28,P22061,Phospho (STY),-3.786685238852871,3.786685238852871,0.00655146926480202,0.4401034079468333,6,P22061,PCMT1,Protein-L-isoaspartate(D-aspartate) O-methyltransferase,PIMT_HUMAN,19,1280.085017264336,13.80085017264336,P3C4,P3C4+Nigericin,NA,NA,NA,P3C4+Nigericin,P3C4,-1.0773075163456534,-2.7093777225072175,Robust
LPS+Nigericin / Unstim,Q9UPN9_K953_M1_0,Q9UPN9,Acetyl (K),-1.9592572840801536,1.9592572840801536,0.00656751849422042,0.4401420150742345,6,Q9UPN9,TRIM33,E3 ubiquitin-protein ligase TRIM33,TRI33_HUMAN,33,288.8617369528804,3.888617369528804,Unstim,LPS+Nigericin,NA,NA,NA,LPS+Nigericin,Unstim,-0.9768677536669776,-0.982389530413176,Robust
P3C4+Nigericin / P3C4,Q14103_R278_M2_22,Q14103,Methyl (KR),-3.546618342679589,3.546618342679589,0.00663126031261714,0.4410249177114589,5,Q14103,HNRNPD,Heterogeneous nuclear ribonucleoprotein D0,HNRPD_HUMAN,45,1068.526334500481,11.68526334500481,P3C4,P3C4+Nigericin,NA,NA,NA,P3C4+Nigericin,P3C4,-1.5490493581403808,-1.9975689845392084,Robust
LPS+Nigericin / LPS,Cont_P00760_K172_M1_18,Cont_P00760,Hex (K),-6.700870216516334,6.700870216516334,0.00676902011509542,0.44127380119718745,4,Cont_P00760,PRSS1,Serine protease 1,TRY1_BOVIN,22,10303.1038099078,104.031038099078,LPS,LPS+Nigericin,NA,NA,NA,LPS+Nigericin,LPS,0.00923735764218667,-6.7101075741585205,Robust
P3C4+Nigericin / P3C4,O60293_K687_M1_17,O60293,GlyGly (K),-2.417547692142625,2.417547692142625,0.0068340000054159,0.44127380119718745,6,O60293,ZFC3H1,Zinc finger C3H1 domain-containing protein,ZC3H1_HUMAN,18,434.26210542297775,5.342621054229777,P3C4,P3C4+Nigericin,NA,NA,NA,P3C4+Nigericin,P3C4,-1.377310055307812,-1.040237636834813,Robust
P3C4+Nigericin / P3C4,Q14103_R272_M2_13,Q14103,Dimethyl (KR),-3.591546271264093,3.591546271264093,0.00666300689082177,0.44127380119718745,5,Q14103,HNRNPD,Heterogeneous nuclear ribonucleoprotein D0,HNRPD_HUMAN,45,1105.4887408563595,12.054887408563596,P3C4,P3C4+Nigericin,NA,NA,NA,P3C4+Nigericin,P3C4,-1.5490493581403808,-2.0424969131237125,Robust
LPS+Nigericin / LPS,P07919_R60_M1_13,P07919,Dimethyl (KR),2.8750065622947263,2.8750065622947263,0.0068965766705179,0.4414203765881385,6,P07919,UQCRH,"Cytochrome b-c1 complex subunit 6, mitochondrial",QCR6_HUMAN,9,-86.3687153455786,0.13631284654421408,LPS,LPS+Nigericin,NA,NA,NA,LPS+Nigericin,LPS,-0.4477183298092414,3.3227248921039676,Robust
P3C4 / Unstim,O75695_S219_M1_28,O75695,Phospho (STY),-1.462888400869511,1.462888400869511,0.00697867706187257,0.44194681014667386,4,O75695,RP2,Protein XRP2,XRP2_HUMAN,14,175.65970621781258,2.756597062178126,Unstim,P3C4,NA,NA,NA,P3C4,Unstim,-0.4480842258041503,-1.0148041750653607,Robust
P3C4+Nigericin / P3C4,P55209_R55_M1_13,P55209,Dimethyl (KR),-1.8886114367106055,1.8886114367106055,0.00703770338728431,0.44231862695122737,6,P55209,NAP1L1,Nucleosome assembly protein 1-like 1,NP1L1_HUMAN,18,270.27866785281816,3.7027866785281818,P3C4,P3C4+Nigericin,NA,NA,NA,P3C4+Nigericin,P3C4,-1.2663977458442928,-0.6222136908663127,Robust
P3C4+Nigericin / Unstim,P12956_K516_M2_10,P12956,Crotonyl,-2.2353212538443854,2.2353212538443854,0.00712170429889311,0.4426336383593049,6,P12956,XRCC6,X-ray repair cross-complementing protein 6,XRCC6_HUMAN,73,370.8675342060262,4.708675342060262,Unstim,P3C4+Nigericin,NA,NA,NA,P3C4+Nigericin,Unstim,-1.4076586987308866,-0.8276625551134988,Robust
P3C4+Nigericin / Unstim,P12956_K510_M2_10,P12956,Crotonyl,-2.2353212538443854,2.2353212538443854,0.00712170429889311,0.4426336383593049,6,P12956,XRCC6,X-ray repair cross-complementing protein 6,XRCC6_HUMAN,73,370.8675342060262,4.708675342060262,Unstim,P3C4+Nigericin,NA,NA,NA,P3C4+Nigericin,Unstim,-1.4076586987308866,-0.8276625551134988,Robust
P3C4+Nigericin / P3C4,P61978_K139_M1_22,P61978,Methyl (KR),-4.157916442787936,4.157916442787936,0.0071101156148506,0.4426336383593049,6,P61978,HNRNPK,Heterogeneous nuclear ribonucleoprotein K,HNRPK_HUMAN,58,1685.0795254789757,17.850795254789755,P3C4,P3C4+Nigericin,NA,NA,NA,P3C4+Nigericin,P3C4,-1.2151314087313645,-2.9427850340565715,Robust
P3C4+Nigericin / P3C4,Q86UX7_S199_M1_31,Q86UX7,Sulfo (STY),-1.9782741537220552,1.9782741537220552,0.00714696429536458,0.4429717115796371,5,Q86UX7,FERMT3,Fermitin family homolog 3,URP2_HUMAN,58,294.02144549820173,3.940214454982017,P3C4,P3C4+Nigericin,NA,NA,NA,P3C4+Nigericin,P3C4,-1.229212064857529,-0.7490620888645261,Robust
P3C4 / Unstim,Q9H1B7_C385_M1_24,Q9H1B7,Nitrosyl,-2.930707696167793,2.930707696167793,0.00716123523561509,0.4430647316829649,6,Q9H1B7,IRF2BPL,Probable E3 ubiquitin-protein ligase IRF2BPL,I2BPL_HUMAN,36,662.4843339507413,7.624843339507414,Unstim,P3C4,NA,NA,NA,P3C4,Unstim,-0.21561078045931892,-2.7150969157084743,Robust
P3C4+Nigericin / P3C4,P18887_K369_M1_13,P18887,Dimethyl (KR),-1.6871302348504909,1.6871302348504909,0.00721425776583338,0.4431568010177836,6,P18887,XRCC1,DNA repair protein XRCC1,XRCC1_HUMAN,24,222.01552269575225,3.2201552269575227,P3C4,P3C4+Nigericin,NA,NA,NA,P3C4+Nigericin,P3C4,-0.982686567934048,-0.7044436669164429,Robust
P3C4+Nigericin / P3C4,P18887_C362_M1_24,P18887,Nitrosyl,-1.6871302348504909,1.6871302348504909,0.00721425776583338,0.4431568010177836,6,P18887,XRCC1,DNA repair protein XRCC1,XRCC1_HUMAN,24,222.01552269575225,3.2201552269575227,P3C4,P3C4+Nigericin,NA,NA,NA,P3C4+Nigericin,P3C4,-0.982686567934048,-0.7044436669164429,Robust
LPS+Nigericin / Unstim,Q96EY1_S353_M2_31,Q96EY1,Sulfo (STY),1.7228768861302648,1.7228768861302648,0.00723712812179088,0.4431568010177836,5,Q96EY1,DNAJA3,"DnaJ homolog subfamily A member 3, mitochondrial",DNJA3_HUMAN,25,-69.70559839553081,0.30294401604469184,Unstim,LPS+Nigericin,NA,NA,NA,LPS+Nigericin,Unstim,-0.13880735862803628,1.861684244758301,Robust
LPS+Nigericin / Unstim,Q96EY1_R341_M1_13,Q96EY1,Dimethyl (KR),1.7228768861302648,1.7228768861302648,0.00723714131845691,0.4431568010177836,5,Q96EY1,DNAJA3,"DnaJ homolog subfamily A member 3, mitochondrial",DNJA3_HUMAN,25,-69.70559839553081,0.30294401604469184,Unstim,LPS+Nigericin,NA,NA,NA,LPS+Nigericin,Unstim,-0.13880735862803628,1.861684244758301,Robust
P3C4+Nigericin / Unstim,Q8WYQ5_K500_M1_10,Q8WYQ5,Crotonyl,-2.952479781656958,2.952479781656958,0.0072950728932095,0.44351767511366214,6,Q8WYQ5,DGCR8,Microprocessor complex subunit DGCR8,DGCR8_HUMAN,18,674.0784478799635,7.740784478799635,Unstim,P3C4+Nigericin,NA,NA,NA,P3C4+Nigericin,Unstim,-1.0833138218297031,-1.869165959827255,Robust
P3C4+Nigericin / Unstim,Q9H1B7_R391_M1_22,Q9H1B7,Methyl (KR),-3.477076872450861,3.477076872450861,0.00731200923480653,0.4440303111445331,6,Q9H1B7,IRF2BPL,Probable E3 ubiquitin-protein ligase IRF2BPL,I2BPL_HUMAN,36,1013.5364454738932,11.135364454738932,Unstim,P3C4+Nigericin,NA,NA,NA,P3C4+Nigericin,Unstim,-1.643335901487647,-1.8337409709632142,Robust
P3C4 / Unstim,P09429_K154_M1_23,P09429,Myristoyl,-8.723466458013007,8.723466458013007,0.0073980968329365,0.4442525890276233,6,P09429,HMGB1,High mobility group protein B1,HMGB1_HUMAN,31,42169.30138869576,422.6930138869576,Unstim,P3C4,NA,NA,NA,P3C4,Unstim,0.12741484992084717,-8.850881307933854,Robust
LPS+Nigericin / Unstim,P23246_K279_M1_32,P23246,Trimethyl (K),-5.051616280060237,5.051616280060237,0.00742346644715375,0.4447365449897571,6,P23246,SFPQ,"Splicing factor, proline- and glutamine-rich",SFPQ_HUMAN,63,3216.561285562665,33.16561285562665,Unstim,LPS+Nigericin,NA,NA,NA,LPS+Nigericin,Unstim,-0.7967047659439618,-4.254911514116276,Robust
P3C4+Nigericin / P3C4,Q7Z6P3_S509_M1_28,Q7Z6P3,Phospho (STY),-2.101030024040211,2.101030024040211,0.00745484199005757,0.44483205887604566,6,Q7Z6P3,RAB44,Ras-related protein Rab-44,RAB44_HUMAN,54,329.01557491121906,4.2901557491121904,P3C4,P3C4+Nigericin,NA,NA,NA,P3C4+Nigericin,P3C4,-1.167830325482427,-0.933199698557784,Robust
P3C4 / Unstim,O00299_Y117_M2_31,O00299,Sulfo (STY),12.27139389361698,12.27139389361698,0.00751783674679877,0.44533685810762663,5,O00299,CLIC1,Chloride intracellular channel protein 1,CLIC1_HUMAN,32,-99.97977249349952,2.0227506500497e-4,Unstim,P3C4,NA,NA,NA,P3C4,Unstim,0.3295214991921037,11.941872394424875,Robust
LPS+Nigericin / LPS,P61978_Y72_M2_28,P61978,Phospho (STY),-2.9358261469110913,2.9358261469110913,0.00754598359908,0.44533685810762663,6,P61978,HNRNPK,Heterogeneous nuclear ribonucleoprotein K,HNRPK_HUMAN,58,665.1943105813066,7.651943105813066,LPS,LPS+Nigericin,NA,NA,NA,LPS+Nigericin,LPS,-0.7094782135141806,-2.2263479333969105,Robust
LPS+Nigericin / LPS,P61978_K66_M1_32,P61978,Trimethyl (K),-2.9358261469110913,2.9358261469110913,0.00754598359908,0.44533685810762663,6,P61978,HNRNPK,Heterogeneous nuclear ribonucleoprotein K,HNRPK_HUMAN,58,665.1943105813066,7.651943105813066,LPS,LPS+Nigericin,NA,NA,NA,LPS+Nigericin,LPS,-0.7094782135141806,-2.2263479333969105,Robust
LPS+Nigericin / LPS,P62633_K103_M1_17,P62633,GlyGly (K),-2.496134299649122,2.496134299649122,0.00757500717365043,0.44533685810762663,6,P62633,CNBP,CCHC-type zinc finger nucleic acid binding protein,CNBP_HUMAN,8,464.17170016749714,5.641717001674971,LPS,LPS+Nigericin,NA,NA,NA,LPS+Nigericin,LPS,-0.8302948471714907,-1.6658394524776314,Robust
P3C4 / Unstim,Q8N5K1_K95_M1_13,Q8N5K1,Dimethyl (KR),9.321547500496049,9.321547500496049,0.00757834469886307,0.44533685810762663,6,Q8N5K1,CISD2,CDGSH iron-sulfur domain-containing protein 2,CISD2_HUMAN,17,-99.84370877457349,0.00156291225426507,Unstim,P3C4,NA,NA,NA,P3C4,Unstim,-0.04121225065424005,9.36275975115029,Robust
LPS+Nigericin / Unstim,P20592_K345_M2_0,P20592,Acetyl (K),-0.961915191091114,0.961915191091114,0.00763802102361508,0.44533685810762663,4,P20592,MX2,Interferon-induced GTP-binding protein Mx2,MX2_HUMAN,62,94.78940266611676,1.9478940266611675,Unstim,LPS+Nigericin,NA,NA,NA,LPS+Nigericin,Unstim,-0.0920816095293852,-0.8698335815617289,Robust
P3C4+Nigericin / Unstim,O94905_K273_M2_17,O94905,GlyGly (K),8.831324602365973,8.831324602365973,0.00769011818356016,0.4455578366179395,4,O94905,ERLIN2,Erlin-2,ERLN2_HUMAN,36,-99.78046367331883,0.00219536326681173,Unstim,P3C4+Nigericin,NA,NA,NA,P3C4+Nigericin,Unstim,-0.3668721118483815,9.198196714214355,Robust
P3C4+Nigericin / P3C4,P0CG38_K1059_M2_18,P0CG38,Hex (K),-1.6279659226643246,1.6279659226643246,0.00772332255039173,0.44570893640983833,6,P0CG38,POTEI,POTE ankyrin domain family member I,POTEI_HUMAN,13,209.0769191878684,3.090769191878684,P3C4,P3C4+Nigericin,NA,NA,NA,P3C4+Nigericin,P3C4,-0.5557129972671454,-1.072252925397179,Robust
P3C4+Nigericin / P3C4,P0CG38_K1036_M2_18,P0CG38,Hex (K),-1.6279659226643246,1.6279659226643246,0.00772332255039173,0.44570893640983833,6,P0CG38,POTEI,POTE ankyrin domain family member I,POTEI_HUMAN,13,209.0769191878684,3.090769191878684,P3C4,P3C4+Nigericin,NA,NA,NA,P3C4+Nigericin,P3C4,-0.5557129972671454,-1.072252925397179,Robust
P3C4+Nigericin / Unstim,Q9H6F5_S18_M1_28,Q9H6F5,Phospho (STY),-1.3036912187297918,1.3036912187297918,0.00772184939517909,0.44570893640983833,6,Q9H6F5,CCDC86,Coiled-coil domain-containing protein 86,CCD86_HUMAN,24,146.85968013275027,2.468596801327503,Unstim,P3C4+Nigericin,NA,NA,NA,P3C4+Nigericin,Unstim,-0.6999622414163598,-0.603728977313432,Robust
LPS / Unstim,P05386_K92_M1_13,P05386,Dimethyl (KR),-8.114320548049934,8.114320548049934,0.0078414194371393409,0.4465262988340452,6,P05386,RPLP1,Large ribosomal subunit protein P1,RLA1_HUMAN,5,27611.107263054488,277.11107263054487,Unstim,LPS,NA,NA,NA,LPS,Unstim,0.4759358470185107,-8.590256395068444,Robust
P3C4+Nigericin / Unstim,P05386_K92_M1_13,P05386,Dimethyl (KR),-8.011225386558829,8.011225386558829,0.00784760312485419,0.4465262988340452,6,P05386,RPLP1,Large ribosomal subunit protein P1,RLA1_HUMAN,5,25699.966578750493,257.9996657875049,Unstim,P3C4+Nigericin,NA,NA,NA,P3C4+Nigericin,Unstim,0.176539667259841,-8.18776505381867,Robust
P3C4+Nigericin / P3C4,P0DMV8_T66_M1_28,P0DMV8;P0DMV9,Phospho (STY),-4.147473629160441,4.147473629160441,0.00794609376369724,0.4465262988340452,6,P0DMV8;P0DMV9,HSPA1A;HSPA1B,Heat shock 70 kDa protein 1A;Heat shock 70 kDa protein 1B,HS71A_HUMAN;HS71B_HUMAN,79,1672.2050452375906,17.722050452375907,P3C4,P3C4+Nigericin,NA,NA,NA,P3C4+Nigericin,P3C4,-1.0462129848768795,-3.1012606442835615,Robust
P3C4+Nigericin / P3C4,P0DMV9_T66_M1_28,P0DMV8;P0DMV9,Phospho (STY),-4.147473629160441,4.147473629160441,0.00794609376369724,0.4465262988340452,6,P0DMV8;P0DMV9,HSPA1A;HSPA1B,Heat shock 70 kDa protein 1A;Heat shock 70 kDa protein 1B,HS71A_HUMAN;HS71B_HUMAN,79,1672.2050452375906,17.722050452375907,P3C4,P3C4+Nigericin,NA,NA,NA,P3C4+Nigericin,P3C4,-1.0462129848768795,-3.1012606442835615,Robust
LPS / Unstim,Q9BT09_K202_M1_13,Q9BT09,Dimethyl (KR),1.1113478835228987,1.1113478835228987,0.00783296959412592,0.4465262988340452,6,Q9BT09,CNPY3,Protein canopy homolog 3,CNPY3_HUMAN,24,-53.71386140351848,0.4628613859648152,Unstim,LPS,NA,NA,NA,LPS,Unstim,0.04723598294238701,1.0641119005805117,Robust
LPS / Unstim,Q9H307_R207_M1_13,Q9H307,Dimethyl (KR),8.95409524567245,8.95409524567245,0.00795479270072315,0.4465262988340452,5,Q9H307,PNN,Pinin,PININ_HUMAN,48,-99.79837297274683,0.00201627027253146,Unstim,LPS,NA,NA,NA,LPS,Unstim,-0.24119710546693612,9.195292351139386,Robust
LPS / Unstim,Q9H307_T204_M1_19,Q9H307,HexNAc (ST),8.945386685280653,8.945386685280653,0.00795508651008044,0.4465262988340452,6,Q9H307,PNN,Pinin,PININ_HUMAN,48,-99.7971522079297,0.002028477920703,Unstim,LPS,NA,NA,NA,LPS,Unstim,-0.24119710546693612,9.186583790747589,Robust
P3C4+Nigericin / P3C4,Q9NNW7_K56_M1_22,Q9NNW7,Methyl (KR),0.9392688887852106,0.9392688887852106,0.00789362070618864,0.4465262988340452,6,Q9NNW7,TXNRD2,"Thioredoxin reductase 2, mitochondrial",TRXR2_HUMAN,17,-47.85029086622227,0.5214970913377773,P3C4,P3C4+Nigericin,NA,NA,NA,P3C4+Nigericin,P3C4,-0.379763387723116,1.3190322765083267,Robust
P3C4+Nigericin / P3C4,Q8WYQ5_K500_M1_10,Q8WYQ5,Crotonyl,-2.90033855036189,2.90033855036189,0.0080247603558682,0.4468490355627055,6,Q8WYQ5,DGCR8,Microprocessor complex subunit DGCR8,DGCR8_HUMAN,18,646.6015741034374,7.466015741034374,P3C4,P3C4+Nigericin,NA,NA,NA,P3C4+Nigericin,P3C4,-0.8611940173314718,-2.0391445330304183,Robust
P3C4+Nigericin / P3C4,P11021_R367_M1_13,P11021,Dimethyl (KR),-0.8143835144151458,0.8143835144151458,0.00807187119855486,0.4468660008470379,6,P11021,HSPA5,Endoplasmic reticulum chaperone BiP,BIP_HUMAN,92,75.85465375236578,1.7585465375236575,P3C4,P3C4+Nigericin,NA,NA,NA,P3C4+Nigericin,P3C4,-0.1707394015235865,-0.6436441128915593,Robust
P3C4+Nigericin / P3C4,P10809_K218_M1_18,P10809,Hex (K),0.8539820198646304,0.8539820198646304,0.00819265574655506,0.4472021561335818,6,P10809,HSPD1,"60 kDa heat shock protein, mitochondrial",CH60_HUMAN,115,-44.67444283389555,0.5532555716610446,P3C4,P3C4+Nigericin,NA,NA,NA,P3C4+Nigericin,P3C4,-0.1291976072910422,0.9831796271556726,Robust
LPS+Nigericin / LPS,P98082_K630_M1_32,P98082,Trimethyl (K),-3.610682842745326,3.610682842745326,0.0081394405336889,0.4472021561335818,6,P98082,DAB2,Disabled homolog 2,DAB2_HUMAN,56,1121.585419593186,12.21585419593186,LPS,LPS+Nigericin,NA,NA,NA,LPS+Nigericin,LPS,-0.7317946159701548,-2.8788882267751714,Robust
P3C4+Nigericin / P3C4,Q16658_R82_M1_22,Q16658,Methyl (KR),-2.4427026241081107,2.4427026241081107,0.00820699814619633,0.4472021561335818,6,Q16658,FSCN1,Fascin,FSCN1_HUMAN,47,443.6592233131911,5.436592233131911,P3C4,P3C4+Nigericin,NA,NA,NA,P3C4+Nigericin,P3C4,-1.176000720377213,-1.2667019037308977,Robust
P3C4+Nigericin / Unstim,P22626_K22_M1_0,P22626,Acetyl (K),-2.2645233704061014,2.2645233704061014,0.00821033498867971,0.4472624681211772,6,P22626,HNRNPA2B1,Heterogeneous nuclear ribonucleoproteins A2/B1,ROA2_HUMAN,51,380.4956500949153,4.804956500949153,Unstim,P3C4+Nigericin,NA,NA,NA,P3C4+Nigericin,Unstim,-1.4543965452643617,-0.8101268251417397,Robust
LPS+Nigericin / LPS,P08621_C39_M1_24,P08621,Nitrosyl,-5.311667059358465,5.311667059358465,0.00823843443780148,0.44738761763497314,6,P08621,SNRNP70,U1 small nuclear ribonucleoprotein 70 kDa,RU17_HUMAN,33,3871.651301870237,39.71651301870237,LPS,LPS+Nigericin,NA,NA,NA,LPS+Nigericin,LPS,-0.32692305047986714,-4.9847440088785975,Robust
P3C4+Nigericin / Unstim,P46459_T550_M1_31,P46459,Sulfo (STY),-2.248122600472891,2.248122600472891,0.00823982404712262,0.44738761763497314,5,P46459,NSF,Vesicle-fusing ATPase,NSF_HUMAN,75,375.0642357545659,4.750642357545659,Unstim,P3C4+Nigericin,NA,NA,NA,P3C4+Nigericin,Unstim,-1.161474030728186,-1.086648569744705,Robust
P3C4+Nigericin / P3C4,P06702_K38_M1_18,P06702,Hex (K),-2.655699671690554,2.655699671690554,0.00831859686300409,0.4481873974928228,6,P06702,S100A9,Protein S100-A9,S10A9_HUMAN,21,530.151915375892,6.30151915375892,P3C4,P3C4+Nigericin,NA,NA,NA,P3C4+Nigericin,P3C4,-0.01165206206174124,-2.644047609628813,Robust
P3C4+Nigericin / P3C4,P06702_T31_M1_19,P06702,HexNAc (ST),-2.655699671690554,2.655699671690554,0.00831859686300409,0.4481873974928228,6,P06702,S100A9,Protein S100-A9,S10A9_HUMAN,21,530.151915375892,6.30151915375892,P3C4,P3C4+Nigericin,NA,NA,NA,P3C4+Nigericin,P3C4,-0.01165206206174124,-2.644047609628813,Robust
LPS+Nigericin / LPS,P17096_S44_M3_31,P17096,Sulfo (STY),3.086670749909571,3.086670749909571,0.00833390801753958,0.44832260623184833,5,P17096,HMGA1,High mobility group protein HMG-I/HMG-Y,HMGA1_HUMAN,13,-88.22883309850134,0.11771166901498654,LPS,LPS+Nigericin,NA,NA,NA,LPS+Nigericin,LPS,0.17997093868137964,2.9066998112281914,Robust
LPS / Unstim,Q9Y6G9_K454_M1_13,Q9Y6G9,Dimethyl (KR),1.7398282511717076,1.7398282511717076,0.00844071884279451,0.44832260623184833,6,Q9Y6G9,DYNC1LI1,Cytoplasmic dynein 1 light intermediate chain 1,DC1L1_HUMAN,30,-70.05946825972846,0.29940531740271537,Unstim,LPS,NA,NA,NA,LPS,Unstim,-0.4154732728382691,2.155301524009977,Robust
LPS / Unstim,P52272_T99_M2_31,P52272,Sulfo (STY),-7.3168961145656946,7.3168961145656946,0.00837889714800347,0.44832260623184833,5,P52272,HNRNPM,Heterogeneous nuclear ribonucleoprotein M,HNRPM_HUMAN,79,15844.2907631223,159.442907631223,Unstim,LPS,NA,NA,NA,LPS,Unstim,-0.5951669667389171,-6.721729147826777,Robust
P3C4+Nigericin / Unstim,P68032_K293_M1_22,P68032,Methyl (KR),-1.4604908374779628,1.4604908374779628,0.00846159038864596,0.4485160075959662,6,P68032,ACTC1,"Actin, alpha cardiac muscle 1",ACTC_HUMAN,20,175.20197763844402,2.75201977638444,Unstim,P3C4+Nigericin,NA,NA,NA,P3C4+Nigericin,Unstim,-0.36463918961784847,-1.0958516478601144,Robust
P3C4+Nigericin / P3C4,Q9H8H3_C79_M1_24,Q9H8H3,Nitrosyl,6.240787455402467,6.240787455402467,0.00847468522900107,0.44880779278464406,6,Q9H8H3,TMT1A,N6-adenosine-methyltransferase TMT1A,TMT1A_HUMAN,13,-98.67768239713254,0.01322317602867465,P3C4,P3C4+Nigericin,NA,NA,NA,P3C4+Nigericin,P3C4,0.02922452168584591,6.211562933716621,Robust
LPS / Unstim,P24752_C126_M2_24,P24752,Nitrosyl,-1.414702825922031,1.414702825922031,0.00850278404409196,0.4490104147425672,5,P24752,ACAT1,"Acetyl-CoA acetyltransferase, mitochondrial",THIL_HUMAN,47,166.6048130696287,2.666048130696287,Unstim,LPS,NA,NA,NA,LPS,Unstim,-0.6682521928987095,-0.7464506330233214,Robust
LPS+Nigericin / Unstim,Q562R1_S304_M1_31,Q562R1,Sulfo (STY),2.7884567451781868,2.7884567451781868,0.00852391674478806,0.4490104147425672,6,Q562R1,ACTBL2,Beta-actin-like protein 2,ACTBL_HUMAN,16,-85.52592301967383,0.14474076980326173,Unstim,LPS+Nigericin,NA,NA,NA,LPS+Nigericin,Unstim,-0.176812518361849,2.9652692635400357,Robust
LPS+Nigericin / LPS,Q01469_S16_M1_31,Q01469,Sulfo (STY),-2.36235047178652,2.36235047178652,0.00853925972816482,0.4490830384110666,6,Q01469,FABP5,Fatty acid-binding protein 5,FABP5_HUMAN,27,414.2074354729597,5.142074354729597,LPS,LPS+Nigericin,NA,NA,NA,LPS+Nigericin,LPS,-0.8275199554860493,-1.5348305163004705,Robust
P3C4+Nigericin / Unstim,Q8WU79_S240_M1_28,Q8WU79,Phospho (STY),-3.099660060699251,3.099660060699251,0.00854625588274782,0.4492693432362991,5,Q8WU79,SMAP2,Stromal membrane-associated protein 2,SMAP2_HUMAN,24,757.2167619869412,8.572167619869411,Unstim,P3C4+Nigericin,NA,NA,NA,P3C4+Nigericin,Unstim,-1.1756557111824228,-1.9240043495168282,Robust
LPS+Nigericin / LPS,Q6P2E9_C838_M1_24,Q6P2E9,Nitrosyl,-2.032653556246379,2.032653556246379,0.0085476165295917,0.44927047548046495,6,Q6P2E9,EDC4,Enhancer of mRNA-decapping protein 4,EDC4_HUMAN,47,309.15672262786364,4.091567226278636,LPS,LPS+Nigericin,NA,NA,NA,LPS+Nigericin,LPS,-0.1975087184926852,-1.8351448377536939,Robust
P3C4 / Unstim,P0C0S5_K78_M2_32,P0C0S5;Q71UI9,Trimethyl (K),1.2998494530125295,1.2998494530125295,0.0087143339161962,0.4497799034994326,6,P0C0S5;Q71UI9,H2AZ1;H2AZ2,Histone H2A.Z;Histone H2A.V,H2AZ_HUMAN;H2AV_HUMAN,8,-59.38314198463992,0.4061685801536008,Unstim,P3C4,NA,NA,NA,P3C4,Unstim,-0.14603663392363217,1.4458860869361616,Robust
P3C4 / Unstim,P0C0S5_K75_M2_32,P0C0S5;Q71UI9,Trimethyl (K),1.2998494530125295,1.2998494530125295,0.0087143339161962,0.4497799034994326,6,P0C0S5;Q71UI9,H2AZ1;H2AZ2,Histone H2A.Z;Histone H2A.V,H2AZ_HUMAN;H2AV_HUMAN,8,-59.38314198463992,0.4061685801536008,Unstim,P3C4,NA,NA,NA,P3C4,Unstim,-0.14603663392363217,1.4458860869361616,Robust
P3C4 / Unstim,Q71UI9_K78_M2_32,P0C0S5;Q71UI9,Trimethyl (K),1.2998494530125295,1.2998494530125295,0.0087143339161962,0.4497799034994326,6,P0C0S5;Q71UI9,H2AZ1;H2AZ2,Histone H2A.Z;Histone H2A.V,H2AZ_HUMAN;H2AV_HUMAN,8,-59.38314198463992,0.4061685801536008,Unstim,P3C4,NA,NA,NA,P3C4,Unstim,-0.14603663392363217,1.4458860869361616,Robust
P3C4 / Unstim,Q71UI9_K75_M2_32,P0C0S5;Q71UI9,Trimethyl (K),1.2998494530125295,1.2998494530125295,0.0087143339161962,0.4497799034994326,6,P0C0S5;Q71UI9,H2AZ1;H2AZ2,Histone H2A.Z;Histone H2A.V,H2AZ_HUMAN;H2AV_HUMAN,8,-59.38314198463992,0.4061685801536008,Unstim,P3C4,NA,NA,NA,P3C4,Unstim,-0.14603663392363217,1.4458860869361616,Robust
P3C4+Nigericin / P3C4,Q92597_Y307_M1_31,Q92597,Sulfo (STY),-1.8537962956130405,1.8537962956130405,0.00865615920832771,0.4497799034994326,6,Q92597,NDRG1,Protein NDRG1,NDRG1_HUMAN,20,261.450051390399,3.61450051390399,P3C4,P3C4+Nigericin,NA,NA,NA,P3C4+Nigericin,P3C4,-0.7015406101241609,-1.1522556854888797,Robust
P3C4 / Unstim,Q9UKV3_C1223_M1_23,Q9UKV3,Myristoyl,5.537065887391892,5.537065887391892,0.0086152125213906,0.4497799034994326,6,Q9UKV3,ACIN1,Apoptotic chromatin condensation inducer in the nucleus,ACINU_HUMAN,80,-97.84634030762732,0.02153659692372683,Unstim,P3C4,NA,NA,NA,P3C4,Unstim,-0.08916924700753069,5.626235134399423,Robust
LPS+Nigericin / Unstim,Q9UQ80_C179_M1_24,Q9UQ80,Nitrosyl,-1.6727762615991837,1.6727762615991837,0.00869773212522143,0.4497799034994326,6,Q9UQ80,PA2G4,Proliferation-associated protein 2G4,PA2G4_HUMAN,37,218.8275418456993,3.188275418456993,Unstim,LPS+Nigericin,NA,NA,NA,LPS+Nigericin,Unstim,-0.8508106216289716,-0.8219656399702121,Robust
LPS+Nigericin / Unstim,O14979_Y281_M2_31,O14979,Sulfo (STY),-2.184053069665549,2.184053069665549,0.00874534300984801,0.4499305497772541,6,O14979,HNRNPDL,Heterogeneous nuclear ribonucleoprotein D-like,HNRDL_HUMAN,38,354.428421797187,4.54428421797187,Unstim,LPS+Nigericin,NA,NA,NA,LPS+Nigericin,Unstim,-1.049593634811638,-1.134459434853911,Robust
LPS+Nigericin / Unstim,O60318_T735_M1_28,O60318,Phospho (STY),-6.223451414127078,6.223451414127078,0.00875627100275938,0.4499305497772541,5,O60318,MCM3AP,Germinal-center associated nuclear protein,GANP_HUMAN,38,7372.149494796251,74.72149494796251,Unstim,LPS+Nigericin,NA,NA,NA,LPS+Nigericin,Unstim,-0.46258925205858686,-5.7608621620684914,Robust
P3C4+Nigericin / Unstim,O60293_K687_M1_17,O60293,GlyGly (K),-2.516890492766062,2.516890492766062,0.00884474876244726,0.45056055792784094,6,O60293,ZFC3H1,Zinc finger C3H1 domain-containing protein,ZC3H1_HUMAN,18,472.3471625604642,5.723471625604642,Unstim,P3C4+Nigericin,NA,NA,NA,P3C4+Nigericin,Unstim,-1.611418236556537,-0.9054722562095248,Robust
LPS+Nigericin / Unstim,O60234_T27_M1_31,O60234,Sulfo (STY),-9.731848378359532,9.731848378359532,0.0089431881341495,0.4507427712990457,6,O60234,GMFG,Glia maturation factor gamma,GMFG_HUMAN,21,84931.19354940622,850.3119354940623,Unstim,LPS+Nigericin,NA,NA,NA,LPS+Nigericin,Unstim,-0.6295927357719798,-9.102255642587552,Robust
P3C4+Nigericin / P3C4,O60318_S1818_M1_31,O60318,Sulfo (STY),-3.0327309489082515,3.0327309489082515,0.00907502780611978,0.4507427712990457,6,O60318,MCM3AP,Germinal-center associated nuclear protein,GANP_HUMAN,38,718.3573444532025,8.183573444532025,P3C4,P3C4+Nigericin,NA,NA,NA,P3C4+Nigericin,P3C4,-0.5640746708387702,-2.4686562780694814,Robust
P3C4 / Unstim,P07339_C290_M1_24,P07339,Nitrosyl,-2.0576326245727583,2.0576326245727583,0.00898740690913868,0.4507427712990457,6,P07339,CTSD,Cathepsin D,CATD_HUMAN,32,316.30261609484,4.1630261609484,Unstim,P3C4,NA,NA,NA,P3C4,Unstim,-0.5215098241539023,-1.5361228004188558,Robust
LPS+Nigericin / LPS,Q01469_K17_M1_22,Q01469,Methyl (KR),-2.335801264572541,2.335801264572541,0.00902316793614341,0.4507427712990457,6,Q01469,FABP5,Fatty acid-binding protein 5,FABP5_HUMAN,27,404.8312660832923,5.048312660832923,LPS,LPS+Nigericin,NA,NA,NA,LPS+Nigericin,LPS,-0.8275199554860493,-1.5082813090864915,Robust
P3C4+Nigericin / Unstim,Q13310_R530_M1_13,Q13310,Dimethyl (KR),-2.324366152162902,2.324366152162902,0.00902837869351443,0.4507427712990457,6,Q13310,PABPC4,Polyadenylate-binding protein 4,PABP4_HUMAN,45,400.84568063363395,5.00845680633634,Unstim,P3C4+Nigericin,NA,NA,NA,P3C4+Nigericin,Unstim,-1.081553384624914,-1.2428127675379883,Robust
P3C4+Nigericin / P3C4,Q9BUJ2_K418_M1_0,Q9BUJ2,Acetyl (K),2.8286145400436293,2.8286145400436293,0.00899107493831707,0.4507427712990457,6,Q9BUJ2,HNRNPUL1,Heterogeneous nuclear ribonucleoprotein U-like protein 1,HNRL1_HUMAN,52,-85.92325714474201,0.14076742855257984,P3C4,P3C4+Nigericin,NA,NA,NA,P3C4+Nigericin,P3C4,-0.3568804496930929,3.185494989736722,Robust
P3C4+Nigericin / Unstim,Q9UPN9_K953_M1_0,Q9UPN9,Acetyl (K),-3.4058777503478996,3.4058777503478996,0.00889651928580637,0.4507427712990457,6,Q9UPN9,TRIM33,E3 ubiquitin-protein ligase TRIM33,TRI33_HUMAN,33,959.9157957442078,10.599157957442078,Unstim,P3C4+Nigericin,NA,NA,NA,P3C4+Nigericin,Unstim,-1.4823027166836846,-1.923575033664215,Robust
P3C4+Nigericin / P3C4,P06280_S424_M2_31,P06280,Sulfo (STY),-1.878504751644961,1.878504751644961,0.00908646015291125,0.4507427712990457,5,P06280,GLA,Alpha-galactosidase A,AGAL_HUMAN,11,267.69377487405734,3.6769377487405737,P3C4,P3C4+Nigericin,NA,NA,NA,P3C4+Nigericin,P3C4,-1.1066039704390582,-0.7719007812059027,Robust
LPS / Unstim,Q9BYK8_T2632_M2_31,Q9BYK8,Sulfo (STY),-7.164949475981402,7.164949475981402,0.00903995977751293,0.4507427712990457,5,Q9BYK8,HELZ2,Helicase with zinc finger domain 2,HELZ2_HUMAN,89,14250.42322980513,143.5042322980513,Unstim,LPS,NA,NA,NA,LPS,Unstim,-0.24095689346624485,-6.923992582515157,Robust
P3C4 / Unstim,Q9BYK8_T2632_M2_31,Q9BYK8,Sulfo (STY),-6.97169835263148,6.97169835263148,0.0090584066318485,0.4507427712990457,5,Q9BYK8,HELZ2,Helicase with zinc finger domain 2,HELZ2_HUMAN,89,12451.346665523191,125.51346665523192,Unstim,P3C4,NA,NA,NA,P3C4,Unstim,-0.1632687238341168,-6.808429628797364,Robust
P3C4+Nigericin / P3C4,O15027_C46_M1_24,O15027,Nitrosyl,-6.709287030050385,6.709287030050385,0.0093493699552448,0.4511166467411068,6,O15027,SEC16A,Protein transport protein Sec16A,SC16A_HUMAN,71,10363.973847754536,104.63973847754536,P3C4,P3C4+Nigericin,NA,NA,NA,P3C4+Nigericin,P3C4,-1.635459327541272,-5.073827702509113,Robust
P3C4 / Unstim,O15355_K539_M1_23,O15355,Myristoyl,2.5048799293258255,2.5048799293258255,0.00931880200892551,0.4511166467411068,6,O15355,PPM1G,Protein phosphatase 1G,PPM1G_HUMAN,32,-82.38202433665865,0.17617975663341354,Unstim,P3C4,NA,NA,NA,P3C4,Unstim,0.0423298279428141,2.4625501013830116,Robust
P3C4 / Unstim,O15355_S537_M1_31,O15355,Sulfo (STY),2.5048799293258255,2.5048799293258255,0.00931880200892551,0.4511166467411068,6,O15355,PPM1G,Protein phosphatase 1G,PPM1G_HUMAN,32,-82.38202433665865,0.17617975663341354,Unstim,P3C4,NA,NA,NA,P3C4,Unstim,0.0423298279428141,2.4625501013830116,Robust
P3C4+Nigericin / Unstim,P23141_Y118_M2_31,P23141,Sulfo (STY),0.5872001324941816,0.5872001324941816,0.00938817384371525,0.4511166467411068,5,P23141,CES1,Liver carboxylesterase 1,EST1_HUMAN,57,-33.43665373087151,0.6656334626912849,Unstim,P3C4+Nigericin,NA,NA,NA,P3C4+Nigericin,Unstim,-0.18442853943058576,0.7716286719247674,Robust
LPS+Nigericin / LPS,P31040_K92_M1_32,P31040,Trimethyl (K),-8.81818610700254,8.81818610700254,0.00924616770471757,0.4511166467411068,6,P31040,SDHA,"Succinate dehydrogenase [ubiquinone] flavoprotein subunit, mitochondrial",SDHA_HUMAN,43,45037.60643995064,451.3760643995064,LPS,LPS+Nigericin,NA,NA,NA,LPS+Nigericin,LPS,0.6166773726864259,-9.434863479688964,Robust
LPS / Unstim,P31040_K92_M1_32,P31040,Trimethyl (K),9.165510411643902,9.165510411643902,0.00923908731359082,0.4511166467411068,6,P31040,SDHA,"Succinate dehydrogenase [ubiquinone] flavoprotein subunit, mitochondrial",SDHA_HUMAN,43,-99.8258568321302,0.001741431678698,Unstim,LPS,NA,NA,NA,LPS,Unstim,-0.6168470756791209,9.782357487323024,Robust
P3C4+Nigericin / P3C4,P51991_K118_M1_17,P51991,GlyGly (K),-5.039327333643132,5.039327333643132,0.00928205954592793,0.4511166467411068,6,P51991,HNRNPA3,Heterogeneous nuclear ribonucleoprotein A3,ROA3_HUMAN,42,3188.4306346913563,32.88430634691356,P3C4,P3C4+Nigericin,NA,NA,NA,P3C4+Nigericin,P3C4,-1.0599890818458293,-3.9793382517973024,Robust
P3C4+Nigericin / P3C4,P55072_K295_M1_18,P55072,Hex (K),-7.171624858876151,7.171624858876151,0.00914644316373331,0.4511166467411068,5,P55072,VCP,Transitional endoplasmic reticulum ATPase,TERA_HUMAN,95,14316.976819498232,144.16976819498234,P3C4,P3C4+Nigericin,NA,NA,NA,P3C4+Nigericin,P3C4,-0.9249009036762024,-6.246723955199949,Robust
P3C4+Nigericin / P3C4,Q04760_K140_M1_13,Q04760,Dimethyl (KR),-3.8340472076944665,3.8340472076944665,0.00935723776726906,0.4511166467411068,6,Q04760,GLO1,Lactoylglutathione lyase,LGUL_HUMAN,31,1326.143458767238,14.26143458767238,P3C4,P3C4+Nigericin,NA,NA,NA,P3C4+Nigericin,P3C4,-1.3496556174076495,-2.484391590286817,Robust
P3C4+Nigericin / P3C4,Q12965_K1107_M1_22,Q12965,Methyl (KR),-2.3006836294978816,2.3006836294978816,0.00926841900857298,0.4511166467411068,5,Q12965,MYO1E,Unconventional myosin-Ie,MYO1E_HUMAN,75,392.69117463219743,4.9269117463219745,P3C4,P3C4+Nigericin,NA,NA,NA,P3C4+Nigericin,P3C4,-0.306069870321525,-1.9946137591763566,Robust
P3C4+Nigericin / P3C4,Q86Y79_S181_M1_19,Q86Y79,HexNAc (ST),-3.1031907875658136,3.1031907875658136,0.00932025713535299,0.4511166467411068,6,Q86Y79,PTRH1,Peptidyl-tRNA hydrolase,PTH_HUMAN,13,759.3172092099437,8.593172092099437,P3C4,P3C4+Nigericin,NA,NA,NA,P3C4+Nigericin,P3C4,-0.6039632765787807,-2.499227510987033,Robust
P3C4+Nigericin / P3C4,Q86Y79_C179_M1_24,Q86Y79,Nitrosyl,-3.1031907875658136,3.1031907875658136,0.00932025713535299,0.4511166467411068,6,Q86Y79,PTRH1,Peptidyl-tRNA hydrolase,PTH_HUMAN,13,759.3172092099437,8.593172092099437,P3C4,P3C4+Nigericin,NA,NA,NA,P3C4+Nigericin,P3C4,-0.6039632765787807,-2.499227510987033,Robust
P3C4+Nigericin / Unstim,P50395_K379_M2_0,P50395,Acetyl (K),1.0949176878351563,1.0949176878351563,0.00915013406752919,0.4511166467411068,5,P50395,GDI2,Rab GDP dissociation inhibitor beta,GDIB_HUMAN,51,-53.18371662740816,0.4681628337259184,Unstim,P3C4+Nigericin,NA,NA,NA,P3C4+Nigericin,Unstim,-1.105074757254538,2.1999924450896944,Robust
P3C4 / Unstim,Q9UPW0_K210_M1_13,Q9UPW0,Dimethyl (KR),2.485945770841862,2.485945770841862,0.00942125859089269,0.4512803763989678,6,Q9UPW0,FOXJ3,Forkhead box protein J3,FOXJ3_HUMAN,16,-82.14927927958932,0.17850720720410682,Unstim,P3C4,NA,NA,NA,P3C4,Unstim,0.09343359340625387,2.392512177435608,Robust
P3C4 / Unstim,P62937_K125_M1_32,P62937,Trimethyl (K),1.0027070627754588,1.0027070627754588,0.00961716400459962,0.451287710708068,5,P62937,PPIA,Peptidyl-prolyl cis-trans isomerase A,PPIA_HUMAN,28,-50.09373168028801,0.4990626831971199,Unstim,P3C4,NA,NA,NA,P3C4,Unstim,0.30521499052354456,0.6974920722519142,Robust
P3C4+Nigericin / P3C4,Q09666_K371_M1_13,Q09666,Dimethyl (KR),3.5185002782665333,3.5185002782665333,0.00945013300061944,0.451287710708068,6,Q09666,AHNAK,Neuroblast differentiation-associated protein AHNAK,AHNK_HUMAN,760,-91.27378565533417,0.08726214344665842,P3C4,P3C4+Nigericin,NA,NA,NA,P3C4+Nigericin,P3C4,-0.9867293298478134,4.505229608114346,Robust
P3C4+Nigericin / Unstim,Q562R1_S304_M1_31,Q562R1,Sulfo (STY),2.6784622889391825,2.6784622889391825,0.00962549387410666,0.451287710708068,5,Q562R1,ACTBL2,Beta-actin-like protein 2,ACTBL_HUMAN,16,-84.37922745065,0.15620772549349995,Unstim,P3C4+Nigericin,NA,NA,NA,P3C4+Nigericin,Unstim,-0.3848865341490586,3.063348823088241,Robust
LPS+Nigericin / LPS,Q96AQ6_R283_M1_13,Q96AQ6,Dimethyl (KR),-6.947028707033056,6.947028707033056,0.00947479312861711,0.451287710708068,6,Q96AQ6,PBXIP1,Pre-B-cell leukemia transcription factor-interacting protein 1,PBIP1_HUMAN,37,12238.547051502504,123.38547051502502,LPS,LPS+Nigericin,NA,NA,NA,LPS+Nigericin,LPS,-0.0146534468112782,-6.932375260221778,Robust
LPS+Nigericin / Unstim,Q9BX68_R99_M1_13,Q9BX68,Dimethyl (KR),1.6879975984194615,1.6879975984194615,0.00962256695748208,0.451287710708068,5,Q9BX68,HINT2,Adenosine 5'-monophosphoramidase HINT2,HINT2_HUMAN,15,-68.96426104828524,0.31035738951714764,Unstim,LPS+Nigericin,NA,NA,NA,LPS+Nigericin,Unstim,0.11378679808841746,1.574210800331044,Robust
LPS+Nigericin / LPS,O14979_C277_M1_23,O14979,Myristoyl,-3.0733210738464916,3.0733210738464916,0.00968299055978526,0.4514256015499991,6,O14979,HNRNPDL,Heterogeneous nuclear ribonucleoprotein D-like,HNRDL_HUMAN,38,741.7087260019226,8.417087260019226,LPS,LPS+Nigericin,NA,NA,NA,LPS+Nigericin,LPS,-0.738971073178826,-2.3343500006676656,Robust
P3C4 / Unstim,P07203_S34_M2_19,P07203,HexNAc (ST),-8.282272804589141,8.282272804589141,0.00976864288747102,0.45165577006562513,5,P07203,GPX1,Glutathione peroxidase 1,GPX1_HUMAN,25,31032.396033876677,311.32396033876677,Unstim,P3C4,NA,NA,NA,P3C4,Unstim,0.25868616725434374,-8.540958971843486,Robust
P3C4 / Unstim,P07203_C2_M1_24,P07203,Nitrosyl,-8.363368689962817,8.363368689962817,0.00976759460479687,0.45165577006562513,6,P07203,GPX1,Glutathione peroxidase 1,GPX1_HUMAN,25,32832.51061464569,329.3251061464569,Unstim,P3C4,NA,NA,NA,P3C4,Unstim,0.25868616725434374,-8.622054857217162,Robust
P3C4+Nigericin / Unstim,Cont_P68103_K408_M1_17,Cont_P68103;P68104,GlyGly (K),-2.404738937517815,2.404738937517815,0.0098473782084633,0.45196104398821985,6,Cont_P68103;P68104,EEF1A1,Elongation factor 1-alpha 1,EF1A1_BOVIN;EF1A1_HUMAN,61,429.53973277193586,5.295397327719359,Unstim,P3C4+Nigericin,NA,NA,NA,P3C4+Nigericin,Unstim,-0.7758687246921782,-1.6288702128256367,Robust
P3C4+Nigericin / Unstim,P68104_K408_M1_17,Cont_P68103;P68104,GlyGly (K),-2.404738937517815,2.404738937517815,0.0098473782084633,0.45196104398821985,6,Cont_P68103;P68104,EEF1A1,Elongation factor 1-alpha 1,EF1A1_BOVIN;EF1A1_HUMAN,61,429.53973277193586,5.295397327719359,Unstim,P3C4+Nigericin,NA,NA,NA,P3C4+Nigericin,Unstim,-0.7758687246921782,-1.6288702128256367,Robust
P3C4+Nigericin / Unstim,O15446_R59_M1_13,O15446,Dimethyl (KR),-2.6488923009171654,2.6488923009171654,0.00982373482045176,0.45196104398821985,6,O15446,POLR1G,DNA-directed RNA polymerase I subunit RPA34,RPA34_HUMAN,26,527.1855412871594,6.271855412871594,Unstim,P3C4+Nigericin,NA,NA,NA,P3C4+Nigericin,Unstim,-0.8082715722718996,-1.8406207286452658,Robust
P3C4+Nigericin / Unstim,P00491_C31_M2_23,P00491,Myristoyl,0.5753426936299318,0.5753426936299318,0.00990378285069808,0.45196104398821985,4,P00491,PNP,Purine nucleoside phosphorylase,PNPH_HUMAN,33,-32.88731850782004,0.6711268149217996,Unstim,P3C4+Nigericin,NA,NA,NA,P3C4+Nigericin,Unstim,-1.3009717880948155,1.8763144817247475,Robust
LPS+Nigericin / Unstim,P24752_C126_M2_24,P24752,Nitrosyl,-9.119904575872518,9.119904575872518,0.00982352499072556,0.45196104398821985,5,P24752,ACAT1,"Acetyl-CoA acetyltransferase, mitochondrial",THIL_HUMAN,47,55537.144833909086,556.3714483390909,Unstim,LPS+Nigericin,NA,NA,NA,LPS+Nigericin,Unstim,-0.12269209716142734,-8.99721247871109,Robust
P3C4+Nigericin / P3C4,P49588_K898_M1_17,P49588,GlyGly (K),-1.9593023524486155,1.9593023524486155,0.00979492718756306,0.45196104398821985,6,P49588,AARS1,"Alanine--tRNA ligase, cytoplasmic",SYAC_HUMAN,62,288.8738847992967,3.888738847992967,P3C4,P3C4+Nigericin,NA,NA,NA,P3C4+Nigericin,P3C4,-0.9486729123872544,-1.0106294400613611,Robust
P3C4+Nigericin / Unstim,Q15907_T59_M1_31,Q15907,Sulfo (STY),-1.0444292613747677,1.0444292613747677,0.00981935551311174,0.45196104398821985,4,Q15907,RAB11B,Ras-related protein Rab-11B,RB11B_HUMAN,24,106.25502402027878,2.062550240202788,Unstim,P3C4+Nigericin,NA,NA,NA,P3C4+Nigericin,Unstim,-0.1980606470627045,-0.8463686143120632,Robust
LPS / Unstim,Q92835_T1012_M1_31,Q92835,Sulfo (STY),2.0885038554997792,2.0885038554997792,0.00988194188336256,0.45196104398821985,6,Q92835,INPP5D,"Phosphatidylinositol 3,4,5-trisphosphate 5-phosphatase 1",SHIP1_HUMAN,74,-76.4875603722,0.23512439627800005,Unstim,LPS,NA,NA,NA,LPS,Unstim,-0.31235135366624583,2.400855209166025,Robust
P3C4+Nigericin / Unstim,Q9ULC4_K122_M1_22,Q9ULC4,Methyl (KR),-2.9443738192657825,2.9443738192657825,0.0098230564415624309,0.45196104398821985,6,Q9ULC4,MCTS1,Malignant T-cell-amplified sequence 1,MCTS1_HUMAN,9,669.7413869475563,7.697413869475563,Unstim,P3C4+Nigericin,NA,NA,NA,P3C4+Nigericin,Unstim,-1.3400903898136904,-1.604283429452092,Robust
P3C4+Nigericin / Unstim,Cont_P68103_C411_M2_23,Cont_P68103;P68104,Myristoyl,-2.3214639982556182,2.3214639982556182,0.00992946400594617,0.4522442902527566,6,Cont_P68103;P68104,EEF1A1,Elongation factor 1-alpha 1,EF1A1_BOVIN;EF1A1_HUMAN,61,399.8391822320009,4.998391822320009,Unstim,P3C4+Nigericin,NA,NA,NA,P3C4+Nigericin,Unstim,-0.7758687246921782,-1.54559527356344,Robust
P3C4+Nigericin / Unstim,P68104_C411_M2_23,Cont_P68103;P68104,Myristoyl,-2.3214639982556182,2.3214639982556182,0.00992946400594617,0.4522442902527566,6,Cont_P68103;P68104,EEF1A1,Elongation factor 1-alpha 1,EF1A1_BOVIN;EF1A1_HUMAN,61,399.8391822320009,4.998391822320009,Unstim,P3C4+Nigericin,NA,NA,NA,P3C4+Nigericin,Unstim,-0.7758687246921782,-1.54559527356344,Robust
P3C4+Nigericin / P3C4,Q86V81_K235_M1_13,Q86V81,Dimethyl (KR),-2.855138244157554,2.855138244157554,0.00998204289798279,0.4522953687550076,6,Q86V81,ALYREF,THO complex subunit 4,THOC4_HUMAN,25,623.5728340432199,7.2357283404322,P3C4,P3C4+Nigericin,NA,NA,NA,P3C4+Nigericin,P3C4,-1.3837546432467842,-1.4713836009107697,Robust
P3C4+Nigericin / P3C4,O60784_R373_M1_22,O60784,Methyl (KR),-1.9946276190164829,1.9946276190164829,0.01011088073642777,0.4532456152024203,5,O60784,TOM1,Target of Myb1 membrane trafficking protein,TOM1_HUMAN,28,298.5132296808174,3.985132296808174,P3C4,P3C4+Nigericin,NA,NA,NA,P3C4+Nigericin,P3C4,-1.3284606273231976,-0.6661669916932853,Robust
P3C4+Nigericin / P3C4,P14317_S275_M1_28,P14317,Phospho (STY),-3.1336617124031965,3.1336617124031965,0.01012253514094601,0.4533877162578629,6,P14317,HCLS1,Hematopoietic lineage cell-specific protein,HCLS1_HUMAN,51,777.6597295648065,8.776597295648065,P3C4,P3C4+Nigericin,NA,NA,NA,P3C4+Nigericin,P3C4,-1.4382785635146582,-1.6953831488885382,Robust
LPS / Unstim,P09525_K9_M1_10,P09525,Crotonyl,-5.670914231701836,5.670914231701836,0.01018104573660935,0.4538459958303805,5,P09525,ANXA4,Annexin A4,ANXA4_HUMAN,43,4994.660945312374,50.94660945312374,Unstim,LPS,NA,NA,NA,LPS,Unstim,-0.2036765990328336,-5.467237632669002,Robust
P3C4+Nigericin / Unstim,Q86UE4_K246_M2_10,Q86UE4,Crotonyl,3.099372369337077,3.099372369337077,0.01021563558362709,0.4539946896114267,6,Q86UE4,MTDH,Protein LYRIC,LYRIC_HUMAN,52,-88.33201266360928,0.11667987336390712,Unstim,P3C4+Nigericin,NA,NA,NA,P3C4+Nigericin,Unstim,-1.8416868049741248,4.941059174311202,Robust
P3C4+Nigericin / Unstim,Q86UE4_K245_M2_10,Q86UE4,Crotonyl,3.099372369337077,3.099372369337077,0.01021563558362709,0.4539946896114267,6,Q86UE4,MTDH,Protein LYRIC,LYRIC_HUMAN,52,-88.33201266360928,0.11667987336390712,Unstim,P3C4+Nigericin,NA,NA,NA,P3C4+Nigericin,Unstim,-1.8416868049741248,4.941059174311202,Robust
P3C4+Nigericin / Unstim,Q86V81_K235_M1_13,Q86V81,Dimethyl (KR),-2.776641534299354,2.776641534299354,0.01026932127196,0.4541012816698668,5,Q86V81,ALYREF,THO complex subunit 4,THOC4_HUMAN,25,585.2552776311032,6.8525527763110325,Unstim,P3C4+Nigericin,NA,NA,NA,P3C4+Nigericin,Unstim,-1.7052985338815134,-1.0713430004178404,Robust
P3C4+Nigericin / P3C4,Q16576_C277_M1_24,Q16576,Nitrosyl,-1.720991771166829,1.720991771166829,0.01035024177261923,0.45521429004842656,6,Q16576,RBBP7,Histone-binding protein RBBP7,RBBP7_HUMAN,27,229.66295364684728,3.296629536468473,P3C4,P3C4+Nigericin,NA,NA,NA,P3C4+Nigericin,P3C4,-1.10996181165418,-0.6110299595126489,Robust
LPS / Unstim,P07237_K401_M1_13,P07237,Dimethyl (KR),-1.593250773884174,1.593250773884174,0.0105005418916641,0.4556498147864233,6,P07237,P4HB,Protein disulfide-isomerase,PDIA1_HUMAN,110,201.72845818867532,3.017284581886753,Unstim,LPS,NA,NA,NA,LPS,Unstim,7.5644163386208e-4,-1.594007215518036,Robust
P3C4+Nigericin / P3C4,Q15942_R5_M1_13,Q15942,Dimethyl (KR),-2.1390687422142394,2.1390687422142394,0.01050253244123873,0.4556498147864233,6,Q15942,ZYX,Zyxin,ZYX_HUMAN,42,340.4776268250302,4.404776268250302,P3C4,P3C4+Nigericin,NA,NA,NA,P3C4+Nigericin,P3C4,-1.372666386605404,-0.7664023556088353,Robust
LPS+Nigericin / Unstim,Q9H1B7_C385_M1_24,Q9H1B7,Nitrosyl,-4.39252596176823,4.39252596176823,0.01050274294323537,0.4556498147864233,6,Q9H1B7,IRF2BPL,Probable E3 ubiquitin-protein ligase IRF2BPL,I2BPL_HUMAN,36,2000.3035731863863,21.003035731863864,Unstim,LPS+Nigericin,NA,NA,NA,LPS+Nigericin,Unstim,-1.005421680184417,-3.3871042815838135,Robust
P3C4+Nigericin / P3C4,P02545_T10_M1_31,P02545,Sulfo (STY),2.203818966603325,2.203818966603325,0.01050770803757058,0.4556498147864233,4,P02545,LMNA,Prelamin-A/C,LMNA_HUMAN,127,-78.2937707226818,0.2170622927731821,P3C4,P3C4+Nigericin,NA,NA,NA,P3C4+Nigericin,P3C4,-0.4280964714736986,2.6319154380770238,Robust
P3C4+Nigericin / P3C4,O94966_C833_M1_24,O94966,Nitrosyl,-2.503900565726727,2.503900565726727,0.0105762080408119,0.4560066002607036,6,O94966,USP19,Ubiquitin carboxyl-terminal hydrolase 19,UBP19_HUMAN,25,467.21691886755286,5.672169188675529,P3C4,P3C4+Nigericin,NA,NA,NA,P3C4+Nigericin,P3C4,-0.9770264887926944,-1.5268740769340328,Robust
P3C4+Nigericin / P3C4,Q06323_T23_M2_31,Q06323,Sulfo (STY),-3.0084872309010384,3.0084872309010384,0.01058832832020459,0.456093162445733,5,Q06323,PSME1,Proteasome activator complex subunit 1,PSME1_HUMAN,26,704.720190728046,8.04720190728046,P3C4,P3C4+Nigericin,NA,NA,NA,P3C4+Nigericin,P3C4,-1.2181674521578347,-1.7903197787432037,Robust
P3C4+Nigericin / Unstim,Cont_P68103_C411_M1_24,Cont_P68103;P68104,Nitrosyl,0.756025058868021,0.756025058868021,0.01069860330911302,0.45633149843018217,6,Cont_P68103;P68104,EEF1A1,Elongation factor 1-alpha 1,EF1A1_BOVIN;EF1A1_HUMAN,61,-40.78744790771,0.5921255209229,Unstim,P3C4+Nigericin,NA,NA,NA,P3C4+Nigericin,Unstim,-0.7758687246921782,1.5318937835601991,Robust
P3C4+Nigericin / Unstim,P68104_C411_M1_24,Cont_P68103;P68104,Nitrosyl,0.756025058868021,0.756025058868021,0.01069860330911302,0.45633149843018217,6,Cont_P68103;P68104,EEF1A1,Elongation factor 1-alpha 1,EF1A1_BOVIN;EF1A1_HUMAN,61,-40.78744790771,0.5921255209229,Unstim,P3C4+Nigericin,NA,NA,NA,P3C4+Nigericin,Unstim,-0.7758687246921782,1.5318937835601991,Robust
LPS+Nigericin / Unstim,P04075_K342_M1_32,P04075,Trimethyl (K),0.831874248474695,0.831874248474695,0.01064572222022571,0.45633149843018217,6,P04075,ALDOA,Fructose-bisphosphate aldolase A,ALDOA_HUMAN,60,-43.82010818002882,0.5617989181997118,Unstim,LPS+Nigericin,NA,NA,NA,LPS+Nigericin,Unstim,-0.49458061259773994,1.326454861072435,Robust
LPS+Nigericin / Unstim,Q6PJG2_C502_M1_24,Q6PJG2,Nitrosyl,-2.0285975897367954,2.0285975897367954,0.01075291356354365,0.45633149843018217,6,Q6PJG2,MIDEAS,Mitotic deacetylase-associated SANT domain protein,MDEAS_HUMAN,40,308.00804233074405,4.08008042330744,Unstim,LPS+Nigericin,NA,NA,NA,LPS+Nigericin,Unstim,-1.08132952161221,-0.9472680681245853,Robust
P3C4+Nigericin / P3C4,Q92945_R304_M1_22,Q92945,Methyl (KR),-2.427077287186212,2.427077287186212,0.01077332100021644,0.4564775377116411,4,Q92945,KHSRP,Far upstream element-binding protein 2,FUBP2_HUMAN,56,437.8028077361073,5.378028077361073,P3C4,P3C4+Nigericin,NA,NA,NA,P3C4+Nigericin,P3C4,-1.3714750125394666,-1.0556022746467453,Robust
P3C4+Nigericin / P3C4,P04899_R143_M1_13,P04899,Dimethyl (KR),-1.166659500989858,1.166659500989858,0.0107943479981344,0.4567792095518017,6,P04899,GNAI2,Guanine nucleotide-binding protein G(i) subunit alpha-2,GNAI2_HUMAN,18,124.49129464032596,2.2449129464032596,P3C4,P3C4+Nigericin,NA,NA,NA,P3C4+Nigericin,P3C4,-0.06653465735739764,-1.1001248436324602,Robust
LPS+Nigericin / Unstim,P00491_C206_M1_24,P00491,Nitrosyl,-1.4374280887734237,1.4374280887734237,0.01091568597031787,0.45682637231138606,6,P00491,PNP,Purine nucleoside phosphorylase,PNPH_HUMAN,33,170.837609132973,2.70837609132973,Unstim,LPS+Nigericin,NA,NA,NA,LPS+Nigericin,Unstim,-0.7887906973519254,-0.6486373914214982,Robust
P3C4+Nigericin / P3C4,P04075_R134_M1_22,P04075,Methyl (KR),-1.6612804185312404,1.6612804185312404,0.01081272955670849,0.45682637231138606,6,P04075,ALDOA,Fructose-bisphosphate aldolase A,ALDOA_HUMAN,60,216.29711975395705,3.1629711975395702,P3C4,P3C4+Nigericin,NA,NA,NA,P3C4+Nigericin,P3C4,-0.8986536171338553,-0.7626268013973851,Robust
LPS / Unstim,P09661_C89_M1_24,P09661,Nitrosyl,6.321003990570037,6.321003990570037,0.01083722194100879,0.45682637231138606,6,P09661,SNRPA1,U2 small nuclear ribonucleoprotein A',RU2A_HUMAN,37,-98.7491990681352,0.01250800931864807,Unstim,LPS,NA,NA,NA,LPS,Unstim,-0.22566435969264317,6.54666835026268,Robust
LPS+Nigericin / LPS,P17844_R502_M1_13,P17844,Dimethyl (KR),-1.7798781645775457,1.7798781645775457,0.01091162842649306,0.45682637231138606,5,P17844,DDX5,Probable ATP-dependent RNA helicase DDX5,DDX5_HUMAN,65,243.3971735006045,3.433971735006045,LPS,LPS+Nigericin,NA,NA,NA,LPS+Nigericin,LPS,-0.14184733630927066,-1.638030828268275,Robust
LPS+Nigericin / LPS,P21796_K256_M1_17,P21796,GlyGly (K),2.699228860258073,2.699228860258073,0.0109400867560995,0.45682637231138606,6,P21796,VDAC1,Voltage-dependent anion-selective channel protein 1,VDAC1_HUMAN,42,-84.60246684552666,0.15397533154473336,LPS,LPS+Nigericin,NA,NA,NA,LPS+Nigericin,LPS,0.6258868069211707,2.0733420533369022,Robust
P3C4+Nigericin / P3C4,Q09666_K3157_M2_17,Q09666,GlyGly (K),-11.312230952871062,11.312230952871062,0.01095901587658196,0.45682637231138606,6,Q09666,AHNAK,Neuroblast differentiation-associated protein AHNAK,AHNK_HUMAN,760,254185.05405930983,2542.8505405930982,P3C4,P3C4+Nigericin,NA,NA,NA,P3C4+Nigericin,P3C4,-0.9867293298478134,-10.325501623023248,Robust
P3C4+Nigericin / P3C4,Q09666_K3939_M2_17,Q09666,GlyGly (K),-11.312230952871062,11.312230952871062,0.01095901587658196,0.45682637231138606,6,Q09666,AHNAK,Neuroblast differentiation-associated protein AHNAK,AHNK_HUMAN,760,254185.05405930983,2542.8505405930982,P3C4,P3C4+Nigericin,NA,NA,NA,P3C4+Nigericin,P3C4,-0.9867293298478134,-10.325501623023248,Robust
P3C4+Nigericin / P3C4,Q8WWB7_T212_M2_31,Q8WWB7,Sulfo (STY),-1.1334355079008511,1.1334355079008511,0.01098327131649181,0.45682637231138606,5,Q8WWB7,GLMP,Glycosylated lysosomal membrane protein,GLMP_HUMAN,5,119.38053235976083,2.1938053235976085,P3C4,P3C4+Nigericin,NA,NA,NA,P3C4+Nigericin,P3C4,-0.5063834561855837,-0.6270520517152675,Robust
P3C4 / Unstim,Cont_Q3SYV4_S266_M1_31,Cont_Q3SYV4,Sulfo (STY),-1.6180073749133947,1.6180073749133947,0.011023768240055,0.4569172456488385,6,Cont_Q3SYV4,CAP1,Adenylyl cyclase-associated protein 1,CAP1_BOVIN,11,206.95078829803236,3.0695078829803237,Unstim,P3C4,NA,NA,NA,P3C4,Unstim,-0.37433303479118973,-1.243674340122205,Robust
P3C4 / Unstim,P46940_T407_M2_31,P46940,Sulfo (STY),2.9418390410912973,2.9418390410912973,0.01109799097429826,0.4570308843734128,6,P46940,IQGAP1,Ras GTPase-activating-like protein IQGAP1,IQGA1_HUMAN,148,-86.98577813645593,0.13014221863544068,Unstim,P3C4,NA,NA,NA,P3C4,Unstim,-0.08881482040748638,3.030653861498784,Robust
P3C4+Nigericin / P3C4,P19338_K370_M1_10,P19338,Crotonyl,-3.3934209880193493,3.3934209880193493,0.01115492466647748,0.4575499155884048,6,P19338,NCL,Nucleolin,NUCL_HUMAN,83,950.8034870595916,10.508034870595916,P3C4,P3C4+Nigericin,NA,NA,NA,P3C4+Nigericin,P3C4,-1.1053579812033816,-2.2880630068159675,Robust
LPS+Nigericin / Unstim,O94804_S438_M1_28,O94804,Phospho (STY),-2.8255447553149495,2.8255447553149495,0.01140638848476204,0.45757778317722286,6,O94804,STK10,Serine/threonine-protein kinase 10,STK10_HUMAN,73,608.8816353466068,7.0888163534660675,Unstim,LPS+Nigericin,NA,NA,NA,LPS+Nigericin,Unstim,-0.4776707542163377,-2.347874001098612,Robust
LPS+Nigericin / LPS,P00441_K24_M2_32,P00441,Trimethyl (K),-3.2321757973268905,3.2321757973268905,0.01130092771007137,0.45757778317722286,5,P00441,SOD1,Superoxide dismutase [Cu-Zn],SODC_HUMAN,22,839.6840737143672,9.396840737143672,LPS,LPS+Nigericin,NA,NA,NA,LPS+Nigericin,LPS,-0.6712599137580809,-2.5609158835688097,Robust
P3C4+Nigericin / Unstim,P14314_K301_M1_18,P14314,Hex (K),2.582433067200272,2.582433067200272,0.01144931176348062,0.45757778317722286,6,P14314,PRKCSH,Glucosidase 2 subunit beta,GLU2B_HUMAN,42,-83.3040865401767,0.166959134598233,Unstim,P3C4+Nigericin,NA,NA,NA,P3C4+Nigericin,Unstim,-0.1851091356309602,2.7675422028312324,Robust
P3C4+Nigericin / P3C4,P17535_S100_M1_28,P17535,Phospho (STY),-2.0285416926771727,2.0285416926771727,0.01124263585326943,0.45757778317722286,6,P17535,JUND,Transcription factor JunD,JUND_HUMAN,15,307.9922344105589,4.079922344105589,P3C4,P3C4+Nigericin,NA,NA,NA,P3C4+Nigericin,P3C4,-1.393180317416083,-0.6353613752610896,Robust
LPS+Nigericin / LPS,P17980_T309_M1_31,P17980,Sulfo (STY),-0.9841762933859448,0.9841762933859448,0.01133781901811829,0.45757778317722286,5,P17980,PSMC3,26S proteasome regulatory subunit 6A,PRS6A_HUMAN,49,97.81835466091133,1.978183546609113,LPS,LPS+Nigericin,NA,NA,NA,LPS+Nigericin,LPS,-0.35531205632275686,-0.628864237063188,Robust
P3C4+Nigericin / P3C4,P28838_C445_M1_24,P28838,Nitrosyl,-7.806972012244767,7.806972012244767,0.01143906453002988,0.45757778317722286,6,P28838,LAP3,Cytosol aminopeptidase,AMPL_HUMAN,50,22294.055540902067,223.94055540902067,P3C4,P3C4+Nigericin,NA,NA,NA,P3C4+Nigericin,P3C4,-0.7839503218865997,-7.023021690358167,Robust
LPS+Nigericin / Unstim,P61020_S184_M1_31,P61020,Sulfo (STY),7.226785847709342,7.226785847709342,0.011448026172995,0.45757778317722286,6,P61020,RAB5B,Ras-related protein Rab-5B,RAB5B_HUMAN,11,-99.33239329837572,0.00667606701624282,Unstim,LPS+Nigericin,NA,NA,NA,LPS+Nigericin,Unstim,0.05155508031280562,7.1752307673965365,Robust
P3C4+Nigericin / Unstim,Q9H1B7_C385_M1_24,Q9H1B7,Nitrosyl,-3.5781115794116474,3.5781115794116474,0.01138994319942214,0.45757778317722286,6,Q9H1B7,IRF2BPL,Probable E3 ubiquitin-protein ligase IRF2BPL,I2BPL_HUMAN,36,1094.315072533476,11.94315072533476,Unstim,P3C4+Nigericin,NA,NA,NA,P3C4+Nigericin,Unstim,-1.643335901487647,-1.9347756779240004,Robust
P3C4+Nigericin / Unstim,Q9H6F5_S47_M1_28,Q9H6F5,Phospho (STY),-2.097154233484994,2.097154233484994,0.01124017846533122,0.45757778317722286,5,Q9H6F5,CCDC86,Coiled-coil domain-containing protein 86,CCD86_HUMAN,24,327.8645742155117,4.278645742155117,Unstim,P3C4+Nigericin,NA,NA,NA,P3C4+Nigericin,Unstim,-0.6999622414163598,-1.3971919920686344,Robust
P3C4+Nigericin / Unstim,Q9H8Y8_R47_M1_13,Q9H8Y8,Dimethyl (KR),-1.6880372130244146,1.6880372130244146,0.0113562287201215,0.45757778317722286,6,Q9H8Y8,GORASP2,Golgi reassembly-stacking protein 2,GORS2_HUMAN,16,222.21802763728763,3.2221802763728764,Unstim,P3C4+Nigericin,NA,NA,NA,P3C4+Nigericin,Unstim,-0.751844090252894,-0.9361931227715206,Robust
P3C4+Nigericin / Unstim,O60306_Y50_M1_31,O60306,Sulfo (STY),-3.901584838832029,3.901584838832029,0.01134733988101373,0.45757778317722286,5,O60306,AQR,RNA helicase aquarius,AQR_HUMAN,49,1394.493625994927,14.944936259949271,Unstim,P3C4+Nigericin,NA,NA,NA,P3C4+Nigericin,Unstim,-0.7204864139139288,-3.1810984249181002,Robust
LPS+Nigericin / Unstim,P53999_K114_M1_22,P53999,Methyl (KR),-6.421688454594944,6.421688454594944,0.0114799580586608,0.4576315480286871,4,P53999,SUB1,Activated RNA polymerase II transcriptional coactivator p15,TCP4_HUMAN,20,8472.763594607412,85.72763594607412,Unstim,LPS+Nigericin,NA,NA,NA,LPS+Nigericin,Unstim,-0.709961957187374,-5.711726497407571,Robust
P3C4 / Unstim,P30044_C100_M1_24,P30044,Nitrosyl,1.8214742734284728,1.8214742734284728,0.0115335727800533,0.4579674379409846,6,P30044,PRDX5,"Peroxiredoxin-5, mitochondrial",PRDX5_HUMAN,20,-71.7068301093952,0.282931698906048,Unstim,P3C4,NA,NA,NA,P3C4,Unstim,0.12436704199600145,1.6971072314324713,Robust
P3C4+Nigericin / P3C4,P46940_T407_M2_31,P46940,Sulfo (STY),-2.8591977616816244,2.8591977616816244,0.01153716459515404,0.4579674379409846,6,P46940,IQGAP1,Ras GTPase-activating-like protein IQGAP1,IQGA1_HUMAN,148,625.6117216983585,7.256117216983585,P3C4,P3C4+Nigericin,NA,NA,NA,P3C4+Nigericin,P3C4,-0.8194506632649,-2.0397470984167243,Robust
LPS+Nigericin / Unstim,P07203_K166_M2_13,P07203,Dimethyl (KR),-0.7479760053283651,0.7479760053283651,0.01161117303631683,0.45813855471559006,4,P07203,GPX1,Glutathione peroxidase 1,GPX1_HUMAN,25,67.94350535625895,1.6794350535625897,Unstim,LPS+Nigericin,NA,NA,NA,LPS+Nigericin,Unstim,-0.02135579486380683,-0.7266202104645583,Robust
P3C4+Nigericin / P3C4,P21964_C207_M1_24,P21964,Nitrosyl,5.33948807700899,5.33948807700899,0.01164773862291997,0.45813855471559006,6,P21964,COMT,Catechol O-methyltransferase,COMT_HUMAN,28,-97.53024469291296,0.02469755307087041,P3C4,P3C4+Nigericin,NA,NA,NA,P3C4+Nigericin,P3C4,-0.2330316975719408,5.572519774580931,Robust
P3C4 / Unstim,Q04760_K28_M1_17,Q04760,GlyGly (K),2.4027437506618834,2.4027437506618834,0.01170686873064325,0.45813855471559006,6,Q04760,GLO1,Lactoylglutathione lyase,LGUL_HUMAN,31,-81.08954148483585,0.18910458515164152,Unstim,P3C4,NA,NA,NA,P3C4,Unstim,0.3888720880432915,2.013871662618592,Robust
P3C4+Nigericin / P3C4,Q99798_K458_M1_10,Q99798,Crotonyl,-0.8937121427966667,0.8937121427966667,0.01171601566970687,0.45813855471559006,6,Q99798,ACO2,"Aconitate hydratase, mitochondrial",ACON_HUMAN,68,85.7950599446796,1.857950599446796,P3C4,P3C4+Nigericin,NA,NA,NA,P3C4+Nigericin,P3C4,-0.2922310585500698,-0.6014810842465969,Robust
LPS / Unstim,Q9BU61_T152_M1_31,Q9BU61,Sulfo (STY),6.347662716913234,6.347662716913234,0.01180840951133368,0.4583784599989757,6,Q9BU61,NDUFAF3,NADH dehydrogenase [ubiquinone] 1 alpha subcomplex assembly factor 3,NDUF3_HUMAN,9,-98.7720996593438,0.01227900340656186,Unstim,LPS,NA,NA,NA,LPS,Unstim,-0.19512738810480293,6.542790105018037,Robust
P3C4+Nigericin / P3C4,O94804_S438_M1_28,O94804,Phospho (STY),-3.788791517496732,3.788791517496732,0.01185418566098424,0.4586255539471372,6,O94804,STK10,Serine/threonine-protein kinase 10,STK10_HUMAN,73,1282.1013592412964,13.821013592412966,P3C4,P3C4+Nigericin,NA,NA,NA,P3C4+Nigericin,P3C4,-0.6945386305090718,-3.09425288698766,Robust
P3C4+Nigericin / P3C4,Q15942_K25_M1_22,Q15942,Methyl (KR),-2.0512712698251536,2.0512712698251536,0.01186935184315908,0.45864149163859574,6,Q15942,ZYX,Zyxin,ZYX_HUMAN,42,314.47103105012457,4.144710310501246,P3C4,P3C4+Nigericin,NA,NA,NA,P3C4+Nigericin,P3C4,-1.372666386605404,-0.6786048832197495,Robust
LPS+Nigericin / Unstim,P54652_K129_M2_0,P54652,Acetyl (K),-6.056520952970354,6.056520952970354,0.011953322112901,0.4592047150845138,4,P54652,HSPA2,Heat shock-related 70 kDa protein 2,HSP72_HUMAN,38,6555.711309187649,66.55711309187649,Unstim,LPS+Nigericin,NA,NA,NA,LPS+Nigericin,Unstim,-0.5349371549310042,-5.52158379803935,Robust
P3C4+Nigericin / P3C4,P17813_T295_M1_31,P17813,Sulfo (STY),-1.0929853950639183,1.0929853950639183,0.01202951783975896,0.45982930915944664,6,P17813,ENG,Endoglin,EGLN_HUMAN,20,113.31499668872728,2.133149966887273,P3C4,P3C4+Nigericin,NA,NA,NA,P3C4+Nigericin,P3C4,0.12986678429351078,-1.2228521793574292,Robust
P3C4+Nigericin / P3C4,P17813_K291_M1_32,P17813,Trimethyl (K),-1.0929853950639183,1.0929853950639183,0.01202951783975896,0.45982930915944664,6,P17813,ENG,Endoglin,EGLN_HUMAN,20,113.31499668872728,2.133149966887273,P3C4,P3C4+Nigericin,NA,NA,NA,P3C4+Nigericin,P3C4,0.12986678429351078,-1.2228521793574292,Robust
P3C4+Nigericin / P3C4,Q9H307_S18_M1_31,Q9H307,Sulfo (STY),-2.421214136155465,2.421214136155465,0.01203068233685203,0.4598467977797122,6,Q9H307,PNN,Pinin,PININ_HUMAN,48,435.6215980657949,5.356215980657948,P3C4,P3C4+Nigericin,NA,NA,NA,P3C4+Nigericin,P3C4,-0.5100356781393343,-1.9111784580161308,Robust
P3C4 / Unstim,P52788_K210_M1_22,P52788,Methyl (KR),1.5858097446144417,1.5858097446144417,0.01203802603424497,0.45993829756004656,6,P52788,SMS,Spermine synthase,SPSY_HUMAN,16,-66.6862364103235,0.3331376358967649,Unstim,P3C4,NA,NA,NA,P3C4,Unstim,0.4658566863847393,1.1199530582297024,Robust
P3C4 / Unstim,P52788_C206_M1_24,P52788,Nitrosyl,1.5858097446144417,1.5858097446144417,0.01203802603424497,0.45993829756004656,6,P52788,SMS,Spermine synthase,SPSY_HUMAN,16,-66.6862364103235,0.3331376358967649,Unstim,P3C4,NA,NA,NA,P3C4,Unstim,0.4658566863847393,1.1199530582297024,Robust
P3C4+Nigericin / Unstim,P61978_C132_M1_24,P61978,Nitrosyl,-3.0253336602291,3.0253336602291,0.01204413803510412,0.4600364418616309,6,P61978,HNRNPK,Heterogeneous nuclear ribonucleoprotein K,HNRPK_HUMAN,58,714.1720300725157,8.141720300725156,Unstim,P3C4+Nigericin,NA,NA,NA,P3C4+Nigericin,Unstim,-1.2995271134873687,-1.7258065467417314,Robust
LPS+Nigericin / Unstim,P08621_C39_M1_24,P08621,Nitrosyl,-5.788165220943173,5.788165220943173,0.01211351870230066,0.46088257818296474,6,P08621,SNRNP70,U1 small nuclear ribonucleoprotein 70 kDa,RU17_HUMAN,33,5426.005990279106,55.26005990279106,Unstim,LPS+Nigericin,NA,NA,NA,LPS+Nigericin,Unstim,-0.7739025966423818,-5.014262624300791,Robust
P3C4+Nigericin / P3C4,P22061_K24_M2_13,P22061,Dimethyl (KR),-3.179450778614582,3.179450778614582,0.01214863678435212,0.46141568334388133,5,P22061,PCMT1,Protein-L-isoaspartate(D-aspartate) O-methyltransferase,PIMT_HUMAN,19,805.9621507116871,9.059621507116873,P3C4,P3C4+Nigericin,NA,NA,NA,P3C4+Nigericin,P3C4,-1.0773075163456534,-2.1021432622689282,Robust
LPS+Nigericin / Unstim,P12956_K516_M2_10,P12956,Crotonyl,-3.4361595432795906,3.4361595432795906,0.0121734992279819,0.46147005644267,6,P12956,XRCC6,X-ray repair cross-complementing protein 6,XRCC6_HUMAN,73,982.3982773724982,10.823982773724982,Unstim,LPS+Nigericin,NA,NA,NA,LPS+Nigericin,Unstim,-0.8245431367846101,-2.6116164064949805,Robust
LPS+Nigericin / Unstim,P12956_K510_M2_10,P12956,Crotonyl,-3.4361595432795906,3.4361595432795906,0.0121734992279819,0.46147005644267,6,P12956,XRCC6,X-ray repair cross-complementing protein 6,XRCC6_HUMAN,73,982.3982773724982,10.823982773724982,Unstim,LPS+Nigericin,NA,NA,NA,LPS+Nigericin,Unstim,-0.8245431367846101,-2.6116164064949805,Robust
P3C4+Nigericin / Unstim,Q86UP2_S312_M1_19,Q86UP2,HexNAc (ST),-2.7693845270181106,2.7693845270181106,0.01221800660599652,0.4615845312046405,6,Q86UP2,KTN1,Kinectin,KTN1_HUMAN,152,581.8169791267434,6.818169791267434,Unstim,P3C4+Nigericin,NA,NA,NA,P3C4+Nigericin,Unstim,-1.8971571760827195,-0.872227350935391,Robust
P3C4+Nigericin / Unstim,Q86UP2_K311_M1_0,Q86UP2,Acetyl (K),-2.7693845270181106,2.7693845270181106,0.01221800660599652,0.4615845312046405,6,Q86UP2,KTN1,Kinectin,KTN1_HUMAN,152,581.8169791267434,6.818169791267434,Unstim,P3C4+Nigericin,NA,NA,NA,P3C4+Nigericin,Unstim,-1.8971571760827195,-0.872227350935391,Robust
P3C4+Nigericin / P3C4,P09104_K228_M1_13,P09104,Dimethyl (KR),-2.1682065708124365,2.1682065708124365,0.01228163015669314,0.4617147065778271,6,P09104,ENO2,Gamma-enolase,ENOG_HUMAN,18,349.46431269296073,4.494643126929607,P3C4,P3C4+Nigericin,NA,NA,NA,P3C4+Nigericin,P3C4,-1.2143285059810665,-0.95387806483137,Robust
P3C4+Nigericin / P3C4,P09104_S221_M1_31,P09104,Sulfo (STY),-2.1682065708124365,2.1682065708124365,0.01228163015669314,0.4617147065778271,6,P09104,ENO2,Gamma-enolase,ENOG_HUMAN,18,349.46431269296073,4.494643126929607,P3C4,P3C4+Nigericin,NA,NA,NA,P3C4+Nigericin,P3C4,-1.2143285059810665,-0.95387806483137,Robust
P3C4+Nigericin / P3C4,P14866_K418_M1_32,P14866,Trimethyl (K),-2.306509268830854,2.306509268830854,0.01231314502930151,0.4620557619598881,6,P14866,HNRNPL,Heterogeneous nuclear ribonucleoprotein L,HNRPL_HUMAN,42,394.684696385459,4.94684696385459,P3C4,P3C4+Nigericin,NA,NA,NA,P3C4+Nigericin,P3C4,-1.2628901622290456,-1.0436191066018086,Robust
LPS+Nigericin / Unstim,P20700_K156_M2_32,P20700,Trimethyl (K),-8.406995180182635,8.406995180182635,0.01235641183496723,0.4620605320316966,6,P20700,LMNB1,Lamin-B1,LMNB1_HUMAN,93,33843.586063270515,339.43586063270516,Unstim,LPS+Nigericin,NA,NA,NA,LPS+Nigericin,Unstim,-0.03082006405745276,-8.376175116125182,Robust
LPS+Nigericin / Unstim,P20700_K145_M2_32,P20700,Trimethyl (K),-8.406995180182635,8.406995180182635,0.01235641183496723,0.4620605320316966,6,P20700,LMNB1,Lamin-B1,LMNB1_HUMAN,93,33843.586063270515,339.43586063270516,Unstim,LPS+Nigericin,NA,NA,NA,LPS+Nigericin,Unstim,-0.03082006405745276,-8.376175116125182,Robust
LPS+Nigericin / Unstim,P38646_K377_M2_10,P38646,Crotonyl,0.6469786425336597,0.6469786425336597,0.01233542650994634,0.4620605320316966,6,P38646,HSPA9,"Stress-70 protein, mitochondrial",GRP75_HUMAN,95,-36.13836664806481,0.6386163335193519,Unstim,LPS+Nigericin,NA,NA,NA,LPS+Nigericin,Unstim,-0.01895807710822765,0.6659367196418873,Robust
LPS+Nigericin / Unstim,P38646_K368_M2_10,P38646,Crotonyl,0.6469786425336597,0.6469786425336597,0.01233542650994634,0.4620605320316966,6,P38646,HSPA9,"Stress-70 protein, mitochondrial",GRP75_HUMAN,95,-36.13836664806481,0.6386163335193519,Unstim,LPS+Nigericin,NA,NA,NA,LPS+Nigericin,Unstim,-0.01895807710822765,0.6659367196418873,Robust
P3C4 / Unstim,Q13077_C384_M1_24,Q13077,Nitrosyl,5.350596366665113,5.350596366665113,0.01233384184200608,0.4620605320316966,6,Q13077,TRAF1,TNF receptor-associated factor 1,TRAF1_HUMAN,23,-97.54918799533824,0.02450812004661772,Unstim,P3C4,NA,NA,NA,P3C4,Unstim,2.570490043114346,2.780106323550767,Robust
LPS / Unstim,Q9UGC7_R278_M1_22,Q9UGC7,Methyl (KR),-2.811774313078809,2.811774313078809,0.01232176209794063,0.4620605320316966,6,Q9UGC7,MTRF1L,"Peptide chain release factor 1-like, mitochondrial",RF1ML_HUMAN,6,602.1475895620554,7.021475895620553,Unstim,LPS,NA,NA,NA,LPS,Unstim,-0.49028325960981056,-2.321491053468998,Robust
LPS / Unstim,Q9UGC7_C274_M1_24,Q9UGC7,Nitrosyl,-2.811774313078809,2.811774313078809,0.01232176209794063,0.4620605320316966,6,Q9UGC7,MTRF1L,"Peptide chain release factor 1-like, mitochondrial",RF1ML_HUMAN,6,602.1475895620554,7.021475895620553,Unstim,LPS,NA,NA,NA,LPS,Unstim,-0.49028325960981056,-2.321491053468998,Robust
P3C4+Nigericin / Unstim,Q9BYK8_T2632_M2_31,Q9BYK8,Sulfo (STY),-2.6840816200824116,2.6840816200824116,0.01242596341037022,0.462505187604715,6,Q9BYK8,HELZ2,Helicase with zinc finger domain 2,HELZ2_HUMAN,89,542.6715553468698,6.426715553468698,Unstim,P3C4+Nigericin,NA,NA,NA,P3C4+Nigericin,Unstim,-0.8874333606099682,-1.7966482594724433,Robust
P3C4+Nigericin / Unstim,P08621_C39_M1_24,P08621,Nitrosyl,-7.883638763061793,7.883638763061793,0.01247126088353015,0.462642320104424,6,P08621,SNRNP70,U1 small nuclear ribonucleoprotein 70 kDa,RU17_HUMAN,33,23516.293779134932,236.16293779134932,Unstim,P3C4+Nigericin,NA,NA,NA,P3C4+Nigericin,Unstim,-1.4758603519122513,-6.4077784111495415,Robust
LPS+Nigericin / Unstim,Q09666_S1298_M1_31,Q09666,Sulfo (STY),3.870561069260485,3.870561069260485,0.01247168811634197,0.462642320104424,6,Q09666,AHNAK,Neuroblast differentiation-associated protein AHNAK,AHNK_HUMAN,760,-93.16332369206148,0.0683667630793851,Unstim,LPS+Nigericin,NA,NA,NA,LPS+Nigericin,Unstim,-0.6286103582637066,4.499171427524192,Robust
LPS+Nigericin / Unstim,Q09666_S2092_M1_31,Q09666,Sulfo (STY),3.870561069260485,3.870561069260485,0.01247168811634197,0.462642320104424,6,Q09666,AHNAK,Neuroblast differentiation-associated protein AHNAK,AHNK_HUMAN,760,-93.16332369206148,0.0683667630793851,Unstim,LPS+Nigericin,NA,NA,NA,LPS+Nigericin,Unstim,-0.6286103582637066,4.499171427524192,Robust
LPS+Nigericin / Unstim,Q09666_S2287_M1_31,Q09666,Sulfo (STY),3.870561069260485,3.870561069260485,0.01247168811634197,0.462642320104424,6,Q09666,AHNAK,Neuroblast differentiation-associated protein AHNAK,AHNK_HUMAN,760,-93.16332369206148,0.0683667630793851,Unstim,LPS+Nigericin,NA,NA,NA,LPS+Nigericin,Unstim,-0.6286103582637066,4.499171427524192,Robust
P3C4+Nigericin / Unstim,P09382_K64_M1_22,P09382,Methyl (KR),-2.0302074936033994,2.0302074936033994,0.01248746436371209,0.46265002259496385,6,P09382,LGALS1,Galectin-1,LEG1_HUMAN,23,308.4635927654031,4.084635927654031,Unstim,P3C4+Nigericin,NA,NA,NA,P3C4+Nigericin,Unstim,-1.431972389012387,-0.5982351045910124,Robust
P3C4+Nigericin / P3C4,Q13077_C384_M1_24,Q13077,Nitrosyl,-5.3663669490143855,5.3663669490143855,0.01248418192838462,0.46265002259496385,6,Q13077,TRAF1,TNF receptor-associated factor 1,TRAF1_HUMAN,23,4025.127909070244,41.25127909070244,P3C4,P3C4+Nigericin,NA,NA,NA,P3C4+Nigericin,P3C4,-1.1756625137786592,-4.190704435235727,Robust
P3C4 / Unstim,P13489_C102_M2_24,P13489,Nitrosyl,7.596693029780647,7.596693029780647,0.01253017999844575,0.4628151645187921,5,P13489,RNH1,Ribonuclease inhibitor,RINI_HUMAN,45,-99.48338438339196,0.00516615616608027,Unstim,P3C4,NA,NA,NA,P3C4,Unstim,0.34697902213462894,7.249714007646018,Robust
P3C4+Nigericin / Unstim,Q09666_K371_M1_13,Q09666,Dimethyl (KR),5.5136577749943845,5.5136577749943845,0.01254795484084846,0.46298496394983646,5,Q09666,AHNAK,Neuroblast differentiation-associated protein AHNAK,AHNK_HUMAN,760,-97.811111578941,0.02188888421059007,Unstim,P3C4+Nigericin,NA,NA,NA,P3C4+Nigericin,Unstim,-1.0379204968861848,6.551578271880569,Robust
LPS+Nigericin / LPS,P15153_Y72_M1_28,P15153,Phospho (STY),6.260446435535243,6.260446435535243,0.01264250085246605,0.4633096990958857,6,P15153,RAC2,Ras-related C3 botulinum toxin substrate 2,RAC2_HUMAN,13,-98.69557883565491,0.01304421164345079,LPS,LPS+Nigericin,NA,NA,NA,LPS+Nigericin,LPS,0.3309183261919638,5.92952810934328,Robust
P3C4+Nigericin / P3C4,Q13151_K8_M1_32,Q13151,Trimethyl (K),-1.62237183147063,1.62237183147063,0.0126460147141904,0.4633096990958857,6,Q13151,HNRNPA0,Heterogeneous nuclear ribonucleoprotein A0,ROA0_HUMAN,26,207.8807851337068,3.078807851337068,P3C4,P3C4+Nigericin,NA,NA,NA,P3C4+Nigericin,P3C4,-1.0020004317958269,-0.620371399674803,Robust
P3C4+Nigericin / P3C4,Q9H4A4_C85_M1_24,Q9H4A4,Nitrosyl,-2.565663961438211,2.565663961438211,0.01265585702973031,0.4634311534946496,6,Q9H4A4,RNPEP,Aminopeptidase B,AMPB_HUMAN,43,492.0274056399606,5.920274056399606,P3C4,P3C4+Nigericin,NA,NA,NA,P3C4+Nigericin,P3C4,-1.3056535319558822,-1.2600104294823289,Robust
LPS+Nigericin / Unstim,P46940_C781_M1_24,P46940,Nitrosyl,-2.8182007534197853,2.8182007534197853,0.01267852979970655,0.463633049567251,6,P46940,IQGAP1,Ras GTPase-activating-like protein IQGAP1,IQGA1_HUMAN,148,605.2822607000165,7.052822607000166,Unstim,LPS+Nigericin,NA,NA,NA,LPS+Nigericin,Unstim,-0.46554930086548074,-2.3526514525543045,Robust
P3C4 / Unstim,P00558_C316_M1_24,P00558,Nitrosyl,3.663001433534174,3.663001433534174,0.01273256003223292,0.4638942724040886,6,P00558,PGK1,Phosphoglycerate kinase 1,PGK1_HUMAN,66,-92.10546245787624,0.0789453754212377,Unstim,P3C4,NA,NA,NA,P3C4,Unstim,-0.01149632598712602,3.6744977595212998,Robust
LPS+Nigericin / Unstim,P07900_K499_M1_13,P07900,Dimethyl (KR),-10.243015403884892,10.243015403884892,0.01273310173134022,0.4638942724040886,6,P07900,HSP90AA1,Heat shock protein HSP 90-alpha,HS90A_HUMAN,61,121086.6785500374,1211.866785500374,Unstim,LPS+Nigericin,NA,NA,NA,LPS+Nigericin,Unstim,-0.7200308763953134,-9.522984527489578,Robust
LPS / Unstim,P07900_K499_M1_13,P07900,Dimethyl (KR),-10.208698580739796,10.208698580739796,0.01273359353530315,0.4638942724040886,6,P07900,HSP90AA1,Heat shock protein HSP 90-alpha,HS90A_HUMAN,61,118238.07204214163,1183.3807204214163,Unstim,LPS,NA,NA,NA,LPS,Unstim,-0.3647812418032683,-9.843917338936528,Robust
P3C4+Nigericin / Unstim,P07900_K499_M1_13,P07900,Dimethyl (KR),-10.25878839913911,10.25878839913911,0.01273288836055014,0.4638942724040886,6,P07900,HSP90AA1,Heat shock protein HSP 90-alpha,HS90A_HUMAN,61,122418.88260624446,1225.1888260624446,Unstim,P3C4+Nigericin,NA,NA,NA,P3C4+Nigericin,Unstim,-0.98112053457363535,-9.277667864565474,Robust
LPS+Nigericin / LPS,Q9H3P2_K288_M1_17,Q9H3P2,GlyGly (K),-2.382699173008881,2.382699173008881,0.01275258320869197,0.4639649131387845,6,Q9H3P2,NELFA,Negative elongation factor A,NELFA_HUMAN,20,421.511538545068,5.21511538545068,LPS,LPS+Nigericin,NA,NA,NA,LPS+Nigericin,LPS,-1.0272747454120472,-1.355424427596834,Robust
P3C4+Nigericin / P3C4,Cont_P60712_T106_M1_19,Cont_P60712;P60709,HexNAc (ST),-1.5696643226202172,1.5696643226202172,0.01278222776733366,0.4642275731453195,6,Cont_P60712;P60709,ACTB,"Actin, cytoplasmic 1;Actin, cytoplasmic 1",ACTB_BOVIN;ACTB_HUMAN,68,196.83564020517332,2.9683564020517332,P3C4,P3C4+Nigericin,NA,NA,NA,P3C4+Nigericin,P3C4,-0.3365612868390403,-1.233103035781177,Robust
P3C4+Nigericin / P3C4,P60709_T106_M1_19,Cont_P60712;P60709,HexNAc (ST),-1.5696643226202172,1.5696643226202172,0.01278222776733366,0.4642275731453195,6,Cont_P60712;P60709,ACTB,"Actin, cytoplasmic 1;Actin, cytoplasmic 1",ACTB_BOVIN;ACTB_HUMAN,68,196.83564020517332,2.9683564020517332,P3C4,P3C4+Nigericin,NA,NA,NA,P3C4+Nigericin,P3C4,-0.3365612868390403,-1.233103035781177,Robust
P3C4+Nigericin / P3C4,Q27J81_K966_M1_32,Q27J81,Trimethyl (K),-1.8152706631418871,1.8152706631418871,0.01279576941763536,0.4642275731453195,6,Q27J81,INF2,Inverted formin-2,INF2_HUMAN,48,251.92564873352748,3.5192564873352747,P3C4,P3C4+Nigericin,NA,NA,NA,P3C4+Nigericin,P3C4,-0.7363871348191302,-1.078883528322757,Robust
LPS+Nigericin / Unstim,Q08J23_K497_M3_13,Q08J23,Dimethyl (KR),0.6470815217988252,0.6470815217988252,0.01281796304775716,0.4642691892288486,6,Q08J23,NSUN2,RNA cytosine C(5)-methyltransferase NSUN2,NSUN2_HUMAN,69,-36.14292048894915,0.6385707951105085,Unstim,LPS+Nigericin,NA,NA,NA,LPS+Nigericin,Unstim,-0.5632844055083865,1.2103659273072118,Robust
LPS / Unstim,Cont_P68103_K408_M1_17,Cont_P68103;P68104,GlyGly (K),-2.539214588966413,2.539214588966413,0.01288984103520632,0.4642876905202742,6,Cont_P68103;P68104,EEF1A1,Elongation factor 1-alpha 1,EF1A1_BOVIN;EF1A1_HUMAN,61,481.27247287611414,5.812724728761141,Unstim,LPS,NA,NA,NA,LPS,Unstim,-0.18865425942571368,-2.3505603295406994,Robust
LPS / Unstim,P68104_K408_M1_17,Cont_P68103;P68104,GlyGly (K),-2.539214588966413,2.539214588966413,0.01288984103520632,0.4642876905202742,6,Cont_P68103;P68104,EEF1A1,Elongation factor 1-alpha 1,EF1A1_BOVIN;EF1A1_HUMAN,61,481.27247287611414,5.812724728761141,Unstim,LPS,NA,NA,NA,LPS,Unstim,-0.18865425942571368,-2.3505603295406994,Robust
LPS+Nigericin / Unstim,O15446_R59_M1_13,O15446,Dimethyl (KR),-2.4250095505244107,2.4250095505244107,0.01285507156817039,0.4642876905202742,6,O15446,POLR1G,DNA-directed RNA polymerase I subunit RPA34,RPA34_HUMAN,26,437.03255621239714,5.370325562123972,Unstim,LPS+Nigericin,NA,NA,NA,LPS+Nigericin,Unstim,-0.4273586860835488,-1.997650864440862,Robust
LPS+Nigericin / LPS,P08708_K32_M1_10,P08708,Crotonyl,0.7372183987010089,0.7372183987010089,0.01293715333845916,0.4642876905202742,6,P08708,RPS17,Small ribosomal subunit protein eS17,RS17_HUMAN,22,-40.0105129239112,0.599894870760888,LPS,LPS+Nigericin,NA,NA,NA,LPS+Nigericin,LPS,-0.14169323468972897,0.8789116333907379,Robust
P3C4+Nigericin / P3C4,P62937_K118_M1_13,P62937,Dimethyl (KR),-2.5904661203057735,2.5904661203057735,0.01284623218713723,0.4642876905202742,6,P62937,PPIA,Peptidyl-prolyl cis-trans isomerase A,PPIA_HUMAN,28,502.2932624475365,6.022932624475365,P3C4,P3C4+Nigericin,NA,NA,NA,P3C4+Nigericin,P3C4,-0.9850000694064516,-1.605466050899322,Robust
LPS+Nigericin / LPS,Q9UJU6_K23_M1_13,Q9UJU6,Dimethyl (KR),-4.137374083025165,4.137374083025165,0.01285170435022426,0.4642876905202742,4,Q9UJU6,DBNL,Drebrin-like protein,DBNL_HUMAN,43,1659.8420972905117,17.598420972905117,LPS,LPS+Nigericin,NA,NA,NA,LPS+Nigericin,LPS,-0.6947532155479066,-3.4426208674772583,Robust
P3C4 / Unstim,Cont_P60712_K315_M1_0,Cont_P60712;P60709,Acetyl (K),6.584785917650654,6.584785917650654,0.01307709210602089,0.46439983540366486,5,Cont_P60712;P60709,ACTB,"Actin, cytoplasmic 1;Actin, cytoplasmic 1",ACTB_BOVIN;ACTB_HUMAN,68,-98.95820582755374,0.01041794172446251,Unstim,P3C4,NA,NA,NA,P3C4,Unstim,-0.05590576949103539,6.64069168714169,Robust
P3C4 / Unstim,P60709_K315_M1_0,Cont_P60712;P60709,Acetyl (K),6.584785917650654,6.584785917650654,0.01307709210602089,0.46439983540366486,5,Cont_P60712;P60709,ACTB,"Actin, cytoplasmic 1;Actin, cytoplasmic 1",ACTB_BOVIN;ACTB_HUMAN,68,-98.95820582755374,0.01041794172446251,Unstim,P3C4,NA,NA,NA,P3C4,Unstim,-0.05590576949103539,6.64069168714169,Robust
P3C4+Nigericin / P3C4,O60664_S83_M1_31,O60664,Sulfo (STY),-9.135601573282102,9.135601573282102,0.01307542437264717,0.46439983540366486,5,O60664,PLIN3,Perilipin-3,PLIN3_HUMAN,41,56145.80048457301,562.4580048457301,P3C4,P3C4+Nigericin,NA,NA,NA,P3C4+Nigericin,P3C4,-1.491683341335443,-7.643918231946659,Robust
P3C4 / Unstim,P09651_K8_M1_23,P09651,Myristoyl,7.88613392221019,7.88613392221019,0.01311082974122609,0.46439983540366486,6,P09651,HNRNPA1,Heterogeneous nuclear ribonucleoprotein A1,ROA1_HUMAN,46,-99.57729523880748,0.00422704761192528,Unstim,P3C4,NA,NA,NA,P3C4,Unstim,-0.5930504670565717,8.479184389266761,Robust
LPS+Nigericin / LPS,P14618_K475_M1_22,P14618,Methyl (KR),-2.06589291509547,2.06589291509547,0.01309942006451148,0.46439983540366486,6,P14618,PKM,Pyruvate kinase PKM,KPYM_HUMAN,78,318.69303389490733,4.1869303389490735,LPS,LPS+Nigericin,NA,NA,NA,LPS+Nigericin,LPS,-0.35254321335089667,-1.7133497017445731,Robust
P3C4+Nigericin / Unstim,P42224_S144_M1_31,P42224,Sulfo (STY),2.4100032150832376,2.4100032150832376,0.013100490189438,0.46439983540366486,6,P42224,STAT1,Signal transducer and activator of transcription 1-alpha/beta,STAT1_HUMAN,55,-81.18445758833161,0.18815542411668384,Unstim,P3C4+Nigericin,NA,NA,NA,P3C4+Nigericin,Unstim,-1.3670467230432235,3.777049938126461,Robust
LPS+Nigericin / Unstim,P48643_K368_M1_32,P48643,Trimethyl (K),6.672532031520515,6.672532031520515,0.01321077531824147,0.46439983540366486,6,P48643,CCT5,T-complex protein 1 subunit epsilon,TCPE_HUMAN,60,-99.01968034198605,0.00980319658013971,Unstim,LPS+Nigericin,NA,NA,NA,LPS+Nigericin,Unstim,-0.4431327648599605,7.115664796380476,Robust
P3C4+Nigericin / Unstim,P51531_K447_M1_23,P51531,Myristoyl,-4.814338200334564,4.814338200334564,0.01304090057179734,0.46439983540366486,6,P51531,SMARCA2,Probable global transcription activator SNF2L2,SMCA2_HUMAN,61,2713.5860858040123,28.135860858040125,Unstim,P3C4+Nigericin,NA,NA,NA,P3C4+Nigericin,Unstim,-1.0763525393783029,-3.7379856609562614,Robust
P3C4+Nigericin / Unstim,P51991_K182_M1_13,P51991,Dimethyl (KR),-2.5779622912360347,2.5779622912360347,0.01316646399057868,0.46439983540366486,6,P51991,HNRNPA3,Heterogeneous nuclear ribonucleoprotein A3,ROA3_HUMAN,42,497.09574639133984,5.970957463913399,Unstim,P3C4+Nigericin,NA,NA,NA,P3C4+Nigericin,Unstim,-1.4739316684071826,-1.1040306228288521,Robust
P3C4+Nigericin / Unstim,P53634_R443_M1_22,P53634,Methyl (KR),-1.3124077025299217,1.3124077025299217,0.0129940455468334,0.46439983540366486,6,P53634,CTSC,Dipeptidyl peptidase 1,CATC_HUMAN,20,148.35567317066102,2.48355673170661,Unstim,P3C4+Nigericin,NA,NA,NA,P3C4+Nigericin,Unstim,-0.5254953170038626,-0.786912385526059,Robust
P3C4+Nigericin / P3C4,Q92973_R692_M1_13,Q92973,Dimethyl (KR),-2.6911274759239987,2.6911274759239987,0.01322411657415489,0.46439983540366486,6,Q92973,TNPO1,Transportin-1,TNPO1_HUMAN,39,545.8179212813449,6.458179212813449,P3C4,P3C4+Nigericin,NA,NA,NA,P3C4+Nigericin,P3C4,-1.3345049430519569,-1.3566225328720418,Robust
LPS / Unstim,P48723_T397_M1_31,P48723,Sulfo (STY),2.7837650694203804,2.7837650694203804,0.01325692625567562,0.4644908748054914,6,P48723,HSPA13,Heat shock 70 kDa protein 13,HSP13_HUMAN,13,-85.47877638606678,0.14521223613933218,Unstim,LPS,NA,NA,NA,LPS,Unstim,-0.07508501754798061,2.858850086968361,Robust
LPS / Unstim,P07711_K130_M1_32,P07711,Trimethyl (K),-2.5559759679751153,2.5559759679751153,0.0133577849815801,0.4647972095969799,6,P07711,CTSL,Procathepsin L,CATL1_HUMAN,25,488.06513864355406,5.880651386435541,Unstim,LPS,NA,NA,NA,LPS,Unstim,-0.0535044286602917,-2.502471539314824,Robust
P3C4+Nigericin / P3C4,P31946_C96_M1_24,P31946,Nitrosyl,-1.880510137399566,1.880510137399566,0.01338127191610073,0.46504187532577607,6,P31946,YWHAB,14-3-3 protein beta/alpha,1433B_HUMAN,37,268.2052347152619,3.682052347152619,P3C4,P3C4+Nigericin,NA,NA,NA,P3C4+Nigericin,P3C4,-0.9877330097252992,-0.8927771276742669,Robust
P3C4+Nigericin / Unstim,Q13637_K210_M2_13,Q13637,Dimethyl (KR),-6.571112607234037,6.571112607234037,0.01337421466713996,0.46504187532577607,5,Q13637,RAB32,Ras-related protein Rab-32,RAB32_HUMAN,19,9408.280816786491,95.08280816786493,Unstim,P3C4+Nigericin,NA,NA,NA,P3C4+Nigericin,Unstim,-0.5117157202925101,-6.059396886941527,Robust
P3C4+Nigericin / Unstim,Q13637_K208_M2_32,Q13637,Trimethyl (K),-6.552336475811163,6.552336475811163,0.01338094982880431,0.46504187532577607,5,Q13637,RAB32,Ras-related protein Rab-32,RAB32_HUMAN,19,9285.335906949522,93.8533590694952,Unstim,P3C4+Nigericin,NA,NA,NA,P3C4+Nigericin,Unstim,-0.5117157202925101,-6.0406207555186535,Robust
LPS+Nigericin / LPS,P08134_K18_M1_22,P08134,Methyl (KR),-6.46541994798444,6.46541994798444,0.01343141155021176,0.4652930299601651,5,P08134,RHOC,Rho-related GTP-binding protein RhoC,RHOC_HUMAN,18,8736.602896690338,88.36602896690339,LPS,LPS+Nigericin,NA,NA,NA,LPS+Nigericin,LPS,0.04026572277848851,-6.5056856707629285,Robust
LPS / Unstim,Q13637_K210_M2_13,Q13637,Dimethyl (KR),-6.376761117260157,6.376761117260157,0.01343957286035458,0.4652930299601651,5,Q13637,RAB32,Ras-related protein Rab-32,RAB32_HUMAN,19,8209.910981029147,83.09910981029147,Unstim,LPS,NA,NA,NA,LPS,Unstim,-0.339747728664539,-6.037013388595618,Robust
P3C4+Nigericin / P3C4,Q93050_T82_M1_28,Q93050,Phospho (STY),-0.7347198456864875,0.7347198456864875,0.01353514488443405,0.4652930299601651,6,Q93050,ATP6V0A1,V-type proton ATPase 116 kDa subunit a 1,VPP1_HUMAN,33,66.40742944994828,1.6640742944994829,P3C4,P3C4+Nigericin,NA,NA,NA,P3C4+Nigericin,P3C4,-0.03658915549505456,-0.6981306901914329,Robust
P3C4+Nigericin / Unstim,Q9UKM9_K224_M1_32,Q9UKM9,Trimethyl (K),-6.74027930178095,6.74027930178095,0.01344797303179584,0.4652930299601651,6,Q9UKM9,RALY,RNA-binding protein Raly,RALY_HUMAN,29,10591.194954200351,106.91194954200353,Unstim,P3C4+Nigericin,NA,NA,NA,P3C4+Nigericin,Unstim,-0.9410864020578578,-5.799192899723092,Robust
P3C4 / Unstim,Q9UKM9_K224_M1_32,Q9UKM9,Trimethyl (K),-6.478482424322672,6.478482424322672,0.01346313130825974,0.4652930299601651,6,Q9UKM9,RALY,RNA-binding protein Raly,RALY_HUMAN,29,8816.974734426363,89.16974734426364,Unstim,P3C4,NA,NA,NA,P3C4,Unstim,-0.542707184231577,-5.935775240091095,Robust
LPS+Nigericin / LPS,P33241_K279_M2_17,P33241,GlyGly (K),1.0569886028944715,1.0569886028944715,0.01359647750881126,0.4655159713091262,4,P33241,LSP1,Lymphocyte-specific protein 1,LSP1_HUMAN,33,-51.9365738871685,0.4806342611283149,LPS,LPS+Nigericin,NA,NA,NA,LPS+Nigericin,LPS,-0.9669633545422898,2.0239519574367613,Robust
P3C4+Nigericin / P3C4,Q9UBR2_S213_M1_31,Q9UBR2,Sulfo (STY),-2.0734379612674565,2.0734379612674565,0.01363358240870855,0.4656284250602206,6,Q9UBR2,CTSZ,Cathepsin Z,CATZ_HUMAN,16,320.8884620811888,4.2088846208118875,P3C4,P3C4+Nigericin,NA,NA,NA,P3C4+Nigericin,P3C4,-1.2986652739431324,-0.7747726873243241,Robust
P3C4+Nigericin / P3C4,Q9UKM9_S135_M1_28,Q9UKM9,Phospho (STY),-1.3001710634354318,1.3001710634354318,0.01366516647913493,0.4656284250602206,6,Q9UKM9,RALY,RNA-binding protein Raly,RALY_HUMAN,29,146.25808028500808,2.4625808028500806,P3C4,P3C4+Nigericin,NA,NA,NA,P3C4+Nigericin,P3C4,-0.3983792178262807,-0.901791845609151,Robust
P3C4+Nigericin / P3C4,P11177_S70_M1_19,P11177,HexNAc (ST),-0.9317385825839988,0.9317385825839988,0.01375971875923269,0.4660163473219366,6,P11177,PDHB,"Pyruvate dehydrogenase E1 component subunit beta, mitochondrial",ODPB_HUMAN,25,90.75734160530229,1.9075734160530229,P3C4,P3C4+Nigericin,NA,NA,NA,P3C4+Nigericin,P3C4,-0.09215681109785565,-0.8395817714861431,Robust
P3C4+Nigericin / P3C4,P11177_K68_M1_18,P11177,Hex (K),-0.9317385825839988,0.9317385825839988,0.01375971875923269,0.4660163473219366,6,P11177,PDHB,"Pyruvate dehydrogenase E1 component subunit beta, mitochondrial",ODPB_HUMAN,25,90.75734160530229,1.9075734160530229,P3C4,P3C4+Nigericin,NA,NA,NA,P3C4+Nigericin,P3C4,-0.09215681109785565,-0.8395817714861431,Robust
P3C4 / Unstim,P31946_C96_M1_24,P31946,Nitrosyl,6.483009106571133,6.483009106571133,0.01381139463800818,0.46626593601857785,6,P31946,YWHAB,14-3-3 protein beta/alpha,1433B_HUMAN,37,-98.8820566504298,0.01117943349570207,Unstim,P3C4,NA,NA,NA,P3C4,Unstim,0.1361049008496229,6.34690420572151,Robust
LPS+Nigericin / Unstim,Q02878_K237_M1_23,Q02878,Myristoyl,8.444808478845935,8.444808478845935,0.01381539111271221,0.46626593601857785,6,Q02878,RPL6,Large ribosomal subunit protein eL6,RL6_HUMAN,30,-99.71301490589644,0.00286985094103556,Unstim,LPS+Nigericin,NA,NA,NA,LPS+Nigericin,Unstim,-0.16344464101084466,8.60825311985678,Robust
LPS+Nigericin / Unstim,Cont_P60712_K291_M2_22,Cont_P60712;P60709,Methyl (KR),1.22381914487714,1.22381914487714,0.01394867080653716,0.4662708771269788,6,Cont_P60712;P60709,ACTB,"Actin, cytoplasmic 1;Actin, cytoplasmic 1",ACTB_BOVIN;ACTB_HUMAN,68,-57.18521888157755,0.42814781118422446,Unstim,LPS+Nigericin,NA,NA,NA,LPS+Nigericin,Unstim,-0.22614228305780676,1.4499614279349469,Robust
LPS+Nigericin / Unstim,Cont_P60712_R290_M2_22,Cont_P60712;P60709,Methyl (KR),1.22381914487714,1.22381914487714,0.01394867080653716,0.4662708771269788,6,Cont_P60712;P60709,ACTB,"Actin, cytoplasmic 1;Actin, cytoplasmic 1",ACTB_BOVIN;ACTB_HUMAN,68,-57.18521888157755,0.42814781118422446,Unstim,LPS+Nigericin,NA,NA,NA,LPS+Nigericin,Unstim,-0.22614228305780676,1.4499614279349469,Robust
LPS+Nigericin / Unstim,P60709_K291_M2_22,Cont_P60712;P60709,Methyl (KR),1.22381914487714,1.22381914487714,0.01394867080653716,0.4662708771269788,6,Cont_P60712;P60709,ACTB,"Actin, cytoplasmic 1;Actin, cytoplasmic 1",ACTB_BOVIN;ACTB_HUMAN,68,-57.18521888157755,0.42814781118422446,Unstim,LPS+Nigericin,NA,NA,NA,LPS+Nigericin,Unstim,-0.22614228305780676,1.4499614279349469,Robust
LPS+Nigericin / Unstim,P60709_R290_M2_22,Cont_P60712;P60709,Methyl (KR),1.22381914487714,1.22381914487714,0.01394867080653716,0.4662708771269788,6,Cont_P60712;P60709,ACTB,"Actin, cytoplasmic 1;Actin, cytoplasmic 1",ACTB_BOVIN;ACTB_HUMAN,68,-57.18521888157755,0.42814781118422446,Unstim,LPS+Nigericin,NA,NA,NA,LPS+Nigericin,Unstim,-0.22614228305780676,1.4499614279349469,Robust
P3C4+Nigericin / Unstim,P10809_T105_M1_31,P10809,Sulfo (STY),0.6502220287840728,0.6502220287840728,0.01383707360035279,0.4662708771269788,5,P10809,HSPD1,"60 kDa heat shock protein, mitochondrial",CH60_HUMAN,115,-36.2817755358279,0.637182244641721,Unstim,P3C4+Nigericin,NA,NA,NA,P3C4+Nigericin,Unstim,-0.0943260580905103,0.7445480868745831,Robust
LPS / Unstim,P67809_T126_M1_31,P67809,Sulfo (STY),1.428025949950048,1.428025949950048,0.01386945413769617,0.4662708771269788,6,P67809,YBX1,Y-box-binding protein 1,YBOX1_HUMAN,29,-62.83609386742262,0.3716390613257738,Unstim,LPS,NA,NA,NA,LPS,Unstim,-0.1835659754621528,1.6115919254122009,Robust
P3C4+Nigericin / P3C4,Q04760_K28_M1_17,Q04760,GlyGly (K),-3.0164985025152964,3.0164985025152964,0.01382559602291339,0.4662708771269788,6,Q04760,GLO1,Lactoylglutathione lyase,LGUL_HUMAN,31,709.2012242204084,8.092012242204085,P3C4,P3C4+Nigericin,NA,NA,NA,P3C4+Nigericin,P3C4,-1.3496556174076495,-1.6668428851076469,Robust
P3C4+Nigericin / P3C4,Q09666_K912_M1_10,Q09666,Crotonyl,-1.8538112262473712,1.8538112262473712,0.01383195675545967,0.4662708771269788,6,Q09666,AHNAK,Neuroblast differentiation-associated protein AHNAK,AHNK_HUMAN,760,261.4537921022743,3.614537921022743,P3C4,P3C4+Nigericin,NA,NA,NA,P3C4+Nigericin,P3C4,-0.9867293298478134,-0.8670818963995578,Robust
LPS+Nigericin / Unstim,Cont_Q3SX14_K564_M1_0,Cont_Q3SX14,Acetyl (K),9.399755871297348,9.399755871297348,0.0140146034945483,0.4663994512579172,6,Cont_Q3SX14,GSN,Gelsolin,GELS_BOVIN,19,-99.85195575455003,0.00148044245449953,Unstim,LPS+Nigericin,NA,NA,NA,LPS+Nigericin,Unstim,-0.04625756630996017,9.446013437607307,Robust
P3C4+Nigericin / P3C4,O75030_C413_M1_24,O75030,Nitrosyl,-2.487895568657286,2.487895568657286,0.01405332712142517,0.4663994512579172,6,O75030,MITF,Microphthalmia-associated transcription factor,MITF_HUMAN,18,460.9590930392596,5.609590930392596,P3C4,P3C4+Nigericin,NA,NA,NA,P3C4+Nigericin,P3C4,-1.039249824128039,-1.448645744529247,Robust
P3C4+Nigericin / P3C4,P53634_R443_M1_22,P53634,Methyl (KR),-1.0723263754873105,1.0723263754873105,0.01405221836304358,0.4663994512579172,6,P53634,CTSC,Dipeptidyl peptidase 1,CATC_HUMAN,20,110.28214777849246,2.102821477784925,P3C4,P3C4+Nigericin,NA,NA,NA,P3C4+Nigericin,P3C4,-0.1558766563957507,-0.9164497190915597,Robust
P3C4+Nigericin / P3C4,Q93063_K478_M1_10,Q93063,Crotonyl,-3.874706328072165,3.874706328072165,0.01412911999631944,0.4668687833608504,6,Q93063,EXT2,Exostosin-2,EXT2_HUMAN,8,1366.9078381009244,14.669078381009244,P3C4,P3C4+Nigericin,NA,NA,NA,P3C4+Nigericin,P3C4,-0.3421279627916097,-3.5325783652805556,Robust
LPS / Unstim,O94966_C833_M1_24,O94966,Nitrosyl,-2.4031540397697153,2.4031540397697153,0.01415588194381336,0.4669366367346254,6,O94966,USP19,Ubiquitin carboxyl-terminal hydrolase 19,UBP19_HUMAN,25,428.95831710218306,5.289583171021831,Unstim,LPS,NA,NA,NA,LPS,Unstim,-0.5281929140465681,-1.8749611257231473,Robust
P3C4+Nigericin / Unstim,P02794_T123_M1_31,P02794,Sulfo (STY),-2.2544218123434776,2.2544218123434776,0.01426901176703071,0.46706047635987025,6,P02794,FTH1,Ferritin heavy chain,FRIH_HUMAN,19,377.1430346836354,4.771430346836354,Unstim,P3C4+Nigericin,NA,NA,NA,P3C4+Nigericin,Unstim,-0.6156479851535177,-1.63877382718996,Robust
LPS+Nigericin / LPS,P21127_K424_M1_10,P21127,Crotonyl,-3.793360915018584,3.793360915018584,0.01428633325607003,0.46706047635987025,6,P21127,CDK11B,Cyclin-dependent kinase 11B,CD11B_HUMAN,38,1286.485780161758,13.86485780161758,LPS,LPS+Nigericin,NA,NA,NA,LPS+Nigericin,LPS,-0.14721659734341389,-3.6461443176751698,Robust
LPS+Nigericin / Unstim,P49750_K1969_M1_13,P49750,Dimethyl (KR),-1.8330695591741493,1.8330695591741493,0.01431852183452544,0.46706047635987025,6,P49750,YLPM1,YLP motif-containing protein 1,YLPM1_HUMAN,78,256.2943384693794,3.562943384693794,Unstim,LPS+Nigericin,NA,NA,NA,LPS+Nigericin,Unstim,-0.9219314740613098,-0.9111380851128394,Robust
P3C4+Nigericin / P3C4,P50552_K240_M1_10,P50552,Crotonyl,-1.9695237073349416,1.9695237073349416,0.01436661697283425,0.46706047635987025,6,P50552,VASP,Vasodilator-stimulated phosphoprotein,VASP_HUMAN,38,291.638801695993,3.91638801695993,P3C4,P3C4+Nigericin,NA,NA,NA,P3C4+Nigericin,P3C4,-1.224220831074576,-0.7453028762603657,Robust
LPS+Nigericin / Unstim,Q16658_R201_M1_13,Q16658,Dimethyl (KR),-2.0528546443066507,2.0528546443066507,0.01435766317644943,0.46706047635987025,6,Q16658,FSCN1,Fascin,FSCN1_HUMAN,47,314.92616751007796,4.14926167510078,Unstim,LPS+Nigericin,NA,NA,NA,LPS+Nigericin,Unstim,-0.7353212124382954,-1.3175334318683554,Robust
P3C4+Nigericin / Unstim,Q93050_T82_M1_31,Q93050,Sulfo (STY),-2.2468046762460503,2.2468046762460503,0.01428563485196414,0.46706047635987025,6,Q93050,ATP6V0A1,V-type proton ATPase 116 kDa subunit a 1,VPP1_HUMAN,33,374.6304553924487,4.746304553924487,Unstim,P3C4+Nigericin,NA,NA,NA,P3C4+Nigericin,Unstim,-0.489280760197493,-1.7575239160485574,Robust
LPS+Nigericin / Unstim,P19338_C543_M1_23,P19338,Myristoyl,-1.6165307033361558,1.6165307033361558,0.01444613278331438,0.4671064682498231,5,P19338,NCL,Nucleolin,NUCL_HUMAN,83,206.63676932600188,3.066367693260019,Unstim,LPS+Nigericin,NA,NA,NA,LPS+Nigericin,Unstim,-0.8109276448250387,-0.8056030585111171,Robust
P3C4 / Unstim,Q9C0E8_K23_M1_23,Q9C0E8,Myristoyl,-2.2816564075347623,2.2816564075347623,0.0144904325079909,0.4672250642706533,6,Q9C0E8,LNPK,Endoplasmic reticulum junction formation protein lunapark,LNP_HUMAN,21,386.2358974688644,4.862358974688644,Unstim,P3C4,NA,NA,NA,P3C4,Unstim,-0.5029995963172205,-1.7786568112175418,Robust
LPS / Unstim,P54652_K129_M2_0,P54652,Acetyl (K),-5.4725706979264235,5.4725706979264235,0.01449270597806743,0.4672250642706533,5,P54652,HSPA2,Heat shock-related 70 kDa protein 2,HSP72_HUMAN,38,4340.255219620523,44.402552196205235,Unstim,LPS,NA,NA,NA,LPS,Unstim,-0.29666002415562875,-5.175910673770795,Robust
LPS / Unstim,O14979_T178_M1_31,O14979,Sulfo (STY),-2.1051309793670456,2.1051309793670456,0.01450443818295967,0.46723181467982466,6,O14979,HNRNPDL,Heterogeneous nuclear ribonucleoprotein D-like,HNRDL_HUMAN,38,330.2368147407934,4.302368147407934,Unstim,LPS,NA,NA,NA,LPS,Unstim,-0.31062256163281154,-1.794508417734234,Robust
P3C4+Nigericin / P3C4,P08670_S430_M1_28,P08670,Phospho (STY),-2.2003088441815724,2.2003088441815724,0.0145168725832787,0.46731063509858134,6,P08670,VIM,Vimentin,VIME_HUMAN,94,359.5777153263569,4.595777153263569,P3C4,P3C4+Nigericin,NA,NA,NA,P3C4+Nigericin,P3C4,-1.5246082762878648,-0.6757005678937076,Robust
P3C4+Nigericin / Unstim,P63261_C17_M1_24,P63261,Nitrosyl,-3.1842064923257305,3.1842064923257305,0.01455683638817107,0.46734055018011944,6,P63261,ACTG1,"Actin, cytoplasmic 2",ACTG_HUMAN,2,808.9535006461249,9.089535006461247,Unstim,P3C4+Nigericin,NA,NA,NA,P3C4+Nigericin,Unstim,-1.655306915562635,-1.5288995767630955,Robust
P3C4+Nigericin / Unstim,P23528_K144_M1_13,P23528,Dimethyl (KR),-2.4423861345386007,2.4423861345386007,0.01456073535654636,0.4673634288158851,6,P23528,CFL1,Cofilin-1,COF1_HUMAN,38,443.5399717755852,5.435399717755852,Unstim,P3C4+Nigericin,NA,NA,NA,P3C4+Nigericin,Unstim,-0.7058728023029959,-1.7365133322356048,Robust
P3C4+Nigericin / Unstim,O60506_K283_M2_32,O60506,Trimethyl (K),0.6569927109912896,0.6569927109912896,0.01463469039094977,0.4676701753222262,5,O60506,SYNCRIP,Heterogeneous nuclear ribonucleoprotein Q,HNRPQ_HUMAN,64,-36.58010961466272,0.6341989038533727,Unstim,P3C4+Nigericin,NA,NA,NA,P3C4+Nigericin,Unstim,-1.0032115510487336,1.6602042620400232,Robust
P3C4+Nigericin / Unstim,O60506_K282_M2_32,O60506,Trimethyl (K),0.6569927109912896,0.6569927109912896,0.01463469039094977,0.4676701753222262,5,O60506,SYNCRIP,Heterogeneous nuclear ribonucleoprotein Q,HNRPQ_HUMAN,64,-36.58010961466272,0.6341989038533727,Unstim,P3C4+Nigericin,NA,NA,NA,P3C4+Nigericin,Unstim,-1.0032115510487336,1.6602042620400232,Robust
LPS+Nigericin / LPS,P38646_T390_M1_31,P38646,Sulfo (STY),2.1395908371108923,2.1395908371108923,0.01472890324619419,0.4682486362309974,4,P38646,HSPA9,"Stress-70 protein, mitochondrial",GRP75_HUMAN,95,-77.30558566450715,0.2269441433549285,LPS,LPS+Nigericin,NA,NA,NA,LPS+Nigericin,LPS,0.16951431335149772,1.9700765237593945,Robust
LPS+Nigericin / Unstim,Q15365_K115_M1_32,Q15365,Trimethyl (K),-1.7450023444563951,1.7450023444563951,0.01477114497496054,0.4682486362309974,6,Q15365,PCBP1,Poly(rC)-binding protein 1,PCBP1_HUMAN,16,235.19539857713897,3.35195398577139,Unstim,LPS+Nigericin,NA,NA,NA,LPS+Nigericin,Unstim,-0.6367434267212363,-1.1082589177351587,Robust
P3C4+Nigericin / Unstim,P00505_R68_M2_13,P00505,Dimethyl (KR),5.029111166422833,5.029111166422833,0.01492872889886628,0.46834240966652824,6,P00505,GOT2,"Aspartate aminotransferase, mitochondrial",AATM_HUMAN,38,-96.93742532189906,0.03062574678100946,Unstim,P3C4+Nigericin,NA,NA,NA,P3C4+Nigericin,Unstim,-0.7426448356412761,5.77175600206411,Robust
LPS / Unstim,Q9H330_K440_M2_22,Q9H330,Methyl (KR),9.429672012740657,9.429672012740657,0.01480687845854188,0.46834240966652824,5,Q9H330,TMEM245,Transmembrane protein 245,TM245_HUMAN,7,-99.85499403264676,0.00145005967353236,Unstim,LPS,NA,NA,NA,LPS,Unstim,-0.7363510405518136,10.16602305329247,Robust
LPS / Unstim,Q9H330_S439_M1_31,Q9H330,Sulfo (STY),9.460079252447846,9.460079252447846,0.01480614761786912,0.46834240966652824,6,Q9H330,TMEM245,Transmembrane protein 245,TM245_HUMAN,7,-99.85801829613732,0.0014198170386267,Unstim,LPS,NA,NA,NA,LPS,Unstim,-0.7363510405518136,10.19643029299966,Robust
LPS / Unstim,Q9NVP1_T260_M2_28,Q9NVP1,Phospho (STY),0.6871363309046127,0.6871363309046127,0.01497257950369678,0.46834240966652824,4,Q9NVP1,DDX18,ATP-dependent RNA helicase DDX18,DDX18_HUMAN,37,-37.89145528297906,0.6210854471702094,Unstim,LPS,NA,NA,NA,LPS,Unstim,-0.5473248194489948,1.2344611503536074,Robust
LPS / Unstim,Q9NVP1_S258_M2_28,Q9NVP1,Phospho (STY),0.6871363309046127,0.6871363309046127,0.01497257950369678,0.46834240966652824,4,Q9NVP1,DDX18,ATP-dependent RNA helicase DDX18,DDX18_HUMAN,37,-37.89145528297906,0.6210854471702094,Unstim,LPS,NA,NA,NA,LPS,Unstim,-0.5473248194489948,1.2344611503536074,Robust
LPS / Unstim,Cont_Q3SYV4_R254_M1_22,Cont_Q3SYV4,Methyl (KR),1.0657899329164875,1.0657899329164875,0.01501100033098083,0.4684330583403137,6,Cont_Q3SYV4,CAP1,Adenylyl cyclase-associated protein 1,CAP1_BOVIN,11,-52.22889786096747,0.4777110213903253,Unstim,LPS,NA,NA,NA,LPS,Unstim,-0.6509950305475742,1.7167849634640617,Robust
P3C4+Nigericin / P3C4,P22061_K27_M2_13,P22061,Dimethyl (KR),-6.892951076588016,6.892951076588016,0.01501742732094373,0.4684330583403137,5,P22061,PCMT1,Protein-L-isoaspartate(D-aspartate) O-methyltransferase,PIMT_HUMAN,19,11784.61268210542,118.8461268210542,P3C4,P3C4+Nigericin,NA,NA,NA,P3C4+Nigericin,P3C4,-1.0773075163456534,-5.815643560242362,Robust
P3C4+Nigericin / P3C4,P10253_S142_M1_19,P10253,HexNAc (ST),-1.250967882959705,1.250967882959705,0.01505183668545232,0.4686365683793136,4,P10253,GAA,Lysosomal alpha-glucosidase,LYAG_HUMAN,45,138.00104086223683,2.3800104086223683,P3C4,P3C4+Nigericin,NA,NA,NA,P3C4+Nigericin,P3C4,-0.518906914404812,-0.7320609685548931,Robust
P3C4+Nigericin / Unstim,Q9Y490_K1025_M1_13,Q9Y490,Dimethyl (KR),-2.6304420974638383,2.6304420974638383,0.01507716977892005,0.4687738430426552,6,Q9Y490,TLN1,Talin-1,TLN1_HUMAN,243,519.215719951195,6.19215719951195,Unstim,P3C4+Nigericin,NA,NA,NA,P3C4+Nigericin,Unstim,-1.2668129302532158,-1.3636291672106224,Robust
P3C4+Nigericin / P3C4,P14314_K487_M1_10,P14314,Crotonyl,1.173544074839099,1.173544074839099,0.01510445308031304,0.46879566067518474,6,P14314,PRKCSH,Glucosidase 2 subunit beta,GLU2B_HUMAN,42,-55.66690696611968,0.4433309303388032,P3C4,P3C4+Nigericin,NA,NA,NA,P3C4+Nigericin,P3C4,-0.2717708703542368,1.4453149451933358,Robust
P3C4+Nigericin / P3C4,P14314_S478_M1_28,P14314,Phospho (STY),1.173544074839099,1.173544074839099,0.01510444975728656,0.46879566067518474,6,P14314,PRKCSH,Glucosidase 2 subunit beta,GLU2B_HUMAN,42,-55.66690696611968,0.4433309303388032,P3C4,P3C4+Nigericin,NA,NA,NA,P3C4+Nigericin,P3C4,-0.2717708703542368,1.4453149451933358,Robust
P3C4+Nigericin / Unstim,Q12965_K1107_M1_22,Q12965,Methyl (KR),-2.588077951200189,2.588077951200189,0.01511923246182772,0.46879566067518474,6,Q12965,MYO1E,Unconventional myosin-Ie,MYO1E_HUMAN,75,501.2970794246483,6.012970794246483,Unstim,P3C4+Nigericin,NA,NA,NA,P3C4+Nigericin,Unstim,-0.5376430313764502,-2.050434919823739,Robust
LPS / Unstim,Q9UQ80_C179_M1_24,Q9UQ80,Nitrosyl,-1.519999016170835,1.519999016170835,0.0151628005839023,0.4688916120642211,6,Q9UQ80,PA2G4,Proliferation-associated protein 2G4,PA2G4_HUMAN,37,186.79085402939927,2.867908540293993,Unstim,LPS,NA,NA,NA,LPS,Unstim,-0.41275289591826214,-1.1072461202525727,Robust
P3C4+Nigericin / Unstim,Q9UIB8_Y341_M1_31,Q9UIB8,Sulfo (STY),-2.5441500705486138,2.5441500705486138,0.0152211605782328,0.46918548564622414,5,Q9UIB8,CD84,SLAM family member 5,SLAF5_HUMAN,18,483.2644201063862,5.832644201063862,Unstim,P3C4+Nigericin,NA,NA,NA,P3C4+Nigericin,Unstim,-0.8283927811507787,-1.715757289397835,Robust
LPS / Unstim,O15355_K539_M1_23,O15355,Myristoyl,2.3954264701016563,2.3954264701016563,0.01528152160286305,0.4696504606087242,6,O15355,PPM1G,Protein phosphatase 1G,PPM1G_HUMAN,32,-80.9933848948899,0.19006615105110103,Unstim,LPS,NA,NA,NA,LPS,Unstim,-0.2835240275844599,2.6789504976861163,Robust
LPS / Unstim,O15355_S537_M1_31,O15355,Sulfo (STY),2.3954264701016563,2.3954264701016563,0.01528152160286305,0.4696504606087242,6,O15355,PPM1G,Protein phosphatase 1G,PPM1G_HUMAN,32,-80.9933848948899,0.19006615105110103,Unstim,LPS,NA,NA,NA,LPS,Unstim,-0.2835240275844599,2.6789504976861163,Robust
P3C4+Nigericin / P3C4,Cont_P60712_T106_M1_31,Cont_P60712;P60709,Sulfo (STY),-1.6399011303094233,1.6399011303094233,0.01554354221894083,0.4698342867935374,6,Cont_P60712;P60709,ACTB,"Actin, cytoplasmic 1;Actin, cytoplasmic 1",ACTB_BOVIN;ACTB_HUMAN,68,211.6444737478696,3.116444737478696,P3C4,P3C4+Nigericin,NA,NA,NA,P3C4+Nigericin,P3C4,-0.3365612868390403,-1.3033398434703831,Robust
P3C4+Nigericin / P3C4,P60709_T106_M1_31,Cont_P60712;P60709,Sulfo (STY),-1.6399011303094233,1.6399011303094233,0.01554354221894083,0.4698342867935374,6,Cont_P60712;P60709,ACTB,"Actin, cytoplasmic 1;Actin, cytoplasmic 1",ACTB_BOVIN;ACTB_HUMAN,68,211.6444737478696,3.116444737478696,P3C4,P3C4+Nigericin,NA,NA,NA,P3C4+Nigericin,P3C4,-0.3365612868390403,-1.3033398434703831,Robust
LPS+Nigericin / Unstim,P05107_K174_M1_0,P05107,Acetyl (K),-1.5964800902775946,1.5964800902775946,0.01546396634126148,0.4698342867935374,6,P05107,ITGB2,Integrin beta-2,ITB2_HUMAN,73,202.40460107480624,3.0240460107480622,Unstim,LPS+Nigericin,NA,NA,NA,LPS+Nigericin,Unstim,0.09842853510177212,-1.6949086253793668,Robust
LPS+Nigericin / Unstim,P08708_K32_M1_10,P08708,Crotonyl,0.6952179681919457,0.6952179681919457,0.01549139996812313,0.4698342867935374,6,P08708,RPS17,Small ribosomal subunit protein eS17,RS17_HUMAN,22,-38.238400040482745,0.6176159995951725,Unstim,LPS+Nigericin,NA,NA,NA,LPS+Nigericin,Unstim,-0.32286353723378897,1.0180815054257346,Robust
LPS+Nigericin / LPS,P22307_K270_M1_13,P22307,Dimethyl (KR),-5.7854070658981165,5.7854070658981165,0.01534178374069961,0.4698342867935374,6,P22307,SCP2,Sterol carrier protein 2,SCP2_HUMAN,59,5415.451423537085,55.154514235370854,LPS,LPS+Nigericin,NA,NA,NA,LPS+Nigericin,LPS,0.233810147455489,-6.019217213353605,Robust
LPS / Unstim,P51531_K447_M1_23,P51531,Myristoyl,-1.7522656186360763,1.7522656186360763,0.01538457138721478,0.4698342867935374,6,P51531,SMARCA2,Probable global transcription activator SNF2L2,SMCA2_HUMAN,61,236.8872009826836,3.3688720098268363,Unstim,LPS,NA,NA,NA,LPS,Unstim,-0.6550227481748543,-1.097242870461222,Robust
P3C4+Nigericin / Unstim,P61978_K139_M1_13,P61978,Dimethyl (KR),-2.2121598569242047,2.2121598569242047,0.01557529182867224,0.4698342867935374,6,P61978,HNRNPK,Heterogeneous nuclear ribonucleoprotein K,HNRPK_HUMAN,58,363.3684628869636,4.633684628869636,Unstim,P3C4+Nigericin,NA,NA,NA,P3C4+Nigericin,Unstim,-1.2995271134873687,-0.912632743436836,Robust
P3C4 / Unstim,P62937_T93_M2_19,P62937,HexNAc (ST),2.7332136724037692,2.7332136724037692,0.01537348293196421,0.4698342867935374,6,P62937,PPIA,Peptidyl-prolyl cis-trans isomerase A,PPIA_HUMAN,28,-84.96093972140085,0.1503906027859915,Unstim,P3C4,NA,NA,NA,P3C4,Unstim,0.30521499052354456,2.427998681880225,Robust
LPS+Nigericin / Unstim,P68032_K293_M1_22,P68032,Methyl (KR),-1.9991856018191685,1.9991856018191685,0.01546632042828673,0.4698342867935374,6,P68032,ACTC1,"Actin, alpha cardiac muscle 1",ACTC_HUMAN,20,299.7742645984048,3.997742645984048,Unstim,LPS+Nigericin,NA,NA,NA,LPS+Nigericin,Unstim,-0.2674263993854526,-1.7317592024337158,Robust
P3C4+Nigericin / Unstim,Q13310_R530_M1_22,Q13310,Methyl (KR),-2.209188988052444,2.209188988052444,0.01544516113938613,0.4698342867935374,6,Q13310,PABPC4,Polyadenylate-binding protein 4,PABP4_HUMAN,45,362.4152534508105,4.624152534508105,Unstim,P3C4+Nigericin,NA,NA,NA,P3C4+Nigericin,Unstim,-1.081553384624914,-1.12763560342753,Robust
P3C4+Nigericin / P3C4,Q92597_R322_M1_13,Q92597,Dimethyl (KR),-1.376682909682391,1.376682909682391,0.01538454620189604,0.4698342867935374,6,Q92597,NDRG1,Protein NDRG1,NDRG1_HUMAN,20,159.6706411958163,2.596706411958163,P3C4,P3C4+Nigericin,NA,NA,NA,P3C4+Nigericin,P3C4,-0.7015406101241609,-0.67514229955823,Robust
P3C4+Nigericin / Unstim,Q99497_S142_M1_19,Q99497,HexNAc (ST),-1.9234989709524215,1.9234989709524215,0.01548744786207623,0.4698342867935374,5,Q99497,PARK7,Parkinson disease protein 7,PARK7_HUMAN,37,279.3419626941315,3.793419626941315,Unstim,P3C4+Nigericin,NA,NA,NA,P3C4+Nigericin,Unstim,-0.8583907957786457,-1.0651081751737759,Robust
P3C4+Nigericin / Unstim,Q9H019_K119_M1_0,Q9H019,Acetyl (K),0.4014972963194292,0.4014972963194292,0.01551637622493767,0.4698342867935374,6,Q9H019,MTFR1L,Mitochondrial fission regulator 1-like,MFR1L_HUMAN,18,-24.292784946682833,0.7570721505331717,Unstim,P3C4+Nigericin,NA,NA,NA,P3C4+Nigericin,Unstim,-1.5243990807333636,1.9258963770527928,Robust
P3C4+Nigericin / P3C4,Q9H4M9_K13_M1_17,Q9H4M9,GlyGly (K),-3.6355424392451505,3.6355424392451505,0.01553150649580505,0.4698342867935374,6,Q9H4M9,EHD1,EH domain-containing protein 1,EHD1_HUMAN,35,1142.8173993690234,12.428173993690232,P3C4,P3C4+Nigericin,NA,NA,NA,P3C4+Nigericin,P3C4,-1.6302013641562303,-2.0053410750889205,Robust
LPS+Nigericin / LPS,Q9Y6G9_K454_M1_13,Q9Y6G9,Dimethyl (KR),-1.1333644460844317,1.1333644460844317,0.01547648642752591,0.4698342867935374,6,Q9Y6G9,DYNC1LI1,Cytoplasmic dynein 1 light intermediate chain 1,DC1L1_HUMAN,30,119.36972675307436,2.1936972675307436,LPS,LPS+Nigericin,NA,NA,NA,LPS+Nigericin,LPS,-0.16314893411000975,-0.9702155119744219,Robust
LPS / Unstim,O75312_S79_M2_31,O75312,Sulfo (STY),4.8424415332408985,4.8424415332408985,0.01553742117382051,0.4698342867935374,4,O75312,ZPR1,Zinc finger protein ZPR1,ZPR1_HUMAN,33,-96.51438154587872,0.03485618454121265,Unstim,LPS,NA,NA,NA,LPS,Unstim,0.02735117566047318,4.815090357580425,Robust
P3C4+Nigericin / Unstim,P10253_S142_M1_19,P10253,HexNAc (ST),-1.740892299530565,1.740892299530565,0.01557261886919914,0.4698342867935374,4,P10253,GAA,Lysosomal alpha-glucosidase,LYAG_HUMAN,45,234.24183072371636,3.3424183072371636,Unstim,P3C4+Nigericin,NA,NA,NA,P3C4+Nigericin,Unstim,-0.8808004168313954,-0.8600918826991695,Robust
P3C4+Nigericin / Unstim,Q9NZ01_C18_M1_24,Q9NZ01,Nitrosyl,-6.038996349026886,6.038996349026886,0.01566565046707557,0.4699038031654919,6,Q9NZ01,TECR,Very-long-chain enoyl-CoA reductase,TECR_HUMAN,16,6475.352572011262,65.75352572011262,Unstim,P3C4+Nigericin,NA,NA,NA,P3C4+Nigericin,Unstim,-0.29863147053086925,-5.740364878496017,Robust
LPS / Unstim,Q9Y490_S2390_M1_31,Q9Y490,Sulfo (STY),-1.114548002564118,1.114548002564118,0.01570985228463945,0.4700223045223696,6,Q9Y490,TLN1,Talin-1,TLN1_HUMAN,243,116.5271603558408,2.165271603558408,Unstim,LPS,NA,NA,NA,LPS,Unstim,-0.4776514134276567,-0.6368965891364612,Robust
P3C4+Nigericin / Unstim,P00505_K73_M1_32,P00505,Trimethyl (K),6.044562919567728,6.044562919567728,0.01576301615430892,0.47021347900875565,6,P00505,GOT2,"Aspartate aminotransferase, mitochondrial",AATM_HUMAN,38,-98.48502575234016,0.01514974247659838,Unstim,P3C4+Nigericin,NA,NA,NA,P3C4+Nigericin,Unstim,-0.7426448356412761,6.787207755209004,Robust
P3C4+Nigericin / Unstim,P17275_K304_M1_17,P17275,GlyGly (K),-2.0444009219093053,2.0444009219093053,0.01575148289122883,0.47021347900875565,6,P17275,JUNB,Transcription factor JunB,JUNB_HUMAN,16,312.50194501177464,4.125019450117747,Unstim,P3C4+Nigericin,NA,NA,NA,P3C4+Nigericin,Unstim,-1.1161933968087996,-0.9282075251005057,Robust
P3C4+Nigericin / P3C4,P48643_C302_M1_24,P48643,Nitrosyl,-3.0120473515148034,3.0120473515148034,0.01578584090468518,0.4702536859030076,6,P48643,CCT5,T-complex protein 1 subunit epsilon,TCPE_HUMAN,60,706.7084409179064,8.067084409179063,P3C4,P3C4+Nigericin,NA,NA,NA,P3C4+Nigericin,P3C4,-0.7901961148516953,-2.2218512366631082,Robust
P3C4+Nigericin / P3C4,Q9NPI6_R536_M1_22,Q9NPI6,Methyl (KR),-2.7701254686329757,2.7701254686329757,0.01589214251973715,0.4707033797870145,6,Q9NPI6,DCP1A,mRNA-decapping enzyme 1A,DCP1A_HUMAN,21,582.1672377113425,6.821672377113425,P3C4,P3C4+Nigericin,NA,NA,NA,P3C4+Nigericin,P3C4,-1.3187427540381549,-1.4513827145948208,Robust
LPS+Nigericin / LPS,P60033_K171_M1_32,P60033,Trimethyl (K),7.802560721244786,7.802560721244786,0.01592090116112471,0.4707671263654008,6,P60033,CD81,CD81 antigen,CD81_HUMAN,6,-99.55208544002213,0.00447914559977892,LPS,LPS+Nigericin,NA,NA,NA,LPS+Nigericin,LPS,0.3802859814605732,7.422274739784213,Robust
P3C4+Nigericin / Unstim,Q9UBQ7_S60_M1_28,Q9UBQ7,Phospho (STY),-1.5645040604740694,1.5645040604740694,0.01595544176465762,0.4707671263654008,6,Q9UBQ7,GRHPR,Glyoxylate reductase/hydroxypyruvate reductase,GRHPR_HUMAN,26,195.77580875068256,2.9577580875068255,Unstim,P3C4+Nigericin,NA,NA,NA,P3C4+Nigericin,Unstim,-0.915730359189985,-0.6487737012840844,Robust
LPS / Unstim,O00267_R798_M1_13,O00267,Dimethyl (KR),2.74586155786954,2.74586155786954,0.01621259591985235,0.470818471659076,6,O00267,SUPT5H,Transcription elongation factor SPT5,SPT5H_HUMAN,56,-85.0922086013265,0.149077913986735,Unstim,LPS,NA,NA,NA,LPS,Unstim,-0.5806123707015137,3.326473928571054,Robust
P3C4+Nigericin / P3C4,O75410_C78_M1_24,O75410,Nitrosyl,-2.5899094071453375,2.5899094071453375,0.01625249310328401,0.470818471659076,6,O75410,TACC1,Transforming acidic coiled-coil-containing protein 1,TACC1_HUMAN,51,502.06089185631527,6.020608918563153,P3C4,P3C4+Nigericin,NA,NA,NA,P3C4+Nigericin,P3C4,-1.69901064707147,-0.8908987600738674,Robust
LPS+Nigericin / Unstim,P07919_R60_M1_13,P07919,Dimethyl (KR),5.385446659520163,5.385446659520163,0.01621466953501259,0.470818471659076,6,P07919,UQCRH,"Cytochrome b-c1 complex subunit 6, mitochondrial",QCR6_HUMAN,9,-97.60768140792592,0.02392318592074074,Unstim,LPS+Nigericin,NA,NA,NA,LPS+Nigericin,Unstim,-0.49639737227541875,5.881844031795581,Robust
LPS+Nigericin / Unstim,P0DMV8_T66_M1_28,P0DMV8;P0DMV9,Phospho (STY),-3.1507457354563417,3.1507457354563417,0.01623674423987411,0.470818471659076,6,P0DMV8;P0DMV9,HSPA1A;HSPA1B,Heat shock 70 kDa protein 1A;Heat shock 70 kDa protein 1B,HS71A_HUMAN;HS71B_HUMAN,79,788.1145293606639,8.88114529360664,Unstim,LPS+Nigericin,NA,NA,NA,LPS+Nigericin,Unstim,-0.5695367602195653,-2.5812089752367764,Robust
LPS+Nigericin / Unstim,P0DMV9_T66_M1_28,P0DMV8;P0DMV9,Phospho (STY),-3.1507457354563417,3.1507457354563417,0.01623674423987411,0.470818471659076,6,P0DMV8;P0DMV9,HSPA1A;HSPA1B,Heat shock 70 kDa protein 1A;Heat shock 70 kDa protein 1B,HS71A_HUMAN;HS71B_HUMAN,79,788.1145293606639,8.88114529360664,Unstim,LPS+Nigericin,NA,NA,NA,LPS+Nigericin,Unstim,-0.5695367602195653,-2.5812089752367764,Robust
P3C4+Nigericin / P3C4,P35613_K243_M1_32,P35613,Trimethyl (K),-0.9313353175050793,0.9313353175050793,0.01614459293059937,0.470818471659076,6,P35613,BSG,Basigin,BASI_HUMAN,19,90.70402817313987,1.9070402817313987,P3C4,P3C4+Nigericin,NA,NA,NA,P3C4+Nigericin,P3C4,-0.34847394996243525,-0.582861367542644,Robust
P3C4 / Unstim,P57737_T536_M2_28,P57737,Phospho (STY),4.868311035203391,4.868311035203391,0.0161903852040511,0.470818471659076,5,P57737,CORO7,Coronin-7,CORO7_HUMAN,41,-96.57632643007624,0.03423673569923773,Unstim,P3C4,NA,NA,NA,P3C4,Unstim,-0.09284036629443386,4.961151401497824,Robust
P3C4 / Unstim,O00267_R798_M1_13,O00267,Dimethyl (KR),3.5546907605993625,3.5546907605993625,0.01632694076746448,0.470849145317753,6,O00267,SUPT5H,Transcription elongation factor SPT5,SPT5H_HUMAN,56,-91.4899628543572,0.08510037145642797,Unstim,P3C4,NA,NA,NA,P3C4,Unstim,-0.4064075622064492,3.9610983228058116,Robust
LPS+Nigericin / Unstim,P07711_K130_M1_32,P07711,Trimethyl (K),-3.489785024403957,3.489785024403957,0.01631742012852139,0.470849145317753,6,P07711,CTSL,Procathepsin L,CATL1_HUMAN,25,1023.3884923039772,11.233884923039772,Unstim,LPS+Nigericin,NA,NA,NA,LPS+Nigericin,Unstim,-1.5456978459660744,-1.9440871784378826,Robust
P3C4+Nigericin / P3C4,P07858_R100_M1_13,P07858,Dimethyl (KR),-2.6844366226655665,2.6844366226655665,0.01631726995554297,0.470849145317753,6,P07858,CTSB,Cathepsin B,CATB_HUMAN,27,542.8297163777441,6.428297163777441,P3C4,P3C4+Nigericin,NA,NA,NA,P3C4+Nigericin,P3C4,-1.2627807600012004,-1.421655862664366,Robust
LPS+Nigericin / Unstim,P12956_K445_M2_13,P12956,Dimethyl (KR),0.6478188354625042,0.6478188354625042,0.01636514278713419,0.4710168920827467,6,P12956,XRCC6,X-ray repair cross-complementing protein 6,XRCC6_HUMAN,73,-36.17554738982398,0.6382445261017602,Unstim,LPS+Nigericin,NA,NA,NA,LPS+Nigericin,Unstim,-0.8245431367846101,1.4723619722471142,Robust
P3C4 / Unstim,Cont_P68103_K408_M1_10,Cont_P68103;P68104,Crotonyl,-1.2469592598742094,1.2469592598742094,0.01641895271763925,0.47106501116747573,6,Cont_P68103;P68104,EEF1A1,Elongation factor 1-alpha 1,EF1A1_BOVIN;EF1A1_HUMAN,61,137.3406571967993,2.373406571967993,Unstim,P3C4,NA,NA,NA,P3C4,Unstim,0.1105137506098942,-1.3574730104841035,Robust
P3C4 / Unstim,P68104_K408_M1_10,Cont_P68103;P68104,Crotonyl,-1.2469592598742094,1.2469592598742094,0.01641895271763925,0.47106501116747573,6,Cont_P68103;P68104,EEF1A1,Elongation factor 1-alpha 1,EF1A1_BOVIN;EF1A1_HUMAN,61,137.3406571967993,2.373406571967993,Unstim,P3C4,NA,NA,NA,P3C4,Unstim,0.1105137506098942,-1.3574730104841035,Robust
P3C4+Nigericin / Unstim,O00267_R798_M1_13,O00267,Dimethyl (KR),2.6233725849815035,2.6233725849815035,0.01649608803876832,0.47106501116747573,6,O00267,SUPT5H,Transcription elongation factor SPT5,SPT5H_HUMAN,56,-83.77120919344524,0.16228790806554763,Unstim,P3C4+Nigericin,NA,NA,NA,P3C4+Nigericin,Unstim,-1.2406325442014712,3.8640051291829747,Robust
LPS+Nigericin / LPS,P14625_K586_M1_32,P14625,Trimethyl (K),-2.6477151581853064,2.6477151581853064,0.01641625086604469,0.47106501116747573,6,P14625,HSP90B1,Endoplasmin,ENPL_HUMAN,108,526.6740085196271,6.266740085196271,LPS,LPS+Nigericin,NA,NA,NA,LPS+Nigericin,LPS,0.289875926424968,-2.9375910846102746,Robust
P3C4+Nigericin / P3C4,P22626_K22_M1_0,P22626,Acetyl (K),-2.116484930456844,2.116484930456844,0.01649703342974171,0.47106501116747573,6,P22626,HNRNPA2B1,Heterogeneous nuclear ribonucleoproteins A2/B1,ROA2_HUMAN,51,333.6361195632719,4.336361195632719,P3C4,P3C4+Nigericin,NA,NA,NA,P3C4+Nigericin,P3C4,-1.2600927972505862,-0.8563921332062576,Robust
P3C4+Nigericin / Unstim,P27797_K142_M1_10,P27797,Crotonyl,0.7283060179403447,0.7283060179403447,0.01649800407171705,0.47106501116747573,6,P27797,CALR,Calreticulin,CALR_HUMAN,45,-39.63877533338059,0.6036122466661941,Unstim,P3C4+Nigericin,NA,NA,NA,P3C4+Nigericin,Unstim,-0.08160818101857897,0.8099141989589236,Robust
P3C4+Nigericin / Unstim,P52948_C760_M1_24,P52948,Nitrosyl,-2.9212042641588725,2.9212042641588725,0.01648413108894976,0.47106501116747573,6,P52948,NUP98,Nuclear pore complex protein Nup98-Nup96,NUP98_HUMAN,77,657.4781450358588,7.574781450358588,Unstim,P3C4+Nigericin,NA,NA,NA,P3C4+Nigericin,Unstim,-1.0298149334154705,-1.891389330743402,Robust
P3C4+Nigericin / P3C4,Q99541_C325_M1_24,Q99541,Nitrosyl,-2.576701545966118,2.576701545966118,0.01647174729602595,0.47106501116747573,6,Q99541,PLIN2,Perilipin-2,PLIN2_HUMAN,40,496.57418307442543,5.965741830744254,P3C4,P3C4+Nigericin,NA,NA,NA,P3C4+Nigericin,P3C4,-0.4445830642469822,-2.132118481719136,Robust
P3C4+Nigericin / P3C4,Q9NYU2_K319_M2_0,Q9NYU2,Acetyl (K),-6.396773052895994,6.396773052895994,0.01651664319781903,0.4711766891052691,6,Q9NYU2,UGGT1,UDP-glucose:glycoprotein glucosyltransferase 1,UGGG1_HUMAN,105,8325.982724575999,84.25982724576,P3C4,P3C4+Nigericin,NA,NA,NA,P3C4+Nigericin,P3C4,-0.0113562506779156,-6.385416802218078,Robust
P3C4+Nigericin / P3C4,Q9NYU2_K306_M2_0,Q9NYU2,Acetyl (K),-6.396773052895994,6.396773052895994,0.01651664319781903,0.4711766891052691,6,Q9NYU2,UGGT1,UDP-glucose:glycoprotein glucosyltransferase 1,UGGG1_HUMAN,105,8325.982724575999,84.25982724576,P3C4,P3C4+Nigericin,NA,NA,NA,P3C4+Nigericin,P3C4,-0.0113562506779156,-6.385416802218078,Robust
P3C4+Nigericin / Unstim,Q15046_C496_M1_24,Q15046,Nitrosyl,-1.796248985772412,1.796248985772412,0.0165645337695414,0.47151998038819465,6,Q15046,KARS1,Lysine--tRNA ligase,SYK_HUMAN,46,247.31602698320864,3.4731602698320865,Unstim,P3C4+Nigericin,NA,NA,NA,P3C4+Nigericin,Unstim,-1.163567817941911,-0.6326811678305009,Robust
P3C4 / Unstim,P00367_C172_M1_24,P00367,Nitrosyl,-1.0845539691445245,1.0845539691445245,0.01689251995714054,0.471677406231547,6,P00367,GLUD1,"Glutamate dehydrogenase 1, mitochondrial",DHE3_HUMAN,53,112.0719728995137,2.120719728995137,Unstim,P3C4,NA,NA,NA,P3C4,Unstim,-0.5011578625082528,-0.5833961066362717,Robust
LPS / Unstim,P30044_K102_M1_13,P30044,Dimethyl (KR),-0.7538911203130225,0.7538911203130225,0.01692756959961259,0.471677406231547,6,P30044,PRDX5,"Peroxiredoxin-5, mitochondrial",PRDX5_HUMAN,20,68.63349485926398,1.6863349485926398,Unstim,LPS,NA,NA,NA,LPS,Unstim,-0.13687090405542782,-0.6170202162575947,Robust
LPS+Nigericin / LPS,P35998_T193_M1_19,P35998,HexNAc (ST),-6.383977804188908,6.383977804188908,0.01688659899731949,0.471677406231547,6,P35998,PSMC2,26S proteasome regulatory subunit 7,PRS7_HUMAN,44,8251.58317541544,83.5158317541544,LPS,LPS+Nigericin,NA,NA,NA,LPS+Nigericin,LPS,0.07997027792967007,-6.463948082118578,Robust
P3C4+Nigericin / Unstim,P38646_T390_M1_31,P38646,Sulfo (STY),2.8983308918172472,2.8983308918172472,0.01682725591143022,0.471677406231547,6,P38646,HSPA9,"Stress-70 protein, mitochondrial",GRP75_HUMAN,95,-86.58732306061843,0.13412676939381565,Unstim,P3C4+Nigericin,NA,NA,NA,P3C4+Nigericin,Unstim,-0.31320042792510916,3.2115313197423565,Robust
P3C4+Nigericin / Unstim,P46940_C781_M1_24,P46940,Nitrosyl,-3.0372743197401433,3.0372743197401433,0.01669534331424964,0.471677406231547,6,P46940,IQGAP1,Ras GTPase-activating-like protein IQGAP1,IQGA1_HUMAN,148,720.9385979416242,8.209385979416242,Unstim,P3C4+Nigericin,NA,NA,NA,P3C4+Nigericin,Unstim,-0.9082654836723864,-2.129008836067757,Robust
P3C4+Nigericin / Unstim,P50990_K440_M2_10,P50990,Crotonyl,-2.339477019082557,2.339477019082557,0.01676543871564752,0.471677406231547,6,P50990,CCT8,T-complex protein 1 subunit theta,TCPQ_HUMAN,62,406.11913475260855,5.061191347526085,Unstim,P3C4+Nigericin,NA,NA,NA,P3C4+Nigericin,Unstim,-0.910983049658913,-1.428493969423644,Robust
P3C4+Nigericin / Unstim,P50990_K439_M2_10,P50990,Crotonyl,-2.339477019082557,2.339477019082557,0.01676543871564752,0.471677406231547,6,P50990,CCT8,T-complex protein 1 subunit theta,TCPQ_HUMAN,62,406.11913475260855,5.061191347526085,Unstim,P3C4+Nigericin,NA,NA,NA,P3C4+Nigericin,Unstim,-0.910983049658913,-1.428493969423644,Robust
P3C4+Nigericin / Unstim,P60660_K63_M1_0,P60660,Acetyl (K),2.21242159121808,2.21242159121808,0.01676462893032813,0.471677406231547,6,P60660,MYL6,Myosin light polypeptide 6,MYL6_HUMAN,25,-78.42281734413746,0.21577182655862545,Unstim,P3C4+Nigericin,NA,NA,NA,P3C4+Nigericin,Unstim,0.14983128703748255,2.0625903041805973,Robust
P3C4+Nigericin / P3C4,P62899_T26_M1_19,P62899,HexNAc (ST),-0.9413704288492118,0.9413704288492118,0.01703801218206073,0.471677406231547,6,P62899,RPL31,Large ribosomal subunit protein eL31,RL31_HUMAN,14,92.03515315298336,1.9203515315298336,P3C4,P3C4+Nigericin,NA,NA,NA,P3C4+Nigericin,P3C4,-0.24374532603782917,-0.6976251028113827,Robust
P3C4+Nigericin / P3C4,P63241_K47_M1_22,P63241,Methyl (KR),-2.1675506684374932,2.1675506684374932,0.01683592014366439,0.471677406231547,6,P63241,EIF5A,Eukaryotic translation initiation factor 5A-1,IF5A1_HUMAN,24,349.26001608321207,4.49260016083212,P3C4,P3C4+Nigericin,NA,NA,NA,P3C4+Nigericin,P3C4,-1.4606030989975594,-0.7069475694399339,Robust
P3C4+Nigericin / Unstim,Q01469_S16_M1_31,Q01469,Sulfo (STY),-2.620410134980881,2.620410134980881,0.0167502835521288,0.471677406231547,6,Q01469,FABP5,Fatty acid-binding protein 5,FABP5_HUMAN,27,514.9248609104026,6.149248609104026,Unstim,P3C4+Nigericin,NA,NA,NA,P3C4+Nigericin,Unstim,-0.7279649132218559,-1.8924452217590249,Robust
LPS+Nigericin / Unstim,Q8IYD1_K57_M1_10,Q8IYD1,Crotonyl,-1.819716501493809,1.819716501493809,0.0170432537763564,0.471677406231547,6,Q8IYD1,GSPT2,Eukaryotic peptide chain release factor GTP-binding subunit ERF3B,ERF3B_HUMAN,5,253.0118226917021,3.5301182269170206,Unstim,LPS+Nigericin,NA,NA,NA,LPS+Nigericin,Unstim,-0.5800065076844764,-1.2397099938093326,Robust
P3C4+Nigericin / Unstim,Q9C0E8_K23_M1_23,Q9C0E8,Myristoyl,-4.120510620404009,4.120510620404009,0.01666767703502621,0.471677406231547,6,Q9C0E8,LNPK,Endoplasmic reticulum junction formation protein lunapark,LNP_HUMAN,21,1639.391302730876,17.39391302730876,Unstim,P3C4+Nigericin,NA,NA,NA,P3C4+Nigericin,Unstim,-0.7319995243258313,-3.388511096078178,Robust
LPS+Nigericin / LPS,P23528_K132_M1_10,P23528,Crotonyl,-1.435488782783496,1.435488782783496,0.01697632847473614,0.471677406231547,4,P23528,CFL1,Cofilin-1,COF1_HUMAN,38,170.47378717287503,2.7047378717287502,LPS,LPS+Nigericin,NA,NA,NA,LPS+Nigericin,LPS,-0.5544256247670736,-0.8810631580164223,Robust
LPS+Nigericin / LPS,P23528_T129_M1_28,P23528,Phospho (STY),-1.435488782783496,1.435488782783496,0.01697631422735678,0.471677406231547,4,P23528,CFL1,Cofilin-1,COF1_HUMAN,38,170.47378717287503,2.7047378717287502,LPS,LPS+Nigericin,NA,NA,NA,LPS+Nigericin,LPS,-0.5544256247670736,-0.8810631580164223,Robust
LPS+Nigericin / LPS,P08574_T108_M2_31,P08574,Sulfo (STY),9.223247498390846,9.223247498390846,0.01665655808681274,0.471677406231547,4,P08574,CYC1,"Cytochrome c1, heme protein, mitochondrial",CY1_HUMAN,18,-99.83268847968318,0.00167311520316817,LPS,LPS+Nigericin,NA,NA,NA,LPS+Nigericin,LPS,0.16697412369518497,9.05627337469566,Robust
LPS+Nigericin / LPS,Q09666_K3741_M2_10,Q09666,Crotonyl,0.7692931522312061,0.7692931522312061,0.01701999991011026,0.471677406231547,5,Q09666,AHNAK,Neuroblast differentiation-associated protein AHNAK,AHNK_HUMAN,760,-41.3295140016868,0.586704859983132,LPS,LPS+Nigericin,NA,NA,NA,LPS+Nigericin,LPS,-0.413196889484699,1.182490041715905,Robust
LPS / Unstim,P02794_T123_M1_31,P02794,Sulfo (STY),-2.0085191899166936,2.0085191899166936,0.01712055569498695,0.4722448653832485,6,P02794,FTH1,Ferritin heavy chain,FRIH_HUMAN,19,302.36900866492994,4.0236900866492995,Unstim,LPS,NA,NA,NA,LPS,Unstim,-0.02775854806942356,-1.98076064184727,Robust
P3C4+Nigericin / Unstim,P04083_K128_M1_10,P04083,Crotonyl,1.70002608415693,1.70002608415693,0.01712986010790825,0.4722448653832485,6,P04083,ANXA1,Annexin A1,ANXA1_HUMAN,57,-69.22194614354076,0.30778053856459237,Unstim,P3C4+Nigericin,NA,NA,NA,P3C4+Nigericin,Unstim,0.6508872094625072,1.0491388746944228,Robust
LPS / Unstim,Q99460_K869_M1_32,Q99460,Trimethyl (K),-6.656781138787857,6.656781138787857,0.0171129309725211,0.4722448653832485,6,Q99460,PSMD1,26S proteasome non-ATPase regulatory subunit 1,PSMD1_HUMAN,53,9989.991429515889,100.89991429515888,Unstim,LPS,NA,NA,NA,LPS,Unstim,-0.41752509399193094,-6.239256044795926,Robust
P3C4+Nigericin / Unstim,O95785_K1162_M1_32,O95785,Trimethyl (K),-2.4211717041305985,2.4211717041305985,0.0172411201790221,0.472373002513956,6,O95785,WIZ,Protein Wiz,WIZ_HUMAN,36,435.60584478869833,5.3560584478869835,Unstim,P3C4+Nigericin,NA,NA,NA,P3C4+Nigericin,Unstim,-1.5911668602399176,-0.8300048438906809,Robust
LPS+Nigericin / LPS,P07737_K91_M1_10,P07737,Crotonyl,-2.615106260052173,2.615106260052173,0.01720566961118683,0.472373002513956,6,P07737,PFN1,Profilin-1,PROF1_HUMAN,29,512.6683225601067,6.1266832256010675,LPS,LPS+Nigericin,NA,NA,NA,LPS+Nigericin,LPS,-0.2181555302080444,-2.3969507298441286,Robust
P3C4 / Unstim,P0DMV8_S307_M1_19,P0DMV8;P0DMV9,HexNAc (ST),-2.500781052205544,2.500781052205544,0.0172785937518803,0.472373002513956,6,P0DMV8;P0DMV9,HSPA1A;HSPA1B,Heat shock 70 kDa protein 1A;Heat shock 70 kDa protein 1B,HS71A_HUMAN;HS71B_HUMAN,79,465.99176097847214,5.6599176097847215,Unstim,P3C4,NA,NA,NA,P3C4,Unstim,0.1521449443151442,-2.652925996520688,Robust
P3C4 / Unstim,P0DMV8_C306_M1_23,P0DMV8;P0DMV9,Myristoyl,-2.500781052205544,2.500781052205544,0.0172785937518803,0.472373002513956,6,P0DMV8;P0DMV9,HSPA1A;HSPA1B,Heat shock 70 kDa protein 1A;Heat shock 70 kDa protein 1B,HS71A_HUMAN;HS71B_HUMAN,79,465.99176097847214,5.6599176097847215,Unstim,P3C4,NA,NA,NA,P3C4,Unstim,0.1521449443151442,-2.652925996520688,Robust
P3C4 / Unstim,P0DMV9_S307_M1_19,P0DMV8;P0DMV9,HexNAc (ST),-2.500781052205544,2.500781052205544,0.0172785937518803,0.472373002513956,6,P0DMV8;P0DMV9,HSPA1A;HSPA1B,Heat shock 70 kDa protein 1A;Heat shock 70 kDa protein 1B,HS71A_HUMAN;HS71B_HUMAN,79,465.99176097847214,5.6599176097847215,Unstim,P3C4,NA,NA,NA,P3C4,Unstim,0.1521449443151442,-2.652925996520688,Robust
P3C4 / Unstim,P0DMV9_C306_M1_23,P0DMV8;P0DMV9,Myristoyl,-2.500781052205544,2.500781052205544,0.0172785937518803,0.472373002513956,6,P0DMV8;P0DMV9,HSPA1A;HSPA1B,Heat shock 70 kDa protein 1A;Heat shock 70 kDa protein 1B,HS71A_HUMAN;HS71B_HUMAN,79,465.99176097847214,5.6599176097847215,Unstim,P3C4,NA,NA,NA,P3C4,Unstim,0.1521449443151442,-2.652925996520688,Robust
LPS+Nigericin / LPS,P27348_T30_M1_31,P27348,Sulfo (STY),2.107770998655667,2.107770998655667,0.01719620427446705,0.472373002513956,6,P27348,YWHAQ,14-3-3 protein theta,1433T_HUMAN,29,-76.79948072409488,0.2320051927590513,LPS,LPS+Nigericin,NA,NA,NA,LPS+Nigericin,LPS,-0.6422972502160543,2.750068248871721,Robust
P3C4+Nigericin / P3C4,P48147_C264_M1_24,P48147,Nitrosyl,-1.911648708247751,1.911648708247751,0.01724515476689974,0.472373002513956,6,P48147,PREP,Prolyl endopeptidase,PPCE_HUMAN,45,276.23881886947316,3.762388188694731,P3C4,P3C4+Nigericin,NA,NA,NA,P3C4+Nigericin,P3C4,-1.299399007236364,-0.612249701011387,Robust
LPS / Unstim,P52788_K210_M1_22,P52788,Methyl (KR),1.3069412924399322,1.3069412924399322,0.01726215798366038,0.472373002513956,6,P52788,SMS,Spermine synthase,SPSY_HUMAN,16,-59.582311877021525,0.40417688122978473,Unstim,LPS,NA,NA,NA,LPS,Unstim,0.09622560249022198,1.2107156899497102,Robust
LPS / Unstim,P52788_C206_M1_24,P52788,Nitrosyl,1.3069412924399322,1.3069412924399322,0.01726215798366038,0.472373002513956,6,P52788,SMS,Spermine synthase,SPSY_HUMAN,16,-59.582311877021525,0.40417688122978473,Unstim,LPS,NA,NA,NA,LPS,Unstim,0.09622560249022198,1.2107156899497102,Robust
P3C4+Nigericin / P3C4,P61158_Y184_M1_28,P61158,Phospho (STY),-2.547099905552664,2.547099905552664,0.01728150215727703,0.472373002513956,6,P61158,ACTR3,Actin-related protein 3,ARP3_HUMAN,34,484.4582233118081,5.844582233118081,P3C4,P3C4+Nigericin,NA,NA,NA,P3C4+Nigericin,P3C4,-0.427539227886754,-2.11956067766591,Robust
P3C4+Nigericin / P3C4,P98179_R65_M1_22,P98179,Methyl (KR),-3.94620401024209,3.94620401024209,0.01729713276027437,0.472373002513956,6,P98179,RBM3,RNA-binding protein 3,RBM3_HUMAN,14,1441.4369882756423,15.414369882756423,P3C4,P3C4+Nigericin,NA,NA,NA,P3C4+Nigericin,P3C4,-1.815522997703546,-2.130681012538544,Robust
P3C4+Nigericin / Unstim,Q6WKZ4_S300_M1_19,Q6WKZ4,HexNAc (ST),-1.336081391211715,1.336081391211715,0.01723467277859428,0.472373002513956,6,Q6WKZ4,RAB11FIP1,Rab11 family-interacting protein 1,RFIP1_HUMAN,47,152.4646490887544,2.524646490887544,Unstim,P3C4+Nigericin,NA,NA,NA,P3C4+Nigericin,Unstim,-2.345021228728786,1.008939837517071,Robust
LPS+Nigericin / LPS,Q9UKV3_C1223_M1_23,Q9UKV3,Myristoyl,2.6001795836160353,2.6001795836160353,0.01733337121547973,0.472373002513956,6,Q9UKV3,ACIN1,Apoptotic chromatin condensation inducer in the nucleus,ACINU_HUMAN,80,-83.50820410685502,0.16491795893144984,LPS,LPS+Nigericin,NA,NA,NA,LPS+Nigericin,LPS,-0.21347574676148723,2.8136553303775225,Robust
P3C4+Nigericin / P3C4,Q9H0Z9_R51_M1_22,Q9H0Z9,Methyl (KR),-2.4957093232140832,2.4957093232140832,0.01734955033857226,0.47239215093380926,6,Q9H0Z9,RBM38,RNA-binding protein 38,RBM38_HUMAN,5,464.00553589756487,5.640055358975649,P3C4,P3C4+Nigericin,NA,NA,NA,P3C4+Nigericin,P3C4,-1.3760928775585064,-1.1196164456555768,Robust
P3C4+Nigericin / P3C4,Q15185_K48_M1_32,Q15185,Trimethyl (K),-2.2636195591550887,2.2636195591550887,0.01735829810973987,0.47240487548268634,6,Q15185,PTGES3,Prostaglandin E synthase 3,TEBP_HUMAN,14,380.19472622748225,4.8019472622748225,P3C4,P3C4+Nigericin,NA,NA,NA,P3C4+Nigericin,P3C4,-1.4816037427280286,-0.7820158164270601,Robust
LPS / Unstim,P10809_K191_M2_32,P10809,Trimethyl (K),0.8583833859191582,0.8583833859191582,0.01745265452110002,0.4727649284086537,6,P10809,HSPD1,"60 kDa heat shock protein, mitochondrial",CH60_HUMAN,115,-44.84297253237008,0.5515702746762992,Unstim,LPS,NA,NA,NA,LPS,Unstim,-0.23297517174672908,1.0913585576658873,Robust
LPS / Unstim,P10809_K180_M2_32,P10809,Trimethyl (K),0.8581014962139529,0.8581014962139529,0.01745733862263393,0.4727649284086537,6,P10809,HSPD1,"60 kDa heat shock protein, mitochondrial",CH60_HUMAN,115,-44.83219428966425,0.5516780571033575,Unstim,LPS,NA,NA,NA,LPS,Unstim,-0.23297517174672908,1.091076667960682,Robust
LPS / Unstim,Q96EY1_S353_M2_31,Q96EY1,Sulfo (STY),2.0482016467455364,2.0482016467455364,0.01753578628876882,0.472787250078574,5,Q96EY1,DNAJA3,"DnaJ homolog subfamily A member 3, mitochondrial",DNJA3_HUMAN,25,-75.82147144988396,0.2417852855011605,Unstim,LPS,NA,NA,NA,LPS,Unstim,-0.3019024238196277,2.350104070565164,Robust
LPS / Unstim,Q96EY1_R341_M1_13,Q96EY1,Dimethyl (KR),2.0482016467455364,2.0482016467455364,0.01753578112180366,0.472787250078574,5,Q96EY1,DNAJA3,"DnaJ homolog subfamily A member 3, mitochondrial",DNJA3_HUMAN,25,-75.82147144988396,0.2417852855011605,Unstim,LPS,NA,NA,NA,LPS,Unstim,-0.3019024238196277,2.350104070565164,Robust
P3C4+Nigericin / P3C4,P30044_K116_M1_10,P30044,Crotonyl,-10.035181292169844,10.035181292169844,0.01750092193455178,0.472787250078574,5,P30044,PRDX5,"Peroxiredoxin-5, mitochondrial",PRDX5_HUMAN,20,104827.8033041651,1049.278033041651,P3C4,P3C4+Nigericin,NA,NA,NA,P3C4+Nigericin,P3C4,-0.7422883774678539,-9.292892914701989,Robust
P3C4+Nigericin / P3C4,Q8NHL6_S579_M1_28,Q8NHL6,Phospho (STY),-2.221036642030922,2.221036642030922,0.01758093448728158,0.472895589295617,6,Q8NHL6,LILRB1,Leukocyte immunoglobulin-like receptor subfamily B member 1,LIRB1_HUMAN,24,366.2283205197241,4.662283205197241,P3C4,P3C4+Nigericin,NA,NA,NA,P3C4+Nigericin,P3C4,-0.5898910876859516,-1.6311455543449704,Robust
P3C4+Nigericin / Unstim,P07711_K130_M1_32,P07711,Trimethyl (K),-3.673490752871527,3.673490752871527,0.01763273474519863,0.4730373848307241,6,P07711,CTSL,Procathepsin L,CATL1_HUMAN,25,1175.941918120035,12.759419181200352,Unstim,P3C4+Nigericin,NA,NA,NA,P3C4+Nigericin,Unstim,-1.999626357686288,-1.673864395185239,Robust
LPS+Nigericin / LPS,O60488_K536_M1_23,O60488,Myristoyl,-6.134377919619934,6.134377919619934,0.01765314758797529,0.47313522681806885,6,O60488,ACSL4,Long-chain-fatty-acid--CoA ligase 4,ACSL4_HUMAN,62,6924.764324054028,70.24764324054028,LPS,LPS+Nigericin,NA,NA,NA,LPS+Nigericin,LPS,0.08593745587885594,-6.22031537549879,Robust
P3C4+Nigericin / Unstim,P12694_K402_M1_10,P12694,Crotonyl,0.4707405263333614,0.4707405263333614,0.0176992260883158,0.47344337960322247,6,P12694,BCKDHA,"2-oxoisovalerate dehydrogenase subunit alpha, mitochondrial",ODBA_HUMAN,29,-27.84058870554535,0.7215941129445465,Unstim,P3C4+Nigericin,NA,NA,NA,P3C4+Nigericin,Unstim,-0.42065880788751353,0.8913993342208749,Robust
LPS / Unstim,Q9C0E8_K23_M1_23,Q9C0E8,Myristoyl,-3.5882764441514827,3.5882764441514827,0.01780776982581233,0.47362512135720264,6,Q9C0E8,LNPK,Endoplasmic reticulum junction formation protein lunapark,LNP_HUMAN,21,1102.7596289444866,12.027596289444867,Unstim,LPS,NA,NA,NA,LPS,Unstim,-0.692494153261675,-2.895782290889808,Robust
P3C4+Nigericin / Unstim,Q9NZ45_C83_M2_23,Q9NZ45,Myristoyl,-1.8815337856526737,1.8815337856526737,0.01776346515172918,0.47362512135720264,6,Q9NZ45,CISD1,CDGSH iron-sulfur domain-containing protein 1,CISD1_HUMAN,8,268.4665833602205,3.684665833602205,Unstim,P3C4+Nigericin,NA,NA,NA,P3C4+Nigericin,Unstim,-0.6390943778967959,-1.2424394077558778,Robust
P3C4+Nigericin / P3C4,O94826_K5_M1_0,O94826,Acetyl (K),-0.7667629884989647,0.7667629884989647,0.01786032244377811,0.473783448079913,6,O94826,TOMM70,Mitochondrial import receptor subunit TOM70,TOM70_HUMAN,47,70.14479156310233,1.7014479156310234,P3C4,P3C4+Nigericin,NA,NA,NA,P3C4+Nigericin,P3C4,-0.18029331413462096,-0.5864696743643438,Robust
P3C4+Nigericin / P3C4,Q08379_R976_M1_13,Q08379,Dimethyl (KR),-2.0733179627349525,2.0733179627349525,0.01789144599751566,0.4739148389450401,6,Q08379,GOLGA2,Golgin subfamily A member 2,GOGA2_HUMAN,78,320.85345544710134,4.208534554471013,P3C4,P3C4+Nigericin,NA,NA,NA,P3C4+Nigericin,P3C4,-1.3945918438452145,-0.678726118889738,Robust
P3C4+Nigericin / Unstim,P00558_C99_M1_24,P00558,Nitrosyl,-1.9063457624239768,1.9063457624239768,0.01801426499496442,0.47403840034216566,6,P00558,PGK1,Phosphoglycerate kinase 1,PGK1_HUMAN,66,274.8584081430831,3.748584081430831,Unstim,P3C4+Nigericin,NA,NA,NA,P3C4+Nigericin,Unstim,-1.2011794644405287,-0.7051662979834481,Robust
P3C4+Nigericin / Unstim,Q13310_R518_M1_13,Q13310,Dimethyl (KR),-2.0628548831195315,2.0628548831195315,0.01795319821883708,0.47403840034216566,6,Q13310,PABPC4,Polyadenylate-binding protein 4,PABP4_HUMAN,45,317.81227639953124,4.1781227639953125,Unstim,P3C4+Nigericin,NA,NA,NA,P3C4+Nigericin,Unstim,-1.081553384624914,-0.9813014984946176,Robust
P3C4+Nigericin / P3C4,Q9Y490_K234_M1_10,Q9Y490,Crotonyl,-1.5067560703699991,1.5067560703699991,0.01800209327271967,0.47403840034216566,6,Q9Y490,TLN1,Talin-1,TLN1_HUMAN,243,184.1703572958602,2.8417035729586018,P3C4,P3C4+Nigericin,NA,NA,NA,P3C4+Nigericin,P3C4,-0.9067262750424474,-0.6000297953275517,Robust
P3C4+Nigericin / P3C4,Q9Y490_S231_M1_31,Q9Y490,Sulfo (STY),-1.5067560703699991,1.5067560703699991,0.01800208705143545,0.47403840034216566,6,Q9Y490,TLN1,Talin-1,TLN1_HUMAN,243,184.1703572958602,2.8417035729586018,P3C4,P3C4+Nigericin,NA,NA,NA,P3C4+Nigericin,P3C4,-0.9067262750424474,-0.6000297953275517,Robust
P3C4+Nigericin / Unstim,P51991_S358_M1_28,P51991,Phospho (STY),-2.8715513038733973,2.8715513038733973,0.01796558746985903,0.47403840034216566,5,P51991,HNRNPA3,Heterogeneous nuclear ribonucleoprotein A3,ROA3_HUMAN,42,631.8516841140919,7.3185168411409185,Unstim,P3C4+Nigericin,NA,NA,NA,P3C4+Nigericin,Unstim,-1.4739316684071826,-1.3976196354662147,Robust
LPS+Nigericin / Unstim,O60664_C341_M1_24,O60664,Nitrosyl,-1.8434214760115843,1.8434214760115843,0.01818402771576946,0.4742285639658974,6,O60664,PLIN3,Perilipin-3,PLIN3_HUMAN,41,258.8600876998873,3.588600876998873,Unstim,LPS+Nigericin,NA,NA,NA,LPS+Nigericin,Unstim,-0.7333311885340147,-1.1100902874775698,Robust
P3C4+Nigericin / P3C4,P15153_Y72_M1_28,P15153,Phospho (STY),-5.26327951053673,5.26327951053673,0.01814853364177062,0.4742285639658974,6,P15153,RAC2,Ras-related C3 botulinum toxin substrate 2,RAC2_HUMAN,13,3740.652446975448,38.40652446975448,P3C4,P3C4+Nigericin,NA,NA,NA,P3C4+Nigericin,P3C4,-0.3013297755935625,-4.961949734943167,Robust
P3C4+Nigericin / P3C4,P60660_R37_M1_22,P60660,Methyl (KR),-1.0910032277293886,1.0910032277293886,0.01819554915202198,0.4742285639658974,6,P60660,MYL6,Myosin light polypeptide 6,MYL6_HUMAN,25,113.02211727072806,2.1302211727072806,P3C4,P3C4+Nigericin,NA,NA,NA,P3C4+Nigericin,P3C4,-0.3447311583237081,-0.7462720694056806,Robust
P3C4+Nigericin / P3C4,Q9ULC4_K122_M1_22,Q9ULC4,Methyl (KR),-2.8978190156155605,2.8978190156155605,0.01818095966778899,0.4742285639658974,6,Q9ULC4,MCTS1,Malignant T-cell-amplified sequence 1,MCTS1_HUMAN,9,645.2988407220528,7.452988407220528,P3C4,P3C4+Nigericin,NA,NA,NA,P3C4+Nigericin,P3C4,-1.3292644500994324,-1.5685545655161282,Robust
P3C4+Nigericin / P3C4,Q9UPW0_K210_M1_13,Q9UPW0,Dimethyl (KR),-2.364435448521621,2.364435448521621,0.01817695772271571,0.4742285639658974,6,Q9UPW0,FOXJ3,Forkhead box protein J3,FOXJ3_HUMAN,16,414.9511031142141,5.149511031142141,P3C4,P3C4+Nigericin,NA,NA,NA,P3C4+Nigericin,P3C4,-1.6467860106849443,-0.7176494378366767,Robust
P3C4+Nigericin / Unstim,P09651_T51_M1_31,P09651,Sulfo (STY),-2.967142913485816,2.967142913485816,0.01826963765960319,0.4744387184108669,6,P09651,HNRNPA1,Heterogeneous nuclear ribonucleoprotein A1,ROA1_HUMAN,46,681.9860728947457,7.819860728947457,Unstim,P3C4+Nigericin,NA,NA,NA,P3C4+Nigericin,Unstim,-1.9200080800161892,-1.0471348334696267,Robust
LPS+Nigericin / Unstim,P35637_S360_M1_31,P35637,Sulfo (STY),-1.9085397195660296,1.9085397195660296,0.01843311106860033,0.4749292454929366,6,P35637,FUS,RNA-binding protein FUS,FUS_HUMAN,24,275.42890219734403,3.75428902197344,Unstim,LPS+Nigericin,NA,NA,NA,LPS+Nigericin,Unstim,-1.1167779199241117,-0.791761799641918,Robust
P3C4+Nigericin / Unstim,P78324_K488_M1_13,P78324,Dimethyl (KR),-2.157039474362698,2.157039474362698,0.01842278438489872,0.4749292454929366,6,P78324,SIRPA,Tyrosine-protein phosphatase non-receptor type substrate 1,SHPS1_HUMAN,22,345.99869053657335,4.459986905365733,Unstim,P3C4+Nigericin,NA,NA,NA,P3C4+Nigericin,Unstim,-1.325985771652194,-0.8310537027105043,Robust
P3C4+Nigericin / P3C4,P05107_Y382_M2_28,P05107,Phospho (STY),-9.535171226153242,9.535171226153242,0.01843703043316641,0.474938309203798,6,P05107,ITGB2,Integrin beta-2,ITB2_HUMAN,73,74094.64357640824,741.9464357640825,P3C4,P3C4+Nigericin,NA,NA,NA,P3C4+Nigericin,P3C4,-0.03581221486589295,-9.49935901128735,Robust
LPS+Nigericin / Unstim,P28907_Y70_M1_31,P28907,Sulfo (STY),7.879999896624482,7.879999896624482,0.01849935577979028,0.47498518639420384,6,P28907,CD38,ADP-ribosyl cyclase/cyclic ADP-ribose hydrolase 1,CD38_HUMAN,19,-99.57549416390805,0.00424505836091972,Unstim,LPS+Nigericin,NA,NA,NA,LPS+Nigericin,Unstim,-0.25087760919416663,8.130877505818649,Robust
P3C4+Nigericin / P3C4,P42224_R541_M1_22,P42224,Methyl (KR),-1.8635756928627505,1.8635756928627505,0.01862330803242785,0.47498518639420384,6,P42224,STAT1,Signal transducer and activator of transcription 1-alpha/beta,STAT1_HUMAN,55,263.9084857512473,3.6390848575124735,P3C4,P3C4+Nigericin,NA,NA,NA,P3C4+Nigericin,P3C4,-1.2158079165878333,-0.6477677762749172,Robust
P3C4+Nigericin / P3C4,P49750_K838_M2_22,P49750,Methyl (KR),-1.8871410275655576,1.8871410275655576,0.01860030416101304,0.47498518639420384,6,P49750,YLPM1,YLP motif-containing protein 1,YLPM1_HUMAN,78,269.9014684044685,3.699014684044685,P3C4,P3C4+Nigericin,NA,NA,NA,P3C4+Nigericin,P3C4,-1.22619677483569,-0.6609442527298677,Robust
P3C4+Nigericin / P3C4,P49750_R831_M2_22,P49750,Methyl (KR),-1.8871410275655576,1.8871410275655576,0.01860030416101304,0.47498518639420384,6,P49750,YLPM1,YLP motif-containing protein 1,YLPM1_HUMAN,78,269.9014684044685,3.699014684044685,P3C4,P3C4+Nigericin,NA,NA,NA,P3C4+Nigericin,P3C4,-1.22619677483569,-0.6609442527298677,Robust
P3C4+Nigericin / P3C4,P61978_C132_M1_24,P61978,Nitrosyl,-3.185660844197436,3.185660844197436,0.01860256362293803,0.47498518639420384,6,P61978,HNRNPK,Heterogeneous nuclear ribonucleoprotein K,HNRPK_HUMAN,58,809.8702604055356,9.098702604055356,P3C4,P3C4+Nigericin,NA,NA,NA,P3C4+Nigericin,P3C4,-1.2151314087313645,-1.9705294354660714,Robust
P3C4 / Unstim,P62857_R31_M1_22,P62857,Methyl (KR),2.1477478465124773,2.1477478465124773,0.01850135342678039,0.47498518639420384,6,P62857,RPS28,Small ribosomal subunit protein eS28,RS28_HUMAN,12,-77.43353800362844,0.2256646199637155,Unstim,P3C4,NA,NA,NA,P3C4,Unstim,0.29648331339177914,1.8512645331206983,Robust
P3C4+Nigericin / Unstim,Q9BRP8_S126_M1_31,Q9BRP8,Sulfo (STY),-2.3162223324249367,2.3162223324249367,0.01852355371938435,0.47498518639420384,5,Q9BRP8,PYM1,Partner of Y14 and mago,PYM1_HUMAN,17,398.0264386421986,4.980264386421986,Unstim,P3C4+Nigericin,NA,NA,NA,P3C4+Nigericin,Unstim,-1.46209602729331,-0.8541263051316268,Robust
LPS+Nigericin / LPS,P21953_K232_M1_13,P21953,Dimethyl (KR),5.547449557020615,5.547449557020615,0.01860749944121087,0.47498518639420384,5,P21953,BCKDHB,"2-oxoisovalerate dehydrogenase subunit beta, mitochondrial",ODBB_HUMAN,9,-97.86178543315611,0.02138214566843891,LPS,LPS+Nigericin,NA,NA,NA,LPS+Nigericin,LPS,0.5115289660712812,5.035920590949334,Robust
LPS+Nigericin / LPS,Q9UPU7_K505_M1_17,Q9UPU7,GlyGly (K),-1.1230469724059609,1.1230469724059609,0.01856982241501853,0.47498518639420384,4,Q9UPU7,TBC1D2B,TBC1 domain family member 2B,TBD2B_HUMAN,6,117.8064944678556,2.178064944678556,LPS,LPS+Nigericin,NA,NA,NA,LPS+Nigericin,LPS,0.01342792985417899,-1.13647490226014,Robust
P3C4+Nigericin / Unstim,P06280_T420_M2_31,P06280,Sulfo (STY),-2.6060415291492407,2.6060415291492407,0.0186751376160086,0.4752006560811557,6,P06280,GLA,Alpha-galactosidase A,AGAL_HUMAN,11,508.8308777751178,6.088308777751179,Unstim,P3C4+Nigericin,NA,NA,NA,P3C4+Nigericin,Unstim,-1.2737332636427454,-1.3323082655064953,Robust
LPS+Nigericin / LPS,Q9UGC7_R278_M1_22,Q9UGC7,Methyl (KR),2.64155633604049,2.64155633604049,0.01869797288310979,0.4753144990090345,6,Q9UGC7,MTRF1L,"Peptide chain release factor 1-like, mitochondrial",RF1ML_HUMAN,6,-83.97447346490175,0.16025526535098256,LPS,LPS+Nigericin,NA,NA,NA,LPS+Nigericin,LPS,0.5683969782375733,2.0731593578029166,Robust
LPS+Nigericin / LPS,Q9UGC7_C274_M1_24,Q9UGC7,Nitrosyl,2.64155633604049,2.64155633604049,0.01869797288310979,0.4753144990090345,6,Q9UGC7,MTRF1L,"Peptide chain release factor 1-like, mitochondrial",RF1ML_HUMAN,6,-83.97447346490175,0.16025526535098256,LPS,LPS+Nigericin,NA,NA,NA,LPS+Nigericin,LPS,0.5683969782375733,2.0731593578029166,Robust
P3C4+Nigericin / P3C4,Q14108_R275_M1_13,Q14108,Dimethyl (KR),2.457028242282591,2.457028242282591,0.01892642579142339,0.4763765572846296,6,Q14108,SCARB2,Lysosome membrane protein 2,SCRB2_HUMAN,23,-81.78786760153469,0.18212132398465308,P3C4,P3C4+Nigericin,NA,NA,NA,P3C4+Nigericin,P3C4,-0.30926451194222526,2.7662927542248164,Robust
P3C4+Nigericin / P3C4,Q9H1B7_K439_M1_13,Q9H1B7,Dimethyl (KR),-2.152700635482227,2.152700635482227,0.01895912889705322,0.47669436791186287,6,Q9H1B7,IRF2BPL,Probable E3 ubiquitin-protein ligase IRF2BPL,I2BPL_HUMAN,36,344.6593849782295,4.446593849782295,P3C4,P3C4+Nigericin,NA,NA,NA,P3C4+Nigericin,P3C4,-1.427725121028328,-0.7249755144538992,Robust
P3C4+Nigericin / Unstim,P07858_C105_M2_24,P07858,Nitrosyl,-2.69248704657566,2.69248704657566,0.01896237941725924,0.47672588680439354,6,P07858,CTSB,Cathepsin B,CATB_HUMAN,27,546.4268156905352,6.464268156905352,Unstim,P3C4+Nigericin,NA,NA,NA,P3C4+Nigericin,Unstim,-1.559880107895244,-1.132606938680416,Robust
P3C4+Nigericin / Unstim,O43707_R674_M2_13,O43707,Dimethyl (KR),-2.09943803462621,2.09943803462621,0.01898230371177052,0.4768577419068695,6,O43707,ACTN4,Alpha-actinin-4,ACTN4_HUMAN,83,328.54242463346094,4.2854242463346095,Unstim,P3C4+Nigericin,NA,NA,NA,P3C4+Nigericin,Unstim,-1.3726844063651296,-0.7267536282610805,Robust
P3C4+Nigericin / Unstim,O43707_K668_M1_18,O43707,Hex (K),-2.09943803462621,2.09943803462621,0.01898230100215388,0.4768577419068695,6,O43707,ACTN4,Alpha-actinin-4,ACTN4_HUMAN,83,328.54242463346094,4.2854242463346095,Unstim,P3C4+Nigericin,NA,NA,NA,P3C4+Nigericin,Unstim,-1.3726844063651296,-0.7267536282610805,Robust
LPS+Nigericin / LPS,O94925_K507_M1_22,O94925,Methyl (KR),1.3456552449394867,1.3456552449394867,0.01901161211849391,0.4768577419068695,6,O94925,GLS,"Glutaminase kidney isoform, mitochondrial",GLSK_HUMAN,48,-60.65247613538127,0.3934752386461872,LPS,LPS+Nigericin,NA,NA,NA,LPS+Nigericin,LPS,0.333929042898239,1.0117262020412476,Robust
P3C4 / Unstim,P14625_T419_M1_31,P14625,Sulfo (STY),1.1725610190893374,1.1725610190893374,0.01898583623281382,0.4768577419068695,6,P14625,HSP90B1,Endoplasmin,ENPL_HUMAN,108,-55.63668799914898,0.44363312000851024,Unstim,P3C4,NA,NA,NA,P3C4,Unstim,0.06350535782506951,1.109055661264268,Robust
P3C4 / Unstim,P68431_K28_M1_32,P68431,Trimethyl (K),1.3138941549657002,1.3138941549657002,0.01900814799467773,0.4768577419068695,6,P68431,H3C1,Histone H3.1,H31_HUMAN,23,-59.77663052590398,0.40223369474096016,Unstim,P3C4,NA,NA,NA,P3C4,Unstim,-0.33774904315836923,1.6516431981240693,Robust
LPS+Nigericin / Unstim,P07339_C290_M1_24,P07339,Nitrosyl,-2.5819086102656303,2.5819086102656303,0.01905588842694671,0.4769951271061911,6,P07339,CTSD,Cathepsin D,CATD_HUMAN,32,498.73126596364256,5.987312659636426,Unstim,LPS+Nigericin,NA,NA,NA,LPS+Nigericin,Unstim,-0.3376611507752764,-2.244247459490354,Robust
LPS+Nigericin / Unstim,P27824_Y150_M1_31,P27824,Sulfo (STY),2.1635415603125177,2.1635415603125177,0.01909365665581832,0.4769998943325289,6,P27824,CANX,Calnexin,CALX_HUMAN,69,-77.67923405552152,0.2232076594447848,Unstim,LPS+Nigericin,NA,NA,NA,LPS+Nigericin,Unstim,-0.01656698379835491,2.1801085441108725,Robust
P3C4+Nigericin / P3C4,Q9BXK5_C103_M3_23,Q9BXK5,Myristoyl,-2.147455742430821,2.147455742430821,0.01911455197893587,0.4769998943325289,5,Q9BXK5,BCL2L13,Bcl-2-like protein 13,B2L13_HUMAN,21,343.04576833356555,4.430457683335655,P3C4,P3C4+Nigericin,NA,NA,NA,P3C4+Nigericin,P3C4,-1.114969793441382,-1.0324859489894391,Robust
LPS+Nigericin / LPS,Q9BW92_R246_M1_13,Q9BW92,Dimethyl (KR),2.492835112075753,2.492835112075753,0.01924229119016075,0.4773423873816087,6,Q9BW92,TARS2,"Threonine--tRNA ligase, mitochondrial",SYTM_HUMAN,35,-82.23431910817064,0.17765680891829363,LPS,LPS+Nigericin,NA,NA,NA,LPS+Nigericin,LPS,0.47839997356769853,2.0144351385080546,Robust
P3C4+Nigericin / Unstim,Q9Y6G9_K454_M1_13,Q9Y6G9,Dimethyl (KR),0.7473554965551891,0.7473554965551891,0.01925584458868544,0.4774029615361928,6,Q9Y6G9,DYNC1LI1,Cytoplasmic dynein 1 light intermediate chain 1,DC1L1_HUMAN,30,-40.43055167317294,0.5956944832682706,Unstim,P3C4+Nigericin,NA,NA,NA,P3C4+Nigericin,Unstim,-1.0257490299679508,1.7731045265231398,Robust
P3C4+Nigericin / P3C4,P18510_K89_M2_32,P18510,Trimethyl (K),5.495146601275877,5.495146601275877,0.01943173245945904,0.47818327633296986,6,P18510,IL1RN,Interleukin-1 receptor antagonist protein,IL1RA_HUMAN,9,-97.7828450663788,0.02217154933621187,P3C4,P3C4+Nigericin,NA,NA,NA,P3C4+Nigericin,P3C4,-1.286214642133923,6.7813612434098,Robust
P3C4+Nigericin / P3C4,P18510_K70_M2_32,P18510,Trimethyl (K),5.495146601275877,5.495146601275877,0.01943173245945904,0.47818327633296986,6,P18510,IL1RN,Interleukin-1 receptor antagonist protein,IL1RA_HUMAN,9,-97.7828450663788,0.02217154933621187,P3C4,P3C4+Nigericin,NA,NA,NA,P3C4+Nigericin,P3C4,-1.286214642133923,6.7813612434098,Robust
LPS+Nigericin / LPS,Q6JBY9_S120_M1_28,Q6JBY9,Phospho (STY),-1.8934993189607872,1.8934993189607872,0.019440727485832,0.47819793156712925,5,Q6JBY9,RCSD1,CapZ-interacting protein,CPZIP_HUMAN,31,271.53530761120936,3.7153530761120934,LPS,LPS+Nigericin,NA,NA,NA,LPS+Nigericin,LPS,-0.8064283974869051,-1.087070921473882,Robust
LPS+Nigericin / Unstim,P05386_S83_M2_28,P05386,Phospho (STY),2.5561589447230144,2.5561589447230144,0.01951309164888105,0.478472524756316,6,P05386,RPLP1,Large ribosomal subunit protein P1,RLA1_HUMAN,5,-82.99723767792153,0.17002762322078463,Unstim,LPS+Nigericin,NA,NA,NA,LPS+Nigericin,Unstim,0.19064527065231693,2.3655136740706975,Robust
P3C4+Nigericin / Unstim,P24752_C126_M2_24,P24752,Nitrosyl,-2.1303247953346327,2.1303247953346327,0.0195087661913734,0.478472524756316,5,P24752,ACAT1,"Acetyl-CoA acetyltransferase, mitochondrial",THIL_HUMAN,47,337.81603535892765,4.378160353589276,Unstim,P3C4+Nigericin,NA,NA,NA,P3C4+Nigericin,Unstim,-0.7428491759305647,-1.387475619404068,Robust
P3C4+Nigericin / Unstim,P38117_C71_M2_24,P38117,Nitrosyl,-2.9101702440850232,2.9101702440850232,0.01952468129772501,0.478472524756316,6,P38117,ETFB,Electron transfer flavoprotein subunit beta,ETFB_HUMAN,27,651.7068987145444,7.517068987145445,Unstim,P3C4+Nigericin,NA,NA,NA,P3C4+Nigericin,Unstim,-0.8382793704555954,-2.0718908736294277,Robust
LPS / Unstim,Cont_P68103_K408_M1_0,Cont_P68103;P68104,Acetyl (K),-3.894745577577366,3.894745577577366,0.0196145479499568,0.4785754918516768,6,Cont_P68103;P68104,EEF1A1,Elongation factor 1-alpha 1,EF1A1_BOVIN;EF1A1_HUMAN,61,1387.4255743002284,14.874255743002283,Unstim,LPS,NA,NA,NA,LPS,Unstim,-0.18865425942571368,-3.7060913181516524,Robust
LPS / Unstim,P68104_K408_M1_0,Cont_P68103;P68104,Acetyl (K),-3.894745577577366,3.894745577577366,0.0196145479499568,0.4785754918516768,6,Cont_P68103;P68104,EEF1A1,Elongation factor 1-alpha 1,EF1A1_BOVIN;EF1A1_HUMAN,61,1387.4255743002284,14.874255743002283,Unstim,LPS,NA,NA,NA,LPS,Unstim,-0.18865425942571368,-3.7060913181516524,Robust
P3C4+Nigericin / P3C4,P0CG39_C880_M1_23,P0CG39,Myristoyl,-1.3673391995809658,1.3673391995809658,0.01981235296285109,0.4785754918516768,6,P0CG39,POTEJ,POTE ankyrin domain family member J,POTEJ_HUMAN,4,157.9943013912144,2.579943013912144,P3C4,P3C4+Nigericin,NA,NA,NA,P3C4+Nigericin,P3C4,-0.5024623864698151,-0.8648768131111507,Robust
P3C4+Nigericin / Unstim,P14618_K230_M2_32,P14618,Trimethyl (K),2.4812951266867973,2.4812951266867973,0.01965900648119311,0.4785754918516768,6,P14618,PKM,Pyruvate kinase PKM,KPYM_HUMAN,78,-82.0916431901239,0.17908356809876105,Unstim,P3C4+Nigericin,NA,NA,NA,P3C4+Nigericin,Unstim,-0.9984452078026814,3.479740334489479,Robust
P3C4+Nigericin / Unstim,P14618_K224_M2_32,P14618,Trimethyl (K),2.4812951266867973,2.4812951266867973,0.01965900648119311,0.4785754918516768,6,P14618,PKM,Pyruvate kinase PKM,KPYM_HUMAN,78,-82.0916431901239,0.17908356809876105,Unstim,P3C4+Nigericin,NA,NA,NA,P3C4+Nigericin,Unstim,-0.9984452078026814,3.479740334489479,Robust
P3C4+Nigericin / P3C4,Q702N8_S1349_M1_28,Q702N8,Phospho (STY),-2.264329958092336,2.264329958092336,0.0197378014739767,0.4785754918516768,6,Q702N8,XIRP1,Xin actin-binding repeat-containing protein 1,XIRP1_HUMAN,118,380.43123762825815,4.8043123762825815,P3C4,P3C4+Nigericin,NA,NA,NA,P3C4+Nigericin,P3C4,-1.666093069082602,-0.5982368890097343,Robust
P3C4+Nigericin / Unstim,Q9H0U4_K58_M2_17,Q9H0U4,GlyGly (K),9.329912416211398,9.329912416211398,0.01972742377438166,0.4785754918516768,6,Q9H0U4,RAB1B,Ras-related protein Rab-1B,RAB1B_HUMAN,26,-99.84461234745848,0.00155387652541534,Unstim,P3C4+Nigericin,NA,NA,NA,P3C4+Nigericin,Unstim,-0.25463844310042627,9.584550859311824,Robust
P3C4+Nigericin / Unstim,Q9H0U4_K55_M2_17,Q9H0U4,GlyGly (K),9.329912416211398,9.329912416211398,0.01972742377438166,0.4785754918516768,6,Q9H0U4,RAB1B,Ras-related protein Rab-1B,RAB1B_HUMAN,26,-99.84461234745848,0.00155387652541534,Unstim,P3C4+Nigericin,NA,NA,NA,P3C4+Nigericin,Unstim,-0.25463844310042627,9.584550859311824,Robust
P3C4 / Unstim,Q03518_Y555_M1_31,Q03518,Sulfo (STY),1.5957915746538995,1.5957915746538995,0.01984649004793884,0.4785754918516768,5,Q03518,TAP1,Antigen peptide transporter 1,TAP1_HUMAN,23,-66.91593471111756,0.33084065288882447,Unstim,P3C4,NA,NA,NA,P3C4,Unstim,-0.48297451126926216,2.078766085923162,Robust
LPS+Nigericin / Unstim,P35579_R1912_M2_13,P35579,Dimethyl (KR),-0.6129464924387669,0.6129464924387669,0.019638273923003,0.4785754918516768,4,P35579,MYH9,Myosin-9,MYH9_HUMAN,294,52.937955426108,1.52937955426108,Unstim,LPS+Nigericin,NA,NA,NA,LPS+Nigericin,Unstim,0.6477568410111748,-1.2607033334499418,Robust
P3C4+Nigericin / P3C4,P19338_K348_M1_32,P19338,Trimethyl (K),-1.8250790122317904,1.8250790122317904,0.01994903762389009,0.4789936434666928,5,P19338,NCL,Nucleolin,NUCL_HUMAN,83,254.32641254165057,3.543264125416506,P3C4,P3C4+Nigericin,NA,NA,NA,P3C4+Nigericin,P3C4,-1.1053579812033816,-0.7197210310284088,Robust
LPS+Nigericin / LPS,P31948_K100_M1_17,P31948,GlyGly (K),-2.1703915740755955,2.1703915740755955,0.01995711992259639,0.4789936434666928,6,P31948,STIP1,Stress-induced-phosphoprotein 1,STIP1_HUMAN,97,350.1455551126271,4.501455551126271,LPS,LPS+Nigericin,NA,NA,NA,LPS+Nigericin,LPS,-0.7398100221621432,-1.4305815519134524,Robust
P3C4+Nigericin / P3C4,Q00610_K951_M1_17,Q00610,GlyGly (K),-1.355922583494764,1.355922583494764,0.01995837531822296,0.4789936434666928,6,Q00610,CLTC,Clathrin heavy chain 1,CLH1_HUMAN,130,155.96074728239876,2.5596074728239877,P3C4,P3C4+Nigericin,NA,NA,NA,P3C4+Nigericin,P3C4,-0.7477037162260662,-0.6082188672686977,Robust
P3C4+Nigericin / Unstim,O00299_Y117_M2_31,O00299,Sulfo (STY),11.449871633931236,11.449871633931236,0.01997946207310411,0.47912219812672774,5,O00299,CLIC1,Chloride intracellular channel protein 1,CLIC1_HUMAN,32,-99.96425253976862,3.5747460231379e-4,Unstim,P3C4+Nigericin,NA,NA,NA,P3C4+Nigericin,Unstim,-0.7154377176055472,12.165309351536784,Robust
LPS / Unstim,P04150_C302_M1_24,P04150,Nitrosyl,-1.221309753024678,1.221309753024678,0.0199823754488811,0.47912219812672774,6,P04150,NR3C1,Glucocorticoid receptor,GCR_HUMAN,33,133.15829437325974,2.3315829437325974,Unstim,LPS,NA,NA,NA,LPS,Unstim,-0.28575387778551775,-0.9355558752391602,Robust
LPS+Nigericin / Unstim,P09382_K64_M1_22,P09382,Methyl (KR),-1.401348112020156,1.401348112020156,0.0200324922264898,0.4793927218106539,6,P09382,LGALS1,Galectin-1,LEG1_HUMAN,23,164.14829761355745,2.6414829761355745,Unstim,LPS+Nigericin,NA,NA,NA,LPS+Nigericin,Unstim,-0.8090878666456514,-0.5922602453745047,Robust
P3C4 / Unstim,Q01469_R129_M1_13,Q01469,Dimethyl (KR),1.64084426226293,1.64084426226293,0.02003494916542258,0.4794058468924869,6,Q01469,FABP5,Fatty acid-binding protein 5,FABP5_HUMAN,27,-67.9331235249675,0.320668764750325,Unstim,P3C4,NA,NA,NA,P3C4,Unstim,0.4041403988751279,1.236703863387802,Robust
P3C4 / Unstim,Q702N8_S295_M1_28,Q702N8,Phospho (STY),1.2094223609008437,1.2094223609008437,0.02003792195480528,0.4794058468924869,5,Q702N8,XIRP1,Xin actin-binding repeat-containing protein 1,XIRP1_HUMAN,118,-56.75582741315457,0.4324417258684543,Unstim,P3C4,NA,NA,NA,P3C4,Unstim,0.5525783591680123,0.6568440017328313,Robust
LPS / Unstim,Cont_Q3SYV4_S266_M1_31,Cont_Q3SYV4,Sulfo (STY),-1.2636476800779413,1.2636476800779413,0.0200626893989734,0.479426955845163,6,Cont_Q3SYV4,CAP1,Adenylyl cyclase-associated protein 1,CAP1_BOVIN,11,140.10204312236158,2.401020431223616,Unstim,LPS,NA,NA,NA,LPS,Unstim,-0.6509950305475742,-0.612652649530367,Robust
LPS+Nigericin / Unstim,P31943_C122_M2_23,P31943,Myristoyl,-1.5958226751381317,1.5958226751381317,0.02009833427661167,0.4796448486593558,6,P31943,HNRNPH1,Heterogeneous nuclear ribonucleoprotein H,HNRH1_HUMAN,44,202.26683109024236,3.0226683109024237,Unstim,LPS+Nigericin,NA,NA,NA,LPS+Nigericin,Unstim,-0.8225167842501013,-0.7733058908880304,Robust
P3C4+Nigericin / P3C4,Q9BXK5_K58_M1_13,Q9BXK5,Dimethyl (KR),-1.9762466323718928,1.9762466323718928,0.02012513152116067,0.4799240474260357,6,Q9BXK5,BCL2L13,Bcl-2-like protein 13,B2L13_HUMAN,21,293.46808822774074,3.9346808822774073,P3C4,P3C4+Nigericin,NA,NA,NA,P3C4+Nigericin,P3C4,-1.114969793441382,-0.8612768389305108,Robust
P3C4 / Unstim,Cont_Q28107_K564_M1_17,Cont_Q28107,GlyGly (K),-7.024031921275385,7.024031921275385,0.02017169915058242,0.4799726942476934,6,Cont_Q28107,F5,Coagulation factor V,FA5_BOVIN,14,12915.003786773555,130.15003786773556,Unstim,P3C4,NA,NA,NA,P3C4,Unstim,-1.0094917083486965,-6.014540212926688,Robust
P3C4 / Unstim,Cont_Q28107_Y563_M1_31,Cont_Q28107,Sulfo (STY),-7.024031921275385,7.024031921275385,0.02017170549823475,0.4799726942476934,6,Cont_Q28107,F5,Coagulation factor V,FA5_BOVIN,14,12915.003786773555,130.15003786773556,Unstim,P3C4,NA,NA,NA,P3C4,Unstim,-1.0094917083486965,-6.014540212926688,Robust
P3C4+Nigericin / P3C4,P42765_S310_M1_31,P42765,Sulfo (STY),-1.0243557552206166,1.0243557552206166,0.02015644853431116,0.4799726942476934,6,P42765,ACAA2,"3-ketoacyl-CoA thiolase, mitochondrial",THIM_HUMAN,40,103.40508628300816,2.0340508628300817,P3C4,P3C4+Nigericin,NA,NA,NA,P3C4+Nigericin,P3C4,-0.28501919964518024,-0.7393365555754363,Robust
LPS / Unstim,P06744_K211_M1_17,P06744,GlyGly (K),-8.722523157269945,8.722523157269945,0.02021007686431184,0.4802099290266399,6,P06744,GPI,Glucose-6-phosphate isomerase,G6PI_HUMAN,43,42141.672797882224,422.4167279788222,Unstim,LPS,NA,NA,NA,LPS,Unstim,-0.3442922612392986,-8.378230896030647,Robust
P3C4+Nigericin / P3C4,P0DMV8_K597_M1_10,P0DMV8;P0DMV9,Crotonyl,-2.78793340251584,2.78793340251584,0.02025874214593616,0.48035829262872143,6,P0DMV8;P0DMV9,HSPA1A;HSPA1B,Heat shock 70 kDa protein 1A;Heat shock 70 kDa protein 1B,HS71A_HUMAN;HS71B_HUMAN,79,590.6397649086522,6.9063976490865215,P3C4,P3C4+Nigericin,NA,NA,NA,P3C4+Nigericin,P3C4,-1.0462129848768795,-1.7417204176389605,Robust
P3C4+Nigericin / P3C4,P0DMV9_K597_M1_10,P0DMV8;P0DMV9,Crotonyl,-2.78793340251584,2.78793340251584,0.02025874214593616,0.48035829262872143,6,P0DMV8;P0DMV9,HSPA1A;HSPA1B,Heat shock 70 kDa protein 1A;Heat shock 70 kDa protein 1B,HS71A_HUMAN;HS71B_HUMAN,79,590.6397649086522,6.9063976490865215,P3C4,P3C4+Nigericin,NA,NA,NA,P3C4+Nigericin,P3C4,-1.0462129848768795,-1.7417204176389605,Robust
P3C4+Nigericin / Unstim,Q6PJG2_C502_M1_24,Q6PJG2,Nitrosyl,-2.866990786886077,2.866990786886077,0.02027791146710171,0.48035829262872143,6,Q6PJG2,MIDEAS,Mitotic deacetylase-associated SANT domain protein,MDEAS_HUMAN,40,629.5418735144791,7.295418735144791,Unstim,P3C4+Nigericin,NA,NA,NA,P3C4+Nigericin,Unstim,-1.7286253680052024,-1.1383654188808747,Robust
P3C4+Nigericin / Unstim,Q6STE5_T229_M1_31,Q6STE5,Sulfo (STY),-1.3878690995989786,1.3878690995989786,0.02026519049585747,0.48035829262872143,6,Q6STE5,SMARCD3,SWI/SNF-related matrix-associated actin-dependent regulator of chromatin subfamily D member 3,SMRD3_HUMAN,8,161.69186906159473,2.616918690615947,Unstim,P3C4+Nigericin,NA,NA,NA,P3C4+Nigericin,Unstim,-0.6372076177631675,-0.7506614818358112,Robust
P3C4 / Unstim,P29966_S118_M1_28,P29966,Phospho (STY),1.5428092621569067,1.5428092621569067,0.02030290746562034,0.4803945128909081,5,P29966,MARCKS,Myristoylated alanine-rich C-kinase substrate,MARCS_HUMAN,19,-65.67835187413084,0.3432164812586916,Unstim,P3C4,NA,NA,NA,P3C4,Unstim,0.687020597738336,0.8557886644185707,Robust
LPS+Nigericin / LPS,Q9BUJ2_K418_M2_13,Q9BUJ2,Dimethyl (KR),-7.263216913321414,7.263216913321414,0.02038754063602924,0.4805693685662676,4,Q9BUJ2,HNRNPUL1,Heterogeneous nuclear ribonucleoprotein U-like protein 1,HNRL1_HUMAN,52,15261.943232806603,153.61943232806604,LPS,LPS+Nigericin,NA,NA,NA,LPS+Nigericin,LPS,0.3021504634241225,-7.565367376745536,Robust
P3C4+Nigericin / P3C4,P63098_K29_M1_10,P63098,Crotonyl,-2.5149062423495376,2.5149062423495376,0.0204375877836156,0.48063973793556813,6,P63098,PPP3R1,Calcineurin subunit B type 1,CANB1_HUMAN,14,471.5605102001241,5.715605102001241,P3C4,P3C4+Nigericin,NA,NA,NA,P3C4+Nigericin,P3C4,-0.7970789428196501,-1.7178272995298876,Robust
P3C4+Nigericin / P3C4,Q13310_R530_M1_22,Q13310,Methyl (KR),-2.575499067728211,2.575499067728211,0.02040587266044787,0.48063973793556813,6,Q13310,PABPC4,Polyadenylate-binding protein 4,PABP4_HUMAN,45,496.07714899980874,5.960771489998088,P3C4,P3C4+Nigericin,NA,NA,NA,P3C4+Nigericin,P3C4,-1.015952031578277,-1.5595470361499337,Robust
P3C4+Nigericin / P3C4,Q13418_S47_M1_19,Q13418,HexNAc (ST),-2.621859297711547,2.621859297711547,0.02042413748349292,0.48063973793556813,6,Q13418,ILK,Integrin-linked protein kinase,ILK_HUMAN,29,515.5428528461878,6.1554285284618775,P3C4,P3C4+Nigericin,NA,NA,NA,P3C4+Nigericin,P3C4,-0.9127964314117886,-1.7090628662997585,Robust
LPS / Unstim,Q9BUJ2_K418_M2_13,Q9BUJ2,Dimethyl (KR),7.174537505039063,7.174537505039063,0.02049728402448121,0.48063973793556813,4,Q9BUJ2,HNRNPUL1,Heterogeneous nuclear ribonucleoprotein U-like protein 1,HNRL1_HUMAN,52,-99.3077722489176,0.00692227751082401,Unstim,LPS,NA,NA,NA,LPS,Unstim,-0.656583607810953,7.831121112850016,Robust
LPS+Nigericin / LPS,O95825_K57_M2_13,O95825,Dimethyl (KR),1.0004710043230731,1.0004710043230731,0.02047438793766557,0.48063973793556813,4,O95825,CRYZL1,Quinone oxidoreductase-like protein 1,QORL1_HUMAN,11,-50.0163211015651,0.499836788984349,LPS,LPS+Nigericin,NA,NA,NA,LPS+Nigericin,LPS,-0.25000033840648295,1.250471342729556,Robust
P3C4+Nigericin / Unstim,P06744_T195_M1_31,P06744,Sulfo (STY),-2.664803447129306,2.664803447129306,0.0205705162845329,0.4808561594005236,5,P06744,GPI,Glucose-6-phosphate isomerase,G6PI_HUMAN,43,534.1409080021782,6.341409080021782,Unstim,P3C4+Nigericin,NA,NA,NA,P3C4+Nigericin,Unstim,-1.300369113291378,-1.3644343338379281,Robust
P3C4+Nigericin / P3C4,P22626_K168_M1_13,P22626,Dimethyl (KR),-2.1282539511438214,2.1282539511438214,0.02061980817084409,0.4811726267492405,6,P22626,HNRNPA2B1,Heterogeneous nuclear ribonucleoproteins A2/B1,ROA2_HUMAN,51,337.1880451203376,4.371880451203376,P3C4,P3C4+Nigericin,NA,NA,NA,P3C4+Nigericin,P3C4,-1.2600927972505862,-0.8681611538932352,Robust
P3C4+Nigericin / P3C4,P07858_R71_M1_13,P07858,Dimethyl (KR),-0.21878376220836493,0.21878376220836493,0.02072508255165902,0.48156010607534633,6,P07858,CTSB,Cathepsin B,CATB_HUMAN,27,16.375209279432145,1.1637520927943217,P3C4,P3C4+Nigericin,NA,NA,NA,P3C4+Nigericin,P3C4,-1.2627807600012004,1.0439969977928354,Robust
P3C4+Nigericin / Unstim,P19338_K370_M1_10,P19338,Crotonyl,-3.9266188751904,3.9266188751904,0.02069280028414052,0.48156010607534633,6,P19338,NCL,Nucleolin,NUCL_HUMAN,83,1420.6527895571814,15.206527895571814,Unstim,P3C4+Nigericin,NA,NA,NA,P3C4+Nigericin,Unstim,-1.1705347511338131,-2.7560841240565868,Robust
LPS+Nigericin / LPS,Q96AT9_C23_M1_24,Q96AT9,Nitrosyl,-1.9918455318094117,1.9918455318094117,0.02073830269952943,0.48156010607534633,6,Q96AT9,RPE,Ribulose-phosphate 3-epimerase,RPE_HUMAN,12,297.74547890279723,3.977454789027972,LPS,LPS+Nigericin,NA,NA,NA,LPS+Nigericin,LPS,-0.7146521670753637,-1.2771933647340479,Robust
P3C4+Nigericin / P3C4,P09525_T104_M1_31,P09525,Sulfo (STY),2.80269997429166,2.80269997429166,0.02077446414150072,0.4816011187828962,6,P09525,ANXA4,Annexin A4,ANXA4_HUMAN,43,-85.66811750171466,0.14331882498285337,P3C4,P3C4+Nigericin,NA,NA,NA,P3C4+Nigericin,P3C4,0.3427439238014427,2.4599560504902174,Robust
LPS+Nigericin / Unstim,P55209_T39_M1_19,P55209,HexNAc (ST),0.5339669210120734,0.5339669210120734,0.02075866242242706,0.4816011187828962,6,P55209,NAP1L1,Nucleosome assembly protein 1-like 1,NP1L1_HUMAN,18,-30.93469403968887,0.6906530596031113,Unstim,LPS+Nigericin,NA,NA,NA,LPS+Nigericin,Unstim,-0.46232288773190666,0.9962898087439801,Robust
LPS+Nigericin / Unstim,P35579_T1414_M2_28,P35579,Phospho (STY),10.17342635330018,10.17342635330018,0.0207641026060202,0.4816011187828962,4,P35579,MYH9,Myosin-9,MYH9_HUMAN,294,-99.91340486193586,8.6595138064143e-4,Unstim,LPS+Nigericin,NA,NA,NA,LPS+Nigericin,Unstim,0.6477568410111748,9.525669512289005,Robust
P3C4+Nigericin / P3C4,Q9UIB8_Y341_M1_31,Q9UIB8,Sulfo (STY),-1.9502107470680083,1.9502107470680083,0.02076976426872153,0.4816011187828962,5,Q9UIB8,CD84,SLAM family member 5,SLAF5_HUMAN,18,286.43097679575624,3.8643097679575624,P3C4,P3C4+Nigericin,NA,NA,NA,P3C4+Nigericin,P3C4,-0.43799254880737915,-1.512218198260629,Robust
LPS / Unstim,P21796_K256_M1_17,P21796,GlyGly (K),-2.736391415036291,2.736391415036291,0.02080255946752151,0.4816213251806822,6,P21796,VDAC1,Voltage-dependent anion-selective channel protein 1,VDAC1_HUMAN,42,566.4013923618226,6.664013923618225,Unstim,LPS,NA,NA,NA,LPS,Unstim,-0.4602310433275431,-2.2761603717087477,Robust
LPS / Unstim,Q09666_K171_M1_23,Q09666,Myristoyl,-8.277139759909756,8.277139759909756,0.02080847007565638,0.4816213251806822,6,Q09666,AHNAK,Neuroblast differentiation-associated protein AHNAK,AHNK_HUMAN,760,30921.825175560705,310.21825175560707,Unstim,LPS,NA,NA,NA,LPS,Unstim,-0.2154134687790074,-8.06172629113075,Robust
LPS / Unstim,O00232_K36_M1_0,O00232,Acetyl (K),-8.157456154338767,8.157456154338767,0.02087475574238382,0.4818435258068251,6,O00232,PSMD12,26S proteasome non-ATPase regulatory subunit 12,PSD12_HUMAN,42,28452.16145457544,285.5216145457544,Unstim,LPS,NA,NA,NA,LPS,Unstim,-0.4004926284067145,-7.756963525932052,Robust
P3C4 / Unstim,P52948_C760_M1_24,P52948,Nitrosyl,-5.496074149815813,5.496074149815813,0.02102465852078089,0.4825016881399028,6,P52948,NUP98,Nuclear pore complex protein Nup98-Nup96,NUP98_HUMAN,77,4413.185430588135,45.13185430588135,Unstim,P3C4,NA,NA,NA,P3C4,Unstim,-0.25126273439802527,-5.244811415417788,Robust
P3C4+Nigericin / P3C4,P31948_K415_M1_0,P31948,Acetyl (K),-3.2865641612507877,3.2865641612507877,0.02111965371476188,0.4827995001854214,6,P31948,STIP1,Stress-induced-phosphoprotein 1,STIP1_HUMAN,97,875.7855784721676,9.757855784721675,P3C4,P3C4+Nigericin,NA,NA,NA,P3C4+Nigericin,P3C4,-1.288126049306165,-1.9984381119446226,Robust
LPS+Nigericin / Unstim,Q96BJ3_K106_M1_17,Q96BJ3,GlyGly (K),-8.048962162007227,8.048962162007227,0.02118818652941704,0.4830017300654891,6,Q96BJ3,AIDA,"Axin interactor, dorsalization-associated protein",AIDA_HUMAN,13,26383.723481267178,264.83723481267174,Unstim,LPS+Nigericin,NA,NA,NA,LPS+Nigericin,Unstim,-1.0603811433016486,-6.988581018705578,Robust
LPS+Nigericin / Unstim,Q96BJ3_Y104_M1_28,Q96BJ3,Phospho (STY),-8.048962162007227,8.048962162007227,0.02118818652941704,0.4830017300654891,6,Q96BJ3,AIDA,"Axin interactor, dorsalization-associated protein",AIDA_HUMAN,13,26383.723481267178,264.83723481267174,Unstim,LPS+Nigericin,NA,NA,NA,LPS+Nigericin,Unstim,-1.0603811433016486,-6.988581018705578,Robust
LPS+Nigericin / Unstim,Q01469_S16_M1_31,Q01469,Sulfo (STY),-2.132651375917272,2.132651375917272,0.02120215648622345,0.483025044729406,6,Q01469,FABP5,Fatty acid-binding protein 5,FABP5_HUMAN,27,338.52265459591376,4.385226545959138,Unstim,LPS+Nigericin,NA,NA,NA,LPS+Nigericin,Unstim,-0.7856142997920281,-1.347037076125244,Robust
P3C4+Nigericin / Unstim,Q96BJ3_K106_M1_17,Q96BJ3,GlyGly (K),-7.9365649200992845,7.9365649200992845,0.02119838516208086,0.483025044729406,6,Q96BJ3,AIDA,"Axin interactor, dorsalization-associated protein",AIDA_HUMAN,13,24398.760016629767,244.98760016629768,Unstim,P3C4+Nigericin,NA,NA,NA,P3C4+Nigericin,Unstim,-2.091635381915567,-5.844929538183718,Robust
P3C4+Nigericin / Unstim,Q96BJ3_Y104_M1_28,Q96BJ3,Phospho (STY),-7.9365649200992845,7.9365649200992845,0.02119838516208086,0.483025044729406,6,Q96BJ3,AIDA,"Axin interactor, dorsalization-associated protein",AIDA_HUMAN,13,24398.760016629767,244.98760016629768,Unstim,P3C4+Nigericin,NA,NA,NA,P3C4+Nigericin,Unstim,-2.091635381915567,-5.844929538183718,Robust
P3C4 / Unstim,Q9UQ80_K51_M1_13,Q9UQ80,Dimethyl (KR),4.486363245003024,4.486363245003024,0.02129318480322901,0.4836176962644669,6,Q9UQ80,PA2G4,Proliferation-associated protein 2G4,PA2G4_HUMAN,37,-95.5386110034677,0.04461388996532309,Unstim,P3C4,NA,NA,NA,P3C4,Unstim,-0.04902774492797517,4.535390989930999,Robust
P3C4+Nigericin / P3C4,P09382_K29_M1_32,P09382,Trimethyl (K),-2.1475079164317212,2.1475079164317212,0.02131084943226784,0.4836594052130811,6,P09382,LGALS1,Galectin-1,LEG1_HUMAN,23,343.0617910463653,4.430617910463653,P3C4,P3C4+Nigericin,NA,NA,NA,P3C4+Nigericin,P3C4,-1.5218441400244962,-0.625663776407225,Robust
P3C4+Nigericin / Unstim,O94804_S438_M1_28,O94804,Phospho (STY),-4.662020599446089,4.662020599446089,0.02138437454797693,0.48397557594815355,6,O94804,STK10,Serine/threonine-protein kinase 10,STK10_HUMAN,73,2431.6755119324625,25.316755119324625,Unstim,P3C4+Nigericin,NA,NA,NA,P3C4+Nigericin,Unstim,-0.9058440488639328,-3.7561765505821567,Robust
P3C4 / Unstim,P17535_S100_M1_28,P17535,Phospho (STY),1.191712009256606,1.191712009256606,0.02142982693502719,0.48424289428003614,6,P17535,JUND,Transcription factor JunD,JUND_HUMAN,15,-56.221695363533165,0.4377830463646684,Unstim,P3C4,NA,NA,NA,P3C4,Unstim,-0.338426323872125,1.530138333128731,Robust
LPS+Nigericin / LPS,Q15942_S7_M1_31,Q15942,Sulfo (STY),-3.7157781853414984,3.7157781853414984,0.02154753136809457,0.4846410044607593,4,Q15942,ZYX,Zyxin,ZYX_HUMAN,42,1213.895094032594,13.13895094032594,LPS,LPS+Nigericin,NA,NA,NA,LPS+Nigericin,LPS,-0.713928457451433,-3.0018497278900655,Robust
LPS+Nigericin / Unstim,P07237_K195_M1_10,P07237,Crotonyl,0.6488891434443559,0.6488891434443559,0.02158368046210481,0.48468677274868543,6,P07237,P4HB,Protein disulfide-isomerase,PDIA1_HUMAN,110,-36.22287997625152,0.6377712002374848,Unstim,LPS+Nigericin,NA,NA,NA,LPS+Nigericin,Unstim,0.0305311026691409,0.618358040775215,Robust
LPS+Nigericin / LPS,P30101_K173_M1_23,P30101,Myristoyl,5.543032990508627,5.543032990508627,0.02161852226459417,0.48468677274868543,4,P30101,PDIA3,Protein disulfide-isomerase A3,PDIA3_HUMAN,92,-97.85522962178554,0.02144770378214458,LPS,LPS+Nigericin,NA,NA,NA,LPS+Nigericin,LPS,0.01572849310307264,5.527304497405555,Robust
LPS+Nigericin / Unstim,Q6JBY9_S120_M1_28,Q6JBY9,Phospho (STY),-1.704655942722601,1.704655942722601,0.02168850640365405,0.48468677274868543,6,Q6JBY9,RCSD1,CapZ-interacting protein,CPZIP_HUMAN,31,225.9511900914086,3.259511900914086,Unstim,LPS+Nigericin,NA,NA,NA,LPS+Nigericin,Unstim,-0.8347099294241357,-0.8699460132984652,Robust
P3C4+Nigericin / P3C4,Q86UE4_K303_M1_10,Q86UE4,Crotonyl,-4.074926667024796,4.074926667024796,0.02164064675558836,0.48468677274868543,5,Q86UE4,MTDH,Protein LYRIC,LYRIC_HUMAN,52,1585.2919910401215,16.852919910401216,P3C4,P3C4+Nigericin,NA,NA,NA,P3C4+Nigericin,P3C4,-1.720832060641753,-2.354094606383043,Robust
LPS+Nigericin / Unstim,Q86UP2_S312_M1_19,Q86UP2,HexNAc (ST),-1.7075174771469537,1.7075174771469537,0.02160304075584816,0.48468677274868543,6,Q86UP2,KTN1,Kinectin,KTN1_HUMAN,152,226.5983443032002,3.265983443032002,Unstim,LPS+Nigericin,NA,NA,NA,LPS+Nigericin,Unstim,-1.0765149128485123,-0.6310025642984414,Robust
LPS+Nigericin / Unstim,Q86UP2_K311_M1_0,Q86UP2,Acetyl (K),-1.7075174771469537,1.7075174771469537,0.02160304075584816,0.48468677274868543,6,Q86UP2,KTN1,Kinectin,KTN1_HUMAN,152,226.5983443032002,3.265983443032002,Unstim,LPS+Nigericin,NA,NA,NA,LPS+Nigericin,Unstim,-1.0765149128485123,-0.6310025642984414,Robust
P3C4+Nigericin / P3C4,Q9UNK0_S96_M1_19,Q9UNK0,HexNAc (ST),-2.1745706341409083,2.1745706341409083,0.02162407865932033,0.48468677274868543,6,Q9UNK0,STX8,Syntaxin-8,STX8_HUMAN,13,351.4513837947084,4.514513837947084,P3C4,P3C4+Nigericin,NA,NA,NA,P3C4+Nigericin,P3C4,-0.6958205160359566,-1.4787501181049518,Robust
P3C4+Nigericin / P3C4,Q9Y4W6_K719_M1_22,Q9Y4W6,Methyl (KR),-4.003405668036687,4.003405668036687,0.02158149150488819,0.48468677274868543,6,Q9Y4W6,AFG3L2,AFG3-like protein 2,AFG32_HUMAN,58,1503.7814682822618,16.037814682822617,P3C4,P3C4+Nigericin,NA,NA,NA,P3C4+Nigericin,P3C4,0.1607223949972935,-4.1641280630339805,Robust
LPS / Unstim,P68032_K293_M1_22,P68032,Methyl (KR),-1.2782843977415512,1.2782843977415512,0.02174865962473201,0.4850471647070329,6,P68032,ACTC1,"Actin, alpha cardiac muscle 1",ACTC_HUMAN,20,142.5503729318725,2.425503729318725,Unstim,LPS,NA,NA,NA,LPS,Unstim,-0.20943965746386783,-1.0688447402776835,Robust
LPS+Nigericin / LPS,P26640_Y1227_M2_31,P26640,Sulfo (STY),-0.8319285919043587,0.8319285919043587,0.0217991977078625,0.48515843444731055,4,P26640,VARS1,Valine--tRNA ligase,SYVC_HUMAN,76,78.00633577386161,1.780063357738616,LPS,LPS+Nigericin,NA,NA,NA,LPS+Nigericin,LPS,-0.11182073633007804,-0.7201078555742807,Robust
LPS+Nigericin / Unstim,P62266_T82_M1_31,P62266,Sulfo (STY),-5.921458119067258,5.921458119067258,0.02183442308633324,0.485224912038946,6,P62266,RPS23,Small ribosomal subunit protein uS12,RS23_HUMAN,16,5960.891533751389,60.60891533751389,Unstim,LPS+Nigericin,NA,NA,NA,LPS+Nigericin,Unstim,-0.22154572392803049,-5.699912395139227,Robust
P3C4+Nigericin / Unstim,P62266_T82_M1_31,P62266,Sulfo (STY),-2.4412003242068736,2.4412003242068736,0.0219138360276471,0.4855457493428636,6,P62266,RPS23,Small ribosomal subunit protein uS12,RS23_HUMAN,16,443.0933974937668,5.430933974937668,Unstim,P3C4+Nigericin,NA,NA,NA,P3C4+Nigericin,Unstim,-0.6056655744041362,-1.8355347498027375,Robust
P3C4 / Unstim,Q9BSJ8_K546_M1_13,Q9BSJ8,Dimethyl (KR),-6.57129159243458,6.57129159243458,0.02197125261684555,0.48609085639144983,6,Q9BSJ8,ESYT1,Extended synaptotagmin-1,ESYT1_HUMAN,79,9409.460516634905,95.09460516634904,Unstim,P3C4,NA,NA,NA,P3C4,Unstim,-0.4491080234926273,-6.122183568941953,Robust
P3C4+Nigericin / P3C4,P36957_C245_M1_24,P36957,Nitrosyl,-0.6369097081079466,0.6369097081079466,0.02201913512560214,0.4862096791033486,6,P36957,DLST,"Dihydrolipoyllysine-residue succinyltransferase component of 2-oxoglutarate dehydrogenase complex, mitochondrial",ODO2_HUMAN,27,55.499474848632246,1.5549947484863225,P3C4,P3C4+Nigericin,NA,NA,NA,P3C4+Nigericin,P3C4,0.03724818250280955,-0.6741578906107561,Robust
P3C4+Nigericin / P3C4,P13796_K165_M1_32,P13796,Trimethyl (K),-1.7947839910935088,1.7947839910935088,0.02210851309976546,0.48626187112714686,6,P13796,LCP1,Plastin-2,PLSL_HUMAN,76,246.9635215236325,3.469635215236325,P3C4,P3C4+Nigericin,NA,NA,NA,P3C4+Nigericin,P3C4,-1.0126337323316257,-0.7821502587618832,Robust
P3C4+Nigericin / P3C4,P13796_T150_M1_31,P13796,Sulfo (STY),-1.7947839910935088,1.7947839910935088,0.02210851309976546,0.48626187112714686,6,P13796,LCP1,Plastin-2,PLSL_HUMAN,76,246.9635215236325,3.469635215236325,P3C4,P3C4+Nigericin,NA,NA,NA,P3C4+Nigericin,P3C4,-1.0126337323316257,-0.7821502587618832,Robust
P3C4+Nigericin / Unstim,P16070_K715_M1_23,P16070,Myristoyl,1.842104025749107,1.842104025749107,0.02229133178106391,0.4866233411050423,6,P16070,CD44,CD44 antigen,CD44_HUMAN,27,-72.10852813327739,0.27891471866722606,Unstim,P3C4+Nigericin,NA,NA,NA,P3C4+Nigericin,Unstim,-0.3670668857596258,2.209170911508733,Robust
LPS+Nigericin / Unstim,P61978_K461_M2_18,P61978,Hex (K),-6.164833517033304,6.164833517033304,0.02227051893397106,0.4866233411050423,6,P61978,HNRNPK,Heterogeneous nuclear ribonucleoprotein K,HNRPK_HUMAN,58,7074.634918836742,71.74634918836742,Unstim,LPS+Nigericin,NA,NA,NA,LPS+Nigericin,Unstim,-0.921495098285804,-5.2433384187475,Robust
LPS+Nigericin / Unstim,P61978_K456_M2_18,P61978,Hex (K),-6.164833517033304,6.164833517033304,0.02227051893397106,0.4866233411050423,6,P61978,HNRNPK,Heterogeneous nuclear ribonucleoprotein K,HNRPK_HUMAN,58,7074.634918836742,71.74634918836742,Unstim,LPS+Nigericin,NA,NA,NA,LPS+Nigericin,Unstim,-0.921495098285804,-5.2433384187475,Robust
P3C4+Nigericin / P3C4,P27695_T61_M1_31,P27695,Sulfo (STY),-8.403771748022677,8.403771748022677,0.02240158527717985,0.48674978736737506,6,P27695,APEX1,DNA-(apurinic or apyrimidinic site) endonuclease,APEX1_HUMAN,30,33767.83013334393,338.6783013334393,P3C4,P3C4+Nigericin,NA,NA,NA,P3C4+Nigericin,P3C4,-1.6335466148501023,-6.770225133172575,Robust
LPS+Nigericin / LPS,Q01518_C93_M1_24,Q01518,Nitrosyl,-1.5935091772276475,1.5935091772276475,0.02238112671161901,0.48674978736737506,6,Q01518,CAP1,Adenylyl cyclase-associated protein 1,CAP1_HUMAN,89,201.78250608034801,3.01782506080348,LPS,LPS+Nigericin,NA,NA,NA,LPS+Nigericin,LPS,-0.4205009402665723,-1.1730082369610753,Robust
P3C4+Nigericin / P3C4,Q16629_R44_M1_22,Q16629,Methyl (KR),-1.8217946854781844,1.8217946854781844,0.02248167713462418,0.48674978736737506,6,Q16629,SRSF7,Serine/arginine-rich splicing factor 7,SRSF7_HUMAN,16,253.5206981899283,3.5352069818992833,P3C4,P3C4+Nigericin,NA,NA,NA,P3C4+Nigericin,P3C4,-0.9895432075097356,-0.8322514779684488,Robust
P3C4+Nigericin / P3C4,Q16629_T39_M1_31,Q16629,Sulfo (STY),-1.8217946854781844,1.8217946854781844,0.02248167713462418,0.48674978736737506,6,Q16629,SRSF7,Serine/arginine-rich splicing factor 7,SRSF7_HUMAN,16,253.5206981899283,3.5352069818992833,P3C4,P3C4+Nigericin,NA,NA,NA,P3C4+Nigericin,P3C4,-0.9895432075097356,-0.8322514779684488,Robust
LPS+Nigericin / LPS,P54652_K139_M2_32,P54652,Trimethyl (K),-12.421872309240532,12.421872309240532,0.02252029717449899,0.4868096095472234,4,P54652,HSPA2,Heat shock-related 70 kDa protein 2,HSP72_HUMAN,38,548626.7944251378,5487.267944251378,LPS,LPS+Nigericin,NA,NA,NA,LPS+Nigericin,LPS,-0.23827713077537552,-12.183595178465156,Robust
LPS+Nigericin / Unstim,P10147_K59_M1_13,P10147,Dimethyl (KR),8.979587915063735,8.979587915063735,0.02253379270746697,0.48682543791000765,6,P10147,CCL3,C-C motif chemokine 3,CCL3_HUMAN,9,-99.80190446406404,0.00198095535935962,Unstim,LPS+Nigericin,NA,NA,NA,LPS+Nigericin,Unstim,2.259971384799489,6.719616530264247,Robust
P3C4+Nigericin / P3C4,P22626_K168_M1_32,P22626,Trimethyl (K),-5.143680310035899,5.143680310035899,0.02258006772862051,0.4868841871752146,6,P22626,HNRNPA2B1,Heterogeneous nuclear ribonucleoproteins A2/B1,ROA2_HUMAN,51,3435.1029133389047,35.35102913338905,P3C4,P3C4+Nigericin,NA,NA,NA,P3C4+Nigericin,P3C4,-1.2600927972505862,-3.883587512785313,Robust
P3C4+Nigericin / Unstim,P62937_K118_M1_22,P62937,Methyl (KR),-1.5923053919773025,1.5923053919773025,0.02256587285177268,0.4868841871752146,6,P62937,PPIA,Peptidyl-prolyl cis-trans isomerase A,PPIA_HUMAN,28,201.53080367585457,3.0153080367585456,Unstim,P3C4+Nigericin,NA,NA,NA,P3C4+Nigericin,Unstim,-0.6797850788829068,-0.9125203130943956,Robust
P3C4 / Unstim,P84090_K12_M1_10,P84090,Crotonyl,-7.688142752421773,7.688142752421773,0.0226047221981714,0.4868841871752146,6,P84090,ERH,Enhancer of rudimentary homolog,ERH_HUMAN,13,20523.462409296673,206.23462409296673,Unstim,P3C4,NA,NA,NA,P3C4,Unstim,-0.3223825555231053,-7.365760196898668,Robust
LPS+Nigericin / LPS,O60493_T55_M1_31,O60493,Sulfo (STY),-2.883913072649131,2.883913072649131,0.02285766620428332,0.4869937461182299,6,O60493,SNX3,Sorting nexin-3,SNX3_HUMAN,24,638.1495167294471,7.381495167294471,LPS,LPS+Nigericin,NA,NA,NA,LPS+Nigericin,LPS,-0.6333231154677982,-2.2505899571813326,Robust
LPS / Unstim,P05107_S384_M2_31,P05107,Sulfo (STY),7.702374579870677,7.702374579870677,0.02292897719442484,0.4869937461182299,6,P05107,ITGB2,Integrin beta-2,ITB2_HUMAN,73,-99.51987511779856,0.00480124882201444,Unstim,LPS,NA,NA,NA,LPS,Unstim,-0.17867860547928047,7.881053185349957,Robust
P3C4+Nigericin / P3C4,P07858_S323_M1_31,P07858,Sulfo (STY),-4.201957251412831,4.201957251412831,0.02294367156940429,0.4869937461182299,6,P07858,CTSB,Cathepsin B,CATB_HUMAN,27,1740.4124951750375,18.404124951750376,P3C4,P3C4+Nigericin,NA,NA,NA,P3C4+Nigericin,P3C4,-1.2627807600012004,-2.9391764914116307,Robust
P3C4+Nigericin / P3C4,P09382_K128_M1_23,P09382,Myristoyl,-2.3340427112164113,2.3340427112164113,0.02270998394162135,0.4869937461182299,6,P09382,LGALS1,Galectin-1,LEG1_HUMAN,23,404.21628381560294,5.042162838156029,P3C4,P3C4+Nigericin,NA,NA,NA,P3C4+Nigericin,P3C4,-1.5218441400244962,-0.8121985711919151,Robust
P3C4 / Unstim,P17096_S44_M1_31,P17096,Sulfo (STY),-0.6390747699959606,0.6390747699959606,0.02281093762488767,0.4869937461182299,6,P17096,HMGA1,High mobility group protein HMG-I/HMG-Y,HMGA1_HUMAN,13,55.73300911740884,1.5573300911740884,Unstim,P3C4,NA,NA,NA,P3C4,Unstim,0.2136316793196347,-0.8527064493155952,Robust
LPS / Unstim,P46940_C781_M1_24,P46940,Nitrosyl,-2.249740956522189,2.249740956522189,0.02282140962999872,0.4869937461182299,6,P46940,IQGAP1,Ras GTPase-activating-like protein IQGAP1,IQGA1_HUMAN,148,375.5974423133333,4.755974423133333,Unstim,LPS,NA,NA,NA,LPS,Unstim,-0.24224235774628905,-2.0074985987759,Robust
P3C4+Nigericin / Unstim,P61247_R107_M1_22,P61247,Methyl (KR),-1.993833223114601,1.993833223114601,0.02268215615283599,0.4869937461182299,6,P61247,RPS3A,Small ribosomal subunit protein eS1,RS3A_HUMAN,50,298.29385543710174,3.9829385543710174,Unstim,P3C4+Nigericin,NA,NA,NA,P3C4+Nigericin,Unstim,-0.8387895811381251,-1.155043641976476,Robust
P3C4+Nigericin / Unstim,Q562R1_C53_M1_24,Q562R1,Nitrosyl,-1.1869492656842506,1.1869492656842506,0.02266624802162967,0.4869937461182299,6,Q562R1,ACTBL2,Beta-actin-like protein 2,ACTBL_HUMAN,16,127.67079932365677,2.2767079932365677,Unstim,P3C4+Nigericin,NA,NA,NA,P3C4+Nigericin,Unstim,-0.3848865341490586,-0.802062731535192,Robust
P3C4 / Unstim,Q92945_R304_M1_22,Q92945,Methyl (KR),0.96600342780543,0.96600342780543,0.02292420289349264,0.4869937461182299,4,Q92945,KHSRP,Far upstream element-binding protein 2,FUBP2_HUMAN,56,-48.80777661009723,0.5119222338990277,Unstim,P3C4,NA,NA,NA,P3C4,Unstim,-0.17725228561890014,1.1432557134243302,Robust
LPS / Unstim,P51531_Y451_M1_31,P51531,Sulfo (STY),-1.25361966235682,1.25361966235682,0.02286933879891273,0.4869937461182299,5,P51531,SMARCA2,Probable global transcription activator SNF2L2,SMCA2_HUMAN,61,138.4389065389628,2.384389065389628,Unstim,LPS,NA,NA,NA,LPS,Unstim,-0.6550227481748543,-0.5985969141819658,Robust
P3C4+Nigericin / Unstim,Q16666_S153_M1_28,Q16666,Phospho (STY),-2.409727470154623,2.409727470154623,0.02266629850511374,0.4869937461182299,6,Q16666,IFI16,Gamma-interferon-inducible protein 16,IF16_HUMAN,58,431.37393786993465,5.3137393786993465,Unstim,P3C4+Nigericin,NA,NA,NA,P3C4+Nigericin,Unstim,-1.302548595853802,-1.107178874300821,Robust
P3C4 / Unstim,Q9UI08_S331_M1_28,Q9UI08,Phospho (STY),0.45594833399380646,0.45594833399380646,0.02302922568975776,0.48715282539552063,6,Q9UI08,EVL,Ena/VASP-like protein,EVL_HUMAN,25,-27.09692029014734,0.7290307970985266,Unstim,P3C4,NA,NA,NA,P3C4,Unstim,-0.23351439514862593,0.6894627291424325,Robust
P3C4+Nigericin / P3C4,Q13310_R518_M2_13,Q13310,Dimethyl (KR),-1.8991732610460963,1.8991732610460963,0.02305160702009088,0.4871701652309504,6,Q13310,PABPC4,Polyadenylate-binding protein 4,PABP4_HUMAN,45,272.9993873976921,3.729993873976921,P3C4,P3C4+Nigericin,NA,NA,NA,P3C4+Nigericin,P3C4,-1.015952031578277,-0.8832212294678192,Robust
P3C4+Nigericin / P3C4,Q13310_R509_M2_13,Q13310,Dimethyl (KR),-1.8991732610460963,1.8991732610460963,0.02305160702009088,0.4871701652309504,6,Q13310,PABPC4,Polyadenylate-binding protein 4,PABP4_HUMAN,45,272.9993873976921,3.729993873976921,P3C4,P3C4+Nigericin,NA,NA,NA,P3C4+Nigericin,P3C4,-1.015952031578277,-0.8832212294678192,Robust
LPS+Nigericin / LPS,P26373_K136_M2_32,P26373,Trimethyl (K),11.10811265010047,11.10811265010047,0.02306164022439233,0.48723988645076666,6,P26373,RPL13,Large ribosomal subunit protein eL13,RL13_HUMAN,26,-99.95469721542662,4.5302784573379e-4,LPS,LPS+Nigericin,NA,NA,NA,LPS+Nigericin,LPS,0.3730155219370807,10.735097128163389,Robust
LPS+Nigericin / Unstim,P26373_K136_M2_32,P26373,Trimethyl (K),11.326383762320187,11.326383762320187,0.02305878305064311,0.48723988645076666,6,P26373,RPL13,Large ribosomal subunit protein eL13,RL13_HUMAN,26,-99.96105795582088,3.8942044179124e-4,Unstim,LPS+Nigericin,NA,NA,NA,LPS+Nigericin,Unstim,-0.14325977952580246,11.46964354184599,Robust
LPS+Nigericin / LPS,P22307_K470_M1_23,P22307,Myristoyl,0.9220011343312048,0.9220011343312048,0.02311174232374421,0.4874301556813993,4,P22307,SCP2,Sterol carrier protein 2,SCP2_HUMAN,59,-47.222355614988246,0.5277764438501176,LPS,LPS+Nigericin,NA,NA,NA,LPS+Nigericin,LPS,0.233810147455489,0.6881909868757158,Robust
LPS+Nigericin / LPS,Q92945_K368_M2_22,Q92945,Methyl (KR),0.9560527673088302,0.9560527673088302,0.02310465243338753,0.4874301556813993,4,Q92945,KHSRP,Far upstream element-binding protein 2,FUBP2_HUMAN,56,-48.4534694354529,0.515465305645471,LPS,LPS+Nigericin,NA,NA,NA,LPS+Nigericin,LPS,-0.687120485129968,1.6431732524387983,Robust
P3C4+Nigericin / P3C4,P01584_C187_M1_24,P01584,Nitrosyl,-4.202711844856507,4.202711844856507,0.02320090504845929,0.48761789304987285,6,P01584,IL1B,Interleukin-1 beta,IL1B_HUMAN,27,1741.37536426298,18.4137536426298,P3C4,P3C4+Nigericin,NA,NA,NA,P3C4+Nigericin,P3C4,-2.5911850157882803,-1.611526829068227,Robust
P3C4+Nigericin / P3C4,P61247_R107_M1_22,P61247,Methyl (KR),-1.696167712974272,1.696167712974272,0.02318624937250827,0.48761789304987285,6,P61247,RPS3A,Small ribosomal subunit protein eS1,RS3A_HUMAN,50,224.03905673089,3.2403905673089,P3C4,P3C4+Nigericin,NA,NA,NA,P3C4+Nigericin,P3C4,-0.732933658793203,-0.963234054181069,Robust
P3C4+Nigericin / Unstim,P0CG38_S971_M1_31,P0CG38,Sulfo (STY),2.0895094627092603,2.0895094627092603,0.02328121418341564,0.4876856509887746,6,P0CG38,POTEI,POTE ankyrin domain family member I,POTEI_HUMAN,13,-76.50394362688364,0.23496056373116356,Unstim,P3C4+Nigericin,NA,NA,NA,P3C4+Nigericin,Unstim,-0.5724931386885925,2.6620026013978526,Robust
LPS+Nigericin / Unstim,P18084_K72_M1_18,P18084,Hex (K),0.7662214373060205,0.7662214373060205,0.0233504765419444,0.4880112203089956,6,P18084,ITGB5,Integrin beta-5,ITB5_HUMAN,26,-41.204462625387094,0.587955373746129,Unstim,LPS+Nigericin,NA,NA,NA,LPS+Nigericin,Unstim,-0.07919481478636271,0.8454162520923832,Robust
P3C4+Nigericin / Unstim,O60664_S83_M1_31,O60664,Sulfo (STY),-8.886238246058882,8.886238246058882,0.02337802300944052,0.4881816569671027,5,O60664,PLIN3,Perilipin-3,PLIN3_HUMAN,41,47217.76910081428,473.1776910081428,Unstim,P3C4+Nigericin,NA,NA,NA,P3C4+Nigericin,Unstim,-1.1059351560539925,-7.78030309000489,Robust
P3C4+Nigericin / P3C4,Q6YN16_C11_M1_24,Q6YN16,Nitrosyl,-7.042076373445957,7.042076373445957,0.02339777172313886,0.4882174385327673,6,Q6YN16,HSDL2,Hydroxysteroid dehydrogenase-like protein 2,HSDL2_HUMAN,33,13078.810709880932,131.78810709880932,P3C4,P3C4+Nigericin,NA,NA,NA,P3C4+Nigericin,P3C4,-0.22384831729845384,-6.818228056147503,Robust
P3C4+Nigericin / Unstim,P34932_R316_M1_13,P34932,Dimethyl (KR),-3.2602780604362436,3.2602780604362436,0.02340804551455313,0.48823874463536127,5,P34932,HSPA4,Heat shock 70 kDa protein 4,HSP74_HUMAN,81,858.1676200675846,9.581676200675846,Unstim,P3C4+Nigericin,NA,NA,NA,P3C4+Nigericin,Unstim,-1.267246582723869,-1.9930314777123745,Robust
P3C4+Nigericin / Unstim,P04406_S122_M1_31,P04406,Sulfo (STY),-3.708672290672945,3.708672290672945,0.0234346654715619,0.4883619051774568,6,P04406,GAPDH,Glyceraldehyde-3-phosphate dehydrogenase,G3P_HUMAN,49,1207.4395059237922,13.074395059237922,Unstim,P3C4+Nigericin,NA,NA,NA,P3C4+Nigericin,Unstim,-1.1794174893208655,-2.5292548013520793,Robust
LPS+Nigericin / LPS,Q09666_K912_M1_22,Q09666,Methyl (KR),-1.734433062688688,1.734433062688688,0.02344475735510369,0.4883956925743423,6,Q09666,AHNAK,Neuroblast differentiation-associated protein AHNAK,AHNK_HUMAN,760,232.7487075966801,3.327487075966801,LPS,LPS+Nigericin,NA,NA,NA,LPS+Nigericin,LPS,-0.413196889484699,-1.3212361732039888,Robust
P3C4+Nigericin / Unstim,Q93063_K478_M1_10,Q93063,Crotonyl,-4.514823574277458,4.514823574277458,0.02345725070817855,0.4883956925743423,6,Q93063,EXT2,Exostosin-2,EXT2_HUMAN,8,2186.11104027604,22.8611104027604,Unstim,P3C4+Nigericin,NA,NA,NA,P3C4+Nigericin,Unstim,-0.589099976041689,-3.9257235982357694,Robust
LPS+Nigericin / Unstim,P04406_C247_M1_24,P04406,Nitrosyl,-1.387813210285624,1.387813210285624,0.0237349228547372,0.4888225919450176,6,P04406,GAPDH,Glyceraldehyde-3-phosphate dehydrogenase,G3P_HUMAN,49,161.6817314405704,2.616817314405704,Unstim,LPS+Nigericin,NA,NA,NA,LPS+Nigericin,Unstim,-0.7528831580938815,-0.6349300521917425,Robust
P3C4+Nigericin / Unstim,P07339_C290_M1_24,P07339,Nitrosyl,-2.4997981209525393,2.4997981209525393,0.0237600111878673,0.4888225919450176,6,P07339,CTSD,Cathepsin D,CATD_HUMAN,32,465.6062730551968,5.656062730551968,Unstim,P3C4+Nigericin,NA,NA,NA,P3C4+Nigericin,Unstim,-0.6856908137670386,-1.8141073071855007,Robust
LPS+Nigericin / LPS,P48723_T397_M1_31,P48723,Sulfo (STY),-1.914970009350514,1.914970009350514,0.02371066395276845,0.4888225919450176,6,P48723,HSPA13,Heat shock 70 kDa protein 13,HSP13_HUMAN,13,277.10597503164365,3.771059750316436,LPS,LPS+Nigericin,NA,NA,NA,LPS+Nigericin,LPS,0.16634073961552295,-2.081310748966037,Robust
P3C4+Nigericin / P3C4,P52948_K757_M1_10,P52948,Crotonyl,-2.0420580275866804,2.0420580275866804,0.02369178381887093,0.4888225919450176,6,P52948,NUP98,Nuclear pore complex protein Nup98-Nup96,NUP98_HUMAN,77,311.832597630413,4.1183259763041296,P3C4,P3C4+Nigericin,NA,NA,NA,P3C4+Nigericin,P3C4,-0.778552199017445,-1.2635058285692353,Robust
LPS+Nigericin / Unstim,P57053_K86_M1_13,P57053,Dimethyl (KR),-0.9396261467731434,0.9396261467731434,0.02367354604622239,0.4888225919450176,4,P57053,H2BC12L,Histone H2B type F-S,H2BFS_HUMAN,9,91.80311446504814,1.9180311446504816,Unstim,LPS+Nigericin,NA,NA,NA,LPS+Nigericin,Unstim,-0.08588222154526286,-0.8537439252278806,Robust
LPS / Unstim,P62753_K46_M1_13,P62753,Dimethyl (KR),-3.00246921127475,3.00246921127475,0.02362970431926333,0.4888225919450176,5,P62753,RPS6,Small ribosomal subunit protein eS6,RS6_HUMAN,25,701.370393865049,8.01370393865049,Unstim,LPS,NA,NA,NA,LPS,Unstim,-0.5404830128317055,-2.4619861984430447,Robust
LPS+Nigericin / LPS,Q8NDI1_K705_M1_10,Q8NDI1,Crotonyl,0.2657933451138915,0.2657933451138915,0.02364530107882402,0.4888225919450176,6,Q8NDI1,EHBP1,EH domain-binding protein 1,EHBP1_HUMAN,4,-16.825876967103536,0.8317412303289646,LPS,LPS+Nigericin,NA,NA,NA,LPS+Nigericin,LPS,-0.4337519019320546,0.6995452470459461,Robust
P3C4+Nigericin / P3C4,Q7Z4V5_K16_M1_22,Q7Z4V5,Methyl (KR),-2.5089957016507975,2.5089957016507975,0.02369290215762817,0.4888225919450176,5,Q7Z4V5,HDGFL2,Hepatoma-derived growth factor-related protein 2,HDGR2_HUMAN,32,469.22368855272555,5.692236885527255,P3C4,P3C4+Nigericin,NA,NA,NA,P3C4+Nigericin,P3C4,-1.2519379781971864,-1.257057723453611,Robust
P3C4+Nigericin / Unstim,P0DMV8_T66_M1_28,P0DMV8;P0DMV9,Phospho (STY),-3.9610832863044183,3.9610832863044183,0.02379637210436173,0.48893024224711235,6,P0DMV8;P0DMV9,HSPA1A;HSPA1B,Heat shock 70 kDa protein 1A;Heat shock 70 kDa protein 1B,HS71A_HUMAN;HS71B_HUMAN,79,1457.4169052174718,15.574169052174716,Unstim,P3C4+Nigericin,NA,NA,NA,P3C4+Nigericin,Unstim,-0.8940680405617354,-3.0670152457426827,Robust
P3C4+Nigericin / Unstim,P0DMV9_T66_M1_28,P0DMV8;P0DMV9,Phospho (STY),-3.9610832863044183,3.9610832863044183,0.02379637210436173,0.48893024224711235,6,P0DMV8;P0DMV9,HSPA1A;HSPA1B,Heat shock 70 kDa protein 1A;Heat shock 70 kDa protein 1B,HS71A_HUMAN;HS71B_HUMAN,79,1457.4169052174718,15.574169052174716,Unstim,P3C4+Nigericin,NA,NA,NA,P3C4+Nigericin,Unstim,-0.8940680405617354,-3.0670152457426827,Robust
P3C4+Nigericin / Unstim,P23497_C248_M1_24,P23497,Nitrosyl,3.5682459504328508,3.5682459504328508,0.02379420678100332,0.48893024224711235,6,P23497,SP100,Nuclear autoantigen Sp-100,SP100_HUMAN,28,-91.56954650533208,0.0843045349466791,Unstim,P3C4+Nigericin,NA,NA,NA,P3C4+Nigericin,Unstim,-1.1463761921701996,4.714622142603051,Robust
LPS+Nigericin / LPS,Q9NS84_Y244_M1_31,Q9NS84,Sulfo (STY),2.2794168476854657,2.2794168476854657,0.02379350472283405,0.48893024224711235,6,Q9NS84,CHST7,Carbohydrate sulfotransferase 7,CHST7_HUMAN,5,-79.4019002850371,0.20598099714962903,LPS,LPS+Nigericin,NA,NA,NA,LPS+Nigericin,LPS,-0.12469731237965329,2.404114160065119,Robust
P3C4+Nigericin / P3C4,P68036_K131_M1_32,P68036,Trimethyl (K),-2.058873102086748,2.058873102086748,0.02387351121061875,0.4890553329817492,6,P68036,UBE2L3,Ubiquitin-conjugating enzyme E2 L3,UB2L3_HUMAN,20,316.6607209599189,4.166607209599189,P3C4,P3C4+Nigericin,NA,NA,NA,P3C4+Nigericin,P3C4,-1.4257037562234898,-0.6331693458632583,Robust
LPS+Nigericin / Unstim,Q09666_S4520_M2_31,Q09666,Sulfo (STY),0.9479505583980844,0.9479505583980844,0.02391519912231009,0.48913132151176447,4,Q09666,AHNAK,Neuroblast differentiation-associated protein AHNAK,AHNK_HUMAN,760,-48.16316851532626,0.5183683148467374,Unstim,LPS+Nigericin,NA,NA,NA,LPS+Nigericin,Unstim,-0.6286103582637066,1.576560916661791,Robust
LPS+Nigericin / LPS,P35579_K1249_M2_18,P35579,Hex (K),1.667961108800438,1.667961108800438,0.02395998057022418,0.4893228053306774,6,P35579,MYH9,Myosin-9,MYH9_HUMAN,294,-68.53022233277848,0.3146977766722152,LPS,LPS+Nigericin,NA,NA,NA,LPS+Nigericin,LPS,0.5817578367405618,1.0862032720598762,Robust
LPS+Nigericin / LPS,P35579_K1248_M2_18,P35579,Hex (K),1.667961108800438,1.667961108800438,0.02395998057022418,0.4893228053306774,6,P35579,MYH9,Myosin-9,MYH9_HUMAN,294,-68.53022233277848,0.3146977766722152,LPS,LPS+Nigericin,NA,NA,NA,LPS+Nigericin,LPS,0.5817578367405618,1.0862032720598762,Robust
P3C4+Nigericin / P3C4,P20933_S59_M1_31,P20933,Sulfo (STY),-4.999993660608078,4.999993660608078,0.02406035757756442,0.4895825115326322,6,P20933,AGA,N(4)-(beta-N-acetylglucosaminyl)-L-asparaginase,ASPG_HUMAN,10,3099.9859388096543,31.999859388096542,P3C4,P3C4+Nigericin,NA,NA,NA,P3C4+Nigericin,P3C4,-0.48624251297673293,-4.513751147631345,Robust
P3C4+Nigericin / P3C4,P38646_R491_M2_13,P38646,Dimethyl (KR),-1.7946039038739403,1.7946039038739403,0.02406665217235207,0.4895825115326322,5,P38646,HSPA9,"Stress-70 protein, mitochondrial",GRP75_HUMAN,95,246.92021382904025,3.4692021382904024,P3C4,P3C4+Nigericin,NA,NA,NA,P3C4+Nigericin,P3C4,-0.33883450013840405,-1.4557694037355362,Robust
LPS+Nigericin / LPS,Q86SX6_C67_M1_24,Q86SX6,Nitrosyl,-1.2350841600782612,1.2350841600782612,0.02402930152638804,0.4895825115326322,6,Q86SX6,GLRX5,"Glutaredoxin-related protein 5, mitochondrial",GLRX5_HUMAN,12,135.39507889071544,2.3539507889071545,LPS,LPS+Nigericin,NA,NA,NA,LPS+Nigericin,LPS,-0.14622095648261887,-1.0888632035956423,Robust
LPS+Nigericin / LPS,Q92882_C185_M1_24,Q92882,Nitrosyl,-1.7787969573115625,1.7787969573115625,0.02407275725407226,0.4895825115326322,6,Q92882,OSTF1,Osteoclast-stimulating factor 1,OSTF1_HUMAN,21,243.13991578725384,3.4313991578725385,LPS,LPS+Nigericin,NA,NA,NA,LPS+Nigericin,LPS,-0.6892998170318413,-1.0894971402797213,Robust
P3C4+Nigericin / P3C4,O60232_C70_M2_24,O60232,Nitrosyl,-2.2938542355158007,2.2938542355158007,0.0243469076176342,0.4900599310538458,5,O60232,ZNRD2,Protein ZNRD2,ZNRD2_HUMAN,10,390.36439694277016,4.903643969427701,P3C4,P3C4+Nigericin,NA,NA,NA,P3C4+Nigericin,P3C4,-1.6143460013286457,-0.679508234187155,Robust
P3C4+Nigericin / Unstim,O60262_K60_M1_22,O60262,Methyl (KR),-1.7243557930641036,1.7243557930641036,0.02447340991084251,0.4900599310538458,6,O60262,GNG7,Guanine nucleotide-binding protein G(I)/G(S)/G(O) subunit gamma-7,GBG7_HUMAN,7,230.4325461964516,3.304325461964516,Unstim,P3C4+Nigericin,NA,NA,NA,P3C4+Nigericin,Unstim,-0.5604547782066039,-1.1639010148574997,Robust
LPS / Unstim,O75351_S242_M2_31,O75351,Sulfo (STY),0.6605211546205693,0.6605211546205693,0.02424901339524959,0.4900599310538458,6,O75351,VPS4B,Vacuolar protein sorting-associated protein 4B,VPS4B_HUMAN,35,-36.73502806931932,0.6326497193068068,Unstim,LPS,NA,NA,NA,LPS,Unstim,0.0199243527072808,0.6405968019132885,Robust
LPS / Unstim,O75351_S238_M2_31,O75351,Sulfo (STY),0.6605211546205693,0.6605211546205693,0.02424901339524959,0.4900599310538458,6,O75351,VPS4B,Vacuolar protein sorting-associated protein 4B,VPS4B_HUMAN,35,-36.73502806931932,0.6326497193068068,Unstim,LPS,NA,NA,NA,LPS,Unstim,0.0199243527072808,0.6405968019132885,Robust
P3C4 / Unstim,P01584_T195_M1_31,P01584,Sulfo (STY),1.3472005479554312,1.3472005479554312,0.02434979970894135,0.4900599310538458,5,P01584,IL1B,Interleukin-1 beta,IL1B_HUMAN,27,-60.694599586988794,0.3930540041301121,Unstim,P3C4,NA,NA,NA,P3C4,Unstim,2.28629073794259,-0.9390901899871587,Robust
P3C4 / Unstim,P05107_S384_M2_31,P05107,Sulfo (STY),8.441612434296253,8.441612434296253,0.02453483499338578,0.4900599310538458,6,P05107,ITGB2,Integrin beta-2,ITB2_HUMAN,73,-99.71237843468148,0.00287621565318519,Unstim,P3C4,NA,NA,NA,P3C4,Unstim,-0.00419126327788028,8.445803697574133,Robust
P3C4+Nigericin / Unstim,P06733_K358_M1_13,P06733,Dimethyl (KR),-1.6934914360365525,1.6934914360365525,0.02446399429827636,0.4900599310538458,5,P06733,ENO1,Alpha-enolase,ENOA_HUMAN,61,223.4385040438843,3.234385040438843,Unstim,P3C4+Nigericin,NA,NA,NA,P3C4+Nigericin,Unstim,-0.8470720019309406,-0.8464194341056119,Robust
LPS+Nigericin / Unstim,P0CG39_C880_M1_23,P0CG39,Myristoyl,-0.9523860307920292,0.9523860307920292,0.024498438168028,0.4900599310538458,6,P0CG39,POTEJ,POTE ankyrin domain family member J,POTEJ_HUMAN,4,93.50703686505268,1.9350703686505268,Unstim,LPS+Nigericin,NA,NA,NA,LPS+Nigericin,Unstim,-0.3414375362757834,-0.6109484945162458,Robust
P3C4+Nigericin / P3C4,P16150_S355_M1_28,P16150,Phospho (STY),-1.6751836579682051,1.6751836579682051,0.02443004357106061,0.4900599310538458,6,P16150,SPN,Leukosialin,LEUK_HUMAN,18,219.36000712356417,3.1936000712356414,P3C4,P3C4+Nigericin,NA,NA,NA,P3C4+Nigericin,P3C4,-0.4306865743038425,-1.2444970836643625,Robust
P3C4+Nigericin / Unstim,P26010_R100_M1_13,P26010,Dimethyl (KR),1.1909836374905105,1.1909836374905105,0.02450475244716187,0.4900599310538458,6,P26010,ITGB7,Integrin beta-7,ITB7_HUMAN,33,-56.19958748150555,0.4380041251849445,Unstim,P3C4+Nigericin,NA,NA,NA,P3C4+Nigericin,Unstim,-0.5213787035518158,1.7123623410423263,Robust
P3C4+Nigericin / P3C4,P38646_T390_M1_31,P38646,Sulfo (STY),2.786922578698527,2.786922578698527,0.02440085531781555,0.4900599310538458,6,P38646,HSPA9,"Stress-70 protein, mitochondrial",GRP75_HUMAN,95,-85.51052305359663,0.14489476946403365,P3C4,P3C4+Nigericin,NA,NA,NA,P3C4+Nigericin,P3C4,-0.33883450013840405,3.125757078836931,Robust
LPS+Nigericin / Unstim,P51659_K284_M1_32,P51659,Trimethyl (K),-7.652417673335178,7.652417673335178,0.02454002709226482,0.4900599310538458,6,P51659,HSD17B4,Peroxisomal multifunctional enzyme type 2,DHB4_HUMAN,69,20019.04022874987,201.1904022874987,Unstim,LPS+Nigericin,NA,NA,NA,LPS+Nigericin,Unstim,-0.13293240918940982,-7.519485264145768,Robust
P3C4+Nigericin / Unstim,P51659_K284_M1_32,P51659,Trimethyl (K),-7.891922328569539,7.891922328569539,0.02449844180199934,0.4900599310538458,5,P51659,HSD17B4,Peroxisomal multifunctional enzyme type 2,DHB4_HUMAN,69,23652.282194213476,237.52282194213475,Unstim,P3C4+Nigericin,NA,NA,NA,P3C4+Nigericin,Unstim,-0.5502924659235114,-7.341629862646028,Robust
P3C4+Nigericin / P3C4,P62753_K14_M1_32,P62753,Trimethyl (K),5.677201279311318,5.677201279311318,0.02453563131959562,0.4900599310538458,6,P62753,RPS6,Small ribosomal subunit protein eS6,RS6_HUMAN,25,-98.04569598838816,0.01954304011611835,P3C4,P3C4+Nigericin,NA,NA,NA,P3C4+Nigericin,P3C4,-0.8240094140997877,6.501210693411106,Robust
P3C4+Nigericin / Unstim,Q01518_K63_M2_18,Q01518,Hex (K),-2.4997326233806296,2.4997326233806296,0.02424439815401897,0.4900599310538458,6,Q01518,CAP1,Adenylyl cyclase-associated protein 1,CAP1_HUMAN,89,465.5805954202326,5.655805954202327,Unstim,P3C4+Nigericin,NA,NA,NA,P3C4+Nigericin,Unstim,-1.4485805095523945,-1.0511521138282351,Robust
LPS+Nigericin / Unstim,Q8NF50_K224_M1_17,Q8NF50,GlyGly (K),-1.5281642355551597,1.5281642355551597,0.02427504389865928,0.4900599310538458,6,Q8NF50,DOCK8,Dedicator of cytokinesis protein 8,DOCK8_HUMAN,120,188.4186058277473,2.884186058277473,Unstim,LPS+Nigericin,NA,NA,NA,LPS+Nigericin,Unstim,-0.7459933920403147,-0.782170843514845,Robust
P3C4+Nigericin / Unstim,Q9H307_R207_M1_13,Q9H307,Dimethyl (KR),8.637609630740961,8.637609630740961,0.02430366063618329,0.4900599310538458,5,Q9H307,PNN,Pinin,PININ_HUMAN,48,-99.74891520703908,0.0025108479296092,Unstim,P3C4+Nigericin,NA,NA,NA,P3C4+Nigericin,Unstim,-0.5402260820219347,9.177835712762896,Robust
P3C4+Nigericin / P3C4,Q9H307_T204_M1_19,Q9H307,HexNAc (ST),8.262827223489444,8.262827223489444,0.02433700162310768,0.4900599310538458,6,Q9H307,PNN,Pinin,PININ_HUMAN,48,-99.6744324159603,0.00325567584039697,P3C4,P3C4+Nigericin,NA,NA,NA,P3C4+Nigericin,P3C4,-0.5100356781393343,8.772862901628777,Robust
P3C4+Nigericin / Unstim,Q9H307_T204_M1_19,Q9H307,HexNAc (ST),8.628901070349162,8.628901070349162,0.02430446384655544,0.4900599310538458,6,Q9H307,PNN,Pinin,PININ_HUMAN,48,-99.74739499675007,0.00252605003249911,Unstim,P3C4+Nigericin,NA,NA,NA,P3C4+Nigericin,Unstim,-0.5402260820219347,9.169127152371097,Robust
LPS / Unstim,Q9H8Y8_R47_M1_13,Q9H8Y8,Dimethyl (KR),-1.117804987648845,1.117804987648845,0.02453978165897648,0.4900599310538458,6,Q9H8Y8,GORASP2,Golgi reassembly-stacking protein 2,GORS2_HUMAN,16,117.01653777749117,2.1701653777749117,Unstim,LPS,NA,NA,NA,LPS,Unstim,-0.1381870347673965,-0.9796179528814485,Robust
P3C4+Nigericin / P3C4,Q09666_K1911_M1_22,Q09666,Methyl (KR),-1.7346861244104539,1.7346861244104539,0.02452862854442893,0.4900599310538458,5,Q09666,AHNAK,Neuroblast differentiation-associated protein AHNAK,AHNK_HUMAN,760,232.8070798403958,3.328070798403958,P3C4,P3C4+Nigericin,NA,NA,NA,P3C4+Nigericin,P3C4,-0.9867293298478134,-0.7479567945626405,Robust
P3C4+Nigericin / P3C4,Q09666_K2375_M1_22,Q09666,Methyl (KR),-1.7346861244104539,1.7346861244104539,0.02452862854442893,0.4900599310538458,5,Q09666,AHNAK,Neuroblast differentiation-associated protein AHNAK,AHNK_HUMAN,760,232.8070798403958,3.328070798403958,P3C4,P3C4+Nigericin,NA,NA,NA,P3C4+Nigericin,P3C4,-0.9867293298478134,-0.7479567945626405,Robust
P3C4+Nigericin / P3C4,Q09666_K2442_M1_22,Q09666,Methyl (KR),-1.7346861244104539,1.7346861244104539,0.02452862854442893,0.4900599310538458,5,Q09666,AHNAK,Neuroblast differentiation-associated protein AHNAK,AHNK_HUMAN,760,232.8070798403958,3.328070798403958,P3C4,P3C4+Nigericin,NA,NA,NA,P3C4+Nigericin,P3C4,-0.9867293298478134,-0.7479567945626405,Robust
P3C4 / Unstim,Q9BYX7_R37_M1_22,Q9BYX7,Methyl (KR),1.6475124192607091,1.6475124192607091,0.02419306355975005,0.4900599310538458,4,Q9BYX7,POTEKP,Putative beta-actin-like protein 3,ACTBM_HUMAN,8,-68.08099508862398,0.31919004911376025,Unstim,P3C4,NA,NA,NA,P3C4,Unstim,0.03141978590430738,1.6160926333564019,Robust
P3C4+Nigericin / P3C4,P05107_S384_M2_31,P05107,Sulfo (STY),-8.14182591922349,8.14182591922349,0.02456582307306876,0.4901243774117573,5,P05107,ITGB2,Integrin beta-2,ITB2_HUMAN,73,28144.49545696428,282.4449545696428,P3C4,P3C4+Nigericin,NA,NA,NA,P3C4+Nigericin,P3C4,-0.03581221486589295,-8.106013704357597,Robust
LPS+Nigericin / LPS,P19367_K820_M1_13,P19367,Dimethyl (KR),4.874523885281522,4.874523885281522,0.02462716436531782,0.49017064318285375,6,P19367,HK1,Hexokinase-1,HXK1_HUMAN,61,-96.59103850383303,0.03408961496166959,LPS,LPS+Nigericin,NA,NA,NA,LPS+Nigericin,LPS,0.2803124571893387,4.5942114280921835,Robust
P3C4+Nigericin / P3C4,P35754_C79_M1_24,P35754,Nitrosyl,7.667576614035523,7.667576614035523,0.02463208316053291,0.49017064318285375,4,P35754,GLRX,Glutaredoxin-1,GLRX1_HUMAN,9,-99.50815365872802,0.00491846341271978,P3C4,P3C4+Nigericin,NA,NA,NA,P3C4+Nigericin,P3C4,-1.504995243823866,9.172571857859388,Robust
P3C4+Nigericin / P3C4,Q96TA1_S665_M1_28,Q96TA1,Phospho (STY),-1.5182459291219033,1.5182459291219033,0.02463602974483548,0.49017064318285375,6,Q96TA1,NIBAN2,Protein Niban 2,NIBA2_HUMAN,47,186.44257253400824,2.8644257253400824,P3C4,P3C4+Nigericin,NA,NA,NA,P3C4+Nigericin,P3C4,-0.9227628385676224,-0.5954830905542808,Robust
P3C4+Nigericin / P3C4,P04075_R173_M1_22,P04075,Methyl (KR),-2.186616044102575,2.186616044102575,0.02488811182145945,0.4902452274519314,6,P04075,ALDOA,Fructose-bisphosphate aldolase A,ALDOA_HUMAN,60,355.2364398146194,4.552364398146194,P3C4,P3C4+Nigericin,NA,NA,NA,P3C4+Nigericin,P3C4,-0.8986536171338553,-1.2879624269687195,Robust
P3C4+Nigericin / P3C4,P61160_K106_M1_18,P61160,Hex (K),1.408580852288365,1.408580852288365,0.02488509889275668,0.4902452274519314,6,P61160,ACTR2,Actin-related protein 2,ARP2_HUMAN,40,-62.33179614076463,0.3766820385923538,P3C4,P3C4+Nigericin,NA,NA,NA,P3C4+Nigericin,P3C4,-0.56129103247366,1.969871884762025,Robust
LPS+Nigericin / LPS,Q6P1X6_R110_M1_13,Q6P1X6,Dimethyl (KR),5.613300591360293,5.613300591360293,0.02470545704036042,0.4902452274519314,6,Q6P1X6,C8orf82,UPF0598 protein C8orf82,CH082_HUMAN,11,-97.9571891901686,0.02042810809831402,LPS,LPS+Nigericin,NA,NA,NA,LPS+Nigericin,LPS,0.2952645056766183,5.318036085683675,Robust
LPS+Nigericin / Unstim,Q6P1X6_R110_M1_13,Q6P1X6,Dimethyl (KR),5.463247678856508,5.463247678856508,0.02476987543180096,0.4902452274519314,6,Q6P1X6,C8orf82,UPF0598 protein C8orf82,CH082_HUMAN,11,-97.7332763550226,0.02266723644977396,Unstim,LPS+Nigericin,NA,NA,NA,LPS+Nigericin,Unstim,-0.19801824728450976,5.661265926141017,Robust
P3C4+Nigericin / P3C4,Q9P2E9_R1324_M1_22,Q9P2E9,Methyl (KR),-2.1731996709901233,2.1731996709901233,0.02491149752415569,0.4903899157617486,6,Q9P2E9,RRBP1,Ribosome-binding protein 1,RRBP1_HUMAN,100,351.02258268830076,4.5102258268830075,P3C4,P3C4+Nigericin,NA,NA,NA,P3C4+Nigericin,P3C4,-1.57158823244333,-0.6016114385467934,Robust
P3C4+Nigericin / P3C4,P00441_T55_M1_31,P00441,Sulfo (STY),-3.732110053589472,3.732110053589472,0.02501200083996429,0.49072512538063306,6,P00441,SOD1,Superoxide dismutase [Cu-Zn],SODC_HUMAN,22,1228.8534040488553,13.288534040488551,P3C4,P3C4+Nigericin,NA,NA,NA,P3C4+Nigericin,P3C4,-1.09019525131475,-2.641914802274722,Robust
P3C4+Nigericin / P3C4,O43390_K268_M1_13,O43390,Dimethyl (KR),-3.7339257757751536,3.7339257757751536,0.02502456462376637,0.4907604037939653,5,O43390,HNRNPR,Heterogeneous nuclear ribonucleoprotein R,HNRPR_HUMAN,42,1230.5269022754806,13.305269022754803,P3C4,P3C4+Nigericin,NA,NA,NA,P3C4+Nigericin,P3C4,-0.5173763699103218,-3.216549405864832,Robust
P3C4+Nigericin / Unstim,Q16658_R201_M1_13,Q16658,Dimethyl (KR),-1.752346289289363,1.752346289289363,0.02508661484191066,0.4909928606689401,6,Q16658,FSCN1,Fascin,FSCN1_HUMAN,47,236.90603910831084,3.3690603910831083,Unstim,P3C4+Nigericin,NA,NA,NA,P3C4+Nigericin,Unstim,-1.1185671706770184,-0.6337791186123447,Robust
P3C4+Nigericin / Unstim,P34932_C310_M1_24,P34932,Nitrosyl,-3.7302153378709666,3.7302153378709666,0.02511090071262255,0.49102723022959527,6,P34932,HSPA4,Heat shock 70 kDa protein 4,HSP74_HUMAN,81,1227.1093439736112,13.271093439736113,Unstim,P3C4+Nigericin,NA,NA,NA,P3C4+Nigericin,Unstim,-1.267246582723869,-2.462968755147098,Robust
P3C4 / Unstim,P68036_S91_M1_31,P68036,Sulfo (STY),1.2560629406186636,1.2560629406186636,0.02510638909278621,0.49102723022959527,5,P68036,UBE2L3,Ubiquitin-conjugating enzyme E2 L3,UB2L3_HUMAN,20,-58.1315022660793,0.41868497733920695,Unstim,P3C4,NA,NA,NA,P3C4,Unstim,0.5193065588245666,0.7367563817940971,Robust
P3C4+Nigericin / P3C4,Q13488_C58_M1_23,Q13488,Myristoyl,-2.682958433397809,2.682958433397809,0.02512683268745401,0.4910349933747889,6,Q13488,TCIRG1,V-type proton ATPase 116 kDa subunit a 3,VPP3_HUMAN,32,542.1714086092958,6.421714086092958,P3C4,P3C4+Nigericin,NA,NA,NA,P3C4+Nigericin,P3C4,-0.12299801157834116,-2.5599604218194676,Robust
P3C4+Nigericin / P3C4,O95782_K498_M1_13,O95782,Dimethyl (KR),-2.078573744746808,2.078573744746808,0.0252601125746832,0.49117905463613154,6,O95782,AP2A1,AP-2 complex subunit alpha-1,AP2A1_HUMAN,55,322.38943352296315,4.223894335229631,P3C4,P3C4+Nigericin,NA,NA,NA,P3C4+Nigericin,P3C4,-1.1054942879050635,-0.9730794568417442,Robust
P3C4 / Unstim,Q14151_R903_M1_13,Q14151,Dimethyl (KR),-1.2110668095784614,1.2110668095784614,0.02523443477843855,0.49117905463613154,6,Q14151,SAFB2,Scaffold attachment factor B2,SAFB2_HUMAN,37,131.50876405926914,2.3150876405926915,Unstim,P3C4,NA,NA,NA,P3C4,Unstim,-0.5707741868223017,-0.6402926227561596,Robust
LPS+Nigericin / LPS,P38117_K238_M1_13,P38117,Dimethyl (KR),2.3367092119466095,2.3367092119466095,0.02531146934286632,0.4914505021436705,6,P38117,ETFB,Electron transfer flavoprotein subunit beta,ETFB_HUMAN,27,-80.20386366746364,0.19796136332536363,LPS,LPS+Nigericin,NA,NA,NA,LPS+Nigericin,LPS,0.4422377056644228,1.8944715062821866,Robust
LPS / Unstim,Q01518_S394_M1_28,Q01518,Phospho (STY),-1.3085047213208296,1.3085047213208296,0.02534047401403674,0.4915674324201805,6,Q01518,CAP1,Adenylyl cyclase-associated protein 1,CAP1_HUMAN,89,147.68469455130614,2.4768469455130613,Unstim,LPS,NA,NA,NA,LPS,Unstim,-0.4746733414109217,-0.833831379909908,Robust
P3C4+Nigericin / Unstim,Q8NI27_K58_M1_13,Q8NI27,Dimethyl (KR),-2.421258118806118,2.421258118806118,0.02537635813769964,0.4916951430661867,6,Q8NI27,THOC2,THO complex subunit 2,THOC2_HUMAN,50,435.6379275159327,5.356379275159327,Unstim,P3C4+Nigericin,NA,NA,NA,P3C4+Nigericin,Unstim,-0.7078832820941132,-1.713374836712005,Robust
P3C4+Nigericin / Unstim,Q8NI27_Y54_M2_28,Q8NI27,Phospho (STY),-2.421258118806118,2.421258118806118,0.02537635813769964,0.4916951430661867,6,Q8NI27,THOC2,THO complex subunit 2,THOC2_HUMAN,50,435.6379275159327,5.356379275159327,Unstim,P3C4+Nigericin,NA,NA,NA,P3C4+Nigericin,Unstim,-0.7078832820941132,-1.713374836712005,Robust
P3C4+Nigericin / P3C4,O14773_R465_M1_22,O14773,Methyl (KR),-1.7123373580553114,1.7123373580553114,0.02554937084639953,0.49207690312123586,6,O14773,TPP1,Tripeptidyl-peptidase 1,TPP1_HUMAN,21,227.6912971201885,3.276912971201885,P3C4,P3C4+Nigericin,NA,NA,NA,P3C4+Nigericin,P3C4,-1.0854865644312894,-0.626850793624022,Robust
P3C4+Nigericin / P3C4,O43707_K853_M1_32,O43707,Trimethyl (K),-1.910927652631548,1.910927652631548,0.02562872922491649,0.4922191468860818,6,O43707,ACTN4,Alpha-actinin-4,ACTN4_HUMAN,83,276.05082256938715,3.760508225693872,P3C4,P3C4+Nigericin,NA,NA,NA,P3C4+Nigericin,P3C4,-1.184996752028172,-0.7259309006033761,Robust
P3C4+Nigericin / P3C4,Q16658_R201_M1_13,Q16658,Dimethyl (KR),-1.8224473105477583,1.8224473105477583,0.02571130622118666,0.4924711702495284,5,Q16658,FSCN1,Fascin,FSCN1_HUMAN,47,253.6806548374771,3.5368065483747713,P3C4,P3C4+Nigericin,NA,NA,NA,P3C4+Nigericin,P3C4,-1.176000720377213,-0.6464465901705454,Robust
P3C4+Nigericin / Unstim,Q15691_C228_M1_24,Q15691,Nitrosyl,-2.158826863475831,2.158826863475831,0.02572047999120375,0.4924876473717521,6,Q15691,MAPRE1,Microtubule-associated protein RP/EB family member 1,MARE1_HUMAN,26,346.55159132553007,4.465515913255301,Unstim,P3C4+Nigericin,NA,NA,NA,P3C4+Nigericin,Unstim,-1.318991080425972,-0.8398357830498593,Robust
P3C4 / Unstim,Q1KMD3_R546_M1_13,Q1KMD3,Dimethyl (KR),-2.3938845117946936,2.3938845117946936,0.02575533895719839,0.49250536619044544,6,Q1KMD3,HNRNPUL2,Heterogeneous nuclear ribonucleoprotein U-like protein 2,HNRL2_HUMAN,50,425.5705770808355,5.255705770808355,Unstim,P3C4,NA,NA,NA,P3C4,Unstim,-0.4867730905457161,-1.9071114212489775,Robust
P3C4+Nigericin / P3C4,P42224_K525_M1_10,P42224,Crotonyl,-1.8063478770300263,1.8063478770300263,0.02587381533587816,0.4925714134069624,6,P42224,STAT1,Signal transducer and activator of transcription 1-alpha/beta,STAT1_HUMAN,55,249.75577460074888,3.4975577460074887,P3C4,P3C4+Nigericin,NA,NA,NA,P3C4+Nigericin,P3C4,-1.2158079165878333,-0.590539960442193,Robust
P3C4 / Unstim,P60174_C42_M1_24,P60174,Nitrosyl,1.078542594127753,1.078542594127753,0.02586308300260498,0.4925714134069624,6,P60174,TPI1,Triosephosphate isomerase,TPIS_HUMAN,42,-52.64930830034541,0.4735069169965459,Unstim,P3C4,NA,NA,NA,P3C4,Unstim,0.33552783462818997,0.7430147594995631,Robust
LPS / Unstim,P60660_K63_M1_0,P60660,Acetyl (K),1.8274184918813816,1.8274184918813816,0.02582833547946355,0.4925714134069624,6,P60660,MYL6,Myosin light polypeptide 6,MYL6_HUMAN,25,-71.82316431890435,0.2817683568109565,Unstim,LPS,NA,NA,NA,LPS,Unstim,0.18913909338699136,1.6382793984943902,Robust
LPS+Nigericin / Unstim,P46459_K304_M1_22,P46459,Methyl (KR),-1.3599911190397538,1.3599911190397538,0.02585843543385682,0.4925714134069624,6,P46459,NSF,Vesicle-fusing ATPase,NSF_HUMAN,75,156.68359941159343,2.566835994115934,Unstim,LPS+Nigericin,NA,NA,NA,LPS+Nigericin,Unstim,-0.6780883820827794,-0.6819027369569743,Robust
P3C4+Nigericin / P3C4,P61978_K21_M1_18,P61978,Hex (K),-2.21917761720928,2.21917761720928,0.02590232168359133,0.4926552142337672,6,P61978,HNRNPK,Heterogeneous nuclear ribonucleoprotein K,HNRPK_HUMAN,58,365.62793595396846,4.656279359539685,P3C4,P3C4+Nigericin,NA,NA,NA,P3C4+Nigericin,P3C4,-1.2151314087313645,-1.0040462084779154,Robust
LPS / Unstim,P14625_Y652_M1_31,P14625,Sulfo (STY),-0.991206188693773,0.991206188693773,0.02590587778023532,0.4926619243188362,4,P14625,HSP90B1,Endoplasmin,ENPL_HUMAN,108,98.784626756719,1.98784626756719,Unstim,LPS,NA,NA,NA,LPS,Unstim,-0.08255381304685645,-0.9086523756469165,Robust
P3C4 / Unstim,Q99714_C58_M1_24,Q99714,Nitrosyl,-8.191717705357735,8.191717705357735,0.02614236225340504,0.4936813640361803,6,Q99714,HSD17B10,3-hydroxyacyl-CoA dehydrogenase type-2,HCD2_HUMAN,26,29138.342242389797,292.38342242389797,Unstim,P3C4,NA,NA,NA,P3C4,Unstim,-0.4448111289752786,-7.7469065763824565,Robust
P3C4 / Unstim,Q9H1B7_R391_M1_22,Q9H1B7,Methyl (KR),-2.4109220916004666,2.4109220916004666,0.02611864027728195,0.4936813640361803,6,Q9H1B7,IRF2BPL,Probable E3 ubiquitin-protein ligase IRF2BPL,I2BPL_HUMAN,36,431.814123477593,5.31814123477593,Unstim,P3C4,NA,NA,NA,P3C4,Unstim,-0.21561078045931892,-2.1953113111411477,Robust
P3C4+Nigericin / P3C4,P14868_K213_M1_18,P14868,Hex (K),-1.7716817424567337,1.7716817424567337,0.02618921492992684,0.49388222376977126,5,P14868,DARS1,"Aspartate--tRNA ligase, cytoplasmic",SYDC_HUMAN,44,241.4517534234621,3.414517534234621,P3C4,P3C4+Nigericin,NA,NA,NA,P3C4+Nigericin,P3C4,-1.086760346790736,-0.6849213956659976,Robust
P3C4+Nigericin / Unstim,Q13867_K244_M1_10,Q13867,Crotonyl,-2.5133673245063153,2.5133673245063153,0.02622807561055932,0.4939419820673281,6,Q13867,BLMH,Bleomycin hydrolase,BLMH_HUMAN,21,470.95115362475576,5.7095115362475575,Unstim,P3C4+Nigericin,NA,NA,NA,P3C4+Nigericin,Unstim,-1.1360140760361692,-1.377353248470146,Robust
LPS+Nigericin / LPS,Q09666_S135_M1_28,Q09666,Phospho (STY),-1.34317080097688,1.34317080097688,0.02627627748449183,0.49408628463911486,6,Q09666,AHNAK,Neuroblast differentiation-associated protein AHNAK,AHNK_HUMAN,760,153.70831466928823,2.5370831466928823,LPS,LPS+Nigericin,NA,NA,NA,LPS+Nigericin,LPS,-0.413196889484699,-0.9299739114921809,Robust
LPS+Nigericin / LPS,Q00610_K321_M1_10,Q00610,Crotonyl,2.6434905677372513,2.6434905677372513,0.02630658314401274,0.4941316835096963,6,Q00610,CLTC,Clathrin heavy chain 1,CLH1_HUMAN,130,-83.99594460799213,0.16004055392007863,LPS,LPS+Nigericin,NA,NA,NA,LPS+Nigericin,LPS,-0.18381375308338213,2.8273043208206334,Robust
P3C4+Nigericin / Unstim,P05386_K92_M1_32,P05386,Trimethyl (K),2.051864189678433,2.051864189678433,0.02634770396997391,0.49420259614293754,6,P05386,RPLP1,Large ribosomal subunit protein P1,RLA1_HUMAN,5,-75.88277518011809,0.24117224819881908,Unstim,P3C4+Nigericin,NA,NA,NA,P3C4+Nigericin,Unstim,0.176539667259841,1.8753245224185922,Robust
P3C4+Nigericin / P3C4,P07858_C105_M2_24,P07858,Nitrosyl,-2.2346223018366813,2.2346223018366813,0.02638521887700296,0.49420259614293754,6,P07858,CTSB,Cathepsin B,CATB_HUMAN,27,370.6394651491762,4.706394651491762,P3C4,P3C4+Nigericin,NA,NA,NA,P3C4+Nigericin,P3C4,-1.2627807600012004,-0.9718415418354809,Robust
P3C4+Nigericin / Unstim,P61956_K11_M1_22,P61956,Methyl (KR),-0.8104358143638531,0.8104358143638531,0.02644165879651987,0.49420259614293754,6,P61956,SUMO2,Small ubiquitin-related modifier 2,SUMO2_HUMAN,8,75.37411388788287,1.7537411388788289,Unstim,P3C4+Nigericin,NA,NA,NA,P3C4+Nigericin,Unstim,-2.44848460627552,1.6380487919116669,Robust
LPS+Nigericin / LPS,P10809_K387_M1_13,P10809,Dimethyl (KR),2.771877000452106,2.771877000452106,0.0265094286191178,0.49445801727050825,6,P10809,HSPD1,"60 kDa heat shock protein, mitochondrial",CH60_HUMAN,115,-85.3586245113025,0.1464137548869751,LPS,LPS+Nigericin,NA,NA,NA,LPS+Nigericin,LPS,0.3873499663217227,2.3845270341303832,Robust
P3C4+Nigericin / Unstim,P27797_K142_M1_32,P27797,Trimethyl (K),0.589137774090879,0.589137774090879,0.02651942629366831,0.49445801727050825,6,P27797,CALR,Calreticulin,CALR_HUMAN,45,-33.52599301032196,0.6647400698967804,Unstim,P3C4+Nigericin,NA,NA,NA,P3C4+Nigericin,Unstim,-0.08160818101857897,0.6707459551094579,Robust
LPS+Nigericin / LPS,P40227_C282_M1_24,P40227,Nitrosyl,-1.1023743738773053,1.1023743738773053,0.02656523998094371,0.49445801727050825,6,P40227,CCT6A,T-complex protein 1 subunit zeta,TCPZ_HUMAN,51,114.70776589912136,2.1470776589912135,LPS,LPS+Nigericin,NA,NA,NA,LPS+Nigericin,LPS,-0.12245780215663692,-0.9799165717206684,Robust
P3C4+Nigericin / Unstim,Q6GTX8_S278_M1_31,Q6GTX8,Sulfo (STY),-2.3445172920817514,2.3445172920817514,0.02677411613712974,0.4949208443482003,6,Q6GTX8,LAIR1,Leukocyte-associated immunoglobulin-like receptor 1,LAIR1_HUMAN,9,407.8904307266408,5.0789043072664075,Unstim,P3C4+Nigericin,NA,NA,NA,P3C4+Nigericin,Unstim,-1.2884444100310048,-1.0560728820507466,Robust
P3C4+Nigericin / Unstim,P30101_Y479_M1_31,P30101,Sulfo (STY),1.630574235302496,1.630574235302496,0.02671309759850144,0.4949208443482003,5,P30101,PDIA3,Protein disulfide-isomerase A3,PDIA3_HUMAN,92,-67.70403654148754,0.32295963458512456,Unstim,P3C4+Nigericin,NA,NA,NA,P3C4+Nigericin,Unstim,-0.02597705766223096,1.6565512929647268,Robust
P3C4 / Unstim,O94868_K513_M1_32,O94868,Trimethyl (K),-0.992522925548751,0.992522925548751,0.02682103951616592,0.49495858158668093,4,O94868,FCHSD2,F-BAR and double SH3 domains protein 2,FCSD2_HUMAN,6,98.96613880219893,1.989661388021989,Unstim,P3C4,NA,NA,NA,P3C4,Unstim,-0.14767813956638412,-0.8448447859823669,Robust
P3C4 / Unstim,Q86UE4_K303_M1_10,Q86UE4,Crotonyl,7.331839362363035,7.331839362363035,0.02682128821911824,0.49495858158668093,6,Q86UE4,MTDH,Protein LYRIC,LYRIC_HUMAN,52,-99.37927901426843,0.00620720985731559,Unstim,P3C4,NA,NA,NA,P3C4,Unstim,-0.12085474433237146,7.452694106695406,Robust
P3C4+Nigericin / Unstim,Q92973_R692_M1_13,Q92973,Dimethyl (KR),-2.9963619443257854,2.9963619443257854,0.02688255340778315,0.4952408770122169,6,Q92973,TNPO1,Transportin-1,TNPO1_HUMAN,39,697.9851750411915,7.979851750411915,Unstim,P3C4+Nigericin,NA,NA,NA,P3C4+Nigericin,Unstim,-1.6352777358030548,-1.3610842085227306,Robust
LPS+Nigericin / Unstim,O60911_K133_M1_22,O60911,Methyl (KR),-2.535912558484586,2.535912558484586,0.0268945083287795,0.4952887621436939,6,O60911,CTSV,Cathepsin L2,CATL2_HUMAN,6,479.9435817986642,5.799435817986642,Unstim,LPS+Nigericin,NA,NA,NA,LPS+Nigericin,Unstim,-1.3042674135283523,-1.2316451449562336,Robust
LPS+Nigericin / LPS,P05386_K92_M1_13,P05386,Dimethyl (KR),8.38805889077221,8.38805889077221,0.02690296517388949,0.4953065923885447,6,P05386,RPLP1,Large ribosomal subunit protein P1,RLA1_HUMAN,5,-99.70150114575183,0.00298498854248166,LPS,LPS+Nigericin,NA,NA,NA,LPS+Nigericin,LPS,-0.28529057636619387,8.673349467138404,Robust
P3C4+Nigericin / P3C4,O75427_R185_M1_13,O75427,Dimethyl (KR),-1.8864099140631003,1.8864099140631003,0.02694003471945643,0.49531679630420344,6,O75427,LRCH4,Leucine-rich repeat and calponin homology domain-containing protein 4,LRCH4_HUMAN,44,269.7140612000967,3.697140612000967,P3C4,P3C4+Nigericin,NA,NA,NA,P3C4+Nigericin,P3C4,-1.095342744144747,-0.7910671699183534,Robust
P3C4+Nigericin / P3C4,O75427_C179_M1_24,O75427,Nitrosyl,-1.8864099140631003,1.8864099140631003,0.02694003471945643,0.49531679630420344,6,O75427,LRCH4,Leucine-rich repeat and calponin homology domain-containing protein 4,LRCH4_HUMAN,44,269.7140612000967,3.697140612000967,P3C4,P3C4+Nigericin,NA,NA,NA,P3C4+Nigericin,P3C4,-1.095342744144747,-0.7910671699183534,Robust
P3C4+Nigericin / P3C4,Cont_P60712_K291_M1_32,Cont_P60712;P60709,Trimethyl (K),4.306988525541151,4.306988525541151,0.02709486166642075,0.4953974705251289,6,Cont_P60712;P60709,ACTB,"Actin, cytoplasmic 1;Actin, cytoplasmic 1",ACTB_BOVIN;ACTB_HUMAN,68,-94.9479543887368,0.05052045611263188,P3C4,P3C4+Nigericin,NA,NA,NA,P3C4+Nigericin,P3C4,-0.3365612868390403,4.643549812380191,Robust
P3C4+Nigericin / P3C4,P60709_K291_M1_32,Cont_P60712;P60709,Trimethyl (K),4.306988525541151,4.306988525541151,0.02709486166642075,0.4953974705251289,6,Cont_P60712;P60709,ACTB,"Actin, cytoplasmic 1;Actin, cytoplasmic 1",ACTB_BOVIN;ACTB_HUMAN,68,-94.9479543887368,0.05052045611263188,P3C4,P3C4+Nigericin,NA,NA,NA,P3C4+Nigericin,P3C4,-0.3365612868390403,4.643549812380191,Robust
P3C4+Nigericin / Unstim,O43504_C33_M2_24,O43504,Nitrosyl,-3.635128499284479,3.635128499284479,0.02713910489317101,0.4953974705251289,4,O43504,LAMTOR5,Ragulator complex protein LAMTOR5,LTOR5_HUMAN,7,1142.4608597162876,12.424608597162877,Unstim,P3C4+Nigericin,NA,NA,NA,P3C4+Nigericin,Unstim,-0.8671117216619297,-2.7680167776225493,Robust
P3C4+Nigericin / Unstim,P20618_R198_M1_22,P20618,Methyl (KR),-2.007641669467999,2.007641669467999,0.02705467882328121,0.4953974705251289,6,P20618,PSMB1,Proteasome subunit beta type-1,PSB1_HUMAN,16,302.124341800451,4.02124341800451,Unstim,P3C4+Nigericin,NA,NA,NA,P3C4+Nigericin,Unstim,-1.4193089073059324,-0.5883327621620664,Robust
P3C4 / Unstim,P61160_K106_M1_17,P61160,GlyGly (K),-2.469115608005046,2.469115608005046,0.02707783446483979,0.4953974705251289,6,P61160,ACTR2,Actin-related protein 2,ARP2_HUMAN,40,453.7042548267802,5.537042548267801,Unstim,P3C4,NA,NA,NA,P3C4,Unstim,-0.13952529882289852,-2.3295903091821475,Robust
LPS+Nigericin / LPS,Q53GL0_K337_M1_32,Q53GL0,Trimethyl (K),-2.4719527902371703,2.4719527902371703,0.02696726991776776,0.4953974705251289,6,Q53GL0,PLEKHO1,Pleckstrin homology domain-containing family O member 1,PKHO1_HUMAN,24,454.79423264962907,5.54794232649629,LPS,LPS+Nigericin,NA,NA,NA,LPS+Nigericin,LPS,-0.4612239355980761,-2.010728854639094,Robust
P3C4 / Unstim,Q58FG1_K52_M1_10,Q58FG1,Crotonyl,0.9320332185499952,0.9320332185499952,0.02717104708088918,0.4953974705251289,6,Q58FG1,HSP90AA4P,Putative heat shock protein HSP 90-alpha A4,HS904_HUMAN,7,-47.58808304047911,0.5241191695952089,Unstim,P3C4,NA,NA,NA,P3C4,Unstim,0.02766999317962318,0.9043632253703721,Robust
P3C4+Nigericin / P3C4,Q7Z417_S107_M2_28,Q7Z417,Phospho (STY),0.3548438029747901,0.3548438029747901,0.02701328193178115,0.4953974705251289,6,Q7Z417,NUFIP2,FMR1-interacting protein NUFIP2,NUFP2_HUMAN,43,-21.804570119556356,0.7819542988044365,P3C4,P3C4+Nigericin,NA,NA,NA,P3C4+Nigericin,P3C4,-1.795904381011623,2.1507481839864133,Robust
LPS+Nigericin / LPS,P12956_K445_M2_13,P12956,Dimethyl (KR),0.6629185150820217,0.6629185150820217,0.02721512654368969,0.495554666428712,5,P12956,XRCC6,X-ray repair cross-complementing protein 6,XRCC6_HUMAN,73,-36.840069669827336,0.6315993033017266,LPS,LPS+Nigericin,NA,NA,NA,LPS+Nigericin,LPS,-0.2779508953175982,0.9408694103996199,Robust
P3C4 / Unstim,Cont_P81948_T73_M1_19,Cont_P81948;P68366,HexNAc (ST),0.7575767254535042,0.7575767254535042,0.02725645245067808,0.49558839701786905,6,Cont_P81948;P68366,TUBA4A,Tubulin alpha-4A chain,TBA4A_BOVIN;TBA4A_HUMAN,12,-40.85109874494825,0.5914890125505174,Unstim,P3C4,NA,NA,NA,P3C4,Unstim,0.12890636814221712,0.6286703573112871,Robust
P3C4 / Unstim,P68366_T73_M1_19,Cont_P81948;P68366,HexNAc (ST),0.7575767254535042,0.7575767254535042,0.02725645245067808,0.49558839701786905,6,Cont_P81948;P68366,TUBA4A,Tubulin alpha-4A chain,TBA4A_BOVIN;TBA4A_HUMAN,12,-40.85109874494825,0.5914890125505174,Unstim,P3C4,NA,NA,NA,P3C4,Unstim,0.12890636814221712,0.6286703573112871,Robust
P3C4+Nigericin / P3C4,O43707_R674_M2_13,O43707,Dimethyl (KR),-1.8384812451145085,1.8384812451145085,0.02727004727433038,0.49558839701786905,6,O43707,ACTN4,Alpha-actinin-4,ACTN4_HUMAN,83,257.63334212287344,3.5763334212287345,P3C4,P3C4+Nigericin,NA,NA,NA,P3C4+Nigericin,P3C4,-1.184996752028172,-0.6534844930863366,Robust
P3C4+Nigericin / P3C4,O43707_K668_M1_18,O43707,Hex (K),-1.8384812451145085,1.8384812451145085,0.02727005288284518,0.49558839701786905,6,O43707,ACTN4,Alpha-actinin-4,ACTN4_HUMAN,83,257.63334212287344,3.5763334212287345,P3C4,P3C4+Nigericin,NA,NA,NA,P3C4+Nigericin,P3C4,-1.184996752028172,-0.6534844930863366,Robust
LPS+Nigericin / LPS,P23497_S18_M1_28,P23497,Phospho (STY),-1.396571486139368,1.396571486139368,0.02725475012583693,0.49558839701786905,6,P23497,SP100,Nuclear autoantigen Sp-100,SP100_HUMAN,28,163.27517396937256,2.6327517396937257,LPS,LPS+Nigericin,NA,NA,NA,LPS+Nigericin,LPS,-0.578863610061146,-0.8177078760782222,Robust
P3C4+Nigericin / Unstim,P40925_C137_M1_24,P40925,Nitrosyl,-1.9272748237319832,1.9272748237319832,0.02729158685299265,0.49558839701786905,6,P40925,MDH1,"Malate dehydrogenase, cytoplasmic",MDHC_HUMAN,34,280.3360850656476,3.803360850656476,Unstim,P3C4+Nigericin,NA,NA,NA,P3C4+Nigericin,Unstim,-1.1084876719498689,-0.8187871517821144,Robust
LPS+Nigericin / Unstim,P09651_R225_M1_13,P09651,Dimethyl (KR),1.6564395576311268,1.6564395576311268,0.02748065646753865,0.496099451330361,6,P09651,HNRNPA1,Heterogeneous nuclear ribonucleoprotein A1,ROA1_HUMAN,46,-68.27789435393021,0.317221056460698,Unstim,LPS+Nigericin,NA,NA,NA,LPS+Nigericin,Unstim,-1.12732391595569,2.783763473586817,Robust
LPS+Nigericin / Unstim,Q16778_K58_M1_23,Q16778,Myristoyl,2.4019791361018985,2.4019791361018985,0.02752174794091256,0.4962380049998898,6,Q16778,H2BC21,Histone H2B type 2-E,H2B2E_HUMAN,23,-81.07951646651547,0.1892048353348453,Unstim,LPS+Nigericin,NA,NA,NA,LPS+Nigericin,Unstim,0.4298478009547936,1.9721313351471048,Robust
P3C4+Nigericin / P3C4,P46109_K253_M1_0,P46109,Acetyl (K),-1.8383907563332456,1.8383907563332456,0.02754487229560667,0.4963565615434212,6,P46109,CRKL,Crk-like protein,CRKL_HUMAN,26,257.6109113322542,3.5761091133225422,P3C4,P3C4+Nigericin,NA,NA,NA,P3C4+Nigericin,P3C4,-1.1530462829396793,-0.6853444733935663,Robust
LPS+Nigericin / Unstim,Q15185_K65_M1_10,Q15185,Crotonyl,-2.485658941422741,2.485658941422741,0.02757198091898013,0.4963841823737054,6,Q15185,PTGES3,Prostaglandin E synthase 3,TEBP_HUMAN,14,460.0901052785199,5.600901052785199,Unstim,LPS+Nigericin,NA,NA,NA,LPS+Nigericin,Unstim,-0.9495812801261037,-1.5360776612966374,Robust
LPS+Nigericin / LPS,P07203_K88_M1_0,P07203,Acetyl (K),-7.71888606468496,7.71888606468496,0.0276026507494431,0.4964416686897905,6,P07203,GPX1,Glutathione peroxidase 1,GPX1_HUMAN,25,20967.656977506565,210.67656977506567,LPS,LPS+Nigericin,NA,NA,NA,LPS+Nigericin,LPS,-0.04015191544090155,-7.678734149244058,Robust
LPS+Nigericin / Unstim,Cont_P68103_C411_M2_23,Cont_P68103;P68104,Myristoyl,-1.332201825608288,1.332201825608288,0.02781554437032815,0.4964846739222149,6,Cont_P68103;P68104,EEF1A1,Elongation factor 1-alpha 1,EF1A1_BOVIN;EF1A1_HUMAN,61,151.7866558940804,2.517866558940804,Unstim,LPS+Nigericin,NA,NA,NA,LPS+Nigericin,Unstim,-0.4268423929717123,-0.9053594326365757,Robust
LPS+Nigericin / Unstim,P68104_C411_M2_23,Cont_P68103;P68104,Myristoyl,-1.332201825608288,1.332201825608288,0.02781554437032815,0.4964846739222149,6,Cont_P68103;P68104,EEF1A1,Elongation factor 1-alpha 1,EF1A1_BOVIN;EF1A1_HUMAN,61,151.7866558940804,2.517866558940804,Unstim,LPS+Nigericin,NA,NA,NA,LPS+Nigericin,Unstim,-0.4268423929717123,-0.9053594326365757,Robust
P3C4+Nigericin / Unstim,Q01518_K376_M1_32,Q01518,Trimethyl (K),-2.1965930243505705,2.1965930243505705,0.0279596583772311,0.4964846739222149,6,Q01518,CAP1,Adenylyl cyclase-associated protein 1,CAP1_HUMAN,89,358.39554540678745,4.583955454067874,Unstim,P3C4+Nigericin,NA,NA,NA,P3C4+Nigericin,Unstim,-1.4485805095523945,-0.748012514798176,Robust
LPS / Unstim,Q08945_K39_M1_0,Q08945,Acetyl (K),-1.3329088393881017,1.3329088393881017,0.02787609480445476,0.4964846739222149,6,Q08945,SSRP1,FACT complex subunit SSRP1,SSRP1_HUMAN,37,151.91007786282387,2.5191007786282387,Unstim,LPS,NA,NA,NA,LPS,Unstim,-0.6683619142887299,-0.6645469250993717,Robust
LPS+Nigericin / LPS,Q16778_Y38_M2_28,Q16778,Phospho (STY),3.3175079900737146,3.3175079900737146,0.02772712981062675,0.4964846739222149,4,Q16778,H2BC21,Histone H2B type 2-E,H2B2E_HUMAN,23,-89.96931518630082,0.10030684813699188,LPS,LPS+Nigericin,NA,NA,NA,LPS+Nigericin,LPS,0.7908918500365543,2.5266161400371603,Robust
LPS+Nigericin / Unstim,Q9BUF5_K122_M1_0,Q9BUF5,Acetyl (K),0.6502106047678072,0.6502106047678072,0.02794656401808172,0.4964846739222149,6,Q9BUF5,TUBB6,Tubulin beta-6 chain,TBB6_HUMAN,28,-36.28127097949819,0.6371872902050181,Unstim,LPS+Nigericin,NA,NA,NA,LPS+Nigericin,Unstim,-0.02904635906979156,0.6792569638375988,Robust
P3C4+Nigericin / P3C4,Q9H444_K17_M2_22,Q9H444,Methyl (KR),-1.0630738488884894,1.0630738488884894,0.02783813900588168,0.4964846739222149,4,Q9H444,CHMP4B,Charged multivesicular body protein 4b,CHM4B_HUMAN,20,108.93784744075263,2.0893784744075266,P3C4,P3C4+Nigericin,NA,NA,NA,P3C4+Nigericin,P3C4,-0.39289741813883017,-0.6701764307496593,Robust
LPS / Unstim,P06748_K54_M1_0,P06748,Acetyl (K),-10.273607830558095,10.273607830558095,0.02803949013350759,0.4965723561218016,5,P06748,NPM1,Nucleophosmin,NPM_HUMAN,40,123683.8883157511,1237.838883157511,Unstim,LPS,NA,NA,NA,LPS,Unstim,0.17684038501270916,-10.450448215570805,Robust
P3C4+Nigericin / Unstim,P16949_K13_M1_10,P16949,Crotonyl,-1.7633194399760137,1.7633194399760137,0.02807513142190005,0.4965723561218016,6,P16949,STMN1,Stathmin,STMN1_HUMAN,26,239.47831928367208,3.3947831928367207,Unstim,P3C4+Nigericin,NA,NA,NA,P3C4+Nigericin,Unstim,-1.088920596892831,-0.6743988430831827,Robust
P3C4+Nigericin / P3C4,P08133_T356_M1_28,P08133,Phospho (STY),2.3794676565332677,2.3794676565332677,0.02810944721583446,0.4966035426072992,6,P08133,ANXA6,Annexin A6,ANXA6_HUMAN,91,-80.78197023564974,0.1921802976435026,P3C4,P3C4+Nigericin,NA,NA,NA,P3C4+Nigericin,P3C4,0.686335853753669,1.6931318027795987,Robust
LPS+Nigericin / LPS,P00367_S166_M1_19,P00367,HexNAc (ST),1.201738050253799,1.201738050253799,0.02829023239927931,0.4968714718932083,6,P00367,GLUD1,"Glutamate dehydrogenase 1, mitochondrial",DHE3_HUMAN,53,-56.5248789461843,0.43475121053815696,LPS,LPS+Nigericin,NA,NA,NA,LPS+Nigericin,LPS,0.5578824074972007,0.6438556427565983,Robust
P3C4+Nigericin / P3C4,P16070_K715_M1_23,P16070,Myristoyl,1.3265009768171103,1.3265009768171103,0.02827723935675466,0.4968714718932083,6,P16070,CD44,CD44 antigen,CD44_HUMAN,27,-60.12658648334639,0.39873413516653616,P3C4,P3C4+Nigericin,NA,NA,NA,P3C4+Nigericin,P3C4,-0.7746114791872949,2.1011124560044054,Robust
P3C4+Nigericin / P3C4,Q5SSJ5_R42_M2_13,Q5SSJ5,Dimethyl (KR),-2.5189521510969377,2.5189521510969377,0.02830194815827074,0.4968714718932083,5,Q5SSJ5,HP1BP3,Heterochromatin protein 1-binding protein 3,HP1B3_HUMAN,44,473.16565003161014,5.7316565003161015,P3C4,P3C4+Nigericin,NA,NA,NA,P3C4+Nigericin,P3C4,-0.23705257049317985,-2.281899580603758,Robust
LPS+Nigericin / Unstim,Q99497_K89_M1_13,Q99497,Dimethyl (KR),-1.9214811805899057,1.9214811805899057,0.0282630847998711,0.4968714718932083,6,Q99497,PARK7,Parkinson disease protein 7,PARK7_HUMAN,37,278.8117761284445,3.788117761284445,Unstim,LPS+Nigericin,NA,NA,NA,LPS+Nigericin,Unstim,-0.6459770029964703,-1.2755041775934353,Robust
LPS+Nigericin / Unstim,P27824_K166_M1_13,P27824,Dimethyl (KR),2.099696736900996,2.099696736900996,0.02838499479355783,0.4969151885519581,6,P27824,CANX,Calnexin,CALX_HUMAN,69,-76.6692714687598,0.23330728531240197,Unstim,LPS+Nigericin,NA,NA,NA,LPS+Nigericin,Unstim,-0.01656698379835491,2.116263720699351,Robust
LPS / Unstim,P62899_T26_M1_19,P62899,HexNAc (ST),1.117863766670312,1.117863766670312,0.02837079622883775,0.4969151885519581,6,P62899,RPL31,Large ribosomal subunit protein eL31,RL31_HUMAN,14,-53.92243980307965,0.4607756019692036,Unstim,LPS,NA,NA,NA,LPS,Unstim,-0.390647925434685,1.508511692104997,Robust
LPS+Nigericin / Unstim,Cont_P68103_K408_M1_17,Cont_P68103;P68104,GlyGly (K),-1.36837738719936,1.36837738719936,0.02872475885749593,0.49710287865856045,6,Cont_P68103;P68104,EEF1A1,Elongation factor 1-alpha 1,EF1A1_BOVIN;EF1A1_HUMAN,61,158.18002524710047,2.581800252471005,Unstim,LPS+Nigericin,NA,NA,NA,LPS+Nigericin,Unstim,-0.4268423929717123,-0.9415349942276479,Robust
LPS+Nigericin / Unstim,P68104_K408_M1_17,Cont_P68103;P68104,GlyGly (K),-1.36837738719936,1.36837738719936,0.02872475885749593,0.49710287865856045,6,Cont_P68103;P68104,EEF1A1,Elongation factor 1-alpha 1,EF1A1_BOVIN;EF1A1_HUMAN,61,158.18002524710047,2.581800252471005,Unstim,LPS+Nigericin,NA,NA,NA,LPS+Nigericin,Unstim,-0.4268423929717123,-0.9415349942276479,Robust
P3C4+Nigericin / Unstim,Q6NUK1_S422_M1_31,Q6NUK1,Sulfo (STY),1.7287217338718737,1.7287217338718737,0.02872244945316882,0.49710287865856045,6,Q6NUK1,SLC25A24,Mitochondrial adenyl nucleotide antiporter SLC25A24,SCMC1_HUMAN,49,-69.82808302747543,0.3017191697252457,Unstim,P3C4+Nigericin,NA,NA,NA,P3C4+Nigericin,Unstim,0.02626672403836746,1.7024550098335063,Robust
LPS+Nigericin / LPS,Q16778_S39_M2_19,Q16778,HexNAc (ST),3.239183341041624,3.239183341041624,0.02877725823772349,0.4972097358164242,6,Q16778,H2BC21,Histone H2B type 2-E,H2B2E_HUMAN,23,-89.40969048985994,0.1059030951014006,LPS,LPS+Nigericin,NA,NA,NA,LPS+Nigericin,LPS,0.7908918500365543,2.4482914910050697,Robust
LPS+Nigericin / LPS,Q16778_S37_M2_19,Q16778,HexNAc (ST),3.239183341041624,3.239183341041624,0.02877725823772349,0.4972097358164242,6,Q16778,H2BC21,Histone H2B type 2-E,H2B2E_HUMAN,23,-89.40969048985994,0.1059030951014006,LPS,LPS+Nigericin,NA,NA,NA,LPS+Nigericin,LPS,0.7908918500365543,2.4482914910050697,Robust
LPS+Nigericin / Unstim,Q9H6Z4_R218_M1_13,Q9H6Z4,Dimethyl (KR),-1.960898802926654,1.960898802926654,0.0288037515602338,0.4972097358164242,6,Q9H6Z4,RANBP3,Ran-binding protein 3,RANB3_HUMAN,16,289.30444115337235,3.893044411533724,Unstim,LPS+Nigericin,NA,NA,NA,LPS+Nigericin,Unstim,-1.2717553464850202,-0.6891434564416339,Robust
P3C4+Nigericin / P3C4,Q15942_K231_M1_22,Q15942,Methyl (KR),-2.1799290859898575,2.1799290859898575,0.02882335481794212,0.49730245526599215,6,Q15942,ZYX,Zyxin,ZYX_HUMAN,42,353.13128042564205,4.53131280425642,P3C4,P3C4+Nigericin,NA,NA,NA,P3C4+Nigericin,P3C4,-1.372666386605404,-0.8072626993844534,Robust
LPS+Nigericin / LPS,P51858_K44_M1_22,P51858,Methyl (KR),-2.5605859021383295,2.5605859021383295,0.02883512891395981,0.4973384181792827,4,P51858,HDGF,Hepatoma-derived growth factor,HDGF_HUMAN,29,489.9472255252947,5.899472255252947,LPS,LPS+Nigericin,NA,NA,NA,LPS+Nigericin,LPS,-1.139770028088762,-1.4208158740495676,Robust
LPS+Nigericin / Unstim,Q9NV70_K212_M1_22,Q9NV70,Methyl (KR),0.6831495883702815,0.6831495883702815,0.02884748373851212,0.49742847824581393,6,Q9NV70,EXOC1,Exocyst complex component 1,EXOC1_HUMAN,16,-37.71958721035781,0.6228041278964219,Unstim,LPS+Nigericin,NA,NA,NA,LPS+Nigericin,Unstim,-0.7314224714408242,1.4145720598111056,Robust
LPS+Nigericin / Unstim,P07237_R300_M1_13,P07237,Dimethyl (KR),1.7798062220262214,1.7798062220262214,0.02891765964841764,0.4974616619850049,6,P07237,P4HB,Protein disulfide-isomerase,PDIA1_HUMAN,110,-70.87774899759853,0.2912225100240147,Unstim,LPS+Nigericin,NA,NA,NA,LPS+Nigericin,Unstim,0.0305311026691409,1.7492751193570806,Robust
P3C4 / Unstim,P14314_K301_M1_18,P14314,Hex (K),2.653559624178718,2.653559624178718,0.02891716583339769,0.4974616619850049,6,P14314,PRKCSH,Glucosidase 2 subunit beta,GLU2B_HUMAN,42,-84.10725343846559,0.1589274656153441,Unstim,P3C4,NA,NA,NA,P3C4,Unstim,0.08666173472327657,2.5668978894554413,Robust
P3C4+Nigericin / Unstim,Q9Y4W6_K719_M1_22,Q9Y4W6,Methyl (KR),-4.535669983476749,4.535669983476749,0.02905640320627117,0.4980423053506703,6,Q9Y4W6,AFG3L2,AFG3-like protein 2,AFG32_HUMAN,58,2219.3843127048017,23.193843127048016,Unstim,P3C4+Nigericin,NA,NA,NA,P3C4+Nigericin,Unstim,-0.19399980336292755,-4.341670180113821,Robust
P3C4+Nigericin / Unstim,Q9NRP2_S6_M2_19,Q9NRP2,HexNAc (ST),-2.635655503971829,2.635655503971829,0.02908692980825796,0.4981041086838752,4,Q9NRP2,CMC2,COX assembly mitochondrial protein 2 homolog,COXM2_HUMAN,7,521.4574017012225,6.214574017012224,Unstim,P3C4+Nigericin,NA,NA,NA,P3C4+Nigericin,Unstim,-1.9383771378219747,-0.6972783661498543,Robust
P3C4+Nigericin / Unstim,O00232_K36_M1_0,O00232,Acetyl (K),-1.7289192742098574,1.7289192742098574,0.02931718603414577,0.49847795953796026,6,O00232,PSMD12,26S proteasome non-ATPase regulatory subunit 12,PSD12_HUMAN,42,231.47941339413904,3.3147941339413904,Unstim,P3C4+Nigericin,NA,NA,NA,P3C4+Nigericin,Unstim,-0.9856646125803586,-0.7432546616294987,Robust
P3C4+Nigericin / P3C4,P00338_Y83_M1_28,P00338,Phospho (STY),-11.779936485540874,11.779936485540874,0.02930547840742486,0.49847795953796026,6,P00338,LDHA,L-lactate dehydrogenase A chain,LDHA_HUMAN,45,351552.9209505933,3516.529209505933,P3C4,P3C4+Nigericin,NA,NA,NA,P3C4+Nigericin,P3C4,-1.13793263371127,-10.642003851829605,Robust
P3C4+Nigericin / P3C4,P00338_K81_M2_23,P00338,Myristoyl,-11.614340217112174,11.614340217112174,0.0293073897446669,0.49847795953796026,5,P00338,LDHA,L-lactate dehydrogenase A chain,LDHA_HUMAN,45,313419.6641167557,3135.196641167557,P3C4,P3C4+Nigericin,NA,NA,NA,P3C4+Nigericin,P3C4,-1.13793263371127,-10.476407583400904,Robust
LPS / Unstim,P14625_T419_M1_31,P14625,Sulfo (STY),1.013855912186041,1.013855912186041,0.02945245250321257,0.4988129833491307,6,P14625,HSP90B1,Endoplasmin,ENPL_HUMAN,108,-50.47791067810847,0.4952208932189152,Unstim,LPS,NA,NA,NA,LPS,Unstim,-0.08255381304685645,1.0964097252328975,Robust
P3C4+Nigericin / Unstim,P41218_K355_M1_13,P41218,Dimethyl (KR),-1.7583123648270516,1.7583123648270516,0.02955275047039057,0.499065986439836,6,P41218,MNDA,Myeloid cell nuclear differentiation antigen,MNDA_HUMAN,44,238.30215444503412,3.383021544450341,Unstim,P3C4+Nigericin,NA,NA,NA,P3C4+Nigericin,Unstim,-1.076966834709191,-0.6813455301178606,Robust
P3C4+Nigericin / Unstim,P06702_K38_M1_18,P06702,Hex (K),-2.1976887006068635,2.1976887006068635,0.02963705538586615,0.4991888197952579,6,P06702,S100A9,Protein S100-A9,S10A9_HUMAN,21,358.74381296919796,4.5874381296919795,Unstim,P3C4+Nigericin,NA,NA,NA,P3C4+Nigericin,Unstim,0.4180191165403163,-2.6157078171471797,Robust
P3C4+Nigericin / Unstim,P06702_T31_M1_19,P06702,HexNAc (ST),-2.1976887006068635,2.1976887006068635,0.02963705538586615,0.4991888197952579,6,P06702,S100A9,Protein S100-A9,S10A9_HUMAN,21,358.74381296919796,4.5874381296919795,Unstim,P3C4+Nigericin,NA,NA,NA,P3C4+Nigericin,Unstim,0.4180191165403163,-2.6157078171471797,Robust
LPS / Unstim,P51153_K58_M2_18,P51153,Hex (K),-6.092433505871027,6.092433505871027,0.02966704271726044,0.49919989473365534,5,P51153,RAB13,Ras-related protein Rab-13,RAB13_HUMAN,18,6723.469141837532,68.23469141837532,Unstim,LPS,NA,NA,NA,LPS,Unstim,-0.5641047931083024,-5.5283287127627245,Robust
LPS+Nigericin / Unstim,P04080_S45_M2_31,P04080,Sulfo (STY),-1.6711330376733988,1.6711330376733988,0.02980258541014775,0.49933437682549,6,P04080,CSTB,Cystatin-B,CYTB_HUMAN,9,218.4646052717996,3.184646052717996,Unstim,LPS+Nigericin,NA,NA,NA,LPS+Nigericin,Unstim,-0.6569588827365404,-1.0141741549368586,Robust
LPS+Nigericin / Unstim,P04080_S42_M2_31,P04080,Sulfo (STY),-1.6711330376733988,1.6711330376733988,0.02980258541014775,0.49933437682549,6,P04080,CSTB,Cystatin-B,CYTB_HUMAN,9,218.4646052717996,3.184646052717996,Unstim,LPS+Nigericin,NA,NA,NA,LPS+Nigericin,Unstim,-0.6569588827365404,-1.0141741549368586,Robust
P3C4 / Unstim,Q6STE5_T229_M1_31,Q6STE5,Sulfo (STY),-0.853301675002975,0.853301675002975,0.029793578693234,0.49933437682549,6,Q6STE5,SMARCD3,SWI/SNF-related matrix-associated actin-dependent regulator of chromatin subfamily D member 3,SMRD3_HUMAN,8,80.66307566544675,1.8066307566544677,Unstim,P3C4,NA,NA,NA,P3C4,Unstim,-0.11163419149412725,-0.7416674835088478,Robust
LPS / Unstim,Q9ULZ3_K21_M1_32,Q9ULZ3,Trimethyl (K),1.650243483819172,1.650243483819172,0.0297239814345099,0.49933437682549,6,Q9ULZ3,PYCARD,Apoptosis-associated speck-like protein containing a CARD,ASC_HUMAN,26,-68.14136155708574,0.31858638442914256,Unstim,LPS,NA,NA,NA,LPS,Unstim,0.4034101058668701,1.246833377952302,Robust
P3C4 / Unstim,P68032_K293_M1_22,P68032,Methyl (KR),-1.159921152344023,1.159921152344023,0.0298139811921216,0.49934688076658673,6,P68032,ACTC1,"Actin, alpha cardiac muscle 1",ACTC_HUMAN,20,123.44521532257424,2.2344521532257424,Unstim,P3C4,NA,NA,NA,P3C4,Unstim,-0.01538620753392738,-1.1445349448100957,Robust
LPS+Nigericin / Unstim,P09769_K8_M2_10,P09769,Crotonyl,0.6403456920842908,0.6403456920842908,0.02986049002874607,0.4993536402011709,5,P09769,FGR,Tyrosine-protein kinase Fgr,FGR_HUMAN,25,-35.84407971628084,0.6415592028371916,Unstim,LPS+Nigericin,NA,NA,NA,LPS+Nigericin,Unstim,-0.4981795330792352,1.138525225163526,Robust
P3C4+Nigericin / Unstim,P46459_K304_M1_22,P46459,Methyl (KR),-2.1186576166941373,2.1186576166941373,0.02986028887648606,0.4993536402011709,5,P46459,NSF,Vesicle-fusing ATPase,NSF_HUMAN,75,334.2896637963384,4.342896637963384,Unstim,P3C4+Nigericin,NA,NA,NA,P3C4+Nigericin,Unstim,-1.161474030728186,-0.9571835859659514,Robust
LPS+Nigericin / Unstim,Cont_P68103_C411_M1_24,Cont_P68103;P68104,Nitrosyl,1.1037596820082476,1.1037596820082476,0.0300120009745279,0.4995380539130175,6,Cont_P68103;P68104,EEF1A1,Elongation factor 1-alpha 1,EF1A1_BOVIN;EF1A1_HUMAN,61,-53.46976695243286,0.4653023304756713,Unstim,LPS+Nigericin,NA,NA,NA,LPS+Nigericin,Unstim,-0.4268423929717123,1.5306020749799598,Robust
LPS+Nigericin / Unstim,P68104_C411_M1_24,Cont_P68103;P68104,Nitrosyl,1.1037596820082476,1.1037596820082476,0.0300120009745279,0.4995380539130175,6,Cont_P68103;P68104,EEF1A1,Elongation factor 1-alpha 1,EF1A1_BOVIN;EF1A1_HUMAN,61,-53.46976695243286,0.4653023304756713,Unstim,LPS+Nigericin,NA,NA,NA,LPS+Nigericin,Unstim,-0.4268423929717123,1.5306020749799598,Robust
P3C4 / Unstim,O95817_K460_M1_17,O95817,GlyGly (K),2.404020654713461,2.404020654713461,0.0299892066187271,0.4995380539130175,6,O95817,BAG3,BAG family molecular chaperone regulator 3,BAG3_HUMAN,36,-81.10627139489344,0.1889372860510657,Unstim,P3C4,NA,NA,NA,P3C4,Unstim,0.3715454320328336,2.032475222680627,Robust
LPS+Nigericin / LPS,P10147_C57_M1_24,P10147,Nitrosyl,1.7201821663012729,1.7201821663012729,0.02993512513504833,0.4995380539130175,6,P10147,CCL3,C-C motif chemokine 3,CCL3_HUMAN,9,-69.6489604989065,0.30351039501093496,LPS,LPS+Nigericin,NA,NA,NA,LPS+Nigericin,LPS,0.6252824590061471,1.0948997072951259,Robust
P3C4+Nigericin / Unstim,P06280_S424_M2_31,P06280,Sulfo (STY),-2.050896009817508,2.050896009817508,0.02995642801562572,0.4995380539130175,5,P06280,GLA,Alpha-galactosidase A,AGAL_HUMAN,11,314.36323683751016,4.143632368375101,Unstim,P3C4+Nigericin,NA,NA,NA,P3C4+Nigericin,Unstim,-1.2737332636427454,-0.7771627461747626,Robust
P3C4+Nigericin / Unstim,P09382_K128_M1_23,P09382,Myristoyl,-2.044644040151707,2.044644040151707,0.03002732838438679,0.4995664002928714,6,P09382,LGALS1,Galectin-1,LEG1_HUMAN,23,312.5714643457212,4.125714643457212,Unstim,P3C4+Nigericin,NA,NA,NA,P3C4+Nigericin,Unstim,-1.431972389012387,-0.6126716511393202,Robust
P3C4+Nigericin / P3C4,P30101_T319_M1_31,P30101,Sulfo (STY),-4.480100869809889,4.480100869809889,0.03013044512394499,0.4998742395781868,5,P30101,PDIA3,Protein disulfide-isomerase A3,PDIA3_HUMAN,92,2131.7458990772275,22.317458990772277,P3C4,P3C4+Nigericin,NA,NA,NA,P3C4+Nigericin,P3C4,-0.1628687689282946,-4.317232100881594,Robust
P3C4+Nigericin / Unstim,Q99460_K869_M1_32,Q99460,Trimethyl (K),-1.7988609946865881,1.7988609946865881,0.03022342681286238,0.5001147732070264,6,Q99460,PSMD1,26S proteasome non-ATPase regulatory subunit 1,PSMD1_HUMAN,53,247.94541453060376,3.4794541453060375,Unstim,P3C4+Nigericin,NA,NA,NA,P3C4+Nigericin,Unstim,-0.8594840737935979,-0.9393769208929902,Robust
P3C4+Nigericin / P3C4,Q9Y490_K957_M1_10,Q9Y490,Crotonyl,-2.246650478609056,2.246650478609056,0.03028937501259231,0.500499075027011,6,Q9Y490,TLN1,Talin-1,TLN1_HUMAN,243,374.57972881367493,4.74579728813675,P3C4,P3C4+Nigericin,NA,NA,NA,P3C4+Nigericin,P3C4,-0.9067262750424474,-1.3399242035666088,Robust
LPS+Nigericin / LPS,P24752_C126_M2_24,P24752,Nitrosyl,-7.705201749950485,7.705201749950485,0.03031564713163098,0.5005848633032928,6,P24752,ACAT1,"Acetyl-CoA acetyltransferase, mitochondrial",THIL_HUMAN,47,20768.76984451831,208.6876984451831,LPS,LPS+Nigericin,NA,NA,NA,LPS+Nigericin,LPS,0.5455600957372823,-8.250761845687768,Robust
P3C4 / Unstim,Q9BTZ2_T38_M2_31,Q9BTZ2,Sulfo (STY),5.487899259021175,5.487899259021175,0.03031682379400702,0.5005848633032928,4,Q9BTZ2,DHRS4,Dehydrogenase/reductase SDR family member 4,DHRS4_HUMAN,19,-97.77167922214258,0.02228320777857416,Unstim,P3C4,NA,NA,NA,P3C4,Unstim,-0.3963453590275578,5.884244618048733,Robust
LPS+Nigericin / LPS,P24752_C119_M2_24,P24752,Nitrosyl,-7.652189618319956,7.652189618319956,0.03032596939652523,0.5005878307363992,5,P24752,ACAT1,"Acetyl-CoA acetyltransferase, mitochondrial",THIL_HUMAN,47,20015.86014892049,201.1586014892049,LPS,LPS+Nigericin,NA,NA,NA,LPS+Nigericin,LPS,0.5455600957372823,-8.197749714057238,Robust
LPS / Unstim,Q01518_C93_M1_24,Q01518,Nitrosyl,0.8680130410337061,0.8680130410337061,0.03033936964184833,0.5005926156150919,6,Q01518,CAP1,Adenylyl cyclase-associated protein 1,CAP1_HUMAN,89,-45.20990694699631,0.5479009305300369,Unstim,LPS,NA,NA,NA,LPS,Unstim,-0.4746733414109217,1.3426863824446278,Robust
LPS+Nigericin / Unstim,P40925_C137_M1_24,P40925,Nitrosyl,-1.8788238342462464,1.8788238342462464,0.03035984236369593,0.5006487943100416,6,P40925,MDH1,"Malate dehydrogenase, cytoplasmic",MDHC_HUMAN,34,267.775107143328,3.67775107143328,Unstim,LPS+Nigericin,NA,NA,NA,LPS+Nigericin,Unstim,-0.7471826364502202,-1.1316411977960263,Robust
P3C4+Nigericin / Unstim,Cont_P68103_K5_M1_18,Cont_P68103;P68104,Hex (K),9.434158012337504,9.434158012337504,0.03037277253151258,0.5006636073417906,6,Cont_P68103;P68104,EEF1A1,Elongation factor 1-alpha 1,EF1A1_BOVIN;EF1A1_HUMAN,61,-99.85544422232236,0.00144555777677651,Unstim,P3C4+Nigericin,NA,NA,NA,P3C4+Nigericin,Unstim,-0.7758687246921782,10.210026737029681,Robust
P3C4+Nigericin / Unstim,P68104_K5_M1_18,Cont_P68103;P68104,Hex (K),9.434158012337504,9.434158012337504,0.03037277253151258,0.5006636073417906,6,Cont_P68103;P68104,EEF1A1,Elongation factor 1-alpha 1,EF1A1_BOVIN;EF1A1_HUMAN,61,-99.85544422232236,0.00144555777677651,Unstim,P3C4+Nigericin,NA,NA,NA,P3C4+Nigericin,Unstim,-0.7758687246921782,10.210026737029681,Robust
LPS+Nigericin / Unstim,P55209_T39_M1_31,P55209,Sulfo (STY),-1.5975691479686422,1.5975691479686422,0.03039932152069191,0.5007589335433575,6,P55209,NAP1L1,Nucleosome assembly protein 1-like 1,NP1L1_HUMAN,18,202.63296561665777,3.0263296561665776,Unstim,LPS+Nigericin,NA,NA,NA,LPS+Nigericin,Unstim,-0.46232288773190666,-1.1352462602367357,Robust
P3C4+Nigericin / Unstim,P62917_T111_M1_19,P62917,HexNAc (ST),-2.7825350158647013,2.7825350158647013,0.03046924954399681,0.5008866455544391,6,P62917,RPL8,Large ribosomal subunit protein uL2,RL8_HUMAN,29,588.0603052309647,6.880603052309646,Unstim,P3C4+Nigericin,NA,NA,NA,P3C4+Nigericin,Unstim,-0.71989047888518,-2.0626445369795214,Robust
P3C4+Nigericin / P3C4,O75351_S134_M1_31,O75351,Sulfo (STY),-2.425131218751796,2.425131218751796,0.03050972414171749,0.5009818436694163,6,O75351,VPS4B,Vacuolar protein sorting-associated protein 4B,VPS4B_HUMAN,35,437.07784821976617,5.370778482197662,P3C4,P3C4+Nigericin,NA,NA,NA,P3C4+Nigericin,P3C4,-0.7680696391933527,-1.6570615795584436,Robust
LPS+Nigericin / LPS,P82675_R374_M1_13,P82675,Dimethyl (KR),-0.8294776583030403,0.8294776583030403,0.03051900801893654,0.5009873336722932,5,P82675,MRPS5,Small ribosomal subunit protein uS5m,RT05_HUMAN,11,77.70418506512704,1.7770418506512704,LPS,LPS+Nigericin,NA,NA,NA,LPS+Nigericin,LPS,0.9754127817362618,-1.8048904400393022,Robust
LPS+Nigericin / Unstim,P07910_K89_M1_10,P07910,Crotonyl,0.3900815918318094,0.3900815918318094,0.03055666049343369,0.5010766321428055,6,P07910,HNRNPC,Heterogeneous nuclear ribonucleoproteins C1/C2,HNRPC_HUMAN,17,-23.691355320717268,0.7630864467928273,Unstim,LPS+Nigericin,NA,NA,NA,LPS+Nigericin,Unstim,-0.3918954848435147,0.7819770766753241,Robust
P3C4+Nigericin / Unstim,Cont_P60712_T106_M1_19,Cont_P60712;P60709,HexNAc (ST),-1.9583635260401404,1.9583635260401404,0.0307496542611719,0.5012952053544989,6,Cont_P60712;P60709,ACTB,"Actin, cytoplasmic 1;Actin, cytoplasmic 1",ACTB_BOVIN;ACTB_HUMAN,68,288.6209094306883,3.886209094306883,Unstim,P3C4+Nigericin,NA,NA,NA,P3C4+Nigericin,Unstim,-0.3924670563300755,-1.565896469710065,Robust
P3C4+Nigericin / Unstim,P60709_T106_M1_19,Cont_P60712;P60709,HexNAc (ST),-1.9583635260401404,1.9583635260401404,0.0307496542611719,0.5012952053544989,6,Cont_P60712;P60709,ACTB,"Actin, cytoplasmic 1;Actin, cytoplasmic 1",ACTB_BOVIN;ACTB_HUMAN,68,288.6209094306883,3.886209094306883,Unstim,P3C4+Nigericin,NA,NA,NA,P3C4+Nigericin,Unstim,-0.3924670563300755,-1.565896469710065,Robust
P3C4+Nigericin / Unstim,P09525_T104_M1_31,P09525,Sulfo (STY),6.4165465097631325,6.4165465097631325,0.03079654774309934,0.5012952053544989,6,P09525,ANXA4,Annexin A4,ANXA4_HUMAN,43,-98.82935010101228,0.01170649898987723,Unstim,P3C4+Nigericin,NA,NA,NA,P3C4+Nigericin,Unstim,0.4828314913732114,5.933715018389921,Robust
P3C4+Nigericin / P3C4,Q9P0L0_K10_M1_32,Q9P0L0,Trimethyl (K),-2.8201739674233584,2.8201739674233584,0.03079863677950271,0.5012952053544989,6,Q9P0L0,VAPA,Vesicle-associated membrane protein-associated protein A,VAPA_HUMAN,34,606.2475547799276,7.062475547799275,P3C4,P3C4+Nigericin,NA,NA,NA,P3C4+Nigericin,P3C4,-0.964076577145652,-1.8560973902777063,Robust
P3C4+Nigericin / P3C4,P61604_K40_M2_22,P61604,Methyl (KR),-6.2511042026682775,6.2511042026682775,0.03074640637908384,0.5012952053544989,4,P61604,HSPE1,"10 kDa heat shock protein, mitochondrial",CH10_HUMAN,25,7516.752977697444,76.16752977697445,P3C4,P3C4+Nigericin,NA,NA,NA,P3C4+Nigericin,P3C4,-0.5321231846388149,-5.718981018029463,Robust
P3C4+Nigericin / Unstim,Q13185_K159_M1_32,Q13185,Trimethyl (K),-2.0181912059950733,2.0181912059950733,0.03082178726558,0.5013483868819488,6,Q13185,CBX3,Chromobox protein homolog 3,CBX3_HUMAN,19,305.07560563107774,4.050756056310777,Unstim,P3C4+Nigericin,NA,NA,NA,P3C4+Nigericin,Unstim,-1.2058769067490072,-0.8123142992460661,Robust
LPS+Nigericin / Unstim,O94905_K241_M2_10,O94905,Crotonyl,-0.7216571482731335,0.7216571482731335,0.03096887444445335,0.5015427527254317,4,O94905,ERLIN2,Erlin-2,ERLN2_HUMAN,36,64.9075153368766,1.649075153368766,Unstim,LPS+Nigericin,NA,NA,NA,LPS+Nigericin,Unstim,0.00856589748410312,-0.7302230457572366,Robust
LPS+Nigericin / LPS,P51991_C94_M2_24,P51991,Nitrosyl,1.943959150448426,1.943959150448426,0.0309788570080756,0.5015427527254317,6,P51991,HNRNPA3,Heterogeneous nuclear ribonucleoprotein A3,ROA3_HUMAN,42,-74.0097782243654,0.25990221775634587,LPS,LPS+Nigericin,NA,NA,NA,LPS+Nigericin,LPS,-0.41756960144098493,2.361528751889411,Robust
LPS+Nigericin / Unstim,Q8N129_K42_M2_17,Q8N129,GlyGly (K),-0.7216572543732839,0.7216572543732839,0.03096885322879696,0.5015427527254317,4,Q8N129,CNPY4,Protein canopy homolog 4,CNPY4_HUMAN,13,64.90752746467375,1.6490752746467374,Unstim,LPS+Nigericin,NA,NA,NA,LPS+Nigericin,Unstim,7.4469679418291e-4,-0.7224019511674667,Robust
P3C4 / Unstim,O14579_C148_M1_24,O14579,Nitrosyl,4.520542058069671,4.520542058069671,0.03099681886251942,0.5016121946206518,6,O14579,COPE,Coatomer subunit epsilon,COPE_HUMAN,15,-95.64306336470108,0.04356936635298928,Unstim,P3C4,NA,NA,NA,P3C4,Unstim,-0.10413207175834369,4.624674129828015,Robust
P3C4+Nigericin / P3C4,Q92734_R385_M1_13,Q92734,Dimethyl (KR),-1.141532497510512,1.141532497510512,0.0310104638960686,0.5016121946206518,6,Q92734,TFG,Protein TFG,TFG_HUMAN,15,120.61524648749162,2.206152464874916,P3C4,P3C4+Nigericin,NA,NA,NA,P3C4+Nigericin,P3C4,-0.5472828506492622,-0.5942496468612497,Robust
P3C4 / Unstim,P16949_S25_M1_28,P16949,Phospho (STY),0.9063226890822216,0.9063226890822216,0.0310525987703749,0.5016872302116134,6,P16949,STMN1,Stathmin,STMN1_HUMAN,26,-46.64566825093219,0.5335433174906781,Unstim,P3C4,NA,NA,NA,P3C4,Unstim,0.17489788863572314,0.7314248004464985,Robust
P3C4+Nigericin / Unstim,P16150_S355_M1_28,P16150,Phospho (STY),-1.7750174163117036,1.7750174163117036,0.03116608947505116,0.5020624126888616,6,P16150,SPN,Leukosialin,LEUK_HUMAN,18,242.24214181828975,3.4224214181828976,Unstim,P3C4+Nigericin,NA,NA,NA,P3C4+Nigericin,Unstim,-0.7990454609670814,-0.9759719553446222,Robust
LPS+Nigericin / Unstim,P31943_C22_M1_24,P31943,Nitrosyl,-1.6781855793771938,1.6781855793771938,0.03119669586081635,0.5020941605112088,6,P31943,HNRNPH1,Heterogeneous nuclear ribonucleoprotein H,HNRH1_HUMAN,44,220.02521475207328,3.200252147520733,Unstim,LPS+Nigericin,NA,NA,NA,LPS+Nigericin,Unstim,-0.8225167842501013,-0.8556687951270925,Robust
LPS+Nigericin / LPS,P37235_K163_M1_18,P37235,Hex (K),1.1531009226676423,1.1531009226676423,0.03121662521612963,0.5021014187375783,6,P37235,HPCAL1,Hippocalcin-like protein 1,HPCL1_HUMAN,18,-55.03423004991318,0.4496576995008682,LPS,LPS+Nigericin,NA,NA,NA,LPS+Nigericin,LPS,0.01069252174208439,1.142408400925558,Robust
LPS+Nigericin / Unstim,Q15154_S65_M1_28,Q15154,Phospho (STY),-1.816127597264216,1.816127597264216,0.03132501708805064,0.5024542745574755,6,Q15154,PCM1,Pericentriolar material 1 protein,PCM1_HUMAN,105,252.13474814242025,3.5213474814242023,Unstim,LPS+Nigericin,NA,NA,NA,LPS+Nigericin,Unstim,-0.7631010129304489,-1.0530265843337672,Robust
P3C4 / Unstim,P09972_C290_M1_24,P09972,Nitrosyl,1.3817211705146202,1.3817211705146202,0.03149951717861107,0.5027152480069217,6,P09972,ALDOC,Fructose-bisphosphate aldolase C,ALDOC_HUMAN,44,-61.623931378810205,0.3837606862118979,Unstim,P3C4,NA,NA,NA,P3C4,Unstim,0.10046778064959884,1.2812533898650214,Robust
LPS+Nigericin / Unstim,P68363_C213_M1_23,P68363,Myristoyl,0.6509480448590877,0.6509480448590877,0.03148761089578601,0.5027152480069217,6,P68363,TUBA1B,Tubulin alpha-1B chain,TBA1B_HUMAN,44,-36.313832773089274,0.6368616722691073,Unstim,LPS+Nigericin,NA,NA,NA,LPS+Nigericin,Unstim,-0.19724887812023517,0.8481969229793229,Robust
P3C4+Nigericin / Unstim,Q1KMD3_C308_M1_24,Q1KMD3,Nitrosyl,-1.9105350439748217,1.9105350439748217,0.0314676431966302,0.5027152480069217,6,Q1KMD3,HNRNPUL2,Heterogeneous nuclear ribonucleoprotein U-like protein 2,HNRL2_HUMAN,50,275.9484996828524,3.759484996828524,Unstim,P3C4+Nigericin,NA,NA,NA,P3C4+Nigericin,Unstim,-0.8734002751162234,-1.0371347688585981,Robust
P3C4+Nigericin / Unstim,Q1KMD3_K305_M1_0,Q1KMD3,Acetyl (K),-1.9105350439748217,1.9105350439748217,0.0314676431966302,0.5027152480069217,6,Q1KMD3,HNRNPUL2,Heterogeneous nuclear ribonucleoprotein U-like protein 2,HNRL2_HUMAN,50,275.9484996828524,3.759484996828524,Unstim,P3C4+Nigericin,NA,NA,NA,P3C4+Nigericin,Unstim,-0.8734002751162234,-1.0371347688585981,Robust
P3C4+Nigericin / Unstim,Q58FG1_K52_M1_10,Q58FG1,Crotonyl,-2.6350590187599665,2.6350590187599665,0.0314641811312177,0.5027152480069217,6,Q58FG1,HSP90AA4P,Putative heat shock protein HSP 90-alpha A4,HS904_HUMAN,7,521.2005119783956,6.2120051197839565,Unstim,P3C4+Nigericin,NA,NA,NA,P3C4+Nigericin,Unstim,-0.7759483926106594,-1.8591106261493071,Robust
P3C4+Nigericin / Unstim,Q09666_K171_M1_23,Q09666,Myristoyl,-2.3697163022030003,2.3697163022030003,0.03164789334001709,0.5029015495578922,6,Q09666,AHNAK,Neuroblast differentiation-associated protein AHNAK,AHNK_HUMAN,760,416.8394887075073,5.168394887075073,Unstim,P3C4+Nigericin,NA,NA,NA,P3C4+Nigericin,Unstim,-1.0379204968861848,-1.3317958053168155,Robust
P3C4+Nigericin / Unstim,P07477_T103_M1_28,P07477,Phospho (STY),-3.0487188517825365,3.0487188517825365,0.03172637870450908,0.5030648313849159,6,P07477,PRSS1,Serine protease 1,TRY1_HUMAN,5,727.4767932285025,8.274767932285025,Unstim,P3C4+Nigericin,NA,NA,NA,P3C4+Nigericin,Unstim,-0.07157794995206797,-2.9771409018304684,Robust
P3C4 / Unstim,P06748_K80_M1_10,P06748,Crotonyl,3.609378970106419,3.609378970106419,0.03176641225235615,0.5030700278982898,4,P06748,NPM1,Nucleophosmin,NPM_HUMAN,40,-91.80651497539108,0.08193485024608925,Unstim,P3C4,NA,NA,NA,P3C4,Unstim,0.2562215506553333,3.353157419451086,Robust
P3C4+Nigericin / Unstim,P09382_K37_M1_13,P09382,Dimethyl (KR),-2.0819006014945542,2.0819006014945542,0.03172968975794132,0.5030700278982898,6,P09382,LGALS1,Galectin-1,LEG1_HUMAN,23,323.364588059103,4.23364588059103,Unstim,P3C4+Nigericin,NA,NA,NA,P3C4+Nigericin,Unstim,-1.431972389012387,-0.6499282124821673,Robust
LPS+Nigericin / Unstim,Q12965_K1107_M1_22,Q12965,Methyl (KR),-2.2780383679816953,2.2780383679816953,0.03176418467377588,0.5030700278982898,5,Q12965,MYO1E,Unconventional myosin-Ie,MYO1E_HUMAN,75,385.01802634187294,4.850180263418729,Unstim,LPS+Nigericin,NA,NA,NA,LPS+Nigericin,Unstim,-0.10231114154395958,-2.175727226437736,Robust
P3C4 / Unstim,P04075_K153_M1_22,P04075,Methyl (KR),2.0846516110192383,2.0846516110192383,0.03178553336551101,0.5031221728152568,6,P04075,ALDOA,Fructose-bisphosphate aldolase A,ALDOA_HUMAN,60,-76.42469421044409,0.2357530578955591,Unstim,P3C4,NA,NA,NA,P3C4,Unstim,0.10668539651579816,1.9779662145034402,Robust
P3C4+Nigericin / P3C4,Q13867_K244_M1_10,Q13867,Crotonyl,-2.463085987494011,2.463085987494011,0.03189090553956556,0.5034355949164854,6,Q13867,BLMH,Bleomycin hydrolase,BLMH_HUMAN,21,451.3949244451267,5.513949244451267,P3C4,P3C4+Nigericin,NA,NA,NA,P3C4+Nigericin,P3C4,-1.1224246039316317,-1.3406613835623793,Robust
P3C4+Nigericin / Unstim,O43823_K686_M1_32,O43823,Trimethyl (K),-2.7353108831693453,2.7353108831693453,0.03212238624851298,0.5034928434549071,6,O43823,AKAP8,A-kinase anchor protein 8,AKAP8_HUMAN,37,565.902466162074,6.65902466162074,Unstim,P3C4+Nigericin,NA,NA,NA,P3C4+Nigericin,Unstim,-1.010552294691339,-1.7247585884780063,Robust
LPS / Unstim,P06748_Y67_M1_31,P06748,Sulfo (STY),0.8980945117149469,0.8980945117149469,0.0320023170725402,0.5034928434549071,6,P06748,NPM1,Nucleophosmin,NPM_HUMAN,40,-46.34050105762111,0.5365949894237889,Unstim,LPS,NA,NA,NA,LPS,Unstim,0.17684038501270916,0.7212541267022378,Robust
P3C4+Nigericin / P3C4,P07900_K443_M1_17,P07900,GlyGly (K),-1.7300860649599228,1.7300860649599228,0.03214002478025749,0.5034928434549071,6,P07900,HSP90AA1,Heat shock protein HSP 90-alpha,HS90A_HUMAN,61,231.7476083660737,3.317476083660737,P3C4,P3C4+Nigericin,NA,NA,NA,P3C4+Nigericin,P3C4,-0.9144406568510112,-0.8156454081089116,Robust
P3C4+Nigericin / Unstim,P11177_S70_M1_19,P11177,HexNAc (ST),-1.0264348403810288,1.0264348403810288,0.03217997325424249,0.5034928434549071,6,P11177,PDHB,"Pyruvate dehydrogenase E1 component subunit beta, mitochondrial",ODPB_HUMAN,25,103.69842711491796,2.0369842711491795,Unstim,P3C4+Nigericin,NA,NA,NA,P3C4+Nigericin,Unstim,-0.38254175281576086,-0.643893087565268,Robust
P3C4+Nigericin / Unstim,P11177_K68_M1_18,P11177,Hex (K),-1.0264348403810288,1.0264348403810288,0.03217997325424249,0.5034928434549071,6,P11177,PDHB,"Pyruvate dehydrogenase E1 component subunit beta, mitochondrial",ODPB_HUMAN,25,103.69842711491796,2.0369842711491795,Unstim,P3C4+Nigericin,NA,NA,NA,P3C4+Nigericin,Unstim,-0.38254175281576086,-0.643893087565268,Robust
LPS+Nigericin / Unstim,P21980_C230_M1_24,P21980,Nitrosyl,-4.588099474993596,4.588099474993596,0.03190624080750107,0.5034928434549071,6,P21980,TGM2,Protein-glutamine gamma-glutamyltransferase 2,TGM2_HUMAN,32,2305.2242013477107,24.05224201347711,Unstim,LPS+Nigericin,NA,NA,NA,LPS+Nigericin,Unstim,0.05590068307548383,-4.64400015806908,Robust
P3C4+Nigericin / P3C4,Q6P1Q0_R211_M1_22,Q6P1Q0,Methyl (KR),-1.3739702062400865,1.3739702062400865,0.0320280904591097,0.5034928434549071,6,Q6P1Q0,LETMD1,LETM1 domain-containing protein 1,LTMD1_HUMAN,6,159.1828405271571,2.591828405271571,P3C4,P3C4+Nigericin,NA,NA,NA,P3C4+Nigericin,P3C4,-0.3917883157001286,-0.9821818905399579,Robust
P3C4+Nigericin / Unstim,Q9P0L0_T35_M1_19,Q9P0L0,HexNAc (ST),-2.359184168248245,2.359184168248245,0.03216833047089074,0.5034928434549071,6,Q9P0L0,VAPA,Vesicle-associated membrane protein-associated protein A,VAPA_HUMAN,34,413.0801345292715,5.130801345292715,Unstim,P3C4+Nigericin,NA,NA,NA,P3C4+Nigericin,Unstim,-1.306405397705766,-1.0527787705424791,Robust
LPS+Nigericin / Unstim,Q15942_T220_M2_19,Q15942,HexNAc (ST),-2.7210293352914374,2.7210293352914374,0.03193031306806927,0.5034928434549071,4,Q15942,ZYX,Zyxin,ZYX_HUMAN,42,559.3430746937861,6.593430746937861,Unstim,LPS+Nigericin,NA,NA,NA,LPS+Nigericin,Unstim,-0.8278269638203911,-1.8932023714710464,Robust
LPS+Nigericin / Unstim,Q15942_S218_M2_19,Q15942,HexNAc (ST),-2.7210293352914374,2.7210293352914374,0.03193031306806927,0.5034928434549071,4,Q15942,ZYX,Zyxin,ZYX_HUMAN,42,559.3430746937861,6.593430746937861,Unstim,LPS+Nigericin,NA,NA,NA,LPS+Nigericin,Unstim,-0.8278269638203911,-1.8932023714710464,Robust
LPS / Unstim,P26440_K180_M1_32,P26440,Trimethyl (K),-1.3768277092523682,1.3768277092523682,0.03221265348121711,0.5036255535662306,6,P26440,IVD,"Isovaleryl-CoA dehydrogenase, mitochondrial",IVD_HUMAN,17,159.69670497443587,2.5969670497443587,Unstim,LPS,NA,NA,NA,LPS,Unstim,-0.44342616043262334,-0.9334015488197449,Robust
P3C4+Nigericin / P3C4,O43390_T270_M1_19,O43390,HexNAc (ST),-3.9616281935544215,3.9616281935544215,0.03229256608474289,0.5039263056961747,4,O43390,HNRNPR,Heterogeneous nuclear ribonucleoprotein R,HNRPR_HUMAN,42,1458.0052541246037,15.580052541246037,P3C4,P3C4+Nigericin,NA,NA,NA,P3C4+Nigericin,P3C4,-0.5173763699103218,-3.4442518236441,Robust
LPS+Nigericin / LPS,O94906_R247_M2_22,O94906,Methyl (KR),-5.773831030079994,5.773831030079994,0.03229273856600518,0.5039263056961747,5,O94906,PRPF6,Pre-mRNA-processing factor 6,PRP6_HUMAN,61,5371.373088163969,54.71373088163969,LPS,LPS+Nigericin,NA,NA,NA,LPS+Nigericin,LPS,0.3931557271888739,-6.166986757268868,Robust
LPS+Nigericin / LPS,P54652_T126_M1_19,P54652,HexNAc (ST),0.9356505489333774,0.9356505489333774,0.03235239924675891,0.5040302524518132,4,P54652,HSPA2,Heat shock-related 70 kDa protein 2,HSP72_HUMAN,38,-47.7193330467401,0.522806669532599,LPS,LPS+Nigericin,NA,NA,NA,LPS+Nigericin,LPS,-0.23827713077537552,1.173927679708753,Robust
P3C4+Nigericin / Unstim,P08133_T356_M1_28,P08133,Phospho (STY),9.377085297860743,9.377085297860743,0.03240888416054675,0.5041932803465494,6,P08133,ANXA6,Annexin A6,ANXA6_HUMAN,91,-99.84961100626448,0.00150388993735517,Unstim,P3C4+Nigericin,NA,NA,NA,P3C4+Nigericin,Unstim,0.974063158531456,8.403022139329288,Robust
LPS+Nigericin / LPS,Q9H936_K4_M1_0,Q9H936,Acetyl (K),1.5810309199316122,1.5810309199316122,0.03242182674409363,0.5041932803465494,6,Q9H936,SLC25A22,Mitochondrial glutamate carrier 1,GHC1_HUMAN,21,-66.57570397418034,0.33424296025819655,LPS,LPS+Nigericin,NA,NA,NA,LPS+Nigericin,LPS,0.6585709512899446,0.9224599686416676,Robust
P3C4 / Unstim,P39023_K224_M1_32,P39023,Trimethyl (K),1.7621159027389022,1.7621159027389022,0.03257421366807269,0.5044360851851502,6,P39023,RPL3,Large ribosomal subunit protein uL3,RL3_HUMAN,50,-70.5184537669511,0.2948154623304891,Unstim,P3C4,NA,NA,NA,P3C4,Unstim,-0.08714705092400181,1.849262953662904,Robust
P3C4+Nigericin / P3C4,P22626_S71_M1_31,P22626,Sulfo (STY),-5.0945988295719085,5.0945988295719085,0.03259486943642196,0.5044782408243433,6,P22626,HNRNPA2B1,Heterogeneous nuclear ribonucleoproteins A2/B1,ROA2_HUMAN,51,3316.859047128255,34.16859047128255,P3C4,P3C4+Nigericin,NA,NA,NA,P3C4+Nigericin,P3C4,-1.2600927972505862,-3.8345060323213223,Robust
LPS+Nigericin / Unstim,O75439_R424_M1_13,O75439,Dimethyl (KR),-2.2079409654396924,2.2079409654396924,0.03265699314069268,0.504688968457657,6,O75439,PMPCB,Mitochondrial-processing peptidase subunit beta,MPPB_HUMAN,29,362.01540793090504,4.62015407930905,Unstim,LPS+Nigericin,NA,NA,NA,LPS+Nigericin,Unstim,-0.2018961255307151,-2.006044839908977,Robust
P3C4+Nigericin / P3C4,P10809_R446_M1_13,P10809,Dimethyl (KR),-1.656760069639423,1.656760069639423,0.03268267614024032,0.504735188859287,6,P10809,HSPD1,"60 kDa heat shock protein, mitochondrial",CH60_HUMAN,115,215.30762737958787,3.153076273795879,P3C4,P3C4+Nigericin,NA,NA,NA,P3C4+Nigericin,P3C4,-0.1291976072910422,-1.5275624623483808,Robust
LPS+Nigericin / LPS,P05023_K377_M2_22,P05023,Methyl (KR),-8.215375802732378,8.215375802732378,0.03266232365942425,0.504735188859287,4,P05023,ATP1A1,Sodium/potassium-transporting ATPase subunit alpha-1,AT1A1_HUMAN,73,29621.761320634458,297.21761320634454,LPS,LPS+Nigericin,NA,NA,NA,LPS+Nigericin,LPS,0.4065746191413628,-8.621950421873741,Robust
LPS+Nigericin / LPS,P38646_Y243_M1_28,P38646,Phospho (STY),-0.7257159336907791,0.7257159336907791,0.03278257547369734,0.5048245910680642,6,P38646,HSPA9,"Stress-70 protein, mitochondrial",GRP75_HUMAN,95,65.37210875400035,1.6537210875400037,LPS,LPS+Nigericin,NA,NA,NA,LPS+Nigericin,LPS,0.16951431335149772,-0.8952302470422768,Robust
LPS+Nigericin / LPS,P02545_S22_M1_28,P02545,Phospho (STY),-1.1471109285978844,1.1471109285978844,0.03280702670329855,0.5048971171577846,4,P02545,LMNA,Prelamin-A/C,LMNA_HUMAN,127,121.46994503191948,2.214699450319195,LPS,LPS+Nigericin,NA,NA,NA,LPS+Nigericin,LPS,0.14718016979355764,-1.294291098391442,Robust
P3C4+Nigericin / Unstim,P09382_K64_M1_32,P09382,Trimethyl (K),-2.089078359778342,2.089078359778342,0.03288992764120616,0.5049921394532296,6,P09382,LGALS1,Galectin-1,LEG1_HUMAN,23,325.47617820849473,4.254761782084947,Unstim,P3C4+Nigericin,NA,NA,NA,P3C4+Nigericin,Unstim,-1.431972389012387,-0.657105970765955,Robust
P3C4+Nigericin / Unstim,P12814_R350_M1_22,P12814,Methyl (KR),-2.6467190940943963,2.6467190940943963,0.03290068130331877,0.5049921394532296,6,P12814,ACTN1,Alpha-actinin-1,ACTN1_HUMAN,101,526.2414901937619,6.262414901937619,Unstim,P3C4+Nigericin,NA,NA,NA,P3C4+Nigericin,Unstim,-1.415116438156295,-1.2316026559381013,Robust
P3C4+Nigericin / P3C4,Q96PU4_K322_M1_18,Q96PU4,Hex (K),-1.4569225889557629,1.4569225889557629,0.03289691819257073,0.5049921394532296,6,Q96PU4,UHRF2,E3 ubiquitin-protein ligase UHRF2,UHRF2_HUMAN,17,174.5221557526528,2.745221557526528,P3C4,P3C4+Nigericin,NA,NA,NA,P3C4+Nigericin,P3C4,-0.5753173484408409,-0.881605240514922,Robust
P3C4 / Unstim,P62805_K80_M1_22,P62805,Methyl (KR),-0.9585116804022412,0.9585116804022412,0.0329374828566985,0.505008723423547,6,P62805,H4C1,Histone H4,H4_HUMAN,26,94.33041002042208,1.9433041002042208,Unstim,P3C4,NA,NA,NA,P3C4,Unstim,-0.2910983060296155,-0.6674133743726257,Robust
P3C4 / Unstim,O60506_K282_M1_23,O60506,Myristoyl,-2.4401876211756206,2.4401876211756206,0.03307052214700225,0.5051997938548184,6,O60506,SYNCRIP,Heterogeneous nuclear ribonucleoprotein Q,HNRPQ_HUMAN,64,442.71230563076386,5.4271230563076385,Unstim,P3C4,NA,NA,NA,P3C4,Unstim,-0.2375960009377634,-2.202591620237857,Robust
P3C4+Nigericin / Unstim,P78527_T2098_M1_31,P78527,Sulfo (STY),-1.6890107678887352,1.6890107678887352,0.03309228304872864,0.5051997938548184,6,P78527,PRKDC,DNA-dependent protein kinase catalytic subunit,PRKDC_HUMAN,313,222.4355391605665,3.224355391605665,Unstim,P3C4+Nigericin,NA,NA,NA,P3C4+Nigericin,Unstim,-0.9946642306804824,-0.6943465372082528,Robust
LPS / Unstim,Q14683_C619_M2_24,Q14683,Nitrosyl,-3.2244400276763336,3.2244400276763336,0.03309860800556229,0.5051997938548184,6,Q14683,SMC1A,Structural maintenance of chromosomes protein 1A,SMC1A_HUMAN,92,834.6589468848302,9.346589468848302,Unstim,LPS,NA,NA,NA,LPS,Unstim,-0.7401128064425381,-2.4843272212337957,Robust
LPS+Nigericin / Unstim,P45880_K267_M1_32,P45880,Trimethyl (K),-0.8060503226361321,0.8060503226361321,0.03314332498858658,0.5052349425389837,6,P45880,VDAC2,Voltage-dependent anion-selective channel protein 2,VDAC2_HUMAN,22,74.84182263216539,1.748418226321654,Unstim,LPS+Nigericin,NA,NA,NA,LPS+Nigericin,Unstim,0.15500967796104956,-0.9610600005971817,Robust
P3C4+Nigericin / P3C4,C4AMC7_R117_M1_13,C4AMC7;Q6VEQ5,Dimethyl (KR),-3.2186695716678817,3.2186695716678817,0.03318588682314225,0.5052736788717024,6,C4AMC7;Q6VEQ5,WASH3P;WASH2P,Putative WAS protein family homolog 3;WAS protein family homolog 2,WASH3_HUMAN;WASH2_HUMAN,17,830.9279875767083,9.309279875767084,P3C4,P3C4+Nigericin,NA,NA,NA,P3C4+Nigericin,P3C4,-1.09280549766863,-2.1258640739992516,Robust
P3C4+Nigericin / P3C4,Q6VEQ5_R117_M1_13,C4AMC7;Q6VEQ5,Dimethyl (KR),-3.2186695716678817,3.2186695716678817,0.03318588682314225,0.5052736788717024,6,C4AMC7;Q6VEQ5,WASH3P;WASH2P,Putative WAS protein family homolog 3;WAS protein family homolog 2,WASH3_HUMAN;WASH2_HUMAN,17,830.9279875767083,9.309279875767084,P3C4,P3C4+Nigericin,NA,NA,NA,P3C4+Nigericin,P3C4,-1.09280549766863,-2.1258640739992516,Robust
P3C4+Nigericin / Unstim,Q14683_C619_M2_24,Q14683,Nitrosyl,-3.1967441203843148,3.1967441203843148,0.03320012257175468,0.5053642309893572,6,Q14683,SMC1A,Structural maintenance of chromosomes protein 1A,SMC1A_HUMAN,92,816.8871130135742,9.168871130135742,Unstim,P3C4+Nigericin,NA,NA,NA,P3C4+Nigericin,Unstim,-1.4221677844579077,-1.774576335926407,Robust
LPS+Nigericin / LPS,P82094_K922_M1_0,P82094,Acetyl (K),0.9830087106940492,0.9830087106940492,0.03326677619912938,0.5057163535111892,6,P82094,TMF1,TATA element modulatory factor,TMF1_HUMAN,77,-49.40764541574115,0.5059235458425885,LPS,LPS+Nigericin,NA,NA,NA,LPS+Nigericin,LPS,-0.6296258802202123,1.6126345909142614,Robust
P3C4+Nigericin / Unstim,O76003_K151_M1_13,O76003,Dimethyl (KR),-1.6553422081580793,1.6553422081580793,0.03328185180400016,0.5057673557241446,6,O76003,GLRX3,Glutaredoxin-3,GLRX3_HUMAN,23,214.99789946387168,3.1499789946387167,Unstim,P3C4+Nigericin,NA,NA,NA,P3C4+Nigericin,Unstim,-1.0336485107348206,-0.6216936974232588,Robust
P3C4+Nigericin / Unstim,O76003_C146_M1_24,O76003,Nitrosyl,-1.6553422081580793,1.6553422081580793,0.03328185180400016,0.5057673557241446,6,O76003,GLRX3,Glutaredoxin-3,GLRX3_HUMAN,23,214.99789946387168,3.1499789946387167,Unstim,P3C4+Nigericin,NA,NA,NA,P3C4+Nigericin,Unstim,-1.0336485107348206,-0.6216936974232588,Robust
P3C4 / Unstim,P07477_T103_M1_28,P07477,Phospho (STY),-1.7842394774129018,1.7842394774129018,0.03334485090536151,0.5060405825388404,6,P07477,PRSS1,Serine protease 1,TRY1_HUMAN,5,244.43684472796085,3.4443684472796083,Unstim,P3C4,NA,NA,NA,P3C4,Unstim,-0.14711457554195145,-1.6371249018709504,Robust
LPS+Nigericin / LPS,Q15031_R508_M1_13,Q15031,Dimethyl (KR),-4.057334416608052,4.057334416608052,0.03339111549742255,0.5060979127651104,6,Q15031,LARS2,"Leucine--tRNA ligase, mitochondrial",SYLM_HUMAN,34,1564.8662976005794,16.648662976005795,LPS,LPS+Nigericin,NA,NA,NA,LPS+Nigericin,LPS,0.5584875329966561,-4.615821949604708,Robust
P3C4+Nigericin / Unstim,P0DMV8_K597_M1_10,P0DMV8;P0DMV9,Crotonyl,-2.4180611941567816,2.4180611941567816,0.03350174105451272,0.5061982325918928,6,P0DMV8;P0DMV9,HSPA1A;HSPA1B,Heat shock 70 kDa protein 1A;Heat shock 70 kDa protein 1B,HS71A_HUMAN;HS71B_HUMAN,79,434.452300501859,5.34452300501859,Unstim,P3C4+Nigericin,NA,NA,NA,P3C4+Nigericin,Unstim,-0.8940680405617354,-1.5239931535950462,Robust
P3C4+Nigericin / Unstim,P0DMV9_K597_M1_10,P0DMV8;P0DMV9,Crotonyl,-2.4180611941567816,2.4180611941567816,0.03350174105451272,0.5061982325918928,6,P0DMV8;P0DMV9,HSPA1A;HSPA1B,Heat shock 70 kDa protein 1A;Heat shock 70 kDa protein 1B,HS71A_HUMAN;HS71B_HUMAN,79,434.452300501859,5.34452300501859,Unstim,P3C4+Nigericin,NA,NA,NA,P3C4+Nigericin,Unstim,-0.8940680405617354,-1.5239931535950462,Robust
LPS+Nigericin / Unstim,P31943_C122_M1_24,P31943,Nitrosyl,-3.4149291054579214,3.4149291054579214,0.03351357433704277,0.5061982325918928,6,P31943,HNRNPH1,Heterogeneous nuclear ribonucleoprotein H,HNRH1_HUMAN,44,966.5865279477772,10.66586527947777,Unstim,LPS+Nigericin,NA,NA,NA,LPS+Nigericin,Unstim,-0.8225167842501013,-2.59241232120782,Robust
P3C4+Nigericin / P3C4,P38646_K73_M1_32,P38646,Trimethyl (K),-2.1544860371310675,2.1544860371310675,0.03352229111838919,0.5061982325918928,6,P38646,HSPA9,"Stress-70 protein, mitochondrial",GRP75_HUMAN,95,345.2100121173782,4.452100121173782,P3C4,P3C4+Nigericin,NA,NA,NA,P3C4+Nigericin,P3C4,-0.33883450013840405,-1.8156515369926634,Robust
P3C4+Nigericin / Unstim,Q09666_K3670_M1_13,Q09666,Dimethyl (KR),-2.1337726993406325,2.1337726993406325,0.03349821102275326,0.5061982325918928,6,Q09666,AHNAK,Neuroblast differentiation-associated protein AHNAK,AHNK_HUMAN,760,338.8636253865755,4.388636253865755,Unstim,P3C4+Nigericin,NA,NA,NA,P3C4+Nigericin,Unstim,-1.0379204968861848,-1.0958522024544477,Robust
P3C4+Nigericin / P3C4,Q08J23_R618_M1_22,Q08J23,Methyl (KR),-1.3626135095608645,1.3626135095608645,0.03360600739144801,0.5062508107357281,6,Q08J23,NSUN2,RNA cytosine C(5)-methyltransferase NSUN2,NSUN2_HUMAN,69,157.15059816044058,2.571505981604406,P3C4,P3C4+Nigericin,NA,NA,NA,P3C4+Nigericin,P3C4,-0.7634188496385369,-0.5991946599223276,Robust
LPS+Nigericin / Unstim,Q09666_K3670_M1_13,Q09666,Dimethyl (KR),-5.160746420220083,5.160746420220083,0.03361766965857012,0.5062725129707233,5,Q09666,AHNAK,Neuroblast differentiation-associated protein AHNAK,AHNK_HUMAN,760,3477.1691155774283,35.771691155774285,Unstim,LPS+Nigericin,NA,NA,NA,LPS+Nigericin,Unstim,-0.6286103582637066,-4.532136061956376,Robust
P3C4 / Unstim,Q00839_C450_M2_24,Q00839,Nitrosyl,-2.895539381166219,2.895539381166219,0.03364944956007304,0.5064304660640941,6,Q00839,HNRNPU,Heterogeneous nuclear ribonucleoprotein U,HNRPU_HUMAN,85,644.1221074207401,7.441221074207402,Unstim,P3C4,NA,NA,NA,P3C4,Unstim,-0.336616377054863,-2.5589230041113558,Robust
LPS / Unstim,P35579_S1677_M1_19,P35579,HexNAc (ST),2.903243364300314,2.903243364300314,0.03368386850945133,0.5064726430605271,6,P35579,MYH9,Myosin-9,MYH9_HUMAN,294,-86.63291644857523,0.1336708355142476,Unstim,LPS,NA,NA,NA,LPS,Unstim,0.06599900427061303,2.8372443600297013,Robust
LPS / Unstim,P35579_K1676_M1_23,P35579,Myristoyl,2.903243364300314,2.903243364300314,0.03368386850945133,0.5064726430605271,6,P35579,MYH9,Myosin-9,MYH9_HUMAN,294,-86.63291644857523,0.1336708355142476,Unstim,LPS,NA,NA,NA,LPS,Unstim,0.06599900427061303,2.8372443600297013,Robust
LPS+Nigericin / Unstim,P35579_K14_M1_10,P35579,Crotonyl,2.41875059788321,2.41875059788321,0.03370168133234479,0.5064777887664634,6,P35579,MYH9,Myosin-9,MYH9_HUMAN,294,-81.29819527452196,0.1870180472547804,Unstim,LPS+Nigericin,NA,NA,NA,LPS+Nigericin,Unstim,0.6477568410111748,1.770993756872035,Robust
P3C4+Nigericin / Unstim,P14314_K487_M2_23,P14314,Myristoyl,-9.615944504721057,9.615944504721057,0.03370452412647869,0.5064851507203251,6,P14314,PRKCSH,Glucosidase 2 subunit beta,GLU2B_HUMAN,42,78367.12355712689,784.6712355712689,Unstim,P3C4+Nigericin,NA,NA,NA,P3C4+Nigericin,Unstim,-0.1851091356309602,-9.430835369090097,Robust
LPS / Unstim,Q99714_S155_M1_31,Q99714,Sulfo (STY),-1.4145926212865958,1.4145926212865958,0.0338384265480058,0.5065203605059473,5,Q99714,HSD17B10,3-hydroxyacyl-CoA dehydrogenase type-2,HCD2_HUMAN,26,166.58444843036415,2.6658444843036415,Unstim,LPS,NA,NA,NA,LPS,Unstim,-0.5398559616956703,-0.8747366595909255,Robust
P3C4+Nigericin / Unstim,Q9UK76_K64_M1_13,Q9UK76,Dimethyl (KR),-3.5761133526675564,3.5761133526675564,0.03406004350899488,0.5068509697067103,6,Q9UK76,JPT1,Jupiter microtubule associated homolog 1,JUPI1_HUMAN,7,1092.6620133100232,11.926620133100233,Unstim,P3C4+Nigericin,NA,NA,NA,P3C4+Nigericin,Unstim,-0.7881804960956896,-2.787932856571867,Robust
LPS+Nigericin / Unstim,P62333_R109_M1_22,P62333,Methyl (KR),-1.634590240720708,1.634590240720708,0.03408158067248072,0.5069742297362443,6,P62333,PSMC6,26S proteasome regulatory subunit 10B,PRS10_HUMAN,38,210.49934836703912,3.104993483670391,Unstim,LPS+Nigericin,NA,NA,NA,LPS+Nigericin,Unstim,-0.6094453961527606,-1.0251448445679474,Robust
P3C4+Nigericin / Unstim,P47756_K78_M1_32,P47756,Trimethyl (K),-2.555239898853117,2.555239898853117,0.03417198384528082,0.5072699425042714,6,P47756,CAPZB,F-actin-capping protein subunit beta,CAPZB_HUMAN,34,487.76518184453687,5.8776518184453685,Unstim,P3C4+Nigericin,NA,NA,NA,P3C4+Nigericin,Unstim,-1.1509494347300615,-1.4042904641230556,Robust
LPS / Unstim,P67809_K137_M1_10,P67809,Crotonyl,2.331387424576602,2.331387424576602,0.03420260873618287,0.5072699425042714,6,P67809,YBX1,Y-box-binding protein 1,YBOX1_HUMAN,29,-80.13070518796968,0.1986929481203031,Unstim,LPS,NA,NA,NA,LPS,Unstim,-0.1835659754621528,2.5149534000387552,Robust
P3C4 / Unstim,Q6NUK1_S422_M1_31,Q6NUK1,Sulfo (STY),1.784899395695839,1.784899395695839,0.03412472833837621,0.5072699425042714,6,Q6NUK1,SLC25A24,Mitochondrial adenyl nucleotide antiporter SLC25A24,SCMC1_HUMAN,49,-70.98037856858677,0.29019621431413234,Unstim,P3C4,NA,NA,NA,P3C4,Unstim,-0.00627984744190865,1.7911792431377476,Robust
P3C4+Nigericin / P3C4,Q96C90_K122_M1_0,Q96C90,Acetyl (K),-5.059584352740917,5.059584352740917,0.0342700245719647,0.5072699425042714,6,Q96C90,PPP1R14B,Protein phosphatase 1 regulatory subunit 14B,PP14B_HUMAN,8,3234.9294873261847,33.34929487326185,P3C4,P3C4+Nigericin,NA,NA,NA,P3C4+Nigericin,P3C4,-1.574874544997792,-3.4847098077431244,Robust
P3C4+Nigericin / P3C4,Q96C90_C120_M2_23,Q96C90,Myristoyl,-5.059584352740917,5.059584352740917,0.0342700245719647,0.5072699425042714,6,Q96C90,PPP1R14B,Protein phosphatase 1 regulatory subunit 14B,PP14B_HUMAN,8,3234.9294873261847,33.34929487326185,P3C4,P3C4+Nigericin,NA,NA,NA,P3C4+Nigericin,P3C4,-1.574874544997792,-3.4847098077431244,Robust
P3C4+Nigericin / Unstim,P60660_S57_M1_28,P60660,Phospho (STY),1.6825561632824562,1.6825561632824562,0.03426126077469398,0.5072699425042714,5,P60660,MYL6,Myosin light polypeptide 6,MYL6_HUMAN,25,-68.84698204051539,0.31153017959484613,Unstim,P3C4+Nigericin,NA,NA,NA,P3C4+Nigericin,Unstim,0.14983128703748255,1.5327248762449737,Robust
LPS+Nigericin / Unstim,Q03518_Y555_M1_31,Q03518,Sulfo (STY),2.0039399484647467,2.0039399484647467,0.03418506457917816,0.5072699425042714,5,Q03518,TAP1,Antigen peptide transporter 1,TAP1_HUMAN,23,-75.06818096198973,0.2493181903801027,Unstim,LPS+Nigericin,NA,NA,NA,LPS+Nigericin,Unstim,-0.04653643683270553,2.0504763852974524,Robust
LPS+Nigericin / Unstim,O00560_R48_M1_13,O00560,Dimethyl (KR),-0.7791984644320556,0.7791984644320556,0.03430891039034698,0.5072782151777128,6,O00560,SDCBP,Syntenin-1,SDCB1_HUMAN,25,71.61771306320888,1.7161771306320888,Unstim,LPS+Nigericin,NA,NA,NA,LPS+Nigericin,Unstim,0.22382745248014096,-1.0030259169121967,Robust
P3C4+Nigericin / Unstim,P49792_C815_M1_24,P49792,Nitrosyl,-1.208369679401616,1.208369679401616,0.03431687875173093,0.5072782151777128,6,P49792,RANBP2,E3 SUMO-protein ligase RanBP2,RBP2_HUMAN,170,131.07636084826407,2.310763608482641,Unstim,P3C4+Nigericin,NA,NA,NA,P3C4+Nigericin,Unstim,-2.0642026901958883,0.8558330107942722,Robust
LPS+Nigericin / Unstim,P50395_K379_M2_18,P50395,Hex (K),1.295475720523143,1.295475720523143,0.03436812223310417,0.5073825261662367,4,P50395,GDI2,Rab GDP dissociation inhibitor beta,GDIB_HUMAN,51,-59.25981943890335,0.4074018056109665,Unstim,LPS+Nigericin,NA,NA,NA,LPS+Nigericin,Unstim,-0.795196991388824,2.0906727119119672,Robust
LPS+Nigericin / Unstim,P98082_K630_M1_32,P98082,Trimethyl (K),-4.395326534903598,4.395326534903598,0.03445469032259053,0.5074954836473592,6,P98082,DAB2,Disabled homolog 2,DAB2_HUMAN,56,2004.3846620106156,21.043846620106155,Unstim,LPS+Nigericin,NA,NA,NA,LPS+Nigericin,Unstim,-1.0627841996345226,-3.332542335269075,Robust
P3C4 / Unstim,P04083_K128_M1_10,P04083,Crotonyl,1.1421947654174884,1.1421947654174884,0.0345906146631974,0.507592179378535,6,P04083,ANXA1,Annexin A1,ANXA1_HUMAN,57,-54.693019991657366,0.45306980008342634,Unstim,P3C4,NA,NA,NA,P3C4,Unstim,0.26667200752756054,0.8755227578899278,Robust
P3C4+Nigericin / Unstim,P61978_K139_M1_22,P61978,Methyl (KR),-4.0079693613419165,4.0079693613419165,0.03452857431586604,0.507592179378535,6,P61978,HNRNPK,Heterogeneous nuclear ribonucleoprotein K,HNRPK_HUMAN,58,1508.8627606962589,16.08862760696259,Unstim,P3C4+Nigericin,NA,NA,NA,P3C4+Nigericin,Unstim,-1.2995271134873687,-2.708442247854548,Robust
P3C4+Nigericin / Unstim,Q01518_S62_M1_28,Q01518,Phospho (STY),-2.058102992840425,2.058102992840425,0.03459963969992984,0.507592179378535,5,Q01518,CAP1,Adenylyl cyclase-associated protein 1,CAP1_HUMAN,89,316.43836721311607,4.1643836721311605,Unstim,P3C4+Nigericin,NA,NA,NA,P3C4+Nigericin,Unstim,-1.4485805095523945,-0.6095224832880304,Robust
LPS+Nigericin / Unstim,Q14847_K75_M1_10,Q14847,Crotonyl,0.6515969611979757,0.6515969611979757,0.0346376393946999,0.5076186128159389,6,Q14847,LASP1,LIM and SH3 domain protein 1,LASP1_HUMAN,33,-36.34247202141895,0.6365752797858105,Unstim,LPS+Nigericin,NA,NA,NA,LPS+Nigericin,Unstim,-0.95595690530203,1.6075538665000058,Robust
LPS+Nigericin / Unstim,P11717_R213_M1_22,P11717,Methyl (KR),-4.726686347779667,4.726686347779667,0.03464377312365388,0.5076484987041099,6,P11717,IGF2R,Cation-independent mannose-6-phosphate receptor,MPRI_HUMAN,89,2547.734112538804,26.477341125388037,Unstim,LPS+Nigericin,NA,NA,NA,LPS+Nigericin,Unstim,-0.25893570695686785,-4.4677506408228,Robust
P3C4 / Unstim,P46940_C781_M1_24,P46940,Nitrosyl,-1.810260092735096,1.810260092735096,0.03471542607195677,0.507808939490654,6,P46940,IQGAP1,Ras GTPase-activating-like protein IQGAP1,IQGA1_HUMAN,148,250.705508909525,3.50705508909525,Unstim,P3C4,NA,NA,NA,P3C4,Unstim,-0.08881482040748638,-1.7214452723276097,Robust
LPS / Unstim,P38646_K595_M1_32,P38646,Trimethyl (K),7.203739783092007,7.203739783092007,0.03481517265565052,0.5079640599603621,6,P38646,HSPA9,"Stress-70 protein, mitochondrial",GRP75_HUMAN,95,-99.32164310392588,0.00678356896074113,Unstim,LPS,NA,NA,NA,LPS,Unstim,-0.1884723904597252,7.392212173551732,Robust
LPS / Unstim,P38646_T594_M2_31,P38646,Sulfo (STY),7.293745682666695,7.293745682666695,0.03478786189609183,0.5079640599603621,5,P38646,HSPA9,"Stress-70 protein, mitochondrial",GRP75_HUMAN,95,-99.36267087027063,0.00637329129729346,Unstim,LPS,NA,NA,NA,LPS,Unstim,-0.1884723904597252,7.48221807312642,Robust
P3C4+Nigericin / P3C4,Q9NQG5_C234_M1_24,Q9NQG5,Nitrosyl,-2.968439886726153,2.968439886726153,0.03476143192245933,0.5079640599603621,6,Q9NQG5,RPRD1B,Regulation of nuclear pre-mRNA domain-containing protein 1B,RPR1B_HUMAN,31,682.689389261004,7.826893892610039,P3C4,P3C4+Nigericin,NA,NA,NA,P3C4+Nigericin,P3C4,-1.1365760284602813,-1.8318638582658717,Robust
P3C4+Nigericin / Unstim,P06744_K252_M1_22,P06744,Methyl (KR),-2.00367003186342,2.00367003186342,0.0350475077859161,0.5081665136634091,6,P06744,GPI,Glucose-6-phosphate isomerase,G6PI_HUMAN,43,301.01884425084444,4.010188442508444,Unstim,P3C4+Nigericin,NA,NA,NA,P3C4+Nigericin,Unstim,-1.300369113291378,-0.703300918572042,Robust
P3C4+Nigericin / Unstim,P38606_C32_M1_24,P38606,Nitrosyl,2.2110362607604532,2.2110362607604532,0.03503859375387749,0.5081665136634091,6,P38606,ATP6V1A,V-type proton ATPase catalytic subunit A,VATA_HUMAN,61,-78.40208816467869,0.2159791183532132,Unstim,P3C4+Nigericin,NA,NA,NA,P3C4+Nigericin,Unstim,0.2571652300874445,1.9538710306730087,Robust
LPS+Nigericin / LPS,Q9Y4H2_C816_M1_24,Q9Y4H2,Nitrosyl,-1.4811445906347789,1.4811445906347789,0.03512083319167986,0.5082801655100159,6,Q9Y4H2,IRS2,Insulin receptor substrate 2,IRS2_HUMAN,44,179.1701305761778,2.791701305761778,LPS,LPS+Nigericin,NA,NA,NA,LPS+Nigericin,LPS,-0.7477316958430295,-0.7334128947917494,Robust
LPS+Nigericin / LPS,Q9Y4H2_K811_M1_13,Q9Y4H2,Dimethyl (KR),-1.4811445906347789,1.4811445906347789,0.03512083319167986,0.5082801655100159,6,Q9Y4H2,IRS2,Insulin receptor substrate 2,IRS2_HUMAN,44,179.1701305761778,2.791701305761778,LPS,LPS+Nigericin,NA,NA,NA,LPS+Nigericin,LPS,-0.7477316958430295,-0.7334128947917494,Robust
LPS+Nigericin / Unstim,P10809_K387_M1_13,P10809,Dimethyl (KR),5.703649486070296,5.703649486070296,0.03516170894302692,0.5083393887793433,6,P10809,HSPD1,"60 kDa heat shock protein, mitochondrial",CH60_HUMAN,115,-98.08119686243224,0.01918803137567744,Unstim,LPS+Nigericin,NA,NA,NA,LPS+Nigericin,Unstim,0.15437479457499362,5.549274691495302,Robust
P3C4 / Unstim,Q5JTH9_K771_M1_22,Q5JTH9,Methyl (KR),-1.650441209573129,1.650441209573129,0.03518722511306017,0.5083393887793433,6,Q5JTH9,RRP12,RRP12-like protein,RRP12_HUMAN,46,213.92963143518145,3.1392963143518142,Unstim,P3C4,NA,NA,NA,P3C4,Unstim,-0.4067488641281989,-1.24369234544493,Robust
P3C4 / Unstim,Q5JTH9_C763_M1_24,Q5JTH9,Nitrosyl,-1.650441209573129,1.650441209573129,0.03518722511306017,0.5083393887793433,6,Q5JTH9,RRP12,RRP12-like protein,RRP12_HUMAN,46,213.92963143518145,3.1392963143518142,Unstim,P3C4,NA,NA,NA,P3C4,Unstim,-0.4067488641281989,-1.24369234544493,Robust
LPS+Nigericin / Unstim,Q96TA1_Y593_M1_31,Q96TA1,Sulfo (STY),-1.69571811887403,1.69571811887403,0.03521122899152523,0.5083393887793433,4,Q96TA1,NIBAN2,Protein Niban 2,NIBA2_HUMAN,47,223.93809059046785,3.2393809059046785,Unstim,LPS+Nigericin,NA,NA,NA,LPS+Nigericin,Unstim,-0.548670973028608,-1.1470471458454221,Robust
P3C4+Nigericin / Unstim,P52272_K698_M1_32,P52272,Trimethyl (K),-3.106572980640247,3.106572980640247,0.03531852188125437,0.5084888382708249,6,P52272,HNRNPM,Heterogeneous nuclear ribonucleoprotein M,HNRPM_HUMAN,79,761.334119290196,8.61334119290196,Unstim,P3C4+Nigericin,NA,NA,NA,P3C4+Nigericin,Unstim,-1.505383649366653,-1.601189331273594,Robust
LPS / Unstim,P63313_K32_M1_0,P63313,Acetyl (K),0.8032657793277457,0.8032657793277457,0.03542021089702283,0.5086895392321532,6,P63313,TMSB10,Thymosin beta-10,TYB10_HUMAN,9,-42.694948662827734,0.5730505133717226,Unstim,LPS,NA,NA,NA,LPS,Unstim,0.02703578165075884,0.7762299976769869,Robust
LPS / Unstim,P14618_K151_M1_17,P14618,GlyGly (K),-7.792355123954746,7.792355123954746,0.03556095748934098,0.5087073283791396,6,P14618,PKM,Pyruvate kinase PKM,KPYM_HUMAN,78,22068.31220603233,221.68312206032329,Unstim,LPS,NA,NA,NA,LPS,Unstim,-0.24059290513779488,-7.55176221881695,Robust
P3C4 / Unstim,P68371_K324_M1_23,P68371,Myristoyl,1.299379266075087,1.299379266075087,0.03551486897600444,0.5087073283791396,6,P68371,TUBB4B,Tubulin beta-4B chain,TBB4B_HUMAN,45,-59.36990243788933,0.4063009756211066,Unstim,P3C4,NA,NA,NA,P3C4,Unstim,0.4693739324646868,0.8300053336104001,Robust
P3C4 / Unstim,P68371_S322_M1_19,P68371,HexNAc (ST),1.299379266075087,1.299379266075087,0.0355148828405176,0.5087073283791396,6,P68371,TUBB4B,Tubulin beta-4B chain,TBB4B_HUMAN,45,-59.36990243788933,0.4063009756211066,Unstim,P3C4,NA,NA,NA,P3C4,Unstim,0.4693739324646868,0.8300053336104001,Robust
P3C4+Nigericin / P3C4,Q15459_K131_M1_22,Q15459,Methyl (KR),-1.2753503809956157,1.2753503809956157,0.03548665094755701,0.5087073283791396,6,Q15459,SF3A1,Splicing factor 3A subunit 1,SF3A1_HUMAN,53,142.05759816933835,2.4205759816933834,P3C4,P3C4+Nigericin,NA,NA,NA,P3C4+Nigericin,P3C4,-0.6884720858668073,-0.5868782951288084,Robust
P3C4 / Unstim,P09382_R49_M2_13,P09382,Dimethyl (KR),1.4624983899900523,1.4624983899900523,0.0356286074750039,0.5087827366780298,6,P09382,LGALS1,Galectin-1,LEG1_HUMAN,23,-63.71358058783883,0.3628641941216117,Unstim,P3C4,NA,NA,NA,P3C4,Unstim,0.08987175101210934,1.372626638977943,Robust
P3C4+Nigericin / Unstim,P14618_K151_M1_17,P14618,GlyGly (K),-7.234000107232286,7.234000107232286,0.03569930289554499,0.5089407776011148,6,P14618,PKM,Pyruvate kinase PKM,KPYM_HUMAN,78,14953.969122652064,150.53969122652063,Unstim,P3C4+Nigericin,NA,NA,NA,P3C4+Nigericin,Unstim,-0.9984452078026814,-6.235554899429605,Robust
P3C4 / Unstim,P17980_K327_M1_10,P17980,Crotonyl,1.096849270492587,1.096849270492587,0.03574472983158215,0.5090165766650503,6,P17980,PSMC3,26S proteasome regulatory subunit 6A,PRS6A_HUMAN,49,-53.24635565281519,0.46753644347184814,Unstim,P3C4,NA,NA,NA,P3C4,Unstim,0.24014583712386364,0.8567034333687233,Robust
P3C4+Nigericin / Unstim,P22061_R98_M1_13,P22061,Dimethyl (KR),-1.9938616154100337,1.9938616154100337,0.03578036389700969,0.509064477313457,6,P22061,PCMT1,Protein-L-isoaspartate(D-aspartate) O-methyltransferase,PIMT_HUMAN,19,298.3016939530516,3.983016939530516,Unstim,P3C4+Nigericin,NA,NA,NA,P3C4+Nigericin,Unstim,-0.8806908370679853,-1.1131707783420484,Robust
P3C4+Nigericin / Unstim,P22061_C95_M1_24,P22061,Nitrosyl,-1.9938616154100337,1.9938616154100337,0.03578036389700969,0.509064477313457,6,P22061,PCMT1,Protein-L-isoaspartate(D-aspartate) O-methyltransferase,PIMT_HUMAN,19,298.3016939530516,3.983016939530516,Unstim,P3C4+Nigericin,NA,NA,NA,P3C4+Nigericin,Unstim,-0.8806908370679853,-1.1131707783420484,Robust
LPS / Unstim,Q96TA1_Y593_M1_31,Q96TA1,Sulfo (STY),-1.0672952885464395,1.0672952885464395,0.03578113482578913,0.509064477313457,4,Q96TA1,NIBAN2,Protein Niban 2,NIBA2_HUMAN,47,109.55011141732226,2.0955011141732225,Unstim,LPS,NA,NA,NA,LPS,Unstim,-0.29994723901801956,-0.76734804952842,Robust
LPS+Nigericin / Unstim,O15127_R312_M1_22,O15127,Methyl (KR),0.6518383123684671,0.6518383123684671,0.03582374253696405,0.5091187446848937,6,O15127,SCAMP2,Secretory carrier-associated membrane protein 2,SCAM2_HUMAN,7,-36.35312051843555,0.6364687948156444,Unstim,LPS+Nigericin,NA,NA,NA,LPS+Nigericin,Unstim,-0.17403585108781983,0.825874163456287,Robust
P3C4+Nigericin / Unstim,O60506_K282_M1_23,O60506,Myristoyl,-2.2442061374134843,2.2442061374134843,0.03583917150847632,0.5091187446848937,6,O60506,SYNCRIP,Heterogeneous nuclear ribonucleoprotein Q,HNRPQ_HUMAN,64,373.776334758096,4.73776334758096,Unstim,P3C4+Nigericin,NA,NA,NA,P3C4+Nigericin,Unstim,-1.0032115510487336,-1.2409945863647507,Robust
P3C4+Nigericin / P3C4,P40939_K634_M1_10,P40939,Crotonyl,1.0695754609872163,1.0695754609872163,0.03584235523249304,0.5091187446848937,4,P40939,HADHA,"Trifunctional enzyme subunit alpha, mitochondrial",ECHA_HUMAN,89,-52.35408149042928,0.4764591850957071,P3C4,P3C4+Nigericin,NA,NA,NA,P3C4+Nigericin,P3C4,0.04520746386367675,1.0243679971235395,Robust
LPS+Nigericin / Unstim,Q6IQ22_K127_M1_17,Q6IQ22,GlyGly (K),1.5727141721733289,1.5727141721733289,0.03581827901551757,0.5091187446848937,6,Q6IQ22,RAB12,Ras-related protein Rab-12,RAB12_HUMAN,12,-66.382465474689,0.33617534525310994,Unstim,LPS+Nigericin,NA,NA,NA,LPS+Nigericin,Unstim,-0.25768378349903476,1.8303979556723635,Robust
LPS+Nigericin / Unstim,P43307_K240_M2_13,P43307,Dimethyl (KR),0.937612077688532,0.937612077688532,0.0358458387345731,0.5091187446848937,4,P43307,SSR1,Translocon-associated protein subunit alpha,SSRA_HUMAN,8,-47.790367011156754,0.5220963298884325,Unstim,LPS+Nigericin,NA,NA,NA,LPS+Nigericin,Unstim,0.0968270100374356,0.8407850676510964,Robust
P3C4+Nigericin / Unstim,P19338_S542_M1_31,P19338,Sulfo (STY),-2.362729358340664,2.362729358340664,0.03590743887327158,0.5091393812880659,6,P19338,NCL,Nucleolin,NUCL_HUMAN,83,414.3424964963237,5.143424964963237,Unstim,P3C4+Nigericin,NA,NA,NA,P3C4+Nigericin,Unstim,-1.1705347511338131,-1.192194607206851,Robust
P3C4+Nigericin / Unstim,O14734_T301_M1_28,O14734,Phospho (STY),-1.3418951470186695,1.3418951470186695,0.03602422099087699,0.5091844263669609,6,O14734,ACOT8,Acyl-coenzyme A thioesterase 8,ACOT8_HUMAN,17,153.48408088235894,2.5348408088235894,Unstim,P3C4+Nigericin,NA,NA,NA,P3C4+Nigericin,Unstim,-0.54345899502657,-0.7984361519920995,Robust
LPS+Nigericin / Unstim,P20273_T291_M1_19,P20273,HexNAc (ST),-1.847447707809204,1.847447707809204,0.03605034452034404,0.5091844263669609,4,P20273,CD22,B-cell receptor CD22,CD22_HUMAN,25,259.8629828788043,3.598629828788043,Unstim,LPS+Nigericin,NA,NA,NA,LPS+Nigericin,Unstim,-0.44099507388730474,-1.4064526339218992,Robust
LPS+Nigericin / LPS,P35637_S360_M1_31,P35637,Sulfo (STY),-1.6724772565775954,1.6724772565775954,0.03605499104759756,0.5091844263669609,6,P35637,FUS,RNA-binding protein FUS,FUS_HUMAN,24,218.76147025390705,3.1876147025390704,LPS,LPS+Nigericin,NA,NA,NA,LPS+Nigericin,LPS,-0.7176167263592848,-0.9548605302183106,Robust
LPS+Nigericin / LPS,Q13423_T930_M2_31,Q13423,Sulfo (STY),1.6385773396084826,1.6385773396084826,0.03612489640988959,0.5091844263669609,6,Q13423,NNT,"NAD(P) transhydrogenase, mitochondrial",NNTM_HUMAN,77,-67.88269688013958,0.32117303119860424,LPS,LPS+Nigericin,NA,NA,NA,LPS+Nigericin,LPS,0.7242669457161675,0.9143103938923152,Robust
P3C4+Nigericin / P3C4,Q6NXR4_K97_M1_32,Q6NXR4,Trimethyl (K),-1.5716141127991552,1.5716141127991552,0.03610459902431903,0.5091844263669609,6,Q6NXR4,TTI2,TELO2-interacting protein 2,TTI2_HUMAN,11,197.23708228085144,2.9723708228085144,P3C4,P3C4+Nigericin,NA,NA,NA,P3C4+Nigericin,P3C4,-0.4086985984454669,-1.1629155143536882,Robust
LPS+Nigericin / LPS,Q99541_C325_M1_24,Q99541,Nitrosyl,2.451069481703738,2.451069481703738,0.03597086225235541,0.5091844263669609,6,Q99541,PLIN2,Perilipin-2,PLIN2_HUMAN,40,-81.71249050801008,0.18287509491989912,LPS,LPS+Nigericin,NA,NA,NA,LPS+Nigericin,LPS,0.0749490271075292,2.376120454596209,Robust
P3C4 / Unstim,Q9H444_Y75_M3_28,Q9H444,Phospho (STY),1.0501072746148843,1.0501072746148843,0.03611415016126863,0.5091844263669609,4,Q9H444,CHMP4B,Charged multivesicular body protein 4b,CHM4B_HUMAN,20,-51.7067746313032,0.482932253686968,Unstim,P3C4,NA,NA,NA,P3C4,Unstim,0.26394824019212815,0.7861590344227561,Robust
LPS+Nigericin / LPS,Q15084_K108_M2_10,Q15084,Crotonyl,0.7288937120212243,0.7288937120212243,0.03613698953133926,0.5091902449644089,4,Q15084,PDIA6,Protein disulfide-isomerase A6,PDIA6_HUMAN,42,-39.66335898350951,0.6033664101649049,LPS,LPS+Nigericin,NA,NA,NA,LPS+Nigericin,LPS,0.14571262694625534,0.583181085074969,Robust
LPS+Nigericin / LPS,P55084_K268_M1_23,P55084,Myristoyl,1.3066099708488286,1.3066099708488286,0.03617549275468489,0.5092824239807052,6,P55084,HADHB,"Trifunctional enzyme subunit beta, mitochondrial",ECHB_HUMAN,49,-59.57302870202103,0.40426971297978975,LPS,LPS+Nigericin,NA,NA,NA,LPS+Nigericin,LPS,0.623041236353274,0.6835687344955546,Robust
LPS+Nigericin / LPS,Q9HBM6_T231_M1_19,Q9HBM6,HexNAc (ST),1.1025720664272791,1.1025720664272791,0.03625550359980759,0.5094114554350337,4,Q9HBM6,TAF9B,Transcription initiation factor TFIID subunit 9B,TAF9B_HUMAN,17,-53.431447848778255,0.4656855215122174,LPS,LPS+Nigericin,NA,NA,NA,LPS+Nigericin,LPS,-0.23654009279699503,1.339112159224274,Robust
LPS+Nigericin / Unstim,P60602_K20_M1_10,P60602,Crotonyl,2.1685842002231226,2.1685842002231226,0.03632849613110843,0.509525724594316,6,P60602,ROMO1,Reactive oxygen species modulator 1,ROMO1_HUMAN,5,-77.75711545366015,0.2224288454633984,Unstim,LPS+Nigericin,NA,NA,NA,LPS+Nigericin,Unstim,-0.01538613669028185,2.1839703369134043,Robust
LPS+Nigericin / Unstim,P05386_K92_M1_32,P05386,Trimethyl (K),3.2443928437664105,3.2443928437664105,0.03635780751139242,0.5095859675312854,6,P05386,RPLP1,Large ribosomal subunit protein P1,RLA1_HUMAN,5,-89.44786263013584,0.10552137369864152,Unstim,LPS+Nigericin,NA,NA,NA,LPS+Nigericin,Unstim,0.19064527065231693,3.0537475731140935,Robust
P3C4+Nigericin / P3C4,P13489_R53_M2_13,P13489,Dimethyl (KR),-1.8081960364873249,1.8081960364873249,0.03642757694687583,0.5097281529484088,4,P13489,RNH1,Ribonuclease inhibitor,RINI_HUMAN,45,250.20411512884215,3.5020411512884215,P3C4,P3C4+Nigericin,NA,NA,NA,P3C4+Nigericin,P3C4,-1.132945776610467,-0.6752502598768579,Robust
P3C4+Nigericin / P3C4,Q9UEE9_K108_M2_10,Q9UEE9,Crotonyl,-3.4001994498837953,3.4001994498837953,0.03640104724123871,0.5097281529484088,5,Q9UEE9,CFDP1,Craniofacial development protein 1,CFDP1_HUMAN,10,955.7522743017053,10.557522743017053,P3C4,P3C4+Nigericin,NA,NA,NA,P3C4+Nigericin,P3C4,-1.507743456150619,-1.8924559937331762,Robust
P3C4+Nigericin / P3C4,P04075_S176_M1_31,P04075,Sulfo (STY),-1.5604653340009285,1.5604653340009285,0.03646259547725801,0.5097861849556179,6,P04075,ALDOA,Fructose-bisphosphate aldolase A,ALDOA_HUMAN,60,194.94896241588563,2.9494896241588564,P3C4,P3C4+Nigericin,NA,NA,NA,P3C4+Nigericin,P3C4,-0.8986536171338553,-0.6618117168670732,Robust
LPS+Nigericin / LPS,P07237_K285_M1_22,P07237,Methyl (KR),-1.0575536914976311,1.0575536914976311,0.036538775676414,0.5100669747992864,6,P07237,P4HB,Protein disulfide-isomerase,PDIA1_HUMAN,110,108.13991993495216,2.0813991993495216,LPS,LPS+Nigericin,NA,NA,NA,LPS+Nigericin,LPS,0.02977466103527869,-1.0873283525329098,Robust
P3C4 / Unstim,P11142_T462_M1_31,P11142,Sulfo (STY),8.74663206271805,8.74663206271805,0.03658992391856747,0.5100669747992864,6,P11142,HSPA8,Heat shock cognate 71 kDa protein,HSP7C_HUMAN,61,-99.76719013013124,0.00232809869868746,Unstim,P3C4,NA,NA,NA,P3C4,Unstim,0.01006747259511565,8.736564590122933,Robust
P3C4+Nigericin / P3C4,P13501_S58_M1_31,P13501,Sulfo (STY),-2.0008504449116686,2.0008504449116686,0.03672955867974617,0.5100669747992864,6,P13501,CCL5,C-C motif chemokine 5,CCL5_HUMAN,6,300.23586290891353,4.0023586290891355,P3C4,P3C4+Nigericin,NA,NA,NA,P3C4+Nigericin,P3C4,-1.1794993652001406,-0.821351079711528,Robust
LPS+Nigericin / Unstim,Q9UHD2_K567_M1_22,Q9UHD2,Methyl (KR),0.8164300379706432,0.8164300379706432,0.03657546060523554,0.5100669747992864,6,Q9UHD2,TBK1,Serine/threonine-protein kinase TBK1,TBK1_HUMAN,21,-43.21546559530303,0.5678453440469697,Unstim,LPS+Nigericin,NA,NA,NA,LPS+Nigericin,Unstim,-0.22558050322177645,1.0420105411924196,Robust
P3C4+Nigericin / Unstim,P38117_C66_M2_24,P38117,Nitrosyl,-2.4754644707901523,2.4754644707901523,0.03657660821813193,0.5100669747992864,5,P38117,ETFB,Electron transfer flavoprotein subunit beta,ETFB_HUMAN,27,456.1463085413569,5.561463085413569,Unstim,P3C4+Nigericin,NA,NA,NA,P3C4+Nigericin,Unstim,-0.8382793704555954,-1.6371851003345568,Robust
P3C4+Nigericin / Unstim,O15143_S355_M1_31,O15143,Sulfo (STY),-1.657875409049158,1.657875409049158,0.036835280849783,0.5102357092199559,6,O15143,ARPC1B,Actin-related protein 2/3 complex subunit 1B,ARC1B_HUMAN,34,215.55148418027215,3.1555148418027215,Unstim,P3C4+Nigericin,NA,NA,NA,P3C4+Nigericin,Unstim,-0.7514853680173685,-0.9063900410317896,Robust
P3C4+Nigericin / Unstim,O14497_S363_M1_28,O14497,Phospho (STY),-2.1981609626186747,2.1981609626186747,0.03689151279012942,0.5104310977733725,6,O14497,ARID1A,AT-rich interactive domain-containing protein 1A,ARI1A_HUMAN,65,358.8940059990302,4.588940059990302,Unstim,P3C4+Nigericin,NA,NA,NA,P3C4+Nigericin,Unstim,-1.4929572030809644,-0.7052037595377103,Robust
P3C4+Nigericin / Unstim,P55010_C59_M1_24,P55010,Nitrosyl,-3.105980530944383,3.105980530944383,0.03698937862012282,0.5106232439479245,6,P55010,EIF5,Eukaryotic translation initiation factor 5,IF5_HUMAN,36,760.9804808850596,8.609804808850596,Unstim,P3C4+Nigericin,NA,NA,NA,P3C4+Nigericin,Unstim,-1.1095537520064045,-1.9964267789379784,Robust
LPS+Nigericin / LPS,P60953_K107_M1_0,P60953,Acetyl (K),-0.6989819512457507,0.6989819512457507,0.03702362517066175,0.5106814633073814,6,P60953,CDC42,Cell division control protein 42 homolog,CDC42_HUMAN,21,62.33588528889265,1.6233588528889265,LPS,LPS+Nigericin,NA,NA,NA,LPS+Nigericin,LPS,0.1759838664249498,-0.8749658176707005,Robust
LPS / Unstim,P62917_T111_M1_19,P62917,HexNAc (ST),-3.802457796505437,3.802457796505437,0.03701826850202034,0.5106814633073814,6,P62917,RPL8,Large ribosomal subunit protein uL2,RL8_HUMAN,29,1295.2558561074172,13.952558561074172,Unstim,LPS,NA,NA,NA,LPS,Unstim,-0.5916733480929796,-3.2107844484124577,Robust
LPS+Nigericin / LPS,P06748_T95_M2_31,P06748,Sulfo (STY),0.9858440957456364,0.9858440957456364,0.03708956386243615,0.5107353034526824,4,P06748,NPM1,Nucleophosmin,NPM_HUMAN,40,-49.50697890714086,0.5049302109285914,LPS,LPS+Nigericin,NA,NA,NA,LPS+Nigericin,LPS,-0.3294961482546012,1.3153402440002375,Robust
P3C4 / Unstim,Q09666_C567_M2_23,Q09666,Myristoyl,7.476450237488562,7.476450237488562,0.03714577199316812,0.510826319737183,5,Q09666,AHNAK,Neuroblast differentiation-associated protein AHNAK,AHNK_HUMAN,760,-99.43848130843207,0.00561518691567909,Unstim,P3C4,NA,NA,NA,P3C4,Unstim,-0.05119116703837124,7.527641404526933,Robust
P3C4 / Unstim,P30101_T319_M2_31,P30101,Sulfo (STY),1.590059911666492,1.590059911666492,0.03719843682436484,0.5108933993761872,5,P30101,PDIA3,Protein disulfide-isomerase A3,PDIA3_HUMAN,92,-66.78423404736084,0.33215765952639165,Unstim,P3C4,NA,NA,NA,P3C4,Unstim,0.1368917112660636,1.4531682004004285,Robust
P3C4+Nigericin / Unstim,Q15154_S65_M1_28,Q15154,Phospho (STY),-1.791842393161199,1.791842393161199,0.03724282401730142,0.510993291316827,6,Q15154,PCM1,Pericentriolar material 1 protein,PCM1_HUMAN,105,246.25679740919796,3.4625679740919795,Unstim,P3C4+Nigericin,NA,NA,NA,P3C4+Nigericin,Unstim,-1.1178409950277035,-0.6740013981334956,Robust
P3C4+Nigericin / P3C4,Cont_P68103_K330_M1_32,Cont_P68103;P68104,Trimethyl (K),-1.6635947172359078,1.6635947172359078,0.03728058412247136,0.5110268949463441,5,Cont_P68103;P68104,EEF1A1,Elongation factor 1-alpha 1,EF1A1_BOVIN;EF1A1_HUMAN,61,216.8049148398413,3.168049148398413,P3C4,P3C4+Nigericin,NA,NA,NA,P3C4+Nigericin,P3C4,-0.8863824753020725,-0.7772122419338353,Robust
P3C4+Nigericin / P3C4,P68104_K330_M1_32,Cont_P68103;P68104,Trimethyl (K),-1.6635947172359078,1.6635947172359078,0.03728058412247136,0.5110268949463441,5,Cont_P68103;P68104,EEF1A1,Elongation factor 1-alpha 1,EF1A1_BOVIN;EF1A1_HUMAN,61,216.8049148398413,3.168049148398413,P3C4,P3C4+Nigericin,NA,NA,NA,P3C4+Nigericin,P3C4,-0.8863824753020725,-0.7772122419338353,Robust
P3C4+Nigericin / P3C4,Q96C90_Y121_M1_31,Q96C90,Sulfo (STY),-5.897144060701667,5.897144060701667,0.03733566531114326,0.5111239647375955,5,Q96C90,PPP1R14B,Protein phosphatase 1 regulatory subunit 14B,PP14B_HUMAN,8,5859.601914856108,59.59601914856108,P3C4,P3C4+Nigericin,NA,NA,NA,P3C4+Nigericin,P3C4,-1.574874544997792,-4.322269515703875,Robust
LPS+Nigericin / LPS,Q9BUF5_K122_M1_0,Q9BUF5,Acetyl (K),0.514845684253479,0.514845684253479,0.0373665579583854,0.5112559989865699,6,Q9BUF5,TUBB6,Tubulin beta-6 chain,TBB6_HUMAN,28,-30.013221088043128,0.6998677891195687,LPS,LPS+Nigericin,NA,NA,NA,LPS+Nigericin,LPS,-0.23986397580548025,0.7547096600589592,Robust
P3C4+Nigericin / P3C4,Q09666_S2926_M1_31,Q09666,Sulfo (STY),-2.2585922639928895,2.2585922639928895,0.03741972446061215,0.5112574862116999,6,Q09666,AHNAK,Neuroblast differentiation-associated protein AHNAK,AHNK_HUMAN,760,378.5243251257068,4.785243251257068,P3C4,P3C4+Nigericin,NA,NA,NA,P3C4+Nigericin,P3C4,-0.9867293298478134,-1.271862934145076,Robust
LPS+Nigericin / Unstim,Cont_P60712_K326_M2_22,Cont_P60712;P60709,Methyl (KR),0.525945292139437,0.525945292139437,0.03753748077032455,0.5113996666776021,5,Cont_P60712;P60709,ACTB,"Actin, cytoplasmic 1;Actin, cytoplasmic 1",ACTB_BOVIN;ACTB_HUMAN,68,-30.549609661254173,0.6945039033874583,Unstim,LPS+Nigericin,NA,NA,NA,LPS+Nigericin,Unstim,-0.22614228305780676,0.7520875751972438,Robust
LPS+Nigericin / Unstim,P60709_K326_M2_22,Cont_P60712;P60709,Methyl (KR),0.525945292139437,0.525945292139437,0.03753748077032455,0.5113996666776021,5,Cont_P60712;P60709,ACTB,"Actin, cytoplasmic 1;Actin, cytoplasmic 1",ACTB_BOVIN;ACTB_HUMAN,68,-30.549609661254173,0.6945039033874583,Unstim,LPS+Nigericin,NA,NA,NA,LPS+Nigericin,Unstim,-0.22614228305780676,0.7520875751972438,Robust
P3C4 / Unstim,Q14683_C619_M2_24,Q14683,Nitrosyl,-2.5226030006970337,2.5226030006970337,0.03748220869396947,0.5113996666776021,6,Q14683,SMC1A,Structural maintenance of chromosomes protein 1A,SMC1A_HUMAN,92,474.61792610346254,5.746179261034626,Unstim,P3C4,NA,NA,NA,P3C4,Unstim,-0.5758413760791451,-1.9467616246178885,Robust
LPS+Nigericin / Unstim,P50897_C45_M2_24,P50897,Nitrosyl,4.016952160860534,4.016952160860534,0.03753544232495676,0.5113996666776021,5,P50897,PPT1,Palmitoyl-protein thioesterase 1,PPT1_HUMAN,22,-93.82300985521238,0.06176990144787636,Unstim,LPS+Nigericin,NA,NA,NA,LPS+Nigericin,Unstim,-1.3280469546277365,5.34499911548827,Robust
P3C4 / Unstim,Cont_P68103_C411_M2_23,Cont_P68103;P68104,Myristoyl,-1.7222284012680948,1.7222284012680948,0.03802178071120713,0.5114795880872468,6,Cont_P68103;P68104,EEF1A1,Elongation factor 1-alpha 1,EF1A1_BOVIN;EF1A1_HUMAN,61,229.9456508844324,3.2994565088443237,Unstim,P3C4,NA,NA,NA,P3C4,Unstim,0.1105137506098942,-1.832742151877989,Robust
P3C4 / Unstim,P68104_C411_M2_23,Cont_P68103;P68104,Myristoyl,-1.7222284012680948,1.7222284012680948,0.03802178071120713,0.5114795880872468,6,Cont_P68103;P68104,EEF1A1,Elongation factor 1-alpha 1,EF1A1_BOVIN;EF1A1_HUMAN,61,229.9456508844324,3.2994565088443237,Unstim,P3C4,NA,NA,NA,P3C4,Unstim,0.1105137506098942,-1.832742151877989,Robust
LPS / Unstim,P00505_K73_M1_32,P00505,Trimethyl (K),6.00925463832091,6.00925463832091,0.03804631393974728,0.5114795880872468,6,P00505,GOT2,"Aspartate aminotransferase, mitochondrial",AATM_HUMAN,38,-98.44749108653834,0.01552508913461653,Unstim,LPS,NA,NA,NA,LPS,Unstim,-0.5005065668574687,6.509761205178379,Robust
LPS+Nigericin / LPS,P07203_K166_M1_18,P07203,Hex (K),-0.7234613251617773,0.7234613251617773,0.03761108687094755,0.5114795880872468,6,P07203,GPX1,Glutathione peroxidase 1,GPX1_HUMAN,25,65.1138711028908,1.651138711028908,LPS,LPS+Nigericin,NA,NA,NA,LPS+Nigericin,LPS,-0.04015191544090155,-0.6833094097208757,Robust
LPS+Nigericin / LPS,P15153_T108_M2_31,P15153,Sulfo (STY),3.5004654433985043,3.5004654433985043,0.03762534063453236,0.5114795880872468,6,P15153,RAC2,Ras-related C3 botulinum toxin substrate 2,RAC2_HUMAN,13,-91.16401636698691,0.08835983633013088,LPS,LPS+Nigericin,NA,NA,NA,LPS+Nigericin,LPS,0.3309183261919638,3.1695471172065406,Robust
LPS+Nigericin / LPS,P15153_S107_M2_31,P15153,Sulfo (STY),3.5004654433985043,3.5004654433985043,0.03762534063453236,0.5114795880872468,6,P15153,RAC2,Ras-related C3 botulinum toxin substrate 2,RAC2_HUMAN,13,-91.16401636698691,0.08835983633013088,LPS,LPS+Nigericin,NA,NA,NA,LPS+Nigericin,LPS,0.3309183261919638,3.1695471172065406,Robust
LPS / Unstim,P17535_S100_M1_28,P17535,Phospho (STY),0.9002513897893585,0.9002513897893585,0.03780603240163998,0.5114795880872468,6,P17535,JUND,Transcription factor JunD,JUND_HUMAN,15,-46.420663892595414,0.5357933610740458,Unstim,LPS,NA,NA,NA,LPS,Unstim,-0.31861874910173793,1.2188701388910963,Robust
P3C4+Nigericin / Unstim,P40123_K275_M1_23,P40123,Myristoyl,-0.7559589413641887,0.7559589413641887,0.03774852779716158,0.5114795880872468,6,P40123,CAP2,Adenylyl cyclase-associated protein 2,CAP2_HUMAN,6,68.87537127773552,1.6887537127773553,Unstim,P3C4+Nigericin,NA,NA,NA,P3C4+Nigericin,Unstim,-1.7855545971248816,1.029595655760693,Robust
P3C4+Nigericin / Unstim,P40123_T274_M1_28,P40123,Phospho (STY),-0.7544059364612414,0.7544059364612414,0.0377268688514881,0.5114795880872468,6,P40123,CAP2,Adenylyl cyclase-associated protein 2,CAP2_HUMAN,6,68.69368134038992,1.6869368134038991,Unstim,P3C4+Nigericin,NA,NA,NA,P3C4+Nigericin,Unstim,-1.7855545971248816,1.0311486606636402,Robust
LPS+Nigericin / LPS,P50991_K319_M1_22,P50991,Methyl (KR),-1.680537526680609,1.680537526680609,0.03800018625195011,0.5114795880872468,6,P50991,CCT4,T-complex protein 1 subunit delta,TCPD_HUMAN,46,220.5473599606463,3.205473599606463,LPS,LPS+Nigericin,NA,NA,NA,LPS+Nigericin,LPS,-0.1918779305404995,-1.4886595961401095,Robust
P3C4+Nigericin / Unstim,P60660_T76_M1_19,P60660,HexNAc (ST),1.0616104496862375,1.0616104496862375,0.03762292942807262,0.5114795880872468,6,P60660,MYL6,Myosin light polypeptide 6,MYL6_HUMAN,25,-52.09030446516285,0.47909695534837154,Unstim,P3C4+Nigericin,NA,NA,NA,P3C4+Nigericin,Unstim,0.14983128703748255,0.911779162648755,Robust
P3C4+Nigericin / Unstim,P98179_R65_M1_22,P98179,Methyl (KR),-4.100866333464935,4.100866333464935,0.03786014438662517,0.5114795880872468,6,P98179,RBM3,RNA-binding protein 3,RBM3_HUMAN,14,1615.867603411919,17.15867603411919,Unstim,P3C4+Nigericin,NA,NA,NA,P3C4+Nigericin,Unstim,-1.9446964857502376,-2.156169847714697,Robust
LPS+Nigericin / Unstim,Q09666_S5448_M1_31,Q09666,Sulfo (STY),-2.6978131827600267,2.6978131827600267,0.03770005934304987,0.5114795880872468,6,Q09666,AHNAK,Neuroblast differentiation-associated protein AHNAK,AHNK_HUMAN,760,548.8177024215009,6.48817702421501,Unstim,LPS+Nigericin,NA,NA,NA,LPS+Nigericin,Unstim,-0.6286103582637066,-2.06920282449632,Robust
P3C4 / Unstim,Q13523_K99_M1_22,Q13523,Methyl (KR),-2.4532570669598415,2.4532570669598415,0.03769007413223142,0.5114795880872468,6,Q13523,PRPF4B,Serine/threonine-protein kinase PRP4 homolog,PRP4B_HUMAN,35,447.6510998851053,5.476510998851053,Unstim,P3C4,NA,NA,NA,P3C4,Unstim,-0.4588229079720184,-1.994434158987823,Robust
LPS+Nigericin / Unstim,Q01518_R330_M1_13,Q01518,Dimethyl (KR),-1.62254683830421,1.62254683830421,0.03782469602657166,0.5114795880872468,4,Q01518,CAP1,Adenylyl cyclase-associated protein 1,CAP1_HUMAN,89,207.9181350295451,3.0791813502954515,Unstim,LPS+Nigericin,NA,NA,NA,LPS+Nigericin,Unstim,-0.8951742816774941,-0.727372556626716,Robust
LPS+Nigericin / LPS,Q96B02_K28_M1_13,Q96B02,Dimethyl (KR),1.884749473814425,1.884749473814425,0.03806220794039385,0.5114800765863512,6,Q96B02,UBE2W,Ubiquitin-conjugating enzyme E2 W,UBE2W_HUMAN,2,-72.92092194706892,0.27079078052931077,LPS,LPS+Nigericin,NA,NA,NA,LPS+Nigericin,LPS,-0.33404578058836154,2.2187952544027865,Robust
LPS+Nigericin / LPS,Q9BSW2_T586_M2_19,Q9BSW2,HexNAc (ST),2.352853941478142,2.352853941478142,0.03811805014781966,0.5115527740946938,5,Q9BSW2,CRACR2A,EF-hand calcium-binding domain-containing protein 4B,EFC4B_HUMAN,11,-80.4241608349176,0.195758391650824,LPS,LPS+Nigericin,NA,NA,NA,LPS+Nigericin,LPS,-0.3835151925183248,2.736369133996467,Robust
P3C4 / Unstim,Cont_P68103_K408_M1_17,Cont_P68103;P68104,GlyGly (K),-1.763859593444879,1.763859593444879,0.03814116022135882,0.511607491686253,6,Cont_P68103;P68104,EEF1A1,Elongation factor 1-alpha 1,EF1A1_BOVIN;EF1A1_HUMAN,61,239.6054457506843,3.396054457506843,Unstim,P3C4,NA,NA,NA,P3C4,Unstim,0.1105137506098942,-1.8743733440547732,Robust
P3C4 / Unstim,P68104_K408_M1_17,Cont_P68103;P68104,GlyGly (K),-1.763859593444879,1.763859593444879,0.03814116022135882,0.511607491686253,6,Cont_P68103;P68104,EEF1A1,Elongation factor 1-alpha 1,EF1A1_BOVIN;EF1A1_HUMAN,61,239.6054457506843,3.396054457506843,Unstim,P3C4,NA,NA,NA,P3C4,Unstim,0.1105137506098942,-1.8743733440547732,Robust
LPS / Unstim,P07339_C290_M1_24,P07339,Nitrosyl,-1.6628584199725656,1.6628584199725656,0.03819638201545585,0.5116776228992643,6,P07339,CTSD,Cathepsin D,CATD_HUMAN,32,216.64327078402863,3.1664327078402863,Unstim,LPS,NA,NA,NA,LPS,Unstim,-0.4332853617540935,-1.229573058218472,Robust
LPS+Nigericin / Unstim,O14497_S363_M1_28,O14497,Phospho (STY),-1.5262148941385585,1.5262148941385585,0.03838118341483049,0.5120474320779638,6,O14497,ARID1A,AT-rich interactive domain-containing protein 1A,ARI1A_HUMAN,65,188.029163392499,2.88029163392499,Unstim,LPS+Nigericin,NA,NA,NA,LPS+Nigericin,Unstim,-0.873078740979045,-0.6531361531595135,Robust
LPS / Unstim,Q5BKZ1_K442_M1_17,Q5BKZ1,GlyGly (K),7.969625687672429,7.969625687672429,0.03836292164592629,0.5120474320779638,6,Q5BKZ1,ZNF326,DBIRD complex subunit ZNF326,ZN326_HUMAN,19,-99.6010636463749,0.00398936353625096,Unstim,LPS,NA,NA,NA,LPS,Unstim,-0.7641399139253433,8.733765601597772,Robust
P3C4 / Unstim,P30101_T319_M2_28,P30101,Phospho (STY),0.988626091149302,0.988626091149302,0.0384842648268684,0.512177035284485,4,P30101,PDIA3,Protein disulfide-isomerase A3,PDIA3_HUMAN,92,-49.60425241118249,0.5039574758881751,Unstim,P3C4,NA,NA,NA,P3C4,Unstim,0.1368917112660636,0.8517343798832384,Robust
P3C4+Nigericin / P3C4,Q8WWM7_T182_M1_28,Q8WWM7,Phospho (STY),-2.703919003314179,2.703919003314179,0.03849265267225833,0.5122257824185921,5,Q8WWM7,ATXN2L,Ataxin-2-like protein,ATX2L_HUMAN,52,551.5694686093273,6.515694686093273,P3C4,P3C4+Nigericin,NA,NA,NA,P3C4+Nigericin,P3C4,-1.7047937921022662,-0.9991252112119129,Robust
P3C4+Nigericin / P3C4,Q8WWM7_S188_M1_31,Q8WWM7,Sulfo (STY),-7.892591303427362,7.892591303427362,0.03858230569749242,0.5123978837693326,4,Q8WWM7,ATXN2L,Ataxin-2-like protein,ATX2L_HUMAN,52,23663.29863478443,237.6329863478443,P3C4,P3C4+Nigericin,NA,NA,NA,P3C4+Nigericin,P3C4,-1.7047937921022662,-6.187797511325096,Robust
P3C4+Nigericin / Unstim,Q01518_K412_M1_32,Q01518,Trimethyl (K),-2.3541691305454315,2.3541691305454315,0.0386919105233231,0.5127623823236249,6,Q01518,CAP1,Adenylyl cyclase-associated protein 1,CAP1_HUMAN,89,411.2996826366802,5.1129968263668015,Unstim,P3C4+Nigericin,NA,NA,NA,P3C4+Nigericin,Unstim,-1.4485805095523945,-0.905588620993037,Robust
P3C4+Nigericin / P3C4,O95782_K810_M1_32,O95782,Trimethyl (K),-2.432329975295376,2.432329975295376,0.03884714332522081,0.5127914106226924,6,O95782,AP2A1,AP-2 complex subunit alpha-1,AP2A1_HUMAN,55,439.7644553250013,5.397644553250013,P3C4,P3C4+Nigericin,NA,NA,NA,P3C4+Nigericin,P3C4,-1.1054942879050635,-1.3268356873903127,Robust
LPS+Nigericin / Unstim,P14618_K151_M1_17,P14618,GlyGly (K),-1.997013290816804,1.997013290816804,0.03888852972461693,0.5127914106226924,6,P14618,PKM,Pyruvate kinase PKM,KPYM_HUMAN,78,299.1727649586629,3.9917276495866294,Unstim,LPS+Nigericin,NA,NA,NA,LPS+Nigericin,Unstim,-0.5931361184886916,-1.4038771723281123,Robust
LPS / Unstim,P21964_R151_M1_22,P21964,Methyl (KR),-2.3843112948978926,2.3843112948978926,0.03884395369677427,0.5127914106226924,6,P21964,COMT,Catechol O-methyltransferase,COMT_HUMAN,28,422.0946209396364,5.220946209396364,Unstim,LPS,NA,NA,NA,LPS,Unstim,-0.24452047114413103,-2.1397908237537617,Robust
LPS+Nigericin / LPS,P29692_R219_M1_22,P29692,Methyl (KR),-1.48231956468365,1.48231956468365,0.03874222241866624,0.5127914106226924,6,P29692,EEF1D,Elongation factor 1-delta,EF1D_HUMAN,27,179.3975877028183,2.793975877028183,LPS,LPS+Nigericin,NA,NA,NA,LPS+Nigericin,LPS,-0.6273370257753459,-0.8549825389083041,Robust
LPS+Nigericin / LPS,P29692_C217_M1_24,P29692,Nitrosyl,-1.48231956468365,1.48231956468365,0.03874222241866624,0.5127914106226924,6,P29692,EEF1D,Elongation factor 1-delta,EF1D_HUMAN,27,179.3975877028183,2.793975877028183,LPS,LPS+Nigericin,NA,NA,NA,LPS+Nigericin,LPS,-0.6273370257753459,-0.8549825389083041,Robust
P3C4+Nigericin / P3C4,P49959_K28_M1_17,P49959,GlyGly (K),-2.684066630158451,2.684066630158451,0.03887342084957832,0.5127914106226924,6,P49959,MRE11,Double-strand break repair protein MRE11,MRE11_HUMAN,44,542.6648778804434,6.426648778804434,P3C4,P3C4+Nigericin,NA,NA,NA,P3C4+Nigericin,P3C4,-0.8748433976429478,-1.809223232515503,Robust
P3C4+Nigericin / P3C4,P60174_K33_M1_0,P60174,Acetyl (K),-2.085789059843102,2.085789059843102,0.03877232932377307,0.5127914106226924,6,P60174,TPI1,Triosephosphate isomerase,TPIS_HUMAN,42,324.5072107497156,4.2450721074971565,P3C4,P3C4+Nigericin,NA,NA,NA,P3C4+Nigericin,P3C4,-1.3962661623485948,-0.6895228974945073,Robust
P3C4+Nigericin / P3C4,P07237_S293_M1_31,P07237,Sulfo (STY),-2.4816867332676154,2.4816867332676154,0.03889975276437265,0.5127914106226924,5,P07237,P4HB,Protein disulfide-isomerase,PDIA1_HUMAN,110,458.5501162726408,5.585501162726408,P3C4,P3C4+Nigericin,NA,NA,NA,P3C4+Nigericin,P3C4,-0.19749068962748015,-2.284196043640135,Robust
LPS+Nigericin / Unstim,P04083_T64_M1_31,P04083,Sulfo (STY),1.4251713018110088,1.4251713018110088,0.03898103300522344,0.5128887064891414,4,P04083,ANXA1,Annexin A1,ANXA1_HUMAN,57,-62.76248516891734,0.37237514831082663,Unstim,LPS+Nigericin,NA,NA,NA,LPS+Nigericin,Unstim,0.6420714705565049,0.7830998312545039,Robust
P3C4+Nigericin / Unstim,Q09666_K2106_M1_18,Q09666,Hex (K),-3.3049871453615127,3.3049871453615127,0.0391730208176923,0.5132779103578577,5,Q09666,AHNAK,Neuroblast differentiation-associated protein AHNAK,AHNK_HUMAN,760,888.3261035221302,9.883261035221302,Unstim,P3C4+Nigericin,NA,NA,NA,P3C4+Nigericin,Unstim,-1.0379204968861848,-2.267066648475328,Robust
LPS / Unstim,O75351_R243_M1_22,O75351,Methyl (KR),0.6235457236088265,0.6235457236088265,0.03920323650794696,0.5133118068003281,6,O75351,VPS4B,Vacuolar protein sorting-associated protein 4B,VPS4B_HUMAN,35,-35.09262681085965,0.6490737318914035,Unstim,LPS,NA,NA,NA,LPS,Unstim,0.0199243527072808,0.6036213709015458,Robust
P3C4+Nigericin / P3C4,P30044_K179_M1_18,P30044,Hex (K),-2.359100934325513,2.359100934325513,0.03930630871177622,0.5133118068003281,5,P30044,PRDX5,"Peroxiredoxin-5, mitochondrial",PRDX5_HUMAN,20,413.0505340668249,5.1305053406682495,P3C4,P3C4+Nigericin,NA,NA,NA,P3C4+Nigericin,P3C4,-0.7422883774678539,-1.6168125568576592,Robust
LPS+Nigericin / LPS,Q99714_K52_M1_13,Q99714,Dimethyl (KR),2.2706976070882345,2.2706976070882345,0.03931035224899344,0.5133192848192326,6,Q99714,HSD17B10,3-hydroxyacyl-CoA dehydrogenase type-2,HCD2_HUMAN,26,-79.27703425145761,0.2072296574854239,LPS,LPS+Nigericin,NA,NA,NA,LPS+Nigericin,LPS,0.3473446404783925,1.9233529666098421,Robust
LPS / Unstim,P41218_K355_M1_13,P41218,Dimethyl (KR),-2.2789197637296317,2.2789197637296317,0.03931368562130416,0.5133525063870119,6,P41218,MNDA,Myeloid cell nuclear differentiation antigen,MNDA_HUMAN,44,385.31443232245454,4.853144323224545,Unstim,LPS,NA,NA,NA,LPS,Unstim,-0.575238614159472,-1.7036811495701598,Robust
LPS / Unstim,P00505_R68_M2_13,P00505,Dimethyl (KR),4.988214443662904,4.988214443662904,0.03936992686392725,0.513448233931963,6,P00505,GOT2,"Aspartate aminotransferase, mitochondrial",AATM_HUMAN,38,-96.84936692657612,0.0315063307342388,Unstim,LPS,NA,NA,NA,LPS,Unstim,-0.5005065668574687,5.488721010520373,Robust
P3C4+Nigericin / P3C4,P10809_R446_M1_22,P10809,Methyl (KR),0.45429661309254415,0.45429661309254415,0.03969614814144848,0.513682732713839,6,P10809,HSPD1,"60 kDa heat shock protein, mitochondrial",CH60_HUMAN,115,-27.013406800160688,0.7298659319983931,P3C4,P3C4+Nigericin,NA,NA,NA,P3C4+Nigericin,P3C4,-0.1291976072910422,0.5834942203835863,Robust
LPS+Nigericin / Unstim,P13667_K184_M1_13,P13667,Dimethyl (KR),2.4963501291394823,2.4963501291394823,0.0395600916092628,0.513682732713839,6,P13667,PDIA4,Protein disulfide-isomerase A4,PDIA4_HUMAN,81,-82.27755115525662,0.17722448844743385,Unstim,LPS+Nigericin,NA,NA,NA,LPS+Nigericin,Unstim,0.06604250555220907,2.4303076235872734,Robust
LPS / Unstim,P20700_K156_M2_32,P20700,Trimethyl (K),-2.2694555137647208,2.2694555137647208,0.03959971834806704,0.513682732713839,6,P20700,LMNB1,Lamin-B1,LMNB1_HUMAN,93,382.14113228421655,4.821411322842166,Unstim,LPS,NA,NA,NA,LPS,Unstim,-0.32824102194003535,-1.9412144918246854,Robust
LPS / Unstim,P20700_K145_M2_32,P20700,Trimethyl (K),-2.2694555137647208,2.2694555137647208,0.03959971834806704,0.513682732713839,6,P20700,LMNB1,Lamin-B1,LMNB1_HUMAN,93,382.14113228421655,4.821411322842166,Unstim,LPS,NA,NA,NA,LPS,Unstim,-0.32824102194003535,-1.9412144918246854,Robust
LPS / Unstim,P31943_C122_M1_24,P31943,Nitrosyl,-6.486647209717004,6.486647209717004,0.03962089607176063,0.513682732713839,6,P31943,HNRNPH1,Heterogeneous nuclear ribonucleoprotein H,HNRH1_HUMAN,44,8867.582512894165,89.67582512894165,Unstim,LPS,NA,NA,NA,LPS,Unstim,-0.24726821263420787,-6.239378997082796,Robust
P3C4+Nigericin / Unstim,P51153_K56_M2_17,P51153,GlyGly (K),-1.7189107876934753,1.7189107876934753,0.03969096676400176,0.513682732713839,6,P51153,RAB13,Ras-related protein Rab-13,RAB13_HUMAN,18,229.1877814120756,3.291877814120756,Unstim,P3C4+Nigericin,NA,NA,NA,P3C4+Nigericin,Unstim,-0.7858970648620481,-0.9330137228314271,Robust
P3C4+Nigericin / P3C4,Q15046_R392_M1_13,Q15046,Dimethyl (KR),-1.7281138989242515,1.7281138989242515,0.03942615947964903,0.513682732713839,6,Q15046,KARS1,Lysine--tRNA ligase,SYK_HUMAN,46,231.29441877109628,3.3129441877109627,P3C4,P3C4+Nigericin,NA,NA,NA,P3C4+Nigericin,P3C4,-1.0214045992966103,-0.7067092996276412,Robust
LPS+Nigericin / LPS,Q99497_K89_M1_13,Q99497,Dimethyl (KR),-2.0456624019852248,2.0456624019852248,0.03951730167524719,0.513682732713839,6,Q99497,PARK7,Parkinson disease protein 7,PARK7_HUMAN,37,312.86279088489897,4.12862790884899,LPS,LPS+Nigericin,NA,NA,NA,LPS+Nigericin,LPS,-0.7307592469333007,-1.314903155051924,Robust
P3C4 / Unstim,Q9H4A4_C85_M1_24,Q9H4A4,Nitrosyl,2.1900861956938207,2.1900861956938207,0.0395328564278198,0.513682732713839,6,Q9H4A4,RNPEP,Aminopeptidase B,AMPB_HUMAN,43,-78.0861662767428,0.21913833723257203,Unstim,P3C4,NA,NA,NA,P3C4,Unstim,-0.00410517655661733,2.194191372250438,Robust
P3C4 / Unstim,P31943_C122_M1_24,P31943,Nitrosyl,-6.251280150422014,6.251280150422014,0.03976547733262388,0.5137098976076001,6,P31943,HNRNPH1,Heterogeneous nuclear ribonucleoprotein H,HNRH1_HUMAN,44,7517.68195593842,76.1768195593842,Unstim,P3C4,NA,NA,NA,P3C4,Unstim,-0.148214989444539,-6.103065160977475,Robust
P3C4+Nigericin / Unstim,O14744_C344_M1_24,O14744,Nitrosyl,-2.7697700503467155,2.7697700503467155,0.03988726564816979,0.5139000378908668,6,O14744,PRMT5,Protein arginine N-methyltransferase 5,ANM5_HUMAN,31,581.9992016115973,6.819992016115973,Unstim,P3C4+Nigericin,NA,NA,NA,P3C4+Nigericin,Unstim,-1.1209491040644264,-1.6488209462822891,Robust
P3C4+Nigericin / Unstim,P31943_C122_M1_24,P31943,Nitrosyl,-6.036374414276456,6.036374414276456,0.03991040409079687,0.5139239854744063,6,P31943,HNRNPH1,Heterogeneous nuclear ribonucleoprotein H,HNRH1_HUMAN,44,6463.413466103579,65.63413466103579,Unstim,P3C4+Nigericin,NA,NA,NA,P3C4+Nigericin,Unstim,-1.3764231221975662,-4.65995129207889,Robust
P3C4 / Unstim,Q6PJG2_C502_M1_24,Q6PJG2,Nitrosyl,-1.2874633606111023,1.2874633606111023,0.03996680480148638,0.5140159265455221,6,Q6PJG2,MIDEAS,Mitotic deacetylase-associated SANT domain protein,MDEAS_HUMAN,40,144.09848831071074,2.4409848831071073,Unstim,P3C4,NA,NA,NA,P3C4,Unstim,-0.7002900842082511,-0.5871732764028512,Robust
LPS+Nigericin / Unstim,P02545_C591_M2_24,P02545,Nitrosyl,0.8876738170689289,0.8876738170689289,0.04000867313455697,0.5140860959460517,6,P02545,LMNA,Prelamin-A/C,LMNA_HUMAN,127,-45.95151130634165,0.5404848869365836,Unstim,LPS+Nigericin,NA,NA,NA,LPS+Nigericin,Unstim,-0.264140716883675,1.1518145339526038,Robust
LPS+Nigericin / Unstim,P02545_C588_M2_24,P02545,Nitrosyl,0.8876738170689289,0.8876738170689289,0.04000867313455697,0.5140860959460517,6,P02545,LMNA,Prelamin-A/C,LMNA_HUMAN,127,-45.95151130634165,0.5404848869365836,Unstim,LPS+Nigericin,NA,NA,NA,LPS+Nigericin,Unstim,-0.264140716883675,1.1518145339526038,Robust
P3C4+Nigericin / P3C4,P26038_S576_M1_28,P26038,Phospho (STY),-2.1768873570923235,2.1768873570923235,0.04005653000958031,0.5141177346958387,6,P26038,MSN,Moesin,MOES_HUMAN,79,352.1769203504475,4.521769203504475,P3C4,P3C4+Nigericin,NA,NA,NA,P3C4+Nigericin,P3C4,-1.247703328774887,-0.9291840283174364,Robust
P3C4+Nigericin / Unstim,Q14684_K589_M1_13,Q14684,Dimethyl (KR),-0.6020396563472997,0.6020396563472997,0.04009298004788862,0.5141336226022829,6,Q14684,RRP1B,Ribosomal RNA processing protein 1 homolog B,RRP1B_HUMAN,37,51.786097488547234,1.5178609748854723,Unstim,P3C4+Nigericin,NA,NA,NA,P3C4+Nigericin,Unstim,-1.2018601904908168,0.5998205341435171,Robust
LPS+Nigericin / Unstim,P23141_K129_M1_32,P23141,Trimethyl (K),2.1789067332709444,2.1789067332709444,0.04012432357620356,0.5141829654679885,5,P23141,CES1,Liver carboxylesterase 1,EST1_HUMAN,57,-77.91569606251994,0.2208430393748006,Unstim,LPS+Nigericin,NA,NA,NA,LPS+Nigericin,Unstim,0.1254391942989001,2.0534675389720443,Robust
LPS+Nigericin / Unstim,O14744_C344_M1_24,O14744,Nitrosyl,-3.0145342171747647,3.0145342171747647,0.04020390835407732,0.5142807925977294,6,O14744,PRMT5,Protein arginine N-methyltransferase 5,ANM5_HUMAN,31,708.1002150232034,8.081002150232035,Unstim,LPS+Nigericin,NA,NA,NA,LPS+Nigericin,Unstim,-0.6933715322069551,-2.3211626849678098,Robust
P3C4+Nigericin / Unstim,O00541_Y392_M1_31,O00541,Sulfo (STY),-1.856150812526559,1.856150812526559,0.04026213279892637,0.5143365378283665,6,O00541,PES1,Pescadillo homolog,PESC_HUMAN,34,262.04042917186786,3.6204042917186783,Unstim,P3C4+Nigericin,NA,NA,NA,P3C4+Nigericin,Unstim,-0.8319597478326844,-1.0241910646938743,Robust
P3C4+Nigericin / Unstim,O00541_C391_M1_24,O00541,Nitrosyl,-1.856150812526559,1.856150812526559,0.04026213279892637,0.5143365378283665,6,O00541,PES1,Pescadillo homolog,PESC_HUMAN,34,262.04042917186786,3.6204042917186783,Unstim,P3C4+Nigericin,NA,NA,NA,P3C4+Nigericin,Unstim,-0.8319597478326844,-1.0241910646938743,Robust
P3C4+Nigericin / Unstim,O75367_K236_M1_10,O75367,Crotonyl,-1.8305323834291596,1.8305323834291596,0.04024963586680721,0.5143365378283665,6,O75367,MACROH2A1,Core histone macro-H2A.1,H2AY_HUMAN,41,255.66829699378113,3.5566829699378113,Unstim,P3C4+Nigericin,NA,NA,NA,P3C4+Nigericin,Unstim,-0.43853144097139174,-1.3920009424577677,Robust
LPS+Nigericin / LPS,P30101_K94_M1_13,P30101,Dimethyl (KR),0.985396625052401,0.985396625052401,0.0404013490614506,0.5144296587219871,6,P30101,PDIA3,Protein disulfide-isomerase A3,PDIA3_HUMAN,92,-49.49131540875168,0.5050868459124832,LPS,LPS+Nigericin,NA,NA,NA,LPS+Nigericin,LPS,0.01572849310307264,0.9696681319493283,Robust
LPS+Nigericin / LPS,P34931_K130_M1_17,P34931,GlyGly (K),3.196361488599611,3.196361488599611,0.04044142669675791,0.5144296587219871,6,P34931,HSPA1L,Heat shock 70 kDa protein 1-like,HS71L_HUMAN,13,-89.09063895522411,0.10909361044775888,LPS,LPS+Nigericin,NA,NA,NA,LPS+Nigericin,LPS,-0.10071954674026629,3.297081035339877,Robust
LPS+Nigericin / Unstim,Q01518_K63_M2_18,Q01518,Hex (K),-2.239880292031506,2.239880292031506,0.04033583233198708,0.5144296587219871,6,Q01518,CAP1,Adenylyl cyclase-associated protein 1,CAP1_HUMAN,89,372.3578689377574,4.723578689377574,Unstim,LPS+Nigericin,NA,NA,NA,LPS+Nigericin,Unstim,-0.8951742816774941,-1.3447060103540118,Robust
P3C4+Nigericin / P3C4,Q5T1R4_T1401_M1_19,Q5T1R4,HexNAc (ST),-2.1723932871464244,2.1723932871464244,0.04029007903015791,0.5144296587219871,6,Q5T1R4,HIVEP3,Transcription factor HIVEP3,ZEP3_HUMAN,86,350.7705573541357,4.507705573541357,P3C4,P3C4+Nigericin,NA,NA,NA,P3C4+Nigericin,P3C4,-1.4662081560992009,-0.7061851310472236,Robust
P3C4+Nigericin / P3C4,Q9P258_R300_M1_13,Q9P258,Dimethyl (KR),4.2021528529138905,4.2021528529138905,0.04048960575573235,0.5144296587219871,4,Q9P258,RCC2,Protein RCC2,RCC2_HUMAN,32,-94.56717213568706,0.05432827864312943,P3C4,P3C4+Nigericin,NA,NA,NA,P3C4+Nigericin,P3C4,-1.4751482355539702,5.6773010884678605,Robust
P3C4+Nigericin / Unstim,P48643_S428_M2_31,P48643,Sulfo (STY),-1.6097502846747946,1.6097502846747946,0.04051342387321657,0.5144362168047962,5,P48643,CCT5,T-complex protein 1 subunit epsilon,TCPE_HUMAN,60,205.19901048390147,3.051990104839015,Unstim,P3C4+Nigericin,NA,NA,NA,P3C4+Nigericin,Unstim,-0.8225730353583283,-0.7871772493164664,Robust
P3C4+Nigericin / P3C4,Q7Z6P3_T874_M1_31,Q7Z6P3,Sulfo (STY),-0.326275516485518,0.326275516485518,0.04058116935078144,0.514658098415175,6,Q7Z6P3,RAB44,Ras-related protein Rab-44,RAB44_HUMAN,54,25.377243485797397,1.253772434857974,P3C4,P3C4+Nigericin,NA,NA,NA,P3C4+Nigericin,P3C4,-1.167830325482427,0.8415548089969089,Robust
LPS+Nigericin / LPS,Q16658_R201_M1_13,Q16658,Dimethyl (KR),-1.741302841674517,1.741302841674517,0.04060407806967889,0.5147388177645298,6,Q16658,FSCN1,Fascin,FSCN1_HUMAN,47,234.33695816221123,3.3433695816221123,LPS,LPS+Nigericin,NA,NA,NA,LPS+Nigericin,LPS,-0.4938061774594032,-1.247496664215114,Robust
P3C4+Nigericin / P3C4,P61158_K38_M1_10,P61158,Crotonyl,-1.1586000062394015,1.1586000062394015,0.04075253385174185,0.514847815189924,6,P61158,ACTR3,Actin-related protein 3,ARP3_HUMAN,34,123.24068931917766,2.2324068931917767,P3C4,P3C4+Nigericin,NA,NA,NA,P3C4+Nigericin,P3C4,-0.427539227886754,-0.7310607783526475,Robust
LPS+Nigericin / Unstim,Q16553_K37_M1_32,Q16553,Trimethyl (K),-0.7725061069977169,0.7725061069977169,0.04076845349061193,0.514847815189924,6,Q16553,LY6E,Lymphocyte antigen 6E,LY6E_HUMAN,1,70.82345837147135,1.7082345837147137,Unstim,LPS+Nigericin,NA,NA,NA,LPS+Nigericin,Unstim,0.5923735613219163,-1.3648796683196331,Robust
P3C4+Nigericin / P3C4,P61247_K199_M1_13,P61247,Dimethyl (KR),-1.3599355358553027,1.3599355358553027,0.0408088451678109,0.5148603168123478,6,P61247,RPS3A,Small ribosomal subunit protein eS1,RS3A_HUMAN,50,156.67371026897453,2.5667371026897454,P3C4,P3C4+Nigericin,NA,NA,NA,P3C4+Nigericin,P3C4,-0.732933658793203,-0.6270018770620996,Robust
LPS / Unstim,P62750_R139_M2_22,P62750,Methyl (KR),-1.2243036653255597,1.2243036653255597,0.04093648067266416,0.5149125450245854,4,P62750,RPL23A,Large ribosomal subunit protein uL23,RL23A_HUMAN,19,133.64265196587047,2.336426519658705,Unstim,LPS,NA,NA,NA,LPS,Unstim,-0.4637416056919158,-0.7605620596336439,Robust
P3C4+Nigericin / Unstim,P62249_K4_M1_22,P62249,Methyl (KR),0.6956471443006293,0.6956471443006293,0.04100050193493967,0.5150789731328529,4,P62249,RPS16,Small ribosomal subunit protein uS9,RS16_HUMAN,19,-38.25677028516721,0.6174322971483279,Unstim,P3C4+Nigericin,NA,NA,NA,P3C4+Nigericin,Unstim,-0.5486626387697321,1.2443097830703613,Robust
LPS / Unstim,P05455_K316_M2_32,P05455,Trimethyl (K),-2.2660813594863716,2.2660813594863716,0.04106450470755689,0.5151723787328613,6,P05455,SSB,Lupus La protein,LA_HUMAN,57,381.0148251918763,4.810148251918763,Unstim,LPS,NA,NA,NA,LPS,Unstim,-0.4121291626128901,-1.8539521968734816,Robust
LPS / Unstim,P05455_K312_M2_32,P05455,Trimethyl (K),-2.2660813594863716,2.2660813594863716,0.04106450470755689,0.5151723787328613,6,P05455,SSB,Lupus La protein,LA_HUMAN,57,381.0148251918763,4.810148251918763,Unstim,LPS,NA,NA,NA,LPS,Unstim,-0.4121291626128901,-1.8539521968734816,Robust
P3C4+Nigericin / P3C4,O60841_K644_M1_17,O60841,GlyGly (K),-2.3357290157373742,2.3357290157373742,0.04110365420105186,0.5152119609241315,6,O60841,EIF5B,Eukaryotic translation initiation factor 5B,IF2P_HUMAN,55,404.80598523277786,5.048059852327778,P3C4,P3C4+Nigericin,NA,NA,NA,P3C4+Nigericin,P3C4,-1.279450099062016,-1.0562789166753583,Robust
P3C4+Nigericin / P3C4,P30085_K179_M1_23,P30085,Myristoyl,1.676955570690018,1.676955570690018,0.04117645226510615,0.515269305950466,6,P30085,CMPK1,UMP-CMP kinase,KCY_HUMAN,27,-68.725809890446385,0.3127419010955362,P3C4,P3C4+Nigericin,NA,NA,NA,P3C4+Nigericin,P3C4,-1.315566149265391,2.992521719955409,Robust
LPS+Nigericin / LPS,Q14847_K75_M1_10,Q14847,Crotonyl,0.5187726915023654,0.5187726915023654,0.04117085066859037,0.515269305950466,6,Q14847,LASP1,LIM and SH3 domain protein 1,LASP1_HUMAN,33,-30.203465640773143,0.6979653435922686,LPS,LPS+Nigericin,NA,NA,NA,LPS+Nigericin,LPS,-0.8840859940034613,1.4028586855058267,Robust
P3C4+Nigericin / P3C4,Q15149_R3337_M1_22,Q15149,Methyl (KR),-5.9515119051495295,5.9515119051495295,0.04120512532770753,0.5153505055288446,4,Q15149,PLEC,Plectin,PLEC_HUMAN,369,6088.474460926117,61.88474460926117,P3C4,P3C4+Nigericin,NA,NA,NA,P3C4+Nigericin,P3C4,-1.3313306553644684,-4.620181249785061,Robust
P3C4 / Unstim,P10809_K58_M2_13,P10809,Dimethyl (KR),1.5031970437080713,1.5031970437080713,0.04121703418425483,0.5153717926284309,5,P10809,HSPD1,"60 kDa heat shock protein, mitochondrial",CH60_HUMAN,115,-64.72292239734398,0.35277077602656026,Unstim,P3C4,NA,NA,NA,P3C4,Unstim,0.03487154920053166,1.4683254945075397,Robust
LPS+Nigericin / LPS,P61020_S184_M1_31,P61020,Sulfo (STY),1.529099344435958,1.529099344435958,0.04125692509059327,0.5155336261517166,6,P61020,RAB5B,Ras-related protein Rab-5B,RAB5B_HUMAN,11,-65.35063890683399,0.3464936109316601,LPS,LPS+Nigericin,NA,NA,NA,LPS+Nigericin,LPS,0.6139253086054086,0.9151740358305493,Robust
LPS+Nigericin / LPS,P55809_R144_M1_22,P55809,Methyl (KR),4.606742660948471,4.606742660948471,0.04134645109981487,0.5157999134649378,6,P55809,OXCT1,"Succinyl-CoA:3-ketoacid coenzyme A transferase 1, mitochondrial",SCOT1_HUMAN,33,-95.89576446009296,0.04104235539907038,LPS,LPS+Nigericin,NA,NA,NA,LPS+Nigericin,LPS,0.25807253864806673,4.348670122300404,Robust
LPS+Nigericin / LPS,Q6P996_K680_M1_13,Q6P996,Dimethyl (KR),-2.083197249095563,2.083197249095563,0.04142992970359605,0.515889547572518,6,Q6P996,PDXDC1,Pyridoxal-dependent decarboxylase domain-containing protein 1,PDXD1_HUMAN,35,323.7452654906898,4.237452654906898,LPS,LPS+Nigericin,NA,NA,NA,LPS+Nigericin,LPS,-0.17159979056134603,-1.911597458534217,Robust
P3C4+Nigericin / P3C4,O14734_T301_M1_28,O14734,Phospho (STY),-1.297524584011996,1.297524584011996,0.04154038813100286,0.5159263431225337,6,O14734,ACOT8,Acyl-coenzyme A thioesterase 8,ACOT8_HUMAN,17,145.80675860265927,2.458067586026593,P3C4,P3C4+Nigericin,NA,NA,NA,P3C4+Nigericin,P3C4,-0.08214679967395581,-1.2153777843380402,Robust
LPS+Nigericin / Unstim,Q14697_S799_M1_31,Q14697,Sulfo (STY),5.92764253732609,5.92764253732609,0.04145503225704454,0.5159263431225337,6,Q14697,GANAB,Neutral alpha-glucosidase AB,GANAB_HUMAN,74,-98.3571353204208,0.01642864679579192,Unstim,LPS+Nigericin,NA,NA,NA,LPS+Nigericin,Unstim,0.05398447729824188,5.873658060027848,Robust
LPS / Unstim,Q00839_C453_M2_24,Q00839,Nitrosyl,-2.506692519486345,2.506692519486345,0.04156918268090642,0.5160316383223809,6,Q00839,HNRNPU,Heterogeneous nuclear ribonucleoprotein U,HNRPU_HUMAN,85,468.3156796688132,5.683156796688132,Unstim,LPS,NA,NA,NA,LPS,Unstim,-0.5844918379190155,-1.9222006815673298,Robust
LPS / Unstim,Q00839_C450_M2_24,Q00839,Nitrosyl,-2.506692519486345,2.506692519486345,0.04156918231335124,0.5160316383223809,6,Q00839,HNRNPU,Heterogeneous nuclear ribonucleoprotein U,HNRPU_HUMAN,85,468.3156796688132,5.683156796688132,Unstim,LPS,NA,NA,NA,LPS,Unstim,-0.5844918379190155,-1.9222006815673298,Robust
P3C4+Nigericin / Unstim,P02545_K155_M2_10,P02545,Crotonyl,-1.6268617141523862,1.6268617141523862,0.04158761497789435,0.51610672227889,6,P02545,LMNA,Prelamin-A/C,LMNA_HUMAN,127,208.84044870566112,3.088404487056611,Unstim,P3C4+Nigericin,NA,NA,NA,P3C4+Nigericin,Unstim,-0.5521129854571318,-1.0747487286952544,Robust
P3C4+Nigericin / Unstim,P0CG39_C880_M1_23,P0CG39,Myristoyl,-1.08608246552017,1.08608246552017,0.04169913484344117,0.5163633973737625,6,P0CG39,POTEJ,POTE ankyrin domain family member J,POTEJ_HUMAN,4,112.29677648457924,2.1229677648457925,Unstim,P3C4+Nigericin,NA,NA,NA,P3C4+Nigericin,Unstim,-0.4664202256862893,-0.6196622398338807,Robust
LPS / Unstim,P22626_R203_M1_22,P22626,Methyl (KR),1.773944297928079,1.773944297928079,0.04171975295162113,0.5164042344690533,6,P22626,HNRNPA2B1,Heterogeneous nuclear ribonucleoproteins A2/B1,ROA2_HUMAN,51,-70.75917944018909,0.29240820559810926,Unstim,LPS,NA,NA,NA,LPS,Unstim,-0.30284000151530255,2.0767842994433816,Robust
LPS / Unstim,Q96EY7_R648_M1_13,Q96EY7,Dimethyl (KR),1.4442255882763582,1.4442255882763582,0.04175476629725278,0.5164042344690533,6,Q96EY7,PTCD3,Small ribosomal subunit protein mS39,PTCD3_HUMAN,25,-63.25106331929797,0.3674893668070203,Unstim,LPS,NA,NA,NA,LPS,Unstim,-0.5380428746173359,1.982268462893694,Robust
P3C4 / Unstim,O95319_K83_M1_0,O95319,Acetyl (K),-1.5562719326080745,1.5562719326080745,0.04177205819822176,0.5164541046272495,6,O95319,CELF2,CUGBP Elav-like family member 2,CELF2_HUMAN,23,194.09289542388575,2.9409289542388577,Unstim,P3C4,NA,NA,NA,P3C4,Unstim,-0.7092155507772833,-0.8470563818307912,Robust
P3C4+Nigericin / P3C4,O00217_T127_M1_19,O00217,HexNAc (ST),-2.349870744097682,2.349870744097682,0.04180946961727439,0.5165292834921208,6,O00217,NDUFS8,"NADH dehydrogenase [ubiquinone] iron-sulfur protein 8, mitochondrial",NDUS8_HUMAN,14,409.7785761039927,5.097785761039927,P3C4,P3C4+Nigericin,NA,NA,NA,P3C4+Nigericin,P3C4,-0.3585995085054924,-1.9912712355921895,Robust
P3C4+Nigericin / Unstim,P06733_T85_M1_28,P06733,Phospho (STY),-1.615178839616258,1.615178839616258,0.04184871851612617,0.5165292834921208,6,P06733,ENO1,Alpha-enolase,ENOA_HUMAN,61,206.3495728247921,3.0634957282479207,Unstim,P3C4+Nigericin,NA,NA,NA,P3C4+Nigericin,Unstim,-0.8470720019309406,-0.7681068376853175,Robust
LPS+Nigericin / Unstim,P14625_T419_M1_31,P14625,Sulfo (STY),1.0104933581904567,1.0104933581904567,0.04181530691212968,0.5165292834921208,6,P14625,HSP90B1,Endoplasmin,ENPL_HUMAN,108,-50.36235270911453,0.4963764729088546,Unstim,LPS+Nigericin,NA,NA,NA,LPS+Nigericin,Unstim,0.20732211337811143,0.8031712448123453,Robust
P3C4+Nigericin / P3C4,Q9UBV8_K260_M1_23,Q9UBV8,Myristoyl,6.285627978826226,6.285627978826226,0.04188170400364405,0.5165550537486806,6,Q9UBV8,PEF1,Peflin,PEF1_HUMAN,7,-98.71814932389664,0.01281850676103342,P3C4,P3C4+Nigericin,NA,NA,NA,P3C4+Nigericin,P3C4,-0.12998621318538325,6.415614192011609,Robust
P3C4 / Unstim,O60841_K644_M1_17,O60841,GlyGly (K),5.245399540664046,5.245399540664046,0.04207643385953349,0.5169826388077015,6,O60841,EIF5B,Eukaryotic translation initiation factor 5B,IF2P_HUMAN,55,-97.36380580709366,0.02636194192906339,Unstim,P3C4,NA,NA,NA,P3C4,Unstim,-0.05406541987832763,5.299464960542373,Robust
LPS+Nigericin / LPS,O95881_K123_M1_18,O95881,Hex (K),-1.0052352332972565,1.0052352332972565,0.04210821620955276,0.5169826388077015,6,O95881,TXNDC12,Thioredoxin domain-containing protein 12,TXD12_HUMAN,15,100.72707584382074,2.0072707584382075,LPS,LPS+Nigericin,NA,NA,NA,LPS+Nigericin,LPS,-0.13640021576526803,-0.8688350175319884,Robust
LPS+Nigericin / Unstim,P02545_K135_M1_13,P02545,Dimethyl (KR),0.588943621605728,0.588943621605728,0.04215523880857515,0.5169826388077015,5,P02545,LMNA,Prelamin-A/C,LMNA_HUMAN,127,-33.51704658591835,0.6648295341408165,Unstim,LPS+Nigericin,NA,NA,NA,LPS+Nigericin,Unstim,-0.264140716883675,0.853084338489403,Robust
P3C4 / Unstim,P17096_S44_M1_28,P17096,Phospho (STY),-1.5053201803093503,1.5053201803093503,0.04213362204032885,0.5169826388077015,6,P17096,HMGA1,High mobility group protein HMG-I/HMG-Y,HMGA1_HUMAN,13,183.88766802959591,2.8388766802959595,Unstim,P3C4,NA,NA,NA,P3C4,Unstim,0.2136316793196347,-1.718951859628985,Robust
P3C4+Nigericin / Unstim,P20810_R301_M1_22,P20810,Methyl (KR),-3.050254913135269,3.050254913135269,0.04217859202229025,0.5169826388077015,5,P20810,CAST,Calpastatin,ICAL_HUMAN,42,728.358290692119,8.28358290692119,Unstim,P3C4+Nigericin,NA,NA,NA,P3C4+Nigericin,Unstim,-1.074427291793095,-1.975827621342174,Robust
P3C4+Nigericin / Unstim,Q9UHD2_K567_M1_22,Q9UHD2,Methyl (KR),0.8117061898492175,0.8117061898492175,0.04221431475565733,0.5170625189623923,6,Q9UHD2,TBK1,Serine/threonine-protein kinase TBK1,TBK1_HUMAN,21,-43.02923001341483,0.5697076998658517,Unstim,P3C4+Nigericin,NA,NA,NA,P3C4+Nigericin,Unstim,-0.6633462070971845,1.475052396946402,Robust
P3C4+Nigericin / P3C4,P24534_K139_M1_13,P24534,Dimethyl (KR),-1.946737682820412,1.946737682820412,0.04235054883707954,0.5172897435052204,5,P24534,EEF1B2,Elongation factor 1-beta,EF1B_HUMAN,20,285.5018230806402,3.855018230806402,P3C4,P3C4+Nigericin,NA,NA,NA,P3C4+Nigericin,P3C4,-1.2485397203898567,-0.6981979624305552,Robust
LPS+Nigericin / LPS,Q9BVK6_K90_M1_23,Q9BVK6,Myristoyl,-4.409640196224983,4.409640196224983,0.04233546062994268,0.5172897435052204,6,Q9BVK6,TMED9,Transmembrane emp24 domain-containing protein 9,TMED9_HUMAN,21,2025.367176312624,21.25367176312624,LPS,LPS+Nigericin,NA,NA,NA,LPS+Nigericin,LPS,0.17716582624763083,-4.586806022472614,Robust
P3C4+Nigericin / Unstim,P42765_C128_M2_24,P42765,Nitrosyl,-1.6937443167143116,1.6937443167143116,0.04235650018627612,0.5172897435052204,5,P42765,ACAA2,"3-ketoacyl-CoA thiolase, mitochondrial",THIM_HUMAN,40,223.4952024552287,3.234952024552287,Unstim,P3C4+Nigericin,NA,NA,NA,P3C4+Nigericin,Unstim,-0.5805802208821509,-1.1131640958321607,Robust
P3C4+Nigericin / P3C4,Q01081_C102_M1_24,Q01081,Nitrosyl,-1.9673163021145184,1.9673163021145184,0.04250767879688957,0.5175897559117012,6,Q01081,U2AF1,Splicing factor U2AF 35 kDa subunit,U2AF1_HUMAN,18,291.0400303154599,3.910400303154599,P3C4,P3C4+Nigericin,NA,NA,NA,P3C4+Nigericin,P3C4,-1.0467179092892054,-0.920598392825313,Robust
P3C4+Nigericin / P3C4,Q10588_K244_M1_10,Q10588,Crotonyl,7.905849138522419,7.905849138522419,0.04255427221147809,0.5176189916935084,6,Q10588,BST1,ADP-ribosyl cyclase/cyclic ADP-ribose hydrolase 2,BST1_HUMAN,22,-99.58303244014034,0.00416967559859656,P3C4,P3C4+Nigericin,NA,NA,NA,P3C4+Nigericin,P3C4,-0.5078903447788811,8.4137394833013,Robust
LPS+Nigericin / Unstim,O00560_S148_M1_31,O00560,Sulfo (STY),1.452327772877517,1.452327772877517,0.0425992561393192,0.5178033481853545,5,O00560,SDCBP,Syntenin-1,SDCB1_HUMAN,25,-63.45686714464147,0.36543132855358534,Unstim,LPS+Nigericin,NA,NA,NA,LPS+Nigericin,Unstim,0.22382745248014096,1.2285003203973761,Robust
P3C4 / Unstim,Q9Y512_Y407_M1_31,Q9Y512,Sulfo (STY),3.443081058299685,3.443081058299685,0.04261371228297417,0.5178242343100333,6,Q9Y512,SAMM50,Sorting and assembly machinery component 50 homolog,SAM50_HUMAN,31,-90.80547445038404,0.09194525549615935,Unstim,P3C4,NA,NA,NA,P3C4,Unstim,-0.2503816245106029,3.6934626828102877,Robust
P3C4 / Unstim,P26038_S576_M1_28,P26038,Phospho (STY),1.9435255610637416,1.9435255610637416,0.04265840866455663,0.5178612331596331,6,P26038,MSN,Moesin,MOES_HUMAN,79,-74.00196591647628,0.25998034083523724,Unstim,P3C4,NA,NA,NA,P3C4,Unstim,-0.386994929659141,2.3305204907228827,Robust
LPS / Unstim,P42285_C110_M1_23,P42285,Myristoyl,-1.7045596287168607,1.7045596287168607,0.04265838173195419,0.5178612331596331,6,P42285,MTREX,Exosome RNA helicase MTR4,MTREX_HUMAN,40,225.92943038751417,3.2592943038751416,Unstim,LPS,NA,NA,NA,LPS,Unstim,-0.722706925176438,-0.9818527035404228,Robust
LPS+Nigericin / LPS,Q08J23_K497_M3_32,Q08J23,Trimethyl (K),0.5656207407956194,0.5656207407956194,0.04267632459159055,0.5178612331596331,5,Q08J23,NSUN2,RNA cytosine C(5)-methyltransferase NSUN2,NSUN2_HUMAN,69,-32.433536070222225,0.6756646392977778,LPS,LPS+Nigericin,NA,NA,NA,LPS+Nigericin,LPS,-0.18040456939958752,0.7460253101952069,Robust
P3C4+Nigericin / P3C4,Q9NT62_K185_M1_13,Q9NT62,Dimethyl (KR),-2.004665209072193,2.004665209072193,0.0426603590269729,0.5178612331596331,6,Q9NT62,ATG3,Ubiquitin-like-conjugating enzyme ATG3,ATG3_HUMAN,19,301.29556419486096,4.01295564194861,P3C4,P3C4+Nigericin,NA,NA,NA,P3C4+Nigericin,P3C4,-1.2731208182102949,-0.7315443908618982,Robust
P3C4+Nigericin / P3C4,Q09666_S2397_M1_28,Q09666,Phospho (STY),-3.0170097867992296,3.0170097867992296,0.04274867032438249,0.5178995444104253,6,Q09666,AHNAK,Neuroblast differentiation-associated protein AHNAK,AHNK_HUMAN,760,709.4880521207778,8.094880521207777,P3C4,P3C4+Nigericin,NA,NA,NA,P3C4+Nigericin,P3C4,-0.9867293298478134,-2.030280456951416,Robust
P3C4+Nigericin / P3C4,P11021_K621_M1_10,P11021,Crotonyl,0.7760991473397353,0.7760991473397353,0.04289598885012345,0.5180124348365027,6,P11021,HSPA5,Endoplasmic reticulum chaperone BiP,BIP_HUMAN,92,-41.60564348342438,0.5839435651657562,P3C4,P3C4+Nigericin,NA,NA,NA,P3C4+Nigericin,P3C4,-0.1707394015235865,0.9468385488633217,Robust
P3C4+Nigericin / P3C4,P51659_K614_M1_13,P51659,Dimethyl (KR),-1.649684140797436,1.649684140797436,0.04294559050319046,0.5180124348365027,6,P51659,HSD17B4,Peroxisomal multifunctional enzyme type 2,DHB4_HUMAN,69,213.76493691070007,3.1376493691070007,P3C4,P3C4+Nigericin,NA,NA,NA,P3C4+Nigericin,P3C4,-0.07480956702374468,-1.5748745737736913,Robust
P3C4+Nigericin / P3C4,P51991_K182_M1_13,P51991,Dimethyl (KR),-2.223187414524145,2.223187414524145,0.04295486600875219,0.5180124348365027,6,P51991,HNRNPA3,Heterogeneous nuclear ribonucleoprotein A3,ROA3_HUMAN,42,366.92389293249664,4.669238929324966,P3C4,P3C4+Nigericin,NA,NA,NA,P3C4+Nigericin,P3C4,-1.0599890818458293,-1.1631983326783157,Robust
LPS+Nigericin / LPS,Q15154_K409_M2_0,Q15154,Acetyl (K),0.7251459951261958,0.7251459951261958,0.04299072839162242,0.5180124348365027,4,Q15154,PCM1,Pericentriolar material 1 protein,PCM1_HUMAN,105,-39.50641756402112,0.6049358243597888,LPS,LPS+Nigericin,NA,NA,NA,LPS+Nigericin,LPS,-0.5486673763506782,1.273813371476874,Robust
LPS+Nigericin / LPS,Q9H0U3_S38_M2_19,Q9H0U3,HexNAc (ST),-0.7863489946745255,0.7863489946745255,0.04299551793758187,0.5180124348365027,5,Q9H0U3,MAGT1,Magnesium transporter protein 1,MAGT1_HUMAN,15,72.47042535976315,1.7247042535976316,LPS,LPS+Nigericin,NA,NA,NA,LPS+Nigericin,LPS,0.5644416757885128,-1.3507906704630384,Robust
P3C4+Nigericin / P3C4,Q9H6F5_S47_M1_28,Q9H6F5,Phospho (STY),-1.5999043940428217,1.5999043940428217,0.04287165003373722,0.5180124348365027,6,Q9H6F5,CCDC86,Coiled-coil domain-containing protein 86,CCD86_HUMAN,24,203.12322496357697,3.0312322496357695,P3C4,P3C4+Nigericin,NA,NA,NA,P3C4+Nigericin,P3C4,-0.8467480264014018,-0.7531563676414199,Robust
P3C4+Nigericin / P3C4,P06733_K162_M1_32,P06733,Trimethyl (K),7.5234728786668255,7.5234728786668255,0.04303869842666937,0.5180780774139685,6,P06733,ENO1,Alpha-enolase,ENOA_HUMAN,61,-99.45648818171304,0.0054351181828698,P3C4,P3C4+Nigericin,NA,NA,NA,P3C4+Nigericin,P3C4,-1.0874121372269685,8.610885015893794,Robust
P3C4+Nigericin / Unstim,P08397_C211_M1_24,P08397,Nitrosyl,-2.2360549922222086,2.2360549922222086,0.0430904683075399,0.5181900928306237,6,P08397,HMBS,Porphobilinogen deaminase,HEM3_HUMAN,18,371.10707301560353,4.7110707301560355,Unstim,P3C4+Nigericin,NA,NA,NA,P3C4+Nigericin,Unstim,-1.2785203511011605,-0.9575346411210481,Robust
LPS+Nigericin / LPS,P40926_C212_M1_24,P40926,Nitrosyl,2.0289124363735422,2.0289124363735422,0.04306455431231042,0.5181900928306237,6,P40926,MDH2,"Malate dehydrogenase, mitochondrial",MDHM_HUMAN,42,-75.49602740569232,0.24503972594307685,LPS,LPS+Nigericin,NA,NA,NA,LPS+Nigericin,LPS,0.40213390323076226,1.62677853314278,Robust
LPS+Nigericin / Unstim,Q9UKM9_K224_M1_32,Q9UKM9,Trimethyl (K),-1.695201280132984,1.695201280132984,0.04307131478268276,0.5181900928306237,6,Q9UKM9,RALY,RNA-binding protein Raly,RALY_HUMAN,29,223.82206207136565,3.238220620713657,Unstim,LPS+Nigericin,NA,NA,NA,LPS+Nigericin,Unstim,-0.5553865446811597,-1.1398147354518244,Robust
P3C4+Nigericin / P3C4,P51991_S358_M1_28,P51991,Phospho (STY),-2.1037226056532243,2.1037226056532243,0.04308316595677191,0.5181900928306237,5,P51991,HNRNPA3,Heterogeneous nuclear ribonucleoprotein A3,ROA3_HUMAN,42,329.81701808242303,4.29817018082423,P3C4,P3C4+Nigericin,NA,NA,NA,P3C4+Nigericin,P3C4,-1.0599890818458293,-1.043733523807395,Robust
LPS+Nigericin / LPS,P51570_S254_M1_19,P51570,HexNAc (ST),-1.8158372358867592,1.8158372358867592,0.04313171714386601,0.5181940530047087,6,P51570,GALK1,Galactokinase,GALK1_HUMAN,26,252.0638835181556,3.5206388351815563,LPS,LPS+Nigericin,NA,NA,NA,LPS+Nigericin,LPS,-0.3830806143615814,-1.4327566215251777,Robust
LPS+Nigericin / LPS,P57053_K44_M1_0,P57053,Acetyl (K),1.5488994425998448,1.5488994425998448,0.04315903004769149,0.5182445943390998,6,P57053,H2BC12L,Histone H2B type F-S,H2BFS_HUMAN,9,-65.82293160594935,0.34177068394050647,LPS,LPS+Nigericin,NA,NA,NA,LPS+Nigericin,LPS,0.883126401342573,0.6657730412572718,Robust
LPS / Unstim,Q03518_Y555_M1_31,Q03518,Sulfo (STY),1.639668099160738,1.639668099160738,0.04322693596694305,0.5184226626635478,5,Q03518,TAP1,Antigen peptide transporter 1,TAP1_HUMAN,23,-67.90697021187344,0.32093029788126554,Unstim,LPS,NA,NA,NA,LPS,Unstim,-0.43760333316844946,2.077271432329187,Robust
P3C4+Nigericin / Unstim,P27824_Y150_M1_31,P27824,Sulfo (STY),1.9717175818639736,1.9717175818639736,0.04330198153737868,0.5184326991794928,6,P27824,CANX,Calnexin,CALX_HUMAN,69,-74.50506759349128,0.2549493240650873,Unstim,P3C4+Nigericin,NA,NA,NA,P3C4+Nigericin,Unstim,-0.076564332337461,2.048281914201435,Robust
P3C4+Nigericin / P3C4,Q9UQ35_S2272_M1_28,Q9UQ35,Phospho (STY),-1.6571354468305344,1.6571354468305344,0.04328363160012773,0.5184326991794928,6,Q9UQ35,SRRM2,Serine/arginine repetitive matrix protein 2,SRRM2_HUMAN,85,215.38967846282557,3.1538967846282557,P3C4,P3C4+Nigericin,NA,NA,NA,P3C4+Nigericin,P3C4,-1.0449618968931966,-0.6121735499373377,Robust
P3C4 / Unstim,Q6JBY9_R4_M1_13,Q6JBY9,Dimethyl (KR),0.7681087691279407,0.7681087691279407,0.04343320704470774,0.5184824143839313,6,Q6JBY9,RCSD1,CapZ-interacting protein,CPZIP_HUMAN,31,-41.281328583840626,0.5871867141615937,Unstim,P3C4,NA,NA,NA,P3C4,Unstim,0.11955537014518454,0.6485533989827561,Robust
LPS+Nigericin / Unstim,P07477_T103_M1_28,P07477,Phospho (STY),-1.6793245337086218,1.6793245337086218,0.04351002175285307,0.5186579589275588,6,P07477,PRSS1,Serine protease 1,TRY1_HUMAN,5,220.2779625673388,3.202779625673388,Unstim,LPS+Nigericin,NA,NA,NA,LPS+Nigericin,Unstim,-0.08756120161563162,-1.5917633320929903,Robust
P3C4 / Unstim,P27824_Y150_M1_31,P27824,Sulfo (STY),1.916213530045555,1.916213530045555,0.04354643599995303,0.5188076139354149,6,P27824,CANX,Calnexin,CALX_HUMAN,69,-73.50510215547584,0.26494897844524173,Unstim,P3C4,NA,NA,NA,P3C4,Unstim,0.13240798516026256,1.7838055448852923,Robust
LPS / Unstim,P00505_K73_M2_13,P00505,Dimethyl (KR),4.673979603654927,4.673979603654927,0.04358385260042629,0.5189222796723645,5,P00505,GOT2,"Aspartate aminotransferase, mitochondrial",AATM_HUMAN,38,-96.08265392937192,0.03917346070628096,Unstim,LPS,NA,NA,NA,LPS,Unstim,-0.5005065668574687,5.174486170512396,Robust
LPS+Nigericin / Unstim,P06748_T95_M2_31,P06748,Sulfo (STY),0.8962875077460504,0.8962875077460504,0.04363440986514649,0.5189883837693977,5,P06748,NPM1,Nucleophosmin,NPM_HUMAN,40,-46.27324936952528,0.5372675063047472,Unstim,LPS+Nigericin,NA,NA,NA,LPS+Nigericin,Unstim,-0.1526557632418919,1.0489432709879423,Robust
P3C4+Nigericin / Unstim,Q13151_K154_M2_23,Q13151,Myristoyl,-1.99516889484845,1.99516889484845,0.04375892532349997,0.5191599107050459,6,Q13151,HNRNPA0,Heterogeneous nuclear ribonucleoprotein A0,ROA0_HUMAN,26,298.66277344683397,3.9866277344683394,Unstim,P3C4+Nigericin,NA,NA,NA,P3C4+Nigericin,Unstim,-1.3027212877941303,-0.6924476070543197,Robust
P3C4+Nigericin / Unstim,Q13151_Y145_M1_28,Q13151,Phospho (STY),-1.99516889484845,1.99516889484845,0.04375892532349997,0.5191599107050459,6,Q13151,HNRNPA0,Heterogeneous nuclear ribonucleoprotein A0,ROA0_HUMAN,26,298.66277344683397,3.9866277344683394,Unstim,P3C4+Nigericin,NA,NA,NA,P3C4+Nigericin,Unstim,-1.3027212877941303,-0.6924476070543197,Robust
P3C4+Nigericin / P3C4,O60506_K407_M2_32,O60506,Trimethyl (K),1.0013225361343188,1.0013225361343188,0.04380541989774279,0.5191599107050459,5,O60506,SYNCRIP,Heterogeneous nuclear ribonucleoprotein Q,HNRPQ_HUMAN,64,-50.045814607021754,0.49954185392978245,P3C4,P3C4+Nigericin,NA,NA,NA,P3C4+Nigericin,P3C4,-0.76561555011097,1.7669380862452888,Robust
LPS / Unstim,O94804_S438_M1_28,O94804,Phospho (STY),-1.1372324539918872,1.1372324539918872,0.04387449561405958,0.5192179430579872,6,O94804,STK10,Serine/threonine-protein kinase 10,STK10_HUMAN,73,119.95866781062404,2.1995866781062405,Unstim,LPS,NA,NA,NA,LPS,Unstim,-0.4505127186350553,-0.686719735356832,Robust
P3C4 / Unstim,P02545_K597_M1_17,P02545,GlyGly (K),0.5128739914650833,0.5128739914650833,0.04391440223019725,0.5192531396281524,6,P02545,LMNA,Prelamin-A/C,LMNA_HUMAN,127,-29.917506635851577,0.7008249336414842,Unstim,P3C4,NA,NA,NA,P3C4,Unstim,-0.12401651398343314,0.6368905054485164,Robust
P3C4+Nigericin / P3C4,P06744_K252_M1_22,P06744,Methyl (KR),-2.077416887262596,2.077416887262596,0.04397282697582486,0.5193028179327052,6,P06744,GPI,Glucose-6-phosphate isomerase,G6PI_HUMAN,43,322.0508668122652,4.220508668122652,P3C4,P3C4+Nigericin,NA,NA,NA,P3C4+Nigericin,P3C4,-1.3776098065556477,-0.6998070807069485,Robust
LPS / Unstim,Q6P2Q9_T1841_M1_19,Q6P2Q9,HexNAc (ST),-1.05676193803313,1.05676193803313,0.04399817016214302,0.519422132349426,6,Q6P2Q9,PRPF8,Pre-mRNA-processing-splicing factor 8,PRP8_HUMAN,143,108.02572373527948,2.0802572373527948,Unstim,LPS,NA,NA,NA,LPS,Unstim,-0.4665128847227526,-0.5902490533103772,Robust
LPS / Unstim,Q6P2Q9_K1840_M1_13,Q6P2Q9,Dimethyl (KR),-1.05676193803313,1.05676193803313,0.04399817016214302,0.519422132349426,6,Q6P2Q9,PRPF8,Pre-mRNA-processing-splicing factor 8,PRP8_HUMAN,143,108.02572373527948,2.0802572373527948,Unstim,LPS,NA,NA,NA,LPS,Unstim,-0.4665128847227526,-0.5902490533103772,Robust
P3C4+Nigericin / P3C4,Q01518_K37_M1_13,Q01518,Dimethyl (KR),-2.2716405551308383,2.2716405551308383,0.04404561245279729,0.5195171277302583,6,Q01518,CAP1,Adenylyl cyclase-associated protein 1,CAP1_HUMAN,89,382.87191493896773,4.828719149389677,P3C4,P3C4+Nigericin,NA,NA,NA,P3C4+Nigericin,P3C4,-1.0820625741617809,-1.1895779809690574,Robust
LPS+Nigericin / LPS,O43318_T538_M1_19,O43318,HexNAc (ST),5.920354138490346,5.920354138490346,0.04412299510483973,0.5196088246826868,6,O43318,MAP3K7,Mitogen-activated protein kinase kinase kinase 7,M3K7_HUMAN,16,-98.34881467799316,0.01651185322006841,LPS,LPS+Nigericin,NA,NA,NA,LPS+Nigericin,LPS,-0.6215298784908745,6.5418840169812205,Robust
LPS+Nigericin / LPS,O43318_K535_M1_23,O43318,Myristoyl,5.920354138490346,5.920354138490346,0.04412299510483973,0.5196088246826868,6,O43318,MAP3K7,Mitogen-activated protein kinase kinase kinase 7,M3K7_HUMAN,16,-98.34881467799316,0.01651185322006841,LPS,LPS+Nigericin,NA,NA,NA,LPS+Nigericin,LPS,-0.6215298784908745,6.5418840169812205,Robust
LPS+Nigericin / Unstim,Q01518_K376_M1_32,Q01518,Trimethyl (K),-1.607084114340746,1.607084114340746,0.04411202477436622,0.5196088246826868,6,Q01518,CAP1,Adenylyl cyclase-associated protein 1,CAP1_HUMAN,89,204.63550877526004,3.0463550877526004,Unstim,LPS+Nigericin,NA,NA,NA,LPS+Nigericin,Unstim,-0.8951742816774941,-0.7119098326632518,Robust
P3C4+Nigericin / Unstim,Q92734_R385_M1_13,Q92734,Dimethyl (KR),-1.0498037133332694,1.0498037133332694,0.04410966495248332,0.5196088246826868,6,Q92734,TFG,Protein TFG,TFG_HUMAN,15,107.02481597693485,2.0702481597693483,Unstim,P3C4+Nigericin,NA,NA,NA,P3C4+Nigericin,Unstim,-0.4019496366917409,-0.6478540766415285,Robust
LPS+Nigericin / LPS,Q9UBR2_S213_M1_31,Q9UBR2,Sulfo (STY),-1.4579814117760237,1.4579814117760237,0.04410090125697581,0.5196088246826868,5,Q9UBR2,CTSZ,Cathepsin Z,CATZ_HUMAN,16,174.72370701984747,2.7472370701984747,LPS,LPS+Nigericin,NA,NA,NA,LPS+Nigericin,LPS,-0.848498777675749,-0.6094826341002747,Robust
LPS+Nigericin / LPS,P16070_K715_M1_23,P16070,Myristoyl,1.916764094959308,1.916764094959308,0.04415887714037718,0.5197662876794152,6,P16070,CD44,CD44 antigen,CD44_HUMAN,27,-73.5152112760403,0.26484788723959696,LPS,LPS+Nigericin,NA,NA,NA,LPS+Nigericin,LPS,-0.3415662774857288,2.258330372445037,Robust
LPS / Unstim,P84243_K116_M1_18,P84243,Hex (K),-1.3999421877171352,1.3999421877171352,0.044285309787655,0.5200120381213252,6,P84243,H3-3A,Histone H3.3,H33_HUMAN,3,163.89100719119423,2.6389100719119423,Unstim,LPS,NA,NA,NA,LPS,Unstim,-0.7345129271131808,-0.6654292606039544,Robust
P3C4+Nigericin / P3C4,O75369_K2235_M1_10,O75369,Crotonyl,0.27492162953999777,0.27492162953999777,0.04439620310967138,0.5201184718704689,6,O75369,FLNB,Filamin-B,FLNB_HUMAN,169,-17.350478597451534,0.8264952140254846,P3C4,P3C4+Nigericin,NA,NA,NA,P3C4+Nigericin,P3C4,-0.390856727761574,0.6657783573015718,Robust
LPS+Nigericin / LPS,P50440_C131_M1_24,P50440,Nitrosyl,-0.6679363278833795,0.6679363278833795,0.04437893034510841,0.5201184718704689,6,P50440,GATM,"Glycine amidinotransferase, mitochondrial",GATM_HUMAN,31,58.87986783686401,1.58879867836864,LPS,LPS+Nigericin,NA,NA,NA,LPS+Nigericin,LPS,0.33082473163011084,-0.9987610595134904,Robust
LPS / Unstim,P11021_S365_M2_28,P11021,Phospho (STY),2.2954377794649905,2.2954377794649905,0.04436051127803051,0.5201184718704689,5,P11021,HSPA5,Endoplasmic reticulum chaperone BiP,BIP_HUMAN,92,-79.62937400475055,0.20370625995249453,Unstim,LPS,NA,NA,NA,LPS,Unstim,-0.1387704116563993,2.4342081911213898,Robust
LPS+Nigericin / Unstim,P04075_S354_M1_31,P04075,Sulfo (STY),-1.172262457759779,1.172262457759779,0.0444200403221467,0.5201653467303182,6,P04075,ALDOA,Fructose-bisphosphate aldolase A,ALDOA_HUMAN,60,125.364840760549,2.25364840760549,Unstim,LPS+Nigericin,NA,NA,NA,LPS+Nigericin,Unstim,-0.49458061259773994,-0.6776818451620392,Robust
P3C4+Nigericin / Unstim,P10809_R446_M1_22,P10809,Methyl (KR),0.5974801969771183,0.5974801969771183,0.04440428889699973,0.5201653467303182,6,P10809,HSPD1,"60 kDa heat shock protein, mitochondrial",CH60_HUMAN,115,-33.90927151693517,0.6609072848306483,Unstim,P3C4+Nigericin,NA,NA,NA,P3C4+Nigericin,Unstim,-0.0943260580905103,0.6918062550676286,Robust
P3C4+Nigericin / P3C4,P27695_T61_M1_19,P27695,HexNAc (ST),-3.677688428347702,3.677688428347702,0.04442019713506211,0.5201653467303182,4,P27695,APEX1,DNA-(apurinic or apyrimidinic site) endonuclease,APEX1_HUMAN,30,1179.659813740565,12.796598137405647,P3C4,P3C4+Nigericin,NA,NA,NA,P3C4+Nigericin,P3C4,-1.6335466148501023,-2.0441418134975997,Robust
LPS+Nigericin / LPS,Q9UPN9_K953_M1_0,Q9UPN9,Acetyl (K),-1.352333752224625,1.352333752224625,0.04441666803820478,0.5201653467303182,6,Q9UPN9,TRIM33,E3 ubiquitin-protein ligase TRIM33,TRI33_HUMAN,33,155.32481362672792,2.553248136267279,LPS,LPS+Nigericin,NA,NA,NA,LPS+Nigericin,LPS,-0.33620838583412893,-1.016125366390496,Robust
LPS+Nigericin / Unstim,O15347_K30_M1_32,O15347,Trimethyl (K),-4.293822475065345,4.293822475065345,0.04447987379172152,0.5201666562927013,6,O15347,HMGB3,High mobility group protein B3,HMGB3_HUMAN,19,1861.414407411368,19.61414407411368,Unstim,LPS+Nigericin,NA,NA,NA,LPS+Nigericin,Unstim,-1.172303521448986,-3.121518953616359,Robust
P3C4+Nigericin / Unstim,Q9BXK5_C103_M3_23,Q9BXK5,Myristoyl,-2.25764004552107,2.25764004552107,0.04453092533826899,0.520243648624396,5,Q9BXK5,BCL2L13,Bcl-2-like protein 13,B2L13_HUMAN,21,378.2085900966191,4.782085900966191,Unstim,P3C4+Nigericin,NA,NA,NA,P3C4+Nigericin,Unstim,-1.040835314341366,-1.216804731179704,Robust
P3C4+Nigericin / Unstim,P51659_K614_M1_13,P51659,Dimethyl (KR),-1.939450351018079,1.939450351018079,0.04457165410669494,0.5202987533892317,6,P51659,HSD17B4,Peroxisomal multifunctional enzyme type 2,DHB4_HUMAN,69,283.5594884643154,3.835594884643154,Unstim,P3C4+Nigericin,NA,NA,NA,P3C4+Nigericin,Unstim,-0.5502924659235114,-1.3891578850945674,Robust
LPS+Nigericin / Unstim,Q6STE5_T229_M1_31,Q6STE5,Sulfo (STY),-0.7994066503945109,0.7994066503945109,0.044603453220038,0.5203346887426479,6,Q6STE5,SMARCD3,SWI/SNF-related matrix-associated actin-dependent regulator of chromatin subfamily D member 3,SMRD3_HUMAN,8,74.03851961812924,1.7403851961812924,Unstim,LPS+Nigericin,NA,NA,NA,LPS+Nigericin,Unstim,-0.14896440474307687,-0.650442245651434,Robust
P3C4 / Unstim,Q9BXK5_K58_M1_13,Q9BXK5,Dimethyl (KR),1.1995868070782398,1.1995868070782398,0.04463798181545948,0.5204108418856508,6,Q9BXK5,BCL2L13,Bcl-2-like protein 13,B2L13_HUMAN,21,-56.46000361301431,0.43539996386985685,Unstim,P3C4,NA,NA,NA,P3C4,Unstim,0.07413447910001603,1.1254523279782238,Robust
LPS+Nigericin / Unstim,Q14683_C619_M2_24,Q14683,Nitrosyl,-2.3614641466647583,2.3614641466647583,0.04464122221334606,0.5204392617938841,6,Q14683,SMC1A,Structural maintenance of chromosomes protein 1A,SMC1A_HUMAN,92,413.89162722089014,5.138916272208902,Unstim,LPS+Nigericin,NA,NA,NA,LPS+Nigericin,Unstim,-0.8344942705190543,-1.526969876145704,Robust
P3C4 / Unstim,P49959_K28_M1_17,P49959,GlyGly (K),7.186517991208341,7.186517991208341,0.04466334326492133,0.520492898790903,6,P49959,MRE11,Double-strand break repair protein MRE11,MRE11_HUMAN,44,-99.31349687222142,0.00686503127778576,Unstim,P3C4,NA,NA,NA,P3C4,Unstim,-0.06982676091672904,7.256344752125069,Robust
P3C4+Nigericin / P3C4,Q01518_Y153_M1_31,Q01518,Sulfo (STY),-1.8218852268808168,1.8218852268808168,0.04466002621659855,0.520492898790903,6,Q01518,CAP1,Adenylyl cyclase-associated protein 1,CAP1_HUMAN,89,253.54288532122283,3.5354288532122284,P3C4,P3C4+Nigericin,NA,NA,NA,P3C4+Nigericin,P3C4,-1.0820625741617809,-0.7398226527190359,Robust
P3C4+Nigericin / Unstim,P40939_K625_M2_32,P40939,Trimethyl (K),0.6927295057056585,0.6927295057056585,0.04471723964365383,0.5206110993474294,4,P40939,HADHA,"Trifunctional enzyme subunit alpha, mitochondrial",ECHA_HUMAN,89,-38.13177733409135,0.6186822266590865,Unstim,P3C4+Nigericin,NA,NA,NA,P3C4+Nigericin,Unstim,-0.3623731062931269,1.0551026119987854,Robust
P3C4+Nigericin / Unstim,P04899_K86_M1_32,P04899,Trimethyl (K),-2.4760291717624847,2.4760291717624847,0.04477218242045688,0.5206380423556454,6,P04899,GNAI2,Guanine nucleotide-binding protein G(i) subunit alpha-2,GNAI2_HUMAN,18,456.3640384318881,5.56364038431888,Unstim,P3C4+Nigericin,NA,NA,NA,P3C4+Nigericin,Unstim,-0.6379464716120435,-1.8380827001504412,Robust
P3C4+Nigericin / P3C4,Q09666_K1133_M2_10,Q09666,Crotonyl,-1.7630393531513469,1.7630393531513469,0.04480838091241882,0.5206987952032565,6,Q09666,AHNAK,Neuroblast differentiation-associated protein AHNAK,AHNK_HUMAN,760,239.4124188871352,3.394124188871352,P3C4,P3C4+Nigericin,NA,NA,NA,P3C4+Nigericin,P3C4,-0.9867293298478134,-0.7763100233035335,Robust
P3C4 / Unstim,P31949_C13_M1_24,P31949,Nitrosyl,0.9962433736346225,0.9962433736346225,0.04489814962588405,0.5208163889714944,6,P31949,S100A11,Protein S100-A11,S10AB_HUMAN,17,-49.869635597373495,0.501303644026265,Unstim,P3C4,NA,NA,NA,P3C4,Unstim,0.3937618152000349,0.6024815584345875,Robust
LPS / Unstim,Q09666_K2106_M1_18,Q09666,Hex (K),-2.270866005396643,2.270866005396643,0.04490657668735441,0.5208163889714944,6,Q09666,AHNAK,Neuroblast differentiation-associated protein AHNAK,AHNK_HUMAN,760,382.6127417093454,4.8261274170934545,Unstim,LPS,NA,NA,NA,LPS,Unstim,-0.2154134687790074,-2.0554525366176355,Robust
P3C4+Nigericin / Unstim,O15347_K30_M1_32,O15347,Trimethyl (K),-8.22620663865969,8.22620663865969,0.0451051032495604,0.5212656059670577,6,O15347,HMGB3,High mobility group protein B3,HMGB3_HUMAN,19,29845.733049995353,299.4573304999535,Unstim,P3C4+Nigericin,NA,NA,NA,P3C4+Nigericin,Unstim,-1.6260959913573088,-6.600110647302381,Robust
P3C4 / Unstim,P07237_T241_M1_31,P07237,Sulfo (STY),1.7133723374932623,1.7133723374932623,0.04512236554410635,0.5212656059670577,6,P07237,P4HB,Protein disulfide-isomerase,PDIA1_HUMAN,110,-69.50535845878666,0.3049464154121334,Unstim,P3C4,NA,NA,NA,P3C4,Unstim,0.1360154163102909,1.5773569211829714,Robust
LPS+Nigericin / Unstim,Q00610_T235_M1_28,Q00610,Phospho (STY),-2.239686318300882,2.239686318300882,0.04512192326130365,0.5212656059670577,6,Q00610,CLTC,Clathrin heavy chain 1,CLH1_HUMAN,130,372.2943635841604,4.722943635841604,Unstim,LPS+Nigericin,NA,NA,NA,LPS+Nigericin,Unstim,-0.5553760202405995,-1.6843102980602824,Robust
P3C4 / Unstim,Cont_P68103_K5_M1_18,Cont_P68103;P68104,Hex (K),10.278092978428296,10.278092978428296,0.04523783188435127,0.5213315141298276,6,Cont_P68103;P68104,EEF1A1,Elongation factor 1-alpha 1,EF1A1_BOVIN;EF1A1_HUMAN,61,-99.91946480487177,8.0535195128249e-4,Unstim,P3C4,NA,NA,NA,P3C4,Unstim,0.1105137506098942,10.167579227818402,Robust
P3C4 / Unstim,P68104_K5_M1_18,Cont_P68103;P68104,Hex (K),10.278092978428296,10.278092978428296,0.04523783188435127,0.5213315141298276,6,Cont_P68103;P68104,EEF1A1,Elongation factor 1-alpha 1,EF1A1_BOVIN;EF1A1_HUMAN,61,-99.91946480487177,8.0535195128249e-4,Unstim,P3C4,NA,NA,NA,P3C4,Unstim,0.1105137506098942,10.167579227818402,Robust
LPS+Nigericin / Unstim,P02794_T123_M1_31,P02794,Sulfo (STY),-1.739036938086197,1.739036938086197,0.04530857816731497,0.5213315141298276,6,P02794,FTH1,Ferritin heavy chain,FRIH_HUMAN,19,233.81225912504263,3.3381225912504267,Unstim,LPS+Nigericin,NA,NA,NA,LPS+Nigericin,Unstim,-0.3513408309973477,-1.3876961070888494,Robust
LPS+Nigericin / LPS,P39687_C123_M1_24,P39687,Nitrosyl,-3.4499797463849062,3.4499797463849062,0.04532428637831005,0.5213315141298276,6,P39687,ANP32A,Acidic leucine-rich nuclear phosphoprotein 32 family member A,AN32A_HUMAN,24,992.816863528166,10.92816863528166,LPS,LPS+Nigericin,NA,NA,NA,LPS+Nigericin,LPS,-1.0586151757636757,-2.3913645706212305,Robust
P3C4+Nigericin / Unstim,Q02880_T97_M1_19,Q02880,HexNAc (ST),-1.6489911401087984,1.6489911401087984,0.04533578733194895,0.5213315141298276,6,Q02880,TOP2B,DNA topoisomerase 2-beta,TOP2B_HUMAN,96,213.6142556538156,3.136142556538156,Unstim,P3C4+Nigericin,NA,NA,NA,P3C4+Nigericin,Unstim,-0.7560335397265836,-0.8929576003822148,Robust
P3C4+Nigericin / P3C4,Q5VW32_Y331_M1_28,Q5VW32,Phospho (STY),-1.8481929118014389,1.8481929118014389,0.04528682155747945,0.5213315141298276,6,Q5VW32,BROX,BRO1 domain-containing protein BROX,BROX_HUMAN,20,260.04891309683563,3.600489130968356,P3C4,P3C4+Nigericin,NA,NA,NA,P3C4+Nigericin,P3C4,-1.213900887300146,-0.6342920245012929,Robust
LPS+Nigericin / Unstim,P47985_S75_M2_31,P47985,Sulfo (STY),0.571505845320856,0.571505845320856,0.04527264349373664,0.5213315141298276,4,P47985,UQCRFS1,"Cytochrome b-c1 complex subunit Rieske, mitochondrial",UCRI_HUMAN,19,-32.70859473930956,0.6729140526069044,Unstim,LPS+Nigericin,NA,NA,NA,LPS+Nigericin,Unstim,-0.16580345372695252,0.7373092990478085,Robust
LPS / Unstim,Q3ZCM7_R276_M3_13,Q3ZCM7,Dimethyl (KR),6.792589590802235,6.792589590802235,0.04525479539260579,0.5213315141298276,4,Q3ZCM7,TUBB8,Tubulin beta-8 chain,TBB8_HUMAN,8,-99.09795794656904,0.00902042053430952,Unstim,LPS,NA,NA,NA,LPS,Unstim,0.2009594002103752,6.59163019059186,Robust
LPS+Nigericin / Unstim,Q8IZP0_K199_M1_32,Q8IZP0,Trimethyl (K),-0.9143364317656862,0.9143364317656862,0.04548837191398978,0.5213721017785969,6,Q8IZP0,ABI1,Abl interactor 1,ABI1_HUMAN,17,88.47020029116743,1.8847020029116743,Unstim,LPS+Nigericin,NA,NA,NA,LPS+Nigericin,Unstim,-0.15520696038812842,-0.7591294713775578,Robust
LPS+Nigericin / Unstim,Q8IZP0_Y198_M1_28,Q8IZP0,Phospho (STY),-0.9143364317656862,0.9143364317656862,0.04548837191398978,0.5213721017785969,6,Q8IZP0,ABI1,Abl interactor 1,ABI1_HUMAN,17,88.47020029116743,1.8847020029116743,Unstim,LPS+Nigericin,NA,NA,NA,LPS+Nigericin,Unstim,-0.15520696038812842,-0.7591294713775578,Robust
P3C4+Nigericin / Unstim,Q02880_K104_M1_17,Q02880,GlyGly (K),-1.662989385921088,1.662989385921088,0.04556876454479361,0.5216656885107588,6,Q02880,TOP2B,DNA topoisomerase 2-beta,TOP2B_HUMAN,96,216.67201654626913,3.1667201654626913,Unstim,P3C4+Nigericin,NA,NA,NA,P3C4+Nigericin,Unstim,-0.7560335397265836,-0.9069558461945044,Robust
LPS+Nigericin / Unstim,P21127_K424_M1_10,P21127,Crotonyl,-4.10200388931599,4.10200388931599,0.04564791323460222,0.5217300846700557,6,P21127,CDK11B,Cyclin-dependent kinase 11B,CD11B_HUMAN,38,1617.2210876253732,17.172210876253732,Unstim,LPS+Nigericin,NA,NA,NA,LPS+Nigericin,Unstim,-0.6849867666006646,-3.417017122715325,Robust
LPS+Nigericin / LPS,P37235_T158_M1_28,P37235,Phospho (STY),2.5477319930995685,2.5477319930995685,0.04564613034438224,0.5217300846700557,6,P37235,HPCAL1,Hippocalcin-like protein 1,HPCL1_HUMAN,18,-82.89763191969783,0.17102368080302166,LPS,LPS+Nigericin,NA,NA,NA,LPS+Nigericin,LPS,0.01069252174208439,2.537039471357484,Robust
P3C4+Nigericin / Unstim,P31943_R294_M1_22,P31943,Methyl (KR),-2.0379828763244285,2.0379828763244285,0.04573469374934443,0.521814899217658,6,P31943,HNRNPH1,Heterogeneous nuclear ribonucleoprotein H,HNRH1_HUMAN,44,310.6709439122345,4.106709439122345,Unstim,P3C4+Nigericin,NA,NA,NA,P3C4+Nigericin,Unstim,-1.3764231221975662,-0.6615597541268623,Robust
P3C4+Nigericin / Unstim,P31943_C290_M1_24,P31943,Nitrosyl,-2.0379828763244285,2.0379828763244285,0.04573469374934443,0.521814899217658,6,P31943,HNRNPH1,Heterogeneous nuclear ribonucleoprotein H,HNRH1_HUMAN,44,310.6709439122345,4.106709439122345,Unstim,P3C4+Nigericin,NA,NA,NA,P3C4+Nigericin,Unstim,-1.3764231221975662,-0.6615597541268623,Robust
LPS+Nigericin / Unstim,Q9NTK5_S22_M2_19,Q9NTK5,HexNAc (ST),-1.507086469787115,1.507086469787115,0.04574093552587963,0.521814899217658,6,Q9NTK5,OLA1,Obg-like ATPase 1,OLA1_HUMAN,31,184.23544414350897,2.8423544414350896,Unstim,LPS+Nigericin,NA,NA,NA,LPS+Nigericin,Unstim,-0.715828949031559,-0.7912575207555559,Robust
LPS+Nigericin / Unstim,Q9NTK5_T21_M2_19,Q9NTK5,HexNAc (ST),-1.507086469787115,1.507086469787115,0.04574093552587963,0.521814899217658,6,Q9NTK5,OLA1,Obg-like ATPase 1,OLA1_HUMAN,31,184.23544414350897,2.8423544414350896,Unstim,LPS+Nigericin,NA,NA,NA,LPS+Nigericin,Unstim,-0.715828949031559,-0.7912575207555559,Robust
P3C4+Nigericin / P3C4,P31146_S230_M1_31,P31146,Sulfo (STY),-2.3149167470018805,2.3149167470018805,0.04579844118767372,0.5220841805795942,5,P31146,CORO1A,Coronin-1A,COR1A_HUMAN,41,397.5759470842413,4.975759470842413,P3C4,P3C4+Nigericin,NA,NA,NA,P3C4+Nigericin,P3C4,-0.9126515819725228,-1.4022651650293576,Robust
LPS+Nigericin / Unstim,O14579_C148_M1_24,O14579,Nitrosyl,4.777808004286016,4.777808004286016,0.04591778591303729,0.5221467450060235,6,O14579,COPE,Coatomer subunit epsilon,COPE_HUMAN,15,-96.35467312689528,0.03645326873104701,Unstim,LPS+Nigericin,NA,NA,NA,LPS+Nigericin,Unstim,-0.3802277646272507,5.158035768913267,Robust
LPS+Nigericin / LPS,P16284_K486_M1_13,P16284,Dimethyl (KR),-0.5141292813631414,0.5141292813631414,0.04583518081245262,0.5221467450060235,6,P16284,PECAM1,Platelet endothelial cell adhesion molecule,PECA1_HUMAN,54,42.8131950301041,1.428131950301041,LPS,LPS+Nigericin,NA,NA,NA,LPS+Nigericin,LPS,0.07335240500685107,-0.5874816863699924,Robust
P3C4 / Unstim,P30101_R351_M1_13,P30101,Dimethyl (KR),-5.609638465832835,5.609638465832835,0.0459419979903543,0.5221467450060235,6,P30101,PDIA3,Protein disulfide-isomerase A3,PDIA3_HUMAN,92,4782.805701869072,48.82805701869072,Unstim,P3C4,NA,NA,NA,P3C4,Unstim,0.1368917112660636,-5.746530177098898,Robust
P3C4 / Unstim,Q9H4M9_K13_M1_17,Q9H4M9,GlyGly (K),1.57089999658752,1.57089999658752,0.04588095780340606,0.5221467450060235,6,Q9H4M9,EHD1,EH domain-containing protein 1,EHD1_HUMAN,35,-66.34016514736399,0.33659834852636006,Unstim,P3C4,NA,NA,NA,P3C4,Unstim,0.9652582559691748,0.6056417406183453,Robust
P3C4+Nigericin / P3C4,Q9NTI5_S1358_M1_28,Q9NTI5,Phospho (STY),-1.6567880539509536,1.6567880539509536,0.04589902657271293,0.5221467450060235,6,Q9NTI5,PDS5B,Sister chromatid cohesion protein PDS5 homolog B,PDS5B_HUMAN,66,215.31374353872096,3.1531374353872095,P3C4,P3C4+Nigericin,NA,NA,NA,P3C4+Nigericin,P3C4,-0.6750853681949158,-0.9817026857560378,Robust
LPS+Nigericin / Unstim,Q9Y490_S2162_M1_31,Q9Y490,Sulfo (STY),-1.6224107675963964,1.6224107675963964,0.04584071803931709,0.5221467450060235,5,Q9Y490,TLN1,Talin-1,TLN1_HUMAN,243,207.88909447587352,3.078890944758735,Unstim,LPS+Nigericin,NA,NA,NA,LPS+Nigericin,Unstim,-0.7612022832464175,-0.8612084843499789,Robust
P3C4+Nigericin / P3C4,P08133_K354_M1_13,P08133,Dimethyl (KR),1.8008924799987676,1.8008924799987676,0.04594613688761834,0.5221467450060235,5,P08133,ANXA6,Annexin A6,ANXA6_HUMAN,91,-71.30030082551622,0.2869969917448378,P3C4,P3C4+Nigericin,NA,NA,NA,P3C4+Nigericin,P3C4,0.686335853753669,1.1145566262450985,Robust
P3C4+Nigericin / P3C4,O60306_Y50_M1_31,O60306,Sulfo (STY),-4.180155897979545,4.180155897979545,0.04596370341403116,0.5221920513032837,5,O60306,AQR,RNA helicase aquarius,AQR_HUMAN,49,1712.8100985929016,18.128100985929017,P3C4,P3C4+Nigericin,NA,NA,NA,P3C4+Nigericin,P3C4,-0.4078480891832866,-3.7723078087962585,Robust
P3C4+Nigericin / P3C4,Cont_P68103_K371_M1_10,Cont_P68103;P68104,Crotonyl,-1.6524044913456732,1.6524044913456732,0.04598393622118967,0.5222394801620018,6,Cont_P68103;P68104,EEF1A1,Elongation factor 1-alpha 1,EF1A1_BOVIN;EF1A1_HUMAN,61,214.35713126148335,3.1435713126148337,P3C4,P3C4+Nigericin,NA,NA,NA,P3C4+Nigericin,P3C4,-0.8863824753020725,-0.7660220160436008,Robust
P3C4+Nigericin / P3C4,P68104_K371_M1_10,Cont_P68103;P68104,Crotonyl,-1.6524044913456732,1.6524044913456732,0.04598393622118967,0.5222394801620018,6,Cont_P68103;P68104,EEF1A1,Elongation factor 1-alpha 1,EF1A1_BOVIN;EF1A1_HUMAN,61,214.35713126148335,3.1435713126148337,P3C4,P3C4+Nigericin,NA,NA,NA,P3C4+Nigericin,P3C4,-0.8863824753020725,-0.7660220160436008,Robust
LPS / Unstim,Q1KMD3_C308_M1_24,Q1KMD3,Nitrosyl,-2.2079580057297674,2.2079580057297674,0.04600939517926031,0.5223066899994004,6,Q1KMD3,HNRNPUL2,Heterogeneous nuclear ribonucleoprotein U-like protein 2,HNRL2_HUMAN,50,362.02086502533064,4.620208650253306,Unstim,LPS,NA,NA,NA,LPS,Unstim,-0.6522762531990255,-1.555681752530742,Robust
LPS / Unstim,Q1KMD3_K305_M1_0,Q1KMD3,Acetyl (K),-2.2079580057297674,2.2079580057297674,0.04600939517926031,0.5223066899994004,6,Q1KMD3,HNRNPUL2,Heterogeneous nuclear ribonucleoprotein U-like protein 2,HNRL2_HUMAN,50,362.02086502533064,4.620208650253306,Unstim,LPS,NA,NA,NA,LPS,Unstim,-0.6522762531990255,-1.555681752530742,Robust
P3C4+Nigericin / P3C4,Cont_Q3SYV4_S255_M1_31,Cont_Q3SYV4,Sulfo (STY),-1.7188827478294846,1.7188827478294846,0.04622476511859805,0.522374256284084,5,Cont_Q3SYV4,CAP1,Adenylyl cyclase-associated protein 1,CAP1_BOVIN,11,229.18138346194928,3.291813834619493,P3C4,P3C4+Nigericin,NA,NA,NA,P3C4+Nigericin,P3C4,-1.1055893736470572,-0.6132933741824274,Robust
P3C4+Nigericin / P3C4,P07237_T241_M1_31,P07237,Sulfo (STY),-2.198289064425667,2.198289064425667,0.04610353467915833,0.522374256284084,6,P07237,P4HB,Protein disulfide-isomerase,PDIA1_HUMAN,110,358.93475457004797,4.5893475457004795,P3C4,P3C4+Nigericin,NA,NA,NA,P3C4+Nigericin,P3C4,-0.19749068962748015,-2.000798374798187,Robust
LPS+Nigericin / Unstim,P08865_K89_M1_18,P08865,Hex (K),-2.210380621797319,2.210380621797319,0.04615145613124267,0.522374256284084,6,P08865,RPSA,Small ribosomal subunit protein uS2,RSSA_HUMAN,21,362.7973558607137,4.627973558607136,Unstim,LPS+Nigericin,NA,NA,NA,LPS+Nigericin,Unstim,-0.3920745122355633,-1.8183061095617559,Robust
P3C4+Nigericin / Unstim,P30101_R351_M1_13,P30101,Dimethyl (KR),-5.5054006677669856,5.5054006677669856,0.04607711923362442,0.522374256284084,6,P30101,PDIA3,Protein disulfide-isomerase A3,PDIA3_HUMAN,92,4442.456103460326,45.42456103460326,Unstim,P3C4+Nigericin,NA,NA,NA,P3C4+Nigericin,Unstim,-0.02597705766223096,-5.479423610104755,Robust
P3C4+Nigericin / P3C4,P61224_K42_M1_17,P61224,GlyGly (K),-0.9586333030498776,0.9586333030498776,0.04614394910250062,0.522374256284084,6,P61224,RAP1B,Ras-related protein Rap-1b,RAP1B_HUMAN,27,94.34679323002888,1.9434679323002888,P3C4,P3C4+Nigericin,NA,NA,NA,P3C4+Nigericin,P3C4,-0.1370005506786846,-0.821632752371193,Robust
LPS / Unstim,Q8IY67_K434_M1_17,Q8IY67,GlyGly (K),-2.571818062603471,2.571818062603471,0.0461570224817472,0.522374256284084,6,Q8IY67,RAVER1,Ribonucleoprotein PTB-binding 1,RAVR1_HUMAN,25,494.5582096692179,5.945582096692179,Unstim,LPS,NA,NA,NA,LPS,Unstim,-0.4996396426039711,-2.0721784199994997,Robust
LPS+Nigericin / LPS,P0DMV8_S579_M1_31,P0DMV8;P0DMV9,Sulfo (STY),-1.3861047573856804,1.3861047573856804,0.04627830141260086,0.5225179755882656,5,P0DMV8;P0DMV9,HSPA1A;HSPA1B,Heat shock 70 kDa protein 1A;Heat shock 70 kDa protein 1B,HS71A_HUMAN;HS71B_HUMAN,79,161.37202891025703,2.61372028910257,LPS,LPS+Nigericin,NA,NA,NA,LPS+Nigericin,LPS,-0.3760538622177711,-1.0100508951679092,Robust
LPS+Nigericin / LPS,P0DMV9_S579_M1_31,P0DMV8;P0DMV9,Sulfo (STY),-1.3861047573856804,1.3861047573856804,0.04627830141260086,0.5225179755882656,5,P0DMV8;P0DMV9,HSPA1A;HSPA1B,Heat shock 70 kDa protein 1A;Heat shock 70 kDa protein 1B,HS71A_HUMAN;HS71B_HUMAN,79,161.37202891025703,2.61372028910257,LPS,LPS+Nigericin,NA,NA,NA,LPS+Nigericin,LPS,-0.3760538622177711,-1.0100508951679092,Robust
LPS+Nigericin / Unstim,Q9BPX5_K118_M2_0,Q9BPX5,Acetyl (K),0.7081220029847235,0.7081220029847235,0.04631151379303044,0.5226344887418578,4,Q9BPX5,ARPC5L,Actin-related protein 2/3 complex subunit 5-like protein,ARP5L_HUMAN,9,-38.7883570241937,0.612116429758063,Unstim,LPS+Nigericin,NA,NA,NA,LPS+Nigericin,Unstim,-0.3151956341732939,1.0233176371580175,Robust
LPS+Nigericin / Unstim,P82675_R374_M1_13,P82675,Dimethyl (KR),-0.6991244383216666,0.6991244383216666,0.04633972012781399,0.5227421960908922,5,P82675,MRPS5,Small ribosomal subunit protein uS5m,RT05_HUMAN,11,62.35191910563316,1.6235191910563316,Unstim,LPS+Nigericin,NA,NA,NA,LPS+Nigericin,Unstim,0.03590321002419371,-0.7350276483458603,Robust
P3C4+Nigericin / Unstim,P26440_K180_M1_32,P26440,Trimethyl (K),-1.2289399553561795,1.2289399553561795,0.04636490276045146,0.5228505109607053,6,P26440,IVD,"Isovaleryl-CoA dehydrogenase, mitochondrial",IVD_HUMAN,17,134.39470107703593,2.3439470107703593,Unstim,P3C4+Nigericin,NA,NA,NA,P3C4+Nigericin,Unstim,-0.6039110599499015,-0.625028895406278,Robust
P3C4+Nigericin / Unstim,P13010_K291_M1_17,P13010,GlyGly (K),-2.729254457210486,2.729254457210486,0.04640279912049697,0.5228811505026205,4,P13010,XRCC5,X-ray repair cross-complementing protein 5,XRCC5_HUMAN,77,563.1128706700433,6.631128706700433,Unstim,P3C4+Nigericin,NA,NA,NA,P3C4+Nigericin,Unstim,-1.2814058265343584,-1.4478486306761276,Robust
P3C4 / Unstim,P27695_C93_M1_24,P27695,Nitrosyl,-2.1474919554307976,2.1474919554307976,0.04644792104662772,0.5229204990351523,6,P27695,APEX1,DNA-(apurinic or apyrimidinic site) endonuclease,APEX1_HUMAN,30,343.0568893378701,4.430568893378701,Unstim,P3C4,NA,NA,NA,P3C4,Unstim,-0.1991903932153798,-1.9483015622154178,Robust
LPS+Nigericin / Unstim,Q13435_S142_M1_31,Q13435,Sulfo (STY),0.6539361735893823,0.6539361735893823,0.04668201125681055,0.5231071416634911,6,Q13435,SF3B2,Splicing factor 3B subunit 2,SF3B2_HUMAN,78,-36.44560388073662,0.6355439611926338,Unstim,LPS+Nigericin,NA,NA,NA,LPS+Nigericin,Unstim,-0.5469982815128402,1.2009344551022225,Robust
LPS+Nigericin / Unstim,P13929_R50_M1_13,P13929,Dimethyl (KR),3.5186770455025567,3.5186770455025567,0.04684299600676397,0.5232924060181695,6,P13929,ENO3,Beta-enolase,ENOB_HUMAN,14,-91.2748547754547,0.08725145224545301,Unstim,LPS+Nigericin,NA,NA,NA,LPS+Nigericin,Unstim,-0.3911896160727089,3.9098666615752657,Robust
LPS / Unstim,P18669_T212_M2_31,P18669,Sulfo (STY),-5.562418767105378,5.562418767105378,0.04689792315826224,0.5232924060181695,6,P18669,PGAM1,Phosphoglycerate mutase 1,PGAM1_HUMAN,27,4625.577579481253,47.255775794812536,Unstim,LPS,NA,NA,NA,LPS,Unstim,-0.4351474973871344,-5.127271269718244,Robust
LPS / Unstim,Q96L21_K187_M1_17,Q96L21,GlyGly (K),-5.572169529329397,5.572169529329397,0.04685224819026088,0.5232924060181695,6,Q96L21,RPL10L,Ribosomal protein uL16-like,RL10L_HUMAN,5,4657.624579977513,47.57624579977514,Unstim,LPS,NA,NA,NA,LPS,Unstim,-0.32931350177583024,-5.242856027553566,Robust
P3C4+Nigericin / P3C4,Q9NZL9_K299_M1_10,Q9NZL9,Crotonyl,-2.1796224352174027,2.1796224352174027,0.04683768004228135,0.5232924060181695,6,Q9NZL9,MAT2B,Methionine adenosyltransferase 2 subunit beta,MAT2B_HUMAN,26,353.0349757411785,4.530349757411785,P3C4,P3C4+Nigericin,NA,NA,NA,P3C4+Nigericin,P3C4,-1.308709309079275,-0.8709131261381278,Robust
P3C4 / Unstim,Q0PNE2_K88_M2_18,Q0PNE2,Hex (K),2.297402576975737,2.297402576975737,0.04690421601041889,0.5232924060181695,5,Q0PNE2,ELP6,Elongator complex protein 6,ELP6_HUMAN,3,-79.657097752429,0.20342902247571004,Unstim,P3C4,NA,NA,NA,P3C4,Unstim,-0.06130176637306125,2.358704343348798,Robust
P3C4+Nigericin / P3C4,Q6JBY9_S177_M1_28,Q6JBY9,Phospho (STY),-2.7483848492208063,2.7483848492208063,0.04694410415044187,0.5233836154258873,4,Q6JBY9,RCSD1,CapZ-interacting protein,CPZIP_HUMAN,31,571.9644217647781,6.71964421764778,P3C4,P3C4+Nigericin,NA,NA,NA,P3C4+Nigericin,P3C4,-1.0232996857028578,-1.7250851635179485,Robust
LPS+Nigericin / Unstim,P34931_K130_M1_17,P34931,GlyGly (K),2.998045993117785,2.998045993117785,0.04695865452386034,0.5234170917341853,6,P34931,HSPA1L,Heat shock 70 kDa protein 1-like,HS71L_HUMAN,13,-87.48305835006785,0.12516941649932142,Unstim,LPS+Nigericin,NA,NA,NA,LPS+Nigericin,Unstim,-0.18927619089668743,3.1873221840144725,Robust
P3C4+Nigericin / Unstim,P13796_K165_M1_32,P13796,Trimethyl (K),-1.529472402011048,1.529472402011048,0.04701926656009305,0.5234820016228577,6,P13796,LCP1,Plastin-2,PLSL_HUMAN,76,188.68024854845535,2.8868024854845538,Unstim,P3C4+Nigericin,NA,NA,NA,P3C4+Nigericin,Unstim,-0.7361574631684591,-0.7933149388425889,Robust
P3C4+Nigericin / Unstim,P13796_T150_M1_31,P13796,Sulfo (STY),-1.529472402011048,1.529472402011048,0.04701926656009305,0.5234820016228577,6,P13796,LCP1,Plastin-2,PLSL_HUMAN,76,188.68024854845535,2.8868024854845538,Unstim,P3C4+Nigericin,NA,NA,NA,P3C4+Nigericin,Unstim,-0.7361574631684591,-0.7933149388425889,Robust
LPS+Nigericin / Unstim,P26599_C23_M1_24,P26599,Nitrosyl,0.6539983832503614,0.6539983832503614,0.04702258779210286,0.5234820016228577,6,P26599,PTBP1,Polypyrimidine tract-binding protein 1,PTBP1_HUMAN,40,-36.448344315882565,0.6355165568411744,Unstim,LPS+Nigericin,NA,NA,NA,LPS+Nigericin,Unstim,-0.9060276878845958,1.5600260711349572,Robust
LPS+Nigericin / Unstim,Q9H6F5_S18_M1_28,Q9H6F5,Phospho (STY),-0.7897285050246506,0.7897285050246506,0.04700379074079532,0.5234820016228577,6,Q9H6F5,CCDC86,Coiled-coil domain-containing protein 86,CCD86_HUMAN,24,72.87491056639648,1.7287491056639648,Unstim,LPS+Nigericin,NA,NA,NA,LPS+Nigericin,Unstim,-0.09175160157703392,-0.6979769034476168,Robust
LPS+Nigericin / LPS,Q9UKM9_K224_M1_0,Q9UKM9,Acetyl (K),-2.1433674409018866,2.1433674409018866,0.04701892675703485,0.5234820016228577,6,Q9UKM9,RALY,RNA-binding protein Raly,RALY_HUMAN,29,341.79204482961234,4.417920448296123,LPS,LPS+Nigericin,NA,NA,NA,LPS+Nigericin,LPS,0.03377289084229894,-2.1771403317441855,Robust
P3C4+Nigericin / P3C4,P09651_R31_M1_22,P09651,Methyl (KR),2.210454462244897,2.210454462244897,0.04708835805105318,0.5237893325924501,6,P09651,HNRNPA1,Heterogeneous nuclear ribonucleoprotein A1,ROA1_HUMAN,46,-78.39337657510964,0.2160662342489036,P3C4,P3C4+Nigericin,NA,NA,NA,P3C4+Nigericin,P3C4,-1.3269576129596177,3.5374120752045144,Robust
P3C4+Nigericin / Unstim,P06576_K480_M1_22,P06576,Methyl (KR),0.6602864168650028,0.6602864168650028,0.04709883303355219,0.5238520991907938,6,P06576,ATP5F1B,"ATP synthase subunit beta, mitochondrial",ATPB_HUMAN,56,-36.724733526590455,0.6327526647340954,Unstim,P3C4+Nigericin,NA,NA,NA,P3C4+Nigericin,Unstim,0.06864640974493381,0.5916400071200689,Robust
P3C4 / Unstim,Q00839_C453_M2_24,Q00839,Nitrosyl,-2.358778952247298,2.358778952247298,0.04711390451091342,0.5239236712203441,5,Q00839,HNRNPU,Heterogeneous nuclear ribonucleoprotein U,HNRPU_HUMAN,85,412.93604372763167,5.129360437276317,Unstim,P3C4,NA,NA,NA,P3C4,Unstim,-0.336616377054863,-2.022162575192435,Robust
P3C4 / Unstim,O14744_C344_M1_24,O14744,Nitrosyl,-5.530396673586386,5.530396673586386,0.04715417018210945,0.5239837384240085,6,O14744,PRMT5,Protein arginine N-methyltransferase 5,ANM5_HUMAN,31,4521.84404169154,46.2184404169154,Unstim,P3C4,NA,NA,NA,P3C4,Unstim,-0.16030590641762063,-5.370090767168766,Robust
P3C4+Nigericin / P3C4,P60174_K131_M1_32,P60174,Trimethyl (K),-3.8148051505441383,3.8148051505441383,0.04722510002783105,0.5241591182872478,6,P60174,TPI1,Triosephosphate isomerase,TPIS_HUMAN,42,1307.2484465786497,14.072484465786497,P3C4,P3C4+Nigericin,NA,NA,NA,P3C4+Nigericin,P3C4,-1.3962661623485948,-2.4185389881955435,Robust
P3C4+Nigericin / P3C4,Q2M1Z3_S1178_M1_19,Q2M1Z3,HexNAc (ST),-1.1270938991123125,1.1270938991123125,0.04728497649984997,0.5242100562622182,6,Q2M1Z3,ARHGAP31,Rho GTPase-activating protein 31,RHG31_HUMAN,35,118.4183246408296,2.184183246408296,P3C4,P3C4+Nigericin,NA,NA,NA,P3C4+Nigericin,P3C4,-2.0701602175580187,0.9430663184457062,Robust
P3C4+Nigericin / P3C4,Q2M1Z3_R1176_M1_13,Q2M1Z3,Dimethyl (KR),-1.1270938991123125,1.1270938991123125,0.04728497467443433,0.5242100562622182,6,Q2M1Z3,ARHGAP31,Rho GTPase-activating protein 31,RHG31_HUMAN,35,118.4183246408296,2.184183246408296,P3C4,P3C4+Nigericin,NA,NA,NA,P3C4+Nigericin,P3C4,-2.0701602175580187,0.9430663184457062,Robust
LPS+Nigericin / LPS,P62841_K72_M1_0,P62841,Acetyl (K),0.8181302712425115,0.8181302712425115,0.04728805644370804,0.5242176919441759,4,P62841,RPS15,Small ribosomal subunit protein uS19,RS15_HUMAN,13,-43.28234742650262,0.5671765257349738,LPS,LPS+Nigericin,NA,NA,NA,LPS+Nigericin,LPS,-0.01079739381280741,0.8289276650553189,Robust
P3C4+Nigericin / Unstim,Q96T23_K1061_M1_0,Q96T23,Acetyl (K),-1.6041201500645188,1.6041201500645188,0.04730590987817487,0.5242679057158965,6,Q96T23,RSF1,Remodeling and spacing factor 1,RSF1_HUMAN,50,204.0102887131641,3.040102887131641,Unstim,P3C4+Nigericin,NA,NA,NA,P3C4+Nigericin,Unstim,-1.0016603648973197,-0.6024597851671991,Robust
P3C4+Nigericin / Unstim,P07919_R60_M1_13,P07919,Dimethyl (KR),5.672987423271942,5.672987423271942,0.0474295849233971,0.5244064362294488,6,P07919,UQCRH,"Cytochrome b-c1 complex subunit 6, mitochondrial",QCR6_HUMAN,9,-98.0399794689852,0.01960020531014803,Unstim,P3C4+Nigericin,NA,NA,NA,P3C4+Nigericin,Unstim,-0.6512465199029983,6.32423394317494,Robust
LPS+Nigericin / LPS,Q96EE3_K196_M1_13,Q96EE3,Dimethyl (KR),2.1808442100593477,2.1808442100593477,0.04743081303917362,0.5244064362294488,6,Q96EE3,SEH1L,Nucleoporin SEH1,SEH1_HUMAN,19,-77.94533441769272,0.2205466558230729,LPS,LPS+Nigericin,NA,NA,NA,LPS+Nigericin,LPS,0.2524610189013766,1.928383191157971,Robust
P3C4+Nigericin / Unstim,Q9P2E9_Y1219_M2_28,Q9P2E9,Phospho (STY),-0.7509284646973114,0.7509284646973114,0.04743173657043747,0.5244064362294488,6,Q9P2E9,RRBP1,Ribosome-binding protein 1,RRBP1_HUMAN,100,68.28755179719874,1.6828755179719874,Unstim,P3C4+Nigericin,NA,NA,NA,P3C4+Nigericin,Unstim,-2.026738660636791,1.2758101959394796,Robust
LPS+Nigericin / Unstim,P07737_K127_M2_0,P07737,Acetyl (K),0.712986322705911,0.712986322705911,0.04741871829968228,0.5244064362294488,4,P07737,PFN1,Profilin-1,PROF1_HUMAN,29,-38.9943961329556,0.610056038670444,Unstim,LPS+Nigericin,NA,NA,NA,LPS+Nigericin,Unstim,-0.5215290736354933,1.2345153963414042,Robust
P3C4+Nigericin / Unstim,Q13523_K99_M1_22,Q13523,Methyl (KR),-1.856254428668048,1.856254428668048,0.04746065210467857,0.5244352553714791,6,Q13523,PRPF4B,Serine/threonine-protein kinase PRP4 homolog,PRP4B_HUMAN,35,262.0664322968709,3.620664322968709,Unstim,P3C4+Nigericin,NA,NA,NA,P3C4+Nigericin,Unstim,-1.2503294103950997,-0.6059250182729483,Robust
LPS+Nigericin / LPS,P62820_K140_M1_17,P62820,GlyGly (K),1.234281435328678,1.234281435328678,0.04754227037417453,0.524511116234551,6,P62820,RAB1A,Ras-related protein Rab-1A,RAB1A_HUMAN,16,-57.494584596468535,0.42505415403531466,LPS,LPS+Nigericin,NA,NA,NA,LPS+Nigericin,LPS,0.5681522667271506,0.6661291686015274,Robust
P3C4+Nigericin / Unstim,Q8TDB6_S9_M1_28,Q8TDB6,Phospho (STY),-1.9964408968873175,1.9964408968873175,0.04757050332387672,0.5245655376184521,5,Q8TDB6,DTX3L,E3 ubiquitin-protein ligase DTX3L,DTX3L_HUMAN,40,299.0144232848504,3.990144232848504,Unstim,P3C4+Nigericin,NA,NA,NA,P3C4+Nigericin,Unstim,-1.072633855673752,-0.9238070412135655,Robust
LPS+Nigericin / LPS,P20674_K62_M1_23,P20674,Myristoyl,-1.3089145293412463,1.3089145293412463,0.0477971966319005,0.5248065279030661,6,P20674,COX5A,"Cytochrome c oxidase subunit 5A, mitochondrial",COX5A_HUMAN,14,147.75506118403655,2.4775506118403654,LPS,LPS+Nigericin,NA,NA,NA,LPS+Nigericin,LPS,-0.1665741110032655,-1.1423404183379808,Robust
LPS+Nigericin / Unstim,Q08J23_K497_M3_32,Q08J23,Trimethyl (K),0.7342799781512896,0.7342799781512896,0.04778389070855465,0.5248065279030661,4,Q08J23,NSUN2,RNA cytosine C(5)-methyltransferase NSUN2,NSUN2_HUMAN,69,-39.88820434683241,0.6011179565316759,Unstim,LPS+Nigericin,NA,NA,NA,LPS+Nigericin,Unstim,-0.5632844055083865,1.2975643836596762,Robust
P3C4+Nigericin / Unstim,Q5T653_R208_M1_22,Q5T653,Methyl (KR),5.601332157725837,5.601332157725837,0.04782077258869251,0.5248783849499666,4,Q5T653,MRPL2,Large ribosomal subunit protein uL2m,RM02_HUMAN,14,-97.94017177483867,0.0205982822516131,Unstim,P3C4+Nigericin,NA,NA,NA,P3C4+Nigericin,Unstim,-0.468567155686302,6.069899313412139,Robust
LPS+Nigericin / LPS,Q8TCJ2_K12_M1_32,Q8TCJ2,Trimethyl (K),-0.7713343720654147,0.7713343720654147,0.04798470211371308,0.5250337664897587,6,Q8TCJ2,STT3B,Dolichyl-diphosphooligosaccharide--protein glycosyltransferase subunit STT3B,STT3B_HUMAN,21,70.68477448722301,1.70684774487223,LPS,LPS+Nigericin,NA,NA,NA,LPS+Nigericin,LPS,0.47709083122133866,-1.2484252032867533,Robust
LPS+Nigericin / Unstim,P49588_K898_M1_17,P49588,GlyGly (K),-1.1348528919725838,1.1348528919725838,0.04811751406724289,0.5250634927922783,6,P49588,AARS1,"Alanine--tRNA ligase, cytoplasmic",SYAC_HUMAN,62,119.59616994012978,2.195961699401298,Unstim,LPS+Nigericin,NA,NA,NA,LPS+Nigericin,Unstim,-0.5531614761221809,-0.5816914158504028,Robust
P3C4+Nigericin / Unstim,Q66K74_S759_M1_28,Q66K74,Phospho (STY),-2.3414865647590566,2.3414865647590566,0.04812225699071677,0.525080011952959,5,Q66K74,MAP1S,Microtubule-associated protein 1S,MAP1S_HUMAN,44,406.8246048365906,5.068246048365906,Unstim,P3C4+Nigericin,NA,NA,NA,P3C4+Nigericin,Unstim,-1.329762593435278,-1.0117239713237787,Robust
P3C4+Nigericin / P3C4,P17066_K330_M2_10,P17066,Crotonyl,-1.6232492280465944,1.6232492280465944,0.04812979251664873,0.5251093812996959,6,P17066,HSPA6,Heat shock 70 kDa protein 6,HSP76_HUMAN,10,208.06808438861296,3.0806808438861295,P3C4,P3C4+Nigericin,NA,NA,NA,P3C4+Nigericin,P3C4,-0.6818807819652236,-0.9413684460813708,Robust
P3C4+Nigericin / P3C4,P17066_K327_M2_22,P17066,Methyl (KR),-1.6232492280465944,1.6232492280465944,0.04812977773443264,0.5251093812996959,6,P17066,HSPA6,Heat shock 70 kDa protein 6,HSP76_HUMAN,10,208.06808438861296,3.0806808438861295,P3C4,P3C4+Nigericin,NA,NA,NA,P3C4+Nigericin,P3C4,-0.6818807819652236,-0.9413684460813708,Robust
P3C4+Nigericin / Unstim,Q9UNK0_S96_M1_19,Q9UNK0,HexNAc (ST),-2.154828921811092,2.154828921811092,0.04821768873428442,0.525117612960984,6,Q9UNK0,STX8,Syntaxin-8,STX8_HUMAN,13,345.3158375555085,4.453158375555085,Unstim,P3C4+Nigericin,NA,NA,NA,P3C4+Nigericin,Unstim,-0.7369608470372615,-1.4178680747738306,Robust
LPS+Nigericin / Unstim,Q9Y490_K1025_M1_13,Q9Y490,Dimethyl (KR),-1.4820783222435705,1.4820783222435705,0.04817798474290042,0.525117612960984,6,Q9Y490,TLN1,Talin-1,TLN1_HUMAN,243,179.35087171724726,2.7935087171724726,Unstim,LPS+Nigericin,NA,NA,NA,LPS+Nigericin,Unstim,-0.7612022832464175,-0.720876038997153,Robust
LPS+Nigericin / LPS,P14625_K702_M2_17,P14625,GlyGly (K),-3.286055642379297,3.286055642379297,0.04831769274533167,0.5251956975975688,6,P14625,HSP90B1,Endoplasmin,ENPL_HUMAN,108,875.4416957204083,9.754416957204084,LPS,LPS+Nigericin,NA,NA,NA,LPS+Nigericin,LPS,0.289875926424968,-3.575931568804265,Robust
LPS+Nigericin / LPS,Q08J23_K497_M3_13,Q08J23,Dimethyl (KR),0.506007831795986,0.506007831795986,0.04830612596463922,0.5251956975975688,6,Q08J23,NSUN2,RNA cytosine C(5)-methyltransferase NSUN2,NSUN2_HUMAN,69,-29.58317091933804,0.7041682908066196,LPS,LPS+Nigericin,NA,NA,NA,LPS+Nigericin,LPS,-0.18040456939958752,0.6864124011955735,Robust
P3C4+Nigericin / P3C4,Q92598_T795_M1_31,Q92598,Sulfo (STY),-1.9977701914482244,1.9977701914482244,0.04833958251344195,0.5251956975975688,6,Q92598,HSPH1,Heat shock protein 105 kDa,HS105_HUMAN,74,299.38224331652543,3.9938224331652545,P3C4,P3C4+Nigericin,NA,NA,NA,P3C4+Nigericin,P3C4,-1.1377960057266283,-0.8599741857215961,Robust
P3C4+Nigericin / P3C4,Q8WU79_S240_M1_28,Q8WU79,Phospho (STY),-3.292089668187732,3.292089668187732,0.04839339676710348,0.5251956975975688,5,Q8WU79,SMAP2,Stromal membrane-associated protein 2,SMAP2_HUMAN,24,879.5299930022466,9.795299930022466,P3C4,P3C4+Nigericin,NA,NA,NA,P3C4+Nigericin,P3C4,-1.3299013320087236,-1.9621883361790085,Robust
P3C4 / Unstim,Q71RC2_T168_M2_19,Q71RC2,HexNAc (ST),1.37451460249739,1.37451460249739,0.04847241806299484,0.5252359557199253,6,Q71RC2,LARP4,La-related protein 4,LARP4_HUMAN,18,-61.43175518786994,0.3856824481213006,Unstim,P3C4,NA,NA,NA,P3C4,Unstim,-0.0890122300341236,1.4635268325315136,Robust
P3C4 / Unstim,Q71RC2_T167_M2_19,Q71RC2,HexNAc (ST),1.37451460249739,1.37451460249739,0.04847241806299484,0.5252359557199253,6,Q71RC2,LARP4,La-related protein 4,LARP4_HUMAN,18,-61.43175518786994,0.3856824481213006,Unstim,P3C4,NA,NA,NA,P3C4,Unstim,-0.0890122300341236,1.4635268325315136,Robust
LPS+Nigericin / LPS,P08567_S132_M1_31,P08567,Sulfo (STY),-1.64777326556837,1.64777326556837,0.04854206536204135,0.5253205681362193,5,P08567,PLEK,Pleckstrin,PLEK_HUMAN,31,213.34962477869576,3.1334962477869577,LPS,LPS+Nigericin,NA,NA,NA,LPS+Nigericin,LPS,-0.5616757046948111,-1.0860975608735588,Robust
LPS / Unstim,A5A3E0_K938_M1_18,A5A3E0,Hex (K),4.612905928151535,4.612905928151535,0.04909980566967956,0.5253989629394535,6,A5A3E0,POTEF,POTE ankyrin domain family member F,POTEF_HUMAN,7,-95.91326056606424,0.04086739433935751,Unstim,LPS,NA,NA,NA,LPS,Unstim,0.1541430495831092,4.458762878568425,Robust
P3C4+Nigericin / Unstim,Cont_P00760_K92_M1_10,Cont_P00760,Crotonyl,0.9303875528366072,0.9303875528366072,0.04889561913224648,0.5253989629394535,6,Cont_P00760,PRSS1,Serine protease 1,TRY1_BOVIN,22,-47.52826325556685,0.5247173674443315,Unstim,P3C4+Nigericin,NA,NA,NA,P3C4+Nigericin,Unstim,0.04359014661791616,0.8867974062186911,Robust
LPS / Unstim,P04075_K42_M1_32,P04075,Trimethyl (K),-2.8394868690111843,2.8394868690111843,0.0488607566215741,0.5253989629394535,6,P04075,ALDOA,Fructose-bisphosphate aldolase A,ALDOA_HUMAN,60,615.7654313798707,7.157654313798708,Unstim,LPS,NA,NA,NA,LPS,Unstim,-0.19791943587607463,-2.6415674331351098,Robust
P3C4+Nigericin / P3C4,P06702_K38_M1_22,P06702,Methyl (KR),-0.6741896990617536,0.6741896990617536,0.04886773325045173,0.5253989629394535,6,P06702,S100A9,Protein S100-A9,S10A9_HUMAN,21,59.57002834489522,1.5957002834489522,P3C4,P3C4+Nigericin,NA,NA,NA,P3C4+Nigericin,P3C4,-0.01165206206174124,-0.6625376370000124,Robust
P3C4 / Unstim,P08133_K483_M1_17,P08133,GlyGly (K),5.377083248199945,5.377083248199945,0.04884727346239447,0.5253989629394535,5,P08133,ANXA6,Annexin A6,ANXA6_HUMAN,91,-97.59377268166703,0.02406227318332954,Unstim,P3C4,NA,NA,NA,P3C4,Unstim,0.2877273047777872,5.089355943422158,Robust
P3C4 / Unstim,P11021_K621_M1_10,P11021,Crotonyl,-0.7623863091737932,0.7623863091737932,0.0486438477849375,0.5253989629394535,6,P11021,HSPA5,Endoplasmic reticulum chaperone BiP,BIP_HUMAN,92,69.62940836242669,1.6962940836242668,Unstim,P3C4,NA,NA,NA,P3C4,Unstim,0.06245577893835324,-0.8248420881121464,Robust
LPS+Nigericin / Unstim,P15311_K233_M2_23,P15311,Myristoyl,0.6543656366897395,0.6543656366897395,0.04906211013153138,0.5253989629394535,6,P15311,EZR,Ezrin,EZRI_HUMAN,41,-36.464520010018255,0.6353547998998175,Unstim,LPS+Nigericin,NA,NA,NA,LPS+Nigericin,Unstim,-0.8480501432448985,1.5024157799346378,Robust
LPS+Nigericin / LPS,P40123_K275_M1_22,P40123,Methyl (KR),1.5019079750866484,1.5019079750866484,0.04862634032800953,0.5253989629394535,6,P40123,CAP2,Adenylyl cyclase-associated protein 2,CAP2_HUMAN,6,-64.69138773849615,0.3530861226150385,LPS,LPS+Nigericin,NA,NA,NA,LPS+Nigericin,LPS,-8.5524271201174e-4,1.50276321779866,Robust
P3C4 / Unstim,Q04760_Y136_M2_31,Q04760,Sulfo (STY),1.7735237025050636,1.7735237025050636,0.04871965514283286,0.5253989629394535,6,Q04760,GLO1,Lactoylglutathione lyase,LGUL_HUMAN,31,-70.75065348851872,0.29249346511481283,Unstim,P3C4,NA,NA,NA,P3C4,Unstim,0.3888720880432915,1.3846516144617722,Robust
P3C4+Nigericin / P3C4,Q08170_K154_M1_13,Q08170,Dimethyl (KR),-5.713357465408193,5.713357465408193,0.04884415035450429,0.5253989629394535,6,Q08170,SRSF4,Serine/arginine-rich splicing factor 4,SRSF4_HUMAN,30,5146.769352092589,52.46769352092589,P3C4,P3C4+Nigericin,NA,NA,NA,P3C4+Nigericin,P3C4,-1.0224624064493892,-4.690895058958803,Robust
LPS+Nigericin / Unstim,Q15365_R200_M1_22,Q15365,Methyl (KR),-1.2560236047693898,1.2560236047693898,0.04858518439338642,0.5253989629394535,6,Q15365,PCBP1,Poly(rC)-binding protein 1,PCBP1_HUMAN,16,138.83654512603445,2.3883654512603445,Unstim,LPS+Nigericin,NA,NA,NA,LPS+Nigericin,Unstim,-0.6367434267212363,-0.6192801780481535,Robust
P3C4+Nigericin / Unstim,Q9H488_K288_M1_32,Q9H488,Trimethyl (K),-0.9759218553389756,0.9759218553389756,0.04865280836960563,0.5253989629394535,6,Q9H488,POFUT1,GDP-fucose protein O-fucosyltransferase 1,OFUT1_HUMAN,18,96.68976066801557,1.9668976066801556,Unstim,P3C4+Nigericin,NA,NA,NA,P3C4+Nigericin,Unstim,-0.3930229644803472,-0.5828988908586283,Robust
LPS+Nigericin / LPS,Q9HC21_C222_M1_24,Q9HC21,Nitrosyl,1.3430354028716007,1.3430354028716007,0.04892100667500302,0.5253989629394535,6,Q9HC21,SLC25A19,Mitochondrial thiamine pyrophosphate carrier,TPC_HUMAN,23,-60.58095862870372,0.3941904137129629,LPS,LPS+Nigericin,NA,NA,NA,LPS+Nigericin,LPS,0.6520990957776441,0.6909363070939566,Robust
LPS / Unstim,Q9UJU6_K23_M1_13,Q9UJU6,Dimethyl (KR),1.8683140810808188,1.8683140810808188,0.04864423895909854,0.5253989629394535,5,Q9UJU6,DBNL,Drebrin-like protein,DBNL_HUMAN,43,-72.6106692661585,0.273893307338415,Unstim,LPS,NA,NA,NA,LPS,Unstim,-0.06521595345943144,1.9335300345402502,Robust
LPS+Nigericin / Unstim,Q9Y4H2_C816_M1_24,Q9Y4H2,Nitrosyl,-1.5901567730238773,1.5901567730238773,0.04884181488529222,0.5253989629394535,6,Q9Y4H2,IRS2,Insulin receptor substrate 2,IRS2_HUMAN,44,201.0820653230191,3.0108206532301907,Unstim,LPS+Nigericin,NA,NA,NA,LPS+Nigericin,Unstim,-0.9655353660612314,-0.6246214069626459,Robust
LPS+Nigericin / Unstim,Q9Y4H2_K811_M1_13,Q9Y4H2,Dimethyl (KR),-1.5901567730238773,1.5901567730238773,0.04884181488529222,0.5253989629394535,6,Q9Y4H2,IRS2,Insulin receptor substrate 2,IRS2_HUMAN,44,201.0820653230191,3.0108206532301907,Unstim,LPS+Nigericin,NA,NA,NA,LPS+Nigericin,Unstim,-0.9655353660612314,-0.6246214069626459,Robust
LPS / Unstim,Q9Y4H4_S54_M1_28,Q9Y4H4,Phospho (STY),1.4746027729509974,1.4746027729509974,0.04870100173629733,0.5253989629394535,6,Q9Y4H4,GPSM3,G-protein-signaling modulator 3,GPSM3_HUMAN,10,-64.0167543515193,0.3598324564848071,Unstim,LPS,NA,NA,NA,LPS,Unstim,0.04774935085851196,1.4268534220924853,Robust
LPS+Nigericin / LPS,O60493_K54_M1_18,O60493,Hex (K),-1.597060932169921,1.597060932169921,0.04919902105585679,0.5256385681195295,6,O60493,SNX3,Sorting nexin-3,SNX3_HUMAN,24,202.52637637691967,3.0252637637691966,LPS,LPS+Nigericin,NA,NA,NA,LPS+Nigericin,LPS,-0.6333231154677982,-0.9637378167021228,Robust
P3C4+Nigericin / P3C4,P09960_R142_M1_22,P09960,Methyl (KR),1.0007595762948558,1.0007595762948558,0.04921853394308068,0.5256385681195295,5,P09960,LTA4H,Leukotriene A-4 hydrolase,LKHA4_HUMAN,45,-50.02631797956803,0.4997368202043198,P3C4,P3C4+Nigericin,NA,NA,NA,P3C4+Nigericin,P3C4,-1.4722879631992611,2.473047539494117,Robust
P3C4+Nigericin / P3C4,Q92871_C16_M1_24,Q92871,Nitrosyl,-2.416433448987923,2.416433448987923,0.04930798514293408,0.5256808267562655,6,Q92871,PMM1,Phosphomannomutase 1,PMM1_HUMAN,6,433.849635669122,5.33849635669122,P3C4,P3C4+Nigericin,NA,NA,NA,P3C4+Nigericin,P3C4,-1.5425588948352988,-0.873874554152624,Robust
LPS+Nigericin / Unstim,P38646_K485_M1_18,P38646,Hex (K),-2.503677975987611,2.503677975987611,0.04932367748846924,0.5256961503314379,6,P38646,HSPA9,"Stress-70 protein, mitochondrial",GRP75_HUMAN,95,467.1294111663365,5.671294111663365,Unstim,LPS+Nigericin,NA,NA,NA,LPS+Nigericin,Unstim,-0.01895807710822765,-2.484719898879383,Robust
P3C4+Nigericin / P3C4,P50991_C221_M1_24,P50991,Nitrosyl,-2.4900105055450217,2.4900105055450217,0.04939377935349884,0.5258358990563358,6,P50991,CCT4,T-complex protein 1 subunit delta,TCPD_HUMAN,46,461.7820411147205,5.617820411147205,P3C4,P3C4+Nigericin,NA,NA,NA,P3C4+Nigericin,P3C4,-0.7862442771461632,-1.7037662283988584,Robust
LPS+Nigericin / LPS,Q9NVI7_T340_M3_31,Q9NVI7,Sulfo (STY),1.9353253285652177,1.9353253285652177,0.04939829887564394,0.5258358990563358,6,Q9NVI7,ATAD3A,ATPase family AAA domain-containing protein 3A,ATD3A_HUMAN,48,-73.85377315926944,0.26146226840730563,LPS,LPS+Nigericin,NA,NA,NA,LPS+Nigericin,LPS,0.6925306056868215,1.2427947228783962,Robust
P3C4+Nigericin / P3C4,Q13242_R26_M1_13,Q13242,Dimethyl (KR),-2.1520782794733817,2.1520782794733817,0.04952328305020771,0.5260877228210652,6,Q13242,SRSF9,Serine/arginine-rich splicing factor 9,SRSF9_HUMAN,28,344.46760726291774,4.444676072629178,P3C4,P3C4+Nigericin,NA,NA,NA,P3C4+Nigericin,P3C4,-1.1317544078107964,-1.0203238716625853,Robust
P3C4+Nigericin / P3C4,P82909_Y84_M1_28,P82909,Phospho (STY),-1.4328089964391195,1.4328089964391195,0.04964644550706441,0.526355617386147,6,P82909,MRPS36,Alpha-ketoglutarate dehydrogenase component 4,KGD4_HUMAN,11,169.9718521184828,2.699718521184828,P3C4,P3C4+Nigericin,NA,NA,NA,P3C4+Nigericin,P3C4,-0.6510952855470394,-0.7817137108920801,Robust
LPS+Nigericin / LPS,Q16778_K58_M1_23,Q16778,Myristoyl,1.501113040242393,1.501113040242393,0.04976344077583512,0.5265147986325737,6,Q16778,H2BC21,Histone H2B type 2-E,H2B2E_HUMAN,23,-64.67192709043363,0.3532807290956636,LPS,LPS+Nigericin,NA,NA,NA,LPS+Nigericin,LPS,0.7908918500365543,0.7102211902058386,Robust
LPS+Nigericin / LPS,Q16778_S56_M2_31,Q16778,Sulfo (STY),1.501113040242393,1.501113040242393,0.04976344625422022,0.5265147986325737,6,Q16778,H2BC21,Histone H2B type 2-E,H2B2E_HUMAN,23,-64.67192709043363,0.3532807290956636,LPS,LPS+Nigericin,NA,NA,NA,LPS+Nigericin,LPS,0.7908918500365543,0.7102211902058386,Robust
LPS / Unstim,Q9NVI7_T340_M3_31,Q9NVI7,Sulfo (STY),-1.7358506131185747,1.7358506131185747,0.04977832185635684,0.5265781728105946,6,Q9NVI7,ATAD3A,ATPase family AAA domain-containing protein 3A,ATD3A_HUMAN,48,233.07581753299397,3.33075817532994,Unstim,LPS,NA,NA,NA,LPS,Unstim,-0.7183413072441658,-1.017509305874409,Robust
LPS+Nigericin / LPS,Cont_P00760_S121_M1_19,Cont_P00760,HexNAc (ST),-0.8042357611356297,0.8042357611356297,0.04998617409308534,0.5267103904244801,5,Cont_P00760,PRSS1,Serine protease 1,TRY1_BOVIN,22,74.62205213618307,1.7462205213618307,LPS,LPS+Nigericin,NA,NA,NA,LPS+Nigericin,LPS,0.00923735764218667,-0.8134731187778164,Robust
P3C4+Nigericin / P3C4,P00338_K5_M1_0,P00338,Acetyl (K),-1.7497046286568536,1.7497046286568536,0.04993450692311315,0.5267103904244801,6,P00338,LDHA,L-lactate dehydrogenase A chain,LDHA_HUMAN,45,236.28970850580177,3.3628970850580173,P3C4,P3C4+Nigericin,NA,NA,NA,P3C4+Nigericin,P3C4,-1.13793263371127,-0.6117719949455835,Robust
P3C4+Nigericin / P3C4,P21796_T204_M1_31,P21796,Sulfo (STY),-1.6190192963090315,1.6190192963090315,0.04991508307925416,0.5267103904244801,6,P21796,VDAC1,Voltage-dependent anion-selective channel protein 1,VDAC1_HUMAN,42,207.1661623163312,3.0716616231633123,P3C4,P3C4+Nigericin,NA,NA,NA,P3C4+Nigericin,P3C4,0.11644251833870016,-1.7354618146477316,Robust
P3C4 / Unstim,P35579_K14_M1_10,P35579,Crotonyl,1.9860839176851277,1.9860839176851277,0.04995508853793731,0.5267103904244801,6,P35579,MYH9,Myosin-9,MYH9_HUMAN,294,-74.75768588021745,0.25242314119782555,Unstim,P3C4,NA,NA,NA,P3C4,Unstim,0.43235503940271014,1.5537288782824175,Robust
LPS / Unstim,Q9NVU0_K410_M1_17,Q9NVU0,GlyGly (K),2.2345745502377388,2.2345745502377388,0.04997235135521959,0.5267103904244801,6,Q9NVU0,POLR3E,DNA-directed RNA polymerase III subunit RPC5,RPC5_HUMAN,13,-78.75160980992165,0.2124839019007836,Unstim,LPS,NA,NA,NA,LPS,Unstim,-0.5947426110125897,2.8293171612503283,Robust
LPS / Unstim,Q9NVU0_Y404_M1_28,Q9NVU0,Phospho (STY),2.2345745502377388,2.2345745502377388,0.04997235135521959,0.5267103904244801,6,Q9NVU0,POLR3E,DNA-directed RNA polymerase III subunit RPC5,RPC5_HUMAN,13,-78.75160980992165,0.2124839019007836,Unstim,LPS,NA,NA,NA,LPS,Unstim,-0.5947426110125897,2.8293171612503283,Robust
