"Comparison (group1/group2)","Genes","UniProtIds","ProteinGroups","ProteinNames","ProteinDescriptions","Group","PTM.ModificationTitle","AVG Log2 Ratio","Qvalue","Pvalue","# of Ratios","Significance"
"LPS / LPS+Nigericin","HSP90AA1","P07900","P07900","HS90A_HUMAN","Heat shock protein HSP 90-alpha","P07900_S442_M1_28","Phospho (STY)",1.3870717812575,0.396461470070239,0.00153418529062676,6,"Not significant"
"LPS / LPS+Nigericin","DARS1","P14868","P14868","SYDC_HUMAN","Aspartate--tRNA ligase, cytoplasmic","P14868_T220_M1_28","Phospho (STY)",7.10330586241726,0.416551907460092,0.00300665131593508,5,"Not significant"
"LPS / LPS+Nigericin","HSPA5","P11021","P11021","BIP_HUMAN","Endoplasmic reticulum chaperone BiP","P11021_S354_M1_28","Phospho (STY)",-2.67590762521005,0.421997810483409,0.00371441660455255,5,"Not significant"
"LPS / LPS+Nigericin","ARPP19","P56211","P56211","ARP19_HUMAN","cAMP-regulated phosphoprotein 19","P56211_T85_M1_28","Phospho (STY)",4.60142681385088,0.426021437097266,0.00449645566478017,5,"Not significant"
"LPS / LPS+Nigericin","HNRNPK","P61978","P61978","HNRPK_HUMAN","Heterogeneous nuclear ribonucleoprotein K","P61978_Y72_M2_28","Phospho (STY)",2.93582614691109,0.445336858107627,0.00754598359908,6,"Not significant"
"LPS / LPS+Nigericin","RAC2","P15153","P15153","RAC2_HUMAN","Ras-related C3 botulinum toxin substrate 2","P15153_Y72_M1_28","Phospho (STY)",-6.26044643553524,0.463309699095886,0.0126425008524661,6,"Not significant"
"LPS / LPS+Nigericin","CFL1","P23528","P23528","COF1_HUMAN","Cofilin-1","P23528_T129_M1_28","Phospho (STY)",1.4354887827835,0.471677406231547,0.0169763142273568,4,"Not significant"
"LPS / LPS+Nigericin","PRPF3","O43395","O43395","PRPF3_HUMAN","U4/U6 small nuclear ribonucleoprotein Prp3","O43395_T254_M2_28","Phospho (STY)",0.930124644670603,0.477929064470568,0.0193417515249604,4,"Not significant"
"LPS / LPS+Nigericin","RCSD1","Q6JBY9","Q6JBY9","CPZIP_HUMAN","CapZ-interacting protein","Q6JBY9_S120_M1_28","Phospho (STY)",1.89349931896079,0.478197931567129,0.019440727485832,5,"Not significant"
"LPS / LPS+Nigericin","AHNAK","Q09666","Q09666","AHNK_HUMAN","Neuroblast differentiation-associated protein AHNAK","Q09666_S135_M1_28","Phospho (STY)",1.34317080097688,0.494086284639115,0.0262762774844918,6,"Not significant"
"LPS / LPS+Nigericin","SP100","P23497","P23497","SP100_HUMAN","Nuclear autoantigen Sp-100","P23497_S18_M1_28","Phospho (STY)",1.39657148613937,0.495588397017869,0.0272547501258369,6,"Not significant"
"LPS / LPS+Nigericin","H2BC21","Q16778","Q16778","H2B2E_HUMAN","Histone H2B type 2-E","Q16778_Y38_M2_28","Phospho (STY)",-3.31750799007371,0.496484673922215,0.0277271298106267,4,"Not significant"
"LPS / LPS+Nigericin","HSPA9","P38646","P38646","GRP75_HUMAN","Stress-70 protein, mitochondrial","P38646_Y243_M1_28","Phospho (STY)",0.725715933690779,0.504824591068064,0.0327825754736974,6,"Not significant"
"LPS / LPS+Nigericin","LMNA","P02545","P02545","LMNA_HUMAN","Prelamin-A/C","P02545_S22_M1_28","Phospho (STY)",1.14711092859788,0.504897117157785,0.0328070267032986,4,"Not significant"
"LPS / LPS+Nigericin","HPCAL1","P37235","P37235","HPCL1_HUMAN","Hippocalcin-like protein 1","P37235_T158_M1_28","Phospho (STY)",-2.54773199309957,0.521730084670056,0.0456461303443822,6,"Not significant"
"LPS / LPS+Nigericin","CAP1","Q01518","Q01518","CAP1_HUMAN","Adenylyl cyclase-associated protein 1","Q01518_Y354_M2_28","Phospho (STY)",0.722454210610233,0.529600274328878,0.0523444797619809,6,"Not significant"
"LPS / LPS+Nigericin","VDAC3","Q9Y277","Q9Y277","VDAC3_HUMAN","Voltage-dependent anion-selective channel protein 3","Q9Y277_Y67_M1_28","Phospho (STY)",-1.26429595989178,0.529600274328878,0.0523434079304258,6,"Not significant"
"LPS / LPS+Nigericin","BROX","Q5VW32","Q5VW32","BROX_HUMAN","BRO1 domain-containing protein BROX","Q5VW32_Y331_M1_28","Phospho (STY)",0.760297163817494,0.530744976269559,0.0536358519029895,5,"Not significant"
"LPS / LPS+Nigericin","CES1","P23141","P23141","EST1_HUMAN","Liver carboxylesterase 1","P23141_Y118_M2_28","Phospho (STY)",-0.504521397772969,0.531214113457267,0.0542857916046334,4,"Not significant"
"LPS / LPS+Nigericin","QPCTL","Q9NXS2","Q9NXS2","QPCTL_HUMAN","Glutaminyl-peptide cyclotransferase-like protein","Q9NXS2_T216_M1_28","Phospho (STY)",-1.78545227344896,0.531713347694726,0.0548006332758017,6,"Not significant"
"LPS / LPS+Nigericin","MAPRE1","Q15691","Q15691","MARE1_HUMAN","Microtubule-associated protein RP/EB family member 1","Q15691_Y217_M1_28","Phospho (STY)",1.33071888725933,0.532200805234019,0.0555234295735199,6,"Not significant"
"LPS / LPS+Nigericin","GSN","Cont_Q3SX14","Cont_Q3SX14","GELS_BOVIN","Gelsolin","Cont_Q3SX14_Y320_M2_28","Phospho (STY)",0.524475276767696,0.534784395435102,0.0587153956259615,6,"Not significant"
"LPS / LPS+Nigericin","GPX1","P07203","P07203","GPX1_HUMAN","Glutathione peroxidase 1","P07203_S95_M1_28","Phospho (STY)",0.909902151208933,0.535364468570915,0.0594139776311356,6,"Not significant"
"LPS / LPS+Nigericin","PER1","O15534","O15534","PER1_HUMAN","Period circadian protein homolog 1","O15534_S1186_M1_28","Phospho (STY)",4.95629685634958,0.537375641780291,0.0612780129792659,6,"Not significant"
"LPS / LPS+Nigericin","MYO1E","Q12965","Q12965","MYO1E_HUMAN","Unconventional myosin-Ie","Q12965_T865_M1_28","Phospho (STY)",-0.81478731622254,0.540922920723971,0.0644142851789958,6,"Not significant"
"LPS / LPS+Nigericin","MYH9","P35579","P35579","MYH9_HUMAN","Myosin-9","P35579_S1376_M1_28","Phospho (STY)",-0.86749256974916,0.543388887911715,0.0668170184125835,6,"Not significant"
"LPS / LPS+Nigericin","SMAP2","Q8WU79","Q8WU79","SMAP2_HUMAN","Stromal membrane-associated protein 2","Q8WU79_S240_M1_28","Phospho (STY)",1.46837149214627,0.544775544332336,0.0692897678283577,4,"Not significant"
"LPS / LPS+Nigericin","SDHAF2","Q9NX18","Q9NX18","SDHF2_HUMAN","Succinate dehydrogenase assembly factor 2, mitochondrial","Q9NX18_Y160_M1_28","Phospho (STY)",-0.236091609856942,0.551228964768645,0.0770469955077185,6,"Not significant"
"LPS / LPS+Nigericin","RRBP1","Q9P2E9","Q9P2E9","RRBP1_HUMAN","Ribosome-binding protein 1","Q9P2E9_Y1219_M2_28","Phospho (STY)",0.635543167951529,0.551485065937404,0.0772851985258849,6,"Not significant"
"LPS / LPS+Nigericin","RAB5C","P51148","P51148","RAB5C_HUMAN","Ras-related protein Rab-5C","P51148_S124_M1_28","Phospho (STY)",-0.532987461605759,0.552586285958244,0.0781635284860835,6,"Not significant"
"LPS / LPS+Nigericin","NUP153","P49790","P49790","NU153_HUMAN","Nuclear pore complex protein Nup153","P49790_S240_M1_28","Phospho (STY)",-0.838527282446377,0.553927931637207,0.079461932816064,5,"Not significant"
"LPS / LPS+Nigericin","VDAC2","P45880","P45880","VDAC2_HUMAN","Voltage-dependent anion-selective channel protein 2","P45880_T269_M1_28","Phospho (STY)",-0.787905269664527,0.555186692245965,0.0818654184036201,6,"Not significant"
"LPS / LPS+Nigericin","RAB5B","P61020","P61020","RAB5B_HUMAN","Ras-related protein Rab-5B","P61020_S184_M1_28","Phospho (STY)",-0.620365462233521,0.556390021255323,0.083473301750756,6,"Not significant"
"LPS / LPS+Nigericin","HADHB","P55084","P55084","ECHB_HUMAN","Trifunctional enzyme subunit beta, mitochondrial","P55084_S262_M1_28","Phospho (STY)",-0.798213562751242,0.556604607267625,0.0838729581246125,6,"Not significant"
"LPS / LPS+Nigericin","PARK7","Q99497","Q99497","PARK7_HUMAN","Parkinson disease protein 7","Q99497_T110_M1_28","Phospho (STY)",1.13508546722281,0.556604607267625,0.0840985707268515,6,"Not significant"
"LPS / LPS+Nigericin","MMP9","P14780","P14780","MMP9_HUMAN","Matrix metalloproteinase-9","P14780_S66_M1_28","Phospho (STY)",-0.663691739396236,0.556677827986551,0.0846068342274997,6,"Not significant"
"LPS / LPS+Nigericin","HSPD1","P10809","P10809","CH60_HUMAN","60 kDa heat shock protein, mitochondrial","P10809_T54_M1_28","Phospho (STY)",-1.19284507894391,0.560057135333441,0.0881384059464572,6,"Not significant"
"LPS / LPS+Nigericin","SLC4A7","Q9Y6M7","Q9Y6M7","S4A7_HUMAN","Sodium bicarbonate cotransporter 3","Q9Y6M7_S242_M1_28","Phospho (STY)",0.583725186372799,0.560680994131015,0.0893313535539532,4,"Not significant"
"LPS / LPS+Nigericin","PARK7","Q99497","Q99497","PARK7_HUMAN","Parkinson disease protein 7","Q99497_S85_M2_28","Phospho (STY)",1.43759032196534,0.561266062072686,0.0901635731993624,6,"Not significant"
"LPS / LPS+Nigericin","PARK7","Q99497","Q99497","PARK7_HUMAN","Parkinson disease protein 7","Q99497_S83_M2_28","Phospho (STY)",1.43759032196534,0.561266062072686,0.0901635731993624,6,"Not significant"
"LPS / LPS+Nigericin","STK10","O94804","O94804","STK10_HUMAN","Serine/threonine-protein kinase 10","O94804_S438_M1_28","Phospho (STY)",1.68831230132306,0.561394177909478,0.0902935256164619,6,"Not significant"
"LPS / LPS+Nigericin","PREB","Q9HCU5","Q9HCU5","PREB_HUMAN","Prolactin regulatory element-binding protein","Q9HCU5_Y281_M1_28","Phospho (STY)",-0.896863902581014,0.561475832832099,0.0904045951738977,6,"Not significant"
"LPS / LPS+Nigericin","ATP5F1B","P06576","P06576","ATPB_HUMAN","ATP synthase subunit beta, mitochondrial","P06576_T116_M1_28","Phospho (STY)",-1.1187836674612,0.563033793978023,0.0923818404650425,5,"Not significant"
"LPS / LPS+Nigericin","NONO","Q15233","Q15233","NONO_HUMAN","Non-POU domain-containing octamer-binding protein","Q15233_Y158_M2_28","Phospho (STY)",0.589306252577673,0.56396480773833,0.0941179353478824,6,"Not significant"
"LPS / LPS+Nigericin","RAB1B","Q9H0U4","Q9H0U4","RAB1B_HUMAN","Ras-related protein Rab-1B","Q9H0U4_S142_M1_28","Phospho (STY)",-1.00857324058073,0.56617937883902,0.0971588528149551,6,"Not significant"
"LPS / LPS+Nigericin","TNF","P01375","P01375","TNFA_HUMAN","Tumor necrosis factor","P01375_S71_M1_28","Phospho (STY)",-0.780578328501636,0.566590194368358,0.0976265677030545,5,"Not significant"
"LPS / LPS+Nigericin","CLTC","Q00610","Q00610","CLH1_HUMAN","Clathrin heavy chain 1","Q00610_T235_M1_28","Phospho (STY)",1.94106735700953,0.566898965155497,0.0980014328189608,6,"Not significant"
"LPS / LPS+Nigericin","ERLIN2","O94905","O94905","ERLN2_HUMAN","Erlin-2","O94905_S243_M1_28","Phospho (STY)",-1.37912714778752,0.56901586456967,0.101209809269982,6,"Not significant"
"LPS / LPS+Nigericin","RPL4","P36578","P36578","RL4_HUMAN","Large ribosomal subunit protein uL4","P36578_Y161_M1_28","Phospho (STY)",0.657824048832197,0.569278480362678,0.102240082778138,6,"Not significant"
"LPS / LPS+Nigericin","ACTB","Cont_P60712;P60709","Cont_P60712;P60709","ACTB_BOVIN;ACTB_HUMAN","Actin, cytoplasmic 1;Actin, cytoplasmic 1","Cont_P60712_Y53_M1_28","Phospho (STY)",1.32486489140996,0.570910365103134,0.104401500872124,6,"Not significant"
"LPS / LPS+Nigericin","ACTB","Cont_P60712;P60709","Cont_P60712;P60709","ACTB_BOVIN;ACTB_HUMAN","Actin, cytoplasmic 1;Actin, cytoplasmic 1","P60709_Y53_M1_28","Phospho (STY)",1.32486489140996,0.570910365103134,0.104401500872124,6,"Not significant"
"LPS / LPS+Nigericin","RPL21","P46778","P46778","RL21_HUMAN","Large ribosomal subunit protein eL21","P46778_T124_M1_28","Phospho (STY)",-0.796698138543338,0.572907853336907,0.10732484287039,6,"Not significant"
"LPS / LPS+Nigericin","PLEKHO2","Q8TD55","Q8TD55","PKHO2_HUMAN","Pleckstrin homology domain-containing family O member 2","Q8TD55_S390_M2_28","Phospho (STY)",-0.796172795439776,0.576155981641014,0.112925630839923,5,"Not significant"
"LPS / LPS+Nigericin","PGK1","P00558","P00558","PGK1_HUMAN","Phosphoglycerate kinase 1","P00558_S115_M1_28","Phospho (STY)",0.576473586356543,0.576472194539292,0.113489279812224,6,"Not significant"
"LPS / LPS+Nigericin","NDUFA9","Q16795","Q16795","NDUA9_HUMAN","NADH dehydrogenase [ubiquinone] 1 alpha subcomplex subunit 9, mitochondrial","Q16795_S219_M2_28","Phospho (STY)",0.767672428872952,0.578301990761901,0.116742278387872,5,"Not significant"
"LPS / LPS+Nigericin","SUMO3","P55854","P55854","SUMO3_HUMAN","Small ubiquitin-related modifier 3","P55854_T12_M1_28","Phospho (STY)",1.36713906250851,0.580620395664074,0.120414770580935,6,"Not significant"
"LPS / LPS+Nigericin","LSP1","P33241","P33241","LSP1_HUMAN","Lymphocyte-specific protein 1","P33241_S189_M1_28","Phospho (STY)",-0.939957399800956,0.581807005116735,0.12268036693357,6,"Not significant"
"LPS / LPS+Nigericin","ACTB","Cont_P60712;P60709","Cont_P60712;P60709","ACTB_BOVIN;ACTB_HUMAN","Actin, cytoplasmic 1;Actin, cytoplasmic 1","Cont_P60712_S271_M1_28","Phospho (STY)",0.543222406188788,0.581831091364646,0.122864592008176,6,"Not significant"
"LPS / LPS+Nigericin","ACTB","Cont_P60712;P60709","Cont_P60712;P60709","ACTB_BOVIN;ACTB_HUMAN","Actin, cytoplasmic 1;Actin, cytoplasmic 1","P60709_S271_M1_28","Phospho (STY)",0.543222406188788,0.581831091364646,0.122864592008176,6,"Not significant"
"LPS / LPS+Nigericin","HS2ST1","Q7LGA3","Q7LGA3","HS2ST_HUMAN","Heparan sulfate 2-O-sulfotransferase 1","Q7LGA3_Y102_M1_28","Phospho (STY)",-0.542844883992938,0.582244297615009,0.123835160134806,6,"Not significant"
"LPS / LPS+Nigericin","SCP2","P22307","P22307","SCP2_HUMAN","Sterol carrier protein 2","P22307_T473_M1_28","Phospho (STY)",-0.603954682709017,0.584227319719449,0.127698652367738,6,"Not significant"
"LPS / LPS+Nigericin","DRG2","P55039","P55039","DRG2_HUMAN","Developmentally-regulated GTP-binding protein 2","P55039_Y210_M1_28","Phospho (STY)",-0.528225573372142,0.584522372706506,0.128399589338158,6,"Not significant"
"LPS / LPS+Nigericin","C1QBP","Q07021","Q07021","C1QBP_HUMAN","Complement component 1 Q subcomponent-binding protein, mitochondrial","Q07021_T101_M1_28","Phospho (STY)",1.14333494438691,0.585083671372994,0.129183165602007,6,"Not significant"
"LPS / LPS+Nigericin","HINT2","Q9BX68","Q9BX68","HINT2_HUMAN","Adenosine 5'-monophosphoramidase HINT2","Q9BX68_S101_M1_28","Phospho (STY)",-1.76320610487625,0.586234633599403,0.13112090199003,6,"Not significant"
"LPS / LPS+Nigericin","CANX","P27824","P27824","CALX_HUMAN","Calnexin","P27824_Y150_M2_28","Phospho (STY)",0.564638178626706,0.586987333031912,0.132313972611615,6,"Not significant"
"LPS / LPS+Nigericin","HSP90B1","P14625","P14625","ENPL_HUMAN","Endoplasmin","P14625_S607_M1_28","Phospho (STY)",-1.24693040556,0.587259803256058,0.13303823881444,6,"Not significant"
"LPS / LPS+Nigericin","ACTBL2","Q562R1","Q562R1","ACTBL_HUMAN","Beta-actin-like protein 2","Q562R1_Y295_M1_28","Phospho (STY)",-1.04809499051071,0.58768779811974,0.134020683259852,6,"Not significant"
"LPS / LPS+Nigericin","AHNAK","Q09666","Q09666","AHNK_HUMAN","Neuroblast differentiation-associated protein AHNAK","Q09666_S1158_M1_28","Phospho (STY)",-0.607271405995443,0.587738440583538,0.134258879675351,6,"Not significant"
"LPS / LPS+Nigericin","PTPRC","P08575","P08575","PTPRC_HUMAN","Receptor-type tyrosine-protein phosphatase C","P08575_S975_M1_28","Phospho (STY)",-0.750139951702334,0.587981812869188,0.134633949836305,6,"Not significant"
"LPS / LPS+Nigericin","ACTB","Cont_P60712;P60709","Cont_P60712;P60709","ACTB_BOVIN;ACTB_HUMAN","Actin, cytoplasmic 1;Actin, cytoplasmic 1","Cont_P60712_Y294_M2_28","Phospho (STY)",0.567950520846128,0.588509441809964,0.135903672165268,5,"Not significant"
"LPS / LPS+Nigericin","ACTB","Cont_P60712;P60709","Cont_P60712;P60709","ACTB_BOVIN;ACTB_HUMAN","Actin, cytoplasmic 1;Actin, cytoplasmic 1","P60709_Y294_M2_28","Phospho (STY)",0.567950520846128,0.588509441809964,0.135903672165268,5,"Not significant"
"LPS / LPS+Nigericin","H1-5","P16401","P16401","H15_HUMAN","Histone H1.5","P16401_S2_M1_28","Phospho (STY)",-1.23741233470284,0.589527498219065,0.138418720185064,5,"Not significant"
"LPS / LPS+Nigericin","RAB44","Q7Z6P3","Q7Z6P3","RAB44_HUMAN","Ras-related protein Rab-44","Q7Z6P3_S509_M1_28","Phospho (STY)",1.07043941452712,0.590332397715826,0.139655736132457,6,"Not significant"
"LPS / LPS+Nigericin","TXNDC12","O95881","O95881","TXD12_HUMAN","Thioredoxin domain-containing protein 12","O95881_S121_M1_28","Phospho (STY)",0.735342924273959,0.59045160783496,0.139857247034918,6,"Not significant"
"LPS / LPS+Nigericin","TAGLN2","P37802","P37802","TAGL2_HUMAN","Transgelin-2","P37802_Y70_M1_28","Phospho (STY)",1.12254199882066,0.590595253468291,0.140176514376189,6,"Not significant"
"LPS / LPS+Nigericin","ECHDC1","Q9NTX5","Q9NTX5","ECHD1_HUMAN","Ethylmalonyl-CoA decarboxylase","Q9NTX5_T288_M1_28","Phospho (STY)",-0.728215325335373,0.590873563690371,0.141062015001026,6,"Not significant"
"LPS / LPS+Nigericin","MRPL52","Q86TS9","Q86TS9","RM52_HUMAN","Large ribosomal subunit protein mL52","Q86TS9_S81_M2_28","Phospho (STY)",-0.252876626418863,0.591281330926782,0.141743860190147,6,"Not significant"
"LPS / LPS+Nigericin","MRPL52","Q86TS9","Q86TS9","RM52_HUMAN","Large ribosomal subunit protein mL52","Q86TS9_T72_M2_28","Phospho (STY)",-0.252876626418863,0.591281330926782,0.141743860190147,6,"Not significant"
"LPS / LPS+Nigericin","SVIL","O95425","O95425","SVIL_HUMAN","Supervillin","O95425_S245_M1_28","Phospho (STY)",1.49868673428662,0.592041542454896,0.142739366307096,5,"Not significant"
"LPS / LPS+Nigericin","XIRP1","Q702N8","Q702N8","XIRP1_HUMAN","Xin actin-binding repeat-containing protein 1","Q702N8_S208_M1_28","Phospho (STY)",-2.43581551253469,0.592286985558651,0.143345291910462,4,"Not significant"
"LPS / LPS+Nigericin","DDX18","Q9NVP1","Q9NVP1","DDX18_HUMAN","ATP-dependent RNA helicase DDX18","Q9NVP1_T260_M2_28","Phospho (STY)",-1.31346518299024,0.593832693563738,0.145654964668178,5,"Not significant"
"LPS / LPS+Nigericin","DDX18","Q9NVP1","Q9NVP1","DDX18_HUMAN","ATP-dependent RNA helicase DDX18","Q9NVP1_S258_M2_28","Phospho (STY)",-1.31346518299024,0.593832693563738,0.145654964668178,5,"Not significant"
"LPS / LPS+Nigericin","HCFC1","P51610","P51610","HCFC1_HUMAN","Host cell factor 1","P51610_S1507_M1_28","Phospho (STY)",0.450273898603675,0.594404860877025,0.146651940217196,5,"Not significant"
"LPS / LPS+Nigericin","ATP2C1","P98194","P98194","AT2C1_HUMAN","Calcium-transporting ATPase type 2C member 1","P98194_S36_M1_28","Phospho (STY)",-0.790133713326231,0.59440715707418,0.146759089997095,5,"Not significant"
"LPS / LPS+Nigericin","PDS5B","Q9NTI5","Q9NTI5","PDS5B_HUMAN","Sister chromatid cohesion protein PDS5 homolog B","Q9NTI5_S1358_M1_28","Phospho (STY)",1.29194991654769,0.59440715707418,0.146779151824658,6,"Not significant"
"LPS / LPS+Nigericin","RPL22","P35268","P35268","RL22_HUMAN","Large ribosomal subunit protein eL22","P35268_S66_M1_28","Phospho (STY)",0.87696520446134,0.596986943312111,0.152523579244873,6,"Not significant"
"LPS / LPS+Nigericin","PMPCA","Q10713","Q10713","MPPA_HUMAN","Mitochondrial-processing peptidase subunit alpha","Q10713_Y270_M1_28","Phospho (STY)",-0.499260541479436,0.597105970172634,0.153290735270298,6,"Not significant"
"LPS / LPS+Nigericin","ANXA2","P07355","P07355","ANXA2_HUMAN","Annexin A2","P07355_Y147_M1_28","Phospho (STY)",-0.544829015863723,0.599830833306597,0.157462994359854,6,"Not significant"
"LPS / LPS+Nigericin","PRKAR1A","P10644","P10644","KAP0_HUMAN","cAMP-dependent protein kinase type I-alpha regulatory subunit","P10644_S83_M1_28","Phospho (STY)",0.592958402366654,0.600784624989873,0.159000952018298,6,"Not significant"
"LPS / LPS+Nigericin","EEF1D","P29692","P29692","EF1D_HUMAN","Elongation factor 1-delta","P29692_S133_M1_28","Phospho (STY)",0.972366576092109,0.600884840428537,0.159226103705105,6,"Not significant"
"LPS / LPS+Nigericin","ITGB2","P05107","P05107","ITB2_HUMAN","Integrin beta-2","P05107_Y382_M2_28","Phospho (STY)",-1.64801326433387,0.601489878679825,0.160683747241025,6,"Not significant"
"LPS / LPS+Nigericin","THRAP3","Q9Y2W1","Q9Y2W1","TR150_HUMAN","Thyroid hormone receptor-associated protein 3","Q9Y2W1_S253_M2_28","Phospho (STY)",0.53034869522592,0.601743424892681,0.161210467841199,6,"Not significant"
"LPS / LPS+Nigericin","TSC22D1","Q15714","Q15714","T22D1_HUMAN","TSC22 domain family protein 1","Q15714_S1018_M1_28","Phospho (STY)",0.534312746181084,0.602011744100985,0.161689167174064,6,"Not significant"
"LPS / LPS+Nigericin","PCM1","Q15154","Q15154","PCM1_HUMAN","Pericentriolar material 1 protein","Q15154_S65_M1_28","Phospho (STY)",1.18331604123899,0.60223450083497,0.162285488760807,6,"Not significant"
"LPS / LPS+Nigericin","RBM47","A0AV96","A0AV96","RBM47_HUMAN","RNA-binding protein 47","A0AV96_T433_M1_28","Phospho (STY)",-1.35609166950489,0.603121480649919,0.183800109333079,6,"Not significant"
"LPS / LPS+Nigericin","STX7","O15400","O15400","STX7_HUMAN","Syntaxin-7","O15400_T98_M1_28","Phospho (STY)",8.62465543526415,0.603121480649919,0.187540880264283,6,"Not significant"
"LPS / LPS+Nigericin","RPLP0","P05388","P05388","RLA0_HUMAN","Large ribosomal subunit protein uL10","P05388_T122_M1_28","Phospho (STY)",5.35361598355054,0.603121480649919,0.187009029725619,6,"Not significant"
"LPS / LPS+Nigericin","HSPD1","P10809","P10809","CH60_HUMAN","60 kDa heat shock protein, mitochondrial","P10809_T422_M1_28","Phospho (STY)",11.2467352665346,0.603121480649919,0.185814454352884,6,"Not significant"
"LPS / LPS+Nigericin","ACADM","P11310","P11310","ACADM_HUMAN","Medium-chain specific acyl-CoA dehydrogenase, mitochondrial","P11310_T220_M1_28","Phospho (STY)",-1.36232058295413,0.603121480649919,0.186547941761807,6,"Not significant"
"LPS / LPS+Nigericin","PDIA4","P13667","P13667","PDIA4_HUMAN","Protein disulfide-isomerase A4","P13667_Y595_M1_28","Phospho (STY)",0.347060819923589,0.603121480649919,0.191191900837972,6,"Not significant"
"LPS / LPS+Nigericin","SPN","P16150","P16150","LEUK_HUMAN","Leukosialin","P16150_S355_M1_28","Phospho (STY)",1.15795421992569,0.603121480649919,0.170973004066757,6,"Not significant"
"LPS / LPS+Nigericin","M6PR","P20645","P20645","MPRD_HUMAN","Cation-dependent mannose-6-phosphate receptor","P20645_S42_M1_28","Phospho (STY)",-3.51957018487055,0.603121480649919,0.18362458060041,6,"Not significant"
"LPS / LPS+Nigericin","ACAT1","P24752","P24752","THIL_HUMAN","Acetyl-CoA acetyltransferase, mitochondrial","P24752_S420_M1_28","Phospho (STY)",-0.621165875921668,0.603121480649919,0.164291317501978,5,"Not significant"
"LPS / LPS+Nigericin","HSPA9","P38646","P38646","GRP75_HUMAN","Stress-70 protein, mitochondrial","P38646_T504_M1_28","Phospho (STY)",-0.871814618514238,0.603121480649919,0.170239644224779,6,"Not significant"
"LPS / LPS+Nigericin","HSPA2","P54652","P54652","HSP72_HUMAN","Heat shock-related 70 kDa protein 2","P54652_S142_M2_28","Phospho (STY)",-6.69501825029482,0.603121480649919,0.183670929664994,6,"Not significant"
"LPS / LPS+Nigericin","H4C1","P62805","P62805","H4_HUMAN","Histone H4","P62805_T81_M1_28","Phospho (STY)",-0.407221749282157,0.603121480649919,0.174050435933127,6,"Not significant"
"LPS / LPS+Nigericin","TFAM","Q00059","Q00059","TFAM_HUMAN","Transcription factor A, mitochondrial","Q00059_Y200_M1_28","Phospho (STY)",0.530168918068891,0.603121480649919,0.175457191131265,6,"Not significant"
"LPS / LPS+Nigericin","HNRNPU","Q00839","Q00839","HNRPU_HUMAN","Heterogeneous nuclear ribonucleoprotein U","Q00839_Y350_M1_28","Phospho (STY)",-1.0894552083616,0.603121480649919,0.178104093326497,6,"Not significant"
"LPS / LPS+Nigericin","AHNAK","Q09666","Q09666","AHNK_HUMAN","Neuroblast differentiation-associated protein AHNAK","Q09666_S93_M1_28","Phospho (STY)",1.12980600219804,0.603121480649919,0.164628434343342,6,"Not significant"
"LPS / LPS+Nigericin","AHNAK","Q09666","Q09666","AHNK_HUMAN","Neuroblast differentiation-associated protein AHNAK","Q09666_T376_M1_28","Phospho (STY)",-3.69138170286536,0.603121480649919,0.193972165362037,6,"Not significant"
"LPS / LPS+Nigericin","HNRNPD","Q14103","Q14103","HNRPD_HUMAN","Heterogeneous nuclear ribonucleoprotein D0","Q14103_T229_M1_28","Phospho (STY)",0.937649914052804,0.603121480649919,0.181285926986707,6,"Not significant"
"LPS / LPS+Nigericin","ACTBL2","Q562R1","Q562R1","ACTBL_HUMAN","Beta-actin-like protein 2","Q562R1_Y54_M1_28","Phospho (STY)",2.31548987316091,0.603121480649919,0.173473918417662,6,"Not significant"
"LPS / LPS+Nigericin","HDGFL2","Q7Z4V5","Q7Z4V5","HDGR2_HUMAN","Hepatoma-derived growth factor-related protein 2","Q7Z4V5_Y40_M1_28","Phospho (STY)",1.71336889990543,0.603121480649919,0.186605622654326,6,"Not significant"
"LPS / LPS+Nigericin","GLRX5","Q86SX6","Q86SX6","GLRX5_HUMAN","Glutaredoxin-related protein 5, mitochondrial","Q86SX6_T61_M2_28","Phospho (STY)",0.501248149228749,0.603121480649919,0.180942838797798,6,"Not significant"
"LPS / LPS+Nigericin","AIDA","Q96BJ3","Q96BJ3","AIDA_HUMAN","Axin interactor, dorsalization-associated protein","Q96BJ3_Y104_M1_28","Phospho (STY)",7.06014113448428,0.603121480649919,0.191831861987606,6,"Not significant"
"LPS / LPS+Nigericin","GPSM3","Q9Y4H4","Q9Y4H4","GPSM3_HUMAN","G-protein-signaling modulator 3","Q9Y4H4_S56_M1_28","Phospho (STY)",0.899263953116392,0.603121480649919,0.19140260872995,6,"Not significant"
"LPS / LPS+Nigericin","ACTB","Cont_P60712;P60709","Cont_P60712;P60709","ACTB_BOVIN;ACTB_HUMAN","Actin, cytoplasmic 1;Actin, cytoplasmic 1","Cont_P60712_T318_M1_28","Phospho (STY)",-1.22056690319688,0.603121480649919,0.169373144674102,5,"Not significant"
"LPS / LPS+Nigericin","ACTB","Cont_P60712;P60709","Cont_P60712;P60709","ACTB_BOVIN;ACTB_HUMAN","Actin, cytoplasmic 1;Actin, cytoplasmic 1","P60709_T318_M1_28","Phospho (STY)",-1.22056690319688,0.603121480649919,0.169373144674102,5,"Not significant"
"LPS / LPS+Nigericin","EEF1A1","Cont_P68103;P68104","Cont_P68103;P68104","EF1A1_BOVIN;EF1A1_HUMAN","Elongation factor 1-alpha 1","Cont_P68103_Y418_M2_28","Phospho (STY)",0.656492196793578,0.603202993881853,0.197306473756132,5,"Not significant"
"LPS / LPS+Nigericin","EEF1A1","Cont_P68103;P68104","Cont_P68103;P68104","EF1A1_BOVIN;EF1A1_HUMAN","Elongation factor 1-alpha 1","P68104_Y418_M2_28","Phospho (STY)",0.656492196793578,0.603202993881853,0.197306473756132,5,"Not significant"
"LPS / LPS+Nigericin","CAP1","Q01518","Q01518","CAP1_HUMAN","Adenylyl cyclase-associated protein 1","Q01518_Y153_M1_28","Phospho (STY)",5.60674880024269,0.603202993881853,0.199231271778456,6,"Not significant"
"LPS / LPS+Nigericin","CAP1","Q01518","Q01518","CAP1_HUMAN","Adenylyl cyclase-associated protein 1","Q01518_Y43_M1_28","Phospho (STY)",0.912022130328477,0.603202993881853,0.195992496920696,5,"Not significant"
"LPS / LPS+Nigericin","AHNAK","Q09666","Q09666","AHNK_HUMAN","Neuroblast differentiation-associated protein AHNAK","Q09666_S2580_M1_28","Phospho (STY)",0.474121832195863,0.603202993881853,0.199580187452184,6,"Not significant"
"LPS / LPS+Nigericin","AHNAK","Q09666","Q09666","AHNK_HUMAN","Neuroblast differentiation-associated protein AHNAK","Q09666_S4002_M1_28","Phospho (STY)",0.474121832195863,0.603202993881853,0.199580187452184,6,"Not significant"
"LPS / LPS+Nigericin","AHNAK","Q09666","Q09666","AHNK_HUMAN","Neuroblast differentiation-associated protein AHNAK","Q09666_S4258_M1_28","Phospho (STY)",0.474121832195863,0.603202993881853,0.199580187452184,6,"Not significant"
"LPS / LPS+Nigericin","AHNAK","Q09666","Q09666","AHNK_HUMAN","Neuroblast differentiation-associated protein AHNAK","Q09666_S4460_M1_28","Phospho (STY)",0.474121832195863,0.603202993881853,0.199580187452184,6,"Not significant"
"LPS / LPS+Nigericin","MVP","Q14764","Q14764","MVP_HUMAN","Major vault protein","Q14764_Y100_M2_28","Phospho (STY)",5.68204869610645,0.603526448284182,0.202104456953575,6,"Not significant"
"LPS / LPS+Nigericin","WDFY3","Q8IZQ1","Q8IZQ1","WDFY3_HUMAN","WD repeat and FYVE domain-containing protein 3","Q8IZQ1_S1315_M1_28","Phospho (STY)",-2.53865991815987,0.603628000061256,0.202995644490673,6,"Not significant"
"LPS / LPS+Nigericin","MACROH2A1","O75367","O75367","H2AY_HUMAN","Core histone macro-H2A.1","O75367_S305_M1_28","Phospho (STY)",-0.544090020971277,0.604316063081654,0.206610121983129,6,"Not significant"
"LPS / LPS+Nigericin","LNPK","Q9C0E8","Q9C0E8","LNP_HUMAN","Endoplasmic reticulum junction formation protein lunapark","Q9C0E8_S194_M1_28","Phospho (STY)",0.754731549698541,0.604647064374323,0.208670431320455,6,"Not significant"
"LPS / LPS+Nigericin","MYH9","P35579","P35579","MYH9_HUMAN","Myosin-9","P35579_S957_M1_28","Phospho (STY)",0.467941121088764,0.605177677868609,0.211619551165498,6,"Not significant"
"LPS / LPS+Nigericin","AHNAK","Q09666","Q09666","AHNK_HUMAN","Neuroblast differentiation-associated protein AHNAK","Q09666_S2798_M1_28","Phospho (STY)",2.52399292072512,0.605611673993958,0.213764473035822,6,"Not significant"
"LPS / LPS+Nigericin","ALDOA","P04075","P04075","ALDOA_HUMAN","Fructose-bisphosphate aldolase A","P04075_T119_M1_28","Phospho (STY)",0.970331495050949,0.605616547005085,0.213978492802807,6,"Not significant"
"LPS / LPS+Nigericin","CALM1;CALM2;CALM3","P0DP23;P0DP24;P0DP25","P0DP23;P0DP24;P0DP25","CALM1_HUMAN;CALM2_HUMAN;CALM3_HUMAN","Calmodulin-1;Calmodulin-2;Calmodulin-3","P0DP23_Y100_M1_28","Phospho (STY)",1.12337703543017,0.605865793180165,0.214768623361861,6,"Not significant"
"LPS / LPS+Nigericin","CALM1;CALM2;CALM3","P0DP23;P0DP24;P0DP25","P0DP23;P0DP24;P0DP25","CALM1_HUMAN;CALM2_HUMAN;CALM3_HUMAN","Calmodulin-1;Calmodulin-2;Calmodulin-3","P0DP24_Y100_M1_28","Phospho (STY)",1.12337703543017,0.605865793180165,0.214768623361861,6,"Not significant"
"LPS / LPS+Nigericin","CALM1;CALM2;CALM3","P0DP23;P0DP24;P0DP25","P0DP23;P0DP24;P0DP25","CALM1_HUMAN;CALM2_HUMAN;CALM3_HUMAN","Calmodulin-1;Calmodulin-2;Calmodulin-3","P0DP25_Y100_M1_28","Phospho (STY)",1.12337703543017,0.605865793180165,0.214768623361861,6,"Not significant"
"LPS / LPS+Nigericin","G3BP1","Q13283","Q13283","G3BP1_HUMAN","Ras GTPase-activating protein-binding protein 1","Q13283_S232_M1_28","Phospho (STY)",0.974829541256648,0.605959069182444,0.215366353565426,6,"Not significant"
"LPS / LPS+Nigericin","ALDOA","P04075","P04075","ALDOA_HUMAN","Fructose-bisphosphate aldolase A","P04075_S160_M1_28","Phospho (STY)",-4.66706413412929,0.606030087823053,0.215736688261961,4,"Not significant"
"LPS / LPS+Nigericin","TUBB2B","Q9BVA1","Q9BVA1","TBB2B_HUMAN","Tubulin beta-2B chain","Q9BVA1_Y59_M1_28","Phospho (STY)",-0.571278194086873,0.606379357312079,0.217153354962047,6,"Not significant"
"LPS / LPS+Nigericin","ARID1A","O14497","O14497","ARI1A_HUMAN","AT-rich interactive domain-containing protein 1A","O14497_S363_M1_28","Phospho (STY)",0.714448942559091,0.606509997487739,0.217644595013798,6,"Not significant"
"LPS / LPS+Nigericin","GM2A","P17900","P17900","SAP3_HUMAN","Ganglioside GM2 activator","P17900_Y168_M1_28","Phospho (STY)",-4.2569794319367,0.606843562945112,0.218639465747091,6,"Not significant"
"LPS / LPS+Nigericin","ABI1","Q8IZP0","Q8IZP0","ABI1_HUMAN","Abl interactor 1","Q8IZP0_Y198_M1_28","Phospho (STY)",0.469680958459818,0.607053262459454,0.219956965895974,6,"Not significant"
"LPS / LPS+Nigericin","DDX3X","O00571","O00571","DDX3X_HUMAN","ATP-dependent RNA helicase DDX3X","O00571_Y266_M1_28","Phospho (STY)",3.47627049386982,0.607077486866032,0.220068520295377,5,"Not significant"
"LPS / LPS+Nigericin","TOR1AIP1","Q5JTV8","Q5JTV8","TOIP1_HUMAN","Torsin-1A-interacting protein 1","Q5JTV8_S143_M1_28","Phospho (STY)",0.997627169222913,0.607164852501337,0.220598344810233,6,"Not significant"
"LPS / LPS+Nigericin","NONO","Q15233","Q15233","NONO_HUMAN","Non-POU domain-containing octamer-binding protein","Q15233_T418_M2_28","Phospho (STY)",-9.27094659708585,0.607164852501337,0.220669162547764,6,"Not significant"
"LPS / LPS+Nigericin","ATXN2L","Q8WWM7","Q8WWM7","ATX2L_HUMAN","Ataxin-2-like protein","Q8WWM7_T182_M1_28","Phospho (STY)",2.67802729399269,0.608737935881197,0.225699424313873,6,"Not significant"
"LPS / LPS+Nigericin","TFRC","P02786","P02786","TFR1_HUMAN","Transferrin receptor protein 1","P02786_S132_M2_28","Phospho (STY)",-0.86813631270271,0.608757725924449,0.225805468030186,4,"Not significant"
"LPS / LPS+Nigericin","TPI1","P60174","P60174","TPIS_HUMAN","Triosephosphate isomerase","P60174_S21_M1_28","Phospho (STY)",1.57665843093957,0.609206675715867,0.227456247375359,6,"Not significant"
"LPS / LPS+Nigericin","MIA2","Q96PC5","Q96PC5","MIA2_HUMAN","Melanoma inhibitory activity protein 2","Q96PC5_Y1039_M2_28","Phospho (STY)",-0.574910084094104,0.609404751342605,0.228284654604688,6,"Not significant"
"LPS / LPS+Nigericin","MSN","P26038","P26038","MOES_HUMAN","Moesin","P26038_S576_M1_28","Phospho (STY)",0.943121481603068,0.609823900952089,0.229669133040484,6,"Not significant"
"LPS / LPS+Nigericin","FABP5","Q01469","Q01469","FABP5_HUMAN","Fatty acid-binding protein 5","Q01469_Y22_M1_28","Phospho (STY)",1.81361415837725,0.610344847994761,0.232339011511084,6,"Not significant"
"LPS / LPS+Nigericin","RCSD1","Q6JBY9","Q6JBY9","CPZIP_HUMAN","CapZ-interacting protein","Q6JBY9_S216_M1_28","Phospho (STY)",1.0200998374787,0.611138106299815,0.234515787998742,6,"Not significant"
"LPS / LPS+Nigericin","FKBP8","Q14318","Q14318","FKBP8_HUMAN","Peptidyl-prolyl cis-trans isomerase FKBP8","Q14318_Y322_M2_28","Phospho (STY)",-0.566992948614795,0.611245779583054,0.234828198997566,6,"Not significant"
"LPS / LPS+Nigericin","GYS1","P13807","P13807","GYS1_HUMAN","Glycogen [starch] synthase, muscle","P13807_Y405_M1_28","Phospho (STY)",0.855461958855676,0.611322391042365,0.23539601695783,6,"Not significant"
"LPS / LPS+Nigericin","ACLY","P53396","P53396","ACLY_HUMAN","ATP-citrate synthase","P53396_Y704_M2_28","Phospho (STY)",-6.0419817430493,0.612905466578415,0.240989501800599,6,"Not significant"
"LPS / LPS+Nigericin","ZC3H4","Q9UPT8","Q9UPT8","ZC3H4_HUMAN","Zinc finger CCCH domain-containing protein 4","Q9UPT8_S1114_M1_28","Phospho (STY)",0.845372315278,0.613488714350708,0.244040442475782,5,"Not significant"
"LPS / LPS+Nigericin","PPP1CA","P62136","P62136","PP1A_HUMAN","Serine/threonine-protein phosphatase PP1-alpha catalytic subunit","P62136_Y114_M1_28","Phospho (STY)",-2.47677770090182,0.614336288687824,0.24703278281555,6,"Not significant"
"LPS / LPS+Nigericin","ACOT8","O14734","O14734","ACOT8_HUMAN","Acyl-coenzyme A thioesterase 8","O14734_T301_M1_28","Phospho (STY)",0.806640013566331,0.614801086778039,0.248343766414286,6,"Not significant"
"LPS / LPS+Nigericin","SH3KBP1","Q96B97","Q96B97","SH3K1_HUMAN","SH3 domain-containing kinase-binding protein 1","Q96B97_S230_M1_28","Phospho (STY)",1.11449980556561,0.614835853729985,0.248436437790745,6,"Not significant"
"LPS / LPS+Nigericin","TUBB2A","Q13885","Q13885","TBB2A_HUMAN","Tubulin beta-2A chain","Q13885_S124_M2_28","Phospho (STY)",1.45188114100225,0.615490564342103,0.250317668579801,5,"Not significant"
"LPS / LPS+Nigericin","HDGF","P51858","P51858","HDGF_HUMAN","Hepatoma-derived growth factor","P51858_S165_M1_28","Phospho (STY)",1.11838169530781,0.616576760843073,0.253379704357642,6,"Not significant"
"LPS / LPS+Nigericin","PDIA6","Q15084","Q15084","PDIA6_HUMAN","Protein disulfide-isomerase A6","Q15084_T223_M1_28","Phospho (STY)",-1.56443207372464,0.616597794105551,0.253463634944753,5,"Not significant"
"LPS / LPS+Nigericin","CEBPB","P17676","P17676","CEBPB_HUMAN","CCAAT/enhancer-binding protein beta","P17676_S231_M1_28","Phospho (STY)",1.09080238677817,0.618152309583904,0.257268753892204,4,"Not significant"
"LPS / LPS+Nigericin","RPLP2","P05387","P05387","RLA2_HUMAN","Large ribosomal subunit protein P2","P05387_S44_M1_28","Phospho (STY)",2.13672396663989,0.61827629864073,0.257529146797341,6,"Not significant"
"LPS / LPS+Nigericin","MYH9","P35579","P35579","MYH9_HUMAN","Myosin-9","P35579_T1414_M1_28","Phospho (STY)",-0.237917219311062,0.619275141481372,0.260013517404965,6,"Not significant"
"LPS / LPS+Nigericin","HSPA1A;HSPA1B","P0DMV8;P0DMV9","P0DMV8;P0DMV9","HS71A_HUMAN;HS71B_HUMAN","Heat shock 70 kDa protein 1A;Heat shock 70 kDa protein 1B","P0DMV8_T66_M1_28","Phospho (STY)",2.15235976995512,0.619806936408118,0.261293199093816,6,"Not significant"
"LPS / LPS+Nigericin","HSPA1A;HSPA1B","P0DMV8;P0DMV9","P0DMV8;P0DMV9","HS71A_HUMAN;HS71B_HUMAN","Heat shock 70 kDa protein 1A;Heat shock 70 kDa protein 1B","P0DMV9_T66_M1_28","Phospho (STY)",2.15235976995512,0.619806936408118,0.261293199093816,6,"Not significant"
"LPS / LPS+Nigericin","RPLP1","P05386","P05386","RLA1_HUMAN","Large ribosomal subunit protein P1","P05386_S58_M1_28","Phospho (STY)",0.258659093057182,0.619922596835334,0.261571274946524,6,"Not significant"
"LPS / LPS+Nigericin","FAM120A","Q9NZB2","Q9NZB2","F120A_HUMAN","Constitutive coactivator of PPAR-gamma-like protein 1","Q9NZB2_Y1020_M2_28","Phospho (STY)",-0.59763102727403,0.620274275819726,0.262314725345087,6,"Not significant"
"LPS / LPS+Nigericin","AHNAK","Q09666","Q09666","AHNK_HUMAN","Neuroblast differentiation-associated protein AHNAK","Q09666_S216_M1_28","Phospho (STY)",0.923412347473707,0.621324539972725,0.264694864112041,6,"Not significant"
"LPS / LPS+Nigericin","H2AC11;H2AC12;H2AC14","P0C0S8;Q96KK5;Q99878","P0C0S8;Q96KK5;Q99878","H2A1_HUMAN;H2A1H_HUMAN;H2A1J_HUMAN","Histone H2A type 1;Histone H2A type 1-H;Histone H2A type 1-J","P0C0S8_T102_M1_28","Phospho (STY)",-0.547091112161572,0.621753626817484,0.2659115075044,6,"Not significant"
"LPS / LPS+Nigericin","H2AC11;H2AC12;H2AC14","P0C0S8;Q96KK5;Q99878","P0C0S8;Q96KK5;Q99878","H2A1_HUMAN;H2A1H_HUMAN;H2A1J_HUMAN","Histone H2A type 1;Histone H2A type 1-H;Histone H2A type 1-J","Q96KK5_T102_M1_28","Phospho (STY)",-0.547091112161572,0.621753626817484,0.2659115075044,6,"Not significant"
"LPS / LPS+Nigericin","H2AC11;H2AC12;H2AC14","P0C0S8;Q96KK5;Q99878","P0C0S8;Q96KK5;Q99878","H2A1_HUMAN;H2A1H_HUMAN;H2A1J_HUMAN","Histone H2A type 1;Histone H2A type 1-H;Histone H2A type 1-J","Q99878_T102_M1_28","Phospho (STY)",-0.547091112161572,0.621753626817484,0.2659115075044,6,"Not significant"
"LPS / LPS+Nigericin","AHNAK","Q09666","Q09666","AHNK_HUMAN","Neuroblast differentiation-associated protein AHNAK","Q09666_S3326_M1_28","Phospho (STY)",0.457413352311319,0.62240136173517,0.267295180354478,6,"Not significant"
"LPS / LPS+Nigericin","WDFY3","Q8IZQ1","Q8IZQ1","WDFY3_HUMAN","WD repeat and FYVE domain-containing protein 3","Q8IZQ1_S1980_M1_28","Phospho (STY)",0.846130235254264,0.624035284879256,0.271322739132091,6,"Not significant"
"LPS / LPS+Nigericin","CLPX","O76031","O76031","CLPX_HUMAN","ATP-dependent Clp protease ATP-binding subunit clpX-like, mitochondrial","O76031_S365_M1_28","Phospho (STY)",-0.361407675590834,0.624461537650262,0.272827616859621,6,"Not significant"
"LPS / LPS+Nigericin","PAXX","Q9BUH6","Q9BUH6","PAXX_HUMAN","Protein PAXX","Q9BUH6_S152_M1_28","Phospho (STY)",0.915001156254718,0.625074655679542,0.274324114524052,6,"Not significant"
"LPS / LPS+Nigericin","OSBPL8","Q9BZF1","Q9BZF1","OSBL8_HUMAN","Oxysterol-binding protein-related protein 8","Q9BZF1_S421_M1_28","Phospho (STY)",0.79194311622575,0.625675037991072,0.276086138084825,6,"Not significant"
"LPS / LPS+Nigericin","FAM3C","Q92520","Q92520","FAM3C_HUMAN","Protein FAM3C","Q92520_S75_M1_28","Phospho (STY)",-2.85514059040335,0.62680332416742,0.279041278270782,6,"Not significant"
"LPS / LPS+Nigericin","PRSS1","P07477","P07477","TRY1_HUMAN","Serine protease 1","P07477_Y99_M1_28","Phospho (STY)",-0.398808731191072,0.627224844837306,0.280160971848985,6,"Not significant"
"LPS / LPS+Nigericin","ZC3H14","Q6PJT7","Q6PJT7","ZC3HE_HUMAN","Zinc finger CCCH domain-containing protein 14","Q6PJT7_S515_M1_28","Phospho (STY)",0.682904219004363,0.629299953266505,0.286541307397855,6,"Not significant"
"LPS / LPS+Nigericin","CAP2","P40123","P40123","CAP2_HUMAN","Adenylyl cyclase-associated protein 2","P40123_T274_M1_28","Phospho (STY)",0.289673194941838,0.629355770273848,0.286692450319002,6,"Not significant"
"LPS / LPS+Nigericin","EIF5A","P63241","P63241","IF5A1_HUMAN","Eukaryotic translation initiation factor 5A-1","P63241_T65_M1_28","Phospho (STY)",0.804309882632276,0.629381038212839,0.286735789840957,6,"Not significant"
"LPS / LPS+Nigericin","EEF2","P13639","P13639","EF2_HUMAN","Elongation factor 2","P13639_Y634_M1_28","Phospho (STY)",0.7375290355751,0.629462771032577,0.287038097387698,5,"Not significant"
"LPS / LPS+Nigericin","PRSS1","Cont_P00760","Cont_P00760","TRY1_BOVIN","Serine protease 1","Cont_P00760_Y99_M2_28","Phospho (STY)",-1.91795895973048,0.630520543049469,0.290388597007455,6,"Not significant"
"LPS / LPS+Nigericin","MRPS36","P82909","P82909","KGD4_HUMAN","Alpha-ketoglutarate dehydrogenase component 4","P82909_Y84_M1_28","Phospho (STY)",-0.747454470857043,0.631108999730042,0.292181350242002,6,"Not significant"
"LPS / LPS+Nigericin","HNRNPUL1","Q9BUJ2","Q9BUJ2","HNRL1_HUMAN","Heterogeneous nuclear ribonucleoprotein U-like protein 1","Q9BUJ2_Y390_M1_28","Phospho (STY)",-0.813176669300346,0.631249438433489,0.292495786687054,5,"Not significant"
"LPS / LPS+Nigericin","JUND","P17535","P17535","JUND_HUMAN","Transcription factor JunD","P17535_S100_M1_28","Phospho (STY)",0.739015331956345,0.632350463958398,0.29522295190045,6,"Not significant"
"LPS / LPS+Nigericin","GM2A","P17900","P17900","SAP3_HUMAN","Ganglioside GM2 activator","P17900_Y145_M1_28","Phospho (STY)",1.38248645384507,0.632456092567835,0.295623662935978,5,"Not significant"
"LPS / LPS+Nigericin","CAP1","Q01518","Q01518","CAP1_HUMAN","Adenylyl cyclase-associated protein 1","Q01518_S62_M1_28","Phospho (STY)",0.506228548377436,0.632719872088607,0.295991320739442,6,"Not significant"
"LPS / LPS+Nigericin","ENO2","P09104","P09104","ENOG_HUMAN","Gamma-enolase","P09104_S221_M1_28","Phospho (STY)",0.512553039803495,0.633302249655975,0.297957122563261,6,"Not significant"
"LPS / LPS+Nigericin","RRS1","Q15050","Q15050","RRS1_HUMAN","Ribosome biogenesis regulatory protein homolog","Q15050_T56_M2_28","Phospho (STY)",-0.788802591733243,0.63370620965429,0.299083551472342,6,"Not significant"
"LPS / LPS+Nigericin","ATP6V1C1","P21283","P21283","VATC1_HUMAN","V-type proton ATPase subunit C 1","P21283_Y181_M1_28","Phospho (STY)",-0.702967962259405,0.633770391576835,0.299227575790577,6,"Not significant"
"LPS / LPS+Nigericin","POTEF","A5A3E0","A5A3E0","POTEF_HUMAN","POTE ankyrin domain family member F","A5A3E0_T929_M1_28","Phospho (STY)",0.579645620043448,0.633972537254186,0.430445553462181,5,"Not significant"
"LPS / LPS+Nigericin","PRSS1","Cont_P00760","Cont_P00760","TRY1_BOVIN","Serine protease 1","Cont_P00760_Y229_M1_28","Phospho (STY)",0.667842379324866,0.633972537254186,0.354945933636888,5,"Not significant"
"LPS / LPS+Nigericin","CSN1S1","Cont_P02662","Cont_P02662","CASA1_BOVIN","Alpha-S1-casein","Cont_P02662_S130_M1_28","Phospho (STY)",1.6522002049761,0.633972537254186,0.371149837732655,4,"Not significant"
"LPS / LPS+Nigericin","ACTB","Cont_P60712;P60709","Cont_P60712;P60709","ACTB_BOVIN;ACTB_HUMAN","Actin, cytoplasmic 1;Actin, cytoplasmic 1","Cont_P60712_Y240_M2_28","Phospho (STY)",4.03702320096415,0.633972537254186,0.422488628991677,5,"Not significant"
"LPS / LPS+Nigericin","ACTB","Cont_P60712;P60709","Cont_P60712;P60709","ACTB_BOVIN;ACTB_HUMAN","Actin, cytoplasmic 1;Actin, cytoplasmic 1","P60709_Y240_M2_28","Phospho (STY)",4.03702320096415,0.633972537254186,0.422488628991677,5,"Not significant"
"LPS / LPS+Nigericin","YWHAZ","Cont_P63103;P63104","Cont_P63103;P63104","1433Z_BOVIN;1433Z_HUMAN","14-3-3 protein zeta/delta","Cont_P63103_S145_M1_28","Phospho (STY)",1.58599662933016,0.633972537254186,0.323745961604754,4,"Not significant"
"LPS / LPS+Nigericin","YWHAZ","Cont_P63103;P63104","Cont_P63103;P63104","1433Z_BOVIN;1433Z_HUMAN","14-3-3 protein zeta/delta","P63104_S145_M1_28","Phospho (STY)",1.58599662933016,0.633972537254186,0.323745961604754,4,"Not significant"
"LPS / LPS+Nigericin","EEF1A1","Cont_P68103;P68104","Cont_P68103;P68104","EF1A1_BOVIN;EF1A1_HUMAN","Elongation factor 1-alpha 1","Cont_P68103_Y357_M1_28","Phospho (STY)",0.321230562534029,0.633972537254186,0.319006923604261,6,"Not significant"
"LPS / LPS+Nigericin","EEF1A1","Cont_P68103;P68104","Cont_P68103;P68104","EF1A1_BOVIN;EF1A1_HUMAN","Elongation factor 1-alpha 1","P68104_Y357_M1_28","Phospho (STY)",0.321230562534029,0.633972537254186,0.319006923604261,6,"Not significant"
"LPS / LPS+Nigericin","EEF1A1","Cont_P68103;P68104","Cont_P68103;P68104","EF1A1_BOVIN;EF1A1_HUMAN","Elongation factor 1-alpha 1","Cont_P68103_Y357_M2_28","Phospho (STY)",8.88122344310923,0.633972537254186,0.422322469306811,6,"Not significant"
"LPS / LPS+Nigericin","EEF1A1","Cont_P68103;P68104","Cont_P68103;P68104","EF1A1_BOVIN;EF1A1_HUMAN","Elongation factor 1-alpha 1","P68104_Y357_M2_28","Phospho (STY)",8.88122344310923,0.633972537254186,0.422322469306811,6,"Not significant"
"LPS / LPS+Nigericin","APOA2","Cont_P81644","Cont_P81644","APOA2_BOVIN","Apolipoprotein A-II","Cont_P81644_Y64_M1_28","Phospho (STY)",7.58360338662959,0.633972537254186,0.3259857481614,6,"Not significant"
"LPS / LPS+Nigericin","NACA","E9PAV3;Q13765","E9PAV3;Q13765","NACAM_HUMAN;NACA_HUMAN","Nascent polypeptide-associated complex subunit alpha, muscle-specific form;Nascent polypeptide-associated complex subunit alpha","E9PAV3_Y1983_M1_28","Phospho (STY)",0.39312219274149,0.633972537254186,0.328883350324675,6,"Not significant"
"LPS / LPS+Nigericin","NACA","E9PAV3;Q13765","E9PAV3;Q13765","NACAM_HUMAN;NACA_HUMAN","Nascent polypeptide-associated complex subunit alpha, muscle-specific form;Nascent polypeptide-associated complex subunit alpha","Q13765_Y120_M1_28","Phospho (STY)",0.39312219274149,0.633972537254186,0.328883350324675,6,"Not significant"
"LPS / LPS+Nigericin","CNK3/IPCEF1","G9CGD6","G9CGD6","CNIPF_HUMAN","CNK3/IPCEF1 fusion protein","G9CGD6_S123_M1_28","Phospho (STY)",2.15737370094622,0.633972537254186,0.336598739093703,6,"Not significant"
"LPS / LPS+Nigericin","EIF5B","O60841","O60841","IF2P_HUMAN","Eukaryotic translation initiation factor 5B","O60841_T642_M1_28","Phospho (STY)",-1.42082590902194,0.633972537254186,0.39762327250907,5,"Not significant"
"LPS / LPS+Nigericin","CUTA","O60888","O60888","CUTA_HUMAN","Protein CutA","O60888_T125_M1_28","Phospho (STY)",10.3155472904775,0.633972537254186,0.422490486864229,6,"Not significant"
"LPS / LPS+Nigericin","CTSV","O60911","O60911","CATL2_HUMAN","Cathepsin L2","O60911_Y125_M1_28","Phospho (STY)",4.0152790748315,0.633972537254186,0.344335869868823,6,"Not significant"
"LPS / LPS+Nigericin","PRPF40A","O75400","O75400","PR40A_HUMAN","Pre-mRNA-processing factor 40 homolog A","O75400_Y221_M1_28","Phospho (STY)",-4.16096110471174,0.633972537254186,0.418284537405291,6,"Not significant"
"LPS / LPS+Nigericin","RP2","O75695","O75695","XRP2_HUMAN","Protein XRP2","O75695_S219_M1_28","Phospho (STY)",-0.341118202873581,0.633972537254186,0.403838279934379,6,"Not significant"
"LPS / LPS+Nigericin","ZMPSTE24","O75844","O75844","FACE1_HUMAN","CAAX prenyl protease 1 homolog","O75844_Y45_M1_28","Phospho (STY)",-0.670748049579929,0.633972537254186,0.36751791887396,5,"Not significant"
"LPS / LPS+Nigericin","UBXN7","O94888","O94888","UBXN7_HUMAN","UBX domain-containing protein 7","O94888_Y468_M2_28","Phospho (STY)",2.95038222259132,0.633972537254186,0.388224610881094,6,"Not significant"
"LPS / LPS+Nigericin","TXNDC12","O95881","O95881","TXD12_HUMAN","Thioredoxin domain-containing protein 12","O95881_S53_M1_28","Phospho (STY)",8.02125153907824,0.633972537254186,0.422996683790874,6,"Not significant"
"LPS / LPS+Nigericin","PNP","P00491","P00491","PNPH_HUMAN","Purine nucleoside phosphorylase","P00491_Y50_M2_28","Phospho (STY)",1.86034178233518,0.633972537254186,0.331819190517435,6,"Not significant"
"LPS / LPS+Nigericin","GOT2","P00505","P00505","AATM_HUMAN","Aspartate aminotransferase, mitochondrial","P00505_S317_M2_28","Phospho (STY)",-0.66383614109412,0.633972537254186,0.334091281664257,6,"Not significant"
"LPS / LPS+Nigericin","GOT2","P00505","P00505","AATM_HUMAN","Aspartate aminotransferase, mitochondrial","P00505_Y316_M2_28","Phospho (STY)",-0.66383614109412,0.633972537254186,0.334091281664257,6,"Not significant"
"LPS / LPS+Nigericin","IL1B","P01584","P01584","IL1B_HUMAN","Interleukin-1 beta","P01584_S35_M1_28","Phospho (STY)",0.961476831497598,0.633972537254186,0.327072754173274,6,"Not significant"
"LPS / LPS+Nigericin","CAT","P04040","P04040","CATA_HUMAN","Catalase","P04040_Y308_M1_28","Phospho (STY)",0.494022187384073,0.633972537254186,0.314822110671107,6,"Not significant"
"LPS / LPS+Nigericin","ALDOA","P04075","P04075","ALDOA_HUMAN","Fructose-bisphosphate aldolase A","P04075_S160_M2_28","Phospho (STY)",1.29348973934706,0.633972537254186,0.411154375074325,6,"Not significant"
"LPS / LPS+Nigericin","ALDOA","P04075","P04075","ALDOA_HUMAN","Fructose-bisphosphate aldolase A","P04075_T158_M2_28","Phospho (STY)",1.29348973934706,0.633972537254186,0.411154375074325,6,"Not significant"
"LPS / LPS+Nigericin","HSPB1","P04792","P04792","HSPB1_HUMAN","Heat shock protein beta-1","P04792_S82_M1_28","Phospho (STY)",0.428532477049547,0.633972537254186,0.409254495184244,6,"Not significant"
"LPS / LPS+Nigericin","ITGB1","P05556","P05556","ITB1_HUMAN","Integrin beta-1","P05556_T112_M2_28","Phospho (STY)",1.34157826885263,0.633972537254186,0.398226087515448,6,"Not significant"
"LPS / LPS+Nigericin","ITGB1","P05556","P05556","ITB1_HUMAN","Integrin beta-1","P05556_T102_M2_28","Phospho (STY)",1.34157826885263,0.633972537254186,0.398226087515448,6,"Not significant"
"LPS / LPS+Nigericin","ENO1","P06733","P06733","ENOA_HUMAN","Alpha-enolase","P06733_Y200_M1_28","Phospho (STY)",10.6574100057761,0.633972537254186,0.422715814658189,6,"Not significant"
"LPS / LPS+Nigericin","ENO1","P06733","P06733","ENOA_HUMAN","Alpha-enolase","P06733_T85_M1_28","Phospho (STY)",0.900560605341081,0.633972537254186,0.379823327520764,6,"Not significant"
"LPS / LPS+Nigericin","GPI","P06744","P06744","G6PI_HUMAN","Glucose-6-phosphate isomerase","P06744_Y183_M1_28","Phospho (STY)",0.533234563423425,0.633972537254186,0.302603930955672,6,"Not significant"
"LPS / LPS+Nigericin","NPM1","P06748","P06748","NPM_HUMAN","Nucleophosmin","P06748_Y67_M1_28","Phospho (STY)",0.240663963706755,0.633972537254186,0.361813649451732,6,"Not significant"
"LPS / LPS+Nigericin","GPX1","P07203","P07203","GPX1_HUMAN","Glutathione peroxidase 1","P07203_S47_M2_28","Phospho (STY)",-1.40304397678057,0.633972537254186,0.427212884386869,5,"Not significant"
"LPS / LPS+Nigericin","P4HB","P07237","P07237","PDIA1_HUMAN","Protein disulfide-isomerase","P07237_T319_M1_28","Phospho (STY)",-1.14391569130769,0.633972537254186,0.432774580158966,4,"Not significant"
"LPS / LPS+Nigericin","P4HB","P07237","P07237","PDIA1_HUMAN","Protein disulfide-isomerase","P07237_Y414_M2_28","Phospho (STY)",3.78476247691292,0.633972537254186,0.434335762429973,6,"Not significant"
"LPS / LPS+Nigericin","PRSS1","P07477","P07477","TRY1_HUMAN","Serine protease 1","P07477_T103_M1_28","Phospho (STY)",2.82160115387252,0.633972537254186,0.408064290826616,6,"Not significant"
"LPS / LPS+Nigericin","RPSA","P08865","P08865","RSSA_HUMAN","Small ribosomal subunit protein uS2","P08865_T144_M2_28","Phospho (STY)",8.49339735781316,0.633972537254186,0.42305022990728,6,"Not significant"
"LPS / LPS+Nigericin","FGR","P09769","P09769","FGR_HUMAN","Tyrosine-protein kinase Fgr","P09769_T14_M1_28","Phospho (STY)",-5.32193388424398,0.633972537254186,0.42360570459544,6,"Not significant"
"LPS / LPS+Nigericin","ALDOC","P09972","P09972","ALDOC_HUMAN","Fructose-bisphosphate aldolase C","P09972_S160_M2_28","Phospho (STY)",-9.90667610785577,0.633972537254186,0.422662621105481,6,"Not significant"
"LPS / LPS+Nigericin","H2AC11;H2AC12;H2AC14","P0C0S8;Q96KK5;Q99878","P0C0S8;Q96KK5;Q99878","H2A1_HUMAN;H2A1H_HUMAN;H2A1J_HUMAN","Histone H2A type 1;Histone H2A type 1-H;Histone H2A type 1-J","P0C0S8_T121_M2_28","Phospho (STY)",-9.92617259725224,0.633972537254186,0.422757540992296,6,"Not significant"
"LPS / LPS+Nigericin","H2AC11;H2AC12;H2AC14","P0C0S8;Q96KK5;Q99878","P0C0S8;Q96KK5;Q99878","H2A1_HUMAN;H2A1H_HUMAN;H2A1J_HUMAN","Histone H2A type 1;Histone H2A type 1-H;Histone H2A type 1-J","Q96KK5_T121_M2_28","Phospho (STY)",-9.92617259725224,0.633972537254186,0.422757540992296,6,"Not significant"
"LPS / LPS+Nigericin","H2AC11;H2AC12;H2AC14","P0C0S8;Q96KK5;Q99878","P0C0S8;Q96KK5;Q99878","H2A1_HUMAN;H2A1H_HUMAN;H2A1J_HUMAN","Histone H2A type 1;Histone H2A type 1-H;Histone H2A type 1-J","Q99878_T121_M2_28","Phospho (STY)",-9.92617259725224,0.633972537254186,0.422757540992296,6,"Not significant"
"LPS / LPS+Nigericin","POTEI","P0CG38","P0CG38","POTEI_HUMAN","POTE ankyrin domain family member I","P0CG38_Y918_M2_28","Phospho (STY)",4.16999749162216,0.633972537254186,0.415216432502959,6,"Not significant"
"LPS / LPS+Nigericin","HSPD1","P10809","P10809","CH60_HUMAN","60 kDa heat shock protein, mitochondrial","P10809_Y223_M2_28","Phospho (STY)",-0.558335912685455,0.633972537254186,0.331737207014137,6,"Not significant"
"LPS / LPS+Nigericin","HSPD1","P10809","P10809","CH60_HUMAN","60 kDa heat shock protein, mitochondrial","P10809_Y90_M2_28","Phospho (STY)",-6.77233281014621,0.633972537254186,0.421017923106242,6,"Not significant"
"LPS / LPS+Nigericin","HSPA5","P11021","P11021","BIP_HUMAN","Endoplasmic reticulum chaperone BiP","P11021_Y127_M2_28","Phospho (STY)",-1.38834796932571,0.633972537254186,0.38907913726645,6,"Not significant"
"LPS / LPS+Nigericin","HSPA5","P11021","P11021","BIP_HUMAN","Endoplasmic reticulum chaperone BiP","P11021_S86_M3_28","Phospho (STY)",3.48420870362507,0.633972537254186,0.414981160254998,6,"Not significant"
"LPS / LPS+Nigericin","HSPA5","P11021","P11021","BIP_HUMAN","Endoplasmic reticulum chaperone BiP","P11021_T166_M1_28","Phospho (STY)",-0.339885072211322,0.633972537254186,0.300064145625853,4,"Not significant"
"LPS / LPS+Nigericin","PCNA","P12004","P12004","PCNA_HUMAN","Proliferating cell nuclear antigen","P12004_Y133_M1_28","Phospho (STY)",1.01457665651602,0.633972537254186,0.36896076729409,6,"Not significant"
"LPS / LPS+Nigericin","XRCC6","P12956","P12956","XRCC6_HUMAN","X-ray repair cross-complementing protein 6","P12956_Y559_M1_28","Phospho (STY)",5.50673227804528,0.633972537254186,0.419311941866375,6,"Not significant"
"LPS / LPS+Nigericin","RNH1","P13489","P13489","RINI_HUMAN","Ribonuclease inhibitor","P13489_Y151_M1_28","Phospho (STY)",0.460008544194767,0.633972537254186,0.402556171783875,6,"Not significant"
"LPS / LPS+Nigericin","P4HA1","P13674","P13674","P4HA1_HUMAN","Prolyl 4-hydroxylase subunit alpha-1","P13674_S149_M1_28","Phospho (STY)",-1.23255373167163,0.633972537254186,0.376053054849256,6,"Not significant"
"LPS / LPS+Nigericin","P4HA1","P13674","P13674","P4HA1_HUMAN","Prolyl 4-hydroxylase subunit alpha-1","P13674_S345_M1_28","Phospho (STY)",1.72491411793353,0.633972537254186,0.402135236179735,6,"Not significant"
"LPS / LPS+Nigericin","EZR","P15311","P15311","EZRI_HUMAN","Ezrin","P15311_T235_M1_28","Phospho (STY)",0.81193897653198,0.633972537254186,0.364849526498005,6,"Not significant"
"LPS / LPS+Nigericin","EZR","P15311","P15311","EZRI_HUMAN","Ezrin","P15311_S366_M1_28","Phospho (STY)",0.311222466923962,0.633972537254186,0.427485581113148,6,"Not significant"
"LPS / LPS+Nigericin","FOSL2","P15408","P15408","FOSL2_HUMAN","Fos-related antigen 2","P15408_S200_M1_28","Phospho (STY)",0.476967932447399,0.633972537254186,0.402964903148301,6,"Not significant"
"LPS / LPS+Nigericin","H2AX","P16104","P16104","H2AX_HUMAN","Histone H2AX","P16104_T102_M1_28","Phospho (STY)",-3.82014745341421,0.633972537254186,0.430439781342108,6,"Not significant"
"LPS / LPS+Nigericin","H1-5","P16401","P16401","H15_HUMAN","Histone H1.5","P16401_T39_M1_28","Phospho (STY)",11.9328990516264,0.633972537254186,0.422678398185227,6,"Not significant"
"LPS / LPS+Nigericin","H1-3","P16402","P16402","H13_HUMAN","Histone H1.3","P16402_S37_M1_28","Phospho (STY)",-12.4737530078872,0.633972537254186,0.422642698985855,6,"Not significant"
"LPS / LPS+Nigericin","H1-2","P16403","P16403","H12_HUMAN","Histone H1.2","P16403_T31_M2_28","Phospho (STY)",-0.582541936730317,0.633972537254186,0.423974953238977,5,"Not significant"
"LPS / LPS+Nigericin","HMGA1","P17096","P17096","HMGA1_HUMAN","High mobility group protein HMG-I/HMG-Y","P17096_S44_M1_28","Phospho (STY)",-0.400992596555025,0.633972537254186,0.397586491427056,6,"Not significant"
"LPS / LPS+Nigericin","PSMC3","P17980","P17980","PRS6A_HUMAN","26S proteasome regulatory subunit 6A","P17980_S281_M2_28","Phospho (STY)",-4.62573095176512,0.633972537254186,0.42379200322275,6,"Not significant"
"LPS / LPS+Nigericin","ATP5PF","P18859","P18859","ATP5J_HUMAN","ATP synthase-coupling factor 6, mitochondrial","P18859_T92_M1_28","Phospho (STY)",0.426105745188879,0.633972537254186,0.421845950304644,6,"Not significant"
"LPS / LPS+Nigericin","NCL","P19338","P19338","NUCL_HUMAN","Nucleolin","P19338_S563_M1_28","Phospho (STY)",0.550146463175794,0.633972537254186,0.421016292071698,6,"Not significant"
"LPS / LPS+Nigericin","RAB4A","P20338","P20338","RAB4A_HUMAN","Ras-related protein Rab-4A","P20338_Y61_M1_28","Phospho (STY)",-6.45548329631455,0.633972537254186,0.42425539589248,6,"Not significant"
"LPS / LPS+Nigericin","PTPRE","P23469","P23469","PTPRE_HUMAN","Receptor-type tyrosine-protein phosphatase epsilon","P23469_Y165_M1_28","Phospho (STY)",-0.640238829551655,0.633972537254186,0.41552873381488,6,"Not significant"
"LPS / LPS+Nigericin","AHCY","P23526","P23526","SAHH_HUMAN","Adenosylhomocysteinase","P23526_Y7_M1_28","Phospho (STY)",7.37905749459276,0.633972537254186,0.423448263817633,6,"Not significant"
"LPS / LPS+Nigericin","LSP1","P33241","P33241","LSP1_HUMAN","Lymphocyte-specific protein 1","P33241_S252_M1_28","Phospho (STY)",0.719191195326164,0.633972537254186,0.420173116015608,6,"Not significant"
"LPS / LPS+Nigericin","MYH9","P35579","P35579","MYH9_HUMAN","Myosin-9","P35579_T1208_M1_28","Phospho (STY)",-0.568977395913271,0.633972537254186,0.313089437847658,6,"Not significant"
"LPS / LPS+Nigericin","MDH2","P40926","P40926","MDHM_HUMAN","Malate dehydrogenase, mitochondrial","P40926_Y80_M1_28","Phospho (STY)",-7.73211265587282,0.633972537254186,0.423389194522786,6,"Not significant"
"LPS / LPS+Nigericin","STAT1","P42224","P42224","STAT1_HUMAN","Signal transducer and activator of transcription 1-alpha/beta","P42224_Y701_M1_28","Phospho (STY)",0.74222193970116,0.633972537254186,0.325260952067833,6,"Not significant"
"LPS / LPS+Nigericin","ATP5PO","P48047","P48047","ATPO_HUMAN","ATP synthase subunit O, mitochondrial","P48047_S163_M1_28","Phospho (STY)",8.15608212679905,0.633972537254186,0.423011702486154,5,"Not significant"
"LPS / LPS+Nigericin","ADGRE5","P48960","P48960","AGRE5_HUMAN","Adhesion G protein-coupled receptor E5","P48960_Y352_M1_28","Phospho (STY)",0.542116438984171,0.633972537254186,0.306255289247419,6,"Not significant"
"LPS / LPS+Nigericin","CCT8","P50990","P50990","TCPQ_HUMAN","T-complex protein 1 subunit theta","P50990_Y468_M1_28","Phospho (STY)",0.667862251279175,0.633972537254186,0.428651430986235,6,"Not significant"
"LPS / LPS+Nigericin","HNRNPM","P52272","P52272","HNRPM_HUMAN","Heterogeneous nuclear ribonucleoprotein M","P52272_Y100_M2_28","Phospho (STY)",-4.66506847651096,0.633972537254186,0.426476380662067,6,"Not significant"
"LPS / LPS+Nigericin","ACLY","P53396","P53396","ACLY_HUMAN","ATP-citrate synthase","P53396_S947_M1_28","Phospho (STY)",-7.73692171765482,0.633972537254186,0.421706542230562,6,"Not significant"
"LPS / LPS+Nigericin","ACLY","P53396","P53396","ACLY_HUMAN","ATP-citrate synthase","P53396_Y704_M1_28","Phospho (STY)",0.413100238454877,0.633972537254186,0.301298221488344,6,"Not significant"
"LPS / LPS+Nigericin","HSPA2","P54652","P54652","HSP72_HUMAN","Heat shock-related 70 kDa protein 2","P54652_Y135_M1_28","Phospho (STY)",-6.15061519202109,0.633972537254186,0.424366101129205,6,"Not significant"
"LPS / LPS+Nigericin","ADAR","P55265","P55265","DSRAD_HUMAN","Double-stranded RNA-specific adenosine deaminase","P55265_Y306_M1_28","Phospho (STY)",0.542220019132254,0.633972537254186,0.300198339829702,6,"Not significant"
"LPS / LPS+Nigericin","H2BC12L","P57053","P57053","H2BFS_HUMAN","Histone H2B type F-S","P57053_Y84_M2_28","Phospho (STY)",5.89549061318677,0.633972537254186,0.425158876477019,6,"Not significant"
"LPS / LPS+Nigericin","CORO7","P57737","P57737","CORO7_HUMAN","Coronin-7","P57737_T540_M1_28","Phospho (STY)",4.08835515343634,0.633972537254186,0.301114801232314,5,"Not significant"
"LPS / LPS+Nigericin","HSPE1","P61604","P61604","CH10_HUMAN","10 kDa heat shock protein, mitochondrial","P61604_S51_M2_28","Phospho (STY)",3.1442108637606,0.633972537254186,0.412638650713857,6,"Not significant"
"LPS / LPS+Nigericin","PPP2R2A","P63151","P63151","2ABA_HUMAN","Serine/threonine-protein phosphatase 2A 55 kDa regulatory subunit B alpha isoform","P63151_Y440_M2_28","Phospho (STY)",-5.54494377701288,0.633972537254186,0.415417187754738,6,"Not significant"
"LPS / LPS+Nigericin","PRKDC","P78527","P78527","PRKDC_HUMAN","DNA-dependent protein kinase catalytic subunit","P78527_T4060_M1_28","Phospho (STY)",-0.280888338008959,0.633972537254186,0.425332269917168,6,"Not significant"
"LPS / LPS+Nigericin","MRPS36","P82909","P82909","KGD4_HUMAN","Alpha-ketoglutarate dehydrogenase component 4","P82909_Y84_M2_28","Phospho (STY)",-8.81177321581646,0.633972537254186,0.422871234273283,6,"Not significant"
"LPS / LPS+Nigericin","PLAUR","Q03405","Q03405","UPAR_HUMAN","Urokinase plasminogen activator surface receptor","Q03405_Y109_M1_28","Phospho (STY)",0.211273738282238,0.633972537254186,0.433869881695005,6,"Not significant"
"LPS / LPS+Nigericin","GLO1","Q04760","Q04760","LGUL_HUMAN","Lactoylglutathione lyase","Q04760_S8_M1_28","Phospho (STY)",4.89242274460385,0.633972537254186,0.427676643166457,6,"Not significant"
"LPS / LPS+Nigericin","AHNAK","Q09666","Q09666","AHNK_HUMAN","Neuroblast differentiation-associated protein AHNAK","Q09666_S2252_M1_28","Phospho (STY)",0.449424863704895,0.633972537254186,0.392680998726586,6,"Not significant"
"LPS / LPS+Nigericin","AHNAK","Q09666","Q09666","AHNK_HUMAN","Neuroblast differentiation-associated protein AHNAK","Q09666_S4069_M1_28","Phospho (STY)",0.449424863704895,0.633972537254186,0.392680998726586,6,"Not significant"
"LPS / LPS+Nigericin","AHNAK","Q09666","Q09666","AHNK_HUMAN","Neuroblast differentiation-associated protein AHNAK","Q09666_S5752_M1_28","Phospho (STY)",0.657919496242526,0.633972537254186,0.424429804910961,6,"Not significant"
"LPS / LPS+Nigericin","AHNAK","Q09666","Q09666","AHNK_HUMAN","Neuroblast differentiation-associated protein AHNAK","Q09666_S4092_M1_28","Phospho (STY)",1.47840356461264,0.633972537254186,0.373893084519508,5,"Not significant"
"LPS / LPS+Nigericin","AHNAK","Q09666","Q09666","AHNK_HUMAN","Neuroblast differentiation-associated protein AHNAK","Q09666_S5573_M1_28","Phospho (STY)",0.537616377298034,0.633972537254186,0.36124753840456,6,"Not significant"
"LPS / LPS+Nigericin","AHNAK","Q09666","Q09666","AHNK_HUMAN","Neuroblast differentiation-associated protein AHNAK","Q09666_S4348_M1_28","Phospho (STY)",0.617420653005569,0.633972537254186,0.302964193810301,5,"Not significant"
"LPS / LPS+Nigericin","AHNAK","Q09666","Q09666","AHNK_HUMAN","Neuroblast differentiation-associated protein AHNAK","Q09666_S1088_M1_28","Phospho (STY)",9.32561576533686,0.633972537254186,0.422280834533666,6,"Not significant"
"LPS / LPS+Nigericin","BST1","Q10588","Q10588","BST1_HUMAN","ADP-ribosyl cyclase/cyclic ADP-ribose hydrolase 2","Q10588_Y200_M2_28","Phospho (STY)",-3.78821095469711,0.633972537254186,0.424881675463621,6,"Not significant"
"LPS / LPS+Nigericin","ILF2","Q12905","Q12905","ILF2_HUMAN","Interleukin enhancer-binding factor 2","Q12905_Y338_M1_28","Phospho (STY)",4.70958810447333,0.633972537254186,0.423207624597826,5,"Not significant"
"LPS / LPS+Nigericin","ECH1","Q13011","Q13011","ECH1_HUMAN","Delta(3,5)-Delta(2,4)-dienoyl-CoA isomerase, mitochondrial","Q13011_S244_M2_28","Phospho (STY)",-9.15889506295659,0.633972537254186,0.422358992077388,5,"Not significant"
"LPS / LPS+Nigericin","ECH1","Q13011","Q13011","ECH1_HUMAN","Delta(3,5)-Delta(2,4)-dienoyl-CoA isomerase, mitochondrial","Q13011_S240_M2_28","Phospho (STY)",-9.15889506295659,0.633972537254186,0.422358992077388,5,"Not significant"
"LPS / LPS+Nigericin","SRSF9","Q13242","Q13242","SRSF9_HUMAN","Serine/arginine-rich splicing factor 9","Q13242_S211_M1_28","Phospho (STY)",0.581306905612248,0.633972537254186,0.315234516325133,6,"Not significant"
"LPS / LPS+Nigericin","KARS1","Q15046","Q15046","SYK_HUMAN","Lysine--tRNA ligase","Q15046_T411_M1_28","Phospho (STY)",3.75946236525122,0.633972537254186,0.433518971700562,6,"Not significant"
"LPS / LPS+Nigericin","PEA15","Q15121","Q15121","PEA15_HUMAN","Astrocytic phosphoprotein PEA-15","Q15121_Y4_M1_28","Phospho (STY)",-3.12170230215246,0.633972537254186,0.382838543585907,5,"Not significant"
"LPS / LPS+Nigericin","PEA15","Q15121","Q15121","PEA15_HUMAN","Astrocytic phosphoprotein PEA-15","Q15121_S104_M1_28","Phospho (STY)",0.763973908005448,0.633972537254186,0.371137872963601,4,"Not significant"
"LPS / LPS+Nigericin","PLEC","Q15149","Q15149","PLEC_HUMAN","Plectin","Q15149_Y4112_M1_28","Phospho (STY)",6.55133122296859,0.633972537254186,0.421029743126458,6,"Not significant"
"LPS / LPS+Nigericin","SF3B3","Q15393","Q15393","SF3B3_HUMAN","Splicing factor 3B subunit 3","Q15393_Y807_M2_28","Phospho (STY)",-5.63311709664747,0.633972537254186,0.419481619648957,6,"Not significant"
"LPS / LPS+Nigericin","DBN1","Q16643","Q16643","DREB_HUMAN","Drebrin","Q16643_S142_M1_28","Phospho (STY)",0.740242260385816,0.633972537254186,0.304283773196016,6,"Not significant"
"LPS / LPS+Nigericin","ACTBL2","Q562R1","Q562R1","ACTBL_HUMAN","Beta-actin-like protein 2","Q562R1_Y295_M2_28","Phospho (STY)",9.49332887991457,0.633972537254186,0.422426278647767,6,"Not significant"
"LPS / LPS+Nigericin","ACTBL2","Q562R1","Q562R1","ACTBL_HUMAN","Beta-actin-like protein 2","Q562R1_Y167_M1_28","Phospho (STY)",0.534191141349686,0.633972537254186,0.426113444274767,6,"Not significant"
"LPS / LPS+Nigericin","PPP6R3","Q5H9R7","Q5H9R7","PP6R3_HUMAN","Serine/threonine-protein phosphatase 6 regulatory subunit 3","Q5H9R7_T171_M1_28","Phospho (STY)",0.556499642030639,0.633972537254186,0.404343949201159,6,"Not significant"
"LPS / LPS+Nigericin","EEF1A1P5","Q5VTE0","Q5VTE0","EF1A3_HUMAN","Putative elongation factor 1-alpha-like 3","Q5VTE0_Y357_M1_28","Phospho (STY)",0.233411486570662,0.633972537254186,0.355374304854653,6,"Not significant"
"LPS / LPS+Nigericin","RAB12","Q6IQ22","Q6IQ22","RAB12_HUMAN","Ras-related protein Rab-12","Q6IQ22_Y143_M2_28","Phospho (STY)",-0.75024117983424,0.633972537254186,0.395376745467506,6,"Not significant"
"LPS / LPS+Nigericin","PRPF8","Q6P2Q9","Q6P2Q9","PRP8_HUMAN","Pre-mRNA-processing-splicing factor 8","Q6P2Q9_Y1991_M1_28","Phospho (STY)",-4.22750242599122,0.633972537254186,0.429603706653395,6,"Not significant"
"LPS / LPS+Nigericin","DDX46","Q7L014","Q7L014","DDX46_HUMAN","Probable ATP-dependent RNA helicase DDX46","Q7L014_T877_M1_28","Phospho (STY)",0.664514708713075,0.633972537254186,0.40648939592602,6,"Not significant"
"LPS / LPS+Nigericin","NUFIP2","Q7Z417","Q7Z417","NUFP2_HUMAN","FMR1-interacting protein NUFIP2","Q7Z417_S107_M2_28","Phospho (STY)",-2.75719686830134,0.633972537254186,0.422208666150485,6,"Not significant"
"LPS / LPS+Nigericin","TBC1D1","Q86TI0","Q86TI0","TBCD1_HUMAN","TBC1 domain family member 1","Q86TI0_S503_M1_28","Phospho (STY)",-3.95732945606334,0.633972537254186,0.399892709803703,6,"Not significant"
"LPS / LPS+Nigericin","MTDH","Q86UE4","Q86UE4","LYRIC_HUMAN","Protein LYRIC","Q86UE4_S251_M1_28","Phospho (STY)",1.80167290190741,0.633972537254186,0.423549357863973,6,"Not significant"
"LPS / LPS+Nigericin","LILRB1","Q8NHL6","Q8NHL6","LIRB1_HUMAN","Leukocyte immunoglobulin-like receptor subfamily B member 1","Q8NHL6_S579_M1_28","Phospho (STY)",0.794740408604362,0.633972537254186,0.375565400978486,6,"Not significant"
"LPS / LPS+Nigericin","THOC2","Q8NI27","Q8NI27","THOC2_HUMAN","THO complex subunit 2","Q8NI27_Y54_M2_28","Phospho (STY)",-0.728300981357093,0.633972537254186,0.40475541590361,6,"Not significant"
"LPS / LPS+Nigericin","GGH","Q92820","Q92820","GGH_HUMAN","Gamma-glutamyl hydrolase","Q92820_T30_M1_28","Phospho (STY)",-3.03225112838216,0.633972537254186,0.406393845912536,6,"Not significant"
"LPS / LPS+Nigericin","RPL10L","Q96L21","Q96L21","RL10L_HUMAN","Ribosomal protein uL16-like","Q96L21_Y57_M2_28","Phospho (STY)",-7.23744023569045,0.633972537254186,0.423805458085245,6,"Not significant"
"LPS / LPS+Nigericin","YTHDC1","Q96MU7","Q96MU7","YTDC1_HUMAN","YTH domain-containing protein 1","Q96MU7_S308_M1_28","Phospho (STY)",0.411230894293868,0.633972537254186,0.321156824034738,6,"Not significant"
"LPS / LPS+Nigericin","UHRF2","Q96PU4","Q96PU4","UHRF2_HUMAN","E3 ubiquitin-protein ligase UHRF2","Q96PU4_S301_M2_28","Phospho (STY)",-7.11577549920127,0.633972537254186,0.423194983276833,5,"Not significant"
"LPS / LPS+Nigericin","RBM15","Q96T37","Q96T37","RBM15_HUMAN","RNA-binding protein 15","Q96T37_S294_M1_28","Phospho (STY)",0.431722953007017,0.633972537254186,0.376593979600221,5,"Not significant"
"LPS / LPS+Nigericin","NIBAN2","Q96TA1","Q96TA1","NIBA2_HUMAN","Protein Niban 2","Q96TA1_S665_M1_28","Phospho (STY)",0.626322821032654,0.633972537254186,0.357013989692228,6,"Not significant"
"LPS / LPS+Nigericin","PARK7","Q99497","Q99497","PARK7_HUMAN","Parkinson disease protein 7","Q99497_T19_M1_28","Phospho (STY)",0.461059850666838,0.633972537254186,0.404135622365805,6,"Not significant"
"LPS / LPS+Nigericin","LAT2","Q9GZY6","Q9GZY6","NTAL_HUMAN","Linker for activation of T-cells family member 2","Q9GZY6_S44_M1_28","Phospho (STY)",0.82454885281446,0.633972537254186,0.368669968654803,6,"Not significant"
"LPS / LPS+Nigericin","CHMP4B","Q9H444","Q9H444","CHM4B_HUMAN","Charged multivesicular body protein 4b","Q9H444_T21_M1_28","Phospho (STY)",9.1803015560367,0.633972537254186,0.422386092324384,6,"Not significant"
"LPS / LPS+Nigericin","ESF1","Q9H501","Q9H501","ESF1_HUMAN","ESF1 homolog","Q9H501_S371_M1_28","Phospho (STY)",-6.02905184137964,0.633972537254186,0.424286287671006,6,"Not significant"
"LPS / LPS+Nigericin","HEATR1","Q9H583","Q9H583","HEAT1_HUMAN","HEAT repeat-containing protein 1","Q9H583_S156_M1_28","Phospho (STY)",7.15585460530883,0.633972537254186,0.421306854010379,6,"Not significant"
"LPS / LPS+Nigericin","ACAD9","Q9H845","Q9H845","ACAD9_HUMAN","Complex I assembly factor ACAD9, mitochondrial","Q9H845_Y165_M1_28","Phospho (STY)",-0.507054769358953,0.633972537254186,0.337544147902994,6,"Not significant"
"LPS / LPS+Nigericin","GLOD4","Q9HC38","Q9HC38","GLOD4_HUMAN","Glyoxalase domain-containing protein 4","Q9HC38_T242_M1_28","Phospho (STY)",0.536119632502441,0.633972537254186,0.352572141808752,6,"Not significant"
"LPS / LPS+Nigericin","RAB18","Q9NP72","Q9NP72","RAB18_HUMAN","Ras-related protein Rab-18","Q9NP72_T49_M1_28","Phospho (STY)",-8.27382581031593,0.633972537254186,0.422926948212614,6,"Not significant"
"LPS / LPS+Nigericin","CHCHD3","Q9NX63","Q9NX63","MIC19_HUMAN","MICOS complex subunit MIC19","Q9NX63_S50_M1_28","Phospho (STY)",0.314946340839701,0.633972537254186,0.380405357572594,6,"Not significant"
"LPS / LPS+Nigericin","GRHPR","Q9UBQ7","Q9UBQ7","GRHPR_HUMAN","Glyoxylate reductase/hydroxypyruvate reductase","Q9UBQ7_S60_M1_28","Phospho (STY)",0.387240609171923,0.633972537254186,0.383227757713381,6,"Not significant"
"LPS / LPS+Nigericin","ACIN1","Q9UKV3","Q9UKV3","ACINU_HUMAN","Apoptotic chromatin condensation inducer in the nucleus","Q9UKV3_S1004_M1_28","Phospho (STY)",-0.253771902675357,0.633972537254186,0.375507703636306,6,"Not significant"
"LPS / LPS+Nigericin","RTRAF","Q9Y224","Q9Y224","RTRAF_HUMAN","RNA transcription, translation and transport factor protein","Q9Y224_T114_M1_28","Phospho (STY)",4.4998789332416,0.633972537254186,0.428121542077944,6,"Not significant"
"LPS / LPS+Nigericin","SAMHD1","Q9Y3Z3","Q9Y3Z3","SAMH1_HUMAN","Deoxynucleoside triphosphate triphosphohydrolase SAMHD1","Q9Y3Z3_T592_M1_28","Phospho (STY)",0.665414930597916,0.633972537254186,0.417597837957929,6,"Not significant"
"LPS / LPS+Nigericin","TLN1","Q9Y490","Q9Y490","TLN1_HUMAN","Talin-1","Q9Y490_T1663_M1_28","Phospho (STY)",0.378247350536612,0.633972537254186,0.300136833422648,6,"Not significant"
"LPS / LPS+Nigericin","ANXA1","P04083","P04083","ANXA1_HUMAN","Annexin A1","P04083_S46_M1_28","Phospho (STY)",-0.451525656183905,0.633972537254186,0.377847187406641,5,"Not significant"
"LPS / LPS+Nigericin","MAP1S","Q66K74","Q66K74","MAP1S_HUMAN","Microtubule-associated protein 1S","Q66K74_S759_M1_28","Phospho (STY)",0.848339627159043,0.633972537254186,0.319617967530972,5,"Not significant"
"LPS / LPS+Nigericin","PRSS1","Cont_P00760","Cont_P00760","TRY1_BOVIN","Serine protease 1","Cont_P00760_S89_M1_28","Phospho (STY)",-0.317340150119541,0.633972537254186,0.357869273264908,5,"Not significant"
"LPS / LPS+Nigericin","P4HB","P07237","P07237","PDIA1_HUMAN","Protein disulfide-isomerase","P07237_S194_M2_28","Phospho (STY)",-7.32130190829951,0.633972537254186,0.422612764979305,5,"Not significant"
"LPS / LPS+Nigericin","CD44","P16070","P16070","CD44_HUMAN","CD44 antigen","P16070_S706_M1_28","Phospho (STY)",-0.598186420116884,0.633972537254186,0.420333445376908,5,"Not significant"
"LPS / LPS+Nigericin","ACIN1","Q9UKV3","Q9UKV3","ACINU_HUMAN","Apoptotic chromatin condensation inducer in the nucleus","Q9UKV3_S410_M1_28","Phospho (STY)",6.78660288425014,0.633972537254186,0.421770272151332,6,"Not significant"
"LPS / LPS+Nigericin","ACTC1","P68032","P68032","ACTC_HUMAN","Actin, alpha cardiac muscle 1","P68032_Y220_M1_28","Phospho (STY)",-0.444384383760221,0.63401856266626,0.435900296929495,6,"Not significant"
"LPS / LPS+Nigericin","ACO2","Q99798","Q99798","ACON_HUMAN","Aconitate hydratase, mitochondrial","Q99798_Y544_M1_28","Phospho (STY)",2.77972152740428,0.635243142614476,0.444896245572887,6,"Not significant"
"LPS / LPS+Nigericin","BCLAF1","Q9NYF8","Q9NYF8","BCLF1_HUMAN","Bcl-2-associated transcription factor 1","Q9NYF8_S177_M1_28","Phospho (STY)",0.356136005642901,0.635980308317628,0.447839011597352,6,"Not significant"
"LPS / LPS+Nigericin","EEF1A1","Cont_P68103;P68104","Cont_P68103;P68104","EF1A1_BOVIN;EF1A1_HUMAN","Elongation factor 1-alpha 1","Cont_P68103_T242_M1_28","Phospho (STY)",0.385214379113545,0.63614549633176,0.448813100620991,4,"Not significant"
"LPS / LPS+Nigericin","EEF1A1","Cont_P68103;P68104","Cont_P68103;P68104","EF1A1_BOVIN;EF1A1_HUMAN","Elongation factor 1-alpha 1","P68104_T242_M1_28","Phospho (STY)",0.385214379113545,0.63614549633176,0.448813100620991,4,"Not significant"
"LPS / LPS+Nigericin","TUBB4B","P68371","P68371","TBB4B_HUMAN","Tubulin beta-4B chain","P68371_Y106_M2_28","Phospho (STY)",0.649301452996459,0.636329096561437,0.449558242947815,4,"Not significant"
"LPS / LPS+Nigericin","DDX17","Q92841","Q92841","DDX17_HUMAN","Probable ATP-dependent RNA helicase DDX17","Q92841_Y519_M1_28","Phospho (STY)",-0.628555815876232,0.637465045165854,0.454122434349146,6,"Not significant"
"LPS / LPS+Nigericin","POTEI","P0CG38","P0CG38","POTEI_HUMAN","POTE ankyrin domain family member I","P0CG38_S971_M1_28","Phospho (STY)",0.430734090094574,0.637729026607035,0.455343539559902,6,"Not significant"
"LPS / LPS+Nigericin","ACTN4","O43707","O43707","ACTN4_HUMAN","Alpha-actinin-4","O43707_Y878_M1_28","Phospho (STY)",0.352945236433578,0.638630597634877,0.458583422543795,6,"Not significant"
"LPS / LPS+Nigericin","CCAR2","Q8N163","Q8N163","CCAR2_HUMAN","Cell cycle and apoptosis regulator protein 2","Q8N163_Y100_M1_28","Phospho (STY)",-0.318893511588941,0.638712321701722,0.458875087062364,6,"Not significant"
"LPS / LPS+Nigericin","ATP5F1A","P25705","P25705","ATPA_HUMAN","ATP synthase subunit alpha, mitochondrial","P25705_Y321_M2_28","Phospho (STY)",0.713480662424931,0.639071601073517,0.46031591376541,5,"Not significant"
"LPS / LPS+Nigericin","SRRT","Q9BXP5","Q9BXP5","SRRT_HUMAN","Serrate RNA effector molecule homolog","Q9BXP5_T544_M1_28","Phospho (STY)",0.903884224295707,0.639089247594038,0.460377500110582,4,"Not significant"
"LPS / LPS+Nigericin","RARS1","P54136","P54136","SYRC_HUMAN","Arginine--tRNA ligase, cytoplasmic","P54136_S177_M1_28","Phospho (STY)",-3.28507065190815,0.63918701133727,0.460655862033049,5,"Not significant"
"LPS / LPS+Nigericin","DNM2","P50570","P50570","DYN2_HUMAN","Dynamin-2","P50570_Y231_M1_28","Phospho (STY)",0.310722860644389,0.639266040490549,0.460862855350866,6,"Not significant"
"LPS / LPS+Nigericin","LMNB1","P20700","P20700","LMNB1_HUMAN","Lamin-B1","P20700_T506_M2_28","Phospho (STY)",0.383855120399962,0.639338899945447,0.461063982946698,4,"Not significant"
"LPS / LPS+Nigericin","AHNAK","Q09666","Q09666","AHNK_HUMAN","Neuroblast differentiation-associated protein AHNAK","Q09666_T5729_M1_28","Phospho (STY)",0.955166510632666,0.639370458253555,0.46119139061323,5,"Not significant"
"LPS / LPS+Nigericin","PSMC3","P17980","P17980","PRS6A_HUMAN","26S proteasome regulatory subunit 6A","P17980_Y158_M1_28","Phospho (STY)",0.267026359352812,0.639404561178159,0.461334485936403,6,"Not significant"
"LPS / LPS+Nigericin","STMN1","P16949","P16949","STMN1_HUMAN","Stathmin","P16949_S25_M1_28","Phospho (STY)",0.622009447849838,0.640185151475668,0.464357490468586,6,"Not significant"
"LPS / LPS+Nigericin","CANX","P27824","P27824","CALX_HUMAN","Calnexin","P27824_S583_M1_28","Phospho (STY)",0.236883264618625,0.640717362082164,0.466328107155152,6,"Not significant"
"LPS / LPS+Nigericin","HEXB","P07686","P07686","HEXB_HUMAN","Beta-hexosaminidase subunit beta","P07686_Y550_M1_28","Phospho (STY)",-0.293651236519295,0.640910646903654,0.466858133487521,6,"Not significant"
"LPS / LPS+Nigericin","H1-4","P10412","P10412","H14_HUMAN","Histone H1.4","P10412_S2_M1_28","Phospho (STY)",-0.579441553834586,0.641727239978444,0.469603242405817,6,"Not significant"
"LPS / LPS+Nigericin","HNRNPA1","P09651","P09651","ROA1_HUMAN","Heterogeneous nuclear ribonucleoprotein A1","P09651_Y62_M2_28","Phospho (STY)",1.740791421043,0.641955389841533,0.470548312664986,6,"Not significant"
"LPS / LPS+Nigericin","ACTC1","P68032","P68032","ACTC_HUMAN","Actin, alpha cardiac muscle 1","P68032_Y296_M1_28","Phospho (STY)",0.807244898398336,0.643454255525868,0.475323673601612,6,"Not significant"
"LPS / LPS+Nigericin","PCBP2","Q15366","Q15366","PCBP2_HUMAN","Poly(rC)-binding protein 2","Q15366_S141_M2_28","Phospho (STY)",-2.78001632047848,0.643922368579518,0.476745969695557,5,"Not significant"
"LPS / LPS+Nigericin","KDM6B","O15054","O15054","KDM6B_HUMAN","Lysine-specific demethylase 6B","O15054_S1025_M1_28","Phospho (STY)",2.61611742025692,0.64427502224284,0.478005890102159,6,"Not significant"
"LPS / LPS+Nigericin","CAP1","Cont_Q3SYV4","Cont_Q3SYV4","CAP1_BOVIN","Adenylyl cyclase-associated protein 1","Cont_Q3SYV4_T89_M1_28","Phospho (STY)",0.262332165868961,0.644696789200346,0.492613977482708,6,"Not significant"
"LPS / LPS+Nigericin","SEC22B","O75396","O75396","SC22B_HUMAN","Vesicle-trafficking protein SEC22b","O75396_S137_M2_28","Phospho (STY)",-6.76368859954455,0.644696789200346,0.499510330574917,5,"Not significant"
"LPS / LPS+Nigericin","PTMA","P06454","P06454","PTMA_HUMAN","Prothymosin alpha","P06454_S2_M1_28","Phospho (STY)",0.503463278693337,0.644696789200346,0.488443801699913,6,"Not significant"
"LPS / LPS+Nigericin","S100A9","P06702","P06702","S10A9_HUMAN","Protein S100-A9","P06702_T113_M1_28","Phospho (STY)",0.299930706668846,0.644696789200346,0.502121891097709,6,"Not significant"
"LPS / LPS+Nigericin","HSPA5","P11021","P11021","BIP_HUMAN","Endoplasmic reticulum chaperone BiP","P11021_T85_M3_28","Phospho (STY)",4.01162058748846,0.644696789200346,0.498081948002286,5,"Not significant"
"LPS / LPS+Nigericin","HSPA8","P11142","P11142","HSP7C_HUMAN","Heat shock cognate 71 kDa protein","P11142_S329_M1_28","Phospho (STY)",-0.433739466565739,0.644696789200346,0.484532175536361,6,"Not significant"
"LPS / LPS+Nigericin","HSP90B1","P14625","P14625","ENPL_HUMAN","Endoplasmin","P14625_T709_M1_28","Phospho (STY)",-5.04525359686783,0.644696789200346,0.498042550571325,5,"Not significant"
"LPS / LPS+Nigericin","H1-5","P16401","P16401","H15_HUMAN","Histone H1.5","P16401_S2_M2_28","Phospho (STY)",2.66424651240198,0.644696789200346,0.480340400124538,6,"Not significant"
"LPS / LPS+Nigericin","CALR","P27797","P27797","CALR_HUMAN","Calreticulin","P27797_Y172_M3_28","Phospho (STY)",4.94397117032432,0.644696789200346,0.493801241605794,5,"Not significant"
"LPS / LPS+Nigericin","LAP3","P28838","P28838","AMPL_HUMAN","Cytosol aminopeptidase","P28838_T70_M1_28","Phospho (STY)",0.33901042105435,0.644696789200346,0.500321021334813,6,"Not significant"
"LPS / LPS+Nigericin","PDIA3","P30101","P30101","PDIA3_HUMAN","Protein disulfide-isomerase A3","P30101_Y364_M1_28","Phospho (STY)",-1.89594919120778,0.644696789200346,0.500957927113967,6,"Not significant"
"LPS / LPS+Nigericin","DNAJA1","P31689","P31689","DNJA1_HUMAN","DnaJ homolog subfamily A member 1","P31689_T284_M1_28","Phospho (STY)",-7.59491241701755,0.644696789200346,0.500257286155579,5,"Not significant"
"LPS / LPS+Nigericin","IDH3G","P51553","P51553","IDH3G_HUMAN","Isocitrate dehydrogenase [NAD] subunit gamma, mitochondrial","P51553_Y51_M2_28","Phospho (STY)",6.21243085187322,0.644696789200346,0.498175826337733,5,"Not significant"
"LPS / LPS+Nigericin","TPI1","P60174","P60174","TPIS_HUMAN","Triosephosphate isomerase","P60174_Y68_M1_28","Phospho (STY)",-1.20959026465586,0.644696789200346,0.480381981822996,6,"Not significant"
"LPS / LPS+Nigericin","ACTR3","P61158","P61158","ARP3_HUMAN","Actin-related protein 3","P61158_Y184_M1_28","Phospho (STY)",0.538300153642317,0.644696789200346,0.479512559192567,6,"Not significant"
"LPS / LPS+Nigericin","HSPE1","P61604","P61604","CH10_HUMAN","10 kDa heat shock protein, mitochondrial","P61604_S53_M2_28","Phospho (STY)",3.66577115146467,0.644696789200346,0.492729055166207,5,"Not significant"
"LPS / LPS+Nigericin","AHNAK","Q09666","Q09666","AHNK_HUMAN","Neuroblast differentiation-associated protein AHNAK","Q09666_S5190_M2_28","Phospho (STY)",5.71033932379029,0.644696789200346,0.502753701053607,4,"Not significant"
"LPS / LPS+Nigericin","OS9","Q13438","Q13438","OS9_HUMAN","Protein OS-9","Q13438_T546_M1_28","Phospho (STY)",-0.269648044020899,0.644696789200346,0.479463223934319,6,"Not significant"
"LPS / LPS+Nigericin","ZYX","Q15942","Q15942","ZYX_HUMAN","Zyxin","Q15942_S344_M1_28","Phospho (STY)",1.00950203817029,0.644696789200346,0.502558455571408,6,"Not significant"
"LPS / LPS+Nigericin","H2BC21","Q16778","Q16778","H2B2E_HUMAN","Histone H2B type 2-E","Q16778_S57_M1_28","Phospho (STY)",7.7867122299236,0.644696789200346,0.500316338254996,4,"Not significant"
"LPS / LPS+Nigericin","PNISR","Q8TF01","Q8TF01","PNISR_HUMAN","Arginine/serine-rich protein PNISR","Q8TF01_S211_M1_28","Phospho (STY)",0.416739949333743,0.644696789200346,0.490120747741009,6,"Not significant"
"LPS / LPS+Nigericin","GOLGA1","Q92805","Q92805","GOGA1_HUMAN","Golgin subfamily A member 1","Q92805_T518_M1_28","Phospho (STY)",0.287137467798515,0.644696789200346,0.495110101701062,6,"Not significant"
"LPS / LPS+Nigericin","RPL17","P18621","P18621","RL17_HUMAN","Large ribosomal subunit protein uL22","P18621_S100_M1_28","Phospho (STY)",-6.8250039221095,0.644696789200346,0.498714457544979,4,"Not significant"
"LPS / LPS+Nigericin","ACTC1","P68032","P68032","ACTC_HUMAN","Actin, alpha cardiac muscle 1","P68032_Y242_M1_28","Phospho (STY)",6.80025322318419,0.644696789200346,0.501286780322067,5,"Not significant"
"LPS / LPS+Nigericin","MTDH","Q86UE4","Q86UE4","LYRIC_HUMAN","Protein LYRIC","Q86UE4_T492_M2_28","Phospho (STY)",-1.30834958092204,0.644696789200346,0.499066345402104,5,"Not significant"
"LPS / LPS+Nigericin","SOD2","P04179","P04179","SODM_HUMAN","Superoxide dismutase [Mn], mitochondrial","P04179_Y33_M2_28","Phospho (STY)",-9.80210622777154,0.644696789200346,0.499911151845625,4,"Not significant"
"LPS / LPS+Nigericin","HMOX2","P30519","P30519","HMOX2_HUMAN","Heme oxygenase 2","P30519_Y157_M1_28","Phospho (STY)",0.706962983878881,0.644696789200346,0.486752876261323,5,"Not significant"
"LPS / LPS+Nigericin","EIF5","P55010","P55010","IF5_HUMAN","Eukaryotic translation initiation factor 5","P55010_Y56_M2_28","Phospho (STY)",5.72519340084543,0.644696789200346,0.493298578092596,4,"Not significant"
"LPS / LPS+Nigericin","RRBP1","Q9P2E9","Q9P2E9","RRBP1_HUMAN","Ribosome-binding protein 1","Q9P2E9_S154_M2_28","Phospho (STY)",3.15113866075828,0.644696789200346,0.492510992176695,5,"Not significant"
"LPS / LPS+Nigericin","TARS1","P26639","P26639","SYTC_HUMAN","Threonine--tRNA ligase 1, cytoplasmic","P26639_S110_M1_28","Phospho (STY)",0.890035844757378,0.644930203757825,0.505506257859158,4,"Not significant"
"LPS / LPS+Nigericin","LAP3","P28838","P28838","AMPL_HUMAN","Cytosol aminopeptidase","P28838_Y87_M2_28","Phospho (STY)",-4.51622307879242,0.644953820663658,0.505729036362245,4,"Not significant"
"LPS / LPS+Nigericin","PYCARD","Q9ULZ3","Q9ULZ3","ASC_HUMAN","Apoptosis-associated speck-like protein containing a CARD","Q9ULZ3_T16_M1_28","Phospho (STY)",-1.00439416552899,0.647289275925932,0.515157455454354,6,"Not significant"
"LPS / LPS+Nigericin","P4HB","P07237","P07237","PDIA1_HUMAN","Protein disulfide-isomerase","P07237_S357_M1_28","Phospho (STY)",0.912807776233585,0.647736011418253,0.517017734123012,6,"Not significant"
"LPS / LPS+Nigericin","HSPE1","P61604","P61604","CH10_HUMAN","10 kDa heat shock protein, mitochondrial","P61604_S37_M1_28","Phospho (STY)",1.096672256128,0.648707185496619,0.520350653334862,5,"Not significant"
"LPS / LPS+Nigericin","LMNA","P02545","P02545","LMNA_HUMAN","Prelamin-A/C","P02545_S390_M1_28","Phospho (STY)",0.243491267708572,0.649084582677841,0.521727605378702,6,"Not significant"
"LPS / LPS+Nigericin","NUP85","Q9BW27","Q9BW27","NUP85_HUMAN","Nuclear pore complex protein Nup85","Q9BW27_T579_M2_28","Phospho (STY)",-2.84087756759037,0.649457940750854,0.522762130038605,5,"Not significant"
"LPS / LPS+Nigericin","CANX","P27824","P27824","CALX_HUMAN","Calnexin","P27824_Y393_M2_28","Phospho (STY)",-0.247857173005373,0.651426224010194,0.528704762574488,6,"Not significant"
"LPS / LPS+Nigericin","ACAD9","Q9H845","Q9H845","ACAD9_HUMAN","Complex I assembly factor ACAD9, mitochondrial","Q9H845_Y165_M2_28","Phospho (STY)",-1.99450853306719,0.6532789547273,0.533998753768874,6,"Not significant"
"LPS / LPS+Nigericin","CAP1","Q01518","Q01518","CAP1_HUMAN","Adenylyl cyclase-associated protein 1","Q01518_T78_M1_28","Phospho (STY)",0.274445976601602,0.653680095525891,0.535312941989048,6,"Not significant"
"LPS / LPS+Nigericin","VIM","P08670","P08670","VIME_HUMAN","Vimentin","P08670_T327_M1_28","Phospho (STY)",0.31567101802912,0.653778339256439,0.535549273373083,6,"Not significant"
"LPS / LPS+Nigericin","VIM","P08670","P08670","VIME_HUMAN","Vimentin","P08670_S430_M1_28","Phospho (STY)",-0.833605179217788,0.657877112493269,0.547892717058046,5,"Not significant"
"LPS / LPS+Nigericin","ZMPSTE24","O75844","O75844","FACE1_HUMAN","CAAX prenyl protease 1 homolog","O75844_Y45_M3_28","Phospho (STY)",1.0278648808784,0.657877826598535,0.547912841242629,6,"Not significant"
"LPS / LPS+Nigericin","TUBB5;TUBB","Cont_Q2KJD0;P07437","Cont_Q2KJD0;P07437","TBB5_BOVIN;TBB5_HUMAN","Tubulin beta-5 chain;Tubulin beta chain","Cont_Q2KJD0_Y281_M3_28","Phospho (STY)",0.303386853767111,0.658105348861657,0.548579129201977,5,"Not significant"
"LPS / LPS+Nigericin","TUBB5;TUBB","Cont_Q2KJD0;P07437","Cont_Q2KJD0;P07437","TBB5_BOVIN;TBB5_HUMAN","Tubulin beta-5 chain;Tubulin beta chain","P07437_Y281_M3_28","Phospho (STY)",0.303386853767111,0.658105348861657,0.548579129201977,5,"Not significant"
"LPS / LPS+Nigericin","TRIP12","Q14669","Q14669","TRIPC_HUMAN","E3 ubiquitin-protein ligase TRIP12","Q14669_T758_M1_28","Phospho (STY)",0.386207646346398,0.658381679080345,0.549498134134121,6,"Not significant"
"LPS / LPS+Nigericin","AHNAK","Q09666","Q09666","AHNK_HUMAN","Neuroblast differentiation-associated protein AHNAK","Q09666_S3159_M1_28","Phospho (STY)",0.404154193336202,0.658630690267601,0.550277995376374,6,"Not significant"
"LPS / LPS+Nigericin","AHNAK","Q09666","Q09666","AHNK_HUMAN","Neuroblast differentiation-associated protein AHNAK","Q09666_S3941_M1_28","Phospho (STY)",0.404154193336202,0.658630690267601,0.550277995376374,6,"Not significant"
"LPS / LPS+Nigericin","HSPE1","P61604","P61604","CH10_HUMAN","10 kDa heat shock protein, mitochondrial","P61604_Y76_M2_28","Phospho (STY)",-0.445349796992964,0.660562493687827,0.555895090303432,5,"Not significant"
"LPS / LPS+Nigericin","RPS20","P60866","P60866","RS20_HUMAN","Small ribosomal subunit protein uS10","P60866_T9_M2_28","Phospho (STY)",-0.136071966996028,0.660629538139901,0.556187320211485,6,"Not significant"
"LPS / LPS+Nigericin","RPS20","P60866","P60866","RS20_HUMAN","Small ribosomal subunit protein uS10","P60866_T6_M2_28","Phospho (STY)",-0.136071966996028,0.660629538139901,0.556187320211485,6,"Not significant"
"LPS / LPS+Nigericin","DAB2","P98082","P98082","DAB2_HUMAN","Disabled homolog 2","P98082_Y50_M1_28","Phospho (STY)",1.74833580088134,0.661544570567407,0.558881788456939,6,"Not significant"
"LPS / LPS+Nigericin","NAP1L4","Q99733","Q99733","NP1L4_HUMAN","Nucleosome assembly protein 1-like 4","Q99733_T28_M1_28","Phospho (STY)",0.603248910655765,0.662589503469654,0.561911120892202,6,"Not significant"
"LPS / LPS+Nigericin","HSPA5","P11021","P11021","BIP_HUMAN","Endoplasmic reticulum chaperone BiP","P11021_T481_M2_28","Phospho (STY)",-0.290121893211718,0.663621148013785,0.565333228508804,5,"Not significant"
"LPS / LPS+Nigericin","SNRPD2","P62316","P62316","SMD2_HUMAN","Small nuclear ribonucleoprotein Sm D2","P62316_S2_M1_28","Phospho (STY)",-0.135932583553784,0.663674651528971,0.565463055982975,6,"Not significant"
"LPS / LPS+Nigericin","UBE2I","P63279","P63279","UBC9_HUMAN","SUMO-conjugating enzyme UBC9","P63279_Y87_M1_28","Phospho (STY)",0.559606789960985,0.664106413572867,0.566781676097705,6,"Not significant"
"LPS / LPS+Nigericin","PRKCSH","P14314","P14314","GLU2B_HUMAN","Glucosidase 2 subunit beta","P14314_T489_M1_28","Phospho (STY)",-0.375331641376435,0.664165007104713,0.56692121176462,4,"Not significant"
"LPS / LPS+Nigericin","ACTB","Cont_P60712;P60709","Cont_P60712;P60709","ACTB_BOVIN;ACTB_HUMAN","Actin, cytoplasmic 1;Actin, cytoplasmic 1","Cont_P60712_Y69_M2_28","Phospho (STY)",-1.62024176523798,0.66435538748335,0.56765654254021,6,"Not significant"
"LPS / LPS+Nigericin","ACTB","Cont_P60712;P60709","Cont_P60712;P60709","ACTB_BOVIN;ACTB_HUMAN","Actin, cytoplasmic 1;Actin, cytoplasmic 1","P60709_Y69_M2_28","Phospho (STY)",-1.62024176523798,0.66435538748335,0.56765654254021,6,"Not significant"
"LPS / LPS+Nigericin","GAPDH","P04406","P04406","G3P_HUMAN","Glyceraldehyde-3-phosphate dehydrogenase","P04406_T75_M1_28","Phospho (STY)",0.212462175233808,0.665615763993432,0.571374740450879,6,"Not significant"
"LPS / LPS+Nigericin","ZNF638","Q14966","Q14966","ZN638_HUMAN","Zinc finger protein 638","Q14966_T1664_M2_28","Phospho (STY)",-1.04814188033603,0.666164430926795,0.572930415324141,5,"Not significant"
"LPS / LPS+Nigericin","AHNAK","Q09666","Q09666","AHNK_HUMAN","Neuroblast differentiation-associated protein AHNAK","Q09666_S4130_M1_28","Phospho (STY)",0.29673606841131,0.666245346510717,0.573127349283486,6,"Not significant"
"LPS / LPS+Nigericin","AHNAK","Q09666","Q09666","AHNK_HUMAN","Neuroblast differentiation-associated protein AHNAK","Q09666_S4594_M1_28","Phospho (STY)",0.29673606841131,0.666245346510717,0.573127349283486,6,"Not significant"
"LPS / LPS+Nigericin","AHNAK","Q09666","Q09666","AHNK_HUMAN","Neuroblast differentiation-associated protein AHNAK","Q09666_S1452_M1_28","Phospho (STY)",0.370815317646401,0.666913907750293,0.575378857928528,6,"Not significant"
"LPS / LPS+Nigericin","ARL6IP5","O75915","O75915","PRAF3_HUMAN","PRA1 family protein 3","O75915_T160_M1_28","Phospho (STY)",-0.796031002655666,0.667367285358052,0.576814749133965,6,"Not significant"
"LPS / LPS+Nigericin","CORO7","P57737","P57737","CORO7_HUMAN","Coronin-7","P57737_T540_M2_28","Phospho (STY)",1.80446911620243,0.667929455629969,0.57832903757085,4,"Not significant"
"LPS / LPS+Nigericin","RNH1","P13489","P13489","RINI_HUMAN","Ribonuclease inhibitor","P13489_Y151_M2_28","Phospho (STY)",2.10326982312392,0.668239401376021,0.579321357671522,5,"Not significant"
"LPS / LPS+Nigericin","UGP2","Q16851","Q16851","UGPA_HUMAN","UTP--glucose-1-phosphate uridylyltransferase","Q16851_S200_M1_28","Phospho (STY)",0.212039292388726,0.668518370227368,0.580447453973378,6,"Not significant"
"LPS / LPS+Nigericin","RPL23A","P62750","P62750","RL23A_HUMAN","Large ribosomal subunit protein uL23","P62750_T95_M1_28","Phospho (STY)",-0.922910857962148,0.668731528928392,0.581180942499098,6,"Not significant"
"LPS / LPS+Nigericin","BTF3","P20290","P20290","BTF3_HUMAN","Transcription factor BTF3","P20290_T110_M2_28","Phospho (STY)",-1.27462492655306,0.669143311277403,0.582170257988345,4,"Not significant"
"LPS / LPS+Nigericin","CEP170","Q5SW79","Q5SW79","CE170_HUMAN","Centrosomal protein of 170 kDa","Q5SW79_Y91_M2_28","Phospho (STY)",1.5219348626888,0.670084851883145,0.585101185497815,6,"Not significant"
"LPS / LPS+Nigericin","HSPA1A;HSPA1B","P0DMV8;P0DMV9","P0DMV8;P0DMV9","HS71A_HUMAN;HS71B_HUMAN","Heat shock 70 kDa protein 1A;Heat shock 70 kDa protein 1B","P0DMV8_Y611_M1_28","Phospho (STY)",0.360005905536277,0.671120467861068,0.588321789803471,4,"Not significant"
"LPS / LPS+Nigericin","HSPA1A;HSPA1B","P0DMV8;P0DMV9","P0DMV8;P0DMV9","HS71A_HUMAN;HS71B_HUMAN","Heat shock 70 kDa protein 1A;Heat shock 70 kDa protein 1B","P0DMV9_Y611_M1_28","Phospho (STY)",0.360005905536277,0.671120467861068,0.588321789803471,4,"Not significant"
"LPS / LPS+Nigericin","HSPA2","P54652","P54652","HSP72_HUMAN","Heat shock-related 70 kDa protein 2","P54652_Y184_M1_28","Phospho (STY)",0.175134067887314,0.671407594121812,0.589248036671378,6,"Not significant"
"LPS / LPS+Nigericin","RAB4B","P61018","P61018","RAB4B_HUMAN","Ras-related protein Rab-4B","P61018_T56_M1_28","Phospho (STY)",-0.850614017677176,0.67161260288073,0.589939616888737,6,"Not significant"
"LPS / LPS+Nigericin","HSPA9","P38646","P38646","GRP75_HUMAN","Stress-70 protein, mitochondrial","P38646_S378_M1_28","Phospho (STY)",-0.413327459675265,0.671906595725522,0.590854325086449,6,"Not significant"
"LPS / LPS+Nigericin","CAP1","Q01518","Q01518","CAP1_HUMAN","Adenylyl cyclase-associated protein 1","Q01518_S308_M1_28","Phospho (STY)",0.431029610345807,0.672377153204014,0.592318913975928,4,"Not significant"
"LPS / LPS+Nigericin","HNRNPA0","Q13151","Q13151","ROA0_HUMAN","Heterogeneous nuclear ribonucleoprotein A0","Q13151_Y145_M1_28","Phospho (STY)",0.673145321331022,0.673983533333256,0.597206349508241,6,"Not significant"
"LPS / LPS+Nigericin","TACC3","Q9Y6A5","Q9Y6A5","TACC3_HUMAN","Transforming acidic coiled-coil-containing protein 3","Q9Y6A5_Y764_M1_28","Phospho (STY)",0.283453286544269,0.67466701259278,0.599157265033859,6,"Not significant"
"LPS / LPS+Nigericin","RALY","Q9UKM9","Q9UKM9","RALY_HUMAN","RNA-binding protein Raly","Q9UKM9_S135_M1_28","Phospho (STY)",0.421911947699307,0.675869064482527,0.60249864206784,6,"Not significant"
"LPS / LPS+Nigericin","UGGT1","Q9NYU2","Q9NYU2","UGGG1_HUMAN","UDP-glucose:glycoprotein glucosyltransferase 1","Q9NYU2_S931_M1_28","Phospho (STY)",0.340662845284871,0.677959803446323,0.608620282221678,6,"Not significant"
"LPS / LPS+Nigericin","GSTP1","P09211","P09211","GSTP1_HUMAN","Glutathione S-transferase P","P09211_Y199_M1_28","Phospho (STY)",-0.883797084403097,0.678797334978112,0.611325440503404,6,"Not significant"
"LPS / LPS+Nigericin","POLR3E","Q9NVU0","Q9NVU0","RPC5_HUMAN","DNA-directed RNA polymerase III subunit RPC5","Q9NVU0_Y404_M1_28","Phospho (STY)",0.449369507990103,0.680072503331963,0.615275788024509,6,"Not significant"
"LPS / LPS+Nigericin","CORO7","P57737","P57737","CORO7_HUMAN","Coronin-7","P57737_T536_M2_28","Phospho (STY)",0.846821534854407,0.680990411951251,0.618109270102539,4,"Not significant"
"LPS / LPS+Nigericin","BAK1","Q16611","Q16611","BAK_HUMAN","Bcl-2 homologous antagonist/killer","Q16611_S3_M1_28","Phospho (STY)",0.400606455249233,0.681956880808135,0.620861179593274,6,"Not significant"
"LPS / LPS+Nigericin","NOLC1","Q14978","Q14978","NOLC1_HUMAN","Nucleolar and coiled-body phosphoprotein 1","Q14978_S698_M1_28","Phospho (STY)",0.474453728322982,0.682291948655883,0.621929842054709,6,"Not significant"
"LPS / LPS+Nigericin","RPS3","P23396","P23396","RS3_HUMAN","Small ribosomal subunit protein uS3","P23396_S209_M1_28","Phospho (STY)",0.756380624250149,0.684007417997974,0.626967209909832,6,"Not significant"
"LPS / LPS+Nigericin","ISCU","Q9H1K1","Q9H1K1","ISCU_HUMAN","Iron-sulfur cluster assembly enzyme ISCU","Q9H1K1_S97_M1_28","Phospho (STY)",-0.19262907824201,0.684298093770493,0.627894141816091,5,"Not significant"
"LPS / LPS+Nigericin","NCF2","P19878","P19878","NCF2_HUMAN","Neutrophil cytosol factor 2","P19878_T233_M1_28","Phospho (STY)",0.555044420502313,0.684387597786935,0.628143567376499,5,"Not significant"
"LPS / LPS+Nigericin","RBM14","Q96PK6","Q96PK6","RBM14_HUMAN","RNA-binding protein 14","Q96PK6_T206_M1_28","Phospho (STY)",0.26278562312385,0.68514012058954,0.630450147612497,6,"Not significant"
"LPS / LPS+Nigericin","ERP29","P30040","P30040","ERP29_HUMAN","Endoplasmic reticulum resident protein 29","P30040_Y151_M1_28","Phospho (STY)",-0.142408069957067,0.685431427217138,0.631367282837585,6,"Not significant"
"LPS / LPS+Nigericin","COMT","P21964","P21964","COMT_HUMAN","Catechol O-methyltransferase","P21964_Y82_M1_28","Phospho (STY)",-0.140527041969082,0.686176713245632,0.633891139856873,6,"Not significant"
"LPS / LPS+Nigericin","IFI16","Q16666","Q16666","IF16_HUMAN","Gamma-interferon-inducible protein 16","Q16666_S153_M1_28","Phospho (STY)",0.345207150302776,0.686636947657024,0.635325868848871,6,"Not significant"
"LPS / LPS+Nigericin","AHNAK","Q09666","Q09666","AHNK_HUMAN","Neuroblast differentiation-associated protein AHNAK","Q09666_S5279_M1_28","Phospho (STY)",-0.580762809888656,0.687272760455837,0.637385954820164,6,"Not significant"
"LPS / LPS+Nigericin","HSPA8","P11142","P11142","HSP7C_HUMAN","Heat shock cognate 71 kDa protein","P11142_T462_M1_28","Phospho (STY)",0.271677543502101,0.687926080210635,0.639732958810353,6,"Not significant"
"LPS / LPS+Nigericin","RPL18","Q07020","Q07020","RL18_HUMAN","Large ribosomal subunit protein eL18","Q07020_T136_M1_28","Phospho (STY)",-0.153270596258331,0.688446261509285,0.641332314097448,6,"Not significant"
"LPS / LPS+Nigericin","GNA11","P29992","P29992","GNA11_HUMAN","Guanine nucleotide-binding protein subunit alpha-11","P29992_Y172_M1_28","Phospho (STY)",0.164028691713463,0.688641985050694,0.641888879091271,6,"Not significant"
"LPS / LPS+Nigericin","SLC25A24","Q6NUK1","Q6NUK1","SCMC1_HUMAN","Mitochondrial adenyl nucleotide antiporter SLC25A24","Q6NUK1_Y404_M1_28","Phospho (STY)",0.524943740315289,0.68881757672488,0.642676640172069,6,"Not significant"
"LPS / LPS+Nigericin","THRAP3","Q9Y2W1","Q9Y2W1","TR150_HUMAN","Thyroid hormone receptor-associated protein 3","Q9Y2W1_S248_M1_28","Phospho (STY)",-0.299734633062807,0.689091989464029,0.643540648603044,6,"Not significant"
"LPS / LPS+Nigericin","RPLP1","P05386","P05386","RLA1_HUMAN","Large ribosomal subunit protein P1","P05386_S83_M2_28","Phospho (STY)",0.386779744577321,0.690503796756939,0.647734105723063,6,"Not significant"
"LPS / LPS+Nigericin","RPLP1","P05386","P05386","RLA1_HUMAN","Large ribosomal subunit protein P1","P05386_T84_M2_28","Phospho (STY)",0.386779744577321,0.690503796756939,0.64773412929633,6,"Not significant"
"LPS / LPS+Nigericin","RPSA","P08865","P08865","RSSA_HUMAN","Small ribosomal subunit protein uS2","P08865_T144_M1_28","Phospho (STY)",0.138717155191401,0.691082413312664,0.649541814689685,6,"Not significant"
"LPS / LPS+Nigericin","ZNF318","Q5VUA4","Q5VUA4","ZN318_HUMAN","Zinc finger protein 318","Q5VUA4_T598_M1_28","Phospho (STY)",-0.508612701276915,0.693906245154227,0.657801544852654,5,"Not significant"
"LPS / LPS+Nigericin","HLA-H","P01893","P01893","HLAH_HUMAN","Putative HLA class I histocompatibility antigen, alpha chain H","P01893_S48_M1_28","Phospho (STY)",-0.612274260884314,0.694025881508446,0.658150913229834,4,"Not significant"
"LPS / LPS+Nigericin","PLXNB2","O15031","O15031","PLXB2_HUMAN","Plexin-B2","O15031_T822_M2_28","Phospho (STY)",-0.536083176230478,0.694580462700474,0.659822443401073,6,"Not significant"
"LPS / LPS+Nigericin","EVL","Q9UI08","Q9UI08","EVL_HUMAN","Ena/VASP-like protein","Q9UI08_S331_M1_28","Phospho (STY)",0.47042871573597,0.695265641082738,0.662292974255713,5,"Not significant"
"LPS / LPS+Nigericin","HSPA1A;HSPA1B","P0DMV8;P0DMV9","P0DMV8;P0DMV9","HS71A_HUMAN;HS71B_HUMAN","Heat shock 70 kDa protein 1A;Heat shock 70 kDa protein 1B","P0DMV8_Y15_M1_28","Phospho (STY)",-0.317486599888933,0.69574810415581,0.664030495587797,6,"Not significant"
"LPS / LPS+Nigericin","HSPA1A;HSPA1B","P0DMV8;P0DMV9","P0DMV8;P0DMV9","HS71A_HUMAN;HS71B_HUMAN","Heat shock 70 kDa protein 1A;Heat shock 70 kDa protein 1B","P0DMV9_Y15_M1_28","Phospho (STY)",-0.317486599888933,0.69574810415581,0.664030495587797,6,"Not significant"
"LPS / LPS+Nigericin","SSBP1","Q04837","Q04837","SSBP_HUMAN","Single-stranded DNA-binding protein, mitochondrial","Q04837_T144_M2_28","Phospho (STY)",-0.298653610412944,0.6972881418983,0.669185563480972,4,"Not significant"
"LPS / LPS+Nigericin","SSBP1","Q04837","Q04837","SSBP_HUMAN","Single-stranded DNA-binding protein, mitochondrial","Q04837_S141_M2_28","Phospho (STY)",-0.298653610412944,0.6972881418983,0.669185563480972,4,"Not significant"
"LPS / LPS+Nigericin","BRD2","P25440","P25440","BRD2_HUMAN","Bromodomain-containing protein 2","P25440_T6_M1_28","Phospho (STY)",-0.339476903284083,0.698430594127351,0.672808425403209,6,"Not significant"
"LPS / LPS+Nigericin","AHNAK","Q09666","Q09666","AHNK_HUMAN","Neuroblast differentiation-associated protein AHNAK","Q09666_S5731_M1_28","Phospho (STY)",-0.664189447583131,0.698438774195764,0.672842660407048,4,"Not significant"
"LPS / LPS+Nigericin","AHNAK","Q09666","Q09666","AHNK_HUMAN","Neuroblast differentiation-associated protein AHNAK","Q09666_S2397_M1_28","Phospho (STY)",0.49671303773919,0.698962341499442,0.674387255499315,6,"Not significant"
"LPS / LPS+Nigericin","ANXA5","P08758","P08758","ANXA5_HUMAN","Annexin A5","P08758_T74_M1_28","Phospho (STY)",-0.682188033660136,0.699186440647535,0.675246874414958,5,"Not significant"
"LPS / LPS+Nigericin","RPS23","P62266","P62266","RS23_HUMAN","Small ribosomal subunit protein uS12","P62266_T82_M1_28","Phospho (STY)",0.159847045546984,0.699529298095361,0.676358228384448,6,"Not significant"
"LPS / LPS+Nigericin","SRSF1","Q07955","Q07955","SRSF1_HUMAN","Serine/arginine-rich splicing factor 1","Q07955_Y149_M1_28","Phospho (STY)",0.488281561375902,0.699785115195271,0.677233011280547,6,"Not significant"
"LPS / LPS+Nigericin","ACAA2","P42765","P42765","THIM_HUMAN","3-ketoacyl-CoA thiolase, mitochondrial","P42765_Y20_M1_28","Phospho (STY)",-0.199969948103447,0.700152130226048,0.67844911279838,6,"Not significant"
"LPS / LPS+Nigericin","NPM1","P06748","P06748","NPM_HUMAN","Nucleophosmin","P06748_S70_M1_28","Phospho (STY)",-0.528423670566769,0.700299201044545,0.678822541966017,5,"Not significant"
"LPS / LPS+Nigericin","NDRG1","Q92597","Q92597","NDRG1_HUMAN","Protein NDRG1","Q92597_T281_M1_28","Phospho (STY)",0.326078207648762,0.702383853040209,0.68568053398624,4,"Not significant"
"LPS / LPS+Nigericin","ITGB2","P05107","P05107","ITB2_HUMAN","Integrin beta-2","P05107_T256_M1_28","Phospho (STY)",-0.171281482435307,0.70367617894925,0.690031708929566,6,"Not significant"
"LPS / LPS+Nigericin","SPP1","P10451","P10451","OSTP_HUMAN","Osteopontin","P10451_S303_M1_28","Phospho (STY)",0.200915456111605,0.704484487296026,0.692413149419257,6,"Not significant"
"LPS / LPS+Nigericin","ANXA6","P08133","P08133","ANXA6_HUMAN","Annexin A6","P08133_T356_M1_28","Phospho (STY)",-0.894610207286994,0.705069627127177,0.694451710926147,6,"Not significant"
"LPS / LPS+Nigericin","HSPA2","P54652","P54652","HSP72_HUMAN","Heat shock-related 70 kDa protein 2","P54652_Y108_M1_28","Phospho (STY)",-0.377361701523929,0.706571908440857,0.698986640618339,6,"Not significant"
"LPS / LPS+Nigericin","CAP1","Q01518","Q01518","CAP1_HUMAN","Adenylyl cyclase-associated protein 1","Q01518_S394_M1_28","Phospho (STY)",0.0773391713497926,0.706972696412929,0.700189752547334,6,"Not significant"
"LPS / LPS+Nigericin","ACTB","Cont_P60712;P60709","Cont_P60712;P60709","ACTB_BOVIN;ACTB_HUMAN","Actin, cytoplasmic 1;Actin, cytoplasmic 1","Cont_P60712_S232_M2_28","Phospho (STY)",1.0432213979272,0.707115837484813,0.700578915579111,4,"Not significant"
"LPS / LPS+Nigericin","ACTB","Cont_P60712;P60709","Cont_P60712;P60709","ACTB_BOVIN;ACTB_HUMAN","Actin, cytoplasmic 1;Actin, cytoplasmic 1","P60709_S232_M2_28","Phospho (STY)",1.0432213979272,0.707115837484813,0.700578915579111,4,"Not significant"
"LPS / LPS+Nigericin","PTPN6","P29350","P29350","PTN6_HUMAN","Tyrosine-protein phosphatase non-receptor type 6","P29350_S285_M2_28","Phospho (STY)",-0.607247843570452,0.708376070725932,0.704854973557183,4,"Not significant"
"LPS / LPS+Nigericin","LMAN2L","Q9H0V9","Q9H0V9","LMA2L_HUMAN","VIP36-like protein","Q9H0V9_Y134_M2_28","Phospho (STY)",0.905618838465843,0.708892608474422,0.706636578384633,6,"Not significant"
"LPS / LPS+Nigericin","RTRAF","Q9Y224","Q9Y224","RTRAF_HUMAN","RNA transcription, translation and transport factor protein","Q9Y224_T235_M1_28","Phospho (STY)",0.134571903122385,0.709617549597087,0.709103696061685,6,"Not significant"
"LPS / LPS+Nigericin","AHNAK","Q09666","Q09666","AHNK_HUMAN","Neuroblast differentiation-associated protein AHNAK","Q09666_S5448_M1_28","Phospho (STY)",0.200097499881537,0.710573068932042,0.712090486414949,6,"Not significant"
"LPS / LPS+Nigericin","PLCG2","P16885","P16885","PLCG2_HUMAN","1-phosphatidylinositol 4,5-bisphosphate phosphodiesterase gamma-2","P16885_T57_M1_28","Phospho (STY)",-0.200230379661971,0.71152719651415,0.715330756672505,6,"Not significant"
"LPS / LPS+Nigericin","PDIA3","P30101","P30101","PDIA3_HUMAN","Protein disulfide-isomerase A3","P30101_Y95_M1_28","Phospho (STY)",0.950454121220929,0.711807749820079,0.716401253613106,5,"Not significant"
"LPS / LPS+Nigericin","PRR14","Q9BWN1","Q9BWN1","PRR14_HUMAN","Proline-rich protein 14","Q9BWN1_S514_M1_28","Phospho (STY)",-0.231833283011642,0.712206199391776,0.717729197847788,5,"Not significant"
"LPS / LPS+Nigericin","PRSS1","P07477","P07477","TRY1_HUMAN","Serine protease 1","P07477_T103_M2_28","Phospho (STY)",0.196865145365705,0.712727917263979,0.719497560293533,6,"Not significant"
"LPS / LPS+Nigericin","PRSS1","P07477","P07477","TRY1_HUMAN","Serine protease 1","P07477_Y99_M2_28","Phospho (STY)",0.196865145365705,0.712727917263979,0.719497560293533,6,"Not significant"
"LPS / LPS+Nigericin","HNRNPA2B1","P22626","P22626","ROA2_HUMAN","Heterogeneous nuclear ribonucleoproteins A2/B1","P22626_S29_M1_28","Phospho (STY)",0.334031052824455,0.714036243869202,0.723825592004799,6,"Not significant"
"LPS / LPS+Nigericin","DYNLRB1","Q9NP97","Q9NP97","DLRB1_HUMAN","Dynein light chain roadblock-type 1","Q9NP97_Y86_M1_28","Phospho (STY)",0.408545071927235,0.715564494945317,0.728919622593526,6,"Not significant"
"LPS / LPS+Nigericin","RBM39","Q14498","Q14498","RBM39_HUMAN","RNA-binding protein 39","Q14498_S136_M1_28","Phospho (STY)",0.233819264499126,0.716097097519583,0.730788607101736,6,"Not significant"
"LPS / LPS+Nigericin","ATP6V1F","Q16864","Q16864","VATF_HUMAN","V-type proton ATPase subunit F","Q16864_S104_M2_28","Phospho (STY)",0.464030428586674,0.716542181708148,0.732208078869883,6,"Not significant"
"LPS / LPS+Nigericin","ATP6V1F","Q16864","Q16864","VATF_HUMAN","V-type proton ATPase subunit F","Q16864_Y98_M2_28","Phospho (STY)",0.464030428586674,0.716542181708148,0.732208077494574,6,"Not significant"
"LPS / LPS+Nigericin","RAB37","Q96AX2","Q96AX2","RAB37_HUMAN","Ras-related protein Rab-37","Q96AX2_T73_M1_28","Phospho (STY)",-0.302757010496358,0.717781863917858,0.736029938141297,6,"Not significant"
"LPS / LPS+Nigericin","NDUFB4","O95168","O95168","NDUB4_HUMAN","NADH dehydrogenase [ubiquinone] 1 beta subcomplex subunit 4","O95168_Y6_M1_28","Phospho (STY)",-0.13689368683679,0.719305099141137,0.741267411602792,6,"Not significant"
"LPS / LPS+Nigericin","NHP2","Q9NX24","Q9NX24","NHP2_HUMAN","H/ACA ribonucleoprotein complex subunit 2","Q9NX24_Y24_M1_28","Phospho (STY)",0.106492567172164,0.72058152037602,0.745242729430081,6,"Not significant"
"LPS / LPS+Nigericin","HK1","P19367","P19367","HXK1_HUMAN","Hexokinase-1","P19367_Y732_M2_28","Phospho (STY)",-0.0564497185591761,0.720889465826983,0.746269853761633,6,"Not significant"
"LPS / LPS+Nigericin","ACTC1","P68032","P68032","ACTC_HUMAN","Actin, alpha cardiac muscle 1","P68032_Y220_M2_28","Phospho (STY)",-0.385601614478107,0.72092001189479,0.746419438641301,6,"Not significant"
"LPS / LPS+Nigericin","STOML2","Q9UJZ1","Q9UJZ1","STML2_HUMAN","Stomatin-like protein 2, mitochondrial","Q9UJZ1_S189_M1_28","Phospho (STY)",0.246303593165461,0.721013624994162,0.746755500001116,6,"Not significant"
"LPS / LPS+Nigericin","RPS2","P15880","P15880","RS2_HUMAN","Small ribosomal subunit protein uS5","P15880_Y248_M1_28","Phospho (STY)",-0.405888869916499,0.721716436853353,0.74926628807994,6,"Not significant"
"LPS / LPS+Nigericin","PDIA3","P30101","P30101","PDIA3_HUMAN","Protein disulfide-isomerase A3","P30101_Y467_M1_28","Phospho (STY)",0.296877036467103,0.721746490045629,0.749435218252258,5,"Not significant"
"LPS / LPS+Nigericin","TKT","P29401","P29401","TKT_HUMAN","Transketolase","P29401_T287_M1_28","Phospho (STY)",0.171870345566329,0.722723903873908,0.75270008220099,6,"Not significant"
"LPS / LPS+Nigericin","CCDC86","Q9H6F5","Q9H6F5","CCD86_HUMAN","Coiled-coil domain-containing protein 86","Q9H6F5_S18_M1_28","Phospho (STY)",0.102914158847916,0.722878324075714,0.753386299537883,6,"Not significant"
"LPS / LPS+Nigericin","SND1","Q7KZF4","Q7KZF4","SND1_HUMAN","Staphylococcal nuclease domain-containing protein 1","Q7KZF4_Y178_M2_28","Phospho (STY)",-0.23710329626651,0.724028610572688,0.757324631984276,6,"Not significant"
"LPS / LPS+Nigericin","CAPZA1","P52907","P52907","CAZA1_HUMAN","F-actin-capping protein subunit alpha-1","P52907_T22_M1_28","Phospho (STY)",-0.175186701097711,0.724776759457542,0.759865611154944,6,"Not significant"
"LPS / LPS+Nigericin","AHNAK","Q09666","Q09666","AHNK_HUMAN","Neuroblast differentiation-associated protein AHNAK","Q09666_S3611_M1_28","Phospho (STY)",0.220359049838481,0.725552808504987,0.762718485285509,6,"Not significant"
"LPS / LPS+Nigericin","SRRM2","Q9UQ35","Q9UQ35","SRRM2_HUMAN","Serine/arginine repetitive matrix protein 2","Q9UQ35_T1043_M1_28","Phospho (STY)",0.264891134147419,0.725622066284967,0.762922777742679,5,"Not significant"
"LPS / LPS+Nigericin","RAB11B","Q15907","Q15907","RB11B_HUMAN","Ras-related protein Rab-11B","Q15907_T59_M1_28","Phospho (STY)",-0.106062590914351,0.725937315170434,0.764041217275222,6,"Not significant"
"LPS / LPS+Nigericin","GLUD1","P00367","P00367","DHE3_HUMAN","Glutamate dehydrogenase 1, mitochondrial","P00367_Y170_M1_28","Phospho (STY)",0.474562215247267,0.727362493278586,0.768762108719014,6,"Not significant"
"LPS / LPS+Nigericin","HMGA1","P17096","P17096","HMGA1_HUMAN","High mobility group protein HMG-I/HMG-Y","P17096_S44_M2_28","Phospho (STY)",0.148222412366657,0.727800446090937,0.770498307233391,6,"Not significant"
"LPS / LPS+Nigericin","RAB44","Q7Z6P3","Q7Z6P3","RAB44_HUMAN","Ras-related protein Rab-44","Q7Z6P3_T874_M1_28","Phospho (STY)",-0.240622157573517,0.728081953749423,0.771454252818556,6,"Not significant"
"LPS / LPS+Nigericin","PCNA","P12004","P12004","PCNA_HUMAN","Proliferating cell nuclear antigen","P12004_Y133_M2_28","Phospho (STY)",0.135120108653174,0.728448319788393,0.772757430455524,6,"Not significant"
"LPS / LPS+Nigericin","ALDOA","P04075","P04075","ALDOA_HUMAN","Fructose-bisphosphate aldolase A","P04075_Y174_M1_28","Phospho (STY)",0.488498219718495,0.72864980122531,0.773470091802573,6,"Not significant"
"LPS / LPS+Nigericin","TUBB8","Q3ZCM7","Q3ZCM7","TBB8_HUMAN","Tubulin beta-8 chain","Q3ZCM7_Y281_M2_28","Phospho (STY)",-0.266362061857368,0.729050026436279,0.774862942856491,5,"Not significant"
"LPS / LPS+Nigericin","ATP6V0A1","Q93050","Q93050","VPP1_HUMAN","V-type proton ATPase 116 kDa subunit a 1","Q93050_T82_M1_28","Phospho (STY)",-0.0758655838858666,0.731039873678251,0.782093013331084,6,"Not significant"
"LPS / LPS+Nigericin","PGK1","P00558","P00558","PGK1_HUMAN","Phosphoglycerate kinase 1","P00558_Y324_M1_28","Phospho (STY)",0.267483553008075,0.731660669945357,0.784197811677178,6,"Not significant"
"LPS / LPS+Nigericin","MATR3","P43243","P43243","MATR3_HUMAN","Matrin-3","P43243_S195_M1_28","Phospho (STY)",-0.259253907922937,0.731845461418746,0.784896656929915,4,"Not significant"
"LPS / LPS+Nigericin","POLR2B","P30876","P30876","RPB2_HUMAN","DNA-directed RNA polymerase II subunit RPB2","P30876_Y1029_M2_28","Phospho (STY)",0.188745959370906,0.732169841438341,0.786124632266217,5,"Not significant"
"LPS / LPS+Nigericin","NUP50","Q9UKX7","Q9UKX7","NUP50_HUMAN","Nuclear pore complex protein Nup50","Q9UKX7_S115_M1_28","Phospho (STY)",-0.135765078260505,0.732732128075478,0.788306793261626,4,"Not significant"
"LPS / LPS+Nigericin","GAPDH","P04406","P04406","G3P_HUMAN","Glyceraldehyde-3-phosphate dehydrogenase","P04406_S125_M2_28","Phospho (STY)",-0.171802398021541,0.733380573582265,0.79080491497019,6,"Not significant"
"LPS / LPS+Nigericin","GAPDH","P04406","P04406","G3P_HUMAN","Glyceraldehyde-3-phosphate dehydrogenase","P04406_S122_M2_28","Phospho (STY)",-0.171802398021541,0.733380573582265,0.79080491497019,6,"Not significant"
"LPS / LPS+Nigericin","HNRNPA1","P09651","P09651","ROA1_HUMAN","Heterogeneous nuclear ribonucleoprotein A1","P09651_S2_M2_28","Phospho (STY)",-0.426234482909381,0.733850830898678,0.792375837319528,6,"Not significant"
"LPS / LPS+Nigericin","AHNAK","Q09666","Q09666","AHNK_HUMAN","Neuroblast differentiation-associated protein AHNAK","Q09666_S135_M2_28","Phospho (STY)",0.511478524125146,0.735176313594821,0.796917795688605,6,"Not significant"
"LPS / LPS+Nigericin","A1BG","Cont_Q2KJF1","Cont_Q2KJF1","A1BG_BOVIN","Alpha-1B-glycoprotein","Cont_Q2KJF1_T234_M2_28","Phospho (STY)",0.0456179113384335,0.735369312095804,0.797555582193705,4,"Not significant"
"LPS / LPS+Nigericin","SDHB","P21912","P21912","SDHB_HUMAN","Succinate dehydrogenase [ubiquinone] iron-sulfur subunit, mitochondrial","P21912_Y134_M2_28","Phospho (STY)",0.443731463986531,0.735848497517787,0.799376340351877,5,"Not significant"
"LPS / LPS+Nigericin","MYL6","P60660","P60660","MYL6_HUMAN","Myosin light polypeptide 6","P60660_S57_M1_28","Phospho (STY)",-0.0915154726999647,0.736653920300177,0.801877183160726,6,"Not significant"
"LPS / LPS+Nigericin","ACAT2","Q9BWD1","Q9BWD1","THIC_HUMAN","Acetyl-CoA acetyltransferase, cytosolic","Q9BWD1_T275_M1_28","Phospho (STY)",0.184545526329602,0.736697735880817,0.802064514007079,6,"Not significant"
"LPS / LPS+Nigericin","MDH2","P40926","P40926","MDHM_HUMAN","Malate dehydrogenase, mitochondrial","P40926_T204_M2_28","Phospho (STY)",-0.567060968753179,0.736823778298619,0.802485277284307,6,"Not significant"
"LPS / LPS+Nigericin","SLC30A1","Q9Y6M5","Q9Y6M5","ZNT1_HUMAN","Proton-coupled zinc antiporter SLC30A1","Q9Y6M5_T483_M1_28","Phospho (STY)",0.36532201719388,0.737773093641445,0.806040691728121,6,"Not significant"
"LPS / LPS+Nigericin","EEF2","P13639","P13639","EF2_HUMAN","Elongation factor 2","P13639_Y730_M2_28","Phospho (STY)",-0.412395794461657,0.737826701340002,0.806325329999249,6,"Not significant"
"LPS / LPS+Nigericin","PPAN","Q9NQ55","Q9NQ55","SSF1_HUMAN","Suppressor of SWI4 1 homolog","Q9NQ55_S359_M1_28","Phospho (STY)",0.149941881173288,0.738468821846721,0.808733930766052,6,"Not significant"
"LPS / LPS+Nigericin","SRRM2","Q9UQ35","Q9UQ35","SRRM2_HUMAN","Serine/arginine repetitive matrix protein 2","Q9UQ35_S2398_M1_28","Phospho (STY)",0.12795091204652,0.739756415011461,0.813296407738613,4,"Not significant"
"LPS / LPS+Nigericin","BASP1","P80723","P80723","BASP1_HUMAN","Brain acid soluble protein 1","P80723_T162_M1_28","Phospho (STY)",0.286980499500844,0.740692574623675,0.816868765262716,4,"Not significant"
"LPS / LPS+Nigericin","LDHA","P00338","P00338","LDHA_HUMAN","L-lactate dehydrogenase A chain","P00338_Y83_M1_28","Phospho (STY)",0.271649733928233,0.740707392381231,0.816946601199194,6,"Not significant"
"LPS / LPS+Nigericin","CAP1","Q01518","Q01518","CAP1_HUMAN","Adenylyl cyclase-associated protein 1","Q01518_Y419_M2_28","Phospho (STY)",0.521594328929656,0.740733904943384,0.816996718900532,6,"Not significant"
"LPS / LPS+Nigericin","TRA2B","P62995","P62995","TRA2B_HUMAN","Transformer-2 protein homolog beta","P62995_T201_M1_28","Phospho (STY)",0.178304291443547,0.741801135950539,0.820913158822391,6,"Not significant"
"LPS / LPS+Nigericin","PGLS","O95336","O95336","6PGL_HUMAN","6-phosphogluconolactonase","O95336_T249_M1_28","Phospho (STY)",-0.363193969002337,0.743196745468413,0.825937954534299,6,"Not significant"
"LPS / LPS+Nigericin","ACTB","Cont_P60712;P60709","Cont_P60712;P60709","ACTB_BOVIN;ACTB_HUMAN","Actin, cytoplasmic 1;Actin, cytoplasmic 1","Cont_P60712_Y218_M1_28","Phospho (STY)",-0.135380780815121,0.743799627001217,0.82824408359186,6,"Not significant"
"LPS / LPS+Nigericin","ACTB","Cont_P60712;P60709","Cont_P60712;P60709","ACTB_BOVIN;ACTB_HUMAN","Actin, cytoplasmic 1;Actin, cytoplasmic 1","P60709_Y218_M1_28","Phospho (STY)",-0.135380780815121,0.743799627001217,0.82824408359186,6,"Not significant"
"LPS / LPS+Nigericin","PCMT1","P22061","P22061","PIMT_HUMAN","Protein-L-isoaspartate(D-aspartate) O-methyltransferase","P22061_T25_M1_28","Phospho (STY)",-0.358616074671309,0.745367483199819,0.834276928145443,6,"Not significant"
"LPS / LPS+Nigericin","XIRP1","Q702N8","Q702N8","XIRP1_HUMAN","Xin actin-binding repeat-containing protein 1","Q702N8_S295_M1_28","Phospho (STY)",-0.163509932616814,0.745588780115542,0.83520488365542,6,"Not significant"
"LPS / LPS+Nigericin","ARGLU1","Q9NWB6","Q9NWB6","ARGL1_HUMAN","Arginine and glutamate-rich protein 1","Q9NWB6_S77_M1_28","Phospho (STY)",-0.197683404016702,0.74604080176748,0.83711558040908,6,"Not significant"
"LPS / LPS+Nigericin","FLNA","P21333","P21333","FLNA_HUMAN","Filamin-A","P21333_S2279_M1_28","Phospho (STY)",-0.0843121950020187,0.74626682889643,0.83810070174947,6,"Not significant"
"LPS / LPS+Nigericin","CYB5B","O43169","O43169","CYB5B_HUMAN","Cytochrome b5 type B","O43169_S37_M1_28","Phospho (STY)",0.178426412241131,0.746751968869549,0.839974555988134,6,"Not significant"
"LPS / LPS+Nigericin","MYL6","P60660","P60660","MYL6_HUMAN","Myosin light polypeptide 6","P60660_Y29_M1_28","Phospho (STY)",-0.441692006675572,0.746829590447227,0.840162908793763,6,"Not significant"
"LPS / LPS+Nigericin","AKAP13","Q12802","Q12802","AKP13_HUMAN","A-kinase anchor protein 13","Q12802_S441_M2_28","Phospho (STY)",-0.105360413951053,0.746928351217346,0.84050827469822,4,"Not significant"
"LPS / LPS+Nigericin","SOD2","P04179","P04179","SODM_HUMAN","Superoxide dismutase [Mn], mitochondrial","P04179_Y69_M2_28","Phospho (STY)",-0.368547402054255,0.746951581564025,0.840566604200826,5,"Not significant"
"LPS / LPS+Nigericin","RAB14","P61106","P61106","RAB14_HUMAN","Ras-related protein Rab-14","P61106_S56_M1_28","Phospho (STY)",0.337901744741893,0.749141505482265,0.848778184916377,6,"Not significant"
"LPS / LPS+Nigericin","PSMC2","P35998","P35998","PRS7_HUMAN","26S proteasome regulatory subunit 7","P35998_S68_M2_28","Phospho (STY)",0.308742741634206,0.749878746870135,0.851336577055462,6,"Not significant"
"LPS / LPS+Nigericin","ACLY","P53396","P53396","ACLY_HUMAN","ATP-citrate synthase","P53396_Y1006_M1_28","Phospho (STY)",-0.301682694021709,0.750021115571277,0.851950573523045,6,"Not significant"
"LPS / LPS+Nigericin","LRRC8B","Q6P9F7","Q6P9F7","LRC8B_HUMAN","Volume-regulated anion channel subunit LRRC8B","Q6P9F7_S589_M1_28","Phospho (STY)",0.0302895150209044,0.750153751119283,0.852466330704162,6,"Not significant"
"LPS / LPS+Nigericin","BCLAF1","Q9NYF8","Q9NYF8","BCLF1_HUMAN","Bcl-2-associated transcription factor 1","Q9NYF8_S531_M1_28","Phospho (STY)",0.0728682406373292,0.750415475158407,0.853586960037082,6,"Not significant"
"LPS / LPS+Nigericin","P4HB","P07237","P07237","PDIA1_HUMAN","Protein disulfide-isomerase","P07237_T277_M1_28","Phospho (STY)",0.391578671806748,0.751517600716234,0.857781443697389,6,"Not significant"
"LPS / LPS+Nigericin","PDIA6","Q15084","Q15084","PDIA6_HUMAN","Protein disulfide-isomerase A6","Q15084_S375_M1_28","Phospho (STY)",-0.0295100947390534,0.751758476004512,0.858544249740262,6,"Not significant"
"LPS / LPS+Nigericin","HNRNPA2B1","P22626","P22626","ROA2_HUMAN","Heterogeneous nuclear ribonucleoproteins A2/B1","P22626_T159_M1_28","Phospho (STY)",-0.174719561028012,0.753019700851763,0.863838182866855,6,"Not significant"
"LPS / LPS+Nigericin","ALCAM","Q13740","Q13740","CD166_HUMAN","CD166 antigen","Q13740_Y284_M1_28","Phospho (STY)",-0.0786455559817435,0.753587834276518,0.866131641117119,6,"Not significant"
"LPS / LPS+Nigericin","HP1BP3","Q5SSJ5","Q5SSJ5","HP1B3_HUMAN","Heterochromatin protein 1-binding protein 3","Q5SSJ5_Y344_M2_28","Phospho (STY)",0.283305178614165,0.754080377284624,0.867983450698288,6,"Not significant"
"LPS / LPS+Nigericin","P4HB","P07237","P07237","PDIA1_HUMAN","Protein disulfide-isomerase","P07237_Y393_M1_28","Phospho (STY)",-0.0730937907194946,0.754207254669134,0.868370763524199,6,"Not significant"
"LPS / LPS+Nigericin","GSN","Cont_Q3SX14","Cont_Q3SX14","GELS_BOVIN","Gelsolin","Cont_Q3SX14_Y320_M1_28","Phospho (STY)",0.0423150181637847,0.754269190407209,0.868630988610185,6,"Not significant"
"LPS / LPS+Nigericin","ACTBL2","Q562R1","Q562R1","ACTBL_HUMAN","Beta-actin-like protein 2","Q562R1_Y241_M1_28","Phospho (STY)",0.297362048141169,0.754996525266614,0.871356320168886,6,"Not significant"
"LPS / LPS+Nigericin","COPB2","P35606","P35606","COPB2_HUMAN","Coatomer subunit beta'","P35606_S859_M1_28","Phospho (STY)",-0.185699753971497,0.755439299918688,0.873158389632432,4,"Not significant"
"LPS / LPS+Nigericin","CCT6A","P40227","P40227","TCPZ_HUMAN","T-complex protein 1 subunit zeta","P40227_T57_M1_28","Phospho (STY)",-0.35303975842678,0.755882773626391,0.875090051111791,5,"Not significant"
"LPS / LPS+Nigericin","ACTBL2","Q562R1","Q562R1","ACTBL_HUMAN","Beta-actin-like protein 2","Q562R1_S273_M1_28","Phospho (STY)",-0.354861017923571,0.756113712012328,0.875984298921479,4,"Not significant"
"LPS / LPS+Nigericin","CREB1","P16220","P16220","CREB1_HUMAN","Cyclic AMP-responsive element-binding protein 1","P16220_S257_M1_28","Phospho (STY)",0.114306782758056,0.756962988731529,0.878905544160226,4,"Not significant"
"LPS / LPS+Nigericin","HNRNPUL1","Q9BUJ2","Q9BUJ2","HNRL1_HUMAN","Heterogeneous nuclear ribonucleoprotein U-like protein 1","Q9BUJ2_S417_M1_28","Phospho (STY)",-0.341345287282585,0.758061106368817,0.883178477798071,4,"Not significant"
"LPS / LPS+Nigericin","PWP2","Q15269","Q15269","PWP2_HUMAN","Periodic tryptophan protein 2 homolog","Q15269_S772_M1_28","Phospho (STY)",0.0688865828732864,0.758074299916063,0.883234332069299,6,"Not significant"
"LPS / LPS+Nigericin","XIRP1","Q702N8","Q702N8","XIRP1_HUMAN","Xin actin-binding repeat-containing protein 1","Q702N8_S1349_M1_28","Phospho (STY)",0.125917468363209,0.758105193652942,0.883304126820764,6,"Not significant"
"LPS / LPS+Nigericin","AKT1S1","Q96B36","Q96B36","AKTS1_HUMAN","Proline-rich AKT1 substrate 1","Q96B36_Y46_M1_28","Phospho (STY)",0.131034588719633,0.758352577672952,0.884224289174389,5,"Not significant"
"LPS / LPS+Nigericin","HSP90AB1","P08238","P08238","HS90B_HUMAN","Heat shock protein HSP 90-beta","P08238_S67_M1_28","Phospho (STY)",-0.235648504284944,0.759256572899031,0.887797334933294,6,"Not significant"
"LPS / LPS+Nigericin","PRKCSH","P14314","P14314","GLU2B_HUMAN","Glucosidase 2 subunit beta","P14314_S478_M1_28","Phospho (STY)",-0.0920990685045485,0.759577252309488,0.8891597234505,5,"Not significant"
"LPS / LPS+Nigericin","EIF1AX","P47813","P47813","IF1AX_HUMAN","Eukaryotic translation initiation factor 1A, X-chromosomal","P47813_S74_M2_28","Phospho (STY)",0.0695161892298799,0.759972804137134,0.890694744275421,5,"Not significant"
"LPS / LPS+Nigericin","PNKP","Q96T60","Q96T60","PNKP_HUMAN","Bifunctional polynucleotide phosphatase/kinase","Q96T60_T157_M1_28","Phospho (STY)",-0.156746355863956,0.760377361058402,0.892559984209904,6,"Not significant"
"LPS / LPS+Nigericin","PTGS1","P23219","P23219","PGH1_HUMAN","Prostaglandin G/H synthase 1","P23219_Y543_M2_28","Phospho (STY)",-0.235169034041604,0.761346378655725,0.896678443149197,6,"Not significant"
"LPS / LPS+Nigericin","ATP2A1","O14983","O14983","AT2A1_HUMAN","Sarcoplasmic/endoplasmic reticulum calcium ATPase 1","O14983_T447_M2_28","Phospho (STY)",0.0684791212034886,0.761627262693344,0.897704267555871,4,"Not significant"
"LPS / LPS+Nigericin","AHNAK","Q09666","Q09666","AHNK_HUMAN","Neuroblast differentiation-associated protein AHNAK","Q09666_S758_M1_28","Phospho (STY)",0.0739765345004445,0.761687884744245,0.897960275506932,6,"Not significant"
"LPS / LPS+Nigericin","POTEI","P0CG38","P0CG38","POTEI_HUMAN","POTE ankyrin domain family member I","P0CG38_Y918_M1_28","Phospho (STY)",0.150572172386534,0.761796883290199,0.898415719892666,6,"Not significant"
"LPS / LPS+Nigericin","DTX3L","Q8TDB6","Q8TDB6","DTX3L_HUMAN","E3 ubiquitin-protein ligase DTX3L","Q8TDB6_S9_M1_28","Phospho (STY)",-0.0760110455247188,0.762686912299856,0.901981199668301,4,"Not significant"
"LPS / LPS+Nigericin","HMGB1","P09429","P09429","HMGB1_HUMAN","High mobility group protein B1","P09429_S121_M1_28","Phospho (STY)",0.063487865365507,0.76270001793285,0.902100896801245,6,"Not significant"
"LPS / LPS+Nigericin","TUBB6","Q9BUF5","Q9BUF5","TBB6_HUMAN","Tubulin beta-6 chain","Q9BUF5_Y281_M1_28","Phospho (STY)",-0.0751210544458304,0.763364486114042,0.90492146223388,5,"Not significant"
"LPS / LPS+Nigericin","DDX17","Q92841","Q92841","DDX17_HUMAN","Probable ATP-dependent RNA helicase DDX17","Q92841_S466_M1_28","Phospho (STY)",0.0543648973480887,0.763397951122652,0.905101174230945,6,"Not significant"
"LPS / LPS+Nigericin","HSPA2","P54652","P54652","HSP72_HUMAN","Heat shock-related 70 kDa protein 2","P54652_Y614_M1_28","Phospho (STY)",0.0282001193648766,0.763681144226643,0.90628450397945,6,"Not significant"
"LPS / LPS+Nigericin","HCLS1","P14317","P14317","HCLS1_HUMAN","Hematopoietic lineage cell-specific protein","P14317_S275_M1_28","Phospho (STY)",-0.185086682221742,0.764254805757309,0.908230839158127,6,"Not significant"
"LPS / LPS+Nigericin","TCOF1","Q13428","Q13428","TCOF_HUMAN","Treacle protein","Q13428_S503_M1_28","Phospho (STY)",0.0558426916041033,0.764418130115738,0.908876959605553,6,"Not significant"
"LPS / LPS+Nigericin","VAMP3","Q15836","Q15836","VAMP3_HUMAN","Vesicle-associated membrane protein 3","Q15836_T18_M1_28","Phospho (STY)",0.0630154258486325,0.764944595056691,0.911022129821412,6,"Not significant"
"LPS / LPS+Nigericin","KIF5B","P33176","P33176","KINH_HUMAN","Kinesin-1 heavy chain","P33176_Y29_M1_28","Phospho (STY)",-0.0255965029567828,0.765379252680274,0.91277204712375,5,"Not significant"
"LPS / LPS+Nigericin","SOD2","P04179","P04179","SODM_HUMAN","Superoxide dismutase [Mn], mitochondrial","P04179_S106_M1_28","Phospho (STY)",-0.0421012871433452,0.765594578261011,0.913612635511291,6,"Not significant"
"LPS / LPS+Nigericin","TUBB1","Q9H4B7","Q9H4B7","TBB1_HUMAN","Tubulin beta-1 chain","Q9H4B7_S78_M1_28","Phospho (STY)",-0.245041724049047,0.766044341715716,0.915586258246694,4,"Not significant"
"LPS / LPS+Nigericin","GCC2","Q8IWJ2","Q8IWJ2","GCC2_HUMAN","GRIP and coiled-coil domain-containing protein 2","Q8IWJ2_S1080_M2_28","Phospho (STY)",0.0922360129530475,0.767572276913666,0.921552009549996,6,"Not significant"
"LPS / LPS+Nigericin","GCC2","Q8IWJ2","Q8IWJ2","GCC2_HUMAN","GRIP and coiled-coil domain-containing protein 2","Q8IWJ2_T1077_M2_28","Phospho (STY)",0.0922360129530475,0.767572276913666,0.921552009549996,6,"Not significant"
"LPS / LPS+Nigericin","B2M","P61769","P61769","B2MG_HUMAN","Beta-2-microglobulin","P61769_Y46_M1_28","Phospho (STY)",0.0484960158609105,0.767764936697615,0.922395869645406,5,"Not significant"
"LPS / LPS+Nigericin","HSPA1A;HSPA1B","P0DMV8;P0DMV9","P0DMV8;P0DMV9","HS71A_HUMAN;HS71B_HUMAN","Heat shock 70 kDa protein 1A;Heat shock 70 kDa protein 1B","P0DMV8_Y137_M1_28","Phospho (STY)",-0.195045971731364,0.768014858476331,0.92363808436547,6,"Not significant"
"LPS / LPS+Nigericin","HSPA1A;HSPA1B","P0DMV8;P0DMV9","P0DMV8;P0DMV9","HS71A_HUMAN;HS71B_HUMAN","Heat shock 70 kDa protein 1A;Heat shock 70 kDa protein 1B","P0DMV9_Y137_M1_28","Phospho (STY)",-0.195045971731364,0.768014858476331,0.92363808436547,6,"Not significant"
"LPS / LPS+Nigericin","BSG","P35613","P35613","BASI_HUMAN","Basigin","P35613_T141_M1_28","Phospho (STY)",-0.0295655687486853,0.768202046080277,0.924447848398275,6,"Not significant"
"LPS / LPS+Nigericin","MTHFD2","P13995","P13995","MTDC_HUMAN","Bifunctional methylenetetrahydrofolate dehydrogenase/cyclohydrolase, mitochondrial","P13995_T284_M1_28","Phospho (STY)",0.189321200829129,0.769496651712634,0.929827481440761,6,"Not significant"
"LPS / LPS+Nigericin","HSPA8","P11142","P11142","HSP7C_HUMAN","Heat shock cognate 71 kDa protein","P11142_T66_M2_28","Phospho (STY)",-0.0761180019063488,0.769589888779263,0.930310482782241,6,"Not significant"
"LPS / LPS+Nigericin","HSPA8","P11142","P11142","HSP7C_HUMAN","Heat shock cognate 71 kDa protein","P11142_T64_M2_28","Phospho (STY)",-0.0761180019063488,0.769589888779263,0.930310482782241,6,"Not significant"
"LPS / LPS+Nigericin","RNH1","P13489","P13489","RINI_HUMAN","Ribonuclease inhibitor","P13489_S50_M1_28","Phospho (STY)",0.0609878800133519,0.769791231411482,0.931171177597102,6,"Not significant"
"LPS / LPS+Nigericin","P4HB","P07237","P07237","PDIA1_HUMAN","Protein disulfide-isomerase","P07237_Y116_M2_28","Phospho (STY)",0.0149361297437662,0.770008987468779,0.932070738807643,6,"Not significant"
"LPS / LPS+Nigericin","RPSA","P08865","P08865","RSSA_HUMAN","Small ribosomal subunit protein uS2","P08865_T94_M2_28","Phospho (STY)",0.197299766801746,0.770009269916031,0.932092496521802,4,"Not significant"
"LPS / LPS+Nigericin","ACTB","Cont_P60712;P60709","Cont_P60712;P60709","ACTB_BOVIN;ACTB_HUMAN","Actin, cytoplasmic 1;Actin, cytoplasmic 1","Cont_P60712_Y294_M1_28","Phospho (STY)",-0.180042666496954,0.770421838281346,0.933876991979296,6,"Not significant"
"LPS / LPS+Nigericin","ACTB","Cont_P60712;P60709","Cont_P60712;P60709","ACTB_BOVIN;ACTB_HUMAN","Actin, cytoplasmic 1;Actin, cytoplasmic 1","P60709_Y294_M1_28","Phospho (STY)",-0.180042666496954,0.770421838281346,0.933876991979296,6,"Not significant"
"LPS / LPS+Nigericin","MMP14","P50281","P50281","MMP14_HUMAN","Matrix metalloproteinase-14","P50281_T412_M1_28","Phospho (STY)",-0.0733210307571086,0.770612428632245,0.934767326650453,6,"Not significant"
"LPS / LPS+Nigericin","AHNAK","Q09666","Q09666","AHNK_HUMAN","Neuroblast differentiation-associated protein AHNAK","Q09666_S2600_M1_28","Phospho (STY)",0.0716419821072775,0.771294933061253,0.937868256125997,6,"Not significant"
"LPS / LPS+Nigericin","AHNAK","Q09666","Q09666","AHNK_HUMAN","Neuroblast differentiation-associated protein AHNAK","Q09666_S2728_M1_28","Phospho (STY)",0.0716419821072775,0.771294933061253,0.937868256125997,6,"Not significant"
"LPS / LPS+Nigericin","AHNAK","Q09666","Q09666","AHNK_HUMAN","Neuroblast differentiation-associated protein AHNAK","Q09666_S4150_M1_28","Phospho (STY)",0.0716419821072775,0.771294933061253,0.937868256125997,6,"Not significant"
"LPS / LPS+Nigericin","AHNAK","Q09666","Q09666","AHNK_HUMAN","Neuroblast differentiation-associated protein AHNAK","Q09666_S4278_M1_28","Phospho (STY)",0.0716419821072775,0.771294933061253,0.937868256125997,6,"Not significant"
"LPS / LPS+Nigericin","TCP1","P17987","P17987","TCPA_HUMAN","T-complex protein 1 subunit alpha","P17987_Y214_M1_28","Phospho (STY)",0.133898575548148,0.772352131648238,0.942101744954616,6,"Not significant"
"LPS / LPS+Nigericin","COMT","P21964","P21964","COMT_HUMAN","Catechol O-methyltransferase","P21964_T163_M1_28","Phospho (STY)",-0.137814309553444,0.772530708904142,0.942793637304952,6,"Not significant"
"LPS / LPS+Nigericin","HSPA5","P11021","P11021","BIP_HUMAN","Endoplasmic reticulum chaperone BiP","P11021_Y175_M1_28","Phospho (STY)",-0.0347366906430958,0.773769913099919,0.948181763517226,6,"Not significant"
"LPS / LPS+Nigericin","ABCC3","O15438","O15438","MRP3_HUMAN","ATP-binding cassette sub-family C member 3","O15438_S273_M1_28","Phospho (STY)",0.0189887715310158,0.774932621036413,0.953216821823927,6,"Not significant"
"LPS / LPS+Nigericin","GNAI2","P04899","P04899","GNAI2_HUMAN","Guanine nucleotide-binding protein G(i) subunit alpha-2","P04899_Y74_M1_28","Phospho (STY)",-0.114697461018632,0.775815871745204,0.956861746683444,6,"Not significant"
"LPS / LPS+Nigericin","RPL23","P62829","P62829","RL23_HUMAN","Large ribosomal subunit protein uL14","P62829_Y38_M2_28","Phospho (STY)",0.0437165693018307,0.777303536062874,0.963819698701941,6,"Not significant"
"LPS / LPS+Nigericin","DNM1L","O00429","O00429","DNM1L_HUMAN","Dynamin-1-like protein","O00429_S71_M1_28","Phospho (STY)",-0.024693592967981,0.777992417408594,0.966335213486408,6,"Not significant"
"LPS / LPS+Nigericin","SRRM2","Q9UQ35","Q9UQ35","SRRM2_HUMAN","Serine/arginine repetitive matrix protein 2","Q9UQ35_S2272_M1_28","Phospho (STY)",0.0318488555117746,0.778309846622919,0.967800089874921,6,"Not significant"
"LPS / LPS+Nigericin","RPL31","P62899","P62899","RL31_HUMAN","Large ribosomal subunit protein eL31","P62899_S15_M1_28","Phospho (STY)",-0.0591133673416844,0.780670205975739,0.978227930400916,6,"Not significant"
"LPS / LPS+Nigericin","S100A8","P05109","P05109","S10A8_HUMAN","Protein S100-A8","P05109_T62_M1_28","Phospho (STY)",0.0482831068911427,0.781142355364658,0.980111852856733,6,"Not significant"
"LPS / LPS+Nigericin","SLTM","Q9NWH9","Q9NWH9","SLTM_HUMAN","SAFB-like transcription modulator","Q9NWH9_S553_M1_28","Phospho (STY)",0.00840209977484084,0.782738555355669,0.986906456323391,5,"Not significant"
"LPS / LPS+Nigericin","HP1BP3","Q5SSJ5","Q5SSJ5","HP1B3_HUMAN","Heterochromatin protein 1-binding protein 3","Q5SSJ5_Y379_M2_28","Phospho (STY)",0.0110230481758356,0.784481324780123,0.994956181315854,6,"Not significant"
"LPS / LPS+Nigericin","CSTF2","P33240","P33240","CSTF2_HUMAN","Cleavage stimulation factor subunit 2","P33240_T548_M1_28","Phospho (STY)",-0.00643278745924956,0.784491727255548,0.995128677666506,6,"Not significant"
"LPS / LPS+Nigericin","HNRNPD","Q14103","Q14103","HNRPD_HUMAN","Heterogeneous nuclear ribonucleoprotein D0","Q14103_Y201_M1_28","Phospho (STY)",-0.00808887656413383,0.784491727255548,0.995114624336125,6,"Not significant"
