"Comparison (group1/group2)","Genes","UniProtIds","ProteinGroups","ProteinNames","ProteinDescriptions","Group","PTM.ModificationTitle","AVG Log2 Ratio","Qvalue","Pvalue","# of Ratios","Significance"
"Unstim / LPS+Nigericin","AHNAK","Q09666","Q09666","AHNK_HUMAN","Neuroblast differentiation-associated protein AHNAK","Q09666_S1088_M1_28","Phospho (STY)",0.643451157798227,0.400982862512031,0.00185203800732411,6,"Not significant"
"Unstim / LPS+Nigericin","CAP1","Q01518","Q01518","CAP1_HUMAN","Adenylyl cyclase-associated protein 1","Q01518_Y43_M1_28","Phospho (STY)",1.41960698205813,0.416551907460092,0.00302467549437953,4,"Not significant"
"Unstim / LPS+Nigericin","HMGA1","P17096","P17096","HMGA1_HUMAN","High mobility group protein HMG-I/HMG-Y","P17096_S44_M2_28","Phospho (STY)",-0.714807259494164,0.424836415925893,0.00406480478439798,5,"Not significant"
"Unstim / LPS+Nigericin","PDIA3","P30101","P30101","PDIA3_HUMAN","Protein disulfide-isomerase A3","P30101_Y467_M1_28","Phospho (STY)",-0.644934952265691,0.425193473748579,0.0044694555505584,6,"Not significant"
"Unstim / LPS+Nigericin","HINT2","Q9BX68","Q9BX68","HINT2_HUMAN","Adenosine 5'-monophosphoramidase HINT2","Q9BX68_S101_M1_28","Phospho (STY)",-2.27001785486439,0.439345021029108,0.00646923076545534,6,"Not significant"
"Unstim / LPS+Nigericin","ACTB","Cont_P60712;P60709","Cont_P60712;P60709","ACTB_BOVIN;ACTB_HUMAN","Actin, cytoplasmic 1;Actin, cytoplasmic 1","Cont_P60712_Y294_M2_28","Phospho (STY)",0.665117017702099,0.449779903499433,0.00866176200468573,5,"Not significant"
"Unstim / LPS+Nigericin","ACTB","Cont_P60712;P60709","Cont_P60712;P60709","ACTB_BOVIN;ACTB_HUMAN","Actin, cytoplasmic 1;Actin, cytoplasmic 1","P60709_Y294_M2_28","Phospho (STY)",0.665117017702099,0.449779903499433,0.00866176200468573,5,"Not significant"
"Unstim / LPS+Nigericin","MCM3AP","O60318","O60318","GANP_HUMAN","Germinal-center associated nuclear protein","O60318_T735_M1_28","Phospho (STY)",6.22345141412708,0.449930549777254,0.00875627100275939,5,"Not significant"
"Unstim / LPS+Nigericin","STK10","O94804","O94804","STK10_HUMAN","Serine/threonine-protein kinase 10","O94804_S438_M1_28","Phospho (STY)",2.82554475531495,0.457577783177223,0.011406388484762,6,"Not significant"
"Unstim / LPS+Nigericin","CAP1","Q01518","Q01518","CAP1_HUMAN","Adenylyl cyclase-associated protein 1","Q01518_S394_M1_28","Phospho (STY)",1.38584389267062,0.464287690520274,0.0129115857945447,6,"Not significant"
"Unstim / LPS+Nigericin","HSPA1A;HSPA1B","P0DMV8;P0DMV9","P0DMV8;P0DMV9","HS71A_HUMAN;HS71B_HUMAN","Heat shock 70 kDa protein 1A;Heat shock 70 kDa protein 1B","P0DMV8_T66_M1_28","Phospho (STY)",3.15074573545634,0.470818471659076,0.0162367442398741,6,"Not significant"
"Unstim / LPS+Nigericin","HSPA1A;HSPA1B","P0DMV8;P0DMV9","P0DMV8;P0DMV9","HS71A_HUMAN;HS71B_HUMAN","Heat shock 70 kDa protein 1A;Heat shock 70 kDa protein 1B","P0DMV9_T66_M1_28","Phospho (STY)",3.15074573545634,0.470818471659076,0.0162367442398741,6,"Not significant"
"Unstim / LPS+Nigericin","RPLP1","P05386","P05386","RLA1_HUMAN","Large ribosomal subunit protein P1","P05386_S83_M2_28","Phospho (STY)",-2.55615894472301,0.478472524756316,0.0195130916488811,6,"Not significant"
"Unstim / LPS+Nigericin","MYH9","P35579","P35579","MYH9_HUMAN","Myosin-9","P35579_T1414_M2_28","Phospho (STY)",-10.1734263533002,0.481601118782896,0.0207641026060202,4,"Not significant"
"Unstim / LPS+Nigericin","AIDA","Q96BJ3","Q96BJ3","AIDA_HUMAN","Axin interactor, dorsalization-associated protein","Q96BJ3_Y104_M1_28","Phospho (STY)",8.04896216200723,0.483001730065489,0.021188186529417,6,"Not significant"
"Unstim / LPS+Nigericin","MYH9","P35579","P35579","MYH9_HUMAN","Myosin-9","P35579_S1376_M1_28","Phospho (STY)",-1.10600737377109,0.483284394019914,0.0212451914519246,5,"Not significant"
"Unstim / LPS+Nigericin","RCSD1","Q6JBY9","Q6JBY9","CPZIP_HUMAN","CapZ-interacting protein","Q6JBY9_S120_M1_28","Phospho (STY)",1.7046559427226,0.484686772748685,0.0216885064036541,6,"Not significant"
"Unstim / LPS+Nigericin","PCM1","Q15154","Q15154","PCM1_HUMAN","Pericentriolar material 1 protein","Q15154_S65_M1_28","Phospho (STY)",1.81612759726422,0.502454274557475,0.0313250170880506,6,"Not significant"
"Unstim / LPS+Nigericin","CAP1","Q01518","Q01518","CAP1_HUMAN","Adenylyl cyclase-associated protein 1","Q01518_S62_M1_28","Phospho (STY)",1.41852572084128,0.505199793854818,0.0331174010418258,6,"Not significant"
"Unstim / LPS+Nigericin","YTHDC1","Q96MU7","Q96MU7","YTDC1_HUMAN","YTH domain-containing protein 1","Q96MU7_S308_M1_28","Phospho (STY)",1.03551585272442,0.506198232591893,0.0335547191685334,6,"Not significant"
"Unstim / LPS+Nigericin","ARID1A","O14497","O14497","ARI1A_HUMAN","AT-rich interactive domain-containing protein 1A","O14497_S363_M1_28","Phospho (STY)",1.52621489413856,0.512047432077964,0.0383811834148305,6,"Not significant"
"Unstim / LPS+Nigericin","RRBP1","Q9P2E9","Q9P2E9","RRBP1_HUMAN","Ribosome-binding protein 1","Q9P2E9_Y1219_M2_28","Phospho (STY)",0.77189965642961,0.516982638807701,0.0421876287163071,6,"Not significant"
"Unstim / LPS+Nigericin","PRSS1","P07477","P07477","TRY1_HUMAN","Serine protease 1","P07477_T103_M1_28","Phospho (STY)",1.67932453370862,0.518657958927559,0.0435100217528531,6,"Not significant"
"Unstim / LPS+Nigericin","CLTC","Q00610","Q00610","CLH1_HUMAN","Clathrin heavy chain 1","Q00610_T235_M1_28","Phospho (STY)",2.23968631830088,0.521265605967058,0.0451219232613037,6,"Not significant"
"Unstim / LPS+Nigericin","SVIL","O95425","O95425","SVIL_HUMAN","Supervillin","O95425_S245_M1_28","Phospho (STY)",1.86744768001696,0.521335265156746,0.0454349589958497,5,"Not significant"
"Unstim / LPS+Nigericin","ABI1","Q8IZP0","Q8IZP0","ABI1_HUMAN","Abl interactor 1","Q8IZP0_Y198_M1_28","Phospho (STY)",0.914336431765686,0.521372101778597,0.0454883719139898,6,"Not significant"
"Unstim / LPS+Nigericin","CCDC86","Q9H6F5","Q9H6F5","CCD86_HUMAN","Coiled-coil domain-containing protein 86","Q9H6F5_S18_M1_28","Phospho (STY)",0.789728505024651,0.523482001622858,0.0470037907407953,6,"Not significant"
"Unstim / LPS+Nigericin","SMAP2","Q8WU79","Q8WU79","SMAP2_HUMAN","Stromal membrane-associated protein 2","Q8WU79_S240_M1_28","Phospho (STY)",1.0224034273605,0.533023756980671,0.0568110453300471,4,"Not significant"
"Unstim / LPS+Nigericin","AHNAK","Q09666","Q09666","AHNK_HUMAN","Neuroblast differentiation-associated protein AHNAK","Q09666_S135_M1_28","Phospho (STY)",1.38133709187856,0.534444033955087,0.0580523275734173,6,"Not significant"
"Unstim / LPS+Nigericin","CAP2","P40123","P40123","CAP2_HUMAN","Adenylyl cyclase-associated protein 2","P40123_T274_M1_28","Phospho (STY)",0.624438426248026,0.536554213433769,0.0603568448472487,6,"Not significant"
"Unstim / LPS+Nigericin","SLTM","Q9NWH9","Q9NWH9","SLTM_HUMAN","SAFB-like transcription modulator","Q9NWH9_S553_M1_28","Phospho (STY)",1.01381763037678,0.537447156620458,0.0613728208021934,6,"Not significant"
"Unstim / LPS+Nigericin","BROX","Q5VW32","Q5VW32","BROX_HUMAN","BRO1 domain-containing protein BROX","Q5VW32_Y331_M1_28","Phospho (STY)",1.05171865752414,0.538242935372499,0.0621494100042865,5,"Not significant"
"Unstim / LPS+Nigericin","CAP1","Cont_Q3SYV4","Cont_Q3SYV4","CAP1_BOVIN","Adenylyl cyclase-associated protein 1","Cont_Q3SYV4_T89_M1_28","Phospho (STY)",0.807803412045632,0.538881737338001,0.0628948602172911,6,"Not significant"
"Unstim / LPS+Nigericin","PER1","O15534","O15534","PER1_HUMAN","Period circadian protein homolog 1","O15534_S1186_M1_28","Phospho (STY)",6.56957746010161,0.539767473312844,0.0634579758820363,6,"Not significant"
"Unstim / LPS+Nigericin","QPCTL","Q9NXS2","Q9NXS2","QPCTL_HUMAN","Glutaminyl-peptide cyclotransferase-like protein","Q9NXS2_T216_M1_28","Phospho (STY)",-1.70370797964496,0.541456976357856,0.0650792596645714,6,"Not significant"
"Unstim / LPS+Nigericin","MYH9","P35579","P35579","MYH9_HUMAN","Myosin-9","P35579_T1414_M1_28","Phospho (STY)",-0.589337451592773,0.542805170281511,0.0660389057712756,5,"Not significant"
"Unstim / LPS+Nigericin","AHNAK","Q09666","Q09666","AHNK_HUMAN","Neuroblast differentiation-associated protein AHNAK","Q09666_S5190_M2_28","Phospho (STY)",0.550416113113986,0.542993636530185,0.0662406856170721,5,"Not significant"
"Unstim / LPS+Nigericin","ADAR","P55265","P55265","DSRAD_HUMAN","Double-stranded RNA-specific adenosine deaminase","P55265_Y306_M1_28","Phospho (STY)",0.968547852943813,0.54438548495761,0.0684128941925152,6,"Not significant"
"Unstim / LPS+Nigericin","GRHPR","Q9UBQ7","Q9UBQ7","GRHPR_HUMAN","Glyoxylate reductase/hydroxypyruvate reductase","Q9UBQ7_S60_M1_28","Phospho (STY)",0.802043938014358,0.54438548495761,0.0683798484395325,6,"Not significant"
"Unstim / LPS+Nigericin","PARK7","Q99497","Q99497","PARK7_HUMAN","Parkinson disease protein 7","Q99497_T110_M1_28","Phospho (STY)",1.09758335850715,0.544775544332336,0.069153324557685,6,"Not significant"
"Unstim / LPS+Nigericin","PDIA6","Q15084","Q15084","PDIA6_HUMAN","Protein disulfide-isomerase A6","Q15084_T223_M1_28","Phospho (STY)",-0.741957562326113,0.547476288229854,0.0729420307568518,6,"Not significant"
"Unstim / LPS+Nigericin","ZC3H14","Q6PJT7","Q6PJT7","ZC3HE_HUMAN","Zinc finger CCCH domain-containing protein 14","Q6PJT7_S515_M1_28","Phospho (STY)",1.21616596098357,0.549195804262609,0.0748531088889161,6,"Not significant"
"Unstim / LPS+Nigericin","RAB44","Q7Z6P3","Q7Z6P3","RAB44_HUMAN","Ras-related protein Rab-44","Q7Z6P3_S509_M1_28","Phospho (STY)",1.29407234295129,0.551183925149578,0.0770093209815305,6,"Not significant"
"Unstim / LPS+Nigericin","KIF5B","P33176","P33176","KINH_HUMAN","Kinesin-1 heavy chain","P33176_Y29_M1_28","Phospho (STY)",0.505533426487698,0.553489932650642,0.0790599719240806,6,"Not significant"
"Unstim / LPS+Nigericin","PPAN","Q9NQ55","Q9NQ55","SSF1_HUMAN","Suppressor of SWI4 1 homolog","Q9NQ55_S359_M1_28","Phospho (STY)",0.947393530049954,0.553691098084753,0.0792170668571009,6,"Not significant"
"Unstim / LPS+Nigericin","HNRNPD","Q14103","Q14103","HNRPD_HUMAN","Heterogeneous nuclear ribonucleoprotein D0","Q14103_T229_M1_28","Phospho (STY)",1.09497814708205,0.554216929011634,0.0800293829652139,6,"Not significant"
"Unstim / LPS+Nigericin","IFI16","Q16666","Q16666","IF16_HUMAN","Gamma-interferon-inducible protein 16","Q16666_S153_M1_28","Phospho (STY)",1.25372826076639,0.554569487849519,0.0809327908498939,6,"Not significant"
"Unstim / LPS+Nigericin","RBM14","Q96PK6","Q96PK6","RBM14_HUMAN","RNA-binding protein 14","Q96PK6_T206_M1_28","Phospho (STY)",0.944730274637878,0.556604607267625,0.0841303391225212,6,"Not significant"
"Unstim / LPS+Nigericin","HEATR1","Q9H583","Q9H583","HEAT1_HUMAN","HEAT repeat-containing protein 1","Q9H583_S156_M1_28","Phospho (STY)",0.450231300549254,0.556944171960303,0.084858926251751,6,"Not significant"
"Unstim / LPS+Nigericin","MYL6","P60660","P60660","MYL6_HUMAN","Myosin light polypeptide 6","P60660_S57_M1_28","Phospho (STY)",-1.38906853664572,0.560755563577823,0.0894092813775234,5,"Not significant"
"Unstim / LPS+Nigericin","RP2","O75695","O75695","XRP2_HUMAN","Protein XRP2","O75695_S219_M1_28","Phospho (STY)",0.643933085419806,0.565598877932808,0.0966500197696641,5,"Not significant"
"Unstim / LPS+Nigericin","DDX18","Q9NVP1","Q9NVP1","DDX18_HUMAN","ATP-dependent RNA helicase DDX18","Q9NVP1_T260_M2_28","Phospho (STY)",-2.00060151389485,0.567796243056787,0.100023003703216,5,"Not significant"
"Unstim / LPS+Nigericin","DDX18","Q9NVP1","Q9NVP1","DDX18_HUMAN","ATP-dependent RNA helicase DDX18","Q9NVP1_S258_M2_28","Phospho (STY)",-2.00060151389485,0.567796243056787,0.100023003703216,5,"Not significant"
"Unstim / LPS+Nigericin","EEF1A1","Cont_P68103;P68104","Cont_P68103;P68104","EF1A1_BOVIN;EF1A1_HUMAN","Elongation factor 1-alpha 1","Cont_P68103_Y418_M2_28","Phospho (STY)",0.630710356276713,0.570360005821336,0.103590148095146,5,"Not significant"
"Unstim / LPS+Nigericin","EEF1A1","Cont_P68103;P68104","Cont_P68103;P68104","EF1A1_BOVIN;EF1A1_HUMAN","Elongation factor 1-alpha 1","P68104_Y418_M2_28","Phospho (STY)",0.630710356276713,0.570360005821336,0.103590148095146,5,"Not significant"
"Unstim / LPS+Nigericin","HNRNPA0","Q13151","Q13151","ROA0_HUMAN","Heterogeneous nuclear ribonucleoprotein A0","Q13151_Y145_M1_28","Phospho (STY)",1.45412795630675,0.571009610579462,0.104473747579441,6,"Not significant"
"Unstim / LPS+Nigericin","PRSS1","Cont_P00760","Cont_P00760","TRY1_BOVIN","Serine protease 1","Cont_P00760_Y229_M1_28","Phospho (STY)",-4.22424564805289,0.574231438484169,0.109845629548909,4,"Not significant"
"Unstim / LPS+Nigericin","ACLY","P53396","P53396","ACLY_HUMAN","ATP-citrate synthase","P53396_Y704_M1_28","Phospho (STY)",0.651307051321444,0.575159677439387,0.1111283544976,6,"Not significant"
"Unstim / LPS+Nigericin","SP100","P23497","P23497","SP100_HUMAN","Nuclear autoantigen Sp-100","P23497_S18_M1_28","Phospho (STY)",1.19639065217857,0.575862230104124,0.112232294288201,6,"Not significant"
"Unstim / LPS+Nigericin","MAPRE1","Q15691","Q15691","MARE1_HUMAN","Microtubule-associated protein RP/EB family member 1","Q15691_Y217_M1_28","Phospho (STY)",1.77438683334581,0.578594884976374,0.117150613227907,6,"Not significant"
"Unstim / LPS+Nigericin","EEF2","P13639","P13639","EF2_HUMAN","Elongation factor 2","P13639_Y634_M1_28","Phospho (STY)",0.802805091229016,0.579298985970427,0.118340953973867,6,"Not significant"
"Unstim / LPS+Nigericin","ITGB2","P05107","P05107","ITB2_HUMAN","Integrin beta-2","P05107_T256_M1_28","Phospho (STY)",-0.507715912217963,0.579371851280294,0.118567135546415,6,"Not significant"
"Unstim / LPS+Nigericin","DDX46","Q7L014","Q7L014","DDX46_HUMAN","Probable ATP-dependent RNA helicase DDX46","Q7L014_T877_M1_28","Phospho (STY)",1.54887702741765,0.581125994728804,0.121676907795287,5,"Not significant"
"Unstim / LPS+Nigericin","NCL","P19338","P19338","NUCL_HUMAN","Nucleolin","P19338_S563_M1_28","Phospho (STY)",0.856409347858203,0.581834188770856,0.122916427219413,6,"Not significant"
"Unstim / LPS+Nigericin","CTSV","O60911","O60911","CATL2_HUMAN","Cathepsin L2","O60911_Y125_M1_28","Phospho (STY)",4.93561629016199,0.582904619344033,0.125120368747898,6,"Not significant"
"Unstim / LPS+Nigericin","ANP32A","P39687","P39687","AN32A_HUMAN","Acidic leucine-rich nuclear phosphoprotein 32 family member A","P39687_S72_M1_28","Phospho (STY)",4.19454123564557,0.585245326721533,0.129512210182825,4,"Not significant"
"Unstim / LPS+Nigericin","ACTR3","P61158","P61158","ARP3_HUMAN","Actin-related protein 3","P61158_Y184_M1_28","Phospho (STY)",1.08130894353106,0.586105768262947,0.130930190028406,6,"Not significant"
"Unstim / LPS+Nigericin","ANXA2","P07355","P07355","ANXA2_HUMAN","Annexin A2","P07355_Y147_M1_28","Phospho (STY)",-0.638114721909336,0.588134417767128,0.134987889315867,6,"Not significant"
"Unstim / LPS+Nigericin","PRSS1","P07477","P07477","TRY1_HUMAN","Serine protease 1","P07477_T103_M2_28","Phospho (STY)",0.361384845057907,0.58856989965181,0.135935053925652,6,"Not significant"
"Unstim / LPS+Nigericin","PRSS1","P07477","P07477","TRY1_HUMAN","Serine protease 1","P07477_Y99_M2_28","Phospho (STY)",0.361384845057907,0.58856989965181,0.135935053925652,6,"Not significant"
"Unstim / LPS+Nigericin","YWHAZ","Cont_P63103;P63104","Cont_P63103;P63104","1433Z_BOVIN;1433Z_HUMAN","14-3-3 protein zeta/delta","Cont_P63103_S145_M1_28","Phospho (STY)",1.28386550234164,0.589059365708728,0.136968223758679,5,"Not significant"
"Unstim / LPS+Nigericin","YWHAZ","Cont_P63103;P63104","Cont_P63103;P63104","1433Z_BOVIN;1433Z_HUMAN","14-3-3 protein zeta/delta","P63104_S145_M1_28","Phospho (STY)",1.28386550234164,0.589059365708728,0.136968223758679,5,"Not significant"
"Unstim / LPS+Nigericin","RBM15","Q96T37","Q96T37","RBM15_HUMAN","RNA-binding protein 15","Q96T37_S294_M1_28","Phospho (STY)",0.643823444627601,0.590337404855454,0.13966692416609,6,"Not significant"
"Unstim / LPS+Nigericin","PTPRE","P23469","P23469","PTPRE_HUMAN","Receptor-type tyrosine-protein phosphatase epsilon","P23469_Y165_M1_28","Phospho (STY)",0.734765586878877,0.590500969086381,0.139986098165366,6,"Not significant"
"Unstim / LPS+Nigericin","P4HB","P07237","P07237","PDIA1_HUMAN","Protein disulfide-isomerase","P07237_T85_M1_28","Phospho (STY)",-0.594771747382811,0.593405830109372,0.144879442252327,5,"Not significant"
"Unstim / LPS+Nigericin","SND1","Q7KZF4","Q7KZF4","SND1_HUMAN","Staphylococcal nuclease domain-containing protein 1","Q7KZF4_Y178_M2_28","Phospho (STY)",-1.34663399632833,0.59556569067136,0.149341760634938,6,"Not significant"
"Unstim / LPS+Nigericin","LMNA","P02545","P02545","LMNA_HUMAN","Prelamin-A/C","P02545_S390_M1_28","Phospho (STY)",0.612168270880184,0.596015777743038,0.150157610819411,6,"Not significant"
"Unstim / LPS+Nigericin","AHNAK","Q09666","Q09666","AHNK_HUMAN","Neuroblast differentiation-associated protein AHNAK","Q09666_S4348_M1_28","Phospho (STY)",0.885278900451182,0.597105970172634,0.152999296516845,5,"Not significant"
"Unstim / LPS+Nigericin","TUBB5;TUBB","Cont_Q2KJD0;P07437","Cont_Q2KJD0;P07437","TBB5_BOVIN;TBB5_HUMAN","Tubulin beta-5 chain;Tubulin beta chain","Cont_Q2KJD0_Y281_M3_28","Phospho (STY)",0.597379933912919,0.60046091706937,0.158483859363766,5,"Not significant"
"Unstim / LPS+Nigericin","TUBB5;TUBB","Cont_Q2KJD0;P07437","Cont_Q2KJD0;P07437","TBB5_BOVIN;TBB5_HUMAN","Tubulin beta-5 chain;Tubulin beta chain","P07437_Y281_M3_28","Phospho (STY)",0.597379933912919,0.60046091706937,0.158483859363766,5,"Not significant"
"Unstim / LPS+Nigericin","NONO","Q15233","Q15233","NONO_HUMAN","Non-POU domain-containing octamer-binding protein","Q15233_Y158_M1_28","Phospho (STY)",-0.688986357357715,0.602039739677407,0.161829884741662,4,"Not significant"
"Unstim / LPS+Nigericin","G3BP1","Q13283","Q13283","G3BP1_HUMAN","Ras GTPase-activating protein-binding protein 1","Q13283_S232_M1_28","Phospho (STY)",1.11420704572615,0.602447993902199,0.162839074927034,6,"Not significant"
"Unstim / LPS+Nigericin","EZR","P15311","P15311","EZRI_HUMAN","Ezrin","P15311_T235_M1_28","Phospho (STY)",1.22813113149399,0.602798522303914,0.163501623842134,6,"Not significant"
"Unstim / LPS+Nigericin","POTEF","A5A3E0","A5A3E0","POTEF_HUMAN","POTE ankyrin domain family member F","A5A3E0_T929_M1_28","Phospho (STY)",0.985545526229131,0.603121480649919,0.181468610140476,6,"Not significant"
"Unstim / LPS+Nigericin","DNM1L","O00429","O00429","DNM1L_HUMAN","Dynamin-1-like protein","O00429_S71_M1_28","Phospho (STY)",0.635077509572472,0.603121480649919,0.187516764219347,6,"Not significant"
"Unstim / LPS+Nigericin","ACOT8","O14734","O14734","ACOT8_HUMAN","Acyl-coenzyme A thioesterase 8","O14734_T301_M1_28","Phospho (STY)",0.939146826090817,0.603121480649919,0.180918918490135,6,"Not significant"
"Unstim / LPS+Nigericin","ACTN4","O43707","O43707","ACTN4_HUMAN","Alpha-actinin-4","O43707_Y878_M1_28","Phospho (STY)",0.690063957318645,0.603121480649919,0.175956181328578,6,"Not significant"
"Unstim / LPS+Nigericin","HSP90AA1","P07900","P07900","HS90A_HUMAN","Heat shock protein HSP 90-alpha","P07900_S442_M1_28","Phospho (STY)",1.17362169824038,0.603121480649919,0.193764380285542,5,"Not significant"
"Unstim / LPS+Nigericin","HSP90AB1","P08238","P08238","HS90B_HUMAN","Heat shock protein HSP 90-beta","P08238_S67_M1_28","Phospho (STY)",-10.9444097579787,0.603121480649919,0.187538474842371,6,"Not significant"
"Unstim / LPS+Nigericin","PTPRC","P08575","P08575","PTPRC_HUMAN","Receptor-type tyrosine-protein phosphatase C","P08575_S975_M1_28","Phospho (STY)",-0.656438392748879,0.603121480649919,0.184986717702352,6,"Not significant"
"Unstim / LPS+Nigericin","H2AC11;H2AC12;H2AC14","P0C0S8;Q96KK5;Q99878","P0C0S8;Q96KK5;Q99878","H2A1_HUMAN;H2A1H_HUMAN;H2A1J_HUMAN","Histone H2A type 1;Histone H2A type 1-H;Histone H2A type 1-J","P0C0S8_T102_M1_28","Phospho (STY)",-0.809091769736393,0.603121480649919,0.170187998818519,6,"Not significant"
"Unstim / LPS+Nigericin","H2AC11;H2AC12;H2AC14","P0C0S8;Q96KK5;Q99878","P0C0S8;Q96KK5;Q99878","H2A1_HUMAN;H2A1H_HUMAN;H2A1J_HUMAN","Histone H2A type 1;Histone H2A type 1-H;Histone H2A type 1-J","Q96KK5_T102_M1_28","Phospho (STY)",-0.809091769736393,0.603121480649919,0.170187998818519,6,"Not significant"
"Unstim / LPS+Nigericin","H2AC11;H2AC12;H2AC14","P0C0S8;Q96KK5;Q99878","P0C0S8;Q96KK5;Q99878","H2A1_HUMAN;H2A1H_HUMAN;H2A1J_HUMAN","Histone H2A type 1;Histone H2A type 1-H;Histone H2A type 1-J","Q99878_T102_M1_28","Phospho (STY)",-0.809091769736393,0.603121480649919,0.170187998818519,6,"Not significant"
"Unstim / LPS+Nigericin","XRCC6","P12956","P12956","XRCC6_HUMAN","X-ray repair cross-complementing protein 6","P12956_Y559_M1_28","Phospho (STY)",0.607548296958173,0.603121480649919,0.188660753270678,6,"Not significant"
"Unstim / LPS+Nigericin","PLCG2","P16885","P16885","PLCG2_HUMAN","1-phosphatidylinositol 4,5-bisphosphate phosphodiesterase gamma-2","P16885_T57_M1_28","Phospho (STY)",7.28793433146677,0.603121480649919,0.189897477593015,6,"Not significant"
"Unstim / LPS+Nigericin","CANX","P27824","P27824","CALX_HUMAN","Calnexin","P27824_S583_M1_28","Phospho (STY)",0.662418793599187,0.603121480649919,0.191446733745777,6,"Not significant"
"Unstim / LPS+Nigericin","STAT1","P42224","P42224","STAT1_HUMAN","Signal transducer and activator of transcription 1-alpha/beta","P42224_Y701_M1_28","Phospho (STY)",1.06725711871608,0.603121480649919,0.18098618104578,6,"Not significant"
"Unstim / LPS+Nigericin","SNRPD2","P62316","P62316","SMD2_HUMAN","Small nuclear ribonucleoprotein Sm D2","P62316_S2_M1_28","Phospho (STY)",0.319651393478933,0.603121480649919,0.17256529550659,6,"Not significant"
"Unstim / LPS+Nigericin","AHNAK","Q09666","Q09666","AHNK_HUMAN","Neuroblast differentiation-associated protein AHNAK","Q09666_T376_M1_28","Phospho (STY)",-4.54970006036136,0.603121480649919,0.184009183499397,6,"Not significant"
"Unstim / LPS+Nigericin","BAK1","Q16611","Q16611","BAK_HUMAN","Bcl-2 homologous antagonist/killer","Q16611_S3_M1_28","Phospho (STY)",0.767386822982412,0.603121480649919,0.178799524666668,6,"Not significant"
"Unstim / LPS+Nigericin","TOR1AIP1","Q5JTV8","Q5JTV8","TOIP1_HUMAN","Torsin-1A-interacting protein 1","Q5JTV8_S143_M1_28","Phospho (STY)",1.13395854785655,0.603121480649919,0.165860157814005,6,"Not significant"
"Unstim / LPS+Nigericin","HS2ST1","Q7LGA3","Q7LGA3","HS2ST_HUMAN","Heparan sulfate 2-O-sulfotransferase 1","Q7LGA3_Y102_M1_28","Phospho (STY)",8.74497904907216,0.603121480649919,0.190267600684263,6,"Not significant"
"Unstim / LPS+Nigericin","RAB44","Q7Z6P3","Q7Z6P3","RAB44_HUMAN","Ras-related protein Rab-44","Q7Z6P3_T874_M1_28","Phospho (STY)",0.536995021820062,0.603121480649919,0.178320771103908,6,"Not significant"
"Unstim / LPS+Nigericin","MRPL52","Q86TS9","Q86TS9","RM52_HUMAN","Large ribosomal subunit protein mL52","Q86TS9_S81_M2_28","Phospho (STY)",-0.983501089911843,0.603121480649919,0.180848062499307,6,"Not significant"
"Unstim / LPS+Nigericin","MRPL52","Q86TS9","Q86TS9","RM52_HUMAN","Large ribosomal subunit protein mL52","Q86TS9_T72_M2_28","Phospho (STY)",-0.983501089911843,0.603121480649919,0.180848062499307,6,"Not significant"
"Unstim / LPS+Nigericin","PARK7","Q99497","Q99497","PARK7_HUMAN","Parkinson disease protein 7","Q99497_S85_M2_28","Phospho (STY)",1.57461520763315,0.603121480649919,0.16471407447809,6,"Not significant"
"Unstim / LPS+Nigericin","PARK7","Q99497","Q99497","PARK7_HUMAN","Parkinson disease protein 7","Q99497_S83_M2_28","Phospho (STY)",1.57461520763315,0.603121480649919,0.16471407447809,6,"Not significant"
"Unstim / LPS+Nigericin","RAB1B","Q9H0U4","Q9H0U4","RAB1B_HUMAN","Ras-related protein Rab-1B","Q9H0U4_S142_M1_28","Phospho (STY)",-0.637377287418749,0.603121480649919,0.172628219184152,6,"Not significant"
"Unstim / LPS+Nigericin","ACAD9","Q9H845","Q9H845","ACAD9_HUMAN","Complex I assembly factor ACAD9, mitochondrial","Q9H845_Y165_M1_28","Phospho (STY)",7.54357941138824,0.603121480649919,0.184059076720934,6,"Not significant"
"Unstim / LPS+Nigericin","RALY","Q9UKM9","Q9UKM9","RALY_HUMAN","RNA-binding protein Raly","Q9UKM9_S135_M1_28","Phospho (STY)",1.01985007741406,0.603121480649919,0.189910335573017,6,"Not significant"
"Unstim / LPS+Nigericin","RNH1","P13489","P13489","RINI_HUMAN","Ribonuclease inhibitor","P13489_S285_M2_28","Phospho (STY)",0.851642263153403,0.603121480649919,0.167538903029312,4,"Not significant"
"Unstim / LPS+Nigericin","TRA2B","P62995","P62995","TRA2B_HUMAN","Transformer-2 protein homolog beta","P62995_T201_M1_28","Phospho (STY)",1.00096613424453,0.603121480649919,0.180346052593337,6,"Not significant"
"Unstim / LPS+Nigericin","MAP1S","Q66K74","Q66K74","MAP1S_HUMAN","Microtubule-associated protein 1S","Q66K74_S759_M1_28","Phospho (STY)",1.1541655897528,0.603121480649919,0.182953101767928,5,"Not significant"
"Unstim / LPS+Nigericin","H1-3","P16402","P16402","H13_HUMAN","Histone H1.3","P16402_S59_M2_28","Phospho (STY)",0.806996442851847,0.603121480649919,0.188604818177042,4,"Not significant"
"Unstim / LPS+Nigericin","RAC2","P15153","P15153","RAC2_HUMAN","Ras-related C3 botulinum toxin substrate 2","P15153_Y72_M1_28","Phospho (STY)",-1.46606092477904,0.603202993881853,0.196700162566221,6,"Not significant"
"Unstim / LPS+Nigericin","HNRNPK","P61978","P61978","HNRPK_HUMAN","Heterogeneous nuclear ribonucleoprotein K","P61978_Y72_M2_28","Phospho (STY)",2.33162757166421,0.603202993881853,0.196449666585109,6,"Not significant"
"Unstim / LPS+Nigericin","ITGB2","P05107","P05107","ITB2_HUMAN","Integrin beta-2","P05107_Y382_M2_28","Phospho (STY)",-1.51497736753791,0.603391941885463,0.200486225737738,6,"Not significant"
"Unstim / LPS+Nigericin","ARPP19","P56211","P56211","ARP19_HUMAN","cAMP-regulated phosphoprotein 19","P56211_T85_M1_28","Phospho (STY)",4.5610904313366,0.603458832141668,0.200649612619635,4,"Not significant"
"Unstim / LPS+Nigericin","PNISR","Q8TF01","Q8TF01","PNISR_HUMAN","Arginine/serine-rich protein PNISR","Q8TF01_S211_M1_28","Phospho (STY)",0.872839870768742,0.603526448284182,0.201912240996328,6,"Not significant"
"Unstim / LPS+Nigericin","P4HB","P07237","P07237","PDIA1_HUMAN","Protein disulfide-isomerase","P07237_S357_M1_28","Phospho (STY)",1.09530287174373,0.603639857010113,0.203421242769942,6,"Not significant"
"Unstim / LPS+Nigericin","EIF5B","O60841","O60841","IF2P_HUMAN","Eukaryotic translation initiation factor 5B","O60841_T642_M1_28","Phospho (STY)",-5.30897247822379,0.603922406682654,0.20494739929056,6,"Not significant"
"Unstim / LPS+Nigericin","NDUFA9","Q16795","Q16795","NDUA9_HUMAN","NADH dehydrogenase [ubiquinone] 1 alpha subcomplex subunit 9, mitochondrial","Q16795_S219_M2_28","Phospho (STY)",0.427714626030547,0.604307643628276,0.206320882528534,4,"Not significant"
"Unstim / LPS+Nigericin","DBN1","Q16643","Q16643","DREB_HUMAN","Drebrin","Q16643_S142_M1_28","Phospho (STY)",1.0065005848697,0.605205192814496,0.211929587887668,6,"Not significant"
"Unstim / LPS+Nigericin","HDGF","P51858","P51858","HDGF_HUMAN","Hepatoma-derived growth factor","P51858_S165_M1_28","Phospho (STY)",1.63477390184444,0.605236376277564,0.212160549314518,6,"Not significant"
"Unstim / LPS+Nigericin","CAP1","Q01518","Q01518","CAP1_HUMAN","Adenylyl cyclase-associated protein 1","Q01518_S102_M1_28","Phospho (STY)",4.52888458190493,0.605904805364276,0.214896609768007,4,"Not significant"
"Unstim / LPS+Nigericin","GM2A","P17900","P17900","SAP3_HUMAN","Ganglioside GM2 activator","P17900_Y168_M1_28","Phospho (STY)",-4.576443471904,0.605954797991265,0.215348478998547,6,"Not significant"
"Unstim / LPS+Nigericin","BCLAF1","Q9NYF8","Q9NYF8","BCLF1_HUMAN","Bcl-2-associated transcription factor 1","Q9NYF8_S531_M1_28","Phospho (STY)",0.452300504124044,0.605954797991265,0.215092666853382,6,"Not significant"
"Unstim / LPS+Nigericin","TFRC","P02786","P02786","TFR1_HUMAN","Transferrin receptor protein 1","P02786_S132_M2_28","Phospho (STY)",-0.917903585144025,0.606693097562047,0.218191521557699,4,"Not significant"
"Unstim / LPS+Nigericin","SPN","P16150","P16150","LEUK_HUMAN","Leukosialin","P16150_S355_M1_28","Phospho (STY)",1.03127014964032,0.606832939068731,0.218570245946986,6,"Not significant"
"Unstim / LPS+Nigericin","NONO","Q15233","Q15233","NONO_HUMAN","Non-POU domain-containing octamer-binding protein","Q15233_T418_M2_28","Phospho (STY)",-9.45255181404391,0.607164852501337,0.220610493897692,6,"Not significant"
"Unstim / LPS+Nigericin","LILRB1","Q8NHL6","Q8NHL6","LIRB1_HUMAN","Leukocyte immunoglobulin-like receptor subfamily B member 1","Q8NHL6_S579_M1_28","Phospho (STY)",1.29263999793855,0.60720799527556,0.220764891845951,6,"Not significant"
"Unstim / LPS+Nigericin","FAM120A","Q9NZB2","Q9NZB2","F120A_HUMAN","Constitutive coactivator of PPAR-gamma-like protein 1","Q9NZB2_Y1020_M2_28","Phospho (STY)",-0.695052502846358,0.607273097787514,0.221094681192522,6,"Not significant"
"Unstim / LPS+Nigericin","RPS2","P15880","P15880","RS2_HUMAN","Small ribosomal subunit protein uS5","P15880_Y248_M1_28","Phospho (STY)",-9.04610590800251,0.607376483723624,0.221445081979587,5,"Not significant"
"Unstim / LPS+Nigericin","PDS5B","Q9NTI5","Q9NTI5","PDS5B_HUMAN","Sister chromatid cohesion protein PDS5 homolog B","Q9NTI5_S1358_M1_28","Phospho (STY)",1.44219419177937,0.607834369442254,0.222970187690212,6,"Not significant"
"Unstim / LPS+Nigericin","SLC30A1","Q9Y6M5","Q9Y6M5","ZNT1_HUMAN","Proton-coupled zinc antiporter SLC30A1","Q9Y6M5_T483_M1_28","Phospho (STY)",1.64414792211658,0.608530113934663,0.225135050730005,6,"Not significant"
"Unstim / LPS+Nigericin","EEF1D","P29692","P29692","EF1D_HUMAN","Elongation factor 1-delta","P29692_S133_M1_28","Phospho (STY)",1.64558290861088,0.60864844724198,0.225494966390595,6,"Not significant"
"Unstim / LPS+Nigericin","TKT","P29401","P29401","TKT_HUMAN","Transketolase","P29401_T287_M1_28","Phospho (STY)",0.707028254876024,0.608734182619982,0.225691367058054,6,"Not significant"
"Unstim / LPS+Nigericin","ATXN2L","Q8WWM7","Q8WWM7","ATX2L_HUMAN","Ataxin-2-like protein","Q8WWM7_T182_M1_28","Phospho (STY)",2.87168366379846,0.608993596302432,0.227040034808811,6,"Not significant"
"Unstim / LPS+Nigericin","GLO1","Q04760","Q04760","LGUL_HUMAN","Lactoylglutathione lyase","Q04760_S8_M1_28","Phospho (STY)",-0.493654961640906,0.609414739845977,0.228373604539444,6,"Not significant"
"Unstim / LPS+Nigericin","H1-5","P16401","P16401","H15_HUMAN","Histone H1.5","P16401_S2_M2_28","Phospho (STY)",2.82346492906142,0.609823900952089,0.22967753093043,5,"Not significant"
"Unstim / LPS+Nigericin","ENO2","P09104","P09104","ENOG_HUMAN","Gamma-enolase","P09104_S221_M1_28","Phospho (STY)",0.583625463734834,0.60998385841217,0.230568904444829,6,"Not significant"
"Unstim / LPS+Nigericin","ATP5F1A","P25705","P25705","ATPA_HUMAN","ATP synthase subunit alpha, mitochondrial","P25705_Y321_M2_28","Phospho (STY)",1.15858797155975,0.610218280374424,0.231486043391179,5,"Not significant"
"Unstim / LPS+Nigericin","CAP1","Q01518","Q01518","CAP1_HUMAN","Adenylyl cyclase-associated protein 1","Q01518_T78_M1_28","Phospho (STY)",0.54585595471545,0.610679764083087,0.233119764501057,6,"Not significant"
"Unstim / LPS+Nigericin","THRAP3","Q9Y2W1","Q9Y2W1","TR150_HUMAN","Thyroid hormone receptor-associated protein 3","Q9Y2W1_S682_M1_28","Phospho (STY)",0.804535401424334,0.610994931045119,0.233776527109025,5,"Not significant"
"Unstim / LPS+Nigericin","HSPA2","P54652","P54652","HSP72_HUMAN","Heat shock-related 70 kDa protein 2","P54652_S142_M2_28","Phospho (STY)",-2.4716921452221,0.611156715919489,0.234613527912092,6,"Not significant"
"Unstim / LPS+Nigericin","PCMT1","P22061","P22061","PIMT_HUMAN","Protein-L-isoaspartate(D-aspartate) O-methyltransferase","P22061_T25_M1_28","Phospho (STY)",1.6321032364676,0.61130871837074,0.235218577565073,5,"Not significant"
"Unstim / LPS+Nigericin","HSPA9","P38646","P38646","GRP75_HUMAN","Stress-70 protein, mitochondrial","P38646_T504_M1_28","Phospho (STY)",-1.05189403559793,0.611602390232961,0.236246121922949,6,"Not significant"
"Unstim / LPS+Nigericin","PRDX3","P30048","P30048","PRDX3_HUMAN","Thioredoxin-dependent peroxide reductase, mitochondrial","P30048_Y221_M2_28","Phospho (STY)",-2.70086072702675,0.611948536584174,0.237832085123337,5,"Not significant"
"Unstim / LPS+Nigericin","HK1","P19367","P19367","HXK1_HUMAN","Hexokinase-1","P19367_Y732_M2_28","Phospho (STY)",0.230471628657892,0.612049110718093,0.238399112049111,6,"Not significant"
"Unstim / LPS+Nigericin","PTPN6","P29350","P29350","PTN6_HUMAN","Tyrosine-protein phosphatase non-receptor type 6","P29350_S285_M2_28","Phospho (STY)",-8.85711773475482,0.612166280076892,0.238612315067531,4,"Not significant"
"Unstim / LPS+Nigericin","LAT2","Q9GZY6","Q9GZY6","NTAL_HUMAN","Linker for activation of T-cells family member 2","Q9GZY6_S44_M1_28","Phospho (STY)",1.14114950320624,0.612246587742111,0.23885080208855,6,"Not significant"
"Unstim / LPS+Nigericin","TACC3","Q9Y6A5","Q9Y6A5","TACC3_HUMAN","Transforming acidic coiled-coil-containing protein 3","Q9Y6A5_Y764_M1_28","Phospho (STY)",3.26545554857478,0.61230966761692,0.239060709832002,6,"Not significant"
"Unstim / LPS+Nigericin","MAFB","Q9Y5Q3","Q9Y5Q3","MAFB_HUMAN","Transcription factor MafB","Q9Y5Q3_S14_M1_28","Phospho (STY)",2.04269591391973,0.612793736238231,0.240463941604272,6,"Not significant"
"Unstim / LPS+Nigericin","ACLY","P53396","P53396","ACLY_HUMAN","ATP-citrate synthase","P53396_Y704_M2_28","Phospho (STY)",-5.96702347746553,0.612905466578415,0.241253861634481,6,"Not significant"
"Unstim / LPS+Nigericin","ACTBL2","Q562R1","Q562R1","ACTBL_HUMAN","Beta-actin-like protein 2","Q562R1_Y295_M2_28","Phospho (STY)",11.9634948576732,0.612918729280653,0.241431535675936,6,"Not significant"
"Unstim / LPS+Nigericin","SPP1","P10451","P10451","OSTP_HUMAN","Osteopontin","P10451_S303_M1_28","Phospho (STY)",1.10948852900079,0.61316223013688,0.242351877756835,6,"Not significant"
"Unstim / LPS+Nigericin","ZNF318","Q5VUA4","Q5VUA4","ZN318_HUMAN","Zinc finger protein 318","Q5VUA4_T598_M1_28","Phospho (STY)",-5.2723032130359,0.613537944460319,0.244203318348172,4,"Not significant"
"Unstim / LPS+Nigericin","AHNAK","Q09666","Q09666","AHNK_HUMAN","Neuroblast differentiation-associated protein AHNAK","Q09666_S2798_M1_28","Phospho (STY)",2.69904753223886,0.613580542494137,0.244582758598406,6,"Not significant"
"Unstim / LPS+Nigericin","LMNA","P02545","P02545","LMNA_HUMAN","Prelamin-A/C","P02545_S22_M1_28","Phospho (STY)",1.26784351713284,0.614856775357134,0.24863244246423,4,"Not significant"
"Unstim / LPS+Nigericin","CNK3/IPCEF1","G9CGD6","G9CGD6","CNIPF_HUMAN","CNK3/IPCEF1 fusion protein","G9CGD6_S123_M1_28","Phospho (STY)",-1.14282291025297,0.614919342206164,0.248815001944525,6,"Not significant"
"Unstim / LPS+Nigericin","HSPD1","P10809","P10809","CH60_HUMAN","60 kDa heat shock protein, mitochondrial","P10809_T54_M1_28","Phospho (STY)",-0.561159436055238,0.615606531217796,0.250716346637764,6,"Not significant"
"Unstim / LPS+Nigericin","HSPA2","P54652","P54652","HSP72_HUMAN","Heat shock-related 70 kDa protein 2","P54652_Y184_M1_28","Phospho (STY)",0.414746621427134,0.615792069359295,0.251335346402463,6,"Not significant"
"Unstim / LPS+Nigericin","AHNAK","Q09666","Q09666","AHNK_HUMAN","Neuroblast differentiation-associated protein AHNAK","Q09666_S1158_M1_28","Phospho (STY)",-0.45230394392249,0.615891499422498,0.25148503862793,6,"Not significant"
"Unstim / LPS+Nigericin","CAT","P04040","P04040","CATA_HUMAN","Catalase","P04040_Y308_M1_28","Phospho (STY)",0.538644479850548,0.615912410666364,0.251641476862259,6,"Not significant"
"Unstim / LPS+Nigericin","CCAR2","Q8N163","Q8N163","CCAR2_HUMAN","Cell cycle and apoptosis regulator protein 2","Q8N163_Y100_M1_28","Phospho (STY)",0.433595400727385,0.616053196904886,0.25211281821722,6,"Not significant"
"Unstim / LPS+Nigericin","SCP2","P22307","P22307","SCP2_HUMAN","Sterol carrier protein 2","P22307_T473_M1_28","Phospho (STY)",-0.447472600831015,0.617147750322541,0.254804318322988,6,"Not significant"
"Unstim / LPS+Nigericin","DNM2","P50570","P50570","DYN2_HUMAN","Dynamin-2","P50570_Y231_M1_28","Phospho (STY)",0.572269317850268,0.617327020834734,0.255420946053586,6,"Not significant"
"Unstim / LPS+Nigericin","ENO1","P06733","P06733","ENOA_HUMAN","Alpha-enolase","P06733_T85_M1_28","Phospho (STY)",1.13588618028691,0.617606155359175,0.25614007311376,6,"Not significant"
"Unstim / LPS+Nigericin","HSPA5","P11021","P11021","BIP_HUMAN","Endoplasmic reticulum chaperone BiP","P11021_T481_M2_28","Phospho (STY)",-1.5468633874336,0.618152545042591,0.257291158612939,5,"Not significant"
"Unstim / LPS+Nigericin","HNRNPM","P52272","P52272","HNRPM_HUMAN","Heterogeneous nuclear ribonucleoprotein M","P52272_Y100_M2_28","Phospho (STY)",2.07178168637734,0.620285853282318,0.262330004980535,6,"Not significant"
"Unstim / LPS+Nigericin","VDAC3","Q9Y277","Q9Y277","VDAC3_HUMAN","Voltage-dependent anion-selective channel protein 3","Q9Y277_Y67_M1_28","Phospho (STY)",-0.990910404227017,0.621591250758564,0.265292470995265,6,"Not significant"
"Unstim / LPS+Nigericin","ATP6V0A1","Q93050","Q93050","VPP1_HUMAN","V-type proton ATPase 116 kDa subunit a 1","Q93050_T82_M1_28","Phospho (STY)",0.559645595205623,0.62213213378783,0.266855425161297,6,"Not significant"
"Unstim / LPS+Nigericin","ATP5F1B","P06576","P06576","ATPB_HUMAN","ATP synthase subunit beta, mitochondrial","P06576_T116_M1_28","Phospho (STY)",-0.522386540024382,0.622600003299566,0.267817203152838,6,"Not significant"
"Unstim / LPS+Nigericin","SRSF9","Q13242","Q13242","SRSF9_HUMAN","Serine/arginine-rich splicing factor 9","Q13242_S211_M1_28","Phospho (STY)",1.10718903660152,0.622763903780728,0.268081133751689,6,"Not significant"
"Unstim / LPS+Nigericin","HCLS1","P14317","P14317","HCLS1_HUMAN","Hematopoietic lineage cell-specific protein","P14317_S275_M2_28","Phospho (STY)",-0.741169627746229,0.622906990780955,0.268386886908558,6,"Not significant"
"Unstim / LPS+Nigericin","ACTB","Cont_P60712;P60709","Cont_P60712;P60709","ACTB_BOVIN;ACTB_HUMAN","Actin, cytoplasmic 1;Actin, cytoplasmic 1","Cont_P60712_Y53_M1_28","Phospho (STY)",0.58073382323746,0.62330210876631,0.269208747279931,6,"Not significant"
"Unstim / LPS+Nigericin","ACTB","Cont_P60712;P60709","Cont_P60712;P60709","ACTB_BOVIN;ACTB_HUMAN","Actin, cytoplasmic 1;Actin, cytoplasmic 1","P60709_Y53_M1_28","Phospho (STY)",0.58073382323746,0.62330210876631,0.269208747279931,6,"Not significant"
"Unstim / LPS+Nigericin","HSPE1","P61604","P61604","CH10_HUMAN","10 kDa heat shock protein, mitochondrial","P61604_S37_M1_28","Phospho (STY)",2.66135959373857,0.623439385579348,0.269682030605316,6,"Not significant"
"Unstim / LPS+Nigericin","PNP","P00491","P00491","PNPH_HUMAN","Purine nucleoside phosphorylase","P00491_Y50_M2_28","Phospho (STY)",4.78197108877848,0.623573033031529,0.269891660984264,6,"Not significant"
"Unstim / LPS+Nigericin","SDHAF2","Q9NX18","Q9NX18","SDHF2_HUMAN","Succinate dehydrogenase assembly factor 2, mitochondrial","Q9NX18_Y160_M1_28","Phospho (STY)",-0.811977166875397,0.624352298214791,0.27243177352653,6,"Not significant"
"Unstim / LPS+Nigericin","PRKDC","P78527","P78527","PRKDC_HUMAN","DNA-dependent protein kinase catalytic subunit","P78527_T4060_M1_28","Phospho (STY)",0.787842905057784,0.625449166531607,0.275463700401855,6,"Not significant"
"Unstim / LPS+Nigericin","RPSA","P08865","P08865","RSSA_HUMAN","Small ribosomal subunit protein uS2","P08865_T144_M1_28","Phospho (STY)",0.459554948015003,0.625738982039602,0.276534545676773,6,"Not significant"
"Unstim / LPS+Nigericin","ACO2","Q99798","Q99798","ACON_HUMAN","Aconitate hydratase, mitochondrial","Q99798_Y544_M1_28","Phospho (STY)",-0.383623243227244,0.625771900645799,0.2765789433337,6,"Not significant"
"Unstim / LPS+Nigericin","MYH9","P35579","P35579","MYH9_HUMAN","Myosin-9","P35579_T1208_M1_28","Phospho (STY)",-0.637364187942223,0.626924236871441,0.279226791097658,6,"Not significant"
"Unstim / LPS+Nigericin","AHNAK","Q09666","Q09666","AHNK_HUMAN","Neuroblast differentiation-associated protein AHNAK","Q09666_S1452_M1_28","Phospho (STY)",0.811339227418017,0.627117579139012,0.279734871073727,6,"Not significant"
"Unstim / LPS+Nigericin","CALM1;CALM2;CALM3","P0DP23;P0DP24;P0DP25","P0DP23;P0DP24;P0DP25","CALM1_HUMAN;CALM2_HUMAN;CALM3_HUMAN","Calmodulin-1;Calmodulin-2;Calmodulin-3","P0DP23_Y100_M1_28","Phospho (STY)",1.27768652625321,0.629104910449413,0.286011922443036,6,"Not significant"
"Unstim / LPS+Nigericin","CALM1;CALM2;CALM3","P0DP23;P0DP24;P0DP25","P0DP23;P0DP24;P0DP25","CALM1_HUMAN;CALM2_HUMAN;CALM3_HUMAN","Calmodulin-1;Calmodulin-2;Calmodulin-3","P0DP24_Y100_M1_28","Phospho (STY)",1.27768652625321,0.629104910449413,0.286011922443036,6,"Not significant"
"Unstim / LPS+Nigericin","CALM1;CALM2;CALM3","P0DP23;P0DP24;P0DP25","P0DP23;P0DP24;P0DP25","CALM1_HUMAN;CALM2_HUMAN;CALM3_HUMAN","Calmodulin-1;Calmodulin-2;Calmodulin-3","P0DP25_Y100_M1_28","Phospho (STY)",1.27768652625321,0.629104910449413,0.286011922443036,6,"Not significant"
"Unstim / LPS+Nigericin","ACTBL2","Q562R1","Q562R1","ACTBL_HUMAN","Beta-actin-like protein 2","Q562R1_Y54_M1_28","Phospho (STY)",1.47505164147203,0.629553840670316,0.287338955781947,6,"Not significant"
"Unstim / LPS+Nigericin","AHNAK","Q09666","Q09666","AHNK_HUMAN","Neuroblast differentiation-associated protein AHNAK","Q09666_S93_M1_28","Phospho (STY)",1.87348802382547,0.630057551477334,0.288929956041502,6,"Not significant"
"Unstim / LPS+Nigericin","CLPX","O76031","O76031","CLPX_HUMAN","ATP-dependent Clp protease ATP-binding subunit clpX-like, mitochondrial","O76031_S365_M1_28","Phospho (STY)",0.45193041498325,0.630718511593845,0.29102396781791,6,"Not significant"
"Unstim / LPS+Nigericin","VDAC2","P45880","P45880","VDAC2_HUMAN","Voltage-dependent anion-selective channel protein 2","P45880_T269_M1_28","Phospho (STY)",-0.435804400743546,0.630718511593845,0.291041551674853,6,"Not significant"
"Unstim / LPS+Nigericin","ACTC1","P68032","P68032","ACTC_HUMAN","Actin, alpha cardiac muscle 1","P68032_Y296_M1_28","Phospho (STY)",1.13083428420392,0.630879298417003,0.291506540516593,6,"Not significant"
"Unstim / LPS+Nigericin","ALDOA","P04075","P04075","ALDOA_HUMAN","Fructose-bisphosphate aldolase A","P04075_S160_M1_28","Phospho (STY)",-1.41634835660971,0.630907958867397,0.291649202836428,5,"Not significant"
"Unstim / LPS+Nigericin","PAXX","Q9BUH6","Q9BUH6","PAXX_HUMAN","Protein PAXX","Q9BUH6_S152_M1_28","Phospho (STY)",0.878269073064928,0.63147675987192,0.293121547023422,6,"Not significant"
"Unstim / LPS+Nigericin","GSN","Cont_Q3SX14","Cont_Q3SX14","GELS_BOVIN","Gelsolin","Cont_Q3SX14_Y320_M1_28","Phospho (STY)",0.353733076529143,0.633044201607123,0.297206249727616,6,"Not significant"
"Unstim / LPS+Nigericin","RAB12","Q6IQ22","Q6IQ22","RAB12_HUMAN","Ras-related protein Rab-12","Q6IQ22_Y143_M2_28","Phospho (STY)",0.456206719684066,0.63370620965429,0.299099453441538,6,"Not significant"
"Unstim / LPS+Nigericin","PRSS1","Cont_P00760","Cont_P00760","TRY1_BOVIN","Serine protease 1","Cont_P00760_Y99_M2_28","Phospho (STY)",-1.49543048525286,0.633972537254186,0.363941952686518,6,"Not significant"
"Unstim / LPS+Nigericin","ACTB","Cont_P60712;P60709","Cont_P60712;P60709","ACTB_BOVIN;ACTB_HUMAN","Actin, cytoplasmic 1;Actin, cytoplasmic 1","Cont_P60712_Y294_M1_28","Phospho (STY)",3.73283727937249,0.633972537254186,0.360340700532932,6,"Not significant"
"Unstim / LPS+Nigericin","ACTB","Cont_P60712;P60709","Cont_P60712;P60709","ACTB_BOVIN;ACTB_HUMAN","Actin, cytoplasmic 1;Actin, cytoplasmic 1","P60709_Y294_M1_28","Phospho (STY)",3.73283727937249,0.633972537254186,0.360340700532932,6,"Not significant"
"Unstim / LPS+Nigericin","ACTB","Cont_P60712;P60709","Cont_P60712;P60709","ACTB_BOVIN;ACTB_HUMAN","Actin, cytoplasmic 1;Actin, cytoplasmic 1","Cont_P60712_S271_M1_28","Phospho (STY)",3.93604909988043,0.633972537254186,0.417494757043471,6,"Not significant"
"Unstim / LPS+Nigericin","ACTB","Cont_P60712;P60709","Cont_P60712;P60709","ACTB_BOVIN;ACTB_HUMAN","Actin, cytoplasmic 1;Actin, cytoplasmic 1","P60709_S271_M1_28","Phospho (STY)",3.93604909988043,0.633972537254186,0.417494757043471,6,"Not significant"
"Unstim / LPS+Nigericin","EEF1A1","Cont_P68103;P68104","Cont_P68103;P68104","EF1A1_BOVIN;EF1A1_HUMAN","Elongation factor 1-alpha 1","Cont_P68103_Y357_M1_28","Phospho (STY)",0.265044703501115,0.633972537254186,0.37739217385905,6,"Not significant"
"Unstim / LPS+Nigericin","EEF1A1","Cont_P68103;P68104","Cont_P68103;P68104","EF1A1_BOVIN;EF1A1_HUMAN","Elongation factor 1-alpha 1","P68104_Y357_M1_28","Phospho (STY)",0.265044703501115,0.633972537254186,0.37739217385905,6,"Not significant"
"Unstim / LPS+Nigericin","A1BG","Cont_Q2KJF1","Cont_Q2KJF1","A1BG_BOVIN","Alpha-1B-glycoprotein","Cont_Q2KJF1_T234_M2_28","Phospho (STY)",2.90074359730472,0.633972537254186,0.408086246992568,5,"Not significant"
"Unstim / LPS+Nigericin","GSN","Cont_Q3SX14","Cont_Q3SX14","GELS_BOVIN","Gelsolin","Cont_Q3SX14_Y320_M2_28","Phospho (STY)",10.8737616655756,0.633972537254186,0.422555728267951,6,"Not significant"
"Unstim / LPS+Nigericin","KDM6B","O15054","O15054","KDM6B_HUMAN","Lysine-specific demethylase 6B","O15054_S1025_M1_28","Phospho (STY)",3.33359816737602,0.633972537254186,0.33008032888433,6,"Not significant"
"Unstim / LPS+Nigericin","STX7","O15400","O15400","STX7_HUMAN","Syntaxin-7","O15400_T98_M1_28","Phospho (STY)",6.83310159250759,0.633972537254186,0.364006961739303,6,"Not significant"
"Unstim / LPS+Nigericin","PRPF3","O43395","O43395","PRPF3_HUMAN","U4/U6 small nuclear ribonucleoprotein Prp3","O43395_T254_M2_28","Phospho (STY)",8.35021123174997,0.633972537254186,0.421881052346423,5,"Not significant"
"Unstim / LPS+Nigericin","CUTA","O60888","O60888","CUTA_HUMAN","Protein CutA","O60888_T125_M1_28","Phospho (STY)",9.83648232603695,0.633972537254186,0.422723910211546,6,"Not significant"
"Unstim / LPS+Nigericin","PRPF40A","O75400","O75400","PR40A_HUMAN","Pre-mRNA-processing factor 40 homolog A","O75400_Y221_M1_28","Phospho (STY)",-4.0160092475236,0.633972537254186,0.420701135585687,6,"Not significant"
"Unstim / LPS+Nigericin","UBXN7","O94888","O94888","UBXN7_HUMAN","UBX domain-containing protein 7","O94888_Y468_M2_28","Phospho (STY)",3.08374609445562,0.633972537254186,0.407806116821866,6,"Not significant"
"Unstim / LPS+Nigericin","TXNDC12","O95881","O95881","TXD12_HUMAN","Thioredoxin domain-containing protein 12","O95881_S121_M1_28","Phospho (STY)",0.372143203244335,0.633972537254186,0.415672213736396,6,"Not significant"
"Unstim / LPS+Nigericin","TXNDC12","O95881","O95881","TXD12_HUMAN","Thioredoxin domain-containing protein 12","O95881_S53_M1_28","Phospho (STY)",8.19433772907262,0.633972537254186,0.423145249682976,6,"Not significant"
"Unstim / LPS+Nigericin","PGK1","P00558","P00558","PGK1_HUMAN","Phosphoglycerate kinase 1","P00558_S115_M1_28","Phospho (STY)",0.467157376651612,0.633972537254186,0.400105775627112,6,"Not significant"
"Unstim / LPS+Nigericin","IL1B","P01584","P01584","IL1B_HUMAN","Interleukin-1 beta","P01584_S35_M1_28","Phospho (STY)",-1.37115542608736,0.633972537254186,0.306511063919471,6,"Not significant"
"Unstim / LPS+Nigericin","LMNA","P02545","P02545","LMNA_HUMAN","Prelamin-A/C","P02545_S392_M1_28","Phospho (STY)",0.960036309465594,0.633972537254186,0.315144473266723,6,"Not significant"
"Unstim / LPS+Nigericin","ALDOA","P04075","P04075","ALDOA_HUMAN","Fructose-bisphosphate aldolase A","P04075_Y174_M1_28","Phospho (STY)",1.39612274391122,0.633972537254186,0.320305603908656,6,"Not significant"
"Unstim / LPS+Nigericin","S100A8","P05109","P05109","S10A8_HUMAN","Protein S100-A8","P05109_T62_M1_28","Phospho (STY)",-3.0678509751298,0.633972537254186,0.42546000985833,6,"Not significant"
"Unstim / LPS+Nigericin","RPLP0","P05388","P05388","RLA0_HUMAN","Large ribosomal subunit protein uL10","P05388_T122_M1_28","Phospho (STY)",4.82036766505771,0.633972537254186,0.419550976038671,6,"Not significant"
"Unstim / LPS+Nigericin","PTMA","P06454","P06454","PTMA_HUMAN","Prothymosin alpha","P06454_S2_M1_28","Phospho (STY)",-0.751794994329739,0.633972537254186,0.371358690721394,6,"Not significant"
"Unstim / LPS+Nigericin","ENO1","P06733","P06733","ENOA_HUMAN","Alpha-enolase","P06733_Y200_M1_28","Phospho (STY)",9.60522799210401,0.633972537254186,0.422724763548241,6,"Not significant"
"Unstim / LPS+Nigericin","GPX1","P07203","P07203","GPX1_HUMAN","Glutathione peroxidase 1","P07203_S95_M1_28","Phospho (STY)",3.30712481138726,0.633972537254186,0.405442341891941,6,"Not significant"
"Unstim / LPS+Nigericin","GPX1","P07203","P07203","GPX1_HUMAN","Glutathione peroxidase 1","P07203_S47_M2_28","Phospho (STY)",-4.39076696131422,0.633972537254186,0.317553897727088,5,"Not significant"
"Unstim / LPS+Nigericin","P4HB","P07237","P07237","PDIA1_HUMAN","Protein disulfide-isomerase","P07237_Y414_M2_28","Phospho (STY)",-0.595358583576792,0.633972537254186,0.338684893140729,6,"Not significant"
"Unstim / LPS+Nigericin","HEXB","P07686","P07686","HEXB_HUMAN","Beta-hexosaminidase subunit beta","P07686_Y550_M1_28","Phospho (STY)",0.335103113101457,0.633972537254186,0.343688355069723,6,"Not significant"
"Unstim / LPS+Nigericin","ANXA6","P08133","P08133","ANXA6_HUMAN","Annexin A6","P08133_T356_M1_28","Phospho (STY)",-8.3513027908602,0.633972537254186,0.42233808796792,6,"Not significant"
"Unstim / LPS+Nigericin","FGR","P09769","P09769","FGR_HUMAN","Tyrosine-protein kinase Fgr","P09769_T14_M1_28","Phospho (STY)",-6.1093287129045,0.633972537254186,0.419476197619108,6,"Not significant"
"Unstim / LPS+Nigericin","ALDOC","P09972","P09972","ALDOC_HUMAN","Fructose-bisphosphate aldolase C","P09972_S160_M2_28","Phospho (STY)",-9.95068654082169,0.633972537254186,0.422650560835925,6,"Not significant"
"Unstim / LPS+Nigericin","H2AC11;H2AC12;H2AC14","P0C0S8;Q96KK5;Q99878","P0C0S8;Q96KK5;Q99878","H2A1_HUMAN;H2A1H_HUMAN;H2A1J_HUMAN","Histone H2A type 1;Histone H2A type 1-H;Histone H2A type 1-J","P0C0S8_T121_M2_28","Phospho (STY)",-10.0494011536225,0.633972537254186,0.422725120390066,6,"Not significant"
"Unstim / LPS+Nigericin","H2AC11;H2AC12;H2AC14","P0C0S8;Q96KK5;Q99878","P0C0S8;Q96KK5;Q99878","H2A1_HUMAN;H2A1H_HUMAN;H2A1J_HUMAN","Histone H2A type 1;Histone H2A type 1-H;Histone H2A type 1-J","Q96KK5_T121_M2_28","Phospho (STY)",-10.0494011536225,0.633972537254186,0.422725120390066,6,"Not significant"
"Unstim / LPS+Nigericin","H2AC11;H2AC12;H2AC14","P0C0S8;Q96KK5;Q99878","P0C0S8;Q96KK5;Q99878","H2A1_HUMAN;H2A1H_HUMAN;H2A1J_HUMAN","Histone H2A type 1;Histone H2A type 1-H;Histone H2A type 1-J","Q99878_T121_M2_28","Phospho (STY)",-10.0494011536225,0.633972537254186,0.422725120390066,6,"Not significant"
"Unstim / LPS+Nigericin","HSPA1A;HSPA1B","P0DMV8;P0DMV9","P0DMV8;P0DMV9","HS71A_HUMAN;HS71B_HUMAN","Heat shock 70 kDa protein 1A;Heat shock 70 kDa protein 1B","P0DMV8_Y137_M1_28","Phospho (STY)",-4.86716981847288,0.633972537254186,0.406487564539807,5,"Not significant"
"Unstim / LPS+Nigericin","HSPA1A;HSPA1B","P0DMV8;P0DMV9","P0DMV8;P0DMV9","HS71A_HUMAN;HS71B_HUMAN","Heat shock 70 kDa protein 1A;Heat shock 70 kDa protein 1B","P0DMV9_Y137_M1_28","Phospho (STY)",-4.86716981847288,0.633972537254186,0.406487564539807,5,"Not significant"
"Unstim / LPS+Nigericin","SPP1","P10451","P10451","OSTP_HUMAN","Osteopontin","P10451_S310_M1_28","Phospho (STY)",0.572357917830173,0.633972537254186,0.346460847089995,6,"Not significant"
"Unstim / LPS+Nigericin","HSPD1","P10809","P10809","CH60_HUMAN","60 kDa heat shock protein, mitochondrial","P10809_Y223_M2_28","Phospho (STY)",-0.603407807274988,0.633972537254186,0.308044074463704,6,"Not significant"
"Unstim / LPS+Nigericin","HSPA5","P11021","P11021","BIP_HUMAN","Endoplasmic reticulum chaperone BiP","P11021_T445_M2_28","Phospho (STY)",6.86203501700681,0.633972537254186,0.421741806015424,6,"Not significant"
"Unstim / LPS+Nigericin","HSPA8","P11142","P11142","HSP7C_HUMAN","Heat shock cognate 71 kDa protein","P11142_T462_M1_28","Phospho (STY)",0.610766566104179,0.633972537254186,0.427439030382866,6,"Not significant"
"Unstim / LPS+Nigericin","HSPA8","P11142","P11142","HSP7C_HUMAN","Heat shock cognate 71 kDa protein","P11142_T66_M2_28","Phospho (STY)",0.512496916617896,0.633972537254186,0.343447998094788,6,"Not significant"
"Unstim / LPS+Nigericin","HSPA8","P11142","P11142","HSP7C_HUMAN","Heat shock cognate 71 kDa protein","P11142_T64_M2_28","Phospho (STY)",0.512496916617896,0.633972537254186,0.343447998094788,6,"Not significant"
"Unstim / LPS+Nigericin","PCNA","P12004","P12004","PCNA_HUMAN","Proliferating cell nuclear antigen","P12004_Y133_M1_28","Phospho (STY)",0.997361211626788,0.633972537254186,0.324914401673719,6,"Not significant"
"Unstim / LPS+Nigericin","P4HA1","P13674","P13674","P4HA1_HUMAN","Prolyl 4-hydroxylase subunit alpha-1","P13674_S149_M1_28","Phospho (STY)",-1.5628632348285,0.633972537254186,0.316905335735793,6,"Not significant"
"Unstim / LPS+Nigericin","HCLS1","P14317","P14317","HCLS1_HUMAN","Hematopoietic lineage cell-specific protein","P14317_S275_M1_28","Phospho (STY)",-2.4833966155705,0.633972537254186,0.433795011726014,6,"Not significant"
"Unstim / LPS+Nigericin","MMP9","P14780","P14780","MMP9_HUMAN","Matrix metalloproteinase-9","P14780_S66_M1_28","Phospho (STY)",-0.197704812642649,0.633972537254186,0.426820106829121,6,"Not significant"
"Unstim / LPS+Nigericin","H2AX","P16104","P16104","H2AX_HUMAN","Histone H2AX","P16104_T102_M1_28","Phospho (STY)",-4.01402281203198,0.633972537254186,0.426758526178172,6,"Not significant"
"Unstim / LPS+Nigericin","H1-5","P16401","P16401","H15_HUMAN","Histone H1.5","P16401_T39_M1_28","Phospho (STY)",-0.300413094391506,0.633972537254186,0.371436155603767,6,"Not significant"
"Unstim / LPS+Nigericin","H1-3","P16402","P16402","H13_HUMAN","Histone H1.3","P16402_S37_M1_28","Phospho (STY)",-12.3288011587366,0.633972537254186,0.422649852252516,6,"Not significant"
"Unstim / LPS+Nigericin","GM2A","P17900","P17900","SAP3_HUMAN","Ganglioside GM2 activator","P17900_Y145_M1_28","Phospho (STY)",1.13652024219634,0.633972537254186,0.340920941967831,4,"Not significant"
"Unstim / LPS+Nigericin","PSMC3","P17980","P17980","PRS6A_HUMAN","26S proteasome regulatory subunit 6A","P17980_S281_M2_28","Phospho (STY)",-4.66102334470889,0.633972537254186,0.423399339524529,6,"Not significant"
"Unstim / LPS+Nigericin","TCP1","P17987","P17987","TCPA_HUMAN","T-complex protein 1 subunit alpha","P17987_Y214_M1_28","Phospho (STY)",-3.13638273749146,0.633972537254186,0.413934561107562,5,"Not significant"
"Unstim / LPS+Nigericin","RAB4A","P20338","P20338","RAB4A_HUMAN","Ras-related protein Rab-4A","P20338_Y61_M1_28","Phospho (STY)",-6.4665945587948,0.633972537254186,0.424221345779888,6,"Not significant"
"Unstim / LPS+Nigericin","M6PR","P20645","P20645","MPRD_HUMAN","Cation-dependent mannose-6-phosphate receptor","P20645_S42_M1_28","Phospho (STY)",-1.11285135401936,0.633972537254186,0.42655640662304,6,"Not significant"
"Unstim / LPS+Nigericin","ATP6V1C1","P21283","P21283","VATC1_HUMAN","V-type proton ATPase subunit C 1","P21283_Y181_M1_28","Phospho (STY)",-0.610685812695042,0.633972537254186,0.340835699647084,6,"Not significant"
"Unstim / LPS+Nigericin","FLNA","P21333","P21333","FLNA_HUMAN","Filamin-A","P21333_S2279_M1_28","Phospho (STY)",0.307345771027878,0.633972537254186,0.43492838131928,6,"Not significant"
"Unstim / LPS+Nigericin","CANX","P27824","P27824","CALX_HUMAN","Calnexin","P27824_Y150_M2_28","Phospho (STY)",2.774560954077,0.633972537254186,0.409288083660228,6,"Not significant"
"Unstim / LPS+Nigericin","POLR2B","P30876","P30876","RPB2_HUMAN","DNA-directed RNA polymerase II subunit RPB2","P30876_Y1029_M2_28","Phospho (STY)",6.60772894028349,0.633972537254186,0.318691442441106,5,"Not significant"
"Unstim / LPS+Nigericin","PSMC2","P35998","P35998","PRS7_HUMAN","26S proteasome regulatory subunit 7","P35998_S68_M2_28","Phospho (STY)",-5.40511406236725,0.633972537254186,0.415316372140735,6,"Not significant"
"Unstim / LPS+Nigericin","HSPA9","P38646","P38646","GRP75_HUMAN","Stress-70 protein, mitochondrial","P38646_Y243_M1_28","Phospho (STY)",5.0473985272967,0.633972537254186,0.414972039782527,6,"Not significant"
"Unstim / LPS+Nigericin","MDH2","P40926","P40926","MDHM_HUMAN","Malate dehydrogenase, mitochondrial","P40926_Y80_M1_28","Phospho (STY)",-7.90025937234237,0.633972537254186,0.423189146259325,6,"Not significant"
"Unstim / LPS+Nigericin","CCT8","P50990","P50990","TCPQ_HUMAN","T-complex protein 1 subunit theta","P50990_Y468_M1_28","Phospho (STY)",0.719841378975048,0.633972537254186,0.324074114352178,6,"Not significant"
"Unstim / LPS+Nigericin","ACLY","P53396","P53396","ACLY_HUMAN","ATP-citrate synthase","P53396_S947_M1_28","Phospho (STY)",1.61546750253093,0.633972537254186,0.351367269368867,6,"Not significant"
"Unstim / LPS+Nigericin","HADHB","P55084","P55084","ECHB_HUMAN","Trifunctional enzyme subunit beta, mitochondrial","P55084_S262_M1_28","Phospho (STY)",-0.27658361013392,0.633972537254186,0.408948728146271,6,"Not significant"
"Unstim / LPS+Nigericin","H2BC12L","P57053","P57053","H2BFS_HUMAN","Histone H2B type F-S","P57053_Y84_M2_28","Phospho (STY)",5.1169391932389,0.633972537254186,0.427626697156643,6,"Not significant"
"Unstim / LPS+Nigericin","TPI1","P60174","P60174","TPIS_HUMAN","Triosephosphate isomerase","P60174_Y68_M1_28","Phospho (STY)",-1.63923790996318,0.633972537254186,0.3792868595431,6,"Not significant"
"Unstim / LPS+Nigericin","RAB4B","P61018","P61018","RAB4B_HUMAN","Ras-related protein Rab-4B","P61018_T56_M1_28","Phospho (STY)",-1.33002116725407,0.633972537254186,0.414351814614845,6,"Not significant"
"Unstim / LPS+Nigericin","RAB5B","P61020","P61020","RAB5B_HUMAN","Ras-related protein Rab-5B","P61020_S184_M1_28","Phospho (STY)",0.469136044487127,0.633972537254186,0.366979214163749,6,"Not significant"
"Unstim / LPS+Nigericin","RAB14","P61106","P61106","RAB14_HUMAN","Ras-related protein Rab-14","P61106_S56_M1_28","Phospho (STY)",-7.40667078704903,0.633972537254186,0.422609808040525,6,"Not significant"
"Unstim / LPS+Nigericin","RPL31","P62899","P62899","RL31_HUMAN","Large ribosomal subunit protein eL31","P62899_S15_M1_28","Phospho (STY)",-9.36027632663365,0.633972537254186,0.422003272169704,6,"Not significant"
"Unstim / LPS+Nigericin","PPP2R2A","P63151","P63151","2ABA_HUMAN","Serine/threonine-protein phosphatase 2A 55 kDa regulatory subunit B alpha isoform","P63151_Y440_M2_28","Phospho (STY)",-5.40568417634823,0.633972537254186,0.416271795087708,6,"Not significant"
"Unstim / LPS+Nigericin","EIF5A","P63241","P63241","IF5A1_HUMAN","Eukaryotic translation initiation factor 5A-1","P63241_T65_M1_28","Phospho (STY)",0.767126177916924,0.633972537254186,0.35266381441283,6,"Not significant"
"Unstim / LPS+Nigericin","DAB2","P98082","P98082","DAB2_HUMAN","Disabled homolog 2","P98082_Y50_M1_28","Phospho (STY)",-6.01415015293947,0.633972537254186,0.422724564178164,6,"Not significant"
"Unstim / LPS+Nigericin","FABP5","Q01469","Q01469","FABP5_HUMAN","Fatty acid-binding protein 5","Q01469_Y22_M1_28","Phospho (STY)",1.38435088351236,0.633972537254186,0.357004858766283,6,"Not significant"
"Unstim / LPS+Nigericin","CAP1","Q01518","Q01518","CAP1_HUMAN","Adenylyl cyclase-associated protein 1","Q01518_Y153_M1_28","Phospho (STY)",4.78151745976241,0.633972537254186,0.42525105500534,6,"Not significant"
"Unstim / LPS+Nigericin","CAP1","Q01518","Q01518","CAP1_HUMAN","Adenylyl cyclase-associated protein 1","Q01518_Y354_M2_28","Phospho (STY)",10.1939013956654,0.633972537254186,0.422437686935274,6,"Not significant"
"Unstim / LPS+Nigericin","CAP1","Q01518","Q01518","CAP1_HUMAN","Adenylyl cyclase-associated protein 1","Q01518_Y419_M2_28","Phospho (STY)",-11.3907451377849,0.633972537254186,0.422653462790097,6,"Not significant"
"Unstim / LPS+Nigericin","RPL18","Q07020","Q07020","RL18_HUMAN","Large ribosomal subunit protein eL18","Q07020_T136_M1_28","Phospho (STY)",0.267642065528107,0.633972537254186,0.330236866623017,6,"Not significant"
"Unstim / LPS+Nigericin","AHNAK","Q09666","Q09666","AHNK_HUMAN","Neuroblast differentiation-associated protein AHNAK","Q09666_S3159_M1_28","Phospho (STY)",0.528295426663221,0.633972537254186,0.367793640607343,6,"Not significant"
"Unstim / LPS+Nigericin","AHNAK","Q09666","Q09666","AHNK_HUMAN","Neuroblast differentiation-associated protein AHNAK","Q09666_S3941_M1_28","Phospho (STY)",0.528295426663221,0.633972537254186,0.367793640607343,6,"Not significant"
"Unstim / LPS+Nigericin","AHNAK","Q09666","Q09666","AHNK_HUMAN","Neuroblast differentiation-associated protein AHNAK","Q09666_S3611_M1_28","Phospho (STY)",0.562547381104782,0.633972537254186,0.425909574727171,6,"Not significant"
"Unstim / LPS+Nigericin","AHNAK","Q09666","Q09666","AHNK_HUMAN","Neuroblast differentiation-associated protein AHNAK","Q09666_S5752_M1_28","Phospho (STY)",0.813640590053648,0.633972537254186,0.368811283196131,6,"Not significant"
"Unstim / LPS+Nigericin","AHNAK","Q09666","Q09666","AHNK_HUMAN","Neuroblast differentiation-associated protein AHNAK","Q09666_T5729_M1_28","Phospho (STY)",-0.986822940181257,0.633972537254186,0.415321716512336,5,"Not significant"
"Unstim / LPS+Nigericin","AHNAK","Q09666","Q09666","AHNK_HUMAN","Neuroblast differentiation-associated protein AHNAK","Q09666_S5731_M1_28","Phospho (STY)",1.56534334822548,0.633972537254186,0.373963149417305,4,"Not significant"
"Unstim / LPS+Nigericin","AHNAK","Q09666","Q09666","AHNK_HUMAN","Neuroblast differentiation-associated protein AHNAK","Q09666_S4130_M1_28","Phospho (STY)",0.652913423908002,0.633972537254186,0.397829888275033,6,"Not significant"
"Unstim / LPS+Nigericin","AHNAK","Q09666","Q09666","AHNK_HUMAN","Neuroblast differentiation-associated protein AHNAK","Q09666_S4594_M1_28","Phospho (STY)",0.652913423908002,0.633972537254186,0.397829888275033,6,"Not significant"
"Unstim / LPS+Nigericin","AHNAK","Q09666","Q09666","AHNK_HUMAN","Neuroblast differentiation-associated protein AHNAK","Q09666_S216_M1_28","Phospho (STY)",1.00852250730319,0.633972537254186,0.331618161181812,6,"Not significant"
"Unstim / LPS+Nigericin","BST1","Q10588","Q10588","BST1_HUMAN","ADP-ribosyl cyclase/cyclic ADP-ribose hydrolase 2","Q10588_Y200_M2_28","Phospho (STY)",-3.86769940856851,0.633972537254186,0.423276596317259,5,"Not significant"
"Unstim / LPS+Nigericin","ECH1","Q13011","Q13011","ECH1_HUMAN","Delta(3,5)-Delta(2,4)-dienoyl-CoA isomerase, mitochondrial","Q13011_S244_M2_28","Phospho (STY)",-8.90368525613005,0.633972537254186,0.422489543769182,6,"Not significant"
"Unstim / LPS+Nigericin","ECH1","Q13011","Q13011","ECH1_HUMAN","Delta(3,5)-Delta(2,4)-dienoyl-CoA isomerase, mitochondrial","Q13011_S240_M2_28","Phospho (STY)",-8.90368525613005,0.633972537254186,0.422489543769182,6,"Not significant"
"Unstim / LPS+Nigericin","FKBP8","Q14318","Q14318","FKBP8_HUMAN","Peptidyl-prolyl cis-trans isomerase FKBP8","Q14318_Y322_M2_28","Phospho (STY)",4.29691536738842,0.633972537254186,0.420764475724376,6,"Not significant"
"Unstim / LPS+Nigericin","RBM39","Q14498","Q14498","RBM39_HUMAN","RNA-binding protein 39","Q14498_S136_M1_28","Phospho (STY)",0.427839244755289,0.633972537254186,0.376386692664022,6,"Not significant"
"Unstim / LPS+Nigericin","KARS1","Q15046","Q15046","SYK_HUMAN","Lysine--tRNA ligase","Q15046_T411_M1_28","Phospho (STY)",-0.316339772092044,0.633972537254186,0.351052699682379,6,"Not significant"
"Unstim / LPS+Nigericin","RRS1","Q15050","Q15050","RRS1_HUMAN","Ribosome biogenesis regulatory protein homolog","Q15050_T56_M2_28","Phospho (STY)",-1.21864923666868,0.633972537254186,0.313218120535044,6,"Not significant"
"Unstim / LPS+Nigericin","PEA15","Q15121","Q15121","PEA15_HUMAN","Astrocytic phosphoprotein PEA-15","Q15121_Y4_M1_28","Phospho (STY)",-3.37793342912616,0.633972537254186,0.374864382926619,6,"Not significant"
"Unstim / LPS+Nigericin","PLEC","Q15149","Q15149","PLEC_HUMAN","Plectin","Q15149_Y4112_M1_28","Phospho (STY)",-0.295750848932689,0.633972537254186,0.414806208427096,6,"Not significant"
"Unstim / LPS+Nigericin","NONO","Q15233","Q15233","NONO_HUMAN","Non-POU domain-containing octamer-binding protein","Q15233_Y158_M2_28","Phospho (STY)",0.286815950055578,0.633972537254186,0.423742270834461,6,"Not significant"
"Unstim / LPS+Nigericin","SF3B3","Q15393","Q15393","SF3B3_HUMAN","Splicing factor 3B subunit 3","Q15393_Y807_M2_28","Phospho (STY)",-5.72963308655924,0.633972537254186,0.418969801141505,6,"Not significant"
"Unstim / LPS+Nigericin","RAB11B","Q15907","Q15907","RB11B_HUMAN","Ras-related protein Rab-11B","Q15907_T59_M1_28","Phospho (STY)",0.231016108114018,0.633972537254186,0.425544775425413,6,"Not significant"
"Unstim / LPS+Nigericin","H2BC21","Q16778","Q16778","H2B2E_HUMAN","Histone H2B type 2-E","Q16778_S57_M1_28","Phospho (STY)",-0.444392170430607,0.633972537254186,0.429778048762654,4,"Not significant"
"Unstim / LPS+Nigericin","UGP2","Q16851","Q16851","UGPA_HUMAN","UTP--glucose-1-phosphate uridylyltransferase","Q16851_S200_M1_28","Phospho (STY)",0.403371907659648,0.633972537254186,0.310675795975722,6,"Not significant"
"Unstim / LPS+Nigericin","ACTBL2","Q562R1","Q562R1","ACTBL_HUMAN","Beta-actin-like protein 2","Q562R1_Y241_M1_28","Phospho (STY)",0.979483843206088,0.633972537254186,0.360997056680935,6,"Not significant"
"Unstim / LPS+Nigericin","PPP6R3","Q5H9R7","Q5H9R7","PP6R3_HUMAN","Serine/threonine-protein phosphatase 6 regulatory subunit 3","Q5H9R7_T171_M1_28","Phospho (STY)",0.687709024610955,0.633972537254186,0.320339259723469,6,"Not significant"
"Unstim / LPS+Nigericin","PRPF8","Q6P2Q9","Q6P2Q9","PRP8_HUMAN","Pre-mRNA-processing-splicing factor 8","Q6P2Q9_Y1991_M1_28","Phospho (STY)",-4.23107351652774,0.633972537254186,0.429549718187179,6,"Not significant"
"Unstim / LPS+Nigericin","HDGFL2","Q7Z4V5","Q7Z4V5","HDGR2_HUMAN","Hepatoma-derived growth factor-related protein 2","Q7Z4V5_Y40_M1_28","Phospho (STY)",1.38626251765171,0.633972537254186,0.329862937345085,6,"Not significant"
"Unstim / LPS+Nigericin","GLRX5","Q86SX6","Q86SX6","GLRX5_HUMAN","Glutaredoxin-related protein 5, mitochondrial","Q86SX6_T61_M2_28","Phospho (STY)",6.25827914403457,0.633972537254186,0.37648293532774,6,"Not significant"
"Unstim / LPS+Nigericin","THOC2","Q8NI27","Q8NI27","THOC2_HUMAN","THO complex subunit 2","Q8NI27_Y54_M2_28","Phospho (STY)",0.34788275651175,0.633972537254186,0.318656400579175,6,"Not significant"
"Unstim / LPS+Nigericin","GOLGA1","Q92805","Q92805","GOGA1_HUMAN","Golgin subfamily A member 1","Q92805_T518_M1_28","Phospho (STY)",3.30995669607853,0.633972537254186,0.414526814744653,6,"Not significant"
"Unstim / LPS+Nigericin","GGH","Q92820","Q92820","GGH_HUMAN","Gamma-glutamyl hydrolase","Q92820_T30_M1_28","Phospho (STY)",-2.79843285931536,0.633972537254186,0.415937398906777,6,"Not significant"
"Unstim / LPS+Nigericin","DDX17","Q92841","Q92841","DDX17_HUMAN","Probable ATP-dependent RNA helicase DDX17","Q92841_S466_M1_28","Phospho (STY)",0.420171611156611,0.633972537254186,0.325290106863956,6,"Not significant"
"Unstim / LPS+Nigericin","DDX17","Q92841","Q92841","DDX17_HUMAN","Probable ATP-dependent RNA helicase DDX17","Q92841_Y519_M1_28","Phospho (STY)",0.674256286983568,0.633972537254186,0.304839617298704,6,"Not significant"
"Unstim / LPS+Nigericin","SH3KBP1","Q96B97","Q96B97","SH3K1_HUMAN","SH3 domain-containing kinase-binding protein 1","Q96B97_S230_M1_28","Phospho (STY)",0.943968493574805,0.633972537254186,0.391224201121791,6,"Not significant"
"Unstim / LPS+Nigericin","PARK7","Q99497","Q99497","PARK7_HUMAN","Parkinson disease protein 7","Q99497_T19_M1_28","Phospho (STY)",0.423291508705101,0.633972537254186,0.377777440871222,6,"Not significant"
"Unstim / LPS+Nigericin","LMAN2L","Q9H0V9","Q9H0V9","LMA2L_HUMAN","VIP36-like protein","Q9H0V9_Y134_M2_28","Phospho (STY)",-6.87225195424326,0.633972537254186,0.421589242258431,6,"Not significant"
"Unstim / LPS+Nigericin","CHMP4B","Q9H444","Q9H444","CHM4B_HUMAN","Charged multivesicular body protein 4b","Q9H444_T21_M1_28","Phospho (STY)",0.459713269218989,0.633972537254186,0.305455698210109,6,"Not significant"
"Unstim / LPS+Nigericin","ACAD9","Q9H845","Q9H845","ACAD9_HUMAN","Complex I assembly factor ACAD9, mitochondrial","Q9H845_Y165_M2_28","Phospho (STY)",-8.11896086845631,0.633972537254186,0.42241530041057,6,"Not significant"
"Unstim / LPS+Nigericin","RAB18","Q9NP72","Q9NP72","RAB18_HUMAN","Ras-related protein Rab-18","Q9NP72_T49_M1_28","Phospho (STY)",-8.38585999687275,0.633972537254186,0.422833740871025,6,"Not significant"
"Unstim / LPS+Nigericin","RAB9B","Q9NP90","Q9NP90","RAB9B_HUMAN","Ras-related protein Rab-9B","Q9NP90_Y108_M1_28","Phospho (STY)",-7.20235947506231,0.633972537254186,0.423471720784974,5,"Not significant"
"Unstim / LPS+Nigericin","POLR3E","Q9NVU0","Q9NVU0","RPC5_HUMAN","DNA-directed RNA polymerase III subunit RPC5","Q9NVU0_Y404_M1_28","Phospho (STY)",-1.78520504224764,0.633972537254186,0.347330061634998,6,"Not significant"
"Unstim / LPS+Nigericin","NHP2","Q9NX24","Q9NX24","NHP2_HUMAN","H/ACA ribonucleoprotein complex subunit 2","Q9NX24_Y24_M1_28","Phospho (STY)",0.39697989536933,0.633972537254186,0.372957236182605,6,"Not significant"
"Unstim / LPS+Nigericin","BCLAF1","Q9NYF8","Q9NYF8","BCLF1_HUMAN","Bcl-2-associated transcription factor 1","Q9NYF8_S177_M1_28","Phospho (STY)",1.92579071142324,0.633972537254186,0.385274546612819,5,"Not significant"
"Unstim / LPS+Nigericin","ACIN1","Q9UKV3","Q9UKV3","ACINU_HUMAN","Apoptotic chromatin condensation inducer in the nucleus","Q9UKV3_S1004_M1_28","Phospho (STY)",0.247385233727407,0.633972537254186,0.315848318683684,6,"Not significant"
"Unstim / LPS+Nigericin","THRAP3","Q9Y2W1","Q9Y2W1","TR150_HUMAN","Thyroid hormone receptor-associated protein 3","Q9Y2W1_S253_M2_28","Phospho (STY)",7.67237878385473,0.633972537254186,0.422223989722569,6,"Not significant"
"Unstim / LPS+Nigericin","THRAP3","Q9Y2W1","Q9Y2W1","TR150_HUMAN","Thyroid hormone receptor-associated protein 3","Q9Y2W1_S248_M1_28","Phospho (STY)",0.396582951054935,0.633972537254186,0.325361878168615,6,"Not significant"
"Unstim / LPS+Nigericin","TLN1","Q9Y490","Q9Y490","TLN1_HUMAN","Talin-1","Q9Y490_T1663_M1_28","Phospho (STY)",0.542690974859114,0.633972537254186,0.386102094827817,6,"Not significant"
"Unstim / LPS+Nigericin","MANF","P55145","P55145","MANF_HUMAN","Mesencephalic astrocyte-derived neurotrophic factor","P55145_S52_M1_28","Phospho (STY)",-0.507891410613322,0.633972537254186,0.324911503557281,4,"Not significant"
"Unstim / LPS+Nigericin","PRR14","Q9BWN1","Q9BWN1","PRR14_HUMAN","Proline-rich protein 14","Q9BWN1_S514_M1_28","Phospho (STY)",4.56286665829919,0.633972537254186,0.409126047819493,6,"Not significant"
"Unstim / LPS+Nigericin","PRSS1","Cont_P00760","Cont_P00760","TRY1_BOVIN","Serine protease 1","Cont_P00760_S89_M1_28","Phospho (STY)",0.333764192532255,0.633972537254186,0.327318265692674,4,"Not significant"
"Unstim / LPS+Nigericin","FBL","P22087","P22087","FBRL_HUMAN","rRNA 2'-O-methyltransferase fibrillarin","P22087_Y302_M2_28","Phospho (STY)",-0.847819079648069,0.633972537254186,0.304569048777899,4,"Not significant"
"Unstim / LPS+Nigericin","HMOX2","P30519","P30519","HMOX2_HUMAN","Heme oxygenase 2","P30519_Y157_M1_28","Phospho (STY)",0.745784343786604,0.633972537254186,0.410011932793522,5,"Not significant"
"Unstim / LPS+Nigericin","LAIR1","Q6GTX8","Q6GTX8","LAIR1_HUMAN","Leukocyte-associated immunoglobulin-like receptor 1","Q6GTX8_S268_M1_28","Phospho (STY)",1.14543034903952,0.633972537254186,0.323993324508301,4,"Not significant"
"Unstim / LPS+Nigericin","RRBP1","Q9P2E9","Q9P2E9","RRBP1_HUMAN","Ribosome-binding protein 1","Q9P2E9_S154_M2_28","Phospho (STY)",2.87872418623612,0.633972537254186,0.433310139516341,6,"Not significant"
"Unstim / LPS+Nigericin","GOT2","P00505","P00505","AATM_HUMAN","Aspartate aminotransferase, mitochondrial","P00505_S317_M2_28","Phospho (STY)",0.372174488915809,0.634128189222172,0.437474365447409,6,"Not significant"
"Unstim / LPS+Nigericin","GOT2","P00505","P00505","AATM_HUMAN","Aspartate aminotransferase, mitochondrial","P00505_Y316_M2_28","Phospho (STY)",0.372174488915809,0.634128189222172,0.437474365447409,6,"Not significant"
"Unstim / LPS+Nigericin","TFAM","Q00059","Q00059","TFAM_HUMAN","Transcription factor A, mitochondrial","Q00059_Y200_M1_28","Phospho (STY)",0.44565576693842,0.634530408949784,0.440829286632406,6,"Not significant"
"Unstim / LPS+Nigericin","BASP1","P80723","P80723","BASP1_HUMAN","Brain acid soluble protein 1","P80723_T162_M1_28","Phospho (STY)",-1.26463326693733,0.634692087480986,0.441666057497369,5,"Not significant"
"Unstim / LPS+Nigericin","MDH2","P40926","P40926","MDHM_HUMAN","Malate dehydrogenase, mitochondrial","P40926_T204_M2_28","Phospho (STY)",1.71301443579673,0.635137538260657,0.444400172041936,6,"Not significant"
"Unstim / LPS+Nigericin","RPL4","P36578","P36578","RL4_HUMAN","Large ribosomal subunit protein uL4","P36578_Y161_M1_28","Phospho (STY)",0.307477022035538,0.636824159638038,0.451748649682135,6,"Not significant"
"Unstim / LPS+Nigericin","ABCC3","O15438","O15438","MRP3_HUMAN","ATP-binding cassette sub-family C member 3","O15438_S273_M1_28","Phospho (STY)",0.181585398244886,0.636937538892106,0.452085236080104,5,"Not significant"
"Unstim / LPS+Nigericin","AHNAK","Q09666","Q09666","AHNK_HUMAN","Neuroblast differentiation-associated protein AHNAK","Q09666_S5448_M1_28","Phospho (STY)",0.459144288804008,0.637029462910547,0.452315254896409,6,"Not significant"
"Unstim / LPS+Nigericin","RPS20","P60866","P60866","RS20_HUMAN","Small ribosomal subunit protein uS10","P60866_T9_M2_28","Phospho (STY)",0.112746978821727,0.637527236717787,0.454381901924426,6,"Not significant"
"Unstim / LPS+Nigericin","RPS20","P60866","P60866","RS20_HUMAN","Small ribosomal subunit protein uS10","P60866_T6_M2_28","Phospho (STY)",0.112746978821727,0.637527236717787,0.454381901924426,6,"Not significant"
"Unstim / LPS+Nigericin","PCBP2","Q15366","Q15366","PCBP2_HUMAN","Poly(rC)-binding protein 2","Q15366_S107_M1_28","Phospho (STY)",0.520022206861614,0.637717244933508,0.455108916363438,5,"Not significant"
"Unstim / LPS+Nigericin","GAPDH","P04406","P04406","G3P_HUMAN","Glyceraldehyde-3-phosphate dehydrogenase","P04406_S125_M2_28","Phospho (STY)",-0.524243739149566,0.638068907104146,0.456658582393645,6,"Not significant"
"Unstim / LPS+Nigericin","GAPDH","P04406","P04406","G3P_HUMAN","Glyceraldehyde-3-phosphate dehydrogenase","P04406_S122_M2_28","Phospho (STY)",-0.524243739149566,0.638068907104146,0.456658582393645,6,"Not significant"
"Unstim / LPS+Nigericin","HNRNPD","Q14103","Q14103","HNRPD_HUMAN","Heterogeneous nuclear ribonucleoprotein D0","Q14103_Y201_M1_28","Phospho (STY)",2.00400800842134,0.63837726577217,0.457677646691731,6,"Not significant"
"Unstim / LPS+Nigericin","RAB37","Q96AX2","Q96AX2","RAB37_HUMAN","Ras-related protein Rab-37","Q96AX2_T73_M1_28","Phospho (STY)",0.570801201837714,0.638975184702652,0.459862807679597,6,"Not significant"
"Unstim / LPS+Nigericin","HP1BP3","Q5SSJ5","Q5SSJ5","HP1B3_HUMAN","Heterochromatin protein 1-binding protein 3","Q5SSJ5_Y379_M2_28","Phospho (STY)",-2.02286196719275,0.639476492600056,0.461619941405127,6,"Not significant"
"Unstim / LPS+Nigericin","ADGRE5","P48960","P48960","AGRE5_HUMAN","Adhesion G protein-coupled receptor E5","P48960_Y352_M1_28","Phospho (STY)",-0.321319517556479,0.639870120848733,0.463048634458839,6,"Not significant"
"Unstim / LPS+Nigericin","OS9","Q13438","Q13438","OS9_HUMAN","Protein OS-9","Q13438_T546_M1_28","Phospho (STY)",0.334169207974952,0.639945381930089,0.4634281065557,6,"Not significant"
"Unstim / LPS+Nigericin","SRSF1","Q07955","Q07955","SRSF1_HUMAN","Serine/arginine-rich splicing factor 1","Q07955_Y149_M1_28","Phospho (STY)",0.701818009613077,0.640008309570707,0.463785797166254,6,"Not significant"
"Unstim / LPS+Nigericin","COMT","P21964","P21964","COMT_HUMAN","Catechol O-methyltransferase","P21964_T163_M1_28","Phospho (STY)",1.18419113414556,0.640614114163028,0.465902601758851,6,"Not significant"
"Unstim / LPS+Nigericin","P4HB","P07237","P07237","PDIA1_HUMAN","Protein disulfide-isomerase","P07237_Y116_M2_28","Phospho (STY)",-0.159874421254988,0.640656726086877,0.466150778700819,6,"Not significant"
"Unstim / LPS+Nigericin","MSI2","Q96DH6","Q96DH6","MSI2H_HUMAN","RNA-binding protein Musashi homolog 2","Q96DH6_S74_M1_28","Phospho (STY)",-0.467499204102086,0.640923325335966,0.466943478761733,4,"Not significant"
"Unstim / LPS+Nigericin","LNPK","Q9C0E8","Q9C0E8","LNP_HUMAN","Endoplasmic reticulum junction formation protein lunapark","Q9C0E8_S194_M1_28","Phospho (STY)",0.764325228912881,0.641463214608514,0.468683914818627,6,"Not significant"
"Unstim / LPS+Nigericin","ACTBL2","Q562R1","Q562R1","ACTBL_HUMAN","Beta-actin-like protein 2","Q562R1_Y295_M1_28","Phospho (STY)",1.70428935320017,0.641521287806898,0.468909043465614,6,"Not significant"
"Unstim / LPS+Nigericin","RARS1","P54136","P54136","SYRC_HUMAN","Arginine--tRNA ligase, cytoplasmic","P54136_S177_M1_28","Phospho (STY)",-2.91114323253059,0.642164020213212,0.471304464802675,5,"Not significant"
"Unstim / LPS+Nigericin","HSPA8","P11142","P11142","HSP7C_HUMAN","Heat shock cognate 71 kDa protein","P11142_S329_M1_28","Phospho (STY)",0.796981720329668,0.642224887760364,0.471446289593852,6,"Not significant"
"Unstim / LPS+Nigericin","TPI1","P60174","P60174","TPIS_HUMAN","Triosephosphate isomerase","P60174_S21_M1_28","Phospho (STY)",1.1644051672546,0.642674707066048,0.472920430366582,6,"Not significant"
"Unstim / LPS+Nigericin","BTF3","P20290","P20290","BTF3_HUMAN","Transcription factor BTF3","P20290_T110_M2_28","Phospho (STY)",-2.58871816120793,0.642958626529619,0.473751317525835,4,"Not significant"
"Unstim / LPS+Nigericin","GYS1","P13807","P13807","GYS1_HUMAN","Glycogen [starch] synthase, muscle","P13807_Y405_M1_28","Phospho (STY)",0.508658690977648,0.643346547534295,0.474923795998249,6,"Not significant"
"Unstim / LPS+Nigericin","CORO7","P57737","P57737","CORO7_HUMAN","Coronin-7","P57737_T540_M1_28","Phospho (STY)",-0.495282104966349,0.643794965461638,0.476364605046718,5,"Not significant"
"Unstim / LPS+Nigericin","ALDOA","P04075","P04075","ALDOA_HUMAN","Fructose-bisphosphate aldolase A","P04075_S160_M2_28","Phospho (STY)",-2.85474408114453,0.644070215911043,0.477217095238694,6,"Not significant"
"Unstim / LPS+Nigericin","ALDOA","P04075","P04075","ALDOA_HUMAN","Fructose-bisphosphate aldolase A","P04075_T158_M2_28","Phospho (STY)",-2.85474408114453,0.644070215911043,0.477217095238694,6,"Not significant"
"Unstim / LPS+Nigericin","BSG","P35613","P35613","BASI_HUMAN","Basigin","P35613_T141_M1_28","Phospho (STY)",0.211525340376078,0.644173591022698,0.477590564614661,6,"Not significant"
"Unstim / LPS+Nigericin","ANXA1","P04083","P04083","ANXA1_HUMAN","Annexin A1","P04083_S46_M1_28","Phospho (STY)",-0.317295978579517,0.644339742600033,0.478235088900794,4,"Not significant"
"Unstim / LPS+Nigericin","SOD2","P04179","P04179","SODM_HUMAN","Superoxide dismutase [Mn], mitochondrial","P04179_Y69_M2_28","Phospho (STY)",-2.63371392041986,0.644482739988315,0.478672884667555,4,"Not significant"
"Unstim / LPS+Nigericin","EIF5","P55010","P55010","IF5_HUMAN","Eukaryotic translation initiation factor 5","P55010_Y56_M2_28","Phospho (STY)",4.86542899327469,0.644575939432297,0.478967060310493,4,"Not significant"
"Unstim / LPS+Nigericin","PLXNB2","O15031","O15031","PLXB2_HUMAN","Plexin-B2","O15031_T822_M2_28","Phospho (STY)",0.576642273657408,0.644696789200346,0.502688033852559,6,"Not significant"
"Unstim / LPS+Nigericin","POTEI","P0CG38","P0CG38","POTEI_HUMAN","POTE ankyrin domain family member I","P0CG38_Y918_M2_28","Phospho (STY)",2.99182013494269,0.644696789200346,0.481070833341426,5,"Not significant"
"Unstim / LPS+Nigericin","HSPD1","P10809","P10809","CH60_HUMAN","60 kDa heat shock protein, mitochondrial","P10809_T422_M1_28","Phospho (STY)",10.7934087420146,0.644696789200346,0.499938279029569,5,"Not significant"
"Unstim / LPS+Nigericin","DARS1","P14868","P14868","SYDC_HUMAN","Aspartate--tRNA ligase, cytoplasmic","P14868_T220_M1_28","Phospho (STY)",6.12587645795734,0.644696789200346,0.498537278884336,4,"Not significant"
"Unstim / LPS+Nigericin","DNAJA1","P31689","P31689","DNJA1_HUMAN","DnaJ homolog subfamily A member 1","P31689_T284_M1_28","Phospho (STY)",-7.68247190775381,0.644696789200346,0.500159799039156,5,"Not significant"
"Unstim / LPS+Nigericin","EIF1AX","P47813","P47813","IF1AX_HUMAN","Eukaryotic translation initiation factor 1A, X-chromosomal","P47813_S74_M2_28","Phospho (STY)",3.17665876364213,0.644696789200346,0.495838602219215,4,"Not significant"
"Unstim / LPS+Nigericin","IDH3G","P51553","P51553","IDH3G_HUMAN","Isocitrate dehydrogenase [NAD] subunit gamma, mitochondrial","P51553_Y51_M2_28","Phospho (STY)",6.76605625712624,0.644696789200346,0.498478384202196,5,"Not significant"
"Unstim / LPS+Nigericin","AHNAK","Q09666","Q09666","AHNK_HUMAN","Neuroblast differentiation-associated protein AHNAK","Q09666_S4092_M1_28","Phospho (STY)",-4.92178015427431,0.644696789200346,0.502937819045732,5,"Not significant"
"Unstim / LPS+Nigericin","AHNAK","Q09666","Q09666","AHNK_HUMAN","Neuroblast differentiation-associated protein AHNAK","Q09666_S2397_M1_28","Phospho (STY)",0.926907848427423,0.644696789200346,0.480919512701746,6,"Not significant"
"Unstim / LPS+Nigericin","ILF2","Q12905","Q12905","ILF2_HUMAN","Interleukin enhancer-binding factor 2","Q12905_Y338_M1_28","Phospho (STY)",6.25354788457536,0.644696789200346,0.49853267801409,4,"Not significant"
"Unstim / LPS+Nigericin","TRIP12","Q14669","Q14669","TRIPC_HUMAN","E3 ubiquitin-protein ligase TRIP12","Q14669_T758_M1_28","Phospho (STY)",-0.590176324329823,0.644696789200346,0.484230701122099,6,"Not significant"
"Unstim / LPS+Nigericin","WDFY3","Q8IZQ1","Q8IZQ1","WDFY3_HUMAN","WD repeat and FYVE domain-containing protein 3","Q8IZQ1_S1980_M1_28","Phospho (STY)",0.539834667146758,0.644696789200346,0.48511259852436,6,"Not significant"
"Unstim / LPS+Nigericin","TUBB6","Q9BUF5","Q9BUF5","TBB6_HUMAN","Tubulin beta-6 chain","Q9BUF5_Y281_M1_28","Phospho (STY)",-0.569091913896735,0.644696789200346,0.497603148880154,5,"Not significant"
"Unstim / LPS+Nigericin","RPL17","P18621","P18621","RL17_HUMAN","Large ribosomal subunit protein uL22","P18621_S100_M1_28","Phospho (STY)",-7.02345482566613,0.644696789200346,0.498350621592992,5,"Not significant"
"Unstim / LPS+Nigericin","CES1","P23141","P23141","EST1_HUMAN","Liver carboxylesterase 1","P23141_Y118_M2_28","Phospho (STY)",7.09753817440878,0.644696789200346,0.500999097866357,4,"Not significant"
"Unstim / LPS+Nigericin","TPI1","P60174","P60174","TPIS_HUMAN","Triosephosphate isomerase","P60174_Y48_M2_28","Phospho (STY)",-8.83167662050453,0.644696789200346,0.500304410956653,4,"Not significant"
"Unstim / LPS+Nigericin","PCBP2","Q15366","Q15366","PCBP2_HUMAN","Poly(rC)-binding protein 2","Q15366_S141_M2_28","Phospho (STY)",-2.51843859532581,0.644696789200346,0.48787606088087,4,"Not significant"
"Unstim / LPS+Nigericin","CHMP4B","Q9H444","Q9H444","CHM4B_HUMAN","Charged multivesicular body protein 4b","Q9H444_Y75_M3_28","Phospho (STY)",-8.18972772534823,0.644696789200346,0.499208038881006,4,"Not significant"
"Unstim / LPS+Nigericin","CORO7","P57737","P57737","CORO7_HUMAN","Coronin-7","P57737_T536_M2_28","Phospho (STY)",-3.44936011307,0.644696789200346,0.498963557253757,4,"Not significant"
"Unstim / LPS+Nigericin","DPYSL2","Q16555","Q16555","DPYL2_HUMAN","Dihydropyrimidinase-related protein 2","Q16555_T555_M1_28","Phospho (STY)",4.3650987417224,0.644795971627844,0.504545179893714,5,"Not significant"
"Unstim / LPS+Nigericin","LAP3","P28838","P28838","AMPL_HUMAN","Cytosol aminopeptidase","P28838_Y87_M2_28","Phospho (STY)",-4.60039394467776,0.644853192494238,0.504905775335198,4,"Not significant"
"Unstim / LPS+Nigericin","PRKAR1A","P10644","P10644","KAP0_HUMAN","cAMP-dependent protein kinase type I-alpha regulatory subunit","P10644_S83_M1_28","Phospho (STY)",0.384098155300162,0.645037056559446,0.506280846053479,6,"Not significant"
"Unstim / LPS+Nigericin","SLC25A24","Q6NUK1","Q6NUK1","SCMC1_HUMAN","Mitochondrial adenyl nucleotide antiporter SLC25A24","Q6NUK1_Y404_M1_28","Phospho (STY)",-0.965963840820157,0.645301477971996,0.507966736400342,6,"Not significant"
"Unstim / LPS+Nigericin","ACIN1","Q9UKV3","Q9UKV3","ACINU_HUMAN","Apoptotic chromatin condensation inducer in the nucleus","Q9UKV3_S410_M1_28","Phospho (STY)",-0.379568740899345,0.645589033308533,0.508891755438261,5,"Not significant"
"Unstim / LPS+Nigericin","HSP90B1","P14625","P14625","ENPL_HUMAN","Endoplasmin","P14625_Y652_M3_28","Phospho (STY)",0.410476921899013,0.645846455846988,0.50991501728796,4,"Not significant"
"Unstim / LPS+Nigericin","MSN","P26038","P26038","MOES_HUMAN","Moesin","P26038_S576_M1_28","Phospho (STY)",0.589146931736537,0.646483060848692,0.512235629607956,6,"Not significant"
"Unstim / LPS+Nigericin","NACA","E9PAV3;Q13765","E9PAV3;Q13765","NACAM_HUMAN;NACA_HUMAN","Nascent polypeptide-associated complex subunit alpha, muscle-specific form;Nascent polypeptide-associated complex subunit alpha","E9PAV3_Y1983_M1_28","Phospho (STY)",0.275885459240245,0.647109899881434,0.514402178363856,6,"Not significant"
"Unstim / LPS+Nigericin","NACA","E9PAV3;Q13765","E9PAV3;Q13765","NACAM_HUMAN;NACA_HUMAN","Nascent polypeptide-associated complex subunit alpha, muscle-specific form;Nascent polypeptide-associated complex subunit alpha","Q13765_Y120_M1_28","Phospho (STY)",0.275885459240245,0.647109899881434,0.514402178363856,6,"Not significant"
"Unstim / LPS+Nigericin","GTPBP4","Q9BZE4","Q9BZE4","GTPB4_HUMAN","GTP-binding protein 4","Q9BZE4_Y58_M1_28","Phospho (STY)",0.6925506249037,0.647191901176981,0.514708896759493,4,"Not significant"
"Unstim / LPS+Nigericin","DDX3X","O00571","O00571","DDX3X_HUMAN","ATP-dependent RNA helicase DDX3X","O00571_Y266_M1_28","Phospho (STY)",3.11221745980552,0.648172342045193,0.518464624220531,4,"Not significant"
"Unstim / LPS+Nigericin","SSBP1","Q04837","Q04837","SSBP_HUMAN","Single-stranded DNA-binding protein, mitochondrial","Q04837_T144_M2_28","Phospho (STY)",-0.933147900665354,0.648214541926708,0.518555663395974,4,"Not significant"
"Unstim / LPS+Nigericin","SSBP1","Q04837","Q04837","SSBP_HUMAN","Single-stranded DNA-binding protein, mitochondrial","Q04837_S141_M2_28","Phospho (STY)",-0.933147900665354,0.648214541926708,0.518555663395974,4,"Not significant"
"Unstim / LPS+Nigericin","MTDH","Q86UE4","Q86UE4","LYRIC_HUMAN","Protein LYRIC","Q86UE4_S251_M1_28","Phospho (STY)",1.1352412860357,0.648298759638674,0.518934403843909,6,"Not significant"
"Unstim / LPS+Nigericin","P4HB","P07237","P07237","PDIA1_HUMAN","Protein disulfide-isomerase","P07237_T319_M1_28","Phospho (STY)",-0.221452335402146,0.648528257991262,0.519636808785053,4,"Not significant"
"Unstim / LPS+Nigericin","NUP85","Q9BW27","Q9BW27","NUP85_HUMAN","Nuclear pore complex protein Nup85","Q9BW27_T579_M2_28","Phospho (STY)",-2.86112262607429,0.649206844309698,0.522046728660358,4,"Not significant"
"Unstim / LPS+Nigericin","EEF1A1P5","Q5VTE0","Q5VTE0","EF1A3_HUMAN","Putative elongation factor 1-alpha-like 3","Q5VTE0_Y357_M1_28","Phospho (STY)",0.243322194173795,0.650351582865965,0.525764063025357,6,"Not significant"
"Unstim / LPS+Nigericin","B2M","P61769","P61769","B2MG_HUMAN","Beta-2-microglobulin","P61769_Y46_M1_28","Phospho (STY)",1.28312456789148,0.650683269564395,0.526502346309354,5,"Not significant"
"Unstim / LPS+Nigericin","WDFY3","Q8IZQ1","Q8IZQ1","WDFY3_HUMAN","WD repeat and FYVE domain-containing protein 3","Q8IZQ1_S1315_M1_28","Phospho (STY)",0.57619608848908,0.651626846026412,0.529288604758771,6,"Not significant"
"Unstim / LPS+Nigericin","HSPA5","P11021","P11021","BIP_HUMAN","Endoplasmic reticulum chaperone BiP","P11021_S354_M1_28","Phospho (STY)",-0.428597452570054,0.651683545545232,0.529514046208472,5,"Not significant"
"Unstim / LPS+Nigericin","AHNAK","Q09666","Q09666","AHNK_HUMAN","Neuroblast differentiation-associated protein AHNAK","Q09666_S758_M1_28","Phospho (STY)",0.346605179071375,0.652021203760268,0.530434071834705,6,"Not significant"
"Unstim / LPS+Nigericin","SRRM2","Q9UQ35","Q9UQ35","SRRM2_HUMAN","Serine/arginine repetitive matrix protein 2","Q9UQ35_S2398_M1_28","Phospho (STY)",0.307400668580206,0.652174983840057,0.530865892743176,4,"Not significant"
"Unstim / LPS+Nigericin","HNRNPA1","P09651","P09651","ROA1_HUMAN","Heterogeneous nuclear ribonucleoprotein A1","P09651_Y62_M2_28","Phospho (STY)",0.723013406521558,0.655062362533646,0.539645784482029,6,"Not significant"
"Unstim / LPS+Nigericin","TAGLN2","P37802","P37802","TAGL2_HUMAN","Transgelin-2","P37802_Y70_M1_28","Phospho (STY)",0.497625108770203,0.655083848422901,0.539759378851892,6,"Not significant"
"Unstim / LPS+Nigericin","HSPA2","P54652","P54652","HSP72_HUMAN","Heat shock-related 70 kDa protein 2","P54652_Y108_M1_28","Phospho (STY)",-0.870963090153739,0.655279369281744,0.54032208480098,6,"Not significant"
"Unstim / LPS+Nigericin","TUBB2A","Q13885","Q13885","TBB2A_HUMAN","Tubulin beta-2A chain","Q13885_S124_M2_28","Phospho (STY)",0.821966681491199,0.655941303006812,0.542159599897093,5,"Not significant"
"Unstim / LPS+Nigericin","ISCU","Q9H1K1","Q9H1K1","ISCU_HUMAN","Iron-sulfur cluster assembly enzyme ISCU","Q9H1K1_S97_M1_28","Phospho (STY)",-0.253961083163268,0.655969387317812,0.542302342060849,5,"Not significant"
"Unstim / LPS+Nigericin","GNA11","P29992","P29992","GNA11_HUMAN","Guanine nucleotide-binding protein subunit alpha-11","P29992_Y172_M1_28","Phospho (STY)",0.268443840914796,0.656056050477009,0.542522123458201,6,"Not significant"
"Unstim / LPS+Nigericin","NUP153","P49790","P49790","NU153_HUMAN","Nuclear pore complex protein Nup153","P49790_S240_M1_28","Phospho (STY)",-0.461762600737306,0.65669742879036,0.544421954557902,5,"Not significant"
"Unstim / LPS+Nigericin","PDIA3","P30101","P30101","PDIA3_HUMAN","Protein disulfide-isomerase A3","P30101_Y364_M1_28","Phospho (STY)",1.84526793243937,0.657772931795235,0.547577801590449,6,"Not significant"
"Unstim / LPS+Nigericin","AHNAK","Q09666","Q09666","AHNK_HUMAN","Neuroblast differentiation-associated protein AHNAK","Q09666_S3326_M1_28","Phospho (STY)",-0.519312670604547,0.658054045602902,0.548422641155281,5,"Not significant"
"Unstim / LPS+Nigericin","CALR","P27797","P27797","CALR_HUMAN","Calreticulin","P27797_Y172_M3_28","Phospho (STY)",0.32059237812305,0.658068755436044,0.548486738180331,6,"Not significant"
"Unstim / LPS+Nigericin","SAMHD1","Q9Y3Z3","Q9Y3Z3","SAMH1_HUMAN","Deoxynucleoside triphosphate triphosphohydrolase SAMHD1","Q9Y3Z3_T592_M1_28","Phospho (STY)",0.742846260718754,0.658429523441694,0.549633624103084,6,"Not significant"
"Unstim / LPS+Nigericin","HSPA2","P54652","P54652","HSP72_HUMAN","Heat shock-related 70 kDa protein 2","P54652_Y614_M1_28","Phospho (STY)",-0.370700232270469,0.65869212043483,0.55047830255652,6,"Not significant"
"Unstim / LPS+Nigericin","AHNAK","Q09666","Q09666","AHNK_HUMAN","Neuroblast differentiation-associated protein AHNAK","Q09666_S2252_M1_28","Phospho (STY)",0.406484836969397,0.658753425860405,0.550684271988038,6,"Not significant"
"Unstim / LPS+Nigericin","AHNAK","Q09666","Q09666","AHNK_HUMAN","Neuroblast differentiation-associated protein AHNAK","Q09666_S4069_M1_28","Phospho (STY)",0.406484836969397,0.658753425860405,0.550684271988038,6,"Not significant"
"Unstim / LPS+Nigericin","DRG2","P55039","P55039","DRG2_HUMAN","Developmentally-regulated GTP-binding protein 2","P55039_Y210_M1_28","Phospho (STY)",0.198642045695622,0.659923538530282,0.554164197054215,6,"Not significant"
"Unstim / LPS+Nigericin","NDUFB4","O95168","O95168","NDUB4_HUMAN","NADH dehydrogenase [ubiquinone] 1 beta subcomplex subunit 4","O95168_Y6_M1_28","Phospho (STY)",0.233969851210107,0.659930597027398,0.554195332273499,6,"Not significant"
"Unstim / LPS+Nigericin","TSC22D1","Q15714","Q15714","T22D1_HUMAN","TSC22 domain family protein 1","Q15714_S1018_M1_28","Phospho (STY)",0.314704747552242,0.660598758667829,0.556070037197012,6,"Not significant"
"Unstim / LPS+Nigericin","EEF1A1","Cont_P68103;P68104","Cont_P68103;P68104","EF1A1_BOVIN;EF1A1_HUMAN","Elongation factor 1-alpha 1","Cont_P68103_Y357_M2_28","Phospho (STY)",0.311989780287697,0.661859694025916,0.559905458298937,6,"Not significant"
"Unstim / LPS+Nigericin","EEF1A1","Cont_P68103;P68104","Cont_P68103;P68104","EF1A1_BOVIN;EF1A1_HUMAN","Elongation factor 1-alpha 1","P68104_Y357_M2_28","Phospho (STY)",0.311989780287697,0.661859694025916,0.559905458298937,6,"Not significant"
"Unstim / LPS+Nigericin","P4HB","P07237","P07237","PDIA1_HUMAN","Protein disulfide-isomerase","P07237_T277_M1_28","Phospho (STY)",-1.6878379360528,0.661860073812285,0.559934860117143,6,"Not significant"
"Unstim / LPS+Nigericin","NUFIP2","Q7Z417","Q7Z417","NUFP2_HUMAN","FMR1-interacting protein NUFIP2","Q7Z417_S107_M2_28","Phospho (STY)",2.25518278396369,0.662840109554014,0.562708592815204,5,"Not significant"
"Unstim / LPS+Nigericin","HNRNPA1","P09651","P09651","ROA1_HUMAN","Heterogeneous nuclear ribonucleoprotein A1","P09651_S2_M2_28","Phospho (STY)",1.66857883042861,0.66293824114975,0.563035981585197,6,"Not significant"
"Unstim / LPS+Nigericin","XIRP1","Q702N8","Q702N8","XIRP1_HUMAN","Xin actin-binding repeat-containing protein 1","Q702N8_S295_M1_28","Phospho (STY)",-0.528592426766965,0.663412663519169,0.564593695963247,5,"Not significant"
"Unstim / LPS+Nigericin","HSPE1","P61604","P61604","CH10_HUMAN","10 kDa heat shock protein, mitochondrial","P61604_S53_M2_28","Phospho (STY)",0.201840832720219,0.663434033870166,0.564760574064816,6,"Not significant"
"Unstim / LPS+Nigericin","HSPE1","P61604","P61604","CH10_HUMAN","10 kDa heat shock protein, mitochondrial","P61604_S51_M2_28","Phospho (STY)",0.201840832720219,0.663434033870166,0.564760465208918,6,"Not significant"
"Unstim / LPS+Nigericin","PRKCSH","P14314","P14314","GLU2B_HUMAN","Glucosidase 2 subunit beta","P14314_S478_M1_28","Phospho (STY)",-0.432214487981246,0.664007140624648,0.56637337892469,4,"Not significant"
"Unstim / LPS+Nigericin","ACTC1","P68032","P68032","ACTC_HUMAN","Actin, alpha cardiac muscle 1","P68032_Y220_M1_28","Phospho (STY)",-0.291805677341883,0.664602864529156,0.568424596597473,6,"Not significant"
"Unstim / LPS+Nigericin","HSPA5","P11021","P11021","BIP_HUMAN","Endoplasmic reticulum chaperone BiP","P11021_Y127_M2_28","Phospho (STY)",-0.683303032173597,0.665599764033332,0.571338056929124,6,"Not significant"
"Unstim / LPS+Nigericin","PRKCSH","P14314","P14314","GLU2B_HUMAN","Glucosidase 2 subunit beta","P14314_T489_M1_28","Phospho (STY)",-0.368711366733849,0.666356140224591,0.573475373133736,4,"Not significant"
"Unstim / LPS+Nigericin","PYCARD","Q9ULZ3","Q9ULZ3","ASC_HUMAN","Apoptosis-associated speck-like protein containing a CARD","Q9ULZ3_T16_M1_28","Phospho (STY)",-0.667823295967675,0.66714804648559,0.576111202915567,6,"Not significant"
"Unstim / LPS+Nigericin","ANXA5","P08758","P08758","ANXA5_HUMAN","Annexin A5","P08758_T74_M1_28","Phospho (STY)",-0.58659144720844,0.668123950252188,0.57890433518834,6,"Not significant"
"Unstim / LPS+Nigericin","GLUD1","P00367","P00367","DHE3_HUMAN","Glutamate dehydrogenase 1, mitochondrial","P00367_Y170_M1_28","Phospho (STY)",0.865328422717736,0.668171165604218,0.5790516149485,6,"Not significant"
"Unstim / LPS+Nigericin","AHNAK","Q09666","Q09666","AHNK_HUMAN","Neuroblast differentiation-associated protein AHNAK","Q09666_S2600_M1_28","Phospho (STY)",0.735909884767943,0.669639052948517,0.583859963753523,6,"Not significant"
"Unstim / LPS+Nigericin","AHNAK","Q09666","Q09666","AHNK_HUMAN","Neuroblast differentiation-associated protein AHNAK","Q09666_S2728_M1_28","Phospho (STY)",0.735909884767943,0.669639052948517,0.583859963753523,6,"Not significant"
"Unstim / LPS+Nigericin","AHNAK","Q09666","Q09666","AHNK_HUMAN","Neuroblast differentiation-associated protein AHNAK","Q09666_S4150_M1_28","Phospho (STY)",0.735909884767943,0.669639052948517,0.583859963753523,6,"Not significant"
"Unstim / LPS+Nigericin","AHNAK","Q09666","Q09666","AHNK_HUMAN","Neuroblast differentiation-associated protein AHNAK","Q09666_S4278_M1_28","Phospho (STY)",0.735909884767943,0.669639052948517,0.583859963753523,6,"Not significant"
"Unstim / LPS+Nigericin","DTX3L","Q8TDB6","Q8TDB6","DTX3L_HUMAN","E3 ubiquitin-protein ligase DTX3L","Q8TDB6_S9_M1_28","Phospho (STY)",0.311682127783937,0.670185301284325,0.585458585897528,5,"Not significant"
"Unstim / LPS+Nigericin","CAPZB","P47756","P47756","CAPZB_HUMAN","F-actin-capping protein subunit beta","P47756_S34_M2_28","Phospho (STY)",0.37398372287207,0.673112172799943,0.594452463927021,5,"Not significant"
"Unstim / LPS+Nigericin","POTEI","P0CG38","P0CG38","POTEI_HUMAN","POTE ankyrin domain family member I","P0CG38_S971_M1_28","Phospho (STY)",0.794817756270846,0.673853828947693,0.596773317268997,6,"Not significant"
"Unstim / LPS+Nigericin","RPSA","P08865","P08865","RSSA_HUMAN","Small ribosomal subunit protein uS2","P08865_T144_M2_28","Phospho (STY)",0.250474098528823,0.674957972547862,0.600040069194012,6,"Not significant"
"Unstim / LPS+Nigericin","LSP1","P33241","P33241","LSP1_HUMAN","Lymphocyte-specific protein 1","P33241_S252_M1_28","Phospho (STY)",0.487664238765654,0.675742613173383,0.602168066605055,6,"Not significant"
"Unstim / LPS+Nigericin","MYH9","P35579","P35579","MYH9_HUMAN","Myosin-9","P35579_S957_M1_28","Phospho (STY)",0.274497317321738,0.675809101656858,0.602295258402575,6,"Not significant"
"Unstim / LPS+Nigericin","H2BC21","Q16778","Q16778","H2B2E_HUMAN","Histone H2B type 2-E","Q16778_Y38_M2_28","Phospho (STY)",-0.766066637196983,0.676065948638197,0.603136978949232,4,"Not significant"
"Unstim / LPS+Nigericin","ESF1","Q9H501","Q9H501","ESF1_HUMAN","ESF1 homolog","Q9H501_S371_M1_28","Phospho (STY)",-1.39037695561042,0.676875210916907,0.605401949372989,6,"Not significant"
"Unstim / LPS+Nigericin","GNAI2","P04899","P04899","GNAI2_HUMAN","Guanine nucleotide-binding protein G(i) subunit alpha-2","P04899_Y74_M1_28","Phospho (STY)",1.39493825622399,0.677203727676639,0.60633783158153,6,"Not significant"
"Unstim / LPS+Nigericin","GPSM3","Q9Y4H4","Q9Y4H4","GPSM3_HUMAN","G-protein-signaling modulator 3","Q9Y4H4_S56_M1_28","Phospho (STY)",0.31416022382859,0.677370335568853,0.606883780674086,6,"Not significant"
"Unstim / LPS+Nigericin","H4C1","P62805","P62805","H4_HUMAN","Histone H4","P62805_T81_M1_28","Phospho (STY)",-0.10494591443362,0.678501641711566,0.610404043366185,6,"Not significant"
"Unstim / LPS+Nigericin","PLEKHO2","Q8TD55","Q8TD55","PKHO2_HUMAN","Pleckstrin homology domain-containing family O member 2","Q8TD55_S390_M2_28","Phospho (STY)",-0.252600180532292,0.678644946094024,0.610792188085147,4,"Not significant"
"Unstim / LPS+Nigericin","RPS23","P62266","P62266","RS23_HUMAN","Small ribosomal subunit protein uS12","P62266_T82_M1_28","Phospho (STY)",0.203527913246736,0.683663470085869,0.626042772534678,6,"Not significant"
"Unstim / LPS+Nigericin","ARL6IP5","O75915","O75915","PRAF3_HUMAN","PRA1 family protein 3","O75915_T160_M1_28","Phospho (STY)",-0.672527571153482,0.684060458060192,0.627114367403827,6,"Not significant"
"Unstim / LPS+Nigericin","ACTB","Cont_P60712;P60709","Cont_P60712;P60709","ACTB_BOVIN;ACTB_HUMAN","Actin, cytoplasmic 1;Actin, cytoplasmic 1","Cont_P60712_Y240_M2_28","Phospho (STY)",-0.22550606054379,0.684089425352989,0.627248644059906,5,"Not significant"
"Unstim / LPS+Nigericin","ACTB","Cont_P60712;P60709","Cont_P60712;P60709","ACTB_BOVIN;ACTB_HUMAN","Actin, cytoplasmic 1;Actin, cytoplasmic 1","P60709_Y240_M2_28","Phospho (STY)",-0.22550606054379,0.684089425352989,0.627248644059906,5,"Not significant"
"Unstim / LPS+Nigericin","PDIA4","P13667","P13667","PDIA4_HUMAN","Protein disulfide-isomerase A4","P13667_Y595_M1_28","Phospho (STY)",0.158833687795093,0.68435111998131,0.628029922586723,6,"Not significant"
"Unstim / LPS+Nigericin","RNH1","P13489","P13489","RINI_HUMAN","Ribonuclease inhibitor","P13489_Y151_M2_28","Phospho (STY)",1.24871157406502,0.684991475462211,0.630022749587422,6,"Not significant"
"Unstim / LPS+Nigericin","P4HB","P07237","P07237","PDIA1_HUMAN","Protein disulfide-isomerase","P07237_Y393_M1_28","Phospho (STY)",0.151216445666926,0.685523052798719,0.631616852381406,6,"Not significant"
"Unstim / LPS+Nigericin","EEF2","P13639","P13639","EF2_HUMAN","Elongation factor 2","P13639_Y730_M2_28","Phospho (STY)",0.618893968864137,0.685921077326367,0.632848323662034,6,"Not significant"
"Unstim / LPS+Nigericin","EVL","Q9UI08","Q9UI08","EVL_HUMAN","Ena/VASP-like protein","Q9UI08_S331_M1_28","Phospho (STY)",0.509347617229228,0.686690667204689,0.635511763951679,5,"Not significant"
"Unstim / LPS+Nigericin","APOA2","Cont_P81644","Cont_P81644","APOA2_BOVIN","Apolipoprotein A-II","Cont_P81644_Y64_M1_28","Phospho (STY)",-0.24050428996227,0.686861007320748,0.636196351490008,6,"Not significant"
"Unstim / LPS+Nigericin","TUFM","P49411","P49411","EFTU_HUMAN","Elongation factor Tu, mitochondrial","P49411_S238_M1_28","Phospho (STY)",0.233390532255201,0.687663925623077,0.638722194787938,5,"Not significant"
"Unstim / LPS+Nigericin","COPB2","P35606","P35606","COPB2_HUMAN","Coatomer subunit beta'","P35606_S859_M1_28","Phospho (STY)",0.462906880539196,0.688183265877672,0.640419768967158,4,"Not significant"
"Unstim / LPS+Nigericin","TNF","P01375","P01375","TNFA_HUMAN","Tumor necrosis factor","P01375_S71_M1_28","Phospho (STY)",0.151387450718149,0.688436170214902,0.641256655382052,5,"Not significant"
"Unstim / LPS+Nigericin","TUBB8","Q3ZCM7","Q3ZCM7","TBB8_HUMAN","Tubulin beta-8 chain","Q3ZCM7_Y281_M2_28","Phospho (STY)",-0.434371520934244,0.689266089227956,0.644038936657367,5,"Not significant"
"Unstim / LPS+Nigericin","HNRNPA2B1","P22626","P22626","ROA2_HUMAN","Heterogeneous nuclear ribonucleoproteins A2/B1","P22626_T159_M1_28","Phospho (STY)",-0.680994020944769,0.690193285627641,0.646849646594054,6,"Not significant"
"Unstim / LPS+Nigericin","ACAT2","Q9BWD1","Q9BWD1","THIC_HUMAN","Acetyl-CoA acetyltransferase, cytosolic","Q9BWD1_T275_M1_28","Phospho (STY)",0.288330246858675,0.692434849568761,0.653466288873037,6,"Not significant"
"Unstim / LPS+Nigericin","TOMM22","Q9NS69","Q9NS69","TOM22_HUMAN","Mitochondrial import receptor subunit TOM22 homolog","Q9NS69_S128_M2_28","Phospho (STY)",0.158825499939026,0.692704911689712,0.654349954861543,5,"Not significant"
"Unstim / LPS+Nigericin","RTRAF","Q9Y224","Q9Y224","RTRAF_HUMAN","RNA transcription, translation and transport factor protein","Q9Y224_T114_M1_28","Phospho (STY)",0.421649043444056,0.692982697813672,0.655187962229392,6,"Not significant"
"Unstim / LPS+Nigericin","HNRNPU","Q00839","Q00839","HNRPU_HUMAN","Heterogeneous nuclear ribonucleoprotein U","Q00839_Y350_M1_28","Phospho (STY)",-0.346505235160147,0.693725127074616,0.657365376642855,6,"Not significant"
"Unstim / LPS+Nigericin","HMGA1","P17096","P17096","HMGA1_HUMAN","High mobility group protein HMG-I/HMG-Y","P17096_S44_M1_28","Phospho (STY)",0.166183604527731,0.694454430301998,0.659494957162452,6,"Not significant"
"Unstim / LPS+Nigericin","HSP90B1","P14625","P14625","ENPL_HUMAN","Endoplasmin","P14625_S607_M1_28","Phospho (STY)",-0.292196854519925,0.69567960330762,0.663729642966514,6,"Not significant"
"Unstim / LPS+Nigericin","CFL1","P23528","P23528","COF1_HUMAN","Cofilin-1","P23528_T129_M1_28","Phospho (STY)",1.10308762342961,0.696621545391403,0.666867796941835,4,"Not significant"
"Unstim / LPS+Nigericin","OSBPL8","Q9BZF1","Q9BZF1","OSBL8_HUMAN","Oxysterol-binding protein-related protein 8","Q9BZF1_S421_M1_28","Phospho (STY)",0.337860113784056,0.696778771588385,0.667422360283067,6,"Not significant"
"Unstim / LPS+Nigericin","NOLC1","Q14978","Q14978","NOLC1_HUMAN","Nucleolar and coiled-body phosphoprotein 1","Q14978_S698_M1_28","Phospho (STY)",0.424557862548196,0.697237112450301,0.669009449118586,5,"Not significant"
"Unstim / LPS+Nigericin","PDIA6","Q15084","Q15084","PDIA6_HUMAN","Protein disulfide-isomerase A6","Q15084_S375_M1_28","Phospho (STY)",-0.110296839219402,0.698305958044438,0.67248669157936,6,"Not significant"
"Unstim / LPS+Nigericin","LAP3","P28838","P28838","AMPL_HUMAN","Cytosol aminopeptidase","P28838_T70_M1_28","Phospho (STY)",0.253544418927456,0.699631143552097,0.676686863047099,6,"Not significant"
"Unstim / LPS+Nigericin","PEA15","Q15121","Q15121","PEA15_HUMAN","Astrocytic phosphoprotein PEA-15","Q15121_S104_M1_28","Phospho (STY)",0.308465866729373,0.700622490844164,0.679848393055846,5,"Not significant"
"Unstim / LPS+Nigericin","EEF1A1","Cont_P68103;P68104","Cont_P68103;P68104","EF1A1_BOVIN;EF1A1_HUMAN","Elongation factor 1-alpha 1","Cont_P68103_T242_M1_28","Phospho (STY)",0.422514080700373,0.701587656913971,0.683144160535381,4,"Not significant"
"Unstim / LPS+Nigericin","EEF1A1","Cont_P68103;P68104","Cont_P68103;P68104","EF1A1_BOVIN;EF1A1_HUMAN","Elongation factor 1-alpha 1","P68104_T242_M1_28","Phospho (STY)",0.422514080700373,0.701587656913971,0.683144160535381,4,"Not significant"
"Unstim / LPS+Nigericin","AHNAK","Q09666","Q09666","AHNK_HUMAN","Neuroblast differentiation-associated protein AHNAK","Q09666_S5573_M1_28","Phospho (STY)",0.19153041582771,0.701636495150803,0.683346901407384,5,"Not significant"
"Unstim / LPS+Nigericin","ZYX","Q15942","Q15942","ZYX_HUMAN","Zyxin","Q15942_S344_M1_28","Phospho (STY)",-0.776500220748544,0.701713770680778,0.683591154445839,6,"Not significant"
"Unstim / LPS+Nigericin","CHCHD3","Q9NX63","Q9NX63","MIC19_HUMAN","MICOS complex subunit MIC19","Q9NX63_S50_M1_28","Phospho (STY)",0.152634111590377,0.703614781440612,0.68985670254682,6,"Not significant"
"Unstim / LPS+Nigericin","AHNAK","Q09666","Q09666","AHNK_HUMAN","Neuroblast differentiation-associated protein AHNAK","Q09666_S135_M2_28","Phospho (STY)",0.848906853817811,0.704748040555964,0.693300887947301,6,"Not significant"
"Unstim / LPS+Nigericin","ACTC1","P68032","P68032","ACTC_HUMAN","Actin, alpha cardiac muscle 1","P68032_Y220_M2_28","Phospho (STY)",0.469906840350501,0.704955291066114,0.693962099661228,6,"Not significant"
"Unstim / LPS+Nigericin","CAP1","Q01518","Q01518","CAP1_HUMAN","Adenylyl cyclase-associated protein 1","Q01518_Y354_M1_28","Phospho (STY)",0.655425984015541,0.705009974274661,0.694156563716097,5,"Not significant"
"Unstim / LPS+Nigericin","PPP1CA","P62136","P62136","PP1A_HUMAN","Serine/threonine-protein phosphatase PP1-alpha catalytic subunit","P62136_Y114_M1_28","Phospho (STY)",0.476701779356873,0.705407990519022,0.695531599004408,6,"Not significant"
"Unstim / LPS+Nigericin","PWP2","Q15269","Q15269","PWP2_HUMAN","Periodic tryptophan protein 2 homolog","Q15269_S772_M1_28","Phospho (STY)",0.256412538883629,0.705532697826632,0.69592893795687,6,"Not significant"
"Unstim / LPS+Nigericin","HCFC1","P51610","P51610","HCFC1_HUMAN","Host cell factor 1","P51610_S1507_M1_28","Phospho (STY)",0.438833816610036,0.705854111734627,0.696967424116445,5,"Not significant"
"Unstim / LPS+Nigericin","ALDOA","P04075","P04075","ALDOA_HUMAN","Fructose-bisphosphate aldolase A","P04075_T119_M1_28","Phospho (STY)",-0.60922433288776,0.707439729096009,0.701690944787702,6,"Not significant"
"Unstim / LPS+Nigericin","HSPA5","P11021","P11021","BIP_HUMAN","Endoplasmic reticulum chaperone BiP","P11021_S86_M3_28","Phospho (STY)",0.136491984314459,0.707878079113396,0.703118715827717,6,"Not significant"
"Unstim / LPS+Nigericin","HSPA5","P11021","P11021","BIP_HUMAN","Endoplasmic reticulum chaperone BiP","P11021_T85_M3_28","Phospho (STY)",0.136491984314459,0.707878079113396,0.703118642049108,6,"Not significant"
"Unstim / LPS+Nigericin","MRPS36","P82909","P82909","KGD4_HUMAN","Alpha-ketoglutarate dehydrogenase component 4","P82909_Y84_M1_28","Phospho (STY)",-0.23668480642252,0.707928396120684,0.703296220180949,6,"Not significant"
"Unstim / LPS+Nigericin","LDHA","P00338","P00338","LDHA_HUMAN","L-lactate dehydrogenase A chain","P00338_Y83_M1_28","Phospho (STY)",-0.62075737105823,0.708637627293869,0.705786793464655,6,"Not significant"
"Unstim / LPS+Nigericin","ACTB","Cont_P60712;P60709","Cont_P60712;P60709","ACTB_BOVIN;ACTB_HUMAN","Actin, cytoplasmic 1;Actin, cytoplasmic 1","Cont_P60712_S232_M2_28","Phospho (STY)",-0.972938871272715,0.70908309841067,0.707286417421588,5,"Not significant"
"Unstim / LPS+Nigericin","ACTB","Cont_P60712;P60709","Cont_P60712;P60709","ACTB_BOVIN;ACTB_HUMAN","Actin, cytoplasmic 1;Actin, cytoplasmic 1","P60709_S232_M2_28","Phospho (STY)",-0.972938871272715,0.70908309841067,0.707286417421588,5,"Not significant"
"Unstim / LPS+Nigericin","ZMPSTE24","O75844","O75844","FACE1_HUMAN","CAAX prenyl protease 1 homolog","O75844_Y45_M1_28","Phospho (STY)",-0.196603290474235,0.709171189483143,0.707591764417167,5,"Not significant"
"Unstim / LPS+Nigericin","COMT","P21964","P21964","COMT_HUMAN","Catechol O-methyltransferase","P21964_Y82_M1_28","Phospho (STY)",0.119645383565269,0.709653546989455,0.70916910947909,6,"Not significant"
"Unstim / LPS+Nigericin","ATP2C1","P98194","P98194","AT2C1_HUMAN","Calcium-transporting ATPase type 2C member 1","P98194_S36_M1_28","Phospho (STY)",-0.159046768904545,0.710579658650572,0.712109107302266,6,"Not significant"
"Unstim / LPS+Nigericin","UGGT1","Q9NYU2","Q9NYU2","UGGG1_HUMAN","UDP-glucose:glycoprotein glucosyltransferase 1","Q9NYU2_S931_M1_28","Phospho (STY)",0.205718398890398,0.711154432454831,0.714084602400281,6,"Not significant"
"Unstim / LPS+Nigericin","ZYX","Q15942","Q15942","ZYX_HUMAN","Zyxin","Q15942_S281_M1_28","Phospho (STY)",0.23148451316715,0.711565896351979,0.715471496890825,5,"Not significant"
"Unstim / LPS+Nigericin","MTHFD2","P13995","P13995","MTDC_HUMAN","Bifunctional methylenetetrahydrofolate dehydrogenase/cyclohydrolase, mitochondrial","P13995_T284_M1_28","Phospho (STY)",0.849931719605505,0.712802849197992,0.71978861842768,6,"Not significant"
"Unstim / LPS+Nigericin","GCC2","Q8IWJ2","Q8IWJ2","GCC2_HUMAN","GRIP and coiled-coil domain-containing protein 2","Q8IWJ2_S1080_M2_28","Phospho (STY)",0.345933140832896,0.712920434701038,0.720085000953391,6,"Not significant"
"Unstim / LPS+Nigericin","GCC2","Q8IWJ2","Q8IWJ2","GCC2_HUMAN","GRIP and coiled-coil domain-containing protein 2","Q8IWJ2_T1077_M2_28","Phospho (STY)",0.345933140832896,0.712920434701038,0.720085000953391,6,"Not significant"
"Unstim / LPS+Nigericin","CAPZA1","P52907","P52907","CAZA1_HUMAN","F-actin-capping protein subunit alpha-1","P52907_T22_M1_28","Phospho (STY)",-0.213575539014978,0.713192794006843,0.721085262975848,6,"Not significant"
"Unstim / LPS+Nigericin","RPLP1","P05386","P05386","RLA1_HUMAN","Large ribosomal subunit protein P1","P05386_S58_M1_28","Phospho (STY)",-0.15142490829245,0.716608328830149,0.732382926950478,6,"Not significant"
"Unstim / LPS+Nigericin","HP1BP3","Q5SSJ5","Q5SSJ5","HP1B3_HUMAN","Heterochromatin protein 1-binding protein 3","Q5SSJ5_Y344_M2_28","Phospho (STY)",-0.595777021675231,0.717875746060993,0.736334085230887,6,"Not significant"
"Unstim / LPS+Nigericin","PNKP","Q96T60","Q96T60","PNKP_HUMAN","Bifunctional polynucleotide phosphatase/kinase","Q96T60_T157_M1_28","Phospho (STY)",-0.550432606919786,0.717895288845556,0.736380703683503,6,"Not significant"
"Unstim / LPS+Nigericin","HSPD1","P10809","P10809","CH60_HUMAN","60 kDa heat shock protein, mitochondrial","P10809_Y90_M2_28","Phospho (STY)",-0.706866894499949,0.718532278831151,0.738676607555404,6,"Not significant"
"Unstim / LPS+Nigericin","MMP14","P50281","P50281","MMP14_HUMAN","Matrix metalloproteinase-14","P50281_T412_M1_28","Phospho (STY)",-0.39137527421616,0.718661869366642,0.739140181913095,6,"Not significant"
"Unstim / LPS+Nigericin","HLA-H","P01893","P01893","HLAH_HUMAN","Putative HLA class I histocompatibility antigen, alpha chain H","P01893_S48_M1_28","Phospho (STY)",-0.483871755737032,0.719176001180462,0.740735646906907,4,"Not significant"
"Unstim / LPS+Nigericin","PGLS","O95336","O95336","6PGL_HUMAN","6-phosphogluconolactonase","O95336_T249_M1_28","Phospho (STY)",0.407215748068601,0.719372010360936,0.741478356766119,6,"Not significant"
"Unstim / LPS+Nigericin","ACAT1","P24752","P24752","THIL_HUMAN","Acetyl-CoA acetyltransferase, mitochondrial","P24752_S420_M1_28","Phospho (STY)",-0.215270084158168,0.719546645071465,0.741974529533575,5,"Not significant"
"Unstim / LPS+Nigericin","ERLIN2","O94905","O94905","ERLN2_HUMAN","Erlin-2","O94905_S243_M1_28","Phospho (STY)",-0.1387861567991,0.720421188231192,0.744675280365856,6,"Not significant"
"Unstim / LPS+Nigericin","DYNLRB1","Q9NP97","Q9NP97","DLRB1_HUMAN","Dynein light chain roadblock-type 1","Q9NP97_Y86_M1_28","Phospho (STY)",0.430342953283726,0.720478163196903,0.74486377222156,6,"Not significant"
"Unstim / LPS+Nigericin","CEP170","Q5SW79","Q5SW79","CE170_HUMAN","Centrosomal protein of 170 kDa","Q5SW79_Y91_M2_28","Phospho (STY)",0.736566997493197,0.72063467124692,0.745375680910586,6,"Not significant"
"Unstim / LPS+Nigericin","PCBP1","Q15365","Q15365","PCBP1_HUMAN","Poly(rC)-binding protein 1","Q15365_S190_M1_28","Phospho (STY)",-0.36314970761624,0.721681029257783,0.749093291900111,4,"Not significant"
"Unstim / LPS+Nigericin","HNRNPA2B1","P22626","P22626","ROA2_HUMAN","Heterogeneous nuclear ribonucleoproteins A2/B1","P22626_S29_M1_28","Phospho (STY)",-0.334111971237599,0.721728204085767,0.749339574624496,6,"Not significant"
"Unstim / LPS+Nigericin","PSMC3","P17980","P17980","PRS6A_HUMAN","26S proteasome regulatory subunit 6A","P17980_Y158_M1_28","Phospho (STY)",-0.125220826945125,0.722043166287332,0.750398553824174,6,"Not significant"
"Unstim / LPS+Nigericin","ZMPSTE24","O75844","O75844","FACE1_HUMAN","CAAX prenyl protease 1 homolog","O75844_Y45_M3_28","Phospho (STY)",0.738771407582773,0.722354548040562,0.751557801526382,6,"Not significant"
"Unstim / LPS+Nigericin","ACADM","P11310","P11310","ACADM_HUMAN","Medium-chain specific acyl-CoA dehydrogenase, mitochondrial","P11310_T220_M1_28","Phospho (STY)",-0.175834955920076,0.723634085791623,0.75604333679612,6,"Not significant"
"Unstim / LPS+Nigericin","SOD2","P04179","P04179","SODM_HUMAN","Superoxide dismutase [Mn], mitochondrial","P04179_Y33_M2_28","Phospho (STY)",0.782041839188735,0.72461167415823,0.759273068274288,4,"Not significant"
"Unstim / LPS+Nigericin","RPS3","P23396","P23396","RS3_HUMAN","Small ribosomal subunit protein uS3","P23396_S209_M1_28","Phospho (STY)",0.705383742270037,0.72516880139673,0.761170331556096,6,"Not significant"
"Unstim / LPS+Nigericin","RCSD1","Q6JBY9","Q6JBY9","CPZIP_HUMAN","CapZ-interacting protein","Q6JBY9_S216_M1_28","Phospho (STY)",0.335287957105924,0.725260399907499,0.761636438331175,6,"Not significant"
"Unstim / LPS+Nigericin","GPI","P06744","P06744","G6PI_HUMAN","Glucose-6-phosphate isomerase","P06744_Y183_M1_28","Phospho (STY)",-0.287018839710642,0.725731236970093,0.76323665027792,6,"Not significant"
"Unstim / LPS+Nigericin","HNRNPUL1","Q9BUJ2","Q9BUJ2","HNRL1_HUMAN","Heterogeneous nuclear ribonucleoprotein U-like protein 1","Q9BUJ2_S417_M1_28","Phospho (STY)",0.740712691565529,0.727191689905271,0.768138552854208,4,"Not significant"
"Unstim / LPS+Nigericin","EZR","P15311","P15311","EZRI_HUMAN","Ezrin","P15311_S366_M1_28","Phospho (STY)",0.0928263522342315,0.727368744901844,0.76881356520586,6,"Not significant"
"Unstim / LPS+Nigericin","ECHDC1","Q9NTX5","Q9NTX5","ECHD1_HUMAN","Ethylmalonyl-CoA decarboxylase","Q9NTX5_T288_M1_28","Phospho (STY)",0.112462534802321,0.727651880482052,0.769881108603997,6,"Not significant"
"Unstim / LPS+Nigericin","FAM3C","Q92520","Q92520","FAM3C_HUMAN","Protein FAM3C","Q92520_S75_M1_28","Phospho (STY)",-0.37445139936335,0.728366495329181,0.772540953742692,6,"Not significant"
"Unstim / LPS+Nigericin","HSPA5","P11021","P11021","BIP_HUMAN","Endoplasmic reticulum chaperone BiP","P11021_Y175_M1_28","Phospho (STY)",-0.15190525369718,0.728386410802001,0.772610007438393,5,"Not significant"
"Unstim / LPS+Nigericin","RPLP2","P05387","P05387","RLA2_HUMAN","Large ribosomal subunit protein P2","P05387_S44_M1_28","Phospho (STY)",0.565672514341216,0.728688618939131,0.773659882213193,6,"Not significant"
"Unstim / LPS+Nigericin","AHCY","P23526","P23526","SAHH_HUMAN","Adenosylhomocysteinase","P23526_Y7_M1_28","Phospho (STY)",-0.164798662748206,0.72873308129294,0.773848015157368,6,"Not significant"
"Unstim / LPS+Nigericin","HSPA2","P54652","P54652","HSP72_HUMAN","Heat shock-related 70 kDa protein 2","P54652_Y135_M1_28","Phospho (STY)",-0.582848723120132,0.729605088894574,0.776747020150395,6,"Not significant"
"Unstim / LPS+Nigericin","RTRAF","Q9Y224","Q9Y224","RTRAF_HUMAN","RNA transcription, translation and transport factor protein","Q9Y224_T235_M1_28","Phospho (STY)",-0.126698123077483,0.729676082089817,0.777030386954164,6,"Not significant"
"Unstim / LPS+Nigericin","GLOD4","Q9HC38","Q9HC38","GLOD4_HUMAN","Glyoxalase domain-containing protein 4","Q9HC38_T242_M1_28","Phospho (STY)",0.223140337389884,0.729817554825425,0.777496162471138,6,"Not significant"
"Unstim / LPS+Nigericin","C1QBP","Q07021","Q07021","C1QBP_HUMAN","Complement component 1 Q subcomponent-binding protein, mitochondrial","Q07021_T101_M1_28","Phospho (STY)",0.312199960875116,0.73002013384833,0.778152904816247,6,"Not significant"
"Unstim / LPS+Nigericin","PMPCA","Q10713","Q10713","MPPA_HUMAN","Mitochondrial-processing peptidase subunit alpha","Q10713_Y270_M1_28","Phospho (STY)",0.0750402767617824,0.730733038785275,0.780793865809944,6,"Not significant"
"Unstim / LPS+Nigericin","NPM1","P06748","P06748","NPM_HUMAN","Nucleophosmin","P06748_Y67_M1_28","Phospho (STY)",-0.0769973246507656,0.730971433271564,0.781784345008466,6,"Not significant"
"Unstim / LPS+Nigericin","SUMO3","P55854","P55854","SUMO3_HUMAN","Small ubiquitin-related modifier 3","P55854_T12_M1_28","Phospho (STY)",0.385899006713962,0.731244878743583,0.782854678129419,6,"Not significant"
"Unstim / LPS+Nigericin","ACTB","Cont_P60712;P60709","Cont_P60712;P60709","ACTB_BOVIN;ACTB_HUMAN","Actin, cytoplasmic 1;Actin, cytoplasmic 1","Cont_P60712_Y69_M2_28","Phospho (STY)",-0.599059284072017,0.732699740482545,0.788212500065437,6,"Not significant"
"Unstim / LPS+Nigericin","ACTB","Cont_P60712;P60709","Cont_P60712;P60709","ACTB_BOVIN;ACTB_HUMAN","Actin, cytoplasmic 1;Actin, cytoplasmic 1","P60709_Y69_M2_28","Phospho (STY)",-0.599059284072017,0.732699740482545,0.788212500065437,6,"Not significant"
"Unstim / LPS+Nigericin","XIRP1","Q702N8","Q702N8","XIRP1_HUMAN","Xin actin-binding repeat-containing protein 1","Q702N8_T237_M1_28","Phospho (STY)",-0.158653662845495,0.733096114451065,0.789710604945532,4,"Not significant"
"Unstim / LPS+Nigericin","AKT1S1","Q96B36","Q96B36","AKTS1_HUMAN","Proline-rich AKT1 substrate 1","Q96B36_Y46_M1_28","Phospho (STY)",0.253082064772325,0.733908134381583,0.792633151619235,4,"Not significant"
"Unstim / LPS+Nigericin","SOD2","P04179","P04179","SODM_HUMAN","Superoxide dismutase [Mn], mitochondrial","P04179_S106_M1_28","Phospho (STY)",0.0834088795776635,0.7350465234147,0.796472298349437,6,"Not significant"
"Unstim / LPS+Nigericin","HSPA1A;HSPA1B","P0DMV8;P0DMV9","P0DMV8;P0DMV9","HS71A_HUMAN;HS71B_HUMAN","Heat shock 70 kDa protein 1A;Heat shock 70 kDa protein 1B","P0DMV8_Y611_M1_28","Phospho (STY)",-0.19549655941804,0.735198418814505,0.796965490209931,5,"Not significant"
"Unstim / LPS+Nigericin","HSPA1A;HSPA1B","P0DMV8;P0DMV9","P0DMV8;P0DMV9","HS71A_HUMAN;HS71B_HUMAN","Heat shock 70 kDa protein 1A;Heat shock 70 kDa protein 1B","P0DMV9_Y611_M1_28","Phospho (STY)",-0.19549655941804,0.735198418814505,0.796965490209931,5,"Not significant"
"Unstim / LPS+Nigericin","ITGB1","P05556","P05556","ITB1_HUMAN","Integrin beta-1","P05556_T112_M2_28","Phospho (STY)",0.583020307343943,0.735393717404472,0.797673232489956,6,"Not significant"
"Unstim / LPS+Nigericin","ITGB1","P05556","P05556","ITB1_HUMAN","Integrin beta-1","P05556_T102_M2_28","Phospho (STY)",0.583020307343943,0.735393717404472,0.797673232489956,6,"Not significant"
"Unstim / LPS+Nigericin","RBM47","A0AV96","A0AV96","RBM47_HUMAN","RNA-binding protein 47","A0AV96_T433_M1_28","Phospho (STY)",0.53324778071826,0.737323507509114,0.804497023943333,5,"Not significant"
"Unstim / LPS+Nigericin","RNH1","P13489","P13489","RINI_HUMAN","Ribonuclease inhibitor","P13489_S50_M1_28","Phospho (STY)",0.155762292896522,0.737516429078597,0.805149900618821,6,"Not significant"
"Unstim / LPS+Nigericin","P4HA1","P13674","P13674","P4HA1_HUMAN","Prolyl 4-hydroxylase subunit alpha-1","P13674_S345_M1_28","Phospho (STY)",-0.520746996678411,0.737812616663597,0.806226453587182,6,"Not significant"
"Unstim / LPS+Nigericin","CD44","P16070","P16070","CD44_HUMAN","CD44 antigen","P16070_S706_M1_28","Phospho (STY)",-0.16190858987332,0.738603607407979,0.809186067334642,5,"Not significant"
"Unstim / LPS+Nigericin","SRRM2","Q9UQ35","Q9UQ35","SRRM2_HUMAN","Serine/arginine repetitive matrix protein 2","Q9UQ35_S2272_M1_28","Phospho (STY)",0.16794501857485,0.738902714645974,0.810206523295198,6,"Not significant"
"Unstim / LPS+Nigericin","LRRC8B","Q6P9F7","Q6P9F7","LRC8B_HUMAN","Volume-regulated anion channel subunit LRRC8B","Q6P9F7_S589_M1_28","Phospho (STY)",-0.0537926302499072,0.739081849943858,0.810801423567901,6,"Not significant"
"Unstim / LPS+Nigericin","RNH1","P13489","P13489","RINI_HUMAN","Ribonuclease inhibitor","P13489_Y151_M1_28","Phospho (STY)",0.148771725698452,0.739303018055186,0.811672795945345,6,"Not significant"
"Unstim / LPS+Nigericin","H1-4","P10412","P10412","H14_HUMAN","Histone H1.4","P10412_S2_M1_28","Phospho (STY)",0.100403523912789,0.740200632164912,0.815068214618262,6,"Not significant"
"Unstim / LPS+Nigericin","PRSS1","P07477","P07477","TRY1_HUMAN","Serine protease 1","P07477_Y99_M1_28","Phospho (STY)",0.087162606347624,0.743604329313362,0.827416655218367,6,"Not significant"
"Unstim / LPS+Nigericin","AHNAK","Q09666","Q09666","AHNK_HUMAN","Neuroblast differentiation-associated protein AHNAK","Q09666_S5279_M1_28","Phospho (STY)",-0.346803068123004,0.745281241985787,0.833967480439519,6,"Not significant"
"Unstim / LPS+Nigericin","SRRT","Q9BXP5","Q9BXP5","SRRT_HUMAN","Serrate RNA effector molecule homolog","Q9BXP5_T544_M1_28","Phospho (STY)",0.195672001772358,0.745600174370327,0.835260693649219,5,"Not significant"
"Unstim / LPS+Nigericin","CYB5B","O43169","O43169","CYB5B_HUMAN","Cytochrome b5 type B","O43169_S37_M1_28","Phospho (STY)",0.189557628399003,0.746374406059432,0.838520983162409,6,"Not significant"
"Unstim / LPS+Nigericin","TBC1D1","Q86TI0","Q86TI0","TBCD1_HUMAN","TBC1 domain family member 1","Q86TI0_S503_M1_28","Phospho (STY)",0.404510909938051,0.747426853338823,0.842293364197459,6,"Not significant"
"Unstim / LPS+Nigericin","JUND","P17535","P17535","JUND_HUMAN","Transcription factor JunD","P17535_S100_M1_28","Phospho (STY)",-0.161236057833014,0.750005673792115,0.851901558345231,6,"Not significant"
"Unstim / LPS+Nigericin","HPCAL1","P37235","P37235","HPCL1_HUMAN","Hippocalcin-like protein 1","P37235_T158_M1_28","Phospho (STY)",0.163118227400763,0.751322085329625,0.857000526683771,6,"Not significant"
"Unstim / LPS+Nigericin","H1-2","P16403","P16403","H12_HUMAN","Histone H1.2","P16403_T31_M2_28","Phospho (STY)",-0.135599807101206,0.751632569028993,0.858150765440775,4,"Not significant"
"Unstim / LPS+Nigericin","ZNF638","Q14966","Q14966","ZN638_HUMAN","Zinc finger protein 638","Q14966_T1664_M2_28","Phospho (STY)",-0.244902348659764,0.751705370251779,0.858394825776887,6,"Not significant"
"Unstim / LPS+Nigericin","MIA2","Q96PC5","Q96PC5","MIA2_HUMAN","Melanoma inhibitory activity protein 2","Q96PC5_Y1039_M2_28","Phospho (STY)",-0.0824741583801909,0.752281739907275,0.860541081122457,6,"Not significant"
"Unstim / LPS+Nigericin","ACLY","P53396","P53396","ACLY_HUMAN","ATP-citrate synthase","P53396_Y1006_M1_28","Phospho (STY)",0.328172020988363,0.752568404119503,0.861901304314559,6,"Not significant"
"Unstim / LPS+Nigericin","POTEI","P0CG38","P0CG38","POTEI_HUMAN","POTE ankyrin domain family member I","P0CG38_Y918_M1_28","Phospho (STY)",-0.198842459937974,0.752588514752574,0.862019877231809,6,"Not significant"
"Unstim / LPS+Nigericin","TUBB1","Q9H4B7","Q9H4B7","TBB1_HUMAN","Tubulin beta-1 chain","Q9H4B7_S78_M1_28","Phospho (STY)",0.303452105867062,0.75267700451823,0.862366557186253,5,"Not significant"
"Unstim / LPS+Nigericin","AKAP13","Q12802","Q12802","AKP13_HUMAN","A-kinase anchor protein 13","Q12802_S441_M2_28","Phospho (STY)",-0.0502047062248697,0.752931766087765,0.863437927215944,5,"Not significant"
"Unstim / LPS+Nigericin","HMGB1","P09429","P09429","HMGB1_HUMAN","High mobility group protein B1","P09429_S121_M1_28","Phospho (STY)",-0.0858516150738199,0.752942703749746,0.863528727852861,6,"Not significant"
"Unstim / LPS+Nigericin","NPM1","P06748","P06748","NPM_HUMAN","Nucleophosmin","P06748_S70_M1_28","Phospho (STY)",0.247330541125043,0.753487498414884,0.865664834624149,6,"Not significant"
"Unstim / LPS+Nigericin","VAMP3","Q15836","Q15836","VAMP3_HUMAN","Vesicle-associated membrane protein 3","Q15836_T18_M1_28","Phospho (STY)",-0.0933446809785176,0.754727286551277,0.870300738986564,6,"Not significant"
"Unstim / LPS+Nigericin","NIBAN2","Q96TA1","Q96TA1","NIBA2_HUMAN","Protein Niban 2","Q96TA1_S665_M1_28","Phospho (STY)",-0.168698406613074,0.755045047537559,0.871637244980989,6,"Not significant"
"Unstim / LPS+Nigericin","NCF2","P19878","P19878","NCF2_HUMAN","Neutrophil cytosol factor 2","P19878_T233_M1_28","Phospho (STY)",0.195629360061072,0.755195458748259,0.872295628270174,5,"Not significant"
"Unstim / LPS+Nigericin","CANX","P27824","P27824","CALX_HUMAN","Calnexin","P27824_Y393_M2_28","Phospho (STY)",-0.122179899542519,0.756718253582489,0.87817838203869,6,"Not significant"
"Unstim / LPS+Nigericin","MYO1E","Q12965","Q12965","MYO1E_HUMAN","Unconventional myosin-Ie","Q12965_T865_M1_28","Phospho (STY)",0.169984146958355,0.757118348655537,0.879485225133254,5,"Not significant"
"Unstim / LPS+Nigericin","GAPDH","P04406","P04406","G3P_HUMAN","Glyceraldehyde-3-phosphate dehydrogenase","P04406_T75_M1_28","Phospho (STY)",-0.0573677740715866,0.757604905934238,0.881560643811979,6,"Not significant"
"Unstim / LPS+Nigericin","TUBB2B","Q9BVA1","Q9BVA1","TBB2B_HUMAN","Tubulin beta-2B chain","Q9BVA1_Y59_M1_28","Phospho (STY)",-0.0696645602662397,0.758213102463732,0.883690991992418,6,"Not significant"
"Unstim / LPS+Nigericin","ACTB","Cont_P60712;P60709","Cont_P60712;P60709","ACTB_BOVIN;ACTB_HUMAN","Actin, cytoplasmic 1;Actin, cytoplasmic 1","Cont_P60712_Y218_M1_28","Phospho (STY)",0.0515223770042956,0.758260871667121,0.883860779736235,6,"Not significant"
"Unstim / LPS+Nigericin","ACTB","Cont_P60712;P60709","Cont_P60712;P60709","ACTB_BOVIN;ACTB_HUMAN","Actin, cytoplasmic 1;Actin, cytoplasmic 1","P60709_Y218_M1_28","Phospho (STY)",0.0515223770042956,0.758260871667121,0.883860779736235,6,"Not significant"
"Unstim / LPS+Nigericin","PRDX5","P30044","P30044","PRDX5_HUMAN","Peroxiredoxin-5, mitochondrial","P30044_S205_M2_28","Phospho (STY)",0.0688999962370825,0.758637995630676,0.8852486783595,5,"Not significant"
"Unstim / LPS+Nigericin","PTGS1","P23219","P23219","PGH1_HUMAN","Prostaglandin G/H synthase 1","P23219_Y543_M2_28","Phospho (STY)",-0.26802786576913,0.758710953075545,0.885587924320767,6,"Not significant"
"Unstim / LPS+Nigericin","ACTC1","P68032","P68032","ACTC_HUMAN","Actin, alpha cardiac muscle 1","P68032_Y242_M1_28","Phospho (STY)",-0.113274467650284,0.75874842936539,0.88580769483795,5,"Not significant"
"Unstim / LPS+Nigericin","SEC22B","O75396","O75396","SC22B_HUMAN","Vesicle-trafficking protein SEC22b","O75396_S137_M2_28","Phospho (STY)",0.318610097364008,0.758787131722888,0.886023779442228,5,"Not significant"
"Unstim / LPS+Nigericin","PGK1","P00558","P00558","PGK1_HUMAN","Phosphoglycerate kinase 1","P00558_Y324_M1_28","Phospho (STY)",0.122419695465283,0.759278534574548,0.887916429728634,6,"Not significant"
"Unstim / LPS+Nigericin","HSPA9","P38646","P38646","GRP75_HUMAN","Stress-70 protein, mitochondrial","P38646_T521_M2_28","Phospho (STY)",-0.327802011172518,0.759500577098636,0.88883466108604,4,"Not significant"
"Unstim / LPS+Nigericin","RPL10L","Q96L21","Q96L21","RL10L_HUMAN","Ribosomal protein uL16-like","Q96L21_Y57_M2_28","Phospho (STY)",0.298921875445096,0.760120917797651,0.891344015722595,6,"Not significant"
"Unstim / LPS+Nigericin","CAP1","Q01518","Q01518","CAP1_HUMAN","Adenylyl cyclase-associated protein 1","Q01518_S308_M1_28","Phospho (STY)",0.146616243713402,0.760244472520994,0.892026508299649,5,"Not significant"
"Unstim / LPS+Nigericin","VIM","P08670","P08670","VIME_HUMAN","Vimentin","P08670_T327_M1_28","Phospho (STY)",-0.0749939153293042,0.760460021260992,0.893026598620514,6,"Not significant"
"Unstim / LPS+Nigericin","AHNAK","Q09666","Q09666","AHNK_HUMAN","Neuroblast differentiation-associated protein AHNAK","Q09666_S1135_M2_28","Phospho (STY)",0.0642308446605259,0.76055558646111,0.893303689306367,6,"Not significant"
"Unstim / LPS+Nigericin","MRPS36","P82909","P82909","KGD4_HUMAN","Alpha-ketoglutarate dehydrogenase component 4","P82909_Y84_M2_28","Phospho (STY)",-0.291800355883257,0.760763613128649,0.894154281209007,6,"Not significant"
"Unstim / LPS+Nigericin","GSTP1","P09211","P09211","GSTP1_HUMAN","Glutathione S-transferase P","P09211_Y199_M1_28","Phospho (STY)",0.275337837210007,0.76093628079637,0.894899816528114,5,"Not significant"
"Unstim / LPS+Nigericin","RPL21","P46778","P46778","RL21_HUMAN","Large ribosomal subunit protein eL21","P46778_T124_M1_28","Phospho (STY)",-0.0418988568276623,0.762568070381275,0.901449583480703,6,"Not significant"
"Unstim / LPS+Nigericin","LMNB1","P20700","P20700","LMNB1_HUMAN","Lamin-B1","P20700_T506_M2_28","Phospho (STY)",0.0598531880663838,0.76310271699049,0.903767509728628,5,"Not significant"
"Unstim / LPS+Nigericin","BRD2","P25440","P25440","BRD2_HUMAN","Bromodomain-containing protein 2","P25440_T6_M1_28","Phospho (STY)",-0.0820221947078527,0.764499841853001,0.909277065808981,6,"Not significant"
"Unstim / LPS+Nigericin","PLAUR","Q03405","Q03405","UPAR_HUMAN","Urokinase plasminogen activator surface receptor","Q03405_Y109_M1_28","Phospho (STY)",-0.0255253512804301,0.765388207454866,0.912798986599698,6,"Not significant"
"Unstim / LPS+Nigericin","STMN1","P16949","P16949","STMN1_HUMAN","Stathmin","P16949_S25_M1_28","Phospho (STY)",0.101638359665574,0.766476067940006,0.917436981342446,6,"Not significant"
"Unstim / LPS+Nigericin","NAP1L4","Q99733","Q99733","NP1L4_HUMAN","Nucleosome assembly protein 1-like 4","Q99733_T28_M1_28","Phospho (STY)",0.135480867096016,0.766489110824204,0.917470804200085,6,"Not significant"
"Unstim / LPS+Nigericin","HSPB1","P04792","P04792","HSPB1_HUMAN","Heat shock protein beta-1","P04792_S82_M1_28","Phospho (STY)",-0.0574644641714775,0.767200315403817,0.920188502479063,6,"Not significant"
"Unstim / LPS+Nigericin","HSPA1A;HSPA1B","P0DMV8;P0DMV9","P0DMV8;P0DMV9","HS71A_HUMAN;HS71B_HUMAN","Heat shock 70 kDa protein 1A;Heat shock 70 kDa protein 1B","P0DMV8_Y15_M1_28","Phospho (STY)",0.0607032459469588,0.767274528312323,0.920466848901342,6,"Not significant"
"Unstim / LPS+Nigericin","HSPA1A;HSPA1B","P0DMV8;P0DMV9","P0DMV8;P0DMV9","HS71A_HUMAN;HS71B_HUMAN","Heat shock 70 kDa protein 1A;Heat shock 70 kDa protein 1B","P0DMV9_Y15_M1_28","Phospho (STY)",0.0607032459469588,0.767274528312323,0.920466848901342,6,"Not significant"
"Unstim / LPS+Nigericin","PCNA","P12004","P12004","PCNA_HUMAN","Proliferating cell nuclear antigen","P12004_Y133_M2_28","Phospho (STY)",0.0540882668719283,0.767910663167603,0.923113969531018,6,"Not significant"
"Unstim / LPS+Nigericin","CREB1","P16220","P16220","CREB1_HUMAN","Cyclic AMP-responsive element-binding protein 1","P16220_S257_M1_28","Phospho (STY)",0.0793354132859879,0.767947240396197,0.923321140581763,4,"Not significant"
"Unstim / LPS+Nigericin","RAB5C","P51148","P51148","RAB5C_HUMAN","Ras-related protein Rab-5C","P51148_S124_M1_28","Phospho (STY)",-0.0237500140811763,0.76810652170402,0.924003905409701,6,"Not significant"
"Unstim / LPS+Nigericin","CSTF2","P33240","P33240","CSTF2_HUMAN","Cleavage stimulation factor subunit 2","P33240_T548_M1_28","Phospho (STY)",0.069176144114944,0.768394741939447,0.925152147240758,6,"Not significant"
"Unstim / LPS+Nigericin","ALCAM","Q13740","Q13740","CD166_HUMAN","CD166 antigen","Q13740_Y284_M1_28","Phospho (STY)",0.0584532422852556,0.768724344060945,0.926688182976698,6,"Not significant"
"Unstim / LPS+Nigericin","MVP","Q14764","Q14764","MVP_HUMAN","Major vault protein","Q14764_Y100_M2_28","Phospho (STY)",0.0429000982604662,0.769693385213442,0.93087339353619,6,"Not significant"
"Unstim / LPS+Nigericin","NDRG1","Q92597","Q92597","NDRG1_HUMAN","Protein NDRG1","Q92597_T375_M1_28","Phospho (STY)",0.0702834388049677,0.77001233234237,0.932149258668892,4,"Not significant"
"Unstim / LPS+Nigericin","PLAUR","Q03405","Q03405","UPAR_HUMAN","Urokinase plasminogen activator surface receptor","Q03405_S139_M2_28","Phospho (STY)",0.187575789760952,0.77005551973241,0.932408051688117,4,"Not significant"
"Unstim / LPS+Nigericin","STOML2","Q9UJZ1","Q9UJZ1","STML2_HUMAN","Stomatin-like protein 2, mitochondrial","Q9UJZ1_S189_M1_28","Phospho (STY)",0.0870321610430455,0.770963917509653,0.936600057711538,6,"Not significant"
"Unstim / LPS+Nigericin","PREB","Q9HCU5","Q9HCU5","PREB_HUMAN","Prolactin regulatory element-binding protein","Q9HCU5_Y281_M1_28","Phospho (STY)",0.0442822046311037,0.771160897035734,0.937308855471117,6,"Not significant"
"Unstim / LPS+Nigericin","XIRP1","Q702N8","Q702N8","XIRP1_HUMAN","Xin actin-binding repeat-containing protein 1","Q702N8_S1349_M1_28","Phospho (STY)",-0.0711058946754582,0.771248090243669,0.93762492054417,6,"Not significant"
"Unstim / LPS+Nigericin","UBE2I","P63279","P63279","UBC9_HUMAN","SUMO-conjugating enzyme UBC9","P63279_Y87_M1_28","Phospho (STY)",0.0883559330473229,0.771328814704569,0.938115649694295,6,"Not significant"
"Unstim / LPS+Nigericin","ARGLU1","Q9NWB6","Q9NWB6","ARGL1_HUMAN","Arginine and glutamate-rich protein 1","Q9NWB6_S77_M1_28","Phospho (STY)",-0.0817111519981466,0.771389046351179,0.938332124534981,6,"Not significant"
"Unstim / LPS+Nigericin","ATP6V1F","Q16864","Q16864","VATF_HUMAN","V-type proton ATPase subunit F","Q16864_S104_M2_28","Phospho (STY)",-0.125494228994259,0.771522545521563,0.938838875089074,6,"Not significant"
"Unstim / LPS+Nigericin","ATP6V1F","Q16864","Q16864","VATF_HUMAN","V-type proton ATPase subunit F","Q16864_Y98_M2_28","Phospho (STY)",-0.125494228994259,0.771522545521563,0.938838897120529,6,"Not significant"
"Unstim / LPS+Nigericin","MACROH2A1","O75367","O75367","H2AY_HUMAN","Core histone macro-H2A.1","O75367_S305_M1_28","Phospho (STY)",0.0207171219611806,0.771699455322221,0.939502247384644,6,"Not significant"
"Unstim / LPS+Nigericin","S100A9","P06702","P06702","S10A9_HUMAN","Protein S100-A9","P06702_T113_M1_28","Phospho (STY)",0.0627140621396272,0.773835741440664,0.948483500599886,6,"Not significant"
"Unstim / LPS+Nigericin","PDIA3","P30101","P30101","PDIA3_HUMAN","Protein disulfide-isomerase A3","P30101_Y95_M1_28","Phospho (STY)",0.132989799739729,0.774141698020921,0.949865725974557,6,"Not significant"
"Unstim / LPS+Nigericin","RPL23A","P62750","P62750","RL23A_HUMAN","Large ribosomal subunit protein uL23","P62750_T95_M1_28","Phospho (STY)",0.0650578129797991,0.775787870948011,0.956721577804976,6,"Not significant"
"Unstim / LPS+Nigericin","CNN2","Q99439","Q99439","CNN2_HUMAN","Calponin-2","Q99439_Y231_M1_28","Phospho (STY)",0.0391994115090822,0.77644955528673,0.959687629840359,5,"Not significant"
"Unstim / LPS+Nigericin","CCT6A","P40227","P40227","TCPZ_HUMAN","T-complex protein 1 subunit zeta","P40227_T57_M1_28","Phospho (STY)",0.107248685037617,0.776599127998703,0.960606209818297,6,"Not significant"
"Unstim / LPS+Nigericin","FOSL2","P15408","P15408","FOSL2_HUMAN","Fos-related antigen 2","P15408_S200_M1_28","Phospho (STY)",-0.034664250661649,0.77766743558046,0.964944786238161,5,"Not significant"
"Unstim / LPS+Nigericin","AHNAK","Q09666","Q09666","AHNK_HUMAN","Neuroblast differentiation-associated protein AHNAK","Q09666_S2580_M1_28","Phospho (STY)",-0.0324568416162434,0.778633755762885,0.969147265626078,6,"Not significant"
"Unstim / LPS+Nigericin","AHNAK","Q09666","Q09666","AHNK_HUMAN","Neuroblast differentiation-associated protein AHNAK","Q09666_S4002_M1_28","Phospho (STY)",-0.0324568416162434,0.778633755762885,0.969147265626078,6,"Not significant"
"Unstim / LPS+Nigericin","AHNAK","Q09666","Q09666","AHNK_HUMAN","Neuroblast differentiation-associated protein AHNAK","Q09666_S4258_M1_28","Phospho (STY)",-0.0324568416162434,0.778633755762885,0.969147265626078,6,"Not significant"
"Unstim / LPS+Nigericin","AHNAK","Q09666","Q09666","AHNK_HUMAN","Neuroblast differentiation-associated protein AHNAK","Q09666_S4460_M1_28","Phospho (STY)",-0.0324568416162434,0.778633755762885,0.969147265626078,6,"Not significant"
"Unstim / LPS+Nigericin","TCOF1","Q13428","Q13428","TCOF_HUMAN","Treacle protein","Q13428_S503_M1_28","Phospho (STY)",0.0185445758309745,0.77874766527654,0.96976538171943,5,"Not significant"
"Unstim / LPS+Nigericin","ACTBL2","Q562R1","Q562R1","ACTBL_HUMAN","Beta-actin-like protein 2","Q562R1_Y167_M1_28","Phospho (STY)",-0.0260073040408279,0.779225947652327,0.971808686488542,6,"Not significant"
"Unstim / LPS+Nigericin","HSPA9","P38646","P38646","GRP75_HUMAN","Stress-70 protein, mitochondrial","P38646_S378_M1_28","Phospho (STY)",-0.0213989437670754,0.779603429841136,0.973380616458886,6,"Not significant"
"Unstim / LPS+Nigericin","ACAA2","P42765","P42765","THIM_HUMAN","3-ketoacyl-CoA thiolase, mitochondrial","P42765_Y20_M1_28","Phospho (STY)",-0.0113106017848722,0.780670205975739,0.978223677200927,6,"Not significant"
"Unstim / LPS+Nigericin","RPL23","P62829","P62829","RL23_HUMAN","Large ribosomal subunit protein uL14","P62829_Y38_M2_28","Phospho (STY)",0.0289162112149889,0.78091905996785,0.979140642070407,6,"Not significant"
"Unstim / LPS+Nigericin","SRRM2","Q9UQ35","Q9UQ35","SRRM2_HUMAN","Serine/arginine repetitive matrix protein 2","Q9UQ35_T1043_M1_28","Phospho (STY)",0.0154088355773708,0.783191054735158,0.988818471937546,4,"Not significant"
"Unstim / LPS+Nigericin","ATP5PF","P18859","P18859","ATP5J_HUMAN","ATP synthase-coupling factor 6, mitochondrial","P18859_T92_M1_28","Phospho (STY)",-0.00678466529039433,0.783448879957043,0.990053527719615,6,"Not significant"
"Unstim / LPS+Nigericin","UHRF2","Q96PU4","Q96PU4","UHRF2_HUMAN","E3 ubiquitin-protein ligase UHRF2","Q96PU4_S301_M2_28","Phospho (STY)",0.0184743472923465,0.784118496258897,0.993163088624455,6,"Not significant"
"Unstim / LPS+Nigericin","MYL6","P60660","P60660","MYL6_HUMAN","Myosin light polypeptide 6","P60660_Y29_M1_28","Phospho (STY)",0.0079067298216124,0.784896264988912,0.997020880223681,6,"Not significant"
"Unstim / LPS+Nigericin","FABP5","Q01469","Q01469","FABP5_HUMAN","Fatty acid-binding protein 5","Q01469_T90_M2_28","Phospho (STY)",-0.000571051310185414,0.785371860780077,0.999055274643234,4,"Not significant"
