"Comparison (group1/group2)","Genes","UniProtIds","ProteinGroups","ProteinNames","ProteinDescriptions","Group","PTM.ModificationTitle","AVG Log2 Ratio","Qvalue","Pvalue","# of Ratios","Significance"
"P3C4 / LPS","NELFE","P18615","P18615","NELFE_HUMAN","Negative elongation factor E","P18615_S115_M1_28","Phospho (STY)",0.875329404664469,0.401675432175699,0.00200588603460154,5,"Not significant"
"P3C4 / LPS","BRD2","P25440","P25440","BRD2_HUMAN","Bromodomain-containing protein 2","P25440_T6_M1_28","Phospho (STY)",0.761107996602307,0.437632772909926,0.00621880470306213,6,"Not significant"
"P3C4 / LPS","ILF2","Q12905","Q12905","ILF2_HUMAN","Interleukin enhancer-binding factor 2","Q12905_Y338_M1_28","Phospho (STY)",3.31535573630697,0.449930549777254,0.00873816818821004,5,"Not significant"
"P3C4 / LPS","NUP153","P49790","P49790","NU153_HUMAN","Nuclear pore complex protein Nup153","P49790_S240_M1_28","Phospho (STY)",0.996510906050075,0.456826372311386,0.0108090067010111,5,"Not significant"
"P3C4 / LPS","AHNAK","Q09666","Q09666","AHNK_HUMAN","Neuroblast differentiation-associated protein AHNAK","Q09666_S1452_M1_28","Phospho (STY)",0.261149218519354,0.45813855471559,0.0116479823814709,6,"Not significant"
"P3C4 / LPS","VIM","P08670","P08670","VIME_HUMAN","Vimentin","P08670_S430_M1_28","Phospho (STY)",2.12822695745795,0.463894272404089,0.0127159450529127,6,"Not significant"
"P3C4 / LPS","ACIN1","Q9UKV3","Q9UKV3","ACINU_HUMAN","Apoptotic chromatin condensation inducer in the nucleus","Q9UKV3_S1004_M1_28","Phospho (STY)",0.417684897116758,0.467449950288797,0.0145703053821503,6,"Not significant"
"P3C4 / LPS","XIRP1","Q702N8","Q702N8","XIRP1_HUMAN","Xin actin-binding repeat-containing protein 1","Q702N8_S295_M1_28","Phospho (STY)",0.844339866750692,0.469834286793537,0.0155324638400467,6,"Not significant"
"P3C4 / LPS","XIRP1","Q702N8","Q702N8","XIRP1_HUMAN","Xin actin-binding repeat-containing protein 1","Q702N8_S1349_M1_28","Phospho (STY)",0.88201003884451,0.469834286793537,0.0153835743105949,6,"Not significant"
"P3C4 / LPS","ACADM","P11310","P11310","ACADM_HUMAN","Medium-chain specific acyl-CoA dehydrogenase, mitochondrial","P11310_T220_M1_28","Phospho (STY)",1.35317769679604,0.47294135202522,0.0175917724654941,5,"Not significant"
"P3C4 / LPS","RAC2","P15153","P15153","RAC2_HUMAN","Ras-related C3 botulinum toxin substrate 2","P15153_Y72_M1_28","Phospho (STY)",5.92081754006181,0.473625121357203,0.0178360698128011,6,"Not significant"
"P3C4 / LPS","ANP32A","P39687","P39687","AN32A_HUMAN","Acidic leucine-rich nuclear phosphoprotein 32 family member A","P39687_S17_M1_28","Phospho (STY)",1.27706921686436,0.48699374611823,0.0227722315501237,5,"Not significant"
"P3C4 / LPS","HSPB1","P04792","P04792","HSPB1_HUMAN","Heat shock protein beta-1","P04792_S82_M1_28","Phospho (STY)",0.450352594171342,0.488822591945018,0.0236235896827578,6,"Not significant"
"P3C4 / LPS","MATR3","P43243","P43243","MATR3_HUMAN","Matrin-3","P43243_Y779_M1_28","Phospho (STY)",-0.389676093007487,0.495397470525129,0.026975359500492,5,"Not significant"
"P3C4 / LPS","KIF5B","P33176","P33176","KINH_HUMAN","Kinesin-1 heavy chain","P33176_Y29_M1_28","Phospho (STY)",0.66596924193416,0.499346880766587,0.0298427874172859,4,"Not significant"
"P3C4 / LPS","STMN1","P16949","P16949","STMN1_HUMAN","Stathmin","P16949_S25_M1_28","Phospho (STY)",0.385951600897957,0.500584863303293,0.0303210173286167,6,"Not significant"
"P3C4 / LPS","PAXX","Q9BUH6","Q9BUH6","PAXX_HUMAN","Protein PAXX","Q9BUH6_S152_M1_28","Phospho (STY)",0.478098155583262,0.503492843454907,0.032052351582483,6,"Not significant"
"P3C4 / LPS","GCC2","Q8IWJ2","Q8IWJ2","GCC2_HUMAN","GRIP and coiled-coil domain-containing protein 2","Q8IWJ2_S1080_M2_28","Phospho (STY)",0.591892933788669,0.506520360505947,0.0337364324957941,6,"Not significant"
"P3C4 / LPS","GCC2","Q8IWJ2","Q8IWJ2","GCC2_HUMAN","GRIP and coiled-coil domain-containing protein 2","Q8IWJ2_T1077_M2_28","Phospho (STY)",0.591892933788669,0.506520360505947,0.0337364324957941,6,"Not significant"
"P3C4 / LPS","TUBB3","Q13509","Q13509","TBB3_HUMAN","Tubulin beta-3 chain","Q13509_Y159_M2_28","Phospho (STY)",-2.60610078530086,0.50731689761026,0.0343445992133371,4,"Not significant"
"P3C4 / LPS","CLTC","Q00610","Q00610","CLH1_HUMAN","Clathrin heavy chain 1","Q00610_T235_M1_28","Phospho (STY)",-0.365470029628225,0.509118744684894,0.0358391200034367,6,"Not significant"
"P3C4 / LPS","TARS1","P26639","P26639","SYTC_HUMAN","Threonine--tRNA ligase 1, cytoplasmic","P26639_S110_M1_28","Phospho (STY)",-2.54719481076714,0.510235709219956,0.0368315419223575,5,"Not significant"
"P3C4 / LPS","PNISR","Q8TF01","Q8TF01","PNISR_HUMAN","Arginine/serine-rich protein PNISR","Q8TF01_S211_M1_28","Phospho (STY)",0.505334498172425,0.512047432077964,0.038330298786114,6,"Not significant"
"P3C4 / LPS","FAM3C","Q92520","Q92520","FAM3C_HUMAN","Protein FAM3C","Q92520_S75_M1_28","Phospho (STY)",2.64448357421702,0.515172378732861,0.0410507015483612,6,"Not significant"
"P3C4 / LPS","EVL","Q9UI08","Q9UI08","EVL_HUMAN","Ena/VASP-like protein","Q9UI08_S331_M1_28","Phospho (STY)",0.494867235487064,0.527169285598095,0.0502983645702708,6,"Not significant"
"P3C4 / LPS","HNRNPUL1","Q9BUJ2","Q9BUJ2","HNRL1_HUMAN","Heterogeneous nuclear ribonucleoprotein U-like protein 1","Q9BUJ2_Y390_M1_28","Phospho (STY)",0.706786584881439,0.527602768372797,0.05051595073348,5,"Not significant"
"P3C4 / LPS","EEF1D","P29692","P29692","EF1D_HUMAN","Elongation factor 1-delta","P29692_S133_M1_28","Phospho (STY)",0.178090339446273,0.528062396389448,0.0511467169652645,6,"Not significant"
"P3C4 / LPS","MYH9","P35579","P35579","MYH9_HUMAN","Myosin-9","P35579_T1208_M1_28","Phospho (STY)",0.373465148388023,0.530196976408426,0.0530251855777825,6,"Not significant"
"P3C4 / LPS","HSPA5","P11021","P11021","BIP_HUMAN","Endoplasmic reticulum chaperone BiP","P11021_S365_M2_28","Phospho (STY)",-8.62978957164397,0.534317359253443,0.0577271823251283,5,"Not significant"
"P3C4 / LPS","MSN","P26038","P26038","MOES_HUMAN","Moesin","P26038_S576_M1_28","Phospho (STY)",1.58955101119721,0.534444033955087,0.0580062964207312,6,"Not significant"
"P3C4 / LPS","PPP6R3","Q5H9R7","Q5H9R7","PP6R3_HUMAN","Serine/threonine-protein phosphatase 6 regulatory subunit 3","Q5H9R7_T171_M1_28","Phospho (STY)",0.399364414805433,0.542777915175322,0.0659459084687439,6,"Not significant"
"P3C4 / LPS","COPB2","P35606","P35606","COPB2_HUMAN","Coatomer subunit beta'","P35606_S859_M1_28","Phospho (STY)",0.8507402279109,0.544848873025231,0.0696700175220231,5,"Not significant"
"P3C4 / LPS","DDX17","Q92841","Q92841","DDX17_HUMAN","Probable ATP-dependent RNA helicase DDX17","Q92841_S466_M1_28","Phospho (STY)",0.523856856278739,0.553222616739908,0.078863695912255,5,"Not significant"
"P3C4 / LPS","CD44","P16070","P16070","CD44_HUMAN","CD44 antigen","P16070_S706_M1_28","Phospho (STY)",0.822488206690427,0.553387468205377,0.0789806671295436,6,"Not significant"
"P3C4 / LPS","RPS20","P60866","P60866","RS20_HUMAN","Small ribosomal subunit protein uS10","P60866_T9_M2_28","Phospho (STY)",0.452574642060451,0.554390999809158,0.0802186997661637,6,"Not significant"
"P3C4 / LPS","RPS20","P60866","P60866","RS20_HUMAN","Small ribosomal subunit protein uS10","P60866_T6_M2_28","Phospho (STY)",0.452574642060451,0.554390999809158,0.0802186997661637,6,"Not significant"
"P3C4 / LPS","TUBB6","Q9BUF5","Q9BUF5","TBB6_HUMAN","Tubulin beta-6 chain","Q9BUF5_Y281_M1_28","Phospho (STY)",0.519855424111057,0.556604607267625,0.0839082951862442,6,"Not significant"
"P3C4 / LPS","MRPL52","Q86TS9","Q86TS9","RM52_HUMAN","Large ribosomal subunit protein mL52","Q86TS9_S81_M2_28","Phospho (STY)",0.238575214550568,0.55885212975877,0.086829868076388,6,"Not significant"
"P3C4 / LPS","MRPL52","Q86TS9","Q86TS9","RM52_HUMAN","Large ribosomal subunit protein mL52","Q86TS9_T72_M2_28","Phospho (STY)",0.238575214550568,0.55885212975877,0.086829868076388,6,"Not significant"
"P3C4 / LPS","ABCC3","O15438","O15438","MRP3_HUMAN","ATP-binding cassette sub-family C member 3","O15438_S273_M1_28","Phospho (STY)",0.637885130209359,0.55906740632497,0.0870856781804437,5,"Not significant"
"P3C4 / LPS","PRSS1","Cont_P00760","Cont_P00760","TRY1_BOVIN","Serine protease 1","Cont_P00760_Y229_M1_28","Phospho (STY)",-3.61563968296383,0.563068987268404,0.0924391884733045,6,"Not significant"
"P3C4 / LPS","AHNAK","Q09666","Q09666","AHNK_HUMAN","Neuroblast differentiation-associated protein AHNAK","Q09666_S210_M1_28","Phospho (STY)",0.325965740998463,0.563766917388653,0.0934264438354449,5,"Not significant"
"P3C4 / LPS","H1-2","P16403","P16403","H12_HUMAN","Histone H1.2","P16403_T31_M2_28","Phospho (STY)",0.834920693379291,0.564840573790358,0.0953992385544812,5,"Not significant"
"P3C4 / LPS","AHNAK","Q09666","Q09666","AHNK_HUMAN","Neuroblast differentiation-associated protein AHNAK","Q09666_S4348_M1_28","Phospho (STY)",0.179239901242729,0.564889289013206,0.0958032777264418,4,"Not significant"
"P3C4 / LPS","CCDC86","Q9H6F5","Q9H6F5","CCD86_HUMAN","Coiled-coil domain-containing protein 86","Q9H6F5_S18_M1_28","Phospho (STY)",0.618731503118229,0.565127483403529,0.0960321746470973,6,"Not significant"
"P3C4 / LPS","GRHPR","Q9UBQ7","Q9UBQ7","GRHPR_HUMAN","Glyoxylate reductase/hydroxypyruvate reductase","Q9UBQ7_S60_M1_28","Phospho (STY)",0.57089569985372,0.565135007009182,0.0960522523817366,6,"Not significant"
"P3C4 / LPS","PCMT1","P22061","P22061","PIMT_HUMAN","Protein-L-isoaspartate(D-aspartate) O-methyltransferase","P22061_T25_M1_28","Phospho (STY)",1.85623507142803,0.568361762130255,0.100670449789279,6,"Not significant"
"P3C4 / LPS","HSPA5","P11021","P11021","BIP_HUMAN","Endoplasmic reticulum chaperone BiP","P11021_S354_M1_28","Phospho (STY)",1.32800438671112,0.570675554433248,0.104161332449346,6,"Not significant"
"P3C4 / LPS","AHNAK","Q09666","Q09666","AHNK_HUMAN","Neuroblast differentiation-associated protein AHNAK","Q09666_S1138_M2_28","Phospho (STY)",-0.555209375153074,0.572907853336907,0.107312785941325,5,"Not significant"
"P3C4 / LPS","PRPF3","O43395","O43395","PRPF3_HUMAN","U4/U6 small nuclear ribonucleoprotein Prp3","O43395_T254_M2_28","Phospho (STY)",-0.561768886297573,0.573910132807153,0.109128544253359,5,"Not significant"
"P3C4 / LPS","HSPA1A;HSPA1B","P0DMV8;P0DMV9","P0DMV8;P0DMV9","HS71A_HUMAN;HS71B_HUMAN","Heat shock 70 kDa protein 1A;Heat shock 70 kDa protein 1B","P0DMV8_T66_M1_28","Phospho (STY)",1.18477630835725,0.575159677439387,0.111193584782927,6,"Not significant"
"P3C4 / LPS","HSPA1A;HSPA1B","P0DMV8;P0DMV9","P0DMV8;P0DMV9","HS71A_HUMAN;HS71B_HUMAN","Heat shock 70 kDa protein 1A;Heat shock 70 kDa protein 1B","P0DMV9_T66_M1_28","Phospho (STY)",1.18477630835725,0.575159677439387,0.111193584782927,6,"Not significant"
"P3C4 / LPS","MRPS36","P82909","P82909","KGD4_HUMAN","Alpha-ketoglutarate dehydrogenase component 4","P82909_Y84_M1_28","Phospho (STY)",0.722296799648226,0.575159677439387,0.111062748332382,6,"Not significant"
"P3C4 / LPS","RPS3","P23396","P23396","RS3_HUMAN","Small ribosomal subunit protein uS3","P23396_S209_M1_28","Phospho (STY)",1.19721644592893,0.576155981641014,0.1128745249256,5,"Not significant"
"P3C4 / LPS","RCSD1","Q6JBY9","Q6JBY9","CPZIP_HUMAN","CapZ-interacting protein","Q6JBY9_S216_M1_28","Phospho (STY)",0.610005384688416,0.576616767400626,0.11362718745997,6,"Not significant"
"P3C4 / LPS","CAPZA1","P52907","P52907","CAZA1_HUMAN","F-actin-capping protein subunit alpha-1","P52907_T22_M1_28","Phospho (STY)",0.584362433702405,0.576831620466311,0.114282155588131,6,"Not significant"
"P3C4 / LPS","DDX46","Q7L014","Q7L014","DDX46_HUMAN","Probable ATP-dependent RNA helicase DDX46","Q7L014_T877_M1_28","Phospho (STY)",1.09691530500284,0.579197472121268,0.118096309175766,6,"Not significant"
"P3C4 / LPS","ENO2","P09104","P09104","ENOG_HUMAN","Gamma-enolase","P09104_S221_M1_28","Phospho (STY)",0.365633054711889,0.582067530830177,0.123598559983667,6,"Not significant"
"P3C4 / LPS","PRKDC","P78527","P78527","PRKDC_HUMAN","DNA-dependent protein kinase catalytic subunit","P78527_T4060_M1_28","Phospho (STY)",0.514335355515696,0.583005551042831,0.125311428474671,6,"Not significant"
"P3C4 / LPS","PCM1","Q15154","Q15154","PCM1_HUMAN","Pericentriolar material 1 protein","Q15154_S65_M1_28","Phospho (STY)",0.623683670900872,0.584166006705261,0.127528275236256,6,"Not significant"
"P3C4 / LPS","CAP1","Q01518","Q01518","CAP1_HUMAN","Adenylyl cyclase-associated protein 1","Q01518_S62_M1_28","Phospho (STY)",0.368306806825422,0.585543274818932,0.130084942101922,6,"Not significant"
"P3C4 / LPS","GLRX5","Q86SX6","Q86SX6","GLRX5_HUMAN","Glutaredoxin-related protein 5, mitochondrial","Q86SX6_T61_M2_28","Phospho (STY)",-0.294703759265081,0.585611161467084,0.130267462433544,6,"Not significant"
"P3C4 / LPS","AHNAK","Q09666","Q09666","AHNK_HUMAN","Neuroblast differentiation-associated protein AHNAK","Q09666_S216_M1_28","Phospho (STY)",0.241579463950763,0.586353751183662,0.131259742942776,6,"Not significant"
"P3C4 / LPS","NUFIP2","Q7Z417","Q7Z417","NUFP2_HUMAN","FMR1-interacting protein NUFIP2","Q7Z417_S107_M2_28","Phospho (STY)",-0.273654010201608,0.58703648421922,0.132353470027551,6,"Not significant"
"P3C4 / LPS","CFL1","P23528","P23528","COF1_HUMAN","Cofilin-1","P23528_T129_M1_28","Phospho (STY)",0.393521898759367,0.587237600559687,0.13290967062643,5,"Not significant"
"P3C4 / LPS","SPP1","P10451","P10451","OSTP_HUMAN","Osteopontin","P10451_S303_M1_28","Phospho (STY)",-0.451390911533644,0.587618259363192,0.133939142388157,6,"Not significant"
"P3C4 / LPS","UGP2","Q16851","Q16851","UGPA_HUMAN","UTP--glucose-1-phosphate uridylyltransferase","Q16851_S200_M1_28","Phospho (STY)",0.221737842847203,0.587738440583538,0.13416662153629,6,"Not significant"
"P3C4 / LPS","CAP1","Q01518","Q01518","CAP1_HUMAN","Adenylyl cyclase-associated protein 1","Q01518_Y43_M1_28","Phospho (STY)",0.653004305935929,0.588777217811119,0.136610990576702,5,"Not significant"
"P3C4 / LPS","RPL21","P46778","P46778","RL21_HUMAN","Large ribosomal subunit protein eL21","P46778_T124_M1_28","Phospho (STY)",0.612684366014188,0.589519481359051,0.138182056413995,6,"Not significant"
"P3C4 / LPS","ACAT2","Q9BWD1","Q9BWD1","THIC_HUMAN","Acetyl-CoA acetyltransferase, cytosolic","Q9BWD1_T275_M1_28","Phospho (STY)",0.983697886417252,0.593181885383198,0.144587347421302,6,"Not significant"
"P3C4 / LPS","TMSB4X","P62328","P62328","TYB4_HUMAN","Thymosin beta-4","P62328_S31_M1_28","Phospho (STY)",0.283878213331684,0.59463807902394,0.147115148396166,5,"Not significant"
"P3C4 / LPS","RP2","O75695","O75695","XRP2_HUMAN","Protein XRP2","O75695_S219_M1_28","Phospho (STY)",-0.477837112576125,0.595133356467233,0.147934701447848,5,"Not significant"
"P3C4 / LPS","HSPA5","P11021","P11021","BIP_HUMAN","Endoplasmic reticulum chaperone BiP","P11021_Y127_M2_28","Phospho (STY)",1.65268430825091,0.597105970172634,0.15281954399711,6,"Not significant"
"P3C4 / LPS","TUBB5;TUBB","Cont_Q2KJD0;P07437","Cont_Q2KJD0;P07437","TBB5_BOVIN;TBB5_HUMAN","Tubulin beta-5 chain;Tubulin beta chain","Cont_Q2KJD0_Y281_M3_28","Phospho (STY)",0.601067721949304,0.59943616600013,0.157021373771354,6,"Not significant"
"P3C4 / LPS","TUBB5;TUBB","Cont_Q2KJD0;P07437","Cont_Q2KJD0;P07437","TBB5_BOVIN;TBB5_HUMAN","Tubulin beta-5 chain;Tubulin beta chain","P07437_Y281_M3_28","Phospho (STY)",0.601067721949304,0.59943616600013,0.157021373771354,6,"Not significant"
"P3C4 / LPS","ACTC1","P68032","P68032","ACTC_HUMAN","Actin, alpha cardiac muscle 1","P68032_Y296_M1_28","Phospho (STY)",0.467358154953394,0.59943616600013,0.157021050484466,6,"Not significant"
"P3C4 / LPS","RPL31","P62899","P62899","RL31_HUMAN","Large ribosomal subunit protein eL31","P62899_S15_M1_28","Phospho (STY)",1.65977576281426,0.600374586147979,0.15830907006732,6,"Not significant"
"P3C4 / LPS","VDAC2","P45880","P45880","VDAC2_HUMAN","Voltage-dependent anion-selective channel protein 2","P45880_T269_M1_28","Phospho (STY)",0.316311100041595,0.602678754150652,0.163085798353449,6,"Not significant"
"P3C4 / LPS","ACTB","Cont_P60712;P60709","Cont_P60712;P60709","ACTB_BOVIN;ACTB_HUMAN","Actin, cytoplasmic 1;Actin, cytoplasmic 1","Cont_P60712_S271_M1_28","Phospho (STY)",-0.7185973499456,0.603121480649919,0.168222673219715,6,"Not significant"
"P3C4 / LPS","ACTB","Cont_P60712;P60709","Cont_P60712;P60709","ACTB_BOVIN;ACTB_HUMAN","Actin, cytoplasmic 1;Actin, cytoplasmic 1","P60709_S271_M1_28","Phospho (STY)",-0.7185973499456,0.603121480649919,0.168222673219715,6,"Not significant"
"P3C4 / LPS","CAP1","Cont_Q3SYV4","Cont_Q3SYV4","CAP1_BOVIN","Adenylyl cyclase-associated protein 1","Cont_Q3SYV4_T89_M1_28","Phospho (STY)",0.233206500008218,0.603121480649919,0.188959191019878,6,"Not significant"
"P3C4 / LPS","DDX3X","O00571","O00571","DDX3X_HUMAN","ATP-dependent RNA helicase DDX3X","O00571_Y266_M1_28","Phospho (STY)",1.06915366848549,0.603121480649919,0.185183536944589,5,"Not significant"
"P3C4 / LPS","STX7","O15400","O15400","STX7_HUMAN","Syntaxin-7","O15400_T98_M1_28","Phospho (STY)",-8.68963427549399,0.603121480649919,0.187509990611781,6,"Not significant"
"P3C4 / LPS","ACTN4","O43707","O43707","ACTN4_HUMAN","Alpha-actinin-4","O43707_Y878_M1_28","Phospho (STY)",0.20073963962031,0.603121480649919,0.187875391733959,6,"Not significant"
"P3C4 / LPS","SEC22B","O75396","O75396","SC22B_HUMAN","Vesicle-trafficking protein SEC22b","O75396_S137_M2_28","Phospho (STY)",7.27053405196423,0.603121480649919,0.185748915511748,6,"Not significant"
"P3C4 / LPS","PGLS","O95336","O95336","6PGL_HUMAN","6-phosphogluconolactonase","O95336_T249_M1_28","Phospho (STY)",0.963711196454057,0.603121480649919,0.188987965444876,6,"Not significant"
"P3C4 / LPS","GLUD1","P00367","P00367","DHE3_HUMAN","Glutamate dehydrogenase 1, mitochondrial","P00367_Y170_M1_28","Phospho (STY)",-8.65058503283342,0.603121480649919,0.194702312080587,6,"Not significant"
"P3C4 / LPS","GOT2","P00505","P00505","AATM_HUMAN","Aspartate aminotransferase, mitochondrial","P00505_S317_M2_28","Phospho (STY)",0.40729728744344,0.603121480649919,0.188706973631039,6,"Not significant"
"P3C4 / LPS","GOT2","P00505","P00505","AATM_HUMAN","Aspartate aminotransferase, mitochondrial","P00505_Y316_M2_28","Phospho (STY)",0.40729728744344,0.603121480649919,0.188706973631039,6,"Not significant"
"P3C4 / LPS","ITGB2","P05107","P05107","ITB2_HUMAN","Integrin beta-2","P05107_Y382_M2_28","Phospho (STY)",1.53363482603328,0.603121480649919,0.188377550290443,6,"Not significant"
"P3C4 / LPS","RPLP1","P05386","P05386","RLA1_HUMAN","Large ribosomal subunit protein P1","P05386_S83_M2_28","Phospho (STY)",-2.59127749188839,0.603121480649919,0.189278978946791,6,"Not significant"
"P3C4 / LPS","RPLP2","P05387","P05387","RLA2_HUMAN","Large ribosomal subunit protein P2","P05387_S44_M1_28","Phospho (STY)",-6.08545680656168,0.603121480649919,0.185728666234782,6,"Not significant"
"P3C4 / LPS","RPLP0","P05388","P05388","RLA0_HUMAN","Large ribosomal subunit protein uL10","P05388_T122_M1_28","Phospho (STY)",-5.29273058379407,0.603121480649919,0.18730665607453,6,"Not significant"
"P3C4 / LPS","ITGB1","P05556","P05556","ITB1_HUMAN","Integrin beta-1","P05556_T112_M2_28","Phospho (STY)",-11.2009399717418,0.603121480649919,0.183571508997019,6,"Not significant"
"P3C4 / LPS","ITGB1","P05556","P05556","ITB1_HUMAN","Integrin beta-1","P05556_T102_M2_28","Phospho (STY)",-11.2009399717418,0.603121480649919,0.183571508997019,6,"Not significant"
"P3C4 / LPS","PTMA","P06454","P06454","PTMA_HUMAN","Prothymosin alpha","P06454_S2_M1_28","Phospho (STY)",-1.27891332885444,0.603121480649919,0.185064442380511,6,"Not significant"
"P3C4 / LPS","HEXB","P07686","P07686","HEXB_HUMAN","Beta-hexosaminidase subunit beta","P07686_Y550_M1_28","Phospho (STY)",0.408722861593844,0.603121480649919,0.182584295072539,6,"Not significant"
"P3C4 / LPS","HSP90AA1","P07900","P07900","HS90A_HUMAN","Heat shock protein HSP 90-alpha","P07900_S442_M1_28","Phospho (STY)",0.330133203406149,0.603121480649919,0.195430403469313,6,"Not significant"
"P3C4 / LPS","HSPD1","P10809","P10809","CH60_HUMAN","60 kDa heat shock protein, mitochondrial","P10809_T422_M1_28","Phospho (STY)",-10.7968903092014,0.603121480649919,0.185855803544964,6,"Not significant"
"P3C4 / LPS","FOSL2","P15408","P15408","FOSL2_HUMAN","Fos-related antigen 2","P15408_S200_M1_28","Phospho (STY)",0.383846250923579,0.603121480649919,0.187444923670253,6,"Not significant"
"P3C4 / LPS","PLCG2","P16885","P16885","PLCG2_HUMAN","1-phosphatidylinositol 4,5-bisphosphate phosphodiesterase gamma-2","P16885_T57_M1_28","Phospho (STY)",7.84472108198708,0.603121480649919,0.185281054386513,6,"Not significant"
"P3C4 / LPS","PTGS1","P23219","P23219","PGH1_HUMAN","Prostaglandin G/H synthase 1","P23219_Y543_M2_28","Phospho (STY)",-5.01536675391264,0.603121480649919,0.183835717523758,6,"Not significant"
"P3C4 / LPS","PTPRE","P23469","P23469","PTPRE_HUMAN","Receptor-type tyrosine-protein phosphatase epsilon","P23469_Y165_M1_28","Phospho (STY)",1.01874011204355,0.603121480649919,0.183132685573128,6,"Not significant"
"P3C4 / LPS","TKT","P29401","P29401","TKT_HUMAN","Transketolase","P29401_T287_M1_28","Phospho (STY)",0.664066117609054,0.603121480649919,0.173261780158768,6,"Not significant"
"P3C4 / LPS","PDIA3","P30101","P30101","PDIA3_HUMAN","Protein disulfide-isomerase A3","P30101_Y467_M1_28","Phospho (STY)",7.68366808146034,0.603121480649919,0.185224959186852,5,"Not significant"
"P3C4 / LPS","MYH9","P35579","P35579","MYH9_HUMAN","Myosin-9","P35579_S957_M1_28","Phospho (STY)",-0.465089202849068,0.603121480649919,0.168705169484775,6,"Not significant"
"P3C4 / LPS","ACLY","P53396","P53396","ACLY_HUMAN","ATP-citrate synthase","P53396_S947_M1_28","Phospho (STY)",0.922557341932103,0.603121480649919,0.178200500140002,6,"Not significant"
"P3C4 / LPS","HSPA2","P54652","P54652","HSP72_HUMAN","Heat shock-related 70 kDa protein 2","P54652_Y108_M1_28","Phospho (STY)",-8.33396623816529,0.603121480649919,0.187680490261829,6,"Not significant"
"P3C4 / LPS","AHNAK","Q09666","Q09666","AHNK_HUMAN","Neuroblast differentiation-associated protein AHNAK","Q09666_S4092_M1_28","Phospho (STY)",-6.62629494698767,0.603121480649919,0.189367535668266,6,"Not significant"
"P3C4 / LPS","AHNAK","Q09666","Q09666","AHNK_HUMAN","Neuroblast differentiation-associated protein AHNAK","Q09666_S5731_M1_28","Phospho (STY)",1.55360590390445,0.603121480649919,0.168248325394783,4,"Not significant"
"P3C4 / LPS","RCSD1","Q6JBY9","Q6JBY9","CPZIP_HUMAN","CapZ-interacting protein","Q6JBY9_S108_M1_28","Phospho (STY)",0.50281130531086,0.603121480649919,0.193129928891807,5,"Not significant"
"P3C4 / LPS","LMNA","P02545","P02545","LMNA_HUMAN","Prelamin-A/C","P02545_S12_M1_28","Phospho (STY)",1.0257865451516,0.603121480649919,0.178485108549182,4,"Not significant"
"P3C4 / LPS","PRKCSH","P14314","P14314","GLU2B_HUMAN","Glucosidase 2 subunit beta","P14314_S478_M1_28","Phospho (STY)",-0.823254701889775,0.603202993881853,0.199677419560638,6,"Not significant"
"P3C4 / LPS","BST1","Q10588","Q10588","BST1_HUMAN","ADP-ribosyl cyclase/cyclic ADP-ribose hydrolase 2","Q10588_Y200_M2_28","Phospho (STY)",2.64578676879675,0.603202993881853,0.199621951999618,6,"Not significant"
"P3C4 / LPS","PWP2","Q15269","Q15269","PWP2_HUMAN","Periodic tryptophan protein 2 homolog","Q15269_S772_M1_28","Phospho (STY)",0.472041338138031,0.603202993881853,0.199286611800638,6,"Not significant"
"P3C4 / LPS","SRRM2","Q9UQ35","Q9UQ35","SRRM2_HUMAN","Serine/arginine repetitive matrix protein 2","Q9UQ35_S2272_M1_28","Phospho (STY)",0.681759576878233,0.603222068131335,0.20013946636441,6,"Not significant"
"P3C4 / LPS","ACTR3","P61158","P61158","ARP3_HUMAN","Actin-related protein 3","P61158_Y184_M1_28","Phospho (STY)",0.618618975562739,0.603526448284182,0.201914334918138,6,"Not significant"
"P3C4 / LPS","MVP","Q14764","Q14764","MVP_HUMAN","Major vault protein","Q14764_Y100_M2_28","Phospho (STY)",-5.65793766646837,0.603526448284182,0.202208730970052,6,"Not significant"
"P3C4 / LPS","BAK1","Q16611","Q16611","BAK_HUMAN","Bcl-2 homologous antagonist/killer","Q16611_S3_M1_28","Phospho (STY)",0.842863865120894,0.603526448284182,0.201525375819228,6,"Not significant"
"P3C4 / LPS","TPI1","P60174","P60174","TPIS_HUMAN","Triosephosphate isomerase","P60174_S21_M1_28","Phospho (STY)",-1.8698747831273,0.603631270446209,0.203155350234923,5,"Not significant"
"P3C4 / LPS","OS9","Q13438","Q13438","OS9_HUMAN","Protein OS-9","Q13438_T546_M1_28","Phospho (STY)",0.398256733685148,0.603652041822543,0.203450593225328,6,"Not significant"
"P3C4 / LPS","FLNA","P21333","P21333","FLNA_HUMAN","Filamin-A","P21333_S2279_M1_28","Phospho (STY)",0.423242906349795,0.603665898854704,0.20358393094641,6,"Not significant"
"P3C4 / LPS","EIF5A","P63241","P63241","IF5A1_HUMAN","Eukaryotic translation initiation factor 5A-1","P63241_T65_M1_28","Phospho (STY)",0.464382642530782,0.603781990099925,0.204277425634952,6,"Not significant"
"P3C4 / LPS","C1QBP","Q07021","Q07021","C1QBP_HUMAN","Complement component 1 Q subcomponent-binding protein, mitochondrial","Q07021_T101_M1_28","Phospho (STY)",-1.50430280129528,0.603781990099925,0.204419277667623,6,"Not significant"
"P3C4 / LPS","AHNAK","Q09666","Q09666","AHNK_HUMAN","Neuroblast differentiation-associated protein AHNAK","Q09666_T5729_M1_28","Phospho (STY)",-6.64656215647867,0.604169243558915,0.205521658387131,6,"Not significant"
"P3C4 / LPS","DDX18","Q9NVP1","Q9NVP1","DDX18_HUMAN","ATP-dependent RNA helicase DDX18","Q9NVP1_T260_M2_28","Phospho (STY)",0.74463885624225,0.604316063081654,0.206682888011164,5,"Not significant"
"P3C4 / LPS","DDX18","Q9NVP1","Q9NVP1","DDX18_HUMAN","ATP-dependent RNA helicase DDX18","Q9NVP1_S258_M2_28","Phospho (STY)",0.74463885624225,0.604316063081654,0.206682888011164,5,"Not significant"
"P3C4 / LPS","TXNDC12","O95881","O95881","TXD12_HUMAN","Thioredoxin domain-containing protein 12","O95881_S121_M1_28","Phospho (STY)",-0.42656237708599,0.604471641665805,0.207906952328352,6,"Not significant"
"P3C4 / LPS","SLC25A24","Q6NUK1","Q6NUK1","SCMC1_HUMAN","Mitochondrial adenyl nucleotide antiporter SLC25A24","Q6NUK1_Y404_M1_28","Phospho (STY)",-3.2368303846753,0.604556451135254,0.208396924361119,6,"Not significant"
"P3C4 / LPS","NDUFB4","O95168","O95168","NDUB4_HUMAN","NADH dehydrogenase [ubiquinone] 1 beta subcomplex subunit 4","O95168_Y6_M1_28","Phospho (STY)",0.25174605596301,0.604683641182769,0.208720455348642,6,"Not significant"
"P3C4 / LPS","LAP3","P28838","P28838","AMPL_HUMAN","Cytosol aminopeptidase","P28838_T70_M1_28","Phospho (STY)",7.89224281173308,0.605043898694828,0.210642752664772,6,"Not significant"
"P3C4 / LPS","HSPA2","P54652","P54652","HSP72_HUMAN","Heat shock-related 70 kDa protein 2","P54652_Y184_M1_28","Phospho (STY)",0.277815484928177,0.605167335038594,0.211585929610062,6,"Not significant"
"P3C4 / LPS","LSP1","P33241","P33241","LSP1_HUMAN","Lymphocyte-specific protein 1","P33241_S189_M1_28","Phospho (STY)",-0.300722967594912,0.605290855935159,0.212536961222025,6,"Not significant"
"P3C4 / LPS","HMGA1","P17096","P17096","HMGA1_HUMAN","High mobility group protein HMG-I/HMG-Y","P17096_S44_M1_28","Phospho (STY)",-0.938143979226594,0.605405075235628,0.213222431956246,6,"Not significant"
"P3C4 / LPS","POTEI","P0CG38","P0CG38","POTEI_HUMAN","POTE ankyrin domain family member I","P0CG38_Y918_M1_28","Phospho (STY)",-6.45555703125829,0.605909191067116,0.214951398485309,6,"Not significant"
"P3C4 / LPS","HSPA2","P54652","P54652","HSP72_HUMAN","Heat shock-related 70 kDa protein 2","P54652_S142_M2_28","Phospho (STY)",6.42761562624991,0.605954797991265,0.215303768604708,6,"Not significant"
"P3C4 / LPS","CCAR2","Q8N163","Q8N163","CCAR2_HUMAN","Cell cycle and apoptosis regulator protein 2","Q8N163_Y100_M1_28","Phospho (STY)",0.438793438566311,0.606030087823053,0.215649239953666,6,"Not significant"
"P3C4 / LPS","PRSS1","Cont_P00760","Cont_P00760","TRY1_BOVIN","Serine protease 1","Cont_P00760_Y99_M2_28","Phospho (STY)",2.77379375091211,0.606241181693605,0.216566495977573,6,"Not significant"
"P3C4 / LPS","NIBAN2","Q96TA1","Q96TA1","NIBA2_HUMAN","Protein Niban 2","Q96TA1_S665_M1_28","Phospho (STY)",0.242255157275605,0.607164128913349,0.220452836712028,6,"Not significant"
"P3C4 / LPS","RPSA","P08865","P08865","RSSA_HUMAN","Small ribosomal subunit protein uS2","P08865_T144_M1_28","Phospho (STY)",0.2860429033387,0.607280321769214,0.221141789122818,6,"Not significant"
"P3C4 / LPS","DHX9","Q08211","Q08211","DHX9_HUMAN","ATP-dependent RNA helicase A","Q08211_T1060_M1_28","Phospho (STY)",-3.04842785042349,0.607615222716289,0.222068954982389,6,"Not significant"
"P3C4 / LPS","BASP1","P80723","P80723","BASP1_HUMAN","Brain acid soluble protein 1","P80723_T36_M1_28","Phospho (STY)",0.981254078608972,0.607771658402859,0.222886112118002,5,"Not significant"
"P3C4 / LPS","GSN","Cont_Q3SX14","Cont_Q3SX14","GELS_BOVIN","Gelsolin","Cont_Q3SX14_Y320_M1_28","Phospho (STY)",0.352886939378376,0.60799884688164,0.223538384392853,6,"Not significant"
"P3C4 / LPS","SPN","P16150","P16150","LEUK_HUMAN","Leukosialin","P16150_S355_M1_28","Phospho (STY)",-0.226517828628872,0.608156075550517,0.224094180730318,6,"Not significant"
"P3C4 / LPS","ACTB","Cont_P60712;P60709","Cont_P60712;P60709","ACTB_BOVIN;ACTB_HUMAN","Actin, cytoplasmic 1;Actin, cytoplasmic 1","Cont_P60712_Y294_M1_28","Phospho (STY)",2.0370746385902,0.609103645316238,0.227198576514994,6,"Not significant"
"P3C4 / LPS","ACTB","Cont_P60712;P60709","Cont_P60712;P60709","ACTB_BOVIN;ACTB_HUMAN","Actin, cytoplasmic 1;Actin, cytoplasmic 1","P60709_Y294_M1_28","Phospho (STY)",2.0370746385902,0.609103645316238,0.227198576514994,6,"Not significant"
"P3C4 / LPS","RPLP1","P05386","P05386","RLA1_HUMAN","Large ribosomal subunit protein P1","P05386_T84_M2_28","Phospho (STY)",-2.01053396348462,0.60924783934714,0.227604034959262,5,"Not significant"
"P3C4 / LPS","STOML2","Q9UJZ1","Q9UJZ1","STML2_HUMAN","Stomatin-like protein 2, mitochondrial","Q9UJZ1_S189_M1_28","Phospho (STY)",-1.4043501582802,0.610903037205733,0.233564987625762,6,"Not significant"
"P3C4 / LPS","HSPD1","P10809","P10809","CH60_HUMAN","60 kDa heat shock protein, mitochondrial","P10809_Y90_M2_28","Phospho (STY)",5.52690123505438,0.611624453891643,0.236287527331399,6,"Not significant"
"P3C4 / LPS","GM2A","P17900","P17900","SAP3_HUMAN","Ganglioside GM2 activator","P17900_Y168_M1_28","Phospho (STY)",-0.405877619712444,0.611624453891643,0.236355315519776,6,"Not significant"
"P3C4 / LPS","HSPA8","P11142","P11142","HSP7C_HUMAN","Heat shock cognate 71 kDa protein","P11142_T66_M2_28","Phospho (STY)",0.875402241684854,0.611875725554705,0.237500065368373,6,"Not significant"
"P3C4 / LPS","HSPA8","P11142","P11142","HSP7C_HUMAN","Heat shock cognate 71 kDa protein","P11142_T64_M2_28","Phospho (STY)",0.875402241684854,0.611875725554705,0.237500065368373,6,"Not significant"
"P3C4 / LPS","RARS1","P54136","P54136","SYRC_HUMAN","Arginine--tRNA ligase, cytoplasmic","P54136_S177_M1_28","Phospho (STY)",0.527422540053664,0.611875725554705,0.237181103500115,6,"Not significant"
"P3C4 / LPS","TCOF1","Q13428","Q13428","TCOF_HUMAN","Treacle protein","Q13428_S503_M1_28","Phospho (STY)",0.243983806466098,0.611875725554705,0.237233732741622,6,"Not significant"
"P3C4 / LPS","GPX1","P07203","P07203","GPX1_HUMAN","Glutathione peroxidase 1","P07203_S47_M1_28","Phospho (STY)",1.18709161595333,0.611948536584174,0.237808019241328,4,"Not significant"
"P3C4 / LPS","ECHDC1","Q9NTX5","Q9NTX5","ECHD1_HUMAN","Ethylmalonyl-CoA decarboxylase","Q9NTX5_T288_M1_28","Phospho (STY)",0.458776914567057,0.612418328711939,0.239435406646867,6,"Not significant"
"P3C4 / LPS","NUP85","Q9BW27","Q9BW27","NUP85_HUMAN","Nuclear pore complex protein Nup85","Q9BW27_T579_M2_28","Phospho (STY)",-0.42086382704748,0.612540062408602,0.239931306442469,6,"Not significant"
"P3C4 / LPS","PARK7","Q99497","Q99497","PARK7_HUMAN","Parkinson disease protein 7","Q99497_T110_M1_28","Phospho (STY)",0.359242522131531,0.612571225120853,0.240008963708024,6,"Not significant"
"P3C4 / LPS","HSPA1A;HSPA1B","P0DMV8;P0DMV9","P0DMV8;P0DMV9","HS71A_HUMAN;HS71B_HUMAN","Heat shock 70 kDa protein 1A;Heat shock 70 kDa protein 1B","P0DMV8_Y15_M1_28","Phospho (STY)",0.766964402210997,0.612905466578415,0.241327577411638,6,"Not significant"
"P3C4 / LPS","HSPA1A;HSPA1B","P0DMV8;P0DMV9","P0DMV8;P0DMV9","HS71A_HUMAN;HS71B_HUMAN","Heat shock 70 kDa protein 1A;Heat shock 70 kDa protein 1B","P0DMV9_Y15_M1_28","Phospho (STY)",0.766964402210997,0.612905466578415,0.241327577411638,6,"Not significant"
"P3C4 / LPS","ACTC1","P68032","P68032","ACTC_HUMAN","Actin, alpha cardiac muscle 1","P68032_T231_M1_28","Phospho (STY)",0.78449419368859,0.613166295815246,0.242356222512445,4,"Not significant"
"P3C4 / LPS","DYNLRB1","Q9NP97","Q9NP97","DLRB1_HUMAN","Dynein light chain roadblock-type 1","Q9NP97_Y86_M1_28","Phospho (STY)",1.29298879371496,0.613212544045775,0.242626247367739,6,"Not significant"
"P3C4 / LPS","PHGDH","O43175","O43175","SERA_HUMAN","D-3-phosphoglycerate dehydrogenase","O43175_T60_M2_28","Phospho (STY)",0.739077635038303,0.614025205509699,0.245965753555402,5,"Not significant"
"P3C4 / LPS","TRIP12","Q14669","Q14669","TRIPC_HUMAN","E3 ubiquitin-protein ligase TRIP12","Q14669_T758_M1_28","Phospho (STY)",-1.15184527495978,0.614279230264222,0.246900507970398,6,"Not significant"
"P3C4 / LPS","RPL22","P35268","P35268","RL22_HUMAN","Large ribosomal subunit protein eL22","P35268_S66_M1_28","Phospho (STY)",-0.597804480304598,0.615240611303325,0.249481739316633,5,"Not significant"
"P3C4 / LPS","RAB18","Q9NP72","Q9NP72","RAB18_HUMAN","Ras-related protein Rab-18","Q9NP72_T49_M1_28","Phospho (STY)",-0.444089667067854,0.616389624682764,0.253022674998082,6,"Not significant"
"P3C4 / LPS","JUND","P17535","P17535","JUND_HUMAN","Transcription factor JunD","P17535_S100_M1_28","Phospho (STY)",0.291460619467247,0.616752732583773,0.253889561433771,6,"Not significant"
"P3C4 / LPS","HNRNPU","Q00839","Q00839","HNRPU_HUMAN","Heterogeneous nuclear ribonucleoprotein U","Q00839_Y350_M1_28","Phospho (STY)",0.915751822747508,0.618028347866757,0.257120498873276,6,"Not significant"
"P3C4 / LPS","GAPDH","P04406","P04406","G3P_HUMAN","Glyceraldehyde-3-phosphate dehydrogenase","P04406_S125_M2_28","Phospho (STY)",0.656873962552296,0.618522453905391,0.258028665937538,6,"Not significant"
"P3C4 / LPS","GAPDH","P04406","P04406","G3P_HUMAN","Glyceraldehyde-3-phosphate dehydrogenase","P04406_S122_M2_28","Phospho (STY)",0.656873962552296,0.618522453905391,0.258028665937538,6,"Not significant"
"P3C4 / LPS","HSPA2","P54652","P54652","HSP72_HUMAN","Heat shock-related 70 kDa protein 2","P54652_Y614_M1_28","Phospho (STY)",0.37857624993212,0.618767965288077,0.258542881591024,6,"Not significant"
"P3C4 / LPS","ACTC1","P68032","P68032","ACTC_HUMAN","Actin, alpha cardiac muscle 1","P68032_Y296_M3_28","Phospho (STY)",-0.387334446166163,0.619923207285292,0.261600212196641,5,"Not significant"
"P3C4 / LPS","SUMO3","P55854","P55854","SUMO3_HUMAN","Small ubiquitin-related modifier 3","P55854_T12_M1_28","Phospho (STY)",-1.32253552442059,0.622026406866951,0.266383199398392,6,"Not significant"
"P3C4 / LPS","ACTBL2","Q562R1","Q562R1","ACTBL_HUMAN","Beta-actin-like protein 2","Q562R1_Y241_M1_28","Phospho (STY)",1.32867884631406,0.622042475060305,0.26645002594511,5,"Not significant"
"P3C4 / LPS","HDGF","P51858","P51858","HDGF_HUMAN","Hepatoma-derived growth factor","P51858_S165_M1_28","Phospho (STY)",0.252278194759079,0.62213213378783,0.266758297567709,6,"Not significant"
"P3C4 / LPS","SLTM","Q9NWH9","Q9NWH9","SLTM_HUMAN","SAFB-like transcription modulator","Q9NWH9_S553_M1_28","Phospho (STY)",0.268164213411433,0.62213213378783,0.266797783822668,5,"Not significant"
"P3C4 / LPS","PLAUR","Q03405","Q03405","UPAR_HUMAN","Urokinase plasminogen activator surface receptor","Q03405_Y109_M1_28","Phospho (STY)",0.201708245257816,0.622780314898382,0.268109556743094,6,"Not significant"
"P3C4 / LPS","PEA15","Q15121","Q15121","PEA15_HUMAN","Astrocytic phosphoprotein PEA-15","Q15121_Y4_M1_28","Phospho (STY)",0.251633100133317,0.623048935249526,0.268687804746403,5,"Not significant"
"P3C4 / LPS","TUBB2B","Q9BVA1","Q9BVA1","TBB2B_HUMAN","Tubulin beta-2B chain","Q9BVA1_Y59_M1_28","Phospho (STY)",0.553054713121632,0.623573033031529,0.269900679968313,6,"Not significant"
"P3C4 / LPS","GGH","Q92820","Q92820","GGH_HUMAN","Gamma-glutamyl hydrolase","Q92820_T30_M1_28","Phospho (STY)",0.537844791530029,0.623603314529028,0.270010326428079,6,"Not significant"
"P3C4 / LPS","GYS1","P13807","P13807","GYS1_HUMAN","Glycogen [starch] synthase, muscle","P13807_Y405_M1_28","Phospho (STY)",-0.775417792161372,0.624055373512779,0.271412007080592,6,"Not significant"
"P3C4 / LPS","ATXN2L","Q8WWM7","Q8WWM7","ATX2L_HUMAN","Ataxin-2-like protein","Q8WWM7_T182_M1_28","Phospho (STY)",0.796200609590962,0.625060039601747,0.274278278989481,6,"Not significant"
"P3C4 / LPS","BTF3","P20290","P20290","BTF3_HUMAN","Transcription factor BTF3","P20290_T110_M2_28","Phospho (STY)",1.6223397406693,0.627224844837306,0.280165970053444,5,"Not significant"
"P3C4 / LPS","ACAD9","Q9H845","Q9H845","ACAD9_HUMAN","Complex I assembly factor ACAD9, mitochondrial","Q9H845_Y165_M2_28","Phospho (STY)",2.06350712437777,0.627419561067515,0.280998631711988,6,"Not significant"
"P3C4 / LPS","PDLIM2","Q96JY6","Q96JY6","PDLI2_HUMAN","PDZ and LIM domain protein 2","Q96JY6_S197_M1_28","Phospho (STY)",0.592321329634509,0.629280131717015,0.286516635894291,4,"Not significant"
"P3C4 / LPS","ZC3H4","Q9UPT8","Q9UPT8","ZC3H4_HUMAN","Zinc finger CCCH domain-containing protein 4","Q9UPT8_S1114_M1_28","Phospho (STY)",-0.175811774092198,0.629706740987774,0.287835144005807,5,"Not significant"
"P3C4 / LPS","H2AX","P16104","P16104","H2AX_HUMAN","Histone H2AX","P16104_T102_M1_28","Phospho (STY)",2.70664489629213,0.629918843101598,0.288375769549877,6,"Not significant"
"P3C4 / LPS","AKT1S1","Q96B36","Q96B36","AKTS1_HUMAN","Proline-rich AKT1 substrate 1","Q96B36_Y46_M1_28","Phospho (STY)",0.430802120777385,0.629971524921997,0.288718549484531,6,"Not significant"
"P3C4 / LPS","PLEKHO2","Q8TD55","Q8TD55","PKHO2_HUMAN","Pleckstrin homology domain-containing family O member 2","Q8TD55_S390_M2_28","Phospho (STY)",0.4290459982634,0.630182562423012,0.28926635062414,6,"Not significant"
"P3C4 / LPS","RAB4A","P20338","P20338","RAB4A_HUMAN","Ras-related protein Rab-4A","P20338_Y61_M1_28","Phospho (STY)",5.20975129042504,0.631763841088831,0.293947012869281,6,"Not significant"
"P3C4 / LPS","MYO1E","Q12965","Q12965","MYO1E_HUMAN","Unconventional myosin-Ie","Q12965_T865_M1_28","Phospho (STY)",0.489833540649617,0.632738969471284,0.296052981118007,6,"Not significant"
"P3C4 / LPS","CNK3/IPCEF1","G9CGD6","G9CGD6","CNIPF_HUMAN","CNK3/IPCEF1 fusion protein","G9CGD6_S123_M1_28","Phospho (STY)",-2.89845808853388,0.632965657416046,0.296858733084821,6,"Not significant"
"P3C4 / LPS","CSN1S1","Cont_P02662","Cont_P02662","CASA1_BOVIN","Alpha-S1-casein","Cont_P02662_S130_M1_28","Phospho (STY)",2.95718780369976,0.633972537254186,0.35746634283199,5,"Not significant"
"P3C4 / LPS","EEF1A1","Cont_P68103;P68104","Cont_P68103;P68104","EF1A1_BOVIN;EF1A1_HUMAN","Elongation factor 1-alpha 1","Cont_P68103_Y357_M2_28","Phospho (STY)",-8.83683771600359,0.633972537254186,0.422348027554781,6,"Not significant"
"P3C4 / LPS","EEF1A1","Cont_P68103;P68104","Cont_P68103;P68104","EF1A1_BOVIN;EF1A1_HUMAN","Elongation factor 1-alpha 1","P68104_Y357_M2_28","Phospho (STY)",-8.83683771600359,0.633972537254186,0.422348027554781,6,"Not significant"
"P3C4 / LPS","APOA2","Cont_P81644","Cont_P81644","APOA2_BOVIN","Apolipoprotein A-II","Cont_P81644_Y64_M1_28","Phospho (STY)",-2.56244757880529,0.633972537254186,0.394555831890589,6,"Not significant"
"P3C4 / LPS","NACA","E9PAV3;Q13765","E9PAV3;Q13765","NACAM_HUMAN;NACA_HUMAN","Nascent polypeptide-associated complex subunit alpha, muscle-specific form;Nascent polypeptide-associated complex subunit alpha","E9PAV3_Y1983_M1_28","Phospho (STY)",0.433611506570896,0.633972537254186,0.412943658433907,6,"Not significant"
"P3C4 / LPS","NACA","E9PAV3;Q13765","E9PAV3;Q13765","NACAM_HUMAN;NACA_HUMAN","Nascent polypeptide-associated complex subunit alpha, muscle-specific form;Nascent polypeptide-associated complex subunit alpha","Q13765_Y120_M1_28","Phospho (STY)",0.433611506570896,0.633972537254186,0.412943658433907,6,"Not significant"
"P3C4 / LPS","CTSV","O60911","O60911","CATL2_HUMAN","Cathepsin L2","O60911_Y125_M1_28","Phospho (STY)",-5.69112113405069,0.633972537254186,0.327970481931441,6,"Not significant"
"P3C4 / LPS","ERLIN2","O94905","O94905","ERLN2_HUMAN","Erlin-2","O94905_S243_M1_28","Phospho (STY)",0.756212047130536,0.633972537254186,0.325290565363718,6,"Not significant"
"P3C4 / LPS","SVIL","O95425","O95425","SVIL_HUMAN","Supervillin","O95425_S245_M1_28","Phospho (STY)",0.388264655321878,0.633972537254186,0.391218529587088,6,"Not significant"
"P3C4 / LPS","PNP","P00491","P00491","PNPH_HUMAN","Purine nucleoside phosphorylase","P00491_Y50_M2_28","Phospho (STY)",-1.74658914545211,0.633972537254186,0.343150087728415,6,"Not significant"
"P3C4 / LPS","PGK1","P00558","P00558","PGK1_HUMAN","Phosphoglycerate kinase 1","P00558_S115_M1_28","Phospho (STY)",4.24280826088181,0.633972537254186,0.42459679155923,6,"Not significant"
"P3C4 / LPS","TNF","P01375","P01375","TNFA_HUMAN","Tumor necrosis factor","P01375_S71_M1_28","Phospho (STY)",0.345613109975546,0.633972537254186,0.386716219039098,4,"Not significant"
"P3C4 / LPS","LMNA","P02545","P02545","LMNA_HUMAN","Prelamin-A/C","P02545_S390_M1_28","Phospho (STY)",0.158517488642093,0.633972537254186,0.415694340480313,6,"Not significant"
"P3C4 / LPS","ALDOA","P04075","P04075","ALDOA_HUMAN","Fructose-bisphosphate aldolase A","P04075_S160_M1_28","Phospho (STY)",3.69971967070493,0.633972537254186,0.391419934172311,5,"Not significant"
"P3C4 / LPS","GNAI2","P04899","P04899","GNAI2_HUMAN","Guanine nucleotide-binding protein G(i) subunit alpha-2","P04899_Y74_M1_28","Phospho (STY)",-5.30470106897602,0.633972537254186,0.425379818293679,5,"Not significant"
"P3C4 / LPS","ATP5F1B","P06576","P06576","ATPB_HUMAN","ATP synthase subunit beta, mitochondrial","P06576_T116_M1_28","Phospho (STY)",0.294169574816839,0.633972537254186,0.368923808864412,4,"Not significant"
"P3C4 / LPS","GPI","P06744","P06744","G6PI_HUMAN","Glucose-6-phosphate isomerase","P06744_Y183_M1_28","Phospho (STY)",0.236902553672482,0.633972537254186,0.394956517628279,6,"Not significant"
"P3C4 / LPS","NPM1","P06748","P06748","NPM_HUMAN","Nucleophosmin","P06748_Y67_M1_28","Phospho (STY)",0.25256653142912,0.633972537254186,0.409534283289052,6,"Not significant"
"P3C4 / LPS","P4HB","P07237","P07237","PDIA1_HUMAN","Protein disulfide-isomerase","P07237_Y393_M1_28","Phospho (STY)",0.70198297886041,0.633972537254186,0.320338233999085,6,"Not significant"
"P3C4 / LPS","P4HB","P07237","P07237","PDIA1_HUMAN","Protein disulfide-isomerase","P07237_Y414_M2_28","Phospho (STY)",-4.22551550019624,0.633972537254186,0.426485383269789,6,"Not significant"
"P3C4 / LPS","P4HB","P07237","P07237","PDIA1_HUMAN","Protein disulfide-isomerase","P07237_T277_M1_28","Phospho (STY)",-6.1533113589909,0.633972537254186,0.423408520495214,6,"Not significant"
"P3C4 / LPS","PRSS1","P07477","P07477","TRY1_HUMAN","Serine protease 1","P07477_T103_M1_28","Phospho (STY)",-2.9265160975768,0.633972537254186,0.40361392539692,6,"Not significant"
"P3C4 / LPS","HSP90AB1","P08238","P08238","HS90B_HUMAN","Heat shock protein HSP 90-beta","P08238_S67_M1_28","Phospho (STY)",-11.0585512777353,0.633972537254186,0.422594162042085,6,"Not significant"
"P3C4 / LPS","ANXA5","P08758","P08758","ANXA5_HUMAN","Annexin A5","P08758_T74_M1_28","Phospho (STY)",1.2985001259717,0.633972537254186,0.362790136633641,4,"Not significant"
"P3C4 / LPS","RPSA","P08865","P08865","RSSA_HUMAN","Small ribosomal subunit protein uS2","P08865_T144_M2_28","Phospho (STY)",-8.59650278108973,0.633972537254186,0.422976363584863,6,"Not significant"
"P3C4 / LPS","HNRNPA1","P09651","P09651","ROA1_HUMAN","Heterogeneous nuclear ribonucleoprotein A1","P09651_Y62_M2_28","Phospho (STY)",1.42486736911248,0.633972537254186,0.361076078709192,6,"Not significant"
"P3C4 / LPS","HNRNPA1","P09651","P09651","ROA1_HUMAN","Heterogeneous nuclear ribonucleoprotein A1","P09651_S2_M2_28","Phospho (STY)",-5.25131905093578,0.633972537254186,0.421001037802588,6,"Not significant"
"P3C4 / LPS","FGR","P09769","P09769","FGR_HUMAN","Tyrosine-protein kinase Fgr","P09769_T14_M1_28","Phospho (STY)",5.3110274206661,0.633972537254186,0.423927250254805,6,"Not significant"
"P3C4 / LPS","ALDOC","P09972","P09972","ALDOC_HUMAN","Fructose-bisphosphate aldolase C","P09972_S160_M2_28","Phospho (STY)",10.5667176400243,0.633972537254186,0.422631336706557,6,"Not significant"
"P3C4 / LPS","H2AC11;H2AC12;H2AC14","P0C0S8;Q96KK5;Q99878","P0C0S8;Q96KK5;Q99878","H2A1_HUMAN;H2A1H_HUMAN;H2A1J_HUMAN","Histone H2A type 1;Histone H2A type 1-H;Histone H2A type 1-J","P0C0S8_T102_M1_28","Phospho (STY)",5.31609850670781,0.633972537254186,0.419593539204537,6,"Not significant"
"P3C4 / LPS","H2AC11;H2AC12;H2AC14","P0C0S8;Q96KK5;Q99878","P0C0S8;Q96KK5;Q99878","H2A1_HUMAN;H2A1H_HUMAN;H2A1J_HUMAN","Histone H2A type 1;Histone H2A type 1-H;Histone H2A type 1-J","Q96KK5_T102_M1_28","Phospho (STY)",5.31609850670781,0.633972537254186,0.419593539204537,6,"Not significant"
"P3C4 / LPS","H2AC11;H2AC12;H2AC14","P0C0S8;Q96KK5;Q99878","P0C0S8;Q96KK5;Q99878","H2A1_HUMAN;H2A1H_HUMAN;H2A1J_HUMAN","Histone H2A type 1;Histone H2A type 1-H;Histone H2A type 1-J","Q99878_T102_M1_28","Phospho (STY)",5.31609850670781,0.633972537254186,0.419593539204537,6,"Not significant"
"P3C4 / LPS","POTEI","P0CG38","P0CG38","POTEI_HUMAN","POTE ankyrin domain family member I","P0CG38_Y918_M2_28","Phospho (STY)",-3.50094026569902,0.633972537254186,0.42881175187321,5,"Not significant"
"P3C4 / LPS","HSPA1A;HSPA1B","P0DMV8;P0DMV9","P0DMV8;P0DMV9","HS71A_HUMAN;HS71B_HUMAN","Heat shock 70 kDa protein 1A;Heat shock 70 kDa protein 1B","P0DMV8_Y611_M1_28","Phospho (STY)",0.151341553937745,0.633972537254186,0.326627549316745,5,"Not significant"
"P3C4 / LPS","HSPA1A;HSPA1B","P0DMV8;P0DMV9","P0DMV8;P0DMV9","HS71A_HUMAN;HS71B_HUMAN","Heat shock 70 kDa protein 1A;Heat shock 70 kDa protein 1B","P0DMV9_Y611_M1_28","Phospho (STY)",0.151341553937745,0.633972537254186,0.326627549316745,5,"Not significant"
"P3C4 / LPS","HSPD1","P10809","P10809","CH60_HUMAN","60 kDa heat shock protein, mitochondrial","P10809_Y223_M2_28","Phospho (STY)",0.477997975491641,0.633972537254186,0.310821151355971,6,"Not significant"
"P3C4 / LPS","HSPD1","P10809","P10809","CH60_HUMAN","60 kDa heat shock protein, mitochondrial","P10809_T54_M1_28","Phospho (STY)",0.308496678966058,0.633972537254186,0.433427240208366,6,"Not significant"
"P3C4 / LPS","HSPA5","P11021","P11021","BIP_HUMAN","Endoplasmic reticulum chaperone BiP","P11021_S86_M3_28","Phospho (STY)",-3.25462533707398,0.633972537254186,0.421558629811733,6,"Not significant"
"P3C4 / LPS","XRCC6","P12956","P12956","XRCC6_HUMAN","X-ray repair cross-complementing protein 6","P12956_Y559_M1_28","Phospho (STY)",-5.44131758227646,0.633972537254186,0.419713499535201,6,"Not significant"
"P3C4 / LPS","RNH1","P13489","P13489","RINI_HUMAN","Ribonuclease inhibitor","P13489_S50_M1_28","Phospho (STY)",0.780859317351131,0.633972537254186,0.31444906915666,6,"Not significant"
"P3C4 / LPS","P4HA1","P13674","P13674","P4HA1_HUMAN","Prolyl 4-hydroxylase subunit alpha-1","P13674_S149_M1_28","Phospho (STY)",0.969057997190707,0.633972537254186,0.300170238757944,6,"Not significant"
"P3C4 / LPS","MTHFD2","P13995","P13995","MTDC_HUMAN","Bifunctional methylenetetrahydrofolate dehydrogenase/cyclohydrolase, mitochondrial","P13995_T284_M1_28","Phospho (STY)",-6.73630023849516,0.633972537254186,0.421614684901482,6,"Not significant"
"P3C4 / LPS","PSMC3","P17980","P17980","PRS6A_HUMAN","26S proteasome regulatory subunit 6A","P17980_Y158_M1_28","Phospho (STY)",0.213084648642318,0.633972537254186,0.311153533875913,6,"Not significant"
"P3C4 / LPS","PSMC3","P17980","P17980","PRS6A_HUMAN","26S proteasome regulatory subunit 6A","P17980_S281_M2_28","Phospho (STY)",0.315651562118484,0.633972537254186,0.392083397845913,6,"Not significant"
"P3C4 / LPS","TCP1","P17987","P17987","TCPA_HUMAN","T-complex protein 1 subunit alpha","P17987_Y214_M1_28","Phospho (STY)",-2.92500329776267,0.633972537254186,0.405884682247112,6,"Not significant"
"P3C4 / LPS","ATP5PF","P18859","P18859","ATP5J_HUMAN","ATP synthase-coupling factor 6, mitochondrial","P18859_T92_M1_28","Phospho (STY)",4.24797182275828,0.633972537254186,0.4292667747611,6,"Not significant"
"P3C4 / LPS","HK1","P19367","P19367","HXK1_HUMAN","Hexokinase-1","P19367_Y732_M2_28","Phospho (STY)",-0.758411783771596,0.633972537254186,0.304502094513674,6,"Not significant"
"P3C4 / LPS","NFKB1","P19838","P19838","NFKB1_HUMAN","Nuclear factor NF-kappa-B p105 subunit","P19838_T324_M1_28","Phospho (STY)",0.290486101846599,0.633972537254186,0.386491491601804,5,"Not significant"
"P3C4 / LPS","ATP6V1C1","P21283","P21283","VATC1_HUMAN","V-type proton ATPase subunit C 1","P21283_Y181_M1_28","Phospho (STY)",0.29173737972634,0.633972537254186,0.422462295427137,6,"Not significant"
"P3C4 / LPS","AHCY","P23526","P23526","SAHH_HUMAN","Adenosylhomocysteinase","P23526_Y7_M1_28","Phospho (STY)",-7.38543649311341,0.633972537254186,0.423438015200346,6,"Not significant"
"P3C4 / LPS","CANX","P27824","P27824","CALX_HUMAN","Calnexin","P27824_Y393_M2_28","Phospho (STY)",0.405025387660246,0.633972537254186,0.341126061384486,6,"Not significant"
"P3C4 / LPS","CANX","P27824","P27824","CALX_HUMAN","Calnexin","P27824_S583_M1_28","Phospho (STY)",0.198594338581256,0.633972537254186,0.404918151965453,6,"Not significant"
"P3C4 / LPS","GNA11","P29992","P29992","GNA11_HUMAN","Guanine nucleotide-binding protein subunit alpha-11","P29992_Y172_M1_28","Phospho (STY)",-0.455152594861022,0.633972537254186,0.375311416192504,6,"Not significant"
"P3C4 / LPS","POLR2B","P30876","P30876","RPB2_HUMAN","DNA-directed RNA polymerase II subunit RPB2","P30876_Y1029_M2_28","Phospho (STY)",2.83057510252786,0.633972537254186,0.43040938528984,6,"Not significant"
"P3C4 / LPS","RDX","P35241","P35241","RADI_HUMAN","Radixin","P35241_T10_M2_28","Phospho (STY)",-5.42505277550479,0.633972537254186,0.420118301592019,5,"Not significant"
"P3C4 / LPS","BSG","P35613","P35613","BASI_HUMAN","Basigin","P35613_T141_M1_28","Phospho (STY)",0.197499398767084,0.633972537254186,0.341735984658982,6,"Not significant"
"P3C4 / LPS","HPCAL1","P37235","P37235","HPCL1_HUMAN","Hippocalcin-like protein 1","P37235_T158_M1_28","Phospho (STY)",-6.21175334837044,0.633972537254186,0.424166085568518,5,"Not significant"
"P3C4 / LPS","HSPA9","P38646","P38646","GRP75_HUMAN","Stress-70 protein, mitochondrial","P38646_T504_M1_28","Phospho (STY)",0.530661317391307,0.633972537254186,0.356757213892214,6,"Not significant"
"P3C4 / LPS","HSPA9","P38646","P38646","GRP75_HUMAN","Stress-70 protein, mitochondrial","P38646_S378_M1_28","Phospho (STY)",0.603809647989019,0.633972537254186,0.350584272952271,6,"Not significant"
"P3C4 / LPS","MDH2","P40926","P40926","MDHM_HUMAN","Malate dehydrogenase, mitochondrial","P40926_Y80_M1_28","Phospho (STY)",7.88446527322108,0.633972537254186,0.423292555035249,6,"Not significant"
"P3C4 / LPS","DNM2","P50570","P50570","DYN2_HUMAN","Dynamin-2","P50570_Y231_M1_28","Phospho (STY)",0.335185561098804,0.633972537254186,0.309765012476279,6,"Not significant"
"P3C4 / LPS","DAP","P51397","P51397","DAP1_HUMAN","Death-associated protein 1","P51397_S3_M1_28","Phospho (STY)",0.496946999243511,0.633972537254186,0.332996389699913,4,"Not significant"
"P3C4 / LPS","HNRNPM","P52272","P52272","HNRPM_HUMAN","Heterogeneous nuclear ribonucleoprotein M","P52272_Y100_M2_28","Phospho (STY)",5.32207765600202,0.633972537254186,0.420827606928762,6,"Not significant"
"P3C4 / LPS","ACLY","P53396","P53396","ACLY_HUMAN","ATP-citrate synthase","P53396_Y1006_M1_28","Phospho (STY)",1.26104927185582,0.633972537254186,0.435031229089505,6,"Not significant"
"P3C4 / LPS","ACLY","P53396","P53396","ACLY_HUMAN","ATP-citrate synthase","P53396_Y704_M2_28","Phospho (STY)",5.79208158957874,0.633972537254186,0.423392489609701,6,"Not significant"
"P3C4 / LPS","ACLY","P53396","P53396","ACLY_HUMAN","ATP-citrate synthase","P53396_Y704_M1_28","Phospho (STY)",0.329178127599494,0.633972537254186,0.367977358792077,6,"Not significant"
"P3C4 / LPS","AK2","P54819","P54819","KAD2_HUMAN","Adenylate kinase 2, mitochondrial","P54819_T215_M2_28","Phospho (STY)",-0.477682485075966,0.633972537254186,0.406742784919843,5,"Not significant"
"P3C4 / LPS","HADHB","P55084","P55084","ECHB_HUMAN","Trifunctional enzyme subunit beta, mitochondrial","P55084_S262_M1_28","Phospho (STY)",0.289249512216447,0.633972537254186,0.366778107525355,6,"Not significant"
"P3C4 / LPS","H2BC12L","P57053","P57053","H2BFS_HUMAN","Histone H2B type F-S","P57053_Y84_M2_28","Phospho (STY)",-6.46895263764668,0.633972537254186,0.423007824454252,6,"Not significant"
"P3C4 / LPS","HSPE1","P61604","P61604","CH10_HUMAN","10 kDa heat shock protein, mitochondrial","P61604_S51_M2_28","Phospho (STY)",-2.68327379948691,0.633972537254186,0.431578277925104,6,"Not significant"
"P3C4 / LPS","PPP1CA","P62136","P62136","PP1A_HUMAN","Serine/threonine-protein phosphatase PP1-alpha catalytic subunit","P62136_Y114_M1_28","Phospho (STY)",3.9527847018374,0.633972537254186,0.302857740394675,6,"Not significant"
"P3C4 / LPS","SNRPD2","P62316","P62316","SMD2_HUMAN","Small nuclear ribonucleoprotein Sm D2","P62316_S2_M1_28","Phospho (STY)",0.152250762192441,0.633972537254186,0.363763926915984,6,"Not significant"
"P3C4 / LPS","PPP2R2A","P63151","P63151","2ABA_HUMAN","Serine/threonine-protein phosphatase 2A 55 kDa regulatory subunit B alpha isoform","P63151_Y440_M2_28","Phospho (STY)",5.14953346604682,0.633972537254186,0.415381864607126,6,"Not significant"
"P3C4 / LPS","ATP2C1","P98194","P98194","AT2C1_HUMAN","Calcium-transporting ATPase type 2C member 1","P98194_S36_M1_28","Phospho (STY)",0.540906557909937,0.633972537254186,0.350747557335914,5,"Not significant"
"P3C4 / LPS","CAP1","Q01518","Q01518","CAP1_HUMAN","Adenylyl cyclase-associated protein 1","Q01518_S394_M1_28","Phospho (STY)",1.05019927335574,0.633972537254186,0.336683584589149,6,"Not significant"
"P3C4 / LPS","CAP1","Q01518","Q01518","CAP1_HUMAN","Adenylyl cyclase-associated protein 1","Q01518_Y419_M2_28","Phospho (STY)",-11.9222543745171,0.633972537254186,0.422644499689317,6,"Not significant"
"P3C4 / LPS","PLAUR","Q03405","Q03405","UPAR_HUMAN","Urokinase plasminogen activator surface receptor","Q03405_T149_M2_28","Phospho (STY)",0.679772186711539,0.633972537254186,0.363583054023981,6,"Not significant"
"P3C4 / LPS","GLO1","Q04760","Q04760","LGUL_HUMAN","Lactoylglutathione lyase","Q04760_S8_M1_28","Phospho (STY)",-5.1344660137534,0.633972537254186,0.425611307262109,6,"Not significant"
"P3C4 / LPS","AHNAK","Q09666","Q09666","AHNK_HUMAN","Neuroblast differentiation-associated protein AHNAK","Q09666_S135_M2_28","Phospho (STY)",-3.29368870927859,0.633972537254186,0.432688143763836,6,"Not significant"
"P3C4 / LPS","AHNAK","Q09666","Q09666","AHNK_HUMAN","Neuroblast differentiation-associated protein AHNAK","Q09666_S1158_M1_28","Phospho (STY)",8.13478539972922,0.633972537254186,0.422347964876675,6,"Not significant"
"P3C4 / LPS","AHNAK","Q09666","Q09666","AHNK_HUMAN","Neuroblast differentiation-associated protein AHNAK","Q09666_S1088_M1_28","Phospho (STY)",-8.94837244439014,0.633972537254186,0.422460434068589,6,"Not significant"
"P3C4 / LPS","AKAP13","Q12802","Q12802","AKP13_HUMAN","A-kinase anchor protein 13","Q12802_S441_M2_28","Phospho (STY)",0.592713992363399,0.633972537254186,0.302264460546589,4,"Not significant"
"P3C4 / LPS","SRSF9","Q13242","Q13242","SRSF9_HUMAN","Serine/arginine-rich splicing factor 9","Q13242_S211_M1_28","Phospho (STY)",0.338936307454601,0.633972537254186,0.365204965225822,6,"Not significant"
"P3C4 / LPS","FKBP8","Q14318","Q14318","FKBP8_HUMAN","Peptidyl-prolyl cis-trans isomerase FKBP8","Q14318_Y322_M2_28","Phospho (STY)",0.242986217096371,0.633972537254186,0.307148956361899,6,"Not significant"
"P3C4 / LPS","NONO","Q15233","Q15233","NONO_HUMAN","Non-POU domain-containing octamer-binding protein","Q15233_Y158_M2_28","Phospho (STY)",2.24312511562708,0.633972537254186,0.434677720825223,6,"Not significant"
"P3C4 / LPS","SF3B3","Q15393","Q15393","SF3B3_HUMAN","Splicing factor 3B subunit 3","Q15393_Y807_M2_28","Phospho (STY)",0.233836863949842,0.633972537254186,0.344674680584831,6,"Not significant"
"P3C4 / LPS","SKIC2","Q15477","Q15477","SKI2_HUMAN","Superkiller complex protein 2","Q15477_S840_M1_28","Phospho (STY)",-0.19780671452639,0.633972537254186,0.353756925725339,6,"Not significant"
"P3C4 / LPS","TSC22D1","Q15714","Q15714","T22D1_HUMAN","TSC22 domain family protein 1","Q15714_S1018_M1_28","Phospho (STY)",6.11606805828402,0.633972537254186,0.424358239932897,6,"Not significant"
"P3C4 / LPS","ACTBL2","Q562R1","Q562R1","ACTBL_HUMAN","Beta-actin-like protein 2","Q562R1_Y295_M2_28","Phospho (STY)",-9.68725254067923,0.633972537254186,0.42235902345622,6,"Not significant"
"P3C4 / LPS","ACTBL2","Q562R1","Q562R1","ACTBL_HUMAN","Beta-actin-like protein 2","Q562R1_Y295_M1_28","Phospho (STY)",0.694919239061772,0.633972537254186,0.326876282397071,6,"Not significant"
"P3C4 / LPS","TOR1AIP1","Q5JTV8","Q5JTV8","TOIP1_HUMAN","Torsin-1A-interacting protein 1","Q5JTV8_S143_M1_28","Phospho (STY)",0.123594782808853,0.633972537254186,0.330014913782468,6,"Not significant"
"P3C4 / LPS","HP1BP3","Q5SSJ5","Q5SSJ5","HP1B3_HUMAN","Heterochromatin protein 1-binding protein 3","Q5SSJ5_Y379_M2_28","Phospho (STY)",-2.18890269036998,0.633972537254186,0.417886093572018,6,"Not significant"
"P3C4 / LPS","HP1BP3","Q5SSJ5","Q5SSJ5","HP1B3_HUMAN","Heterochromatin protein 1-binding protein 3","Q5SSJ5_Y344_M2_28","Phospho (STY)",-2.11720397145542,0.633972537254186,0.415603907162197,6,"Not significant"
"P3C4 / LPS","CEP170","Q5SW79","Q5SW79","CE170_HUMAN","Centrosomal protein of 170 kDa","Q5SW79_Y91_M2_28","Phospho (STY)",-5.99120547930277,0.633972537254186,0.42432391468957,6,"Not significant"
"P3C4 / LPS","BROX","Q5VW32","Q5VW32","BROX_HUMAN","BRO1 domain-containing protein BROX","Q5VW32_Y331_M1_28","Phospho (STY)",0.37536641871347,0.633972537254186,0.368694726336825,6,"Not significant"
"P3C4 / LPS","HS2ST1","Q7LGA3","Q7LGA3","HS2ST_HUMAN","Heparan sulfate 2-O-sulfotransferase 1","Q7LGA3_Y102_M1_28","Phospho (STY)",7.79370544754458,0.633972537254186,0.422459128042428,6,"Not significant"
"P3C4 / LPS","GOLGA1","Q92805","Q92805","GOGA1_HUMAN","Golgin subfamily A member 1","Q92805_T518_M1_28","Phospho (STY)",3.34766658270085,0.633972537254186,0.426739430551054,6,"Not significant"
"P3C4 / LPS","MIA2","Q96PC5","Q96PC5","MIA2_HUMAN","Melanoma inhibitory activity protein 2","Q96PC5_Y1039_M2_28","Phospho (STY)",3.8058192601531,0.633972537254186,0.403748995343216,6,"Not significant"
"P3C4 / LPS","PARK7","Q99497","Q99497","PARK7_HUMAN","Parkinson disease protein 7","Q99497_T19_M1_28","Phospho (STY)",0.293110360365077,0.633972537254186,0.366216177046033,6,"Not significant"
"P3C4 / LPS","OSBPL8","Q9BZF1","Q9BZF1","OSBL8_HUMAN","Oxysterol-binding protein-related protein 8","Q9BZF1_S421_M1_28","Phospho (STY)",-0.35107171455334,0.633972537254186,0.357364788937404,6,"Not significant"
"P3C4 / LPS","RAB1B","Q9H0U4","Q9H0U4","RAB1B_HUMAN","Ras-related protein Rab-1B","Q9H0U4_S142_M1_28","Phospho (STY)",0.497698511134053,0.633972537254186,0.426359649411701,6,"Not significant"
"P3C4 / LPS","LMAN2L","Q9H0V9","Q9H0V9","LMA2L_HUMAN","VIP36-like protein","Q9H0V9_Y134_M2_28","Phospho (STY)",-7.84434931205792,0.633972537254186,0.422822286164783,6,"Not significant"
"P3C4 / LPS","HEATR1","Q9H583","Q9H583","HEAT1_HUMAN","HEAT repeat-containing protein 1","Q9H583_S156_M1_28","Phospho (STY)",-6.70698260470315,0.633972537254186,0.422300218088998,6,"Not significant"
"P3C4 / LPS","ACAD9","Q9H845","Q9H845","ACAD9_HUMAN","Complex I assembly factor ACAD9, mitochondrial","Q9H845_Y165_M1_28","Phospho (STY)",6.73270112975168,0.633972537254186,0.421610344544491,6,"Not significant"
"P3C4 / LPS","GLOD4","Q9HC38","Q9HC38","GLOD4_HUMAN","Glyoxalase domain-containing protein 4","Q9HC38_T242_M1_28","Phospho (STY)",0.468151781520304,0.633972537254186,0.349672585165994,5,"Not significant"
"P3C4 / LPS","NHP2","Q9NX24","Q9NX24","NHP2_HUMAN","H/ACA ribonucleoprotein complex subunit 2","Q9NX24_Y24_M1_28","Phospho (STY)",0.201674329210862,0.633972537254186,0.303425136185855,6,"Not significant"
"P3C4 / LPS","BCLAF1","Q9NYF8","Q9NYF8","BCLF1_HUMAN","Bcl-2-associated transcription factor 1","Q9NYF8_S531_M1_28","Phospho (STY)",0.261845547546921,0.633972537254186,0.320025162416844,6,"Not significant"
"P3C4 / LPS","BCLAF1","Q9NYF8","Q9NYF8","BCLF1_HUMAN","Bcl-2-associated transcription factor 1","Q9NYF8_S177_M1_28","Phospho (STY)",0.186135701359834,0.633972537254186,0.400252342086885,5,"Not significant"
"P3C4 / LPS","FAM120A","Q9NZB2","Q9NZB2","F120A_HUMAN","Constitutive coactivator of PPAR-gamma-like protein 1","Q9NZB2_Y1020_M2_28","Phospho (STY)",0.556173350185084,0.633972537254186,0.305364434777146,6,"Not significant"
"P3C4 / LPS","RRBP1","Q9P2E9","Q9P2E9","RRBP1_HUMAN","Ribosome-binding protein 1","Q9P2E9_Y1219_M2_28","Phospho (STY)",4.51458697020268,0.633972537254186,0.423465277580506,6,"Not significant"
"P3C4 / LPS","RALY","Q9UKM9","Q9UKM9","RALY_HUMAN","RNA-binding protein Raly","Q9UKM9_S135_M1_28","Phospho (STY)",0.30669788868897,0.633972537254186,0.344553201824019,6,"Not significant"
"P3C4 / LPS","PYCARD","Q9ULZ3","Q9ULZ3","ASC_HUMAN","Apoptosis-associated speck-like protein containing a CARD","Q9ULZ3_T16_M1_28","Phospho (STY)",1.43615563129633,0.633972537254186,0.37230599102771,6,"Not significant"
"P3C4 / LPS","THRAP3","Q9Y2W1","Q9Y2W1","TR150_HUMAN","Thyroid hormone receptor-associated protein 3","Q9Y2W1_S253_M2_28","Phospho (STY)",7.37488209165161,0.633972537254186,0.422234029354628,6,"Not significant"
"P3C4 / LPS","TLN1","Q9Y490","Q9Y490","TLN1_HUMAN","Talin-1","Q9Y490_T1663_M1_28","Phospho (STY)",0.0723237903020408,0.633972537254186,0.335928845522854,6,"Not significant"
"P3C4 / LPS","PPIH","O43447","O43447","PPIH_HUMAN","Peptidyl-prolyl cis-trans isomerase H","O43447_S115_M1_28","Phospho (STY)",8.66414202362965,0.633972537254186,0.422675609797607,5,"Not significant"
"P3C4 / LPS","COMT","P21964","P21964","COMT_HUMAN","Catechol O-methyltransferase","P21964_T163_M1_28","Phospho (STY)",1.16530264953222,0.633972537254186,0.431688790863331,6,"Not significant"
"P3C4 / LPS","MYH9","P35579","P35579","MYH9_HUMAN","Myosin-9","P35579_T1414_M1_28","Phospho (STY)",0.136794700021891,0.633972537254186,0.395084395212449,6,"Not significant"
"P3C4 / LPS","TRA2B","P62995","P62995","TRA2B_HUMAN","Transformer-2 protein homolog beta","P62995_T201_M1_28","Phospho (STY)",0.363761572255185,0.633972537254186,0.318421910893566,6,"Not significant"
"P3C4 / LPS","AHNAK","Q09666","Q09666","AHNK_HUMAN","Neuroblast differentiation-associated protein AHNAK","Q09666_S3326_M1_28","Phospho (STY)",-0.357858953275779,0.633972537254186,0.34687734060442,6,"Not significant"
"P3C4 / LPS","NONO","Q15233","Q15233","NONO_HUMAN","Non-POU domain-containing octamer-binding protein","Q15233_T418_M2_28","Phospho (STY)",3.03875311607852,0.633972537254186,0.431153171779974,6,"Not significant"
"P3C4 / LPS","SMAP2","Q8WU79","Q8WU79","SMAP2_HUMAN","Stromal membrane-associated protein 2","Q8WU79_S240_M1_28","Phospho (STY)",-0.253538457297294,0.633972537254186,0.42902811796853,4,"Not significant"
"P3C4 / LPS","SOD2","P04179","P04179","SODM_HUMAN","Superoxide dismutase [Mn], mitochondrial","P04179_Y33_M2_28","Phospho (STY)",0.669434001718174,0.633972537254186,0.371156992820122,4,"Not significant"
"P3C4 / LPS","NCF2","P19878","P19878","NCF2_HUMAN","Neutrophil cytosol factor 2","P19878_T233_M1_28","Phospho (STY)",0.451811888313553,0.633972537254186,0.300785179132223,6,"Not significant"
"P3C4 / LPS","ACIN1","Q9UKV3","Q9UKV3","ACINU_HUMAN","Apoptotic chromatin condensation inducer in the nucleus","Q9UKV3_S410_M1_28","Phospho (STY)",-7.54724772036979,0.633972537254186,0.420331252459857,5,"Not significant"
"P3C4 / LPS","RPSA","P08865","P08865","RSSA_HUMAN","Small ribosomal subunit protein uS2","P08865_T94_M2_28","Phospho (STY)",1.19493558330035,0.633972537254186,0.405301961859907,4,"Not significant"
"P3C4 / LPS","CEBPB","P17676","P17676","CEBPB_HUMAN","CCAAT/enhancer-binding protein beta","P17676_S231_M1_28","Phospho (STY)",0.47510956718152,0.633972537254186,0.380977609260664,4,"Not significant"
"P3C4 / LPS","HIBADH","P31937","P31937","3HIDH_HUMAN","3-hydroxyisobutyrate dehydrogenase, mitochondrial","P31937_Y113_M1_28","Phospho (STY)",1.03529632822106,0.633972537254186,0.346344376928443,4,"Not significant"
"P3C4 / LPS","RCSD1","Q6JBY9","Q6JBY9","CPZIP_HUMAN","CapZ-interacting protein","Q6JBY9_S177_M1_28","Phospho (STY)",0.375890397533555,0.633972537254186,0.335776029794876,4,"Not significant"
"P3C4 / LPS","PDIA6","Q15084","Q15084","PDIA6_HUMAN","Protein disulfide-isomerase A6","Q15084_S375_M1_28","Phospho (STY)",-0.570893137502552,0.634115401992658,0.436816371006961,6,"Not significant"
"P3C4 / LPS","GPX1","P07203","P07203","GPX1_HUMAN","Glutathione peroxidase 1","P07203_S95_M1_28","Phospho (STY)",3.03946331555471,0.634116405451353,0.436841593418433,6,"Not significant"
"P3C4 / LPS","P4HB","P07237","P07237","PDIA1_HUMAN","Protein disulfide-isomerase","P07237_T319_M1_28","Phospho (STY)",1.13797662561514,0.634427597436845,0.439959220019997,4,"Not significant"
"P3C4 / LPS","HSPA1A;HSPA1B","P0DMV8;P0DMV9","P0DMV8;P0DMV9","HS71A_HUMAN;HS71B_HUMAN","Heat shock 70 kDa protein 1A;Heat shock 70 kDa protein 1B","P0DMV8_Y137_M1_28","Phospho (STY)",-3.28904807823428,0.634537389891836,0.440869110863136,5,"Not significant"
"P3C4 / LPS","HSPA1A;HSPA1B","P0DMV8;P0DMV9","P0DMV8;P0DMV9","HS71A_HUMAN;HS71B_HUMAN","Heat shock 70 kDa protein 1A;Heat shock 70 kDa protein 1B","P0DMV9_Y137_M1_28","Phospho (STY)",-3.28904807823428,0.634537389891836,0.440869110863136,5,"Not significant"
"P3C4 / LPS","ACTC1","P68032","P68032","ACTC_HUMAN","Actin, alpha cardiac muscle 1","P68032_Y220_M1_28","Phospho (STY)",0.633668521814915,0.634595471537882,0.44121929352468,6,"Not significant"
"P3C4 / LPS","TACC3","Q9Y6A5","Q9Y6A5","TACC3_HUMAN","Transforming acidic coiled-coil-containing protein 3","Q9Y6A5_Y764_M1_28","Phospho (STY)",1.53021965077616,0.634985041749315,0.443555043448994,6,"Not significant"
"P3C4 / LPS","RAB5C","P51148","P51148","RAB5C_HUMAN","Ras-related protein Rab-5C","P51148_S124_M1_28","Phospho (STY)",0.19771531997865,0.635163077173984,0.444544235480244,6,"Not significant"
"P3C4 / LPS","AHNAK","Q09666","Q09666","AHNK_HUMAN","Neuroblast differentiation-associated protein AHNAK","Q09666_S2252_M1_28","Phospho (STY)",0.239192401776262,0.63556323743455,0.446406463865184,6,"Not significant"
"P3C4 / LPS","AHNAK","Q09666","Q09666","AHNK_HUMAN","Neuroblast differentiation-associated protein AHNAK","Q09666_S4069_M1_28","Phospho (STY)",0.239192401776262,0.63556323743455,0.446406463865184,6,"Not significant"
"P3C4 / LPS","RBM47","A0AV96","A0AV96","RBM47_HUMAN","RNA-binding protein 47","A0AV96_T433_M1_28","Phospho (STY)",0.746102210521931,0.636124249528805,0.448425150940695,6,"Not significant"
"P3C4 / LPS","PSMC2","P35998","P35998","PRS7_HUMAN","26S proteasome regulatory subunit 7","P35998_S68_M2_28","Phospho (STY)",-1.255296145534,0.636367599383926,0.449968481733215,6,"Not significant"
"P3C4 / LPS","ARL6IP5","O75915","O75915","PRAF3_HUMAN","PRA1 family protein 3","O75915_T160_M1_28","Phospho (STY)",-1.12783586858135,0.636594887311115,0.450931726826114,6,"Not significant"
"P3C4 / LPS","EEF1A1","Cont_P68103;P68104","Cont_P68103;P68104","EF1A1_BOVIN;EF1A1_HUMAN","Elongation factor 1-alpha 1","Cont_P68103_T242_M1_28","Phospho (STY)",-0.352398746337831,0.636790710979262,0.451494852657774,4,"Not significant"
"P3C4 / LPS","EEF1A1","Cont_P68103;P68104","Cont_P68103;P68104","EF1A1_BOVIN;EF1A1_HUMAN","Elongation factor 1-alpha 1","P68104_T242_M1_28","Phospho (STY)",-0.352398746337831,0.636790710979262,0.451494852657774,4,"Not significant"
"P3C4 / LPS","TFAM","Q00059","Q00059","TFAM_HUMAN","Transcription factor A, mitochondrial","Q00059_Y200_M1_28","Phospho (STY)",-0.245149870573283,0.638747575641053,0.459062585484887,6,"Not significant"
"P3C4 / LPS","HINT2","Q9BX68","Q9BX68","HINT2_HUMAN","Adenosine 5'-monophosphoramidase HINT2","Q9BX68_S101_M1_28","Phospho (STY)",1.16124765573894,0.639412695649822,0.461422130190828,6,"Not significant"
"P3C4 / LPS","ACO2","Q99798","Q99798","ACON_HUMAN","Aconitate hydratase, mitochondrial","Q99798_Y544_M1_28","Phospho (STY)",-2.44575585837481,0.639681919961056,0.462340376482179,6,"Not significant"
"P3C4 / LPS","ARID1A","O14497","O14497","ARI1A_HUMAN","AT-rich interactive domain-containing protein 1A","O14497_S363_M1_28","Phospho (STY)",0.201585555944908,0.639978560868193,0.463604122588834,6,"Not significant"
"P3C4 / LPS","PDIA3","P30101","P30101","PDIA3_HUMAN","Protein disulfide-isomerase A3","P30101_Y364_M1_28","Phospho (STY)",0.931890924001417,0.640008309570707,0.463795898685795,6,"Not significant"
"P3C4 / LPS","EEF1A1","Cont_P68103;P68104","Cont_P68103;P68104","EF1A1_BOVIN;EF1A1_HUMAN","Elongation factor 1-alpha 1","Cont_P68103_Y357_M1_28","Phospho (STY)",0.163547438085631,0.640015208561301,0.463879992448188,6,"Not significant"
"P3C4 / LPS","EEF1A1","Cont_P68103;P68104","Cont_P68103;P68104","EF1A1_BOVIN;EF1A1_HUMAN","Elongation factor 1-alpha 1","P68104_Y357_M1_28","Phospho (STY)",0.163547438085631,0.640015208561301,0.463879992448188,6,"Not significant"
"P3C4 / LPS","LDHA","P00338","P00338","LDHA_HUMAN","L-lactate dehydrogenase A chain","P00338_Y83_M1_28","Phospho (STY)",0.565887572382211,0.640341741582519,0.46510962369737,6,"Not significant"
"P3C4 / LPS","DBN1","Q16643","Q16643","DREB_HUMAN","Drebrin","Q16643_S142_M1_28","Phospho (STY)",0.0999551655555266,0.640682072419654,0.466203032940471,6,"Not significant"
"P3C4 / LPS","ABI1","Q8IZP0","Q8IZP0","ABI1_HUMAN","Abl interactor 1","Q8IZP0_Y198_M1_28","Phospho (STY)",0.295458369707862,0.641246852391679,0.468131161827134,6,"Not significant"
"P3C4 / LPS","MYL6","P60660","P60660","MYL6_HUMAN","Myosin light polypeptide 6","P60660_S57_M1_28","Phospho (STY)",0.299415410549986,0.641259629226445,0.468166122446527,5,"Not significant"
"P3C4 / LPS","MMP9","P14780","P14780","MMP9_HUMAN","Matrix metalloproteinase-9","P14780_S66_M1_28","Phospho (STY)",0.173238210633824,0.642344293335815,0.47186876131769,6,"Not significant"
"P3C4 / LPS","LILRB1","Q8NHL6","Q8NHL6","LIRB1_HUMAN","Leukocyte immunoglobulin-like receptor subfamily B member 1","Q8NHL6_S579_M1_28","Phospho (STY)",0.205723524501931,0.642396506845103,0.472054595847221,6,"Not significant"
"P3C4 / LPS","NPM1","P06748","P06748","NPM_HUMAN","Nucleophosmin","P06748_T75_M1_28","Phospho (STY)",0.906258368845947,0.644082994046399,0.47724154530798,4,"Not significant"
"P3C4 / LPS","G3BP1","Q13283","Q13283","G3BP1_HUMAN","Ras GTPase-activating protein-binding protein 1","Q13283_S232_M1_28","Phospho (STY)",0.146684430971777,0.644158888507777,0.477563818622731,6,"Not significant"
"P3C4 / LPS","ANXA1","P04083","P04083","ANXA1_HUMAN","Annexin A1","P04083_S46_M1_28","Phospho (STY)",0.171865037996114,0.644193271499249,0.477676419816092,5,"Not significant"
"P3C4 / LPS","CANX","P27824","P27824","CALX_HUMAN","Calnexin","P27824_Y150_M2_28","Phospho (STY)",1.56059246210377,0.644529222596175,0.478862706702374,6,"Not significant"
"P3C4 / LPS","CLPX","O76031","O76031","CLPX_HUMAN","ATP-dependent Clp protease ATP-binding subunit clpX-like, mitochondrial","O76031_S365_M1_28","Phospho (STY)",-0.513430721298999,0.644696789200346,0.484001273444927,6,"Not significant"
"P3C4 / LPS","STK10","O94804","O94804","STK10_HUMAN","Serine/threonine-protein kinase 10","O94804_S438_M1_28","Phospho (STY)",0.26400337204253,0.644696789200346,0.485165554403261,6,"Not significant"
"P3C4 / LPS","PCNA","P12004","P12004","PCNA_HUMAN","Proliferating cell nuclear antigen","P12004_Y133_M1_28","Phospho (STY)",0.401913867235819,0.644696789200346,0.502138166792724,6,"Not significant"
"P3C4 / LPS","RNH1","P13489","P13489","RINI_HUMAN","Ribonuclease inhibitor","P13489_Y151_M2_28","Phospho (STY)",-7.12604819839004,0.644696789200346,0.500342226869632,5,"Not significant"
"P3C4 / LPS","CALR","P27797","P27797","CALR_HUMAN","Calreticulin","P27797_Y172_M3_28","Phospho (STY)",-4.8874943080753,0.644696789200346,0.49422751789954,5,"Not significant"
"P3C4 / LPS","HSPA9","P38646","P38646","GRP75_HUMAN","Stress-70 protein, mitochondrial","P38646_Y243_M1_28","Phospho (STY)",-0.265793216488801,0.644696789200346,0.481032686248598,6,"Not significant"
"P3C4 / LPS","IDH3G","P51553","P51553","IDH3G_HUMAN","Isocitrate dehydrogenase [NAD] subunit gamma, mitochondrial","P51553_Y51_M2_28","Phospho (STY)",-5.4953022188416,0.644696789200346,0.500990019405361,4,"Not significant"
"P3C4 / LPS","RAB5B","P61020","P61020","RAB5B_HUMAN","Ras-related protein Rab-5B","P61020_S184_M1_28","Phospho (STY)",0.241789497393929,0.644696789200346,0.47942752509745,6,"Not significant"
"P3C4 / LPS","HSPE1","P61604","P61604","CH10_HUMAN","10 kDa heat shock protein, mitochondrial","P61604_S53_M2_28","Phospho (STY)",-3.20483408719098,0.644696789200346,0.503149716156811,5,"Not significant"
"P3C4 / LPS","ALCAM","Q13740","Q13740","CD166_HUMAN","CD166 antigen","Q13740_Y284_M1_28","Phospho (STY)",0.279604902713443,0.644696789200346,0.488547152176875,6,"Not significant"
"P3C4 / LPS","UHRF2","Q96PU4","Q96PU4","UHRF2_HUMAN","E3 ubiquitin-protein ligase UHRF2","Q96PU4_S301_M2_28","Phospho (STY)",8.4620214683812,0.644696789200346,0.50001983932176,4,"Not significant"
"P3C4 / LPS","PREB","Q9HCU5","Q9HCU5","PREB_HUMAN","Prolactin regulatory element-binding protein","Q9HCU5_Y281_M1_28","Phospho (STY)",0.37754046634636,0.644696789200346,0.498129712233506,6,"Not significant"
"P3C4 / LPS","SDHAF2","Q9NX18","Q9NX18","SDHF2_HUMAN","Succinate dehydrogenase assembly factor 2, mitochondrial","Q9NX18_Y160_M1_28","Phospho (STY)",-0.494920033861865,0.644696789200346,0.497280336026923,6,"Not significant"
"P3C4 / LPS","QPCTL","Q9NXS2","Q9NXS2","QPCTL_HUMAN","Glutaminyl-peptide cyclotransferase-like protein","Q9NXS2_T216_M1_28","Phospho (STY)",0.452920509477558,0.644696789200346,0.500216138337178,6,"Not significant"
"P3C4 / LPS","ACTB","Cont_P60712;P60709","Cont_P60712;P60709","ACTB_BOVIN;ACTB_HUMAN","Actin, cytoplasmic 1;Actin, cytoplasmic 1","Cont_P60712_T229_M2_28","Phospho (STY)",0.988281948217714,0.644696789200346,0.501862278995709,4,"Not significant"
"P3C4 / LPS","ACTB","Cont_P60712;P60709","Cont_P60712;P60709","ACTB_BOVIN;ACTB_HUMAN","Actin, cytoplasmic 1;Actin, cytoplasmic 1","P60709_T229_M2_28","Phospho (STY)",0.988281948217714,0.644696789200346,0.501862278995709,4,"Not significant"
"P3C4 / LPS","CES1","P23141","P23141","EST1_HUMAN","Liver carboxylesterase 1","P23141_Y118_M2_28","Phospho (STY)",7.37990396974889,0.644696789200346,0.499033608570637,4,"Not significant"
"P3C4 / LPS","EIF5","P55010","P55010","IF5_HUMAN","Eukaryotic translation initiation factor 5","P55010_Y56_M2_28","Phospho (STY)",-5.40685463697285,0.644696789200346,0.494814332893958,4,"Not significant"
"P3C4 / LPS","ACBD5","Q5T8D3","Q5T8D3","ACBD5_HUMAN","Acyl-CoA-binding domain-containing protein 5","Q5T8D3_S168_M1_28","Phospho (STY)",5.30697248618476,0.644696789200346,0.49775652468838,4,"Not significant"
"P3C4 / LPS","SRRM2","Q9UQ35","Q9UQ35","SRRM2_HUMAN","Serine/arginine repetitive matrix protein 2","Q9UQ35_T1043_M1_28","Phospho (STY)",0.212428295461166,0.644696789200346,0.495288467604619,6,"Not significant"
"P3C4 / LPS","PLEK","P08567","P08567","PLEK_HUMAN","Pleckstrin","P08567_S117_M1_28","Phospho (STY)",0.643465139759481,0.644696789200346,0.502807809335201,4,"Not significant"
"P3C4 / LPS","NDUFA9","Q16795","Q16795","NDUA9_HUMAN","NADH dehydrogenase [ubiquinone] 1 alpha subcomplex subunit 9, mitochondrial","Q16795_S219_M2_28","Phospho (STY)",-0.297549186115637,0.644696789200346,0.479679169664389,6,"Not significant"
"P3C4 / LPS","ATG16L1","Q676U5","Q676U5","A16L1_HUMAN","Autophagy-related protein 16-1","Q676U5_S269_M2_28","Phospho (STY)",-7.73170660771984,0.644696789200346,0.500042611395574,4,"Not significant"
"P3C4 / LPS","RAB1B","Q9H0U4","Q9H0U4","RAB1B_HUMAN","Ras-related protein Rab-1B","Q9H0U4_T49_M1_28","Phospho (STY)",9.34239772066527,0.644696789200346,0.499896519414701,4,"Not significant"
"P3C4 / LPS","H2BC21","Q16778","Q16778","H2B2E_HUMAN","Histone H2B type 2-E","Q16778_Y38_M2_28","Phospho (STY)",-3.21427645305165,0.644720438946108,0.503311508585262,4,"Not significant"
"P3C4 / LPS","M6PR","P20645","P20645","MPRD_HUMAN","Cation-dependent mannose-6-phosphate receptor","P20645_S42_M1_28","Phospho (STY)",-0.429940466627816,0.644764271610972,0.503995670117868,6,"Not significant"
"P3C4 / LPS","AHNAK","Q09666","Q09666","AHNK_HUMAN","Neuroblast differentiation-associated protein AHNAK","Q09666_S5190_M2_28","Phospho (STY)",-5.50195443143315,0.644764271610972,0.503711933718253,4,"Not significant"
"P3C4 / LPS","A1BG","Cont_Q2KJF1","Cont_Q2KJF1","A1BG_BOVIN","Alpha-1B-glycoprotein","Cont_Q2KJF1_T234_M2_28","Phospho (STY)",4.271572223848,0.644815918396895,0.504636436950792,4,"Not significant"
"P3C4 / LPS","SND1","Q7KZF4","Q7KZF4","SND1_HUMAN","Staphylococcal nuclease domain-containing protein 1","Q7KZF4_Y178_M2_28","Phospho (STY)",-0.813335350953221,0.644853192494238,0.504867298571978,6,"Not significant"
"P3C4 / LPS","ALDOA","P04075","P04075","ALDOA_HUMAN","Fructose-bisphosphate aldolase A","P04075_Y174_M1_28","Phospho (STY)",0.98592008043541,0.644860263688626,0.504934938854352,6,"Not significant"
"P3C4 / LPS","RCSD1","Q6JBY9","Q6JBY9","CPZIP_HUMAN","CapZ-interacting protein","Q6JBY9_S120_M1_28","Phospho (STY)",-0.337081970490864,0.645887430742603,0.510031435583563,4,"Not significant"
"P3C4 / LPS","PRR14","Q9BWN1","Q9BWN1","PRR14_HUMAN","Proline-rich protein 14","Q9BWN1_S514_M1_28","Phospho (STY)",0.496897294711733,0.646167659810131,0.51090258859337,5,"Not significant"
"P3C4 / LPS","MACROH2A1","O75367","O75367","H2AY_HUMAN","Core histone macro-H2A.1","O75367_S305_M1_28","Phospho (STY)",0.259297080792128,0.646384500559715,0.511854595869478,6,"Not significant"
"P3C4 / LPS","TXNDC12","O95881","O95881","TXD12_HUMAN","Thioredoxin domain-containing protein 12","O95881_S53_M1_28","Phospho (STY)",1.08080944607875,0.6470328466104,0.514220799368693,6,"Not significant"
"P3C4 / LPS","PDS5B","Q9NTI5","Q9NTI5","PDS5B_HUMAN","Sister chromatid cohesion protein PDS5 homolog B","Q9NTI5_S1358_M1_28","Phospho (STY)",-0.357174874474528,0.647791534892208,0.517246067438474,6,"Not significant"
"P3C4 / LPS","ACTB","Cont_P60712;P60709","Cont_P60712;P60709","ACTB_BOVIN;ACTB_HUMAN","Actin, cytoplasmic 1;Actin, cytoplasmic 1","Cont_P60712_Y218_M1_28","Phospho (STY)",0.394887243961122,0.648552225647572,0.519801589711875,6,"Not significant"
"P3C4 / LPS","ACTB","Cont_P60712;P60709","Cont_P60712;P60709","ACTB_BOVIN;ACTB_HUMAN","Actin, cytoplasmic 1;Actin, cytoplasmic 1","P60709_Y218_M1_28","Phospho (STY)",0.394887243961122,0.648552225647572,0.519801589711875,6,"Not significant"
"P3C4 / LPS","PRKCSH","P14314","P14314","GLU2B_HUMAN","Glucosidase 2 subunit beta","P14314_T489_M1_28","Phospho (STY)",0.129262718052224,0.648646632204363,0.520168002667819,4,"Not significant"
"P3C4 / LPS","UGGT1","Q9NYU2","Q9NYU2","UGGG1_HUMAN","UDP-glucose:glycoprotein glucosyltransferase 1","Q9NYU2_S931_M1_28","Phospho (STY)",-0.45596108921319,0.649165336255717,0.521966627730085,6,"Not significant"
"P3C4 / LPS","HCLS1","P14317","P14317","HCLS1_HUMAN","Hematopoietic lineage cell-specific protein","P14317_S275_M1_28","Phospho (STY)",-0.762458902628122,0.649343955624967,0.52247670736337,6,"Not significant"
"P3C4 / LPS","CHCHD3","Q9NX63","Q9NX63","MIC19_HUMAN","MICOS complex subunit MIC19","Q9NX63_S50_M1_28","Phospho (STY)",0.197682688446649,0.649663923450367,0.523591438572733,5,"Not significant"
"P3C4 / LPS","MTDH","Q86UE4","Q86UE4","LYRIC_HUMAN","Protein LYRIC","Q86UE4_T492_M2_28","Phospho (STY)",-3.68710600196,0.649857974340635,0.524222116102743,4,"Not significant"
"P3C4 / LPS","PCBP1","Q15365","Q15365","PCBP1_HUMAN","Poly(rC)-binding protein 1","Q15365_S190_M3_28","Phospho (STY)",-0.359435304558619,0.65053190594618,0.526151635819336,5,"Not significant"
"P3C4 / LPS","PRPF40A","O75400","O75400","PR40A_HUMAN","Pre-mRNA-processing factor 40 homolog A","O75400_Y221_M1_28","Phospho (STY)",-0.128389093478289,0.650724433488324,0.526598502996015,6,"Not significant"
"P3C4 / LPS","HNRNPA3","P51991","P51991","ROA3_HUMAN","Heterogeneous nuclear ribonucleoprotein A3","P51991_S358_M1_28","Phospho (STY)",-0.245148074507877,0.650780300527223,0.52675029374228,6,"Not significant"
"P3C4 / LPS","SSB","P05455","P05455","LA_HUMAN","Lupus La protein","P05455_S366_M1_28","Phospho (STY)",-0.364029674217783,0.651909772499504,0.530085701285349,4,"Not significant"
"P3C4 / LPS","IL1B","P01584","P01584","IL1B_HUMAN","Interleukin-1 beta","P01584_S35_M1_28","Phospho (STY)",0.382073239107094,0.652724008537259,0.532320323647512,6,"Not significant"
"P3C4 / LPS","HSP90B1","P14625","P14625","ENPL_HUMAN","Endoplasmin","P14625_S607_M1_28","Phospho (STY)",0.583211471580437,0.652742534049809,0.532357781214181,6,"Not significant"
"P3C4 / LPS","RPL23","P62829","P62829","RL23_HUMAN","Large ribosomal subunit protein uL14","P62829_Y38_M2_28","Phospho (STY)",-0.86114720530673,0.653615903831772,0.535131830039963,6,"Not significant"
"P3C4 / LPS","PCBP2","Q15366","Q15366","PCBP2_HUMAN","Poly(rC)-binding protein 2","Q15366_S141_M2_28","Phospho (STY)",0.269384813199965,0.654520193681545,0.537773050447695,5,"Not significant"
"P3C4 / LPS","EEF2","P13639","P13639","EF2_HUMAN","Elongation factor 2","P13639_Y730_M2_28","Phospho (STY)",1.02713575630061,0.655115717009179,0.539859958459478,6,"Not significant"
"P3C4 / LPS","PEA15","Q15121","Q15121","PEA15_HUMAN","Astrocytic phosphoprotein PEA-15","Q15121_S104_M1_28","Phospho (STY)",0.291654239142616,0.655364871520261,0.540551635035543,5,"Not significant"
"P3C4 / LPS","ATP6V1F","Q16864","Q16864","VATF_HUMAN","V-type proton ATPase subunit F","Q16864_S104_M2_28","Phospho (STY)",-0.92981810114596,0.655496044871506,0.541041029938528,6,"Not significant"
"P3C4 / LPS","ATP6V1F","Q16864","Q16864","VATF_HUMAN","V-type proton ATPase subunit F","Q16864_Y98_M2_28","Phospho (STY)",-0.92981810114596,0.655496044871506,0.541041020570023,6,"Not significant"
"P3C4 / LPS","CORO7","P57737","P57737","CORO7_HUMAN","Coronin-7","P57737_T536_M2_28","Phospho (STY)",0.572129387278988,0.65633124953503,0.543392275178558,5,"Not significant"
"P3C4 / LPS","AHNAK","Q09666","Q09666","AHNK_HUMAN","Neuroblast differentiation-associated protein AHNAK","Q09666_S5448_M1_28","Phospho (STY)",0.227685373634663,0.657306520265052,0.546038421735619,6,"Not significant"
"P3C4 / LPS","MDH2","P40926","P40926","MDHM_HUMAN","Malate dehydrogenase, mitochondrial","P40926_T204_M2_28","Phospho (STY)",1.83587846537696,0.658902401529355,0.55114629171865,6,"Not significant"
"P3C4 / LPS","ACTBL2","Q562R1","Q562R1","ACTBL_HUMAN","Beta-actin-like protein 2","Q562R1_Y167_M1_28","Phospho (STY)",-0.599750579658554,0.659349780401662,0.552421536839465,5,"Not significant"
"P3C4 / LPS","RRS1","Q15050","Q15050","RRS1_HUMAN","Ribosome biogenesis regulatory protein homolog","Q15050_T56_M2_28","Phospho (STY)",-0.937833892254066,0.659565521208193,0.552965678961747,6,"Not significant"
"P3C4 / LPS","EEF1A1P5","Q5VTE0","Q5VTE0","EF1A3_HUMAN","Putative elongation factor 1-alpha-like 3","Q5VTE0_Y357_M1_28","Phospho (STY)",0.116926833149584,0.659900216785587,0.554111028299663,6,"Not significant"
"P3C4 / LPS","AHNAK","Q09666","Q09666","AHNK_HUMAN","Neuroblast differentiation-associated protein AHNAK","Q09666_S2798_M1_28","Phospho (STY)",-0.833223159002269,0.660071212890465,0.554626181122693,6,"Not significant"
"P3C4 / LPS","P4HB","P07237","P07237","PDIA1_HUMAN","Protein disulfide-isomerase","P07237_S194_M2_28","Phospho (STY)",-0.167536484343263,0.660244940043752,0.555193560680818,5,"Not significant"
"P3C4 / LPS","POTEI","P0CG38","P0CG38","POTEI_HUMAN","POTE ankyrin domain family member I","P0CG38_S971_M1_28","Phospho (STY)",-0.329035553302685,0.660870875024909,0.556879220810186,5,"Not significant"
"P3C4 / LPS","AHNAK","Q09666","Q09666","AHNK_HUMAN","Neuroblast differentiation-associated protein AHNAK","Q09666_S5573_M1_28","Phospho (STY)",-0.343159296055845,0.660934952380476,0.557160814112404,6,"Not significant"
"P3C4 / LPS","NPM1","P06748","P06748","NPM_HUMAN","Nucleophosmin","P06748_S70_M1_28","Phospho (STY)",-0.119966895651034,0.661849140871238,0.559838646012172,4,"Not significant"
"P3C4 / LPS","ACTB","Cont_P60712;P60709","Cont_P60712;P60709","ACTB_BOVIN;ACTB_HUMAN","Actin, cytoplasmic 1;Actin, cytoplasmic 1","Cont_P60712_Y53_M1_28","Phospho (STY)",-0.522219169497735,0.661853317800961,0.559874496389928,6,"Not significant"
"P3C4 / LPS","ACTB","Cont_P60712;P60709","Cont_P60712;P60709","ACTB_BOVIN;ACTB_HUMAN","Actin, cytoplasmic 1;Actin, cytoplasmic 1","P60709_Y53_M1_28","Phospho (STY)",-0.522219169497735,0.661853317800961,0.559874496389928,6,"Not significant"
"P3C4 / LPS","AHNAK","Q09666","Q09666","AHNK_HUMAN","Neuroblast differentiation-associated protein AHNAK","Q09666_S3611_M1_28","Phospho (STY)",0.318870631924474,0.662006755697777,0.560371279476243,6,"Not significant"
"P3C4 / LPS","H1-4","P10412","P10412","H14_HUMAN","Histone H1.4","P10412_S2_M1_28","Phospho (STY)",0.48731301887861,0.66219508888344,0.56089818565078,6,"Not significant"
"P3C4 / LPS","HNRNPA1","P09651","P09651","ROA1_HUMAN","Heterogeneous nuclear ribonucleoprotein A1","P09651_S6_M1_28","Phospho (STY)",-0.176288757448832,0.663088258097554,0.563553441658192,5,"Not significant"
"P3C4 / LPS","HSPA8","P11142","P11142","HSP7C_HUMAN","Heat shock cognate 71 kDa protein","P11142_S329_M1_28","Phospho (STY)",0.691295595949108,0.663145385214176,0.563742579242387,6,"Not significant"
"P3C4 / LPS","AHNAK","Q09666","Q09666","AHNK_HUMAN","Neuroblast differentiation-associated protein AHNAK","Q09666_T1192_M1_28","Phospho (STY)",1.09104927866381,0.663537187131685,0.565065407857622,4,"Not significant"
"P3C4 / LPS","AHNAK","Q09666","Q09666","AHNK_HUMAN","Neuroblast differentiation-associated protein AHNAK","Q09666_T1986_M1_28","Phospho (STY)",1.09104927866381,0.663537187131685,0.565065407857622,4,"Not significant"
"P3C4 / LPS","ADGRE5","P48960","P48960","AGRE5_HUMAN","Adhesion G protein-coupled receptor E5","P48960_Y352_M1_28","Phospho (STY)",-0.266654414213984,0.666734311308196,0.574794110114283,6,"Not significant"
"P3C4 / LPS","HSPA5","P11021","P11021","BIP_HUMAN","Endoplasmic reticulum chaperone BiP","P11021_Y175_M1_28","Phospho (STY)",-0.251893072011529,0.667474739597094,0.577069952402214,6,"Not significant"
"P3C4 / LPS","PCNA","P12004","P12004","PCNA_HUMAN","Proliferating cell nuclear antigen","P12004_Y133_M2_28","Phospho (STY)",0.304076308558796,0.668267724237557,0.579490909397201,6,"Not significant"
"P3C4 / LPS","MYH9","P35579","P35579","MYH9_HUMAN","Myosin-9","P35579_T1416_M2_28","Phospho (STY)",-0.42226040667156,0.668427768174705,0.580061837986193,4,"Not significant"
"P3C4 / LPS","TFRC","P02786","P02786","TFR1_HUMAN","Transferrin receptor protein 1","P02786_S132_M2_28","Phospho (STY)",0.575930546368295,0.668519526149852,0.580516190024288,4,"Not significant"
"P3C4 / LPS","HMGA1","P17096","P17096","HMGA1_HUMAN","High mobility group protein HMG-I/HMG-Y","P17096_S44_M2_28","Phospho (STY)",-0.346429761110869,0.668696025295476,0.581075781081211,6,"Not significant"
"P3C4 / LPS","ERP29","P30040","P30040","ERP29_HUMAN","Endoplasmic reticulum resident protein 29","P30040_Y151_M1_28","Phospho (STY)",-0.42270117867639,0.669412986486693,0.583260945709861,6,"Not significant"
"P3C4 / LPS","SOD2","P04179","P04179","SODM_HUMAN","Superoxide dismutase [Mn], mitochondrial","P04179_S106_M1_28","Phospho (STY)",0.203952060135565,0.669415835981252,0.583291033706159,6,"Not significant"
"P3C4 / LPS","HMGA1","P17096","P17096","HMGA1_HUMAN","High mobility group protein HMG-I/HMG-Y","P17096_S49_M1_28","Phospho (STY)",0.458318365964269,0.669920434307698,0.584601384005653,5,"Not significant"
"P3C4 / LPS","UBE2I","P63279","P63279","UBC9_HUMAN","SUMO-conjugating enzyme UBC9","P63279_Y87_M1_28","Phospho (STY)",-0.29276773823698,0.669920434307698,0.584633882013029,5,"Not significant"
"P3C4 / LPS","LAT2","Q9GZY6","Q9GZY6","NTAL_HUMAN","Linker for activation of T-cells family member 2","Q9GZY6_S44_M1_28","Phospho (STY)",0.106976767919395,0.670901711051976,0.587664108186267,6,"Not significant"
"P3C4 / LPS","MYH9","P35579","P35579","MYH9_HUMAN","Myosin-9","P35579_T1416_M1_28","Phospho (STY)",0.172158153023512,0.671591400643962,0.589895837901502,4,"Not significant"
"P3C4 / LPS","DRG2","P55039","P55039","DRG2_HUMAN","Developmentally-regulated GTP-binding protein 2","P55039_Y210_M1_28","Phospho (STY)",0.156409941284303,0.671631744858565,0.590013085637164,6,"Not significant"
"P3C4 / LPS","EEF1A1","Cont_P68103;P68104","Cont_P68103;P68104","EF1A1_BOVIN;EF1A1_HUMAN","Elongation factor 1-alpha 1","Cont_P68103_Y418_M2_28","Phospho (STY)",-0.336551702394594,0.672855279632802,0.593709386874788,4,"Not significant"
"P3C4 / LPS","EEF1A1","Cont_P68103;P68104","Cont_P68103;P68104","EF1A1_BOVIN;EF1A1_HUMAN","Elongation factor 1-alpha 1","P68104_Y418_M2_28","Phospho (STY)",-0.336551702394594,0.672855279632802,0.593709386874788,4,"Not significant"
"P3C4 / LPS","HDGFL2","Q7Z4V5","Q7Z4V5","HDGR2_HUMAN","Hepatoma-derived growth factor-related protein 2","Q7Z4V5_Y40_M1_28","Phospho (STY)",-0.389268825020087,0.672855279632802,0.593710549619318,6,"Not significant"
"P3C4 / LPS","CHMP4B","Q9H444","Q9H444","CHM4B_HUMAN","Charged multivesicular body protein 4b","Q9H444_T21_M1_28","Phospho (STY)",0.822437198563246,0.673442619164485,0.595551081226804,6,"Not significant"
"P3C4 / LPS","ANXA2","P07355","P07355","ANXA2_HUMAN","Annexin A2","P07355_Y147_M1_28","Phospho (STY)",0.0908891099227916,0.673662477368412,0.596166818740512,6,"Not significant"
"P3C4 / LPS","MTDH","Q86UE4","Q86UE4","LYRIC_HUMAN","Protein LYRIC","Q86UE4_S251_M1_28","Phospho (STY)",-0.873673005889091,0.674280857427103,0.598052386321191,6,"Not significant"
"P3C4 / LPS","ACTC1","P68032","P68032","ACTC_HUMAN","Actin, alpha cardiac muscle 1","P68032_Y242_M1_28","Phospho (STY)",-1.82436178738248,0.67506294652872,0.600391139714141,4,"Not significant"
"P3C4 / LPS","YTHDC1","Q96MU7","Q96MU7","YTDC1_HUMAN","YTH domain-containing protein 1","Q96MU7_S308_M1_28","Phospho (STY)",0.164135332837881,0.675185272623905,0.600722501771607,6,"Not significant"
"P3C4 / LPS","NCL","P19338","P19338","NUCL_HUMAN","Nucleolin","P19338_S563_M1_28","Phospho (STY)",0.244555465845252,0.675690907092032,0.602003433424316,6,"Not significant"
"P3C4 / LPS","MRPS36","P82909","P82909","KGD4_HUMAN","Alpha-ketoglutarate dehydrogenase component 4","P82909_Y84_M2_28","Phospho (STY)",-0.321698523080879,0.676308143400333,0.603766271245553,6,"Not significant"
"P3C4 / LPS","ZNF638","Q14966","Q14966","ZN638_HUMAN","Zinc finger protein 638","Q14966_T1664_M2_28","Phospho (STY)",1.34590568474517,0.677028557043111,0.605894352038999,5,"Not significant"
"P3C4 / LPS","ACTB","Cont_P60712;P60709","Cont_P60712;P60709","ACTB_BOVIN;ACTB_HUMAN","Actin, cytoplasmic 1;Actin, cytoplasmic 1","Cont_P60712_Y294_M2_28","Phospho (STY)",-0.191355261201676,0.677592946277842,0.607546625617027,6,"Not significant"
"P3C4 / LPS","ACTB","Cont_P60712;P60709","Cont_P60712;P60709","ACTB_BOVIN;ACTB_HUMAN","Actin, cytoplasmic 1;Actin, cytoplasmic 1","P60709_Y294_M2_28","Phospho (STY)",-0.191355261201676,0.677592946277842,0.607546625617027,6,"Not significant"
"P3C4 / LPS","DARS1","P14868","P14868","SYDC_HUMAN","Aspartate--tRNA ligase, cytoplasmic","P14868_T220_M1_28","Phospho (STY)",-0.378012487384888,0.67785638100929,0.608307938780555,6,"Not significant"
"P3C4 / LPS","PRSS1","P07477","P07477","TRY1_HUMAN","Serine protease 1","P07477_T103_M2_28","Phospho (STY)",0.251410817951308,0.678545982652972,0.61049818116771,6,"Not significant"
"P3C4 / LPS","PRSS1","P07477","P07477","TRY1_HUMAN","Serine protease 1","P07477_Y99_M2_28","Phospho (STY)",0.251410817951308,0.678545982652972,0.61049818116771,6,"Not significant"
"P3C4 / LPS","RPL10L","Q96L21","Q96L21","RL10L_HUMAN","Ribosomal protein uL16-like","Q96L21_Y57_M2_28","Phospho (STY)",-0.20973142659213,0.678602453927578,0.610712934199277,6,"Not significant"
"P3C4 / LPS","SRRM2","Q9UQ35","Q9UQ35","SRRM2_HUMAN","Serine/arginine repetitive matrix protein 2","Q9UQ35_S2581_M1_28","Phospho (STY)",0.256247678866584,0.679129213257897,0.612337563775892,4,"Not significant"
"P3C4 / LPS","HNRNPD","Q14103","Q14103","HNRPD_HUMAN","Heterogeneous nuclear ribonucleoprotein D0","Q14103_Y201_M1_28","Phospho (STY)",-0.30163649937697,0.679664828676303,0.614083487070811,6,"Not significant"
"P3C4 / LPS","RNH1","P13489","P13489","RINI_HUMAN","Ribonuclease inhibitor","P13489_S290_M2_28","Phospho (STY)",-0.758595095037453,0.679701639914529,0.61423171031559,4,"Not significant"
"P3C4 / LPS","CAP1","Q01518","Q01518","CAP1_HUMAN","Adenylyl cyclase-associated protein 1","Q01518_T78_M1_28","Phospho (STY)",-0.189624784758501,0.680037590727881,0.61512412843684,6,"Not significant"
"P3C4 / LPS","SRRM2","Q9UQ35","Q9UQ35","SRRM2_HUMAN","Serine/arginine repetitive matrix protein 2","Q9UQ35_S2398_M1_28","Phospho (STY)",0.18573965821287,0.682146833073549,0.621419430755416,5,"Not significant"
"P3C4 / LPS","RAB10","P61026","P61026","RAB10_HUMAN","Ras-related protein Rab-10","P61026_S181_M1_28","Phospho (STY)",1.37544294856483,0.682569077532583,0.622753384278658,4,"Not significant"
"P3C4 / LPS","BASP1","P80723","P80723","BASP1_HUMAN","Brain acid soluble protein 1","P80723_T162_M1_28","Phospho (STY)",-0.652601568643237,0.683190363506253,0.624636561064117,5,"Not significant"
"P3C4 / LPS","SLC30A1","Q9Y6M5","Q9Y6M5","ZNT1_HUMAN","Proton-coupled zinc antiporter SLC30A1","Q9Y6M5_T483_M1_28","Phospho (STY)",-0.624516219089384,0.683388052403396,0.625162673369435,6,"Not significant"
"P3C4 / LPS","POTEF","A5A3E0","A5A3E0","POTEF_HUMAN","POTE ankyrin domain family member F","A5A3E0_Y918_M1_28","Phospho (STY)",-0.321938976417447,0.68347607305991,0.625401128788597,5,"Not significant"
"P3C4 / LPS","PRPF8","Q6P2Q9","Q6P2Q9","PRP8_HUMAN","Pre-mRNA-processing-splicing factor 8","Q6P2Q9_Y1991_M1_28","Phospho (STY)",-0.17343733093152,0.683650288576589,0.626012120445485,6,"Not significant"
"P3C4 / LPS","ACTBL2","Q562R1","Q562R1","ACTBL_HUMAN","Beta-actin-like protein 2","Q562R1_Y54_M1_28","Phospho (STY)",0.441034174745289,0.685286557222725,0.630964549519664,6,"Not significant"
"P3C4 / LPS","ZYX","Q15942","Q15942","ZYX_HUMAN","Zyxin","Q15942_S143_M1_28","Phospho (STY)",-0.248252968100337,0.686480279855046,0.634816975567539,6,"Not significant"
"P3C4 / LPS","POTEF","A5A3E0","A5A3E0","POTEF_HUMAN","POTE ankyrin domain family member F","A5A3E0_T929_M1_28","Phospho (STY)",0.16018535106193,0.688524554357748,0.641537886406962,5,"Not significant"
"P3C4 / LPS","HNRNPA0","Q13151","Q13151","ROA0_HUMAN","Heterogeneous nuclear ribonucleoprotein A0","Q13151_Y145_M1_28","Phospho (STY)",0.358513531574854,0.688708725797892,0.642135417440125,6,"Not significant"
"P3C4 / LPS","CSTB","P04080","P04080","CYTB_HUMAN","Cystatin-B","P04080_S45_M1_28","Phospho (STY)",0.270471201922853,0.689354623778101,0.644376055386,6,"Not significant"
"P3C4 / LPS","CCDC86","Q9H6F5","Q9H6F5","CCD86_HUMAN","Coiled-coil domain-containing protein 86","Q9H6F5_S47_M1_28","Phospho (STY)",0.150659877147342,0.692441171331016,0.65352257218953,6,"Not significant"
"P3C4 / LPS","AHNAK","Q09666","Q09666","AHNK_HUMAN","Neuroblast differentiation-associated protein AHNAK","Q09666_S5752_M1_28","Phospho (STY)",0.120342848020274,0.692837674794187,0.654764385781379,6,"Not significant"
"P3C4 / LPS","HNRNPA2B1","P22626","P22626","ROA2_HUMAN","Heterogeneous nuclear ribonucleoproteins A2/B1","P22626_S189_M1_28","Phospho (STY)",0.613608474151833,0.693448985158097,0.656539696546157,5,"Not significant"
"P3C4 / LPS","AHNAK","Q09666","Q09666","AHNK_HUMAN","Neuroblast differentiation-associated protein AHNAK","Q09666_S2600_M1_28","Phospho (STY)",0.431506571324284,0.69418776589995,0.658665017228725,6,"Not significant"
"P3C4 / LPS","AHNAK","Q09666","Q09666","AHNK_HUMAN","Neuroblast differentiation-associated protein AHNAK","Q09666_S2728_M1_28","Phospho (STY)",0.431506571324284,0.69418776589995,0.658665017228725,6,"Not significant"
"P3C4 / LPS","AHNAK","Q09666","Q09666","AHNK_HUMAN","Neuroblast differentiation-associated protein AHNAK","Q09666_S4150_M1_28","Phospho (STY)",0.431506571324284,0.69418776589995,0.658665017228725,6,"Not significant"
"P3C4 / LPS","AHNAK","Q09666","Q09666","AHNK_HUMAN","Neuroblast differentiation-associated protein AHNAK","Q09666_S4278_M1_28","Phospho (STY)",0.431506571324284,0.69418776589995,0.658665017228725,6,"Not significant"
"P3C4 / LPS","SP100","P23497","P23497","SP100_HUMAN","Nuclear autoantigen Sp-100","P23497_S18_M1_28","Phospho (STY)",0.107867375291576,0.694285511271505,0.659047011442383,6,"Not significant"
"P3C4 / LPS","RAB44","Q7Z6P3","Q7Z6P3","RAB44_HUMAN","Ras-related protein Rab-44","Q7Z6P3_T874_M1_28","Phospho (STY)",0.349274342294265,0.694331668534994,0.659159352936635,6,"Not significant"
"P3C4 / LPS","MYL6","P60660","P60660","MYL6_HUMAN","Myosin light polypeptide 6","P60660_T85_M2_28","Phospho (STY)",-0.245993366595911,0.694397990736554,0.65933528958785,4,"Not significant"
"P3C4 / LPS","ZMPSTE24","O75844","O75844","FACE1_HUMAN","CAAX prenyl protease 1 homolog","O75844_Y45_M1_28","Phospho (STY)",0.125925495962639,0.696530703316567,0.666526867320658,6,"Not significant"
"P3C4 / LPS","PRSS1","Cont_P00760","Cont_P00760","TRY1_BOVIN","Serine protease 1","Cont_P00760_S89_M1_28","Phospho (STY)",0.169874199252176,0.697096823640031,0.66849994936812,5,"Not significant"
"P3C4 / LPS","MYH9","P35579","P35579","MYH9_HUMAN","Myosin-9","P35579_S1376_M1_28","Phospho (STY)",0.194691514190728,0.698231895928675,0.672270190255295,6,"Not significant"
"P3C4 / LPS","ACTB","Cont_P60712;P60709","Cont_P60712;P60709","ACTB_BOVIN;ACTB_HUMAN","Actin, cytoplasmic 1;Actin, cytoplasmic 1","Cont_P60712_Y240_M2_28","Phospho (STY)",1.18096610777376,0.698595468962119,0.673279924820877,5,"Not significant"
"P3C4 / LPS","ACTB","Cont_P60712;P60709","Cont_P60712;P60709","ACTB_BOVIN;ACTB_HUMAN","Actin, cytoplasmic 1;Actin, cytoplasmic 1","P60709_Y240_M2_28","Phospho (STY)",1.18096610777376,0.698595468962119,0.673279924820877,5,"Not significant"
"P3C4 / LPS","ACOT8","O14734","O14734","ACOT8_HUMAN","Acyl-coenzyme A thioesterase 8","O14734_T301_M1_28","Phospho (STY)",0.0881362495178121,0.698850840264761,0.673994261709172,6,"Not significant"
"P3C4 / LPS","PARK7","Q99497","Q99497","PARK7_HUMAN","Parkinson disease protein 7","Q99497_S85_M2_28","Phospho (STY)",0.18084134010975,0.70002755179151,0.678046669415459,6,"Not significant"
"P3C4 / LPS","PARK7","Q99497","Q99497","PARK7_HUMAN","Parkinson disease protein 7","Q99497_S83_M2_28","Phospho (STY)",0.18084134010975,0.70002755179151,0.678046669415459,6,"Not significant"
"P3C4 / LPS","HNRNPH1","P31943","P31943","HNRH1_HUMAN","Heterogeneous nuclear ribonucleoprotein H","P31943_S104_M1_28","Phospho (STY)",-0.0945374900748251,0.700328606765199,0.678941740499858,6,"Not significant"
"P3C4 / LPS","B2M","P61769","P61769","B2MG_HUMAN","Beta-2-microglobulin","P61769_Y46_M1_28","Phospho (STY)",-0.228978481679008,0.700371513224679,0.679088816509877,6,"Not significant"
"P3C4 / LPS","IFI16","Q16666","Q16666","IF16_HUMAN","Gamma-interferon-inducible protein 16","Q16666_S153_M1_28","Phospho (STY)",0.130125651254328,0.700579759941912,0.679661330566598,5,"Not significant"
"P3C4 / LPS","ITGB2","P05107","P05107","ITB2_HUMAN","Integrin beta-2","P05107_T256_M1_28","Phospho (STY)",-0.318283840631781,0.701003842484958,0.681176637293694,6,"Not significant"
"P3C4 / LPS","MAP1S","Q66K74","Q66K74","MAP1S_HUMAN","Microtubule-associated protein 1S","Q66K74_S759_M1_28","Phospho (STY)",0.103062439969921,0.701177877551374,0.681721566780235,6,"Not significant"
"P3C4 / LPS","ACTC1","P68032","P68032","ACTC_HUMAN","Actin, alpha cardiac muscle 1","P68032_Y220_M2_28","Phospho (STY)",0.504198176181827,0.701371320748932,0.682486944466679,6,"Not significant"
"P3C4 / LPS","HNRNPK","P61978","P61978","HNRPK_HUMAN","Heterogeneous nuclear ribonucleoprotein K","P61978_Y72_M2_28","Phospho (STY)",0.092213093469067,0.701575960739671,0.68311180063093,6,"Not significant"
"P3C4 / LPS","HNRNPK","P61978","P61978","HNRPK_HUMAN","Heterogeneous nuclear ribonucleoprotein K","P61978_T70_M2_28","Phospho (STY)",0.092213093469067,0.701575960739671,0.683112129758176,6,"Not significant"
"P3C4 / LPS","COMT","P21964","P21964","COMT_HUMAN","Catechol O-methyltransferase","P21964_Y82_M1_28","Phospho (STY)",0.0927968564553552,0.702760218052329,0.686869386177525,6,"Not significant"
"P3C4 / LPS","PDIA3","P30101","P30101","PDIA3_HUMAN","Protein disulfide-isomerase A3","P30101_T319_M2_28","Phospho (STY)",0.306272537490416,0.703891889081616,0.69057023635746,4,"Not significant"
"P3C4 / LPS","KARS1","Q15046","Q15046","SYK_HUMAN","Lysine--tRNA ligase","Q15046_T411_M1_28","Phospho (STY)",-0.908722885332334,0.703988229463124,0.690826020523146,6,"Not significant"
"P3C4 / LPS","GPX1","P07203","P07203","GPX1_HUMAN","Glutathione peroxidase 1","P07203_S47_M2_28","Phospho (STY)",0.886468720912899,0.704809538496076,0.693449254820604,6,"Not significant"
"P3C4 / LPS","ATP5F1A","P25705","P25705","ATPA_HUMAN","ATP synthase subunit alpha, mitochondrial","P25705_Y321_M2_28","Phospho (STY)",-0.246183693521687,0.706935902887691,0.700091939320162,5,"Not significant"
"P3C4 / LPS","AHNAK","Q09666","Q09666","AHNK_HUMAN","Neuroblast differentiation-associated protein AHNAK","Q09666_S2580_M1_28","Phospho (STY)",0.108714748235204,0.707432685229743,0.701669977226562,6,"Not significant"
"P3C4 / LPS","AHNAK","Q09666","Q09666","AHNK_HUMAN","Neuroblast differentiation-associated protein AHNAK","Q09666_S4002_M1_28","Phospho (STY)",0.108714748235204,0.707432685229743,0.701669977226562,6,"Not significant"
"P3C4 / LPS","AHNAK","Q09666","Q09666","AHNK_HUMAN","Neuroblast differentiation-associated protein AHNAK","Q09666_S4258_M1_28","Phospho (STY)",0.108714748235204,0.707432685229743,0.701669977226562,6,"Not significant"
"P3C4 / LPS","AHNAK","Q09666","Q09666","AHNK_HUMAN","Neuroblast differentiation-associated protein AHNAK","Q09666_S4460_M1_28","Phospho (STY)",0.108714748235204,0.707432685229743,0.701669977226562,6,"Not significant"
"P3C4 / LPS","PLEC","Q15149","Q15149","PLEC_HUMAN","Plectin","Q15149_Y4112_M1_28","Phospho (STY)",-0.907569214201433,0.707984417971566,0.703464733376084,6,"Not significant"
"P3C4 / LPS","THOC2","Q8NI27","Q8NI27","THOC2_HUMAN","THO complex subunit 2","Q8NI27_Y54_M2_28","Phospho (STY)",0.485648048648302,0.708148521487608,0.704116314462195,6,"Not significant"
"P3C4 / LPS","SRRT","Q9BXP5","Q9BXP5","SRRT_HUMAN","Serrate RNA effector molecule homolog","Q9BXP5_T544_M1_28","Phospho (STY)",-0.333125447864974,0.708161961409465,0.704166667235757,5,"Not significant"
"P3C4 / LPS","PDIA4","P13667","P13667","PDIA4_HUMAN","Protein disulfide-isomerase A4","P13667_Y595_M1_28","Phospho (STY)",-0.0659957779103504,0.708615934941691,0.705703009325352,6,"Not significant"
"P3C4 / LPS","CAP1","Q01518","Q01518","CAP1_HUMAN","Adenylyl cyclase-associated protein 1","Q01518_Y354_M2_28","Phospho (STY)",-0.118947881650513,0.708637380394759,0.705769876366398,6,"Not significant"
"P3C4 / LPS","AHNAK","Q09666","Q09666","AHNK_HUMAN","Neuroblast differentiation-associated protein AHNAK","Q09666_S3159_M1_28","Phospho (STY)",0.183812724888323,0.711274607896248,0.714580354392717,6,"Not significant"
"P3C4 / LPS","AHNAK","Q09666","Q09666","AHNK_HUMAN","Neuroblast differentiation-associated protein AHNAK","Q09666_S3941_M1_28","Phospho (STY)",0.183812724888323,0.711274607896248,0.714580354392717,6,"Not significant"
"P3C4 / LPS","RNH1","P13489","P13489","RINI_HUMAN","Ribonuclease inhibitor","P13489_Y151_M1_28","Phospho (STY)",0.135489571661032,0.71208240306842,0.717348288491747,6,"Not significant"
"P3C4 / LPS","DTX3L","Q8TDB6","Q8TDB6","DTX3L_HUMAN","E3 ubiquitin-protein ligase DTX3L","Q8TDB6_S9_M1_28","Phospho (STY)",-0.165976334132798,0.712499883648761,0.718867221704549,4,"Not significant"
"P3C4 / LPS","ANXA6","P08133","P08133","ANXA6_HUMAN","Annexin A6","P08133_T356_M1_28","Phospho (STY)",-0.459074942245733,0.712793494191803,0.719762111999443,6,"Not significant"
"P3C4 / LPS","PTPN6","P29350","P29350","PTN6_HUMAN","Tyrosine-protein phosphatase non-receptor type 6","P29350_S285_M2_28","Phospho (STY)",-0.906529327276538,0.715397499271813,0.728355598765378,5,"Not significant"
"P3C4 / LPS","CAP2","P40123","P40123","CAP2_HUMAN","Adenylyl cyclase-associated protein 2","P40123_T274_M1_28","Phospho (STY)",-0.145688114394925,0.715523363040353,0.728803293517608,6,"Not significant"
"P3C4 / LPS","PPAN","Q9NQ55","Q9NQ55","SSF1_HUMAN","Suppressor of SWI4 1 homolog","Q9NQ55_S359_M1_28","Phospho (STY)",-0.177340248340163,0.716097097519583,0.730784435673434,6,"Not significant"
"P3C4 / LPS","GSN","Cont_Q3SX14","Cont_Q3SX14","GELS_BOVIN","Gelsolin","Cont_Q3SX14_Y320_M2_28","Phospho (STY)",-0.103764858994058,0.717537979885524,0.735293471107281,6,"Not significant"
"P3C4 / LPS","GSTP1","P09211","P09211","GSTP1_HUMAN","Glutathione S-transferase P","P09211_Y199_M1_28","Phospho (STY)",0.795634797515232,0.717587295846137,0.735513794437339,6,"Not significant"
"P3C4 / LPS","H1-5","P16401","P16401","H15_HUMAN","Histone H1.5","P16401_S2_M2_28","Phospho (STY)",-0.779034928562032,0.718022564652784,0.736967803483497,5,"Not significant"
"P3C4 / LPS","LAP3","P28838","P28838","AMPL_HUMAN","Cytosol aminopeptidase","P28838_Y87_M2_28","Phospho (STY)",-0.180111245527114,0.718367769113999,0.738198636772289,4,"Not significant"
"P3C4 / LPS","SOD2","P04179","P04179","SODM_HUMAN","Superoxide dismutase [Mn], mitochondrial","P04179_Y69_M2_28","Phospho (STY)",-0.592106445948313,0.718942289390515,0.74000388508879,6,"Not significant"
"P3C4 / LPS","SCP2","P22307","P22307","SCP2_HUMAN","Sterol carrier protein 2","P22307_T473_M1_28","Phospho (STY)",0.127741681762179,0.719194545797381,0.740792341533577,6,"Not significant"
"P3C4 / LPS","VIM","P08670","P08670","VIME_HUMAN","Vimentin","P08670_T327_M1_28","Phospho (STY)",0.101895810435532,0.719325742635845,0.741353251622264,6,"Not significant"
"P3C4 / LPS","EZR","P15311","P15311","EZRI_HUMAN","Ezrin","P15311_T235_M1_28","Phospho (STY)",0.0751359695585757,0.721885898134696,0.749952917058026,6,"Not significant"
"P3C4 / LPS","AHNAK","Q09666","Q09666","AHNK_HUMAN","Neuroblast differentiation-associated protein AHNAK","Q09666_S135_M1_28","Phospho (STY)",-0.0932202600603236,0.721921883523981,0.750024255422274,6,"Not significant"
"P3C4 / LPS","AHNAK","Q09666","Q09666","AHNK_HUMAN","Neuroblast differentiation-associated protein AHNAK","Q09666_S758_M1_28","Phospho (STY)",0.122389651318259,0.722407885625495,0.751723448586277,6,"Not significant"
"P3C4 / LPS","LSP1","P33241","P33241","LSP1_HUMAN","Lymphocyte-specific protein 1","P33241_S252_M1_28","Phospho (STY)",0.0828245202046788,0.722571603832251,0.752239269757757,6,"Not significant"
"P3C4 / LPS","ACTBL2","Q562R1","Q562R1","ACTBL_HUMAN","Beta-actin-like protein 2","Q562R1_S273_M1_28","Phospho (STY)",0.777682734472496,0.723181759614389,0.754321009691292,4,"Not significant"
"P3C4 / LPS","RPL4","P36578","P36578","RL4_HUMAN","Large ribosomal subunit protein uL4","P36578_Y161_M1_28","Phospho (STY)",-0.11429279358135,0.72329926409974,0.754768926238352,6,"Not significant"
"P3C4 / LPS","HNRNPA2B1","P22626","P22626","ROA2_HUMAN","Heterogeneous nuclear ribonucleoproteins A2/B1","P22626_S29_M1_28","Phospho (STY)",0.219046856447062,0.723309355543671,0.754812202279901,6,"Not significant"
"P3C4 / LPS","CCT6A","P40227","P40227","TCPZ_HUMAN","T-complex protein 1 subunit zeta","P40227_T57_M1_28","Phospho (STY)",0.784352788484877,0.724419195324639,0.758597666241348,4,"Not significant"
"P3C4 / LPS","CAT","P04040","P04040","CATA_HUMAN","Catalase","P04040_Y308_M1_28","Phospho (STY)",-0.120206591791697,0.724593357579766,0.759223230794384,6,"Not significant"
"P3C4 / LPS","FABP5","Q01469","Q01469","FABP5_HUMAN","Fatty acid-binding protein 5","Q01469_Y22_M1_28","Phospho (STY)",0.297601429472136,0.72566525105946,0.763053579318659,6,"Not significant"
"P3C4 / LPS","AHNAK","Q09666","Q09666","AHNK_HUMAN","Neuroblast differentiation-associated protein AHNAK","Q09666_S2397_M1_28","Phospho (STY)",0.144970677350651,0.727430227031421,0.769023558160256,6,"Not significant"
"P3C4 / LPS","EIF5B","O60841","O60841","IF2P_HUMAN","Eukaryotic translation initiation factor 5B","O60841_T642_M1_28","Phospho (STY)",-0.668868544833874,0.729066057408139,0.774911296759285,5,"Not significant"
"P3C4 / LPS","CAP1","Q01518","Q01518","CAP1_HUMAN","Adenylyl cyclase-associated protein 1","Q01518_Y153_M1_28","Phospho (STY)",-0.315959848316101,0.730993826797771,0.78183529539175,6,"Not significant"
"P3C4 / LPS","NOLC1","Q14978","Q14978","NOLC1_HUMAN","Nucleolar and coiled-body phosphoprotein 1","Q14978_S698_M1_28","Phospho (STY)",0.155006092153221,0.731876453526972,0.784982780305408,6,"Not significant"
"P3C4 / LPS","PGK1","P00558","P00558","PGK1_HUMAN","Phosphoglycerate kinase 1","P00558_Y324_M1_28","Phospho (STY)",0.162926535850639,0.732135777756759,0.786009595511549,6,"Not significant"
"P3C4 / LPS","WDFY3","Q8IZQ1","Q8IZQ1","WDFY3_HUMAN","WD repeat and FYVE domain-containing protein 3","Q8IZQ1_S1980_M1_28","Phospho (STY)",0.068141846908897,0.73266397637844,0.788080203918048,6,"Not significant"
"P3C4 / LPS","RAB11B","Q15907","Q15907","RB11B_HUMAN","Ras-related protein Rab-11B","Q15907_T59_M1_28","Phospho (STY)",-0.0890896060953096,0.732893597173865,0.789019831972356,6,"Not significant"
"P3C4 / LPS","ENO1","P06733","P06733","ENOA_HUMAN","Alpha-enolase","P06733_Y200_M1_28","Phospho (STY)",0.436267875413166,0.733252141789421,0.790403913107053,6,"Not significant"
"P3C4 / LPS","DNM1L","O00429","O00429","DNM1L_HUMAN","Dynamin-1-like protein","O00429_S71_M1_28","Phospho (STY)",0.265487966640178,0.73467246854204,0.795369766538948,6,"Not significant"
"P3C4 / LPS","AHNAK","Q09666","Q09666","AHNK_HUMAN","Neuroblast differentiation-associated protein AHNAK","Q09666_T376_M1_28","Phospho (STY)",0.18140667905726,0.735308788855807,0.797385844952852,6,"Not significant"
"P3C4 / LPS","KDM6B","O15054","O15054","KDM6B_HUMAN","Lysine-specific demethylase 6B","O15054_S1025_M1_28","Phospho (STY)",-0.512901494428865,0.735346877995027,0.797490222449416,6,"Not significant"
"P3C4 / LPS","ESF1","Q9H501","Q9H501","ESF1_HUMAN","ESF1 homolog","Q9H501_S371_M1_28","Phospho (STY)",-0.088084528808593,0.735416551867619,0.797811585490433,6,"Not significant"
"P3C4 / LPS","PLXNB2","O15031","O15031","PLXB2_HUMAN","Plexin-B2","O15031_T822_M2_28","Phospho (STY)",-0.43194139453731,0.73541705733022,0.797843768502892,5,"Not significant"
"P3C4 / LPS","CCT8","P50990","P50990","TCPQ_HUMAN","T-complex protein 1 subunit theta","P50990_Y468_M1_28","Phospho (STY)",-0.168035664027297,0.735993016494583,0.799808785057682,6,"Not significant"
"P3C4 / LPS","P4HA1","P13674","P13674","P4HA1_HUMAN","Prolyl 4-hydroxylase subunit alpha-1","P13674_S345_M1_28","Phospho (STY)",-0.341423394709001,0.736005894382469,0.79987738166844,6,"Not significant"
"P3C4 / LPS","H1-3","P16402","P16402","H13_HUMAN","Histone H1.3","P16402_T4_M2_28","Phospho (STY)",0.0919234566295153,0.736067911600019,0.800088313360072,6,"Not significant"
"P3C4 / LPS","S100A9","P06702","P06702","S10A9_HUMAN","Protein S100-A9","P06702_T113_M1_28","Phospho (STY)",-0.0998401055753973,0.736718102148416,0.80214769149653,6,"Not significant"
"P3C4 / LPS","GSTP1","P09211","P09211","GSTP1_HUMAN","Glutathione S-transferase P","P09211_Y199_M2_28","Phospho (STY)",-0.236356646096811,0.73710565972279,0.803544378044566,4,"Not significant"
"P3C4 / LPS","DNAJA1","P31689","P31689","DNJA1_HUMAN","DnaJ homolog subfamily A member 1","P31689_T284_M1_28","Phospho (STY)",-0.0843471893387374,0.737373029657804,0.804618110665082,6,"Not significant"
"P3C4 / LPS","CAP1","Q01518","Q01518","CAP1_HUMAN","Adenylyl cyclase-associated protein 1","Q01518_S308_M1_28","Phospho (STY)",0.076561773604377,0.737427328359289,0.804821346093476,5,"Not significant"
"P3C4 / LPS","AIDA","Q96BJ3","Q96BJ3","AIDA_HUMAN","Axin interactor, dorsalization-associated protein","Q96BJ3_Y104_M1_28","Phospho (STY)",0.321517415526643,0.737568774303722,0.805382511264745,6,"Not significant"
"P3C4 / LPS","ACAA2","P42765","P42765","THIM_HUMAN","3-ketoacyl-CoA thiolase, mitochondrial","P42765_Y20_M1_28","Phospho (STY)",-0.105755673442018,0.738292177596123,0.808068170046232,6,"Not significant"
"P3C4 / LPS","SSBP1","Q04837","Q04837","SSBP_HUMAN","Single-stranded DNA-binding protein, mitochondrial","Q04837_T144_M2_28","Phospho (STY)",-0.207121921943503,0.738365778730445,0.80840088722615,5,"Not significant"
"P3C4 / LPS","SSBP1","Q04837","Q04837","SSBP_HUMAN","Single-stranded DNA-binding protein, mitochondrial","Q04837_S141_M2_28","Phospho (STY)",-0.207121921943503,0.738365778730445,0.80840088722615,5,"Not significant"
"P3C4 / LPS","ACTB","Cont_P60712;P60709","Cont_P60712;P60709","ACTB_BOVIN;ACTB_HUMAN","Actin, cytoplasmic 1;Actin, cytoplasmic 1","Cont_P60712_S232_M2_28","Phospho (STY)",0.408086064817635,0.739022633497001,0.810622062335846,5,"Not significant"
"P3C4 / LPS","ACTB","Cont_P60712;P60709","Cont_P60712;P60709","ACTB_BOVIN;ACTB_HUMAN","Actin, cytoplasmic 1;Actin, cytoplasmic 1","P60709_S232_M2_28","Phospho (STY)",0.408086064817635,0.739022633497001,0.810622062335846,5,"Not significant"
"P3C4 / LPS","EZR","P15311","P15311","EZRI_HUMAN","Ezrin","P15311_S366_M1_28","Phospho (STY)",0.0772703914371126,0.739115977010003,0.810937438978572,6,"Not significant"
"P3C4 / LPS","ALDOA","P04075","P04075","ALDOA_HUMAN","Fructose-bisphosphate aldolase A","P04075_S160_M2_28","Phospho (STY)",0.264640401526931,0.739154395592587,0.811072787915845,6,"Not significant"
"P3C4 / LPS","ALDOA","P04075","P04075","ALDOA_HUMAN","Fructose-bisphosphate aldolase A","P04075_T158_M2_28","Phospho (STY)",0.264640401526931,0.739154395592587,0.811072787915845,6,"Not significant"
"P3C4 / LPS","RAB44","Q7Z6P3","Q7Z6P3","RAB44_HUMAN","Ras-related protein Rab-44","Q7Z6P3_S509_M1_28","Phospho (STY)",-0.0636434272313603,0.739298780861793,0.811660352985729,6,"Not significant"
"P3C4 / LPS","THRAP3","Q9Y2W1","Q9Y2W1","TR150_HUMAN","Thyroid hormone receptor-associated protein 3","Q9Y2W1_S248_M1_28","Phospho (STY)",0.165646587960244,0.739701367026977,0.813065808868862,6,"Not significant"
"P3C4 / LPS","GAPDH","P04406","P04406","G3P_HUMAN","Glyceraldehyde-3-phosphate dehydrogenase","P04406_T75_M1_28","Phospho (STY)",0.0930999846055875,0.740013169232271,0.814268342684434,6,"Not significant"
"P3C4 / LPS","ENO1","P06733","P06733","ENOA_HUMAN","Alpha-enolase","P06733_T85_M1_28","Phospho (STY)",0.213028742095194,0.740170075293645,0.814880427374574,6,"Not significant"
"P3C4 / LPS","SDHB","P21912","P21912","SDHB_HUMAN","Succinate dehydrogenase [ubiquinone] iron-sulfur subunit, mitochondrial","P21912_Y134_M2_28","Phospho (STY)",-0.275578217710734,0.74043746266549,0.815937408172689,6,"Not significant"
"P3C4 / LPS","RBM39","Q14498","Q14498","RBM39_HUMAN","RNA-binding protein 39","Q14498_S136_M1_28","Phospho (STY)",-0.14093725985637,0.740952568936437,0.817821558205901,6,"Not significant"
"P3C4 / LPS","ACAT1","P24752","P24752","THIL_HUMAN","Acetyl-CoA acetyltransferase, mitochondrial","P24752_S420_M1_28","Phospho (STY)",0.158885893059928,0.741630570631522,0.820328438246203,4,"Not significant"
"P3C4 / LPS","LRRC8B","Q6P9F7","Q6P9F7","LRC8B_HUMAN","Volume-regulated anion channel subunit LRRC8B","Q6P9F7_S589_M1_28","Phospho (STY)",0.0325660398552907,0.742475688680298,0.823255271728311,6,"Not significant"
"P3C4 / LPS","LNPK","Q9C0E8","Q9C0E8","LNP_HUMAN","Endoplasmic reticulum junction formation protein lunapark","Q9C0E8_S194_M1_28","Phospho (STY)",-0.0938814822929982,0.742579723626721,0.823694796431322,6,"Not significant"
"P3C4 / LPS","ALDOA","P04075","P04075","ALDOA_HUMAN","Fructose-bisphosphate aldolase A","P04075_T119_M1_28","Phospho (STY)",-0.160109177288808,0.742587250646503,0.823791521272243,6,"Not significant"
"P3C4 / LPS","VAMP3","Q15836","Q15836","VAMP3_HUMAN","Vesicle-associated membrane protein 3","Q15836_T18_M1_28","Phospho (STY)",-0.0893027795291255,0.743582425171751,0.827312143419517,6,"Not significant"
"P3C4 / LPS","RPS2","P15880","P15880","RS2_HUMAN","Small ribosomal subunit protein uS5","P15880_Y248_M1_28","Phospho (STY)",-0.364188069322683,0.743859657648922,0.828572819611327,6,"Not significant"
"P3C4 / LPS","CORO7","P57737","P57737","CORO7_HUMAN","Coronin-7","P57737_T540_M1_28","Phospho (STY)",-0.376115015733813,0.74394451691282,0.828940488386763,6,"Not significant"
"P3C4 / LPS","RAB14","P61106","P61106","RAB14_HUMAN","Ras-related protein Rab-14","P61106_S56_M1_28","Phospho (STY)",-0.331999782467731,0.744449666664192,0.830792313316879,6,"Not significant"
"P3C4 / LPS","RPLP1","P05386","P05386","RLA1_HUMAN","Large ribosomal subunit protein P1","P05386_S58_M1_28","Phospho (STY)",-0.0671352614558686,0.745017197578746,0.832930734250591,6,"Not significant"
"P3C4 / LPS","RAB1A","P62820","P62820","RAB1A_HUMAN","Ras-related protein Rab-1A","P62820_S145_M2_28","Phospho (STY)",0.122780459260341,0.745160169301884,0.833471161345763,4,"Not significant"
"P3C4 / LPS","RAB4B","P61018","P61018","RAB4B_HUMAN","Ras-related protein Rab-4B","P61018_T56_M1_28","Phospho (STY)",-0.467403546183139,0.745257935571467,0.833852973610746,6,"Not significant"
"P3C4 / LPS","SRRM2","Q9UQ35","Q9UQ35","SRRM2_HUMAN","Serine/arginine repetitive matrix protein 2","Q9UQ35_S2426_M1_28","Phospho (STY)",-0.156569154906262,0.745434979599729,0.834494724312194,4,"Not significant"
"P3C4 / LPS","MYL6","P60660","P60660","MYL6_HUMAN","Myosin light polypeptide 6","P60660_Y29_M1_28","Phospho (STY)",0.437606966053542,0.74574227457361,0.835778743571833,6,"Not significant"
"P3C4 / LPS","PDIA3","P30101","P30101","PDIA3_HUMAN","Protein disulfide-isomerase A3","P30101_Y95_M1_28","Phospho (STY)",-0.480300692875385,0.746520683541814,0.839091185652313,4,"Not significant"
"P3C4 / LPS","TUBB4B","P68371","P68371","TBB4B_HUMAN","Tubulin beta-4B chain","P68371_Y106_M1_28","Phospho (STY)",0.0545025733230743,0.746922046243488,0.840488548089812,4,"Not significant"
"P3C4 / LPS","RBM15","Q96T37","Q96T37","RBM15_HUMAN","RNA-binding protein 15","Q96T37_S294_M1_28","Phospho (STY)",0.0588618496045427,0.747962595320822,0.844390874729929,4,"Not significant"
"P3C4 / LPS","SRSF1","Q07955","Q07955","SRSF1_HUMAN","Serine/arginine-rich splicing factor 1","Q07955_Y149_M1_28","Phospho (STY)",-0.237780554296315,0.748316619422522,0.845701392274443,6,"Not significant"
"P3C4 / LPS","EEF2","P13639","P13639","EF2_HUMAN","Elongation factor 2","P13639_Y634_M1_28","Phospho (STY)",-0.0938604057812342,0.748316619422522,0.845700546128487,5,"Not significant"
"P3C4 / LPS","HNRNPA2B1","P22626","P22626","ROA2_HUMAN","Heterogeneous nuclear ribonucleoproteins A2/B1","P22626_T159_M1_28","Phospho (STY)",0.215237570239462,0.748796046895423,0.847380495460485,6,"Not significant"
"P3C4 / LPS","SAMHD1","Q9Y3Z3","Q9Y3Z3","SAMH1_HUMAN","Deoxynucleoside triphosphate triphosphohydrolase SAMHD1","Q9Y3Z3_T592_M1_28","Phospho (STY)",-0.149145068658888,0.749029775161162,0.848368756767036,6,"Not significant"
"P3C4 / LPS","MAPRE1","Q15691","Q15691","MARE1_HUMAN","Microtubule-associated protein RP/EB family member 1","Q15691_Y217_M1_28","Phospho (STY)",-0.0610453450308826,0.749587842409658,0.850368326973483,6,"Not significant"
"P3C4 / LPS","RPL18","Q07020","Q07020","RL18_HUMAN","Large ribosomal subunit protein eL18","Q07020_T136_M1_28","Phospho (STY)",0.0663183021644233,0.749697937968476,0.850723745598007,6,"Not significant"
"P3C4 / LPS","NAP1L4","Q99733","Q99733","NP1L4_HUMAN","Nucleosome assembly protein 1-like 4","Q99733_T28_M1_28","Phospho (STY)",-0.151233871327507,0.750900746691547,0.855225048552476,6,"Not significant"
"P3C4 / LPS","H1-3","P16402","P16402","H13_HUMAN","Histone H1.3","P16402_S37_M1_28","Phospho (STY)",0.0590672737411234,0.751563529605179,0.85793290507965,6,"Not significant"
"P3C4 / LPS","PTPRC","P08575","P08575","PTPRC_HUMAN","Receptor-type tyrosine-protein phosphatase C","P08575_S975_M1_28","Phospho (STY)",0.0576971663899999,0.753081847754089,0.864056517169746,6,"Not significant"
"P3C4 / LPS","GM2A","P17900","P17900","SAP3_HUMAN","Ganglioside GM2 activator","P17900_Y145_M1_28","Phospho (STY)",-0.166732388649933,0.753214818303808,0.864584202455556,6,"Not significant"
"P3C4 / LPS","RAB12","Q6IQ22","Q6IQ22","RAB12_HUMAN","Ras-related protein Rab-12","Q6IQ22_Y143_M2_28","Phospho (STY)",0.197308768657438,0.753397940822812,0.86519681570505,6,"Not significant"
"P3C4 / LPS","HSPA2","P54652","P54652","HSP72_HUMAN","Heat shock-related 70 kDa protein 2","P54652_Y135_M1_28","Phospho (STY)",-0.0541280475175757,0.753546024356891,0.865966462293023,6,"Not significant"
"P3C4 / LPS","RPL23A","P62750","P62750","RL23A_HUMAN","Large ribosomal subunit protein uL23","P62750_T95_M1_28","Phospho (STY)",0.360977689768232,0.754051199021356,0.867844371533323,6,"Not significant"
"P3C4 / LPS","HNRNPA1","P09651","P09651","ROA1_HUMAN","Heterogeneous nuclear ribonucleoprotein A1","P09651_S22_M1_28","Phospho (STY)",-0.275440167898363,0.754086867510639,0.868000198610798,5,"Not significant"
"P3C4 / LPS","PRSS1","P07477","P07477","TRY1_HUMAN","Serine protease 1","P07477_Y99_M1_28","Phospho (STY)",-0.141782067093604,0.756085839468072,0.875797791860962,6,"Not significant"
"P3C4 / LPS","DDX17","Q92841","Q92841","DDX17_HUMAN","Probable ATP-dependent RNA helicase DDX17","Q92841_Y519_M1_28","Phospho (STY)",-0.151225882044636,0.756236638836131,0.876403977664422,6,"Not significant"
"P3C4 / LPS","P4HB","P07237","P07237","PDIA1_HUMAN","Protein disulfide-isomerase","P07237_S357_M1_28","Phospho (STY)",0.211092127351429,0.756378268247919,0.876856634028186,6,"Not significant"
"P3C4 / LPS","AHNAK","Q09666","Q09666","AHNK_HUMAN","Neuroblast differentiation-associated protein AHNAK","Q09666_S5279_M1_28","Phospho (STY)",0.283689557532517,0.757087666790553,0.879397480368818,6,"Not significant"
"P3C4 / LPS","TF","P02787","P02787","TRFE_HUMAN","Serotransferrin","P02787_Y257_M1_28","Phospho (STY)",0.0250616570901132,0.758258916110623,0.883850358348315,6,"Not significant"
"P3C4 / LPS","ADAR","P55265","P55265","DSRAD_HUMAN","Double-stranded RNA-specific adenosine deaminase","P55265_Y306_M1_28","Phospho (STY)",-0.0447853855637137,0.759376134026602,0.888364700033777,6,"Not significant"
"P3C4 / LPS","IRF2BPL","Q9H1B7","Q9H1B7","I2BPL_HUMAN","Probable E3 ubiquitin-protein ligase IRF2BPL","Q9H1B7_S547_M1_28","Phospho (STY)",-0.0401618552817542,0.759816581959653,0.890196072125438,6,"Not significant"
"P3C4 / LPS","CAP1","Q01518","Q01518","CAP1_HUMAN","Adenylyl cyclase-associated protein 1","Q01518_S338_M1_28","Phospho (STY)",0.166609929300685,0.759932622646313,0.890565384826999,4,"Not significant"
"P3C4 / LPS","TLN1","Q9Y490","Q9Y490","TLN1_HUMAN","Talin-1","Q9Y490_S955_M2_28","Phospho (STY)",-0.244051590577621,0.760120917797651,0.891342128543178,5,"Not significant"
"P3C4 / LPS","GPSM3","Q9Y4H4","Q9Y4H4","GPSM3_HUMAN","G-protein-signaling modulator 3","Q9Y4H4_S54_M1_28","Phospho (STY)",-0.0252620443628607,0.760145108143761,0.891430849761107,5,"Not significant"
"P3C4 / LPS","VDAC3","Q9Y277","Q9Y277","VDAC3_HUMAN","Voltage-dependent anion-selective channel protein 3","Q9Y277_Y67_M1_28","Phospho (STY)",-0.124589106262404,0.760619261106062,0.893620456703334,6,"Not significant"
"P3C4 / LPS","YWHAZ","Cont_P63103;P63104","Cont_P63103;P63104","1433Z_BOVIN;1433Z_HUMAN","14-3-3 protein zeta/delta","Cont_P63103_S145_M1_28","Phospho (STY)",-0.0955098502091214,0.761105338577879,0.895662011658249,5,"Not significant"
"P3C4 / LPS","YWHAZ","Cont_P63103;P63104","Cont_P63103;P63104","1433Z_BOVIN;1433Z_HUMAN","14-3-3 protein zeta/delta","P63104_S145_M1_28","Phospho (STY)",-0.0955098502091214,0.761105338577879,0.895662011658249,5,"Not significant"
"P3C4 / LPS","NUCB1","Q02818","Q02818","NUCB1_HUMAN","Nucleobindin-1","Q02818_S86_M1_28","Phospho (STY)",0.0491579428978363,0.761373736770909,0.896818706286469,4,"Not significant"
"P3C4 / LPS","HSPA5","P11021","P11021","BIP_HUMAN","Endoplasmic reticulum chaperone BiP","P11021_T481_M2_28","Phospho (STY)",-0.132822927575712,0.761553340177601,0.897420656493306,5,"Not significant"
"P3C4 / LPS","CYB5B","O43169","O43169","CYB5B_HUMAN","Cytochrome b5 type B","O43169_S37_M1_28","Phospho (STY)",-0.102554069914141,0.761869605743872,0.898681867158635,6,"Not significant"
"P3C4 / LPS","CSTF2","P33240","P33240","CSTF2_HUMAN","Cleavage stimulation factor subunit 2","P33240_T548_M1_28","Phospho (STY)",0.134969379508116,0.763218106303096,0.904285502134077,6,"Not significant"
"P3C4 / LPS","ITGA5","P08648","P08648","ITA5_HUMAN","Integrin alpha-5","P08648_S127_M1_28","Phospho (STY)",0.0400006039436573,0.763408751795897,0.905146271459745,5,"Not significant"
"P3C4 / LPS","ARPP19","P56211","P56211","ARP19_HUMAN","cAMP-regulated phosphoprotein 19","P56211_T85_M1_28","Phospho (STY)",-0.036497627606631,0.763505429913813,0.905601001230432,6,"Not significant"
"P3C4 / LPS","ZMPSTE24","O75844","O75844","FACE1_HUMAN","CAAX prenyl protease 1 homolog","O75844_Y45_M3_28","Phospho (STY)",0.14135785654958,0.76398191505302,0.907277709048072,6,"Not significant"
"P3C4 / LPS","RRBP1","Q9P2E9","Q9P2E9","RRBP1_HUMAN","Ribosome-binding protein 1","Q9P2E9_S154_M2_28","Phospho (STY)",-0.234919405106746,0.764254805757309,0.908230162816815,4,"Not significant"
"P3C4 / LPS","POLR3E","Q9NVU0","Q9NVU0","RPC5_HUMAN","DNA-directed RNA polymerase III subunit RPC5","Q9NVU0_Y404_M1_28","Phospho (STY)",-0.0712396795371786,0.764809988244764,0.910516802538908,6,"Not significant"
"P3C4 / LPS","STAT1","P42224","P42224","STAT1_HUMAN","Signal transducer and activator of transcription 1-alpha/beta","P42224_Y701_M1_28","Phospho (STY)",0.0490420501343549,0.765349336623689,0.912618601523731,6,"Not significant"
"P3C4 / LPS","S100A8","P05109","P05109","S10A8_HUMAN","Protein S100-A8","P05109_T62_M1_28","Phospho (STY)",-0.179877424589053,0.765421472810312,0.912931353696435,6,"Not significant"
"P3C4 / LPS","ARGLU1","Q9NWB6","Q9NWB6","ARGL1_HUMAN","Arginine and glutamate-rich protein 1","Q9NWB6_S77_M1_28","Phospho (STY)",0.0870158578911887,0.765719698068999,0.914083170081178,5,"Not significant"
"P3C4 / LPS","HSPA8","P11142","P11142","HSP7C_HUMAN","Heat shock cognate 71 kDa protein","P11142_T462_M1_28","Phospho (STY)",-0.0555129370626606,0.765923874778103,0.915072879235632,6,"Not significant"
"P3C4 / LPS","CUTA","O60888","O60888","CUTA_HUMAN","Protein CutA","O60888_T125_M1_28","Phospho (STY)",0.231593449343447,0.766045218374942,0.915598451988588,6,"Not significant"
"P3C4 / LPS","UBXN7","O94888","O94888","UBXN7_HUMAN","UBX domain-containing protein 7","O94888_Y468_M2_28","Phospho (STY)",-0.180029488690674,0.766064342996399,0.915693483146615,6,"Not significant"
"P3C4 / LPS","RPS23","P62266","P62266","RS23_HUMAN","Small ribosomal subunit protein uS12","P62266_T82_M1_28","Phospho (STY)",0.0411282012356458,0.76623018989175,0.91627882729825,6,"Not significant"
"P3C4 / LPS","AHNAK","Q09666","Q09666","AHNK_HUMAN","Neuroblast differentiation-associated protein AHNAK","Q09666_S93_M1_28","Phospho (STY)",0.00964919619227633,0.766651420476293,0.918071552809164,6,"Not significant"
"P3C4 / LPS","PRSS1","Cont_P00760","Cont_P00760","TRY1_BOVIN","Serine protease 1","Cont_P00760_S101_M2_28","Phospho (STY)",-0.226746409750115,0.767718756044441,0.922183100838665,4,"Not significant"
"P3C4 / LPS","MMP14","P50281","P50281","MMP14_HUMAN","Matrix metalloproteinase-14","P50281_T412_M1_28","Phospho (STY)",-0.03498294672085,0.767917663179813,0.923198196050635,6,"Not significant"
"P3C4 / LPS","CREB1","P16220","P16220","CREB1_HUMAN","Cyclic AMP-responsive element-binding protein 1","P16220_S257_M1_28","Phospho (STY)",0.011012729588729,0.768195503067589,0.924407491314471,4,"Not significant"
"P3C4 / LPS","SH3KBP1","Q96B97","Q96B97","SH3K1_HUMAN","SH3 domain-containing kinase-binding protein 1","Q96B97_S230_M1_28","Phospho (STY)",-0.033256717916133,0.770901499575575,0.936158087861629,6,"Not significant"
"P3C4 / LPS","GPSM3","Q9Y4H4","Q9Y4H4","GPSM3_HUMAN","G-protein-signaling modulator 3","Q9Y4H4_S56_M1_28","Phospho (STY)",-0.0338020998630325,0.771452010100829,0.938599448845084,6,"Not significant"
"P3C4 / LPS","GOLGA2","Q08379","Q08379","GOGA2_HUMAN","Golgin subfamily A member 2","Q08379_Y846_M1_28","Phospho (STY)",0.0281747362545607,0.771901802779189,0.940352645893658,4,"Not significant"
"P3C4 / LPS","RBBP6","Q7Z6E9","Q7Z6E9","RBBP6_HUMAN","E3 ubiquitin-protein ligase RBBP6","Q7Z6E9_S1179_M1_28","Phospho (STY)",0.0261011710653266,0.771956214047725,0.940627812479033,5,"Not significant"
"P3C4 / LPS","RAB37","Q96AX2","Q96AX2","RAB37_HUMAN","Ras-related protein Rab-37","Q96AX2_T73_M1_28","Phospho (STY)",0.0558544624385304,0.772375024457119,0.942214333201882,6,"Not significant"
"P3C4 / LPS","DAB2","P98082","P98082","DAB2_HUMAN","Disabled homolog 2","P98082_Y50_M1_28","Phospho (STY)",0.14914968010919,0.773072826057879,0.945164547362253,6,"Not significant"
"P3C4 / LPS","PRKAR1A","P10644","P10644","KAP0_HUMAN","cAMP-dependent protein kinase type I-alpha regulatory subunit","P10644_S83_M1_28","Phospho (STY)",-0.0118394997388712,0.773102265327725,0.945323792724534,6,"Not significant"
"P3C4 / LPS","HMGB1","P09429","P09429","HMGB1_HUMAN","High mobility group protein B1","P09429_S121_M1_28","Phospho (STY)",-0.0364118930613074,0.773149179774666,0.945433459162617,6,"Not significant"
"P3C4 / LPS","ZC3H14","Q6PJT7","Q6PJT7","ZC3HE_HUMAN","Zinc finger CCCH domain-containing protein 14","Q6PJT7_S515_M1_28","Phospho (STY)",-0.0132696371606171,0.773621788684505,0.947641132257792,6,"Not significant"
"P3C4 / LPS","RTRAF","Q9Y224","Q9Y224","RTRAF_HUMAN","RNA transcription, translation and transport factor protein","Q9Y224_T114_M1_28","Phospho (STY)",0.130013994635183,0.774461814934984,0.951086119328419,6,"Not significant"
"P3C4 / LPS","RTRAF","Q9Y224","Q9Y224","RTRAF_HUMAN","RNA transcription, translation and transport factor protein","Q9Y224_T235_M1_28","Phospho (STY)",-0.043928918150978,0.776009728015722,0.957788692650918,6,"Not significant"
"P3C4 / LPS","PNKP","Q96T60","Q96T60","PNKP_HUMAN","Bifunctional polynucleotide phosphatase/kinase","Q96T60_T157_M1_28","Phospho (STY)",-0.0540564834679167,0.776480698670805,0.959882508247574,6,"Not significant"
"P3C4 / LPS","H1-5","P16401","P16401","H15_HUMAN","Histone H1.5","P16401_T39_M1_28","Phospho (STY)",-0.106953898280095,0.77662950602838,0.960757902503636,6,"Not significant"
"P3C4 / LPS","LCP1","P13796","P13796","PLSL_HUMAN","Plastin-2","P13796_S5_M1_28","Phospho (STY)",0.0181204226853918,0.777406368536829,0.964118705486165,6,"Not significant"
"P3C4 / LPS","UQCRC2","P22695","P22695","QCR2_HUMAN","Cytochrome b-c1 complex subunit 2, mitochondrial","P22695_Y71_M1_28","Phospho (STY)",0.0118062915927922,0.777847725454832,0.965758011982438,5,"Not significant"
"P3C4 / LPS","ACTB","Cont_P60712;P60709","Cont_P60712;P60709","ACTB_BOVIN;ACTB_HUMAN","Actin, cytoplasmic 1;Actin, cytoplasmic 1","Cont_P60712_Y69_M2_28","Phospho (STY)",-0.0803964299154696,0.778473273797797,0.968465730529585,6,"Not significant"
"P3C4 / LPS","ACTB","Cont_P60712;P60709","Cont_P60712;P60709","ACTB_BOVIN;ACTB_HUMAN","Actin, cytoplasmic 1;Actin, cytoplasmic 1","P60709_Y69_M2_28","Phospho (STY)",-0.0803964299154696,0.778473273797797,0.968465730529585,6,"Not significant"
"P3C4 / LPS","TBC1D1","Q86TI0","Q86TI0","TBCD1_HUMAN","TBC1 domain family member 1","Q86TI0_S503_M1_28","Phospho (STY)",-0.0143683150022578,0.778599526224749,0.968999149335047,5,"Not significant"
"P3C4 / LPS","HNRNPD","Q14103","Q14103","HNRPD_HUMAN","Heterogeneous nuclear ribonucleoprotein D0","Q14103_T229_M1_28","Phospho (STY)",0.0136135600539934,0.778932361388653,0.970643236347829,6,"Not significant"
"P3C4 / LPS","CALM1;CALM2;CALM3","P0DP23;P0DP24;P0DP25","P0DP23;P0DP24;P0DP25","CALM1_HUMAN;CALM2_HUMAN;CALM3_HUMAN","Calmodulin-1;Calmodulin-2;Calmodulin-3","P0DP23_Y100_M1_28","Phospho (STY)",0.0138830036034629,0.778974760127455,0.970793273814131,6,"Not significant"
"P3C4 / LPS","CALM1;CALM2;CALM3","P0DP23;P0DP24;P0DP25","P0DP23;P0DP24;P0DP25","CALM1_HUMAN;CALM2_HUMAN;CALM3_HUMAN","Calmodulin-1;Calmodulin-2;Calmodulin-3","P0DP24_Y100_M1_28","Phospho (STY)",0.0138830036034629,0.778974760127455,0.970793273814131,6,"Not significant"
"P3C4 / LPS","CALM1;CALM2;CALM3","P0DP23;P0DP24;P0DP25","P0DP23;P0DP24;P0DP25","CALM1_HUMAN;CALM2_HUMAN;CALM3_HUMAN","Calmodulin-1;Calmodulin-2;Calmodulin-3","P0DP25_Y100_M1_28","Phospho (STY)",0.0138830036034629,0.778974760127455,0.970793273814131,6,"Not significant"
"P3C4 / LPS","ATP6V0A1","Q93050","Q93050","VPP1_HUMAN","V-type proton ATPase 116 kDa subunit a 1","Q93050_T82_M1_28","Phospho (STY)",-0.00802657375253142,0.779752182179426,0.974058473417565,6,"Not significant"
"P3C4 / LPS","P4HB","P07237","P07237","PDIA1_HUMAN","Protein disulfide-isomerase","P07237_Y116_M2_28","Phospho (STY)",-0.00429532978292727,0.780016231731865,0.975189110695324,6,"Not significant"
"P3C4 / LPS","TUBB8","Q3ZCM7","Q3ZCM7","TBB8_HUMAN","Tubulin beta-8 chain","Q3ZCM7_Y281_M2_28","Phospho (STY)",-0.0320645663443849,0.78028184252275,0.976400855070872,6,"Not significant"
"P3C4 / LPS","TAGLN2","P37802","P37802","TAGL2_HUMAN","Transgelin-2","P37802_Y70_M1_28","Phospho (STY)",-0.0111716493965083,0.78036569537721,0.976771858408878,6,"Not significant"
"P3C4 / LPS","UBE2J1","Q9Y385","Q9Y385","UB2J1_HUMAN","Ubiquitin-conjugating enzyme E2 J1","Q9Y385_S266_M1_28","Phospho (STY)",0.00682292175710379,0.780382482157727,0.976871564756006,4,"Not significant"
"P3C4 / LPS","LTA4H","P09960","P09960","LKHA4_HUMAN","Leukotriene A-4 hydrolase","P09960_Y82_M2_28","Phospho (STY)",0.0520377724826562,0.780651338541716,0.978100056872936,5,"Not significant"
"P3C4 / LPS","TPI1","P60174","P60174","TPIS_HUMAN","Triosephosphate isomerase","P60174_Y68_M1_28","Phospho (STY)",-0.0532939533291467,0.781199147290372,0.980380080424326,6,"Not significant"
"P3C4 / LPS","AHNAK","Q09666","Q09666","AHNK_HUMAN","Neuroblast differentiation-associated protein AHNAK","Q09666_S4130_M1_28","Phospho (STY)",-0.00790812296168734,0.783561958523498,0.990580570422537,6,"Not significant"
"P3C4 / LPS","AHNAK","Q09666","Q09666","AHNK_HUMAN","Neuroblast differentiation-associated protein AHNAK","Q09666_S4594_M1_28","Phospho (STY)",-0.00790812296168734,0.783561958523498,0.990580570422537,6,"Not significant"
"P3C4 / LPS","ZYX","Q15942","Q15942","ZYX_HUMAN","Zyxin","Q15942_S344_M1_28","Phospho (STY)",-0.00957125018317164,0.783693693667955,0.991141964713679,6,"Not significant"
"P3C4 / LPS","H4C1","P62805","P62805","H4_HUMAN","Histone H4","P62805_T81_M1_28","Phospho (STY)",0.00514669072998348,0.783878215239787,0.992047643742185,6,"Not significant"
"P3C4 / LPS","RBM14","Q96PK6","Q96PK6","RBM14_HUMAN","RNA-binding protein 14","Q96PK6_T206_M1_28","Phospho (STY)",0.00359966194280313,0.78390227398251,0.992149703754427,6,"Not significant"
"P3C4 / LPS","H2AC11;H2AC12;H2AC14","P0C0S8;Q96KK5;Q99878","P0C0S8;Q96KK5;Q99878","H2A1_HUMAN;H2A1H_HUMAN;H2A1J_HUMAN","Histone H2A type 1;Histone H2A type 1-H;Histone H2A type 1-J","P0C0S8_T121_M2_28","Phospho (STY)",0.00150915049045076,0.784679541131842,0.995960333996331,6,"Not significant"
"P3C4 / LPS","H2AC11;H2AC12;H2AC14","P0C0S8;Q96KK5;Q99878","P0C0S8;Q96KK5;Q99878","H2A1_HUMAN;H2A1H_HUMAN;H2A1J_HUMAN","Histone H2A type 1;Histone H2A type 1-H;Histone H2A type 1-J","Q96KK5_T121_M2_28","Phospho (STY)",0.00150915049045076,0.784679541131842,0.995960333996331,6,"Not significant"
"P3C4 / LPS","H2AC11;H2AC12;H2AC14","P0C0S8;Q96KK5;Q99878","P0C0S8;Q96KK5;Q99878","H2A1_HUMAN;H2A1H_HUMAN;H2A1J_HUMAN","Histone H2A type 1;Histone H2A type 1-H;Histone H2A type 1-J","Q99878_T121_M2_28","Phospho (STY)",0.00150915049045076,0.784679541131842,0.995960333996331,6,"Not significant"
"P3C4 / LPS","PER1","O15534","O15534","PER1_HUMAN","Period circadian protein homolog 1","O15534_S1186_M1_28","Phospho (STY)",0.00043504045898988,0.785460989131844,0.999604797986688,6,"Not significant"
