"Comparison (group1/group2)","Genes","UniProtIds","ProteinGroups","ProteinNames","ProteinDescriptions","Group","PTM.ModificationTitle","AVG Log2 Ratio","Qvalue","Pvalue","# of Ratios","Significance"
"P3C4 / LPS","BRD2","P25440","P25440","BRD2_HUMAN","Bromodomain-containing protein 2","P25440_K10_M1_17","GlyGly (K)",0.740422927622797,0.432578490977822,0.00553485715963509,6,"Not significant"
"P3C4 / LPS","CCT2","P78371","P78371","TCPB_HUMAN","T-complex protein 1 subunit beta","P78371_K120_M1_17","GlyGly (K)",-7.31690211016836,0.446526298834045,0.00785908176360709,6,"Not significant"
"P3C4 / LPS","ANXA2","P07355","P07355","ANXA2_HUMAN","Annexin A2","P07355_K49_M1_17","GlyGly (K)",-2.97151812900708,0.452294700052726,0.00996276261085143,5,"Not significant"
"P3C4 / LPS","IFIT3","O14879","O14879","IFIT3_HUMAN","Interferon-induced protein with tetratricopeptide repeats 3","O14879_K373_M1_17","GlyGly (K)",-0.7426870278991,0.464227573145319,0.0127975469649166,6,"Not significant"
"P3C4 / LPS","IL1B","P01584","P01584","IL1B_HUMAN","Interleukin-1 beta","P01584_K171_M1_17","GlyGly (K)",2.82438073995409,0.464287690520274,0.0129086758584527,6,"Not significant"
"P3C4 / LPS","LMNA","P02545","P02545","LMNA_HUMAN","Prelamin-A/C","P02545_K597_M1_17","GlyGly (K)",0.792260026720808,0.468248636230997,0.0147389706846732,6,"Not significant"
"P3C4 / LPS","CAST","P20810","P20810","ICAL_HUMAN","Calpastatin","P20810_K283_M1_17","GlyGly (K)",2.65840348261237,0.469279472537977,0.0152427595438316,6,"Not significant"
"P3C4 / LPS","PPA1","Q15181","Q15181","IPYR_HUMAN","Inorganic pyrophosphatase","Q15181_K282_M1_17","GlyGly (K)",0.574464858411213,0.490059931053846,0.024402442518335,6,"Not significant"
"P3C4 / LPS","AK2","P54819","P54819","KAD2_HUMAN","Adenylate kinase 2, mitochondrial","P54819_K121_M1_17","GlyGly (K)",-7.03004735547534,0.491034993374789,0.0251207298504132,6,"Not significant"
"P3C4 / LPS","HSPA4","P34932","P34932","HSP74_HUMAN","Heat shock 70 kDa protein 4","P34932_K219_M2_17","GlyGly (K)",8.89874730480645,0.504796176302867,0.0327126855195356,4,"Not significant"
"P3C4 / LPS","EHD1","Q9H4M9","Q9H4M9","EHD1_HUMAN","EH domain-containing protein 1","Q9H4M9_K13_M1_17","GlyGly (K)",2.31697914186315,0.509139381288066,0.0359330606411122,6,"Not significant"
"P3C4 / LPS","ZNF326","Q5BKZ1","Q5BKZ1","ZN326_HUMAN","DBIRD complex subunit ZNF326","Q5BKZ1_K442_M1_17","GlyGly (K)",-8.25836725108659,0.512047432077964,0.0383128819435272,6,"Not significant"
"P3C4 / LPS","PTGES3","Q15185","Q15185","TEBP_HUMAN","Prostaglandin E synthase 3","Q15185_K67_M2_17","GlyGly (K)",0.190649909445934,0.514133622602283,0.0400962184008023,6,"Not significant"
"P3C4 / LPS","PTGES3","Q15185","Q15185","TEBP_HUMAN","Prostaglandin E synthase 3","Q15185_K65_M2_17","GlyGly (K)",0.190649909445934,0.514133622602283,0.0400962184008023,6,"Not significant"
"P3C4 / LPS","TUBB6","Q9BUF5","Q9BUF5","TBB6_HUMAN","Tubulin beta-6 chain","Q9BUF5_K122_M1_17","GlyGly (K)",1.83823745631635,0.523051317463736,0.0465336254396459,6,"Not significant"
"P3C4 / LPS","MCM3AP","O60318","O60318","GANP_HUMAN","Germinal-center associated nuclear protein","O60318_K1813_M1_17","GlyGly (K)",1.31115236366503,0.531237133253097,0.0543328807134794,6,"Not significant"
"P3C4 / LPS","MATK","P42679","P42679","MATK_HUMAN","Megakaryocyte-associated tyrosine-protein kinase","P42679_K116_M1_17","GlyGly (K)",-1.98747177869042,0.536114438053695,0.0600083923708832,6,"Not significant"
"P3C4 / LPS","AGRN","O00468","O00468","AGRIN_HUMAN","Agrin","O00468_K1863_M1_17","GlyGly (K)",0.489696312070499,0.537752303549414,0.0616582055985841,6,"Not significant"
"P3C4 / LPS","RTN4","Q9NQC3","Q9NQC3","RTN4_HUMAN","Reticulon-4","Q9NQC3_K58_M1_17","GlyGly (K)",-2.27422873459374,0.543375519024227,0.0667692975472087,6,"Not significant"
"P3C4 / LPS","MDH2","P40926","P40926","MDHM_HUMAN","Malate dehydrogenase, mitochondrial","P40926_K241_M2_17","GlyGly (K)",9.80197661331346,0.547476288229854,0.0729731512487101,4,"Not significant"
"P3C4 / LPS","EEF1D","P29692","P29692","EF1D_HUMAN","Elongation factor 1-delta","P29692_K59_M1_17","GlyGly (K)",0.675365656472378,0.548131716366631,0.0737927922263198,6,"Not significant"
"P3C4 / LPS","ALDOA","P04075","P04075","ALDOA_HUMAN","Fructose-bisphosphate aldolase A","P04075_K153_M1_17","GlyGly (K)",0.760094302846804,0.556604607267625,0.0845546822207714,6,"Not significant"
"P3C4 / LPS","CANX","P27824","P27824","CALX_HUMAN","Calnexin","P27824_K571_M2_17","GlyGly (K)",0.181533210492397,0.562853509369305,0.0921296165232935,5,"Not significant"
"P3C4 / LPS","BASP1","P80723","P80723","BASP1_HUMAN","Brain acid soluble protein 1","P80723_K150_M1_17","GlyGly (K)",2.68749623816759,0.563033165612983,0.0923636395215999,6,"Not significant"
"P3C4 / LPS","BAG3","O95817","O95817","BAG3_HUMAN","BAG family molecular chaperone regulator 3","O95817_K460_M1_17","GlyGly (K)",1.8839892177657,0.563865276433783,0.0936501331620399,6,"Not significant"
"P3C4 / LPS","ATP5F1D","P30049","P30049","ATPD_HUMAN","ATP synthase subunit delta, mitochondrial","P30049_K136_M1_17","GlyGly (K)",1.32888308041747,0.563865276433783,0.093660181734864,6,"Not significant"
"P3C4 / LPS","MACROH2A1","O75367","O75367","H2AY_HUMAN","Core histone macro-H2A.1","O75367_K18_M1_17","GlyGly (K)",1.02162019027957,0.567047518308394,0.0986284068962762,6,"Not significant"
"P3C4 / LPS","SOD2","P04179","P04179","SODM_HUMAN","Superoxide dismutase [Mn], mitochondrial","P04179_K114_M1_17","GlyGly (K)",1.51617716493348,0.56901586456967,0.101523824259562,6,"Not significant"
"P3C4 / LPS","RPL4","P36578","P36578","RL4_HUMAN","Large ribosomal subunit protein uL4","P36578_K157_M1_17","GlyGly (K)",0.412417570665608,0.576943288190214,0.114525647507245,6,"Not significant"
"P3C4 / LPS","EEF2","P13639","P13639","EF2_HUMAN","Elongation factor 2","P13639_K498_M1_17","GlyGly (K)",0.789427377623098,0.578577567213227,0.117066750914088,6,"Not significant"
"P3C4 / LPS","NACA4P","Q9BZK3","Q9BZK3","NACP4_HUMAN","Putative nascent polypeptide-associated complex subunit alpha-like protein","Q9BZK3_K199_M1_17","GlyGly (K)",2.07004281246127,0.581973609660133,0.123380299983448,6,"Not significant"
"P3C4 / LPS","TPI1","P60174","P60174","TPIS_HUMAN","Triosephosphate isomerase","P60174_K238_M1_17","GlyGly (K)",1.39601533773141,0.585543274818932,0.129928415787442,6,"Not significant"
"P3C4 / LPS","MRPL40","Q9NQ50","Q9NQ50","RM40_HUMAN","Large ribosomal subunit protein mL40","Q9NQ50_K163_M1_17","GlyGly (K)",-0.774647793523795,0.585615441865389,0.130285521058141,6,"Not significant"
"P3C4 / LPS","CAPZB","P47756","P47756","CAPZB_HUMAN","F-actin-capping protein subunit beta","P47756_K168_M1_17","GlyGly (K)",-2.00391178125652,0.587535081903964,0.133633108594385,6,"Not significant"
"P3C4 / LPS","BLMH","Q13867","Q13867","BLMH_HUMAN","Bleomycin hydrolase","Q13867_K244_M1_17","GlyGly (K)",0.559025610006165,0.588296431484186,0.135158247823623,6,"Not significant"
"P3C4 / LPS","GLO1","Q04760","Q04760","LGUL_HUMAN","Lactoylglutathione lyase","Q04760_K28_M1_17","GlyGly (K)",1.4619361238389,0.589090128651395,0.137126403324863,6,"Not significant"
"P3C4 / LPS","RPL21","P46778","P46778","RL21_HUMAN","Large ribosomal subunit protein eL21","P46778_K122_M1_17","GlyGly (K)",0.612684366014188,0.589519481359051,0.138182055947424,6,"Not significant"
"P3C4 / LPS","LMNA","P02545","P02545","LMNA_HUMAN","Prelamin-A/C","P02545_K201_M1_17","GlyGly (K)",0.3254960274893,0.589651832571621,0.138533663581097,6,"Not significant"
"P3C4 / LPS","GSPT2","Q8IYD1","Q8IYD1","ERF3B_HUMAN","Eukaryotic peptide chain release factor GTP-binding subunit ERF3B","Q8IYD1_K57_M1_17","GlyGly (K)",0.650936553711569,0.59463807902394,0.147185729968032,6,"Not significant"
"P3C4 / LPS","KRT73","Cont_Q86Y46;Q86Y46","Cont_Q86Y46;Q86Y46","K2C73_HUMAN","Keratin, type II cytoskeletal 73;Keratin, type II cytoskeletal 73","Cont_Q86Y46_K137_M2_17","GlyGly (K)",-0.750902024328383,0.594946156051102,0.147533042187667,6,"Not significant"
"P3C4 / LPS","KRT73","Cont_Q86Y46;Q86Y46","Cont_Q86Y46;Q86Y46","K2C73_HUMAN","Keratin, type II cytoskeletal 73;Keratin, type II cytoskeletal 73","Q86Y46_K137_M2_17","GlyGly (K)",-0.750902024328383,0.594946156051102,0.147533042187667,6,"Not significant"
"P3C4 / LPS","EEA1","Q15075","Q15075","EEA1_HUMAN","Early endosome antigen 1","Q15075_K1055_M1_17","GlyGly (K)",-1.20835085610232,0.595611370353212,0.149379094235392,6,"Not significant"
"P3C4 / LPS","HNRNPU","Q00839","Q00839","HNRPU_HUMAN","Heterogeneous nuclear ribonucleoprotein U","Q00839_K436_M1_17","GlyGly (K)",-3.56138721959897,0.596702464033845,0.152090032382821,6,"Not significant"
"P3C4 / LPS","HSP90AA4P","Q58FG1","Q58FG1","HS904_HUMAN","Putative heat shock protein HSP 90-alpha A4","Q58FG1_K289_M1_17","GlyGly (K)",-1.64210872576468,0.597105970172634,0.153189433152448,6,"Not significant"
"P3C4 / LPS","AARS1","P49588","P49588","SYAC_HUMAN","Alanine--tRNA ligase, cytoplasmic","P49588_K898_M1_17","GlyGly (K)",0.928056105093584,0.601211015244344,0.160049746553623,6,"Not significant"
"P3C4 / LPS","POTEF","A5A3E0","A5A3E0","POTEF_HUMAN","POTE ankyrin domain family member F","A5A3E0_K938_M1_17","GlyGly (K)",-6.77671160003791,0.603121480649919,0.186948046187522,6,"Not significant"
"P3C4 / LPS","MYO1G","B0I1T2","B0I1T2","MYO1G_HUMAN","Unconventional myosin-Ig","B0I1T2_K544_M1_17","GlyGly (K)",8.4502168898743,0.603121480649919,0.193834283908176,6,"Not significant"
"P3C4 / LPS","FGA","Cont_P02672","Cont_P02672","FIBA_BOVIN","Fibrinogen alpha chain","Cont_P02672_K543_M1_17","GlyGly (K)",-9.77661172000364,0.603121480649919,0.183977909698237,6,"Not significant"
"P3C4 / LPS","ACTB","Cont_P60712;P60709","Cont_P60712;P60709","ACTB_BOVIN;ACTB_HUMAN","Actin, cytoplasmic 1;Actin, cytoplasmic 1","Cont_P60712_K284_M1_17","GlyGly (K)",1.63546313714309,0.603121480649919,0.168643246103343,6,"Not significant"
"P3C4 / LPS","ACTB","Cont_P60712;P60709","Cont_P60712;P60709","ACTB_BOVIN;ACTB_HUMAN","Actin, cytoplasmic 1;Actin, cytoplasmic 1","P60709_K284_M1_17","GlyGly (K)",1.63546313714309,0.603121480649919,0.168643246103343,6,"Not significant"
"P3C4 / LPS","ZFC3H1","O60293","O60293","ZC3H1_HUMAN","Zinc finger C3H1 domain-containing protein","O60293_K687_M1_17","GlyGly (K)",1.57469404487796,0.603121480649919,0.168200843656633,6,"Not significant"
"P3C4 / LPS","SOD1","P00441","P00441","SODC_HUMAN","Superoxide dismutase [Cu-Zn]","P00441_K4_M2_17","GlyGly (K)",-11.021549187055,0.603121480649919,0.183807082084138,6,"Not significant"
"P3C4 / LPS","LMNA","P02545","P02545","LMNA_HUMAN","Prelamin-A/C","P02545_K144_M1_17","GlyGly (K)",0.518382874765481,0.603121480649919,0.165615627560721,6,"Not significant"
"P3C4 / LPS","GPI","P06744","P06744","G6PI_HUMAN","Glucose-6-phosphate isomerase","P06744_K211_M1_17","GlyGly (K)",8.57333138239525,0.603121480649919,0.195139657990767,6,"Not significant"
"P3C4 / LPS","HSP90AA1","P07900","P07900","HS90A_HUMAN","Heat shock protein HSP 90-alpha","P07900_K443_M1_17","GlyGly (K)",0.330133203406149,0.603121480649919,0.195430460460382,6,"Not significant"
"P3C4 / LPS","SRP19","P09132","P09132","SRP19_HUMAN","Signal recognition particle 19 kDa protein","P09132_K39_M1_17","GlyGly (K)",0.410317325402546,0.603121480649919,0.193396004308958,6,"Not significant"
"P3C4 / LPS","HSPA1A;HSPA1B","P0DMV8;P0DMV9","P0DMV8;P0DMV9","HS71A_HUMAN;HS71B_HUMAN","Heat shock 70 kDa protein 1A;Heat shock 70 kDa protein 1B","P0DMV8_K573_M1_17","GlyGly (K)",5.65777130999336,0.603121480649919,0.185551170095821,6,"Not significant"
"P3C4 / LPS","HSPA1A;HSPA1B","P0DMV8;P0DMV9","P0DMV8;P0DMV9","HS71A_HUMAN;HS71B_HUMAN","Heat shock 70 kDa protein 1A;Heat shock 70 kDa protein 1B","P0DMV9_K573_M1_17","GlyGly (K)",5.65777130999336,0.603121480649919,0.185551170095821,6,"Not significant"
"P3C4 / LPS","ANXA8","P13928","P13928","ANXA8_HUMAN","Annexin A8","P13928_K112_M1_17","GlyGly (K)",0.799376104048806,0.603121480649919,0.174505857462286,6,"Not significant"
"P3C4 / LPS","ANPEP","P15144","P15144","AMPN_HUMAN","Aminopeptidase N","P15144_K641_M1_17","GlyGly (K)",10.0594370012143,0.603121480649919,0.184182727915226,6,"Not significant"
"P3C4 / LPS","NCL","P19338","P19338","NUCL_HUMAN","Nucleolin","P19338_K537_M1_17","GlyGly (K)",0.429159737551217,0.603121480649919,0.166666846110185,6,"Not significant"
"P3C4 / LPS","CHI3L1","P36222","P36222","CH3L1_HUMAN","Chitinase-3-like protein 1","P36222_K91_M1_17","GlyGly (K)",-8.1392163344999,0.603121480649919,0.183676289175754,6,"Not significant"
"P3C4 / LPS","HSPA9","P38646","P38646","GRP75_HUMAN","Stress-70 protein, mitochondrial","P38646_K76_M1_17","GlyGly (K)",13.1944982487827,0.603121480649919,0.171694575923071,6,"Not significant"
"P3C4 / LPS","DNM2","P50570","P50570","DYN2_HUMAN","Dynamin-2","P50570_K414_M1_17","GlyGly (K)",6.4872060702063,0.603121480649919,0.192430561372812,6,"Not significant"
"P3C4 / LPS","VCP","P55072","P55072","TERA_HUMAN","Transitional endoplasmic reticulum ATPase","P55072_K426_M1_17","GlyGly (K)",-0.622531440861741,0.603121480649919,0.193338166554176,6,"Not significant"
"P3C4 / LPS","TPI1","P60174","P60174","TPIS_HUMAN","Triosephosphate isomerase","P60174_K131_M1_17","GlyGly (K)",1.10377119362673,0.603121480649919,0.17281050320374,6,"Not significant"
"P3C4 / LPS","TMSB4X","P62328","P62328","TYB4_HUMAN","Thymosin beta-4","P62328_K26_M1_17","GlyGly (K)",0.257661973259867,0.603121480649919,0.168154268348544,6,"Not significant"
"P3C4 / LPS","ACTC1","P68032","P68032","ACTC_HUMAN","Actin, alpha cardiac muscle 1","P68032_K293_M1_17","GlyGly (K)",-5.57922726947514,0.603121480649919,0.182410101613527,6,"Not significant"
"P3C4 / LPS","ACTC1","P68032","P68032","ACTC_HUMAN","Actin, alpha cardiac muscle 1","P68032_K70_M1_17","GlyGly (K)",1.05870152390157,0.603121480649919,0.194916445670073,6,"Not significant"
"P3C4 / LPS","CAP1","Q01518","Q01518","CAP1_HUMAN","Adenylyl cyclase-associated protein 1","Q01518_K100_M1_17","GlyGly (K)",-5.89223409384336,0.603121480649919,0.185126864019753,6,"Not significant"
"P3C4 / LPS","CAP1","Q01518","Q01518","CAP1_HUMAN","Adenylyl cyclase-associated protein 1","Q01518_K304_M1_17","GlyGly (K)",9.08990825018593,0.603121480649919,0.184496588951621,6,"Not significant"
"P3C4 / LPS","GOLGA2","Q08379","Q08379","GOGA2_HUMAN","Golgin subfamily A member 2","Q08379_K280_M1_17","GlyGly (K)",4.59881913327886,0.603121480649919,0.188407863426518,6,"Not significant"
"P3C4 / LPS","OSTF1","Q92882","Q92882","OSTF1_HUMAN","Osteoclast-stimulating factor 1","Q92882_K190_M1_17","GlyGly (K)",1.0053435215853,0.603121480649919,0.174988392050304,6,"Not significant"
"P3C4 / LPS","RPL10L","Q96L21","Q96L21","RL10L_HUMAN","Ribosomal protein uL16-like","Q96L21_K187_M1_17","GlyGly (K)",4.70637499522241,0.603121480649919,0.185154202752518,6,"Not significant"
"P3C4 / LPS","XRN2","Q9H0D6","Q9H0D6","XRN2_HUMAN","5'-3' exoribonuclease 2","Q9H0D6_K533_M1_17","GlyGly (K)",3.20105558617172,0.603121480649919,0.189597089829129,6,"Not significant"
"P3C4 / LPS","NELFA","Q9H3P2","Q9H3P2","NELFA_HUMAN","Negative elongation factor A","Q9H3P2_K288_M1_17","GlyGly (K)",-0.937764745775925,0.603121480649919,0.194122152031263,6,"Not significant"
"P3C4 / LPS","CAP1","Cont_Q3SYV4","Cont_Q3SYV4","CAP1_BOVIN","Adenylyl cyclase-associated protein 1","Cont_Q3SYV4_K272_M1_17","GlyGly (K)",-8.24088011882374,0.603202993881853,0.198188689532559,6,"Not significant"
"P3C4 / LPS","TPD52L2","O43399","O43399","TPD54_HUMAN","Tumor protein D54","O43399_K15_M1_17","GlyGly (K)",-1.63126312684582,0.603202993881853,0.195900849989207,6,"Not significant"
"P3C4 / LPS","XPOT","O43592","O43592","XPOT_HUMAN","Exportin-T","O43592_K316_M1_17","GlyGly (K)",7.90845978974804,0.603202993881853,0.198861275069004,6,"Not significant"
"P3C4 / LPS","YWHAB","P31946","P31946","1433B_HUMAN","14-3-3 protein beta/alpha","P31946_K160_M1_17","GlyGly (K)",0.23296126499013,0.603202993881853,0.199917193458776,6,"Not significant"
"P3C4 / LPS","WAS","P42768","P42768","WASP_HUMAN","Actin nucleation-promoting factor WAS","P42768_K235_M1_17","GlyGly (K)",-5.66259005814431,0.603202993881853,0.196804528707267,6,"Not significant"
"P3C4 / LPS","RAB14","P61106","P61106","RAB14_HUMAN","Ras-related protein Rab-14","P61106_K156_M2_17","GlyGly (K)",-8.798843909853,0.603202993881853,0.196871372733774,6,"Not significant"
"P3C4 / LPS","RAB14","P61106","P61106","RAB14_HUMAN","Ras-related protein Rab-14","P61106_K140_M2_17","GlyGly (K)",-8.798843909853,0.603202993881853,0.196871372733774,6,"Not significant"
"P3C4 / LPS","H2BC21","Q16778","Q16778","H2B2E_HUMAN","Histone H2B type 2-E","Q16778_K58_M1_17","GlyGly (K)",2.47839545401646,0.603202993881853,0.199600030240381,6,"Not significant"
"P3C4 / LPS","IMP4","Q96G21","Q96G21","IMP4_HUMAN","U3 small nucleolar ribonucleoprotein protein IMP4","Q96G21_K129_M1_17","GlyGly (K)",3.77349480683105,0.603202993881853,0.199417368249559,6,"Not significant"
"P3C4 / LPS","POTEKP","Q9BYX7","Q9BYX7","ACTBM_HUMAN","Putative beta-actin-like protein 3","Q9BYX7_K238_M1_17","GlyGly (K)",-12.2575969047411,0.603202993881853,0.199231526556793,6,"Not significant"
"P3C4 / LPS","ATP1A1","P05023","P05023","AT1A1_HUMAN","Sodium/potassium-transporting ATPase subunit alpha-1","P05023_K177_M1_17","GlyGly (K)",4.58466333500596,0.604237809055336,0.205860777179887,6,"Not significant"
"P3C4 / LPS","HSPA2","P54652","P54652","HSP72_HUMAN","Heat shock-related 70 kDa protein 2","P54652_K461_M1_17","GlyGly (K)",0.908864857214784,0.604332523046084,0.20689002083065,6,"Not significant"
"P3C4 / LPS","EEF1D","P29692","P29692","EF1D_HUMAN","Elongation factor 1-delta","P29692_K117_M1_17","GlyGly (K)",-3.46096925177167,0.604638907779358,0.208663532866045,6,"Not significant"
"P3C4 / LPS","MTF1","Q14872","Q14872","MTF1_HUMAN","Metal regulatory transcription factor 1","Q14872_K627_M1_17","GlyGly (K)",-2.93206960915147,0.604746507534166,0.209256815018362,6,"Not significant"
"P3C4 / LPS","HSPD1","P10809","P10809","CH60_HUMAN","60 kDa heat shock protein, mitochondrial","P10809_K314_M1_17","GlyGly (K)",0.370926016342942,0.60490584131584,0.209773749224759,6,"Not significant"
"P3C4 / LPS","PRKDC","P78527","P78527","PRKDC_HUMAN","DNA-dependent protein kinase catalytic subunit","P78527_K1422_M1_17","GlyGly (K)",-1.575196233656,0.605043898694828,0.210493482907425,6,"Not significant"
"P3C4 / LPS","CNDP2","Q96KP4","Q96KP4","CNDP2_HUMAN","Cytosolic non-specific dipeptidase","Q96KP4_K402_M1_17","GlyGly (K)",0.370830760024859,0.605043898694828,0.210702714831022,6,"Not significant"
"P3C4 / LPS","SOD2","P04179","P04179","SODM_HUMAN","Superoxide dismutase [Mn], mitochondrial","P04179_K75_M1_17","GlyGly (K)",-3.55822875574524,0.605405075235628,0.213150531651732,6,"Not significant"
"P3C4 / LPS","UGGT1","Q9NYU2","Q9NYU2","UGGG1_HUMAN","UDP-glucose:glycoprotein glucosyltransferase 1","Q9NYU2_K319_M1_17","GlyGly (K)",0.885674208100451,0.606127232257729,0.216192912565223,6,"Not significant"
"P3C4 / LPS","FKBP2","P26885","P26885","FKBP2_HUMAN","Peptidyl-prolyl cis-trans isomerase FKBP2","P26885_K59_M1_17","GlyGly (K)",2.98736510271493,0.606679648663082,0.218158929094098,6,"Not significant"
"P3C4 / LPS","AHNAK","Q09666","Q09666","AHNK_HUMAN","Neuroblast differentiation-associated protein AHNAK","Q09666_K4559_M2_17","GlyGly (K)",0.290636517482352,0.606731824080449,0.218361485272849,6,"Not significant"
"P3C4 / LPS","AHNAK","Q09666","Q09666","AHNK_HUMAN","Neuroblast differentiation-associated protein AHNAK","Q09666_K4556_M2_17","GlyGly (K)",0.290636517482352,0.606731824080449,0.218361485272849,6,"Not significant"
"P3C4 / LPS","RAP1B","P61224","P61224","RAP1B_HUMAN","Ras-related protein Rap-1b","P61224_K42_M1_17","GlyGly (K)",0.361384433271655,0.606832939068731,0.218567866008675,6,"Not significant"
"P3C4 / LPS","AQR","O60306","O60306","AQR_HUMAN","RNA helicase aquarius","O60306_K44_M1_17","GlyGly (K)",0.726730469748553,0.606901628930107,0.219159240715061,5,"Not significant"
"P3C4 / LPS","HMBS","P08397","P08397","HEM3_HUMAN","Porphobilinogen deaminase","P08397_K157_M1_17","GlyGly (K)",0.43360133118551,0.607605839214703,0.221915026218778,6,"Not significant"
"P3C4 / LPS","AHNAK","Q09666","Q09666","AHNK_HUMAN","Neuroblast differentiation-associated protein AHNAK","Q09666_K4761_M1_17","GlyGly (K)",0.531147912739332,0.607647090957107,0.222303114519105,6,"Not significant"
"P3C4 / LPS","HYOU1","Q9Y4L1","Q9Y4L1","HYOU1_HUMAN","Hypoxia up-regulated protein 1","Q9Y4L1_K463_M1_17","GlyGly (K)",2.4735735607929,0.609001815634003,0.227054149358669,6,"Not significant"
"P3C4 / LPS","TMSB10","P63313","P63313","TYB10_HUMAN","Thymosin beta-10","P63313_K32_M1_17","GlyGly (K)",0.692664313324322,0.609468089343217,0.228517448045482,6,"Not significant"
"P3C4 / LPS","DDX20","Q9UHI6","Q9UHI6","DDX20_HUMAN","Probable ATP-dependent RNA helicase DDX20","Q9UHI6_K582_M2_17","GlyGly (K)",-0.396436315186113,0.609894104437864,0.229896691481246,6,"Not significant"
"P3C4 / LPS","PARK7","Q99497","Q99497","PARK7_HUMAN","Parkinson disease protein 7","Q99497_K148_M1_17","GlyGly (K)",-0.37919646070453,0.610179061171361,0.231380620048269,6,"Not significant"
"P3C4 / LPS","ITGAV","P06756","P06756","ITAV_HUMAN","Integrin alpha-V","P06756_K134_M1_17","GlyGly (K)",0.177918994178469,0.611361195725547,0.235465580590896,6,"Not significant"
"P3C4 / LPS","ECHDC1","Q9NTX5","Q9NTX5","ECHD1_HUMAN","Ethylmalonyl-CoA decarboxylase","Q9NTX5_K301_M1_17","GlyGly (K)",0.458776914567057,0.612418328711939,0.239435406646867,6,"Not significant"
"P3C4 / LPS","SEC63","Q9UGP8","Q9UGP8","SEC63_HUMAN","Translocation protein SEC63 homolog","Q9UGP8_K368_M1_17","GlyGly (K)",-0.366868014744405,0.612828516866584,0.240559635286561,6,"Not significant"
"P3C4 / LPS","AK2","P54819","P54819","KAD2_HUMAN","Adenylate kinase 2, mitochondrial","P54819_K119_M2_17","GlyGly (K)",-0.543149754633319,0.613219684864918,0.242864964447415,5,"Not significant"
"P3C4 / LPS","CLTC","Q00610","Q00610","CLH1_HUMAN","Clathrin heavy chain 1","Q00610_K951_M1_17","GlyGly (K)",0.320133949814042,0.613237231971638,0.243071566291071,6,"Not significant"
"P3C4 / LPS","S100A4","P26447","P26447","S10A4_HUMAN","Protein S100-A4","P26447_K7_M1_17","GlyGly (K)",-0.556175305066527,0.613477522813114,0.243943228131554,6,"Not significant"
"P3C4 / LPS","ATXN2L","Q8WWM7","Q8WWM7","ATX2L_HUMAN","Ataxin-2-like protein","Q8WWM7_K3_M1_17","GlyGly (K)",0.215810864514697,0.613878789912812,0.245513558129473,6,"Not significant"
"P3C4 / LPS","FBLL1","A6NHQ2","A6NHQ2","FBLL1_HUMAN","rRNA/tRNA 2'-O-methyltransferase fibrillarin-like protein 1","A6NHQ2_K170_M1_17","GlyGly (K)",-3.22314715064098,0.615936658605697,0.251746547261876,6,"Not significant"
"P3C4 / LPS","NUDC","Q9Y266","Q9Y266","NUDC_HUMAN","Nuclear migration protein nudC","Q9Y266_K275_M1_17","GlyGly (K)",-0.358086305234069,0.616079460368671,0.252206528633454,6,"Not significant"
"P3C4 / LPS","RAB1A","P62820","P62820","RAB1A_HUMAN","Ras-related protein Rab-1A","P62820_K140_M1_17","GlyGly (K)",0.602938582363697,0.616634556117953,0.253652407781783,6,"Not significant"
"P3C4 / LPS","PRSS1","P07477","P07477","TRY1_HUMAN","Serine protease 1","P07477_K102_M1_17","GlyGly (K)",-0.82228938935863,0.619209848251007,0.259655639559465,6,"Not significant"
"P3C4 / LPS","ACTC1","P68032","P68032","ACTC_HUMAN","Actin, alpha cardiac muscle 1","P68032_K217_M2_17","GlyGly (K)",0.45668572811323,0.620498719128634,0.26278932297874,6,"Not significant"
"P3C4 / LPS","ACTC1","P68032","P68032","ACTC_HUMAN","Actin, alpha cardiac muscle 1","P68032_K215_M2_17","GlyGly (K)",0.45668572811323,0.620498719128634,0.26278932297874,6,"Not significant"
"P3C4 / LPS","ATP5F1C","P36542","P36542","ATPG_HUMAN","ATP synthase subunit gamma, mitochondrial","P36542_K115_M1_17","GlyGly (K)",-3.40819219540642,0.620614172497134,0.262990265876051,6,"Not significant"
"P3C4 / LPS","MRE11","P49959","P49959","MRE11_HUMAN","Double-strand break repair protein MRE11","P49959_K28_M1_17","GlyGly (K)",0.865309052784436,0.623420885727675,0.269583461339947,6,"Not significant"
"P3C4 / LPS","CD2AP","Q9Y5K6","Q9Y5K6","CD2AP_HUMAN","CD2-associated protein","Q9Y5K6_K557_M1_17","GlyGly (K)",0.569171439632676,0.623621919027175,0.27004683934714,6,"Not significant"
"P3C4 / LPS","PSMC2","P35998","P35998","PRS7_HUMAN","26S proteasome regulatory subunit 7","P35998_K66_M1_17","GlyGly (K)",0.845579345293681,0.623627650649128,0.270094062950342,6,"Not significant"
"P3C4 / LPS","H4C1","P62805","P62805","H4_HUMAN","Histone H4","P62805_K60_M1_17","GlyGly (K)",0.572510703682241,0.623627650649128,0.270102938480342,6,"Not significant"
"P3C4 / LPS","ATP2A2","P16615","P16615","AT2A2_HUMAN","Sarcoplasmic/endoplasmic reticulum calcium ATPase 2","P16615_K352_M1_17","GlyGly (K)",1.63654825473856,0.623635438890298,0.270138420744239,6,"Not significant"
"P3C4 / LPS","HSPA9","P38646","P38646","GRP75_HUMAN","Stress-70 protein, mitochondrial","P38646_K288_M1_17","GlyGly (K)",0.510843255922907,0.62393914857209,0.271097627589384,6,"Not significant"
"P3C4 / LPS","HNRNPH1","P31943","P31943","HNRH1_HUMAN","Heterogeneous nuclear ribonucleoprotein H","P31943_K35_M1_17","GlyGly (K)",0.507567531646703,0.624037198490381,0.271332647181961,6,"Not significant"
"P3C4 / LPS","HSPA9","P38646","P38646","GRP75_HUMAN","Stress-70 protein, mitochondrial","P38646_K595_M1_17","GlyGly (K)",0.665897326436238,0.624603468127553,0.273171577207766,6,"Not significant"
"P3C4 / LPS","PGD","P52209","P52209","6PGD_HUMAN","6-phosphogluconate dehydrogenase, decarboxylating","P52209_K119_M2_17","GlyGly (K)",0.417115869363651,0.624752030178455,0.273680919956764,6,"Not significant"
"P3C4 / LPS","PGD","P52209","P52209","6PGD_HUMAN","6-phosphogluconate dehydrogenase, decarboxylating","P52209_K117_M2_17","GlyGly (K)",0.417115869363651,0.624752030178455,0.273680919956764,6,"Not significant"
"P3C4 / LPS","EEA1","Q15075","Q15075","EEA1_HUMAN","Early endosome antigen 1","Q15075_K813_M1_17","GlyGly (K)",-0.916033608327692,0.624971583523608,0.274090221012613,6,"Not significant"
"P3C4 / LPS","ATXN2L","Q8WWM7","Q8WWM7","ATX2L_HUMAN","Ataxin-2-like protein","Q8WWM7_K186_M1_17","GlyGly (K)",0.796200609590962,0.625060039601747,0.274278311444787,6,"Not significant"
"P3C4 / LPS","FADD","Q13158","Q13158","FADD_HUMAN","FAS-associated death domain protein","Q13158_K110_M1_17","GlyGly (K)",0.278309508147666,0.627622947794214,0.281585526137001,6,"Not significant"
"P3C4 / LPS","VDAC1","P21796","P21796","VDAC1_HUMAN","Voltage-dependent anion-selective channel protein 1","P21796_K256_M1_17","GlyGly (K)",2.03051203255113,0.628173494662053,0.283287053973244,6,"Not significant"
"P3C4 / LPS","RNH1","P13489","P13489","RINI_HUMAN","Ribonuclease inhibitor","P13489_K287_M1_17","GlyGly (K)",0.375996726972791,0.628386509019734,0.284204486114691,6,"Not significant"
"P3C4 / LPS","GPX1","P07203","P07203","GPX1_HUMAN","Glutathione peroxidase 1","P07203_K88_M1_17","GlyGly (K)",0.365287734331576,0.62931843890611,0.286570626611472,6,"Not significant"
"P3C4 / LPS","RPL38","P63173","P63173","RL38_HUMAN","Large ribosomal subunit protein eL38","P63173_K9_M1_17","GlyGly (K)",0.18050458344597,0.629727468557587,0.288050112295071,6,"Not significant"
"P3C4 / LPS","ANP32B","Q92688","Q92688","AN32B_HUMAN","Acidic leucine-rich nuclear phosphoprotein 32 family member B","Q92688_K116_M1_17","GlyGly (K)",-0.357376420590837,0.63043164247267,0.290005660741381,6,"Not significant"
"P3C4 / LPS","UBE2N","P61088","P61088","UBE2N_HUMAN","Ubiquitin-conjugating enzyme E2 N","P61088_K10_M1_17","GlyGly (K)",0.313972633757625,0.630849103787272,0.291300642858046,6,"Not significant"
"P3C4 / LPS","PHGDH","O43175","O43175","SERA_HUMAN","D-3-phosphoglycerate dehydrogenase","O43175_K58_M1_17","GlyGly (K)",-0.37703744296052,0.630879119355375,0.291432086062618,6,"Not significant"
"P3C4 / LPS","AHNAK","Q09666","Q09666","AHNK_HUMAN","Neuroblast differentiation-associated protein AHNAK","Q09666_K5747_M2_17","GlyGly (K)",6.11092853135796,0.631345350008009,0.292741152101069,5,"Not significant"
"P3C4 / LPS","POTEKP","Q9BYX7","Q9BYX7","ACTBM_HUMAN","Putative beta-actin-like protein 3","Q9BYX7_K68_M1_17","GlyGly (K)",1.22961279867471,0.631424994493006,0.293003299911515,6,"Not significant"
"P3C4 / LPS","AHNAK","Q09666","Q09666","AHNK_HUMAN","Neuroblast differentiation-associated protein AHNAK","Q09666_K4898_M1_17","GlyGly (K)",0.722238347791728,0.631763841088831,0.293923095934036,6,"Not significant"
"P3C4 / LPS","TMPO","P42166","P42166","LAP2A_HUMAN","Lamina-associated polypeptide 2, isoform alpha","P42166_K17_M1_17","GlyGly (K)",-5.59674883375841,0.632633382054894,0.29587113415888,6,"Not significant"
"P3C4 / LPS","TMEM109","Q9BVC6","Q9BVC6","TM109_HUMAN","Voltage-gated monoatomic cation channel TMEM109","Q9BVC6_K46_M1_17","GlyGly (K)",0.773176673814841,0.632969357916571,0.296894323902689,6,"Not significant"
"P3C4 / LPS","PIPSL","A2A3N6","A2A3N6","PIPSL_HUMAN","Putative PIP5K1A and PSMD4-like protein","A2A3N6_K637_M1_17","GlyGly (K)",0.76264744961822,0.633972537254186,0.361438046363713,5,"Not significant"
"P3C4 / LPS","ALB","Cont_P02769","Cont_P02769","ALBU_BOVIN","Albumin","Cont_P02769_K463_M1_17","GlyGly (K)",6.14034005999133,0.633972537254186,0.420004145892252,6,"Not significant"
"P3C4 / LPS","F5","Cont_Q28107","Cont_Q28107","FA5_BOVIN","Coagulation factor V","Cont_Q28107_K564_M1_17","GlyGly (K)",-5.45372330553768,0.633972537254186,0.416888346176968,6,"Not significant"
"P3C4 / LPS","SNAP23","O00161","O00161","SNP23_HUMAN","Synaptosomal-associated protein 23","O00161_K167_M1_17","GlyGly (K)",-0.319879212366129,0.633972537254186,0.348230957287934,6,"Not significant"
"P3C4 / LPS","ADAM10","O14672","O14672","ADA10_HUMAN","Disintegrin and metalloproteinase domain-containing protein 10","O14672_K591_M2_17","GlyGly (K)",2.45348672428081,0.633972537254186,0.426019614904795,6,"Not significant"
"P3C4 / LPS","ADAM10","O14672","O14672","ADA10_HUMAN","Disintegrin and metalloproteinase domain-containing protein 10","O14672_K588_M2_17","GlyGly (K)",2.45348672428081,0.633972537254186,0.426019614904795,6,"Not significant"
"P3C4 / LPS","HGS","O14964","O14964","HGS_HUMAN","Hepatocyte growth factor-regulated tyrosine kinase substrate","O14964_K56_M1_17","GlyGly (K)",1.31829817619724,0.633972537254186,0.354526381152425,6,"Not significant"
"P3C4 / LPS","PPP1R12A","O14974","O14974","MYPT1_HUMAN","Protein phosphatase 1 regulatory subunit 12A","O14974_K945_M1_17","GlyGly (K)",-2.67107525384322,0.633972537254186,0.430544916176675,6,"Not significant"
"P3C4 / LPS","LAMTOR5","O43504","O43504","LTOR5_HUMAN","Ragulator complex protein LAMTOR5","O43504_K14_M1_17","GlyGly (K)",-0.270636517055375,0.633972537254186,0.416988295676631,6,"Not significant"
"P3C4 / LPS","ACTN4","O43707","O43707","ACTN4_HUMAN","Alpha-actinin-4","O43707_K233_M1_17","GlyGly (K)",0.620724364561605,0.633972537254186,0.315685598854289,6,"Not significant"
"P3C4 / LPS","IDH3B","O43837","O43837","IDH3B_HUMAN","Isocitrate dehydrogenase [NAD] subunit beta, mitochondrial","O43837_K105_M1_17","GlyGly (K)",6.38111177093381,0.633972537254186,0.423106631742157,6,"Not significant"
"P3C4 / LPS","SYNCRIP","O60506","O60506","HNRPQ_HUMAN","Heterogeneous nuclear ribonucleoprotein Q","O60506_K407_M1_17","GlyGly (K)",-4.26006208322261,0.633972537254186,0.426100882880526,6,"Not significant"
"P3C4 / LPS","SYNCRIP","O60506","O60506","HNRPQ_HUMAN","Heterogeneous nuclear ribonucleoprotein Q","O60506_K363_M2_17","GlyGly (K)",-7.31966598964721,0.633972537254186,0.42141743907214,5,"Not significant"
"P3C4 / LPS","EIF5B","O60841","O60841","IF2P_HUMAN","Eukaryotic translation initiation factor 5B","O60841_K644_M1_17","GlyGly (K)",0.888839231722609,0.633972537254186,0.323402315842146,6,"Not significant"
"P3C4 / LPS","VPS4B","O75351","O75351","VPS4B_HUMAN","Vacuolar protein sorting-associated protein 4B","O75351_K155_M1_17","GlyGly (K)",-4.0301404577316,0.633972537254186,0.427780042208107,6,"Not significant"
"P3C4 / LPS","MACROH2A1","O75367","O75367","H2AY_HUMAN","Core histone macro-H2A.1","O75367_K282_M1_17","GlyGly (K)",5.22915774006061,0.633972537254186,0.424243485031052,6,"Not significant"
"P3C4 / LPS","ZMPSTE24","O75844","O75844","FACE1_HUMAN","CAAX prenyl protease 1 homolog","O75844_K325_M1_17","GlyGly (K)",-0.724454622594581,0.633972537254186,0.426055448975587,6,"Not significant"
"P3C4 / LPS","C6orf47","O95873","O95873","CF047_HUMAN","Uncharacterized protein C6orf47","O95873_K147_M1_17","GlyGly (K)",2.19421659027356,0.633972537254186,0.364657795181762,6,"Not significant"
"P3C4 / LPS","TGFB1","P01137","P01137","TGFB1_HUMAN","Transforming growth factor beta-1 proprotein","P01137_K291_M1_17","GlyGly (K)",0.532503379008717,0.633972537254186,0.352186909433587,6,"Not significant"
"P3C4 / LPS","ALDOA","P04075","P04075","ALDOA_HUMAN","Fructose-bisphosphate aldolase A","P04075_K289_M1_17","GlyGly (K)",-0.620435237057979,0.633972537254186,0.319192038324954,6,"Not significant"
"P3C4 / LPS","GAPDH","P04406","P04406","G3P_HUMAN","Glyceraldehyde-3-phosphate dehydrogenase","P04406_K186_M1_17","GlyGly (K)",0.448035044153931,0.633972537254186,0.315473146384914,6,"Not significant"
"P3C4 / LPS","SLC25A5","P05141","P05141","ADT2_HUMAN","ADP/ATP translocase 2","P05141_K10_M1_17","GlyGly (K)",5.79825618084892,0.633972537254186,0.423263592793531,6,"Not significant"
"P3C4 / LPS","RPLP2","P05387","P05387","RLA2_HUMAN","Large ribosomal subunit protein P2","P05387_K94_M1_17","GlyGly (K)",-7.76809076442027,0.633972537254186,0.422848102809622,6,"Not significant"
"P3C4 / LPS","ITGB1","P05556","P05556","ITB1_HUMAN","Integrin beta-1","P05556_K163_M1_17","GlyGly (K)",5.74877391869586,0.633972537254186,0.421670343685064,6,"Not significant"
"P3C4 / LPS","GPI","P06744","P06744","G6PI_HUMAN","Glucose-6-phosphate isomerase","P06744_K194_M1_17","GlyGly (K)",0.236902553672482,0.633972537254186,0.394956517628279,6,"Not significant"
"P3C4 / LPS","GPX1","P07203","P07203","GPX1_HUMAN","Glutathione peroxidase 1","P07203_K166_M1_17","GlyGly (K)",-1.10885895588743,0.633972537254186,0.404268413952974,6,"Not significant"
"P3C4 / LPS","P4HB","P07237","P07237","PDIA1_HUMAN","Protein disulfide-isomerase","P07237_K263_M1_17","GlyGly (K)",9.5651126852624,0.633972537254186,0.422764276668416,6,"Not significant"
"P3C4 / LPS","P4HB","P07237","P07237","PDIA1_HUMAN","Protein disulfide-isomerase","P07237_K366_M1_17","GlyGly (K)",2.88843703081968,0.633972537254186,0.419134906991182,6,"Not significant"
"P3C4 / LPS","ANXA2","P07355","P07355","ANXA2_HUMAN","Annexin A2","P07355_K49_M2_17","GlyGly (K)",-4.57306957183981,0.633972537254186,0.42852211779695,6,"Not significant"
"P3C4 / LPS","ANXA2","P07355","P07355","ANXA2_HUMAN","Annexin A2","P07355_K47_M2_17","GlyGly (K)",-4.57306957183981,0.633972537254186,0.42852211779695,6,"Not significant"
"P3C4 / LPS","HSP90AA1","P07900","P07900","HS90A_HUMAN","Heat shock protein HSP 90-alpha","P07900_K100_M1_17","GlyGly (K)",10.8250911665556,0.633972537254186,0.422562014450932,6,"Not significant"
"P3C4 / LPS","HSP90AA1","P07900","P07900","HS90A_HUMAN","Heat shock protein HSP 90-alpha","P07900_K534_M1_17","GlyGly (K)",-7.64434454851157,0.633972537254186,0.421566753392981,6,"Not significant"
"P3C4 / LPS","HSP90AA1","P07900","P07900","HS90A_HUMAN","Heat shock protein HSP 90-alpha","P07900_K436_M2_17","GlyGly (K)",0.214833833036736,0.633972537254186,0.317677047060573,6,"Not significant"
"P3C4 / LPS","HSP90AA1","P07900","P07900","HS90A_HUMAN","Heat shock protein HSP 90-alpha","P07900_K435_M2_17","GlyGly (K)",0.214833833036736,0.633972537254186,0.317677047060573,6,"Not significant"
"P3C4 / LPS","HSP90AB1","P08238","P08238","HS90B_HUMAN","Heat shock protein HSP 90-beta","P08238_K624_M1_17","GlyGly (K)",0.377696682125148,0.633972537254186,0.390796949291477,6,"Not significant"
"P3C4 / LPS","ANXA5","P08758","P08758","ANXA5_HUMAN","Annexin A5","P08758_K70_M1_17","GlyGly (K)",1.29408357614918,0.633972537254186,0.410908544927938,6,"Not significant"
"P3C4 / LPS","GSTP1","P09211","P09211","GSTP1_HUMAN","Glutathione S-transferase P","P09211_K191_M1_17","GlyGly (K)",-0.32143851752196,0.633972537254186,0.319234627734391,5,"Not significant"
"P3C4 / LPS","LGALS1","P09382","P09382","LEG1_HUMAN","Galectin-1","P09382_K37_M1_17","GlyGly (K)",0.589698922059495,0.633972537254186,0.342473246608427,6,"Not significant"
"P3C4 / LPS","SNRPA1","P09661","P09661","RU2A_HUMAN","U2 small nuclear ribonucleoprotein A'","P09661_K205_M1_17","GlyGly (K)",0.325466276143874,0.633972537254186,0.363032128898939,6,"Not significant"
"P3C4 / LPS","ALDOC","P09972","P09972","ALDOC_HUMAN","Fructose-bisphosphate aldolase C","P09972_K153_M1_17","GlyGly (K)",10.5667176400243,0.633972537254186,0.422631336706557,6,"Not significant"
"P3C4 / LPS","RNASE2","P10153","P10153","RNAS2_HUMAN","Non-secretory ribonuclease","P10153_K93_M1_17","GlyGly (K)",2.48560272629242,0.633972537254186,0.384400086575302,6,"Not significant"
"P3C4 / LPS","HSPD1","P10809","P10809","CH60_HUMAN","60 kDa heat shock protein, mitochondrial","P10809_K218_M1_17","GlyGly (K)",0.477997975491641,0.633972537254186,0.310821151355971,6,"Not significant"
"P3C4 / LPS","HSPD1","P10809","P10809","CH60_HUMAN","60 kDa heat shock protein, mitochondrial","P10809_K387_M1_17","GlyGly (K)",-3.56978786651219,0.633972537254186,0.415357187348459,6,"Not significant"
"P3C4 / LPS","SLC2A3","P11169","P11169","GTR3_HUMAN","Solute carrier family 2, facilitated glucose transporter member 3","P11169_K243_M1_17","GlyGly (K)",5.38012618585179,0.633972537254186,0.425205644331608,6,"Not significant"
"P3C4 / LPS","ACADM","P11310","P11310","ACADM_HUMAN","Medium-chain specific acyl-CoA dehydrogenase, mitochondrial","P11310_K217_M1_17","GlyGly (K)",0.292395716480632,0.633972537254186,0.343996105373861,6,"Not significant"
"P3C4 / LPS","IMPDH2","P12268","P12268","IMDH2_HUMAN","Inosine-5'-monophosphate dehydrogenase 2","P12268_K492_M1_17","GlyGly (K)",-5.10451069760637,0.633972537254186,0.42402507268391,6,"Not significant"
"P3C4 / LPS","ACTN1","P12814","P12814","ACTN1_HUMAN","Alpha-actinin-1","P12814_K420_M1_17","GlyGly (K)",6.07696149947359,0.633972537254186,0.421707250720762,6,"Not significant"
"P3C4 / LPS","HCLS1","P14317","P14317","HCLS1_HUMAN","Hematopoietic lineage cell-specific protein","P14317_K273_M1_17","GlyGly (K)",-7.34423391338652,0.633972537254186,0.423124700742862,6,"Not significant"
"P3C4 / LPS","PKM","P14618","P14618","KPYM_HUMAN","Pyruvate kinase PKM","P14618_K322_M1_17","GlyGly (K)",-9.86449753457283,0.633972537254186,0.42260616513945,6,"Not significant"
"P3C4 / LPS","PKM","P14618","P14618","KPYM_HUMAN","Pyruvate kinase PKM","P14618_K151_M1_17","GlyGly (K)",6.14081064241552,0.633972537254186,0.377708136823789,6,"Not significant"
"P3C4 / LPS","HSP90B1","P14625","P14625","ENPL_HUMAN","Endoplasmin","P14625_K708_M1_17","GlyGly (K)",2.48443130379305,0.633972537254186,0.41526004594326,5,"Not significant"
"P3C4 / LPS","UQCRB","P14927","P14927","QCR7_HUMAN","Cytochrome b-c1 complex subunit 7","P14927_K45_M1_17","GlyGly (K)",-3.42873814955892,0.633972537254186,0.424924740446241,6,"Not significant"
"P3C4 / LPS","H1-5","P16401","P16401","H15_HUMAN","Histone H1.5","P16401_K37_M1_17","GlyGly (K)",-7.56937663670091,0.633972537254186,0.422614370823019,6,"Not significant"
"P3C4 / LPS","PLCG2","P16885","P16885","PLCG2_HUMAN","1-phosphatidylinositol 4,5-bisphosphate phosphodiesterase gamma-2","P16885_K60_M1_17","GlyGly (K)",7.42295742026469,0.633972537254186,0.42288172961151,6,"Not significant"
"P3C4 / LPS","ITGB5","P18084","P18084","ITB5_HUMAN","Integrin beta-5","P18084_K170_M1_17","GlyGly (K)",-10.4934655526052,0.633972537254186,0.42269143363601,6,"Not significant"
"P3C4 / LPS","RPL17","P18621","P18621","RL17_HUMAN","Large ribosomal subunit protein uL22","P18621_K105_M1_17","GlyGly (K)",5.39897901299421,0.633972537254186,0.42046295150384,6,"Not significant"
"P3C4 / LPS","NCF2","P19878","P19878","NCF2_HUMAN","Neutrophil cytosol factor 2","P19878_K92_M1_17","GlyGly (K)",-2.63003355233555,0.633972537254186,0.394722613033517,6,"Not significant"
"P3C4 / LPS","TGM2","P21980","P21980","TGM2_HUMAN","Protein-glutamine gamma-glutamyltransferase 2","P21980_K527_M1_17","GlyGly (K)",0.385093132645878,0.633972537254186,0.33632161951559,6,"Not significant"
"P3C4 / LPS","HNRNPA2B1","P22626","P22626","ROA2_HUMAN","Heterogeneous nuclear ribonucleoproteins A2/B1","P22626_K173_M1_17","GlyGly (K)",8.36619739177399,0.633972537254186,0.422534060401293,6,"Not significant"
"P3C4 / LPS","HNRNPA2B1","P22626","P22626","ROA2_HUMAN","Heterogeneous nuclear ribonucleoproteins A2/B1","P22626_K104_M1_17","GlyGly (K)",2.79255437226032,0.633972537254186,0.423631277092727,6,"Not significant"
"P3C4 / LPS","HNRNPA2B1","P22626","P22626","ROA2_HUMAN","Heterogeneous nuclear ribonucleoproteins A2/B1","P22626_K168_M1_17","GlyGly (K)",1.11777881681656,0.633972537254186,0.419620946829642,6,"Not significant"
"P3C4 / LPS","FECH","P22830","P22830","HEMH_HUMAN","Ferrochelatase, mitochondrial","P22830_K57_M1_17","GlyGly (K)",-0.779208888174525,0.633972537254186,0.376615442797653,6,"Not significant"
"P3C4 / LPS","ATP5F1A","P25705","P25705","ATPA_HUMAN","ATP synthase subunit alpha, mitochondrial","P25705_K316_M1_17","GlyGly (K)",-0.828631923393955,0.633972537254186,0.319730514471893,6,"Not significant"
"P3C4 / LPS","ATP5F1A","P25705","P25705","ATPA_HUMAN","ATP synthase subunit alpha, mitochondrial","P25705_K175_M1_17","GlyGly (K)",0.259911364403707,0.633972537254186,0.404931304511232,6,"Not significant"
"P3C4 / LPS","RPL13","P26373","P26373","RL13_HUMAN","Large ribosomal subunit protein eL13","P26373_K145_M1_17","GlyGly (K)",3.75969418716984,0.633972537254186,0.417721572242957,6,"Not significant"
"P3C4 / LPS","APEX1","P27695","P27695","APEX1_HUMAN","DNA-(apurinic or apyrimidinic site) endonuclease","P27695_K58_M2_17","GlyGly (K)",0.555383155035251,0.633972537254186,0.39918507890892,5,"Not significant"
"P3C4 / LPS","PDIA3","P30101","P30101","PDIA3_HUMAN","Protein disulfide-isomerase A3","P30101_K305_M1_17","GlyGly (K)",1.2029013928507,0.633972537254186,0.427707168689953,6,"Not significant"
"P3C4 / LPS","FCER1G","P30273","P30273","FCERG_HUMAN","High affinity immunoglobulin epsilon receptor subunit gamma","P30273_K52_M2_17","GlyGly (K)",0.70087507342781,0.633972537254186,0.336340480356283,6,"Not significant"
"P3C4 / LPS","UQCRC1","P31930","P31930","QCR1_HUMAN","Cytochrome b-c1 complex subunit 1, mitochondrial","P31930_K447_M1_17","GlyGly (K)",-5.94358178668475,0.633972537254186,0.422874448942719,6,"Not significant"
"P3C4 / LPS","MYH9","P35579","P35579","MYH9_HUMAN","Myosin-9","P35579_K682_M1_17","GlyGly (K)",6.53207136365963,0.633972537254186,0.390195715390246,6,"Not significant"
"P3C4 / LPS","PSMC2","P35998","P35998","PRS7_HUMAN","26S proteasome regulatory subunit 7","P35998_K84_M1_17","GlyGly (K)",5.27222675742255,0.633972537254186,0.421635259314173,6,"Not significant"
"P3C4 / LPS","HSPA9","P38646","P38646","GRP75_HUMAN","Stress-70 protein, mitochondrial","P38646_K485_M1_17","GlyGly (K)",1.99057720381663,0.633972537254186,0.344761588310353,6,"Not significant"
"P3C4 / LPS","CUX1","P39880","P39880","CUX1_HUMAN","Homeobox protein cut-like 1","P39880_K272_M1_17","GlyGly (K)",4.946942968969,0.633972537254186,0.423839793068583,6,"Not significant"
"P3C4 / LPS","CAPG","P40121","P40121","CAPG_HUMAN","Macrophage-capping protein","P40121_K253_M1_17","GlyGly (K)",-5.35882919588073,0.633972537254186,0.421922330951117,6,"Not significant"
"P3C4 / LPS","MDH2","P40926","P40926","MDHM_HUMAN","Malate dehydrogenase, mitochondrial","P40926_K91_M1_17","GlyGly (K)",-0.572596657150055,0.633972537254186,0.35737122985317,6,"Not significant"
"P3C4 / LPS","TMPO","P42166","P42166","LAP2A_HUMAN","Lamina-associated polypeptide 2, isoform alpha","P42166_K15_M1_17","GlyGly (K)",1.42910447525813,0.633972537254186,0.376417519537266,6,"Not significant"
"P3C4 / LPS","CRKL","P46109","P46109","CRKL_HUMAN","Crk-like protein","P46109_K253_M1_17","GlyGly (K)",-4.11745481892044,0.633972537254186,0.427649982801494,6,"Not significant"
"P3C4 / LPS","RPS9","P46781","P46781","RS9_HUMAN","Small ribosomal subunit protein uS4","P46781_K101_M1_17","GlyGly (K)",1.54894161453744,0.633972537254186,0.419526032976605,6,"Not significant"
"P3C4 / LPS","HSPA13","P48723","P48723","HSP13_HUMAN","Heat shock 70 kDa protein 13","P48723_K396_M1_17","GlyGly (K)",8.66756013546845,0.633972537254186,0.422520994090591,6,"Not significant"
"P3C4 / LPS","FASN","P49327","P49327","FAS_HUMAN","Fatty acid synthase","P49327_K787_M1_17","GlyGly (K)",-4.10559360421298,0.633972537254186,0.422309316978561,6,"Not significant"
"P3C4 / LPS","HSD17B4","P51659","P51659","DHB4_HUMAN","Peroxisomal multifunctional enzyme type 2","P51659_K614_M1_17","GlyGly (K)",5.21792156928817,0.633972537254186,0.42594746894082,6,"Not significant"
"P3C4 / LPS","HNRNPA3","P51991","P51991","ROA3_HUMAN","Heterogeneous nuclear ribonucleoprotein A3","P51991_K118_M1_17","GlyGly (K)",0.44691419044958,0.633972537254186,0.426015495088072,6,"Not significant"
"P3C4 / LPS","PGD","P52209","P52209","6PGD_HUMAN","6-phosphogluconate dehydrogenase, decarboxylating","P52209_K38_M1_17","GlyGly (K)",-4.21585184377083,0.633972537254186,0.420617273361993,6,"Not significant"
"P3C4 / LPS","HNRNPM","P52272","P52272","HNRPM_HUMAN","Heterogeneous nuclear ribonucleoprotein M","P52272_K221_M2_17","GlyGly (K)",-0.585289091996129,0.633972537254186,0.373525988348525,6,"Not significant"
"P3C4 / LPS","HNRNPM","P52272","P52272","HNRPM_HUMAN","Heterogeneous nuclear ribonucleoprotein M","P52272_K219_M2_17","GlyGly (K)",-0.585289091996129,0.633972537254186,0.373525988348525,6,"Not significant"
"P3C4 / LPS","ARHGDIA","P52565","P52565","GDIR1_HUMAN","Rho GDP-dissociation inhibitor 1","P52565_K167_M1_17","GlyGly (K)",0.740397174906354,0.633972537254186,0.318494784855968,6,"Not significant"
"P3C4 / LPS","SUB1","P53999","P53999","TCP4_HUMAN","Activated RNA polymerase II transcriptional coactivator p15","P53999_K114_M1_17","GlyGly (K)",2.75701593481559,0.633972537254186,0.314609366096421,6,"Not significant"
"P3C4 / LPS","HSPA2","P54652","P54652","HSP72_HUMAN","Heat shock-related 70 kDa protein 2","P54652_K109_M2_17","GlyGly (K)",-2.33595308977632,0.633972537254186,0.37885641503792,5,"Not significant"
"P3C4 / LPS","AK2","P54819","P54819","KAD2_HUMAN","Adenylate kinase 2, mitochondrial","P54819_K164_M1_17","GlyGly (K)",-6.27741542891076,0.633972537254186,0.42318832878915,5,"Not significant"
"P3C4 / LPS","AK2","P54819","P54819","KAD2_HUMAN","Adenylate kinase 2, mitochondrial","P54819_K229_M1_17","GlyGly (K)",-0.329953938170498,0.633972537254186,0.31719158308596,6,"Not significant"
"P3C4 / LPS","CD81","P60033","P60033","CD81_HUMAN","CD81 antigen","P60033_K144_M1_17","GlyGly (K)",7.19773325909789,0.633972537254186,0.42080326324676,6,"Not significant"
"P3C4 / LPS","ACTR2","P61160","P61160","ARP2_HUMAN","Actin-related protein 2","P61160_K106_M1_17","GlyGly (K)",-1.31332135324093,0.633972537254186,0.413872580356646,6,"Not significant"
"P3C4 / LPS","PSME3","P61289","P61289","PSME3_HUMAN","Proteasome activator complex subunit 3","P61289_K123_M2_17","GlyGly (K)",-4.67948014219143,0.633972537254186,0.428579241698903,6,"Not significant"
"P3C4 / LPS","PSME3","P61289","P61289","PSME3_HUMAN","Proteasome activator complex subunit 3","P61289_K121_M2_17","GlyGly (K)",-4.67948014219143,0.633972537254186,0.428579241698903,6,"Not significant"
"P3C4 / LPS","WDR5","P61964","P61964","WDR5_HUMAN","WD repeat-containing protein 5","P61964_K165_M1_17","GlyGly (K)",0.183473456552221,0.633972537254186,0.430093649193766,6,"Not significant"
"P3C4 / LPS","RPS14","P62263","P62263","RS14_HUMAN","Small ribosomal subunit protein uS11","P62263_K125_M1_17","GlyGly (K)",0.654565487665599,0.633972537254186,0.333597445705514,6,"Not significant"
"P3C4 / LPS","TMSB4X","P62328","P62328","TYB4_HUMAN","Thymosin beta-4","P62328_K32_M2_17","GlyGly (K)",-2.7970151709645,0.633972537254186,0.426281727739558,6,"Not significant"
"P3C4 / LPS","TMSB4X","P62328","P62328","TYB4_HUMAN","Thymosin beta-4","P62328_K26_M2_17","GlyGly (K)",-2.7970151709645,0.633972537254186,0.426281727739558,6,"Not significant"
"P3C4 / LPS","TMSB4X","P62328","P62328","TYB4_HUMAN","Thymosin beta-4","P62328_K15_M1_17","GlyGly (K)",-5.31064007874733,0.633972537254186,0.421583331222239,6,"Not significant"
"P3C4 / LPS","H4C1","P62805","P62805","H4_HUMAN","Histone H4","P62805_K80_M1_17","GlyGly (K)",-1.47877796879912,0.633972537254186,0.360084489915905,6,"Not significant"
"P3C4 / LPS","RAB1A","P62820","P62820","RAB1A_HUMAN","Ras-related protein Rab-1A","P62820_K156_M1_17","GlyGly (K)",0.235500014120781,0.633972537254186,0.303595531903021,6,"Not significant"
"P3C4 / LPS","RPL30","P62888","P62888","RL30_HUMAN","Large ribosomal subunit protein eL30","P62888_K87_M1_17","GlyGly (K)",9.07026304291368,0.633972537254186,0.42210813335034,6,"Not significant"
"P3C4 / LPS","BASP1","P80723","P80723","BASP1_HUMAN","Brain acid soluble protein 1","P80723_K97_M2_17","GlyGly (K)",5.99704997447847,0.633972537254186,0.421465902084742,5,"Not significant"
"P3C4 / LPS","HNRNPU","Q00839","Q00839","HNRPU_HUMAN","Heterogeneous nuclear ribonucleoprotein U","Q00839_K494_M2_17","GlyGly (K)",5.64695457124008,0.633972537254186,0.420968212743765,5,"Not significant"
"P3C4 / LPS","DR1","Q01658","Q01658","NC2B_HUMAN","Protein Dr1","Q01658_K103_M1_17","GlyGly (K)",2.76491056742154,0.633972537254186,0.429880620752455,6,"Not significant"
"P3C4 / LPS","TOP2B","Q02880","Q02880","TOP2B_HUMAN","DNA topoisomerase 2-beta","Q02880_K104_M1_17","GlyGly (K)",0.646494425881587,0.633972537254186,0.416171456846833,6,"Not significant"
"P3C4 / LPS","SSBP1","Q04837","Q04837","SSBP_HUMAN","Single-stranded DNA-binding protein, mitochondrial","Q04837_K145_M1_17","GlyGly (K)",-4.33456294996905,0.633972537254186,0.413649665304295,6,"Not significant"
"P3C4 / LPS","CKAP4","Q07065","Q07065","CKAP4_HUMAN","Cytoskeleton-associated protein 4","Q07065_K161_M1_17","GlyGly (K)",0.391106136842754,0.633972537254186,0.379850664764755,6,"Not significant"
"P3C4 / LPS","KHDRBS1","Q07666","Q07666","KHDR1_HUMAN","KH domain-containing, RNA-binding, signal transduction-associated protein 1","Q07666_K96_M1_17","GlyGly (K)",6.85274476316505,0.633972537254186,0.423559443577341,6,"Not significant"
"P3C4 / LPS","NSUN2","Q08J23","Q08J23","NSUN2_HUMAN","RNA cytosine C(5)-methyltransferase NSUN2","Q08J23_K338_M1_17","GlyGly (K)",0.413000724289547,0.633972537254186,0.32463526181751,6,"Not significant"
"P3C4 / LPS","AHNAK","Q09666","Q09666","AHNK_HUMAN","Neuroblast differentiation-associated protein AHNAK","Q09666_K2578_M1_17","GlyGly (K)",8.12947660309284,0.633972537254186,0.422959067967522,6,"Not significant"
"P3C4 / LPS","AHNAK","Q09666","Q09666","AHNK_HUMAN","Neuroblast differentiation-associated protein AHNAK","Q09666_K4000_M1_17","GlyGly (K)",8.12947660309284,0.633972537254186,0.422959067967522,6,"Not significant"
"P3C4 / LPS","AHNAK","Q09666","Q09666","AHNK_HUMAN","Neuroblast differentiation-associated protein AHNAK","Q09666_K4256_M1_17","GlyGly (K)",8.12947660309284,0.633972537254186,0.422959067967522,6,"Not significant"
"P3C4 / LPS","AHNAK","Q09666","Q09666","AHNK_HUMAN","Neuroblast differentiation-associated protein AHNAK","Q09666_K4458_M1_17","GlyGly (K)",8.12947660309284,0.633972537254186,0.422959067967522,6,"Not significant"
"P3C4 / LPS","AHNAK","Q09666","Q09666","AHNK_HUMAN","Neuroblast differentiation-associated protein AHNAK","Q09666_K2773_M2_17","GlyGly (K)",-5.28669506150117,0.633972537254186,0.422240333258903,6,"Not significant"
"P3C4 / LPS","MYO1E","Q12965","Q12965","MYO1E_HUMAN","Unconventional myosin-Ie","Q12965_K883_M2_17","GlyGly (K)",0.353922632295082,0.633972537254186,0.432481419511578,6,"Not significant"
"P3C4 / LPS","MYO1E","Q12965","Q12965","MYO1E_HUMAN","Unconventional myosin-Ie","Q12965_K882_M2_17","GlyGly (K)",0.353922632295082,0.633972537254186,0.432481419511578,6,"Not significant"
"P3C4 / LPS","MYO1E","Q12965","Q12965","MYO1E_HUMAN","Unconventional myosin-Ie","Q12965_K679_M1_17","GlyGly (K)",-2.36526232266868,0.633972537254186,0.30497426770176,6,"Not significant"
"P3C4 / LPS","CBX3","Q13185","Q13185","CBX3_HUMAN","Chromobox protein homolog 3","Q13185_K34_M1_17","GlyGly (K)",-5.7794481675156,0.633972537254186,0.424106450213242,6,"Not significant"
"P3C4 / LPS","SF3B2","Q13435","Q13435","SF3B2_HUMAN","Splicing factor 3B subunit 2","Q13435_K770_M1_17","GlyGly (K)",4.74564625277722,0.633972537254186,0.425188661868455,6,"Not significant"
"P3C4 / LPS","CAMK2D","Q13557","Q13557","KCC2D_HUMAN","Calcium/calmodulin-dependent protein kinase type II subunit delta","Q13557_K22_M1_17","GlyGly (K)",-1.54780428511637,0.633972537254186,0.435106492297677,6,"Not significant"
"P3C4 / LPS","ALCAM","Q13740","Q13740","CD166_HUMAN","CD166 antigen","Q13740_K60_M1_17","GlyGly (K)",0.772523296551997,0.633972537254186,0.343598064066723,6,"Not significant"
"P3C4 / LPS","LASP1","Q14847","Q14847","LASP1_HUMAN","LIM and SH3 domain protein 1","Q14847_K50_M2_17","GlyGly (K)",-0.150517440343048,0.633972537254186,0.420496535922616,4,"Not significant"
"P3C4 / LPS","RAB3GAP1","Q15042","Q15042","RB3GP_HUMAN","Rab3 GTPase-activating protein catalytic subunit","Q15042_K744_M1_17","GlyGly (K)",3.20457168418249,0.633972537254186,0.376375621398994,5,"Not significant"
"P3C4 / LPS","NONO","Q15233","Q15233","NONO_HUMAN","Non-POU domain-containing octamer-binding protein","Q15233_K467_M1_17","GlyGly (K)",5.61323296715234,0.633972537254186,0.421445817637536,6,"Not significant"
"P3C4 / LPS","RAB35","Q15286","Q15286","RAB35_HUMAN","Ras-related protein Rab-35","Q15286_K10_M1_17","GlyGly (K)",-6.96494923170459,0.633972537254186,0.417458301687716,6,"Not significant"
"P3C4 / LPS","IMMT","Q16891","Q16891","MIC60_HUMAN","MICOS complex subunit MIC60","Q16891_K110_M1_17","GlyGly (K)",-6.30073841239521,0.633972537254186,0.422464643220334,6,"Not significant"
"P3C4 / LPS","LRRFIP1","Q32MZ4","Q32MZ4","LRRF1_HUMAN","Leucine-rich repeat flightless-interacting protein 1","Q32MZ4_K580_M2_17","GlyGly (K)",0.214627738840335,0.633972537254186,0.328588535918887,6,"Not significant"
"P3C4 / LPS","LRRFIP1","Q32MZ4","Q32MZ4","LRRF1_HUMAN","Leucine-rich repeat flightless-interacting protein 1","Q32MZ4_K579_M2_17","GlyGly (K)",0.214627738840335,0.633972537254186,0.328588535918887,6,"Not significant"
"P3C4 / LPS","VMA21","Q3ZAQ7","Q3ZAQ7","VMA21_HUMAN","Vacuolar ATPase assembly integral membrane protein VMA21","Q3ZAQ7_K6_M1_17","GlyGly (K)",-3.83241613220171,0.633972537254186,0.424512605706737,6,"Not significant"
"P3C4 / LPS","BTN2A1","Q7KYR7","Q7KYR7","BT2A1_HUMAN","Butyrophilin subfamily 2 member A1","Q7KYR7_K311_M1_17","GlyGly (K)",-1.55257328753548,0.633972537254186,0.354560799984236,6,"Not significant"
"P3C4 / LPS","CNTRL","Q7Z7A1","Q7Z7A1","CNTRL_HUMAN","Centriolin","Q7Z7A1_K546_M1_17","GlyGly (K)",-4.32328350377511,0.633972537254186,0.412973077016628,6,"Not significant"
"P3C4 / LPS","SUMF1","Q8NBK3","Q8NBK3","SUMF1_HUMAN","Formylglycine-generating enzyme","Q8NBK3_K90_M1_17","GlyGly (K)",1.40819999031609,0.633972537254186,0.3818222506803,6,"Not significant"
"P3C4 / LPS","DOCK8","Q8NF50","Q8NF50","DOCK8_HUMAN","Dedicator of cytokinesis protein 8","Q8NF50_K224_M1_17","GlyGly (K)",0.116648689400716,0.633972537254186,0.435048038662275,6,"Not significant"
"P3C4 / LPS","HM13","Q8TCT9","Q8TCT9","HM13_HUMAN","Minor histocompatibility antigen H13","Q8TCT9_K61_M1_17","GlyGly (K)",-1.36813884018653,0.633972537254186,0.400133334003935,6,"Not significant"
"P3C4 / LPS","MYO18A","Q92614","Q92614","MY18A_HUMAN","Unconventional myosin-XVIIIa","Q92614_K1662_M1_17","GlyGly (K)",1.74532670850465,0.633972537254186,0.309802905190964,6,"Not significant"
"P3C4 / LPS","DDX50","Q9BQ39","Q9BQ39","DDX50_HUMAN","ATP-dependent RNA helicase DDX50","Q9BQ39_K213_M1_17","GlyGly (K)",-4.21983929434998,0.633972537254186,0.429432825613178,6,"Not significant"
"P3C4 / LPS","CADM1","Q9BY67","Q9BY67","CADM1_HUMAN","Cell adhesion molecule 1","Q9BY67_K108_M1_17","GlyGly (K)",0.932948605873728,0.633972537254186,0.409570098850213,6,"Not significant"
"P3C4 / LPS","HELZ2","Q9BYK8","Q9BYK8","HELZ2_HUMAN","Helicase with zinc finger domain 2","Q9BYK8_K2077_M1_17","GlyGly (K)",4.81166685042259,0.633972537254186,0.417702784318949,6,"Not significant"
"P3C4 / LPS","WDR33","Q9C0J8","Q9C0J8","WDR33_HUMAN","pre-mRNA 3' end processing protein WDR33","Q9C0J8_K536_M1_17","GlyGly (K)",-2.42023230060017,0.633972537254186,0.349072330734956,6,"Not significant"
"P3C4 / LPS","RAB1B","Q9H0U4","Q9H0U4","RAB1B_HUMAN","Ras-related protein Rab-1B","Q9H0U4_K137_M1_17","GlyGly (K)",0.362974610550761,0.633972537254186,0.349388510560321,6,"Not significant"
"P3C4 / LPS","TMEM245","Q9H330","Q9H330","TM245_HUMAN","Transmembrane protein 245","Q9H330_K436_M2_17","GlyGly (K)",0.48843107802424,0.633972537254186,0.373645011699187,6,"Not significant"
"P3C4 / LPS","CHMP4B","Q9H444","Q9H444","CHM4B_HUMAN","Charged multivesicular body protein 4b","Q9H444_K77_M1_17","GlyGly (K)",-1.25390914859759,0.633972537254186,0.384106127649454,6,"Not significant"
"P3C4 / LPS","TM9SF3","Q9HD45","Q9HD45","TM9S3_HUMAN","Transmembrane 9 superfamily member 3","Q9HD45_K114_M1_17","GlyGly (K)",1.24163142051915,0.633972537254186,0.411682544393081,6,"Not significant"
"P3C4 / LPS","DYNLRB1","Q9NP97","Q9NP97","DLRB1_HUMAN","Dynein light chain roadblock-type 1","Q9NP97_K75_M1_17","GlyGly (K)",0.771296137807982,0.633972537254186,0.39895040993679,5,"Not significant"
"P3C4 / LPS","ARL8B","Q9NVJ2","Q9NVJ2","ARL8B_HUMAN","ADP-ribosylation factor-like protein 8B","Q9NVJ2_K117_M1_17","GlyGly (K)",1.39566532834821,0.633972537254186,0.337511466917943,6,"Not significant"
"P3C4 / LPS","CTTNBP2NL","Q9P2B4","Q9P2B4","CT2NL_HUMAN","CTTNBP2 N-terminal-like protein","Q9P2B4_K8_M1_17","GlyGly (K)",-4.9879850209704,0.633972537254186,0.425244071586243,6,"Not significant"
"P3C4 / LPS","DNAJB11","Q9UBS4","Q9UBS4","DJB11_HUMAN","DnaJ homolog subfamily B member 11","Q9UBS4_K328_M1_17","GlyGly (K)",-2.95424784141481,0.633972537254186,0.388956773718306,6,"Not significant"
"P3C4 / LPS","LSM7","Q9UK45","Q9UK45","LSM7_HUMAN","U6 snRNA-associated Sm-like protein LSm7","Q9UK45_K8_M2_17","GlyGly (K)",-7.8588058980305,0.633972537254186,0.421911840010779,6,"Not significant"
"P3C4 / LPS","RUVBL2","Q9Y230","Q9Y230","RUVB2_HUMAN","RuvB-like 2","Q9Y230_K115_M1_17","GlyGly (K)",1.77546560822074,0.633972537254186,0.338959570365652,6,"Not significant"
"P3C4 / LPS","SAMHD1","Q9Y3Z3","Q9Y3Z3","SAMH1_HUMAN","Deoxynucleoside triphosphate triphosphohydrolase SAMHD1","Q9Y3Z3_K354_M1_17","GlyGly (K)",0.294905168306258,0.633972537254186,0.379258652421041,6,"Not significant"
"P3C4 / LPS","LRRFIP2","Q9Y608","Q9Y608","LRRF2_HUMAN","Leucine-rich repeat flightless-interacting protein 2","Q9Y608_K577_M1_17","GlyGly (K)",4.38302246519727,0.633972537254186,0.420166846700649,6,"Not significant"
"P3C4 / LPS","COPG1","Q9Y678","Q9Y678","COPG1_HUMAN","Coatomer subunit gamma-1","Q9Y678_K497_M1_17","GlyGly (K)",-3.76243888481187,0.633972537254186,0.335616302356098,6,"Not significant"
"P3C4 / LPS","CLIC4","Q9Y696","Q9Y696","CLIC4_HUMAN","Chloride intracellular channel protein 4","Q9Y696_K238_M1_17","GlyGly (K)",0.338657165262722,0.633972537254186,0.368577947193199,6,"Not significant"
"P3C4 / LPS","IFIT3","O14879","O14879","IFIT3_HUMAN","Interferon-induced protein with tetratricopeptide repeats 3","O14879_K254_M2_17","GlyGly (K)",-3.63224521273171,0.633972537254186,0.416153743865379,6,"Not significant"
"P3C4 / LPS","HYPK","Q9NX55","Q9NX55","HYPK_HUMAN","Huntingtin-interacting protein K","Q9NX55_K83_M2_17","GlyGly (K)",5.98920601755928,0.633972537254186,0.42441171171259,6,"Not significant"
"P3C4 / LPS","PGRMC2","O15173","O15173","PGRC2_HUMAN","Membrane-associated progesterone receptor component 2","O15173_K132_M2_17","GlyGly (K)",-0.333211429010169,0.633972537254186,0.391620267677076,5,"Not significant"
"P3C4 / LPS","ATP5F1A","P25705","P25705","ATPA_HUMAN","ATP synthase subunit alpha, mitochondrial","P25705_K161_M1_17","GlyGly (K)",-3.50869650244737,0.633999857280485,0.435763466801213,6,"Not significant"
"P3C4 / LPS","LRRFIP2","Q9Y608","Q9Y608","LRRF2_HUMAN","Leucine-rich repeat flightless-interacting protein 2","Q9Y608_K14_M1_17","GlyGly (K)",2.12869574917781,0.634128189222172,0.437441065797225,6,"Not significant"
"P3C4 / LPS","RAP2B","P61225","P61225","RAP2B_HUMAN","Ras-related protein Rap-2b","P61225_K5_M1_17","GlyGly (K)",0.351677645177593,0.634595471537882,0.441230968565391,6,"Not significant"
"P3C4 / LPS","RIDA","P52758","P52758","RIDA_HUMAN","2-iminobutanoate/2-iminopropanoate deaminase","P52758_K67_M2_17","GlyGly (K)",-0.558709163255781,0.63467597760333,0.441614946300999,5,"Not significant"
"P3C4 / LPS","PRKDC","P78527","P78527","PRKDC_HUMAN","DNA-dependent protein kinase catalytic subunit","P78527_K4070_M1_17","GlyGly (K)",0.252365832787911,0.634823014092415,0.442437918777429,6,"Not significant"
"P3C4 / LPS","SRSF7","Q16629","Q16629","SRSF7_HUMAN","Serine/arginine-rich splicing factor 7","Q16629_K24_M1_17","GlyGly (K)",-4.23046330126465,0.634855743898365,0.442662658951543,6,"Not significant"
"P3C4 / LPS","MLLT1","Q03111","Q03111","ENL_HUMAN","Protein ENL","Q03111_K269_M1_17","GlyGly (K)",-0.297235114513493,0.634985041749315,0.44355681748225,4,"Not significant"
"P3C4 / LPS","PDIA3","P30101","P30101","PDIA3_HUMAN","Protein disulfide-isomerase A3","P30101_K252_M1_17","GlyGly (K)",0.979848544296616,0.634993839234258,0.443824117693809,6,"Not significant"
"P3C4 / LPS","HNRNPAB","Q99729","Q99729","ROAA_HUMAN","Heterogeneous nuclear ribonucleoprotein A/B","Q99729_K169_M1_17","GlyGly (K)",-0.291689040880306,0.635060734859857,0.444115132576351,6,"Not significant"
"P3C4 / LPS","HSPA6","P17066","P17066","HSP76_HUMAN","Heat shock 70 kDa protein 6","P17066_K58_M1_17","GlyGly (K)",-1.19692703045614,0.635298700158919,0.445275546931727,6,"Not significant"
"P3C4 / LPS","FCHO2","Q0JRZ9","Q0JRZ9","FCHO2_HUMAN","F-BAR domain only protein 2","Q0JRZ9_K103_M2_17","GlyGly (K)",-1.23420433690281,0.635660601901528,0.446838078918761,6,"Not significant"
"P3C4 / LPS","FCHO2","Q0JRZ9","Q0JRZ9","FCHO2_HUMAN","F-BAR domain only protein 2","Q0JRZ9_K99_M2_17","GlyGly (K)",-1.23420433690281,0.635660601901528,0.446838078918761,6,"Not significant"
"P3C4 / LPS","LRPPRC","P42704","P42704","LPPRC_HUMAN","Leucine-rich PPR motif-containing protein, mitochondrial","P42704_K155_M1_17","GlyGly (K)",2.41476555025525,0.635789523715484,0.447213142790901,6,"Not significant"
"P3C4 / LPS","HSP90AB1","P08238","P08238","HS90B_HUMAN","Heat shock protein HSP 90-beta","P08238_K607_M1_17","GlyGly (K)",1.18335352066617,0.636133534038116,0.448559611969145,6,"Not significant"
"P3C4 / LPS","CAMK1","Q14012","Q14012","KCC1A_HUMAN","Calcium/calmodulin-dependent protein kinase type 1","Q14012_K304_M1_17","GlyGly (K)",0.547259336270675,0.637035987787747,0.452338950148263,6,"Not significant"
"P3C4 / LPS","CAP2","P40123","P40123","CAP2_HUMAN","Adenylyl cyclase-associated protein 2","P40123_K320_M2_17","GlyGly (K)",-9.97372579960675,0.637214832463674,0.452856730359887,4,"Not significant"
"P3C4 / LPS","HLA-F","P30511","P30511","HLAF_HUMAN","HLA class I histocompatibility antigen, alpha chain F","P30511_K142_M1_17","GlyGly (K)",-2.29736055103872,0.637386309861036,0.453849462837721,6,"Not significant"
"P3C4 / LPS","PAICS","P22234","P22234","PUR6_HUMAN","Bifunctional phosphoribosylaminoimidazole carboxylase/phosphoribosylaminoimidazole succinocarboxamide synthetase","P22234_K30_M2_17","GlyGly (K)",0.239272941498389,0.637415688468282,0.453930315198627,4,"Not significant"
"P3C4 / LPS","SH3GL1","Q99961","Q99961","SH3G1_HUMAN","Endophilin-A2","Q99961_K239_M1_17","GlyGly (K)",-0.148075084644632,0.637492321468146,0.454228887090509,6,"Not significant"
"P3C4 / LPS","TMSB4X","P62328","P62328","TYB4_HUMAN","Thymosin beta-4","P62328_K15_M2_17","GlyGly (K)",0.422439535255323,0.63755462272182,0.454477207277564,6,"Not significant"
"P3C4 / LPS","ACAT2","Q9BWD1","Q9BWD1","THIC_HUMAN","Acetyl-CoA acetyltransferase, cytosolic","Q9BWD1_K200_M1_17","GlyGly (K)",0.270421181602153,0.637610777474749,0.454653477794893,6,"Not significant"
"P3C4 / LPS","EIF3B","P55884","P55884","EIF3B_HUMAN","Eukaryotic translation initiation factor 3 subunit B","P55884_K552_M2_17","GlyGly (K)",-0.139494190640617,0.637616837587688,0.454707528221783,5,"Not significant"
"P3C4 / LPS","DNAJB11","Q9UBS4","Q9UBS4","DJB11_HUMAN","DnaJ homolog subfamily B member 11","Q9UBS4_K66_M1_17","GlyGly (K)",-0.852117666463018,0.637695053924309,0.455005070089009,6,"Not significant"
"P3C4 / LPS","ITGB1","P05556","P05556","ITB1_HUMAN","Integrin beta-1","P05556_K190_M1_17","GlyGly (K)",1.1654270461197,0.637941093458272,0.456160254774327,6,"Not significant"
"P3C4 / LPS","KIF5B","P33176","P33176","KINH_HUMAN","Kinesin-1 heavy chain","P33176_K402_M2_17","GlyGly (K)",0.725067278972481,0.63837918508945,0.457766712354259,4,"Not significant"
"P3C4 / LPS","HSPA1L","P34931","P34931","HS71L_HUMAN","Heat shock 70 kDa protein 1-like","P34931_K332_M1_17","GlyGly (K)",-0.702001203639489,0.639220831440494,0.460767366733447,6,"Not significant"
"P3C4 / LPS","BRAF","P15056","P15056","BRAF_HUMAN","Serine/threonine-protein kinase B-raf","P15056_K680_M1_17","GlyGly (K)",0.265221930680532,0.639902477638616,0.463204867173896,6,"Not significant"
"P3C4 / LPS","SRRT","Q9BXP5","Q9BXP5","SRRT_HUMAN","Serrate RNA effector molecule homolog","Q9BXP5_K391_M1_17","GlyGly (K)",-0.341908413976407,0.640254710773677,0.464777207019558,6,"Not significant"
"P3C4 / LPS","PITRM1","Q5JRX3","Q5JRX3","PREP_HUMAN","Presequence protease, mitochondrial","Q5JRX3_K820_M1_17","GlyGly (K)",1.31517453609303,0.640339977763859,0.465100596804123,6,"Not significant"
"P3C4 / LPS","LMNA","P02545","P02545","LMNA_HUMAN","Prelamin-A/C","P02545_K171_M1_17","GlyGly (K)",-0.450198958634532,0.641031729102657,0.467430097510247,6,"Not significant"
"P3C4 / LPS","ACTB","Cont_P60712;P60709","Cont_P60712;P60709","ACTB_BOVIN;ACTB_HUMAN","Actin, cytoplasmic 1;Actin, cytoplasmic 1","Cont_P60712_K315_M1_17","GlyGly (K)",1.11657456426465,0.641119364471469,0.467806470893014,6,"Not significant"
"P3C4 / LPS","ACTB","Cont_P60712;P60709","Cont_P60712;P60709","ACTB_BOVIN;ACTB_HUMAN","Actin, cytoplasmic 1;Actin, cytoplasmic 1","P60709_K315_M1_17","GlyGly (K)",1.11657456426465,0.641119364471469,0.467806470893014,6,"Not significant"
"P3C4 / LPS","PEPD","P12955","P12955","PEPD_HUMAN","Xaa-Pro dipeptidase","P12955_K17_M1_17","GlyGly (K)",-1.07994489913266,0.641258627590953,0.468151652917369,6,"Not significant"
"P3C4 / LPS","AHNAK","Q09666","Q09666","AHNK_HUMAN","Neuroblast differentiation-associated protein AHNAK","Q09666_K3157_M2_17","GlyGly (K)",-0.214061680540391,0.641571399559909,0.469222520949248,5,"Not significant"
"P3C4 / LPS","AHNAK","Q09666","Q09666","AHNK_HUMAN","Neuroblast differentiation-associated protein AHNAK","Q09666_K3939_M2_17","GlyGly (K)",-0.214061680540391,0.641571399559909,0.469222520949248,5,"Not significant"
"P3C4 / LPS","GLIPR1","P48060","P48060","GLIP1_HUMAN","Glioma pathogenesis-related protein 1","P48060_K200_M1_17","GlyGly (K)",-0.274487401123446,0.641727239978444,0.469628298794749,6,"Not significant"
"P3C4 / LPS","CALR","P27797","P27797","CALR_HUMAN","Calreticulin","P27797_K164_M1_17","GlyGly (K)",0.419711868550081,0.642136191038341,0.471156504237003,6,"Not significant"
"P3C4 / LPS","MMP9","P14780","P14780","MMP9_HUMAN","Matrix metalloproteinase-9","P14780_K65_M1_17","GlyGly (K)",0.173238210633824,0.642344293335815,0.47186876131769,6,"Not significant"
"P3C4 / LPS","HSPA9","P38646","P38646","GRP75_HUMAN","Stress-70 protein, mitochondrial","P38646_K498_M1_17","GlyGly (K)",0.248862675580433,0.642413844698103,0.472115972845489,6,"Not significant"
"P3C4 / LPS","HMGA1","P17096","P17096","HMGA1_HUMAN","High mobility group protein HMG-I/HMG-Y","P17096_K18_M2_17","GlyGly (K)",0.531477126135606,0.643558088556155,0.475731197479834,5,"Not significant"
"P3C4 / LPS","PDCD6","O75340","O75340","PDCD6_HUMAN","Programmed cell death protein 6","O75340_K90_M2_17","GlyGly (K)",1.15710210572261,0.644696789200346,0.480449235786885,5,"Not significant"
"P3C4 / LPS","HSPA1A;HSPA1B","P0DMV8;P0DMV9","P0DMV8;P0DMV9","HS71A_HUMAN;HS71B_HUMAN","Heat shock 70 kDa protein 1A;Heat shock 70 kDa protein 1B","P0DMV8_K128_M1_17","GlyGly (K)",1.08798739733125,0.644696789200346,0.483238934985217,6,"Not significant"
"P3C4 / LPS","HSPA1A;HSPA1B","P0DMV8;P0DMV9","P0DMV8;P0DMV9","HS71A_HUMAN;HS71B_HUMAN","Heat shock 70 kDa protein 1A;Heat shock 70 kDa protein 1B","P0DMV9_K128_M1_17","GlyGly (K)",1.08798739733125,0.644696789200346,0.483238934985217,6,"Not significant"
"P3C4 / LPS","HSPA5","P11021","P11021","BIP_HUMAN","Endoplasmic reticulum chaperone BiP","P11021_K81_M1_17","GlyGly (K)",0.300059864274268,0.644696789200346,0.487201703263245,6,"Not significant"
"P3C4 / LPS","ATP2A2","P16615","P16615","AT2A2_HUMAN","Sarcoplasmic/endoplasmic reticulum calcium ATPase 2","P16615_K7_M1_17","GlyGly (K)",4.59134611125986,0.644696789200346,0.501641266619636,5,"Not significant"
"P3C4 / LPS","NCL","P19338","P19338","NUCL_HUMAN","Nucleolin","P19338_K297_M2_17","GlyGly (K)",-1.22826409342411,0.644696789200346,0.488759106730131,6,"Not significant"
"P3C4 / LPS","NCL","P19338","P19338","NUCL_HUMAN","Nucleolin","P19338_K295_M2_17","GlyGly (K)",-1.22826409342411,0.644696789200346,0.488759106730131,6,"Not significant"
"P3C4 / LPS","HSPA9","P38646","P38646","GRP75_HUMAN","Stress-70 protein, mitochondrial","P38646_K206_M1_17","GlyGly (K)",-1.06509604667308,0.644696789200346,0.496144998860351,6,"Not significant"
"P3C4 / LPS","GSS","P48637","P48637","GSHB_HUMAN","Glutathione synthetase","P48637_K293_M1_17","GlyGly (K)",0.294955693925714,0.644696789200346,0.483300978273311,6,"Not significant"
"P3C4 / LPS","HSPE1","P61604","P61604","CH10_HUMAN","10 kDa heat shock protein, mitochondrial","P61604_K80_M1_17","GlyGly (K)",1.10538919935503,0.644696789200346,0.485006428797443,6,"Not significant"
"P3C4 / LPS","RAB11B","Q15907","Q15907","RB11B_HUMAN","Ras-related protein Rab-11B","Q15907_K41_M1_17","GlyGly (K)",0.504234777240918,0.644696789200346,0.501798234189147,6,"Not significant"
"P3C4 / LPS","PPP1R10","Q96QC0","Q96QC0","PP1RA_HUMAN","Serine/threonine-protein phosphatase 1 regulatory subunit 10","Q96QC0_K458_M1_17","GlyGly (K)",0.223210697759451,0.644696789200346,0.487664194183393,6,"Not significant"
"P3C4 / LPS","HNRNPU","Q00839","Q00839","HNRPU_HUMAN","Heterogeneous nuclear ribonucleoprotein U","Q00839_K495_M2_17","GlyGly (K)",6.29355676382549,0.644696789200346,0.498427604188816,4,"Not significant"
"P3C4 / LPS","ARL8B","Q9NVJ2","Q9NVJ2","ARL8B_HUMAN","ADP-ribosylation factor-like protein 8B","Q9NVJ2_K165_M2_17","GlyGly (K)",-7.36736788488651,0.644696789200346,0.500384597710149,5,"Not significant"
"P3C4 / LPS","GSN","P06396","P06396","GELS_HUMAN","Gelsolin","P06396_K373_M2_17","GlyGly (K)",-5.67781846397532,0.644764271610972,0.503930279207288,4,"Not significant"
"P3C4 / LPS","FLOT2","Q14254","Q14254","FLOT2_HUMAN","Flotillin-2","Q14254_K356_M2_17","GlyGly (K)",4.38913720117863,0.644801365308544,0.504566253064315,5,"Not significant"
"P3C4 / LPS","ACTR2","P61160","P61160","ARP2_HUMAN","Actin-related protein 2","P61160_K46_M2_17","GlyGly (K)",-0.537979901147284,0.645099140507336,0.50689449399262,4,"Not significant"
"P3C4 / LPS","RPL14","P50914","P50914","RL14_HUMAN","Large ribosomal subunit protein eL14","P50914_K23_M1_17","GlyGly (K)",1.01297696329623,0.645194198991813,0.507476496450715,6,"Not significant"
"P3C4 / LPS","XRCC5","P13010","P13010","XRCC5_HUMAN","X-ray repair cross-complementing protein 5","P13010_K291_M1_17","GlyGly (K)",1.79369638991773,0.646279354752174,0.511372919754535,6,"Not significant"
"P3C4 / LPS","MSN","P26038","P26038","MOES_HUMAN","Moesin","P26038_K438_M2_17","GlyGly (K)",-1.01584655617093,0.646515191053785,0.512423806711064,6,"Not significant"
"P3C4 / LPS","MSN","P26038","P26038","MOES_HUMAN","Moesin","P26038_K437_M2_17","GlyGly (K)",-1.01584655617093,0.646515191053785,0.512423806711064,6,"Not significant"
"P3C4 / LPS","HP1BP3","Q5SSJ5","Q5SSJ5","HP1B3_HUMAN","Heterochromatin protein 1-binding protein 3","Q5SSJ5_K334_M1_17","GlyGly (K)",0.793540267313423,0.648463713985081,0.51945149928016,6,"Not significant"
"P3C4 / LPS","SUMO2","P61956","P61956","SUMO2_HUMAN","Small ubiquitin-related modifier 2","P61956_K21_M2_17","GlyGly (K)",-0.420376549953361,0.648952999299444,0.521282148811996,5,"Not significant"
"P3C4 / LPS","UGGT1","Q9NYU2","Q9NYU2","UGGG1_HUMAN","UDP-glucose:glycoprotein glucosyltransferase 1","Q9NYU2_K930_M1_17","GlyGly (K)",-0.45596108921319,0.649165336255717,0.521966627730085,6,"Not significant"
"P3C4 / LPS","HSPA8","P11142","P11142","HSP7C_HUMAN","Heat shock cognate 71 kDa protein","P11142_K583_M1_17","GlyGly (K)",-0.536884711307078,0.649222712663422,0.522122106261016,6,"Not significant"
"P3C4 / LPS","GPI","Cont_Q3ZBD7","Cont_Q3ZBD7","G6PI_BOVIN","Glucose-6-phosphate isomerase","Cont_Q3ZBD7_K550_M1_17","GlyGly (K)",0.226578525368338,0.649612688131619,0.523290854521761,6,"Not significant"
"P3C4 / LPS","POTEF","A5A3E0","A5A3E0","POTEF_HUMAN","POTE ankyrin domain family member F","A5A3E0_K813_M1_17","GlyGly (K)",0.231390188046804,0.650011254509073,0.524799838671755,6,"Not significant"
"P3C4 / LPS","HP1BP3","Q5SSJ5","Q5SSJ5","HP1B3_HUMAN","Heterochromatin protein 1-binding protein 3","Q5SSJ5_K33_M1_17","GlyGly (K)",-1.4078427536518,0.650270034574537,0.525467271257953,6,"Not significant"
"P3C4 / LPS","PFN1","P07737","P07737","PROF1_HUMAN","Profilin-1","P07737_K116_M1_17","GlyGly (K)",0.177815194420228,0.652024755008977,0.530439868347552,6,"Not significant"
"P3C4 / LPS","HYOU1","Q9Y4L1","Q9Y4L1","HYOU1_HUMAN","Hypoxia up-regulated protein 1","Q9Y4L1_K170_M1_17","GlyGly (K)",0.691363187616655,0.652098497503976,0.530580354725928,6,"Not significant"
"P3C4 / LPS","MCEE","Q96PE7","Q96PE7","MCEE_HUMAN","Methylmalonyl-CoA epimerase, mitochondrial","Q96PE7_K156_M1_17","GlyGly (K)",0.91099720518016,0.652304615247394,0.531182634260497,6,"Not significant"
"P3C4 / LPS","ATG16L1","Q676U5","Q676U5","A16L1_HUMAN","Autophagy-related protein 16-1","Q676U5_K266_M1_17","GlyGly (K)",-1.95224572448225,0.653567067306149,0.535017419575014,6,"Not significant"
"P3C4 / LPS","HYOU1","Q9Y4L1","Q9Y4L1","HYOU1_HUMAN","Hypoxia up-regulated protein 1","Q9Y4L1_K774_M1_17","GlyGly (K)",-0.403946670427298,0.65390612415684,0.535844853208401,6,"Not significant"
"P3C4 / LPS","TUBB3","Q13509","Q13509","TBB3_HUMAN","Tubulin beta-3 chain","Q13509_K103_M1_17","GlyGly (K)",-1.91291496987002,0.656169706930026,0.542780238772833,6,"Not significant"
"P3C4 / LPS","TPI1","P60174","P60174","TPIS_HUMAN","Triosephosphate isomerase","P60174_K85_M1_17","GlyGly (K)",-0.192692814698064,0.656301036358996,0.54330266518857,6,"Not significant"
"P3C4 / LPS","HSP90B1","P14625","P14625","ENPL_HUMAN","Endoplasmin","P14625_K708_M2_17","GlyGly (K)",-0.692531776246406,0.656667821976637,0.544306351058809,5,"Not significant"
"P3C4 / LPS","TOP1","P11387","P11387","TOP1_HUMAN","DNA topoisomerase 1","P11387_K252_M1_17","GlyGly (K)",0.453828090566099,0.65768373718772,0.547273564573001,5,"Not significant"
"P3C4 / LPS","RPS3","P23396","P23396","RS3_HUMAN","Small ribosomal subunit protein uS3","P23396_K214_M1_17","GlyGly (K)",0.655056155695008,0.657903079083738,0.547996999380277,6,"Not significant"
"P3C4 / LPS","ARPC4","P59998","P59998","ARPC4_HUMAN","Actin-related protein 2/3 complex subunit 4","P59998_K44_M1_17","GlyGly (K)",-0.950055626157737,0.658432701272621,0.54965390727019,6,"Not significant"
"P3C4 / LPS","AHNAK","Q09666","Q09666","AHNK_HUMAN","Neuroblast differentiation-associated protein AHNAK","Q09666_K4687_M2_17","GlyGly (K)",0.445903107591508,0.658445666709896,0.549716696576557,5,"Not significant"
"P3C4 / LPS","SYMPK","Q92797","Q92797","SYMPK_HUMAN","Symplekin","Q92797_K1109_M1_17","GlyGly (K)",-0.376715173862916,0.660580730998479,0.555959398886875,6,"Not significant"
"P3C4 / LPS","DNAJC13","O75165","O75165","DJC13_HUMAN","DnaJ homolog subfamily C member 13","O75165_K599_M1_17","GlyGly (K)",0.823201189510196,0.661366916507689,0.558358024405174,6,"Not significant"
"P3C4 / LPS","TCP1","P17987","P17987","TCPA_HUMAN","T-complex protein 1 subunit alpha","P17987_K43_M1_17","GlyGly (K)",0.189030000042982,0.661583181275389,0.55899088808809,6,"Not significant"
"P3C4 / LPS","HNRNPD","Q14103","Q14103","HNRPD_HUMAN","Heterogeneous nuclear ribonucleoprotein D0","Q14103_K218_M1_17","GlyGly (K)",-0.812597371886648,0.661849140871238,0.559853483411767,6,"Not significant"
"P3C4 / LPS","PKM","P14618","P14618","KPYM_HUMAN","Pyruvate kinase PKM","P14618_K125_M1_17","GlyGly (K)",0.42606400607523,0.662795354947636,0.562568749334923,6,"Not significant"
"P3C4 / LPS","GALK1","P51570","P51570","GALK1_HUMAN","Galactokinase","P51570_K252_M1_17","GlyGly (K)",-0.868002557267796,0.663088258097554,0.563559865559259,6,"Not significant"
"P3C4 / LPS","EIF2AK2","P19525","P19525","E2AK2_HUMAN","Interferon-induced, double-stranded RNA-activated protein kinase","P19525_K388_M2_17","GlyGly (K)",1.38955009490786,0.664120747403749,0.566828124923499,4,"Not significant"
"P3C4 / LPS","HSPD1","P10809","P10809","CH60_HUMAN","60 kDa heat shock protein, mitochondrial","P10809_K180_M1_17","GlyGly (K)",0.743766946780391,0.66472926383379,0.568805441967764,6,"Not significant"
"P3C4 / LPS","KRT2","Cont_P35908;P35908","Cont_P35908;P35908","K22E_HUMAN","Keratin, type II cytoskeletal 2 epidermal;Keratin, type II cytoskeletal 2 epidermal","Cont_P35908_K267_M1_17","GlyGly (K)",-1.20747654947074,0.665566893402613,0.571141687648429,6,"Not significant"
"P3C4 / LPS","KRT2","Cont_P35908;P35908","Cont_P35908;P35908","K22E_HUMAN","Keratin, type II cytoskeletal 2 epidermal;Keratin, type II cytoskeletal 2 epidermal","P35908_K267_M1_17","GlyGly (K)",-1.20747654947074,0.665566893402613,0.571141687648429,6,"Not significant"
"P3C4 / LPS","AK2","P54819","P54819","KAD2_HUMAN","Adenylate kinase 2, mitochondrial","P54819_K65_M2_17","GlyGly (K)",0.616677766891303,0.668142053244211,0.578940782407807,5,"Not significant"
"P3C4 / LPS","ACTB","Cont_P60712;P60709","Cont_P60712;P60709","ACTB_BOVIN;ACTB_HUMAN","Actin, cytoplasmic 1;Actin, cytoplasmic 1","Cont_P60712_K18_M1_17","GlyGly (K)",0.0585707196852292,0.669881064698348,0.584466916765375,6,"Not significant"
"P3C4 / LPS","ACTB","Cont_P60712;P60709","Cont_P60712;P60709","ACTB_BOVIN;ACTB_HUMAN","Actin, cytoplasmic 1;Actin, cytoplasmic 1","P60709_K18_M1_17","GlyGly (K)",0.0585707196852292,0.669881064698348,0.584466916765375,6,"Not significant"
"P3C4 / LPS","RNH1","P13489","P13489","RINI_HUMAN","Ribonuclease inhibitor","P13489_K283_M2_17","GlyGly (K)",-0.228671231674401,0.671369297636527,0.589027836114858,6,"Not significant"
"P3C4 / LPS","HINT1","P49773","P49773","HINT1_HUMAN","Adenosine 5'-monophosphoramidase HINT1","P49773_K30_M1_17","GlyGly (K)",-1.49079742643008,0.671378446653736,0.589093994140182,6,"Not significant"
"P3C4 / LPS","KRT1","Cont_P04264;P04264","Cont_P04264;P04264","K2C1_HUMAN","Keratin, type II cytoskeletal 1;Keratin, type II cytoskeletal 1","Cont_P04264_K395_M1_17","GlyGly (K)",-1.46337190947049,0.672779089729316,0.59343922433171,6,"Not significant"
"P3C4 / LPS","KRT1","Cont_P04264;P04264","Cont_P04264;P04264","K2C1_HUMAN","Keratin, type II cytoskeletal 1;Keratin, type II cytoskeletal 1","P04264_K395_M1_17","GlyGly (K)",-1.46337190947049,0.672779089729316,0.59343922433171,6,"Not significant"
"P3C4 / LPS","CSTB","P04080","P04080","CYTB_HUMAN","Cystatin-B","P04080_K39_M1_17","GlyGly (K)",0.169739075678541,0.672866829807664,0.593738216967058,4,"Not significant"
"P3C4 / LPS","MRRF","Q96E11","Q96E11","RRFM_HUMAN","Ribosome-recycling factor, mitochondrial","Q96E11_K160_M1_17","GlyGly (K)",-0.816269540258111,0.67319666336095,0.594662676079817,6,"Not significant"
"P3C4 / LPS","HNRNPAB","Q99729","Q99729","ROAA_HUMAN","Heterogeneous nuclear ribonucleoprotein A/B","Q99729_K190_M1_17","GlyGly (K)",-0.655355518646004,0.673387444276035,0.595305096628766,6,"Not significant"
"P3C4 / LPS","RPS6","P62753","P62753","RS6_HUMAN","Small ribosomal subunit protein eS6","P62753_K119_M1_17","GlyGly (K)",0.1244356068904,0.673650362442125,0.596140658827706,6,"Not significant"
"P3C4 / LPS","ALB","Cont_P02769","Cont_P02769","ALBU_BOVIN","Albumin","Cont_P02769_K580_M1_17","GlyGly (K)",0.233071877336132,0.673795387802872,0.596635156801918,6,"Not significant"
"P3C4 / LPS","AHNAK","Q09666","Q09666","AHNK_HUMAN","Neuroblast differentiation-associated protein AHNAK","Q09666_K1652_M1_17","GlyGly (K)",-0.541684648214434,0.675157546187783,0.600595118747935,4,"Not significant"
"P3C4 / LPS","AHNAK","Q09666","Q09666","AHNK_HUMAN","Neuroblast differentiation-associated protein AHNAK","Q09666_K1854_M1_17","GlyGly (K)",-0.541684648214434,0.675157546187783,0.600595118747935,4,"Not significant"
"P3C4 / LPS","AHNAK","Q09666","Q09666","AHNK_HUMAN","Neuroblast differentiation-associated protein AHNAK","Q09666_K1921_M1_17","GlyGly (K)",-0.541684648214434,0.675157546187783,0.600595118747935,4,"Not significant"
"P3C4 / LPS","AHNAK","Q09666","Q09666","AHNK_HUMAN","Neuroblast differentiation-associated protein AHNAK","Q09666_K2116_M1_17","GlyGly (K)",-0.541684648214434,0.675157546187783,0.600595118747935,4,"Not significant"
"P3C4 / LPS","YBX1","P67809","P67809","YBOX1_HUMAN","Y-box-binding protein 1","P67809_K98_M1_17","GlyGly (K)",-0.806228345645676,0.675926997911513,0.602747226872089,6,"Not significant"
"P3C4 / LPS","RBM25","P49756","P49756","RBM25_HUMAN","RNA-binding protein 25","P49756_K261_M1_17","GlyGly (K)",-1.11476749074259,0.676848991070684,0.605293002577586,6,"Not significant"
"P3C4 / LPS","CANX","P27824","P27824","CALX_HUMAN","Calnexin","P27824_K384_M1_17","GlyGly (K)",0.6379598511441,0.680217512923839,0.615665948388796,6,"Not significant"
"P3C4 / LPS","TMSB4X","P62328","P62328","TYB4_HUMAN","Thymosin beta-4","P62328_K32_M1_17","GlyGly (K)",0.522787505519119,0.680796781383449,0.617340054585608,6,"Not significant"
"P3C4 / LPS","TMEM30A","Q9NV96","Q9NV96","CC50A_HUMAN","Cell cycle control protein 50A","Q9NV96_K155_M1_17","GlyGly (K)",-0.765159636061232,0.680990411951251,0.61810871222434,6,"Not significant"
"P3C4 / LPS","SHTN1","A0MZ66","A0MZ66","SHOT1_HUMAN","Shootin-1","A0MZ66_K169_M1_17","GlyGly (K)",0.155967092506599,0.681383611685039,0.619134516500643,6,"Not significant"
"P3C4 / LPS","HSPA1A;HSPA1B","P0DMV8;P0DMV9","P0DMV8;P0DMV9","HS71A_HUMAN;HS71B_HUMAN","Heat shock 70 kDa protein 1A;Heat shock 70 kDa protein 1B","P0DMV8_K25_M1_17","GlyGly (K)",-0.437506258827436,0.682049039324602,0.621099604871512,6,"Not significant"
"P3C4 / LPS","HSPA1A;HSPA1B","P0DMV8;P0DMV9","P0DMV8;P0DMV9","HS71A_HUMAN;HS71B_HUMAN","Heat shock 70 kDa protein 1A;Heat shock 70 kDa protein 1B","P0DMV9_K25_M1_17","GlyGly (K)",-0.437506258827436,0.682049039324602,0.621099604871512,6,"Not significant"
"P3C4 / LPS","AHNAK","Q09666","Q09666","AHNK_HUMAN","Neuroblast differentiation-associated protein AHNAK","Q09666_K3488_M2_17","GlyGly (K)",0.552273593631728,0.682181626681453,0.621545054484583,6,"Not significant"
"P3C4 / LPS","AHNAK","Q09666","Q09666","AHNK_HUMAN","Neuroblast differentiation-associated protein AHNAK","Q09666_K3481_M2_17","GlyGly (K)",0.552273593631728,0.682181626681453,0.621545054484583,6,"Not significant"
"P3C4 / LPS","HADHA","P40939","P40939","ECHA_HUMAN","Trifunctional enzyme subunit alpha, mitochondrial","P40939_K267_M1_17","GlyGly (K)",0.200455932683086,0.683627249224241,0.62593789436227,6,"Not significant"
"P3C4 / LPS","SUMF1","Q8NBK3","Q8NBK3","SUMF1_HUMAN","Formylglycine-generating enzyme","Q8NBK3_K109_M1_17","GlyGly (K)",0.6758719518866,0.683787453524024,0.62639954983386,6,"Not significant"
"P3C4 / LPS","EEF1A1","Cont_P68103;P68104","Cont_P68103;P68104","EF1A1_BOVIN;EF1A1_HUMAN","Elongation factor 1-alpha 1","Cont_P68103_K408_M1_17","GlyGly (K)",0.775354995521534,0.683890395023757,0.626664266316918,6,"Not significant"
"P3C4 / LPS","EEF1A1","Cont_P68103;P68104","Cont_P68103;P68104","EF1A1_BOVIN;EF1A1_HUMAN","Elongation factor 1-alpha 1","P68104_K408_M1_17","GlyGly (K)",0.775354995521534,0.683890395023757,0.626664266316918,6,"Not significant"
"P3C4 / LPS","NSMAF","Q92636","Q92636","FAN_HUMAN","Protein FAN","Q92636_K161_M1_17","GlyGly (K)",0.225271900032729,0.685688169618744,0.632148173889819,6,"Not significant"
"P3C4 / LPS","CAPG","P40121","P40121","CAPG_HUMAN","Macrophage-capping protein","P40121_K115_M1_17","GlyGly (K)",0.1499106192072,0.685799223856055,0.632461704227062,6,"Not significant"
"P3C4 / LPS","SMCHD1","A6NHR9","A6NHR9","SMHD1_HUMAN","Structural maintenance of chromosomes flexible hinge domain-containing protein 1","A6NHR9_K1798_M2_17","GlyGly (K)",1.39458847158992,0.686207479108976,0.633944835832644,4,"Not significant"
"P3C4 / LPS","NRGN","Q92686","Q92686","NEUG_HUMAN","Neurogranin","Q92686_K11_M1_17","GlyGly (K)",1.23842981474381,0.686540526411639,0.634987553813178,6,"Not significant"
"P3C4 / LPS","HNRNPA3","P51991","P51991","ROA3_HUMAN","Heterogeneous nuclear ribonucleoprotein A3","P51991_K151_M2_17","GlyGly (K)",-0.134485771147456,0.686839968715031,0.635970958440246,6,"Not significant"
"P3C4 / LPS","HNRNPA3","P51991","P51991","ROA3_HUMAN","Heterogeneous nuclear ribonucleoprotein A3","P51991_K148_M2_17","GlyGly (K)",-0.134485771147456,0.686839968715031,0.635970958440246,6,"Not significant"
"P3C4 / LPS","HP1BP3","Q5SSJ5","Q5SSJ5","HP1B3_HUMAN","Heterochromatin protein 1-binding protein 3","Q5SSJ5_K258_M1_17","GlyGly (K)",0.732038455145509,0.68696530968855,0.636483068687112,6,"Not significant"
"P3C4 / LPS","INPP5D","Q92835","Q92835","SHIP1_HUMAN","Phosphatidylinositol 3,4,5-trisphosphate 5-phosphatase 1","Q92835_K568_M1_17","GlyGly (K)",-0.730634012125762,0.687117819731114,0.636911710154888,6,"Not significant"
"P3C4 / LPS","HSPA8","P11142","P11142","HSP7C_HUMAN","Heat shock cognate 71 kDa protein","P11142_K88_M1_17","GlyGly (K)",0.575804869622607,0.688091347432226,0.640198697038436,6,"Not significant"
"P3C4 / LPS","TXN","P10599","P10599","THIO_HUMAN","Thioredoxin","P10599_K96_M2_17","GlyGly (K)",-0.285552415167338,0.688174894850749,0.640376969794446,6,"Not significant"
"P3C4 / LPS","TXN","P10599","P10599","THIO_HUMAN","Thioredoxin","P10599_K94_M2_17","GlyGly (K)",-0.285552415167338,0.688174894850749,0.640376969794446,6,"Not significant"
"P3C4 / LPS","SUMO3","P55854","P55854","SUMO3_HUMAN","Small ubiquitin-related modifier 3","P55854_K20_M1_17","GlyGly (K)",1.203945460108,0.688768719572408,0.642456922771127,6,"Not significant"
"P3C4 / LPS","SOD2","P04179","P04179","SODM_HUMAN","Superoxide dismutase [Mn], mitochondrial","P04179_K68_M1_17","GlyGly (K)",0.562410772324784,0.689091989464029,0.643549451460746,6,"Not significant"
"P3C4 / LPS","RPLP1","P05386","P05386","RLA1_HUMAN","Large ribosomal subunit protein P1","P05386_K92_M1_17","GlyGly (K)",1.12095667094675,0.689355843026657,0.644387782424288,6,"Not significant"
"P3C4 / LPS","PHB1","P35232","P35232","PHB1_HUMAN","Prohibitin 1","P35232_K208_M1_17","GlyGly (K)",-0.568291635265787,0.689540125984957,0.644945862563342,6,"Not significant"
"P3C4 / LPS","RPS27A","P62979","P62979","RS27A_HUMAN","Ubiquitin-ribosomal protein eS31 fusion protein","P62979_K11_M1_17","GlyGly (K)",-0.210979770550172,0.690335148937539,0.647261771175967,6,"Not significant"
"P3C4 / LPS","TOP2B","Q02880","Q02880","TOP2B_HUMAN","DNA topoisomerase 2-beta","Q02880_K251_M2_17","GlyGly (K)",1.3276455203376,0.692504519979072,0.653858972930128,5,"Not significant"
"P3C4 / LPS","LSP1","P33241","P33241","LSP1_HUMAN","Lymphocyte-specific protein 1","P33241_K279_M2_17","GlyGly (K)",-0.0827998142176456,0.693136812451409,0.655580617302405,4,"Not significant"
"P3C4 / LPS","GPD2","P43304","P43304","GPDM_HUMAN","Glycerol-3-phosphate dehydrogenase, mitochondrial","P43304_K303_M1_17","GlyGly (K)",-0.637767588901347,0.694938410407224,0.660983079351609,6,"Not significant"
"P3C4 / LPS","TRIM56","Q9BRZ2","Q9BRZ2","TRI56_HUMAN","E3 ubiquitin-protein ligase TRIM56","Q9BRZ2_K98_M1_17","GlyGly (K)",-0.145993236673052,0.695019402293473,0.661308468257417,6,"Not significant"
"P3C4 / LPS","PGAM1","P18669","P18669","PGAM1_HUMAN","Phosphoglycerate mutase 1","P18669_K138_M1_17","GlyGly (K)",0.85049391961184,0.695418124128894,0.662799174180615,6,"Not significant"
"P3C4 / LPS","H2AC4;H2AC25","P04908;Q7L7L0","P04908;Q7L7L0","H2A1B_HUMAN;H2A3_HUMAN","Histone H2A type 1-B/E;Histone H2A type 3","P04908_K96_M1_17","GlyGly (K)",-0.705937446097931,0.695435197277859,0.662859858961474,6,"Not significant"
"P3C4 / LPS","H2AC4;H2AC25","P04908;Q7L7L0","P04908;Q7L7L0","H2A1B_HUMAN;H2A3_HUMAN","Histone H2A type 1-B/E;Histone H2A type 3","Q7L7L0_K96_M1_17","GlyGly (K)",-0.705937446097931,0.695435197277859,0.662859858961474,6,"Not significant"
"P3C4 / LPS","OSBPL8","Q9BZF1","Q9BZF1","OSBL8_HUMAN","Oxysterol-binding protein-related protein 8","Q9BZF1_K482_M1_17","GlyGly (K)",0.368301045604228,0.696344961929652,0.665959492106879,6,"Not significant"
"P3C4 / LPS","SUGT1","Q9Y2Z0","Q9Y2Z0","SGT1_HUMAN","Protein SGT1 homolog","Q9Y2Z0_K70_M2_17","GlyGly (K)",-0.183780906017184,0.698320439847201,0.672525607478273,6,"Not significant"
"P3C4 / LPS","SUGT1","Q9Y2Z0","Q9Y2Z0","SGT1_HUMAN","Protein SGT1 homolog","Q9Y2Z0_K69_M2_17","GlyGly (K)",-0.183780906017184,0.698320439847201,0.672525607478273,6,"Not significant"
"P3C4 / LPS","XIRP1","Q702N8","Q702N8","XIRP1_HUMAN","Xin actin-binding repeat-containing protein 1","Q702N8_K230_M2_17","GlyGly (K)",1.17675430708609,0.698777113772988,0.673815601893007,5,"Not significant"
"P3C4 / LPS","ACTN1","P12814","P12814","ACTN1_HUMAN","Alpha-actinin-1","P12814_K649_M1_17","GlyGly (K)",-0.663006686391589,0.698983801242858,0.674529237869065,6,"Not significant"
"P3C4 / LPS","HSPA1L","P34931","P34931","HS71L_HUMAN","Heat shock 70 kDa protein 1-like","P34931_K130_M1_17","GlyGly (K)",0.469451642119479,0.699005796330685,0.674640154114998,6,"Not significant"
"P3C4 / LPS","RNH1","P13489","P13489","RINI_HUMAN","Ribonuclease inhibitor","P13489_K86_M1_17","GlyGly (K)",0.177905965971097,0.699982921267902,0.677888577012308,6,"Not significant"
"P3C4 / LPS","NCL","P19338","P19338","NUCL_HUMAN","Nucleolin","P19338_K362_M1_17","GlyGly (K)",0.893492709971043,0.702291503117229,0.685430468926196,6,"Not significant"
"P3C4 / LPS","CNBP","P62633","P62633","CNBP_HUMAN","CCHC-type zinc finger nucleic acid binding protein","P62633_K103_M1_17","GlyGly (K)",-0.297254704878669,0.704238776600783,0.69147573585198,6,"Not significant"
"P3C4 / LPS","PDIA3","P30101","P30101","PDIA3_HUMAN","Protein disulfide-isomerase A3","P30101_K61_M1_17","GlyGly (K)",-0.428201341065515,0.7042696311828,0.691578998108429,6,"Not significant"
"P3C4 / LPS","NDRG1","Q92597","Q92597","NDRG1_HUMAN","Protein NDRG1","Q92597_K285_M1_17","GlyGly (K)",-0.624405545388745,0.704354839881725,0.69187870487728,6,"Not significant"
"P3C4 / LPS","NCL","P19338","P19338","NUCL_HUMAN","Nucleolin","P19338_K297_M1_17","GlyGly (K)",-0.167742419618686,0.705799316661377,0.696810233091193,6,"Not significant"
"P3C4 / LPS","VASP","P50552","P50552","VASP_HUMAN","Vasodilator-stimulated phosphoprotein","P50552_K240_M1_17","GlyGly (K)",0.914434103706006,0.706025000691773,0.697573371827992,6,"Not significant"
"P3C4 / LPS","PARK7","Q99497","Q99497","PARK7_HUMAN","Parkinson disease protein 7","Q99497_K12_M1_17","GlyGly (K)",0.165188736541336,0.706056599455312,0.697663440342547,6,"Not significant"
"P3C4 / LPS","COMT","P21964","P21964","COMT_HUMAN","Catechol O-methyltransferase","P21964_K95_M2_17","GlyGly (K)",0.130670783266551,0.707219635212312,0.700952452210452,6,"Not significant"
"P3C4 / LPS","COMT","P21964","P21964","COMT_HUMAN","Catechol O-methyltransferase","P21964_K86_M2_17","GlyGly (K)",0.130670783266551,0.707219635212312,0.700952452210452,6,"Not significant"
"P3C4 / LPS","ITGAM","P11215","P11215","ITAM_HUMAN","Integrin alpha-M","P11215_K912_M1_17","GlyGly (K)",-0.0837706541572954,0.707377862387409,0.701470340765843,6,"Not significant"
"P3C4 / LPS","DHRS9","Q9BPW9","Q9BPW9","DHRS9_HUMAN","Dehydrogenase/reductase SDR family member 9","Q9BPW9_K180_M1_17","GlyGly (K)",0.87163297987066,0.707667674863352,0.702570458746313,6,"Not significant"
"P3C4 / LPS","CFL1","P23528","P23528","COF1_HUMAN","Cofilin-1","P23528_K53_M1_17","GlyGly (K)",0.126094127972646,0.709393295976036,0.708289568925145,6,"Not significant"
"P3C4 / LPS","SUMO2","P61956","P61956","SUMO2_HUMAN","Small ubiquitin-related modifier 2","P61956_K11_M1_17","GlyGly (K)",0.211368135217448,0.710386062108072,0.711608315207921,6,"Not significant"
"P3C4 / LPS","HSPD1","P10809","P10809","CH60_HUMAN","60 kDa heat shock protein, mitochondrial","P10809_K389_M2_17","GlyGly (K)",0.201159545930481,0.710686153906969,0.71250319269306,6,"Not significant"
"P3C4 / LPS","HSPD1","P10809","P10809","CH60_HUMAN","60 kDa heat shock protein, mitochondrial","P10809_K387_M2_17","GlyGly (K)",0.201159545930481,0.710686153906969,0.71250319269306,6,"Not significant"
"P3C4 / LPS","MACROH2A1","O75367","O75367","H2AY_HUMAN","Core histone macro-H2A.1","O75367_K236_M2_17","GlyGly (K)",0.139620403199558,0.711659304911074,0.715826626561175,6,"Not significant"
"P3C4 / LPS","MACROH2A1","O75367","O75367","H2AY_HUMAN","Core histone macro-H2A.1","O75367_K233_M2_17","GlyGly (K)",0.139620403199558,0.711659304911074,0.715826626561175,6,"Not significant"
"P3C4 / LPS","ACAA2","P42765","P42765","THIM_HUMAN","3-ketoacyl-CoA thiolase, mitochondrial","P42765_K312_M1_17","GlyGly (K)",0.560051716974326,0.71330732065321,0.721520255685841,6,"Not significant"
"P3C4 / LPS","ATP5F1B","P06576","P06576","ATPB_HUMAN","ATP synthase subunit beta, mitochondrial","P06576_K432_M1_17","GlyGly (K)",0.413961331012943,0.713525992758689,0.722290701015476,6,"Not significant"
"P3C4 / LPS","GAPDH","P04406","P04406","G3P_HUMAN","Glyceraldehyde-3-phosphate dehydrogenase","P04406_K3_M2_17","GlyGly (K)",-0.155696196054612,0.71440483869445,0.724990680596887,5,"Not significant"
"P3C4 / LPS","ANXA1","P04083","P04083","ANXA1_HUMAN","Annexin A1","P04083_K53_M1_17","GlyGly (K)",-0.566884467630298,0.715427125916715,0.728475907486344,6,"Not significant"
"P3C4 / LPS","HSP90B1","P14625","P14625","ENPL_HUMAN","Endoplasmin","P14625_K702_M2_17","GlyGly (K)",-0.421910040921756,0.717458685276154,0.735025530581426,6,"Not significant"
"P3C4 / LPS","ACSL1","P33121","P33121","ACSL1_HUMAN","Long-chain-fatty-acid--CoA ligase 1","P33121_K386_M1_17","GlyGly (K)",0.558019268760897,0.717901731224266,0.736439711052456,6,"Not significant"
"P3C4 / LPS","LTA4H","P09960","P09960","LKHA4_HUMAN","Leukotriene A-4 hydrolase","P09960_K83_M1_17","GlyGly (K)",-0.526748586993094,0.719325742635845,0.741348070285627,6,"Not significant"
"P3C4 / LPS","ANXA6","P08133","P08133","ANXA6_HUMAN","Annexin A6","P08133_K483_M2_17","GlyGly (K)",0.105396124505076,0.720173471648917,0.743837937146862,4,"Not significant"
"P3C4 / LPS","PRSS1","Cont_P00760","Cont_P00760","TRY1_BOVIN","Serine protease 1","Cont_P00760_K92_M2_17","GlyGly (K)",-0.49343283404298,0.72287123587478,0.753374407460421,4,"Not significant"
"P3C4 / LPS","DEF6","Q9H4E7","Q9H4E7","DEFI6_HUMAN","Differentially expressed in FDCP 6 homolog","Q9H4E7_K254_M1_17","GlyGly (K)",-0.396450964617444,0.723634085791623,0.756044163450324,6,"Not significant"
"P3C4 / LPS","APOBR","Q0VD83","Q0VD83","APOBR_HUMAN","Apolipoprotein B receptor","Q0VD83_K933_M1_17","GlyGly (K)",0.166561344269717,0.724172557704311,0.757690645988896,6,"Not significant"
"P3C4 / LPS","P4HB","P07237","P07237","PDIA1_HUMAN","Protein disulfide-isomerase","P07237_K285_M2_17","GlyGly (K)",-0.092747144671804,0.724449289404954,0.758767579982268,6,"Not significant"
"P3C4 / LPS","P4HB","P07237","P07237","PDIA1_HUMAN","Protein disulfide-isomerase","P07237_K283_M2_17","GlyGly (K)",-0.092747144671804,0.724449289404954,0.758767579982268,6,"Not significant"
"P3C4 / LPS","STIP1","P31948","P31948","STIP1_HUMAN","Stress-induced-phosphoprotein 1","P31948_K100_M1_17","GlyGly (K)",-0.219385288325205,0.724496219004987,0.758917859749636,6,"Not significant"
"P3C4 / LPS","TLK1","Q9UKI8","Q9UKI8","TLK1_HUMAN","Serine/threonine-protein kinase tousled-like 1","Q9UKI8_K404_M1_17","GlyGly (K)",-0.109831360413829,0.725257800121993,0.761533688053975,6,"Not significant"
"P3C4 / LPS","ARHGDIA","P52565","P52565","GDIR1_HUMAN","Rho GDP-dissociation inhibitor 1","P52565_K33_M1_17","GlyGly (K)",0.111289676984842,0.725907135780472,0.763832005311606,6,"Not significant"
"P3C4 / LPS","EEF1D","P29692","P29692","EF1D_HUMAN","Elongation factor 1-delta","P29692_K17_M1_17","GlyGly (K)",-0.469962420074296,0.726082685787739,0.764567490183962,4,"Not significant"
"P3C4 / LPS","CAP1","Q01518","Q01518","CAP1_HUMAN","Adenylyl cyclase-associated protein 1","Q01518_K328_M1_17","GlyGly (K)",-0.35696824985811,0.726188417185508,0.764867079140952,6,"Not significant"
"P3C4 / LPS","PPIB","P23284","P23284","PPIB_HUMAN","Peptidyl-prolyl cis-trans isomerase B","P23284_K84_M1_17","GlyGly (K)",0.330028431098614,0.727357856309358,0.768707702801647,6,"Not significant"
"P3C4 / LPS","P4HB","P07237","P07237","PDIA1_HUMAN","Protein disulfide-isomerase","P07237_K415_M2_17","GlyGly (K)",-0.111476630682272,0.72825165875023,0.772063703762895,5,"Not significant"
"P3C4 / LPS","DDX39B","Q13838","Q13838","DX39B_HUMAN","Spliceosome RNA helicase DDX39B","Q13838_K33_M2_17","GlyGly (K)",-0.0941783564017285,0.728635316969924,0.773430471385205,5,"Not significant"
"P3C4 / LPS","GAPDH","P04406","P04406","G3P_HUMAN","Glyceraldehyde-3-phosphate dehydrogenase","P04406_K139_M1_17","GlyGly (K)",0.564621368567749,0.729173905287691,0.775267021449122,6,"Not significant"
"P3C4 / LPS","HSPA5","P11021","P11021","BIP_HUMAN","Endoplasmic reticulum chaperone BiP","P11021_K185_M1_17","GlyGly (K)",0.447775445021981,0.730350348199533,0.779442366723116,6,"Not significant"
"P3C4 / LPS","INF2","Q27J81","Q27J81","INF2_HUMAN","Inverted formin-2","Q27J81_K966_M1_17","GlyGly (K)",0.105453943158094,0.730359662540048,0.779492082654125,6,"Not significant"
"P3C4 / LPS","CAP1","Q01518","Q01518","CAP1_HUMAN","Adenylyl cyclase-associated protein 1","Q01518_K149_M1_17","GlyGly (K)",-0.315959848316101,0.730993826797771,0.78183529539175,6,"Not significant"
"P3C4 / LPS","ACADM","P11310","P11310","ACADM_HUMAN","Medium-chain specific acyl-CoA dehydrogenase, mitochondrial","P11310_K69_M1_17","GlyGly (K)",0.614978248365854,0.731116620751085,0.782455903720691,6,"Not significant"
"P3C4 / LPS","PDIA6","Q15084","Q15084","PDIA6_HUMAN","Protein disulfide-isomerase A6","Q15084_K373_M1_17","GlyGly (K)",0.0503909835781189,0.731246518284571,0.782897342482339,6,"Not significant"
"P3C4 / LPS","CAT","P04040","P04040","CATA_HUMAN","Catalase","P04040_K499_M1_17","GlyGly (K)",-0.0796889174680338,0.73164195595545,0.784131917996247,6,"Not significant"
"P3C4 / LPS","DBN1","Q16643","Q16643","DREB_HUMAN","Drebrin","Q16643_K165_M1_17","GlyGly (K)",-0.288219531384634,0.731798084708761,0.784686927424219,6,"Not significant"
"P3C4 / LPS","RAB12","Q6IQ22","Q6IQ22","RAB12_HUMAN","Ras-related protein Rab-12","Q6IQ22_K127_M1_17","GlyGly (K)",-0.269499586288033,0.732225117463423,0.786331197825453,6,"Not significant"
"P3C4 / LPS","MTHFD1","P11586","P11586","C1TC_HUMAN","C-1-tetrahydrofolate synthase, cytoplasmic","P11586_K370_M1_17","GlyGly (K)",0.315594786828951,0.732778602686706,0.788486792040681,6,"Not significant"
"P3C4 / LPS","ENO1","P06733","P06733","ENOA_HUMAN","Alpha-enolase","P06733_K221_M1_17","GlyGly (K)",0.298919249900278,0.732910817720416,0.789062433676835,6,"Not significant"
"P3C4 / LPS","AHNAK","Q09666","Q09666","AHNK_HUMAN","Neuroblast differentiation-associated protein AHNAK","Q09666_K4489_M1_17","GlyGly (K)",-0.576859517730287,0.733698131755727,0.791880633311759,4,"Not significant"
"P3C4 / LPS","PRSS1","Cont_P00760","Cont_P00760","TRY1_BOVIN","Serine protease 1","Cont_P00760_K114_M1_17","GlyGly (K)",-0.439230803952834,0.734198607197426,0.793892781189457,6,"Not significant"
"P3C4 / LPS","AHNAK","Q09666","Q09666","AHNK_HUMAN","Neuroblast differentiation-associated protein AHNAK","Q09666_K696_M1_17","GlyGly (K)",-0.163760041347032,0.735685718208103,0.798849467925813,4,"Not significant"
"P3C4 / LPS","AIDA","Q96BJ3","Q96BJ3","AIDA_HUMAN","Axin interactor, dorsalization-associated protein","Q96BJ3_K106_M1_17","GlyGly (K)",0.321517415526643,0.737568774303722,0.805382511264745,6,"Not significant"
"P3C4 / LPS","HMGB2","P26583","P26583","HMGB2_HUMAN","High mobility group protein B2","P26583_K59_M2_17","GlyGly (K)",0.0464389167056003,0.738804845778552,0.809894592423611,6,"Not significant"
"P3C4 / LPS","HMGB2","P26583","P26583","HMGB2_HUMAN","High mobility group protein B2","P26583_K57_M2_17","GlyGly (K)",0.0464389167056003,0.738804845778552,0.809894592423611,6,"Not significant"
"P3C4 / LPS","MATR3","P43243","P43243","MATR3_HUMAN","Matrin-3","P43243_K132_M1_17","GlyGly (K)",-0.196092590819128,0.739465180783537,0.812183012705988,6,"Not significant"
"P3C4 / LPS","YWHAQ","P27348","P27348","1433T_HUMAN","14-3-3 protein theta","P27348_K103_M1_17","GlyGly (K)",-0.47273057373911,0.739545204863244,0.81248901275212,6,"Not significant"
"P3C4 / LPS","STIP1","P31948","P31948","STIP1_HUMAN","Stress-induced-phosphoprotein 1","P31948_K415_M1_17","GlyGly (K)",0.146574792946667,0.73991625233614,0.813872360745936,6,"Not significant"
"P3C4 / LPS","GLUD1","P00367","P00367","DHE3_HUMAN","Glutamate dehydrogenase 1, mitochondrial","P00367_K171_M1_17","GlyGly (K)",-0.50828473241217,0.741444604823542,0.819712369025187,6,"Not significant"
"P3C4 / LPS","LRRC8B","Q6P9F7","Q6P9F7","LRC8B_HUMAN","Volume-regulated anion channel subunit LRRC8B","Q6P9F7_K588_M1_17","GlyGly (K)",0.0325660398552907,0.742475688680298,0.823255271728311,6,"Not significant"
"P3C4 / LPS","ACTB","Cont_P60712;P60709","Cont_P60712;P60709","ACTB_BOVIN;ACTB_HUMAN","Actin, cytoplasmic 1;Actin, cytoplasmic 1","Cont_P60712_K215_M1_17","GlyGly (K)",0.369956190260411,0.74343679236996,0.826868524001637,6,"Not significant"
"P3C4 / LPS","ACTB","Cont_P60712;P60709","Cont_P60712;P60709","ACTB_BOVIN;ACTB_HUMAN","Actin, cytoplasmic 1;Actin, cytoplasmic 1","P60709_K215_M1_17","GlyGly (K)",0.369956190260411,0.74343679236996,0.826868524001637,6,"Not significant"
"P3C4 / LPS","RPL27","P61353","P61353","RL27_HUMAN","Large ribosomal subunit protein eL27","P61353_K69_M2_17","GlyGly (K)",0.181185710709918,0.743639614424128,0.827564214242363,5,"Not significant"
"P3C4 / LPS","ERLIN2","O94905","O94905","ERLN2_HUMAN","Erlin-2","O94905_K273_M2_17","GlyGly (K)",0.508383725833389,0.744236538180865,0.830121955072857,5,"Not significant"
"P3C4 / LPS","LIMA1","Q9UHB6","Q9UHB6","LIMA1_HUMAN","LIM domain and actin-binding protein 1","Q9UHB6_K250_M1_17","GlyGly (K)",-0.0709211428253069,0.744350188206587,0.830490206922534,6,"Not significant"
"P3C4 / LPS","NSF","P46459","P46459","NSF_HUMAN","Vesicle-fusing ATPase","P46459_K283_M1_17","GlyGly (K)",-0.054315383871517,0.747976012020283,0.84445859050511,6,"Not significant"
"P3C4 / LPS","RAB1B","Q9H0U4","Q9H0U4","RAB1B_HUMAN","Ras-related protein Rab-1B","Q9H0U4_K58_M2_17","GlyGly (K)",0.215616179112227,0.748157385646744,0.845061351238255,6,"Not significant"
"P3C4 / LPS","RAB1B","Q9H0U4","Q9H0U4","RAB1B_HUMAN","Ras-related protein Rab-1B","Q9H0U4_K55_M2_17","GlyGly (K)",0.215616179112227,0.748157385646744,0.845061351238255,6,"Not significant"
"P3C4 / LPS","RPS27A","P62979","P62979","RS27A_HUMAN","Ubiquitin-ribosomal protein eS31 fusion protein","P62979_K48_M1_17","GlyGly (K)",0.0671340587874666,0.750794058142855,0.854776077069719,6,"Not significant"
"P3C4 / LPS","CYRIB","Q9NUQ9","Q9NUQ9","CYRIB_HUMAN","CYFIP-related Rac1 interactor B","Q9NUQ9_K286_M2_17","GlyGly (K)",-0.0835012785398349,0.751238162066712,0.856575479162692,4,"Not significant"
"P3C4 / LPS","SQOR","Q9Y6N5","Q9Y6N5","SQOR_HUMAN","Sulfide:quinone oxidoreductase, mitochondrial","Q9Y6N5_K320_M1_17","GlyGly (K)",-0.156499660257835,0.751439776838374,0.857457756249231,6,"Not significant"
"P3C4 / LPS","TXNDC12","O95881","O95881","TXD12_HUMAN","Thioredoxin domain-containing protein 12","O95881_K123_M1_17","GlyGly (K)",0.148221942305714,0.752163473766999,0.860107094488654,6,"Not significant"
"P3C4 / LPS","HDAC2","Q92769","Q92769","HDAC2_HUMAN","Histone deacetylase 2","Q92769_K362_M1_17","GlyGly (K)",0.184656065040832,0.753546024356891,0.86598817088364,6,"Not significant"
"P3C4 / LPS","AHNAK","Q09666","Q09666","AHNK_HUMAN","Neuroblast differentiation-associated protein AHNAK","Q09666_K4351_M2_17","GlyGly (K)",0.179388867150057,0.754331769310966,0.868900279151652,6,"Not significant"
"P3C4 / LPS","AHNAK","Q09666","Q09666","AHNK_HUMAN","Neuroblast differentiation-associated protein AHNAK","Q09666_K4342_M2_17","GlyGly (K)",0.179388867150057,0.754331769310966,0.868900279151652,6,"Not significant"
"P3C4 / LPS","ANXA6","P08133","P08133","ANXA6_HUMAN","Annexin A6","P08133_K483_M1_17","GlyGly (K)",0.129279534025245,0.754942194725438,0.871107734901927,5,"Not significant"
"P3C4 / LPS","NUCB1","Q02818","Q02818","NUCB1_HUMAN","Nucleobindin-1","Q02818_K439_M1_17","GlyGly (K)",-0.338128687049479,0.756434583946478,0.877086886222558,6,"Not significant"
"P3C4 / LPS","H1-3","P16402","P16402","H13_HUMAN","Histone H1.3","P16402_K35_M1_17","GlyGly (K)",0.15169420335093,0.757214207154781,0.879934182997553,6,"Not significant"
"P3C4 / LPS","RAB44","Q7Z6P3","Q7Z6P3","RAB44_HUMAN","Ras-related protein Rab-44","Q7Z6P3_K880_M1_17","GlyGly (K)",-0.0650941516868977,0.757753241431778,0.882113965481132,6,"Not significant"
"P3C4 / LPS","MTHFD1","P11586","P11586","C1TC_HUMAN","C-1-tetrahydrofolate synthase, cytoplasmic","P11586_K760_M1_17","GlyGly (K)",-0.0830877684953819,0.757798228150683,0.882264131264458,6,"Not significant"
"P3C4 / LPS","PRDX5","P30044","P30044","PRDX5_HUMAN","Peroxiredoxin-5, mitochondrial","P30044_K102_M1_17","GlyGly (K)",0.321240743041908,0.758254403939474,0.883825375153862,6,"Not significant"
"P3C4 / LPS","PLIN2","Q99541","Q99541","PLIN2_HUMAN","Perilipin-2","Q99541_K153_M2_17","GlyGly (K)",0.311174452675826,0.758942591063478,0.886524847792371,6,"Not significant"
"P3C4 / LPS","PLIN2","Q99541","Q99541","PLIN2_HUMAN","Perilipin-2","Q99541_K151_M2_17","GlyGly (K)",0.311174452675826,0.758942591063478,0.886524847792371,6,"Not significant"
"P3C4 / LPS","SPN","P16150","P16150","LEUK_HUMAN","Leukosialin","P16150_K350_M1_17","GlyGly (K)",-0.30367685496978,0.759791982728726,0.889998995927314,6,"Not significant"
"P3C4 / LPS","RPL14","P50914","P50914","RL14_HUMAN","Large ribosomal subunit protein eL14","P50914_K160_M1_17","GlyGly (K)",-0.102224947904106,0.759791982728726,0.889992554868788,6,"Not significant"
"P3C4 / LPS","HSPA5","P11021","P11021","BIP_HUMAN","Endoplasmic reticulum chaperone BiP","P11021_K573_M1_17","GlyGly (K)",-0.115090614189976,0.759796298468843,0.890056151105344,6,"Not significant"
"P3C4 / LPS","ANXA1","P04083","P04083","ANXA1_HUMAN","Annexin A1","P04083_K214_M1_17","GlyGly (K)",-0.232554922108549,0.761007528561323,0.89525481536571,6,"Not significant"
"P3C4 / LPS","H2BC21","Q16778","Q16778","H2B2E_HUMAN","Histone H2B type 2-E","Q16778_K58_M2_17","GlyGly (K)",0.109904058300512,0.761687884744245,0.897948549066925,6,"Not significant"
"P3C4 / LPS","H2BC21","Q16778","Q16778","H2B2E_HUMAN","Histone H2B type 2-E","Q16778_K47_M2_17","GlyGly (K)",0.109904058300512,0.761687884744245,0.897948549066925,6,"Not significant"
"P3C4 / LPS","TARDBP","Q13148","Q13148","TADBP_HUMAN","TAR DNA-binding protein 43","Q13148_K79_M1_17","GlyGly (K)",0.26284006364607,0.761886879926408,0.898727570441804,6,"Not significant"
"P3C4 / LPS","JUNB","P17275","P17275","JUNB_HUMAN","Transcription factor JunB","P17275_K304_M1_17","GlyGly (K)",0.0310811716841682,0.76227618383167,0.90036002659764,6,"Not significant"
"P3C4 / LPS","RAVER1","Q8IY67","Q8IY67","RAVR1_HUMAN","Ribonucleoprotein PTB-binding 1","Q8IY67_K434_M1_17","GlyGly (K)",0.253560282721163,0.762421259026541,0.900916710638106,6,"Not significant"
"P3C4 / LPS","PML","P29590","P29590","PML_HUMAN","Protein PML","P29590_K209_M1_17","GlyGly (K)",0.0754239725394526,0.763749182859596,0.906532030232347,6,"Not significant"
"P3C4 / LPS","VIM","P08670","P08670","VIME_HUMAN","Vimentin","P08670_K104_M1_17","GlyGly (K)",-0.0200685530750979,0.764709375487042,0.910127296484638,6,"Not significant"
"P3C4 / LPS","ANXA6","P08133","P08133","ANXA6_HUMAN","Annexin A6","P08133_K113_M2_17","GlyGly (K)",-0.198737566344442,0.764809664838408,0.910496970811004,6,"Not significant"
"P3C4 / LPS","ANXA6","P08133","P08133","ANXA6_HUMAN","Annexin A6","P08133_K102_M2_17","GlyGly (K)",-0.198737566344442,0.764809664838408,0.910496970811004,6,"Not significant"
"P3C4 / LPS","POLR3E","Q9NVU0","Q9NVU0","RPC5_HUMAN","DNA-directed RNA polymerase III subunit RPC5","Q9NVU0_K410_M1_17","GlyGly (K)",-0.0712396795371786,0.764809988244764,0.910516802538908,6,"Not significant"
"P3C4 / LPS","GAA","P10253","P10253","LYAG_HUMAN","Lysosomal alpha-glucosidase","P10253_K849_M1_17","GlyGly (K)",0.209516821132513,0.766592232042838,0.917815637338065,6,"Not significant"
"P3C4 / LPS","IGF2BP2","Q9Y6M1","Q9Y6M1","IF2B2_HUMAN","Insulin-like growth factor 2 mRNA-binding protein 2","Q9Y6M1_K530_M1_17","GlyGly (K)",0.21753216718425,0.766631579419366,0.917972482732248,6,"Not significant"
"P3C4 / LPS","MYO1F","O00160","O00160","MYO1F_HUMAN","Unconventional myosin-If","O00160_K141_M1_17","GlyGly (K)",-0.0803619629429396,0.767776021544457,0.922458978553812,6,"Not significant"
"P3C4 / LPS","GAPDH","P04406","P04406","G3P_HUMAN","Glyceraldehyde-3-phosphate dehydrogenase","P04406_K66_M1_17","GlyGly (K)",0.0791561733657361,0.768037872439834,0.923755689089185,6,"Not significant"
"P3C4 / LPS","TUBB3","Q13509","Q13509","TBB3_HUMAN","Tubulin beta-3 chain","Q13509_K324_M1_17","GlyGly (K)",-0.159811391050807,0.769524107089924,0.930056982277246,6,"Not significant"
"P3C4 / LPS","ACTB","Cont_P60712;P60709","Cont_P60712;P60709","ACTB_BOVIN;ACTB_HUMAN","Actin, cytoplasmic 1;Actin, cytoplasmic 1","Cont_P60712_K50_M1_17","GlyGly (K)",0.101561492857054,0.77050115202707,0.934310830463045,6,"Not significant"
"P3C4 / LPS","ACTB","Cont_P60712;P60709","Cont_P60712;P60709","ACTB_BOVIN;ACTB_HUMAN","Actin, cytoplasmic 1;Actin, cytoplasmic 1","P60709_K50_M1_17","GlyGly (K)",0.101561492857054,0.77050115202707,0.934310830463045,6,"Not significant"
"P3C4 / LPS","TYW1B;TYW1","Q6NUM6;Q9NV66","Q6NUM6;Q9NV66","TYW1B_HUMAN;TYW1_HUMAN","S-adenosyl-L-methionine-dependent tRNA 4-demethylwyosine synthase TYW1B;S-adenosyl-L-methionine-dependent tRNA 4-demethylwyosine synthase TYW1","Q6NUM6_K414_M1_17","GlyGly (K)",0.132230263561502,0.770612428632245,0.934773302784546,6,"Not significant"
"P3C4 / LPS","TYW1B;TYW1","Q6NUM6;Q9NV66","Q6NUM6;Q9NV66","TYW1B_HUMAN;TYW1_HUMAN","S-adenosyl-L-methionine-dependent tRNA 4-demethylwyosine synthase TYW1B;S-adenosyl-L-methionine-dependent tRNA 4-demethylwyosine synthase TYW1","Q9NV66_K478_M1_17","GlyGly (K)",0.132230263561502,0.770612428632245,0.934773302784546,6,"Not significant"
"P3C4 / LPS","AHSG","Cont_P12763","Cont_P12763","FETUA_BOVIN","Alpha-2-HS-glycoprotein","Cont_P12763_K333_M1_17","GlyGly (K)",-0.176236874169547,0.770647290152157,0.934904217362279,6,"Not significant"
"P3C4 / LPS","EEF1A1","Cont_P68103;P68104","Cont_P68103;P68104","EF1A1_BOVIN;EF1A1_HUMAN","Elongation factor 1-alpha 1","Cont_P68103_K100_M1_17","GlyGly (K)",-0.0238100118155657,0.771316447772587,0.93804037161036,6,"Not significant"
"P3C4 / LPS","EEF1A1","Cont_P68103;P68104","Cont_P68103;P68104","EF1A1_BOVIN;EF1A1_HUMAN","Elongation factor 1-alpha 1","P68104_K100_M1_17","GlyGly (K)",-0.0238100118155657,0.771316447772587,0.93804037161036,6,"Not significant"
"P3C4 / LPS","AHNAK","Q09666","Q09666","AHNK_HUMAN","Neuroblast differentiation-associated protein AHNAK","Q09666_K171_M1_17","GlyGly (K)",0.0131787257614588,0.771518176130368,0.93881726086644,6,"Not significant"
"P3C4 / LPS","ELOC","Q15369","Q15369","ELOC_HUMAN","Elongin-C","Q15369_K72_M1_17","GlyGly (K)",-0.0244195059607773,0.771571308116679,0.938988128317789,6,"Not significant"
"P3C4 / LPS","MOV10","Q9HCE1","Q9HCE1","MOV10_HUMAN","Helicase MOV-10","Q9HCE1_K952_M1_17","GlyGly (K)",0.071331491422146,0.773024746536162,0.944851069268231,6,"Not significant"
"P3C4 / LPS","TFRC","P02786","P02786","TFR1_HUMAN","Transferrin receptor protein 1","P02786_K134_M1_17","GlyGly (K)",-0.06939048685621,0.773541479140907,0.94717086435574,6,"Not significant"
"P3C4 / LPS","DDX21","Q9NR30","Q9NR30","DDX21_HUMAN","Nucleolar RNA helicase 2","Q9NR30_K236_M1_17","GlyGly (K)",-0.121396631872431,0.77521079324763,0.954183053940145,6,"Not significant"
"P3C4 / LPS","ECH1","Q13011","Q13011","ECH1_HUMAN","Delta(3,5)-Delta(2,4)-dienoyl-CoA isomerase, mitochondrial","Q13011_K161_M1_17","GlyGly (K)",-0.0966395527487234,0.777288366563216,0.963743885767277,6,"Not significant"
"P3C4 / LPS","CANX","P27824","P27824","CALX_HUMAN","Calnexin","P27824_K398_M1_17","GlyGly (K)",-0.0387008083479069,0.777854324075285,0.965828391121069,6,"Not significant"
"P3C4 / LPS","AHNAK","Q09666","Q09666","AHNK_HUMAN","Neuroblast differentiation-associated protein AHNAK","Q09666_K4559_M1_17","GlyGly (K)",0.0203616344098316,0.778680738530428,0.969351797947317,6,"Not significant"
"P3C4 / LPS","CAP1","Q01518","Q01518","CAP1_HUMAN","Adenylyl cyclase-associated protein 1","Q01518_K155_M1_17","GlyGly (K)",0.0344803382619269,0.780602637852432,0.977908109974492,6,"Not significant"
"P3C4 / LPS","SRPRA","P08240","P08240","SRPRA_HUMAN","Signal recognition particle receptor subunit alpha","P08240_K206_M1_17","GlyGly (K)",-0.054917674952043,0.781040570837303,0.979627507032718,6,"Not significant"
"P3C4 / LPS","SND1","Q7KZF4","Q7KZF4","SND1_HUMAN","Staphylococcal nuclease domain-containing protein 1","Q7KZF4_K93_M1_17","GlyGly (K)",0.0508740317169609,0.781256811366397,0.980554629981666,6,"Not significant"
"P3C4 / LPS","THRAP3","Q9Y2W1","Q9Y2W1","TR150_HUMAN","Thyroid hormone receptor-associated protein 3","Q9Y2W1_K252_M1_17","GlyGly (K)",0.0248832868099442,0.781750237598874,0.982636676383982,6,"Not significant"
"P3C4 / LPS","ETFB","P38117","P38117","ETFB_HUMAN","Electron transfer flavoprotein subunit beta","P38117_K23_M1_17","GlyGly (K)",-0.0097248985789617,0.781920363781779,0.983335094649318,6,"Not significant"
"P3C4 / LPS","GRPEL1","Q9HAV7","Q9HAV7","GRPE1_HUMAN","GrpE protein homolog 1, mitochondrial","Q9HAV7_K153_M1_17","GlyGly (K)",-0.0356511596886181,0.782000273513285,0.983727775057598,6,"Not significant"
"P3C4 / LPS","RAB14","P61106","P61106","RAB14_HUMAN","Ras-related protein Rab-14","P61106_K61_M2_17","GlyGly (K)",0.00452373173563476,0.782490520035146,0.985809889002436,6,"Not significant"
"P3C4 / LPS","RAB14","P61106","P61106","RAB14_HUMAN","Ras-related protein Rab-14","P61106_K59_M2_17","GlyGly (K)",0.00452373173563476,0.782490520035146,0.985809889002436,6,"Not significant"
"P3C4 / LPS","XRCC6","P12956","P12956","XRCC6_HUMAN","X-ray repair cross-complementing protein 6","P12956_K351_M1_17","GlyGly (K)",0.0129640887548668,0.78288289370206,0.987582585483103,6,"Not significant"
"P3C4 / LPS","ATP5F1B","P06576","P06576","ATPB_HUMAN","ATP synthase subunit beta, mitochondrial","P06576_K480_M1_17","GlyGly (K)",0.00913705450960745,0.784145629990057,0.993307944191858,6,"Not significant"
"P3C4 / LPS","SQOR","Q9Y6N5","Q9Y6N5","SQOR_HUMAN","Sulfide:quinone oxidoreductase, mitochondrial","Q9Y6N5_K280_M1_17","GlyGly (K)",-0.00221344481681933,0.785384360740317,0.999166365615144,6,"Not significant"
