"Comparison (group1/group2)","Genes","UniProtIds","ProteinGroups","ProteinNames","ProteinDescriptions","Group","PTM.ModificationTitle","AVG Log2 Ratio","Qvalue","Pvalue","# of Ratios","Significance"
"P3C4 / P3C4+Nigericin","LSP1","P33241","P33241","LSP1_HUMAN","Lymphocyte-specific protein 1","P33241_S189_M1_28","Phospho (STY)",-1.35604098801028,0.377963268097643,0.00102671861903445,6,"Not significant"
"P3C4 / P3C4+Nigericin","TLN1","Q9Y490","Q9Y490","TLN1_HUMAN","Talin-1","Q9Y490_T1663_M1_28","Phospho (STY)",0.849725511514698,0.383050211716572,0.00107299617449718,6,"Not significant"
"P3C4 / P3C4+Nigericin","CAP1","Cont_Q3SYV4","Cont_Q3SYV4","CAP1_BOVIN","Adenylyl cyclase-associated protein 1","Cont_Q3SYV4_T89_M1_28","Phospho (STY)",0.941454927596564,0.386612793499888,0.00114163674407802,6,"Not significant"
"P3C4 / P3C4+Nigericin","GRHPR","Q9UBQ7","Q9UBQ7","GRHPR_HUMAN","Glyoxylate reductase/hydroxypyruvate reductase","Q9UBQ7_S60_M1_28","Phospho (STY)",1.72059643148535,0.386612793499888,0.00117024927891703,6,"Not significant"
"P3C4 / P3C4+Nigericin","ADAR","P55265","P55265","DSRAD_HUMAN","Double-stranded RNA-specific adenosine deaminase","P55265_Y306_M1_28","Phospho (STY)",1.07190205867841,0.389987675509013,0.00131045145776611,6,"Not significant"
"P3C4 / P3C4+Nigericin","ARID1A","O14497","O14497","ARI1A_HUMAN","AT-rich interactive domain-containing protein 1A","O14497_S363_M1_28","Phospho (STY)",1.58798056698412,0.400982862512031,0.00176406712866642,6,"Not significant"
"P3C4 / P3C4+Nigericin","KIF5B","P33176","P33176","KINH_HUMAN","Kinesin-1 heavy chain","P33176_Y29_M1_28","Phospho (STY)",0.911576509837058,0.400982862512031,0.00175283743755977,5,"Not significant"
"P3C4 / P3C4+Nigericin","ZYX","Q15942","Q15942","ZYX_HUMAN","Zyxin","Q15942_S344_M1_28","Phospho (STY)",2.60647261547057,0.402783260240171,0.00224776123185914,6,"Not significant"
"P3C4 / P3C4+Nigericin","PLAUR","Q03405","Q03405","UPAR_HUMAN","Urokinase plasminogen activator surface receptor","Q03405_Y109_M1_28","Phospho (STY)",0.658927274749601,0.403803703309998,0.00241312007411308,6,"Not significant"
"P3C4 / P3C4+Nigericin","TOR1AIP1","Q5JTV8","Q5JTV8","TOIP1_HUMAN","Torsin-1A-interacting protein 1","Q5JTV8_S143_M1_28","Phospho (STY)",1.85677418090398,0.41488504528771,0.00287490113004628,6,"Not significant"
"P3C4 / P3C4+Nigericin","CAP1","Q01518","Q01518","CAP1_HUMAN","Adenylyl cyclase-associated protein 1","Q01518_S62_M1_28","Phospho (STY)",1.514112627202,0.422208737981694,0.00375682344628485,5,"Not significant"
"P3C4 / P3C4+Nigericin","FOSL2","P15408","P15408","FOSL2_HUMAN","Fos-related antigen 2","P15408_S200_M1_28","Phospho (STY)",1.65082395891373,0.430801498076155,0.00509670085937714,6,"Not significant"
"P3C4 / P3C4+Nigericin","MAP1S","Q66K74","Q66K74","MAP1S_HUMAN","Microtubule-associated protein 1S","Q66K74_S759_M1_28","Phospho (STY)",2.13872304213522,0.431918927005243,0.0053957762852487,5,"Not significant"
"P3C4 / P3C4+Nigericin","RCSD1","Q6JBY9","Q6JBY9","CPZIP_HUMAN","CapZ-interacting protein","Q6JBY9_S216_M1_28","Phospho (STY)",2.03390892781572,0.435295652462724,0.0060090579939407,6,"Not significant"
"P3C4 / P3C4+Nigericin","PCMT1","P22061","P22061","PIMT_HUMAN","Protein-L-isoaspartate(D-aspartate) O-methyltransferase","P22061_T25_M1_28","Phospho (STY)",3.78668523885287,0.440103407946833,0.00655146926480202,6,"Not significant"
"P3C4 / P3C4+Nigericin","RAB44","Q7Z6P3","Q7Z6P3","RAB44_HUMAN","Ras-related protein Rab-44","Q7Z6P3_S509_M1_28","Phospho (STY)",2.10103002404021,0.444832058876046,0.00745484199005757,6,"Not significant"
"P3C4 / P3C4+Nigericin","PRKAR1A","P10644","P10644","KAP0_HUMAN","cAMP-dependent protein kinase type I-alpha regulatory subunit","P10644_S83_M1_28","Phospho (STY)",1.20898819693208,0.44555783661794,0.00767153517182576,6,"Not significant"
"P3C4 / P3C4+Nigericin","HSPA1A;HSPA1B","P0DMV8;P0DMV9","P0DMV8;P0DMV9","HS71A_HUMAN;HS71B_HUMAN","Heat shock 70 kDa protein 1A;Heat shock 70 kDa protein 1B","P0DMV8_T66_M1_28","Phospho (STY)",4.14747362916044,0.446526298834045,0.00794609376369725,6,"Not significant"
"P3C4 / P3C4+Nigericin","HSPA1A;HSPA1B","P0DMV8;P0DMV9","P0DMV8;P0DMV9","HS71A_HUMAN;HS71B_HUMAN","Heat shock 70 kDa protein 1A;Heat shock 70 kDa protein 1B","P0DMV9_T66_M1_28","Phospho (STY)",4.14747362916044,0.446526298834045,0.00794609376369725,6,"Not significant"
"P3C4 / P3C4+Nigericin","HNRNPK","P61978","P61978","HNRPK_HUMAN","Heterogeneous nuclear ribonucleoprotein K","P61978_Y72_M2_28","Phospho (STY)",1.36415058217588,0.449779903499433,0.0086336516132603,6,"Not significant"
"P3C4 / P3C4+Nigericin","ZC3H14","Q6PJT7","Q6PJT7","ZC3HE_HUMAN","Zinc finger CCCH domain-containing protein 14","Q6PJT7_S515_M1_28","Phospho (STY)",1.75187522392138,0.449779903499433,0.00872055709083255,6,"Not significant"
"P3C4 / P3C4+Nigericin","HNRNPK","P61978","P61978","HNRPK_HUMAN","Heterogeneous nuclear ribonucleoprotein K","P61978_T70_M2_28","Phospho (STY)",1.36415058217588,0.449779903499433,0.00863365166396664,6,"Not significant"
"P3C4 / P3C4+Nigericin","SVIL","O95425","O95425","SVIL_HUMAN","Supervillin","O95425_S245_M1_28","Phospho (STY)",2.84044574597963,0.449930549777254,0.00877749077996007,5,"Not significant"
"P3C4 / P3C4+Nigericin","HNRNPD","Q14103","Q14103","HNRPD_HUMAN","Heterogeneous nuclear ribonucleoprotein D0","Q14103_T229_M1_28","Phospho (STY)",1.7070866795945,0.451116646741107,0.0092887208422828,6,"Not significant"
"P3C4 / P3C4+Nigericin","BRD2","P25440","P25440","BRD2_HUMAN","Bromodomain-containing protein 2","P25440_T6_M1_28","Phospho (STY)",1.41930457061093,0.451287710708068,0.00951869293157604,6,"Not significant"
"P3C4 / P3C4+Nigericin","HCLS1","P14317","P14317","HCLS1_HUMAN","Hematopoietic lineage cell-specific protein","P14317_S275_M1_28","Phospho (STY)",3.1336617124032,0.453387716257863,0.010122535140946,6,"Not significant"
"P3C4 / P3C4+Nigericin","SOD2","P04179","P04179","SODM_HUMAN","Superoxide dismutase [Mn], mitochondrial","P04179_S106_M1_28","Phospho (STY)",0.867158761758278,0.455649814786423,0.0104318033456452,6,"Not significant"
"P3C4 / P3C4+Nigericin","XIRP1","Q702N8","Q702N8","XIRP1_HUMAN","Xin actin-binding repeat-containing protein 1","Q702N8_S295_M1_28","Phospho (STY)",1.33405200443811,0.456290728809702,0.0106178312558648,6,"Not significant"
"P3C4 / P3C4+Nigericin","JUND","P17535","P17535","JUND_HUMAN","Transcription factor JunD","P17535_S100_M1_28","Phospho (STY)",2.02854169267717,0.457577783177223,0.0112426358532694,6,"Not significant"
"P3C4 / P3C4+Nigericin","GCC2","Q8IWJ2","Q8IWJ2","GCC2_HUMAN","GRIP and coiled-coil domain-containing protein 2","Q8IWJ2_S1080_M2_28","Phospho (STY)",1.70952512698967,0.4576030229519,0.011456039135489,6,"Not significant"
"P3C4 / P3C4+Nigericin","GCC2","Q8IWJ2","Q8IWJ2","GCC2_HUMAN","GRIP and coiled-coil domain-containing protein 2","Q8IWJ2_T1077_M2_28","Phospho (STY)",1.70952512698967,0.4576030229519,0.011456039135489,6,"Not significant"
"P3C4 / P3C4+Nigericin","STK10","O94804","O94804","STK10_HUMAN","Serine/threonine-protein kinase 10","O94804_S438_M1_28","Phospho (STY)",3.78879151749673,0.458625553947137,0.0118541856609842,6,"Not significant"
"P3C4 / P3C4+Nigericin","MAPRE1","Q15691","Q15691","MARE1_HUMAN","Microtubule-associated protein RP/EB family member 1","Q15691_Y217_M1_28","Phospho (STY)",1.4023349828412,0.461034200831799,0.0121255833387161,6,"Not significant"
"P3C4 / P3C4+Nigericin","PCNA","P12004","P12004","PCNA_HUMAN","Proliferating cell nuclear antigen","P12004_Y133_M1_28","Phospho (STY)",1.60239186440126,0.465293029960165,0.0135564771582844,6,"Not significant"
"P3C4 / P3C4+Nigericin","ATP6V0A1","Q93050","Q93050","VPP1_HUMAN","V-type proton ATPase 116 kDa subunit a 1","Q93050_T82_M1_28","Phospho (STY)",0.734719845686488,0.465293029960165,0.013535144884434,6,"Not significant"
"P3C4 / P3C4+Nigericin","RALY","Q9UKM9","Q9UKM9","RALY_HUMAN","RNA-binding protein Raly","Q9UKM9_S135_M1_28","Phospho (STY)",1.30017106343543,0.465628425060221,0.0136651664791349,6,"Not significant"
"P3C4 / P3C4+Nigericin","ENO2","P09104","P09104","ENOG_HUMAN","Gamma-enolase","P09104_S221_M1_28","Phospho (STY)",1.14023835097183,0.466399451257917,0.0140351275501606,6,"Not significant"
"P3C4 / P3C4+Nigericin","VIM","P08670","P08670","VIME_HUMAN","Vimentin","P08670_S430_M1_28","Phospho (STY)",2.20030884418157,0.467310635098581,0.0145168725832787,6,"Not significant"
"P3C4 / P3C4+Nigericin","PRKCSH","P14314","P14314","GLU2B_HUMAN","Glucosidase 2 subunit beta","P14314_S478_M1_28","Phospho (STY)",-1.1735440748391,0.468795660675185,0.0151044497572866,6,"Not significant"
"P3C4 / P3C4+Nigericin","WDFY3","Q8IZQ1","Q8IZQ1","WDFY3_HUMAN","WD repeat and FYVE domain-containing protein 3","Q8IZQ1_S1980_M1_28","Phospho (STY)",1.12694737158344,0.470769890629677,0.0160427767220028,6,"Not significant"
"P3C4 / P3C4+Nigericin","PGLS","O95336","O95336","6PGL_HUMAN","6-phosphogluconolactonase","O95336_T249_M1_28","Phospho (STY)",0.991826270550409,0.471677406231547,0.0168713613176166,6,"Not significant"
"P3C4 / P3C4+Nigericin","SLTM","Q9NWH9","Q9NWH9","SLTM_HUMAN","SAFB-like transcription modulator","Q9NWH9_S553_M1_28","Phospho (STY)",0.951974548668473,0.471677406231547,0.0167945312160006,6,"Not significant"
"P3C4 / P3C4+Nigericin","ACTR3","P61158","P61158","ARP3_HUMAN","Actin-related protein 3","P61158_Y184_M1_28","Phospho (STY)",2.54709990555266,0.472373002513956,0.017281502157277,6,"Not significant"
"P3C4 / P3C4+Nigericin","TRA2B","P62995","P62995","TRA2B_HUMAN","Transformer-2 protein homolog beta","P62995_T201_M1_28","Phospho (STY)",1.09072261724604,0.472373002513956,0.0173330835181596,6,"Not significant"
"P3C4 / P3C4+Nigericin","HDGF","P51858","P51858","HDGF_HUMAN","Hepatoma-derived growth factor","P51858_S165_M1_28","Phospho (STY)",1.9948994088996,0.472787250078574,0.0175248453505967,6,"Not significant"
"P3C4 / P3C4+Nigericin","LILRB1","Q8NHL6","Q8NHL6","LIRB1_HUMAN","Leukocyte immunoglobulin-like receptor subfamily B member 1","Q8NHL6_S579_M1_28","Phospho (STY)",2.22103664203092,0.472895589295617,0.0175809344872816,6,"Not significant"
"P3C4 / P3C4+Nigericin","RAC2","P15153","P15153","RAC2_HUMAN","Ras-related C3 botulinum toxin substrate 2","P15153_Y72_M1_28","Phospho (STY)",5.26327951053673,0.474228563965897,0.0181485336417706,6,"Not significant"
"P3C4 / P3C4+Nigericin","ITGB2","P05107","P05107","ITB2_HUMAN","Integrin beta-2","P05107_Y382_M2_28","Phospho (STY)",9.53517122615324,0.474938309203798,0.0184370304331664,6,"Not significant"
"P3C4 / P3C4+Nigericin","DDX17","Q92841","Q92841","DDX17_HUMAN","Probable ATP-dependent RNA helicase DDX17","Q92841_S466_M1_28","Phospho (STY)",1.23679307572089,0.474985186394204,0.0184666466284511,5,"Not significant"
"P3C4 / P3C4+Nigericin","PRKDC","P78527","P78527","PRKDC_HUMAN","DNA-dependent protein kinase catalytic subunit","P78527_T4060_M1_28","Phospho (STY)",1.04205028207807,0.47685774190687,0.0189919991208112,6,"Not significant"
"P3C4 / P3C4+Nigericin","CAP1","Q01518","Q01518","CAP1_HUMAN","Adenylyl cyclase-associated protein 1","Q01518_S308_M1_28","Phospho (STY)",1.48362903717317,0.477075001484713,0.019150311377836,6,"Not significant"
"P3C4 / P3C4+Nigericin","PARK7","Q99497","Q99497","PARK7_HUMAN","Parkinson disease protein 7","Q99497_T19_M1_28","Phospho (STY)",1.1020154561309,0.477075001484713,0.0191377892160218,6,"Not significant"
"P3C4 / P3C4+Nigericin","MARCKS","P29966","P29966","MARCS_HUMAN","Myristoylated alanine-rich C-kinase substrate","P29966_S118_M1_28","Phospho (STY)",1.59996149270191,0.478211778996889,0.0194442546430225,5,"Not significant"
"P3C4 / P3C4+Nigericin","SRRT","Q9BXP5","Q9BXP5","SRRT_HUMAN","Serrate RNA effector molecule homolog","Q9BXP5_T544_M1_28","Phospho (STY)",1.13647759203199,0.478363556917514,0.0194635686633104,5,"Not significant"
"P3C4 / P3C4+Nigericin","XIRP1","Q702N8","Q702N8","XIRP1_HUMAN","Xin actin-binding repeat-containing protein 1","Q702N8_S1349_M1_28","Phospho (STY)",2.26432995809234,0.478575491851677,0.0197378014739767,6,"Not significant"
"P3C4 / P3C4+Nigericin","GPI","P06744","P06744","G6PI_HUMAN","Glucose-6-phosphate isomerase","P06744_Y183_M1_28","Phospho (STY)",1.89003182420981,0.479425735096241,0.0200444043722504,6,"Not significant"
"P3C4 / P3C4+Nigericin","PSMC3","P17980","P17980","PRS6A_HUMAN","26S proteasome regulatory subunit 6A","P17980_Y158_M1_28","Phospho (STY)",0.670348836960603,0.480358292628721,0.0202469083975535,6,"Not significant"
"P3C4 / P3C4+Nigericin","COPB2","P35606","P35606","COPB2_HUMAN","Coatomer subunit beta'","P35606_S859_M1_28","Phospho (STY)",1.49350212660213,0.484642857504551,0.0215491039605453,6,"Not significant"
"P3C4 / P3C4+Nigericin","CALM1;CALM2;CALM3","P0DP23;P0DP24;P0DP25","P0DP23;P0DP24;P0DP25","CALM1_HUMAN;CALM2_HUMAN;CALM3_HUMAN","Calmodulin-1;Calmodulin-2;Calmodulin-3","P0DP23_Y100_M1_28","Phospho (STY)",1.43645681927886,0.48626633462211,0.0221221809116363,6,"Not significant"
"P3C4 / P3C4+Nigericin","CALM1;CALM2;CALM3","P0DP23;P0DP24;P0DP25","P0DP23;P0DP24;P0DP25","CALM1_HUMAN;CALM2_HUMAN;CALM3_HUMAN","Calmodulin-1;Calmodulin-2;Calmodulin-3","P0DP24_Y100_M1_28","Phospho (STY)",1.43645681927886,0.48626633462211,0.0221221809116363,6,"Not significant"
"P3C4 / P3C4+Nigericin","CALM1;CALM2;CALM3","P0DP23;P0DP24;P0DP25","P0DP23;P0DP24;P0DP25","CALM1_HUMAN;CALM2_HUMAN;CALM3_HUMAN","Calmodulin-1;Calmodulin-2;Calmodulin-3","P0DP25_Y100_M1_28","Phospho (STY)",1.43645681927886,0.48626633462211,0.0221221809116363,6,"Not significant"
"P3C4 / P3C4+Nigericin","EEF1A1","Cont_P68103;P68104","Cont_P68103;P68104","EF1A1_BOVIN;EF1A1_HUMAN","Elongation factor 1-alpha 1","Cont_P68103_Y357_M1_28","Phospho (STY)",0.924043220064751,0.486904934136304,0.0226319754705683,6,"Not significant"
"P3C4 / P3C4+Nigericin","EEF1A1","Cont_P68103;P68104","Cont_P68103;P68104","EF1A1_BOVIN;EF1A1_HUMAN","Elongation factor 1-alpha 1","P68104_Y357_M1_28","Phospho (STY)",0.924043220064751,0.486904934136304,0.0226319754705683,6,"Not significant"
"P3C4 / P3C4+Nigericin","PPP6R3","Q5H9R7","Q5H9R7","PP6R3_HUMAN","Serine/threonine-protein phosphatase 6 regulatory subunit 3","Q5H9R7_T171_M1_28","Phospho (STY)",1.17565245081625,0.48699374611823,0.0228263818159463,6,"Not significant"
"P3C4 / P3C4+Nigericin","CCDC86","Q9H6F5","Q9H6F5","CCD86_HUMAN","Coiled-coil domain-containing protein 86","Q9H6F5_S18_M1_28","Phospho (STY)",1.23560837567129,0.489582511532632,0.0240824259301285,6,"Not significant"
"P3C4 / P3C4+Nigericin","SPN","P16150","P16150","LEUK_HUMAN","Leukosialin","P16150_S355_M1_28","Phospho (STY)",1.67518365796821,0.490059931053846,0.0244300435710606,6,"Not significant"
"P3C4 / P3C4+Nigericin","NIBAN2","Q96TA1","Q96TA1","NIBA2_HUMAN","Protein Niban 2","Q96TA1_S665_M1_28","Phospho (STY)",1.5182459291219,0.490170643182854,0.0246360297448355,6,"Not significant"
"P3C4 / P3C4+Nigericin","SRRM2","Q9UQ35","Q9UQ35","SRRM2_HUMAN","Serine/arginine repetitive matrix protein 2","Q9UQ35_S2398_M1_28","Phospho (STY)",0.964784498080524,0.490457980116376,0.0249555192848236,6,"Not significant"
"P3C4 / P3C4+Nigericin","RBM15","Q96T37","Q96T37","RBM15_HUMAN","RNA-binding protein 15","Q96T37_S294_M1_28","Phospho (STY)",0.982042307906895,0.491695143066187,0.0254366602147902,5,"Not significant"
"P3C4 / P3C4+Nigericin","PAXX","Q9BUH6","Q9BUH6","PAXX_HUMAN","Protein PAXX","Q9BUH6_S152_M1_28","Phospho (STY)",1.92397745219867,0.49211963022608,0.0256000214936826,6,"Not significant"
"P3C4 / P3C4+Nigericin","EIF5A","P63241","P63241","IF5A1_HUMAN","Eukaryotic translation initiation factor 5A-1","P63241_T65_M1_28","Phospho (STY)",1.80071517758472,0.49378834696826,0.0261782115566841,6,"Not significant"
"P3C4 / P3C4+Nigericin","LMNA","P02545","P02545","LMNA_HUMAN","Prelamin-A/C","P02545_S390_M1_28","Phospho (STY)",0.649124093574297,0.495316796304203,0.0269400141765462,6,"Not significant"
"P3C4 / P3C4+Nigericin","RPS20","P60866","P60866","RS20_HUMAN","Small ribosomal subunit protein uS10","P60866_T9_M2_28","Phospho (STY)",0.592866431106141,0.495397470525129,0.0270520384535807,6,"Not significant"
"P3C4 / P3C4+Nigericin","RPS20","P60866","P60866","RS20_HUMAN","Small ribosomal subunit protein uS10","P60866_T6_M2_28","Phospho (STY)",0.592866431106141,0.495397470525129,0.0270520384535807,6,"Not significant"
"P3C4 / P3C4+Nigericin","NUFIP2","Q7Z417","Q7Z417","NUFP2_HUMAN","FMR1-interacting protein NUFIP2","Q7Z417_S107_M2_28","Phospho (STY)",-0.35484380297479,0.495397470525129,0.0270132819317812,6,"Not significant"
"P3C4 / P3C4+Nigericin","ANXA6","P08133","P08133","ANXA6_HUMAN","Annexin A6","P08133_T356_M1_28","Phospho (STY)",-2.37946765653327,0.496603542607299,0.0281094472158345,6,"Not significant"
"P3C4 / P3C4+Nigericin","HSPA1A;HSPA1B","P0DMV8;P0DMV9","P0DMV8;P0DMV9","HS71A_HUMAN;HS71B_HUMAN","Heat shock 70 kDa protein 1A;Heat shock 70 kDa protein 1B","P0DMV8_Y611_M1_28","Phospho (STY)",0.74986220777694,0.496915188551958,0.0283441859567741,6,"Not significant"
"P3C4 / P3C4+Nigericin","HSPA1A;HSPA1B","P0DMV8;P0DMV9","P0DMV8;P0DMV9","HS71A_HUMAN;HS71B_HUMAN","Heat shock 70 kDa protein 1A;Heat shock 70 kDa protein 1B","P0DMV9_Y611_M1_28","Phospho (STY)",0.74986220777694,0.496915188551958,0.0283441859567741,6,"Not significant"
"P3C4 / P3C4+Nigericin","TARS1","P26639","P26639","SYTC_HUMAN","Threonine--tRNA ligase 1, cytoplasmic","P26639_S110_M1_28","Phospho (STY)",0.782074624231991,0.496969557080463,0.028438469523619,5,"Not significant"
"P3C4 / P3C4+Nigericin","LSP1","P33241","P33241","LSP1_HUMAN","Lymphocyte-specific protein 1","P33241_S252_M1_28","Phospho (STY)",1.76053907215752,0.496969557080463,0.0285234141561073,6,"Not significant"
"P3C4 / P3C4+Nigericin","HSPA2","P54652","P54652","HSP72_HUMAN","Heat shock-related 70 kDa protein 2","P54652_Y184_M1_28","Phospho (STY)",0.792511589308328,0.497315487756226,0.0288282230847576,6,"Not significant"
"P3C4 / P3C4+Nigericin","LDHA","P00338","P00338","LDHA_HUMAN","L-lactate dehydrogenase A chain","P00338_Y83_M1_28","Phospho (STY)",11.7799364855409,0.49847795953796,0.0293054784074249,6,"Not significant"
"P3C4 / P3C4+Nigericin","LAT2","Q9GZY6","Q9GZY6","NTAL_HUMAN","Linker for activation of T-cells family member 2","Q9GZY6_S44_M1_28","Phospho (STY)",1.71536990655821,0.502846780164791,0.0315555561817312,5,"Not significant"
"P3C4 / P3C4+Nigericin","TUBB6","Q9BUF5","Q9BUF5","TBB6_HUMAN","Tubulin beta-6 chain","Q9BUF5_Y281_M1_28","Phospho (STY)",1.07093085838688,0.503492843454907,0.0320840493486787,6,"Not significant"
"P3C4 / P3C4+Nigericin","NHP2","Q9NX24","Q9NX24","NHP2_HUMAN","H/ACA ribonucleoprotein complex subunit 2","Q9NX24_Y24_M1_28","Phospho (STY)",0.642668045512473,0.510235709219956,0.0368529057645751,6,"Not significant"
"P3C4 / P3C4+Nigericin","RBBP6","Q7Z6E9","Q7Z6E9","RBBP6_HUMAN","E3 ubiquitin-protein ligase RBBP6","Q7Z6E9_S1179_M1_28","Phospho (STY)",1.63572019681549,0.511290791990493,0.0374463013665719,4,"Not significant"
"P3C4 / P3C4+Nigericin","CAPZA1","P52907","P52907","CAZA1_HUMAN","F-actin-capping protein subunit alpha-1","P52907_T22_M1_28","Phospho (STY)",0.996399724750472,0.511399666677602,0.0374869792636644,6,"Not significant"
"P3C4 / P3C4+Nigericin","ATXN2L","Q8WWM7","Q8WWM7","ATX2L_HUMAN","Ataxin-2-like protein","Q8WWM7_T182_M1_28","Phospho (STY)",2.70391900331418,0.512225782418592,0.0384926526722583,5,"Not significant"
"P3C4 / P3C4+Nigericin","PCM1","Q15154","Q15154","PCM1_HUMAN","Pericentriolar material 1 protein","Q15154_S65_M1_28","Phospho (STY)",1.78271450803685,0.513311806800328,0.0392354759644936,6,"Not significant"
"P3C4 / P3C4+Nigericin","MSN","P26038","P26038","MOES_HUMAN","Moesin","P26038_S576_M1_28","Phospho (STY)",2.17688735709232,0.514117734695839,0.0400565300095803,6,"Not significant"
"P3C4 / P3C4+Nigericin","RPSA","P08865","P08865","RSSA_HUMAN","Small ribosomal subunit protein uS2","P08865_T144_M1_28","Phospho (STY)",0.673383081245325,0.514414301271118,0.0402854890134409,6,"Not significant"
"P3C4 / P3C4+Nigericin","EZR","P15311","P15311","EZRI_HUMAN","Ezrin","P15311_T235_M1_28","Phospho (STY)",1.28295482303733,0.51490229160039,0.0409115367017973,6,"Not significant"
"P3C4 / P3C4+Nigericin","ACOT8","O14734","O14734","ACOT8_HUMAN","Acyl-coenzyme A thioesterase 8","O14734_T301_M1_28","Phospho (STY)",1.297524584012,0.515926343122534,0.0415403881310029,6,"Not significant"
"P3C4 / P3C4+Nigericin","AHNAK","Q09666","Q09666","AHNK_HUMAN","Neuroblast differentiation-associated protein AHNAK","Q09666_S2397_M1_28","Phospho (STY)",3.01700978679923,0.517899544410425,0.0427486703243825,6,"Not significant"
"P3C4 / P3C4+Nigericin","RBM14","Q96PK6","Q96PK6","RBM14_HUMAN","RNA-binding protein 14","Q96PK6_T206_M1_28","Phospho (STY)",0.952067353059615,0.517972870207692,0.0427950416396439,6,"Not significant"
"P3C4 / P3C4+Nigericin","CCDC86","Q9H6F5","Q9H6F5","CCD86_HUMAN","Coiled-coil domain-containing protein 86","Q9H6F5_S47_M1_28","Phospho (STY)",1.59990439404282,0.518012434836503,0.0428716500337372,6,"Not significant"
"P3C4 / P3C4+Nigericin","HNRNPA3","P51991","P51991","ROA3_HUMAN","Heterogeneous nuclear ribonucleoprotein A3","P51991_S358_M1_28","Phospho (STY)",2.10372260565322,0.518190092830624,0.0430831659567719,5,"Not significant"
"P3C4 / P3C4+Nigericin","SRRM2","Q9UQ35","Q9UQ35","SRRM2_HUMAN","Serine/arginine repetitive matrix protein 2","Q9UQ35_S2272_M1_28","Phospho (STY)",1.65713544683053,0.518432699179493,0.0432836316001277,6,"Not significant"
"P3C4 / P3C4+Nigericin","SRRM1","Q8IYB3","Q8IYB3","SRRM1_HUMAN","Serine/arginine repetitive matrix protein 1","Q8IYB3_S597_M1_28","Phospho (STY)",0.975295678511351,0.518432699179493,0.043242379520819,5,"Not significant"
"P3C4 / P3C4+Nigericin","SNRPD2","P62316","P62316","SMD2_HUMAN","Small nuclear ribonucleoprotein Sm D2","P62316_S2_M1_28","Phospho (STY)",0.510412579840445,0.518988383769398,0.0436508055252718,6,"Not significant"
"P3C4 / P3C4+Nigericin","IL1B","P01584","P01584","IL1B_HUMAN","Interleukin-1 beta","P01584_S35_M1_28","Phospho (STY)",2.79388274543113,0.520031976825036,0.0442936783338056,6,"Not significant"
"P3C4 / P3C4+Nigericin","BROX","Q5VW32","Q5VW32","BROX_HUMAN","BRO1 domain-containing protein BROX","Q5VW32_Y331_M1_28","Phospho (STY)",1.84819291180144,0.521331514129828,0.0452868215574795,6,"Not significant"
"P3C4 / P3C4+Nigericin","EEF1A1P5","Q5VTE0","Q5VTE0","EF1A3_HUMAN","Putative elongation factor 1-alpha-like 3","Q5VTE0_Y357_M1_28","Phospho (STY)",0.731132463522815,0.521814899217658,0.0457413823459854,6,"Not significant"
"P3C4 / P3C4+Nigericin","PDS5B","Q9NTI5","Q9NTI5","PDS5B_HUMAN","Sister chromatid cohesion protein PDS5 homolog B","Q9NTI5_S1358_M1_28","Phospho (STY)",1.65678805395095,0.522146745006024,0.0458990265727129,6,"Not significant"
"P3C4 / P3C4+Nigericin","ANP32A","P39687","P39687","AN32A_HUMAN","Acidic leucine-rich nuclear phosphoprotein 32 family member A","P39687_S17_M1_28","Phospho (STY)",1.4512805133978,0.522146745006024,0.0459401496888296,6,"Not significant"
"P3C4 / P3C4+Nigericin","RCSD1","Q6JBY9","Q6JBY9","CPZIP_HUMAN","CapZ-interacting protein","Q6JBY9_S177_M1_28","Phospho (STY)",2.74838484922081,0.523383615425887,0.0469441041504419,4,"Not significant"
"P3C4 / P3C4+Nigericin","SMAP2","Q8WU79","Q8WU79","SMAP2_HUMAN","Stromal membrane-associated protein 2","Q8WU79_S240_M1_28","Phospho (STY)",3.29208966818773,0.525195697597569,0.0483933967671035,5,"Not significant"
"P3C4 / P3C4+Nigericin","MRPS36","P82909","P82909","KGD4_HUMAN","Alpha-ketoglutarate dehydrogenase component 4","P82909_Y84_M1_28","Phospho (STY)",1.43280899643912,0.526355617386147,0.0496464455070644,6,"Not significant"
"P3C4 / P3C4+Nigericin","ACTN4","O43707","O43707","ACTN4_HUMAN","Alpha-actinin-4","O43707_Y878_M1_28","Phospho (STY)",1.03704283913099,0.528938683314561,0.0516879475688683,6,"Not significant"
"P3C4 / P3C4+Nigericin","PARK7","Q99497","Q99497","PARK7_HUMAN","Parkinson disease protein 7","Q99497_S85_M2_28","Phospho (STY)",1.64196434580994,0.529600274328878,0.0523245360222593,6,"Not significant"
"P3C4 / P3C4+Nigericin","PARK7","Q99497","Q99497","PARK7_HUMAN","Parkinson disease protein 7","Q99497_S83_M2_28","Phospho (STY)",1.64196434580994,0.529600274328878,0.0523245360222593,6,"Not significant"
"P3C4 / P3C4+Nigericin","ACTC1","P68032","P68032","ACTC_HUMAN","Actin, alpha cardiac muscle 1","P68032_Y296_M1_28","Phospho (STY)",1.09411616034178,0.529953290887168,0.0526506444984493,6,"Not significant"
"P3C4 / P3C4+Nigericin","AKR1A1","P14550","P14550","AK1A1_HUMAN","Aldo-keto reductase family 1 member A1","P14550_S4_M1_28","Phospho (STY)",1.28952105593593,0.530730034000939,0.0535008519464575,5,"Not significant"
"P3C4 / P3C4+Nigericin","AHNAK","Q09666","Q09666","AHNK_HUMAN","Neuroblast differentiation-associated protein AHNAK","Q09666_T376_M1_28","Phospho (STY)",-3.75321563975923,0.531713347694726,0.0548886675981241,6,"Not significant"
"P3C4 / P3C4+Nigericin","BAK1","Q16611","Q16611","BAK_HUMAN","Bcl-2 homologous antagonist/killer","Q16611_S3_M1_28","Phospho (STY)",1.53923688997274,0.531865072757629,0.0552319603388381,6,"Not significant"
"P3C4 / P3C4+Nigericin","DDX46","Q7L014","Q7L014","DDX46_HUMAN","Probable ATP-dependent RNA helicase DDX46","Q7L014_T877_M1_28","Phospho (STY)",1.97841882055797,0.531980180350101,0.0553442639214903,6,"Not significant"
"P3C4 / P3C4+Nigericin","UGP2","Q16851","Q16851","UGPA_HUMAN","UTP--glucose-1-phosphate uridylyltransferase","Q16851_S200_M1_28","Phospho (STY)",0.72158381362918,0.532740434321044,0.0565601112854788,6,"Not significant"
"P3C4 / P3C4+Nigericin","POTEI","P0CG38","P0CG38","POTEI_HUMAN","POTE ankyrin domain family member I","P0CG38_Y918_M2_28","Phospho (STY)",1.0730751723416,0.533289459021315,0.0571260791335131,4,"Not significant"
"P3C4 / P3C4+Nigericin","ILF2","Q12905","Q12905","ILF2_HUMAN","Interleukin enhancer-binding factor 2","Q12905_Y338_M1_28","Phospho (STY)",7.98165922020762,0.53474151767788,0.058674179546832,5,"Not significant"
"P3C4 / P3C4+Nigericin","COMT","P21964","P21964","COMT_HUMAN","Catechol O-methyltransferase","P21964_Y82_M1_28","Phospho (STY)",0.237631669319854,0.534948248634224,0.05880245027564,6,"Not significant"
"P3C4 / P3C4+Nigericin","GAPDH","P04406","P04406","G3P_HUMAN","Glyceraldehyde-3-phosphate dehydrogenase","P04406_S125_M2_28","Phospho (STY)",1.77830183136797,0.535261212879734,0.059191990469473,6,"Not significant"
"P3C4 / P3C4+Nigericin","GAPDH","P04406","P04406","G3P_HUMAN","Glyceraldehyde-3-phosphate dehydrogenase","P04406_S122_M2_28","Phospho (STY)",1.77830183136797,0.535261212879734,0.059191990469473,6,"Not significant"
"P3C4 / P3C4+Nigericin","RCSD1","Q6JBY9","Q6JBY9","CPZIP_HUMAN","CapZ-interacting protein","Q6JBY9_S108_M1_28","Phospho (STY)",3.39795264946061,0.5376176368255,0.0614881062301356,4,"Not significant"
"P3C4 / P3C4+Nigericin","DNM2","P50570","P50570","DYN2_HUMAN","Dynamin-2","P50570_Y231_M1_28","Phospho (STY)",1.09797068257546,0.537755018341609,0.061723069044628,6,"Not significant"
"P3C4 / P3C4+Nigericin","TKT","P29401","P29401","TKT_HUMAN","Transketolase","P29401_T287_M1_28","Phospho (STY)",1.41214691031708,0.53790479668899,0.0618421085378978,6,"Not significant"
"P3C4 / P3C4+Nigericin","HSPB1","P04792","P04792","HSPB1_HUMAN","Heat shock protein beta-1","P04792_S82_M1_28","Phospho (STY)",1.05846391135371,0.538299388833595,0.0623837191875058,6,"Not significant"
"P3C4 / P3C4+Nigericin","HPCAL1","P37235","P37235","HPCL1_HUMAN","Hippocalcin-like protein 1","P37235_T158_M1_28","Phospho (STY)",-8.97141227149448,0.538299388833595,0.0624753571405683,5,"Not significant"
"P3C4 / P3C4+Nigericin","AHNAK","Q09666","Q09666","AHNK_HUMAN","Neuroblast differentiation-associated protein AHNAK","Q09666_S93_M1_28","Phospho (STY)",1.65715946577901,0.539841391073839,0.0635905473593882,6,"Not significant"
"P3C4 / P3C4+Nigericin","GOLGA2","Q08379","Q08379","GOGA2_HUMAN","Golgin subfamily A member 2","Q08379_Y846_M1_28","Phospho (STY)",1.96280368165181,0.542253918404537,0.0655371586418375,4,"Not significant"
"P3C4 / P3C4+Nigericin","PNISR","Q8TF01","Q8TF01","PNISR_HUMAN","Arginine/serine-rich protein PNISR","Q8TF01_S211_M1_28","Phospho (STY)",1.32852942445714,0.54310949412719,0.0666131713082241,6,"Not significant"
"P3C4 / P3C4+Nigericin","AHNAK","Q09666","Q09666","AHNK_HUMAN","Neuroblast differentiation-associated protein AHNAK","Q09666_S2252_M1_28","Phospho (STY)",0.986814647196001,0.543397146648683,0.0668531149314848,6,"Not significant"
"P3C4 / P3C4+Nigericin","AHNAK","Q09666","Q09666","AHNK_HUMAN","Neuroblast differentiation-associated protein AHNAK","Q09666_S4069_M1_28","Phospho (STY)",0.986814647196001,0.543397146648683,0.0668531149314848,6,"Not significant"
"P3C4 / P3C4+Nigericin","ABCC3","O15438","O15438","MRP3_HUMAN","ATP-binding cassette sub-family C member 3","O15438_S273_M1_28","Phospho (STY)",0.779836744537972,0.543521996615648,0.0671438122326367,5,"Not significant"
"P3C4 / P3C4+Nigericin","FKBP15","Q5T1M5","Q5T1M5","FKB15_HUMAN","FK506-binding protein 15","Q5T1M5_S956_M1_28","Phospho (STY)",0.917435726588031,0.544230859971436,0.0681535617518882,5,"Not significant"
"P3C4 / P3C4+Nigericin","SP100","P23497","P23497","SP100_HUMAN","Nuclear autoantigen Sp-100","P23497_S18_M1_28","Phospho (STY)",1.55108052804018,0.544367578840966,0.0682143784357799,6,"Not significant"
"P3C4 / P3C4+Nigericin","TUBB5;TUBB","Cont_Q2KJD0;P07437","Cont_Q2KJD0;P07437","TBB5_BOVIN;TBB5_HUMAN","Tubulin beta-5 chain;Tubulin beta chain","Cont_Q2KJD0_Y281_M3_28","Phospho (STY)",1.00892181687448,0.546669893172598,0.0715737116268828,6,"Not significant"
"P3C4 / P3C4+Nigericin","TUBB5;TUBB","Cont_Q2KJD0;P07437","Cont_Q2KJD0;P07437","TBB5_BOVIN;TBB5_HUMAN","Tubulin beta-5 chain;Tubulin beta chain","P07437_Y281_M3_28","Phospho (STY)",1.00892181687448,0.546669893172598,0.0715737116268828,6,"Not significant"
"P3C4 / P3C4+Nigericin","PEA15","Q15121","Q15121","PEA15_HUMAN","Astrocytic phosphoprotein PEA-15","Q15121_Y4_M1_28","Phospho (STY)",-0.443421184358941,0.546669893172598,0.0715822155844107,5,"Not significant"
"P3C4 / P3C4+Nigericin","STMN1","P16949","P16949","STMN1_HUMAN","Stathmin","P16949_S25_M1_28","Phospho (STY)",1.57690565439538,0.546950501537202,0.0720599106200797,6,"Not significant"
"P3C4 / P3C4+Nigericin","ACAT2","Q9BWD1","Q9BWD1","THIC_HUMAN","Acetyl-CoA acetyltransferase, cytosolic","Q9BWD1_T275_M1_28","Phospho (STY)",1.40129689111874,0.54954172029141,0.0750370096757893,6,"Not significant"
"P3C4 / P3C4+Nigericin","AHNAK","Q09666","Q09666","AHNK_HUMAN","Neuroblast differentiation-associated protein AHNAK","Q09666_S3159_M1_28","Phospho (STY)",1.18380025156641,0.55134382976446,0.0771310723629113,6,"Not significant"
"P3C4 / P3C4+Nigericin","AHNAK","Q09666","Q09666","AHNK_HUMAN","Neuroblast differentiation-associated protein AHNAK","Q09666_S3941_M1_28","Phospho (STY)",1.18380025156641,0.55134382976446,0.0771310723629113,6,"Not significant"
"P3C4 / P3C4+Nigericin","ACIN1","Q9UKV3","Q9UKV3","ACINU_HUMAN","Apoptotic chromatin condensation inducer in the nucleus","Q9UKV3_S1004_M1_28","Phospho (STY)",0.404900506556311,0.551860207374945,0.077586799614385,6,"Not significant"
"P3C4 / P3C4+Nigericin","HDGFL2","Q7Z4V5","Q7Z4V5","HDGR2_HUMAN","Hepatoma-derived growth factor-related protein 2","Q7Z4V5_Y40_M1_28","Phospho (STY)",1.53303091105697,0.55199136372305,0.0777473255599263,6,"Not significant"
"P3C4 / P3C4+Nigericin","OS9","Q13438","Q13438","OS9_HUMAN","Protein OS-9","Q13438_T546_M1_28","Phospho (STY)",0.323842849667803,0.552586285958244,0.0782155757579194,6,"Not significant"
"P3C4 / P3C4+Nigericin","AKT1S1","Q96B36","Q96B36","AKTS1_HUMAN","Proline-rich AKT1 substrate 1","Q96B36_Y46_M1_28","Phospho (STY)",2.21990846686875,0.552586285958244,0.0782846352676682,5,"Not significant"
"P3C4 / P3C4+Nigericin","GPSM3","Q9Y4H4","Q9Y4H4","GPSM3_HUMAN","G-protein-signaling modulator 3","Q9Y4H4_S56_M1_28","Phospho (STY)",0.884667661375557,0.553222616739908,0.0788840950879605,5,"Not significant"
"P3C4 / P3C4+Nigericin","H2BC21","Q16778","Q16778","H2B2E_HUMAN","Histone H2B type 2-E","Q16778_Y38_M2_28","Phospho (STY)",-5.81355572383488,0.553425965891027,0.0790227513900617,5,"Not significant"
"P3C4 / P3C4+Nigericin","ACLY","P53396","P53396","ACLY_HUMAN","ATP-citrate synthase","P53396_Y704_M1_28","Phospho (STY)",1.13413129742471,0.554083193706363,0.0797625428063964,6,"Not significant"
"P3C4 / P3C4+Nigericin","HSP90AA1","P07900","P07900","HS90A_HUMAN","Heat shock protein HSP 90-alpha","P07900_S442_M1_28","Phospho (STY)",1.15653791545602,0.554390999809158,0.0803706247964859,5,"Not significant"
"P3C4 / P3C4+Nigericin","CAP1","Q01518","Q01518","CAP1_HUMAN","Adenylyl cyclase-associated protein 1","Q01518_Y43_M1_28","Phospho (STY)",1.44583524488275,0.554390999809158,0.0802325240517092,4,"Not significant"
"P3C4 / P3C4+Nigericin","RPS3","P23396","P23396","RS3_HUMAN","Small ribosomal subunit protein uS3","P23396_S209_M1_28","Phospho (STY)",0.878576751341604,0.556703426472999,0.0846842701157612,5,"Not significant"
"P3C4 / P3C4+Nigericin","BCLAF1","Q9NYF8","Q9NYF8","BCLF1_HUMAN","Bcl-2-associated transcription factor 1","Q9NYF8_S531_M1_28","Phospho (STY)",0.68764138271206,0.558134257507432,0.0859557201589959,6,"Not significant"
"P3C4 / P3C4+Nigericin","SRSF9","Q13242","Q13242","SRSF9_HUMAN","Serine/arginine-rich splicing factor 9","Q13242_S211_M1_28","Phospho (STY)",1.322052217802,0.55858754447874,0.0864673798270991,6,"Not significant"
"P3C4 / P3C4+Nigericin","RDX","P35241","P35241","RADI_HUMAN","Radixin","P35241_T10_M2_28","Phospho (STY)",0.478612634831685,0.559236585651988,0.0871838795677418,5,"Not significant"
"P3C4 / P3C4+Nigericin","EEF1D","P29692","P29692","EF1D_HUMAN","Elongation factor 1-delta","P29692_S133_M1_28","Phospho (STY)",1.33889443421132,0.560553204032639,0.0890701420372311,6,"Not significant"
"P3C4 / P3C4+Nigericin","TAGLN2","P37802","P37802","TAGL2_HUMAN","Transgelin-2","P37802_Y70_M1_28","Phospho (STY)",1.54654845911288,0.560755563577823,0.0894481317370668,6,"Not significant"
"P3C4 / P3C4+Nigericin","LMNA","P02545","P02545","LMNA_HUMAN","Prelamin-A/C","P02545_T24_M1_28","Phospho (STY)",1.32412521874572,0.561281957027706,0.0902273721595233,4,"Not significant"
"P3C4 / P3C4+Nigericin","H1-2","P16403","P16403","H12_HUMAN","Histone H1.2","P16403_T31_M2_28","Phospho (STY)",0.999407514377545,0.561540370620606,0.0905197849135052,4,"Not significant"
"P3C4 / P3C4+Nigericin","AHNAK","Q09666","Q09666","AHNK_HUMAN","Neuroblast differentiation-associated protein AHNAK","Q09666_S1452_M1_28","Phospho (STY)",1.13229080679459,0.561785337614955,0.0906479400531292,6,"Not significant"
"P3C4 / P3C4+Nigericin","M6PR","P20645","P20645","MPRD_HUMAN","Cation-dependent mannose-6-phosphate receptor","P20645_S42_M1_28","Phospho (STY)",-0.785600545096177,0.562970743457076,0.0922882933211919,6,"Not significant"
"P3C4 / P3C4+Nigericin","PWP2","Q15269","Q15269","PWP2_HUMAN","Periodic tryptophan protein 2 homolog","Q15269_S772_M1_28","Phospho (STY)",1.1500147877684,0.564082618770281,0.0942911814653934,6,"Not significant"
"P3C4 / P3C4+Nigericin","TCOF1","Q13428","Q13428","TCOF_HUMAN","Treacle protein","Q13428_S503_M1_28","Phospho (STY)",0.68838104286459,0.564563755857138,0.0949437470872745,6,"Not significant"
"P3C4 / P3C4+Nigericin","CCAR2","Q8N163","Q8N163","CCAR2_HUMAN","Cell cycle and apoptosis regulator protein 2","Q8N163_Y100_M1_28","Phospho (STY)",0.715039939761775,0.565290306619087,0.0962276950030248,6,"Not significant"
"P3C4 / P3C4+Nigericin","CAT","P04040","P04040","CATA_HUMAN","Catalase","P04040_Y308_M1_28","Phospho (STY)",0.728115550754921,0.567072671542456,0.0988846112156171,6,"Not significant"
"P3C4 / P3C4+Nigericin","CD44","P16070","P16070","CD44_HUMAN","CD44 antigen","P16070_S706_M1_28","Phospho (STY)",2.12011688952836,0.567221595465526,0.0990488815374338,5,"Not significant"
"P3C4 / P3C4+Nigericin","HNRNPA2B1","P22626","P22626","ROA2_HUMAN","Heterogeneous nuclear ribonucleoproteins A2/B1","P22626_S29_M1_28","Phospho (STY)",1.4660541371628,0.567729563587085,0.0999031815983569,6,"Not significant"
"P3C4 / P3C4+Nigericin","CORO7","P57737","P57737","CORO7_HUMAN","Coronin-7","P57737_T536_M2_28","Phospho (STY)",0.700282226757386,0.56893800683927,0.101138917032529,5,"Not significant"
"P3C4 / P3C4+Nigericin","IFI16","Q16666","Q16666","IF16_HUMAN","Gamma-interferon-inducible protein 16","Q16666_S153_M1_28","Phospho (STY)",1.63133201094534,0.56901586456967,0.1013130480493,5,"Not significant"
"P3C4 / P3C4+Nigericin","HNRNPA0","Q13151","Q13151","ROA0_HUMAN","Heterogeneous nuclear ribonucleoprotein A0","Q13151_Y145_M1_28","Phospho (STY)",1.57269979144758,0.569255740703786,0.102022107199836,6,"Not significant"
"P3C4 / P3C4+Nigericin","HNRNPH1","P31943","P31943","HNRH1_HUMAN","Heterogeneous nuclear ribonucleoprotein H","P31943_S104_M1_28","Phospho (STY)",1.16639564356265,0.569275883363155,0.102191560737789,6,"Not significant"
"P3C4 / P3C4+Nigericin","LMNA","P02545","P02545","LMNA_HUMAN","Prelamin-A/C","P02545_S392_M1_28","Phospho (STY)",0.59408753374172,0.57008301162614,0.103136188900502,6,"Not significant"
"P3C4 / P3C4+Nigericin","LNPK","Q9C0E8","Q9C0E8","LNP_HUMAN","Endoplasmic reticulum junction formation protein lunapark","Q9C0E8_S194_M1_28","Phospho (STY)",1.35011678828454,0.571160707059494,0.104658521425028,6,"Not significant"
"P3C4 / P3C4+Nigericin","STAT1","P42224","P42224","STAT1_HUMAN","Signal transducer and activator of transcription 1-alpha/beta","P42224_Y701_M1_28","Phospho (STY)",1.66057138674769,0.572959578724891,0.107506091514902,6,"Not significant"
"P3C4 / P3C4+Nigericin","VIM","P08670","P08670","VIME_HUMAN","Vimentin","P08670_T327_M1_28","Phospho (STY)",0.879033332507681,0.573362877128644,0.108067756504649,6,"Not significant"
"P3C4 / P3C4+Nigericin","AHNAK","Q09666","Q09666","AHNK_HUMAN","Neuroblast differentiation-associated protein AHNAK","Q09666_S5448_M1_28","Phospho (STY)",0.977710655045536,0.573362877128644,0.108134751478654,6,"Not significant"
"P3C4 / P3C4+Nigericin","VIM","P08670","P08670","VIME_HUMAN","Vimentin","P08670_S56_M1_28","Phospho (STY)",1.75657261481734,0.573515793299745,0.108422448620316,4,"Not significant"
"P3C4 / P3C4+Nigericin","ACTBL2","Q562R1","Q562R1","ACTBL_HUMAN","Beta-actin-like protein 2","Q562R1_Y241_M1_28","Phospho (STY)",1.14435909452093,0.57388824411895,0.109106690942139,5,"Not significant"
"P3C4 / P3C4+Nigericin","AHNAK","Q09666","Q09666","AHNK_HUMAN","Neuroblast differentiation-associated protein AHNAK","Q09666_S5752_M1_28","Phospho (STY)",1.13444001387427,0.574009282745699,0.109300537870325,6,"Not significant"
"P3C4 / P3C4+Nigericin","RPL31","P62899","P62899","RL31_HUMAN","Large ribosomal subunit protein eL31","P62899_S15_M1_28","Phospho (STY)",1.87121502086599,0.574061556316899,0.109572670492607,6,"Not significant"
"P3C4 / P3C4+Nigericin","IRF2BPL","Q9H1B7","Q9H1B7","I2BPL_HUMAN","Probable E3 ubiquitin-protein ligase IRF2BPL","Q9H1B7_S547_M1_28","Phospho (STY)",1.21106270215582,0.574570008614303,0.110294993879226,5,"Not significant"
"P3C4 / P3C4+Nigericin","ABI1","Q8IZP0","Q8IZP0","ABI1_HUMAN","Abl interactor 1","Q8IZP0_Y198_M1_28","Phospho (STY)",1.21789686174972,0.576529385503259,0.113557778152878,6,"Not significant"
"P3C4 / P3C4+Nigericin","ESF1","Q9H501","Q9H501","ESF1_HUMAN","ESF1 homolog","Q9H501_S371_M1_28","Phospho (STY)",0.912858681534975,0.57768582458006,0.115736023699058,6,"Not significant"
"P3C4 / P3C4+Nigericin","SRRM2","Q9UQ35","Q9UQ35","SRRM2_HUMAN","Serine/arginine repetitive matrix protein 2","Q9UQ35_T1043_M1_28","Phospho (STY)",1.19489438551949,0.577848021911237,0.11597463461895,5,"Not significant"
"P3C4 / P3C4+Nigericin","P4HB","P07237","P07237","PDIA1_HUMAN","Protein disulfide-isomerase","P07237_T319_M1_28","Phospho (STY)",0.288861974237069,0.577975045900892,0.116264290287868,5,"Not significant"
"P3C4 / P3C4+Nigericin","AHNAK","Q09666","Q09666","AHNK_HUMAN","Neuroblast differentiation-associated protein AHNAK","Q09666_S135_M1_28","Phospho (STY)",1.3027778705154,0.580734223759403,0.120702603769314,6,"Not significant"
"P3C4 / P3C4+Nigericin","EVL","Q9UI08","Q9UI08","EVL_HUMAN","Ena/VASP-like protein","Q9UI08_S331_M1_28","Phospho (STY)",1.2604853616716,0.581428565468212,0.122052348995804,5,"Not significant"
"P3C4 / P3C4+Nigericin","NCL","P19338","P19338","NUCL_HUMAN","Nucleolin","P19338_S563_M1_28","Phospho (STY)",1.12516871917738,0.581807005116735,0.122727862393676,6,"Not significant"
"P3C4 / P3C4+Nigericin","GLOD4","Q9HC38","Q9HC38","GLOD4_HUMAN","Glyoxalase domain-containing protein 4","Q9HC38_T242_M1_28","Phospho (STY)",1.34704499896124,0.582259465705543,0.123921226232258,5,"Not significant"
"P3C4 / P3C4+Nigericin","RPLP1","P05386","P05386","RLA1_HUMAN","Large ribosomal subunit protein P1","P05386_T84_M2_28","Phospho (STY)",-2.19176260050803,0.58280441553595,0.125019616950453,4,"Not significant"
"P3C4 / P3C4+Nigericin","DYNLRB1","Q9NP97","Q9NP97","DLRB1_HUMAN","Dynein light chain roadblock-type 1","Q9NP97_Y86_M1_28","Phospho (STY)",2.73587443096306,0.586436852763361,0.131372081307572,5,"Not significant"
"P3C4 / P3C4+Nigericin","EZR","P15311","P15311","EZRI_HUMAN","Ezrin","P15311_S366_M1_28","Phospho (STY)",0.522145380263402,0.586587608160154,0.131929551889366,6,"Not significant"
"P3C4 / P3C4+Nigericin","EEF2","P13639","P13639","EF2_HUMAN","Elongation factor 2","P13639_Y634_M1_28","Phospho (STY)",0.844038038026596,0.587236953617175,0.132740932405707,5,"Not significant"
"P3C4 / P3C4+Nigericin","GSN","Cont_Q3SX14","Cont_Q3SX14","GELS_BOVIN","Gelsolin","Cont_Q3SX14_Y320_M1_28","Phospho (STY)",0.506071519911634,0.587314817933161,0.133188460896883,6,"Not significant"
"P3C4 / P3C4+Nigericin","SKIC2","Q15477","Q15477","SKI2_HUMAN","Superkiller complex protein 2","Q15477_S840_M1_28","Phospho (STY)",0.500902361770752,0.587535081903964,0.133717379698505,5,"Not significant"
"P3C4 / P3C4+Nigericin","AHNAK","Q09666","Q09666","AHNK_HUMAN","Neuroblast differentiation-associated protein AHNAK","Q09666_S3611_M1_28","Phospho (STY)",1.23745361778745,0.588574251603929,0.135940426486046,6,"Not significant"
"P3C4 / P3C4+Nigericin","GOT2","P00505","P00505","AATM_HUMAN","Aspartate aminotransferase, mitochondrial","P00505_S317_M2_28","Phospho (STY)",0.474691826853234,0.58871626339458,0.136431683310803,6,"Not significant"
"P3C4 / P3C4+Nigericin","GOT2","P00505","P00505","AATM_HUMAN","Aspartate aminotransferase, mitochondrial","P00505_Y316_M2_28","Phospho (STY)",0.474691826853234,0.58871626339458,0.136431683310803,6,"Not significant"
"P3C4 / P3C4+Nigericin","RAB44","Q7Z6P3","Q7Z6P3","RAB44_HUMAN","Ras-related protein Rab-44","Q7Z6P3_T874_M1_28","Phospho (STY)",0.477123085239345,0.589519481359051,0.138097978559368,6,"Not significant"
"P3C4 / P3C4+Nigericin","LMAN2L","Q9H0V9","Q9H0V9","LMA2L_HUMAN","VIP36-like protein","Q9H0V9_Y134_M2_28","Phospho (STY)",-0.570417824716133,0.590311356329878,0.13957664403736,6,"Not significant"
"P3C4 / P3C4+Nigericin","G3BP1","Q13283","Q13283","G3BP1_HUMAN","Ras GTPase-activating protein-binding protein 1","Q13283_S232_M1_28","Phospho (STY)",1.48513016713935,0.590452600780972,0.139897664258796,5,"Not significant"
"P3C4 / P3C4+Nigericin","AKAP13","Q12802","Q12802","AKP13_HUMAN","A-kinase anchor protein 13","Q12802_S441_M2_28","Phospho (STY)",0.77707408406928,0.591152890505133,0.141467960370842,4,"Not significant"
"P3C4 / P3C4+Nigericin","CAP1","Q01518","Q01518","CAP1_HUMAN","Adenylyl cyclase-associated protein 1","Q01518_T78_M1_28","Phospho (STY)",0.718277160252746,0.591281330926782,0.141671804298053,6,"Not significant"
"P3C4 / P3C4+Nigericin","PTPRE","P23469","P23469","PTPRE_HUMAN","Receptor-type tyrosine-protein phosphatase epsilon","P23469_Y165_M1_28","Phospho (STY)",0.80632326818946,0.594167652857635,0.14629248591431,6,"Not significant"
"P3C4 / P3C4+Nigericin","SH3KBP1","Q96B97","Q96B97","SH3K1_HUMAN","SH3 domain-containing kinase-binding protein 1","Q96B97_S230_M1_28","Phospho (STY)",1.42272295079576,0.594983671926928,0.147678890069744,6,"Not significant"
"P3C4 / P3C4+Nigericin","YTHDC1","Q96MU7","Q96MU7","YTDC1_HUMAN","YTH domain-containing protein 1","Q96MU7_S308_M1_28","Phospho (STY)",0.575872812369456,0.595189337902858,0.147973323580316,6,"Not significant"
"P3C4 / P3C4+Nigericin","NACA","E9PAV3;Q13765","E9PAV3;Q13765","NACAM_HUMAN;NACA_HUMAN","Nascent polypeptide-associated complex subunit alpha, muscle-specific form;Nascent polypeptide-associated complex subunit alpha","E9PAV3_Y1983_M1_28","Phospho (STY)",1.22955830341415,0.595383842542741,0.148790728416873,6,"Not significant"
"P3C4 / P3C4+Nigericin","NACA","E9PAV3;Q13765","E9PAV3;Q13765","NACAM_HUMAN;NACA_HUMAN","Nascent polypeptide-associated complex subunit alpha, muscle-specific form;Nascent polypeptide-associated complex subunit alpha","Q13765_Y120_M1_28","Phospho (STY)",1.22955830341415,0.595383842542741,0.148790728416873,6,"Not significant"
"P3C4 / P3C4+Nigericin","SND1","Q7KZF4","Q7KZF4","SND1_HUMAN","Staphylococcal nuclease domain-containing protein 1","Q7KZF4_Y178_M2_28","Phospho (STY)",-1.06465344799918,0.59595534534435,0.150113517222521,6,"Not significant"
"P3C4 / P3C4+Nigericin","ALDOA","P04075","P04075","ALDOA_HUMAN","Fructose-bisphosphate aldolase A","P04075_S176_M1_28","Phospho (STY)",0.533481441210447,0.597583945464662,0.153860986090805,5,"Not significant"
"P3C4 / P3C4+Nigericin","NDUFB4","O95168","O95168","NDUB4_HUMAN","NADH dehydrogenase [ubiquinone] 1 beta subcomplex subunit 4","O95168_Y6_M1_28","Phospho (STY)",0.287057944110749,0.59907926629372,0.156523647054182,6,"Not significant"
"P3C4 / P3C4+Nigericin","RNH1","P13489","P13489","RINI_HUMAN","Ribonuclease inhibitor","P13489_Y151_M1_28","Phospho (STY)",0.812253580549318,0.599366930835194,0.156884159148994,6,"Not significant"
"P3C4 / P3C4+Nigericin","AHNAK","Q09666","Q09666","AHNK_HUMAN","Neuroblast differentiation-associated protein AHNAK","Q09666_S2580_M1_28","Phospho (STY)",0.744094900072898,0.600904230128763,0.15928440746959,6,"Not significant"
"P3C4 / P3C4+Nigericin","AHNAK","Q09666","Q09666","AHNK_HUMAN","Neuroblast differentiation-associated protein AHNAK","Q09666_S4002_M1_28","Phospho (STY)",0.744094900072898,0.600904230128763,0.15928440746959,6,"Not significant"
"P3C4 / P3C4+Nigericin","AHNAK","Q09666","Q09666","AHNK_HUMAN","Neuroblast differentiation-associated protein AHNAK","Q09666_S4258_M1_28","Phospho (STY)",0.744094900072898,0.600904230128763,0.15928440746959,6,"Not significant"
"P3C4 / P3C4+Nigericin","AHNAK","Q09666","Q09666","AHNK_HUMAN","Neuroblast differentiation-associated protein AHNAK","Q09666_S4460_M1_28","Phospho (STY)",0.744094900072898,0.600904230128763,0.15928440746959,6,"Not significant"
"P3C4 / P3C4+Nigericin","H1-3","P16402","P16402","H13_HUMAN","Histone H1.3","P16402_S37_M1_28","Phospho (STY)",-0.558508255378142,0.602678754150652,0.163109005914216,6,"Not significant"
"P3C4 / P3C4+Nigericin","PGK1","P00558","P00558","PGK1_HUMAN","Phosphoglycerate kinase 1","P00558_Y324_M1_28","Phospho (STY)",0.630757368873161,0.602954174911369,0.163711864081632,6,"Not significant"
"P3C4 / P3C4+Nigericin","POTEF","A5A3E0","A5A3E0","POTEF_HUMAN","POTE ankyrin domain family member F","A5A3E0_T929_M1_28","Phospho (STY)",0.306614839489093,0.603121480649919,0.180959536708684,6,"Not significant"
"P3C4 / P3C4+Nigericin","YWHAZ","Cont_P63103;P63104","Cont_P63103;P63104","1433Z_BOVIN;1433Z_HUMAN","14-3-3 protein zeta/delta","Cont_P63103_S145_M1_28","Phospho (STY)",1.19316937705484,0.603121480649919,0.164811391682514,5,"Not significant"
"P3C4 / P3C4+Nigericin","YWHAZ","Cont_P63103;P63104","Cont_P63103;P63104","1433Z_BOVIN;1433Z_HUMAN","14-3-3 protein zeta/delta","P63104_S145_M1_28","Phospho (STY)",1.19316937705484,0.603121480649919,0.164811391682514,5,"Not significant"
"P3C4 / P3C4+Nigericin","PER1","O15534","O15534","PER1_HUMAN","Period circadian protein homolog 1","O15534_S1186_M1_28","Phospho (STY)",5.25962958473543,0.603121480649919,0.190126846831025,6,"Not significant"
"P3C4 / P3C4+Nigericin","ALDOA","P04075","P04075","ALDOA_HUMAN","Fructose-bisphosphate aldolase A","P04075_S160_M2_28","Phospho (STY)",8.38627642993081,0.603121480649919,0.187630138460598,6,"Not significant"
"P3C4 / P3C4+Nigericin","ALDOA","P04075","P04075","ALDOA_HUMAN","Fructose-bisphosphate aldolase A","P04075_T158_M2_28","Phospho (STY)",8.38627642993081,0.603121480649919,0.187630138460598,6,"Not significant"
"P3C4 / P3C4+Nigericin","PTMA","P06454","P06454","PTMA_HUMAN","Prothymosin alpha","P06454_S2_M1_28","Phospho (STY)",-0.942972650156783,0.603121480649919,0.176508309141752,6,"Not significant"
"P3C4 / P3C4+Nigericin","P4HB","P07237","P07237","PDIA1_HUMAN","Protein disulfide-isomerase","P07237_Y414_M2_28","Phospho (STY)",-4.74503489732011,0.603121480649919,0.194164983184753,6,"Not significant"
"P3C4 / P3C4+Nigericin","P4HB","P07237","P07237","PDIA1_HUMAN","Protein disulfide-isomerase","P07237_Y116_M2_28","Phospho (STY)",1.63676041436386,0.603121480649919,0.165181123599431,6,"Not significant"
"P3C4 / P3C4+Nigericin","PRSS1","P07477","P07477","TRY1_HUMAN","Serine protease 1","P07477_T103_M2_28","Phospho (STY)",0.421316324040247,0.603121480649919,0.174148576993691,6,"Not significant"
"P3C4 / P3C4+Nigericin","PRSS1","P07477","P07477","TRY1_HUMAN","Serine protease 1","P07477_Y99_M2_28","Phospho (STY)",0.421316324040247,0.603121480649919,0.174148576993691,6,"Not significant"
"P3C4 / P3C4+Nigericin","HSPA1A;HSPA1B","P0DMV8;P0DMV9","P0DMV8;P0DMV9","HS71A_HUMAN;HS71B_HUMAN","Heat shock 70 kDa protein 1A;Heat shock 70 kDa protein 1B","P0DMV8_Y15_M1_28","Phospho (STY)",1.04251362183639,0.603121480649919,0.178041635136033,6,"Not significant"
"P3C4 / P3C4+Nigericin","HSPA1A;HSPA1B","P0DMV8;P0DMV9","P0DMV8;P0DMV9","HS71A_HUMAN;HS71B_HUMAN","Heat shock 70 kDa protein 1A;Heat shock 70 kDa protein 1B","P0DMV9_Y15_M1_28","Phospho (STY)",1.04251362183639,0.603121480649919,0.178041635136033,6,"Not significant"
"P3C4 / P3C4+Nigericin","HSPD1","P10809","P10809","CH60_HUMAN","60 kDa heat shock protein, mitochondrial","P10809_T54_M1_28","Phospho (STY)",-0.631069086323372,0.603121480649919,0.167796181357459,6,"Not significant"
"P3C4 / P3C4+Nigericin","HSPA8","P11142","P11142","HSP7C_HUMAN","Heat shock cognate 71 kDa protein","P11142_T66_M2_28","Phospho (STY)",0.651150572783087,0.603121480649919,0.191741540400137,6,"Not significant"
"P3C4 / P3C4+Nigericin","HSPA8","P11142","P11142","HSP7C_HUMAN","Heat shock cognate 71 kDa protein","P11142_T64_M2_28","Phospho (STY)",0.651150572783087,0.603121480649919,0.191741540400137,6,"Not significant"
"P3C4 / P3C4+Nigericin","ACADM","P11310","P11310","ACADM_HUMAN","Medium-chain specific acyl-CoA dehydrogenase, mitochondrial","P11310_T220_M1_28","Phospho (STY)",0.665927389503921,0.603121480649919,0.186868256793432,5,"Not significant"
"P3C4 / P3C4+Nigericin","PCNA","P12004","P12004","PCNA_HUMAN","Proliferating cell nuclear antigen","P12004_Y133_M2_28","Phospho (STY)",0.826045975340064,0.603121480649919,0.18805218292411,6,"Not significant"
"P3C4 / P3C4+Nigericin","RNH1","P13489","P13489","RINI_HUMAN","Ribonuclease inhibitor","P13489_S50_M1_28","Phospho (STY)",1.33340789352678,0.603121480649919,0.191135318402686,6,"Not significant"
"P3C4 / P3C4+Nigericin","PDIA4","P13667","P13667","PDIA4_HUMAN","Protein disulfide-isomerase A4","P13667_Y595_M1_28","Phospho (STY)",0.894339508576098,0.603121480649919,0.193366757834895,6,"Not significant"
"P3C4 / P3C4+Nigericin","HMGA1","P17096","P17096","HMGA1_HUMAN","High mobility group protein HMG-I/HMG-Y","P17096_S49_M1_28","Phospho (STY)",0.201885641259004,0.603121480649919,0.166793504211698,5,"Not significant"
"P3C4 / P3C4+Nigericin","PTGS1","P23219","P23219","PGH1_HUMAN","Prostaglandin G/H synthase 1","P23219_Y543_M2_28","Phospho (STY)",-5.31192502217032,0.603121480649919,0.183151250453127,6,"Not significant"
"P3C4 / P3C4+Nigericin","PDIA3","P30101","P30101","PDIA3_HUMAN","Protein disulfide-isomerase A3","P30101_Y467_M1_28","Phospho (STY)",7.72529118423659,0.603121480649919,0.185188634703646,6,"Not significant"
"P3C4 / P3C4+Nigericin","AHNAK","Q09666","Q09666","AHNK_HUMAN","Neuroblast differentiation-associated protein AHNAK","Q09666_S210_M1_28","Phospho (STY)",1.16434069307037,0.603121480649919,0.164439727906356,5,"Not significant"
"P3C4 / P3C4+Nigericin","AHNAK","Q09666","Q09666","AHNK_HUMAN","Neuroblast differentiation-associated protein AHNAK","Q09666_S216_M1_28","Phospho (STY)",1.59958696975696,0.603121480649919,0.178307063991833,5,"Not significant"
"P3C4 / P3C4+Nigericin","HP1BP3","Q5SSJ5","Q5SSJ5","HP1B3_HUMAN","Heterochromatin protein 1-binding protein 3","Q5SSJ5_Y344_M2_28","Phospho (STY)",0.643229858134419,0.603121480649919,0.188599850451005,6,"Not significant"
"P3C4 / P3C4+Nigericin","DTX3L","Q8TDB6","Q8TDB6","DTX3L_HUMAN","E3 ubiquitin-protein ligase DTX3L","Q8TDB6_S9_M1_28","Phospho (STY)",1.44277138944586,0.603121480649919,0.169046218405954,4,"Not significant"
"P3C4 / P3C4+Nigericin","RAB1B","Q9H0U4","Q9H0U4","RAB1B_HUMAN","Ras-related protein Rab-1B","Q9H0U4_S142_M1_28","Phospho (STY)",-0.608784260436951,0.603121480649919,0.173131438283954,6,"Not significant"
"P3C4 / P3C4+Nigericin","CHMP4B","Q9H444","Q9H444","CHM4B_HUMAN","Charged multivesicular body protein 4b","Q9H444_T21_M1_28","Phospho (STY)",10.071034253288,0.603121480649919,0.183605490843222,6,"Not significant"
"P3C4 / P3C4+Nigericin","ACAD9","Q9H845","Q9H845","ACAD9_HUMAN","Complex I assembly factor ACAD9, mitochondrial","Q9H845_Y165_M2_28","Phospho (STY)",8.2000907498028,0.603121480649919,0.19519298317774,6,"Not significant"
"P3C4 / P3C4+Nigericin","STOML2","Q9UJZ1","Q9UJZ1","STML2_HUMAN","Stomatin-like protein 2, mitochondrial","Q9UJZ1_S189_M1_28","Phospho (STY)",-1.60848359588522,0.603121480649919,0.171373820623843,6,"Not significant"
"P3C4 / P3C4+Nigericin","PDIA3","P30101","P30101","PDIA3_HUMAN","Protein disulfide-isomerase A3","P30101_Y364_M1_28","Phospho (STY)",4.42396079935194,0.60317970363413,0.19583222609533,6,"Not significant"
"P3C4 / P3C4+Nigericin","FLNA","P21333","P21333","FLNA_HUMAN","Filamin-A","P21333_S2279_M1_28","Phospho (STY)",0.961607546175898,0.603202993881853,0.199415166478978,6,"Not significant"
"P3C4 / P3C4+Nigericin","BSG","P35613","P35613","BASI_HUMAN","Basigin","P35613_T141_M1_28","Phospho (STY)",0.351602473490731,0.603202993881853,0.19680990454009,6,"Not significant"
"P3C4 / P3C4+Nigericin","COMT","P21964","P21964","COMT_HUMAN","Catechol O-methyltransferase","P21964_T163_M1_28","Phospho (STY)",4.19269205257767,0.603202993881853,0.196459125401971,5,"Not significant"
"P3C4 / P3C4+Nigericin","IDH3G","P51553","P51553","IDH3G_HUMAN","Isocitrate dehydrogenase [NAD] subunit gamma, mitochondrial","P51553_Y51_M2_28","Phospho (STY)",0.683789275021336,0.603222068131335,0.200146288466048,4,"Not significant"
"P3C4 / P3C4+Nigericin","HSPA9","P38646","P38646","GRP75_HUMAN","Stress-70 protein, mitochondrial","P38646_T504_M1_28","Phospho (STY)",1.17210610076161,0.603526448284182,0.202053441802746,6,"Not significant"
"P3C4 / P3C4+Nigericin","AHNAK","Q09666","Q09666","AHNK_HUMAN","Neuroblast differentiation-associated protein AHNAK","Q09666_S4348_M1_28","Phospho (STY)",0.907453350063831,0.603565501775099,0.202588700055325,4,"Not significant"
"P3C4 / P3C4+Nigericin","MYO1E","Q12965","Q12965","MYO1E_HUMAN","Unconventional myosin-Ie","Q12965_S912_M1_28","Phospho (STY)",0.329541074913866,0.603615043083975,0.202810550894551,5,"Not significant"
"P3C4 / P3C4+Nigericin","POTEF","A5A3E0","A5A3E0","POTEF_HUMAN","POTE ankyrin domain family member F","A5A3E0_Y918_M1_28","Phospho (STY)",0.916598579421306,0.603722288652649,0.204010637478965,5,"Not significant"
"P3C4 / P3C4+Nigericin","HSPA2","P54652","P54652","HSP72_HUMAN","Heat shock-related 70 kDa protein 2","P54652_Y108_M1_28","Phospho (STY)",-7.82028315662968,0.603857139243949,0.204798206119956,6,"Not significant"
"P3C4 / P3C4+Nigericin","HNRNPD","Q14103","Q14103","HNRPD_HUMAN","Heterogeneous nuclear ribonucleoprotein D0","Q14103_Y201_M1_28","Phospho (STY)",1.03822023337889,0.603898494199331,0.204885976390415,6,"Not significant"
"P3C4 / P3C4+Nigericin","CCT8","P50990","P50990","TCPQ_HUMAN","T-complex protein 1 subunit theta","P50990_Y468_M1_28","Phospho (STY)",0.849042346255731,0.604297821839308,0.206199678867599,6,"Not significant"
"P3C4 / P3C4+Nigericin","CHCHD3","Q9NX63","Q9NX63","MIC19_HUMAN","MICOS complex subunit MIC19","Q9NX63_S50_M1_28","Phospho (STY)",0.709373063643868,0.604556451135254,0.208353170198011,4,"Not significant"
"P3C4 / P3C4+Nigericin","NPM1","P06748","P06748","NPM_HUMAN","Nucleophosmin","P06748_Y67_M1_28","Phospho (STY)",0.700332844292831,0.605043898694828,0.211243314824898,6,"Not significant"
"P3C4 / P3C4+Nigericin","POLR3E","Q9NVU0","Q9NVU0","RPC5_HUMAN","DNA-directed RNA polymerase III subunit RPC5","Q9NVU0_Y404_M1_28","Phospho (STY)",1.60347790663422,0.605043898694828,0.211263945195322,6,"Not significant"
"P3C4 / P3C4+Nigericin","CEP170","Q5SW79","Q5SW79","CE170_HUMAN","Centrosomal protein of 170 kDa","Q5SW79_Y91_M2_28","Phospho (STY)",-5.01948664210859,0.605616547005085,0.214094587622257,6,"Not significant"
"P3C4 / P3C4+Nigericin","PARK7","Q99497","Q99497","PARK7_HUMAN","Parkinson disease protein 7","Q99497_T110_M1_28","Phospho (STY)",1.11115422879096,0.606164008804272,0.216262401356871,6,"Not significant"
"P3C4 / P3C4+Nigericin","HNRNPA1","P09651","P09651","ROA1_HUMAN","Heterogeneous nuclear ribonucleoprotein A1","P09651_Y62_M2_28","Phospho (STY)",3.44030322441904,0.606323923426561,0.216904412935789,6,"Not significant"
"P3C4 / P3C4+Nigericin","HSPA2","P54652","P54652","HSP72_HUMAN","Heat shock-related 70 kDa protein 2","P54652_S142_M2_28","Phospho (STY)",5.88777109514235,0.606323923426561,0.216916127865235,6,"Not significant"
"P3C4 / P3C4+Nigericin","HSP90AB1","P08238","P08238","HS90B_HUMAN","Heat shock protein HSP 90-beta","P08238_S67_M1_28","Phospho (STY)",-10.8076219240982,0.606374622368296,0.21711240965487,6,"Not significant"
"P3C4 / P3C4+Nigericin","PCBP2","Q15366","Q15366","PCBP2_HUMAN","Poly(rC)-binding protein 2","Q15366_S107_M1_28","Phospho (STY)",0.907913237745144,0.606730873462751,0.218325950881972,5,"Not significant"
"P3C4 / P3C4+Nigericin","ACIN1","Q9UKV3","Q9UKV3","ACINU_HUMAN","Apoptotic chromatin condensation inducer in the nucleus","Q9UKV3_S410_M1_28","Phospho (STY)",-1.11104404002955,0.606901628930107,0.219312119450257,4,"Not significant"
"P3C4 / P3C4+Nigericin","ALDOA","P04075","P04075","ALDOA_HUMAN","Fructose-bisphosphate aldolase A","P04075_T119_M1_28","Phospho (STY)",2.23185994792056,0.607267198212357,0.22103659166442,6,"Not significant"
"P3C4 / P3C4+Nigericin","CAP1","Q01518","Q01518","CAP1_HUMAN","Adenylyl cyclase-associated protein 1","Q01518_Y153_M1_28","Phospho (STY)",3.18402604000934,0.60767948238059,0.222434349935131,6,"Not significant"
"P3C4 / P3C4+Nigericin","VAMP3","Q15836","Q15836","VAMP3_HUMAN","Vesicle-associated membrane protein 3","Q15836_T18_M1_28","Phospho (STY)",0.624328594003364,0.60775920349373,0.222851055458107,6,"Not significant"
"P3C4 / P3C4+Nigericin","NDUFA9","Q16795","Q16795","NDUA9_HUMAN","NADH dehydrogenase [ubiquinone] 1 alpha subcomplex subunit 9, mitochondrial","Q16795_S219_M2_28","Phospho (STY)",0.659454090277883,0.607848134158316,0.22312890703766,6,"Not significant"
"P3C4 / P3C4+Nigericin","MMP14","P50281","P50281","MMP14_HUMAN","Matrix metalloproteinase-14","P50281_T412_M1_28","Phospho (STY)",1.42905848129542,0.609385022590736,0.227990871601681,6,"Not significant"
"P3C4 / P3C4+Nigericin","AHNAK","Q09666","Q09666","AHNK_HUMAN","Neuroblast differentiation-associated protein AHNAK","Q09666_S758_M1_28","Phospho (STY)",0.643545476643112,0.611418105799219,0.235742288950221,6,"Not significant"
"P3C4 / P3C4+Nigericin","RNH1","P13489","P13489","RINI_HUMAN","Ribonuclease inhibitor","P13489_Y151_M2_28","Phospho (STY)",-6.86464384336157,0.61189893385139,0.237743535325736,6,"Not significant"
"P3C4 / P3C4+Nigericin","UBE2I","P63279","P63279","UBC9_HUMAN","SUMO-conjugating enzyme UBC9","P63279_Y87_M1_28","Phospho (STY)",1.66578867745055,0.612418328711939,0.239427408986089,4,"Not significant"
"P3C4 / P3C4+Nigericin","ENO1","P06733","P06733","ENOA_HUMAN","Alpha-enolase","P06733_Y200_M1_28","Phospho (STY)",2.99689697532538,0.612862799296546,0.240731282838294,6,"Not significant"
"P3C4 / P3C4+Nigericin","HSPD1","P10809","P10809","CH60_HUMAN","60 kDa heat shock protein, mitochondrial","P10809_Y90_M2_28","Phospho (STY)",4.82337643587101,0.612879849640613,0.240773719080215,6,"Not significant"
"P3C4 / P3C4+Nigericin","PEA15","Q15121","Q15121","PEA15_HUMAN","Astrocytic phosphoprotein PEA-15","Q15121_S104_M1_28","Phospho (STY)",1.42698103226902,0.613656336363322,0.244922691922869,5,"Not significant"
"P3C4 / P3C4+Nigericin","UBE2J1","Q9Y385","Q9Y385","UB2J1_HUMAN","Ubiquitin-conjugating enzyme E2 J1","Q9Y385_S184_M1_28","Phospho (STY)",0.655929648637827,0.613675394055506,0.244967423348406,5,"Not significant"
"P3C4 / P3C4+Nigericin","NELFE","P18615","P18615","NELFE_HUMAN","Negative elongation factor E","P18615_S115_M1_28","Phospho (STY)",1.43716404739041,0.613868515049208,0.245345573457602,4,"Not significant"
"P3C4 / P3C4+Nigericin","MACROH2A1","O75367","O75367","H2AY_HUMAN","Core histone macro-H2A.1","O75367_S305_M1_28","Phospho (STY)",-0.514175114698795,0.613896630194027,0.245583816204146,6,"Not significant"
"P3C4 / P3C4+Nigericin","RPL21","P46778","P46778","RL21_HUMAN","Large ribosomal subunit protein eL21","P46778_T124_M1_28","Phospho (STY)",0.870210890158463,0.614876373366701,0.248703151476275,6,"Not significant"
"P3C4 / P3C4+Nigericin","AHNAK","Q09666","Q09666","AHNK_HUMAN","Neuroblast differentiation-associated protein AHNAK","Q09666_S2600_M1_28","Phospho (STY)",2.14023888010311,0.615145514296391,0.249325122347863,6,"Not significant"
"P3C4 / P3C4+Nigericin","AHNAK","Q09666","Q09666","AHNK_HUMAN","Neuroblast differentiation-associated protein AHNAK","Q09666_S2728_M1_28","Phospho (STY)",2.14023888010311,0.615145514296391,0.249325122347863,6,"Not significant"
"P3C4 / P3C4+Nigericin","AHNAK","Q09666","Q09666","AHNK_HUMAN","Neuroblast differentiation-associated protein AHNAK","Q09666_S4150_M1_28","Phospho (STY)",2.14023888010311,0.615145514296391,0.249325122347863,6,"Not significant"
"P3C4 / P3C4+Nigericin","AHNAK","Q09666","Q09666","AHNK_HUMAN","Neuroblast differentiation-associated protein AHNAK","Q09666_S4278_M1_28","Phospho (STY)",2.14023888010311,0.615145514296391,0.249325122347863,6,"Not significant"
"P3C4 / P3C4+Nigericin","RPS23","P62266","P62266","RS23_HUMAN","Small ribosomal subunit protein uS12","P62266_T82_M1_28","Phospho (STY)",0.531130723215344,0.616590425506844,0.253408220239384,6,"Not significant"
"P3C4 / P3C4+Nigericin","RBM39","Q14498","Q14498","RBM39_HUMAN","RNA-binding protein 39","Q14498_S136_M1_28","Phospho (STY)",0.526296473976525,0.617099219382479,0.254733997717412,6,"Not significant"
"P3C4 / P3C4+Nigericin","AIDA","Q96BJ3","Q96BJ3","AIDA_HUMAN","Axin interactor, dorsalization-associated protein","Q96BJ3_Y104_M1_28","Phospho (STY)",7.26926130810298,0.617285833035713,0.255248737340119,6,"Not significant"
"P3C4 / P3C4+Nigericin","TBC1D1","Q86TI0","Q86TI0","TBCD1_HUMAN","TBC1 domain family member 1","Q86TI0_S503_M1_28","Phospho (STY)",-0.743001599960601,0.617373656574372,0.255542827183911,4,"Not significant"
"P3C4 / P3C4+Nigericin","RPLP1","P05386","P05386","RLA1_HUMAN","Large ribosomal subunit protein P1","P05386_S83_M2_28","Phospho (STY)",-2.18837909719955,0.617574988608621,0.255964808697457,6,"Not significant"
"P3C4 / P3C4+Nigericin","GLUD1","P00367","P00367","DHE3_HUMAN","Glutamate dehydrogenase 1, mitochondrial","P00367_Y170_M1_28","Phospho (STY)",-0.336240181583518,0.617613934745205,0.256340840265358,6,"Not significant"
"P3C4 / P3C4+Nigericin","TNF","P01375","P01375","TNFA_HUMAN","Tumor necrosis factor","P01375_S71_M1_28","Phospho (STY)",0.424598490405013,0.618156791496226,0.257329463648418,4,"Not significant"
"P3C4 / P3C4+Nigericin","PLEK","P08567","P08567","PLEK_HUMAN","Pleckstrin","P08567_S117_M1_28","Phospho (STY)",2.69315016756583,0.619836286379884,0.261418596793486,4,"Not significant"
"P3C4 / P3C4+Nigericin","HNRNPA2B1","P22626","P22626","ROA2_HUMAN","Heterogeneous nuclear ribonucleoproteins A2/B1","P22626_S189_M1_28","Phospho (STY)",1.39811863229309,0.621198054521535,0.264378746670308,5,"Not significant"
"P3C4 / P3C4+Nigericin","RPL22","P35268","P35268","RL22_HUMAN","Large ribosomal subunit protein eL22","P35268_S66_M1_28","Phospho (STY)",0.553564163735759,0.621902165324692,0.266142690440446,5,"Not significant"
"P3C4 / P3C4+Nigericin","CAP1","Q01518","Q01518","CAP1_HUMAN","Adenylyl cyclase-associated protein 1","Q01518_S394_M1_28","Phospho (STY)",1.36581394303248,0.62555010077064,0.275700870588803,6,"Not significant"
"P3C4 / P3C4+Nigericin","PLCG2","P16885","P16885","PLCG2_HUMAN","1-phosphatidylinositol 4,5-bisphosphate phosphodiesterase gamma-2","P16885_T57_M1_28","Phospho (STY)",1.97192611808512,0.626014087290994,0.27712035717852,6,"Not significant"
"P3C4 / P3C4+Nigericin","P4HA1","P13674","P13674","P4HA1_HUMAN","Prolyl 4-hydroxylase subunit alpha-1","P13674_S149_M1_28","Phospho (STY)",1.02798237994472,0.626195731484302,0.277576960106257,6,"Not significant"
"P3C4 / P3C4+Nigericin","GSN","Cont_Q3SX14","Cont_Q3SX14","GELS_BOVIN","Gelsolin","Cont_Q3SX14_Y320_M2_28","Phospho (STY)",0.49994215763825,0.626281438930787,0.277826523395198,6,"Not significant"
"P3C4 / P3C4+Nigericin","PRSS1","Cont_P00760","Cont_P00760","TRY1_BOVIN","Serine protease 1","Cont_P00760_Y99_M2_28","Phospho (STY)",1.77302586255265,0.627068123397688,0.279484504290562,6,"Not significant"
"P3C4 / P3C4+Nigericin","S100A9","P06702","P06702","S10A9_HUMAN","Protein S100-A9","P06702_T113_M1_28","Phospho (STY)",-0.642547339945391,0.628646108496227,0.284893919330733,6,"Not significant"
"P3C4 / P3C4+Nigericin","HINT2","Q9BX68","Q9BX68","HINT2_HUMAN","Adenosine 5'-monophosphoramidase HINT2","Q9BX68_S101_M1_28","Phospho (STY)",1.97163759731962,0.628704377550319,0.28503811016399,6,"Not significant"
"P3C4 / P3C4+Nigericin","RPLP2","P05387","P05387","RLA2_HUMAN","Large ribosomal subunit protein P2","P05387_S44_M1_28","Phospho (STY)",0.390454763938276,0.628932954673404,0.285613820152364,6,"Not significant"
"P3C4 / P3C4+Nigericin","H2AX","P16104","P16104","H2AX_HUMAN","Histone H2AX","P16104_T102_M1_28","Phospho (STY)",2.78322452369566,0.628932954673404,0.285613078628152,6,"Not significant"
"P3C4 / P3C4+Nigericin","P4HA1","P13674","P13674","P4HA1_HUMAN","Prolyl 4-hydroxylase subunit alpha-1","P13674_S345_M1_28","Phospho (STY)",2.05429946750492,0.62926175134976,0.286477988114862,6,"Not significant"
"P3C4 / P3C4+Nigericin","ANXA2","P07355","P07355","ANXA2_HUMAN","Annexin A2","P07355_Y147_M1_28","Phospho (STY)",-0.422322001840272,0.629680736742788,0.28772703858137,6,"Not significant"
"P3C4 / P3C4+Nigericin","AHNAK","Q09666","Q09666","AHNK_HUMAN","Neuroblast differentiation-associated protein AHNAK","Q09666_S4092_M1_28","Phospho (STY)",0.490298973033951,0.630542418445159,0.290433903740761,6,"Not significant"
"P3C4 / P3C4+Nigericin","ACTC1","P68032","P68032","ACTC_HUMAN","Actin, alpha cardiac muscle 1","P68032_Y220_M1_28","Phospho (STY)",0.991957092447915,0.63063621327376,0.290733775273338,6,"Not significant"
"P3C4 / P3C4+Nigericin","DBN1","Q16643","Q16643","DREB_HUMAN","Drebrin","Q16643_S142_M1_28","Phospho (STY)",1.27801520917265,0.632978539300788,0.29693530425484,5,"Not significant"
"P3C4 / P3C4+Nigericin","RBM47","A0AV96","A0AV96","RBM47_HUMAN","RNA-binding protein 47","A0AV96_T433_M1_28","Phospho (STY)",1.11992795503803,0.633972537254186,0.329679655507339,5,"Not significant"
"P3C4 / P3C4+Nigericin","PRSS1","Cont_P00760","Cont_P00760","TRY1_BOVIN","Serine protease 1","Cont_P00760_Y229_M1_28","Phospho (STY)",-4.63763258364167,0.633972537254186,0.342192796048883,6,"Not significant"
"P3C4 / P3C4+Nigericin","ACTB","Cont_P60712;P60709","Cont_P60712;P60709","ACTB_BOVIN;ACTB_HUMAN","Actin, cytoplasmic 1;Actin, cytoplasmic 1","Cont_P60712_Y294_M2_28","Phospho (STY)",-5.72517313085895,0.633972537254186,0.425732860794103,6,"Not significant"
"P3C4 / P3C4+Nigericin","ACTB","Cont_P60712;P60709","Cont_P60712;P60709","ACTB_BOVIN;ACTB_HUMAN","Actin, cytoplasmic 1;Actin, cytoplasmic 1","P60709_Y294_M2_28","Phospho (STY)",-5.72517313085895,0.633972537254186,0.425732860794103,6,"Not significant"
"P3C4 / P3C4+Nigericin","ACTB","Cont_P60712;P60709","Cont_P60712;P60709","ACTB_BOVIN;ACTB_HUMAN","Actin, cytoplasmic 1;Actin, cytoplasmic 1","Cont_P60712_Y53_M1_28","Phospho (STY)",1.21593370711878,0.633972537254186,0.433157240233651,6,"Not significant"
"P3C4 / P3C4+Nigericin","ACTB","Cont_P60712;P60709","Cont_P60712;P60709","ACTB_BOVIN;ACTB_HUMAN","Actin, cytoplasmic 1;Actin, cytoplasmic 1","P60709_Y53_M1_28","Phospho (STY)",1.21593370711878,0.633972537254186,0.433157240233651,6,"Not significant"
"P3C4 / P3C4+Nigericin","APOA2","Cont_P81644","Cont_P81644","APOA2_BOVIN","Apolipoprotein A-II","Cont_P81644_Y64_M1_28","Phospho (STY)",5.42419314084045,0.633972537254186,0.423588471853211,6,"Not significant"
"P3C4 / P3C4+Nigericin","DDX3X","O00571","O00571","DDX3X_HUMAN","ATP-dependent RNA helicase DDX3X","O00571_Y266_M1_28","Phospho (STY)",1.31045540997586,0.633972537254186,0.3337864906897,4,"Not significant"
"P3C4 / P3C4+Nigericin","ATP2A1","O14983","O14983","AT2A1_HUMAN","Sarcoplasmic/endoplasmic reticulum calcium ATPase 1","O14983_T446_M2_28","Phospho (STY)",-1.23070838146422,0.633972537254186,0.372063209939645,4,"Not significant"
"P3C4 / P3C4+Nigericin","STX7","O15400","O15400","STX7_HUMAN","Syntaxin-7","O15400_T98_M1_28","Phospho (STY)",-5.9425804055675,0.633972537254186,0.423153919690123,6,"Not significant"
"P3C4 / P3C4+Nigericin","CUTA","O60888","O60888","CUTA_HUMAN","Protein CutA","O60888_T125_M1_28","Phospho (STY)",10.0639094454408,0.633972537254186,0.422728114717704,5,"Not significant"
"P3C4 / P3C4+Nigericin","CTSV","O60911","O60911","CATL2_HUMAN","Cathepsin L2","O60911_Y125_M1_28","Phospho (STY)",-3.86586124435407,0.633972537254186,0.353271714351355,6,"Not significant"
"P3C4 / P3C4+Nigericin","RP2","O75695","O75695","XRP2_HUMAN","Protein XRP2","O75695_S219_M1_28","Phospho (STY)",-0.530512720422091,0.633972537254186,0.379810199218822,4,"Not significant"
"P3C4 / P3C4+Nigericin","ARL6IP5","O75915","O75915","PRAF3_HUMAN","PRA1 family protein 3","O75915_T160_M1_28","Phospho (STY)",-1.48829183192203,0.633972537254186,0.379875743245895,6,"Not significant"
"P3C4 / P3C4+Nigericin","CLPX","O76031","O76031","CLPX_HUMAN","ATP-dependent Clp protease ATP-binding subunit clpX-like, mitochondrial","O76031_S365_M1_28","Phospho (STY)",-0.590546024461905,0.633972537254186,0.420616600492056,6,"Not significant"
"P3C4 / P3C4+Nigericin","UBXN7","O94888","O94888","UBXN7_HUMAN","UBX domain-containing protein 7","O94888_Y468_M2_28","Phospho (STY)",2.16741848984098,0.633972537254186,0.4121991911173,6,"Not significant"
"P3C4 / P3C4+Nigericin","TXNDC12","O95881","O95881","TXD12_HUMAN","Thioredoxin domain-containing protein 12","O95881_S53_M1_28","Phospho (STY)",1.92035967678546,0.633972537254186,0.327055181366844,6,"Not significant"
"P3C4 / P3C4+Nigericin","PNP","P00491","P00491","PNPH_HUMAN","Purine nucleoside phosphorylase","P00491_Y50_M2_28","Phospho (STY)",1.53807227430101,0.633972537254186,0.358954027070007,5,"Not significant"
"P3C4 / P3C4+Nigericin","ALDOA","P04075","P04075","ALDOA_HUMAN","Fructose-bisphosphate aldolase A","P04075_Y174_M1_28","Phospho (STY)",1.26388305884265,0.633972537254186,0.38154391508997,6,"Not significant"
"P3C4 / P3C4+Nigericin","GAPDH","P04406","P04406","G3P_HUMAN","Glyceraldehyde-3-phosphate dehydrogenase","P04406_T75_M1_28","Phospho (STY)",-5.75832562779247,0.633972537254186,0.42302219903953,6,"Not significant"
"P3C4 / P3C4+Nigericin","ENO1","P06733","P06733","ENOA_HUMAN","Alpha-enolase","P06733_T85_M1_28","Phospho (STY)",1.59288200676562,0.633972537254186,0.316098904961586,6,"Not significant"
"P3C4 / P3C4+Nigericin","GPX1","P07203","P07203","GPX1_HUMAN","Glutathione peroxidase 1","P07203_S95_M1_28","Phospho (STY)",3.90422580279369,0.633972537254186,0.413533640370657,6,"Not significant"
"P3C4 / P3C4+Nigericin","GPX1","P07203","P07203","GPX1_HUMAN","Glutathione peroxidase 1","P07203_S47_M2_28","Phospho (STY)",4.5385976674735,0.633972537254186,0.416630688875708,6,"Not significant"
"P3C4 / P3C4+Nigericin","PRSS1","P07477","P07477","TRY1_HUMAN","Serine protease 1","P07477_T103_M1_28","Phospho (STY)",1.26447937436963,0.633972537254186,0.372362655337639,6,"Not significant"
"P3C4 / P3C4+Nigericin","PRSS1","P07477","P07477","TRY1_HUMAN","Serine protease 1","P07477_Y99_M1_28","Phospho (STY)",-0.720638947075814,0.633972537254186,0.398075123091252,6,"Not significant"
"P3C4 / P3C4+Nigericin","HEXB","P07686","P07686","HEXB_HUMAN","Beta-hexosaminidase subunit beta","P07686_Y550_M1_28","Phospho (STY)",0.281898708134477,0.633972537254186,0.35558353235302,6,"Not significant"
"P3C4 / P3C4+Nigericin","HMGB1","P09429","P09429","HMGB1_HUMAN","High mobility group protein B1","P09429_S121_M1_28","Phospho (STY)",-5.62523121952764,0.633972537254186,0.42408727274411,6,"Not significant"
"P3C4 / P3C4+Nigericin","ALDOC","P09972","P09972","ALDOC_HUMAN","Fructose-bisphosphate aldolase C","P09972_S160_M2_28","Phospho (STY)",10.6396658903446,0.633972537254186,0.42261881582678,6,"Not significant"
"P3C4 / P3C4+Nigericin","H2AC11;H2AC12;H2AC14","P0C0S8;Q96KK5;Q99878","P0C0S8;Q96KK5;Q99878","H2A1_HUMAN;H2A1H_HUMAN;H2A1J_HUMAN","Histone H2A type 1;Histone H2A type 1-H;Histone H2A type 1-J","P0C0S8_T121_M2_28","Phospho (STY)",0.465708421057547,0.633972537254186,0.343474432278122,6,"Not significant"
"P3C4 / P3C4+Nigericin","H2AC11;H2AC12;H2AC14","P0C0S8;Q96KK5;Q99878","P0C0S8;Q96KK5;Q99878","H2A1_HUMAN;H2A1H_HUMAN;H2A1J_HUMAN","Histone H2A type 1;Histone H2A type 1-H;Histone H2A type 1-J","Q96KK5_T121_M2_28","Phospho (STY)",0.465708421057547,0.633972537254186,0.343474432278122,6,"Not significant"
"P3C4 / P3C4+Nigericin","H2AC11;H2AC12;H2AC14","P0C0S8;Q96KK5;Q99878","P0C0S8;Q96KK5;Q99878","H2A1_HUMAN;H2A1H_HUMAN;H2A1J_HUMAN","Histone H2A type 1;Histone H2A type 1-H;Histone H2A type 1-J","Q99878_T121_M2_28","Phospho (STY)",0.465708421057547,0.633972537254186,0.343474432278122,6,"Not significant"
"P3C4 / P3C4+Nigericin","H2AC11;H2AC12;H2AC14","P0C0S8;Q96KK5;Q99878","P0C0S8;Q96KK5;Q99878","H2A1_HUMAN;H2A1H_HUMAN;H2A1J_HUMAN","Histone H2A type 1;Histone H2A type 1-H;Histone H2A type 1-J","P0C0S8_T102_M1_28","Phospho (STY)",4.79806271529728,0.633972537254186,0.42389907176054,6,"Not significant"
"P3C4 / P3C4+Nigericin","H2AC11;H2AC12;H2AC14","P0C0S8;Q96KK5;Q99878","P0C0S8;Q96KK5;Q99878","H2A1_HUMAN;H2A1H_HUMAN;H2A1J_HUMAN","Histone H2A type 1;Histone H2A type 1-H;Histone H2A type 1-J","Q96KK5_T102_M1_28","Phospho (STY)",4.79806271529728,0.633972537254186,0.42389907176054,6,"Not significant"
"P3C4 / P3C4+Nigericin","H2AC11;H2AC12;H2AC14","P0C0S8;Q96KK5;Q99878","P0C0S8;Q96KK5;Q99878","H2A1_HUMAN;H2A1H_HUMAN;H2A1J_HUMAN","Histone H2A type 1;Histone H2A type 1-H;Histone H2A type 1-J","Q99878_T102_M1_28","Phospho (STY)",4.79806271529728,0.633972537254186,0.42389907176054,6,"Not significant"
"P3C4 / P3C4+Nigericin","POTEI","P0CG38","P0CG38","POTEI_HUMAN","POTE ankyrin domain family member I","P0CG38_Y918_M1_28","Phospho (STY)",-5.82358662110119,0.633972537254186,0.415551352267542,6,"Not significant"
"P3C4 / P3C4+Nigericin","HSPA5","P11021","P11021","BIP_HUMAN","Endoplasmic reticulum chaperone BiP","P11021_Y175_M1_28","Phospho (STY)",-5.67937612587156,0.633972537254186,0.417997111059495,6,"Not significant"
"P3C4 / P3C4+Nigericin","HSPA8","P11142","P11142","HSP7C_HUMAN","Heat shock cognate 71 kDa protein","P11142_S329_M1_28","Phospho (STY)",-3.42433000278774,0.633972537254186,0.428750791064406,6,"Not significant"
"P3C4 / P3C4+Nigericin","XRCC6","P12956","P12956","XRCC6_HUMAN","X-ray repair cross-complementing protein 6","P12956_Y559_M1_28","Phospho (STY)",-3.82329043427983,0.633972537254186,0.4227132297228,6,"Not significant"
"P3C4 / P3C4+Nigericin","MTHFD2","P13995","P13995","MTDC_HUMAN","Bifunctional methylenetetrahydrofolate dehydrogenase/cyclohydrolase, mitochondrial","P13995_T284_M1_28","Phospho (STY)",-6.22459479293311,0.633972537254186,0.423777409212746,6,"Not significant"
"P3C4 / P3C4+Nigericin","PRKCSH","P14314","P14314","GLU2B_HUMAN","Glucosidase 2 subunit beta","P14314_T489_M1_28","Phospho (STY)",-8.02106540993016,0.633972537254186,0.423114782485236,5,"Not significant"
"P3C4 / P3C4+Nigericin","DARS1","P14868","P14868","SYDC_HUMAN","Aspartate--tRNA ligase, cytoplasmic","P14868_T220_M1_28","Phospho (STY)",1.19716404949718,0.633972537254186,0.380155149173148,6,"Not significant"
"P3C4 / P3C4+Nigericin","CREB1","P16220","P16220","CREB1_HUMAN","Cyclic AMP-responsive element-binding protein 1","P16220_S257_M1_28","Phospho (STY)",1.15105929913513,0.633972537254186,0.359178800921182,4,"Not significant"
"P3C4 / P3C4+Nigericin","H1-5","P16401","P16401","H15_HUMAN","Histone H1.5","P16401_T39_M1_28","Phospho (STY)",11.9059990419903,0.633972537254186,0.422690393306319,6,"Not significant"
"P3C4 / P3C4+Nigericin","HMGA1","P17096","P17096","HMGA1_HUMAN","High mobility group protein HMG-I/HMG-Y","P17096_S44_M1_28","Phospho (STY)",-0.688609344097695,0.633972537254186,0.346727697644697,6,"Not significant"
"P3C4 / P3C4+Nigericin","ATP5PF","P18859","P18859","ATP5J_HUMAN","ATP synthase-coupling factor 6, mitochondrial","P18859_T92_M1_28","Phospho (STY)",4.91333234972306,0.633972537254186,0.421446102742334,6,"Not significant"
"P3C4 / P3C4+Nigericin","SCP2","P22307","P22307","SCP2_HUMAN","Sterol carrier protein 2","P22307_T473_M1_28","Phospho (STY)",-9.79462993742452,0.633972537254186,0.422507615699477,6,"Not significant"
"P3C4 / P3C4+Nigericin","HNRNPA2B1","P22626","P22626","ROA2_HUMAN","Heterogeneous nuclear ribonucleoproteins A2/B1","P22626_T159_M1_28","Phospho (STY)",1.09228998917562,0.633972537254186,0.432930642891292,6,"Not significant"
"P3C4 / P3C4+Nigericin","CANX","P27824","P27824","CALX_HUMAN","Calnexin","P27824_S583_M1_28","Phospho (STY)",0.366096625511476,0.633972537254186,0.386162792077977,6,"Not significant"
"P3C4 / P3C4+Nigericin","LAP3","P28838","P28838","AMPL_HUMAN","Cytosol aminopeptidase","P28838_T70_M1_28","Phospho (STY)",1.38053216447711,0.633972537254186,0.424054559625801,5,"Not significant"
"P3C4 / P3C4+Nigericin","POLR2B","P30876","P30876","RPB2_HUMAN","DNA-directed RNA polymerase II subunit RPB2","P30876_Y1029_M2_28","Phospho (STY)",3.93848952912559,0.633972537254186,0.398072757699683,5,"Not significant"
"P3C4 / P3C4+Nigericin","CSTF2","P33240","P33240","CSTF2_HUMAN","Cleavage stimulation factor subunit 2","P33240_T548_M1_28","Phospho (STY)",1.37282781652449,0.633972537254186,0.363362549826706,6,"Not significant"
"P3C4 / P3C4+Nigericin","MYH9","P35579","P35579","MYH9_HUMAN","Myosin-9","P35579_S1376_M1_28","Phospho (STY)",-0.758866436882093,0.633972537254186,0.365766589033088,5,"Not significant"
"P3C4 / P3C4+Nigericin","PSMC2","P35998","P35998","PRS7_HUMAN","26S proteasome regulatory subunit 7","P35998_S68_M2_28","Phospho (STY)",4.07748427543611,0.633972537254186,0.414659578685132,5,"Not significant"
"P3C4 / P3C4+Nigericin","RPL4","P36578","P36578","RL4_HUMAN","Large ribosomal subunit protein uL4","P36578_Y161_M1_28","Phospho (STY)",-5.40562756194782,0.633972537254186,0.427578040751076,6,"Not significant"
"P3C4 / P3C4+Nigericin","HSPA9","P38646","P38646","GRP75_HUMAN","Stress-70 protein, mitochondrial","P38646_S378_M1_28","Phospho (STY)",0.552534122442476,0.633972537254186,0.368147494015138,6,"Not significant"
"P3C4 / P3C4+Nigericin","MDH2","P40926","P40926","MDHM_HUMAN","Malate dehydrogenase, mitochondrial","P40926_T204_M2_28","Phospho (STY)",10.7467159660505,0.633972537254186,0.422747423562245,6,"Not significant"
"P3C4 / P3C4+Nigericin","MDH2","P40926","P40926","MDHM_HUMAN","Malate dehydrogenase, mitochondrial","P40926_Y80_M1_28","Phospho (STY)",8.26213320910287,0.633972537254186,0.422915991121903,6,"Not significant"
"P3C4 / P3C4+Nigericin","VDAC2","P45880","P45880","VDAC2_HUMAN","Voltage-dependent anion-selective channel protein 2","P45880_T269_M1_28","Phospho (STY)",-0.32937608402757,0.633972537254186,0.333404981148822,6,"Not significant"
"P3C4 / P3C4+Nigericin","ADGRE5","P48960","P48960","AGRE5_HUMAN","Adhesion G protein-coupled receptor E5","P48960_Y352_M1_28","Phospho (STY)",0.411931868215866,0.633972537254186,0.305036047329734,6,"Not significant"
"P3C4 / P3C4+Nigericin","NUP153","P49790","P49790","NU153_HUMAN","Nuclear pore complex protein Nup153","P49790_S240_M1_28","Phospho (STY)",0.427976707642009,0.633972537254186,0.429222000094716,5,"Not significant"
"P3C4 / P3C4+Nigericin","ACLY","P53396","P53396","ACLY_HUMAN","ATP-citrate synthase","P53396_Y704_M2_28","Phospho (STY)",4.87610569385126,0.633972537254186,0.429717381491856,5,"Not significant"
"P3C4 / P3C4+Nigericin","RARS1","P54136","P54136","SYRC_HUMAN","Arginine--tRNA ligase, cytoplasmic","P54136_S177_M1_28","Phospho (STY)",-0.312592047283899,0.633972537254186,0.381977023804724,6,"Not significant"
"P3C4 / P3C4+Nigericin","HSPA2","P54652","P54652","HSP72_HUMAN","Heat shock-related 70 kDa protein 2","P54652_Y135_M1_28","Phospho (STY)",-6.12044865370503,0.633972537254186,0.425020171450752,6,"Not significant"
"P3C4 / P3C4+Nigericin","AK2","P54819","P54819","KAD2_HUMAN","Adenylate kinase 2, mitochondrial","P54819_T215_M2_28","Phospho (STY)",-2.95241647362149,0.633972537254186,0.421765925933243,4,"Not significant"
"P3C4 / P3C4+Nigericin","DRG2","P55039","P55039","DRG2_HUMAN","Developmentally-regulated GTP-binding protein 2","P55039_Y210_M1_28","Phospho (STY)",0.294297766319377,0.633972537254186,0.370242186117946,6,"Not significant"
"P3C4 / P3C4+Nigericin","H2BC12L","P57053","P57053","H2BFS_HUMAN","Histone H2B type F-S","P57053_Y84_M2_28","Phospho (STY)",-0.454326972950156,0.633972537254186,0.429429436050494,6,"Not significant"
"P3C4 / P3C4+Nigericin","RAB4B","P61018","P61018","RAB4B_HUMAN","Ras-related protein Rab-4B","P61018_T56_M1_28","Phospho (STY)",7.46980127086276,0.633972537254186,0.422647165318906,6,"Not significant"
"P3C4 / P3C4+Nigericin","CLTC","Q00610","Q00610","CLH1_HUMAN","Clathrin heavy chain 1","Q00610_T235_M1_28","Phospho (STY)",0.750300219969609,0.633972537254186,0.367814766560288,6,"Not significant"
"P3C4 / P3C4+Nigericin","CAP1","Q01518","Q01518","CAP1_HUMAN","Adenylyl cyclase-associated protein 1","Q01518_Y354_M2_28","Phospho (STY)",0.482183124629644,0.633972537254186,0.3007012706448,6,"Not significant"
"P3C4 / P3C4+Nigericin","CAP1","Q01518","Q01518","CAP1_HUMAN","Adenylyl cyclase-associated protein 1","Q01518_S338_M1_28","Phospho (STY)",2.18477421773836,0.633972537254186,0.302825251693038,4,"Not significant"
"P3C4 / P3C4+Nigericin","AHNAK","Q09666","Q09666","AHNK_HUMAN","Neuroblast differentiation-associated protein AHNAK","Q09666_T1192_M1_28","Phospho (STY)",11.4613428894364,0.633972537254186,0.348057955187182,4,"Not significant"
"P3C4 / P3C4+Nigericin","AHNAK","Q09666","Q09666","AHNK_HUMAN","Neuroblast differentiation-associated protein AHNAK","Q09666_T1986_M1_28","Phospho (STY)",11.4613428894364,0.633972537254186,0.348057955187182,4,"Not significant"
"P3C4 / P3C4+Nigericin","AHNAK","Q09666","Q09666","AHNK_HUMAN","Neuroblast differentiation-associated protein AHNAK","Q09666_S135_M2_28","Phospho (STY)",-0.51034777962598,0.633972537254186,0.308320754689533,6,"Not significant"
"P3C4 / P3C4+Nigericin","AHNAK","Q09666","Q09666","AHNK_HUMAN","Neuroblast differentiation-associated protein AHNAK","Q09666_S1158_M1_28","Phospho (STY)",7.45137344030087,0.633972537254186,0.423181605078859,6,"Not significant"
"P3C4 / P3C4+Nigericin","AHNAK","Q09666","Q09666","AHNK_HUMAN","Neuroblast differentiation-associated protein AHNAK","Q09666_S5573_M1_28","Phospho (STY)",0.648498178980436,0.633972537254186,0.363714758279549,6,"Not significant"
"P3C4 / P3C4+Nigericin","AHNAK","Q09666","Q09666","AHNK_HUMAN","Neuroblast differentiation-associated protein AHNAK","Q09666_S4130_M1_28","Phospho (STY)",0.805165720501211,0.633972537254186,0.407454542577452,6,"Not significant"
"P3C4 / P3C4+Nigericin","AHNAK","Q09666","Q09666","AHNK_HUMAN","Neuroblast differentiation-associated protein AHNAK","Q09666_S4594_M1_28","Phospho (STY)",0.805165720501211,0.633972537254186,0.407454542577452,6,"Not significant"
"P3C4 / P3C4+Nigericin","AHNAK","Q09666","Q09666","AHNK_HUMAN","Neuroblast differentiation-associated protein AHNAK","Q09666_S1088_M1_28","Phospho (STY)",-7.01071109100276,0.633972537254186,0.423511040401532,6,"Not significant"
"P3C4 / P3C4+Nigericin","MYO1E","Q12965","Q12965","MYO1E_HUMAN","Unconventional myosin-Ie","Q12965_T865_M1_28","Phospho (STY)",0.333795244183991,0.633972537254186,0.405369078264384,6,"Not significant"
"P3C4 / P3C4+Nigericin","FKBP8","Q14318","Q14318","FKBP8_HUMAN","Peptidyl-prolyl cis-trans isomerase FKBP8","Q14318_Y322_M2_28","Phospho (STY)",-0.298627510899172,0.633972537254186,0.306058224162524,6,"Not significant"
"P3C4 / P3C4+Nigericin","MVP","Q14764","Q14764","MVP_HUMAN","Major vault protein","Q14764_Y100_M2_28","Phospho (STY)",-4.57018346207279,0.633972537254186,0.423612949413047,6,"Not significant"
"P3C4 / P3C4+Nigericin","KARS1","Q15046","Q15046","SYK_HUMAN","Lysine--tRNA ligase","Q15046_T411_M1_28","Phospho (STY)",3.02777274041227,0.633972537254186,0.42784088731754,5,"Not significant"
"P3C4 / P3C4+Nigericin","PDIA6","Q15084","Q15084","PDIA6_HUMAN","Protein disulfide-isomerase A6","Q15084_S375_M1_28","Phospho (STY)",-0.584355736506377,0.633972537254186,0.425656156289652,6,"Not significant"
"P3C4 / P3C4+Nigericin","TSC22D1","Q15714","Q15714","T22D1_HUMAN","TSC22 domain family protein 1","Q15714_S1018_M1_28","Phospho (STY)",6.74752766508906,0.633972537254186,0.42236759103474,6,"Not significant"
"P3C4 / P3C4+Nigericin","DPYSL2","Q16555","Q16555","DPYL2_HUMAN","Dihydropyrimidinase-related protein 2","Q16555_T555_M1_28","Phospho (STY)",-2.42884433776097,0.633972537254186,0.42091653787585,5,"Not significant"
"P3C4 / P3C4+Nigericin","HP1BP3","Q5SSJ5","Q5SSJ5","HP1B3_HUMAN","Heterochromatin protein 1-binding protein 3","Q5SSJ5_Y379_M2_28","Phospho (STY)",0.471871390962618,0.633972537254186,0.323833024809631,6,"Not significant"
"P3C4 / P3C4+Nigericin","PRPF8","Q6P2Q9","Q6P2Q9","PRP8_HUMAN","Pre-mRNA-processing-splicing factor 8","Q6P2Q9_Y1991_M1_28","Phospho (STY)",-4.55903118244618,0.633972537254186,0.429774394180538,6,"Not significant"
"P3C4 / P3C4+Nigericin","HS2ST1","Q7LGA3","Q7LGA3","HS2ST_HUMAN","Heparan sulfate 2-O-sulfotransferase 1","Q7LGA3_Y102_M1_28","Phospho (STY)",7.16351953551554,0.633972537254186,0.423414812568897,6,"Not significant"
"P3C4 / P3C4+Nigericin","GLRX5","Q86SX6","Q86SX6","GLRX5_HUMAN","Glutaredoxin-related protein 5, mitochondrial","Q86SX6_T61_M2_28","Phospho (STY)",0.256564918566038,0.633972537254186,0.314943079875979,6,"Not significant"
"P3C4 / P3C4+Nigericin","MRPL52","Q86TS9","Q86TS9","RM52_HUMAN","Large ribosomal subunit protein mL52","Q86TS9_S81_M2_28","Phospho (STY)",0.212009622871206,0.633972537254186,0.380080660516826,6,"Not significant"
"P3C4 / P3C4+Nigericin","MRPL52","Q86TS9","Q86TS9","RM52_HUMAN","Large ribosomal subunit protein mL52","Q86TS9_T72_M2_28","Phospho (STY)",0.212009622871206,0.633972537254186,0.380080660516826,6,"Not significant"
"P3C4 / P3C4+Nigericin","MTDH","Q86UE4","Q86UE4","LYRIC_HUMAN","Protein LYRIC","Q86UE4_S251_M1_28","Phospho (STY)",1.74325290253354,0.633972537254186,0.319860152847746,6,"Not significant"
"P3C4 / P3C4+Nigericin","THOC2","Q8NI27","Q8NI27","THOC2_HUMAN","THO complex subunit 2","Q8NI27_Y54_M2_28","Phospho (STY)",1.83072242958558,0.633972537254186,0.324973847494841,6,"Not significant"
"P3C4 / P3C4+Nigericin","FAM3C","Q92520","Q92520","FAM3C_HUMAN","Protein FAM3C","Q92520_S75_M1_28","Phospho (STY)",0.349695134375173,0.633972537254186,0.405052929711239,6,"Not significant"
"P3C4 / P3C4+Nigericin","GOLGA1","Q92805","Q92805","GOGA1_HUMAN","Golgin subfamily A member 1","Q92805_T518_M1_28","Phospho (STY)",3.74612436392887,0.633972537254186,0.416753693935767,6,"Not significant"
"P3C4 / P3C4+Nigericin","RAB37","Q96AX2","Q96AX2","RAB37_HUMAN","Ras-related protein Rab-37","Q96AX2_T73_M1_28","Phospho (STY)",1.13566567405287,0.633972537254186,0.370282535275736,6,"Not significant"
"P3C4 / P3C4+Nigericin","MIA2","Q96PC5","Q96PC5","MIA2_HUMAN","Melanoma inhibitory activity protein 2","Q96PC5_Y1039_M2_28","Phospho (STY)",-1.6034594691951,0.633972537254186,0.324859855488811,6,"Not significant"
"P3C4 / P3C4+Nigericin","NAP1L4","Q99733","Q99733","NP1L4_HUMAN","Nucleosome assembly protein 1-like 4","Q99733_T28_M1_28","Phospho (STY)",1.45784804627007,0.633972537254186,0.348597495650494,6,"Not significant"
"P3C4 / P3C4+Nigericin","HEATR1","Q9H583","Q9H583","HEAT1_HUMAN","HEAT repeat-containing protein 1","Q9H583_S156_M1_28","Phospho (STY)",0.479146306990973,0.633972537254186,0.305630130143375,6,"Not significant"
"P3C4 / P3C4+Nigericin","ACAD9","Q9H845","Q9H845","ACAD9_HUMAN","Complex I assembly factor ACAD9, mitochondrial","Q9H845_Y165_M1_28","Phospho (STY)",6.26228183276062,0.633972537254186,0.42302144150567,6,"Not significant"
"P3C4 / P3C4+Nigericin","PPAN","Q9NQ55","Q9NQ55","SSF1_HUMAN","Suppressor of SWI4 1 homolog","Q9NQ55_S359_M1_28","Phospho (STY)",0.664151926179186,0.633972537254186,0.421625727059659,5,"Not significant"
"P3C4 / P3C4+Nigericin","ECHDC1","Q9NTX5","Q9NTX5","ECHD1_HUMAN","Ethylmalonyl-CoA decarboxylase","Q9NTX5_T288_M1_28","Phospho (STY)",-0.271738628183287,0.633972537254186,0.429360092710744,6,"Not significant"
"P3C4 / P3C4+Nigericin","ARGLU1","Q9NWB6","Q9NWB6","ARGL1_HUMAN","Arginine and glutamate-rich protein 1","Q9NWB6_S77_M1_28","Phospho (STY)",0.996417679079628,0.633972537254186,0.378690744764068,5,"Not significant"
"P3C4 / P3C4+Nigericin","RRBP1","Q9P2E9","Q9P2E9","RRBP1_HUMAN","Ribosome-binding protein 1","Q9P2E9_Y1219_M2_28","Phospho (STY)",5.12915894642191,0.633972537254186,0.417405302703833,6,"Not significant"
"P3C4 / P3C4+Nigericin","PYCARD","Q9ULZ3","Q9ULZ3","ASC_HUMAN","Apoptosis-associated speck-like protein containing a CARD","Q9ULZ3_T16_M1_28","Phospho (STY)",1.36683609961649,0.633972537254186,0.389270743085584,6,"Not significant"
"P3C4 / P3C4+Nigericin","THRAP3","Q9Y2W1","Q9Y2W1","TR150_HUMAN","Thyroid hormone receptor-associated protein 3","Q9Y2W1_S248_M1_28","Phospho (STY)",0.5290854711452,0.633972537254186,0.408687362240458,6,"Not significant"
"P3C4 / P3C4+Nigericin","GPSM3","Q9Y4H4","Q9Y4H4","GPSM3_HUMAN","G-protein-signaling modulator 3","Q9Y4H4_S54_M1_28","Phospho (STY)",0.757244878500349,0.633972537254186,0.370715374515261,5,"Not significant"
"P3C4 / P3C4+Nigericin","TACC3","Q9Y6A5","Q9Y6A5","TACC3_HUMAN","Transforming acidic coiled-coil-containing protein 3","Q9Y6A5_Y764_M1_28","Phospho (STY)",1.5881742941664,0.633972537254186,0.435366759094513,6,"Not significant"
"P3C4 / P3C4+Nigericin","SLC30A1","Q9Y6M5","Q9Y6M5","ZNT1_HUMAN","Proton-coupled zinc antiporter SLC30A1","Q9Y6M5_T483_M1_28","Phospho (STY)",1.41301282873856,0.633972537254186,0.43382112856773,6,"Not significant"
"P3C4 / P3C4+Nigericin","PPIH","O43447","O43447","PPIH_HUMAN","Peptidyl-prolyl cis-trans isomerase H","O43447_S115_M1_28","Phospho (STY)",9.15507793321726,0.633972537254186,0.422401359384949,5,"Not significant"
"P3C4 / P3C4+Nigericin","RPS2","P15880","P15880","RS2_HUMAN","Small ribosomal subunit protein uS5","P15880_Y248_M1_28","Phospho (STY)",7.87440717505045,0.633972537254186,0.422626108552295,5,"Not significant"
"P3C4 / P3C4+Nigericin","ACTC1","P68032","P68032","ACTC_HUMAN","Actin, alpha cardiac muscle 1","P68032_T231_M1_28","Phospho (STY)",0.314056553338393,0.633972537254186,0.355758336492352,4,"Not significant"
"P3C4 / P3C4+Nigericin","NONO","Q15233","Q15233","NONO_HUMAN","Non-POU domain-containing octamer-binding protein","Q15233_T418_M2_28","Phospho (STY)",3.37267625437814,0.633972537254186,0.420298263964728,6,"Not significant"
"P3C4 / P3C4+Nigericin","XIRP1","Q702N8","Q702N8","XIRP1_HUMAN","Xin actin-binding repeat-containing protein 1","Q702N8_T237_M1_28","Phospho (STY)",2.31921683954504,0.633972537254186,0.319620565657397,5,"Not significant"
"P3C4 / P3C4+Nigericin","THRAP3","Q9Y2W1","Q9Y2W1","TR150_HUMAN","Thyroid hormone receptor-associated protein 3","Q9Y2W1_S682_M1_28","Phospho (STY)",0.524162130490412,0.633972537254186,0.388293125840936,5,"Not significant"
"P3C4 / P3C4+Nigericin","SOD2","P04179","P04179","SODM_HUMAN","Superoxide dismutase [Mn], mitochondrial","P04179_Y33_M2_28","Phospho (STY)",-0.460274418054466,0.633972537254186,0.377559183168295,4,"Not significant"
"P3C4 / P3C4+Nigericin","HSPA9","P38646","P38646","GRP75_HUMAN","Stress-70 protein, mitochondrial","P38646_Y243_M1_28","Phospho (STY)",0.416336306884912,0.634062789891408,0.436241941793315,6,"Not significant"
"P3C4 / P3C4+Nigericin","SRSF1","Q07955","Q07955","SRSF1_HUMAN","Serine/arginine-rich splicing factor 1","Q07955_Y149_M1_28","Phospho (STY)",1.41811899479402,0.634128189222172,0.437689019099456,6,"Not significant"
"P3C4 / P3C4+Nigericin","VDAC3","Q9Y277","Q9Y277","VDAC3_HUMAN","Voltage-dependent anion-selective channel protein 3","Q9Y277_Y67_M1_28","Phospho (STY)",-0.886962058901216,0.634675962936525,0.441601246036643,6,"Not significant"
"P3C4 / P3C4+Nigericin","QPCTL","Q9NXS2","Q9NXS2","QPCTL_HUMAN","Glutaminyl-peptide cyclotransferase-like protein","Q9NXS2_T216_M1_28","Phospho (STY)",-0.567689256636523,0.634993356395281,0.443710684086962,6,"Not significant"
"P3C4 / P3C4+Nigericin","LRRC8B","Q6P9F7","Q6P9F7","LRC8B_HUMAN","Volume-regulated anion channel subunit LRRC8B","Q6P9F7_S589_M1_28","Phospho (STY)",0.101594467403517,0.635817034356015,0.447323204741475,6,"Not significant"
"P3C4 / P3C4+Nigericin","HK1","P19367","P19367","HXK1_HUMAN","Hexokinase-1","P19367_Y732_M2_28","Phospho (STY)",-0.603587671902069,0.636009331156901,0.447907176469937,6,"Not significant"
"P3C4 / P3C4+Nigericin","PCBP2","Q15366","Q15366","PCBP2_HUMAN","Poly(rC)-binding protein 2","Q15366_S141_M2_28","Phospho (STY)",0.243946332524602,0.636270195607262,0.449196336881634,5,"Not significant"
"P3C4 / P3C4+Nigericin","RPSA","P08865","P08865","RSSA_HUMAN","Small ribosomal subunit protein uS2","P08865_T144_M2_28","Phospho (STY)",-0.261358447820657,0.637196694515104,0.452704486871526,6,"Not significant"
"P3C4 / P3C4+Nigericin","HSP90B1","P14625","P14625","ENPL_HUMAN","Endoplasmin","P14625_Y652_M3_28","Phospho (STY)",-2.22755494417294,0.638019398697887,0.456505440917364,5,"Not significant"
"P3C4 / P3C4+Nigericin","PREB","Q9HCU5","Q9HCU5","PREB_HUMAN","Prolactin regulatory element-binding protein","Q9HCU5_Y281_M1_28","Phospho (STY)",-0.275796910535499,0.639975645449512,0.4635838274325,6,"Not significant"
"P3C4 / P3C4+Nigericin","TRIP12","Q14669","Q14669","TRIPC_HUMAN","E3 ubiquitin-protein ligase TRIP12","Q14669_T758_M1_28","Phospho (STY)",-0.838465263016912,0.641639749949869,0.469380459929962,6,"Not significant"
"P3C4 / P3C4+Nigericin","HMGA1","P17096","P17096","HMGA1_HUMAN","High mobility group protein HMG-I/HMG-Y","P17096_S44_M2_28","Phospho (STY)",-0.435168731514729,0.641829849409333,0.470061070340873,6,"Not significant"
"P3C4 / P3C4+Nigericin","EEF2","P13639","P13639","EF2_HUMAN","Elongation factor 2","P13639_Y730_M2_28","Phospho (STY)",1.0543642143681,0.642015515590924,0.470757319817276,6,"Not significant"
"P3C4 / P3C4+Nigericin","PRSS1","Cont_P00760","Cont_P00760","TRY1_BOVIN","Serine protease 1","Cont_P00760_S101_M2_28","Phospho (STY)",9.44054390488384,0.644696789200346,0.499904429180466,4,"Not significant"
"P3C4 / P3C4+Nigericin","CSN1S1","Cont_P02662","Cont_P02662","CASA1_BOVIN","Alpha-S1-casein","Cont_P02662_S130_M1_28","Phospho (STY)",1.44712541897536,0.644696789200346,0.495467582181435,5,"Not significant"
"P3C4 / P3C4+Nigericin","EEF1A1","Cont_P68103;P68104","Cont_P68103;P68104","EF1A1_BOVIN;EF1A1_HUMAN","Elongation factor 1-alpha 1","Cont_P68103_T242_M1_28","Phospho (STY)",0.167088293068141,0.644696789200346,0.498507058427161,4,"Not significant"
"P3C4 / P3C4+Nigericin","EEF1A1","Cont_P68103;P68104","Cont_P68103;P68104","EF1A1_BOVIN;EF1A1_HUMAN","Elongation factor 1-alpha 1","P68104_T242_M1_28","Phospho (STY)",0.167088293068141,0.644696789200346,0.498507058427161,4,"Not significant"
"P3C4 / P3C4+Nigericin","PRPF3","O43395","O43395","PRPF3_HUMAN","U4/U6 small nuclear ribonucleoprotein Prp3","O43395_T254_M2_28","Phospho (STY)",-8.86258240068593,0.644696789200346,0.500191839273687,5,"Not significant"
"P3C4 / P3C4+Nigericin","GNAI2","P04899","P04899","GNAI2_HUMAN","Guanine nucleotide-binding protein G(i) subunit alpha-2","P04899_Y74_M1_28","Phospho (STY)",-0.402979061791051,0.644696789200346,0.493814901388136,5,"Not significant"
"P3C4 / P3C4+Nigericin","H1-5","P16401","P16401","H15_HUMAN","Histone H1.5","P16401_S2_M2_28","Phospho (STY)",5.41903299733926,0.644696789200346,0.496450981985879,4,"Not significant"
"P3C4 / P3C4+Nigericin","SDHB","P21912","P21912","SDHB_HUMAN","Succinate dehydrogenase [ubiquinone] iron-sulfur subunit, mitochondrial","P21912_Y134_M2_28","Phospho (STY)",1.10511592148052,0.644696789200346,0.49605547322698,5,"Not significant"
"P3C4 / P3C4+Nigericin","SCP2","P22307","P22307","SCP2_HUMAN","Sterol carrier protein 2","P22307_T496_M1_28","Phospho (STY)",4.03513173275843,0.644696789200346,0.494246253139356,5,"Not significant"
"P3C4 / P3C4+Nigericin","ACAT1","P24752","P24752","THIL_HUMAN","Acetyl-CoA acetyltransferase, mitochondrial","P24752_S420_M1_28","Phospho (STY)",0.647207769693075,0.644696789200346,0.486451505049043,5,"Not significant"
"P3C4 / P3C4+Nigericin","DLST","P36957","P36957","ODO2_HUMAN","Dihydrolipoyllysine-residue succinyltransferase component of 2-oxoglutarate dehydrogenase complex, mitochondrial","P36957_T62_M1_28","Phospho (STY)",-1.44109303213942,0.644696789200346,0.495177243523117,4,"Not significant"
"P3C4 / P3C4+Nigericin","CCT6A","P40227","P40227","TCPZ_HUMAN","T-complex protein 1 subunit zeta","P40227_T57_M1_28","Phospho (STY)",10.137841337466,0.644696789200346,0.499926178635766,5,"Not significant"
"P3C4 / P3C4+Nigericin","RPL23A","P62750","P62750","RL23A_HUMAN","Large ribosomal subunit protein uL23","P62750_T95_M1_28","Phospho (STY)",2.35569208088413,0.644696789200346,0.501702779230503,6,"Not significant"
"P3C4 / P3C4+Nigericin","MRPS36","P82909","P82909","KGD4_HUMAN","Alpha-ketoglutarate dehydrogenase component 4","P82909_Y84_M2_28","Phospho (STY)",-0.42170981038893,0.644696789200346,0.497995622826809,6,"Not significant"
"P3C4 / P3C4+Nigericin","RAB18","Q9NP72","Q9NP72","RAB18_HUMAN","Ras-related protein Rab-18","Q9NP72_T49_M1_28","Phospho (STY)",-9.87828573978041,0.644696789200346,0.500077288948102,5,"Not significant"
"P3C4 / P3C4+Nigericin","RAB9B","Q9NP90","Q9NP90","RAB9B_HUMAN","Ras-related protein Rab-9B","Q9NP90_Y108_M1_28","Phospho (STY)",7.89003954429613,0.644696789200346,0.499512210230809,4,"Not significant"
"P3C4 / P3C4+Nigericin","THRAP3","Q9Y2W1","Q9Y2W1","TR150_HUMAN","Thyroid hormone receptor-associated protein 3","Q9Y2W1_S253_M2_28","Phospho (STY)",-0.867813525458814,0.644696789200346,0.495860342848373,6,"Not significant"
"P3C4 / P3C4+Nigericin","HSPA5","P11021","P11021","BIP_HUMAN","Endoplasmic reticulum chaperone BiP","P11021_S365_M2_28","Phospho (STY)",-7.6675364395396,0.644696789200346,0.500431428274316,5,"Not significant"
"P3C4 / P3C4+Nigericin","CES1","P23141","P23141","EST1_HUMAN","Liver carboxylesterase 1","P23141_Y118_M2_28","Phospho (STY)",6.79656976690263,0.644696789200346,0.499992024673278,4,"Not significant"
"P3C4 / P3C4+Nigericin","CAPZB","P47756","P47756","CAPZB_HUMAN","F-actin-capping protein subunit beta","P47756_S34_M2_28","Phospho (STY)",-3.59590059366003,0.644696789200346,0.49993116735623,5,"Not significant"
"P3C4 / P3C4+Nigericin","ACTBL2","Q562R1","Q562R1","ACTBL_HUMAN","Beta-actin-like protein 2","Q562R1_S273_M1_28","Phospho (STY)",5.72829555273828,0.644696789200346,0.498204107326875,5,"Not significant"
"P3C4 / P3C4+Nigericin","HSPD1","P10809","P10809","CH60_HUMAN","60 kDa heat shock protein, mitochondrial","P10809_S284_M1_28","Phospho (STY)",-5.05076650185286,0.644696789200346,0.494271242667174,4,"Not significant"
"P3C4 / P3C4+Nigericin","CLTC","Q00610","Q00610","CLH1_HUMAN","Clathrin heavy chain 1","Q00610_S958_M1_28","Phospho (STY)",-5.2190616142581,0.644696789200346,0.494120007331582,4,"Not significant"
"P3C4 / P3C4+Nigericin","A1BG","Cont_Q2KJF1","Cont_Q2KJF1","A1BG_BOVIN","Alpha-1B-glycoprotein","Cont_Q2KJF1_T234_M2_28","Phospho (STY)",4.32973400894226,0.644764271610972,0.503952960407175,4,"Not significant"
"P3C4 / P3C4+Nigericin","CHMP4B","Q9H444","Q9H444","CHM4B_HUMAN","Charged multivesicular body protein 4b","Q9H444_Y75_M3_28","Phospho (STY)",-5.55169708212006,0.644768366034598,0.504122479434059,4,"Not significant"
"P3C4 / P3C4+Nigericin","TFRC","P02786","P02786","TFR1_HUMAN","Transferrin receptor protein 1","P02786_S132_M2_28","Phospho (STY)",-3.9002798775925,0.645094450267264,0.506839670715307,4,"Not significant"
"P3C4 / P3C4+Nigericin","PRPF40A","O75400","O75400","PR40A_HUMAN","Pre-mRNA-processing factor 40 homolog A","O75400_Y221_M1_28","Phospho (STY)",-4.04891342656044,0.645220512429372,0.507716098818277,5,"Not significant"
"P3C4 / P3C4+Nigericin","FABP5","Q01469","Q01469","FABP5_HUMAN","Fatty acid-binding protein 5","Q01469_Y22_M1_28","Phospho (STY)",0.850720699402363,0.645641793647276,0.509065688030162,6,"Not significant"
"P3C4 / P3C4+Nigericin","PTPRC","P08575","P08575","PTPRC_HUMAN","Receptor-type tyrosine-protein phosphatase C","P08575_S975_M1_28","Phospho (STY)",-0.277129832554849,0.645836602516029,0.509854459499905,6,"Not significant"
"P3C4 / P3C4+Nigericin","HSP90B1","P14625","P14625","ENPL_HUMAN","Endoplasmin","P14625_S607_M1_28","Phospho (STY)",-1.06296294707531,0.647140523789694,0.514539702601835,6,"Not significant"
"P3C4 / P3C4+Nigericin","PLAUR","Q03405","Q03405","UPAR_HUMAN","Urokinase plasminogen activator surface receptor","Q03405_T149_M2_28","Phospho (STY)",-2.73426694338426,0.647323936234049,0.515249681932144,5,"Not significant"
"P3C4 / P3C4+Nigericin","HNRNPUL1","Q9BUJ2","Q9BUJ2","HNRL1_HUMAN","Heterogeneous nuclear ribonucleoprotein U-like protein 1","Q9BUJ2_Y390_M1_28","Phospho (STY)",0.125519227392558,0.647919640157962,0.517584233005323,6,"Not significant"
"P3C4 / P3C4+Nigericin","RPL18","Q07020","Q07020","RL18_HUMAN","Large ribosomal subunit protein eL18","Q07020_T136_M1_28","Phospho (STY)",0.288808040084944,0.64794714167144,0.517685895958181,6,"Not significant"
"P3C4 / P3C4+Nigericin","CAP1","Q01518","Q01518","CAP1_HUMAN","Adenylyl cyclase-associated protein 1","Q01518_Y354_M1_28","Phospho (STY)",1.0351938822969,0.648930719160329,0.521240607826936,5,"Not significant"
"P3C4 / P3C4+Nigericin","SDHAF2","Q9NX18","Q9NX18","SDHF2_HUMAN","Succinate dehydrogenase assembly factor 2, mitochondrial","Q9NX18_Y160_M1_28","Phospho (STY)",-0.476204320115539,0.649002741411848,0.521439941651593,6,"Not significant"
"P3C4 / P3C4+Nigericin","RAB4A","P20338","P20338","RAB4A_HUMAN","Ras-related protein Rab-4A","P20338_Y61_M1_28","Phospho (STY)",-2.05366476644138,0.650642581935039,0.526361616063707,6,"Not significant"
"P3C4 / P3C4+Nigericin","RRBP1","Q9P2E9","Q9P2E9","RRBP1_HUMAN","Ribosome-binding protein 1","Q9P2E9_S154_M2_28","Phospho (STY)",2.39348700020853,0.651774991494709,0.529721410631704,4,"Not significant"
"P3C4 / P3C4+Nigericin","RPL10L","Q96L21","Q96L21","RL10L_HUMAN","Ribosomal protein uL16-like","Q96L21_Y57_M2_28","Phospho (STY)",0.363277582902576,0.652291668886165,0.531163449233029,6,"Not significant"
"P3C4 / P3C4+Nigericin","ACO2","Q99798","Q99798","ACON_HUMAN","Aconitate hydratase, mitochondrial","Q99798_Y544_M1_28","Phospho (STY)",0.30657211825943,0.652369751528561,0.531401444414409,6,"Not significant"
"P3C4 / P3C4+Nigericin","ZNF638","Q14966","Q14966","ZN638_HUMAN","Zinc finger protein 638","Q14966_T1664_M2_28","Phospho (STY)",1.87039093292159,0.653302439183908,0.534087579463751,6,"Not significant"
"P3C4 / P3C4+Nigericin","DNM1L","O00429","O00429","DNM1L_HUMAN","Dynamin-1-like protein","O00429_S71_M1_28","Phospho (STY)",0.752332905365094,0.653916063761478,0.535936813405414,6,"Not significant"
"P3C4 / P3C4+Nigericin","B2M","P61769","P61769","B2MG_HUMAN","Beta-2-microglobulin","P61769_Y46_M1_28","Phospho (STY)",-0.400342078122504,0.654429068065247,0.537522152670124,6,"Not significant"
"P3C4 / P3C4+Nigericin","PGK1","P00558","P00558","PGK1_HUMAN","Phosphoglycerate kinase 1","P00558_S115_M1_28","Phospho (STY)",1.78859187100675,0.654492642188396,0.537674709750427,6,"Not significant"
"P3C4 / P3C4+Nigericin","ITGB1","P05556","P05556","ITB1_HUMAN","Integrin beta-1","P05556_T112_M2_28","Phospho (STY)",0.302076326801699,0.654601633622664,0.538036590820901,6,"Not significant"
"P3C4 / P3C4+Nigericin","ITGB1","P05556","P05556","ITB1_HUMAN","Integrin beta-1","P05556_T102_M2_28","Phospho (STY)",0.302076326801699,0.654601633622664,0.538036590820901,6,"Not significant"
"P3C4 / P3C4+Nigericin","POTEI","P0CG38","P0CG38","POTEI_HUMAN","POTE ankyrin domain family member I","P0CG38_S971_M1_28","Phospho (STY)",0.230693506640351,0.655396435563351,0.540739996354205,4,"Not significant"
"P3C4 / P3C4+Nigericin","TUBB8","Q3ZCM7","Q3ZCM7","TBB8_HUMAN","Tubulin beta-8 chain","Q3ZCM7_Y281_M2_28","Phospho (STY)",0.71821275217036,0.657364367928018,0.546299640004144,6,"Not significant"
"P3C4 / P3C4+Nigericin","ACLY","P53396","P53396","ACLY_HUMAN","ATP-citrate synthase","P53396_Y1006_M1_28","Phospho (STY)",0.764346716291766,0.657531596988768,0.546828264433402,6,"Not significant"
"P3C4 / P3C4+Nigericin","DDX18","Q9NVP1","Q9NVP1","DDX18_HUMAN","ATP-dependent RNA helicase DDX18","Q9NVP1_T260_M2_28","Phospho (STY)",-0.326586023390294,0.657936033530733,0.548098784003971,6,"Not significant"
"P3C4 / P3C4+Nigericin","DDX18","Q9NVP1","Q9NVP1","DDX18_HUMAN","ATP-dependent RNA helicase DDX18","Q9NVP1_S258_M2_28","Phospho (STY)",-0.326586023390294,0.657936033530733,0.548098784003971,6,"Not significant"
"P3C4 / P3C4+Nigericin","TFAM","Q00059","Q00059","TFAM_HUMAN","Transcription factor A, mitochondrial","Q00059_Y200_M1_28","Phospho (STY)",0.197429688247836,0.65869212043483,0.550471211696225,6,"Not significant"
"P3C4 / P3C4+Nigericin","ACTB","Cont_P60712;P60709","Cont_P60712;P60709","ACTB_BOVIN;ACTB_HUMAN","Actin, cytoplasmic 1;Actin, cytoplasmic 1","Cont_P60712_Y294_M1_28","Phospho (STY)",-1.57571771446409,0.659956009963266,0.554248960505163,6,"Not significant"
"P3C4 / P3C4+Nigericin","ACTB","Cont_P60712;P60709","Cont_P60712;P60709","ACTB_BOVIN;ACTB_HUMAN","Actin, cytoplasmic 1;Actin, cytoplasmic 1","P60709_Y294_M1_28","Phospho (STY)",-1.57571771446409,0.659956009963266,0.554248960505163,6,"Not significant"
"P3C4 / P3C4+Nigericin","PLEC","Q15149","Q15149","PLEC_HUMAN","Plectin","Q15149_Y4112_M1_28","Phospho (STY)",1.70363727258199,0.661829668315301,0.559735247776101,6,"Not significant"
"P3C4 / P3C4+Nigericin","HSPA5","P11021","P11021","BIP_HUMAN","Endoplasmic reticulum chaperone BiP","P11021_S354_M1_28","Phospho (STY)",-0.547203902315875,0.663028983895086,0.563335800801633,6,"Not significant"
"P3C4 / P3C4+Nigericin","TUBB3","Q13509","Q13509","TBB3_HUMAN","Tubulin beta-3 chain","Q13509_Y159_M2_28","Phospho (STY)",-2.11739846918026,0.663087102118386,0.563513300135467,4,"Not significant"
"P3C4 / P3C4+Nigericin","ACAA2","P42765","P42765","THIM_HUMAN","3-ketoacyl-CoA thiolase, mitochondrial","P42765_Y20_M1_28","Phospho (STY)",0.252982153321839,0.663520250045753,0.564999390797741,6,"Not significant"
"P3C4 / P3C4+Nigericin","DHX9","Q08211","Q08211","DHX9_HUMAN","ATP-dependent RNA helicase A","Q08211_T1060_M1_28","Phospho (STY)",-2.09823014568356,0.66391293745073,0.566125214183344,5,"Not significant"
"P3C4 / P3C4+Nigericin","CANX","P27824","P27824","CALX_HUMAN","Calnexin","P27824_Y393_M2_28","Phospho (STY)",0.234858739283545,0.664454845311417,0.56789590981176,6,"Not significant"
"P3C4 / P3C4+Nigericin","SPP1","P10451","P10451","OSTP_HUMAN","Osteopontin","P10451_S303_M1_28","Phospho (STY)",-0.496115235195075,0.665922771906289,0.572208627089347,6,"Not significant"
"P3C4 / P3C4+Nigericin","RPLP1","P05386","P05386","RLA1_HUMAN","Large ribosomal subunit protein P1","P05386_S58_M1_28","Phospho (STY)",0.256931151339042,0.6669862455791,0.575566722950601,6,"Not significant"
"P3C4 / P3C4+Nigericin","ACLY","P53396","P53396","ACLY_HUMAN","ATP-citrate synthase","P53396_S947_M1_28","Phospho (STY)",0.279429108250208,0.667118521260529,0.576014531084994,6,"Not significant"
"P3C4 / P3C4+Nigericin","SON","P18583","P18583","SON_HUMAN","Protein SON","P18583_Y270_M2_28","Phospho (STY)",2.16128926814448,0.667329697179948,0.576718098925861,5,"Not significant"
"P3C4 / P3C4+Nigericin","ACTC1","P68032","P68032","ACTC_HUMAN","Actin, alpha cardiac muscle 1","P68032_Y220_M2_28","Phospho (STY)",-0.503340724998704,0.667683906728285,0.577661957042662,6,"Not significant"
"P3C4 / P3C4+Nigericin","ALCAM","Q13740","Q13740","CD166_HUMAN","CD166 antigen","Q13740_Y284_M1_28","Phospho (STY)",0.150325171344059,0.667694207076148,0.577701708946698,6,"Not significant"
"P3C4 / P3C4+Nigericin","CAP2","P40123","P40123","CAP2_HUMAN","Adenylyl cyclase-associated protein 2","P40123_T274_M1_28","Phospho (STY)",0.273952590760128,0.667867280491606,0.578105279431777,6,"Not significant"
"P3C4 / P3C4+Nigericin","ITGA5","P08648","P08648","ITA5_HUMAN","Integrin alpha-5","P08648_S127_M1_28","Phospho (STY)",0.284467837460117,0.668686547659833,0.581024876834004,5,"Not significant"
"P3C4 / P3C4+Nigericin","ATP5F1B","P06576","P06576","ATPB_HUMAN","ATP synthase subunit beta, mitochondrial","P06576_T116_M1_28","Phospho (STY)",-0.3723399353297,0.668930629264489,0.58162348960507,4,"Not significant"
"P3C4 / P3C4+Nigericin","GYS1","P13807","P13807","GYS1_HUMAN","Glycogen [starch] synthase, muscle","P13807_Y405_M1_28","Phospho (STY)",0.526104891359049,0.669382127874049,0.583171260581702,6,"Not significant"
"P3C4 / P3C4+Nigericin","ACTC1","P68032","P68032","ACTC_HUMAN","Actin, alpha cardiac muscle 1","P68032_Y242_M1_28","Phospho (STY)",1.9953349951068,0.669430104336141,0.58332901441037,5,"Not significant"
"P3C4 / P3C4+Nigericin","ARPP19","P56211","P56211","ARP19_HUMAN","cAMP-regulated phosphoprotein 19","P56211_T85_M1_28","Phospho (STY)",0.639315320923932,0.67017638469247,0.58541798789297,5,"Not significant"
"P3C4 / P3C4+Nigericin","ERLIN2","O94905","O94905","ERLN2_HUMAN","Erlin-2","O94905_S243_M1_28","Phospho (STY)",0.432619554430713,0.67203976838201,0.591260935434053,6,"Not significant"
"P3C4 / P3C4+Nigericin","UHRF2","Q96PU4","Q96PU4","UHRF2_HUMAN","E3 ubiquitin-protein ligase UHRF2","Q96PU4_S301_M2_28","Phospho (STY)",1.94198214661728,0.672108727174149,0.591475891596307,5,"Not significant"
"P3C4 / P3C4+Nigericin","KDM6B","O15054","O15054","KDM6B_HUMAN","Lysine-specific demethylase 6B","O15054_S1025_M1_28","Phospho (STY)",0.901923232927783,0.673752321746943,0.596433548971221,6,"Not significant"
"P3C4 / P3C4+Nigericin","HIBADH","P31937","P31937","3HIDH_HUMAN","3-hydroxyisobutyrate dehydrogenase, mitochondrial","P31937_Y113_M1_28","Phospho (STY)",0.452901005616095,0.674533372737839,0.598810934082373,4,"Not significant"
"P3C4 / P3C4+Nigericin","SF3B3","Q15393","Q15393","SF3B3_HUMAN","Splicing factor 3B subunit 3","Q15393_Y807_M2_28","Phospho (STY)",-0.197433652140856,0.674750004958603,0.599450428170742,6,"Not significant"
"P3C4 / P3C4+Nigericin","HCLS1","P14317","P14317","HCLS1_HUMAN","Hematopoietic lineage cell-specific protein","P14317_S275_M2_28","Phospho (STY)",-0.197415240678432,0.674759661506008,0.599507887431399,6,"Not significant"
"P3C4 / P3C4+Nigericin","H4C1","P62805","P62805","H4_HUMAN","Histone H4","P62805_T81_M1_28","Phospho (STY)",0.300917700573089,0.674780586503692,0.599588028704505,6,"Not significant"
"P3C4 / P3C4+Nigericin","ACTBL2","Q562R1","Q562R1","ACTBL_HUMAN","Beta-actin-like protein 2","Q562R1_Y167_M1_28","Phospho (STY)",0.799336904211868,0.674939593889728,0.600002261705865,4,"Not significant"
"P3C4 / P3C4+Nigericin","ACTB","Cont_P60712;P60709","Cont_P60712;P60709","ACTB_BOVIN;ACTB_HUMAN","Actin, cytoplasmic 1;Actin, cytoplasmic 1","Cont_P60712_T229_M2_28","Phospho (STY)",0.245240439152413,0.675899013030742,0.602616271839005,4,"Not significant"
"P3C4 / P3C4+Nigericin","ACTB","Cont_P60712;P60709","Cont_P60712;P60709","ACTB_BOVIN;ACTB_HUMAN","Actin, cytoplasmic 1;Actin, cytoplasmic 1","P60709_T229_M2_28","Phospho (STY)",0.245240439152413,0.675899013030742,0.602616271839005,4,"Not significant"
"P3C4 / P3C4+Nigericin","GM2A","P17900","P17900","SAP3_HUMAN","Ganglioside GM2 activator","P17900_Y145_M1_28","Phospho (STY)",-0.457665702180954,0.676584261250425,0.604549314914224,6,"Not significant"
"P3C4 / P3C4+Nigericin","SOD2","P04179","P04179","SODM_HUMAN","Superoxide dismutase [Mn], mitochondrial","P04179_Y69_M2_28","Phospho (STY)",-1.53948823033134,0.676956125092928,0.605620211777403,5,"Not significant"
"P3C4 / P3C4+Nigericin","AHNAK","Q09666","Q09666","AHNK_HUMAN","Neuroblast differentiation-associated protein AHNAK","Q09666_S5190_M2_28","Phospho (STY)",0.406774060042779,0.678310730426764,0.609866389498798,5,"Not significant"
"P3C4 / P3C4+Nigericin","PPP1CA","P62136","P62136","PP1A_HUMAN","Serine/threonine-protein phosphatase PP1-alpha catalytic subunit","P62136_Y114_M1_28","Phospho (STY)",0.818630882053019,0.682490134720992,0.622498894509855,6,"Not significant"
"P3C4 / P3C4+Nigericin","DNAJA1","P31689","P31689","DNJA1_HUMAN","DnaJ homolog subfamily A member 1","P31689_T284_M1_28","Phospho (STY)",0.258697985829157,0.686494526517834,0.634883792909524,6,"Not significant"
"P3C4 / P3C4+Nigericin","ATP5F1A","P25705","P25705","ATPA_HUMAN","ATP synthase subunit alpha, mitochondrial","P25705_Y321_M2_28","Phospho (STY)",-0.299200634300742,0.687079064619707,0.63676958717425,5,"Not significant"
"P3C4 / P3C4+Nigericin","MYH9","P35579","P35579","MYH9_HUMAN","Myosin-9","P35579_S957_M1_28","Phospho (STY)",0.173212173359209,0.68922362701191,0.643887371594924,6,"Not significant"
"P3C4 / P3C4+Nigericin","CYB5B","O43169","O43169","CYB5B_HUMAN","Cytochrome b5 type B","O43169_S37_M1_28","Phospho (STY)",0.242196301384847,0.689231869752671,0.643915926860826,6,"Not significant"
"P3C4 / P3C4+Nigericin","HSPA5","P11021","P11021","BIP_HUMAN","Endoplasmic reticulum chaperone BiP","P11021_Y127_M2_28","Phospho (STY)",0.357134110131339,0.689846137805846,0.645841575359507,6,"Not significant"
"P3C4 / P3C4+Nigericin","HNRNPU","Q00839","Q00839","HNRPU_HUMAN","Heterogeneous nuclear ribonucleoprotein U","Q00839_Y350_M1_28","Phospho (STY)",0.195799287038521,0.690499602509092,0.647709500850659,6,"Not significant"
"P3C4 / P3C4+Nigericin","RAB1A","P62820","P62820","RAB1A_HUMAN","Ras-related protein Rab-1A","P62820_S145_M2_28","Phospho (STY)",-0.380323991320819,0.690552462357006,0.6479322818884,4,"Not significant"
"P3C4 / P3C4+Nigericin","TPI1","P60174","P60174","TPIS_HUMAN","Triosephosphate isomerase","P60174_Y68_M1_28","Phospho (STY)",1.11000002698578,0.694936319692347,0.660971715122542,6,"Not significant"
"P3C4 / P3C4+Nigericin","RTRAF","Q9Y224","Q9Y224","RTRAF_HUMAN","RNA transcription, translation and transport factor protein","Q9Y224_T235_M1_28","Phospho (STY)",0.43133054625416,0.696504405336656,0.66646116436897,6,"Not significant"
"P3C4 / P3C4+Nigericin","CNN2","Q99439","Q99439","CNN2_HUMAN","Calponin-2","Q99439_Y231_M1_28","Phospho (STY)",0.451484122632989,0.698600715444722,0.67329161241409,5,"Not significant"
"P3C4 / P3C4+Nigericin","ITGB2","P05107","P05107","ITB2_HUMAN","Integrin beta-2","P05107_T256_M1_28","Phospho (STY)",-0.291842159010116,0.700315204742143,0.678918890972395,6,"Not significant"
"P3C4 / P3C4+Nigericin","HNRNPM","P52272","P52272","HNRPM_HUMAN","Heterogeneous nuclear ribonucleoprotein M","P52272_Y100_M2_28","Phospho (STY)",0.987807718093428,0.700495518796068,0.679463572651211,6,"Not significant"
"P3C4 / P3C4+Nigericin","TUFM","P49411","P49411","EFTU_HUMAN","Elongation factor Tu, mitochondrial","P49411_S238_M1_28","Phospho (STY)",0.234076373673415,0.701177877551374,0.681727933328276,4,"Not significant"
"P3C4 / P3C4+Nigericin","ACTC1","P68032","P68032","ACTC_HUMAN","Actin, alpha cardiac muscle 1","P68032_Y296_M3_28","Phospho (STY)",-0.312000600771047,0.701639060338619,0.683368829448193,5,"Not significant"
"P3C4 / P3C4+Nigericin","SUMO3","P55854","P55854","SUMO3_HUMAN","Small ubiquitin-related modifier 3","P55854_T12_M1_28","Phospho (STY)",0.919267463293615,0.702374631460918,0.685656404486646,6,"Not significant"
"P3C4 / P3C4+Nigericin","NOLC1","Q14978","Q14978","NOLC1_HUMAN","Nucleolar and coiled-body phosphoprotein 1","Q14978_S698_M1_28","Phospho (STY)",0.207786536725695,0.702985778785747,0.687600757367848,5,"Not significant"
"P3C4 / P3C4+Nigericin","ACTB","Cont_P60712;P60709","Cont_P60712;P60709","ACTB_BOVIN;ACTB_HUMAN","Actin, cytoplasmic 1;Actin, cytoplasmic 1","Cont_P60712_S232_M2_28","Phospho (STY)",-0.336223974969801,0.703171340078529,0.688284565539475,5,"Not significant"
"P3C4 / P3C4+Nigericin","ACTB","Cont_P60712;P60709","Cont_P60712;P60709","ACTB_BOVIN;ACTB_HUMAN","Actin, cytoplasmic 1;Actin, cytoplasmic 1","P60709_S232_M2_28","Phospho (STY)",-0.336223974969801,0.703171340078529,0.688284565539475,5,"Not significant"
"P3C4 / P3C4+Nigericin","MYH9","P35579","P35579","MYH9_HUMAN","Myosin-9","P35579_T1208_M1_28","Phospho (STY)",0.13455730464686,0.703182617070237,0.688346806348762,6,"Not significant"
"P3C4 / P3C4+Nigericin","RAB12","Q6IQ22","Q6IQ22","RAB12_HUMAN","Ras-related protein Rab-12","Q6IQ22_Y143_M2_28","Phospho (STY)",0.486843413852173,0.703185890478969,0.688416095344735,6,"Not significant"
"P3C4 / P3C4+Nigericin","EEF1A1","Cont_P68103;P68104","Cont_P68103;P68104","EF1A1_BOVIN;EF1A1_HUMAN","Elongation factor 1-alpha 1","Cont_P68103_Y418_M2_28","Phospho (STY)",0.287308787962243,0.706890783801581,0.699954192657062,5,"Not significant"
"P3C4 / P3C4+Nigericin","EEF1A1","Cont_P68103;P68104","Cont_P68103;P68104","EF1A1_BOVIN;EF1A1_HUMAN","Elongation factor 1-alpha 1","P68104_Y418_M2_28","Phospho (STY)",0.287308787962243,0.706890783801581,0.699954192657062,5,"Not significant"
"P3C4 / P3C4+Nigericin","PSMC3","P17980","P17980","PRS6A_HUMAN","26S proteasome regulatory subunit 6A","P17980_S281_M2_28","Phospho (STY)",-0.167143096079618,0.707601903993766,0.702288411631744,6,"Not significant"
"P3C4 / P3C4+Nigericin","EEF1A1","Cont_P68103;P68104","Cont_P68103;P68104","EF1A1_BOVIN;EF1A1_HUMAN","Elongation factor 1-alpha 1","Cont_P68103_Y357_M2_28","Phospho (STY)",0.151276950507568,0.707984417971566,0.703496535875203,6,"Not significant"
"P3C4 / P3C4+Nigericin","EEF1A1","Cont_P68103;P68104","Cont_P68103;P68104","EF1A1_BOVIN;EF1A1_HUMAN","Elongation factor 1-alpha 1","P68104_Y357_M2_28","Phospho (STY)",0.151276950507568,0.707984417971566,0.703496535875203,6,"Not significant"
"P3C4 / P3C4+Nigericin","ACTB","Cont_P60712;P60709","Cont_P60712;P60709","ACTB_BOVIN;ACTB_HUMAN","Actin, cytoplasmic 1;Actin, cytoplasmic 1","Cont_P60712_S271_M1_28","Phospho (STY)",-0.23903641198801,0.709055340585124,0.707200934053295,6,"Not significant"
"P3C4 / P3C4+Nigericin","ACTB","Cont_P60712;P60709","Cont_P60712;P60709","ACTB_BOVIN;ACTB_HUMAN","Actin, cytoplasmic 1;Actin, cytoplasmic 1","P60709_S271_M1_28","Phospho (STY)",-0.23903641198801,0.709055340585124,0.707200934053295,6,"Not significant"
"P3C4 / P3C4+Nigericin","P4HB","P07237","P07237","PDIA1_HUMAN","Protein disulfide-isomerase","P07237_S357_M1_28","Phospho (STY)",0.488148740089495,0.709843022731739,0.709956521134913,6,"Not significant"
"P3C4 / P3C4+Nigericin","TLN1","Q9Y490","Q9Y490","TLN1_HUMAN","Talin-1","Q9Y490_S955_M2_28","Phospho (STY)",0.981912573600484,0.711481457706869,0.715216857977277,4,"Not significant"
"P3C4 / P3C4+Nigericin","S100A8","P05109","P05109","S10A8_HUMAN","Protein S100-A8","P05109_T62_M1_28","Phospho (STY)",0.49086248746115,0.712400671350938,0.718418965566456,6,"Not significant"
"P3C4 / P3C4+Nigericin","P4HB","P07237","P07237","PDIA1_HUMAN","Protein disulfide-isomerase","P07237_Y393_M1_28","Phospho (STY)",0.263789894311802,0.713860800598967,0.723313635574105,6,"Not significant"
"P3C4 / P3C4+Nigericin","GSTP1","P09211","P09211","GSTP1_HUMAN","Glutathione S-transferase P","P09211_Y199_M2_28","Phospho (STY)",-0.224155408507495,0.715928929488169,0.730094088700842,5,"Not significant"
"P3C4 / P3C4+Nigericin","DDX17","Q92841","Q92841","DDX17_HUMAN","Probable ATP-dependent RNA helicase DDX17","Q92841_Y519_M1_28","Phospho (STY)",0.345431165426736,0.716120966877553,0.73086862976214,6,"Not significant"
"P3C4 / P3C4+Nigericin","HSD17B7","P56937","P56937","DHB7_HUMAN","3-keto-steroid reductase/17-beta-hydroxysteroid dehydrogenase 7","P56937_Y198_M1_28","Phospho (STY)",-0.227156753709377,0.71634865443644,0.731537257567247,4,"Not significant"
"P3C4 / P3C4+Nigericin","MYL6","P60660","P60660","MYL6_HUMAN","Myosin light polypeptide 6","P60660_Y29_M1_28","Phospho (STY)",0.749003231128331,0.716708151558234,0.732607256344292,6,"Not significant"
"P3C4 / P3C4+Nigericin","TXNDC12","O95881","O95881","TXD12_HUMAN","Thioredoxin domain-containing protein 12","O95881_S121_M1_28","Phospho (STY)",0.101761494066759,0.717974853073329,0.73679973367234,6,"Not significant"
"P3C4 / P3C4+Nigericin","ACTB","Cont_P60712;P60709","Cont_P60712;P60709","ACTB_BOVIN;ACTB_HUMAN","Actin, cytoplasmic 1;Actin, cytoplasmic 1","Cont_P60712_Y218_M1_28","Phospho (STY)",-0.296806482211835,0.719561945384178,0.742037318572706,6,"Not significant"
"P3C4 / P3C4+Nigericin","ACTB","Cont_P60712;P60709","Cont_P60712;P60709","ACTB_BOVIN;ACTB_HUMAN","Actin, cytoplasmic 1;Actin, cytoplasmic 1","P60709_Y218_M1_28","Phospho (STY)",-0.296806482211835,0.719561945384178,0.742037318572706,6,"Not significant"
"P3C4 / P3C4+Nigericin","ACTB","Cont_P60712;P60709","Cont_P60712;P60709","ACTB_BOVIN;ACTB_HUMAN","Actin, cytoplasmic 1;Actin, cytoplasmic 1","Cont_P60712_Y240_M2_28","Phospho (STY)",0.811642448926598,0.721013624994162,0.746751560356945,5,"Not significant"
"P3C4 / P3C4+Nigericin","ACTB","Cont_P60712;P60709","Cont_P60712;P60709","ACTB_BOVIN;ACTB_HUMAN","Actin, cytoplasmic 1;Actin, cytoplasmic 1","P60709_Y240_M2_28","Phospho (STY)",0.811642448926598,0.721013624994162,0.746751560356945,5,"Not significant"
"P3C4 / P3C4+Nigericin","ATP2C1","P98194","P98194","AT2C1_HUMAN","Calcium-transporting ATPase type 2C member 1","P98194_S36_M1_28","Phospho (STY)",0.145406942258974,0.722565778980937,0.752215440041721,6,"Not significant"
"P3C4 / P3C4+Nigericin","AHNAK","Q09666","Q09666","AHNK_HUMAN","Neuroblast differentiation-associated protein AHNAK","Q09666_S2798_M1_28","Phospho (STY)",0.642048708348036,0.72283179512697,0.753225852049724,6,"Not significant"
"P3C4 / P3C4+Nigericin","DAB2","P98082","P98082","DAB2_HUMAN","Disabled homolog 2","P98082_Y50_M1_28","Phospho (STY)",0.710287860133248,0.724593357579766,0.759193092908438,6,"Not significant"
"P3C4 / P3C4+Nigericin","UQCRC2","P22695","P22695","QCR2_HUMAN","Cytochrome b-c1 complex subunit 2, mitochondrial","P22695_Y71_M1_28","Phospho (STY)",0.227230606486365,0.726441514575583,0.765640402962426,5,"Not significant"
"P3C4 / P3C4+Nigericin","HSPE1","P61604","P61604","CH10_HUMAN","10 kDa heat shock protein, mitochondrial","P61604_S53_M2_28","Phospho (STY)",-0.137156133380649,0.727271350696346,0.768434854924688,6,"Not significant"
"P3C4 / P3C4+Nigericin","HSPE1","P61604","P61604","CH10_HUMAN","10 kDa heat shock protein, mitochondrial","P61604_S51_M2_28","Phospho (STY)",-0.137156133380649,0.727271350696346,0.768434911048679,6,"Not significant"
"P3C4 / P3C4+Nigericin","AHNAK","Q09666","Q09666","AHNK_HUMAN","Neuroblast differentiation-associated protein AHNAK","Q09666_S5279_M1_28","Phospho (STY)",0.579288793500127,0.728091891428681,0.771481056969827,6,"Not significant"
"P3C4 / P3C4+Nigericin","ACTBL2","Q562R1","Q562R1","ACTBL_HUMAN","Beta-actin-like protein 2","Q562R1_Y54_M1_28","Phospho (STY)",0.275054655141201,0.729468423067056,0.776203400762239,6,"Not significant"
"P3C4 / P3C4+Nigericin","ALDOA","P04075","P04075","ALDOA_HUMAN","Fructose-bisphosphate aldolase A","P04075_S160_M1_28","Phospho (STY)",0.4751203401184,0.73080663423696,0.781008453971265,6,"Not significant"
"P3C4 / P3C4+Nigericin","RAB11B","Q15907","Q15907","RB11B_HUMAN","Ras-related protein Rab-11B","Q15907_T59_M1_28","Phospho (STY)",0.093950533568251,0.731206792641334,0.78271091633162,6,"Not significant"
"P3C4 / P3C4+Nigericin","AHNAK","Q09666","Q09666","AHNK_HUMAN","Neuroblast differentiation-associated protein AHNAK","Q09666_S3326_M1_28","Phospho (STY)",0.073116737804408,0.732479091710356,0.787425327697079,6,"Not significant"
"P3C4 / P3C4+Nigericin","PNKP","Q96T60","Q96T60","PNKP_HUMAN","Bifunctional polynucleotide phosphatase/kinase","Q96T60_T157_M1_28","Phospho (STY)",0.289254907569466,0.73386378441302,0.792439707245589,6,"Not significant"
"P3C4 / P3C4+Nigericin","GM2A","P17900","P17900","SAP3_HUMAN","Ganglioside GM2 activator","P17900_Y168_M1_28","Phospho (STY)",-0.153518266552013,0.73455421583735,0.795023470394803,6,"Not significant"
"P3C4 / P3C4+Nigericin","PDIA3","P30101","P30101","PDIA3_HUMAN","Protein disulfide-isomerase A3","P30101_Y95_M1_28","Phospho (STY)",-0.433587157324707,0.735248859365502,0.797140336585828,5,"Not significant"
"P3C4 / P3C4+Nigericin","HSPA5","P11021","P11021","BIP_HUMAN","Endoplasmic reticulum chaperone BiP","P11021_S86_M3_28","Phospho (STY)",0.156141545216125,0.735685718208103,0.798851657796022,6,"Not significant"
"P3C4 / P3C4+Nigericin","ANP32E","Q9BTT0","Q9BTT0","AN32E_HUMAN","Acidic leucine-rich nuclear phosphoprotein 32 family member E","Q9BTT0_S72_M1_28","Phospho (STY)",0.618473915088963,0.735903347043075,0.799544558688669,4,"Not significant"
"P3C4 / P3C4+Nigericin","RPLP0","P05388","P05388","RLA0_HUMAN","Large ribosomal subunit protein uL10","P05388_T122_M1_28","Phospho (STY)",0.107200729989685,0.738632829028698,0.809236051594418,6,"Not significant"
"P3C4 / P3C4+Nigericin","MYH9","P35579","P35579","MYH9_HUMAN","Myosin-9","P35579_T1414_M1_28","Phospho (STY)",0.0588279477560234,0.738717753543946,0.809477760684821,6,"Not significant"
"P3C4 / P3C4+Nigericin","RNH1","P13489","P13489","RINI_HUMAN","Ribonuclease inhibitor","P13489_S290_M2_28","Phospho (STY)",0.529733624131355,0.738876551783427,0.810136019671492,4,"Not significant"
"P3C4 / P3C4+Nigericin","ATP6V1C1","P21283","P21283","VATC1_HUMAN","V-type proton ATPase subunit C 1","P21283_Y181_M1_28","Phospho (STY)",-0.118936090396563,0.739753285859112,0.813266151307549,6,"Not significant"
"P3C4 / P3C4+Nigericin","MYL6","P60660","P60660","MYL6_HUMAN","Myosin light polypeptide 6","P60660_S57_M1_28","Phospho (STY)",-0.0855876887867133,0.740490035998774,0.816153915944238,5,"Not significant"
"P3C4 / P3C4+Nigericin","RAB14","P61106","P61106","RAB14_HUMAN","Ras-related protein Rab-14","P61106_S56_M1_28","Phospho (STY)",0.437139685893623,0.741178654542675,0.818657354382662,6,"Not significant"
"P3C4 / P3C4+Nigericin","SAMHD1","Q9Y3Z3","Q9Y3Z3","SAMH1_HUMAN","Deoxynucleoside triphosphate triphosphohydrolase SAMHD1","Q9Y3Z3_T592_M1_28","Phospho (STY)",0.200566895991345,0.741231985740068,0.818815306035777,6,"Not significant"
"P3C4 / P3C4+Nigericin","SSBP1","Q04837","Q04837","SSBP_HUMAN","Single-stranded DNA-binding protein, mitochondrial","Q04837_T144_M2_28","Phospho (STY)",0.188268802930259,0.742680959810525,0.824106296393432,6,"Not significant"
"P3C4 / P3C4+Nigericin","SSBP1","Q04837","Q04837","SSBP_HUMAN","Single-stranded DNA-binding protein, mitochondrial","Q04837_S141_M2_28","Phospho (STY)",0.188268802930259,0.742680959810525,0.824106296393432,6,"Not significant"
"P3C4 / P3C4+Nigericin","EIF5B","O60841","O60841","IF2P_HUMAN","Eukaryotic translation initiation factor 5B","O60841_T642_M1_28","Phospho (STY)",-0.430537448366373,0.745112554835469,0.833324878181507,6,"Not significant"
"P3C4 / P3C4+Nigericin","GSTP1","P09211","P09211","GSTP1_HUMAN","Glutathione S-transferase P","P09211_Y199_M1_28","Phospho (STY)",0.416521889016936,0.745317633322166,0.834077029818863,6,"Not significant"
"P3C4 / P3C4+Nigericin","PRR14","Q9BWN1","Q9BWN1","PRR14_HUMAN","Proline-rich protein 14","Q9BWN1_S514_M1_28","Phospho (STY)",0.112914436431658,0.746987449064156,0.840707961987287,6,"Not significant"
"P3C4 / P3C4+Nigericin","P4HB","P07237","P07237","PDIA1_HUMAN","Protein disulfide-isomerase","P07237_T85_M1_28","Phospho (STY)",-0.0340671777175896,0.747245437060007,0.841584257293537,5,"Not significant"
"P3C4 / P3C4+Nigericin","RAB5C","P51148","P51148","RAB5C_HUMAN","Ras-related protein Rab-5C","P51148_S124_M1_28","Phospho (STY)",0.0827172420224062,0.747370814440205,0.842024540239616,6,"Not significant"
"P3C4 / P3C4+Nigericin","BST1","Q10588","Q10588","BST1_HUMAN","ADP-ribosyl cyclase/cyclic ADP-ribose hydrolase 2","Q10588_Y200_M2_28","Phospho (STY)",0.274416450402055,0.747393689667989,0.842169579351214,6,"Not significant"
"P3C4 / P3C4+Nigericin","NONO","Q15233","Q15233","NONO_HUMAN","Non-POU domain-containing octamer-binding protein","Q15233_Y158_M2_28","Phospho (STY)",0.345314550955769,0.747814477935831,0.8437129531591,6,"Not significant"
"P3C4 / P3C4+Nigericin","RPL23","P62829","P62829","RL23_HUMAN","Large ribosomal subunit protein uL14","P62829_Y38_M2_28","Phospho (STY)",0.430874913436271,0.748543640939596,0.846481585726404,6,"Not significant"
"P3C4 / P3C4+Nigericin","NUP85","Q9BW27","Q9BW27","NUP85_HUMAN","Nuclear pore complex protein Nup85","Q9BW27_T579_M2_28","Phospho (STY)",0.0802923496209964,0.748671184815296,0.847053981227701,6,"Not significant"
"P3C4 / P3C4+Nigericin","HADHB","P55084","P55084","ECHB_HUMAN","Trifunctional enzyme subunit beta, mitochondrial","P55084_S262_M1_28","Phospho (STY)",-0.0574495482271824,0.751369278287152,0.857210970737135,6,"Not significant"
"P3C4 / P3C4+Nigericin","HSPA2","P54652","P54652","HSP72_HUMAN","Heat shock-related 70 kDa protein 2","P54652_Y614_M1_28","Phospho (STY)",0.110896061065877,0.751795154847269,0.858665327579144,6,"Not significant"
"P3C4 / P3C4+Nigericin","HNRNPA1","P09651","P09651","ROA1_HUMAN","Heterogeneous nuclear ribonucleoprotein A1","P09651_S22_M1_28","Phospho (STY)",0.392068652909723,0.752145956549793,0.860023565617114,4,"Not significant"
"P3C4 / P3C4+Nigericin","ANXA1","P04083","P04083","ANXA1_HUMAN","Annexin A1","P04083_S46_M1_28","Phospho (STY)",-0.0386674059923146,0.752568993433791,0.86190394369928,4,"Not significant"
"P3C4 / P3C4+Nigericin","THRAP3","Q9Y2W1","Q9Y2W1","TR150_HUMAN","Thyroid hormone receptor-associated protein 3","Q9Y2W1_S248_M2_28","Phospho (STY)",-0.286618866321275,0.752577503946034,0.861980184526792,5,"Not significant"
"P3C4 / P3C4+Nigericin","PPP2R2A","P63151","P63151","2ABA_HUMAN","Serine/threonine-protein phosphatase 2A 55 kDa regulatory subunit B alpha isoform","P63151_Y440_M2_28","Phospho (STY)",0.351192291287831,0.753830944740058,0.86686073473951,6,"Not significant"
"P3C4 / P3C4+Nigericin","H1-4","P10412","P10412","H14_HUMAN","Histone H1.4","P10412_S2_M1_28","Phospho (STY)",0.0531716576132423,0.753861244185387,0.867028501407053,6,"Not significant"
"P3C4 / P3C4+Nigericin","TMSB10","P63313","P63313","TYB10_HUMAN","Thymosin beta-10","P63313_T31_M1_28","Phospho (STY)",0.138044138462094,0.753865034185463,0.867072821882968,4,"Not significant"
"P3C4 / P3C4+Nigericin","ATP6V1F","Q16864","Q16864","VATF_HUMAN","V-type proton ATPase subunit F","Q16864_Y98_M2_28","Phospho (STY)",0.24866553535346,0.754902481775235,0.870973769293065,6,"Not significant"
"P3C4 / P3C4+Nigericin","ACTB","Cont_P60712;P60709","Cont_P60712;P60709","ACTB_BOVIN;ACTB_HUMAN","Actin, cytoplasmic 1;Actin, cytoplasmic 1","Cont_P60712_Y69_M2_28","Phospho (STY)",0.318837128040171,0.755354224616747,0.87283737315598,6,"Not significant"
"P3C4 / P3C4+Nigericin","ACTB","Cont_P60712;P60709","Cont_P60712;P60709","ACTB_BOVIN;ACTB_HUMAN","Actin, cytoplasmic 1;Actin, cytoplasmic 1","P60709_Y69_M2_28","Phospho (STY)",0.318837128040171,0.755354224616747,0.87283737315598,6,"Not significant"
"P3C4 / P3C4+Nigericin","C1QBP","Q07021","Q07021","C1QBP_HUMAN","Complement component 1 Q subcomponent-binding protein, mitochondrial","Q07021_T101_M1_28","Phospho (STY)",-0.266345123852273,0.755442857569537,0.873285986317594,6,"Not significant"
"P3C4 / P3C4+Nigericin","ATP6V1F","Q16864","Q16864","VATF_HUMAN","V-type proton ATPase subunit F","Q16864_S104_M2_28","Phospho (STY)",-0.307129142231992,0.75564552340787,0.87401726372063,5,"Not significant"
"P3C4 / P3C4+Nigericin","ZMPSTE24","O75844","O75844","FACE1_HUMAN","CAAX prenyl protease 1 homolog","O75844_Y45_M3_28","Phospho (STY)",0.261818542616811,0.757936214806412,0.882757660444018,5,"Not significant"
"P3C4 / P3C4+Nigericin","ACTBL2","Q562R1","Q562R1","ACTBL_HUMAN","Beta-actin-like protein 2","Q562R1_Y295_M1_28","Phospho (STY)",0.124758720697625,0.758671800460167,0.885414144095998,6,"Not significant"
"P3C4 / P3C4+Nigericin","PLXNB2","O15031","O15031","PLXB2_HUMAN","Plexin-B2","O15031_T822_M2_28","Phospho (STY)",-0.326716935873751,0.758948214325121,0.886568911879296,4,"Not significant"
"P3C4 / P3C4+Nigericin","TF","P02787","P02787","TRFE_HUMAN","Serotransferrin","P02787_Y257_M1_28","Phospho (STY)",-0.0180381996762047,0.763197489882686,0.90418717250703,6,"Not significant"
"P3C4 / P3C4+Nigericin","RAB1B","Q9H0U4","Q9H0U4","RAB1B_HUMAN","Ras-related protein Rab-1B","Q9H0U4_T49_M1_28","Phospho (STY)",0.272324402684905,0.763831054162248,0.906851228171415,4,"Not significant"
"P3C4 / P3C4+Nigericin","ZMPSTE24","O75844","O75844","FACE1_HUMAN","CAAX prenyl protease 1 homolog","O75844_Y45_M1_28","Phospho (STY)",0.0718931303269926,0.76522976666392,0.912037297025242,6,"Not significant"
"P3C4 / P3C4+Nigericin","RTRAF","Q9Y224","Q9Y224","RTRAF_HUMAN","RNA transcription, translation and transport factor protein","Q9Y224_T114_M1_28","Phospho (STY)",0.189292094326988,0.766567228074166,0.917725595367535,6,"Not significant"
"P3C4 / P3C4+Nigericin","CAP1","Q01518","Q01518","CAP1_HUMAN","Adenylyl cyclase-associated protein 1","Q01518_Y419_M2_28","Phospho (STY)",0.0629351424933979,0.766743420498253,0.918541874144815,6,"Not significant"
"P3C4 / P3C4+Nigericin","ERP29","P30040","P30040","ERP29_HUMAN","Endoplasmic reticulum resident protein 29","P30040_Y151_M1_28","Phospho (STY)",0.0832183138580358,0.767724904786444,0.922207020289005,5,"Not significant"
"P3C4 / P3C4+Nigericin","HSPD1","P10809","P10809","CH60_HUMAN","60 kDa heat shock protein, mitochondrial","P10809_Y223_M2_28","Phospho (STY)",-0.0401193824132927,0.768316121855092,0.924844298645784,6,"Not significant"
"P3C4 / P3C4+Nigericin","UGGT1","Q9NYU2","Q9NYU2","UGGG1_HUMAN","UDP-glucose:glycoprotein glucosyltransferase 1","Q9NYU2_S931_M1_28","Phospho (STY)",-0.0488866476343586,0.768939562424124,0.927598209550372,6,"Not significant"
"P3C4 / P3C4+Nigericin","HSPA1A;HSPA1B","P0DMV8;P0DMV9","P0DMV8;P0DMV9","HS71A_HUMAN;HS71B_HUMAN","Heat shock 70 kDa protein 1A;Heat shock 70 kDa protein 1B","P0DMV8_Y137_M1_28","Phospho (STY)",0.126950534507106,0.773065471910251,0.94506448379924,4,"Not significant"
"P3C4 / P3C4+Nigericin","HSPA1A;HSPA1B","P0DMV8;P0DMV9","P0DMV8;P0DMV9","HS71A_HUMAN;HS71B_HUMAN","Heat shock 70 kDa protein 1A;Heat shock 70 kDa protein 1B","P0DMV9_Y137_M1_28","Phospho (STY)",0.126950534507106,0.773065471910251,0.94506448379924,4,"Not significant"
"P3C4 / P3C4+Nigericin","HNRNPA1","P09651","P09651","ROA1_HUMAN","Heterogeneous nuclear ribonucleoprotein A1","P09651_S2_M2_28","Phospho (STY)",0.024523197229181,0.774860704276014,0.952801405274879,6,"Not significant"
"P3C4 / P3C4+Nigericin","HSPA5","P11021","P11021","BIP_HUMAN","Endoplasmic reticulum chaperone BiP","P11021_T481_M2_28","Phospho (STY)",0.106527210024488,0.775515701934344,0.955383713343876,5,"Not significant"
"P3C4 / P3C4+Nigericin","AHCY","P23526","P23526","SAHH_HUMAN","Adenosylhomocysteinase","P23526_Y7_M1_28","Phospho (STY)",-0.0241497391248366,0.775694675577021,0.95626682292501,6,"Not significant"
"P3C4 / P3C4+Nigericin","CALR","P27797","P27797","CALR_HUMAN","Calreticulin","P27797_Y172_M3_28","Phospho (STY)",0.0259321601171371,0.775914239852941,0.957388285159045,5,"Not significant"
"P3C4 / P3C4+Nigericin","RRS1","Q15050","Q15050","RRS1_HUMAN","Ribosome biogenesis regulatory protein homolog","Q15050_T56_M2_28","Phospho (STY)",0.109241284601965,0.776622008462608,0.960715088062481,5,"Not significant"
"P3C4 / P3C4+Nigericin","GNA11","P29992","P29992","GNA11_HUMAN","Guanine nucleotide-binding protein subunit alpha-11","P29992_Y172_M1_28","Phospho (STY)",-0.0241172497148001,0.776920715555742,0.96222259018932,6,"Not significant"
"P3C4 / P3C4+Nigericin","OSBPL8","Q9BZF1","Q9BZF1","OSBL8_HUMAN","Oxysterol-binding protein-related protein 8","Q9BZF1_S421_M1_28","Phospho (STY)",0.0222203849385596,0.777046594713471,0.962733872957589,6,"Not significant"
"P3C4 / P3C4+Nigericin","PCBP1","Q15365","Q15365","PCBP1_HUMAN","Poly(rC)-binding protein 1","Q15365_S190_M3_28","Phospho (STY)",-0.0357148667153209,0.777102402657146,0.963004688433584,5,"Not significant"
"P3C4 / P3C4+Nigericin","SEC22B","O75396","O75396","SC22B_HUMAN","Vesicle-trafficking protein SEC22b","O75396_S137_M2_28","Phospho (STY)",-0.0390502769177638,0.779084101128759,0.971267281914196,6,"Not significant"
"P3C4 / P3C4+Nigericin","TUBB2B","Q9BVA1","Q9BVA1","TBB2B_HUMAN","Tubulin beta-2B chain","Q9BVA1_Y59_M1_28","Phospho (STY)",0.0144921388962144,0.780182630790439,0.975934616138205,6,"Not significant"
"P3C4 / P3C4+Nigericin","GLO1","Q04760","Q04760","LGUL_HUMAN","Lactoylglutathione lyase","Q04760_S8_M1_28","Phospho (STY)",0.015454482289819,0.780568601139484,0.977719293614128,5,"Not significant"
"P3C4 / P3C4+Nigericin","MMP9","P14780","P14780","MMP9_HUMAN","Matrix metalloproteinase-9","P14780_S66_M1_28","Phospho (STY)",-0.00457281192364393,0.780575113668398,0.977820542070511,6,"Not significant"
"P3C4 / P3C4+Nigericin","FGR","P09769","P09769","FGR_HUMAN","Tyrosine-protein kinase Fgr","P09769_T14_M1_28","Phospho (STY)",0.0490084693148293,0.781474942258077,0.981507595851643,6,"Not significant"
"P3C4 / P3C4+Nigericin","EIF5","P55010","P55010","IF5_HUMAN","Eukaryotic translation initiation factor 5","P55010_Y56_M2_28","Phospho (STY)",0.0105355475271909,0.781549556296323,0.981819269164282,4,"Not significant"
"P3C4 / P3C4+Nigericin","FAM120A","Q9NZB2","Q9NZB2","F120A_HUMAN","Constitutive coactivator of PPAR-gamma-like protein 1","Q9NZB2_Y1020_M2_28","Phospho (STY)",-0.00877625129223181,0.782002680151187,0.983769853857299,6,"Not significant"
"P3C4 / P3C4+Nigericin","GGH","Q92820","Q92820","GGH_HUMAN","Gamma-glutamyl hydrolase","Q92820_T30_M1_28","Phospho (STY)",0.00829167158406294,0.782597445784592,0.986238552707093,6,"Not significant"
"P3C4 / P3C4+Nigericin","RAB5B","P61020","P61020","RAB5B_HUMAN","Ras-related protein Rab-5B","P61020_S184_M1_28","Phospho (STY)",0.00423291494835029,0.782933432135964,0.987833639491347,6,"Not significant"
"P3C4 / P3C4+Nigericin","P4HB","P07237","P07237","PDIA1_HUMAN","Protein disulfide-isomerase","P07237_T277_M1_28","Phospho (STY)",-0.00532508749530352,0.783511597549272,0.990306327560886,6,"Not significant"
"P3C4 / P3C4+Nigericin","HSPA8","P11142","P11142","HSP7C_HUMAN","Heat shock cognate 71 kDa protein","P11142_T462_M1_28","Phospho (STY)",0.00364573854653071,0.783632849778203,0.990959620675013,6,"Not significant"
"P3C4 / P3C4+Nigericin","SLC25A24","Q6NUK1","Q6NUK1","SCMC1_HUMAN","Mitochondrial adenyl nucleotide antiporter SLC25A24","Q6NUK1_Y404_M1_28","Phospho (STY)",0.0121501063113218,0.783761262524123,0.991587010794504,6,"Not significant"
"P3C4 / P3C4+Nigericin","CORO7","P57737","P57737","CORO7_HUMAN","Coronin-7","P57737_T540_M1_28","Phospho (STY)",0.0139790127144856,0.78442949980176,0.99470999237665,5,"Not significant"
