"Comparison (group1/group2)","Genes","UniProtIds","ProteinGroups","ProteinNames","ProteinDescriptions","Group","PTM.ModificationTitle","AVG Log2 Ratio","Qvalue","Pvalue","# of Ratios","Significance"
"Unstim / Nigericin","ADAR","P55265","P55265","DSRAD_HUMAN","Double-stranded RNA-specific adenosine deaminase","P55265_Y306_M1_28","Phospho (STY)",1.44821451964252,0.30182747366023,0.000216498976887183,6,"Not significant"
"Unstim / Nigericin","RALY","Q9UKM9","Q9UKM9","RALY_HUMAN","RNA-binding protein Raly","Q9UKM9_S135_M1_28","Phospho (STY)",1.22306223300318,0.35415482654315,0.000630823238802046,6,"Not significant"
"Unstim / Nigericin","ABI1","Q8IZP0","Q8IZP0","ABI1_HUMAN","Abl interactor 1","Q8IZP0_Y198_M1_28","Phospho (STY)",1.05420807514543,0.362774032087651,0.000763026213509229,6,"Not significant"
"Unstim / Nigericin","ACTN4","O43707","O43707","ACTN4_HUMAN","Alpha-actinin-4","O43707_Y878_M1_28","Phospho (STY)",1.11074123966349,0.386612793499888,0.00125200275208385,6,"Not significant"
"Unstim / Nigericin","TOR1AIP1","Q5JTV8","Q5JTV8","TOIP1_HUMAN","Torsin-1A-interacting protein 1","Q5JTV8_S143_M1_28","Phospho (STY)",2.00127834713884,0.396343815561933,0.00150291634747809,6,"Not significant"
"Unstim / Nigericin","GAPDH","P04406","P04406","G3P_HUMAN","Glyceraldehyde-3-phosphate dehydrogenase","P04406_T75_M1_28","Phospho (STY)",-1.0771664299216,0.401675432175699,0.0020794958465951,6,"Not significant"
"Unstim / Nigericin","HK1","P19367","P19367","HXK1_HUMAN","Hexokinase-1","P19367_Y732_M2_28","Phospho (STY)",8.29682697498422,0.41606521879139,0.00293963671842993,6,"Not significant"
"Unstim / Nigericin","CSTF2","P33240","P33240","CSTF2_HUMAN","Cleavage stimulation factor subunit 2","P33240_T548_M1_28","Phospho (STY)",3.22006921261572,0.416583721846147,0.00323061924347967,6,"Not significant"
"Unstim / Nigericin","PSMC2","P35998","P35998","PRS7_HUMAN","26S proteasome regulatory subunit 7","P35998_S68_M2_28","Phospho (STY)",-0.895941187314856,0.420793239459909,0.00359731646978499,5,"Not significant"
"Unstim / Nigericin","ACTB","Cont_P60712;P60709","Cont_P60712;P60709","ACTB_BOVIN;ACTB_HUMAN","Actin, cytoplasmic 1;Actin, cytoplasmic 1","Cont_P60712_Y294_M2_28","Phospho (STY)",0.940945223546103,0.424836415925893,0.0041187827645323,5,"Not significant"
"Unstim / Nigericin","ACTB","Cont_P60712;P60709","Cont_P60712;P60709","ACTB_BOVIN;ACTB_HUMAN","Actin, cytoplasmic 1;Actin, cytoplasmic 1","P60709_Y294_M2_28","Phospho (STY)",0.940945223546103,0.424836415925893,0.0041187827645323,5,"Not significant"
"Unstim / Nigericin","PCM1","Q15154","Q15154","PCM1_HUMAN","Pericentriolar material 1 protein","Q15154_S65_M1_28","Phospho (STY)",2.19854685552857,0.429516412546928,0.00492040934224636,6,"Not significant"
"Unstim / Nigericin","THRAP3","Q9Y2W1","Q9Y2W1","TR150_HUMAN","Thyroid hormone receptor-associated protein 3","Q9Y2W1_S248_M1_28","Phospho (STY)",1.52067330553624,0.439345021029108,0.00648304259080581,6,"Not significant"
"Unstim / Nigericin","ITGB2","P05107","P05107","ITB2_HUMAN","Integrin beta-2","P05107_T256_M1_28","Phospho (STY)",-0.409786587234559,0.43948229019194,0.00649499507039285,6,"Not significant"
"Unstim / Nigericin","CAP1","Q01518","Q01518","CAP1_HUMAN","Adenylyl cyclase-associated protein 1","Q01518_S394_M1_28","Phospho (STY)",3.31035528708791,0.44555783661794,0.00768868268417074,6,"Not significant"
"Unstim / Nigericin","PDIA6","Q15084","Q15084","PDIA6_HUMAN","Protein disulfide-isomerase A6","Q15084_T223_M1_28","Phospho (STY)",-0.638362082322158,0.449930549777254,0.00877259916092022,5,"Not significant"
"Unstim / Nigericin","AHNAK","Q09666","Q09666","AHNK_HUMAN","Neuroblast differentiation-associated protein AHNAK","Q09666_S210_M1_28","Phospho (STY)",1.0713403860672,0.450742771299046,0.00899419393818792,6,"Not significant"
"Unstim / Nigericin","DTX3L","Q8TDB6","Q8TDB6","DTX3L_HUMAN","E3 ubiquitin-protein ligase DTX3L","Q8TDB6_S9_M1_28","Phospho (STY)",1.13165266634423,0.450742771299046,0.00898082628396976,6,"Not significant"
"Unstim / Nigericin","CCDC86","Q9H6F5","Q9H6F5","CCD86_HUMAN","Coiled-coil domain-containing protein 86","Q9H6F5_S18_M1_28","Phospho (STY)",1.12433252163893,0.451116646741107,0.00925923505528781,6,"Not significant"
"Unstim / Nigericin","DNM1L","O00429","O00429","DNM1L_HUMAN","Dynamin-1-like protein","O00429_S71_M1_28","Phospho (STY)",0.866657847744834,0.451287710708068,0.00960529810500382,6,"Not significant"
"Unstim / Nigericin","PARK7","Q99497","Q99497","PARK7_HUMAN","Parkinson disease protein 7","Q99497_T110_M1_28","Phospho (STY)",1.50549974892307,0.451323623106017,0.009657863248246,6,"Not significant"
"Unstim / Nigericin","SVIL","O95425","O95425","SVIL_HUMAN","Supervillin","O95425_S245_M1_28","Phospho (STY)",2.59119404451085,0.451425601549999,0.0096942652321683,5,"Not significant"
"Unstim / Nigericin","XIRP1","Q702N8","Q702N8","XIRP1_HUMAN","Xin actin-binding repeat-containing protein 1","Q702N8_S295_M1_28","Phospho (STY)",0.323677774520987,0.45196104398822,0.00986064900320815,5,"Not significant"
"Unstim / Nigericin","ACOT8","O14734","O14734","ACOT8_HUMAN","Acyl-coenzyme A thioesterase 8","O14734_T301_M1_28","Phospho (STY)",1.63425383912127,0.453994689611427,0.0102498833809177,6,"Not significant"
"Unstim / Nigericin","RAB44","Q7Z6P3","Q7Z6P3","RAB44_HUMAN","Ras-related protein Rab-44","Q7Z6P3_S509_M1_28","Phospho (STY)",2.33854249104777,0.455649814786423,0.0104290662704849,6,"Not significant"
"Unstim / Nigericin","RCSD1","Q6JBY9","Q6JBY9","CPZIP_HUMAN","CapZ-interacting protein","Q6JBY9_S120_M1_28","Phospho (STY)",1.29269776702145,0.457577783177223,0.0113528122959801,5,"Not significant"
"Unstim / Nigericin","COPB2","P35606","P35606","COPB2_HUMAN","Coatomer subunit beta'","P35606_S859_M1_28","Phospho (STY)",1.34983062987409,0.45813855471559,0.0115614466226213,4,"Not significant"
"Unstim / Nigericin","HP1BP3","Q5SSJ5","Q5SSJ5","HP1B3_HUMAN","Heterochromatin protein 1-binding protein 3","Q5SSJ5_Y379_M2_28","Phospho (STY)",0.88739338666265,0.46158453120464,0.0122241762745284,6,"Not significant"
"Unstim / Nigericin","SF3B3","Q15393","Q15393","SF3B3_HUMAN","Splicing factor 3B subunit 3","Q15393_Y807_M2_28","Phospho (STY)",-0.922325768256074,0.463309699095886,0.0126135715181029,6,"Not significant"
"Unstim / Nigericin","PTPN6","P29350","P29350","PTN6_HUMAN","Tyrosine-protein phosphatase non-receptor type 6","P29350_S285_M2_28","Phospho (STY)",-1.02260952627016,0.464399835403665,0.0131122285961534,5,"Not significant"
"Unstim / Nigericin","PRKCSH","P14314","P14314","GLU2B_HUMAN","Glucosidase 2 subunit beta","P14314_S478_M1_28","Phospho (STY)",-0.908953064339847,0.465628425060221,0.0136689423206317,5,"Not significant"
"Unstim / Nigericin","UGP2","Q16851","Q16851","UGPA_HUMAN","UTP--glucose-1-phosphate uridylyltransferase","Q16851_S200_M1_28","Phospho (STY)",0.492050777238112,0.466399451257917,0.0140577919595794,6,"Not significant"
"Unstim / Nigericin","AHNAK","Q09666","Q09666","AHNK_HUMAN","Neuroblast differentiation-associated protein AHNAK","Q09666_S5190_M2_28","Phospho (STY)",1.00804346283945,0.46706047635987,0.0143991764938119,6,"Not significant"
"Unstim / Nigericin","APOA2","Cont_P81644","Cont_P81644","APOA2_BOVIN","Apolipoprotein A-II","Cont_P81644_Y64_M1_28","Phospho (STY)",0.586871339541274,0.468342409666528,0.014945323991962,6,"Not significant"
"Unstim / Nigericin","XIRP1","Q702N8","Q702N8","XIRP1_HUMAN","Xin actin-binding repeat-containing protein 1","Q702N8_S1349_M1_28","Phospho (STY)",1.94439891111271,0.469298217028453,0.0152493506103323,5,"Not significant"
"Unstim / Nigericin","AHNAK","Q09666","Q09666","AHNK_HUMAN","Neuroblast differentiation-associated protein AHNAK","Q09666_S758_M1_28","Phospho (STY)",0.767808863606146,0.470818471659076,0.0161058926577875,6,"Not significant"
"Unstim / Nigericin","NCL","P19338","P19338","NUCL_HUMAN","Nucleolin","P19338_S563_M1_28","Phospho (STY)",1.26959418243157,0.470929288109887,0.0163418215793016,6,"Not significant"
"Unstim / Nigericin","LAP3","P28838","P28838","AMPL_HUMAN","Cytosol aminopeptidase","P28838_Y87_M2_28","Phospho (STY)",0.805428529913185,0.471677406231547,0.0170237593096491,5,"Not significant"
"Unstim / Nigericin","PCBP2","Q15366","Q15366","PCBP2_HUMAN","Poly(rC)-binding protein 2","Q15366_S107_M1_28","Phospho (STY)",0.992378208351527,0.472593451279105,0.0173892589085404,5,"Not significant"
"Unstim / Nigericin","BCLAF1","Q9NYF8","Q9NYF8","BCLF1_HUMAN","Bcl-2-associated transcription factor 1","Q9NYF8_S531_M1_28","Phospho (STY)",0.793585359808242,0.472787250078574,0.0175486945434418,6,"Not significant"
"Unstim / Nigericin","CHMP4B","Q9H444","Q9H444","CHM4B_HUMAN","Charged multivesicular body protein 4b","Q9H444_T21_M1_28","Phospho (STY)",0.904648485695187,0.474038400342166,0.0179432190853419,6,"Not significant"
"Unstim / Nigericin","EVL","Q9UI08","Q9UI08","EVL_HUMAN","Ena/VASP-like protein","Q9UI08_S331_M1_28","Phospho (STY)",0.98595737442102,0.474038400342166,0.0179787559408677,6,"Not significant"
"Unstim / Nigericin","UBE2J1","Q9Y385","Q9Y385","UB2J1_HUMAN","Ubiquitin-conjugating enzyme E2 J1","Q9Y385_S266_M1_28","Phospho (STY)",1.91055446891095,0.474038400342166,0.0180839573058036,5,"Not significant"
"Unstim / Nigericin","RAB1B","Q9H0U4","Q9H0U4","RAB1B_HUMAN","Ras-related protein Rab-1B","Q9H0U4_S142_M1_28","Phospho (STY)",-0.88581545616321,0.483029123661799,0.0212085221691496,6,"Not significant"
"Unstim / Nigericin","POFUT2","Q9Y2G5","Q9Y2G5","OFUT2_HUMAN","GDP-fucose protein O-fucosyltransferase 2","Q9Y2G5_S282_M2_28","Phospho (STY)",1.06362297644132,0.486749787367375,0.022377189159399,5,"Not significant"
"Unstim / Nigericin","STK10","O94804","O94804","STK10_HUMAN","Serine/threonine-protein kinase 10","O94804_S438_M1_28","Phospho (STY)",3.8608742892513,0.487685650988775,0.0232869927757247,6,"Not significant"
"Unstim / Nigericin","PRPF8","Q6P2Q9","Q6P2Q9","PRP8_HUMAN","Pre-mRNA-processing-splicing factor 8","Q6P2Q9_Y1991_M1_28","Phospho (STY)",1.10024251137086,0.487685650988775,0.0232708906970117,6,"Not significant"
"Unstim / Nigericin","HNRNPD","Q14103","Q14103","HNRPD_HUMAN","Heterogeneous nuclear ribonucleoprotein D0","Q14103_T229_M1_28","Phospho (STY)",2.09289758296982,0.488822591945018,0.0236131212417685,6,"Not significant"
"Unstim / Nigericin","HSPA1A;HSPA1B","P0DMV8;P0DMV9","P0DMV8;P0DMV9","HS71A_HUMAN;HS71B_HUMAN","Heat shock 70 kDa protein 1A;Heat shock 70 kDa protein 1B","P0DMV8_T66_M1_28","Phospho (STY)",2.46353675023772,0.490059931053846,0.0244015972989797,6,"Not significant"
"Unstim / Nigericin","HSPA1A;HSPA1B","P0DMV8;P0DMV9","P0DMV8;P0DMV9","HS71A_HUMAN;HS71B_HUMAN","Heat shock 70 kDa protein 1A;Heat shock 70 kDa protein 1B","P0DMV9_T66_M1_28","Phospho (STY)",2.46353675023772,0.490059931053846,0.0244015972989797,6,"Not significant"
"Unstim / Nigericin","HMGA1","P17096","P17096","HMGA1_HUMAN","High mobility group protein HMG-I/HMG-Y","P17096_S44_M2_28","Phospho (STY)",-1.15769769276167,0.490059931053846,0.0243323266452033,5,"Not significant"
"Unstim / Nigericin","GYS1","P13807","P13807","GYS1_HUMAN","Glycogen [starch] synthase, muscle","P13807_Y405_M1_28","Phospho (STY)",1.87489733239841,0.490245227451931,0.0248135140696189,6,"Not significant"
"Unstim / Nigericin","HEATR1","Q9H583","Q9H583","HEAT1_HUMAN","HEAT repeat-containing protein 1","Q9H583_S156_M1_28","Phospho (STY)",0.740761032303081,0.490245227451931,0.0247008280973573,6,"Not significant"
"Unstim / Nigericin","PDIA3","P30101","P30101","PDIA3_HUMAN","Protein disulfide-isomerase A3","P30101_Y467_M1_28","Phospho (STY)",-1.05082790923193,0.490399016539317,0.0249339458579784,6,"Not significant"
"Unstim / Nigericin","MYH9","P35579","P35579","MYH9_HUMAN","Myosin-9","P35579_S1376_M1_28","Phospho (STY)",-1.31175658152857,0.492571413406962,0.0258819020997917,5,"Not significant"
"Unstim / Nigericin","PAXX","Q9BUH6","Q9BUH6","PAXX_HUMAN","Protein PAXX","Q9BUH6_S152_M1_28","Phospho (STY)",1.63218508837867,0.495397470525129,0.0270374449974591,6,"Not significant"
"Unstim / Nigericin","MYH9","P35579","P35579","MYH9_HUMAN","Myosin-9","P35579_T1414_M1_28","Phospho (STY)",-0.659694999887744,0.495397470525129,0.0270701670119424,4,"Not significant"
"Unstim / Nigericin","LSP1","P33241","P33241","LSP1_HUMAN","Lymphocyte-specific protein 1","P33241_S252_M1_28","Phospho (STY)",1.66688057646752,0.49572386103639,0.0273634490331296,6,"Not significant"
"Unstim / Nigericin","ZC3H14","Q6PJT7","Q6PJT7","ZC3HE_HUMAN","Zinc finger CCCH domain-containing protein 14","Q6PJT7_S515_M1_28","Phospho (STY)",2.05925782182969,0.495870391510599,0.0274168896803318,6,"Not significant"
"Unstim / Nigericin","ACTBL2","Q562R1","Q562R1","ACTBL_HUMAN","Beta-actin-like protein 2","Q562R1_Y54_M1_28","Phospho (STY)",-1.56405919198327,0.496484673922215,0.0279202386776165,6,"Not significant"
"Unstim / Nigericin","ANXA2","P07355","P07355","ANXA2_HUMAN","Annexin A2","P07355_Y147_M1_28","Phospho (STY)",-1.00432682840264,0.496572356121802,0.0280997022227363,6,"Not significant"
"Unstim / Nigericin","WDFY3","Q8IZQ1","Q8IZQ1","WDFY3_HUMAN","WD repeat and FYVE domain-containing protein 3","Q8IZQ1_S1980_M1_28","Phospho (STY)",0.49722916875063,0.498447759749421,0.0292407787691574,6,"Not significant"
"Unstim / Nigericin","SLTM","Q9NWH9","Q9NWH9","SLTM_HUMAN","SAFB-like transcription modulator","Q9NWH9_S553_M1_28","Phospho (STY)",1.34064753197285,0.498447759749421,0.0292315340655982,5,"Not significant"
"Unstim / Nigericin","PTPRC","P08575","P08575","PTPRC_HUMAN","Receptor-type tyrosine-protein phosphatase C","P08575_S975_M1_28","Phospho (STY)",-0.978527700383614,0.498682213975208,0.0294200717007165,6,"Not significant"
"Unstim / Nigericin","MATR3","P43243","P43243","MATR3_HUMAN","Matrin-3","P43243_Y779_M1_28","Phospho (STY)",1.02183905972104,0.501274561975319,0.0306374930638919,5,"Not significant"
"Unstim / Nigericin","H2AC11;H2AC12;H2AC14","P0C0S8;Q96KK5;Q99878","P0C0S8;Q96KK5;Q99878","H2A1_HUMAN;H2A1H_HUMAN;H2A1J_HUMAN","Histone H2A type 1;Histone H2A type 1-H;Histone H2A type 1-J","P0C0S8_Y58_M1_28","Phospho (STY)",1.8454618987535,0.501687230211613,0.0310526971473921,5,"Not significant"
"Unstim / Nigericin","H2AC11;H2AC12;H2AC14","P0C0S8;Q96KK5;Q99878","P0C0S8;Q96KK5;Q99878","H2A1_HUMAN;H2A1H_HUMAN;H2A1J_HUMAN","Histone H2A type 1;Histone H2A type 1-H;Histone H2A type 1-J","Q96KK5_Y58_M1_28","Phospho (STY)",1.8454618987535,0.501687230211613,0.0310526971473921,5,"Not significant"
"Unstim / Nigericin","H2AC11;H2AC12;H2AC14","P0C0S8;Q96KK5;Q99878","P0C0S8;Q96KK5;Q99878","H2A1_HUMAN;H2A1H_HUMAN;H2A1J_HUMAN","Histone H2A type 1;Histone H2A type 1-H;Histone H2A type 1-J","Q99878_Y58_M1_28","Phospho (STY)",1.8454618987535,0.501687230211613,0.0310526971473921,5,"Not significant"
"Unstim / Nigericin","HSPE1","P61604","P61604","CH10_HUMAN","10 kDa heat shock protein, mitochondrial","P61604_S53_M2_28","Phospho (STY)",-0.665158507031051,0.50378915258493,0.0322494184524698,6,"Not significant"
"Unstim / Nigericin","HSPE1","P61604","P61604","CH10_HUMAN","10 kDa heat shock protein, mitochondrial","P61604_S51_M2_28","Phospho (STY)",-0.665158507031051,0.50378915258493,0.0322494518250451,6,"Not significant"
"Unstim / Nigericin","PSMC3","P17980","P17980","PRS6A_HUMAN","26S proteasome regulatory subunit 6A","P17980_S281_M2_28","Phospho (STY)",-0.55202245972652,0.507269942504271,0.0342342600689978,6,"Not significant"
"Unstim / Nigericin","PGLS","O95336","O95336","6PGL_HUMAN","6-phosphogluconolactonase","O95336_T249_M1_28","Phospho (STY)",2.56448794128922,0.507592179378535,0.0346027105227583,6,"Not significant"
"Unstim / Nigericin","TFRC","P02786","P02786","TFR1_HUMAN","Transferrin receptor protein 1","P02786_S132_M2_28","Phospho (STY)",-0.918803494102933,0.509397420629166,0.0362524855446296,5,"Not significant"
"Unstim / Nigericin","ARID1A","O14497","O14497","ARI1A_HUMAN","AT-rich interactive domain-containing protein 1A","O14497_S363_M1_28","Phospho (STY)",1.89030021950937,0.509455714487814,0.036278133284039,6,"Not significant"
"Unstim / Nigericin","CAP1","Cont_Q3SYV4","Cont_Q3SYV4","CAP1_BOVIN","Adenylyl cyclase-associated protein 1","Cont_Q3SYV4_T89_M1_28","Phospho (STY)",0.91981232030404,0.510066974799286,0.0366689469253791,5,"Not significant"
"Unstim / Nigericin","CAP1","Q01518","Q01518","CAP1_HUMAN","Adenylyl cyclase-associated protein 1","Q01518_S62_M1_28","Phospho (STY)",1.67426406681688,0.514436216804796,0.0405133180691982,6,"Not significant"
"Unstim / Nigericin","SPN","P16150","P16150","LEUK_HUMAN","Leukosialin","P16150_S355_M1_28","Phospho (STY)",1.66725374223416,0.517405856341271,0.0424313244046316,6,"Not significant"
"Unstim / Nigericin","GLO1","Q04760","Q04760","LGUL_HUMAN","Lactoylglutathione lyase","Q04760_S8_M1_28","Phospho (STY)",-0.570587793077757,0.519159910705046,0.0438304859034912,6,"Not significant"
"Unstim / Nigericin","AHNAK","Q09666","Q09666","AHNK_HUMAN","Neuroblast differentiation-associated protein AHNAK","Q09666_T376_M1_28","Phospho (STY)",-4.82446788602865,0.521335265156746,0.0454155522680265,6,"Not significant"
"Unstim / Nigericin","PYCARD","Q9ULZ3","Q9ULZ3","ASC_HUMAN","Apoptosis-associated speck-like protein containing a CARD","Q9ULZ3_T16_M1_28","Phospho (STY)",-1.56529857935868,0.521335265156746,0.0453975564323686,6,"Not significant"
"Unstim / Nigericin","G3BP1","Q13283","Q13283","G3BP1_HUMAN","Ras GTPase-activating protein-binding protein 1","Q13283_S232_M1_28","Phospho (STY)",1.53286038588466,0.5223066899994,0.0460053733900858,5,"Not significant"
"Unstim / Nigericin","PRKCSH","P14314","P14314","GLU2B_HUMAN","Glucosidase 2 subunit beta","P14314_T489_M1_28","Phospho (STY)",0.480003504250209,0.522896907530545,0.0464177149848937,5,"Not significant"
"Unstim / Nigericin","EZR","P15311","P15311","EZRI_HUMAN","Ezrin","P15311_T235_M1_28","Phospho (STY)",1.25116366628278,0.524565537618452,0.0476250947333052,6,"Not significant"
"Unstim / Nigericin","HNRNPA0","Q13151","Q13151","ROA0_HUMAN","Heterogeneous nuclear ribonucleoprotein A0","Q13151_Y145_M1_28","Phospho (STY)",2.00864516135577,0.52671039042448,0.0500242576746626,6,"Not significant"
"Unstim / Nigericin","DDX17","Q92841","Q92841","DDX17_HUMAN","Probable ATP-dependent RNA helicase DDX17","Q92841_S466_M1_28","Phospho (STY)",0.599133696519284,0.527166909140884,0.0502745190186015,6,"Not significant"
"Unstim / Nigericin","BROX","Q5VW32","Q5VW32","BROX_HUMAN","BRO1 domain-containing protein BROX","Q5VW32_Y331_M1_28","Phospho (STY)",1.0060623820401,0.527265939855932,0.0504164545481657,6,"Not significant"
"Unstim / Nigericin","ACTB","Cont_P60712;P60709","Cont_P60712;P60709","ACTB_BOVIN;ACTB_HUMAN","Actin, cytoplasmic 1;Actin, cytoplasmic 1","Cont_P60712_Y240_M2_28","Phospho (STY)",0.702279121748731,0.527910297665089,0.0508466609459745,5,"Not significant"
"Unstim / Nigericin","ACTB","Cont_P60712;P60709","Cont_P60712;P60709","ACTB_BOVIN;ACTB_HUMAN","Actin, cytoplasmic 1;Actin, cytoplasmic 1","P60709_Y240_M2_28","Phospho (STY)",0.702279121748731,0.527910297665089,0.0508466609459745,5,"Not significant"
"Unstim / Nigericin","RBM14","Q96PK6","Q96PK6","RBM14_HUMAN","RNA-binding protein 14","Q96PK6_T206_M1_28","Phospho (STY)",0.992931417935608,0.529349574054053,0.0520944345378457,6,"Not significant"
"Unstim / Nigericin","RNH1","P13489","P13489","RINI_HUMAN","Ribonuclease inhibitor","P13489_S50_M1_28","Phospho (STY)",1.2039029777185,0.529600274328878,0.0523700983718996,6,"Not significant"
"Unstim / Nigericin","SOD2","P04179","P04179","SODM_HUMAN","Superoxide dismutase [Mn], mitochondrial","P04179_S106_M1_28","Phospho (STY)",1.60484528768813,0.531713347694726,0.054737616526048,6,"Not significant"
"Unstim / Nigericin","ANXA6","P08133","P08133","ANXA6_HUMAN","Annexin A6","P08133_T356_M1_28","Phospho (STY)",-0.659571168445725,0.531713347694726,0.0550074700824292,6,"Not significant"
"Unstim / Nigericin","RPSA","P08865","P08865","RSSA_HUMAN","Small ribosomal subunit protein uS2","P08865_T82_M2_28","Phospho (STY)",-0.851845228308392,0.531713347694726,0.0549493405098099,5,"Not significant"
"Unstim / Nigericin","AHNAK","Q09666","Q09666","AHNK_HUMAN","Neuroblast differentiation-associated protein AHNAK","Q09666_S135_M1_28","Phospho (STY)",1.86881703798868,0.531915905666695,0.055281974072323,6,"Not significant"
"Unstim / Nigericin","FABP5","Q01469","Q01469","FABP5_HUMAN","Fatty acid-binding protein 5","Q01469_T90_M2_28","Phospho (STY)",-0.923525584607335,0.532572458613978,0.0564358267629414,4,"Not significant"
"Unstim / Nigericin","EEF1A1","Cont_P68103;P68104","Cont_P68103;P68104","EF1A1_BOVIN;EF1A1_HUMAN","Elongation factor 1-alpha 1","Cont_P68103_Y357_M1_28","Phospho (STY)",0.910380375132115,0.533219947408406,0.0570323509445162,6,"Not significant"
"Unstim / Nigericin","EEF1A1","Cont_P68103;P68104","Cont_P68103;P68104","EF1A1_BOVIN;EF1A1_HUMAN","Elongation factor 1-alpha 1","P68104_Y357_M1_28","Phospho (STY)",0.910380375132115,0.533219947408406,0.0570323509445162,6,"Not significant"
"Unstim / Nigericin","BRD2","P25440","P25440","BRD2_HUMAN","Bromodomain-containing protein 2","P25440_T6_M1_28","Phospho (STY)",0.389635571404964,0.534595243404752,0.058386981535873,6,"Not significant"
"Unstim / Nigericin","HSPA2","P54652","P54652","HSP72_HUMAN","Heat shock-related 70 kDa protein 2","P54652_Y184_M1_28","Phospho (STY)",0.578568237136983,0.535292827771252,0.0592282328566783,6,"Not significant"
"Unstim / Nigericin","H2AC11;H2AC12;H2AC14","P0C0S8;Q96KK5;Q99878","P0C0S8;Q96KK5;Q99878","H2A1_HUMAN;H2A1H_HUMAN;H2A1J_HUMAN","Histone H2A type 1;Histone H2A type 1-H;Histone H2A type 1-J","P0C0S8_T121_M2_28","Phospho (STY)",0.601685039363114,0.536548999576466,0.0602867908066138,6,"Not significant"
"Unstim / Nigericin","H2AC11;H2AC12;H2AC14","P0C0S8;Q96KK5;Q99878","P0C0S8;Q96KK5;Q99878","H2A1_HUMAN;H2A1H_HUMAN;H2A1J_HUMAN","Histone H2A type 1;Histone H2A type 1-H;Histone H2A type 1-J","Q96KK5_T121_M2_28","Phospho (STY)",0.601685039363114,0.536548999576466,0.0602867908066138,6,"Not significant"
"Unstim / Nigericin","H2AC11;H2AC12;H2AC14","P0C0S8;Q96KK5;Q99878","P0C0S8;Q96KK5;Q99878","H2A1_HUMAN;H2A1H_HUMAN;H2A1J_HUMAN","Histone H2A type 1;Histone H2A type 1-H;Histone H2A type 1-J","Q99878_T121_M2_28","Phospho (STY)",0.601685039363114,0.536548999576466,0.0602867908066138,6,"Not significant"
"Unstim / Nigericin","MAP1S","Q66K74","Q66K74","MAP1S_HUMAN","Microtubule-associated protein 1S","Q66K74_S759_M1_28","Phospho (STY)",2.13812582818499,0.536720447117288,0.0604227400854199,5,"Not significant"
"Unstim / Nigericin","TRA2B","P62995","P62995","TRA2B_HUMAN","Transformer-2 protein homolog beta","P62995_T201_M1_28","Phospho (STY)",1.57381786469136,0.537900280859952,0.0618317323829833,5,"Not significant"
"Unstim / Nigericin","PER1","O15534","O15534","PER1_HUMAN","Period circadian protein homolog 1","O15534_S1186_M1_28","Phospho (STY)",3.81126619238886,0.538778202421164,0.0627652815147509,6,"Not significant"
"Unstim / Nigericin","PHACTR4","Q8IZ21","Q8IZ21","PHAR4_HUMAN","Phosphatase and actin regulator 4","Q8IZ21_S118_M1_28","Phospho (STY)",2.89784809878822,0.539354817743831,0.0631966906240779,4,"Not significant"
"Unstim / Nigericin","GRHPR","Q9UBQ7","Q9UBQ7","GRHPR_HUMAN","Glyoxylate reductase/hydroxypyruvate reductase","Q9UBQ7_S60_M1_28","Phospho (STY)",0.732444922699179,0.539841391073839,0.0635290389580117,6,"Not significant"
"Unstim / Nigericin","RAB4A","P20338","P20338","RAB4A_HUMAN","Ras-related protein Rab-4A","P20338_Y61_M1_28","Phospho (STY)",0.57810392558065,0.547476288229854,0.0729491476426929,6,"Not significant"
"Unstim / Nigericin","HSP90AB1","P08238","P08238","HS90B_HUMAN","Heat shock protein HSP 90-beta","P08238_S67_M1_28","Phospho (STY)",-11.9576048377051,0.548292826144257,0.0738812077076821,6,"Not significant"
"Unstim / Nigericin","HSPA5","P11021","P11021","BIP_HUMAN","Endoplasmic reticulum chaperone BiP","P11021_T85_M3_28","Phospho (STY)",-7.01407527846142,0.548452276989871,0.0739732051232471,5,"Not significant"
"Unstim / Nigericin","GOLGA2","Q08379","Q08379","GOGA2_HUMAN","Golgin subfamily A member 2","Q08379_Y846_M1_28","Phospho (STY)",1.1271275095073,0.548538090391792,0.0742196894536476,6,"Not significant"
"Unstim / Nigericin","H4C1","P62805","P62805","H4_HUMAN","Histone H4","P62805_T81_M1_28","Phospho (STY)",-0.411116716361725,0.550357923336131,0.0757567921001631,6,"Not significant"
"Unstim / Nigericin","RBM15","Q96T37","Q96T37","RBM15_HUMAN","RNA-binding protein 15","Q96T37_S294_M1_28","Phospho (STY)",0.747324028575687,0.550487286970737,0.0761010613864578,6,"Not significant"
"Unstim / Nigericin","PARK7","Q99497","Q99497","PARK7_HUMAN","Parkinson disease protein 7","Q99497_T19_M1_28","Phospho (STY)",0.726686973025149,0.550541713115389,0.0761987780493154,6,"Not significant"
"Unstim / Nigericin","PEA15","Q15121","Q15121","PEA15_HUMAN","Astrocytic phosphoprotein PEA-15","Q15121_S104_M1_28","Phospho (STY)",1.27548266549914,0.552586285958244,0.0782448929627042,5,"Not significant"
"Unstim / Nigericin","LMNA","P02545","P02545","LMNA_HUMAN","Prelamin-A/C","P02545_S390_M1_28","Phospho (STY)",0.694883402433265,0.554748848971831,0.0811652808490708,6,"Not significant"
"Unstim / Nigericin","CAP2","P40123","P40123","CAP2_HUMAN","Adenylyl cyclase-associated protein 2","P40123_T274_M1_28","Phospho (STY)",0.452136299467314,0.555299670585511,0.0823882689968251,6,"Not significant"
"Unstim / Nigericin","TKT","P29401","P29401","TKT_HUMAN","Transketolase","P29401_T287_M1_28","Phospho (STY)",1.15351288095815,0.555428820964303,0.0825887659458533,6,"Not significant"
"Unstim / Nigericin","LAT2","Q9GZY6","Q9GZY6","NTAL_HUMAN","Linker for activation of T-cells family member 2","Q9GZY6_S44_M1_28","Phospho (STY)",2.1936331264116,0.556033489567551,0.0832397708409787,6,"Not significant"
"Unstim / Nigericin","ARL6IP5","O75915","O75915","PRAF3_HUMAN","PRA1 family protein 3","O75915_T160_M1_28","Phospho (STY)",-1.39019106829917,0.558227203456779,0.0860497585946679,6,"Not significant"
"Unstim / Nigericin","PTPRE","P23469","P23469","PTPRE_HUMAN","Receptor-type tyrosine-protein phosphatase epsilon","P23469_Y165_M1_28","Phospho (STY)",0.914470573350529,0.560073632245773,0.0881978127646856,6,"Not significant"
"Unstim / Nigericin","STAT1","P42224","P42224","STAT1_HUMAN","Signal transducer and activator of transcription 1-alpha/beta","P42224_Y701_M1_28","Phospho (STY)",1.38174249170327,0.560680994131015,0.0892999374695791,6,"Not significant"
"Unstim / Nigericin","MDH2","P40926","P40926","MDHM_HUMAN","Malate dehydrogenase, mitochondrial","P40926_Y80_M1_28","Phospho (STY)",0.537410889569874,0.561394177909478,0.0902892748317434,6,"Not significant"
"Unstim / Nigericin","CAP1","Q01518","Q01518","CAP1_HUMAN","Adenylyl cyclase-associated protein 1","Q01518_Y43_M1_28","Phospho (STY)",1.237162955233,0.561814609348319,0.0908326044490582,4,"Not significant"
"Unstim / Nigericin","EEF2","P13639","P13639","EF2_HUMAN","Elongation factor 2","P13639_Y634_M1_28","Phospho (STY)",0.860258589731904,0.562703437848913,0.0919674268500672,5,"Not significant"
"Unstim / Nigericin","THRAP3","Q9Y2W1","Q9Y2W1","TR150_HUMAN","Thyroid hormone receptor-associated protein 3","Q9Y2W1_S682_M1_28","Phospho (STY)",1.78836742059692,0.563973994827842,0.0941648196169843,5,"Not significant"
"Unstim / Nigericin","PRPF3","O43395","O43395","PRPF3_HUMAN","U4/U6 small nuclear ribonucleoprotein Prp3","O43395_T254_M2_28","Phospho (STY)",-1.89103542255213,0.56456412894885,0.0949778233588007,6,"Not significant"
"Unstim / Nigericin","AHNAK","Q09666","Q09666","AHNK_HUMAN","Neuroblast differentiation-associated protein AHNAK","Q09666_S3611_M1_28","Phospho (STY)",1.23810658729951,0.565302696062466,0.096280113986774,6,"Not significant"
"Unstim / Nigericin","AHNAK","Q09666","Q09666","AHNK_HUMAN","Neuroblast differentiation-associated protein AHNAK","Q09666_S3159_M1_28","Phospho (STY)",0.978840522746608,0.565480353031687,0.0965469279084121,6,"Not significant"
"Unstim / Nigericin","AHNAK","Q09666","Q09666","AHNK_HUMAN","Neuroblast differentiation-associated protein AHNAK","Q09666_S3941_M1_28","Phospho (STY)",0.978840522746608,0.565480353031687,0.0965469279084121,6,"Not significant"
"Unstim / Nigericin","DDX46","Q7L014","Q7L014","DDX46_HUMAN","Probable ATP-dependent RNA helicase DDX46","Q7L014_T877_M1_28","Phospho (STY)",2.04059071739312,0.571820735633879,0.105339766354456,5,"Not significant"
"Unstim / Nigericin","ACTC1","P68032","P68032","ACTC_HUMAN","Actin, alpha cardiac muscle 1","P68032_Y296_M1_28","Phospho (STY)",0.465147093644524,0.571929453115961,0.105539615565433,6,"Not significant"
"Unstim / Nigericin","SMAP2","Q8WU79","Q8WU79","SMAP2_HUMAN","Stromal membrane-associated protein 2","Q8WU79_S240_M1_28","Phospho (STY)",0.991981058963923,0.572220170130119,0.106364235528443,4,"Not significant"
"Unstim / Nigericin","STMN1","P16949","P16949","STMN1_HUMAN","Stathmin","P16949_S25_M1_28","Phospho (STY)",1.06172926776929,0.572523852835859,0.106743406186915,6,"Not significant"
"Unstim / Nigericin","PRSS1","P07477","P07477","TRY1_HUMAN","Serine protease 1","P07477_T103_M2_28","Phospho (STY)",0.316105517144386,0.572572451969642,0.106843303482231,6,"Not significant"
"Unstim / Nigericin","PRSS1","P07477","P07477","TRY1_HUMAN","Serine protease 1","P07477_Y99_M2_28","Phospho (STY)",0.316105517144386,0.572572451969642,0.106843303482231,6,"Not significant"
"Unstim / Nigericin","TMSB4X","P62328","P62328","TYB4_HUMAN","Thymosin beta-4","P62328_S31_M1_28","Phospho (STY)",1.34143745897423,0.572746456496563,0.107024396880358,5,"Not significant"
"Unstim / Nigericin","LILRB1","Q8NHL6","Q8NHL6","LIRB1_HUMAN","Leukocyte immunoglobulin-like receptor subfamily B member 1","Q8NHL6_S579_M1_28","Phospho (STY)",2.81005756348097,0.572746456496563,0.107032345179116,6,"Not significant"
"Unstim / Nigericin","FLNA","P21333","P21333","FLNA_HUMAN","Filamin-A","P21333_S2279_M1_28","Phospho (STY)",-0.472863748658718,0.574032194256802,0.109319209367519,6,"Not significant"
"Unstim / Nigericin","MYH9","P35579","P35579","MYH9_HUMAN","Myosin-9","P35579_T1208_M1_28","Phospho (STY)",-0.945663559302722,0.576777188825075,0.113980041580124,6,"Not significant"
"Unstim / Nigericin","PPAN","Q9NQ55","Q9NQ55","SSF1_HUMAN","Suppressor of SWI4 1 homolog","Q9NQ55_S359_M1_28","Phospho (STY)",0.931442136637887,0.57768582458006,0.115488953722589,6,"Not significant"
"Unstim / Nigericin","VIM","P08670","P08670","VIME_HUMAN","Vimentin","P08670_T327_M1_28","Phospho (STY)",0.315409853566778,0.577975045900892,0.116220812457394,6,"Not significant"
"Unstim / Nigericin","EIF5A","P63241","P63241","IF5A1_HUMAN","Eukaryotic translation initiation factor 5A-1","P63241_T65_M1_28","Phospho (STY)",1.41682306393587,0.577992061148016,0.116398645791607,6,"Not significant"
"Unstim / Nigericin","AHNAK","Q09666","Q09666","AHNK_HUMAN","Neuroblast differentiation-associated protein AHNAK","Q09666_S1452_M1_28","Phospho (STY)",1.34066830311105,0.580139966159567,0.119527045595112,6,"Not significant"
"Unstim / Nigericin","HSPA5","P11021","P11021","BIP_HUMAN","Endoplasmic reticulum chaperone BiP","P11021_Y127_M2_28","Phospho (STY)",-1.20441103163764,0.580837081651367,0.120943542104681,6,"Not significant"
"Unstim / Nigericin","NONO","Q15233","Q15233","NONO_HUMAN","Non-POU domain-containing octamer-binding protein","Q15233_T418_M2_28","Phospho (STY)",0.458091812898664,0.581831091364646,0.12287391963281,5,"Not significant"
"Unstim / Nigericin","SOD2","P04179","P04179","SODM_HUMAN","Superoxide dismutase [Mn], mitochondrial","P04179_Y69_M2_28","Phospho (STY)",1.05980391346986,0.581876142836199,0.123166303496322,4,"Not significant"
"Unstim / Nigericin","PNISR","Q8TF01","Q8TF01","PNISR_HUMAN","Arginine/serine-rich protein PNISR","Q8TF01_S211_M1_28","Phospho (STY)",1.04745378741545,0.582259465705543,0.123917872879885,6,"Not significant"
"Unstim / Nigericin","LMNB1","P20700","P20700","LMNB1_HUMAN","Lamin-B1","P20700_T506_M2_28","Phospho (STY)",0.663591996280034,0.582462397848271,0.124217887959723,5,"Not significant"
"Unstim / Nigericin","PLAUR","Q03405","Q03405","UPAR_HUMAN","Urokinase plasminogen activator surface receptor","Q03405_Y109_M1_28","Phospho (STY)",0.182219129018624,0.582550889674645,0.124480398850533,6,"Not significant"
"Unstim / Nigericin","CTSV","O60911","O60911","CATL2_HUMAN","Cathepsin L2","O60911_Y125_M1_28","Phospho (STY)",4.79063787572167,0.583252667458895,0.125658108639735,6,"Not significant"
"Unstim / Nigericin","H1-3","P16402","P16402","H13_HUMAN","Histone H1.3","P16402_S37_M1_28","Phospho (STY)",0.432394831806008,0.583269710349256,0.125811019745766,6,"Not significant"
"Unstim / Nigericin","COMT","P21964","P21964","COMT_HUMAN","Catechol O-methyltransferase","P21964_T163_M1_28","Phospho (STY)",-1.55171928268346,0.584996230197455,0.129052177295018,5,"Not significant"
"Unstim / Nigericin","PRSS1","Cont_P00760","Cont_P00760","TRY1_BOVIN","Serine protease 1","Cont_P00760_Y99_M2_28","Phospho (STY)",-2.96711746412615,0.585543274818932,0.130201477897329,6,"Not significant"
"Unstim / Nigericin","JUND","P17535","P17535","JUND_HUMAN","Transcription factor JunD","P17535_S100_M1_28","Phospho (STY)",1.05291195154325,0.585693214027166,0.130396364455152,6,"Not significant"
"Unstim / Nigericin","TF","P02787","P02787","TRFE_HUMAN","Serotransferrin","P02787_Y257_M1_28","Phospho (STY)",-0.478984658824778,0.587105569928281,0.132426719617434,5,"Not significant"
"Unstim / Nigericin","TAGLN2","P37802","P37802","TAGL2_HUMAN","Transgelin-2","P37802_Y70_M1_28","Phospho (STY)",1.17645350184329,0.587236953617175,0.132771169515297,6,"Not significant"
"Unstim / Nigericin","CLTC","Q00610","Q00610","CLH1_HUMAN","Clathrin heavy chain 1","Q00610_T235_M1_28","Phospho (STY)",0.687843138304456,0.587544226508335,0.133753365116407,6,"Not significant"
"Unstim / Nigericin","CAP1","Q01518","Q01518","CAP1_HUMAN","Adenylyl cyclase-associated protein 1","Q01518_S338_M1_28","Phospho (STY)",1.9784316354169,0.587662346903497,0.133967523827247,5,"Not significant"
"Unstim / Nigericin","PCBP1","Q15365","Q15365","PCBP1_HUMAN","Poly(rC)-binding protein 1","Q15365_S190_M1_28","Phospho (STY)",1.13431582234169,0.587738440583538,0.134173529238214,5,"Not significant"
"Unstim / Nigericin","ENO2","P09104","P09104","ENOG_HUMAN","Gamma-enolase","P09104_S221_M1_28","Phospho (STY)",0.492906118976178,0.588574251603929,0.135981432846649,6,"Not significant"
"Unstim / Nigericin","ATP5F1B","P06576","P06576","ATPB_HUMAN","ATP synthase subunit beta, mitochondrial","P06576_T116_M1_28","Phospho (STY)",-0.590514155313991,0.58871626339458,0.136327273698339,6,"Not significant"
"Unstim / Nigericin","AHNAK","Q09666","Q09666","AHNK_HUMAN","Neuroblast differentiation-associated protein AHNAK","Q09666_S216_M1_28","Phospho (STY)",2.55195824721054,0.588969301662673,0.136812396257175,6,"Not significant"
"Unstim / Nigericin","SH3KBP1","Q96B97","Q96B97","SH3K1_HUMAN","SH3 domain-containing kinase-binding protein 1","Q96B97_S230_M1_28","Phospho (STY)",2.47597059872666,0.589415958711223,0.13770464604925,6,"Not significant"
"Unstim / Nigericin","YWHAZ","Cont_P63103;P63104","Cont_P63103;P63104","1433Z_BOVIN;1433Z_HUMAN","14-3-3 protein zeta/delta","Cont_P63103_S145_M1_28","Phospho (STY)",1.33806935677437,0.58943176792772,0.137890816640664,6,"Not significant"
"Unstim / Nigericin","YWHAZ","Cont_P63103;P63104","Cont_P63103;P63104","1433Z_BOVIN;1433Z_HUMAN","14-3-3 protein zeta/delta","P63104_S145_M1_28","Phospho (STY)",1.33806935677437,0.58943176792772,0.137890816640664,6,"Not significant"
"Unstim / Nigericin","ACTB","Cont_P60712;P60709","Cont_P60712;P60709","ACTB_BOVIN;ACTB_HUMAN","Actin, cytoplasmic 1;Actin, cytoplasmic 1","Cont_P60712_Y53_M1_28","Phospho (STY)",0.769640729118871,0.589848392889493,0.138961353233695,6,"Not significant"
"Unstim / Nigericin","ACTB","Cont_P60712;P60709","Cont_P60712;P60709","ACTB_BOVIN;ACTB_HUMAN","Actin, cytoplasmic 1;Actin, cytoplasmic 1","P60709_Y53_M1_28","Phospho (STY)",0.769640729118871,0.589848392889493,0.138961353233695,6,"Not significant"
"Unstim / Nigericin","SLC30A1","Q9Y6M5","Q9Y6M5","ZNT1_HUMAN","Proton-coupled zinc antiporter SLC30A1","Q9Y6M5_T483_M1_28","Phospho (STY)",3.08225276259611,0.590595253468291,0.140187253524463,6,"Not significant"
"Unstim / Nigericin","ANXA5","P08758","P08758","ANXA5_HUMAN","Annexin A5","P08758_T74_M1_28","Phospho (STY)",-1.68366068046992,0.59112517421677,0.141424404598518,5,"Not significant"
"Unstim / Nigericin","CAP1","Q01518","Q01518","CAP1_HUMAN","Adenylyl cyclase-associated protein 1","Q01518_T78_M1_28","Phospho (STY)",0.663899110495986,0.591266840389233,0.141649853766395,6,"Not significant"
"Unstim / Nigericin","ACIN1","Q9UKV3","Q9UKV3","ACINU_HUMAN","Apoptotic chromatin condensation inducer in the nucleus","Q9UKV3_S1004_M1_28","Phospho (STY)",0.358391021266788,0.591402526052797,0.141866500230629,6,"Not significant"
"Unstim / Nigericin","HCLS1","P14317","P14317","HCLS1_HUMAN","Hematopoietic lineage cell-specific protein","P14317_S275_M2_28","Phospho (STY)",-1.08398644436438,0.593084351478413,0.144454329167091,5,"Not significant"
"Unstim / Nigericin","SP100","P23497","P23497","SP100_HUMAN","Nuclear autoantigen Sp-100","P23497_S18_M1_28","Phospho (STY)",1.0223199103088,0.593319774569878,0.144776923577169,6,"Not significant"
"Unstim / Nigericin","MAPRE1","Q15691","Q15691","MARE1_HUMAN","Microtubule-associated protein RP/EB family member 1","Q15691_Y217_M1_28","Phospho (STY)",1.47561305104192,0.593405830109372,0.144890667148029,6,"Not significant"
"Unstim / Nigericin","P4HA1","P13674","P13674","P4HA1_HUMAN","Prolyl 4-hydroxylase subunit alpha-1","P13674_S345_M1_28","Phospho (STY)",-1.67504779197443,0.594167652857635,0.146402617692189,6,"Not significant"
"Unstim / Nigericin","AHNAK","Q09666","Q09666","AHNK_HUMAN","Neuroblast differentiation-associated protein AHNAK","Q09666_S5752_M1_28","Phospho (STY)",1.31422729471755,0.594531869829266,0.146911089411797,5,"Not significant"
"Unstim / Nigericin","SNRPD2","P62316","P62316","SMD2_HUMAN","Small nuclear ribonucleoprotein Sm D2","P62316_S2_M1_28","Phospho (STY)",0.350609749289655,0.595289696747914,0.148214953153271,6,"Not significant"
"Unstim / Nigericin","HMGA1","P17096","P17096","HMGA1_HUMAN","High mobility group protein HMG-I/HMG-Y","P17096_S44_M1_28","Phospho (STY)",0.794413949677994,0.595629950464003,0.149469219471936,6,"Not significant"
"Unstim / Nigericin","DNM2","P50570","P50570","DYN2_HUMAN","Dynamin-2","P50570_Y231_M1_28","Phospho (STY)",0.685309146590506,0.596153273140206,0.15044903154656,6,"Not significant"
"Unstim / Nigericin","SND1","Q7KZF4","Q7KZF4","SND1_HUMAN","Staphylococcal nuclease domain-containing protein 1","Q7KZF4_Y178_M2_28","Phospho (STY)",-1.33091250339054,0.597119727704341,0.153367151076508,6,"Not significant"
"Unstim / Nigericin","EIF2S2","P20042","P20042","IF2B_HUMAN","Eukaryotic translation initiation factor 2 subunit 2","P20042_S2_M1_28","Phospho (STY)",1.537554134795,0.598514456010807,0.155426761807576,4,"Not significant"
"Unstim / Nigericin","ACLY","P53396","P53396","ACLY_HUMAN","ATP-citrate synthase","P53396_Y704_M1_28","Phospho (STY)",0.411706710929575,0.598545160978783,0.155483353596872,6,"Not significant"
"Unstim / Nigericin","DDX17","Q92841","Q92841","DDX17_HUMAN","Probable ATP-dependent RNA helicase DDX17","Q92841_Y519_M1_28","Phospho (STY)",1.02293637326473,0.59901680760587,0.156348619587491,6,"Not significant"
"Unstim / Nigericin","GCC2","Q8IWJ2","Q8IWJ2","GCC2_HUMAN","GRIP and coiled-coil domain-containing protein 2","Q8IWJ2_S1080_M2_28","Phospho (STY)",1.43367057943572,0.600596601925241,0.158636013059839,6,"Not significant"
"Unstim / Nigericin","GCC2","Q8IWJ2","Q8IWJ2","GCC2_HUMAN","GRIP and coiled-coil domain-containing protein 2","Q8IWJ2_T1077_M2_28","Phospho (STY)",1.43367057943572,0.600596601925241,0.158636013059839,6,"Not significant"
"Unstim / Nigericin","LASP1","Q14847","Q14847","LASP1_HUMAN","LIM and SH3 domain protein 1","Q14847_Y186_M1_28","Phospho (STY)",1.6606582558508,0.600784624989873,0.15901505185854,4,"Not significant"
"Unstim / Nigericin","SRRM2","Q9UQ35","Q9UQ35","SRRM2_HUMAN","Serine/arginine repetitive matrix protein 2","Q9UQ35_S2398_M1_28","Phospho (STY)",0.600740117322197,0.600870016871201,0.15915840993724,5,"Not significant"
"Unstim / Nigericin","ANXA1","P04083","P04083","ANXA1_HUMAN","Annexin A1","P04083_S46_M1_28","Phospho (STY)",-0.252282180467436,0.600938752569143,0.159466362096828,4,"Not significant"
"Unstim / Nigericin","PDS5B","Q9NTI5","Q9NTI5","PDS5B_HUMAN","Sister chromatid cohesion protein PDS5 homolog B","Q9NTI5_S1358_M1_28","Phospho (STY)",2.32414871057188,0.60108621234418,0.159725314667456,6,"Not significant"
"Unstim / Nigericin","PARK7","Q99497","Q99497","PARK7_HUMAN","Parkinson disease protein 7","Q99497_S85_M2_28","Phospho (STY)",1.64164394327628,0.602782279269129,0.163433105502744,6,"Not significant"
"Unstim / Nigericin","PARK7","Q99497","Q99497","PARK7_HUMAN","Parkinson disease protein 7","Q99497_S83_M2_28","Phospho (STY)",1.64164394327628,0.602782279269129,0.163433105502744,6,"Not significant"
"Unstim / Nigericin","CNK3/IPCEF1","G9CGD6","G9CGD6","CNIPF_HUMAN","CNK3/IPCEF1 fusion protein","G9CGD6_S123_M1_28","Phospho (STY)",-0.606396677392444,0.603121480649919,0.187395313226434,6,"Not significant"
"Unstim / Nigericin","GAPDH","P04406","P04406","G3P_HUMAN","Glyceraldehyde-3-phosphate dehydrogenase","P04406_S125_M2_28","Phospho (STY)",-0.637034905090359,0.603121480649919,0.165791150434501,6,"Not significant"
"Unstim / Nigericin","GAPDH","P04406","P04406","G3P_HUMAN","Glyceraldehyde-3-phosphate dehydrogenase","P04406_S122_M2_28","Phospho (STY)",-0.637034905090359,0.603121480649919,0.165791150434501,6,"Not significant"
"Unstim / Nigericin","PTMA","P06454","P06454","PTMA_HUMAN","Prothymosin alpha","P06454_S2_M1_28","Phospho (STY)",-0.752452310376034,0.603121480649919,0.167243635536355,6,"Not significant"
"Unstim / Nigericin","HEXB","P07686","P07686","HEXB_HUMAN","Beta-hexosaminidase subunit beta","P07686_Y550_M1_28","Phospho (STY)",0.405244379667834,0.603121480649919,0.185007433777869,6,"Not significant"
"Unstim / Nigericin","LTA4H","P09960","P09960","LKHA4_HUMAN","Leukotriene A-4 hydrolase","P09960_Y82_M2_28","Phospho (STY)",0.661517990604031,0.603121480649919,0.189576703408424,5,"Not significant"
"Unstim / Nigericin","ALDOC","P09972","P09972","ALDOC_HUMAN","Fructose-bisphosphate aldolase C","P09972_S160_M2_28","Phospho (STY)",-9.89935633115745,0.603121480649919,0.185058669873496,6,"Not significant"
"Unstim / Nigericin","HSPA1A;HSPA1B","P0DMV8;P0DMV9","P0DMV8;P0DMV9","HS71A_HUMAN;HS71B_HUMAN","Heat shock 70 kDa protein 1A;Heat shock 70 kDa protein 1B","P0DMV8_Y15_M1_28","Phospho (STY)",0.551989189052309,0.603121480649919,0.188150628430769,6,"Not significant"
"Unstim / Nigericin","HSPA1A;HSPA1B","P0DMV8;P0DMV9","P0DMV8;P0DMV9","HS71A_HUMAN;HS71B_HUMAN","Heat shock 70 kDa protein 1A;Heat shock 70 kDa protein 1B","P0DMV9_Y15_M1_28","Phospho (STY)",0.551989189052309,0.603121480649919,0.188150628430769,6,"Not significant"
"Unstim / Nigericin","HSPD1","P10809","P10809","CH60_HUMAN","60 kDa heat shock protein, mitochondrial","P10809_T54_M1_28","Phospho (STY)",0.635071157893281,0.603121480649919,0.18628799094026,6,"Not significant"
"Unstim / Nigericin","HSPD1","P10809","P10809","CH60_HUMAN","60 kDa heat shock protein, mitochondrial","P10809_Y90_M2_28","Phospho (STY)",5.5022976953156,0.603121480649919,0.193012151310649,6,"Not significant"
"Unstim / Nigericin","HSPA5","P11021","P11021","BIP_HUMAN","Endoplasmic reticulum chaperone BiP","P11021_S86_M3_28","Phospho (STY)",-6.43516181104252,0.603121480649919,0.188737682140112,6,"Not significant"
"Unstim / Nigericin","CREB1","P16220","P16220","CREB1_HUMAN","Cyclic AMP-responsive element-binding protein 1","P16220_S257_M1_28","Phospho (STY)",2.0097673520331,0.603121480649919,0.195496413045979,5,"Not significant"
"Unstim / Nigericin","VDAC2","P45880","P45880","VDAC2_HUMAN","Voltage-dependent anion-selective channel protein 2","P45880_T269_M1_28","Phospho (STY)",-0.523434934028394,0.603121480649919,0.169013004610088,6,"Not significant"
"Unstim / Nigericin","HDGF","P51858","P51858","HDGF_HUMAN","Hepatoma-derived growth factor","P51858_S165_M1_28","Phospho (STY)",2.18124161620616,0.603121480649919,0.169032284535552,6,"Not significant"
"Unstim / Nigericin","HNRNPM","P52272","P52272","HNRPM_HUMAN","Heterogeneous nuclear ribonucleoprotein M","P52272_Y100_M2_28","Phospho (STY)",7.05649172177343,0.603121480649919,0.182834611678345,6,"Not significant"
"Unstim / Nigericin","ACLY","P53396","P53396","ACLY_HUMAN","ATP-citrate synthase","P53396_Y704_M2_28","Phospho (STY)",-5.99398406102312,0.603121480649919,0.19378600065017,6,"Not significant"
"Unstim / Nigericin","CORO7","P57737","P57737","CORO7_HUMAN","Coronin-7","P57737_T540_M1_28","Phospho (STY)",-4.55826077296352,0.603121480649919,0.182449922523791,6,"Not significant"
"Unstim / Nigericin","AHNAK","Q09666","Q09666","AHNK_HUMAN","Neuroblast differentiation-associated protein AHNAK","Q09666_S5448_M1_28","Phospho (STY)",0.885265850420639,0.603121480649919,0.179405892103715,6,"Not significant"
"Unstim / Nigericin","AHNAK","Q09666","Q09666","AHNK_HUMAN","Neuroblast differentiation-associated protein AHNAK","Q09666_S4092_M1_28","Phospho (STY)",-5.20672966107085,0.603121480649919,0.189201703231476,6,"Not significant"
"Unstim / Nigericin","AHNAK","Q09666","Q09666","AHNK_HUMAN","Neuroblast differentiation-associated protein AHNAK","Q09666_S2397_M1_28","Phospho (STY)",3.94317064064001,0.603121480649919,0.165886882150662,6,"Not significant"
"Unstim / Nigericin","ZYX","Q15942","Q15942","ZYX_HUMAN","Zyxin","Q15942_S344_M1_28","Phospho (STY)",1.54046797290709,0.603121480649919,0.180602298511455,6,"Not significant"
"Unstim / Nigericin","PPP6R3","Q5H9R7","Q5H9R7","PP6R3_HUMAN","Serine/threonine-protein phosphatase 6 regulatory subunit 3","Q5H9R7_T171_M1_28","Phospho (STY)",1.03236063517542,0.603121480649919,0.172723532803907,6,"Not significant"
"Unstim / Nigericin","THOC2","Q8NI27","Q8NI27","THOC2_HUMAN","THO complex subunit 2","Q8NI27_Y54_M2_28","Phospho (STY)",0.973097418376877,0.603121480649919,0.188541047722246,6,"Not significant"
"Unstim / Nigericin","ATP6V0A1","Q93050","Q93050","VPP1_HUMAN","V-type proton ATPase 116 kDa subunit a 1","Q93050_T82_M1_28","Phospho (STY)",0.785675653340856,0.603121480649919,0.181196903701474,6,"Not significant"
"Unstim / Nigericin","ACO2","Q99798","Q99798","ACON_HUMAN","Aconitate hydratase, mitochondrial","Q99798_Y544_M1_28","Phospho (STY)",-0.575624871221911,0.603121480649919,0.170061227499538,6,"Not significant"
"Unstim / Nigericin","ACAD9","Q9H845","Q9H845","ACAD9_HUMAN","Complex I assembly factor ACAD9, mitochondrial","Q9H845_Y165_M1_28","Phospho (STY)",7.2556420163111,0.603121480649919,0.184384563078721,6,"Not significant"
"Unstim / Nigericin","TLN1","Q9Y490","Q9Y490","TLN1_HUMAN","Talin-1","Q9Y490_S955_M2_28","Phospho (STY)",11.8299678066319,0.603121480649919,0.183526923279317,5,"Not significant"
"Unstim / Nigericin","GPSM3","Q9Y4H4","Q9Y4H4","GPSM3_HUMAN","G-protein-signaling modulator 3","Q9Y4H4_S56_M1_28","Phospho (STY)",0.942250325075463,0.603121480649919,0.195376277437878,5,"Not significant"
"Unstim / Nigericin","MYL6","P60660","P60660","MYL6_HUMAN","Myosin light polypeptide 6","P60660_Y86_M2_28","Phospho (STY)",-0.432900001689764,0.603121480649919,0.176276327609693,4,"Not significant"
"Unstim / Nigericin","TUBB2A","Q13885","Q13885","TBB2A_HUMAN","Tubulin beta-2A chain","Q13885_S124_M2_28","Phospho (STY)",-1.11075500600594,0.603121480649919,0.175471918393645,5,"Not significant"
"Unstim / Nigericin","IFI16","Q16666","Q16666","IF16_HUMAN","Gamma-interferon-inducible protein 16","Q16666_S153_M1_28","Phospho (STY)",1.10070884041303,0.603121480649919,0.177245191463526,5,"Not significant"
"Unstim / Nigericin","RAB12","Q6IQ22","Q6IQ22","RAB12_HUMAN","Ras-related protein Rab-12","Q6IQ22_Y143_M2_28","Phospho (STY)",0.928239366727054,0.603202993881853,0.198862803979939,6,"Not significant"
"Unstim / Nigericin","ATP6V1C1","P21283","P21283","VATC1_HUMAN","V-type proton ATPase subunit C 1","P21283_Y181_M1_28","Phospho (STY)",-0.401174511977898,0.603458832141668,0.200655039189394,6,"Not significant"
"Unstim / Nigericin","EEF1D","P29692","P29692","EF1D_HUMAN","Elongation factor 1-delta","P29692_S133_M1_28","Phospho (STY)",1.97311532834573,0.603550712088835,0.202423858088746,6,"Not significant"
"Unstim / Nigericin","KARS1","Q15046","Q15046","SYK_HUMAN","Lysine--tRNA ligase","Q15046_T411_M1_28","Phospho (STY)",-0.610200902134206,0.603615043083975,0.202753829529142,6,"Not significant"
"Unstim / Nigericin","NHP2","Q9NX24","Q9NX24","NHP2_HUMAN","H/ACA ribonucleoprotein complex subunit 2","Q9NX24_Y24_M1_28","Phospho (STY)",0.598387359443837,0.603615043083975,0.202829996823416,6,"Not significant"
"Unstim / Nigericin","ACTR3","P61158","P61158","ARP3_HUMAN","Actin-related protein 3","P61158_Y184_M1_28","Phospho (STY)",0.826453746948878,0.603722288652649,0.203997918344702,6,"Not significant"
"Unstim / Nigericin","RPL17","P18621","P18621","RL17_HUMAN","Large ribosomal subunit protein uL22","P18621_S100_M1_28","Phospho (STY)",-0.779307486118094,0.603781990099925,0.204440689241043,5,"Not significant"
"Unstim / Nigericin","SRRM2","Q9UQ35","Q9UQ35","SRRM2_HUMAN","Serine/arginine repetitive matrix protein 2","Q9UQ35_S2272_M1_28","Phospho (STY)",0.785365644423236,0.603789792412415,0.204579064420842,6,"Not significant"
"Unstim / Nigericin","ACTC1","P68032","P68032","ACTC_HUMAN","Actin, alpha cardiac muscle 1","P68032_Y220_M2_28","Phospho (STY)",3.99019943616843,0.604416217482606,0.207075806011476,6,"Not significant"
"Unstim / Nigericin","CHMP4B","Q9H444","Q9H444","CHM4B_HUMAN","Charged multivesicular body protein 4b","Q9H444_Y75_M3_28","Phospho (STY)",-10.4339063378633,0.604416217482606,0.207006241860315,4,"Not significant"
"Unstim / Nigericin","GM2A","P17900","P17900","SAP3_HUMAN","Ganglioside GM2 activator","P17900_Y145_M1_28","Phospho (STY)",-1.12350563362092,0.604833446928654,0.209653544684466,4,"Not significant"
"Unstim / Nigericin","HSPA2","P54652","P54652","HSP72_HUMAN","Heat shock-related 70 kDa protein 2","P54652_Y135_M1_28","Phospho (STY)",5.98968807186314,0.604924190108692,0.209931923255084,6,"Not significant"
"Unstim / Nigericin","TUFM","P49411","P49411","EFTU_HUMAN","Elongation factor Tu, mitochondrial","P49411_S238_M1_28","Phospho (STY)",0.495919126921472,0.605205192814496,0.211879153803618,5,"Not significant"
"Unstim / Nigericin","H1-5","P16401","P16401","H15_HUMAN","Histone H1.5","P16401_S2_M2_28","Phospho (STY)",6.05998014879787,0.605215896427428,0.212076267767288,5,"Not significant"
"Unstim / Nigericin","CAPZB","P47756","P47756","CAPZB_HUMAN","F-actin-capping protein subunit beta","P47756_S34_M2_28","Phospho (STY)",0.596287723935863,0.605299483289343,0.212876954941726,5,"Not significant"
"Unstim / Nigericin","BAK1","Q16611","Q16611","BAK_HUMAN","Bcl-2 homologous antagonist/killer","Q16611_S3_M1_28","Phospho (STY)",0.672064751049647,0.605346451704465,0.213064591132095,6,"Not significant"
"Unstim / Nigericin","BSG","P35613","P35613","BASI_HUMAN","Basigin","P35613_T141_M1_28","Phospho (STY)",0.280842306384345,0.605616547005085,0.213916342604678,6,"Not significant"
"Unstim / Nigericin","CAP1","Q01518","Q01518","CAP1_HUMAN","Adenylyl cyclase-associated protein 1","Q01518_S102_M1_28","Phospho (STY)",4.52293960799006,0.605954797991265,0.215312130815116,4,"Not significant"
"Unstim / Nigericin","SRSF1","Q07955","Q07955","SRSF1_HUMAN","Serine/arginine-rich splicing factor 1","Q07955_Y149_M1_28","Phospho (STY)",1.10762813317931,0.606509997487739,0.217658953067772,6,"Not significant"
"Unstim / Nigericin","CALM1;CALM2;CALM3","P0DP23;P0DP24;P0DP25","P0DP23;P0DP24;P0DP25","CALM1_HUMAN;CALM2_HUMAN;CALM3_HUMAN","Calmodulin-1;Calmodulin-2;Calmodulin-3","P0DP23_Y100_M1_28","Phospho (STY)",1.6134487456934,0.607164128913349,0.220390348865627,6,"Not significant"
"Unstim / Nigericin","CALM1;CALM2;CALM3","P0DP23;P0DP24;P0DP25","P0DP23;P0DP24;P0DP25","CALM1_HUMAN;CALM2_HUMAN;CALM3_HUMAN","Calmodulin-1;Calmodulin-2;Calmodulin-3","P0DP24_Y100_M1_28","Phospho (STY)",1.6134487456934,0.607164128913349,0.220390348865627,6,"Not significant"
"Unstim / Nigericin","CALM1;CALM2;CALM3","P0DP23;P0DP24;P0DP25","P0DP23;P0DP24;P0DP25","CALM1_HUMAN;CALM2_HUMAN;CALM3_HUMAN","Calmodulin-1;Calmodulin-2;Calmodulin-3","P0DP25_Y100_M1_28","Phospho (STY)",1.6134487456934,0.607164128913349,0.220390348865627,6,"Not significant"
"Unstim / Nigericin","AKT1S1","Q96B36","Q96B36","AKTS1_HUMAN","Proline-rich AKT1 substrate 1","Q96B36_Y46_M1_28","Phospho (STY)",1.87815913196607,0.60775920349373,0.22285235145294,5,"Not significant"
"Unstim / Nigericin","RPL18","Q07020","Q07020","RL18_HUMAN","Large ribosomal subunit protein eL18","Q07020_T136_M1_28","Phospho (STY)",0.246989902192895,0.608414122136667,0.224739836197022,6,"Not significant"
"Unstim / Nigericin","PCMT1","P22061","P22061","PIMT_HUMAN","Protein-L-isoaspartate(D-aspartate) O-methyltransferase","P22061_T25_M1_28","Phospho (STY)",2.19803850840807,0.608757725924449,0.225879263487902,5,"Not significant"
"Unstim / Nigericin","PLCG2","P16885","P16885","PLCG2_HUMAN","1-phosphatidylinositol 4,5-bisphosphate phosphodiesterase gamma-2","P16885_T57_M1_28","Phospho (STY)",2.80562652618123,0.609735479583554,0.229453560086449,6,"Not significant"
"Unstim / Nigericin","AHNAK","Q09666","Q09666","AHNK_HUMAN","Neuroblast differentiation-associated protein AHNAK","Q09666_S93_M1_28","Phospho (STY)",2.9522869966004,0.609954580105882,0.230406634264042,6,"Not significant"
"Unstim / Nigericin","WDFY3","Q8IZQ1","Q8IZQ1","WDFY3_HUMAN","WD repeat and FYVE domain-containing protein 3","Q8IZQ1_S1315_M1_28","Phospho (STY)",1.63163308175755,0.610994931045119,0.233779251340452,6,"Not significant"
"Unstim / Nigericin","DDX18","Q9NVP1","Q9NVP1","DDX18_HUMAN","ATP-dependent RNA helicase DDX18","Q9NVP1_T260_M2_28","Phospho (STY)",-2.31272824848306,0.612049110718093,0.238365379218542,5,"Not significant"
"Unstim / Nigericin","DDX18","Q9NVP1","Q9NVP1","DDX18_HUMAN","ATP-dependent RNA helicase DDX18","Q9NVP1_S258_M2_28","Phospho (STY)",-2.31272824848306,0.612049110718093,0.238365379218542,5,"Not significant"
"Unstim / Nigericin","HSPE1","P61604","P61604","CH10_HUMAN","10 kDa heat shock protein, mitochondrial","P61604_S37_M1_28","Phospho (STY)",3.84784764794484,0.612086854757807,0.238478308067324,5,"Not significant"
"Unstim / Nigericin","HSPA2","P54652","P54652","HSP72_HUMAN","Heat shock-related 70 kDa protein 2","P54652_Y614_M1_28","Phospho (STY)",-0.717937237649498,0.612793736238231,0.240455268631663,6,"Not significant"
"Unstim / Nigericin","PLEC","Q15149","Q15149","PLEC_HUMAN","Plectin","Q15149_Y4112_M1_28","Phospho (STY)",-6.3536308392402,0.613071946260425,0.241885028452196,6,"Not significant"
"Unstim / Nigericin","VDAC3","Q9Y277","Q9Y277","VDAC3_HUMAN","Voltage-dependent anion-selective channel protein 3","Q9Y277_Y67_M1_28","Phospho (STY)",-1.03650430091518,0.613593753678076,0.244698070662765,6,"Not significant"
"Unstim / Nigericin","ENO1","P06733","P06733","ENOA_HUMAN","Alpha-enolase","P06733_T85_M1_28","Phospho (STY)",0.592794847790861,0.613716220620743,0.245041890787576,6,"Not significant"
"Unstim / Nigericin","HADHB","P55084","P55084","ECHB_HUMAN","Trifunctional enzyme subunit beta, mitochondrial","P55084_S262_M1_28","Phospho (STY)",-0.362353945303768,0.613850992240855,0.245288453093395,6,"Not significant"
"Unstim / Nigericin","ACTB","Cont_P60712;P60709","Cont_P60712;P60709","ACTB_BOVIN;ACTB_HUMAN","Actin, cytoplasmic 1;Actin, cytoplasmic 1","Cont_P60712_S232_M2_28","Phospho (STY)",-2.291165225697,0.613869034524324,0.245381495558937,6,"Not significant"
"Unstim / Nigericin","ACTB","Cont_P60712;P60709","Cont_P60712;P60709","ACTB_BOVIN;ACTB_HUMAN","Actin, cytoplasmic 1;Actin, cytoplasmic 1","P60709_S232_M2_28","Phospho (STY)",-2.291165225697,0.613869034524324,0.245381495558937,6,"Not significant"
"Unstim / Nigericin","KIF5B","P33176","P33176","KINH_HUMAN","Kinesin-1 heavy chain","P33176_Y29_M1_28","Phospho (STY)",0.333095098735996,0.613896630194027,0.245621435912419,5,"Not significant"
"Unstim / Nigericin","PEA15","Q15121","Q15121","PEA15_HUMAN","Astrocytic phosphoprotein PEA-15","Q15121_Y4_M1_28","Phospho (STY)",-0.611817792170691,0.614102163991874,0.246232524350383,6,"Not significant"
"Unstim / Nigericin","RTRAF","Q9Y224","Q9Y224","RTRAF_HUMAN","RNA transcription, translation and transport factor protein","Q9Y224_T114_M1_28","Phospho (STY)",-4.50126120022417,0.614524945551542,0.247425373926132,6,"Not significant"
"Unstim / Nigericin","P4HB","P07237","P07237","PDIA1_HUMAN","Protein disulfide-isomerase","P07237_Y414_M2_28","Phospho (STY)",-5.45161077741071,0.614856775357134,0.248506541303042,6,"Not significant"
"Unstim / Nigericin","BST1","Q10588","Q10588","BST1_HUMAN","ADP-ribosyl cyclase/cyclic ADP-ribose hydrolase 2","Q10588_Y200_M2_28","Phospho (STY)",-0.491925912679056,0.615037464802732,0.249039970815807,4,"Not significant"
"Unstim / Nigericin","HDGFL2","Q7Z4V5","Q7Z4V5","HDGR2_HUMAN","Hepatoma-derived growth factor-related protein 2","Q7Z4V5_Y40_M1_28","Phospho (STY)",1.97374899885473,0.615442995363469,0.250117405138508,6,"Not significant"
"Unstim / Nigericin","P4HB","P07237","P07237","PDIA1_HUMAN","Protein disulfide-isomerase","P07237_T277_M1_28","Phospho (STY)",-2.69484983949396,0.618036087936821,0.257151556715106,6,"Not significant"
"Unstim / Nigericin","PNP","P00491","P00491","PNPH_HUMAN","Purine nucleoside phosphorylase","P00491_Y50_M2_28","Phospho (STY)",5.95971035235726,0.62060629835782,0.262943935862475,6,"Not significant"
"Unstim / Nigericin","RBBP6","Q7Z6E9","Q7Z6E9","RBBP6_HUMAN","E3 ubiquitin-protein ligase RBBP6","Q7Z6E9_S1179_M1_28","Phospho (STY)",2.40895431920159,0.62148315347912,0.264970067411594,4,"Not significant"
"Unstim / Nigericin","TACC3","Q9Y6A5","Q9Y6A5","TACC3_HUMAN","Transforming acidic coiled-coil-containing protein 3","Q9Y6A5_Y764_M1_28","Phospho (STY)",2.46991110089818,0.623023420873907,0.268612577432855,6,"Not significant"
"Unstim / Nigericin","MTDH","Q86UE4","Q86UE4","LYRIC_HUMAN","Protein LYRIC","Q86UE4_S251_M1_28","Phospho (STY)",4.68142597596974,0.62390868213216,0.27100480462477,6,"Not significant"
"Unstim / Nigericin","PRSS1","Cont_P00760","Cont_P00760","TRY1_BOVIN","Serine protease 1","Cont_P00760_Y229_M1_28","Phospho (STY)",-5.81004168363311,0.623967868145503,0.271142907761903,4,"Not significant"
"Unstim / Nigericin","PRKAR1A","P10644","P10644","KAP0_HUMAN","cAMP-dependent protein kinase type I-alpha regulatory subunit","P10644_S83_M1_28","Phospho (STY)",0.697498745613532,0.624352298214791,0.272491925335486,6,"Not significant"
"Unstim / Nigericin","YTHDC1","Q96MU7","Q96MU7","YTDC1_HUMAN","YTH domain-containing protein 1","Q96MU7_S308_M1_28","Phospho (STY)",0.454958193625903,0.625131754396077,0.274515059510205,6,"Not significant"
"Unstim / Nigericin","LMNA","P02545","P02545","LMNA_HUMAN","Prelamin-A/C","P02545_S22_M1_28","Phospho (STY)",1.0591562924183,0.625197199140835,0.274763658078129,5,"Not significant"
"Unstim / Nigericin","LMNA","P02545","P02545","LMNA_HUMAN","Prelamin-A/C","P02545_S392_M1_28","Phospho (STY)",1.13712124085749,0.625201298097669,0.274787678898646,6,"Not significant"
"Unstim / Nigericin","SDHAF2","Q9NX18","Q9NX18","SDHF2_HUMAN","Succinate dehydrogenase assembly factor 2, mitochondrial","Q9NX18_Y160_M1_28","Phospho (STY)",-0.805876868079419,0.62526084989124,0.274917040335207,6,"Not significant"
"Unstim / Nigericin","AHNAK","Q09666","Q09666","AHNK_HUMAN","Neuroblast differentiation-associated protein AHNAK","Q09666_S4130_M1_28","Phospho (STY)",0.889414294564854,0.625504348497017,0.275548469676861,6,"Not significant"
"Unstim / Nigericin","AHNAK","Q09666","Q09666","AHNK_HUMAN","Neuroblast differentiation-associated protein AHNAK","Q09666_S4594_M1_28","Phospho (STY)",0.889414294564854,0.625504348497017,0.275548469676861,6,"Not significant"
"Unstim / Nigericin","CCT8","P50990","P50990","TCPQ_HUMAN","T-complex protein 1 subunit theta","P50990_Y468_M1_28","Phospho (STY)",0.715356205999221,0.627951118247071,0.282545082113195,6,"Not significant"
"Unstim / Nigericin","VAMP3","Q15836","Q15836","VAMP3_HUMAN","Vesicle-associated membrane protein 3","Q15836_T18_M1_28","Phospho (STY)",0.399043924415726,0.628173494662053,0.283437761369166,6,"Not significant"
"Unstim / Nigericin","ARPP19","P56211","P56211","ARP19_HUMAN","cAMP-regulated phosphoprotein 19","P56211_T85_M1_28","Phospho (STY)",1.50655821097493,0.628796394817659,0.285285887768162,5,"Not significant"
"Unstim / Nigericin","SRRT","Q9BXP5","Q9BXP5","SRRT_HUMAN","Serrate RNA effector molecule homolog","Q9BXP5_T544_M1_28","Phospho (STY)",0.678289317779491,0.629092538370566,0.28596054436347,5,"Not significant"
"Unstim / Nigericin","MCM3AP","O60318","O60318","GANP_HUMAN","Germinal-center associated nuclear protein","O60318_T735_M1_28","Phospho (STY)",0.771471745851252,0.629584533422975,0.287406963834265,6,"Not significant"
"Unstim / Nigericin","ARGLU1","Q9NWB6","Q9NWB6","ARGL1_HUMAN","Arginine and glutamate-rich protein 1","Q9NWB6_S77_M1_28","Phospho (STY)",1.71045843969324,0.630388813606534,0.289800717899706,5,"Not significant"
"Unstim / Nigericin","HMGB1","P09429","P09429","HMGB1_HUMAN","High mobility group protein B1","P09429_S121_M1_28","Phospho (STY)",0.690905050143738,0.630399842689018,0.289927229764869,6,"Not significant"
"Unstim / Nigericin","RAB44","Q7Z6P3","Q7Z6P3","RAB44_HUMAN","Ras-related protein Rab-44","Q7Z6P3_T874_M1_28","Phospho (STY)",0.36243232097105,0.630561135922007,0.29046440728652,6,"Not significant"
"Unstim / Nigericin","SRSF9","Q13242","Q13242","SRSF9_HUMAN","Serine/arginine-rich splicing factor 9","Q13242_S211_M1_28","Phospho (STY)",0.993014379643469,0.630849103787272,0.2913121622217,6,"Not significant"
"Unstim / Nigericin","HSP90AA1","P07900","P07900","HS90A_HUMAN","Heat shock protein HSP 90-alpha","P07900_S442_M1_28","Phospho (STY)",0.54569933899991,0.631850445816463,0.294154661623078,5,"Not significant"
"Unstim / Nigericin","POTEF","A5A3E0","A5A3E0","POTEF_HUMAN","POTE ankyrin domain family member F","A5A3E0_T929_M1_28","Phospho (STY)",0.47409735209285,0.633972537254186,0.344569651068983,6,"Not significant"
"Unstim / Nigericin","ACTB","Cont_P60712;P60709","Cont_P60712;P60709","ACTB_BOVIN;ACTB_HUMAN","Actin, cytoplasmic 1;Actin, cytoplasmic 1","Cont_P60712_S271_M1_28","Phospho (STY)",4.18319097970447,0.633972537254186,0.413282457537202,6,"Not significant"
"Unstim / Nigericin","ACTB","Cont_P60712;P60709","Cont_P60712;P60709","ACTB_BOVIN;ACTB_HUMAN","Actin, cytoplasmic 1;Actin, cytoplasmic 1","P60709_S271_M1_28","Phospho (STY)",4.18319097970447,0.633972537254186,0.413282457537202,6,"Not significant"
"Unstim / Nigericin","EEF1A1","Cont_P68103;P68104","Cont_P68103;P68104","EF1A1_BOVIN;EF1A1_HUMAN","Elongation factor 1-alpha 1","Cont_P68103_Y418_M2_28","Phospho (STY)",-6.62877934525164,0.633972537254186,0.424402907080848,5,"Not significant"
"Unstim / Nigericin","EEF1A1","Cont_P68103;P68104","Cont_P68103;P68104","EF1A1_BOVIN;EF1A1_HUMAN","Elongation factor 1-alpha 1","P68104_Y418_M2_28","Phospho (STY)",-6.62877934525164,0.633972537254186,0.424402907080848,5,"Not significant"
"Unstim / Nigericin","EIF5B","O60841","O60841","IF2P_HUMAN","Eukaryotic translation initiation factor 5B","O60841_T642_M1_28","Phospho (STY)",0.376147965954193,0.633972537254186,0.429402714427452,6,"Not significant"
"Unstim / Nigericin","RP2","O75695","O75695","XRP2_HUMAN","Protein XRP2","O75695_S219_M1_28","Phospho (STY)",0.313176298869487,0.633972537254186,0.398746348476006,5,"Not significant"
"Unstim / Nigericin","ZMPSTE24","O75844","O75844","FACE1_HUMAN","CAAX prenyl protease 1 homolog","O75844_Y45_M1_28","Phospho (STY)",-0.434313941945833,0.633972537254186,0.422643809961358,6,"Not significant"
"Unstim / Nigericin","CLPX","O76031","O76031","CLPX_HUMAN","ATP-dependent Clp protease ATP-binding subunit clpX-like, mitochondrial","O76031_S365_M1_28","Phospho (STY)",0.382684965476698,0.633972537254186,0.33544941306092,6,"Not significant"
"Unstim / Nigericin","NDUFB4","O95168","O95168","NDUB4_HUMAN","NADH dehydrogenase [ubiquinone] 1 beta subcomplex subunit 4","O95168_Y6_M1_28","Phospho (STY)",0.432578046213184,0.633972537254186,0.40688092667616,6,"Not significant"
"Unstim / Nigericin","TXNDC12","O95881","O95881","TXD12_HUMAN","Thioredoxin domain-containing protein 12","O95881_S121_M1_28","Phospho (STY)",-0.246458769705864,0.633972537254186,0.414483853415546,6,"Not significant"
"Unstim / Nigericin","TXNDC12","O95881","O95881","TXD12_HUMAN","Thioredoxin domain-containing protein 12","O95881_S53_M1_28","Phospho (STY)",7.84525774819289,0.633972537254186,0.423506356403304,6,"Not significant"
"Unstim / Nigericin","LDHA","P00338","P00338","LDHA_HUMAN","L-lactate dehydrogenase A chain","P00338_Y83_M1_28","Phospho (STY)",-1.03752712768493,0.633972537254186,0.402492632019118,6,"Not significant"
"Unstim / Nigericin","PGK1","P00558","P00558","PGK1_HUMAN","Phosphoglycerate kinase 1","P00558_S115_M1_28","Phospho (STY)",-2.67281098053678,0.633972537254186,0.421908876522466,6,"Not significant"
"Unstim / Nigericin","TNF","P01375","P01375","TNFA_HUMAN","Tumor necrosis factor","P01375_S71_M1_28","Phospho (STY)",0.330142245987754,0.633972537254186,0.384999149252006,5,"Not significant"
"Unstim / Nigericin","ALDOA","P04075","P04075","ALDOA_HUMAN","Fructose-bisphosphate aldolase A","P04075_Y174_M1_28","Phospho (STY)",1.34839290064237,0.633972537254186,0.329176564715732,6,"Not significant"
"Unstim / Nigericin","GNAI2","P04899","P04899","GNAI2_HUMAN","Guanine nucleotide-binding protein G(i) subunit alpha-2","P04899_Y74_M1_28","Phospho (STY)",6.96274422028232,0.633972537254186,0.423059163995658,5,"Not significant"
"Unstim / Nigericin","S100A8","P05109","P05109","S10A8_HUMAN","Protein S100-A8","P05109_T62_M1_28","Phospho (STY)",-2.73213317186609,0.633972537254186,0.416100230640194,6,"Not significant"
"Unstim / Nigericin","RPLP0","P05388","P05388","RLA0_HUMAN","Large ribosomal subunit protein uL10","P05388_T122_M1_28","Phospho (STY)",4.59631640350536,0.633972537254186,0.421931718336481,6,"Not significant"
"Unstim / Nigericin","ITGB1","P05556","P05556","ITB1_HUMAN","Integrin beta-1","P05556_T112_M2_28","Phospho (STY)",10.5804202252359,0.633972537254186,0.422748683743744,6,"Not significant"
"Unstim / Nigericin","ITGB1","P05556","P05556","ITB1_HUMAN","Integrin beta-1","P05556_T102_M2_28","Phospho (STY)",10.5804202252359,0.633972537254186,0.422748683743744,6,"Not significant"
"Unstim / Nigericin","NPM1","P06748","P06748","NPM_HUMAN","Nucleophosmin","P06748_Y67_M1_28","Phospho (STY)",0.612473288326874,0.633972537254186,0.324487018413511,6,"Not significant"
"Unstim / Nigericin","P4HB","P07237","P07237","PDIA1_HUMAN","Protein disulfide-isomerase","P07237_S357_M1_28","Phospho (STY)",0.574049259257686,0.633972537254186,0.386900099341532,6,"Not significant"
"Unstim / Nigericin","PRSS1","P07477","P07477","TRY1_HUMAN","Serine protease 1","P07477_Y99_M1_28","Phospho (STY)",0.461384394505884,0.633972537254186,0.354282744959988,6,"Not significant"
"Unstim / Nigericin","RPSA","P08865","P08865","RSSA_HUMAN","Small ribosomal subunit protein uS2","P08865_T144_M2_28","Phospho (STY)",-7.56092133826927,0.633972537254186,0.423472329672555,6,"Not significant"
"Unstim / Nigericin","RPSA","P08865","P08865","RSSA_HUMAN","Small ribosomal subunit protein uS2","P08865_T144_M1_28","Phospho (STY)",0.378669225759978,0.633972537254186,0.310311696314347,6,"Not significant"
"Unstim / Nigericin","HNRNPA1","P09651","P09651","ROA1_HUMAN","Heterogeneous nuclear ribonucleoprotein A1","P09651_S2_M2_28","Phospho (STY)",7.77305851352698,0.633972537254186,0.42165010855737,6,"Not significant"
"Unstim / Nigericin","FGR","P09769","P09769","FGR_HUMAN","Tyrosine-protein kinase Fgr","P09769_T14_M1_28","Phospho (STY)",-6.14997602526748,0.633972537254186,0.417532210873169,6,"Not significant"
"Unstim / Nigericin","H2AC11;H2AC12;H2AC14","P0C0S8;Q96KK5;Q99878","P0C0S8;Q96KK5;Q99878","H2A1_HUMAN;H2A1H_HUMAN;H2A1J_HUMAN","Histone H2A type 1;Histone H2A type 1-H;Histone H2A type 1-J","P0C0S8_T102_M1_28","Phospho (STY)",-5.68354024568974,0.633972537254186,0.419215453567201,6,"Not significant"
"Unstim / Nigericin","H2AC11;H2AC12;H2AC14","P0C0S8;Q96KK5;Q99878","P0C0S8;Q96KK5;Q99878","H2A1_HUMAN;H2A1H_HUMAN;H2A1J_HUMAN","Histone H2A type 1;Histone H2A type 1-H;Histone H2A type 1-J","Q96KK5_T102_M1_28","Phospho (STY)",-5.68354024568974,0.633972537254186,0.419215453567201,6,"Not significant"
"Unstim / Nigericin","H2AC11;H2AC12;H2AC14","P0C0S8;Q96KK5;Q99878","P0C0S8;Q96KK5;Q99878","H2A1_HUMAN;H2A1H_HUMAN;H2A1J_HUMAN","Histone H2A type 1;Histone H2A type 1-H;Histone H2A type 1-J","Q99878_T102_M1_28","Phospho (STY)",-5.68354024568974,0.633972537254186,0.419215453567201,6,"Not significant"
"Unstim / Nigericin","HSPA1A;HSPA1B","P0DMV8;P0DMV9","P0DMV8;P0DMV9","HS71A_HUMAN;HS71B_HUMAN","Heat shock 70 kDa protein 1A;Heat shock 70 kDa protein 1B","P0DMV8_Y611_M1_28","Phospho (STY)",0.430779907671281,0.633972537254186,0.330973408477662,6,"Not significant"
"Unstim / Nigericin","HSPA1A;HSPA1B","P0DMV8;P0DMV9","P0DMV8;P0DMV9","HS71A_HUMAN;HS71B_HUMAN","Heat shock 70 kDa protein 1A;Heat shock 70 kDa protein 1B","P0DMV9_Y611_M1_28","Phospho (STY)",0.430779907671281,0.633972537254186,0.330973408477662,6,"Not significant"
"Unstim / Nigericin","HSPD1","P10809","P10809","CH60_HUMAN","60 kDa heat shock protein, mitochondrial","P10809_Y223_M2_28","Phospho (STY)",-12.5803511887024,0.633972537254186,0.422590428849077,6,"Not significant"
"Unstim / Nigericin","HSPA5","P11021","P11021","BIP_HUMAN","Endoplasmic reticulum chaperone BiP","P11021_Y175_M1_28","Phospho (STY)",0.540232012320088,0.633972537254186,0.320659399104485,5,"Not significant"
"Unstim / Nigericin","HSPA5","P11021","P11021","BIP_HUMAN","Endoplasmic reticulum chaperone BiP","P11021_T445_M2_28","Phospho (STY)",7.34776275209693,0.633972537254186,0.420788907328013,6,"Not significant"
"Unstim / Nigericin","ACADM","P11310","P11310","ACADM_HUMAN","Medium-chain specific acyl-CoA dehydrogenase, mitochondrial","P11310_T220_M1_28","Phospho (STY)",0.375231857747597,0.633972537254186,0.386646167904777,6,"Not significant"
"Unstim / Nigericin","PCNA","P12004","P12004","PCNA_HUMAN","Proliferating cell nuclear antigen","P12004_Y133_M2_28","Phospho (STY)",-3.87001735160601,0.633972537254186,0.416457600937565,6,"Not significant"
"Unstim / Nigericin","PCNA","P12004","P12004","PCNA_HUMAN","Proliferating cell nuclear antigen","P12004_Y133_M1_28","Phospho (STY)",0.942555105457053,0.633972537254186,0.325039225191413,6,"Not significant"
"Unstim / Nigericin","XRCC6","P12956","P12956","XRCC6_HUMAN","X-ray repair cross-complementing protein 6","P12956_Y559_M1_28","Phospho (STY)",-3.34945840859949,0.633972537254186,0.426435609597515,6,"Not significant"
"Unstim / Nigericin","RNH1","P13489","P13489","RINI_HUMAN","Ribonuclease inhibitor","P13489_Y151_M1_28","Phospho (STY)",0.496515502213044,0.633972537254186,0.3054379307999,6,"Not significant"
"Unstim / Nigericin","FOSL2","P15408","P15408","FOSL2_HUMAN","Fos-related antigen 2","P15408_S200_M1_28","Phospho (STY)",0.909438710692861,0.633972537254186,0.408782597014124,5,"Not significant"
"Unstim / Nigericin","H2AX","P16104","P16104","H2AX_HUMAN","Histone H2AX","P16104_T102_M1_28","Phospho (STY)",-4.70544267926146,0.633972537254186,0.40907379450698,6,"Not significant"
"Unstim / Nigericin","GM2A","P17900","P17900","SAP3_HUMAN","Ganglioside GM2 activator","P17900_Y168_M1_28","Phospho (STY)",-0.313793082885096,0.633972537254186,0.37378123515697,6,"Not significant"
"Unstim / Nigericin","TCP1","P17987","P17987","TCPA_HUMAN","T-complex protein 1 subunit alpha","P17987_Y214_M1_28","Phospho (STY)",-4.04657170533294,0.633972537254186,0.393543075930178,5,"Not significant"
"Unstim / Nigericin","ATP5PF","P18859","P18859","ATP5J_HUMAN","ATP synthase-coupling factor 6, mitochondrial","P18859_T92_M1_28","Phospho (STY)",-4.7057890855083,0.633972537254186,0.421194101305547,6,"Not significant"
"Unstim / Nigericin","SCP2","P22307","P22307","SCP2_HUMAN","Sterol carrier protein 2","P22307_T473_M1_28","Phospho (STY)",-9.82048484524482,0.633972537254186,0.422496760424303,6,"Not significant"
"Unstim / Nigericin","PTGS1","P23219","P23219","PGH1_HUMAN","Prostaglandin G/H synthase 1","P23219_Y543_M2_28","Phospho (STY)",-1.09151955539119,0.633972537254186,0.431556598851126,6,"Not significant"
"Unstim / Nigericin","CANX","P27824","P27824","CALX_HUMAN","Calnexin","P27824_S583_M1_28","Phospho (STY)",0.437436160193143,0.633972537254186,0.309616072893193,6,"Not significant"
"Unstim / Nigericin","POLR2B","P30876","P30876","RPB2_HUMAN","DNA-directed RNA polymerase II subunit RPB2","P30876_Y1029_M2_28","Phospho (STY)",6.40762152992786,0.633972537254186,0.31925564861219,6,"Not significant"
"Unstim / Nigericin","MYH9","P35579","P35579","MYH9_HUMAN","Myosin-9","P35579_S957_M1_28","Phospho (STY)",-4.73438608062694,0.633972537254186,0.425782212562575,6,"Not significant"
"Unstim / Nigericin","HPCAL1","P37235","P37235","HPCL1_HUMAN","Hippocalcin-like protein 1","P37235_T158_M1_28","Phospho (STY)",1.05632204929968,0.633972537254186,0.421230790054117,6,"Not significant"
"Unstim / Nigericin","CCT6A","P40227","P40227","TCPZ_HUMAN","T-complex protein 1 subunit zeta","P40227_T57_M1_28","Phospho (STY)",9.9822070307362,0.633972537254186,0.422450419958008,6,"Not significant"
"Unstim / Nigericin","SUMO3","P55854","P55854","SUMO3_HUMAN","Small ubiquitin-related modifier 3","P55854_T12_M1_28","Phospho (STY)",1.53533390180047,0.633972537254186,0.406851016470929,6,"Not significant"
"Unstim / Nigericin","H2BC12L","P57053","P57053","H2BFS_HUMAN","Histone H2B type F-S","P57053_Y84_M2_28","Phospho (STY)",4.88907881400328,0.633972537254186,0.429584972069565,6,"Not significant"
"Unstim / Nigericin","RAB14","P61106","P61106","RAB14_HUMAN","Ras-related protein Rab-14","P61106_S56_M1_28","Phospho (STY)",-8.04937093611691,0.633972537254186,0.422393028075063,6,"Not significant"
"Unstim / Nigericin","HNRNPK","P61978","P61978","HNRPK_HUMAN","Heterogeneous nuclear ribonucleoprotein K","P61978_Y72_M2_28","Phospho (STY)",0.944851950990371,0.633972537254186,0.406756431626866,6,"Not significant"
"Unstim / Nigericin","RPL31","P62899","P62899","RL31_HUMAN","Large ribosomal subunit protein eL31","P62899_S15_M1_28","Phospho (STY)",-9.54909218964301,0.633972537254186,0.422499004081713,6,"Not significant"
"Unstim / Nigericin","PPP2R2A","P63151","P63151","2ABA_HUMAN","Serine/threonine-protein phosphatase 2A 55 kDa regulatory subunit B alpha isoform","P63151_Y440_M2_28","Phospho (STY)",-0.582826684029871,0.633972537254186,0.328598715764987,6,"Not significant"
"Unstim / Nigericin","PRKDC","P78527","P78527","PRKDC_HUMAN","DNA-dependent protein kinase catalytic subunit","P78527_T4060_M1_28","Phospho (STY)",0.534050000061452,0.633972537254186,0.422814016575956,6,"Not significant"
"Unstim / Nigericin","BASP1","P80723","P80723","BASP1_HUMAN","Brain acid soluble protein 1","P80723_T36_M1_28","Phospho (STY)",2.65111070802933,0.633972537254186,0.35862513115525,4,"Not significant"
"Unstim / Nigericin","MRPS36","P82909","P82909","KGD4_HUMAN","Alpha-ketoglutarate dehydrogenase component 4","P82909_Y84_M1_28","Phospho (STY)",0.625380832408751,0.633972537254186,0.328844424746139,6,"Not significant"
"Unstim / Nigericin","MRPS36","P82909","P82909","KGD4_HUMAN","Alpha-ketoglutarate dehydrogenase component 4","P82909_Y84_M2_28","Phospho (STY)",8.15947432568847,0.633972537254186,0.423235619323915,6,"Not significant"
"Unstim / Nigericin","ATP2C1","P98194","P98194","AT2C1_HUMAN","Calcium-transporting ATPase type 2C member 1","P98194_S36_M1_28","Phospho (STY)",0.421926205546209,0.633972537254186,0.36570660042422,6,"Not significant"
"Unstim / Nigericin","HNRNPU","Q00839","Q00839","HNRPU_HUMAN","Heterogeneous nuclear ribonucleoprotein U","Q00839_Y350_M1_28","Phospho (STY)",-0.657667755268768,0.633972537254186,0.429354939741724,6,"Not significant"
"Unstim / Nigericin","CAP1","Q01518","Q01518","CAP1_HUMAN","Adenylyl cyclase-associated protein 1","Q01518_Y354_M2_28","Phospho (STY)",10.5049554516736,0.633972537254186,0.422373904917705,6,"Not significant"
"Unstim / Nigericin","PLAUR","Q03405","Q03405","UPAR_HUMAN","Urokinase plasminogen activator surface receptor","Q03405_T149_M2_28","Phospho (STY)",-5.36357553009088,0.633972537254186,0.429144749487545,5,"Not significant"
"Unstim / Nigericin","C1QBP","Q07021","Q07021","C1QBP_HUMAN","Complement component 1 Q subcomponent-binding protein, mitochondrial","Q07021_T101_M1_28","Phospho (STY)",1.29917414445257,0.633972537254186,0.411316057498864,6,"Not significant"
"Unstim / Nigericin","AHNAK","Q09666","Q09666","AHNK_HUMAN","Neuroblast differentiation-associated protein AHNAK","Q09666_S2252_M1_28","Phospho (STY)",0.589855188426462,0.633972537254186,0.358657556474805,6,"Not significant"
"Unstim / Nigericin","AHNAK","Q09666","Q09666","AHNK_HUMAN","Neuroblast differentiation-associated protein AHNAK","Q09666_S4069_M1_28","Phospho (STY)",0.589855188426462,0.633972537254186,0.358657556474805,6,"Not significant"
"Unstim / Nigericin","AHNAK","Q09666","Q09666","AHNK_HUMAN","Neuroblast differentiation-associated protein AHNAK","Q09666_S2600_M1_28","Phospho (STY)",1.7298750325108,0.633972537254186,0.346245514292566,6,"Not significant"
"Unstim / Nigericin","AHNAK","Q09666","Q09666","AHNK_HUMAN","Neuroblast differentiation-associated protein AHNAK","Q09666_S2728_M1_28","Phospho (STY)",1.7298750325108,0.633972537254186,0.346245514292566,6,"Not significant"
"Unstim / Nigericin","AHNAK","Q09666","Q09666","AHNK_HUMAN","Neuroblast differentiation-associated protein AHNAK","Q09666_S4150_M1_28","Phospho (STY)",1.7298750325108,0.633972537254186,0.346245514292566,6,"Not significant"
"Unstim / Nigericin","AHNAK","Q09666","Q09666","AHNK_HUMAN","Neuroblast differentiation-associated protein AHNAK","Q09666_S4278_M1_28","Phospho (STY)",1.7298750325108,0.633972537254186,0.346245514292566,6,"Not significant"
"Unstim / Nigericin","AHNAK","Q09666","Q09666","AHNK_HUMAN","Neuroblast differentiation-associated protein AHNAK","Q09666_S2798_M1_28","Phospho (STY)",1.82043787447413,0.633972537254186,0.306065826192859,6,"Not significant"
"Unstim / Nigericin","AHNAK","Q09666","Q09666","AHNK_HUMAN","Neuroblast differentiation-associated protein AHNAK","Q09666_S1088_M1_28","Phospho (STY)",-7.4364003185052,0.633972537254186,0.423874070954348,6,"Not significant"
"Unstim / Nigericin","OS9","Q13438","Q13438","OS9_HUMAN","Protein OS-9","Q13438_T546_M1_28","Phospho (STY)",0.34995855588882,0.633972537254186,0.424633322462673,6,"Not significant"
"Unstim / Nigericin","HNRNPD","Q14103","Q14103","HNRPD_HUMAN","Heterogeneous nuclear ribonucleoprotein D0","Q14103_Y201_M1_28","Phospho (STY)",2.71527425207884,0.633972537254186,0.408733154188917,6,"Not significant"
"Unstim / Nigericin","FKBP8","Q14318","Q14318","FKBP8_HUMAN","Peptidyl-prolyl cis-trans isomerase FKBP8","Q14318_Y322_M2_28","Phospho (STY)",4.75420326449837,0.633972537254186,0.415201031445916,5,"Not significant"
"Unstim / Nigericin","RBM39","Q14498","Q14498","RBM39_HUMAN","RNA-binding protein 39","Q14498_S136_M1_28","Phospho (STY)",-0.338584722816671,0.633972537254186,0.394486726342775,6,"Not significant"
"Unstim / Nigericin","TRIP12","Q14669","Q14669","TRIPC_HUMAN","E3 ubiquitin-protein ligase TRIP12","Q14669_T758_M1_28","Phospho (STY)",-1.27698548933207,0.633972537254186,0.33561489195771,6,"Not significant"
"Unstim / Nigericin","MVP","Q14764","Q14764","MVP_HUMAN","Major vault protein","Q14764_Y100_M2_28","Phospho (STY)",-0.385479786363991,0.633972537254186,0.365660589380188,6,"Not significant"
"Unstim / Nigericin","RRS1","Q15050","Q15050","RRS1_HUMAN","Ribosome biogenesis regulatory protein homolog","Q15050_T56_M2_28","Phospho (STY)",-1.07637225271623,0.633972537254186,0.381824808136071,6,"Not significant"
"Unstim / Nigericin","NONO","Q15233","Q15233","NONO_HUMAN","Non-POU domain-containing octamer-binding protein","Q15233_Y158_M2_28","Phospho (STY)",-4.54627966850087,0.633972537254186,0.42226541757711,6,"Not significant"
"Unstim / Nigericin","PWP2","Q15269","Q15269","PWP2_HUMAN","Periodic tryptophan protein 2 homolog","Q15269_S772_M1_28","Phospho (STY)",0.69305116941817,0.633972537254186,0.367095190135305,6,"Not significant"
"Unstim / Nigericin","ZYX","Q15942","Q15942","ZYX_HUMAN","Zyxin","Q15942_S281_M1_28","Phospho (STY)",0.677818116111236,0.633972537254186,0.403460857385787,6,"Not significant"
"Unstim / Nigericin","H2BC21","Q16778","Q16778","H2B2E_HUMAN","Histone H2B type 2-E","Q16778_S57_M1_28","Phospho (STY)",-9.55486947649108,0.633972537254186,0.422515831019227,5,"Not significant"
"Unstim / Nigericin","HP1BP3","Q5SSJ5","Q5SSJ5","HP1B3_HUMAN","Heterochromatin protein 1-binding protein 3","Q5SSJ5_Y344_M2_28","Phospho (STY)",1.61311353887047,0.633972537254186,0.415751328607171,6,"Not significant"
"Unstim / Nigericin","GLRX5","Q86SX6","Q86SX6","GLRX5_HUMAN","Glutaredoxin-related protein 5, mitochondrial","Q86SX6_T61_M2_28","Phospho (STY)",5.97703448546181,0.633972537254186,0.37757054283817,6,"Not significant"
"Unstim / Nigericin","TBC1D1","Q86TI0","Q86TI0","TBCD1_HUMAN","TBC1 domain family member 1","Q86TI0_S503_M1_28","Phospho (STY)",3.82956019841376,0.633972537254186,0.423003091874132,6,"Not significant"
"Unstim / Nigericin","CCAR2","Q8N163","Q8N163","CCAR2_HUMAN","Cell cycle and apoptosis regulator protein 2","Q8N163_Y100_M1_28","Phospho (STY)",0.394745878219817,0.633972537254186,0.324691322542206,6,"Not significant"
"Unstim / Nigericin","ATXN2L","Q8WWM7","Q8WWM7","ATX2L_HUMAN","Ataxin-2-like protein","Q8WWM7_T182_M1_28","Phospho (STY)",1.06970595466251,0.633972537254186,0.411442287030625,6,"Not significant"
"Unstim / Nigericin","GOLGA1","Q92805","Q92805","GOGA1_HUMAN","Golgin subfamily A member 1","Q92805_T518_M1_28","Phospho (STY)",3.66608962495349,0.633972537254186,0.405198658164775,6,"Not significant"
"Unstim / Nigericin","GGH","Q92820","Q92820","GGH_HUMAN","Gamma-glutamyl hydrolase","Q92820_T30_M1_28","Phospho (STY)",-0.46517822415569,0.633972537254186,0.314359063242933,6,"Not significant"
"Unstim / Nigericin","AIDA","Q96BJ3","Q96BJ3","AIDA_HUMAN","Axin interactor, dorsalization-associated protein","Q96BJ3_Y104_M1_28","Phospho (STY)",1.15979298849587,0.633972537254186,0.341034818730946,6,"Not significant"
"Unstim / Nigericin","HNRNPUL1","Q9BUJ2","Q9BUJ2","HNRL1_HUMAN","Heterogeneous nuclear ribonucleoprotein U-like protein 1","Q9BUJ2_T412_M1_28","Phospho (STY)",-6.27737251612453,0.633972537254186,0.424430868658948,5,"Not significant"
"Unstim / Nigericin","TUBB2B","Q9BVA1","Q9BVA1","TBB2B_HUMAN","Tubulin beta-2B chain","Q9BVA1_Y59_M1_28","Phospho (STY)",-7.8496492755601,0.633972537254186,0.422752874023849,6,"Not significant"
"Unstim / Nigericin","ACAT2","Q9BWD1","Q9BWD1","THIC_HUMAN","Acetyl-CoA acetyltransferase, cytosolic","Q9BWD1_T275_M1_28","Phospho (STY)",0.625636849281334,0.633972537254186,0.370318887907764,6,"Not significant"
"Unstim / Nigericin","HINT2","Q9BX68","Q9BX68","HINT2_HUMAN","Adenosine 5'-monophosphoramidase HINT2","Q9BX68_S101_M1_28","Phospho (STY)",-1.274945756259,0.633972537254186,0.384114786911706,6,"Not significant"
"Unstim / Nigericin","OSBPL8","Q9BZF1","Q9BZF1","OSBL8_HUMAN","Oxysterol-binding protein-related protein 8","Q9BZF1_S421_M1_28","Phospho (STY)",-0.53338703148424,0.633972537254186,0.360065025070432,6,"Not significant"
"Unstim / Nigericin","ESF1","Q9H501","Q9H501","ESF1_HUMAN","ESF1 homolog","Q9H501_S371_M1_28","Phospho (STY)",5.10040257685911,0.633972537254186,0.416442127236792,6,"Not significant"
"Unstim / Nigericin","ACAD9","Q9H845","Q9H845","ACAD9_HUMAN","Complex I assembly factor ACAD9, mitochondrial","Q9H845_Y165_M2_28","Phospho (STY)",-8.09498217105256,0.633972537254186,0.422006867527044,6,"Not significant"
"Unstim / Nigericin","RAB18","Q9NP72","Q9NP72","RAB18_HUMAN","Ras-related protein Rab-18","Q9NP72_T49_M1_28","Phospho (STY)",-9.04588514607256,0.633972537254186,0.422898927853361,6,"Not significant"
"Unstim / Nigericin","DYNLRB1","Q9NP97","Q9NP97","DLRB1_HUMAN","Dynein light chain roadblock-type 1","Q9NP97_Y86_M1_28","Phospho (STY)",2.5407979917157,0.633972537254186,0.31807041559097,6,"Not significant"
"Unstim / Nigericin","ECHDC1","Q9NTX5","Q9NTX5","ECHD1_HUMAN","Ethylmalonyl-CoA decarboxylase","Q9NTX5_T288_M1_28","Phospho (STY)",-7.91680451654484,0.633972537254186,0.423185917423488,6,"Not significant"
"Unstim / Nigericin","POLR3E","Q9NVU0","Q9NVU0","RPC5_HUMAN","DNA-directed RNA polymerase III subunit RPC5","Q9NVU0_Y404_M1_28","Phospho (STY)",2.54301532048392,0.633972537254186,0.370263419790425,6,"Not significant"
"Unstim / Nigericin","QPCTL","Q9NXS2","Q9NXS2","QPCTL_HUMAN","Glutaminyl-peptide cyclotransferase-like protein","Q9NXS2_T216_M1_28","Phospho (STY)",-1.0591439663209,0.633972537254186,0.398340982355367,6,"Not significant"
"Unstim / Nigericin","BCLAF1","Q9NYF8","Q9NYF8","BCLF1_HUMAN","Bcl-2-associated transcription factor 1","Q9NYF8_S177_M1_28","Phospho (STY)",1.91346088778044,0.633972537254186,0.389541524041233,4,"Not significant"
"Unstim / Nigericin","FAM120A","Q9NZB2","Q9NZB2","F120A_HUMAN","Constitutive coactivator of PPAR-gamma-like protein 1","Q9NZB2_Y1020_M2_28","Phospho (STY)",-5.29181783557979,0.633972537254186,0.415158395380458,6,"Not significant"
"Unstim / Nigericin","RRBP1","Q9P2E9","Q9P2E9","RRBP1_HUMAN","Ribosome-binding protein 1","Q9P2E9_Y1219_M2_28","Phospho (STY)",0.439944236593167,0.633972537254186,0.330866535217569,6,"Not significant"
"Unstim / Nigericin","TLN1","Q9Y490","Q9Y490","TLN1_HUMAN","Talin-1","Q9Y490_T1663_M1_28","Phospho (STY)",0.606489888134364,0.633972537254186,0.335565491679467,6,"Not significant"
"Unstim / Nigericin","POTEF","A5A3E0","A5A3E0","POTEF_HUMAN","POTE ankyrin domain family member F","A5A3E0_Y918_M1_28","Phospho (STY)",1.65562484328436,0.633972537254186,0.419003419488928,4,"Not significant"
"Unstim / Nigericin","PRR14","Q9BWN1","Q9BWN1","PRR14_HUMAN","Proline-rich protein 14","Q9BWN1_S514_M1_28","Phospho (STY)",4.38888334589378,0.633972537254186,0.411310162267132,5,"Not significant"
"Unstim / Nigericin","HSPA2","P54652","P54652","HSP72_HUMAN","Heat shock-related 70 kDa protein 2","P54652_S142_M2_28","Phospho (STY)",3.338774568778,0.634077125370329,0.436511751570538,6,"Not significant"
"Unstim / Nigericin","ACTC1","P68032","P68032","ACTC_HUMAN","Actin, alpha cardiac muscle 1","P68032_Y296_M3_28","Phospho (STY)",-3.32234707267898,0.634187463314296,0.43849800758061,6,"Not significant"
"Unstim / Nigericin","PRPF40A","O75400","O75400","PR40A_HUMAN","Pre-mRNA-processing factor 40 homolog A","O75400_Y221_M1_28","Phospho (STY)",-3.15363578446623,0.634993839234258,0.44385195740602,6,"Not significant"
"Unstim / Nigericin","PDIA3","P30101","P30101","PDIA3_HUMAN","Protein disulfide-isomerase A3","P30101_Y364_M1_28","Phospho (STY)",4.09856417398605,0.635060734859857,0.444108504773279,6,"Not significant"
"Unstim / Nigericin","TUBB8","Q3ZCM7","Q3ZCM7","TBB8_HUMAN","Tubulin beta-8 chain","Q3ZCM7_Y281_M2_28","Phospho (STY)",-1.06632617898191,0.635875263002803,0.447489462298645,5,"Not significant"
"Unstim / Nigericin","RCSD1","Q6JBY9","Q6JBY9","CPZIP_HUMAN","CapZ-interacting protein","Q6JBY9_S216_M1_28","Phospho (STY)",0.779621218574951,0.636124249528805,0.448419248720164,6,"Not significant"
"Unstim / Nigericin","KDM6B","O15054","O15054","KDM6B_HUMAN","Lysine-specific demethylase 6B","O15054_S1025_M1_28","Phospho (STY)",1.56950212485022,0.636201854860353,0.449026554608504,6,"Not significant"
"Unstim / Nigericin","ERLIN2","O94905","O94905","ERLN2_HUMAN","Erlin-2","O94905_S243_M1_28","Phospho (STY)",0.574490583319632,0.636589238394176,0.450733796620381,6,"Not significant"
"Unstim / Nigericin","EEF1A1P5","Q5VTE0","Q5VTE0","EF1A3_HUMAN","Putative elongation factor 1-alpha-like 3","Q5VTE0_Y357_M1_28","Phospho (STY)",0.27703307177365,0.63659958832165,0.45093947082196,6,"Not significant"
"Unstim / Nigericin","RAB5B","P61020","P61020","RAB5B_HUMAN","Ras-related protein Rab-5B","P61020_S184_M1_28","Phospho (STY)",0.386057687175159,0.636910703854122,0.452025466804466,6,"Not significant"
"Unstim / Nigericin","AHNAK","Q09666","Q09666","AHNK_HUMAN","Neuroblast differentiation-associated protein AHNAK","Q09666_S1158_M1_28","Phospho (STY)",-0.38637720793399,0.637373070913434,0.453761102744207,6,"Not significant"
"Unstim / Nigericin","H4C1","P62805","P62805","H4_HUMAN","Histone H4","P62805_T81_M2_28","Phospho (STY)",1.16291750215871,0.637922516906915,0.456024461312446,6,"Not significant"
"Unstim / Nigericin","HSPA9","P38646","P38646","GRP75_HUMAN","Stress-70 protein, mitochondrial","P38646_S533_M1_28","Phospho (STY)",-1.0897797705295,0.638012465709833,0.456460428893846,5,"Not significant"
"Unstim / Nigericin","LMAN2L","Q9H0V9","Q9H0V9","LMA2L_HUMAN","VIP36-like protein","Q9H0V9_Y134_M2_28","Phospho (STY)",-0.359057323774375,0.638501188648212,0.458177606245354,6,"Not significant"
"Unstim / Nigericin","HNRNPH1","P31943","P31943","HNRH1_HUMAN","Heterogeneous nuclear ribonucleoprotein H","P31943_S104_M1_28","Phospho (STY)",1.15847302148781,0.638809202448571,0.459259373594978,4,"Not significant"
"Unstim / Nigericin","PRSS1","Cont_P00760","Cont_P00760","TRY1_BOVIN","Serine protease 1","Cont_P00760_S101_M2_28","Phospho (STY)",-10.4512323917091,0.639118771977072,0.460447321160728,4,"Not significant"
"Unstim / Nigericin","PDIA4","P13667","P13667","PDIA4_HUMAN","Protein disulfide-isomerase A4","P13667_Y595_M1_28","Phospho (STY)",0.520939011044057,0.639456871097635,0.461529347026373,6,"Not significant"
"Unstim / Nigericin","ACTBL2","Q562R1","Q562R1","ACTBL_HUMAN","Beta-actin-like protein 2","Q562R1_Y295_M1_28","Phospho (STY)",1.77519121916839,0.639610322842625,0.462036940297822,6,"Not significant"
"Unstim / Nigericin","CAP1","Q01518","Q01518","CAP1_HUMAN","Adenylyl cyclase-associated protein 1","Q01518_S308_M1_28","Phospho (STY)",0.860483199887647,0.639742596803556,0.462487610066117,6,"Not significant"
"Unstim / Nigericin","P4HB","P07237","P07237","PDIA1_HUMAN","Protein disulfide-isomerase","P07237_Y393_M1_28","Phospho (STY)",-0.264562793728692,0.63991890221866,0.463294503824916,6,"Not significant"
"Unstim / Nigericin","GPX1","P07203","P07203","GPX1_HUMAN","Glutathione peroxidase 1","P07203_S47_M2_28","Phospho (STY)",-2.32628912480665,0.63992439522693,0.463324727109604,6,"Not significant"
"Unstim / Nigericin","HNRNPA2B1","P22626","P22626","ROA2_HUMAN","Heterogeneous nuclear ribonucleoproteins A2/B1","P22626_S189_M1_28","Phospho (STY)",1.64240673001316,0.640516439999641,0.465639597948694,5,"Not significant"
"Unstim / Nigericin","ALDOA","P04075","P04075","ALDOA_HUMAN","Fructose-bisphosphate aldolase A","P04075_S160_M2_28","Phospho (STY)",-3.06255894421545,0.641677884041257,0.469482619488134,6,"Not significant"
"Unstim / Nigericin","ALDOA","P04075","P04075","ALDOA_HUMAN","Fructose-bisphosphate aldolase A","P04075_T158_M2_28","Phospho (STY)",-3.06255894421545,0.641677884041257,0.469482619488134,6,"Not significant"
"Unstim / Nigericin","CANX","P27824","P27824","CALX_HUMAN","Calnexin","P27824_Y150_M2_28","Phospho (STY)",1.88450433717651,0.641766558726488,0.469886645573958,5,"Not significant"
"Unstim / Nigericin","POTEI","P0CG38","P0CG38","POTEI_HUMAN","POTE ankyrin domain family member I","P0CG38_Y918_M2_28","Phospho (STY)",3.27960127340524,0.64267730020708,0.472926655825427,5,"Not significant"
"Unstim / Nigericin","MYO1E","Q12965","Q12965","MYO1E_HUMAN","Unconventional myosin-Ie","Q12965_S912_M1_28","Phospho (STY)",0.539517623601984,0.64351212193772,0.475573749417714,5,"Not significant"
"Unstim / Nigericin","HSPA5","P11021","P11021","BIP_HUMAN","Endoplasmic reticulum chaperone BiP","P11021_S354_M1_28","Phospho (STY)",-0.483042698944842,0.64384294413954,0.476521683569641,6,"Not significant"
"Unstim / Nigericin","HSPA5","P11021","P11021","BIP_HUMAN","Endoplasmic reticulum chaperone BiP","P11021_T481_M2_28","Phospho (STY)",-1.04873978831917,0.644193271499249,0.477710435937163,4,"Not significant"
"Unstim / Nigericin","HSPA1A;HSPA1B","P0DMV8;P0DMV9","P0DMV8;P0DMV9","HS71A_HUMAN;HS71B_HUMAN","Heat shock 70 kDa protein 1A;Heat shock 70 kDa protein 1B","P0DMV8_Y137_M1_28","Phospho (STY)",-5.64728560967224,0.644696789200346,0.489125678208793,4,"Not significant"
"Unstim / Nigericin","HSPA1A;HSPA1B","P0DMV8;P0DMV9","P0DMV8;P0DMV9","HS71A_HUMAN;HS71B_HUMAN","Heat shock 70 kDa protein 1A;Heat shock 70 kDa protein 1B","P0DMV9_Y137_M1_28","Phospho (STY)",-5.64728560967224,0.644696789200346,0.489125678208793,4,"Not significant"
"Unstim / Nigericin","HSPA8","P11142","P11142","HSP7C_HUMAN","Heat shock cognate 71 kDa protein","P11142_T462_M1_28","Phospho (STY)",0.488195990798895,0.644696789200346,0.501110788898006,6,"Not significant"
"Unstim / Nigericin","P4HA1","P13674","P13674","P4HA1_HUMAN","Prolyl 4-hydroxylase subunit alpha-1","P13674_S149_M1_28","Phospho (STY)",-0.52473358325495,0.644696789200346,0.487249083827475,6,"Not significant"
"Unstim / Nigericin","SPTBN1","Q01082","Q01082","SPTB2_HUMAN","Spectrin beta chain, non-erythrocytic 1","Q01082_S1557_M1_28","Phospho (STY)",7.95297262097897,0.644696789200346,0.499210157705309,4,"Not significant"
"Unstim / Nigericin","FABP5","Q01469","Q01469","FABP5_HUMAN","Fatty acid-binding protein 5","Q01469_Y22_M1_28","Phospho (STY)",0.866671213747464,0.644696789200346,0.48584657582273,6,"Not significant"
"Unstim / Nigericin","SSBP1","Q04837","Q04837","SSBP_HUMAN","Single-stranded DNA-binding protein, mitochondrial","Q04837_T144_M2_28","Phospho (STY)",-0.998827447295899,0.644696789200346,0.480760865824647,4,"Not significant"
"Unstim / Nigericin","SSBP1","Q04837","Q04837","SSBP_HUMAN","Single-stranded DNA-binding protein, mitochondrial","Q04837_S141_M2_28","Phospho (STY)",-0.998827447295899,0.644696789200346,0.480760865824647,4,"Not significant"
"Unstim / Nigericin","AHNAK","Q09666","Q09666","AHNK_HUMAN","Neuroblast differentiation-associated protein AHNAK","Q09666_S2580_M1_28","Phospho (STY)",0.80807430677533,0.644696789200346,0.500531368104785,6,"Not significant"
"Unstim / Nigericin","AHNAK","Q09666","Q09666","AHNK_HUMAN","Neuroblast differentiation-associated protein AHNAK","Q09666_S4002_M1_28","Phospho (STY)",0.80807430677533,0.644696789200346,0.500531368104785,6,"Not significant"
"Unstim / Nigericin","AHNAK","Q09666","Q09666","AHNK_HUMAN","Neuroblast differentiation-associated protein AHNAK","Q09666_S4258_M1_28","Phospho (STY)",0.80807430677533,0.644696789200346,0.500531368104785,6,"Not significant"
"Unstim / Nigericin","AHNAK","Q09666","Q09666","AHNK_HUMAN","Neuroblast differentiation-associated protein AHNAK","Q09666_S4460_M1_28","Phospho (STY)",0.80807430677533,0.644696789200346,0.500531368104785,6,"Not significant"
"Unstim / Nigericin","ECH1","Q13011","Q13011","ECH1_HUMAN","Delta(3,5)-Delta(2,4)-dienoyl-CoA isomerase, mitochondrial","Q13011_S244_M2_28","Phospho (STY)",-9.14752335413969,0.644696789200346,0.499506660213003,5,"Not significant"
"Unstim / Nigericin","ECH1","Q13011","Q13011","ECH1_HUMAN","Delta(3,5)-Delta(2,4)-dienoyl-CoA isomerase, mitochondrial","Q13011_S240_M2_28","Phospho (STY)",-9.14752335413969,0.644696789200346,0.499506660213003,5,"Not significant"
"Unstim / Nigericin","PDIA6","Q15084","Q15084","PDIA6_HUMAN","Protein disulfide-isomerase A6","Q15084_S375_M1_28","Phospho (STY)",-0.198185351080397,0.644696789200346,0.482399134306687,6,"Not significant"
"Unstim / Nigericin","SKIC2","Q15477","Q15477","SKI2_HUMAN","Superkiller complex protein 2","Q15477_S840_M1_28","Phospho (STY)",5.2576892166028,0.644696789200346,0.497243840972063,4,"Not significant"
"Unstim / Nigericin","H2BC21","Q16778","Q16778","H2B2E_HUMAN","Histone H2B type 2-E","Q16778_Y38_M2_28","Phospho (STY)",6.22323156967487,0.644696789200346,0.497355629800465,4,"Not significant"
"Unstim / Nigericin","NUFIP2","Q7Z417","Q7Z417","NUFP2_HUMAN","FMR1-interacting protein NUFIP2","Q7Z417_S107_M2_28","Phospho (STY)",5.20638743525299,0.644696789200346,0.4989484658469,5,"Not significant"
"Unstim / Nigericin","NAP1L4","Q99733","Q99733","NP1L4_HUMAN","Nucleosome assembly protein 1-like 4","Q99733_T28_M1_28","Phospho (STY)",0.707350185493272,0.644696789200346,0.492705596920382,6,"Not significant"
"Unstim / Nigericin","HNRNPUL1","Q9BUJ2","Q9BUJ2","HNRL1_HUMAN","Heterogeneous nuclear ribonucleoprotein U-like protein 1","Q9BUJ2_T412_M2_28","Phospho (STY)",6.40161987228126,0.644696789200346,0.500742716845345,4,"Not significant"
"Unstim / Nigericin","NUP85","Q9BW27","Q9BW27","NUP85_HUMAN","Nuclear pore complex protein Nup85","Q9BW27_T579_M2_28","Phospho (STY)",-3.25161148542745,0.644696789200346,0.486781865151703,4,"Not significant"
"Unstim / Nigericin","RAB9B","Q9NP90","Q9NP90","RAB9B_HUMAN","Ras-related protein Rab-9B","Q9NP90_Y108_M1_28","Phospho (STY)",-7.58123536802858,0.644696789200346,0.500761922223708,4,"Not significant"
"Unstim / Nigericin","TLN1","Q9Y490","Q9Y490","TLN1_HUMAN","Talin-1","Q9Y490_S955_M1_28","Phospho (STY)",11.6505327116334,0.644696789200346,0.500029421557894,4,"Not significant"
"Unstim / Nigericin","MYH9","P35579","P35579","MYH9_HUMAN","Myosin-9","P35579_T1414_M2_28","Phospho (STY)",-9.59202899411787,0.644696789200346,0.499950674640066,4,"Not significant"
"Unstim / Nigericin","HADHA","P40939","P40939","ECHA_HUMAN","Trifunctional enzyme subunit alpha, mitochondrial","P40939_S474_M2_28","Phospho (STY)",7.51260644806537,0.644696789200346,0.499987720711382,4,"Not significant"
"Unstim / Nigericin","NONO","Q15233","Q15233","NONO_HUMAN","Non-POU domain-containing octamer-binding protein","Q15233_Y158_M1_28","Phospho (STY)",-5.6224623747604,0.644696789200346,0.495741861428191,4,"Not significant"
"Unstim / Nigericin","MMP9","P14780","P14780","MMP9_HUMAN","Matrix metalloproteinase-9","P14780_S66_M1_28","Phospho (STY)",-0.20721153215523,0.645556591501268,0.508789607422128,6,"Not significant"
"Unstim / Nigericin","ATP5F1A","P25705","P25705","ATPA_HUMAN","ATP synthase subunit alpha, mitochondrial","P25705_Y321_M2_28","Phospho (STY)",-0.24982000783906,0.645595856081797,0.508903989748471,6,"Not significant"
"Unstim / Nigericin","DPYSL2","Q16555","Q16555","DPYL2_HUMAN","Dihydropyrimidinase-related protein 2","Q16555_T555_M1_28","Phospho (STY)",4.01634744985424,0.645626365265489,0.50902739117612,5,"Not significant"
"Unstim / Nigericin","PRSS1","P07477","P07477","TRY1_HUMAN","Serine protease 1","P07477_T103_M1_28","Phospho (STY)",-0.926306941720048,0.645889581649856,0.510041987112566,6,"Not significant"
"Unstim / Nigericin","GSN","Cont_Q3SX14","Cont_Q3SX14","GELS_BOVIN","Gelsolin","Cont_Q3SX14_Y320_M2_28","Phospho (STY)",-1.02165066180911,0.646568853068839,0.51263532763178,6,"Not significant"
"Unstim / Nigericin","GLOD4","Q9HC38","Q9HC38","GLOD4_HUMAN","Glyoxalase domain-containing protein 4","Q9HC38_T242_M1_28","Phospho (STY)",0.464699987954388,0.647376637929369,0.515513907378497,6,"Not significant"
"Unstim / Nigericin","KPNB1","Q14974","Q14974","IMB1_HUMAN","Importin subunit beta-1","Q14974_S764_M1_28","Phospho (STY)",0.333884995131909,0.648218739828758,0.518690141007948,4,"Not significant"
"Unstim / Nigericin","PCBP1","Q15365","Q15365","PCBP1_HUMAN","Poly(rC)-binding protein 1","Q15365_Y183_M3_28","Phospho (STY)",-3.03115318054052,0.648831911980883,0.52074397484021,4,"Not significant"
"Unstim / Nigericin","H1-3","P16402","P16402","H13_HUMAN","Histone H1.3","P16402_S2_M2_28","Phospho (STY)",2.90961214402828,0.648986456238669,0.521401816105038,4,"Not significant"
"Unstim / Nigericin","NOLC1","Q14978","Q14978","NOLC1_HUMAN","Nucleolar and coiled-body phosphoprotein 1","Q14978_S698_M1_28","Phospho (STY)",0.461987507972656,0.6493579857368,0.522507963097127,5,"Not significant"
"Unstim / Nigericin","AHNAK","Q09666","Q09666","AHNK_HUMAN","Neuroblast differentiation-associated protein AHNAK","Q09666_S135_M2_28","Phospho (STY)",1.79614609341536,0.649487154355659,0.522844558423964,6,"Not significant"
"Unstim / Nigericin","HS2ST1","Q7LGA3","Q7LGA3","HS2ST_HUMAN","Heparan sulfate 2-O-sulfotransferase 1","Q7LGA3_Y102_M1_28","Phospho (STY)",0.985873265147312,0.651079221401426,0.527676687272747,6,"Not significant"
"Unstim / Nigericin","EIF1AX","P47813","P47813","IF1AX_HUMAN","Eukaryotic translation initiation factor 1A, X-chromosomal","P47813_S74_M2_28","Phospho (STY)",2.32476548350914,0.651679838291678,0.529455520791873,5,"Not significant"
"Unstim / Nigericin","DRG2","P55039","P55039","DRG2_HUMAN","Developmentally-regulated GTP-binding protein 2","P55039_Y210_M1_28","Phospho (STY)",0.258255106542055,0.652443836059377,0.531585097647213,6,"Not significant"
"Unstim / Nigericin","RPL23A","P62750","P62750","RL23A_HUMAN","Large ribosomal subunit protein uL23","P62750_T95_M1_28","Phospho (STY)",0.747097134402511,0.654645308917409,0.538287361486164,6,"Not significant"
"Unstim / Nigericin","PSMC3","P17980","P17980","PRS6A_HUMAN","26S proteasome regulatory subunit 6A","P17980_Y158_M1_28","Phospho (STY)",-0.16007359851433,0.656329916217306,0.543373113266209,6,"Not significant"
"Unstim / Nigericin","S100A9","P06702","P06702","S10A9_HUMAN","Protein S100-A9","P06702_T113_M1_28","Phospho (STY)",-0.539477172286178,0.656625025560338,0.544217959830302,6,"Not significant"
"Unstim / Nigericin","NACA","E9PAV3;Q13765","E9PAV3;Q13765","NACAM_HUMAN;NACA_HUMAN","Nascent polypeptide-associated complex subunit alpha, muscle-specific form;Nascent polypeptide-associated complex subunit alpha","E9PAV3_Y1983_M1_28","Phospho (STY)",0.149118220544604,0.657772931795235,0.547539291063876,6,"Not significant"
"Unstim / Nigericin","NACA","E9PAV3;Q13765","E9PAV3;Q13765","NACAM_HUMAN;NACA_HUMAN","Nascent polypeptide-associated complex subunit alpha, muscle-specific form;Nascent polypeptide-associated complex subunit alpha","Q13765_Y120_M1_28","Phospho (STY)",0.149118220544604,0.657772931795235,0.547539291063876,6,"Not significant"
"Unstim / Nigericin","ABCC3","O15438","O15438","MRP3_HUMAN","ATP-binding cassette sub-family C member 3","O15438_S273_M1_28","Phospho (STY)",-0.112931889423683,0.658165835571891,0.548808688809762,4,"Not significant"
"Unstim / Nigericin","HSPB1","P04792","P04792","HSPB1_HUMAN","Heat shock protein beta-1","P04792_S82_M1_28","Phospho (STY)",0.159174551957745,0.659329105595651,0.552344802083828,6,"Not significant"
"Unstim / Nigericin","MTHFD2","P13995","P13995","MTDC_HUMAN","Bifunctional methylenetetrahydrofolate dehydrogenase/cyclohydrolase, mitochondrial","P13995_T284_M1_28","Phospho (STY)",-0.923422981442533,0.65945556580094,0.552752445427445,6,"Not significant"
"Unstim / Nigericin","DDX3X","O00571","O00571","DDX3X_HUMAN","ATP-dependent RNA helicase DDX3X","O00571_Y266_M1_28","Phospho (STY)",-0.831032782786329,0.660159289943875,0.554878779491276,4,"Not significant"
"Unstim / Nigericin","RAB37","Q96AX2","Q96AX2","RAB37_HUMAN","Ras-related protein Rab-37","Q96AX2_T73_M1_28","Phospho (STY)",0.388912516146884,0.660198674774273,0.555086651242016,6,"Not significant"
"Unstim / Nigericin","NUP153","P49790","P49790","NU153_HUMAN","Nuclear pore complex protein Nup153","P49790_S240_M1_28","Phospho (STY)",-0.450545148423563,0.660514988702613,0.555802467201609,5,"Not significant"
"Unstim / Nigericin","PNKP","Q96T60","Q96T60","PNKP_HUMAN","Bifunctional polynucleotide phosphatase/kinase","Q96T60_T157_M1_28","Phospho (STY)",-0.912618678386361,0.661432687316444,0.558550369964548,6,"Not significant"
"Unstim / Nigericin","BASP1","P80723","P80723","BASP1_HUMAN","Brain acid soluble protein 1","P80723_T162_M1_28","Phospho (STY)",-0.907246601328655,0.661829668315301,0.559700285142717,6,"Not significant"
"Unstim / Nigericin","P4HB","P07237","P07237","PDIA1_HUMAN","Protein disulfide-isomerase","P07237_Y116_M2_28","Phospho (STY)",-0.120203537262665,0.66200732540392,0.560405544993382,6,"Not significant"
"Unstim / Nigericin","HMGA1","P17096","P17096","HMGA1_HUMAN","High mobility group protein HMG-I/HMG-Y","P17096_S49_M1_28","Phospho (STY)",0.487134595580559,0.663009316107774,0.563262351313173,5,"Not significant"
"Unstim / Nigericin","IL1B","P01584","P01584","IL1B_HUMAN","Interleukin-1 beta","P01584_S35_M1_28","Phospho (STY)",0.50756771425915,0.664065205595354,0.566631291681346,6,"Not significant"
"Unstim / Nigericin","CA2","P00918","P00918","CAH2_HUMAN","Carbonic anhydrase 2","P00918_Y40_M1_28","Phospho (STY)",0.302337888847986,0.66526055766814,0.570339154149507,4,"Not significant"
"Unstim / Nigericin","PLEKHO2","Q8TD55","Q8TD55","PKHO2_HUMAN","Pleckstrin homology domain-containing family O member 2","Q8TD55_S390_M2_28","Phospho (STY)",0.339909239237197,0.666652310398022,0.574565774008702,5,"Not significant"
"Unstim / Nigericin","POTEI","P0CG38","P0CG38","POTEI_HUMAN","POTE ankyrin domain family member I","P0CG38_S971_M1_28","Phospho (STY)",0.864081634260184,0.667086476604433,0.57583968234731,6,"Not significant"
"Unstim / Nigericin","P4HB","P07237","P07237","PDIA1_HUMAN","Protein disulfide-isomerase","P07237_T319_M1_28","Phospho (STY)",-0.192812835749441,0.667223914139954,0.576368395650276,5,"Not significant"
"Unstim / Nigericin","MSI2","Q96DH6","Q96DH6","MSI2H_HUMAN","RNA-binding protein Musashi homolog 2","Q96DH6_S74_M1_28","Phospho (STY)",0.445648241964995,0.667927572922918,0.578324326755666,4,"Not significant"
"Unstim / Nigericin","RPLP1","P05386","P05386","RLA1_HUMAN","Large ribosomal subunit protein P1","P05386_S83_M2_28","Phospho (STY)",-1.59897014254647,0.668005931569685,0.578628859719393,6,"Not significant"
"Unstim / Nigericin","CAP1","Q01518","Q01518","CAP1_HUMAN","Adenylyl cyclase-associated protein 1","Q01518_Y153_M1_28","Phospho (STY)",1.49521157553167,0.668990059120321,0.581760908112976,6,"Not significant"
"Unstim / Nigericin","FAM3C","Q92520","Q92520","FAM3C_HUMAN","Protein FAM3C","Q92520_S75_M1_28","Phospho (STY)",-0.609379042742492,0.66921336899152,0.582568386836898,6,"Not significant"
"Unstim / Nigericin","GOT2","P00505","P00505","AATM_HUMAN","Aspartate aminotransferase, mitochondrial","P00505_S317_M2_28","Phospho (STY)",0.244187048402427,0.669626305837386,0.583799930012565,6,"Not significant"
"Unstim / Nigericin","GOT2","P00505","P00505","AATM_HUMAN","Aspartate aminotransferase, mitochondrial","P00505_Y316_M2_28","Phospho (STY)",0.244187048402427,0.669626305837386,0.583799930012565,6,"Not significant"
"Unstim / Nigericin","RPS20","P60866","P60866","RS20_HUMAN","Small ribosomal subunit protein uS10","P60866_T9_M2_28","Phospho (STY)",0.0671583032692173,0.671081510507107,0.588141010250502,6,"Not significant"
"Unstim / Nigericin","RPS20","P60866","P60866","RS20_HUMAN","Small ribosomal subunit protein uS10","P60866_T6_M2_28","Phospho (STY)",0.0671583032692173,0.671081510507107,0.588141010250502,6,"Not significant"
"Unstim / Nigericin","MACROH2A1","O75367","O75367","H2AY_HUMAN","Core histone macro-H2A.1","O75367_S305_M1_28","Phospho (STY)",-0.153447752254954,0.671128083566035,0.588351375320518,6,"Not significant"
"Unstim / Nigericin","MDH2","P40926","P40926","MDHM_HUMAN","Malate dehydrogenase, mitochondrial","P40926_T204_M2_28","Phospho (STY)",1.04171123721563,0.67117358272536,0.588459496929912,6,"Not significant"
"Unstim / Nigericin","LNPK","Q9C0E8","Q9C0E8","LNP_HUMAN","Endoplasmic reticulum junction formation protein lunapark","Q9C0E8_S194_M1_28","Phospho (STY)",0.567270415643506,0.671439242443375,0.589323143157151,6,"Not significant"
"Unstim / Nigericin","ATP6V1F","Q16864","Q16864","VATF_HUMAN","V-type proton ATPase subunit F","Q16864_S104_M2_28","Phospho (STY)",1.3797060305956,0.671572806768364,0.589731404614618,6,"Not significant"
"Unstim / Nigericin","ATP6V1F","Q16864","Q16864","VATF_HUMAN","V-type proton ATPase subunit F","Q16864_Y98_M2_28","Phospho (STY)",1.3797060305956,0.671572806768364,0.589731403891055,6,"Not significant"
"Unstim / Nigericin","SPP1","P10451","P10451","OSTP_HUMAN","Osteopontin","P10451_S303_M1_28","Phospho (STY)",0.405592929658856,0.672447568033464,0.592480914266527,6,"Not significant"
"Unstim / Nigericin","ACTBL2","Q562R1","Q562R1","ACTBL_HUMAN","Beta-actin-like protein 2","Q562R1_Y167_M1_28","Phospho (STY)",-0.389419573274075,0.67295964019542,0.594020830242757,5,"Not significant"
"Unstim / Nigericin","ADGRE5","P48960","P48960","AGRE5_HUMAN","Adhesion G protein-coupled receptor E5","P48960_Y352_M1_28","Phospho (STY)",-0.199170902520489,0.675091822417846,0.600475644239925,6,"Not significant"
"Unstim / Nigericin","ZNF638","Q14966","Q14966","ZN638_HUMAN","Zinc finger protein 638","Q14966_T1664_M2_28","Phospho (STY)",0.619051743668381,0.675175939769654,0.600687991594644,6,"Not significant"
"Unstim / Nigericin","HSP90B1","P14625","P14625","ENPL_HUMAN","Endoplasmin","P14625_S607_M1_28","Phospho (STY)",-0.383521227852226,0.67564250389186,0.601899560465599,6,"Not significant"
"Unstim / Nigericin","HSPA9","P38646","P38646","GRP75_HUMAN","Stress-70 protein, mitochondrial","P38646_S378_M1_28","Phospho (STY)",-0.753667726295738,0.676436066726718,0.604121746376674,6,"Not significant"
"Unstim / Nigericin","ACTC1","P68032","P68032","ACTC_HUMAN","Actin, alpha cardiac muscle 1","P68032_Y220_M1_28","Phospho (STY)",-0.268909451180093,0.676691035186352,0.604847790901995,6,"Not significant"
"Unstim / Nigericin","TUBB4B","P68371","P68371","TBB4B_HUMAN","Tubulin beta-4B chain","P68371_T107_M2_28","Phospho (STY)",-0.201539112706632,0.677041424782252,0.605952630688764,4,"Not significant"
"Unstim / Nigericin","TPI1","P60174","P60174","TPIS_HUMAN","Triosephosphate isomerase","P60174_S21_M1_28","Phospho (STY)",0.834607300521583,0.677694363627932,0.607770060109691,5,"Not significant"
"Unstim / Nigericin","H1-2","P16403","P16403","H12_HUMAN","Histone H1.2","P16403_T31_M2_28","Phospho (STY)",-0.340150946564084,0.677912989688795,0.608483195081598,5,"Not significant"
"Unstim / Nigericin","NPM1","P06748","P06748","NPM_HUMAN","Nucleophosmin","P06748_S70_M1_28","Phospho (STY)",-0.61532333880933,0.678202329969062,0.609592054413829,5,"Not significant"
"Unstim / Nigericin","ALDOA","P04075","P04075","ALDOA_HUMAN","Fructose-bisphosphate aldolase A","P04075_T119_M1_28","Phospho (STY)",-0.73551843065134,0.678323574400624,0.609903586650923,6,"Not significant"
"Unstim / Nigericin","HCFC1","P51610","P51610","HCFC1_HUMAN","Host cell factor 1","P51610_S1507_M1_28","Phospho (STY)",0.623172071013627,0.679927406417494,0.614838405024599,5,"Not significant"
"Unstim / Nigericin","ACTBL2","Q562R1","Q562R1","ACTBL_HUMAN","Beta-actin-like protein 2","Q562R1_Y241_M1_28","Phospho (STY)",0.478200536898153,0.680903036054749,0.617800975808104,6,"Not significant"
"Unstim / Nigericin","DAB2","P98082","P98082","DAB2_HUMAN","Disabled homolog 2","P98082_Y50_M1_28","Phospho (STY)",-0.19961138277475,0.68212690004681,0.621360150000661,6,"Not significant"
"Unstim / Nigericin","HSPA9","P38646","P38646","GRP75_HUMAN","Stress-70 protein, mitochondrial","P38646_T504_M1_28","Phospho (STY)",-0.443651571527067,0.682972702132599,0.623871294293212,6,"Not significant"
"Unstim / Nigericin","BTF3","P20290","P20290","BTF3_HUMAN","Transcription factor BTF3","P20290_T110_M2_28","Phospho (STY)",0.262140796415093,0.68358309454491,0.625712506982293,4,"Not significant"
"Unstim / Nigericin","LRRC8B","Q6P9F7","Q6P9F7","LRC8B_HUMAN","Volume-regulated anion channel subunit LRRC8B","Q6P9F7_S589_M1_28","Phospho (STY)",-0.106011716372728,0.685649644015478,0.632032107073904,6,"Not significant"
"Unstim / Nigericin","TCOF1","Q13428","Q13428","TCOF_HUMAN","Treacle protein","Q13428_S503_M1_28","Phospho (STY)",0.117241017363202,0.685744564403486,0.632323265024678,4,"Not significant"
"Unstim / Nigericin","HNRNPA1","P09651","P09651","ROA1_HUMAN","Heterogeneous nuclear ribonucleoprotein A1","P09651_S22_M1_28","Phospho (STY)",1.36625406210852,0.68686981714168,0.636240707362403,4,"Not significant"
"Unstim / Nigericin","UBXN7","O94888","O94888","UBXN7_HUMAN","UBX domain-containing protein 7","O94888_Y468_M2_28","Phospho (STY)",0.976255857249126,0.687923637028972,0.639667090230167,6,"Not significant"
"Unstim / Nigericin","ACTB","Cont_P60712;P60709","Cont_P60712;P60709","ACTB_BOVIN;ACTB_HUMAN","Actin, cytoplasmic 1;Actin, cytoplasmic 1","Cont_P60712_Y218_M1_28","Phospho (STY)",-0.165092226885458,0.688440915844272,0.641285020859369,6,"Not significant"
"Unstim / Nigericin","ACTB","Cont_P60712;P60709","Cont_P60712;P60709","ACTB_BOVIN;ACTB_HUMAN","Actin, cytoplasmic 1;Actin, cytoplasmic 1","P60709_Y218_M1_28","Phospho (STY)",-0.165092226885458,0.688440915844272,0.641285020859369,6,"Not significant"
"Unstim / Nigericin","HSPA5","P11021","P11021","BIP_HUMAN","Endoplasmic reticulum chaperone BiP","P11021_S365_M2_28","Phospho (STY)",-1.41485166563206,0.688797535742797,0.642559129328556,5,"Not significant"
"Unstim / Nigericin","HSPA9","P38646","P38646","GRP75_HUMAN","Stress-70 protein, mitochondrial","P38646_Y243_M1_28","Phospho (STY)",-1.17622006547728,0.688981871291784,0.643111224581491,6,"Not significant"
"Unstim / Nigericin","PMPCA","Q10713","Q10713","MPPA_HUMAN","Mitochondrial-processing peptidase subunit alpha","Q10713_Y270_M1_28","Phospho (STY)",-0.109449793998781,0.689091989464029,0.643521585447505,6,"Not significant"
"Unstim / Nigericin","HCLS1","P14317","P14317","HCLS1_HUMAN","Hematopoietic lineage cell-specific protein","P14317_S275_M1_28","Phospho (STY)",1.00538952419082,0.690762813518287,0.64863652365083,6,"Not significant"
"Unstim / Nigericin","ACLY","P53396","P53396","ACLY_HUMAN","ATP-citrate synthase","P53396_Y1006_M1_28","Phospho (STY)",1.14605502552483,0.690815670311249,0.64875951905166,6,"Not significant"
"Unstim / Nigericin","ENO1","P06733","P06733","ENOA_HUMAN","Alpha-enolase","P06733_Y200_M1_28","Phospho (STY)",1.15560093868909,0.691930563466569,0.651935608036602,6,"Not significant"
"Unstim / Nigericin","CAT","P04040","P04040","CATA_HUMAN","Catalase","P04040_Y308_M1_28","Phospho (STY)",-0.155248282782094,0.692191981832479,0.652662950475586,6,"Not significant"
"Unstim / Nigericin","MTDH","Q86UE4","Q86UE4","LYRIC_HUMAN","Protein LYRIC","Q86UE4_S489_M2_28","Phospho (STY)",0.387537970717486,0.69483321429556,0.660678220089882,4,"Not significant"
"Unstim / Nigericin","HNRNPK","P61978","P61978","HNRPK_HUMAN","Heterogeneous nuclear ribonucleoprotein K","P61978_T70_M2_28","Phospho (STY)",0.360076630691916,0.695493126410955,0.663056854253307,5,"Not significant"
"Unstim / Nigericin","RBM47","A0AV96","A0AV96","RBM47_HUMAN","RNA-binding protein 47","A0AV96_T433_M1_28","Phospho (STY)",1.19868314347001,0.695993252104986,0.664629627851038,5,"Not significant"
"Unstim / Nigericin","TUBB1","Q9H4B7","Q9H4B7","TBB1_HUMAN","Tubulin beta-1 chain","Q9H4B7_S78_M1_28","Phospho (STY)",-0.333573118096428,0.696526550940813,0.66651897602904,6,"Not significant"
"Unstim / Nigericin","EEF1A1","Cont_P68103;P68104","Cont_P68103;P68104","EF1A1_BOVIN;EF1A1_HUMAN","Elongation factor 1-alpha 1","Cont_P68103_T242_M1_28","Phospho (STY)",0.452358167407595,0.696689102711286,0.667123537459904,5,"Not significant"
"Unstim / Nigericin","EEF1A1","Cont_P68103;P68104","Cont_P68103;P68104","EF1A1_BOVIN;EF1A1_HUMAN","Elongation factor 1-alpha 1","P68104_T242_M1_28","Phospho (STY)",0.452358167407595,0.696689102711286,0.667123537459904,5,"Not significant"
"Unstim / Nigericin","HNRNPA1","P09651","P09651","ROA1_HUMAN","Heterogeneous nuclear ribonucleoprotein A1","P09651_Y62_M2_28","Phospho (STY)",-0.737077219795389,0.696879855398398,0.667648122772225,6,"Not significant"
"Unstim / Nigericin","RTRAF","Q9Y224","Q9Y224","RTRAF_HUMAN","RNA transcription, translation and transport factor protein","Q9Y224_T235_M1_28","Phospho (STY)",0.322564563007101,0.699791012521274,0.677251829016906,6,"Not significant"
"Unstim / Nigericin","MIA2","Q96PC5","Q96PC5","MIA2_HUMAN","Melanoma inhibitory activity protein 2","Q96PC5_Y1039_M2_28","Phospho (STY)",-0.203592380105399,0.699842662002814,0.677402315535645,6,"Not significant"
"Unstim / Nigericin","RAB5C","P51148","P51148","RAB5C_HUMAN","Ras-related protein Rab-5C","P51148_S124_M1_28","Phospho (STY)",-0.0968086145000668,0.700403704254536,0.679246373377199,6,"Not significant"
"Unstim / Nigericin","MRPL52","Q86TS9","Q86TS9","RM52_HUMAN","Large ribosomal subunit protein mL52","Q86TS9_S81_M2_28","Phospho (STY)",-0.468412008062176,0.701034535963026,0.681298074651486,6,"Not significant"
"Unstim / Nigericin","MRPL52","Q86TS9","Q86TS9","RM52_HUMAN","Large ribosomal subunit protein mL52","Q86TS9_T72_M2_28","Phospho (STY)",-0.468412008062176,0.701034535963026,0.681298074651486,6,"Not significant"
"Unstim / Nigericin","COMT","P21964","P21964","COMT_HUMAN","Catechol O-methyltransferase","P21964_Y82_M1_28","Phospho (STY)",-0.123587191679492,0.703568710205584,0.689756362007672,6,"Not significant"
"Unstim / Nigericin","UQCRC2","P22695","P22695","QCR2_HUMAN","Cytochrome b-c1 complex subunit 2, mitochondrial","P22695_Y71_M1_28","Phospho (STY)",-0.205366863574821,0.70676328535868,0.699549374960616,5,"Not significant"
"Unstim / Nigericin","RPLP1","P05386","P05386","RLA1_HUMAN","Large ribosomal subunit protein P1","P05386_S58_M1_28","Phospho (STY)",-0.166288174296113,0.70769259538779,0.702636313075779,6,"Not significant"
"Unstim / Nigericin","TPI1","P60174","P60174","TPIS_HUMAN","Triosephosphate isomerase","P60174_Y48_M2_28","Phospho (STY)",0.309818625827209,0.708260526919136,0.704447513704617,4,"Not significant"
"Unstim / Nigericin","ACTB","Cont_P60712;P60709","Cont_P60712;P60709","ACTB_BOVIN;ACTB_HUMAN","Actin, cytoplasmic 1;Actin, cytoplasmic 1","Cont_P60712_Y69_M2_28","Phospho (STY)",0.832339747835241,0.708793763671373,0.706346202570137,6,"Not significant"
"Unstim / Nigericin","ACTB","Cont_P60712;P60709","Cont_P60712;P60709","ACTB_BOVIN;ACTB_HUMAN","Actin, cytoplasmic 1;Actin, cytoplasmic 1","P60709_Y69_M2_28","Phospho (STY)",0.832339747835241,0.708793763671373,0.706346202570137,6,"Not significant"
"Unstim / Nigericin","GPI","P06744","P06744","G6PI_HUMAN","Glucose-6-phosphate isomerase","P06744_Y183_M1_28","Phospho (STY)",-0.305264649393647,0.709909949374952,0.710146790486656,6,"Not significant"
"Unstim / Nigericin","AHNAK","Q09666","Q09666","AHNK_HUMAN","Neuroblast differentiation-associated protein AHNAK","Q09666_S5573_M1_28","Phospho (STY)",0.141452782872524,0.713498469283465,0.722150120059156,4,"Not significant"
"Unstim / Nigericin","CYB5B","O43169","O43169","CYB5B_HUMAN","Cytochrome b5 type B","O43169_S37_M1_28","Phospho (STY)",0.342411755913338,0.713871955982139,0.723357864424686,6,"Not significant"
"Unstim / Nigericin","CEP170","Q5SW79","Q5SW79","CE170_HUMAN","Centrosomal protein of 170 kDa","Q5SW79_Y91_M2_28","Phospho (STY)",0.816966441267243,0.713897157518582,0.72341137080305,6,"Not significant"
"Unstim / Nigericin","SPP1","P10451","P10451","OSTP_HUMAN","Osteopontin","P10451_S310_M1_28","Phospho (STY)",0.156947212672255,0.71481881929701,0.726373863537976,5,"Not significant"
"Unstim / Nigericin","PREB","Q9HCU5","Q9HCU5","PREB_HUMAN","Prolactin regulatory element-binding protein","Q9HCU5_Y281_M1_28","Phospho (STY)",-0.215665667823199,0.718199949093667,0.737731510778443,6,"Not significant"
"Unstim / Nigericin","RPLP2","P05387","P05387","RLA2_HUMAN","Large ribosomal subunit protein P2","P05387_S44_M1_28","Phospho (STY)",-0.510240780033667,0.718928176382013,0.739969744823255,6,"Not significant"
"Unstim / Nigericin","HLA-H","P01893","P01893","HLAH_HUMAN","Putative HLA class I histocompatibility antigen, alpha chain H","P01893_S48_M1_28","Phospho (STY)",0.763104700429412,0.719236601416948,0.740926407381939,5,"Not significant"
"Unstim / Nigericin","GLUD1","P00367","P00367","DHE3_HUMAN","Glutamate dehydrogenase 1, mitochondrial","P00367_Y170_M1_28","Phospho (STY)",0.527758617395831,0.719263370935156,0.741050618212523,6,"Not significant"
"Unstim / Nigericin","PPP1CA","P62136","P62136","PP1A_HUMAN","Serine/threonine-protein phosphatase PP1-alpha catalytic subunit","P62136_Y114_M1_28","Phospho (STY)",0.465271529050583,0.719751179357532,0.742518730631106,6,"Not significant"
"Unstim / Nigericin","HSPA2","P54652","P54652","HSP72_HUMAN","Heat shock-related 70 kDa protein 2","P54652_Y108_M1_28","Phospho (STY)",0.767746265142284,0.71980168171738,0.742670699878433,6,"Not significant"
"Unstim / Nigericin","POTEI","P0CG38","P0CG38","POTEI_HUMAN","POTE ankyrin domain family member I","P0CG38_Y918_M1_28","Phospho (STY)",-0.357037654231359,0.72235375580597,0.751415361021812,6,"Not significant"
"Unstim / Nigericin","TFAM","Q00059","Q00059","TFAM_HUMAN","Transcription factor A, mitochondrial","Q00059_Y200_M1_28","Phospho (STY)",0.165032884426186,0.722740263139363,0.752841713540866,6,"Not significant"
"Unstim / Nigericin","ACTBL2","Q562R1","Q562R1","ACTBL_HUMAN","Beta-actin-like protein 2","Q562R1_Y295_M2_28","Phospho (STY)",0.513456774876915,0.725696990415242,0.763135621137745,6,"Not significant"
"Unstim / Nigericin","ACTC1","P68032","P68032","ACTC_HUMAN","Actin, alpha cardiac muscle 1","P68032_Y242_M1_28","Phospho (STY)",0.269846003713761,0.728100732148034,0.771518925884909,4,"Not significant"
"Unstim / Nigericin","HSPD1","P10809","P10809","CH60_HUMAN","60 kDa heat shock protein, mitochondrial","P10809_T422_M1_28","Phospho (STY)",0.709288993848655,0.729210741789464,0.775381442329723,5,"Not significant"
"Unstim / Nigericin","GSTP1","P09211","P09211","GSTP1_HUMAN","Glutathione S-transferase P","P09211_Y199_M1_28","Phospho (STY)",0.660211514562647,0.729917014649988,0.777793850407956,5,"Not significant"
"Unstim / Nigericin","MMP14","P50281","P50281","MMP14_HUMAN","Matrix metalloproteinase-14","P50281_T412_M1_28","Phospho (STY)",-0.303083297814701,0.732345719248206,0.786807935148499,6,"Not significant"
"Unstim / Nigericin","ACTC1","P68032","P68032","ACTC_HUMAN","Actin, alpha cardiac muscle 1","P68032_T231_M1_28","Phospho (STY)",-0.0908051568774937,0.735315290898567,0.797395156903327,5,"Not significant"
"Unstim / Nigericin","SEC22B","O75396","O75396","SC22B_HUMAN","Vesicle-trafficking protein SEC22b","O75396_S137_M2_28","Phospho (STY)",0.575937348337431,0.735505369065767,0.798126171120952,6,"Not significant"
"Unstim / Nigericin","CUTA","O60888","O60888","CUTA_HUMAN","Protein CutA","O60888_T125_M1_28","Phospho (STY)",-0.40347071250614,0.737028127017881,0.803233971064371,6,"Not significant"
"Unstim / Nigericin","THRAP3","Q9Y2W1","Q9Y2W1","TR150_HUMAN","Thyroid hormone receptor-associated protein 3","Q9Y2W1_S253_M2_28","Phospho (STY)",0.560320398807535,0.73710565972279,0.803549893183867,6,"Not significant"
"Unstim / Nigericin","RAB4B","P61018","P61018","RAB4B_HUMAN","Ras-related protein Rab-4B","P61018_T56_M1_28","Phospho (STY)",-0.559709292055348,0.737219782367665,0.804136309616445,6,"Not significant"
"Unstim / Nigericin","GPSM3","Q9Y4H4","Q9Y4H4","GPSM3_HUMAN","G-protein-signaling modulator 3","Q9Y4H4_S54_M1_28","Phospho (STY)",-0.266050280211235,0.737547009752754,0.805282350080368,6,"Not significant"
"Unstim / Nigericin","ITGA5","P08648","P08648","ITA5_HUMAN","Integrin alpha-5","P08648_S127_M1_28","Phospho (STY)",-0.152042886155764,0.738536296841612,0.808979171264952,6,"Not significant"
"Unstim / Nigericin","EZR","P15311","P15311","EZRI_HUMAN","Ezrin","P15311_S366_M1_28","Phospho (STY)",0.105576107820746,0.738711245847879,0.809458366917442,6,"Not significant"
"Unstim / Nigericin","UHRF2","Q96PU4","Q96PU4","UHRF2_HUMAN","E3 ubiquitin-protein ligase UHRF2","Q96PU4_S301_M2_28","Phospho (STY)",-0.535119562229735,0.739409166841063,0.811972525589781,6,"Not significant"
"Unstim / Nigericin","DNAJA1","P31689","P31689","DNJA1_HUMAN","DnaJ homolog subfamily A member 1","P31689_T284_M1_28","Phospho (STY)",0.113465226303491,0.739710532854276,0.813095443951513,6,"Not significant"
"Unstim / Nigericin","AHNAK","Q09666","Q09666","AHNK_HUMAN","Neuroblast differentiation-associated protein AHNAK","Q09666_T1192_M1_28","Phospho (STY)",0.536064327545491,0.740099559434551,0.814593209803519,5,"Not significant"
"Unstim / Nigericin","AHNAK","Q09666","Q09666","AHNK_HUMAN","Neuroblast differentiation-associated protein AHNAK","Q09666_T1986_M1_28","Phospho (STY)",0.536064327545491,0.740099559434551,0.814593209803519,5,"Not significant"
"Unstim / Nigericin","TPI1","P60174","P60174","TPIS_HUMAN","Triosephosphate isomerase","P60174_Y68_M1_28","Phospho (STY)",-0.400511503850177,0.740682226527004,0.816805809409639,6,"Not significant"
"Unstim / Nigericin","SLC25A24","Q6NUK1","Q6NUK1","SCMC1_HUMAN","Mitochondrial adenyl nucleotide antiporter SLC25A24","Q6NUK1_Y404_M1_28","Phospho (STY)",-0.46797403856114,0.741038550479307,0.818092579302498,6,"Not significant"
"Unstim / Nigericin","TUBB6","Q9BUF5","Q9BUF5","TBB6_HUMAN","Tubulin beta-6 chain","Q9BUF5_Y281_M1_28","Phospho (STY)",0.126572566938914,0.741270313867314,0.819050424001624,6,"Not significant"
"Unstim / Nigericin","B2M","P61769","P61769","B2MG_HUMAN","Beta-2-microglobulin","P61769_Y46_M1_28","Phospho (STY)",-0.357838992881086,0.741630570631522,0.820320689096181,6,"Not significant"
"Unstim / Nigericin","RAB11B","Q15907","Q15907","RB11B_HUMAN","Ras-related protein Rab-11B","Q15907_T59_M1_28","Phospho (STY)",0.0471249263998055,0.7440899748032,0.829496445277358,6,"Not significant"
"Unstim / Nigericin","NIBAN2","Q96TA1","Q96TA1","NIBA2_HUMAN","Protein Niban 2","Q96TA1_S665_M1_28","Phospho (STY)",0.186783011302483,0.745567521662469,0.835063357934954,6,"Not significant"
"Unstim / Nigericin","ACLY","P53396","P53396","ACLY_HUMAN","ATP-citrate synthase","P53396_S947_M1_28","Phospho (STY)",0.237248241024815,0.745786600733371,0.836040540811791,6,"Not significant"
"Unstim / Nigericin","H1-5","P16401","P16401","H15_HUMAN","Histone H1.5","P16401_T39_M1_28","Phospho (STY)",-0.10935223672835,0.745817976043375,0.836119963022866,6,"Not significant"
"Unstim / Nigericin","RARS1","P54136","P54136","SYRC_HUMAN","Arginine--tRNA ligase, cytoplasmic","P54136_S177_M1_28","Phospho (STY)",0.103328139806469,0.746052194750364,0.837250239479282,6,"Not significant"
"Unstim / Nigericin","GNA11","P29992","P29992","GNA11_HUMAN","Guanine nucleotide-binding protein subunit alpha-11","P29992_Y172_M1_28","Phospho (STY)",0.081986938168139,0.746298785566984,0.838235692973693,6,"Not significant"
"Unstim / Nigericin","ACAT1","P24752","P24752","THIL_HUMAN","Acetyl-CoA acetyltransferase, mitochondrial","P24752_S420_M1_28","Phospho (STY)",0.150608526432887,0.749000196383112,0.848180527657991,5,"Not significant"
"Unstim / Nigericin","ZMPSTE24","O75844","O75844","FACE1_HUMAN","CAAX prenyl protease 1 homolog","O75844_Y45_M3_28","Phospho (STY)",-0.449074072421925,0.749030811987704,0.848378693232328,5,"Not significant"
"Unstim / Nigericin","ACAA2","P42765","P42765","THIM_HUMAN","3-ketoacyl-CoA thiolase, mitochondrial","P42765_Y20_M1_28","Phospho (STY)",-0.0401632758225444,0.750442471043269,0.853712274926408,6,"Not significant"
"Unstim / Nigericin","CTSC","P53634","P53634","CATC_HUMAN","Dipeptidyl peptidase 1","P53634_T445_M1_28","Phospho (STY)",-0.111153969166747,0.750821040962747,0.854952126914381,4,"Not significant"
"Unstim / Nigericin","PDIA3","P30101","P30101","PDIA3_HUMAN","Protein disulfide-isomerase A3","P30101_Y95_M1_28","Phospho (STY)",-0.392573799428206,0.751106097890441,0.856044569565026,6,"Not significant"
"Unstim / Nigericin","AHNAK","Q09666","Q09666","AHNK_HUMAN","Neuroblast differentiation-associated protein AHNAK","Q09666_S5279_M1_28","Phospho (STY)",0.328956497358024,0.751294407378307,0.856749003826891,6,"Not significant"
"Unstim / Nigericin","RPS3","P23396","P23396","RS3_HUMAN","Small ribosomal subunit protein uS3","P23396_S209_M1_28","Phospho (STY)",-0.295271667379515,0.752221249864473,0.860314387073181,6,"Not significant"
"Unstim / Nigericin","TMSB10","P63313","P63313","TYB10_HUMAN","Thymosin beta-10","P63313_T31_M1_28","Phospho (STY)",0.0656194291215247,0.755031824675549,0.871588142376867,4,"Not significant"
"Unstim / Nigericin","EEF2","P13639","P13639","EF2_HUMAN","Elongation factor 2","P13639_Y730_M2_28","Phospho (STY)",0.229860989304595,0.755395388990625,0.873033616384317,6,"Not significant"
"Unstim / Nigericin","HSPA8","P11142","P11142","HSP7C_HUMAN","Heat shock cognate 71 kDa protein","P11142_S329_M1_28","Phospho (STY)",-0.135198923420038,0.75587892426056,0.875078752493137,6,"Not significant"
"Unstim / Nigericin","HSPA8","P11142","P11142","HSP7C_HUMAN","Heat shock cognate 71 kDa protein","P11142_T66_M2_28","Phospho (STY)",-0.0600466446801724,0.756057801800594,0.875723926223782,6,"Not significant"
"Unstim / Nigericin","HSPA8","P11142","P11142","HSP7C_HUMAN","Heat shock cognate 71 kDa protein","P11142_T64_M2_28","Phospho (STY)",-0.0600466446801724,0.756057801800594,0.875723926223782,6,"Not significant"
"Unstim / Nigericin","M6PR","P20645","P20645","MPRD_HUMAN","Cation-dependent mannose-6-phosphate receptor","P20645_S42_M1_28","Phospho (STY)",-0.288415419750138,0.756481018252499,0.877266949051346,6,"Not significant"
"Unstim / Nigericin","AHCY","P23526","P23526","SAHH_HUMAN","Adenosylhomocysteinase","P23526_Y7_M1_28","Phospho (STY)",0.0932597873047154,0.757363479063858,0.880534798951057,6,"Not significant"
"Unstim / Nigericin","PLAUR","Q03405","Q03405","UPAR_HUMAN","Urokinase plasminogen activator surface receptor","Q03405_S139_M2_28","Phospho (STY)",0.321910699852454,0.759576568892298,0.889151742963055,4,"Not significant"
"Unstim / Nigericin","CAP1","Q01518","Q01518","CAP1_HUMAN","Adenylyl cyclase-associated protein 1","Q01518_Y419_M2_28","Phospho (STY)",-0.0635663037864708,0.760582907632978,0.893452833510321,6,"Not significant"
"Unstim / Nigericin","ITGB2","P05107","P05107","ITB2_HUMAN","Integrin beta-2","P05107_Y382_M2_28","Phospho (STY)",-0.290798757773931,0.760826253226045,0.894395863021109,6,"Not significant"
"Unstim / Nigericin","SAMHD1","Q9Y3Z3","Q9Y3Z3","SAMH1_HUMAN","Deoxynucleoside triphosphate triphosphohydrolase SAMHD1","Q9Y3Z3_T592_M1_28","Phospho (STY)",0.124514919163419,0.765306582468421,0.912397949200934,6,"Not significant"
"Unstim / Nigericin","RPL4","P36578","P36578","RL4_HUMAN","Large ribosomal subunit protein uL4","P36578_Y161_M1_28","Phospho (STY)",-0.0524056211684778,0.766006140159184,0.915362574474064,6,"Not significant"
"Unstim / Nigericin","MYO1E","Q12965","Q12965","MYO1E_HUMAN","Unconventional myosin-Ie","Q12965_T865_M1_28","Phospho (STY)",0.113376704513681,0.766594314909612,0.917829278692979,5,"Not significant"
"Unstim / Nigericin","RPS23","P62266","P62266","RS23_HUMAN","Small ribosomal subunit protein uS12","P62266_T82_M1_28","Phospho (STY)",-0.0447023180649472,0.766728564839021,0.918448271892473,6,"Not significant"
"Unstim / Nigericin","CHCHD3","Q9NX63","Q9NX63","MIC19_HUMAN","MICOS complex subunit MIC19","Q9NX63_S50_M1_28","Phospho (STY)",0.0576363275487983,0.769089738037663,0.928334056652608,5,"Not significant"
"Unstim / Nigericin","HNRNPA2B1","P22626","P22626","ROA2_HUMAN","Heterogeneous nuclear ribonucleoproteins A2/B1","P22626_S29_M1_28","Phospho (STY)",0.0950163742684515,0.76921144865224,0.928769304102523,6,"Not significant"
"Unstim / Nigericin","STOML2","Q9UJZ1","Q9UJZ1","STML2_HUMAN","Stomatin-like protein 2, mitochondrial","Q9UJZ1_S189_M1_28","Phospho (STY)",-0.0956779224709148,0.769648320104821,0.930699522151435,6,"Not significant"
"Unstim / Nigericin","MYL6","P60660","P60660","MYL6_HUMAN","Myosin light polypeptide 6","P60660_Y29_M1_28","Phospho (STY)",-0.175827171530355,0.770510464805648,0.934380079016318,6,"Not significant"
"Unstim / Nigericin","EEF1A1","Cont_P68103;P68104","Cont_P68103;P68104","EF1A1_BOVIN;EF1A1_HUMAN","Elongation factor 1-alpha 1","Cont_P68103_Y357_M2_28","Phospho (STY)",0.0403232385133827,0.770782611069239,0.935497108875661,6,"Not significant"
"Unstim / Nigericin","EEF1A1","Cont_P68103;P68104","Cont_P68103;P68104","EF1A1_BOVIN;EF1A1_HUMAN","Elongation factor 1-alpha 1","P68104_Y357_M2_28","Phospho (STY)",0.0403232385133827,0.770782611069239,0.935497108875661,6,"Not significant"
"Unstim / Nigericin","TSC22D1","Q15714","Q15714","T22D1_HUMAN","TSC22 domain family protein 1","Q15714_S1018_M1_28","Phospho (STY)",0.0385429067464843,0.771577113282439,0.939023527205994,6,"Not significant"
"Unstim / Nigericin","AHNAK","Q09666","Q09666","AHNK_HUMAN","Neuroblast differentiation-associated protein AHNAK","Q09666_S5731_M1_28","Phospho (STY)",-0.120534706011495,0.771675393141796,0.939335720127458,4,"Not significant"
"Unstim / Nigericin","IDH3G","P51553","P51553","IDH3G_HUMAN","Isocitrate dehydrogenase [NAD] subunit gamma, mitochondrial","P51553_Y51_M2_28","Phospho (STY)",0.169478936708433,0.772045727275789,0.940939229024857,4,"Not significant"
"Unstim / Nigericin","UGGT1","Q9NYU2","Q9NYU2","UGGG1_HUMAN","UDP-glucose:glycoprotein glucosyltransferase 1","Q9NYU2_S931_M1_28","Phospho (STY)",-0.0352680866202988,0.773065471910251,0.945070588008293,6,"Not significant"
"Unstim / Nigericin","CALR","P27797","P27797","CALR_HUMAN","Calreticulin","P27797_Y172_M3_28","Phospho (STY)",0.0347014179823982,0.773370956710984,0.946469463361432,6,"Not significant"
"Unstim / Nigericin","RAC2","P15153","P15153","RAC2_HUMAN","Ras-related C3 botulinum toxin substrate 2","P15153_Y72_M1_28","Phospho (STY)",-0.136026568318524,0.773705200381464,0.947937512551066,6,"Not significant"
"Unstim / Nigericin","LAP3","P28838","P28838","AMPL_HUMAN","Cytosol aminopeptidase","P28838_T70_M1_28","Phospho (STY)",-0.028167351217694,0.773921497475428,0.948812302176142,5,"Not significant"
"Unstim / Nigericin","RPL10L","Q96L21","Q96L21","RL10L_HUMAN","Ribosomal protein uL16-like","Q96L21_Y57_M2_28","Phospho (STY)",-0.128154133484253,0.774867511489755,0.952841292607882,6,"Not significant"
"Unstim / Nigericin","STX7","O15400","O15400","STX7_HUMAN","Syntaxin-7","O15400_T98_M1_28","Phospho (STY)",-0.115458806931216,0.775331286019546,0.954576834621152,6,"Not significant"
"Unstim / Nigericin","H1-4","P10412","P10412","H14_HUMAN","Histone H1.4","P10412_S2_M1_28","Phospho (STY)",-0.0349991412082842,0.776214588402871,0.958723177579562,6,"Not significant"
"Unstim / Nigericin","RPL23","P62829","P62829","RL23_HUMAN","Large ribosomal subunit protein uL14","P62829_Y38_M2_28","Phospho (STY)",0.0543189833708223,0.7765146877936,0.960101687223108,6,"Not significant"
"Unstim / Nigericin","MSN","P26038","P26038","MOES_HUMAN","Moesin","P26038_S576_M1_28","Phospho (STY)",0.0618245574592436,0.776885197109641,0.961964066893792,6,"Not significant"
"Unstim / Nigericin","DARS1","P14868","P14868","SYDC_HUMAN","Aspartate--tRNA ligase, cytoplasmic","P14868_T220_M1_28","Phospho (STY)",0.090336696852275,0.77694361835461,0.962303250037129,5,"Not significant"
"Unstim / Nigericin","GPX1","P07203","P07203","GPX1_HUMAN","Glutathione peroxidase 1","P07203_S95_M1_28","Phospho (STY)",0.087706329136292,0.777203045347486,0.963407434736548,6,"Not significant"
"Unstim / Nigericin","ALDOA","P04075","P04075","ALDOA_HUMAN","Fructose-bisphosphate aldolase A","P04075_S160_M1_28","Phospho (STY)",0.085599959010066,0.777561814331329,0.964597909792657,5,"Not significant"
"Unstim / Nigericin","ILF2","Q12905","Q12905","ILF2_HUMAN","Interleukin enhancer-binding factor 2","Q12905_Y338_M1_28","Phospho (STY)",-0.0795416446089944,0.77778216001197,0.965416341603872,5,"Not significant"
"Unstim / Nigericin","CANX","P27824","P27824","CALX_HUMAN","Calnexin","P27824_Y393_M2_28","Phospho (STY)",-0.0370130786258909,0.778031470994627,0.966484947255641,6,"Not significant"
"Unstim / Nigericin","ACTB","Cont_P60712;P60709","Cont_P60712;P60709","ACTB_BOVIN;ACTB_HUMAN","Actin, cytoplasmic 1;Actin, cytoplasmic 1","Cont_P60712_Y294_M1_28","Phospho (STY)",0.0636540890111722,0.779411794843213,0.972553304875107,6,"Not significant"
"Unstim / Nigericin","ACTB","Cont_P60712;P60709","Cont_P60712;P60709","ACTB_BOVIN;ACTB_HUMAN","Actin, cytoplasmic 1;Actin, cytoplasmic 1","P60709_Y294_M1_28","Phospho (STY)",0.0636540890111722,0.779411794843213,0.972553304875107,6,"Not significant"
"Unstim / Nigericin","RPL21","P46778","P46778","RL21_HUMAN","Large ribosomal subunit protein eL21","P46778_T124_M1_28","Phospho (STY)",0.0132996807767839,0.779732954077376,0.973953675651728,6,"Not significant"
"Unstim / Nigericin","GTPBP4","Q9BZE4","Q9BZE4","GTPB4_HUMAN","GTP-binding protein 4","Q9BZE4_Y58_M1_28","Phospho (STY)",0.0204778249187292,0.780534461204448,0.977538297737695,4,"Not significant"
"Unstim / Nigericin","RNH1","P13489","P13489","RINI_HUMAN","Ribonuclease inhibitor","P13489_Y151_M2_28","Phospho (STY)",-0.0513146478954819,0.781477349889353,0.981537535703297,5,"Not significant"
"Unstim / Nigericin","TUBB5;TUBB","Cont_Q2KJD0;P07437","Cont_Q2KJD0;P07437","TBB5_BOVIN;TBB5_HUMAN","Tubulin beta-5 chain;Tubulin beta chain","Cont_Q2KJD0_Y281_M3_28","Phospho (STY)",0.00268436095435302,0.782527053320267,0.985951734557822,6,"Not significant"
"Unstim / Nigericin","TUBB5;TUBB","Cont_Q2KJD0;P07437","Cont_Q2KJD0;P07437","TBB5_BOVIN;TBB5_HUMAN","Tubulin beta-5 chain;Tubulin beta chain","P07437_Y281_M3_28","Phospho (STY)",0.00268436095435302,0.782527053320267,0.985951734557822,6,"Not significant"
"Unstim / Nigericin","HNRNPA2B1","P22626","P22626","ROA2_HUMAN","Heterogeneous nuclear ribonucleoproteins A2/B1","P22626_T159_M1_28","Phospho (STY)",-0.0267842288576745,0.782710201217388,0.986765877890742,6,"Not significant"
"Unstim / Nigericin","GSN","Cont_Q3SX14","Cont_Q3SX14","GELS_BOVIN","Gelsolin","Cont_Q3SX14_Y320_M1_28","Phospho (STY)",-0.0028100595711128,0.78374100836412,0.991475783436159,6,"Not significant"
"Unstim / Nigericin","PGK1","P00558","P00558","PGK1_HUMAN","Phosphoglycerate kinase 1","P00558_Y324_M1_28","Phospho (STY)",0.00508133952290144,0.784460325810018,0.994896640245269,6,"Not significant"
"Unstim / Nigericin","DLST","P36957","P36957","ODO2_HUMAN","Dihydrolipoyllysine-residue succinyltransferase component of 2-oxoglutarate dehydrogenase complex, mitochondrial","P36957_T62_M1_28","Phospho (STY)",0.00907736111280848,0.78455285072756,0.995433536887173,4,"Not significant"
"Unstim / Nigericin","CAPZA1","P52907","P52907","CAZA1_HUMAN","F-actin-capping protein subunit alpha-1","P52907_T22_M1_28","Phospho (STY)",-0.00105638848435751,0.784667668752299,0.995870155033038,6,"Not significant"
"Unstim / Nigericin","ALCAM","Q13740","Q13740","CD166_HUMAN","CD166 antigen","Q13740_Y284_M1_28","Phospho (STY)",-0.00158152049821091,0.785096748024302,0.997985645386076,6,"Not significant"
