"Comparison (group1/group2)","Genes","UniProtIds","ProteinGroups","ProteinNames","ProteinDescriptions","Group","PTM.ModificationTitle","AVG Log2 Ratio","Qvalue","Pvalue","# of Ratios","Significance"
"LPS+Nigericin / Nigericin","DNAJB11","Q9UBS4","Q9UBS4","DJB11_HUMAN","DnaJ homolog subfamily B member 11","Q9UBS4_K66_M1_17","GlyGly (K)",2.3826322355347,0.481621325180682,0.020806297180702,6,"Not significant"
"LPS+Nigericin / Nigericin","CCT2","P78371","P78371","TCPB_HUMAN","T-complex protein 1 subunit beta","P78371_K120_M1_17","GlyGly (K)",8.34246065957146,0.484587377792945,0.0214953946250317,6,"Not significant"
"LPS+Nigericin / Nigericin","ATP5F1C","P36542","P36542","ATPG_HUMAN","ATP synthase subunit gamma, mitochondrial","P36542_K115_M1_17","GlyGly (K)",-6.60741365716158,0.496572356121802,0.02806653419368,6,"Not significant"
"LPS+Nigericin / Nigericin","ALCAM","Q13740","Q13740","CD166_HUMAN","CD166 antigen","Q13740_K60_M1_17","GlyGly (K)",-2.1783943672531,0.497461661985005,0.0288726714039918,6,"Not significant"
"LPS+Nigericin / Nigericin","ATP5F1A","P25705","P25705","ATPA_HUMAN","ATP synthase subunit alpha, mitochondrial","P25705_K316_M1_17","GlyGly (K)",-1.99093075247574,0.503492843454907,0.0320997558017067,6,"Not significant"
"LPS+Nigericin / Nigericin","ITGB2","P05107","P05107","ITB2_HUMAN","Integrin beta-2","P05107_K742_M2_17","GlyGly (K)",0.323494321687355,0.509118744684894,0.0357937169760388,5,"Not significant"
"LPS+Nigericin / Nigericin","P4HB","P07237","P07237","PDIA1_HUMAN","Protein disulfide-isomerase","P07237_K366_M1_17","GlyGly (K)",-0.8626947227822,0.518012434836503,0.0429146136049824,6,"Not significant"
"LPS+Nigericin / Nigericin","HSP90AB1","P08238","P08238","HS90B_HUMAN","Heat shock protein HSP 90-beta","P08238_K607_M1_17","GlyGly (K)",11.0919669717193,0.523923671220344,0.0471232508345153,6,"Not significant"
"LPS+Nigericin / Nigericin","TXNDC12","O95881","O95881","TXD12_HUMAN","Thioredoxin domain-containing protein 12","O95881_K123_M1_17","GlyGly (K)",-1.54690347370642,0.529600274328878,0.0522322336825183,6,"Not significant"
"LPS+Nigericin / Nigericin","HP1BP3","Q5SSJ5","Q5SSJ5","HP1B3_HUMAN","Heterochromatin protein 1-binding protein 3","Q5SSJ5_K29_M2_17","GlyGly (K)",-0.877623709061355,0.535962421376268,0.0597790192257692,4,"Not significant"
"LPS+Nigericin / Nigericin","LAMTOR5","O43504","O43504","LTOR5_HUMAN","Ragulator complex protein LAMTOR5","O43504_K14_M1_17","GlyGly (K)",0.421945989061734,0.536934241880289,0.0606626281569414,6,"Not significant"
"LPS+Nigericin / Nigericin","TXN","P10599","P10599","THIO_HUMAN","Thioredoxin","P10599_K96_M2_17","GlyGly (K)",-0.555025246878431,0.537375641780291,0.0612954891529925,6,"Not significant"
"LPS+Nigericin / Nigericin","TXN","P10599","P10599","THIO_HUMAN","Thioredoxin","P10599_K94_M2_17","GlyGly (K)",-0.555025246878431,0.537375641780291,0.0612954891529925,6,"Not significant"
"LPS+Nigericin / Nigericin","MRE11","P49959","P49959","MRE11_HUMAN","Double-strand break repair protein MRE11","P49959_K28_M1_17","GlyGly (K)",-2.00264848708005,0.540219660154776,0.0638931892602319,6,"Not significant"
"LPS+Nigericin / Nigericin","KRT73","Cont_Q86Y46;Q86Y46","Cont_Q86Y46;Q86Y46","K2C73_HUMAN","Keratin, type II cytoskeletal 73;Keratin, type II cytoskeletal 73","Cont_Q86Y46_K137_M2_17","GlyGly (K)",-0.724765358409236,0.54348365814226,0.0669861687444002,6,"Not significant"
"LPS+Nigericin / Nigericin","KRT73","Cont_Q86Y46;Q86Y46","Cont_Q86Y46;Q86Y46","K2C73_HUMAN","Keratin, type II cytoskeletal 73;Keratin, type II cytoskeletal 73","Q86Y46_K137_M2_17","GlyGly (K)",-0.724765358409236,0.54348365814226,0.0669861687444002,6,"Not significant"
"LPS+Nigericin / Nigericin","TRIM56","Q9BRZ2","Q9BRZ2","TRI56_HUMAN","E3 ubiquitin-protein ligase TRIM56","Q9BRZ2_K98_M1_17","GlyGly (K)",0.366137261088293,0.546669893172598,0.071555974241687,6,"Not significant"
"LPS+Nigericin / Nigericin","HSPD1","P10809","P10809","CH60_HUMAN","60 kDa heat shock protein, mitochondrial","P10809_K387_M1_17","GlyGly (K)",0.359954715315927,0.554390999809158,0.0801583975375622,6,"Not significant"
"LPS+Nigericin / Nigericin","HSPA1L","P34931","P34931","HS71L_HUMAN","Heat shock 70 kDa protein 1-like","P34931_K130_M1_17","GlyGly (K)",1.46826827323482,0.554817345367417,0.0812026908086665,6,"Not significant"
"LPS+Nigericin / Nigericin","ACTC1","P68032","P68032","ACTC_HUMAN","Actin, alpha cardiac muscle 1","P68032_K217_M2_17","GlyGly (K)",-0.62842544871531,0.555962848754384,0.0831640969989237,6,"Not significant"
"LPS+Nigericin / Nigericin","ACTC1","P68032","P68032","ACTC_HUMAN","Actin, alpha cardiac muscle 1","P68032_K215_M2_17","GlyGly (K)",-0.62842544871531,0.555962848754384,0.0831640969989237,6,"Not significant"
"LPS+Nigericin / Nigericin","S100A4","P26447","P26447","S10A4_HUMAN","Protein S100-A4","P26447_K7_M1_17","GlyGly (K)",0.670834059512777,0.556604607267625,0.084321474498953,6,"Not significant"
"LPS+Nigericin / Nigericin","THRAP3","Q9Y2W1","Q9Y2W1","TR150_HUMAN","Thyroid hormone receptor-associated protein 3","Q9Y2W1_K252_M1_17","GlyGly (K)",1.42959041287427,0.557030822827624,0.0849305809487299,6,"Not significant"
"LPS+Nigericin / Nigericin","RAB11B","Q15907","Q15907","RB11B_HUMAN","Ras-related protein Rab-11B","Q15907_K41_M1_17","GlyGly (K)",-0.325830153998489,0.561475832832099,0.0904121215190227,6,"Not significant"
"LPS+Nigericin / Nigericin","TMPO","P42166","P42166","LAP2A_HUMAN","Lamina-associated polypeptide 2, isoform alpha","P42166_K15_M1_17","GlyGly (K)",-1.92118165247848,0.563647954900107,0.0931369541608221,6,"Not significant"
"LPS+Nigericin / Nigericin","RPL4","P36578","P36578","RL4_HUMAN","Large ribosomal subunit protein uL4","P36578_K157_M1_17","GlyGly (K)",-1.89630359231261,0.565334726142819,0.0963385110155274,6,"Not significant"
"LPS+Nigericin / Nigericin","RAB12","Q6IQ22","Q6IQ22","RAB12_HUMAN","Ras-related protein Rab-12","Q6IQ22_K127_M1_17","GlyGly (K)",-0.521710790136273,0.567221595465526,0.0991605353376553,6,"Not significant"
"LPS+Nigericin / Nigericin","ATXN2L","Q8WWM7","Q8WWM7","ATX2L_HUMAN","Ataxin-2-like protein","Q8WWM7_K186_M1_17","GlyGly (K)",-1.80197770913595,0.572220170130119,0.106405636748676,6,"Not significant"
"LPS+Nigericin / Nigericin","C6orf47","O95873","O95873","CF047_HUMAN","Uncharacterized protein C6orf47","O95873_K147_M1_17","GlyGly (K)",-4.48763770490587,0.578565606065238,0.117051379179697,6,"Not significant"
"LPS+Nigericin / Nigericin","RUVBL2","Q9Y230","Q9Y230","RUVB2_HUMAN","RuvB-like 2","Q9Y230_K115_M1_17","GlyGly (K)",-1.90602075110432,0.583800690628377,0.12661378568081,6,"Not significant"
"LPS+Nigericin / Nigericin","CANX","P27824","P27824","CALX_HUMAN","Calnexin","P27824_K384_M1_17","GlyGly (K)",-0.907093900704953,0.591226682951985,0.141584847997279,6,"Not significant"
"LPS+Nigericin / Nigericin","KRT2","Cont_P35908;P35908","Cont_P35908;P35908","K22E_HUMAN","Keratin, type II cytoskeletal 2 epidermal;Keratin, type II cytoskeletal 2 epidermal","Cont_P35908_K267_M1_17","GlyGly (K)",1.16798022542769,0.595383842542741,0.148930100970329,6,"Not significant"
"LPS+Nigericin / Nigericin","KRT2","Cont_P35908;P35908","Cont_P35908;P35908","K22E_HUMAN","Keratin, type II cytoskeletal 2 epidermal;Keratin, type II cytoskeletal 2 epidermal","P35908_K267_M1_17","GlyGly (K)",1.16798022542769,0.595383842542741,0.148930100970329,6,"Not significant"
"LPS+Nigericin / Nigericin","HSP90AA1","P07900","P07900","HS90A_HUMAN","Heat shock protein HSP 90-alpha","P07900_K443_M1_17","GlyGly (K)",-0.627922359240469,0.596561021877753,0.151818907921106,6,"Not significant"
"LPS+Nigericin / Nigericin","ALB","Cont_P02769","Cont_P02769","ALBU_BOVIN","Albumin","Cont_P02769_K580_M1_17","GlyGly (K)",-0.553646718298361,0.597986792883659,0.154462811824642,6,"Not significant"
"LPS+Nigericin / Nigericin","APOBR","Q0VD83","Q0VD83","APOBR_HUMAN","Apolipoprotein B receptor","Q0VD83_K933_M1_17","GlyGly (K)",0.782740084697108,0.598425817448297,0.155317802159324,6,"Not significant"
"LPS+Nigericin / Nigericin","SUB1","P53999","P53999","TCP4_HUMAN","Activated RNA polymerase II transcriptional coactivator p15","P53999_K114_M1_17","GlyGly (K)",-5.3477868532645,0.598903663630794,0.156203119421135,6,"Not significant"
"LPS+Nigericin / Nigericin","AHNAK","Q09666","Q09666","AHNK_HUMAN","Neuroblast differentiation-associated protein AHNAK","Q09666_K171_M1_17","GlyGly (K)",-0.31747387426948,0.602263171675465,0.162560567819647,6,"Not significant"
"LPS+Nigericin / Nigericin","GLUD1","P00367","P00367","DHE3_HUMAN","Glutamate dehydrogenase 1, mitochondrial","P00367_K171_M1_17","GlyGly (K)",1.5700159204621,0.603121480649919,0.179449410565857,6,"Not significant"
"LPS+Nigericin / Nigericin","ANXA2","P07355","P07355","ANXA2_HUMAN","Annexin A2","P07355_K49_M2_17","GlyGly (K)",6.04839530840875,0.603121480649919,0.18707124902399,6,"Not significant"
"LPS+Nigericin / Nigericin","ANXA2","P07355","P07355","ANXA2_HUMAN","Annexin A2","P07355_K47_M2_17","GlyGly (K)",6.04839530840875,0.603121480649919,0.18707124902399,6,"Not significant"
"LPS+Nigericin / Nigericin","TOP1","P11387","P11387","TOP1_HUMAN","DNA topoisomerase 1","P11387_K252_M1_17","GlyGly (K)",-1.53125948010065,0.603121480649919,0.195011078171239,6,"Not significant"
"LPS+Nigericin / Nigericin","EEF1D","P29692","P29692","EF1D_HUMAN","Elongation factor 1-delta","P29692_K59_M1_17","GlyGly (K)",-0.297927796474964,0.603121480649919,0.174599934848391,6,"Not significant"
"LPS+Nigericin / Nigericin","CHI3L1","P36222","P36222","CH3L1_HUMAN","Chitinase-3-like protein 1","P36222_K91_M1_17","GlyGly (K)",9.10193203017976,0.603121480649919,0.184060334366566,6,"Not significant"
"LPS+Nigericin / Nigericin","WAS","P42768","P42768","WASP_HUMAN","Actin nucleation-promoting factor WAS","P42768_K235_M1_17","GlyGly (K)",5.28442676481243,0.603121480649919,0.18303147688562,6,"Not significant"
"LPS+Nigericin / Nigericin","MATR3","P43243","P43243","MATR3_HUMAN","Matrin-3","P43243_K132_M1_17","GlyGly (K)",-1.30548284050107,0.603121480649919,0.186786700131375,6,"Not significant"
"LPS+Nigericin / Nigericin","BASP1","P80723","P80723","BASP1_HUMAN","Brain acid soluble protein 1","P80723_K150_M1_17","GlyGly (K)",1.53989083601691,0.603121480649919,0.188951508642241,6,"Not significant"
"LPS+Nigericin / Nigericin","CAP1","Q01518","Q01518","CAP1_HUMAN","Adenylyl cyclase-associated protein 1","Q01518_K304_M1_17","GlyGly (K)",-8.13471802803643,0.603121480649919,0.184204366542286,6,"Not significant"
"LPS+Nigericin / Nigericin","DR1","Q01658","Q01658","NC2B_HUMAN","Protein Dr1","Q01658_K103_M1_17","GlyGly (K)",1.29047616571085,0.603121480649919,0.192021773274852,6,"Not significant"
"LPS+Nigericin / Nigericin","AHNAK","Q09666","Q09666","AHNK_HUMAN","Neuroblast differentiation-associated protein AHNAK","Q09666_K4351_M2_17","GlyGly (K)",2.17565830298996,0.603121480649919,0.174673128482619,6,"Not significant"
"LPS+Nigericin / Nigericin","AHNAK","Q09666","Q09666","AHNK_HUMAN","Neuroblast differentiation-associated protein AHNAK","Q09666_K4342_M2_17","GlyGly (K)",2.17565830298996,0.603121480649919,0.174673128482619,6,"Not significant"
"LPS+Nigericin / Nigericin","DYNLRB1","Q9NP97","Q9NP97","DLRB1_HUMAN","Dynein light chain roadblock-type 1","Q9NP97_K75_M1_17","GlyGly (K)",2.42605335515528,0.603121480649919,0.171455236397493,4,"Not significant"
"LPS+Nigericin / Nigericin","CD2AP","Q9Y5K6","Q9Y5K6","CD2AP_HUMAN","CD2-associated protein","Q9Y5K6_K557_M1_17","GlyGly (K)",-4.54484030886425,0.603121480649919,0.186707999182239,6,"Not significant"
"LPS+Nigericin / Nigericin","AHNAK","Q09666","Q09666","AHNK_HUMAN","Neuroblast differentiation-associated protein AHNAK","Q09666_K4687_M2_17","GlyGly (K)",6.99255951429378,0.603121480649919,0.187810442458177,5,"Not significant"
"LPS+Nigericin / Nigericin","STX3","Q13277","Q13277","STX3_HUMAN","Syntaxin-3","Q13277_K58_M2_17","GlyGly (K)",0.223215316027526,0.603121480649919,0.189203110762229,4,"Not significant"
"LPS+Nigericin / Nigericin","SPN","P16150","P16150","LEUK_HUMAN","Leukosialin","P16150_K350_M1_17","GlyGly (K)",9.67056121554414,0.603202993881853,0.199606922151586,6,"Not significant"
"LPS+Nigericin / Nigericin","ATP1A1","P05023","P05023","AT1A1_HUMAN","Sodium/potassium-transporting ATPase subunit alpha-1","P05023_K177_M1_17","GlyGly (K)",9.60701344591006,0.603228718182314,0.20018051392671,6,"Not significant"
"LPS+Nigericin / Nigericin","ACADM","P11310","P11310","ACADM_HUMAN","Medium-chain specific acyl-CoA dehydrogenase, mitochondrial","P11310_K69_M1_17","GlyGly (K)",6.98297264787207,0.603374995886048,0.200466746566599,6,"Not significant"
"LPS+Nigericin / Nigericin","KRT1","Cont_P04264;P04264","Cont_P04264;P04264","K2C1_HUMAN","Keratin, type II cytoskeletal 1;Keratin, type II cytoskeletal 1","Cont_P04264_K395_M1_17","GlyGly (K)",5.43108803997314,0.603526448284182,0.201398036643966,6,"Not significant"
"LPS+Nigericin / Nigericin","KRT1","Cont_P04264;P04264","Cont_P04264;P04264","K2C1_HUMAN","Keratin, type II cytoskeletal 1;Keratin, type II cytoskeletal 1","P04264_K395_M1_17","GlyGly (K)",5.43108803997314,0.603526448284182,0.201398036643966,6,"Not significant"
"LPS+Nigericin / Nigericin","IMMT","Q16891","Q16891","MIC60_HUMAN","MICOS complex subunit MIC60","Q16891_K110_M1_17","GlyGly (K)",1.4989851806158,0.603526448284182,0.20108444743533,6,"Not significant"
"LPS+Nigericin / Nigericin","CAMK1","Q14012","Q14012","KCC1A_HUMAN","Calcium/calmodulin-dependent protein kinase type 1","Q14012_K304_M1_17","GlyGly (K)",-0.941795979870068,0.603809578209035,0.204643339545585,6,"Not significant"
"LPS+Nigericin / Nigericin","YWHAQ","P27348","P27348","1433T_HUMAN","14-3-3 protein theta","P27348_K103_M1_17","GlyGly (K)",3.7219014690082,0.604316063081654,0.206530507794146,6,"Not significant"
"LPS+Nigericin / Nigericin","UBR7","Q8N806","Q8N806","UBR7_HUMAN","Putative E3 ubiquitin-protein ligase UBR7","Q8N806_K384_M1_17","GlyGly (K)",-2.84067084858247,0.606901628930107,0.219331708662861,4,"Not significant"
"LPS+Nigericin / Nigericin","PEPD","P12955","P12955","PEPD_HUMAN","Xaa-Pro dipeptidase","P12955_K17_M1_17","GlyGly (K)",-0.917756224647046,0.607051945731787,0.219896013206113,6,"Not significant"
"LPS+Nigericin / Nigericin","HYOU1","Q9Y4L1","Q9Y4L1","HYOU1_HUMAN","Hypoxia up-regulated protein 1","Q9Y4L1_K463_M1_17","GlyGly (K)",-4.24715349122316,0.607082058395355,0.22016826020807,6,"Not significant"
"LPS+Nigericin / Nigericin","ACTC1","P68032","P68032","ACTC_HUMAN","Actin, alpha cardiac muscle 1","P68032_K217_M1_17","GlyGly (K)",-1.36491875446117,0.608700194624304,0.225595029880261,4,"Not significant"
"LPS+Nigericin / Nigericin","TARDBP","Q13148","Q13148","TADBP_HUMAN","TAR DNA-binding protein 43","Q13148_K79_M1_17","GlyGly (K)",4.35745223250389,0.609320105728629,0.227756038000597,6,"Not significant"
"LPS+Nigericin / Nigericin","EEF1A1","Cont_P68103;P68104","Cont_P68103;P68104","EF1A1_BOVIN;EF1A1_HUMAN","Elongation factor 1-alpha 1","Cont_P68103_K408_M1_17","GlyGly (K)",1.35143571548751,0.610344847994761,0.23203893304083,6,"Not significant"
"LPS+Nigericin / Nigericin","EEF1A1","Cont_P68103;P68104","Cont_P68103;P68104","EF1A1_BOVIN;EF1A1_HUMAN","Elongation factor 1-alpha 1","P68104_K408_M1_17","GlyGly (K)",1.35143571548751,0.610344847994761,0.23203893304083,6,"Not significant"
"LPS+Nigericin / Nigericin","PPA1","Q15181","Q15181","IPYR_HUMAN","Inorganic pyrophosphatase","Q15181_K282_M1_17","GlyGly (K)",0.663553169817337,0.610903037205733,0.233591694163741,6,"Not significant"
"LPS+Nigericin / Nigericin","UGGT1","Q9NYU2","Q9NYU2","UGGG1_HUMAN","UDP-glucose:glycoprotein glucosyltransferase 1","Q9NYU2_K930_M1_17","GlyGly (K)",-0.240986485510697,0.613212544045775,0.24252796954898,6,"Not significant"
"LPS+Nigericin / Nigericin","POLR3E","Q9NVU0","Q9NVU0","RPC5_HUMAN","DNA-directed RNA polymerase III subunit RPC5","Q9NVU0_K410_M1_17","GlyGly (K)",4.32822036273155,0.613231451234784,0.242975343941525,6,"Not significant"
"LPS+Nigericin / Nigericin","SH3GL1","Q99961","Q99961","SH3G1_HUMAN","Endophilin-A2","Q99961_K239_M1_17","GlyGly (K)",3.98625381696208,0.613404749546421,0.243711376355028,6,"Not significant"
"LPS+Nigericin / Nigericin","XIRP1","Q702N8","Q702N8","XIRP1_HUMAN","Xin actin-binding repeat-containing protein 1","Q702N8_K230_M2_17","GlyGly (K)",5.68589000290599,0.613628272834298,0.24480559962225,6,"Not significant"
"LPS+Nigericin / Nigericin","PGAM1","P18669","P18669","PGAM1_HUMAN","Phosphoglycerate mutase 1","P18669_K138_M1_17","GlyGly (K)",-0.934833331866803,0.615661969087171,0.25093184790963,6,"Not significant"
"LPS+Nigericin / Nigericin","EIF5B","O60841","O60841","IF2P_HUMAN","Eukaryotic translation initiation factor 5B","O60841_K644_M1_17","GlyGly (K)",5.04485555617629,0.616238501939786,0.252621576044644,6,"Not significant"
"LPS+Nigericin / Nigericin","COMT","P21964","P21964","COMT_HUMAN","Catechol O-methyltransferase","P21964_K95_M2_17","GlyGly (K)",1.9601037983235,0.617180577940689,0.254842451245505,6,"Not significant"
"LPS+Nigericin / Nigericin","COMT","P21964","P21964","COMT_HUMAN","Catechol O-methyltransferase","P21964_K86_M2_17","GlyGly (K)",1.9601037983235,0.617180577940689,0.254842451245505,6,"Not significant"
"LPS+Nigericin / Nigericin","SNAP23","O00161","O00161","SNP23_HUMAN","Synaptosomal-associated protein 23","O00161_K167_M1_17","GlyGly (K)",0.816552270462519,0.61742307639578,0.255604295301388,6,"Not significant"
"LPS+Nigericin / Nigericin","HLA-F","P30511","P30511","HLAF_HUMAN","HLA class I histocompatibility antigen, alpha chain F","P30511_K142_M1_17","GlyGly (K)",-2.71739473234601,0.6176072367315,0.256227047563805,6,"Not significant"
"LPS+Nigericin / Nigericin","ATP5F1B","P06576","P06576","ATPB_HUMAN","ATP synthase subunit beta, mitochondrial","P06576_K432_M1_17","GlyGly (K)",1.65578214066315,0.617646477691993,0.25648220096107,6,"Not significant"
"LPS+Nigericin / Nigericin","HSP90B1","P14625","P14625","ENPL_HUMAN","Endoplasmin","P14625_K702_M2_17","GlyGly (K)",-0.300455691271682,0.617936813628327,0.256931362499904,5,"Not significant"
"LPS+Nigericin / Nigericin","ZMPSTE24","O75844","O75844","FACE1_HUMAN","CAAX prenyl protease 1 homolog","O75844_K325_M1_17","GlyGly (K)",-0.487826501188577,0.619293148237052,0.260105164106019,6,"Not significant"
"LPS+Nigericin / Nigericin","TPD52L2","O43399","O43399","TPD54_HUMAN","Tumor protein D54","O43399_K15_M1_17","GlyGly (K)",1.42010201673909,0.619545272918987,0.260741656204037,6,"Not significant"
"LPS+Nigericin / Nigericin","DDX21","Q9NR30","Q9NR30","DDX21_HUMAN","Nucleolar RNA helicase 2","Q9NR30_K236_M1_17","GlyGly (K)",-2.32559836528752,0.623066402992673,0.268714257625018,6,"Not significant"
"LPS+Nigericin / Nigericin","RPL27","P61353","P61353","RL27_HUMAN","Large ribosomal subunit protein eL27","P61353_K69_M2_17","GlyGly (K)",1.05341225786268,0.624337079957721,0.272282028089083,4,"Not significant"
"LPS+Nigericin / Nigericin","RPL14","P50914","P50914","RL14_HUMAN","Large ribosomal subunit protein eL14","P50914_K23_M1_17","GlyGly (K)",-1.02007494778608,0.626010645655684,0.277107095675813,6,"Not significant"
"LPS+Nigericin / Nigericin","CAPZB","P47756","P47756","CAPZB_HUMAN","F-actin-capping protein subunit beta","P47756_K168_M1_17","GlyGly (K)",-0.804771991013043,0.626273754153543,0.277793568884885,6,"Not significant"
"LPS+Nigericin / Nigericin","ANXA6","P08133","P08133","ANXA6_HUMAN","Annexin A6","P08133_K113_M2_17","GlyGly (K)",-1.94425855585559,0.626751600317679,0.278933527906495,6,"Not significant"
"LPS+Nigericin / Nigericin","ANXA6","P08133","P08133","ANXA6_HUMAN","Annexin A6","P08133_K102_M2_17","GlyGly (K)",-1.94425855585559,0.626751600317679,0.278933527906495,6,"Not significant"
"LPS+Nigericin / Nigericin","FGA","Cont_P02672","Cont_P02672","FIBA_BOVIN","Fibrinogen alpha chain","Cont_P02672_K543_M1_17","GlyGly (K)",0.711178595679369,0.627890623344814,0.282439777919642,6,"Not significant"
"LPS+Nigericin / Nigericin","SAMHD1","Q9Y3Z3","Q9Y3Z3","SAMH1_HUMAN","Deoxynucleoside triphosphate triphosphohydrolase SAMHD1","Q9Y3Z3_K354_M1_17","GlyGly (K)",-0.405096476915946,0.628610078396681,0.284770104314702,6,"Not significant"
"LPS+Nigericin / Nigericin","BAG3","O95817","O95817","BAG3_HUMAN","BAG family molecular chaperone regulator 3","O95817_K460_M1_17","GlyGly (K)",5.86100371756227,0.628690975095561,0.284994757501639,6,"Not significant"
"LPS+Nigericin / Nigericin","PFN1","P07737","P07737","PROF1_HUMAN","Profilin-1","P07737_K116_M1_17","GlyGly (K)",0.891671029109962,0.629118079583249,0.286025747207985,6,"Not significant"
"LPS+Nigericin / Nigericin","RPS9","P46781","P46781","RS9_HUMAN","Small ribosomal subunit protein uS4","P46781_K101_M1_17","GlyGly (K)",3.98789561551219,0.632738969471284,0.296039886281462,6,"Not significant"
"LPS+Nigericin / Nigericin","RAB14","P61106","P61106","RAB14_HUMAN","Ras-related protein Rab-14","P61106_K61_M2_17","GlyGly (K)",-0.428322638263959,0.633551704321427,0.298653680806393,6,"Not significant"
"LPS+Nigericin / Nigericin","RAB14","P61106","P61106","RAB14_HUMAN","Ras-related protein Rab-14","P61106_K59_M2_17","GlyGly (K)",-0.428322638263959,0.633551704321427,0.298653680806393,6,"Not significant"
"LPS+Nigericin / Nigericin","SHTN1","A0MZ66","A0MZ66","SHOT1_HUMAN","Shootin-1","A0MZ66_K169_M1_17","GlyGly (K)",1.07251375352399,0.633972537254186,0.378732748309812,6,"Not significant"
"LPS+Nigericin / Nigericin","POTEF","A5A3E0","A5A3E0","POTEF_HUMAN","POTE ankyrin domain family member F","A5A3E0_K938_M1_17","GlyGly (K)",-1.62122311702105,0.633972537254186,0.328465503697341,6,"Not significant"
"LPS+Nigericin / Nigericin","POTEF","A5A3E0","A5A3E0","POTEF_HUMAN","POTE ankyrin domain family member F","A5A3E0_K813_M1_17","GlyGly (K)",-7.2574524421052,0.633972537254186,0.423230133144647,6,"Not significant"
"LPS+Nigericin / Nigericin","MYO1G","B0I1T2","B0I1T2","MYO1G_HUMAN","Unconventional myosin-Ig","B0I1T2_K544_M1_17","GlyGly (K)",-8.09272165304361,0.633972537254186,0.340512597197875,6,"Not significant"
"LPS+Nigericin / Nigericin","ACTB","Cont_P60712;P60709","Cont_P60712;P60709","ACTB_BOVIN;ACTB_HUMAN","Actin, cytoplasmic 1;Actin, cytoplasmic 1","Cont_P60712_K284_M1_17","GlyGly (K)",-0.618658045466401,0.633972537254186,0.429712688377857,6,"Not significant"
"LPS+Nigericin / Nigericin","ACTB","Cont_P60712;P60709","Cont_P60712;P60709","ACTB_BOVIN;ACTB_HUMAN","Actin, cytoplasmic 1;Actin, cytoplasmic 1","P60709_K284_M1_17","GlyGly (K)",-0.618658045466401,0.633972537254186,0.429712688377857,6,"Not significant"
"LPS+Nigericin / Nigericin","CAP1","Cont_Q3SYV4","Cont_Q3SYV4","CAP1_BOVIN","Adenylyl cyclase-associated protein 1","Cont_Q3SYV4_K272_M1_17","GlyGly (K)",-6.20827354276608,0.633972537254186,0.42415920137896,6,"Not significant"
"LPS+Nigericin / Nigericin","GPI","Cont_Q3ZBD7","Cont_Q3ZBD7","G6PI_BOVIN","Glucose-6-phosphate isomerase","Cont_Q3ZBD7_K550_M1_17","GlyGly (K)",-0.441797877190064,0.633972537254186,0.35675932436134,6,"Not significant"
"LPS+Nigericin / Nigericin","IFIT3","O14879","O14879","IFIT3_HUMAN","Interferon-induced protein with tetratricopeptide repeats 3","O14879_K373_M1_17","GlyGly (K)",1.02367943372745,0.633972537254186,0.374582452875147,6,"Not significant"
"LPS+Nigericin / Nigericin","PPP1R12A","O14974","O14974","MYPT1_HUMAN","Protein phosphatase 1 regulatory subunit 12A","O14974_K945_M1_17","GlyGly (K)",3.61306673218381,0.633972537254186,0.389159695441924,6,"Not significant"
"LPS+Nigericin / Nigericin","IDH3B","O43837","O43837","IDH3B_HUMAN","Isocitrate dehydrogenase [NAD] subunit beta, mitochondrial","O43837_K105_M1_17","GlyGly (K)",-4.90634479415267,0.633972537254186,0.421883574384997,6,"Not significant"
"LPS+Nigericin / Nigericin","DNAJC13","O75165","O75165","DJC13_HUMAN","DnaJ homolog subfamily C member 13","O75165_K599_M1_17","GlyGly (K)",-3.45888795040683,0.633972537254186,0.416426545952417,6,"Not significant"
"LPS+Nigericin / Nigericin","MACROH2A1","O75367","O75367","H2AY_HUMAN","Core histone macro-H2A.1","O75367_K282_M1_17","GlyGly (K)",7.19951185328031,0.633972537254186,0.422034143189358,6,"Not significant"
"LPS+Nigericin / Nigericin","LMNA","P02545","P02545","LMNA_HUMAN","Prelamin-A/C","P02545_K144_M1_17","GlyGly (K)",0.268820075994977,0.633972537254186,0.377560089486365,6,"Not significant"
"LPS+Nigericin / Nigericin","LMNA","P02545","P02545","LMNA_HUMAN","Prelamin-A/C","P02545_K171_M1_17","GlyGly (K)",2.06109357753237,0.633972537254186,0.4130535947767,6,"Not significant"
"LPS+Nigericin / Nigericin","ALDOA","P04075","P04075","ALDOA_HUMAN","Fructose-bisphosphate aldolase A","P04075_K289_M1_17","GlyGly (K)",0.87218775567046,0.633972537254186,0.415628459816948,6,"Not significant"
"LPS+Nigericin / Nigericin","ANXA1","P04083","P04083","ANXA1_HUMAN","Annexin A1","P04083_K53_M1_17","GlyGly (K)",9.57976879573877,0.633972537254186,0.422468358088111,6,"Not significant"
"LPS+Nigericin / Nigericin","GAPDH","P04406","P04406","G3P_HUMAN","Glyceraldehyde-3-phosphate dehydrogenase","P04406_K139_M1_17","GlyGly (K)",1.39249972329126,0.633972537254186,0.353701199734967,6,"Not significant"
"LPS+Nigericin / Nigericin","GAPDH","P04406","P04406","G3P_HUMAN","Glyceraldehyde-3-phosphate dehydrogenase","P04406_K186_M1_17","GlyGly (K)",-4.81123430453368,0.633972537254186,0.419620745570498,6,"Not significant"
"LPS+Nigericin / Nigericin","SLC25A5","P05141","P05141","ADT2_HUMAN","ADP/ATP translocase 2","P05141_K10_M1_17","GlyGly (K)",7.21231678739096,0.633972537254186,0.423469310767199,6,"Not significant"
"LPS+Nigericin / Nigericin","RPLP2","P05387","P05387","RLA2_HUMAN","Large ribosomal subunit protein P2","P05387_K94_M1_17","GlyGly (K)",-7.63796639508895,0.633972537254186,0.421617013456557,6,"Not significant"
"LPS+Nigericin / Nigericin","GPX1","P07203","P07203","GPX1_HUMAN","Glutathione peroxidase 1","P07203_K166_M1_17","GlyGly (K)",3.58023356534027,0.633972537254186,0.423748914557039,6,"Not significant"
"LPS+Nigericin / Nigericin","P4HB","P07237","P07237","PDIA1_HUMAN","Protein disulfide-isomerase","P07237_K263_M1_17","GlyGly (K)",-0.362063229819478,0.633972537254186,0.422568520837842,6,"Not significant"
"LPS+Nigericin / Nigericin","P4HB","P07237","P07237","PDIA1_HUMAN","Protein disulfide-isomerase","P07237_K285_M2_17","GlyGly (K)",5.5137621044318,0.633972537254186,0.419815864837838,6,"Not significant"
"LPS+Nigericin / Nigericin","P4HB","P07237","P07237","PDIA1_HUMAN","Protein disulfide-isomerase","P07237_K283_M2_17","GlyGly (K)",5.5137621044318,0.633972537254186,0.419815864837838,6,"Not significant"
"LPS+Nigericin / Nigericin","SRPRA","P08240","P08240","SRPRA_HUMAN","Signal recognition particle receptor subunit alpha","P08240_K206_M1_17","GlyGly (K)",-7.10542606360851,0.633972537254186,0.388380452347838,6,"Not significant"
"LPS+Nigericin / Nigericin","SRP19","P09132","P09132","SRP19_HUMAN","Signal recognition particle 19 kDa protein","P09132_K39_M1_17","GlyGly (K)",4.46257664688164,0.633972537254186,0.416479289054361,6,"Not significant"
"LPS+Nigericin / Nigericin","GSTP1","P09211","P09211","GSTP1_HUMAN","Glutathione S-transferase P","P09211_K191_M1_17","GlyGly (K)",7.22414826488248,0.633972537254186,0.421412143749031,6,"Not significant"
"LPS+Nigericin / Nigericin","LGALS1","P09382","P09382","LEG1_HUMAN","Galectin-1","P09382_K37_M1_17","GlyGly (K)",1.39489370300329,0.633972537254186,0.371389616463275,6,"Not significant"
"LPS+Nigericin / Nigericin","LTA4H","P09960","P09960","LKHA4_HUMAN","Leukotriene A-4 hydrolase","P09960_K83_M1_17","GlyGly (K)",2.82821931938852,0.633972537254186,0.425734864356014,6,"Not significant"
"LPS+Nigericin / Nigericin","HSPA1A;HSPA1B","P0DMV8;P0DMV9","P0DMV8;P0DMV9","HS71A_HUMAN;HS71B_HUMAN","Heat shock 70 kDa protein 1A;Heat shock 70 kDa protein 1B","P0DMV8_K128_M1_17","GlyGly (K)",-0.901190611573558,0.633972537254186,0.363924061090443,6,"Not significant"
"LPS+Nigericin / Nigericin","HSPA1A;HSPA1B","P0DMV8;P0DMV9","P0DMV8;P0DMV9","HS71A_HUMAN;HS71B_HUMAN","Heat shock 70 kDa protein 1A;Heat shock 70 kDa protein 1B","P0DMV9_K128_M1_17","GlyGly (K)",-0.901190611573558,0.633972537254186,0.363924061090443,6,"Not significant"
"LPS+Nigericin / Nigericin","HSPD1","P10809","P10809","CH60_HUMAN","60 kDa heat shock protein, mitochondrial","P10809_K218_M1_17","GlyGly (K)",-11.9769433814274,0.633972537254186,0.422623072167947,6,"Not significant"
"LPS+Nigericin / Nigericin","HSPD1","P10809","P10809","CH60_HUMAN","60 kDa heat shock protein, mitochondrial","P10809_K180_M1_17","GlyGly (K)",-1.13897669629949,0.633972537254186,0.300554736843191,6,"Not significant"
"LPS+Nigericin / Nigericin","HSPA5","P11021","P11021","BIP_HUMAN","Endoplasmic reticulum chaperone BiP","P11021_K185_M1_17","GlyGly (K)",-2.39931273658903,0.633972537254186,0.314524038733963,6,"Not significant"
"LPS+Nigericin / Nigericin","HSPA8","P11142","P11142","HSP7C_HUMAN","Heat shock cognate 71 kDa protein","P11142_K88_M1_17","GlyGly (K)",0.481722225876385,0.633972537254186,0.427086726817565,6,"Not significant"
"LPS+Nigericin / Nigericin","MTHFD1","P11586","P11586","C1TC_HUMAN","C-1-tetrahydrofolate synthase, cytoplasmic","P11586_K370_M1_17","GlyGly (K)",-0.697775862112854,0.633972537254186,0.40043798179437,6,"Not significant"
"LPS+Nigericin / Nigericin","MTHFD1","P11586","P11586","C1TC_HUMAN","C-1-tetrahydrofolate synthase, cytoplasmic","P11586_K760_M1_17","GlyGly (K)",5.59231984889373,0.633972537254186,0.420972964756764,6,"Not significant"
"LPS+Nigericin / Nigericin","IMPDH2","P12268","P12268","IMDH2_HUMAN","Inosine-5'-monophosphate dehydrogenase 2","P12268_K492_M1_17","GlyGly (K)",-5.99580012124983,0.633972537254186,0.420025041387965,6,"Not significant"
"LPS+Nigericin / Nigericin","ACTN1","P12814","P12814","ACTN1_HUMAN","Alpha-actinin-1","P12814_K420_M1_17","GlyGly (K)",3.80127992438465,0.633972537254186,0.428696690296824,6,"Not significant"
"LPS+Nigericin / Nigericin","ANXA8","P13928","P13928","ANXA8_HUMAN","Annexin A8","P13928_K112_M1_17","GlyGly (K)",7.06289878924465,0.633972537254186,0.421329085935823,6,"Not significant"
"LPS+Nigericin / Nigericin","HCLS1","P14317","P14317","HCLS1_HUMAN","Hematopoietic lineage cell-specific protein","P14317_K273_M1_17","GlyGly (K)",-0.351522374149227,0.633972537254186,0.414950589920705,6,"Not significant"
"LPS+Nigericin / Nigericin","PKM","P14618","P14618","KPYM_HUMAN","Pyruvate kinase PKM","P14618_K322_M1_17","GlyGly (K)",8.16815518611355,0.633972537254186,0.422781466257202,6,"Not significant"
"LPS+Nigericin / Nigericin","UQCRB","P14927","P14927","QCR7_HUMAN","Cytochrome b-c1 complex subunit 7","P14927_K45_M1_17","GlyGly (K)",-4.16711804226237,0.633972537254186,0.418586882228851,6,"Not significant"
"LPS+Nigericin / Nigericin","BRAF","P15056","P15056","BRAF_HUMAN","Serine/threonine-protein kinase B-raf","P15056_K680_M1_17","GlyGly (K)",4.67456858462487,0.633972537254186,0.414931399473094,6,"Not significant"
"LPS+Nigericin / Nigericin","H1-5","P16401","P16401","H15_HUMAN","Histone H1.5","P16401_K37_M1_17","GlyGly (K)",-8.54232252956387,0.633972537254186,0.422934663548277,6,"Not significant"
"LPS+Nigericin / Nigericin","H1-3","P16402","P16402","H13_HUMAN","Histone H1.3","P16402_K35_M1_17","GlyGly (K)",-0.602337403924764,0.633972537254186,0.413315815999314,6,"Not significant"
"LPS+Nigericin / Nigericin","HMGA1","P17096","P17096","HMGA1_HUMAN","High mobility group protein HMG-I/HMG-Y","P17096_K18_M2_17","GlyGly (K)",0.370083698512439,0.633972537254186,0.407021907130611,6,"Not significant"
"LPS+Nigericin / Nigericin","RPL17","P18621","P18621","RL17_HUMAN","Large ribosomal subunit protein uL22","P18621_K105_M1_17","GlyGly (K)",5.52879367693306,0.633972537254186,0.423239367916606,6,"Not significant"
"LPS+Nigericin / Nigericin","NCL","P19338","P19338","NUCL_HUMAN","Nucleolin","P19338_K537_M1_17","GlyGly (K)",0.583278226865948,0.633972537254186,0.422745391501745,6,"Not significant"
"LPS+Nigericin / Nigericin","LMNB1","P20700","P20700","LMNB1_HUMAN","Lamin-B1","P20700_K332_M1_17","GlyGly (K)",1.42190735573338,0.633972537254186,0.335572263165447,4,"Not significant"
"LPS+Nigericin / Nigericin","TGM2","P21980","P21980","TGM2_HUMAN","Protein-glutamine gamma-glutamyltransferase 2","P21980_K527_M1_17","GlyGly (K)",4.21312119336617,0.633972537254186,0.417295780852852,6,"Not significant"
"LPS+Nigericin / Nigericin","HNRNPA2B1","P22626","P22626","ROA2_HUMAN","Heterogeneous nuclear ribonucleoproteins A2/B1","P22626_K173_M1_17","GlyGly (K)",-6.48589415391546,0.633972537254186,0.421691076821863,6,"Not significant"
"LPS+Nigericin / Nigericin","HNRNPA2B1","P22626","P22626","ROA2_HUMAN","Heterogeneous nuclear ribonucleoproteins A2/B1","P22626_K104_M1_17","GlyGly (K)",-1.76535160132335,0.633972537254186,0.35424005185213,6,"Not significant"
"LPS+Nigericin / Nigericin","CFL1","P23528","P23528","COF1_HUMAN","Cofilin-1","P23528_K53_M1_17","GlyGly (K)",5.99223338053082,0.633972537254186,0.420449967459915,6,"Not significant"
"LPS+Nigericin / Nigericin","ATP5F1A","P25705","P25705","ATPA_HUMAN","ATP synthase subunit alpha, mitochondrial","P25705_K161_M1_17","GlyGly (K)",-4.94115595248086,0.633972537254186,0.426340166589004,6,"Not significant"
"LPS+Nigericin / Nigericin","PDIA3","P30101","P30101","PDIA3_HUMAN","Protein disulfide-isomerase A3","P30101_K305_M1_17","GlyGly (K)",-3.50799624083053,0.633972537254186,0.420399994412754,6,"Not significant"
"LPS+Nigericin / Nigericin","HNRNPH1","P31943","P31943","HNRH1_HUMAN","Heterogeneous nuclear ribonucleoprotein H","P31943_K35_M1_17","GlyGly (K)",6.1173863269933,0.633972537254186,0.423950435391087,6,"Not significant"
"LPS+Nigericin / Nigericin","HSPA9","P38646","P38646","GRP75_HUMAN","Stress-70 protein, mitochondrial","P38646_K76_M1_17","GlyGly (K)",11.6769614165568,0.633972537254186,0.422648349756304,6,"Not significant"
"LPS+Nigericin / Nigericin","HSPA9","P38646","P38646","GRP75_HUMAN","Stress-70 protein, mitochondrial","P38646_K498_M1_17","GlyGly (K)",0.307681560467341,0.633972537254186,0.367656077652193,6,"Not significant"
"LPS+Nigericin / Nigericin","HSPA9","P38646","P38646","GRP75_HUMAN","Stress-70 protein, mitochondrial","P38646_K485_M1_17","GlyGly (K)",-1.50781537073653,0.633972537254186,0.366725978546258,6,"Not significant"
"LPS+Nigericin / Nigericin","CUX1","P39880","P39880","CUX1_HUMAN","Homeobox protein cut-like 1","P39880_K272_M1_17","GlyGly (K)",-5.09475159277899,0.633972537254186,0.424367331805994,6,"Not significant"
"LPS+Nigericin / Nigericin","CAPG","P40121","P40121","CAPG_HUMAN","Macrophage-capping protein","P40121_K253_M1_17","GlyGly (K)",4.01707119772153,0.633972537254186,0.434696423650458,6,"Not significant"
"LPS+Nigericin / Nigericin","CAPG","P40121","P40121","CAPG_HUMAN","Macrophage-capping protein","P40121_K115_M1_17","GlyGly (K)",-0.351470674979302,0.633972537254186,0.414919586549946,6,"Not significant"
"LPS+Nigericin / Nigericin","MDH2","P40926","P40926","MDHM_HUMAN","Malate dehydrogenase, mitochondrial","P40926_K91_M1_17","GlyGly (K)",-0.896040239882323,0.633972537254186,0.351756202207298,6,"Not significant"
"LPS+Nigericin / Nigericin","LRPPRC","P42704","P42704","LPPRC_HUMAN","Leucine-rich PPR motif-containing protein, mitochondrial","P42704_K155_M1_17","GlyGly (K)",2.11069034178723,0.633972537254186,0.429847754109619,6,"Not significant"
"LPS+Nigericin / Nigericin","GPD2","P43304","P43304","GPDM_HUMAN","Glycerol-3-phosphate dehydrogenase, mitochondrial","P43304_K303_M1_17","GlyGly (K)",2.60346787094733,0.633972537254186,0.394386952475525,6,"Not significant"
"LPS+Nigericin / Nigericin","GSS","P48637","P48637","GSHB_HUMAN","Glutathione synthetase","P48637_K293_M1_17","GlyGly (K)",0.217088195129637,0.633972537254186,0.40441689871758,6,"Not significant"
"LPS+Nigericin / Nigericin","FASN","P49327","P49327","FAS_HUMAN","Fatty acid synthase","P49327_K787_M1_17","GlyGly (K)",-3.25177705571439,0.633972537254186,0.414770105836971,6,"Not significant"
"LPS+Nigericin / Nigericin","HINT1","P49773","P49773","HINT1_HUMAN","Adenosine 5'-monophosphoramidase HINT1","P49773_K30_M1_17","GlyGly (K)",-0.978869421027078,0.633972537254186,0.423890158645213,6,"Not significant"
"LPS+Nigericin / Nigericin","DNM2","P50570","P50570","DYN2_HUMAN","Dynamin-2","P50570_K414_M1_17","GlyGly (K)",1.84344733751345,0.633972537254186,0.370532361687473,6,"Not significant"
"LPS+Nigericin / Nigericin","HNRNPA3","P51991","P51991","ROA3_HUMAN","Heterogeneous nuclear ribonucleoprotein A3","P51991_K118_M1_17","GlyGly (K)",3.87082651734789,0.633972537254186,0.414859821775982,6,"Not significant"
"LPS+Nigericin / Nigericin","PGD","P52209","P52209","6PGD_HUMAN","6-phosphogluconate dehydrogenase, decarboxylating","P52209_K38_M1_17","GlyGly (K)",-4.38191645783149,0.633972537254186,0.425189395980771,6,"Not significant"
"LPS+Nigericin / Nigericin","ARHGDIA","P52565","P52565","GDIR1_HUMAN","Rho GDP-dissociation inhibitor 1","P52565_K33_M1_17","GlyGly (K)",-7.23335361653174,0.633972537254186,0.422319454862733,6,"Not significant"
"LPS+Nigericin / Nigericin","AK2","P54819","P54819","KAD2_HUMAN","Adenylate kinase 2, mitochondrial","P54819_K164_M1_17","GlyGly (K)",-4.80065913218979,0.633972537254186,0.423889267230487,6,"Not significant"
"LPS+Nigericin / Nigericin","VCP","P55072","P55072","TERA_HUMAN","Transitional endoplasmic reticulum ATPase","P55072_K426_M1_17","GlyGly (K)",-0.439979248548222,0.633972537254186,0.426466540185024,6,"Not significant"
"LPS+Nigericin / Nigericin","CD81","P60033","P60033","CD81_HUMAN","CD81 antigen","P60033_K144_M1_17","GlyGly (K)",6.5689481579013,0.633972537254186,0.423519205707969,6,"Not significant"
"LPS+Nigericin / Nigericin","TPI1","P60174","P60174","TPIS_HUMAN","Triosephosphate isomerase","P60174_K238_M1_17","GlyGly (K)",0.584982260380956,0.633972537254186,0.325627749423716,6,"Not significant"
"LPS+Nigericin / Nigericin","TPI1","P60174","P60174","TPIS_HUMAN","Triosephosphate isomerase","P60174_K85_M1_17","GlyGly (K)",5.42286604675616,0.633972537254186,0.425901483735791,6,"Not significant"
"LPS+Nigericin / Nigericin","SUMO2","P61956","P61956","SUMO2_HUMAN","Small ubiquitin-related modifier 2","P61956_K11_M1_17","GlyGly (K)",3.6851995330463,0.633972537254186,0.414944295410508,6,"Not significant"
"LPS+Nigericin / Nigericin","TMSB4X","P62328","P62328","TYB4_HUMAN","Thymosin beta-4","P62328_K15_M1_17","GlyGly (K)",2.10197046494814,0.633972537254186,0.364139735669111,6,"Not significant"
"LPS+Nigericin / Nigericin","TMSB4X","P62328","P62328","TYB4_HUMAN","Thymosin beta-4","P62328_K15_M2_17","GlyGly (K)",6.55845557236073,0.633972537254186,0.421771728899227,6,"Not significant"
"LPS+Nigericin / Nigericin","H4C1","P62805","P62805","H4_HUMAN","Histone H4","P62805_K80_M1_17","GlyGly (K)",3.8663793963261,0.633972537254186,0.424054235819261,6,"Not significant"
"LPS+Nigericin / Nigericin","YBX1","P67809","P67809","YBOX1_HUMAN","Y-box-binding protein 1","P67809_K98_M1_17","GlyGly (K)",1.42965140738411,0.633972537254186,0.435302509373475,6,"Not significant"
"LPS+Nigericin / Nigericin","BASP1","P80723","P80723","BASP1_HUMAN","Brain acid soluble protein 1","P80723_K102_M2_17","GlyGly (K)",1.67066207046747,0.633972537254186,0.423952839827289,6,"Not significant"
"LPS+Nigericin / Nigericin","BASP1","P80723","P80723","BASP1_HUMAN","Brain acid soluble protein 1","P80723_K97_M2_17","GlyGly (K)",1.63090324985083,0.633972537254186,0.428910249070141,5,"Not significant"
"LPS+Nigericin / Nigericin","CAP1","Q01518","Q01518","CAP1_HUMAN","Adenylyl cyclase-associated protein 1","Q01518_K149_M1_17","GlyGly (K)",-3.28630588423073,0.633972537254186,0.420458168444765,6,"Not significant"
"LPS+Nigericin / Nigericin","NUCB1","Q02818","Q02818","NUCB1_HUMAN","Nucleobindin-1","Q02818_K439_M1_17","GlyGly (K)",5.40132635507104,0.633972537254186,0.422990823978723,6,"Not significant"
"LPS+Nigericin / Nigericin","TOP2B","Q02880","Q02880","TOP2B_HUMAN","DNA topoisomerase 2-beta","Q02880_K251_M2_17","GlyGly (K)",6.28162828563323,0.633972537254186,0.424561427392604,6,"Not significant"
"LPS+Nigericin / Nigericin","SSBP1","Q04837","Q04837","SSBP_HUMAN","Single-stranded DNA-binding protein, mitochondrial","Q04837_K122_M1_17","GlyGly (K)",5.35375748311723,0.633972537254186,0.426648911713758,5,"Not significant"
"LPS+Nigericin / Nigericin","AHNAK","Q09666","Q09666","AHNK_HUMAN","Neuroblast differentiation-associated protein AHNAK","Q09666_K2773_M2_17","GlyGly (K)",-5.61573362120754,0.633972537254186,0.42681277374066,6,"Not significant"
"LPS+Nigericin / Nigericin","AHNAK","Q09666","Q09666","AHNK_HUMAN","Neuroblast differentiation-associated protein AHNAK","Q09666_K3488_M2_17","GlyGly (K)",-3.57218756699714,0.633972537254186,0.432622627920826,6,"Not significant"
"LPS+Nigericin / Nigericin","AHNAK","Q09666","Q09666","AHNK_HUMAN","Neuroblast differentiation-associated protein AHNAK","Q09666_K3481_M2_17","GlyGly (K)",-3.57218756699714,0.633972537254186,0.432622627920826,6,"Not significant"
"LPS+Nigericin / Nigericin","MYO1E","Q12965","Q12965","MYO1E_HUMAN","Unconventional myosin-Ie","Q12965_K679_M1_17","GlyGly (K)",-2.69191659732577,0.633972537254186,0.403438510486811,6,"Not significant"
"LPS+Nigericin / Nigericin","CBX3","Q13185","Q13185","CBX3_HUMAN","Chromobox protein homolog 3","Q13185_K34_M1_17","GlyGly (K)",-4.43478810324264,0.633972537254186,0.418417896275703,6,"Not significant"
"LPS+Nigericin / Nigericin","TUBB3","Q13509","Q13509","TBB3_HUMAN","Tubulin beta-3 chain","Q13509_K103_M1_17","GlyGly (K)",-4.25869014861193,0.633972537254186,0.420714304311059,6,"Not significant"
"LPS+Nigericin / Nigericin","DDX39B","Q13838","Q13838","DX39B_HUMAN","Spliceosome RNA helicase DDX39B","Q13838_K33_M2_17","GlyGly (K)",-7.16892612917317,0.633972537254186,0.421968588087824,5,"Not significant"
"LPS+Nigericin / Nigericin","RAB35","Q15286","Q15286","RAB35_HUMAN","Ras-related protein Rab-35","Q15286_K10_M1_17","GlyGly (K)",-3.48528626671674,0.633972537254186,0.306156932429522,6,"Not significant"
"LPS+Nigericin / Nigericin","DBN1","Q16643","Q16643","DREB_HUMAN","Drebrin","Q16643_K165_M1_17","GlyGly (K)",2.4466358997679,0.633972537254186,0.396919662512643,6,"Not significant"
"LPS+Nigericin / Nigericin","H2BC21","Q16778","Q16778","H2B2E_HUMAN","Histone H2B type 2-E","Q16778_K58_M2_17","GlyGly (K)",-0.30422856644156,0.633972537254186,0.410694277225001,6,"Not significant"
"LPS+Nigericin / Nigericin","H2BC21","Q16778","Q16778","H2B2E_HUMAN","Histone H2B type 2-E","Q16778_K47_M2_17","GlyGly (K)",-0.30422856644156,0.633972537254186,0.410694277225001,6,"Not significant"
"LPS+Nigericin / Nigericin","HSP90AA4P","Q58FG1","Q58FG1","HS904_HUMAN","Putative heat shock protein HSP 90-alpha A4","Q58FG1_K289_M1_17","GlyGly (K)",1.71251338889054,0.633972537254186,0.33399171329614,6,"Not significant"
"LPS+Nigericin / Nigericin","HP1BP3","Q5SSJ5","Q5SSJ5","HP1B3_HUMAN","Heterochromatin protein 1-binding protein 3","Q5SSJ5_K258_M1_17","GlyGly (K)",7.1441550328246,0.633972537254186,0.423593748965135,6,"Not significant"
"LPS+Nigericin / Nigericin","ATXN2L","Q8WWM7","Q8WWM7","ATX2L_HUMAN","Ataxin-2-like protein","Q8WWM7_K3_M1_17","GlyGly (K)",1.91547743124859,0.633972537254186,0.324243373599204,6,"Not significant"
"LPS+Nigericin / Nigericin","NSMAF","Q92636","Q92636","FAN_HUMAN","Protein FAN","Q92636_K161_M1_17","GlyGly (K)",-1.52961683125335,0.633972537254186,0.36362319086743,6,"Not significant"
"LPS+Nigericin / Nigericin","ANP32B","Q92688","Q92688","AN32B_HUMAN","Acidic leucine-rich nuclear phosphoprotein 32 family member B","Q92688_K116_M1_17","GlyGly (K)",4.94482866099461,0.633972537254186,0.422359427701711,6,"Not significant"
"LPS+Nigericin / Nigericin","AIDA","Q96BJ3","Q96BJ3","AIDA_HUMAN","Axin interactor, dorsalization-associated protein","Q96BJ3_K106_M1_17","GlyGly (K)",-6.88916917351136,0.633972537254186,0.42377653295063,6,"Not significant"
"LPS+Nigericin / Nigericin","MRRF","Q96E11","Q96E11","RRFM_HUMAN","Ribosome-recycling factor, mitochondrial","Q96E11_K160_M1_17","GlyGly (K)",4.67212399821138,0.633972537254186,0.424029006123198,6,"Not significant"
"LPS+Nigericin / Nigericin","IMP4","Q96G21","Q96G21","IMP4_HUMAN","U3 small nucleolar ribonucleoprotein protein IMP4","Q96G21_K129_M1_17","GlyGly (K)",3.44907773190962,0.633972537254186,0.330464048710399,6,"Not significant"
"LPS+Nigericin / Nigericin","PPP1R10","Q96QC0","Q96QC0","PP1RA_HUMAN","Serine/threonine-protein phosphatase 1 regulatory subunit 10","Q96QC0_K458_M1_17","GlyGly (K)",0.402466076078691,0.633972537254186,0.395835035074037,6,"Not significant"
"LPS+Nigericin / Nigericin","PLIN2","Q99541","Q99541","PLIN2_HUMAN","Perilipin-2","Q99541_K153_M2_17","GlyGly (K)",-7.65172689225358,0.633972537254186,0.422424352650833,6,"Not significant"
"LPS+Nigericin / Nigericin","PLIN2","Q99541","Q99541","PLIN2_HUMAN","Perilipin-2","Q99541_K151_M2_17","GlyGly (K)",-7.65172689225358,0.633972537254186,0.422424352650833,6,"Not significant"
"LPS+Nigericin / Nigericin","DDX50","Q9BQ39","Q9BQ39","DDX50_HUMAN","ATP-dependent RNA helicase DDX50","Q9BQ39_K213_M1_17","GlyGly (K)",3.84119874878932,0.633972537254186,0.422722030223577,6,"Not significant"
"LPS+Nigericin / Nigericin","TMEM109","Q9BVC6","Q9BVC6","TM109_HUMAN","Voltage-gated monoatomic cation channel TMEM109","Q9BVC6_K46_M1_17","GlyGly (K)",9.24425332933222,0.633972537254186,0.422686163457399,6,"Not significant"
"LPS+Nigericin / Nigericin","CADM1","Q9BY67","Q9BY67","CADM1_HUMAN","Cell adhesion molecule 1","Q9BY67_K108_M1_17","GlyGly (K)",-4.75403351519957,0.633972537254186,0.422139512763219,6,"Not significant"
"LPS+Nigericin / Nigericin","HELZ2","Q9BYK8","Q9BYK8","HELZ2_HUMAN","Helicase with zinc finger domain 2","Q9BYK8_K2077_M1_17","GlyGly (K)",-5.63542805469897,0.633972537254186,0.423081786964902,6,"Not significant"
"LPS+Nigericin / Nigericin","RAB1B","Q9H0U4","Q9H0U4","RAB1B_HUMAN","Ras-related protein Rab-1B","Q9H0U4_K137_M1_17","GlyGly (K)",1.69502912797383,0.633972537254186,0.407018267996068,6,"Not significant"
"LPS+Nigericin / Nigericin","EHD1","Q9H4M9","Q9H4M9","EHD1_HUMAN","EH domain-containing protein 1","Q9H4M9_K13_M1_17","GlyGly (K)",1.25849238339933,0.633972537254186,0.301138824721574,6,"Not significant"
"LPS+Nigericin / Nigericin","GRPEL1","Q9HAV7","Q9HAV7","GRPE1_HUMAN","GrpE protein homolog 1, mitochondrial","Q9HAV7_K153_M1_17","GlyGly (K)",-0.419506445237478,0.633972537254186,0.406102989073052,6,"Not significant"
"LPS+Nigericin / Nigericin","MOV10","Q9HCE1","Q9HCE1","MOV10_HUMAN","Helicase MOV-10","Q9HCE1_K952_M1_17","GlyGly (K)",-0.669079448986203,0.633972537254186,0.384070125723074,6,"Not significant"
"LPS+Nigericin / Nigericin","TM9SF3","Q9HD45","Q9HD45","TM9S3_HUMAN","Transmembrane 9 superfamily member 3","Q9HD45_K114_M1_17","GlyGly (K)",-1.49163463599157,0.633972537254186,0.344802551483188,6,"Not significant"
"LPS+Nigericin / Nigericin","ECHDC1","Q9NTX5","Q9NTX5","ECHD1_HUMAN","Ethylmalonyl-CoA decarboxylase","Q9NTX5_K301_M1_17","GlyGly (K)",-8.02926705134716,0.633972537254186,0.423065993613865,6,"Not significant"
"LPS+Nigericin / Nigericin","CTTNBP2NL","Q9P2B4","Q9P2B4","CT2NL_HUMAN","CTTNBP2 N-terminal-like protein","Q9P2B4_K8_M1_17","GlyGly (K)",-3.92654871960966,0.633972537254186,0.428392059173597,6,"Not significant"
"LPS+Nigericin / Nigericin","SEC63","Q9UGP8","Q9UGP8","SEC63_HUMAN","Translocation protein SEC63 homolog","Q9UGP8_K368_M1_17","GlyGly (K)",3.4492074566702,0.633972537254186,0.404060760229828,6,"Not significant"
"LPS+Nigericin / Nigericin","LIMA1","Q9UHB6","Q9UHB6","LIMA1_HUMAN","LIM domain and actin-binding protein 1","Q9UHB6_K250_M1_17","GlyGly (K)",-3.19248541161738,0.633972537254186,0.411449467895661,6,"Not significant"
"LPS+Nigericin / Nigericin","TLK1","Q9UKI8","Q9UKI8","TLK1_HUMAN","Serine/threonine-protein kinase tousled-like 1","Q9UKI8_K404_M1_17","GlyGly (K)",-1.15314667840256,0.633972537254186,0.414875665508423,6,"Not significant"
"LPS+Nigericin / Nigericin","SUGT1","Q9Y2Z0","Q9Y2Z0","SGT1_HUMAN","Protein SGT1 homolog","Q9Y2Z0_K70_M2_17","GlyGly (K)",0.855401300583347,0.633972537254186,0.41105052132838,6,"Not significant"
"LPS+Nigericin / Nigericin","SUGT1","Q9Y2Z0","Q9Y2Z0","SGT1_HUMAN","Protein SGT1 homolog","Q9Y2Z0_K69_M2_17","GlyGly (K)",0.855401300583347,0.633972537254186,0.41105052132838,6,"Not significant"
"LPS+Nigericin / Nigericin","HYOU1","Q9Y4L1","Q9Y4L1","HYOU1_HUMAN","Hypoxia up-regulated protein 1","Q9Y4L1_K170_M1_17","GlyGly (K)",-1.34468313666926,0.633972537254186,0.38538057905101,6,"Not significant"
"LPS+Nigericin / Nigericin","LRRFIP2","Q9Y608","Q9Y608","LRRF2_HUMAN","Leucine-rich repeat flightless-interacting protein 2","Q9Y608_K14_M1_17","GlyGly (K)",1.55784382138231,0.633972537254186,0.432427703293739,6,"Not significant"
"LPS+Nigericin / Nigericin","COPG1","Q9Y678","Q9Y678","COPG1_HUMAN","Coatomer subunit gamma-1","Q9Y678_K497_M1_17","GlyGly (K)",3.22577115960975,0.633972537254186,0.389155691855957,6,"Not significant"
"LPS+Nigericin / Nigericin","CLIC4","Q9Y696","Q9Y696","CLIC4_HUMAN","Chloride intracellular channel protein 4","Q9Y696_K238_M1_17","GlyGly (K)",-0.501712081185969,0.633972537254186,0.391523028236234,6,"Not significant"
"LPS+Nigericin / Nigericin","IGF2BP2","Q9Y6M1","Q9Y6M1","IF2B2_HUMAN","Insulin-like growth factor 2 mRNA-binding protein 2","Q9Y6M1_K530_M1_17","GlyGly (K)",-1.36794391054382,0.633972537254186,0.382281822843856,6,"Not significant"
"LPS+Nigericin / Nigericin","IFIT3","O14879","O14879","IFIT3_HUMAN","Interferon-induced protein with tetratricopeptide repeats 3","O14879_K254_M2_17","GlyGly (K)",6.65184407782908,0.633972537254186,0.382258068452372,5,"Not significant"
"LPS+Nigericin / Nigericin","MYH9","P35579","P35579","MYH9_HUMAN","Myosin-9","P35579_K14_M1_17","GlyGly (K)",-0.371836578982223,0.633972537254186,0.367274019836269,5,"Not significant"
"LPS+Nigericin / Nigericin","NUDC","Q9Y266","Q9Y266","NUDC_HUMAN","Nuclear migration protein nudC","Q9Y266_K275_M1_17","GlyGly (K)",-2.38895241691548,0.63402658584156,0.435960278550858,6,"Not significant"
"LPS+Nigericin / Nigericin","FECH","P22830","P22830","HEMH_HUMAN","Ferrochelatase, mitochondrial","P22830_K57_M1_17","GlyGly (K)",-1.42030101430845,0.634128189222172,0.437425663672748,6,"Not significant"
"LPS+Nigericin / Nigericin","PML","P29590","P29590","PML_HUMAN","Protein PML","P29590_K209_M1_17","GlyGly (K)",-0.393589949802178,0.634187463314296,0.438492058882755,6,"Not significant"
"LPS+Nigericin / Nigericin","DEF6","Q9H4E7","Q9H4E7","DEFI6_HUMAN","Differentially expressed in FDCP 6 homolog","Q9H4E7_K254_M1_17","GlyGly (K)",-0.982479245758853,0.634199693292157,0.438567882734131,6,"Not significant"
"LPS+Nigericin / Nigericin","LMNA","P02545","P02545","LMNA_HUMAN","Prelamin-A/C","P02545_K597_M1_17","GlyGly (K)",0.309684748260188,0.634549623000472,0.440888942728186,6,"Not significant"
"LPS+Nigericin / Nigericin","EEA1","Q15075","Q15075","EEA1_HUMAN","Early endosome antigen 1","Q15075_K813_M1_17","GlyGly (K)",1.55278496027613,0.634703829532785,0.441798112313321,6,"Not significant"
"LPS+Nigericin / Nigericin","GALK1","P51570","P51570","GALK1_HUMAN","Galactokinase","P51570_K252_M1_17","GlyGly (K)",-0.250131660177499,0.634832938577417,0.442523844796757,6,"Not significant"
"LPS+Nigericin / Nigericin","PLCG2","P16885","P16885","PLCG2_HUMAN","1-phosphatidylinositol 4,5-bisphosphate phosphodiesterase gamma-2","P16885_K60_M1_17","GlyGly (K)",-0.251246020311447,0.634966156768955,0.443424112644754,6,"Not significant"
"LPS+Nigericin / Nigericin","SYMPK","Q92797","Q92797","SYMPK_HUMAN","Symplekin","Q92797_K1109_M1_17","GlyGly (K)",1.35601871304476,0.634976093507078,0.443470858282978,6,"Not significant"
"LPS+Nigericin / Nigericin","CBX1","P83916","P83916","CBX1_HUMAN","Chromobox protein homolog 1","P83916_K25_M1_17","GlyGly (K)",-2.54103754687054,0.635238015808089,0.444805362745718,5,"Not significant"
"LPS+Nigericin / Nigericin","HNRNPAB","Q99729","Q99729","ROAA_HUMAN","Heterogeneous nuclear ribonucleoprotein A/B","Q99729_K190_M1_17","GlyGly (K)",1.49892901799234,0.635383560039939,0.445497754077224,6,"Not significant"
"LPS+Nigericin / Nigericin","PSMC2","P35998","P35998","PRS7_HUMAN","26S proteasome regulatory subunit 7","P35998_K84_M1_17","GlyGly (K)",-0.242052336593629,0.635496893129595,0.446061726073184,6,"Not significant"
"LPS+Nigericin / Nigericin","SRRT","Q9BXP5","Q9BXP5","SRRT_HUMAN","Serrate RNA effector molecule homolog","Q9BXP5_K391_M1_17","GlyGly (K)",-0.451295437416804,0.636362345784449,0.449863992683525,6,"Not significant"
"LPS+Nigericin / Nigericin","CAMK2D","Q13557","Q13557","KCC2D_HUMAN","Calcium/calmodulin-dependent protein kinase type II subunit delta","Q13557_K22_M1_17","GlyGly (K)",-0.239916570783071,0.636370704999875,0.449991706645272,6,"Not significant"
"LPS+Nigericin / Nigericin","FCER1G","P30273","P30273","FCERG_HUMAN","High affinity immunoglobulin epsilon receptor subunit gamma","P30273_K52_M2_17","GlyGly (K)",-1.18859824138885,0.637718385233857,0.455158578255714,6,"Not significant"
"LPS+Nigericin / Nigericin","TUBB6","Q9BUF5","Q9BUF5","TBB6_HUMAN","Tubulin beta-6 chain","Q9BUF5_K122_M1_17","GlyGly (K)",-0.204090657310622,0.637729026607035,0.455404076783743,6,"Not significant"
"LPS+Nigericin / Nigericin","GSPT2","Q8IYD1","Q8IYD1","ERF3B_HUMAN","Eukaryotic peptide chain release factor GTP-binding subunit ERF3B","Q8IYD1_K57_M1_17","GlyGly (K)",0.757898847173243,0.637838593468519,0.455695566697215,6,"Not significant"
"LPS+Nigericin / Nigericin","CAP1","Q01518","Q01518","CAP1_HUMAN","Adenylyl cyclase-associated protein 1","Q01518_K155_M1_17","GlyGly (K)",-2.60803694914754,0.638149879897912,0.45684153495237,6,"Not significant"
"LPS+Nigericin / Nigericin","PRSS1","Cont_P00760","Cont_P00760","TRY1_BOVIN","Serine protease 1","Cont_P00760_K114_M1_17","GlyGly (K)",-2.51790757328942,0.63837918508945,0.457795382135757,6,"Not significant"
"LPS+Nigericin / Nigericin","ARHGDIA","P52565","P52565","GDIR1_HUMAN","Rho GDP-dissociation inhibitor 1","P52565_K167_M1_17","GlyGly (K)",1.32085508873301,0.63866478717507,0.458682563825173,6,"Not significant"
"LPS+Nigericin / Nigericin","ACTB","Cont_P60712;P60709","Cont_P60712;P60709","ACTB_BOVIN;ACTB_HUMAN","Actin, cytoplasmic 1;Actin, cytoplasmic 1","Cont_P60712_K50_M1_17","GlyGly (K)",-0.787175034166497,0.639066518218122,0.460261404475852,6,"Not significant"
"LPS+Nigericin / Nigericin","ACTB","Cont_P60712;P60709","Cont_P60712;P60709","ACTB_BOVIN;ACTB_HUMAN","Actin, cytoplasmic 1;Actin, cytoplasmic 1","P60709_K50_M1_17","GlyGly (K)",-0.787175034166497,0.639066518218122,0.460261404475852,6,"Not significant"
"LPS+Nigericin / Nigericin","SYNCRIP","O60506","O60506","HNRPQ_HUMAN","Heterogeneous nuclear ribonucleoprotein Q","O60506_K363_M2_17","GlyGly (K)",-0.587948027439838,0.639066518218122,0.460253926460323,5,"Not significant"
"LPS+Nigericin / Nigericin","PGRMC2","O15173","O15173","PGRC2_HUMAN","Membrane-associated progesterone receptor component 2","O15173_K217_M2_17","GlyGly (K)",0.350653338086765,0.639085229216449,0.460336537965364,6,"Not significant"
"LPS+Nigericin / Nigericin","SMCHD1","A6NHR9","A6NHR9","SMHD1_HUMAN","Structural maintenance of chromosomes flexible hinge domain-containing protein 1","A6NHR9_K1798_M2_17","GlyGly (K)",2.01737176406416,0.639283724386965,0.460895261136111,5,"Not significant"
"LPS+Nigericin / Nigericin","RPL10L","Q96L21","Q96L21","RL10L_HUMAN","Ribosomal protein uL16-like","Q96L21_K187_M1_17","GlyGly (K)",1.21813162539429,0.639388511042648,0.461282422553428,6,"Not significant"
"LPS+Nigericin / Nigericin","STIP1","P31948","P31948","STIP1_HUMAN","Stress-induced-phosphoprotein 1","P31948_K415_M1_17","GlyGly (K)",0.56522711429433,0.639400369409616,0.461313940822424,6,"Not significant"
"LPS+Nigericin / Nigericin","HP1BP3","Q5SSJ5","Q5SSJ5","HP1B3_HUMAN","Heterochromatin protein 1-binding protein 3","Q5SSJ5_K33_M1_17","GlyGly (K)",1.17745555233076,0.640136971603063,0.464247358810031,5,"Not significant"
"LPS+Nigericin / Nigericin","HNRNPD","Q14103","Q14103","HNRPD_HUMAN","Heterogeneous nuclear ribonucleoprotein D0","Q14103_K218_M1_17","GlyGly (K)",1.40990886824251,0.640620094528794,0.4659579023696,6,"Not significant"
"LPS+Nigericin / Nigericin","AK2","P54819","P54819","KAD2_HUMAN","Adenylate kinase 2, mitochondrial","P54819_K121_M1_17","GlyGly (K)",3.00305337345619,0.640656090967791,0.466145618152213,6,"Not significant"
"LPS+Nigericin / Nigericin","SRSF7","Q16629","Q16629","SRSF7_HUMAN","Serine/arginine-rich splicing factor 7","Q16629_K24_M1_17","GlyGly (K)",1.14251483563959,0.641498521750524,0.468845884033326,6,"Not significant"
"LPS+Nigericin / Nigericin","VIM","P08670","P08670","VIME_HUMAN","Vimentin","P08670_K104_M1_17","GlyGly (K)",1.90603857533316,0.64160658064099,0.469288136393269,6,"Not significant"
"LPS+Nigericin / Nigericin","MACROH2A1","O75367","O75367","H2AY_HUMAN","Core histone macro-H2A.1","O75367_K18_M1_17","GlyGly (K)",-0.293858044415639,0.641677884041257,0.469481433983658,6,"Not significant"
"LPS+Nigericin / Nigericin","IL1B","P01584","P01584","IL1B_HUMAN","Interleukin-1 beta","P01584_K171_M1_17","GlyGly (K)",1.33537024576542,0.642166355003903,0.471310160879892,6,"Not significant"
"LPS+Nigericin / Nigericin","ACTB","Cont_P60712;P60709","Cont_P60712;P60709","ACTB_BOVIN;ACTB_HUMAN","Actin, cytoplasmic 1;Actin, cytoplasmic 1","Cont_P60712_K315_M1_17","GlyGly (K)",0.327399134172153,0.642337997107678,0.471825662357355,6,"Not significant"
"LPS+Nigericin / Nigericin","ACTB","Cont_P60712;P60709","Cont_P60712;P60709","ACTB_BOVIN;ACTB_HUMAN","Actin, cytoplasmic 1;Actin, cytoplasmic 1","P60709_K315_M1_17","GlyGly (K)",0.327399134172153,0.642337997107678,0.471825662357355,6,"Not significant"
"LPS+Nigericin / Nigericin","DDX20","Q9UHI6","Q9UHI6","DDX20_HUMAN","Probable ATP-dependent RNA helicase DDX20","Q9UHI6_K582_M2_17","GlyGly (K)",0.466994391763305,0.642931977433321,0.473657191886489,5,"Not significant"
"LPS+Nigericin / Nigericin","HSPA1A;HSPA1B","P0DMV8;P0DMV9","P0DMV8;P0DMV9","HS71A_HUMAN;HS71B_HUMAN","Heat shock 70 kDa protein 1A;Heat shock 70 kDa protein 1B","P0DMV8_K25_M1_17","GlyGly (K)",0.669399689695166,0.643210172406971,0.474549594670742,6,"Not significant"
"LPS+Nigericin / Nigericin","HSPA1A;HSPA1B","P0DMV8;P0DMV9","P0DMV8;P0DMV9","HS71A_HUMAN;HS71B_HUMAN","Heat shock 70 kDa protein 1A;Heat shock 70 kDa protein 1B","P0DMV9_K25_M1_17","GlyGly (K)",0.669399689695166,0.643210172406971,0.474549594670742,6,"Not significant"
"LPS+Nigericin / Nigericin","AHSG","Cont_P12763","Cont_P12763","FETUA_BOVIN","Alpha-2-HS-glycoprotein","Cont_P12763_K333_M1_17","GlyGly (K)",1.12189992116187,0.643255563443601,0.474717261001329,6,"Not significant"
"LPS+Nigericin / Nigericin","ANPEP","P15144","P15144","AMPN_HUMAN","Aminopeptidase N","P15144_K641_M1_17","GlyGly (K)",-1.11012976767825,0.643270592121828,0.47479680684324,6,"Not significant"
"LPS+Nigericin / Nigericin","RPS27A","P62979","P62979","RS27A_HUMAN","Ubiquitin-ribosomal protein eS31 fusion protein","P62979_K11_M1_17","GlyGly (K)",1.01577795379644,0.643270592121828,0.474787114744956,6,"Not significant"
"LPS+Nigericin / Nigericin","HSP90AB1","P08238","P08238","HS90B_HUMAN","Heat shock protein HSP 90-beta","P08238_K624_M1_17","GlyGly (K)",-0.266646819172228,0.644392701679935,0.478387717493261,6,"Not significant"
"LPS+Nigericin / Nigericin","SOD1","P00441","P00441","SODC_HUMAN","Superoxide dismutase [Cu-Zn]","P00441_K4_M2_17","GlyGly (K)",9.771380508199,0.644696789200346,0.499670911551979,5,"Not significant"
"LPS+Nigericin / Nigericin","SOD2","P04179","P04179","SODM_HUMAN","Superoxide dismutase [Mn], mitochondrial","P04179_K75_M1_17","GlyGly (K)",1.87232734404932,0.644696789200346,0.50226905249784,6,"Not significant"
"LPS+Nigericin / Nigericin","ITGB1","P05556","P05556","ITB1_HUMAN","Integrin beta-1","P05556_K190_M1_17","GlyGly (K)",1.05824272123251,0.644696789200346,0.49538121105654,6,"Not significant"
"LPS+Nigericin / Nigericin","ITGB1","P05556","P05556","ITB1_HUMAN","Integrin beta-1","P05556_K163_M1_17","GlyGly (K)",-0.230238491777774,0.644696789200346,0.480571816127862,6,"Not significant"
"LPS+Nigericin / Nigericin","SLC2A3","P11169","P11169","GTR3_HUMAN","Solute carrier family 2, facilitated glucose transporter member 3","P11169_K243_M1_17","GlyGly (K)",0.33050049266539,0.644696789200346,0.493977752415226,6,"Not significant"
"LPS+Nigericin / Nigericin","CAST","P20810","P20810","ICAL_HUMAN","Calpastatin","P20810_K283_M1_17","GlyGly (K)",0.752303412401704,0.644696789200346,0.490281855812535,6,"Not significant"
"LPS+Nigericin / Nigericin","HSPA1L","P34931","P34931","HS71L_HUMAN","Heat shock 70 kDa protein 1-like","P34931_K114_M2_17","GlyGly (K)",8.81985032304378,0.644696789200346,0.500234487258884,4,"Not significant"
"LPS+Nigericin / Nigericin","HSPA9","P38646","P38646","GRP75_HUMAN","Stress-70 protein, mitochondrial","P38646_K595_M1_17","GlyGly (K)",-0.218933915717799,0.644696789200346,0.503043400019729,6,"Not significant"
"LPS+Nigericin / Nigericin","HSD17B4","P51659","P51659","DHB4_HUMAN","Peroxisomal multifunctional enzyme type 2","P51659_K614_M1_17","GlyGly (K)",1.1378720594937,0.644696789200346,0.480774010540149,6,"Not significant"
"LPS+Nigericin / Nigericin","AK2","P54819","P54819","KAD2_HUMAN","Adenylate kinase 2, mitochondrial","P54819_K229_M1_17","GlyGly (K)",0.393130515443379,0.644696789200346,0.494993855614121,6,"Not significant"
"LPS+Nigericin / Nigericin","ARPC4","P59998","P59998","ARPC4_HUMAN","Actin-related protein 2/3 complex subunit 4","P59998_K44_M1_17","GlyGly (K)",-1.13425776878054,0.644696789200346,0.488893129075653,6,"Not significant"
"LPS+Nigericin / Nigericin","TMSB4X","P62328","P62328","TYB4_HUMAN","Thymosin beta-4","P62328_K32_M1_17","GlyGly (K)",1.98292315472151,0.644696789200346,0.495593588640978,6,"Not significant"
"LPS+Nigericin / Nigericin","AHNAK","Q09666","Q09666","AHNK_HUMAN","Neuroblast differentiation-associated protein AHNAK","Q09666_K2578_M1_17","GlyGly (K)",0.228677251508176,0.644696789200346,0.486302040625414,6,"Not significant"
"LPS+Nigericin / Nigericin","AHNAK","Q09666","Q09666","AHNK_HUMAN","Neuroblast differentiation-associated protein AHNAK","Q09666_K4000_M1_17","GlyGly (K)",0.228677251508176,0.644696789200346,0.486302040625414,6,"Not significant"
"LPS+Nigericin / Nigericin","AHNAK","Q09666","Q09666","AHNK_HUMAN","Neuroblast differentiation-associated protein AHNAK","Q09666_K4256_M1_17","GlyGly (K)",0.228677251508176,0.644696789200346,0.486302040625414,6,"Not significant"
"LPS+Nigericin / Nigericin","AHNAK","Q09666","Q09666","AHNK_HUMAN","Neuroblast differentiation-associated protein AHNAK","Q09666_K4458_M1_17","GlyGly (K)",0.228677251508176,0.644696789200346,0.486302040625414,6,"Not significant"
"LPS+Nigericin / Nigericin","AHNAK","Q09666","Q09666","AHNK_HUMAN","Neuroblast differentiation-associated protein AHNAK","Q09666_K696_M1_17","GlyGly (K)",-0.234554523213772,0.644696789200346,0.489971178250306,5,"Not significant"
"LPS+Nigericin / Nigericin","MTF1","Q14872","Q14872","MTF1_HUMAN","Metal regulatory transcription factor 1","Q14872_K627_M1_17","GlyGly (K)",1.47459268556979,0.644696789200346,0.488619759964559,6,"Not significant"
"LPS+Nigericin / Nigericin","MCEE","Q96PE7","Q96PE7","MCEE_HUMAN","Methylmalonyl-CoA epimerase, mitochondrial","Q96PE7_K156_M1_17","GlyGly (K)",-0.362172663945621,0.644696789200346,0.488908009568077,6,"Not significant"
"LPS+Nigericin / Nigericin","PARK7","Q99497","Q99497","PARK7_HUMAN","Parkinson disease protein 7","Q99497_K148_M1_17","GlyGly (K)",0.351446126048492,0.644696789200346,0.491200019308952,6,"Not significant"
"LPS+Nigericin / Nigericin","XRN2","Q9H0D6","Q9H0D6","XRN2_HUMAN","5'-3' exoribonuclease 2","Q9H0D6_K533_M1_17","GlyGly (K)",0.851675876815177,0.644696789200346,0.490399951684248,6,"Not significant"
"LPS+Nigericin / Nigericin","PA2G4","Q9UQ80","Q9UQ80","PA2G4_HUMAN","Proliferation-associated protein 2G4","Q9UQ80_K158_M2_17","GlyGly (K)",0.231593793698136,0.644696789200346,0.493839208491999,6,"Not significant"
"LPS+Nigericin / Nigericin","SQOR","Q9Y6N5","Q9Y6N5","SQOR_HUMAN","Sulfide:quinone oxidoreductase, mitochondrial","Q9Y6N5_K280_M1_17","GlyGly (K)",-0.359491246420492,0.644696789200346,0.492159672205936,6,"Not significant"
"LPS+Nigericin / Nigericin","PRSS1","Cont_P00760","Cont_P00760","TRY1_BOVIN","Serine protease 1","Cont_P00760_K112_M2_17","GlyGly (K)",-10.3935102717668,0.644696789200346,0.500004479772931,4,"Not significant"
"LPS+Nigericin / Nigericin","AK2","P54819","P54819","KAD2_HUMAN","Adenylate kinase 2, mitochondrial","P54819_K65_M2_17","GlyGly (K)",-6.10237945164656,0.644696789200346,0.499034233444325,5,"Not significant"
"LPS+Nigericin / Nigericin","RAB3GAP1","Q15042","Q15042","RB3GP_HUMAN","Rab3 GTPase-activating protein catalytic subunit","Q15042_K744_M1_17","GlyGly (K)",-2.90995869351384,0.644720438946108,0.503442451784572,5,"Not significant"
"LPS+Nigericin / Nigericin","ACSL1","P33121","P33121","ACSL1_HUMAN","Long-chain-fatty-acid--CoA ligase 1","P33121_K386_M1_17","GlyGly (K)",-0.778518086634844,0.645067607769993,0.506628612414661,6,"Not significant"
"LPS+Nigericin / Nigericin","OSBPL8","Q9BZF1","Q9BZF1","OSBL8_HUMAN","Oxysterol-binding protein-related protein 8","Q9BZF1_K482_M1_17","GlyGly (K)",-1.10451497900684,0.645210200840803,0.507648196580105,6,"Not significant"
"LPS+Nigericin / Nigericin","SOD2","P04179","P04179","SODM_HUMAN","Superoxide dismutase [Mn], mitochondrial","P04179_K68_M1_17","GlyGly (K)",1.27220355946408,0.645996037451139,0.510405372164758,6,"Not significant"
"LPS+Nigericin / Nigericin","MDH2","P40926","P40926","MDHM_HUMAN","Malate dehydrogenase, mitochondrial","P40926_K239_M2_17","GlyGly (K)",-0.474411873545465,0.64619835257837,0.511039151693582,4,"Not significant"
"LPS+Nigericin / Nigericin","RPL30","P62888","P62888","RL30_HUMAN","Large ribosomal subunit protein eL30","P62888_K87_M1_17","GlyGly (K)",-0.225748223544712,0.647838990118902,0.517370801719258,6,"Not significant"
"LPS+Nigericin / Nigericin","TOP2B","Q02880","Q02880","TOP2B_HUMAN","DNA topoisomerase 2-beta","Q02880_K104_M1_17","GlyGly (K)",-0.297393867451896,0.649524144634225,0.522972198331125,6,"Not significant"
"LPS+Nigericin / Nigericin","HSPA9","P38646","P38646","GRP75_HUMAN","Stress-70 protein, mitochondrial","P38646_K259_M2_17","GlyGly (K)",-0.92656331333395,0.649534673330997,0.522996835812821,4,"Not significant"
"LPS+Nigericin / Nigericin","NDRG1","Q92597","Q92597","NDRG1_HUMAN","Protein NDRG1","Q92597_K285_M1_17","GlyGly (K)",-0.593092197997087,0.649577844472762,0.52313376854255,6,"Not significant"
"LPS+Nigericin / Nigericin","HGS","O14964","O14964","HGS_HUMAN","Hepatocyte growth factor-regulated tyrosine kinase substrate","O14964_K56_M1_17","GlyGly (K)",0.801952136407692,0.649840588921901,0.524159564083028,6,"Not significant"
"LPS+Nigericin / Nigericin","HSP90AA1","P07900","P07900","HS90A_HUMAN","Heat shock protein HSP 90-alpha","P07900_K436_M2_17","GlyGly (K)",-0.222791483382447,0.650312686811358,0.52559164306017,6,"Not significant"
"LPS+Nigericin / Nigericin","HSP90AA1","P07900","P07900","HS90A_HUMAN","Heat shock protein HSP 90-alpha","P07900_K435_M2_17","GlyGly (K)",-0.222791483382447,0.650312686811358,0.52559164306017,6,"Not significant"
"LPS+Nigericin / Nigericin","MCM3AP","O60318","O60318","GANP_HUMAN","Germinal-center associated nuclear protein","O60318_K1813_M1_17","GlyGly (K)",1.23628001929897,0.651114922339676,0.527757675738161,6,"Not significant"
"LPS+Nigericin / Nigericin","RPL13","P26373","P26373","RL13_HUMAN","Large ribosomal subunit protein eL13","P26373_K145_M1_17","GlyGly (K)",-0.345915311564319,0.651743247681804,0.529624572368911,6,"Not significant"
"LPS+Nigericin / Nigericin","TUBB3","Q13509","Q13509","TBB3_HUMAN","Tubulin beta-3 chain","Q13509_K324_M1_17","GlyGly (K)",0.623023724313263,0.65205017432824,0.530474492333843,6,"Not significant"
"LPS+Nigericin / Nigericin","GPI","P06744","P06744","G6PI_HUMAN","Glucose-6-phosphate isomerase","P06744_K211_M1_17","GlyGly (K)",0.544527024543456,0.65491856519239,0.539202540382966,6,"Not significant"
"LPS+Nigericin / Nigericin","H2AC4;H2AC25","P04908;Q7L7L0","P04908;Q7L7L0","H2A1B_HUMAN;H2A3_HUMAN","Histone H2A type 1-B/E;Histone H2A type 3","P04908_K96_M1_17","GlyGly (K)",0.740213846255066,0.655389308236584,0.540682220759516,6,"Not significant"
"LPS+Nigericin / Nigericin","H2AC4;H2AC25","P04908;Q7L7L0","P04908;Q7L7L0","H2A1B_HUMAN;H2A3_HUMAN","Histone H2A type 1-B/E;Histone H2A type 3","Q7L7L0_K96_M1_17","GlyGly (K)",0.740213846255066,0.655389308236584,0.540682220759516,6,"Not significant"
"LPS+Nigericin / Nigericin","HNRNPAB","Q99729","Q99729","ROAA_HUMAN","Heterogeneous nuclear ribonucleoprotein A/B","Q99729_K169_M1_17","GlyGly (K)",-0.21679309012487,0.655969387317812,0.542319043709937,6,"Not significant"
"LPS+Nigericin / Nigericin","PKM","P14618","P14618","KPYM_HUMAN","Pyruvate kinase PKM","P14618_K151_M1_17","GlyGly (K)",-0.715295097692024,0.656654415001141,0.544289680708185,6,"Not significant"
"LPS+Nigericin / Nigericin","RPS6","P62753","P62753","RS6_HUMAN","Small ribosomal subunit protein eS6","P62753_K119_M1_17","GlyGly (K)",-0.257121759239364,0.656988597790128,0.54524544689039,6,"Not significant"
"LPS+Nigericin / Nigericin","SF3B2","Q13435","Q13435","SF3B2_HUMAN","Splicing factor 3B subunit 2","Q13435_K770_M1_17","GlyGly (K)",0.904493148567685,0.657650927805487,0.547164275919135,6,"Not significant"
"LPS+Nigericin / Nigericin","RAB1B","Q9H0U4","Q9H0U4","RAB1B_HUMAN","Ras-related protein Rab-1B","Q9H0U4_K58_M2_17","GlyGly (K)",-0.977267405618152,0.659158940385196,0.551830947466093,6,"Not significant"
"LPS+Nigericin / Nigericin","RAB1B","Q9H0U4","Q9H0U4","RAB1B_HUMAN","Ras-related protein Rab-1B","Q9H0U4_K55_M2_17","GlyGly (K)",-0.977267405618152,0.659158940385196,0.551830947466093,6,"Not significant"
"LPS+Nigericin / Nigericin","SUMO3","P55854","P55854","SUMO3_HUMAN","Small ubiquitin-related modifier 3","P55854_K20_M1_17","GlyGly (K)",-0.987075198069403,0.6596427931534,0.553290836174775,6,"Not significant"
"LPS+Nigericin / Nigericin","MRPL40","Q9NQ50","Q9NQ50","RM40_HUMAN","Large ribosomal subunit protein mL40","Q9NQ50_K163_M1_17","GlyGly (K)",0.223435432152017,0.660995401188983,0.557312925425161,6,"Not significant"
"LPS+Nigericin / Nigericin","SSBP1","Q04837","Q04837","SSBP_HUMAN","Single-stranded DNA-binding protein, mitochondrial","Q04837_K145_M1_17","GlyGly (K)",-0.26835609017805,0.661446023320415,0.558604783212526,6,"Not significant"
"LPS+Nigericin / Nigericin","CAT","P04040","P04040","CATA_HUMAN","Catalase","P04040_K499_M1_17","GlyGly (K)",-0.887346844347561,0.661592778969417,0.559021801437601,6,"Not significant"
"LPS+Nigericin / Nigericin","BTN2A1","Q7KYR7","Q7KYR7","BT2A1_HUMAN","Butyrophilin subfamily 2 member A1","Q7KYR7_K311_M1_17","GlyGly (K)",0.422069361804609,0.661808724174628,0.559561608013111,6,"Not significant"
"LPS+Nigericin / Nigericin","EIF3B","P55884","P55884","EIF3B_HUMAN","Eukaryotic translation initiation factor 3 subunit B","P55884_K552_M2_17","GlyGly (K)",0.606190596811951,0.663259492722428,0.564118422581599,4,"Not significant"
"LPS+Nigericin / Nigericin","RAB1A","P62820","P62820","RAB1A_HUMAN","Ras-related protein Rab-1A","P62820_K156_M1_17","GlyGly (K)",0.388012646470817,0.663470882288713,0.564868997348967,6,"Not significant"
"LPS+Nigericin / Nigericin","PARK7","Q99497","Q99497","PARK7_HUMAN","Parkinson disease protein 7","Q99497_K12_M1_17","GlyGly (K)",1.12735659725108,0.663557070721574,0.565140960629836,6,"Not significant"
"LPS+Nigericin / Nigericin","ITGAM","P11215","P11215","ITAM_HUMAN","Integrin alpha-M","P11215_K912_M1_17","GlyGly (K)",-0.180584928586226,0.663813452844779,0.565857576099232,6,"Not significant"
"LPS+Nigericin / Nigericin","ACTR2","P61160","P61160","ARP2_HUMAN","Actin-related protein 2","P61160_K106_M1_17","GlyGly (K)",-0.911248382522011,0.664062585244337,0.566618464797979,6,"Not significant"
"LPS+Nigericin / Nigericin","BRD2","P25440","P25440","BRD2_HUMAN","Bromodomain-containing protein 2","P25440_K10_M1_17","GlyGly (K)",0.481865816507401,0.664565209998419,0.56825143964936,6,"Not significant"
"LPS+Nigericin / Nigericin","DOCK8","Q8NF50","Q8NF50","DOCK8_HUMAN","Dedicator of cytokinesis protein 8","Q8NF50_K224_M1_17","GlyGly (K)",0.605298431053813,0.665647574526573,0.571532331682412,6,"Not significant"
"LPS+Nigericin / Nigericin","PSMC2","P35998","P35998","PRS7_HUMAN","26S proteasome regulatory subunit 7","P35998_K66_M1_17","GlyGly (K)",-0.860703535113703,0.665910200825004,0.572175301792452,6,"Not significant"
"LPS+Nigericin / Nigericin","SOD2","P04179","P04179","SODM_HUMAN","Superoxide dismutase [Mn], mitochondrial","P04179_K114_M1_17","GlyGly (K)",0.234993738129211,0.666710564534125,0.574686511414927,6,"Not significant"
"LPS+Nigericin / Nigericin","CAP1","Q01518","Q01518","CAP1_HUMAN","Adenylyl cyclase-associated protein 1","Q01518_K100_M1_17","GlyGly (K)",-0.270803521422029,0.667129951470045,0.57604115136351,6,"Not significant"
"LPS+Nigericin / Nigericin","HSPA5","P11021","P11021","BIP_HUMAN","Endoplasmic reticulum chaperone BiP","P11021_K81_M1_17","GlyGly (K)",-0.425201356396759,0.667174024070315,0.576219639604898,6,"Not significant"
"LPS+Nigericin / Nigericin","HNRNPU","Q00839","Q00839","HNRPU_HUMAN","Heterogeneous nuclear ribonucleoprotein U","Q00839_K436_M1_17","GlyGly (K)",-0.84466992477922,0.66742315763596,0.576980868864364,6,"Not significant"
"LPS+Nigericin / Nigericin","ACAA2","P42765","P42765","THIM_HUMAN","3-ketoacyl-CoA thiolase, mitochondrial","P42765_K312_M1_17","GlyGly (K)",-0.662443142583694,0.668239401376021,0.579391894593867,6,"Not significant"
"LPS+Nigericin / Nigericin","PCMT1","P22061","P22061","PIMT_HUMAN","Protein-L-isoaspartate(D-aspartate) O-methyltransferase","P22061_K27_M2_17","GlyGly (K)",0.569794857241247,0.669566432687825,0.583637570149006,4,"Not significant"
"LPS+Nigericin / Nigericin","HM13","Q8TCT9","Q8TCT9","HM13_HUMAN","Minor histocompatibility antigen H13","Q8TCT9_K61_M1_17","GlyGly (K)",-0.840369874010742,0.670757217605621,0.587230715905907,6,"Not significant"
"LPS+Nigericin / Nigericin","ADAM10","O14672","O14672","ADA10_HUMAN","Disintegrin and metalloproteinase domain-containing protein 10","O14672_K591_M2_17","GlyGly (K)",-0.170892288804003,0.671258111491325,0.588709745894653,6,"Not significant"
"LPS+Nigericin / Nigericin","ADAM10","O14672","O14672","ADA10_HUMAN","Disintegrin and metalloproteinase domain-containing protein 10","O14672_K588_M2_17","GlyGly (K)",-0.170892288804003,0.671258111491325,0.588709745894653,6,"Not significant"
"LPS+Nigericin / Nigericin","POTEKP","Q9BYX7","Q9BYX7","ACTBM_HUMAN","Putative beta-actin-like protein 3","Q9BYX7_K238_M1_17","GlyGly (K)",1.50401043097033,0.671805100357619,0.590481564237562,6,"Not significant"
"LPS+Nigericin / Nigericin","CHMP4B","Q9H444","Q9H444","CHM4B_HUMAN","Charged multivesicular body protein 4b","Q9H444_K77_M1_17","GlyGly (K)",-1.02305954799826,0.672171368187543,0.591705664442444,6,"Not significant"
"LPS+Nigericin / Nigericin","RPLP1","P05386","P05386","RLA1_HUMAN","Large ribosomal subunit protein P1","P05386_K92_M1_17","GlyGly (K)",0.698249648876837,0.672339311061823,0.592086159815754,6,"Not significant"
"LPS+Nigericin / Nigericin","HMGB2","P26583","P26583","HMGB2_HUMAN","High mobility group protein B2","P26583_K59_M2_17","GlyGly (K)",0.501052888307532,0.673592814514683,0.595913181919668,6,"Not significant"
"LPS+Nigericin / Nigericin","HMGB2","P26583","P26583","HMGB2_HUMAN","High mobility group protein B2","P26583_K57_M2_17","GlyGly (K)",0.501052888307532,0.673592814514683,0.595913181919668,6,"Not significant"
"LPS+Nigericin / Nigericin","STIP1","P31948","P31948","STIP1_HUMAN","Stress-induced-phosphoprotein 1","P31948_K100_M1_17","GlyGly (K)",0.729601054429906,0.674646486447334,0.599119806689476,6,"Not significant"
"LPS+Nigericin / Nigericin","RAVER1","Q8IY67","Q8IY67","RAVR1_HUMAN","Ribonucleoprotein PTB-binding 1","Q8IY67_K434_M1_17","GlyGly (K)",0.848593359077806,0.677670091249987,0.607721203598371,6,"Not significant"
"LPS+Nigericin / Nigericin","ACAT2","Q9BWD1","Q9BWD1","THIC_HUMAN","Acetyl-CoA acetyltransferase, cytosolic","Q9BWD1_K200_M1_17","GlyGly (K)",-0.244049934305827,0.678107627805821,0.609112770098028,6,"Not significant"
"LPS+Nigericin / Nigericin","TPI1","P60174","P60174","TPIS_HUMAN","Triosephosphate isomerase","P60174_K131_M1_17","GlyGly (K)",0.406920384966966,0.678731890843683,0.611070906433391,6,"Not significant"
"LPS+Nigericin / Nigericin","CALR","P27797","P27797","CALR_HUMAN","Calreticulin","P27797_K164_M1_17","GlyGly (K)",-0.159773764094609,0.67970395067066,0.614237152756615,6,"Not significant"
"LPS+Nigericin / Nigericin","PIPSL","A2A3N6","A2A3N6","PIPSL_HUMAN","Putative PIP5K1A and PSMD4-like protein","A2A3N6_K637_M1_17","GlyGly (K)",-0.152546783922729,0.679805980020357,0.614547563194948,5,"Not significant"
"LPS+Nigericin / Nigericin","WDR5","P61964","P61964","WDR5_HUMAN","WD repeat-containing protein 5","P61964_K165_M1_17","GlyGly (K)",-0.161304948300452,0.679868564097195,0.614692570743513,6,"Not significant"
"LPS+Nigericin / Nigericin","INPP5D","Q92835","Q92835","SHIP1_HUMAN","Phosphatidylinositol 3,4,5-trisphosphate 5-phosphatase 1","Q92835_K568_M1_17","GlyGly (K)",0.789193910208826,0.680087194903881,0.615310164678279,6,"Not significant"
"LPS+Nigericin / Nigericin","XRCC6","P12956","P12956","XRCC6_HUMAN","X-ray repair cross-complementing protein 6","P12956_K351_M1_17","GlyGly (K)",0.746220056411298,0.681771521975053,0.620219052456532,6,"Not significant"
"LPS+Nigericin / Nigericin","NCL","P19338","P19338","NUCL_HUMAN","Nucleolin","P19338_K297_M2_17","GlyGly (K)",0.378811557106707,0.683756906593866,0.626326266688489,6,"Not significant"
"LPS+Nigericin / Nigericin","NCL","P19338","P19338","NUCL_HUMAN","Nucleolin","P19338_K295_M2_17","GlyGly (K)",0.378811557106707,0.683756906593866,0.626326266688489,6,"Not significant"
"LPS+Nigericin / Nigericin","HSPA2","P54652","P54652","HSP72_HUMAN","Heat shock-related 70 kDa protein 2","P54652_K461_M1_17","GlyGly (K)",0.364294065519211,0.685563495164567,0.631771900072218,6,"Not significant"
"LPS+Nigericin / Nigericin","HP1BP3","Q5SSJ5","Q5SSJ5","HP1B3_HUMAN","Heterochromatin protein 1-binding protein 3","Q5SSJ5_K334_M1_17","GlyGly (K)",0.567336584661425,0.686060468869005,0.633371424602254,6,"Not significant"
"LPS+Nigericin / Nigericin","LRRFIP2","Q9Y608","Q9Y608","LRRF2_HUMAN","Leucine-rich repeat flightless-interacting protein 2","Q9Y608_K577_M1_17","GlyGly (K)",-0.22774410146848,0.68615523715982,0.633812464796419,6,"Not significant"
"LPS+Nigericin / Nigericin","ACTC1","P68032","P68032","ACTC_HUMAN","Actin, alpha cardiac muscle 1","P68032_K293_M1_17","GlyGly (K)",0.356722003679645,0.687312589640949,0.637516084808525,6,"Not significant"
"LPS+Nigericin / Nigericin","HNRNPU","Q00839","Q00839","HNRPU_HUMAN","Heterogeneous nuclear ribonucleoprotein U","Q00839_K495_M2_17","GlyGly (K)",-0.905530176326918,0.687769031642684,0.639101940065328,4,"Not significant"
"LPS+Nigericin / Nigericin","DNAJB11","Q9UBS4","Q9UBS4","DJB11_HUMAN","DnaJ homolog subfamily B member 11","Q9UBS4_K328_M1_17","GlyGly (K)",-0.208395673300938,0.687780628042099,0.639185638299633,6,"Not significant"
"LPS+Nigericin / Nigericin","DHRS9","Q9BPW9","Q9BPW9","DHRS9_HUMAN","Dehydrogenase/reductase SDR family member 9","Q9BPW9_K180_M1_17","GlyGly (K)",0.711807679636671,0.687901045968844,0.639620299668246,6,"Not significant"
"LPS+Nigericin / Nigericin","TGFB1","P01137","P01137","TGFB1_HUMAN","Transforming growth factor beta-1 proprotein","P01137_K291_M1_17","GlyGly (K)",-0.234463783580189,0.688754335757199,0.642363895522473,6,"Not significant"
"LPS+Nigericin / Nigericin","EEF2","P13639","P13639","EF2_HUMAN","Elongation factor 2","P13639_K498_M1_17","GlyGly (K)",0.253504618822674,0.690923789136744,0.649060382310109,6,"Not significant"
"LPS+Nigericin / Nigericin","LRRFIP1","Q32MZ4","Q32MZ4","LRRF1_HUMAN","Leucine-rich repeat flightless-interacting protein 1","Q32MZ4_K580_M2_17","GlyGly (K)",0.387070066591914,0.691671092632881,0.651235583042461,6,"Not significant"
"LPS+Nigericin / Nigericin","LRRFIP1","Q32MZ4","Q32MZ4","LRRF1_HUMAN","Leucine-rich repeat flightless-interacting protein 1","Q32MZ4_K579_M2_17","GlyGly (K)",0.387070066591914,0.691671092632881,0.651235583042461,6,"Not significant"
"LPS+Nigericin / Nigericin","NCL","P19338","P19338","NUCL_HUMAN","Nucleolin","P19338_K362_M1_17","GlyGly (K)",0.926854809737419,0.692854041273188,0.654813070858454,6,"Not significant"
"LPS+Nigericin / Nigericin","PDIA6","Q15084","Q15084","PDIA6_HUMAN","Protein disulfide-isomerase A6","Q15084_K373_M1_17","GlyGly (K)",-0.103894386031198,0.693487313004121,0.656714381324433,6,"Not significant"
"LPS+Nigericin / Nigericin","PDCD6","O75340","O75340","PDCD6_HUMAN","Programmed cell death protein 6","O75340_K90_M2_17","GlyGly (K)",-1.3033784547675,0.69371624559688,0.657313201963647,4,"Not significant"
"LPS+Nigericin / Nigericin","NSUN2","Q08J23","Q08J23","NSUN2_HUMAN","RNA cytosine C(5)-methyltransferase NSUN2","Q08J23_K338_M1_17","GlyGly (K)",1.06691787834307,0.694061427856005,0.658255711236694,6,"Not significant"
"LPS+Nigericin / Nigericin","HNRNPA3","P51991","P51991","ROA3_HUMAN","Heterogeneous nuclear ribonucleoprotein A3","P51991_K151_M2_17","GlyGly (K)",0.290306897903091,0.694090360407207,0.658361307911574,6,"Not significant"
"LPS+Nigericin / Nigericin","HNRNPA3","P51991","P51991","ROA3_HUMAN","Heterogeneous nuclear ribonucleoprotein A3","P51991_K148_M2_17","GlyGly (K)",0.290306897903091,0.694090360407207,0.658361307911574,6,"Not significant"
"LPS+Nigericin / Nigericin","RNH1","P13489","P13489","RINI_HUMAN","Ribonuclease inhibitor","P13489_K86_M1_17","GlyGly (K)",0.380511846728776,0.694331234332924,0.659157683323804,6,"Not significant"
"LPS+Nigericin / Nigericin","GLO1","Q04760","Q04760","LGUL_HUMAN","Lactoylglutathione lyase","Q04760_K28_M1_17","GlyGly (K)",0.406790432776979,0.694744119235634,0.660270631449972,6,"Not significant"
"LPS+Nigericin / Nigericin","ANXA5","P08758","P08758","ANXA5_HUMAN","Annexin A5","P08758_K70_M1_17","GlyGly (K)",-0.515735317014137,0.694797760156293,0.660566080470081,6,"Not significant"
"LPS+Nigericin / Nigericin","PHGDH","O43175","O43175","SERA_HUMAN","D-3-phosphoglycerate dehydrogenase","O43175_K58_M1_17","GlyGly (K)",-0.117648713197979,0.695276602141291,0.662338407850088,6,"Not significant"
"LPS+Nigericin / Nigericin","NCL","P19338","P19338","NUCL_HUMAN","Nucleolin","P19338_K297_M1_17","GlyGly (K)",0.195643420705318,0.695319037846356,0.662458534528322,6,"Not significant"
"LPS+Nigericin / Nigericin","CYRIB","Q9NUQ9","Q9NUQ9","CYRIB_HUMAN","CYFIP-related Rac1 interactor B","Q9NUQ9_K286_M2_17","GlyGly (K)",0.462669126609302,0.697110228720795,0.668541187464258,4,"Not significant"
"LPS+Nigericin / Nigericin","ALB","Cont_P02769","Cont_P02769","ALBU_BOVIN","Albumin","Cont_P02769_K587_M1_17","GlyGly (K)",0.34023012674088,0.697124504194682,0.668629331440628,5,"Not significant"
"LPS+Nigericin / Nigericin","HMBS","P08397","P08397","HEM3_HUMAN","Porphobilinogen deaminase","P08397_K157_M1_17","GlyGly (K)",0.233206957756724,0.697347815421515,0.669366546438636,6,"Not significant"
"LPS+Nigericin / Nigericin","PPIB","P23284","P23284","PPIB_HUMAN","Peptidyl-prolyl cis-trans isomerase B","P23284_K84_M1_17","GlyGly (K)",0.339512965218194,0.698851886404108,0.674006083022354,6,"Not significant"
"LPS+Nigericin / Nigericin","SUMF1","Q8NBK3","Q8NBK3","SUMF1_HUMAN","Formylglycine-generating enzyme","Q8NBK3_K90_M1_17","GlyGly (K)",-0.272211045694057,0.698967147424949,0.674445880202958,6,"Not significant"
"LPS+Nigericin / Nigericin","NACA4P","Q9BZK3","Q9BZK3","NACP4_HUMAN","Putative nascent polypeptide-associated complex subunit alpha-like protein","Q9BZK3_K199_M1_17","GlyGly (K)",0.270327144466164,0.69899702241858,0.674609646015479,6,"Not significant"
"LPS+Nigericin / Nigericin","NELFA","Q9H3P2","Q9H3P2","NELFA_HUMAN","Negative elongation factor A","Q9H3P2_K288_M1_17","GlyGly (K)",0.514281440629727,0.699051448044954,0.674787932647626,6,"Not significant"
"LPS+Nigericin / Nigericin","EEF1D","P29692","P29692","EF1D_HUMAN","Elongation factor 1-delta","P29692_K117_M1_17","GlyGly (K)",1.0285196386343,0.699791012521274,0.677255576096988,6,"Not significant"
"LPS+Nigericin / Nigericin","RPS27A","P62979","P62979","RS27A_HUMAN","Ubiquitin-ribosomal protein eS31 fusion protein","P62979_K48_M1_17","GlyGly (K)",0.372880991089222,0.700180120365918,0.678509819009476,6,"Not significant"
"LPS+Nigericin / Nigericin","HDAC2","Q92769","Q92769","HDAC2_HUMAN","Histone deacetylase 2","Q92769_K362_M1_17","GlyGly (K)",-0.253660915454381,0.700619559133876,0.679803140328874,6,"Not significant"
"LPS+Nigericin / Nigericin","HSPE1","P61604","P61604","CH10_HUMAN","10 kDa heat shock protein, mitochondrial","P61604_K80_M1_17","GlyGly (K)",0.663567480766109,0.700918996136791,0.680909469080911,6,"Not significant"
"LPS+Nigericin / Nigericin","UGGT1","Q9NYU2","Q9NYU2","UGGG1_HUMAN","UDP-glucose:glycoprotein glucosyltransferase 1","Q9NYU2_K319_M1_17","GlyGly (K)",-0.507854972554667,0.701409487343619,0.682579361326396,6,"Not significant"
"LPS+Nigericin / Nigericin","AHNAK","Q09666","Q09666","AHNK_HUMAN","Neuroblast differentiation-associated protein AHNAK","Q09666_K4559_M1_17","GlyGly (K)",0.308078832464251,0.702174849522349,0.68492202621386,6,"Not significant"
"LPS+Nigericin / Nigericin","CNBP","P62633","P62633","CNBP_HUMAN","CCHC-type zinc finger nucleic acid binding protein","P62633_K103_M1_17","GlyGly (K)",-0.47198510706004,0.702321591686112,0.685529052821681,6,"Not significant"
"LPS+Nigericin / Nigericin","EEA1","Q15075","Q15075","EEA1_HUMAN","Early endosome antigen 1","Q15075_K1055_M1_17","GlyGly (K)",0.600604379565117,0.702996288908487,0.687709342923752,6,"Not significant"
"LPS+Nigericin / Nigericin","MATK","P42679","P42679","MATK_HUMAN","Megakaryocyte-associated tyrosine-protein kinase","P42679_K116_M1_17","GlyGly (K)",-0.342742953224869,0.703268176393995,0.688737831027802,6,"Not significant"
"LPS+Nigericin / Nigericin","GLIPR1","P48060","P48060","GLIP1_HUMAN","Glioma pathogenesis-related protein 1","P48060_K200_M1_17","GlyGly (K)",0.907074401905888,0.703302961792711,0.688885038656815,6,"Not significant"
"LPS+Nigericin / Nigericin","VDAC1","P21796","P21796","VDAC1_HUMAN","Voltage-dependent anion-selective channel protein 1","P21796_K256_M1_17","GlyGly (K)",0.364053418834734,0.704251501680626,0.69151638140357,6,"Not significant"
"LPS+Nigericin / Nigericin","INF2","Q27J81","Q27J81","INF2_HUMAN","Inverted formin-2","Q27J81_K966_M1_17","GlyGly (K)",0.36048278053617,0.705055790325446,0.694348460230928,6,"Not significant"
"LPS+Nigericin / Nigericin","ZNF326","Q5BKZ1","Q5BKZ1","ZN326_HUMAN","DBIRD complex subunit ZNF326","Q5BKZ1_K442_M1_17","GlyGly (K)",0.950705076180023,0.705367130929953,0.69537935150153,6,"Not significant"
"LPS+Nigericin / Nigericin","CKAP4","Q07065","Q07065","CKAP4_HUMAN","Cytoskeleton-associated protein 4","Q07065_K161_M1_17","GlyGly (K)",0.165953697932286,0.706853575196771,0.699879842960754,6,"Not significant"
"LPS+Nigericin / Nigericin","PKM","P14618","P14618","KPYM_HUMAN","Pyruvate kinase PKM","P14618_K125_M1_17","GlyGly (K)",0.286568092521032,0.708376070725932,0.70484640821888,6,"Not significant"
"LPS+Nigericin / Nigericin","PSME3","P61289","P61289","PSME3_HUMAN","Proteasome activator complex subunit 3","P61289_K123_M2_17","GlyGly (K)",0.171641024247453,0.708386044985418,0.704900699655807,6,"Not significant"
"LPS+Nigericin / Nigericin","PSME3","P61289","P61289","PSME3_HUMAN","Proteasome activator complex subunit 3","P61289_K121_M2_17","GlyGly (K)",0.171641024247453,0.708386044985418,0.704900699655807,6,"Not significant"
"LPS+Nigericin / Nigericin","HSPA9","P38646","P38646","GRP75_HUMAN","Stress-70 protein, mitochondrial","P38646_K206_M1_17","GlyGly (K)",-0.345954939508541,0.709421705986551,0.708470968234061,6,"Not significant"
"LPS+Nigericin / Nigericin","ATP5F1D","P30049","P30049","ATPD_HUMAN","ATP synthase subunit delta, mitochondrial","P30049_K136_M1_17","GlyGly (K)",-0.372274657438862,0.710109678839211,0.710779624382127,6,"Not significant"
"LPS+Nigericin / Nigericin","CHD4","Q14839","Q14839","CHD4_HUMAN","Chromodomain-helicase-DNA-binding protein 4","Q14839_K1565_M2_17","GlyGly (K)",-0.199702897053934,0.71014250852856,0.710883263517033,5,"Not significant"
"LPS+Nigericin / Nigericin","TMPO","P42166","P42166","LAP2A_HUMAN","Lamina-associated polypeptide 2, isoform alpha","P42166_K17_M1_17","GlyGly (K)",0.491545441017766,0.710449461196176,0.711794371549783,6,"Not significant"
"LPS+Nigericin / Nigericin","HNRNPA2B1","P22626","P22626","ROA2_HUMAN","Heterogeneous nuclear ribonucleoproteins A2/B1","P22626_K168_M1_17","GlyGly (K)",0.100501122216141,0.710989858093982,0.713606725067125,6,"Not significant"
"LPS+Nigericin / Nigericin","ACTN1","P12814","P12814","ACTN1_HUMAN","Alpha-actinin-1","P12814_K649_M1_17","GlyGly (K)",0.872037235424811,0.711190058119164,0.714225341422629,6,"Not significant"
"LPS+Nigericin / Nigericin","KHDRBS1","Q07666","Q07666","KHDR1_HUMAN","KH domain-containing, RNA-binding, signal transduction-associated protein 1","Q07666_K96_M1_17","GlyGly (K)",-0.210132073696616,0.711363334547667,0.714899781985387,6,"Not significant"
"LPS+Nigericin / Nigericin","PITRM1","Q5JRX3","Q5JRX3","PREP_HUMAN","Presequence protease, mitochondrial","Q5JRX3_K820_M1_17","GlyGly (K)",-0.436427221721288,0.711983991058105,0.717015742656749,6,"Not significant"
"LPS+Nigericin / Nigericin","RAP2B","P61225","P61225","RAP2B_HUMAN","Ras-related protein Rap-2b","P61225_K5_M1_17","GlyGly (K)",-0.213549315118186,0.712028659203023,0.717173023898743,6,"Not significant"
"LPS+Nigericin / Nigericin","AARS1","P49588","P49588","SYAC_HUMAN","Alanine--tRNA ligase, cytoplasmic","P49588_K898_M1_17","GlyGly (K)",-0.238915888567372,0.712064626981747,0.717288330785821,6,"Not significant"
"LPS+Nigericin / Nigericin","MTFR1","Q15390","Q15390","MTFR1_HUMAN","Mitochondrial fission regulator 1","Q15390_K261_M2_17","GlyGly (K)",-0.14258712090853,0.712168757086878,0.717608252296579,5,"Not significant"
"LPS+Nigericin / Nigericin","VPS4B","O75351","O75351","VPS4B_HUMAN","Vacuolar protein sorting-associated protein 4B","O75351_K155_M1_17","GlyGly (K)",-0.780650327975259,0.712223833334611,0.717784198235913,6,"Not significant"
"LPS+Nigericin / Nigericin","PTGES3","Q15185","Q15185","TEBP_HUMAN","Prostaglandin E synthase 3","Q15185_K67_M2_17","GlyGly (K)",0.240620316037432,0.712632435290798,0.719228185576852,6,"Not significant"
"LPS+Nigericin / Nigericin","PTGES3","Q15185","Q15185","TEBP_HUMAN","Prostaglandin E synthase 3","Q15185_K65_M2_17","GlyGly (K)",0.240620316037432,0.712632435290798,0.719228185576852,6,"Not significant"
"LPS+Nigericin / Nigericin","GAA","P10253","P10253","LYAG_HUMAN","Lysosomal alpha-glucosidase","P10253_K849_M1_17","GlyGly (K)",0.273533916101447,0.712768728683925,0.7196582046943,6,"Not significant"
"LPS+Nigericin / Nigericin","ANXA1","P04083","P04083","ANXA1_HUMAN","Annexin A1","P04083_K214_M1_17","GlyGly (K)",-0.167047890555402,0.71313314144864,0.720795793848796,6,"Not significant"
"LPS+Nigericin / Nigericin","RAP1B","P61224","P61224","RAP1B_HUMAN","Ras-related protein Rap-1b","P61224_K42_M1_17","GlyGly (K)",-0.170419231150425,0.713485311362489,0.722094831320678,6,"Not significant"
"LPS+Nigericin / Nigericin","LRRC8B","Q6P9F7","Q6P9F7","LRC8B_HUMAN","Volume-regulated anion channel subunit LRRC8B","Q6P9F7_K588_M1_17","GlyGly (K)",-0.0522190861228212,0.714261618305564,0.724548844513576,6,"Not significant"
"LPS+Nigericin / Nigericin","P4HB","P07237","P07237","PDIA1_HUMAN","Protein disulfide-isomerase","P07237_K415_M2_17","GlyGly (K)",0.128364647164229,0.715368401877976,0.728234433608899,5,"Not significant"
"LPS+Nigericin / Nigericin","GOLGA2","Q08379","Q08379","GOGA2_HUMAN","Golgin subfamily A member 2","Q08379_K280_M1_17","GlyGly (K)",0.1536601962754,0.71634865443644,0.731540343558519,6,"Not significant"
"LPS+Nigericin / Nigericin","PSMD14","O00487","O00487","PSDE_HUMAN","26S proteasome non-ATPase regulatory subunit 14","O00487_K43_M2_17","GlyGly (K)",-0.235113995163167,0.716433558389266,0.731802417046114,5,"Not significant"
"LPS+Nigericin / Nigericin","HSPD1","P10809","P10809","CH60_HUMAN","60 kDa heat shock protein, mitochondrial","P10809_K91_M2_17","GlyGly (K)",0.867720424014875,0.716582865330202,0.732342580919618,4,"Not significant"
"LPS+Nigericin / Nigericin","HMGB1","P09429","P09429","HMGB1_HUMAN","High mobility group protein B1","P09429_K141_M1_17","GlyGly (K)",-0.329143017811927,0.716676096899414,0.732545313305704,5,"Not significant"
"LPS+Nigericin / Nigericin","NSF","P46459","P46459","NSF_HUMAN","Vesicle-fusing ATPase","P46459_K283_M1_17","GlyGly (K)",0.123876115104174,0.717104051812606,0.733889057554412,6,"Not significant"
"LPS+Nigericin / Nigericin","RAB14","P61106","P61106","RAB14_HUMAN","Ras-related protein Rab-14","P61106_K156_M2_17","GlyGly (K)",0.377996636034961,0.717254027031112,0.734285221688382,6,"Not significant"
"LPS+Nigericin / Nigericin","RAB14","P61106","P61106","RAB14_HUMAN","Ras-related protein Rab-14","P61106_K140_M2_17","GlyGly (K)",0.377996636034961,0.717254027031112,0.734285221688382,6,"Not significant"
"LPS+Nigericin / Nigericin","ATP5F1B","P06576","P06576","ATPB_HUMAN","ATP synthase subunit beta, mitochondrial","P06576_K480_M1_17","GlyGly (K)",-0.33786685303405,0.717867730305043,0.736287952399679,6,"Not significant"
"LPS+Nigericin / Nigericin","RAB44","Q7Z6P3","Q7Z6P3","RAB44_HUMAN","Ras-related protein Rab-44","Q7Z6P3_K880_M1_17","GlyGly (K)",-0.214107145265904,0.718096575761519,0.737322889633504,6,"Not significant"
"LPS+Nigericin / Nigericin","RALA","P11233","P11233","RALA_HUMAN","Ras-related protein Ral-A","P11233_K128_M1_17","GlyGly (K)",0.513147386312134,0.718736185412171,0.739412527988556,5,"Not significant"
"LPS+Nigericin / Nigericin","TMEM245","Q9H330","Q9H330","TM245_HUMAN","Transmembrane protein 245","Q9H330_K436_M2_17","GlyGly (K)",0.664500147995834,0.719677610904624,0.7423485240143,6,"Not significant"
"LPS+Nigericin / Nigericin","MYO1F","O00160","O00160","MYO1F_HUMAN","Unconventional myosin-If","O00160_K141_M1_17","GlyGly (K)",-0.300748932845555,0.721646847631716,0.748900054051164,6,"Not significant"
"LPS+Nigericin / Nigericin","SNRPA1","P09661","P09661","RU2A_HUMAN","U2 small nuclear ribonucleoprotein A'","P09661_K205_M1_17","GlyGly (K)",0.125982350416295,0.721996763019105,0.750258204621264,6,"Not significant"
"LPS+Nigericin / Nigericin","ALB","Cont_P02769","Cont_P02769","ALBU_BOVIN","Albumin","Cont_P02769_K463_M1_17","GlyGly (K)",0.514050578452099,0.722740263139363,0.752834210959886,6,"Not significant"
"LPS+Nigericin / Nigericin","MYH9","P35579","P35579","MYH9_HUMAN","Myosin-9","P35579_K682_M1_17","GlyGly (K)",-0.708528773994112,0.723702061581147,0.756243943801446,6,"Not significant"
"LPS+Nigericin / Nigericin","ATP5F1A","P25705","P25705","ATPA_HUMAN","ATP synthase subunit alpha, mitochondrial","P25705_K175_M1_17","GlyGly (K)",-0.108253441012917,0.725256409539803,0.761445996079621,6,"Not significant"
"LPS+Nigericin / Nigericin","TYW1B;TYW1","Q6NUM6;Q9NV66","Q6NUM6;Q9NV66","TYW1B_HUMAN;TYW1_HUMAN","S-adenosyl-L-methionine-dependent tRNA 4-demethylwyosine synthase TYW1B;S-adenosyl-L-methionine-dependent tRNA 4-demethylwyosine synthase TYW1","Q6NUM6_K414_M1_17","GlyGly (K)",-0.580806934851508,0.726001320944366,0.764323923791957,6,"Not significant"
"LPS+Nigericin / Nigericin","TYW1B;TYW1","Q6NUM6;Q9NV66","Q6NUM6;Q9NV66","TYW1B_HUMAN;TYW1_HUMAN","S-adenosyl-L-methionine-dependent tRNA 4-demethylwyosine synthase TYW1B;S-adenosyl-L-methionine-dependent tRNA 4-demethylwyosine synthase TYW1","Q9NV66_K478_M1_17","GlyGly (K)",-0.580806934851508,0.726001320944366,0.764323923791957,6,"Not significant"
"LPS+Nigericin / Nigericin","CANX","P27824","P27824","CALX_HUMAN","Calnexin","P27824_K571_M2_17","GlyGly (K)",-0.0148833467784769,0.726004055669958,0.764344741964829,6,"Not significant"
"LPS+Nigericin / Nigericin","PHB1","P35232","P35232","PHB1_HUMAN","Prohibitin 1","P35232_K208_M1_17","GlyGly (K)",0.250679755094458,0.726193019214863,0.764880320475198,6,"Not significant"
"LPS+Nigericin / Nigericin","PGD","P52209","P52209","6PGD_HUMAN","6-phosphogluconate dehydrogenase, decarboxylating","P52209_K119_M2_17","GlyGly (K)",0.140817017051741,0.72668812125143,0.766651398454121,6,"Not significant"
"LPS+Nigericin / Nigericin","PGD","P52209","P52209","6PGD_HUMAN","6-phosphogluconate dehydrogenase, decarboxylating","P52209_K117_M2_17","GlyGly (K)",0.140817017051741,0.72668812125143,0.766651398454121,6,"Not significant"
"LPS+Nigericin / Nigericin","TMSB10","P63313","P63313","TYB10_HUMAN","Thymosin beta-10","P63313_K32_M1_17","GlyGly (K)",0.177902070964731,0.72668812125143,0.766649938662119,6,"Not significant"
"LPS+Nigericin / Nigericin","ITGAV","P06756","P06756","ITAV_HUMAN","Integrin alpha-V","P06756_K134_M1_17","GlyGly (K)",-0.0401773047106266,0.727938178732053,0.770956473338607,6,"Not significant"
"LPS+Nigericin / Nigericin","CLTC","Q00610","Q00610","CLH1_HUMAN","Clathrin heavy chain 1","Q00610_K951_M1_17","GlyGly (K)",0.199954934901663,0.729087074209681,0.774977185384956,6,"Not significant"
"LPS+Nigericin / Nigericin","ANXA6","P08133","P08133","ANXA6_HUMAN","Annexin A6","P08133_K483_M1_17","GlyGly (K)",0.188262248281715,0.730066841292488,0.778324107113224,5,"Not significant"
"LPS+Nigericin / Nigericin","POTEKP","Q9BYX7","Q9BYX7","ACTBM_HUMAN","Putative beta-actin-like protein 3","Q9BYX7_K68_M1_17","GlyGly (K)",-0.179675846585691,0.732031441037743,0.785615162578942,6,"Not significant"
"LPS+Nigericin / Nigericin","ATP2A2","P16615","P16615","AT2A2_HUMAN","Sarcoplasmic/endoplasmic reticulum calcium ATPase 2","P16615_K7_M1_17","GlyGly (K)",0.660185668677592,0.732223298386769,0.786303345395194,5,"Not significant"
"LPS+Nigericin / Nigericin","CFL1","P23528","P23528","COF1_HUMAN","Cofilin-1","P23528_K96_M2_17","GlyGly (K)",-0.245705508498466,0.73303369327422,0.789502940241902,4,"Not significant"
"LPS+Nigericin / Nigericin","LMNA","P02545","P02545","LMNA_HUMAN","Prelamin-A/C","P02545_K201_M1_17","GlyGly (K)",-0.52649200292368,0.733622065660354,0.791612296173884,6,"Not significant"
"LPS+Nigericin / Nigericin","VASP","P50552","P50552","VASP_HUMAN","Vasodilator-stimulated phosphoprotein","P50552_K240_M1_17","GlyGly (K)",-0.27599388999785,0.733879297485588,0.792512872787821,6,"Not significant"
"LPS+Nigericin / Nigericin","H4C1","P62805","P62805","H4_HUMAN","Histone H4","P62805_K60_M1_17","GlyGly (K)",-0.259733838995205,0.734526328014993,0.794889053462619,6,"Not significant"
"LPS+Nigericin / Nigericin","HSPA9","P38646","P38646","GRP75_HUMAN","Stress-70 protein, mitochondrial","P38646_K288_M1_17","GlyGly (K)",-0.297319270886437,0.734529067192456,0.794910695324834,6,"Not significant"
"LPS+Nigericin / Nigericin","ELOC","Q15369","Q15369","ELOC_HUMAN","Elongin-C","Q15369_K72_M1_17","GlyGly (K)",0.132329465681165,0.734785364948152,0.79572168218017,6,"Not significant"
"LPS+Nigericin / Nigericin","HSPA13","P48723","P48723","HSP13_HUMAN","Heat shock 70 kDa protein 13","P48723_K396_M1_17","GlyGly (K)",-0.1266620972937,0.735257219735256,0.797220070269018,6,"Not significant"
"LPS+Nigericin / Nigericin","HSPA5","P11021","P11021","BIP_HUMAN","Endoplasmic reticulum chaperone BiP","P11021_K573_M1_17","GlyGly (K)",-0.0506109868248922,0.735631340020983,0.798650052001676,6,"Not significant"
"LPS+Nigericin / Nigericin","FADD","Q13158","Q13158","FADD_HUMAN","FAS-associated death domain protein","Q13158_K110_M1_17","GlyGly (K)",-0.124885078449658,0.7356667667075,0.798762023266178,6,"Not significant"
"LPS+Nigericin / Nigericin","UBE2N","P61088","P61088","UBE2N_HUMAN","Ubiquitin-conjugating enzyme E2 N","P61088_K10_M1_17","GlyGly (K)",0.163844957817847,0.735717716254757,0.798949746095874,6,"Not significant"
"LPS+Nigericin / Nigericin","HSPA4","P34932","P34932","HSP74_HUMAN","Heat shock 70 kDa protein 4","P34932_K219_M2_17","GlyGly (K)",-0.400669349371747,0.736318966371019,0.800822354401578,4,"Not significant"
"LPS+Nigericin / Nigericin","HSP90AA1","P07900","P07900","HS90A_HUMAN","Heat shock protein HSP 90-alpha","P07900_K100_M1_17","GlyGly (K)",-0.121021216977897,0.737414216765905,0.804754885127012,6,"Not significant"
"LPS+Nigericin / Nigericin","HSPA1L","P34931","P34931","HS71L_HUMAN","Heat shock 70 kDa protein 1-like","P34931_K332_M1_17","GlyGly (K)",-0.134337274366427,0.737696217375241,0.8057411262801,6,"Not significant"
"LPS+Nigericin / Nigericin","HSPA1A;HSPA1B","P0DMV8;P0DMV9","P0DMV8;P0DMV9","HS71A_HUMAN;HS71B_HUMAN","Heat shock 70 kDa protein 1A;Heat shock 70 kDa protein 1B","P0DMV8_K573_M1_17","GlyGly (K)",-0.482065485629565,0.740420460650632,0.815879023044482,6,"Not significant"
"LPS+Nigericin / Nigericin","HSPA1A;HSPA1B","P0DMV8;P0DMV9","P0DMV8;P0DMV9","HS71A_HUMAN;HS71B_HUMAN","Heat shock 70 kDa protein 1A;Heat shock 70 kDa protein 1B","P0DMV9_K573_M1_17","GlyGly (K)",-0.482065485629565,0.740420460650632,0.815879023044482,6,"Not significant"
"LPS+Nigericin / Nigericin","HSPA2","P54652","P54652","HSP72_HUMAN","Heat shock-related 70 kDa protein 2","P54652_K109_M2_17","GlyGly (K)",0.424846154796909,0.740757574683661,0.817066863642299,5,"Not significant"
"LPS+Nigericin / Nigericin","HSPA6","P17066","P17066","HSP76_HUMAN","Heat shock 70 kDa protein 6","P17066_K58_M1_17","GlyGly (K)",0.207199338705263,0.741439466868673,0.819686374255076,6,"Not significant"
"LPS+Nigericin / Nigericin","BLMH","Q13867","Q13867","BLMH_HUMAN","Bleomycin hydrolase","Q13867_K244_M1_17","GlyGly (K)",-0.132867853992741,0.743295365602959,0.826378266129292,6,"Not significant"
"LPS+Nigericin / Nigericin","CAP1","Q01518","Q01518","CAP1_HUMAN","Adenylyl cyclase-associated protein 1","Q01518_K328_M1_17","GlyGly (K)",0.27697418485494,0.743434836800298,0.82682177291658,6,"Not significant"
"LPS+Nigericin / Nigericin","HNRNPM","P52272","P52272","HNRPM_HUMAN","Heterogeneous nuclear ribonucleoprotein M","P52272_K221_M2_17","GlyGly (K)",-0.134895049575499,0.74367907865692,0.827724902414103,6,"Not significant"
"LPS+Nigericin / Nigericin","HNRNPM","P52272","P52272","HNRPM_HUMAN","Heterogeneous nuclear ribonucleoprotein M","P52272_K219_M2_17","GlyGly (K)",-0.134895049575499,0.74367907865692,0.827724902414103,6,"Not significant"
"LPS+Nigericin / Nigericin","ACTN4","O43707","O43707","ACTN4_HUMAN","Alpha-actinin-4","O43707_K233_M1_17","GlyGly (K)",0.20586743157652,0.744001654959677,0.829122630856555,6,"Not significant"
"LPS+Nigericin / Nigericin","TMSB4X","P62328","P62328","TYB4_HUMAN","Thymosin beta-4","P62328_K26_M1_17","GlyGly (K)",0.0853282724021323,0.744620816994306,0.831448572227728,6,"Not significant"
"LPS+Nigericin / Nigericin","AHNAK","Q09666","Q09666","AHNK_HUMAN","Neuroblast differentiation-associated protein AHNAK","Q09666_K4761_M1_17","GlyGly (K)",0.260046526851158,0.744929692081001,0.832487626664637,6,"Not significant"
"LPS+Nigericin / Nigericin","ENO1","P06733","P06733","ENOA_HUMAN","Alpha-enolase","P06733_K221_M1_17","GlyGly (K)",0.174378541345663,0.745661493750793,0.835440765238239,6,"Not significant"
"LPS+Nigericin / Nigericin","MACROH2A1","O75367","O75367","H2AY_HUMAN","Core histone macro-H2A.1","O75367_K236_M2_17","GlyGly (K)",-0.0760359143639039,0.7460690438337,0.837331935682094,6,"Not significant"
"LPS+Nigericin / Nigericin","MACROH2A1","O75367","O75367","H2AY_HUMAN","Core histone macro-H2A.1","O75367_K233_M2_17","GlyGly (K)",-0.0760359143639039,0.7460690438337,0.837331935682094,6,"Not significant"
"LPS+Nigericin / Nigericin","RTN4","Q9NQC3","Q9NQC3","RTN4_HUMAN","Reticulon-4","Q9NQC3_K58_M1_17","GlyGly (K)",-0.451170144396929,0.746374406059432,0.838520026140784,6,"Not significant"
"LPS+Nigericin / Nigericin","RNASE2","P10153","P10153","RNAS2_HUMAN","Non-secretory ribonuclease","P10153_K93_M1_17","GlyGly (K)",-0.382646603683928,0.746626994795546,0.839457151210389,6,"Not significant"
"LPS+Nigericin / Nigericin","RAB1A","P62820","P62820","RAB1A_HUMAN","Ras-related protein Rab-1A","P62820_K140_M1_17","GlyGly (K)",-0.0769866052769632,0.746886470239541,0.840342069866465,6,"Not significant"
"LPS+Nigericin / Nigericin","GPX1","P07203","P07203","GPX1_HUMAN","Glutathione peroxidase 1","P07203_K88_M1_17","GlyGly (K)",0.0622840793623263,0.747051903382241,0.841001557710637,6,"Not significant"
"LPS+Nigericin / Nigericin","CNTRL","Q7Z7A1","Q7Z7A1","CNTRL_HUMAN","Centriolin","Q7Z7A1_K546_M1_17","GlyGly (K)",-0.414827750880098,0.74711034564059,0.841221912092298,6,"Not significant"
"LPS+Nigericin / Nigericin","AQR","O60306","O60306","AQR_HUMAN","RNA helicase aquarius","O60306_K44_M1_17","GlyGly (K)",0.19867284380641,0.747591182022503,0.842879352371676,5,"Not significant"
"LPS+Nigericin / Nigericin","ATP2A2","P16615","P16615","AT2A2_HUMAN","Sarcoplasmic/endoplasmic reticulum calcium ATPase 2","P16615_K352_M1_17","GlyGly (K)",0.270921737375954,0.748635456436279,0.846851431191921,6,"Not significant"
"LPS+Nigericin / Nigericin","XRCC5","P13010","P13010","XRCC5_HUMAN","X-ray repair cross-complementing protein 5","P13010_K291_M1_17","GlyGly (K)",-0.249676690373865,0.748858010765175,0.84761676802077,6,"Not significant"
"LPS+Nigericin / Nigericin","RPS14","P62263","P62263","RS14_HUMAN","Small ribosomal subunit protein uS11","P62263_K125_M1_17","GlyGly (K)",-0.214941829593137,0.748892910996391,0.84780779771991,6,"Not significant"
"LPS+Nigericin / Nigericin","APEX1","P27695","P27695","APEX1_HUMAN","DNA-(apurinic or apyrimidinic site) endonuclease","P27695_K58_M2_17","GlyGly (K)",0.0648321056957959,0.752075452385748,0.859806906787628,6,"Not significant"
"LPS+Nigericin / Nigericin","MYO1E","Q12965","Q12965","MYO1E_HUMAN","Unconventional myosin-Ie","Q12965_K883_M2_17","GlyGly (K)",0.0838864009991033,0.752283659958564,0.860554016171171,6,"Not significant"
"LPS+Nigericin / Nigericin","MYO1E","Q12965","Q12965","MYO1E_HUMAN","Unconventional myosin-Ie","Q12965_K882_M2_17","GlyGly (K)",0.0838864009991033,0.752283659958564,0.860554016171171,6,"Not significant"
"LPS+Nigericin / Nigericin","HSPA8","P11142","P11142","HSP7C_HUMAN","Heat shock cognate 71 kDa protein","P11142_K583_M1_17","GlyGly (K)",-0.184128457030082,0.75351826428248,0.86582461952977,6,"Not significant"
"LPS+Nigericin / Nigericin","ZFC3H1","O60293","O60293","ZC3H1_HUMAN","Zinc finger C3H1 domain-containing protein","O60293_K687_M1_17","GlyGly (K)",-0.168175677634266,0.754515293120585,0.869535032702341,6,"Not significant"
"LPS+Nigericin / Nigericin","RNH1","P13489","P13489","RINI_HUMAN","Ribonuclease inhibitor","P13489_K283_M2_17","GlyGly (K)",0.0567461629639469,0.75466528481509,0.870060874721726,5,"Not significant"
"LPS+Nigericin / Nigericin","RBM25","P49756","P49756","RBM25_HUMAN","RNA-binding protein 25","P49756_K261_M1_17","GlyGly (K)",-0.248563776998812,0.756114060521006,0.875990176303019,6,"Not significant"
"LPS+Nigericin / Nigericin","YWHAB","P31946","P31946","1433B_HUMAN","14-3-3 protein beta/alpha","P31946_K160_M1_17","GlyGly (K)",-0.0710322224494327,0.756340869340266,0.876757627071827,6,"Not significant"
"LPS+Nigericin / Nigericin","GAPDH","P04406","P04406","G3P_HUMAN","Glyceraldehyde-3-phosphate dehydrogenase","P04406_K3_M2_17","GlyGly (K)",-0.147450133681075,0.757441776463145,0.880883338716194,6,"Not significant"
"LPS+Nigericin / Nigericin","TMEM30A","Q9NV96","Q9NV96","CC50A_HUMAN","Cell cycle control protein 50A","Q9NV96_K155_M1_17","GlyGly (K)",-0.165798624916505,0.757855089708662,0.882438607957242,6,"Not significant"
"LPS+Nigericin / Nigericin","ITGB5","P18084","P18084","ITB5_HUMAN","Integrin beta-5","P18084_K170_M1_17","GlyGly (K)",0.062886075982793,0.758368855568336,0.884270907381939,6,"Not significant"
"LPS+Nigericin / Nigericin","TFRC","P02786","P02786","TFR1_HUMAN","Transferrin receptor protein 1","P02786_K134_M1_17","GlyGly (K)",0.227846017505484,0.758918610752483,0.886451800879435,6,"Not significant"
"LPS+Nigericin / Nigericin","LSM7","Q9UK45","Q9UK45","LSM7_HUMAN","U6 snRNA-associated Sm-like protein LSm7","Q9UK45_K8_M2_17","GlyGly (K)",-0.0654019818059901,0.759092312458436,0.887108514941205,6,"Not significant"
"LPS+Nigericin / Nigericin","PARP14","Q460N5","Q460N5","PAR14_HUMAN","Protein mono-ADP-ribosyltransferase PARP14","Q460N5_K1027_M2_17","GlyGly (K)",0.052370035322495,0.75999880828886,0.890793501141816,5,"Not significant"
"LPS+Nigericin / Nigericin","HSP90B1","P14625","P14625","ENPL_HUMAN","Endoplasmin","P14625_K708_M2_17","GlyGly (K)",-0.0480185797747196,0.760382723852285,0.892581611069655,5,"Not significant"
"LPS+Nigericin / Nigericin","RPL21","P46778","P46778","RL21_HUMAN","Large ribosomal subunit protein eL21","P46778_K122_M1_17","GlyGly (K)",0.0551985376044464,0.761241822525531,0.896234930001128,6,"Not significant"
"LPS+Nigericin / Nigericin","ACTB","Cont_P60712;P60709","Cont_P60712;P60709","ACTB_BOVIN;ACTB_HUMAN","Actin, cytoplasmic 1;Actin, cytoplasmic 1","Cont_P60712_K18_M1_17","GlyGly (K)",0.0343307468070323,0.76183078130633,0.898544712714396,6,"Not significant"
"LPS+Nigericin / Nigericin","ACTB","Cont_P60712;P60709","Cont_P60712;P60709","ACTB_BOVIN;ACTB_HUMAN","Actin, cytoplasmic 1;Actin, cytoplasmic 1","P60709_K18_M1_17","GlyGly (K)",0.0343307468070323,0.76183078130633,0.898544712714396,6,"Not significant"
"LPS+Nigericin / Nigericin","ARL8B","Q9NVJ2","Q9NVJ2","ARL8B_HUMAN","ADP-ribosylation factor-like protein 8B","Q9NVJ2_K117_M1_17","GlyGly (K)",-0.105126830294345,0.762815067485368,0.90258126884912,6,"Not significant"
"LPS+Nigericin / Nigericin","AHNAK","Q09666","Q09666","AHNK_HUMAN","Neuroblast differentiation-associated protein AHNAK","Q09666_K5747_M2_17","GlyGly (K)",-0.251830752383306,0.763774160695767,0.906645372378832,6,"Not significant"
"LPS+Nigericin / Nigericin","EEF1A1","Cont_P68103;P68104","Cont_P68103;P68104","EF1A1_BOVIN;EF1A1_HUMAN","Elongation factor 1-alpha 1","Cont_P68103_K100_M1_17","GlyGly (K)",0.0609798680172725,0.764505221230963,0.909315489506401,6,"Not significant"
"LPS+Nigericin / Nigericin","EEF1A1","Cont_P68103;P68104","Cont_P68103;P68104","EF1A1_BOVIN;EF1A1_HUMAN","Elongation factor 1-alpha 1","P68104_K100_M1_17","GlyGly (K)",0.0609798680172725,0.764505221230963,0.909315489506401,6,"Not significant"
"LPS+Nigericin / Nigericin","H2BC21","Q16778","Q16778","H2B2E_HUMAN","Histone H2B type 2-E","Q16778_K58_M1_17","GlyGly (K)",0.150249393398181,0.764534723100667,0.909490373013876,6,"Not significant"
"LPS+Nigericin / Nigericin","AHNAK","Q09666","Q09666","AHNK_HUMAN","Neuroblast differentiation-associated protein AHNAK","Q09666_K4559_M2_17","GlyGly (K)",0.0666849279615255,0.76543694090085,0.912998536154262,6,"Not significant"
"LPS+Nigericin / Nigericin","AHNAK","Q09666","Q09666","AHNK_HUMAN","Neuroblast differentiation-associated protein AHNAK","Q09666_K4556_M2_17","GlyGly (K)",0.0666849279615255,0.76543694090085,0.912998536154262,6,"Not significant"
"LPS+Nigericin / Nigericin","FKBP2","P26885","P26885","FKBP2_HUMAN","Peptidyl-prolyl cis-trans isomerase FKBP2","P26885_K59_M1_17","GlyGly (K)",-0.173709642198122,0.766323342761141,0.916735286581707,6,"Not significant"
"LPS+Nigericin / Nigericin","PRDX5","P30044","P30044","PRDX5_HUMAN","Peroxiredoxin-5, mitochondrial","P30044_K102_M1_17","GlyGly (K)",0.221256165654,0.766882536422728,0.919073416362889,6,"Not significant"
"LPS+Nigericin / Nigericin","ACTB","Cont_P60712;P60709","Cont_P60712;P60709","ACTB_BOVIN;ACTB_HUMAN","Actin, cytoplasmic 1;Actin, cytoplasmic 1","Cont_P60712_K215_M1_17","GlyGly (K)",0.109727756975755,0.767737904971795,0.922285705972785,6,"Not significant"
"LPS+Nigericin / Nigericin","ACTB","Cont_P60712;P60709","Cont_P60712;P60709","ACTB_BOVIN;ACTB_HUMAN","Actin, cytoplasmic 1;Actin, cytoplasmic 1","P60709_K215_M1_17","GlyGly (K)",0.109727756975755,0.767737904971795,0.922285705972785,6,"Not significant"
"LPS+Nigericin / Nigericin","MDH2","P40926","P40926","MDHM_HUMAN","Malate dehydrogenase, mitochondrial","P40926_K241_M2_17","GlyGly (K)",0.223402740869809,0.767928266764965,0.923252735874218,4,"Not significant"
"LPS+Nigericin / Nigericin","NRGN","Q92686","Q92686","NEUG_HUMAN","Neurogranin","Q92686_K11_M1_17","GlyGly (K)",0.0415500564621857,0.768499367666524,0.925708800176575,6,"Not significant"
"LPS+Nigericin / Nigericin","NCF2","P19878","P19878","NCF2_HUMAN","Neutrophil cytosol factor 2","P19878_K92_M1_17","GlyGly (K)",0.158783064469522,0.769361808258327,0.92934162790101,6,"Not significant"
"LPS+Nigericin / Nigericin","AGRN","O00468","O00468","AGRIN_HUMAN","Agrin","O00468_K1863_M1_17","GlyGly (K)",-0.0416802029457873,0.769377203313189,0.929370869919602,6,"Not significant"
"LPS+Nigericin / Nigericin","OSTF1","Q92882","Q92882","OSTF1_HUMAN","Osteoclast-stimulating factor 1","Q92882_K190_M1_17","GlyGly (K)",-0.170916802584504,0.770423119241889,0.933923853023241,6,"Not significant"
"LPS+Nigericin / Nigericin","ATG16L1","Q676U5","Q676U5","A16L1_HUMAN","Autophagy-related protein 16-1","Q676U5_K266_M1_17","GlyGly (K)",0.0277965041194562,0.770446413845268,0.93401114815655,6,"Not significant"
"LPS+Nigericin / Nigericin","HADHA","P40939","P40939","ECHA_HUMAN","Trifunctional enzyme subunit alpha, mitochondrial","P40939_K267_M1_17","GlyGly (K)",0.0492126555891468,0.770938886626723,0.936413194649866,6,"Not significant"
"LPS+Nigericin / Nigericin","ACADM","P11310","P11310","ACADM_HUMAN","Medium-chain specific acyl-CoA dehydrogenase, mitochondrial","P11310_K217_M1_17","GlyGly (K)",0.0241844706713256,0.770945541824568,0.936436000424006,6,"Not significant"
"LPS+Nigericin / Nigericin","TMSB4X","P62328","P62328","TYB4_HUMAN","Thymosin beta-4","P62328_K32_M2_17","GlyGly (K)",0.160997851006207,0.770945541824568,0.936466887893518,6,"Not significant"
"LPS+Nigericin / Nigericin","TMSB4X","P62328","P62328","TYB4_HUMAN","Thymosin beta-4","P62328_K26_M2_17","GlyGly (K)",0.160997851006207,0.770945541824568,0.936466887893518,6,"Not significant"
"LPS+Nigericin / Nigericin","NONO","Q15233","Q15233","NONO_HUMAN","Non-POU domain-containing octamer-binding protein","Q15233_K467_M1_17","GlyGly (K)",-0.12666302563147,0.771294933061253,0.937896617344473,6,"Not significant"
"LPS+Nigericin / Nigericin","UQCRC1","P31930","P31930","QCR1_HUMAN","Cytochrome b-c1 complex subunit 1, mitochondrial","P31930_K447_M1_17","GlyGly (K)",0.134709054993863,0.771924778381623,0.94045937530157,6,"Not significant"
"LPS+Nigericin / Nigericin","CNDP2","Q96KP4","Q96KP4","CNDP2_HUMAN","Cytosolic non-specific dipeptidase","Q96KP4_K402_M1_17","GlyGly (K)",-0.0374566781629314,0.772077961006642,0.941089477397437,6,"Not significant"
"LPS+Nigericin / Nigericin","PDIA3","P30101","P30101","PDIA3_HUMAN","Protein disulfide-isomerase A3","P30101_K252_M1_17","GlyGly (K)",0.0938058693933873,0.772326135269658,0.941994041810815,6,"Not significant"
"LPS+Nigericin / Nigericin","GAPDH","P04406","P04406","G3P_HUMAN","Glyceraldehyde-3-phosphate dehydrogenase","P04406_K66_M1_17","GlyGly (K)",-0.0334189561064101,0.772591999198484,0.9430974577958,6,"Not significant"
"LPS+Nigericin / Nigericin","HSP90AA1","P07900","P07900","HS90A_HUMAN","Heat shock protein HSP 90-alpha","P07900_K534_M1_17","GlyGly (K)",-0.110573424334193,0.773090485399945,0.945259700256949,6,"Not significant"
"LPS+Nigericin / Nigericin","SYNCRIP","O60506","O60506","HNRPQ_HUMAN","Heterogeneous nuclear ribonucleoprotein Q","O60506_K407_M1_17","GlyGly (K)",0.134581926185905,0.773621788684505,0.947634108078536,6,"Not significant"
"LPS+Nigericin / Nigericin","HSPD1","P10809","P10809","CH60_HUMAN","60 kDa heat shock protein, mitochondrial","P10809_K314_M1_17","GlyGly (K)",0.0175208338356319,0.77521079324763,0.954186116504275,6,"Not significant"
"LPS+Nigericin / Nigericin","VMA21","Q3ZAQ7","Q3ZAQ7","VMA21_HUMAN","Vacuolar ATPase assembly integral membrane protein VMA21","Q3ZAQ7_K6_M1_17","GlyGly (K)",-0.0574687600013698,0.775863846148914,0.957112419717241,6,"Not significant"
"LPS+Nigericin / Nigericin","RPS3","P23396","P23396","RS3_HUMAN","Small ribosomal subunit protein uS3","P23396_K214_M1_17","GlyGly (K)",0.0156597586042411,0.776061472075714,0.958115259190021,6,"Not significant"
"LPS+Nigericin / Nigericin","HSPA2","P54652","P54652","HSP72_HUMAN","Heat shock-related 70 kDa protein 2","P54652_K113_M2_17","GlyGly (K)",0.0843026636014183,0.776181673803595,0.958535524496936,6,"Not significant"
"LPS+Nigericin / Nigericin","NOP2","P46087","P46087","NOP2_HUMAN","Probable 28S rRNA (cytosine(4447)-C(5))-methyltransferase","P46087_K649_M2_17","GlyGly (K)",-0.0402615235388934,0.7765146877936,0.960133441264221,5,"Not significant"
"LPS+Nigericin / Nigericin","RNH1","P13489","P13489","RINI_HUMAN","Ribonuclease inhibitor","P13489_K287_M1_17","GlyGly (K)",0.0335692974370395,0.776535271585495,0.960319007660673,6,"Not significant"
"LPS+Nigericin / Nigericin","SQOR","Q9Y6N5","Q9Y6N5","SQOR_HUMAN","Sulfide:quinone oxidoreductase, mitochondrial","Q9Y6N5_K320_M1_17","GlyGly (K)",0.0177759366825017,0.777080668119561,0.962918896927492,6,"Not significant"
"LPS+Nigericin / Nigericin","CANX","P27824","P27824","CALX_HUMAN","Calnexin","P27824_K398_M1_17","GlyGly (K)",-0.0420726164629771,0.777713920609231,0.965118980688667,6,"Not significant"
"LPS+Nigericin / Nigericin","SND1","Q7KZF4","Q7KZF4","SND1_HUMAN","Staphylococcal nuclease domain-containing protein 1","Q7KZF4_K93_M1_17","GlyGly (K)",-0.0880919717255172,0.778100080702844,0.966901127176445,6,"Not significant"
"LPS+Nigericin / Nigericin","PDIA3","P30101","P30101","PDIA3_HUMAN","Protein disulfide-isomerase A3","P30101_K61_M1_17","GlyGly (K)",0.0419726822492401,0.778213949554511,0.967391206799262,6,"Not significant"
"LPS+Nigericin / Nigericin","AHNAK","Q09666","Q09666","AHNK_HUMAN","Neuroblast differentiation-associated protein AHNAK","Q09666_K4898_M1_17","GlyGly (K)",-0.0465963040550187,0.77860060281541,0.969053456093569,6,"Not significant"
"LPS+Nigericin / Nigericin","HSPD1","P10809","P10809","CH60_HUMAN","60 kDa heat shock protein, mitochondrial","P10809_K389_M2_17","GlyGly (K)",-0.0170692818335399,0.778718688835903,0.969515555486144,6,"Not significant"
"LPS+Nigericin / Nigericin","HSPD1","P10809","P10809","CH60_HUMAN","60 kDa heat shock protein, mitochondrial","P10809_K387_M2_17","GlyGly (K)",-0.0170692818335399,0.778718688835903,0.969515555486144,6,"Not significant"
"LPS+Nigericin / Nigericin","MSN","P26038","P26038","MOES_HUMAN","Moesin","P26038_K438_M2_17","GlyGly (K)",0.0387265925076973,0.77874766527654,0.969782864696753,6,"Not significant"
"LPS+Nigericin / Nigericin","MSN","P26038","P26038","MOES_HUMAN","Moesin","P26038_K437_M2_17","GlyGly (K)",0.0387265925076973,0.77874766527654,0.969782864696753,6,"Not significant"
"LPS+Nigericin / Nigericin","XPOT","O43592","O43592","XPOT_HUMAN","Exportin-T","O43592_K316_M1_17","GlyGly (K)",-0.0807733170744044,0.778797231411604,0.969961292378544,6,"Not significant"
"LPS+Nigericin / Nigericin","RPL14","P50914","P50914","RL14_HUMAN","Large ribosomal subunit protein eL14","P50914_K160_M1_17","GlyGly (K)",0.0470430358643227,0.77884526153252,0.970265306708854,6,"Not significant"
"LPS+Nigericin / Nigericin","GPI","P06744","P06744","G6PI_HUMAN","Glucose-6-phosphate isomerase","P06744_K194_M1_17","GlyGly (K)",-0.0182458096830053,0.77941550599338,0.972594767586653,6,"Not significant"
"LPS+Nigericin / Nigericin","TCP1","P17987","P17987","TCPA_HUMAN","T-complex protein 1 subunit alpha","P17987_K43_M1_17","GlyGly (K)",-0.0158948338725705,0.779599778332408,0.97329304594412,6,"Not significant"
"LPS+Nigericin / Nigericin","MMP9","P14780","P14780","MMP9_HUMAN","Matrix metalloproteinase-9","P14780_K65_M1_17","GlyGly (K)",-0.0095067195125813,0.78036346052366,0.976741058304592,6,"Not significant"
"LPS+Nigericin / Nigericin","ALDOC","P09972","P09972","ALDOC_HUMAN","Fructose-bisphosphate aldolase C","P09972_K153_M1_17","GlyGly (K)",0.0513302096642379,0.780397115636021,0.976933157996691,6,"Not significant"
"LPS+Nigericin / Nigericin","FCHO2","Q0JRZ9","Q0JRZ9","FCHO2_HUMAN","F-BAR domain only protein 2","Q0JRZ9_K103_M2_17","GlyGly (K)",0.0350376007960963,0.780453402776154,0.977201602235613,6,"Not significant"
"LPS+Nigericin / Nigericin","FCHO2","Q0JRZ9","Q0JRZ9","FCHO2_HUMAN","F-BAR domain only protein 2","Q0JRZ9_K99_M2_17","GlyGly (K)",0.0350376007960963,0.780453402776154,0.977201602235613,6,"Not significant"
"LPS+Nigericin / Nigericin","JUNB","P17275","P17275","JUNB_HUMAN","Transcription factor JunB","P17275_K304_M1_17","GlyGly (K)",-0.0158435375242042,0.780570161229926,0.977773819202599,6,"Not significant"
"LPS+Nigericin / Nigericin","ALDOA","P04075","P04075","ALDOA_HUMAN","Fructose-bisphosphate aldolase A","P04075_K153_M1_17","GlyGly (K)",0.0109755369466139,0.781076014175599,0.97980124309835,6,"Not significant"
"LPS+Nigericin / Nigericin","ANXA6","P08133","P08133","ANXA6_HUMAN","Annexin A6","P08133_K483_M2_17","GlyGly (K)",-0.0522902832559975,0.781278660243393,0.980722642534007,6,"Not significant"
"LPS+Nigericin / Nigericin","ETFB","P38117","P38117","ETFB_HUMAN","Electron transfer flavoprotein subunit beta","P38117_K23_M1_17","GlyGly (K)",-0.00241903851386098,0.781377626936406,0.981132656422054,6,"Not significant"
"LPS+Nigericin / Nigericin","CRKL","P46109","P46109","CRKL_HUMAN","Crk-like protein","P46109_K253_M1_17","GlyGly (K)",-0.0438895094573082,0.781610827389589,0.98209478930452,6,"Not significant"
"LPS+Nigericin / Nigericin","PRKDC","P78527","P78527","PRKDC_HUMAN","DNA-dependent protein kinase catalytic subunit","P78527_K1422_M1_17","GlyGly (K)",-0.0210718389274266,0.781815574382905,0.982921794162734,6,"Not significant"
"LPS+Nigericin / Nigericin","F5","Cont_Q28107","Cont_Q28107","FA5_BOVIN","Coagulation factor V","Cont_Q28107_K564_M1_17","GlyGly (K)",-0.0389255264481441,0.782376457899565,0.985376601408338,6,"Not significant"
"LPS+Nigericin / Nigericin","SUMF1","Q8NBK3","Q8NBK3","SUMF1_HUMAN","Formylglycine-generating enzyme","Q8NBK3_K109_M1_17","GlyGly (K)",-0.0318141651526187,0.78248880066403,0.985798168515778,6,"Not significant"
"LPS+Nigericin / Nigericin","ACTR2","P61160","P61160","ARP2_HUMAN","Actin-related protein 2","P61160_K46_M2_17","GlyGly (K)",0.0137093241168733,0.782631504117647,0.986383033495214,4,"Not significant"
"LPS+Nigericin / Nigericin","ECH1","Q13011","Q13011","ECH1_HUMAN","Delta(3,5)-Delta(2,4)-dienoyl-CoA isomerase, mitochondrial","Q13011_K161_M1_17","GlyGly (K)",-0.0105647050735732,0.783374438133016,0.989792253407869,6,"Not significant"
"LPS+Nigericin / Nigericin","PRSS1","P07477","P07477","TRY1_HUMAN","Serine protease 1","P07477_K102_M1_17","GlyGly (K)",-0.00452280022601361,0.783829464219984,0.991878385432541,6,"Not significant"
"LPS+Nigericin / Nigericin","HYOU1","Q9Y4L1","Q9Y4L1","HYOU1_HUMAN","Hypoxia up-regulated protein 1","Q9Y4L1_K774_M1_17","GlyGly (K)",-0.019712974064024,0.784041368046895,0.992804294706582,5,"Not significant"
"LPS+Nigericin / Nigericin","CCDC9","Q9Y3X0","Q9Y3X0","CCDC9_HUMAN","Coiled-coil domain-containing protein 9","Q9Y3X0_K72_M1_17","GlyGly (K)",0.0168831595040057,0.784115707998112,0.993134710625961,4,"Not significant"
"LPS+Nigericin / Nigericin","MYO18A","Q92614","Q92614","MY18A_HUMAN","Unconventional myosin-XVIIIa","Q92614_K1662_M1_17","GlyGly (K)",0.0114635025686706,0.78426680169297,0.993907321221045,6,"Not significant"
"LPS+Nigericin / Nigericin","RPL38","P63173","P63173","RL38_HUMAN","Large ribosomal subunit protein eL38","P63173_K9_M1_17","GlyGly (K)",0.00203890258742142,0.784291933387812,0.994052447109453,6,"Not significant"
"LPS+Nigericin / Nigericin","ACTC1","P68032","P68032","ACTC_HUMAN","Actin, alpha cardiac muscle 1","P68032_K70_M1_17","GlyGly (K)",-0.00558214291673707,0.784491727255548,0.995081055468131,6,"Not significant"
"LPS+Nigericin / Nigericin","PRKDC","P78527","P78527","PRKDC_HUMAN","DNA-dependent protein kinase catalytic subunit","P78527_K4070_M1_17","GlyGly (K)",-0.00357183521334545,0.784491727255548,0.995173257270406,6,"Not significant"
"LPS+Nigericin / Nigericin","FBLL1","A6NHQ2","A6NHQ2","FBLL1_HUMAN","rRNA/tRNA 2'-O-methyltransferase fibrillarin-like protein 1","A6NHQ2_K170_M1_17","GlyGly (K)",-0.00472644029714798,0.784815289706724,0.99666573867961,6,"Not significant"
