"Comparison (group1/group2)","Genes","UniProtIds","ProteinGroups","ProteinNames","ProteinDescriptions","Group","PTM.ModificationTitle","AVG Log2 Ratio","Qvalue","Pvalue","# of Ratios","Significance"
"Unstim / P3C4+Nigericin","XRCC5","P13010","P13010","XRCC5_HUMAN","X-ray repair cross-complementing protein 5","P13010_T293_M1_19","HexNAc (ST)",2.99579453140852,0.397703192266276,0.00155825801973979,5,"Not significant"
"Unstim / P3C4+Nigericin","AK2","P54819","P54819","KAD2_HUMAN","Adenylate kinase 2, mitochondrial","P54819_S228_M1_19","HexNAc (ST)",2.94387957258378,0.397971179532031,0.00156751495334962,5,"Not significant"
"Unstim / P3C4+Nigericin","IPMK","Q8NFU5","Q8NFU5","IPMK_HUMAN","Inositol polyphosphate multikinase","Q8NFU5_S229_M1_19","HexNAc (ST)",1.09921116460112,0.445941098512155,0.00775209320623478,6,"Not significant"
"Unstim / P3C4+Nigericin","ACTN1","P12814","P12814","ACTN1_HUMAN","Alpha-actinin-1","P12814_T50_M1_19","HexNAc (ST)",1.45264582436889,0.453994689611427,0.0102321946179941,6,"Not significant"
"Unstim / P3C4+Nigericin","KTN1","Q86UP2","Q86UP2","KTN1_HUMAN","Kinectin","Q86UP2_S312_M1_19","HexNAc (ST)",2.76938452701811,0.46158453120464,0.0122180066059965,6,"Not significant"
"Unstim / P3C4+Nigericin","TJP2","Q9UDY2","Q9UDY2","ZO2_HUMAN","Tight junction protein ZO-2","Q9UDY2_T757_M1_19","HexNAc (ST)",0.986385502799361,0.465515971309126,0.0135969892176165,6,"Not significant"
"Unstim / P3C4+Nigericin","PARK7","Q99497","Q99497","PARK7_HUMAN","Parkinson disease protein 7","Q99497_S142_M1_19","HexNAc (ST)",1.92349897095242,0.469834286793537,0.0154874478620762,5,"Not significant"
"Unstim / P3C4+Nigericin","GAA","P10253","P10253","LYAG_HUMAN","Lysosomal alpha-glucosidase","P10253_S142_M1_19","HexNAc (ST)",1.74089229953056,0.469834286793537,0.0155726188691991,4,"Not significant"
"Unstim / P3C4+Nigericin","FUBP3","Q96I24","Q96I24","FUBP3_HUMAN","Far upstream element-binding protein 3","Q96I24_T79_M2_19","HexNAc (ST)",1.29286094188043,0.470727179113481,0.0159047608615777,6,"Not significant"
"Unstim / P3C4+Nigericin","FUBP3","Q96I24","Q96I24","FUBP3_HUMAN","Far upstream element-binding protein 3","Q96I24_T76_M2_19","HexNAc (ST)",1.29286094188043,0.470727179113481,0.0159047608615777,6,"Not significant"
"Unstim / P3C4+Nigericin","RAB11FIP1","Q6WKZ4","Q6WKZ4","RFIP1_HUMAN","Rab11 family-interacting protein 1","Q6WKZ4_S300_M1_19","HexNAc (ST)",1.33608139121172,0.472373002513956,0.0172346727785943,6,"Not significant"
"Unstim / P3C4+Nigericin","LCP1","P13796","P13796","PLSL_HUMAN","Plastin-2","P13796_S323_M1_19","HexNAc (ST)",1.23616028289326,0.475004409371758,0.0186419575086832,6,"Not significant"
"Unstim / P3C4+Nigericin","GALK1","P51570","P51570","GALK1_HUMAN","Galactokinase","P51570_S254_M1_19","HexNAc (ST)",0.858791909773935,0.47536745605585,0.0187505282675808,6,"Not significant"
"Unstim / P3C4+Nigericin","ADA","P00813","P00813","ADA_HUMAN","Adenosine deaminase","P00813_T212_M1_19","HexNAc (ST)",1.39298640898771,0.478993643466693,0.0199576507789666,6,"Not significant"
"Unstim / P3C4+Nigericin","TRIP4","Q15650","Q15650","TRIP4_HUMAN","Activating signal cointegrator 1","Q15650_T327_M1_19","HexNAc (ST)",1.43439457258331,0.486623341105042,0.0221999891182921,6,"Not significant"
"Unstim / P3C4+Nigericin","HSPA1A;HSPA1B","P0DMV8;P0DMV9","P0DMV8;P0DMV9","HS71A_HUMAN;HS71B_HUMAN","Heat shock 70 kDa protein 1A;Heat shock 70 kDa protein 1B","P0DMV8_S537_M1_19","HexNAc (ST)",1.35350431848642,0.48699374611823,0.022711330482523,6,"Not significant"
"Unstim / P3C4+Nigericin","HSPA1A;HSPA1B","P0DMV8;P0DMV9","P0DMV8;P0DMV9","HS71A_HUMAN;HS71B_HUMAN","Heat shock 70 kDa protein 1A;Heat shock 70 kDa protein 1B","P0DMV9_S537_M1_19","HexNAc (ST)",1.35350431848642,0.48699374611823,0.022711330482523,6,"Not significant"
"Unstim / P3C4+Nigericin","PNN","Q9H307","Q9H307","PININ_HUMAN","Pinin","Q9H307_T204_M1_19","HexNAc (ST)",-8.62890107034916,0.490059931053846,0.0243044638465554,6,"Not significant"
"Unstim / P3C4+Nigericin","VIM","P08670","P08670","VIME_HUMAN","Vimentin","P08670_S205_M1_19","HexNAc (ST)",1.90081497038101,0.494086284639115,0.0262912873970538,6,"Not significant"
"Unstim / P3C4+Nigericin","CMC2","Q9NRP2","Q9NRP2","COXM2_HUMAN","COX assembly mitochondrial protein 2 homolog","Q9NRP2_S6_M2_19","HexNAc (ST)",2.63565550397183,0.498104108683875,0.029086929808258,4,"Not significant"
"Unstim / P3C4+Nigericin","SEC16A","O15027","O15027","SC16A_HUMAN","Protein transport protein Sec16A","O15027_S331_M1_19","HexNAc (ST)",2.01940713737509,0.498335440315396,0.0291890572571508,6,"Not significant"
"Unstim / P3C4+Nigericin","S100A9","P06702","P06702","S10A9_HUMAN","Protein S100-A9","P06702_T31_M1_19","HexNAc (ST)",2.19768870060686,0.499188819795258,0.0296370553858662,6,"Not significant"
"Unstim / P3C4+Nigericin","RPL8","P62917","P62917","RL8_HUMAN","Large ribosomal subunit protein uL2","P62917_T111_M1_19","HexNAc (ST)",2.7825350158647,0.500886645554439,0.0304692495439968,6,"Not significant"
"Unstim / P3C4+Nigericin","ACTB","Cont_P60712;P60709","Cont_P60712;P60709","ACTB_BOVIN;ACTB_HUMAN","Actin, cytoplasmic 1;Actin, cytoplasmic 1","Cont_P60712_T106_M1_19","HexNAc (ST)",1.95836352604014,0.501295205354499,0.0307496542611719,6,"Not significant"
"Unstim / P3C4+Nigericin","ACTB","Cont_P60712;P60709","Cont_P60712;P60709","ACTB_BOVIN;ACTB_HUMAN","Actin, cytoplasmic 1;Actin, cytoplasmic 1","P60709_T106_M1_19","HexNAc (ST)",1.95836352604014,0.501295205354499,0.0307496542611719,6,"Not significant"
"Unstim / P3C4+Nigericin","PDHB","P11177","P11177","ODPB_HUMAN","Pyruvate dehydrogenase E1 component subunit beta, mitochondrial","P11177_S70_M1_19","HexNAc (ST)",1.02643484038103,0.503492843454907,0.0321799732542425,6,"Not significant"
"Unstim / P3C4+Nigericin","DSTN","P60981","P60981","DEST_HUMAN","Destrin","P60981_T65_M2_19","HexNAc (ST)",1.33138626433897,0.503492843454907,0.0320787976468492,6,"Not significant"
"Unstim / P3C4+Nigericin","DSTN","P60981","P60981","DEST_HUMAN","Destrin","P60981_T63_M2_19","HexNAc (ST)",1.33138626433897,0.503492843454907,0.0320787976468492,6,"Not significant"
"Unstim / P3C4+Nigericin","VAPA","Q9P0L0","Q9P0L0","VAPA_HUMAN","Vesicle-associated membrane protein-associated protein A","Q9P0L0_T35_M1_19","HexNAc (ST)",2.35918416824825,0.503492843454907,0.0321683304708907,6,"Not significant"
"Unstim / P3C4+Nigericin","RHOT1","Q8IXI2","Q8IXI2","MIRO1_HUMAN","Mitochondrial Rho GTPase 1","Q8IXI2_S109_M1_19","HexNAc (ST)",0.532210710696893,0.505234942538984,0.0331604611829519,6,"Not significant"
"Unstim / P3C4+Nigericin","TLN1","Q9Y490","Q9Y490","TLN1_HUMAN","Talin-1","Q9Y490_T2281_M2_19","HexNAc (ST)",1.22509645628694,0.507715224711504,0.0346896117704932,6,"Not significant"
"Unstim / P3C4+Nigericin","TLN1","Q9Y490","Q9Y490","TLN1_HUMAN","Talin-1","Q9Y490_S2279_M2_19","HexNAc (ST)",1.22509645628694,0.507715224711504,0.0346896117704932,6,"Not significant"
"Unstim / P3C4+Nigericin","SCP2","P22307","P22307","SCP2_HUMAN","Sterol carrier protein 2","P22307_T473_M1_19","HexNAc (ST)",0.62482444809882,0.507964059960362,0.0348710429619237,6,"Not significant"
"Unstim / P3C4+Nigericin","PRPF8","Q6P2Q9","Q6P2Q9","PRP8_HUMAN","Pre-mRNA-processing-splicing factor 8","Q6P2Q9_T1841_M1_19","HexNAc (ST)",1.23442577808109,0.509934416195994,0.0365031814754083,6,"Not significant"
"Unstim / P3C4+Nigericin","MYL6","P60660","P60660","MYL6_HUMAN","Myosin light polypeptide 6","P60660_T76_M1_19","HexNAc (ST)",-1.06161044968624,0.511479588087247,0.0376229294280726,6,"Not significant"
"Unstim / P3C4+Nigericin","PSMB1","P20618","P20618","PSB1_HUMAN","Proteasome subunit beta type-1","P20618_S237_M1_19","HexNAc (ST)",1.50294216128901,0.512091803263105,0.0384589653396625,6,"Not significant"
"Unstim / P3C4+Nigericin","ENO1","P06733","P06733","ENOA_HUMAN","Alpha-enolase","P06733_T205_M1_19","HexNAc (ST)",1.20610580120601,0.514784893049058,0.0406377031129945,6,"Not significant"
"Unstim / P3C4+Nigericin","ARHGAP31","Q2M1Z3","Q2M1Z3","RHG31_HUMAN","Rho GTPase-activating protein 31","Q2M1Z3_S1178_M1_19","HexNAc (ST)",1.43882666309889,0.518012434836503,0.042995884327636,6,"Not significant"
"Unstim / P3C4+Nigericin","TOP2B","Q02880","Q02880","TOP2B_HUMAN","DNA topoisomerase 2-beta","Q02880_T97_M1_19","HexNAc (ST)",1.6489911401088,0.521331514129828,0.0453357873319489,6,"Not significant"
"Unstim / P3C4+Nigericin","AHNAK","Q09666","Q09666","AHNK_HUMAN","Neuroblast differentiation-associated protein AHNAK","Q09666_S2205_M1_19","HexNAc (ST)",1.10284506559286,0.523051317463736,0.046633575623575,6,"Not significant"
"Unstim / P3C4+Nigericin","ACTN4","O43707","O43707","ACTN4_HUMAN","Alpha-actinin-4","O43707_T222_M1_19","HexNAc (ST)",1.58631387360422,0.525117612960984,0.0481951565491628,6,"Not significant"
"Unstim / P3C4+Nigericin","STX8","Q9UNK0","Q9UNK0","STX8_HUMAN","Syntaxin-8","Q9UNK0_S96_M1_19","HexNAc (ST)",2.15482892181109,0.525117612960984,0.0482176887342844,6,"Not significant"
"Unstim / P3C4+Nigericin","EIF4A1","P60842","P60842","IF4A1_HUMAN","Eukaryotic initiation factor 4A-I","P60842_T377_M1_19","HexNAc (ST)",1.38418540632566,0.525393864953525,0.0485750916503113,6,"Not significant"
"Unstim / P3C4+Nigericin","FIP1L1","Q6UN15","Q6UN15","FIP1_HUMAN","Pre-mRNA 3'-end-processing factor FIP1","Q6UN15_S324_M3_19","HexNAc (ST)",1.28063278620341,0.53024149294017,0.0531169086525207,6,"Not significant"
"Unstim / P3C4+Nigericin","FIP1L1","Q6UN15","Q6UN15","FIP1_HUMAN","Pre-mRNA 3'-end-processing factor FIP1","Q6UN15_T322_M3_19","HexNAc (ST)",1.28063278620341,0.53024149294017,0.0531169086525207,6,"Not significant"
"Unstim / P3C4+Nigericin","FIP1L1","Q6UN15","Q6UN15","FIP1_HUMAN","Pre-mRNA 3'-end-processing factor FIP1","Q6UN15_T320_M3_19","HexNAc (ST)",1.28063278620341,0.53024149294017,0.0531169086525207,6,"Not significant"
"Unstim / P3C4+Nigericin","MATR3","P43243","P43243","MATR3_HUMAN","Matrin-3","P43243_S276_M2_19","HexNAc (ST)",1.07129511956047,0.531214113457267,0.0541849458883361,6,"Not significant"
"Unstim / P3C4+Nigericin","MATR3","P43243","P43243","MATR3_HUMAN","Matrin-3","P43243_S275_M2_19","HexNAc (ST)",1.07129511956047,0.531214113457267,0.0541849458883361,6,"Not significant"
"Unstim / P3C4+Nigericin","GRIPAP1","Q4V328","Q4V328","GRAP1_HUMAN","GRIP1-associated protein 1","Q4V328_S105_M1_19","HexNAc (ST)",-0.854355403332078,0.531547971545142,0.0545000530963252,6,"Not significant"
"Unstim / P3C4+Nigericin","CHTOP","Q9Y3Y2","Q9Y3Y2","CHTOP_HUMAN","Chromatin target of PRMT1 protein","Q9Y3Y2_T212_M1_19","HexNAc (ST)",1.23483644485432,0.531713347694726,0.0549276633214896,6,"Not significant"
"Unstim / P3C4+Nigericin","CCT3","P49368","P49368","TCPG_HUMAN","T-complex protein 1 subunit gamma","P49368_T430_M2_19","HexNAc (ST)",0.958361901685272,0.532257223199454,0.055544146466088,6,"Not significant"
"Unstim / P3C4+Nigericin","CCT3","P49368","P49368","TCPG_HUMAN","T-complex protein 1 subunit gamma","P49368_S426_M2_19","HexNAc (ST)",0.958361901685272,0.532257223199454,0.055544146466088,6,"Not significant"
"Unstim / P3C4+Nigericin","CTSV","O60911","O60911","CATL2_HUMAN","Cathepsin L2","O60911_S142_M2_19","HexNAc (ST)",0.592230328799129,0.532342293817223,0.0557957066223682,6,"Not significant"
"Unstim / P3C4+Nigericin","HIVEP3","Q5T1R4","Q5T1R4","ZEP3_HUMAN","Transcription factor HIVEP3","Q5T1R4_T1401_M1_19","HexNAc (ST)",2.57125879574482,0.534317359253443,0.0576871325359549,6,"Not significant"
"Unstim / P3C4+Nigericin","HSP90B1","P14625","P14625","ENPL_HUMAN","Endoplasmin","P14625_T722_M1_19","HexNAc (ST)",-0.919840613358476,0.534644535899224,0.0584307155573461,5,"Not significant"
"Unstim / P3C4+Nigericin","PSMC4","P43686","P43686","PRS6B_HUMAN","26S proteasome regulatory subunit 6B","P43686_S129_M1_19","HexNAc (ST)",0.621631797474068,0.5376176368255,0.0615433427976908,6,"Not significant"
"Unstim / P3C4+Nigericin","FUBP3","Q96I24","Q96I24","FUBP3_HUMAN","Far upstream element-binding protein 3","Q96I24_T192_M1_19","HexNAc (ST)",1.71909543518957,0.539373546837503,0.0632107618755621,6,"Not significant"
"Unstim / P3C4+Nigericin","AHNAK","Q09666","Q09666","AHNK_HUMAN","Neuroblast differentiation-associated protein AHNAK","Q09666_S2454_M1_19","HexNAc (ST)",1.06435258991796,0.541419200345964,0.0650386680566303,6,"Not significant"
"Unstim / P3C4+Nigericin","EEA1","Q15075","Q15075","EEA1_HUMAN","Early endosome antigen 1","Q15075_T560_M1_19","HexNAc (ST)",1.82930982432551,0.542509376757099,0.0656845055768191,6,"Not significant"
"Unstim / P3C4+Nigericin","AHNAK","Q09666","Q09666","AHNK_HUMAN","Neuroblast differentiation-associated protein AHNAK","Q09666_S4130_M1_19","HexNAc (ST)",1.76585962381809,0.542805170281511,0.0660547299356214,6,"Not significant"
"Unstim / P3C4+Nigericin","AHNAK","Q09666","Q09666","AHNK_HUMAN","Neuroblast differentiation-associated protein AHNAK","Q09666_S4594_M1_19","HexNAc (ST)",1.76585962381809,0.542805170281511,0.0660547299356214,6,"Not significant"
"Unstim / P3C4+Nigericin","AK1","P00568","P00568","KAD1_HUMAN","Adenylate kinase isoenzyme 1","P00568_T126_M2_19","HexNAc (ST)",1.12676964385553,0.544230859971436,0.0681654511270143,6,"Not significant"
"Unstim / P3C4+Nigericin","AK1","P00568","P00568","KAD1_HUMAN","Adenylate kinase isoenzyme 1","P00568_T124_M2_19","HexNAc (ST)",1.12676964385553,0.544230859971436,0.0681654511270143,6,"Not significant"
"Unstim / P3C4+Nigericin","LYRM7","Q5U5X0","Q5U5X0","LYRM7_HUMAN","Complex III assembly factor LYRM7","Q5U5X0_T101_M1_19","HexNAc (ST)",0.631397290978232,0.544791736355239,0.0693497852873532,6,"Not significant"
"Unstim / P3C4+Nigericin","IQGAP1","P46940","P46940","IQGA1_HUMAN","Ras GTPase-activating-like protein IQGAP1","P46940_T857_M1_19","HexNAc (ST)",1.16061193059193,0.54483291529834,0.0694956439363045,6,"Not significant"
"Unstim / P3C4+Nigericin","PTCD1","O75127","O75127","PTCD1_HUMAN","Pentatricopeptide repeat-containing protein 1, mitochondrial","O75127_T576_M1_19","HexNAc (ST)",0.62074271169373,0.546656012064982,0.0711156469073086,6,"Not significant"
"Unstim / P3C4+Nigericin","MAP3K7","O43318","O43318","M3K7_HUMAN","Mitogen-activated protein kinase kinase kinase 7","O43318_T538_M1_19","HexNAc (ST)",1.9086164962598,0.546669893172598,0.0715800562677887,6,"Not significant"
"Unstim / P3C4+Nigericin","AHNAK","Q09666","Q09666","AHNK_HUMAN","Neuroblast differentiation-associated protein AHNAK","Q09666_T4564_M1_19","HexNAc (ST)",1.2338304652076,0.5470896755842,0.0725650743116392,6,"Not significant"
"Unstim / P3C4+Nigericin","YBX1","P67809","P67809","YBOX1_HUMAN","Y-box-binding protein 1","P67809_T108_M1_19","HexNAc (ST)",2.43658626043615,0.548824682685677,0.0744755086215016,6,"Not significant"
"Unstim / P3C4+Nigericin","CBLB","Q13191","Q13191","CBLB_HUMAN","E3 ubiquitin-protein ligase CBL-B","Q13191_T174_M1_19","HexNAc (ST)",0.527204136315346,0.550407398183468,0.0758966013243671,6,"Not significant"
"Unstim / P3C4+Nigericin","IMP4","Q96G21","Q96G21","IMP4_HUMAN","U3 small nucleolar ribonucleoprotein protein IMP4","Q96G21_T134_M1_19","HexNAc (ST)",0.644068366847763,0.553790429613877,0.0793272900885633,6,"Not significant"
"Unstim / P3C4+Nigericin","SGSH","P51688","P51688","SPHM_HUMAN","N-sulphoglucosamine sulphohydrolase","P51688_T242_M2_19","HexNAc (ST)",0.663101530108749,0.554431328758212,0.0804316499976718,5,"Not significant"
"Unstim / P3C4+Nigericin","RAB2A","P61019","P61019","RAB2A_HUMAN","Ras-related protein Rab-2A","P61019_S67_M1_19","HexNAc (ST)",0.784085011448365,0.555186692245965,0.0817264307332348,6,"Not significant"
"Unstim / P3C4+Nigericin","PPT1","P50897","P50897","PPT1_HUMAN","Palmitoyl-protein thioesterase 1","P50897_S199_M1_19","HexNAc (ST)",2.18875809858501,0.555560023748113,0.0828349838794782,6,"Not significant"
"Unstim / P3C4+Nigericin","CHMP4B","Q9H444","Q9H444","CHM4B_HUMAN","Charged multivesicular body protein 4b","Q9H444_T21_M1_19","HexNAc (ST)",0.681529487525397,0.558707288829503,0.0865934359511453,6,"Not significant"
"Unstim / P3C4+Nigericin","RPL31","P62899","P62899","RL31_HUMAN","Large ribosomal subunit protein eL31","P62899_T26_M1_19","HexNAc (ST)",-0.892996277975081,0.562548161994439,0.0918109027080655,6,"Not significant"
"Unstim / P3C4+Nigericin","GLO1","Q04760","Q04760","LGUL_HUMAN","Lactoylglutathione lyase","Q04760_S137_M1_19","HexNAc (ST)",1.09713770460015,0.563769851196566,0.0934820543889427,6,"Not significant"
"Unstim / P3C4+Nigericin","AHNAK","Q09666","Q09666","AHNK_HUMAN","Neuroblast differentiation-associated protein AHNAK","Q09666_S5151_M1_19","HexNAc (ST)",1.28146964245025,0.567042646621581,0.0985077556113394,6,"Not significant"
"Unstim / P3C4+Nigericin","HMGB1","P09429","P09429","HMGB1_HUMAN","High mobility group protein B1","P09429_S121_M1_19","HexNAc (ST)",1.21942718335815,0.567221595465526,0.0992156948660359,6,"Not significant"
"Unstim / P3C4+Nigericin","RAP1A","P62834","P62834","RAP1A_HUMAN","Ras-related protein Rap-1A","P62834_T106_M1_19","HexNAc (ST)",1.03666992561833,0.567221595465526,0.0990728543405464,6,"Not significant"
"Unstim / P3C4+Nigericin","MYH9","P35579","P35579","MYH9_HUMAN","Myosin-9","P35579_T1276_M1_19","HexNAc (ST)",-0.499950262277383,0.567800874853919,0.10010182344574,5,"Not significant"
"Unstim / P3C4+Nigericin","ACTR3","P61158","P61158","ARP3_HUMAN","Actin-related protein 3","P61158_S354_M2_19","HexNAc (ST)",0.650482070282101,0.56901586456967,0.101357988279766,6,"Not significant"
"Unstim / P3C4+Nigericin","ACTR3","P61158","P61158","ARP3_HUMAN","Actin-related protein 3","P61158_S350_M2_19","HexNAc (ST)",0.650482070282101,0.56901586456967,0.101357988279766,6,"Not significant"
"Unstim / P3C4+Nigericin","SIAE","Q9HAT2","Q9HAT2","SIAE_HUMAN","Sialate O-acetylesterase","Q9HAT2_T403_M1_19","HexNAc (ST)",0.835950011074834,0.571971513975901,0.105726647703898,6,"Not significant"
"Unstim / P3C4+Nigericin","SP140L","Q9H930","Q9H930","SP14L_HUMAN","Nuclear body protein SP140-like protein","Q9H930_T71_M1_19","HexNAc (ST)",0.993796554557049,0.573514314340722,0.108350008246931,6,"Not significant"
"Unstim / P3C4+Nigericin","CLTC","Q00610","Q00610","CLH1_HUMAN","Clathrin heavy chain 1","Q00610_T339_M1_19","HexNAc (ST)",-0.600783961822414,0.573555047256335,0.108479426271838,6,"Not significant"
"Unstim / P3C4+Nigericin","ANXA6","P08133","P08133","ANXA6_HUMAN","Annexin A6","P08133_S49_M2_19","HexNAc (ST)",-1.14920134945684,0.575370209069129,0.111414193607089,6,"Not significant"
"Unstim / P3C4+Nigericin","GPX1","P07203","P07203","GPX1_HUMAN","Glutathione peroxidase 1","P07203_S34_M2_19","HexNAc (ST)",1.21546421260436,0.576892033014869,0.114336205821116,6,"Not significant"
"Unstim / P3C4+Nigericin","RUNX2","Q13950","Q13950","RUNX2_HUMAN","Runt-related transcription factor 2","Q13950_T135_M1_19","HexNAc (ST)",1.24479988788328,0.579852018643053,0.119110157344375,6,"Not significant"
"Unstim / P3C4+Nigericin","RAB4A","P20338","P20338","RAB4A_HUMAN","Ras-related protein Rab-4A","P20338_T69_M1_19","HexNAc (ST)",0.758060374313472,0.580420072467572,0.12019140507931,6,"Not significant"
"Unstim / P3C4+Nigericin","SERPINB8","P50452","P50452","SPB8_HUMAN","Serpin B8","P50452_S276_M1_19","HexNAc (ST)",2.4851947461055,0.587120411182756,0.132516656873675,6,"Not significant"
"Unstim / P3C4+Nigericin","NOP58","Q9Y2X3","Q9Y2X3","NOP58_HUMAN","Nucleolar protein 58","Q9Y2X3_T61_M2_19","HexNAc (ST)",0.585615839463891,0.588492298823576,0.135884627047194,6,"Not significant"
"Unstim / P3C4+Nigericin","NOP58","Q9Y2X3","Q9Y2X3","NOP58_HUMAN","Nucleolar protein 58","Q9Y2X3_T53_M2_19","HexNAc (ST)",0.585615839463891,0.588492298823576,0.135884627047194,6,"Not significant"
"Unstim / P3C4+Nigericin","CDC123","O75794","O75794","CD123_HUMAN","Cell division cycle protein 123 homolog","O75794_T315_M2_19","HexNAc (ST)",0.445044935582219,0.589472048032909,0.138026359589786,6,"Not significant"
"Unstim / P3C4+Nigericin","QKI","Q96PU8","Q96PU8","QKI_HUMAN","KH domain-containing RNA-binding protein QKI","Q96PU8_T14_M1_19","HexNAc (ST)",1.17163714032318,0.589519481359051,0.13809661197663,6,"Not significant"
"Unstim / P3C4+Nigericin","CLIC1","O00299","O00299","CLIC1_HUMAN","Chloride intracellular channel protein 1","O00299_T198_M1_19","HexNAc (ST)",0.644202378286322,0.589715385645617,0.138603125248792,6,"Not significant"
"Unstim / P3C4+Nigericin","DMAP1","Q9NPF5","Q9NPF5","DMAP1_HUMAN","DNA methyltransferase 1-associated protein 1","Q9NPF5_T237_M1_19","HexNAc (ST)",0.862301766396954,0.594947747881494,0.147573296834141,6,"Not significant"
"Unstim / P3C4+Nigericin","IRGQ","Q8WZA9","Q8WZA9","IRGQ_HUMAN","Immunity-related GTPase family Q protein","Q8WZA9_S21_M1_19","HexNAc (ST)",2.12219290272787,0.594963848493881,0.147645826006123,4,"Not significant"
"Unstim / P3C4+Nigericin","RPS28","P62857","P62857","RS28_HUMAN","Small ribosomal subunit protein eS28","P62857_S61_M1_19","HexNAc (ST)",0.459299428266225,0.59530024989886,0.148282076097133,6,"Not significant"
"Unstim / P3C4+Nigericin","ACOX3","O15254","O15254","ACOX3_HUMAN","Peroxisomal acyl-coenzyme A oxidase 3","O15254_T235_M1_19","HexNAc (ST)",1.52194031052212,0.595305183507281,0.148316814043887,6,"Not significant"
"Unstim / P3C4+Nigericin","PGAM1","P18669","P18669","PGAM1_HUMAN","Phosphoglycerate mutase 1","P18669_T159_M1_19","HexNAc (ST)",1.34771046965031,0.595305183507281,0.148438364522406,6,"Not significant"
"Unstim / P3C4+Nigericin","AHNAK","Q09666","Q09666","AHNK_HUMAN","Neuroblast differentiation-associated protein AHNAK","Q09666_T490_M1_19","HexNAc (ST)",1.26701150747687,0.596661471966246,0.152022560464176,6,"Not significant"
"Unstim / P3C4+Nigericin","PTRH1","Q86Y79","Q86Y79","PTH_HUMAN","Peptidyl-tRNA hydrolase","Q86Y79_S181_M1_19","HexNAc (ST)",2.68203024162062,0.596985513959783,0.152483308443737,6,"Not significant"
"Unstim / P3C4+Nigericin","H1-5","P16401","P16401","H15_HUMAN","Histone H1.5","P16401_S61_M1_19","HexNAc (ST)",0.508982157198043,0.597670246053962,0.154021577219604,6,"Not significant"
"Unstim / P3C4+Nigericin","MSN","P26038","P26038","MOES_HUMAN","Moesin","P26038_S440_M1_19","HexNAc (ST)",1.40752126614987,0.597953587852622,0.154426368183048,6,"Not significant"
"Unstim / P3C4+Nigericin","ING1","Q9UK53","Q9UK53","ING1_HUMAN","Inhibitor of growth protein 1","Q9UK53_S236_M2_19","HexNAc (ST)",0.995366764389578,0.59943616600013,0.156947848595057,6,"Not significant"
"Unstim / P3C4+Nigericin","ING1","Q9UK53","Q9UK53","ING1_HUMAN","Inhibitor of growth protein 1","Q9UK53_S224_M2_19","HexNAc (ST)",0.995366764389578,0.59943616600013,0.156947848595057,6,"Not significant"
"Unstim / P3C4+Nigericin","NCL","P19338","P19338","NUCL_HUMAN","Nucleolin","P19338_S319_M1_19","HexNAc (ST)",1.0243883767891,0.599588744255789,0.157266700477239,6,"Not significant"
"Unstim / P3C4+Nigericin","PDIA6","Q15084","Q15084","PDIA6_HUMAN","Protein disulfide-isomerase A6","Q15084_S230_M1_19","HexNAc (ST)",0.531340065970453,0.600068051532678,0.15792628020455,5,"Not significant"
"Unstim / P3C4+Nigericin","NAPRT","Q6XQN6","Q6XQN6","PNCB_HUMAN","Nicotinate phosphoribosyltransferase","Q6XQN6_S420_M1_19","HexNAc (ST)",1.08491517474612,0.600596601925241,0.158649099508228,4,"Not significant"
"Unstim / P3C4+Nigericin","CFL1","P23528","P23528","COF1_HUMAN","Cofilin-1","P23528_T129_M1_19","HexNAc (ST)",1.07927027122543,0.600931708066291,0.159410033135973,6,"Not significant"
"Unstim / P3C4+Nigericin","NCF2","P19878","P19878","NCF2_HUMAN","Neutrophil cytosol factor 2","P19878_T233_M1_19","HexNAc (ST)",0.929058140471148,0.601557166609952,0.160746514999763,6,"Not significant"
"Unstim / P3C4+Nigericin","DHX15","O43143","O43143","DHX15_HUMAN","ATP-dependent RNA helicase DHX15","O43143_T498_M1_19","HexNAc (ST)",0.862349076766389,0.60168011851143,0.161149607666795,5,"Not significant"
"Unstim / P3C4+Nigericin","PER1","O15534","O15534","PER1_HUMAN","Period circadian protein homolog 1","O15534_S1186_M1_19","HexNAc (ST)",-0.564859529419343,0.603121480649919,0.18187776564972,6,"Not significant"
"Unstim / P3C4+Nigericin","ACTN4","O43707","O43707","ACTN4_HUMAN","Alpha-actinin-4","O43707_T519_M1_19","HexNAc (ST)",7.13110182546047,0.603121480649919,0.191028208401331,6,"Not significant"
"Unstim / P3C4+Nigericin","CA2","P00918","P00918","CAH2_HUMAN","Carbonic anhydrase 2","P00918_S73_M1_19","HexNAc (ST)",0.846903332357371,0.603121480649919,0.179005179484709,6,"Not significant"
"Unstim / P3C4+Nigericin","GAPDH","P04406","P04406","G3P_HUMAN","Glyceraldehyde-3-phosphate dehydrogenase","P04406_T211_M2_19","HexNAc (ST)",0.902280619428612,0.603121480649919,0.167385592735063,6,"Not significant"
"Unstim / P3C4+Nigericin","GAPDH","P04406","P04406","G3P_HUMAN","Glyceraldehyde-3-phosphate dehydrogenase","P04406_S210_M2_19","HexNAc (ST)",0.902280619428612,0.603121480649919,0.167385592735063,6,"Not significant"
"Unstim / P3C4+Nigericin","GSN","P06396","P06396","GELS_HUMAN","Gelsolin","P06396_S537_M1_19","HexNAc (ST)",0.537537352528393,0.603121480649919,0.169560644532811,6,"Not significant"
"Unstim / P3C4+Nigericin","NPM1","P06748","P06748","NPM_HUMAN","Nucleophosmin","P06748_T75_M3_19","HexNAc (ST)",-1.12557887938908,0.603121480649919,0.171784681075889,4,"Not significant"
"Unstim / P3C4+Nigericin","HSPA5","P11021","P11021","BIP_HUMAN","Endoplasmic reticulum chaperone BiP","P11021_S571_M1_19","HexNAc (ST)",-0.242445849488256,0.603121480649919,0.192925622230003,6,"Not significant"
"Unstim / P3C4+Nigericin","H1-3","P16402","P16402","H13_HUMAN","Histone H1.3","P16402_S56_M2_19","HexNAc (ST)",0.18201167897385,0.603121480649919,0.189307191931609,5,"Not significant"
"Unstim / P3C4+Nigericin","SFPQ","P23246","P23246","SFPQ_HUMAN","Splicing factor, proline- and glutamine-rich","P23246_S521_M1_19","HexNAc (ST)",7.7630458983467,0.603121480649919,0.194973508147908,6,"Not significant"
"Unstim / P3C4+Nigericin","CALR","P27797","P27797","CALR_HUMAN","Calreticulin","P27797_S53_M2_19","HexNAc (ST)",0.581012733867556,0.603121480649919,0.189615379631933,6,"Not significant"
"Unstim / P3C4+Nigericin","CALR","P27797","P27797","CALR_HUMAN","Calreticulin","P27797_S52_M2_19","HexNAc (ST)",0.581012733867556,0.603121480649919,0.189615379631933,6,"Not significant"
"Unstim / P3C4+Nigericin","MAP4","P27816","P27816","MAP4_HUMAN","Microtubule-associated protein 4","P27816_T354_M1_19","HexNAc (ST)",-7.52699940415365,0.603121480649919,0.182702670830402,6,"Not significant"
"Unstim / P3C4+Nigericin","COL18A1","P39060","P39060","COIA1_HUMAN","Collagen alpha-1(XVIII) chain","P39060_S1377_M1_19","HexNAc (ST)",6.56557263589561,0.603121480649919,0.187222956900647,6,"Not significant"
"Unstim / P3C4+Nigericin","AHNAK","Q09666","Q09666","AHNK_HUMAN","Neuroblast differentiation-associated protein AHNAK","Q09666_S1324_M1_19","HexNAc (ST)",0.984359032882082,0.603121480649919,0.165589762999557,6,"Not significant"
"Unstim / P3C4+Nigericin","AHNAK","Q09666","Q09666","AHNK_HUMAN","Neuroblast differentiation-associated protein AHNAK","Q09666_S3672_M1_19","HexNAc (ST)",1.09507697938554,0.603121480649919,0.172437349768699,6,"Not significant"
"Unstim / P3C4+Nigericin","ELP6","Q0PNE2","Q0PNE2","ELP6_HUMAN","Elongator complex protein 6","Q0PNE2_S89_M1_19","HexNAc (ST)",-6.22129661888922,0.603121480649919,0.181022241297408,6,"Not significant"
"Unstim / P3C4+Nigericin","MIX23","Q4VC31","Q4VC31","MIX23_HUMAN","Protein MIX23","Q4VC31_S114_M1_19","HexNAc (ST)",-3.66792111478446,0.603121480649919,0.182940490770347,6,"Not significant"
"Unstim / P3C4+Nigericin","NUP54","Q7Z3B4","Q7Z3B4","NUP54_HUMAN","Nucleoporin p54","Q7Z3B4_S319_M1_19","HexNAc (ST)",0.595601212228554,0.603121480649919,0.192979554650396,6,"Not significant"
"Unstim / P3C4+Nigericin","DNAJB14","Q8TBM8","Q8TBM8","DJB14_HUMAN","DnaJ homolog subfamily B member 14","Q8TBM8_S160_M1_19","HexNAc (ST)",1.5649001846305,0.603121480649919,0.181549236921305,6,"Not significant"
"Unstim / P3C4+Nigericin","RUVBL2","Q9Y230","Q9Y230","RUVB2_HUMAN","RuvB-like 2","Q9Y230_T194_M1_19","HexNAc (ST)",0.37307860884297,0.603121480649919,0.193375874844226,6,"Not significant"
"Unstim / P3C4+Nigericin","CCDC9","Q9Y3X0","Q9Y3X0","CCDC9_HUMAN","Coiled-coil domain-containing protein 9","Q9Y3X0_S70_M1_19","HexNAc (ST)",-0.429433065695006,0.603121480649919,0.170736922772359,6,"Not significant"
"Unstim / P3C4+Nigericin","FLG2","Cont_Q5D862;Q5D862","Cont_Q5D862;Q5D862","FILA2_HUMAN","Filaggrin-2","Cont_Q5D862_S7_M2_19","HexNAc (ST)",5.55374785475224,0.603121480649919,0.193792373693515,6,"Not significant"
"Unstim / P3C4+Nigericin","FLG2","Cont_Q5D862;Q5D862","Cont_Q5D862;Q5D862","FILA2_HUMAN","Filaggrin-2","Q5D862_S7_M2_19","HexNAc (ST)",5.55374785475224,0.603121480649919,0.193792373693515,6,"Not significant"
"Unstim / P3C4+Nigericin","GLRX5","Q86SX6","Q86SX6","GLRX5_HUMAN","Glutaredoxin-related protein 5, mitochondrial","Q86SX6_S70_M2_19","HexNAc (ST)",0.448723317770189,0.603121480649919,0.167880670652257,6,"Not significant"
"Unstim / P3C4+Nigericin","HNRNPA1","P09651","P09651","ROA1_HUMAN","Heterogeneous nuclear ribonucleoprotein A1","P09651_T64_M1_19","HexNAc (ST)",1.39064777425864,0.603121480649919,0.17362726907416,5,"Not significant"
"Unstim / P3C4+Nigericin","MACROH2A1","O75367","O75367","H2AY_HUMAN","Core histone macro-H2A.1","O75367_S260_M1_19","HexNAc (ST)",0.61083139273239,0.603202993881853,0.197474417628653,6,"Not significant"
"Unstim / P3C4+Nigericin","HSPA1A;HSPA1B","P0DMV8;P0DMV9","P0DMV8;P0DMV9","HS71A_HUMAN;HS71B_HUMAN","Heat shock 70 kDa protein 1A;Heat shock 70 kDa protein 1B","P0DMV8_S307_M1_19","HexNAc (ST)",0.363251103723558,0.603202993881853,0.199337286754435,6,"Not significant"
"Unstim / P3C4+Nigericin","HSPA1A;HSPA1B","P0DMV8;P0DMV9","P0DMV8;P0DMV9","HS71A_HUMAN;HS71B_HUMAN","Heat shock 70 kDa protein 1A;Heat shock 70 kDa protein 1B","P0DMV9_S307_M1_19","HexNAc (ST)",0.363251103723558,0.603202993881853,0.199337286754435,6,"Not significant"
"Unstim / P3C4+Nigericin","PSMC3","P17980","P17980","PRS6A_HUMAN","26S proteasome regulatory subunit 6A","P17980_T293_M2_19","HexNAc (ST)",4.02781427879674,0.603202993881853,0.198175230878386,6,"Not significant"
"Unstim / P3C4+Nigericin","PSMC3","P17980","P17980","PRS6A_HUMAN","26S proteasome regulatory subunit 6A","P17980_S281_M2_19","HexNAc (ST)",4.02781427879674,0.603202993881853,0.198175230878386,6,"Not significant"
"Unstim / P3C4+Nigericin","TUBB4B","P68371","P68371","TBB4B_HUMAN","Tubulin beta-4B chain","P68371_S322_M1_19","HexNAc (ST)",-1.07518038215028,0.603202993881853,0.197688002304781,6,"Not significant"
"Unstim / P3C4+Nigericin","AHNAK","Q09666","Q09666","AHNK_HUMAN","Neuroblast differentiation-associated protein AHNAK","Q09666_S2542_M1_19","HexNAc (ST)",0.816693449848221,0.603481697469688,0.20068676511226,6,"Not significant"
"Unstim / P3C4+Nigericin","AHNAK","Q09666","Q09666","AHNK_HUMAN","Neuroblast differentiation-associated protein AHNAK","Q09666_S1654_M1_19","HexNAc (ST)",1.15185863267375,0.603492454196053,0.200745083900867,6,"Not significant"
"Unstim / P3C4+Nigericin","AHNAK","Q09666","Q09666","AHNK_HUMAN","Neuroblast differentiation-associated protein AHNAK","Q09666_S1856_M1_19","HexNAc (ST)",1.15185863267375,0.603492454196053,0.200745083900867,6,"Not significant"
"Unstim / P3C4+Nigericin","AHNAK","Q09666","Q09666","AHNK_HUMAN","Neuroblast differentiation-associated protein AHNAK","Q09666_S1923_M1_19","HexNAc (ST)",1.15185863267375,0.603492454196053,0.200745083900867,6,"Not significant"
"Unstim / P3C4+Nigericin","AHNAK","Q09666","Q09666","AHNK_HUMAN","Neuroblast differentiation-associated protein AHNAK","Q09666_S2118_M1_19","HexNAc (ST)",1.15185863267375,0.603492454196053,0.200745083900867,6,"Not significant"
"Unstim / P3C4+Nigericin","DPP3","Q9NY33","Q9NY33","DPP3_HUMAN","Dipeptidyl peptidase 3","Q9NY33_S692_M2_19","HexNAc (ST)",-0.753230590359966,0.603526448284182,0.200887790302926,5,"Not significant"
"Unstim / P3C4+Nigericin","RTRAF","Q9Y224","Q9Y224","RTRAF_HUMAN","RNA transcription, translation and transport factor protein","Q9Y224_T175_M1_19","HexNAc (ST)",6.03147960836165,0.603590930180864,0.202654128126128,6,"Not significant"
"Unstim / P3C4+Nigericin","HMGB2","P26583","P26583","HMGB2_HUMAN","High mobility group protein B2","P26583_S58_M1_19","HexNAc (ST)",2.34228548267368,0.603665898854704,0.203549893687848,6,"Not significant"
"Unstim / P3C4+Nigericin","ALDOA","Cont_P00883","Cont_P00883","ALDOA_RABIT","Fructose-bisphosphate aldolase A","Cont_P00883_S4_M1_19","HexNAc (ST)",1.87562832076219,0.604237809055336,0.20593881448535,6,"Not significant"
"Unstim / P3C4+Nigericin","CCT8","P50990","P50990","TCPQ_HUMAN","T-complex protein 1 subunit theta","P50990_S150_M1_19","HexNAc (ST)",-5.20770213744435,0.604532368283328,0.207998128166919,6,"Not significant"
"Unstim / P3C4+Nigericin","PECAM1","P16284","P16284","PECA1_HUMAN","Platelet endothelial cell adhesion molecule","P16284_T533_M1_19","HexNAc (ST)",1.00455595960571,0.604984936072831,0.210097361376847,6,"Not significant"
"Unstim / P3C4+Nigericin","AHNAK","Q09666","Q09666","AHNK_HUMAN","Neuroblast differentiation-associated protein AHNAK","Q09666_S3894_M1_19","HexNAc (ST)",1.33342673587228,0.605043898694828,0.21048914178818,6,"Not significant"
"Unstim / P3C4+Nigericin","AHNAK","Q09666","Q09666","AHNK_HUMAN","Neuroblast differentiation-associated protein AHNAK","Q09666_S886_M1_19","HexNAc (ST)",0.427822042073433,0.605215896427428,0.212105948319828,6,"Not significant"
"Unstim / P3C4+Nigericin","AHNAK","Q09666","Q09666","AHNK_HUMAN","Neuroblast differentiation-associated protein AHNAK","Q09666_S1721_M1_19","HexNAc (ST)",0.427822042073433,0.605215896427428,0.212105948319828,6,"Not significant"
"Unstim / P3C4+Nigericin","AHNAK","Q09666","Q09666","AHNK_HUMAN","Neuroblast differentiation-associated protein AHNAK","Q09666_S2057_M1_19","HexNAc (ST)",0.427822042073433,0.605215896427428,0.212105948319828,6,"Not significant"
"Unstim / P3C4+Nigericin","AHNAK","Q09666","Q09666","AHNK_HUMAN","Neuroblast differentiation-associated protein AHNAK","Q09666_S2519_M1_19","HexNAc (ST)",0.427822042073433,0.605215896427428,0.212105948319828,6,"Not significant"
"Unstim / P3C4+Nigericin","AHNAK","Q09666","Q09666","AHNK_HUMAN","Neuroblast differentiation-associated protein AHNAK","Q09666_S2903_M1_19","HexNAc (ST)",0.427822042073433,0.605215896427428,0.212105948319828,6,"Not significant"
"Unstim / P3C4+Nigericin","TRIP12","Q14669","Q14669","TRIPC_HUMAN","E3 ubiquitin-protein ligase TRIP12","Q14669_T758_M1_19","HexNAc (ST)",0.651118427428653,0.605954797991265,0.215350360053842,6,"Not significant"
"Unstim / P3C4+Nigericin","AHNAK","Q09666","Q09666","AHNK_HUMAN","Neuroblast differentiation-associated protein AHNAK","Q09666_S2333_M1_19","HexNAc (ST)",4.24945435664737,0.606030087823053,0.215997203759082,6,"Not significant"
"Unstim / P3C4+Nigericin","MDN1","Q9NU22","Q9NU22","MDN1_HUMAN","Midasin","Q9NU22_S2818_M1_19","HexNAc (ST)",1.5973406914202,0.606241181693605,0.216563903632071,6,"Not significant"
"Unstim / P3C4+Nigericin","CAMK1","Q14012","Q14012","KCC1A_HUMAN","Calcium/calmodulin-dependent protein kinase type 1","Q14012_S62_M1_19","HexNAc (ST)",4.15443842123352,0.606426210256566,0.21731315414286,6,"Not significant"
"Unstim / P3C4+Nigericin","QKI","Q96PU8","Q96PU8","QKI_HUMAN","KH domain-containing RNA-binding protein QKI","Q96PU8_T156_M1_19","HexNAc (ST)",3.04864682238137,0.606499803949079,0.21754639032103,6,"Not significant"
"Unstim / P3C4+Nigericin","AHNAK","Q09666","Q09666","AHNK_HUMAN","Neuroblast differentiation-associated protein AHNAK","Q09666_S909_M1_19","HexNAc (ST)",-7.58138936269804,0.606925809388949,0.219378171850658,6,"Not significant"
"Unstim / P3C4+Nigericin","PHB1","P35232","P35232","PHB1_HUMAN","Prohibitin 1","P35232_S218_M1_19","HexNAc (ST)",-0.719499711915333,0.607605839214703,0.221948613484443,5,"Not significant"
"Unstim / P3C4+Nigericin","AHNAK","Q09666","Q09666","AHNK_HUMAN","Neuroblast differentiation-associated protein AHNAK","Q09666_T1192_M2_19","HexNAc (ST)",2.56896405629007,0.607802249382301,0.222912304442767,6,"Not significant"
"Unstim / P3C4+Nigericin","AHNAK","Q09666","Q09666","AHNK_HUMAN","Neuroblast differentiation-associated protein AHNAK","Q09666_T1986_M2_19","HexNAc (ST)",2.56896405629007,0.607802249382301,0.222912304442767,6,"Not significant"
"Unstim / P3C4+Nigericin","NAP1L1","P55209","P55209","NP1L1_HUMAN","Nucleosome assembly protein 1-like 1","P55209_T39_M1_19","HexNAc (ST)",-0.748854409706927,0.607839973181297,0.22298377183443,6,"Not significant"
"Unstim / P3C4+Nigericin","RNASET2","O00584","O00584","RNT2_HUMAN","Ribonuclease T2","O00584_S103_M1_19","HexNAc (ST)",1.5692843913844,0.6081250356648,0.223996748230518,6,"Not significant"
"Unstim / P3C4+Nigericin","LMNB1","P20700","P20700","LMNB1_HUMAN","Lamin-B1","P20700_T188_M1_19","HexNAc (ST)",1.02304361504422,0.608465606753595,0.225050315136288,6,"Not significant"
"Unstim / P3C4+Nigericin","RSF1","Q96T23","Q96T23","RSF1_HUMAN","Remodeling and spacing factor 1","Q96T23_T506_M2_19","HexNAc (ST)",2.739230201494,0.608757725924449,0.225906799677139,6,"Not significant"
"Unstim / P3C4+Nigericin","RSF1","Q96T23","Q96T23","RSF1_HUMAN","Remodeling and spacing factor 1","Q96T23_T499_M2_19","HexNAc (ST)",2.739230201494,0.608757725924449,0.225906799677139,6,"Not significant"
"Unstim / P3C4+Nigericin","ENO2","P09104","P09104","ENOG_HUMAN","Gamma-enolase","P09104_S221_M1_19","HexNAc (ST)",1.62092982298968,0.609468089343217,0.228513769598383,5,"Not significant"
"Unstim / P3C4+Nigericin","PRSS1","Cont_P00760","Cont_P00760","TRY1_BOVIN","Serine protease 1","Cont_P00760_S169_M2_19","HexNAc (ST)",0.896066242438944,0.610063509873628,0.231013329456096,6,"Not significant"
"Unstim / P3C4+Nigericin","P4HB","P07237","P07237","PDIA1_HUMAN","Protein disulfide-isomerase","P07237_T244_M1_19","HexNAc (ST)",-0.743789311165221,0.610101377108926,0.231082094318836,6,"Not significant"
"Unstim / P3C4+Nigericin","CCT8","P50990","P50990","TCPQ_HUMAN","T-complex protein 1 subunit theta","P50990_T71_M1_19","HexNAc (ST)",0.671712604872229,0.610218280374424,0.231518816163973,5,"Not significant"
"Unstim / P3C4+Nigericin","ARPC4","P59998","P59998","ARPC4_HUMAN","Actin-related protein 2/3 complex subunit 4","P59998_S54_M1_19","HexNAc (ST)",1.09258254770345,0.610994931045119,0.23376577914503,4,"Not significant"
"Unstim / P3C4+Nigericin","PDIA3","P30101","P30101","PDIA3_HUMAN","Protein disulfide-isomerase A3","P30101_T319_M2_19","HexNAc (ST)",-0.268720933057319,0.611141997278123,0.234585310290656,6,"Not significant"
"Unstim / P3C4+Nigericin","CAPG","P40121","P40121","CAPG_HUMAN","Macrophage-capping protein","P40121_S255_M2_19","HexNAc (ST)",0.427472286301484,0.61211361229657,0.238529652864807,6,"Not significant"
"Unstim / P3C4+Nigericin","EIPR1","Q53HC9","Q53HC9","EIPR1_HUMAN","EARP and GARP complex-interacting protein 1","Q53HC9_S36_M2_19","HexNAc (ST)",1.87734366247059,0.613069794263937,0.241834080256812,6,"Not significant"
"Unstim / P3C4+Nigericin","EIPR1","Q53HC9","Q53HC9","EIPR1_HUMAN","EARP and GARP complex-interacting protein 1","Q53HC9_T34_M2_19","HexNAc (ST)",1.87734366247059,0.613069794263937,0.241834080256812,6,"Not significant"
"Unstim / P3C4+Nigericin","LARP4","Q71RC2","Q71RC2","LARP4_HUMAN","La-related protein 4","Q71RC2_T168_M2_19","HexNAc (ST)",-0.780814542060959,0.613323691122869,0.243459042228095,6,"Not significant"
"Unstim / P3C4+Nigericin","LARP4","Q71RC2","Q71RC2","LARP4_HUMAN","La-related protein 4","Q71RC2_T167_M2_19","HexNAc (ST)",-0.780814542060959,0.613323691122869,0.243459042228095,6,"Not significant"
"Unstim / P3C4+Nigericin","SQOR","Q9Y6N5","Q9Y6N5","SQOR_HUMAN","Sulfide:quinone oxidoreductase, mitochondrial","Q9Y6N5_S299_M1_19","HexNAc (ST)",0.59791098882508,0.614341008394348,0.247056901022987,5,"Not significant"
"Unstim / P3C4+Nigericin","TOP1","P11387","P11387","TOP1_HUMAN","DNA topoisomerase 1","P11387_T258_M2_19","HexNAc (ST)",7.7211292280195,0.614605961859189,0.247685106553147,5,"Not significant"
"Unstim / P3C4+Nigericin","PSMC3","P17980","P17980","PRS6A_HUMAN","26S proteasome regulatory subunit 6A","P17980_S281_M1_19","HexNAc (ST)",1.16276965319188,0.617487857412935,0.255799605040747,4,"Not significant"
"Unstim / P3C4+Nigericin","ITGB1","P05556","P05556","ITB1_HUMAN","Integrin beta-1","P05556_T112_M1_19","HexNAc (ST)",0.827956874444087,0.618850569006073,0.258752105646127,6,"Not significant"
"Unstim / P3C4+Nigericin","ACTR3B","Q9P1U1","Q9P1U1","ARP3B_HUMAN","Actin-related protein 3B","Q9P1U1_T74_M1_19","HexNAc (ST)",2.57485204442366,0.618944803230652,0.258961567606858,6,"Not significant"
"Unstim / P3C4+Nigericin","MACROH2A1","O75367","O75367","H2AY_HUMAN","Core histone macro-H2A.1","O75367_T57_M1_19","HexNAc (ST)",-1.47586008341424,0.619195381747652,0.259631482209865,6,"Not significant"
"Unstim / P3C4+Nigericin","H4C1","P62805","P62805","H4_HUMAN","Histone H4","P62805_T83_M2_19","HexNAc (ST)",-0.589127660609589,0.622941488812101,0.268462151475635,6,"Not significant"
"Unstim / P3C4+Nigericin","H4C1","P62805","P62805","H4_HUMAN","Histone H4","P62805_T81_M2_19","HexNAc (ST)",-0.589127660609589,0.622941488812101,0.268462151475635,6,"Not significant"
"Unstim / P3C4+Nigericin","TAGLN2","P37802","P37802","TAGL2_HUMAN","Transgelin-2","P37802_T60_M1_19","HexNAc (ST)",0.585342490060304,0.624060296839837,0.271427342769011,6,"Not significant"
"Unstim / P3C4+Nigericin","SIPA1L3","O60292","O60292","SI1L3_HUMAN","Signal-induced proliferation-associated 1-like protein 3","O60292_S851_M2_19","HexNAc (ST)",-1.15142690676707,0.624461537650262,0.272809242613672,6,"Not significant"
"Unstim / P3C4+Nigericin","SIPA1L3","O60292","O60292","SI1L3_HUMAN","Signal-induced proliferation-associated 1-like protein 3","O60292_T850_M2_19","HexNAc (ST)",-1.15142690676707,0.624461537650262,0.272809246749743,6,"Not significant"
"Unstim / P3C4+Nigericin","VIM","P08670","P08670","VIME_HUMAN","Vimentin","P08670_S278_M1_19","HexNAc (ST)",2.25666650316705,0.624516840457608,0.272985725788761,6,"Not significant"
"Unstim / P3C4+Nigericin","ITGAV","P06756","P06756","ITAV_HUMAN","Integrin alpha-V","P06756_T586_M2_19","HexNAc (ST)",-0.59201314182212,0.625197199140835,0.274744965212219,6,"Not significant"
"Unstim / P3C4+Nigericin","ITGAV","P06756","P06756","ITAV_HUMAN","Integrin alpha-V","P06756_T583_M2_19","HexNAc (ST)",-0.59201314182212,0.625197199140835,0.274744965212219,6,"Not significant"
"Unstim / P3C4+Nigericin","VCP","P55072","P55072","TERA_HUMAN","Transitional endoplasmic reticulum ATPase","P55072_T623_M1_19","HexNAc (ST)",1.9373313198125,0.626344803479471,0.278011697348631,6,"Not significant"
"Unstim / P3C4+Nigericin","MANF","P55145","P55145","MANF_HUMAN","Mesencephalic astrocyte-derived neurotrophic factor","P55145_T129_M1_19","HexNAc (ST)",0.63484614191409,0.627314917095628,0.280539165720466,4,"Not significant"
"Unstim / P3C4+Nigericin","NUP62","P37198","P37198","NUP62_HUMAN","Nuclear pore glycoprotein p62","P37198_T433_M1_19","HexNAc (ST)",0.810867187324272,0.627656879369793,0.281713786538841,6,"Not significant"
"Unstim / P3C4+Nigericin","MED17","Q9NVC6","Q9NVC6","MED17_HUMAN","Mediator of RNA polymerase II transcription subunit 17","Q9NVC6_S152_M1_19","HexNAc (ST)",0.638282923182167,0.628529283177558,0.284523799147957,6,"Not significant"
"Unstim / P3C4+Nigericin","ARHGAP18","Q8N392","Q8N392","RHG18_HUMAN","Rho GTPase-activating protein 18","Q8N392_T327_M1_19","HexNAc (ST)",2.06568992541748,0.629503572853896,0.287094040902601,6,"Not significant"
"Unstim / P3C4+Nigericin","NaN","Cont_P02081","Cont_P02081","HBBF_BOVIN","Hemoglobin fetal subunit beta","Cont_P02081_S12_M2_19","HexNAc (ST)",0.443025530683273,0.630388813606534,0.289840477677788,6,"Not significant"
"Unstim / P3C4+Nigericin","NaN","Cont_P02081","Cont_P02081","HBBF_BOVIN","Hemoglobin fetal subunit beta","Cont_P02081_T11_M2_19","HexNAc (ST)",0.443025530683273,0.630388813606534,0.289840477677788,6,"Not significant"
"Unstim / P3C4+Nigericin","P4HA1","P13674","P13674","P4HA1_HUMAN","Prolyl 4-hydroxylase subunit alpha-1","P13674_S345_M1_19","HexNAc (ST)",-1.82412133816073,0.630514977730664,0.290359379257083,6,"Not significant"
"Unstim / P3C4+Nigericin","P4HB","P07237","P07237","PDIA1_HUMAN","Protein disulfide-isomerase","P07237_T101_M1_19","HexNAc (ST)",-7.61045169838711,0.633463646976869,0.298423417307494,4,"Not significant"
"Unstim / P3C4+Nigericin","HAX1","O00165","O00165","HAX1_HUMAN","HCLS1-associated protein X-1","O00165_S2_M1_19","HexNAc (ST)",0.480453683673646,0.633972537254186,0.310855725549556,6,"Not significant"
"Unstim / P3C4+Nigericin","PLXNB2","O15031","O15031","PLXB2_HUMAN","Plexin-B2","O15031_T1124_M2_19","HexNAc (ST)",0.24961259589614,0.633972537254186,0.344911383117016,6,"Not significant"
"Unstim / P3C4+Nigericin","PLXNB2","O15031","O15031","PLXB2_HUMAN","Plexin-B2","O15031_T1117_M2_19","HexNAc (ST)",0.24961259589614,0.633972537254186,0.344911383117016,6,"Not significant"
"Unstim / P3C4+Nigericin","HNRNPR","O43390","O43390","HNRPR_HUMAN","Heterogeneous nuclear ribonucleoprotein R","O43390_T270_M1_19","HexNAc (ST)",2.61213527170094,0.633972537254186,0.36007393885952,5,"Not significant"
"Unstim / P3C4+Nigericin","PLOD3","O60568","O60568","PLOD3_HUMAN","Multifunctional procollagen lysine hydroxylase and glycosyltransferase LH3","O60568_S209_M1_19","HexNAc (ST)",-0.491908104514597,0.633972537254186,0.309142468512983,6,"Not significant"
"Unstim / P3C4+Nigericin","PHF2","O75151","O75151","PHF2_HUMAN","Lysine-specific demethylase PHF2","O75151_S929_M2_19","HexNAc (ST)",-0.4578295066512,0.633972537254186,0.321763880213459,6,"Not significant"
"Unstim / P3C4+Nigericin","MACROH2A1","O75367","O75367","H2AY_HUMAN","Core histone macro-H2A.1","O75367_T290_M1_19","HexNAc (ST)",0.700202739268808,0.633972537254186,0.404514375953765,6,"Not significant"
"Unstim / P3C4+Nigericin","CS","O75390","O75390","CISY_HUMAN","Citrate synthase, mitochondrial","O75390_S97_M2_19","HexNAc (ST)",1.14734694655853,0.633972537254186,0.432590279545179,5,"Not significant"
"Unstim / P3C4+Nigericin","SEC22B","O75396","O75396","SC22B_HUMAN","Vesicle-trafficking protein SEC22b","O75396_S137_M2_19","HexNAc (ST)",3.64540759237067,0.633972537254186,0.411169054634895,6,"Not significant"
"Unstim / P3C4+Nigericin","UFL1","O94874","O94874","UFL1_HUMAN","E3 UFM1-protein ligase 1","O94874_S103_M1_19","HexNAc (ST)",0.754741082065392,0.633972537254186,0.31358527977549,6,"Not significant"
"Unstim / P3C4+Nigericin","GLUD1","P00367","P00367","DHE3_HUMAN","Glutamate dehydrogenase 1, mitochondrial","P00367_S166_M1_19","HexNAc (ST)",1.03458313768908,0.633972537254186,0.367435053392928,6,"Not significant"
"Unstim / P3C4+Nigericin","FTL","P02792","P02792","FRIL_HUMAN","Ferritin light chain","P02792_T150_M1_19","HexNAc (ST)",1.15906431042195,0.633972537254186,0.401546581632596,6,"Not significant"
"Unstim / P3C4+Nigericin","CYBB","P04839","P04839","CY24B_HUMAN","Cytochrome b-245 heavy chain","P04839_T509_M1_19","HexNAc (ST)",4.62681266832919,0.633972537254186,0.426971226328882,6,"Not significant"
"Unstim / P3C4+Nigericin","ATP1A1","P05023","P05023","AT1A1_HUMAN","Sodium/potassium-transporting ATPase subunit alpha-1","P05023_S675_M2_19","HexNAc (ST)",1.97795772883941,0.633972537254186,0.415397279494019,5,"Not significant"
"Unstim / P3C4+Nigericin","ATP5F1B","P06576","P06576","ATPB_HUMAN","ATP synthase subunit beta, mitochondrial","P06576_S253_M1_19","HexNAc (ST)",1.41692167492446,0.633972537254186,0.403126220429467,6,"Not significant"
"Unstim / P3C4+Nigericin","ENO1","P06733","P06733","ENOA_HUMAN","Alpha-enolase","P06733_S268_M2_19","HexNAc (ST)",8.22176368951475,0.633972537254186,0.42325442088401,6,"Not significant"
"Unstim / P3C4+Nigericin","P4HB","P07237","P07237","PDIA1_HUMAN","Protein disulfide-isomerase","P07237_T413_M1_19","HexNAc (ST)",0.250249007209919,0.633972537254186,0.420813025623427,6,"Not significant"
"Unstim / P3C4+Nigericin","PSAP","P07602","P07602","SAP_HUMAN","Prosaposin","P07602_T334_M1_19","HexNAc (ST)",0.924617090083532,0.633972537254186,0.405000826749987,6,"Not significant"
"Unstim / P3C4+Nigericin","ACAA1","P09110","P09110","THIK_HUMAN","3-ketoacyl-CoA thiolase, peroxisomal","P09110_S291_M1_19","HexNAc (ST)",2.9006642893065,0.633972537254186,0.432499119240992,6,"Not significant"
"Unstim / P3C4+Nigericin","SNRPA1","P09661","P09661","RU2A_HUMAN","U2 small nuclear ribonucleoprotein A'","P09661_T16_M2_19","HexNAc (ST)",0.770018262112489,0.633972537254186,0.359644805269821,6,"Not significant"
"Unstim / P3C4+Nigericin","SNRPA1","P09661","P09661","RU2A_HUMAN","U2 small nuclear ribonucleoprotein A'","P09661_T5_M2_19","HexNAc (ST)",0.770018262112489,0.633972537254186,0.359644805269821,6,"Not significant"
"Unstim / P3C4+Nigericin","ALDOC","P09972","P09972","ALDOC_HUMAN","Fructose-bisphosphate aldolase C","P09972_S160_M2_19","HexNAc (ST)",-0.584367325556262,0.633972537254186,0.333701133847463,6,"Not significant"
"Unstim / P3C4+Nigericin","ALDOC","P09972","P09972","ALDOC_HUMAN","Fructose-bisphosphate aldolase C","P09972_T158_M2_19","HexNAc (ST)",-0.584367325556262,0.633972537254186,0.333701133847463,6,"Not significant"
"Unstim / P3C4+Nigericin","H2AC11;H2AC12;H2AC14","P0C0S8;Q96KK5;Q99878","P0C0S8;Q96KK5;Q99878","H2A1_HUMAN;H2A1H_HUMAN;H2A1J_HUMAN","Histone H2A type 1;Histone H2A type 1-H;Histone H2A type 1-J","P0C0S8_T60_M1_19","HexNAc (ST)",1.39658829737853,0.633972537254186,0.328868848426313,6,"Not significant"
"Unstim / P3C4+Nigericin","H2AC11;H2AC12;H2AC14","P0C0S8;Q96KK5;Q99878","P0C0S8;Q96KK5;Q99878","H2A1_HUMAN;H2A1H_HUMAN;H2A1J_HUMAN","Histone H2A type 1;Histone H2A type 1-H;Histone H2A type 1-J","Q96KK5_T60_M1_19","HexNAc (ST)",1.39658829737853,0.633972537254186,0.328868848426313,6,"Not significant"
"Unstim / P3C4+Nigericin","H2AC11;H2AC12;H2AC14","P0C0S8;Q96KK5;Q99878","P0C0S8;Q96KK5;Q99878","H2A1_HUMAN;H2A1H_HUMAN;H2A1J_HUMAN","Histone H2A type 1;Histone H2A type 1-H;Histone H2A type 1-J","Q99878_T60_M1_19","HexNAc (ST)",1.39658829737853,0.633972537254186,0.328868848426313,6,"Not significant"
"Unstim / P3C4+Nigericin","RGPD2","P0DJD1","P0DJD1","RGPD2_HUMAN","RANBP2-like and GRIP domain-containing protein 2","P0DJD1_S1067_M1_19","HexNAc (ST)",0.331777213982996,0.633972537254186,0.341499662333563,6,"Not significant"
"Unstim / P3C4+Nigericin","GAA","P10253","P10253","LYAG_HUMAN","Lysosomal alpha-glucosidase","P10253_S688_M2_19","HexNAc (ST)",0.674147226079578,0.633972537254186,0.362074874564634,5,"Not significant"
"Unstim / P3C4+Nigericin","GAA","P10253","P10253","LYAG_HUMAN","Lysosomal alpha-glucosidase","P10253_T884_M1_19","HexNAc (ST)",0.665917023598667,0.633972537254186,0.355379932622345,6,"Not significant"
"Unstim / P3C4+Nigericin","HSPD1","P10809","P10809","CH60_HUMAN","60 kDa heat shock protein, mitochondrial","P10809_T206_M1_19","HexNAc (ST)",1.69980173935401,0.633972537254186,0.327339059544256,6,"Not significant"
"Unstim / P3C4+Nigericin","HSPA5","P11021","P11021","BIP_HUMAN","Endoplasmic reticulum chaperone BiP","P11021_T203_M2_19","HexNAc (ST)",0.311862049670564,0.633972537254186,0.380336554387594,6,"Not significant"
"Unstim / P3C4+Nigericin","HSPA5","P11021","P11021","BIP_HUMAN","Endoplasmic reticulum chaperone BiP","P11021_T189_M2_19","HexNAc (ST)",0.311862049670564,0.633972537254186,0.380336554387594,6,"Not significant"
"Unstim / P3C4+Nigericin","RNH1","P13489","P13489","RINI_HUMAN","Ribonuclease inhibitor","P13489_S50_M1_19","HexNAc (ST)",0.807543978548774,0.633972537254186,0.311638745411649,5,"Not significant"
"Unstim / P3C4+Nigericin","RNH1","P13489","P13489","RINI_HUMAN","Ribonuclease inhibitor","P13489_S84_M2_19","HexNAc (ST)",0.917539046919728,0.633972537254186,0.311037964348943,6,"Not significant"
"Unstim / P3C4+Nigericin","RNH1","P13489","P13489","RINI_HUMAN","Ribonuclease inhibitor","P13489_T82_M2_19","HexNAc (ST)",0.917539046919728,0.633972537254186,0.311037964348943,6,"Not significant"
"Unstim / P3C4+Nigericin","HSP90B1","P14625","P14625","ENPL_HUMAN","Endoplasmin","P14625_S607_M1_19","HexNAc (ST)",8.32397661213068,0.633972537254186,0.421575186714843,6,"Not significant"
"Unstim / P3C4+Nigericin","H2AX","P16104","P16104","H2AX_HUMAN","Histone H2AX","P16104_T102_M1_19","HexNAc (ST)",-1.96234941296356,0.633972537254186,0.386049158477027,6,"Not significant"
"Unstim / P3C4+Nigericin","DDX5","P17844","P17844","DDX5_HUMAN","Probable ATP-dependent RNA helicase DDX5","P17844_T436_M2_19","HexNAc (ST)",-7.1535179868099,0.633972537254186,0.421915441483044,6,"Not significant"
"Unstim / P3C4+Nigericin","NCL","P19338","P19338","NUCL_HUMAN","Nucleolin","P19338_T305_M1_19","HexNAc (ST)",8.7552700268331,0.633972537254186,0.422909313819621,6,"Not significant"
"Unstim / P3C4+Nigericin","NCL","P19338","P19338","NUCL_HUMAN","Nucleolin","P19338_S532_M2_19","HexNAc (ST)",1.63454044589712,0.633972537254186,0.327109211068049,6,"Not significant"
"Unstim / P3C4+Nigericin","NCL","P19338","P19338","NUCL_HUMAN","Nucleolin","P19338_S619_M1_19","HexNAc (ST)",1.28762850372543,0.633972537254186,0.412586136543637,6,"Not significant"
"Unstim / P3C4+Nigericin","MX2","P20592","P20592","MX2_HUMAN","Interferon-induced GTP-binding protein Mx2","P20592_T366_M1_19","HexNAc (ST)",7.23429488701299,0.633972537254186,0.422132831641167,5,"Not significant"
"Unstim / P3C4+Nigericin","M6PR","P20645","P20645","MPRD_HUMAN","Cation-dependent mannose-6-phosphate receptor","P20645_S42_M1_19","HexNAc (ST)",4.58333063675331,0.633972537254186,0.429098148620249,6,"Not significant"
"Unstim / P3C4+Nigericin","ITGAX","P20702","P20702","ITAX_HUMAN","Integrin alpha-X","P20702_S266_M1_19","HexNAc (ST)",0.444217388922953,0.633972537254186,0.429790404310604,6,"Not significant"
"Unstim / P3C4+Nigericin","VDAC1","P21796","P21796","VDAC1_HUMAN","Voltage-dependent anion-selective channel protein 1","P21796_T250_M2_19","HexNAc (ST)",-5.09313233579921,0.633972537254186,0.419571199563678,6,"Not significant"
"Unstim / P3C4+Nigericin","SCP2","P22307","P22307","SCP2_HUMAN","Sterol carrier protein 2","P22307_T526_M1_19","HexNAc (ST)",-0.387722371692296,0.633972537254186,0.395911937429787,6,"Not significant"
"Unstim / P3C4+Nigericin","CPT2","P23786","P23786","CPT2_HUMAN","Carnitine O-palmitoyltransferase 2, mitochondrial","P23786_S66_M1_19","HexNAc (ST)",-0.386759000728429,0.633972537254186,0.408176421140535,6,"Not significant"
"Unstim / P3C4+Nigericin","ATP5F1A","P25705","P25705","ATPA_HUMAN","ATP synthase subunit alpha, mitochondrial","P25705_S325_M1_19","HexNAc (ST)",0.392228799012847,0.633972537254186,0.398653663410205,6,"Not significant"
"Unstim / P3C4+Nigericin","CALR","P27797","P27797","CALR_HUMAN","Calreticulin","P27797_T173_M2_19","HexNAc (ST)",5.86354370007457,0.633972537254186,0.421396433679434,6,"Not significant"
"Unstim / P3C4+Nigericin","CANX","P27824","P27824","CALX_HUMAN","Calnexin","P27824_S74_M1_19","HexNAc (ST)",4.81809387670935,0.633972537254186,0.425260784450345,6,"Not significant"
"Unstim / P3C4+Nigericin","PRDX5","P30044","P30044","PRDX5_HUMAN","Peroxiredoxin-5, mitochondrial","P30044_S101_M2_19","HexNAc (ST)",5.16471878444099,0.633972537254186,0.425306147362149,6,"Not significant"
"Unstim / P3C4+Nigericin","PRDX5","P30044","P30044","PRDX5_HUMAN","Peroxiredoxin-5, mitochondrial","P30044_T97_M2_19","HexNAc (ST)",5.16471878444099,0.633972537254186,0.425306147362149,6,"Not significant"
"Unstim / P3C4+Nigericin","PDIA3","P30101","P30101","PDIA3_HUMAN","Protein disulfide-isomerase A3","P30101_S424_M1_19","HexNAc (ST)",-1.21390451118598,0.633972537254186,0.30480408336022,6,"Not significant"
"Unstim / P3C4+Nigericin","UQCRC1","P31930","P31930","QCR1_HUMAN","Cytochrome b-c1 complex subunit 1, mitochondrial","P31930_S446_M1_19","HexNAc (ST)",1.22195364646163,0.633972537254186,0.371831160377855,6,"Not significant"
"Unstim / P3C4+Nigericin","S100A11","P31949","P31949","S10AB_HUMAN","Protein S100-A11","P31949_S5_M1_19","HexNAc (ST)",0.837221332364994,0.633972537254186,0.327874081964246,6,"Not significant"
"Unstim / P3C4+Nigericin","SHMT2","P34897","P34897","GLYM_HUMAN","Serine hydroxymethyltransferase, mitochondrial","P34897_S90_M1_19","HexNAc (ST)",-5.13443008934328,0.633972537254186,0.421050622577799,6,"Not significant"
"Unstim / P3C4+Nigericin","NF2","P35240","P35240","MERL_HUMAN","Merlin","P35240_S444_M1_19","HexNAc (ST)",0.520213873045956,0.633972537254186,0.336788658610006,6,"Not significant"
"Unstim / P3C4+Nigericin","MYH9","P35579","P35579","MYH9_HUMAN","Myosin-9","P35579_S1457_M2_19","HexNAc (ST)",-0.438064324380753,0.633972537254186,0.363046468561146,6,"Not significant"
"Unstim / P3C4+Nigericin","MYH9","P35579","P35579","MYH9_HUMAN","Myosin-9","P35579_S1677_M1_19","HexNAc (ST)",0.362107184120717,0.633972537254186,0.331933463827998,6,"Not significant"
"Unstim / P3C4+Nigericin","ANP32A","P39687","P39687","AN32A_HUMAN","Acidic leucine-rich nuclear phosphoprotein 32 family member A","P39687_S117_M1_19","HexNAc (ST)",0.724840161910304,0.633972537254186,0.312667457740493,6,"Not significant"
"Unstim / P3C4+Nigericin","MAP1B","P46821","P46821","MAP1B_HUMAN","Microtubule-associated protein 1B","P46821_S1501_M2_19","HexNAc (ST)",0.29815353690642,0.633972537254186,0.363972887031874,6,"Not significant"
"Unstim / P3C4+Nigericin","GDI2","P50395","P50395","GDIB_HUMAN","Rab GDP dissociation inhibitor beta","P50395_T185_M1_19","HexNAc (ST)",6.25876444514599,0.633972537254186,0.422188614778265,6,"Not significant"
"Unstim / P3C4+Nigericin","HNRNPA3","P51991","P51991","ROA3_HUMAN","Heterogeneous nuclear ribonucleoprotein A3","P51991_T137_M1_19","HexNAc (ST)",-0.523563555029316,0.633972537254186,0.300717968077673,6,"Not significant"
"Unstim / P3C4+Nigericin","HSPA2","P54652","P54652","HSP72_HUMAN","Heat shock-related 70 kDa protein 2","P54652_T465_M1_19","HexNAc (ST)",-0.871276487187794,0.633972537254186,0.415993476056283,6,"Not significant"
"Unstim / P3C4+Nigericin","AK2","P54819","P54819","KAD2_HUMAN","Adenylate kinase 2, mitochondrial","P54819_T89_M1_19","HexNAc (ST)",1.65469919568086,0.633972537254186,0.371750414041436,6,"Not significant"
"Unstim / P3C4+Nigericin","RAB8A","P61006","P61006","RAB8A_HUMAN","Ras-related protein Rab-8A","P61006_S111_M1_19","HexNAc (ST)",5.65215626974199,0.633972537254186,0.419601085798025,6,"Not significant"
"Unstim / P3C4+Nigericin","RPL26","P61254","P61254","RL26_HUMAN","Large ribosomal subunit protein uL24","P61254_S46_M1_19","HexNAc (ST)",5.98595519877635,0.633972537254186,0.424250117532539,6,"Not significant"
"Unstim / P3C4+Nigericin","SUMO2","P61956","P61956","SUMO2_HUMAN","Small ubiquitin-related modifier 2","P61956_T12_M1_19","HexNAc (ST)",6.92515252744988,0.633972537254186,0.422541247767026,6,"Not significant"
"Unstim / P3C4+Nigericin","RPS8","P62241","P62241","RS8_HUMAN","Small ribosomal subunit protein eS8","P62241_T130_M1_19","HexNAc (ST)",10.1511126251139,0.633972537254186,0.422429670338496,6,"Not significant"
"Unstim / P3C4+Nigericin","TMSB4X","P62328","P62328","TYB4_HUMAN","Thymosin beta-4","P62328_S2_M1_19","HexNAc (ST)",0.732628378990565,0.633972537254186,0.310562357773724,6,"Not significant"
"Unstim / P3C4+Nigericin","TMSB4X","P62328","P62328","TYB4_HUMAN","Thymosin beta-4","P62328_S31_M1_19","HexNAc (ST)",0.460394786913951,0.633972537254186,0.348284587113862,6,"Not significant"
"Unstim / P3C4+Nigericin","RPS6","P62753","P62753","RS6_HUMAN","Small ribosomal subunit protein eS6","P62753_T128_M2_19","HexNAc (ST)",6.99070724385114,0.633972537254186,0.423898268876428,6,"Not significant"
"Unstim / P3C4+Nigericin","RPL8","P62917","P62917","RL8_HUMAN","Large ribosomal subunit protein uL2","P62917_T135_M3_19","HexNAc (ST)",-4.79002906330076,0.633972537254186,0.428539815770163,6,"Not significant"
"Unstim / P3C4+Nigericin","PPIA","P62937","P62937","PPIA_HUMAN","Peptidyl-prolyl cis-trans isomerase A","P62937_T73_M2_19","HexNAc (ST)",5.7606440764574,0.633972537254186,0.42523079659828,5,"Not significant"
"Unstim / P3C4+Nigericin","VAMP2","P63027","P63027","VAMP2_HUMAN","Vesicle-associated membrane protein 2","P63027_T35_M1_19","HexNAc (ST)",4.77854865537451,0.633972537254186,0.425697751881014,6,"Not significant"
"Unstim / P3C4+Nigericin","EIF4G2","P78344","P78344","IF4G2_HUMAN","Eukaryotic translation initiation factor 4 gamma 2","P78344_S272_M1_19","HexNAc (ST)",0.968955032302466,0.633972537254186,0.408857511159151,6,"Not significant"
"Unstim / P3C4+Nigericin","BASP1","P80723","P80723","BASP1_HUMAN","Brain acid soluble protein 1","P80723_S40_M1_19","HexNAc (ST)",-0.462034974760246,0.633972537254186,0.33972865845095,6,"Not significant"
"Unstim / P3C4+Nigericin","HNRNPU","Q00839","Q00839","HNRPU_HUMAN","Heterogeneous nuclear ribonucleoprotein U","Q00839_T474_M1_19","HexNAc (ST)",0.820080397615305,0.633972537254186,0.404018775349023,6,"Not significant"
"Unstim / P3C4+Nigericin","AHNAK","Q09666","Q09666","AHNK_HUMAN","Neuroblast differentiation-associated protein AHNAK","Q09666_S758_M1_19","HexNAc (ST)",0.276609478307645,0.633972537254186,0.418042600639038,6,"Not significant"
"Unstim / P3C4+Nigericin","AHNAK","Q09666","Q09666","AHNK_HUMAN","Neuroblast differentiation-associated protein AHNAK","Q09666_S2775_M1_19","HexNAc (ST)",0.544450031881329,0.633972537254186,0.345241305286702,6,"Not significant"
"Unstim / P3C4+Nigericin","AHNAK","Q09666","Q09666","AHNK_HUMAN","Neuroblast differentiation-associated protein AHNAK","Q09666_S3159_M1_19","HexNAc (ST)",0.542250302665745,0.633972537254186,0.346229393919634,6,"Not significant"
"Unstim / P3C4+Nigericin","AHNAK","Q09666","Q09666","AHNK_HUMAN","Neuroblast differentiation-associated protein AHNAK","Q09666_S3941_M1_19","HexNAc (ST)",0.542250302665745,0.633972537254186,0.346229393919634,6,"Not significant"
"Unstim / P3C4+Nigericin","AHNAK","Q09666","Q09666","AHNK_HUMAN","Neuroblast differentiation-associated protein AHNAK","Q09666_S2926_M1_19","HexNAc (ST)",7.84917749063074,0.633972537254186,0.422101500894863,6,"Not significant"
"Unstim / P3C4+Nigericin","AHNAK","Q09666","Q09666","AHNK_HUMAN","Neuroblast differentiation-associated protein AHNAK","Q09666_S5214_M1_19","HexNAc (ST)",1.19840308741897,0.633972537254186,0.394976100579265,6,"Not significant"
"Unstim / P3C4+Nigericin","AHNAK","Q09666","Q09666","AHNK_HUMAN","Neuroblast differentiation-associated protein AHNAK","Q09666_S2670_M1_19","HexNAc (ST)",9.5113222430328,0.633972537254186,0.422687961149976,6,"Not significant"
"Unstim / P3C4+Nigericin","AHNAK","Q09666","Q09666","AHNK_HUMAN","Neuroblast differentiation-associated protein AHNAK","Q09666_S2580_M1_19","HexNAc (ST)",0.574976596370453,0.633972537254186,0.355896488970769,6,"Not significant"
"Unstim / P3C4+Nigericin","AHNAK","Q09666","Q09666","AHNK_HUMAN","Neuroblast differentiation-associated protein AHNAK","Q09666_S4002_M1_19","HexNAc (ST)",0.574976596370453,0.633972537254186,0.355896488970769,6,"Not significant"
"Unstim / P3C4+Nigericin","AHNAK","Q09666","Q09666","AHNK_HUMAN","Neuroblast differentiation-associated protein AHNAK","Q09666_S4258_M1_19","HexNAc (ST)",0.574976596370453,0.633972537254186,0.355896488970769,6,"Not significant"
"Unstim / P3C4+Nigericin","AHNAK","Q09666","Q09666","AHNK_HUMAN","Neuroblast differentiation-associated protein AHNAK","Q09666_S4460_M1_19","HexNAc (ST)",0.574976596370453,0.633972537254186,0.355896488970769,6,"Not significant"
"Unstim / P3C4+Nigericin","AHNAK","Q09666","Q09666","AHNK_HUMAN","Neuroblast differentiation-associated protein AHNAK","Q09666_S1414_M1_19","HexNAc (ST)",-7.33077649676983,0.633972537254186,0.422734131367848,6,"Not significant"
"Unstim / P3C4+Nigericin","AHNAK","Q09666","Q09666","AHNK_HUMAN","Neuroblast differentiation-associated protein AHNAK","Q09666_S3746_M1_19","HexNAc (ST)",1.61762274685513,0.633972537254186,0.377142481742102,6,"Not significant"
"Unstim / P3C4+Nigericin","AHNAK","Q09666","Q09666","AHNK_HUMAN","Neuroblast differentiation-associated protein AHNAK","Q09666_T4766_M1_19","HexNAc (ST)",-0.454381113110083,0.633972537254186,0.340583429658312,6,"Not significant"
"Unstim / P3C4+Nigericin","AHNAK","Q09666","Q09666","AHNK_HUMAN","Neuroblast differentiation-associated protein AHNAK","Q09666_S1542_M1_19","HexNAc (ST)",-1.23218556970651,0.633972537254186,0.420015745852362,6,"Not significant"
"Unstim / P3C4+Nigericin","TRIM28","Q13263","Q13263","TIF1B_HUMAN","Transcription intermediary factor 1-beta","Q13263_S784_M1_19","HexNAc (ST)",-4.153259189007,0.633972537254186,0.405639851303094,5,"Not significant"
"Unstim / P3C4+Nigericin","UBE2V1","Q13404","Q13404","UB2V1_HUMAN","Ubiquitin-conjugating enzyme E2 variant 1","Q13404_S66_M1_19","HexNAc (ST)",-2.05765450001438,0.633972537254186,0.361723143383842,6,"Not significant"
"Unstim / P3C4+Nigericin","ALCAM","Q13740","Q13740","CD166_HUMAN","CD166 antigen","Q13740_S64_M1_19","HexNAc (ST)",-3.81297477168926,0.633972537254186,0.381602894030959,6,"Not significant"
"Unstim / P3C4+Nigericin","UBAP2L","Q14157","Q14157","UBP2L_HUMAN","Ubiquitin-associated protein 2-like","Q14157_S604_M1_19","HexNAc (ST)",5.19675247147119,0.633972537254186,0.42756670886766,6,"Not significant"
"Unstim / P3C4+Nigericin","FRG1","Q14331","Q14331","FRG1_HUMAN","Protein FRG1","Q14331_S121_M1_19","HexNAc (ST)",-3.93808035132231,0.633972537254186,0.422339262248752,6,"Not significant"
"Unstim / P3C4+Nigericin","FRG1","Q14331","Q14331","FRG1_HUMAN","Protein FRG1","Q14331_S121_M2_19","HexNAc (ST)",-4.10510441211702,0.633972537254186,0.419711428814495,6,"Not significant"
"Unstim / P3C4+Nigericin","FRG1","Q14331","Q14331","FRG1_HUMAN","Protein FRG1","Q14331_S111_M2_19","HexNAc (ST)",-4.10510441211702,0.633972537254186,0.419711428814495,6,"Not significant"
"Unstim / P3C4+Nigericin","PTGES3","Q15185","Q15185","TEBP_HUMAN","Prostaglandin E synthase 3","Q15185_S64_M1_19","HexNAc (ST)",9.34569813949695,0.633972537254186,0.422403522697671,6,"Not significant"
"Unstim / P3C4+Nigericin","ZYX","Q15942","Q15942","ZYX_HUMAN","Zyxin","Q15942_T469_M2_19","HexNAc (ST)",7.26618932989907,0.633972537254186,0.420754987903779,6,"Not significant"
"Unstim / P3C4+Nigericin","DPYSL2","Q16555","Q16555","DPYL2_HUMAN","Dihydropyrimidinase-related protein 2","Q16555_T419_M3_19","HexNAc (ST)",6.00574784838738,0.633972537254186,0.422844040252044,5,"Not significant"
"Unstim / P3C4+Nigericin","HNRNPUL2","Q1KMD3","Q1KMD3","HNRL2_HUMAN","Heterogeneous nuclear ribonucleoprotein U-like protein 2","Q1KMD3_S543_M1_19","HexNAc (ST)",1.7854484556408,0.633972537254186,0.386603350592252,6,"Not significant"
"Unstim / P3C4+Nigericin","ACTBL2","Q562R1","Q562R1","ACTBL_HUMAN","Beta-actin-like protein 2","Q562R1_T107_M2_19","HexNAc (ST)",-0.463243319831814,0.633972537254186,0.335746695681688,6,"Not significant"
"Unstim / P3C4+Nigericin","ACTBL2","Q562R1","Q562R1","ACTBL_HUMAN","Beta-actin-like protein 2","Q562R1_T90_M2_19","HexNAc (ST)",-0.463243319831814,0.633972537254186,0.335746695681688,6,"Not significant"
"Unstim / P3C4+Nigericin","CPNE8","Q86YQ8","Q86YQ8","CPNE8_HUMAN","Copine-8","Q86YQ8_S356_M1_19","HexNAc (ST)",5.37814511977504,0.633972537254186,0.423075584093202,6,"Not significant"
"Unstim / P3C4+Nigericin","WDFY3","Q8IZQ1","Q8IZQ1","WDFY3_HUMAN","WD repeat and FYVE domain-containing protein 3","Q8IZQ1_S1980_M2_19","HexNAc (ST)",1.65645737813035,0.633972537254186,0.361276337237366,6,"Not significant"
"Unstim / P3C4+Nigericin","NDUFAF2","Q8N183","Q8N183","NDUF2_HUMAN","NADH dehydrogenase [ubiquinone] 1 alpha subcomplex assembly factor 2","Q8N183_S102_M1_19","HexNAc (ST)",1.87645788064169,0.633972537254186,0.387719122700433,6,"Not significant"
"Unstim / P3C4+Nigericin","LRRC8C","Q8TDW0","Q8TDW0","LRC8C_HUMAN","Volume-regulated anion channel subunit LRRC8C","Q8TDW0_T791_M1_19","HexNAc (ST)",2.11161346048643,0.633972537254186,0.431494585060751,5,"Not significant"
"Unstim / P3C4+Nigericin","PSPC1","Q8WXF1","Q8WXF1","PSPC1_HUMAN","Paraspeckle component 1","Q8WXF1_S499_M2_19","HexNAc (ST)",0.356328485653551,0.633972537254186,0.315789438675609,5,"Not significant"
"Unstim / P3C4+Nigericin","PSPC1","Q8WXF1","Q8WXF1","PSPC1_HUMAN","Paraspeckle component 1","Q8WXF1_S493_M2_19","HexNAc (ST)",0.356328485653551,0.633972537254186,0.315789542234625,5,"Not significant"
"Unstim / P3C4+Nigericin","ARHGAP45","Q92619","Q92619","HMHA1_HUMAN","Rho GTPase-activating protein 45","Q92619_T742_M1_19","HexNAc (ST)",1.42277923920003,0.633972537254186,0.335957463832883,6,"Not significant"
"Unstim / P3C4+Nigericin","NRGN","Q92686","Q92686","NEUG_HUMAN","Neurogranin","Q92686_T5_M2_19","HexNAc (ST)",-4.87148379151363,0.633972537254186,0.314467329876523,6,"Not significant"
"Unstim / P3C4+Nigericin","TAMM41","Q96BW9","Q96BW9","TAM41_HUMAN","Phosphatidate cytidylyltransferase, mitochondrial","Q96BW9_S218_M1_19","HexNAc (ST)",4.08719824718641,0.633972537254186,0.419257035263145,6,"Not significant"
"Unstim / P3C4+Nigericin","QKI","Q96PU8","Q96PU8","QKI_HUMAN","KH domain-containing RNA-binding protein QKI","Q96PU8_T203_M1_19","HexNAc (ST)",5.3954449318685,0.633972537254186,0.419855780481175,6,"Not significant"
"Unstim / P3C4+Nigericin","NACC1","Q96RE7","Q96RE7","NACC1_HUMAN","Nucleus accumbens-associated protein 1","Q96RE7_S342_M1_19","HexNAc (ST)",1.31165961522815,0.633972537254186,0.386948451515941,6,"Not significant"
"Unstim / P3C4+Nigericin","AKAP9","Q99996","Q99996","AKAP9_HUMAN","A-kinase anchor protein 9","Q99996_T740_M1_19","HexNAc (ST)",-1.5131914180158,0.633972537254186,0.409886860834655,6,"Not significant"
"Unstim / P3C4+Nigericin","ERP44","Q9BS26","Q9BS26","ERP44_HUMAN","Endoplasmic reticulum resident protein 44","Q9BS26_S353_M1_19","HexNAc (ST)",0.250424721917268,0.633972537254186,0.42090831917251,6,"Not significant"
"Unstim / P3C4+Nigericin","SRRT","Q9BXP5","Q9BXP5","SRRT_HUMAN","Serrate RNA effector molecule homolog","Q9BXP5_S284_M1_19","HexNAc (ST)",2.18300369285698,0.633972537254186,0.315716087181243,6,"Not significant"
"Unstim / P3C4+Nigericin","MAGT1","Q9H0U3","Q9H0U3","MAGT1_HUMAN","Magnesium transporter protein 1","Q9H0U3_S38_M2_19","HexNAc (ST)",0.590314292487671,0.633972537254186,0.307980037753517,6,"Not significant"
"Unstim / P3C4+Nigericin","CHMP4B","Q9H444","Q9H444","CHM4B_HUMAN","Charged multivesicular body protein 4b","Q9H444_S87_M2_19","HexNAc (ST)",-6.06017350039574,0.633972537254186,0.42079064137515,6,"Not significant"
"Unstim / P3C4+Nigericin","RAB18","Q9NP72","Q9NP72","RAB18_HUMAN","Ras-related protein Rab-18","Q9NP72_T49_M2_19","HexNAc (ST)",0.584385201737298,0.633972537254186,0.340519019209674,6,"Not significant"
"Unstim / P3C4+Nigericin","NHP2","Q9NX24","Q9NX24","NHP2_HUMAN","H/ACA ribonucleoprotein complex subunit 2","Q9NX24_S40_M1_19","HexNAc (ST)",7.96756450654054,0.633972537254186,0.422621341046807,5,"Not significant"
"Unstim / P3C4+Nigericin","NHP2","Q9NX24","Q9NX24","NHP2_HUMAN","H/ACA ribonucleoprotein complex subunit 2","Q9NX24_S40_M2_19","HexNAc (ST)",-0.295938594261049,0.633972537254186,0.373955361009046,5,"Not significant"
"Unstim / P3C4+Nigericin","VDAC3","Q9Y277","Q9Y277","VDAC3_HUMAN","Voltage-dependent anion-selective channel protein 3","Q9Y277_T72_M1_19","HexNAc (ST)",1.40982427749337,0.633972537254186,0.405617639496347,5,"Not significant"
"Unstim / P3C4+Nigericin","PTRH2","Q9Y3E5","Q9Y3E5","PTH2_HUMAN","Peptidyl-tRNA hydrolase 2, mitochondrial","Q9Y3E5_T125_M1_19","HexNAc (ST)",0.323193810670651,0.633972537254186,0.408046438181233,6,"Not significant"
"Unstim / P3C4+Nigericin","NDUFB9","Q9Y6M9","Q9Y6M9","NDUB9_HUMAN","NADH dehydrogenase [ubiquinone] 1 beta subcomplex subunit 9","Q9Y6M9_T11_M2_19","HexNAc (ST)",3.20133008933263,0.633972537254186,0.321244637276299,6,"Not significant"
"Unstim / P3C4+Nigericin","NDUFB9","Q9Y6M9","Q9Y6M9","NDUB9_HUMAN","NADH dehydrogenase [ubiquinone] 1 beta subcomplex subunit 9","Q9Y6M9_S6_M2_19","HexNAc (ST)",3.20133008933263,0.633972537254186,0.321244637276299,6,"Not significant"
"Unstim / P3C4+Nigericin","PRSS1","Cont_P00760","Cont_P00760","TRY1_BOVIN","Serine protease 1","Cont_P00760_S170_M2_19","HexNAc (ST)",0.32741345235121,0.633972537254186,0.399910340626823,5,"Not significant"
"Unstim / P3C4+Nigericin","CA2","P00918","P00918","CAH2_HUMAN","Carbonic anhydrase 2","P00918_S56_M2_19","HexNAc (ST)",-0.580352427346321,0.633972537254186,0.346932923625603,4,"Not significant"
"Unstim / P3C4+Nigericin","CA2","P00918","P00918","CAH2_HUMAN","Carbonic anhydrase 2","P00918_T55_M2_19","HexNAc (ST)",-0.580352427346321,0.633972537254186,0.346932923625603,4,"Not significant"
"Unstim / P3C4+Nigericin","HSPD1","P10809","P10809","CH60_HUMAN","60 kDa heat shock protein, mitochondrial","P10809_T173_M2_19","HexNAc (ST)",-5.69396045971501,0.633972537254186,0.418838798151225,5,"Not significant"
"Unstim / P3C4+Nigericin","ACAT2","Q9BWD1","Q9BWD1","THIC_HUMAN","Acetyl-CoA acetyltransferase, cytosolic","Q9BWD1_T209_M1_19","HexNAc (ST)",-6.44834086536387,0.633972537254186,0.420756967595488,5,"Not significant"
"Unstim / P3C4+Nigericin","TAF9B","Q9HBM6","Q9HBM6","TAF9B_HUMAN","Transcription initiation factor TFIID subunit 9B","Q9HBM6_T231_M1_19","HexNAc (ST)",-2.76708276947183,0.633972537254186,0.415025816500528,6,"Not significant"
"Unstim / P3C4+Nigericin","TPP1","O14773","O14773","TPP1_HUMAN","Tripeptidyl-peptidase 1","O14773_T50_M1_19","HexNAc (ST)",-0.326976151114284,0.633972537254186,0.40628770007151,5,"Not significant"
"Unstim / P3C4+Nigericin","PABPC1","P11940","P11940","PABP1_HUMAN","Polyadenylate-binding protein 1","P11940_S51_M1_19","HexNAc (ST)",-0.363757491253167,0.633972537254186,0.421140873520148,6,"Not significant"
"Unstim / P3C4+Nigericin","UBA1","P22314","P22314","UBA1_HUMAN","Ubiquitin-like modifier-activating enzyme 1","P22314_S803_M2_19","HexNAc (ST)",0.888508489278389,0.633972537254186,0.30302789270034,5,"Not significant"
"Unstim / P3C4+Nigericin","CAT","P04040","P04040","CATA_HUMAN","Catalase","P04040_T43_M1_19","HexNAc (ST)",0.225246185119413,0.633972537254186,0.332774205991225,4,"Not significant"
"Unstim / P3C4+Nigericin","P4HB","P07237","P07237","PDIA1_HUMAN","Protein disulfide-isomerase","P07237_T296_M1_19","HexNAc (ST)",-1.09237831368626,0.634621920745731,0.441390712505093,4,"Not significant"
"Unstim / P3C4+Nigericin","LETM1","O95202","O95202","LETM1_HUMAN","Mitochondrial proton/calcium exchanger protein","O95202_S580_M1_19","HexNAc (ST)",0.428349159762156,0.634985041749315,0.443624991062302,6,"Not significant"
"Unstim / P3C4+Nigericin","ATP6V1E1","P36543","P36543","VATE1_HUMAN","V-type proton ATPase subunit E 1","P36543_S73_M1_19","HexNAc (ST)",-3.23431317847539,0.634993839234258,0.443742903363108,6,"Not significant"
"Unstim / P3C4+Nigericin","MYL6","P60660","P60660","MYL6_HUMAN","Myosin light polypeptide 6","P60660_T85_M1_19","HexNAc (ST)",0.437487972576809,0.635275328890122,0.445055673634543,6,"Not significant"
"Unstim / P3C4+Nigericin","STX5","Q13190","Q13190","STX5_HUMAN","Syntaxin-5","Q13190_S320_M1_19","HexNAc (ST)",-2.81169365723382,0.635298700158919,0.445254922379736,6,"Not significant"
"Unstim / P3C4+Nigericin","RTN4","Q9NQC3","Q9NQC3","RTN4_HUMAN","Reticulon-4","Q9NQC3_T70_M2_19","HexNAc (ST)",-0.403737523183598,0.635914493124842,0.447644499464131,6,"Not significant"
"Unstim / P3C4+Nigericin","DNTTIP1","Q9H147","Q9H147","TDIF1_HUMAN","Deoxynucleotidyltransferase terminal-interacting protein 1","Q9H147_S217_M1_19","HexNAc (ST)",1.0068040250118,0.636342866309336,0.44965976751038,6,"Not significant"
"Unstim / P3C4+Nigericin","EEF1G","P26641","P26641","EF1G_HUMAN","Elongation factor 1-gamma","P26641_T411_M2_19","HexNAc (ST)",-0.368006744819661,0.636888791391536,0.451934410404503,5,"Not significant"
"Unstim / P3C4+Nigericin","ILK","Q13418","Q13418","ILK_HUMAN","Integrin-linked protein kinase","Q13418_S47_M1_19","HexNAc (ST)",1.11945670627697,0.637729026607035,0.455312638264913,6,"Not significant"
"Unstim / P3C4+Nigericin","CAP1","Q01518","Q01518","CAP1_HUMAN","Adenylyl cyclase-associated protein 1","Q01518_S394_M1_19","HexNAc (ST)",1.27115010290593,0.637924074487342,0.456072396740562,6,"Not significant"
"Unstim / P3C4+Nigericin","RHOC","P08134","P08134","RHOC_HUMAN","Rho-related GTP-binding protein RhoC","P08134_T100_M1_19","HexNAc (ST)",0.198354295756959,0.638297494726802,0.457478692960344,6,"Not significant"
"Unstim / P3C4+Nigericin","AHNAK","Q09666","Q09666","AHNK_HUMAN","Neuroblast differentiation-associated protein AHNAK","Q09666_S4684_M1_19","HexNAc (ST)",1.01345006224362,0.638359514544043,0.457592825166541,6,"Not significant"
"Unstim / P3C4+Nigericin","FKBP2","P26885","P26885","FKBP2_HUMAN","Peptidyl-prolyl cis-trans isomerase FKBP2","P26885_S108_M1_19","HexNAc (ST)",-0.700692329466952,0.638469756141606,0.458038967525847,6,"Not significant"
"Unstim / P3C4+Nigericin","CDC42","P60953","P60953","CDC42_HUMAN","Cell division control protein 42 homolog","P60953_T161_M1_19","HexNAc (ST)",1.19848554011275,0.638633352150677,0.458605793140643,6,"Not significant"
"Unstim / P3C4+Nigericin","LMNB1","P20700","P20700","LMNB1_HUMAN","Lamin-B1","P20700_T151_M1_19","HexNAc (ST)",0.263327262231538,0.639318466939942,0.461007658220546,6,"Not significant"
"Unstim / P3C4+Nigericin","TPM4","P67936","P67936","TPM4_HUMAN","Tropomyosin alpha-4 chain","P67936_S87_M1_19","HexNAc (ST)",-1.15269066530037,0.639750355813783,0.462588829982468,6,"Not significant"
"Unstim / P3C4+Nigericin","OSTF1","Q92882","Q92882","OSTF1_HUMAN","Osteoclast-stimulating factor 1","Q92882_S187_M1_19","HexNAc (ST)",0.953978702671928,0.640188727462349,0.464540152470271,6,"Not significant"
"Unstim / P3C4+Nigericin","HBB","Cont_P02070","Cont_P02070","HBB_BOVIN","Hemoglobin subunit beta","Cont_P02070_T11_M1_19","HexNAc (ST)",-0.939265203176611,0.641044821548951,0.467490741847989,6,"Not significant"
"Unstim / P3C4+Nigericin","LYSMD2","Q8IV50","Q8IV50","LYSM2_HUMAN","LysM and putative peptidoglycan-binding domain-containing protein 2","Q8IV50_T80_M1_19","HexNAc (ST)",-0.674707726551678,0.641044821548951,0.46753058983396,6,"Not significant"
"Unstim / P3C4+Nigericin","EIF4A1","P60842","P60842","IF4A1_HUMAN","Eukaryotic initiation factor 4A-I","P60842_S342_M2_19","HexNAc (ST)",-1.59349408042346,0.641721138597968,0.469566222882491,6,"Not significant"
"Unstim / P3C4+Nigericin","POFUT2","Q9Y2G5","Q9Y2G5","OFUT2_HUMAN","GDP-fucose protein O-fucosyltransferase 2","Q9Y2G5_S282_M1_19","HexNAc (ST)",-1.26502813552329,0.64242127761806,0.472174769812085,6,"Not significant"
"Unstim / P3C4+Nigericin","ENO1","P06733","P06733","ENOA_HUMAN","Alpha-enolase","P06733_T229_M1_19","HexNAc (ST)",-0.719270751210403,0.642891544927558,0.473559176652017,5,"Not significant"
"Unstim / P3C4+Nigericin","LONP1","P36776","P36776","LONM_HUMAN","Lon protease homolog, mitochondrial","P36776_T582_M1_19","HexNAc (ST)",0.472277184288539,0.643210172406971,0.474536079025491,6,"Not significant"
"Unstim / P3C4+Nigericin","NUCB2","P80303","P80303","NUCB2_HUMAN","Nucleobindin-2","P80303_S124_M1_19","HexNAc (ST)",0.760102323140545,0.643425468115508,0.475195327957918,6,"Not significant"
"Unstim / P3C4+Nigericin","MYH9","P35579","P35579","MYH9_HUMAN","Myosin-9","P35579_T1313_M1_19","HexNAc (ST)",-2.84264994502157,0.644399538461199,0.478406007867871,6,"Not significant"
"Unstim / P3C4+Nigericin","HNRNPCL2","B2RXH8","B2RXH8","HNRC2_HUMAN","Heterogeneous nuclear ribonucleoprotein C-like 2","B2RXH8_S196_M1_19","HexNAc (ST)",7.2972371063095,0.644696789200346,0.498622168066458,5,"Not significant"
"Unstim / P3C4+Nigericin","HNRNPDL","O14979","O14979","HNRDL_HUMAN","Heterogeneous nuclear ribonucleoprotein D-like","O14979_S201_M1_19","HexNAc (ST)",-1.50897256469566,0.644696789200346,0.480755203087036,6,"Not significant"
"Unstim / P3C4+Nigericin","RPLP2","P05387","P05387","RLA2_HUMAN","Large ribosomal subunit protein P2","P05387_S44_M1_19","HexNAc (ST)",-0.546569273139286,0.644696789200346,0.494277563560432,6,"Not significant"
"Unstim / P3C4+Nigericin","EPRS1","P07814","P07814","SYEP_HUMAN","Bifunctional glutamate/proline--tRNA ligase","P07814_T1110_M1_19","HexNAc (ST)",7.12956126968479,0.644696789200346,0.500213648871115,4,"Not significant"
"Unstim / P3C4+Nigericin","HSPA8","P11142","P11142","HSP7C_HUMAN","Heat shock cognate 71 kDa protein","P11142_T125_M1_19","HexNAc (ST)",-6.24553413906629,0.644696789200346,0.499070334783962,4,"Not significant"
"Unstim / P3C4+Nigericin","H1-3","P16402","P16402","H13_HUMAN","Histone H1.3","P16402_S59_M2_19","HexNAc (ST)",-8.6634781679869,0.644696789200346,0.500102174189006,4,"Not significant"
"Unstim / P3C4+Nigericin","PSMC3","P17980","P17980","PRS6A_HUMAN","26S proteasome regulatory subunit 6A","P17980_T247_M1_19","HexNAc (ST)",-1.4038531434032,0.644696789200346,0.481866336600378,6,"Not significant"
"Unstim / P3C4+Nigericin","VDAC1","P21796","P21796","VDAC1_HUMAN","Voltage-dependent anion-selective channel protein 1","P21796_T217_M1_19","HexNAc (ST)",-6.21594815593271,0.644696789200346,0.499177565584824,4,"Not significant"
"Unstim / P3C4+Nigericin","STIP1","P31948","P31948","STIP1_HUMAN","Stress-induced-phosphoprotein 1","P31948_T405_M1_19","HexNAc (ST)",-5.86877253812077,0.644696789200346,0.494680207086829,4,"Not significant"
"Unstim / P3C4+Nigericin","RBMX","P38159","P38159","RBMX_HUMAN","RNA-binding motif protein, X chromosome","P38159_S58_M2_19","HexNAc (ST)",2.33732597069083,0.644696789200346,0.486112129175307,6,"Not significant"
"Unstim / P3C4+Nigericin","RBMX","P38159","P38159","RBMX_HUMAN","RNA-binding motif protein, X chromosome","P38159_T55_M2_19","HexNAc (ST)",2.33732597069083,0.644696789200346,0.486112129175307,6,"Not significant"
"Unstim / P3C4+Nigericin","CAPG","P40121","P40121","CAPG_HUMAN","Macrophage-capping protein","P40121_T264_M1_19","HexNAc (ST)",-4.98200071198121,0.644696789200346,0.500044041334212,5,"Not significant"
"Unstim / P3C4+Nigericin","RAB5B","P61020","P61020","RAB5B_HUMAN","Ras-related protein Rab-5B","P61020_S184_M1_19","HexNAc (ST)",0.971875814121274,0.644696789200346,0.481646785973365,6,"Not significant"
"Unstim / P3C4+Nigericin","RPL8","P62917","P62917","RL8_HUMAN","Large ribosomal subunit protein uL2","P62917_S138_M3_19","HexNAc (ST)",-5.49538796394522,0.644696789200346,0.503156160909741,4,"Not significant"
"Unstim / P3C4+Nigericin","RPS27A","P62979","P62979","RS27A_HUMAN","Ubiquitin-ribosomal protein eS31 fusion protein","P62979_S65_M2_19","HexNAc (ST)",-4.0466518778097,0.644696789200346,0.495549545169175,4,"Not significant"
"Unstim / P3C4+Nigericin","TAP1","Q03518","Q03518","TAP1_HUMAN","Antigen peptide transporter 1","Q03518_T376_M1_19","HexNAc (ST)",0.3705128209403,0.644696789200346,0.494098434898444,5,"Not significant"
"Unstim / P3C4+Nigericin","AHNAK","Q09666","Q09666","AHNK_HUMAN","Neuroblast differentiation-associated protein AHNAK","Q09666_T1472_M1_19","HexNAc (ST)",1.278699544081,0.644696789200346,0.493507873494958,6,"Not significant"
"Unstim / P3C4+Nigericin","TRIM28","Q13263","Q13263","TIF1B_HUMAN","Transcription intermediary factor 1-beta","Q13263_S756_M2_19","HexNAc (ST)",-7.48068894004005,0.644696789200346,0.50035892745655,5,"Not significant"
"Unstim / P3C4+Nigericin","ACTB","Cont_P60712;P60709","Cont_P60712;P60709","ACTB_BOVIN;ACTB_HUMAN","Actin, cytoplasmic 1;Actin, cytoplasmic 1","Cont_P60712_S235_M2_19","HexNAc (ST)",5.21951864418168,0.644696789200346,0.497671229160875,4,"Not significant"
"Unstim / P3C4+Nigericin","ACTB","Cont_P60712;P60709","Cont_P60712;P60709","ACTB_BOVIN;ACTB_HUMAN","Actin, cytoplasmic 1;Actin, cytoplasmic 1","Cont_P60712_S234_M2_19","HexNAc (ST)",5.21951864418168,0.644696789200346,0.497671229160875,4,"Not significant"
"Unstim / P3C4+Nigericin","ACTB","Cont_P60712;P60709","Cont_P60712;P60709","ACTB_BOVIN;ACTB_HUMAN","Actin, cytoplasmic 1;Actin, cytoplasmic 1","P60709_S235_M2_19","HexNAc (ST)",5.21951864418168,0.644696789200346,0.497671229160875,4,"Not significant"
"Unstim / P3C4+Nigericin","ACTB","Cont_P60712;P60709","Cont_P60712;P60709","ACTB_BOVIN;ACTB_HUMAN","Actin, cytoplasmic 1;Actin, cytoplasmic 1","P60709_S234_M2_19","HexNAc (ST)",5.21951864418168,0.644696789200346,0.497671229160875,4,"Not significant"
"Unstim / P3C4+Nigericin","RPS4X","P62701","P62701","RS4X_HUMAN","Small ribosomal subunit protein eS4, X isoform","P62701_T184_M2_19","HexNAc (ST)",7.79587820277455,0.644696789200346,0.500427277118672,4,"Not significant"
"Unstim / P3C4+Nigericin","TMSB4X","P62328","P62328","TYB4_HUMAN","Thymosin beta-4","P62328_T34_M2_19","HexNAc (ST)",-4.66825028863136,0.644795085219945,0.504486328144732,4,"Not significant"
"Unstim / P3C4+Nigericin","NOLC1","Q14978","Q14978","NOLC1_HUMAN","Nucleolar and coiled-body phosphoprotein 1","Q14978_T610_M1_19","HexNAc (ST)",-0.969965630161827,0.645220512429372,0.507720366305436,5,"Not significant"
"Unstim / P3C4+Nigericin","GSN","P06396","P06396","GELS_HUMAN","Gelsolin","P06396_S304_M1_19","HexNAc (ST)",0.593211206185615,0.645821163213102,0.509799552493532,5,"Not significant"
"Unstim / P3C4+Nigericin","HSP90B1","P14625","P14625","ENPL_HUMAN","Endoplasmin","P14625_T155_M1_19","HexNAc (ST)",2.15701315546038,0.646406210940479,0.511920112584958,6,"Not significant"
"Unstim / P3C4+Nigericin","GNB2","P62879","P62879","GBB2_HUMAN","Guanine nucleotide-binding protein G(I)/G(S)/G(T) subunit beta-2","P62879_T31_M2_19","HexNAc (ST)",3.32375980346301,0.647379508201015,0.515559508956304,4,"Not significant"
"Unstim / P3C4+Nigericin","ERLIN2","O94905","O94905","ERLN2_HUMAN","Erlin-2","O94905_T277_M1_19","HexNAc (ST)",-1.04599629388076,0.648065420132022,0.517976404591268,6,"Not significant"
"Unstim / P3C4+Nigericin","FUBP3","Q96I24","Q96I24","FUBP3_HUMAN","Far upstream element-binding protein 3","Q96I24_T192_M2_19","HexNAc (ST)",0.265223144390555,0.64891732977535,0.521206606563388,4,"Not significant"
"Unstim / P3C4+Nigericin","SPRY2","O43597","O43597","SPY2_HUMAN","Protein sprouty homolog 2","O43597_S167_M1_19","HexNAc (ST)",-0.342738724156808,0.649427612646356,0.522690768479957,6,"Not significant"
"Unstim / P3C4+Nigericin","TMPO","P42166","P42166","LAP2A_HUMAN","Lamina-associated polypeptide 2, isoform alpha","P42166_T12_M1_19","HexNAc (ST)",0.766431326504595,0.657782200647136,0.547623443335414,6,"Not significant"
"Unstim / P3C4+Nigericin","CGREF1","Q99674","Q99674","CGRE1_HUMAN","Cell growth regulator with EF hand domain protein 1","Q99674_S159_M1_19","HexNAc (ST)",-0.438137431414149,0.658114009261587,0.548602420753801,6,"Not significant"
"Unstim / P3C4+Nigericin","HSPA8","P11142","P11142","HSP7C_HUMAN","Heat shock cognate 71 kDa protein","P11142_T462_M1_19","HexNAc (ST)",-0.32371397909956,0.659680175883113,0.553471415712166,6,"Not significant"
"Unstim / P3C4+Nigericin","APEX1","P27695","P27695","APEX1_HUMAN","DNA-(apurinic or apyrimidinic site) endonuclease","P27695_T61_M1_19","HexNAc (ST)",2.60623289534677,0.660109237316886,0.554736423918261,4,"Not significant"
"Unstim / P3C4+Nigericin","ARL8B","Q9NVJ2","Q9NVJ2","ARL8B_HUMAN","ADP-ribosylation factor-like protein 8B","Q9NVJ2_S150_M1_19","HexNAc (ST)",0.191360870704908,0.662413627890421,0.561440150974743,6,"Not significant"
"Unstim / P3C4+Nigericin","IDH3A","P50213","P50213","IDH3A_HUMAN","Isocitrate dehydrogenase [NAD] subunit alpha, mitochondrial","P50213_T101_M2_19","HexNAc (ST)",-0.29970521235779,0.662687887580976,0.562241644343674,4,"Not significant"
"Unstim / P3C4+Nigericin","HNRNPU","Q00839","Q00839","HNRPU_HUMAN","Heterogeneous nuclear ribonucleoprotein U","Q00839_S746_M1_19","HexNAc (ST)",-0.23914199028812,0.663253764897259,0.564100049678459,6,"Not significant"
"Unstim / P3C4+Nigericin","HSPA9","P38646","P38646","GRP75_HUMAN","Stress-70 protein, mitochondrial","P38646_T504_M1_19","HexNAc (ST)",0.227518595645795,0.663412663519169,0.564606590959013,6,"Not significant"
"Unstim / P3C4+Nigericin","GPI","P06744","P06744","G6PI_HUMAN","Glucose-6-phosphate isomerase","P06744_S532_M1_19","HexNAc (ST)",1.67714557124101,0.663434033870166,0.564769425849031,6,"Not significant"
"Unstim / P3C4+Nigericin","UTP14A","Q9BVJ6","Q9BVJ6","UT14A_HUMAN","U3 small nucleolar RNA-associated protein 14 homolog A","Q9BVJ6_T182_M2_19","HexNAc (ST)",0.319034244573031,0.666318982107041,0.573419504390262,6,"Not significant"
"Unstim / P3C4+Nigericin","UTP14A","Q9BVJ6","Q9BVJ6","UT14A_HUMAN","U3 small nucleolar RNA-associated protein 14 homolog A","Q9BVJ6_S176_M2_19","HexNAc (ST)",0.319034244573031,0.666318982107041,0.573419504390262,6,"Not significant"
"Unstim / P3C4+Nigericin","UBA1","P22314","P22314","UBA1_HUMAN","Ubiquitin-like modifier-activating enzyme 1","P22314_T800_M2_19","HexNAc (ST)",0.309346271578242,0.668267724237557,0.579508183948566,4,"Not significant"
"Unstim / P3C4+Nigericin","CAPZA1","P52907","P52907","CAZA1_HUMAN","F-actin-capping protein subunit alpha-1","P52907_S95_M1_19","HexNAc (ST)",-0.837816862095341,0.668421732737692,0.580011064063831,6,"Not significant"
"Unstim / P3C4+Nigericin","HSPA5","P11021","P11021","BIP_HUMAN","Endoplasmic reticulum chaperone BiP","P11021_T137_M1_19","HexNAc (ST)",0.523139821069224,0.668506761441476,0.580420930064248,6,"Not significant"
"Unstim / P3C4+Nigericin","RENBP","P51606","P51606","RENBP_HUMAN","N-acylglucosamine 2-epimerase","P51606_S230_M1_19","HexNAc (ST)",-0.460186812904451,0.668519526149852,0.580535803064214,6,"Not significant"
"Unstim / P3C4+Nigericin","MYO1B","O43795","O43795","MYO1B_HUMAN","Unconventional myosin-Ib","O43795_S145_M1_19","HexNAc (ST)",-0.300744715178539,0.668920373599548,0.581570312673845,6,"Not significant"
"Unstim / P3C4+Nigericin","HSPA9","P38646","P38646","GRP75_HUMAN","Stress-70 protein, mitochondrial","P38646_T224_M2_19","HexNAc (ST)",-0.825525316899956,0.672278137513402,0.591954860782479,6,"Not significant"
"Unstim / P3C4+Nigericin","HSPA9","P38646","P38646","GRP75_HUMAN","Stress-70 protein, mitochondrial","P38646_S212_M2_19","HexNAc (ST)",-0.825525316899956,0.672278137513402,0.591954860782479,6,"Not significant"
"Unstim / P3C4+Nigericin","AHNAK","Q09666","Q09666","AHNK_HUMAN","Neuroblast differentiation-associated protein AHNAK","Q09666_T788_M2_19","HexNAc (ST)",-0.594594911500003,0.674184499718798,0.597772035104912,6,"Not significant"
"Unstim / P3C4+Nigericin","TRIP11","Q15643","Q15643","TRIPB_HUMAN","Thyroid receptor-interacting protein 11","Q15643_T1655_M1_19","HexNAc (ST)",-1.43963105713236,0.675211324999666,0.600832053339196,6,"Not significant"
"Unstim / P3C4+Nigericin","CAP1","Q01518","Q01518","CAP1_HUMAN","Adenylyl cyclase-associated protein 1","Q01518_S338_M2_19","HexNAc (ST)",0.326575956942462,0.675915925727305,0.60271572259625,5,"Not significant"
"Unstim / P3C4+Nigericin","HSPA8","P11142","P11142","HSP7C_HUMAN","Heat shock cognate 71 kDa protein","P11142_S85_M1_19","HexNAc (ST)",-0.831061151493924,0.676155023491903,0.603344387346898,6,"Not significant"
"Unstim / P3C4+Nigericin","TGFB1","P01137","P01137","TGFB1_HUMAN","Transforming growth factor beta-1 proprotein","P01137_S380_M1_19","HexNAc (ST)",-0.257085263466961,0.679451031214138,0.613386609912564,6,"Not significant"
"Unstim / P3C4+Nigericin","TMPO","P42166","P42166","LAP2A_HUMAN","Lamina-associated polypeptide 2, isoform alpha","P42166_T26_M1_19","HexNAc (ST)",-0.297556399921168,0.679823578561096,0.614597146422657,5,"Not significant"
"Unstim / P3C4+Nigericin","PTPRE","P23469","P23469","PTPRE_HUMAN","Receptor-type tyrosine-protein phosphatase epsilon","P23469_S187_M2_19","HexNAc (ST)",1.51339514629523,0.680037590727881,0.615128364948505,4,"Not significant"
"Unstim / P3C4+Nigericin","P4HB","P07237","P07237","PDIA1_HUMAN","Protein disulfide-isomerase","P07237_S357_M1_19","HexNAc (ST)",0.164654514991137,0.681542355849954,0.619593594015192,6,"Not significant"
"Unstim / P3C4+Nigericin","CANX","P27824","P27824","CALX_HUMAN","Calnexin","P27824_T143_M1_19","HexNAc (ST)",-0.576551412303278,0.682612344707462,0.622872561499643,6,"Not significant"
"Unstim / P3C4+Nigericin","HNRNPU","Q00839","Q00839","HNRPU_HUMAN","Heterogeneous nuclear ribonucleoprotein U","Q00839_S585_M1_19","HexNAc (ST)",0.599473847084957,0.685212302844375,0.630666039364528,6,"Not significant"
"Unstim / P3C4+Nigericin","CDC123","O75794","O75794","CD123_HUMAN","Cell division cycle protein 123 homolog","O75794_T315_M1_19","HexNAc (ST)",0.734947141262564,0.68696530968855,0.636476443195913,6,"Not significant"
"Unstim / P3C4+Nigericin","TUBB4B","P68371","P68371","TBB4B_HUMAN","Tubulin beta-4B chain","P68371_S172_M1_19","HexNAc (ST)",0.921307296427688,0.687995360294719,0.639932637673298,5,"Not significant"
"Unstim / P3C4+Nigericin","STX3","Q13277","Q13277","STX3_HUMAN","Syntaxin-3","Q13277_S97_M1_19","HexNAc (ST)",-0.212951790652312,0.688748053935208,0.642331848797283,6,"Not significant"
"Unstim / P3C4+Nigericin","CPD","O75976","O75976","CBPD_HUMAN","Carboxypeptidase D","O75976_S628_M1_19","HexNAc (ST)",0.345190855135233,0.690273602094663,0.647092633892267,6,"Not significant"
"Unstim / P3C4+Nigericin","HNRNPH1","P31943","P31943","HNRH1_HUMAN","Heterogeneous nuclear ribonucleoprotein H","P31943_T5_M1_19","HexNAc (ST)",0.41352545152591,0.692192596815418,0.652687744565881,6,"Not significant"
"Unstim / P3C4+Nigericin","CANX","P27824","P27824","CALX_HUMAN","Calnexin","P27824_S74_M2_19","HexNAc (ST)",0.484725235058084,0.694373356341917,0.659283529520304,5,"Not significant"
"Unstim / P3C4+Nigericin","NCL","P19338","P19338","NUCL_HUMAN","Nucleolin","P19338_S328_M1_19","HexNAc (ST)",1.22616030299556,0.694996732426973,0.661158224345911,4,"Not significant"
"Unstim / P3C4+Nigericin","CAP1","Q01518","Q01518","CAP1_HUMAN","Adenylyl cyclase-associated protein 1","Q01518_T315_M1_19","HexNAc (ST)",0.37001254048971,0.696000609777544,0.664688832416273,6,"Not significant"
"Unstim / P3C4+Nigericin","P4HB","P07237","P07237","PDIA1_HUMAN","Protein disulfide-isomerase","P07237_T221_M1_19","HexNAc (ST)",-0.477047175642149,0.697456262505387,0.669615102490512,6,"Not significant"
"Unstim / P3C4+Nigericin","PPP3R1","P63098","P63098","CANB1_HUMAN","Calcineurin subunit B type 1","P63098_S45_M1_19","HexNAc (ST)",-0.185913711444873,0.697857090178636,0.671009794918605,6,"Not significant"
"Unstim / P3C4+Nigericin","HSPD1","P10809","P10809","CH60_HUMAN","60 kDa heat shock protein, mitochondrial","P10809_T206_M2_19","HexNAc (ST)",0.446664159458542,0.698797649711669,0.673859852342655,6,"Not significant"
"Unstim / P3C4+Nigericin","HSPD1","P10809","P10809","CH60_HUMAN","60 kDa heat shock protein, mitochondrial","P10809_T200_M2_19","HexNAc (ST)",0.446664159458542,0.698797649711669,0.673859852342655,6,"Not significant"
"Unstim / P3C4+Nigericin","IDH3G","P51553","P51553","IDH3G_HUMAN","Isocitrate dehydrogenase [NAD] subunit gamma, mitochondrial","P51553_S75_M1_19","HexNAc (ST)",-0.345060747316632,0.700171164666546,0.678491239360238,5,"Not significant"
"Unstim / P3C4+Nigericin","LMNA","P02545","P02545","LMNA_HUMAN","Prelamin-A/C","P02545_S143_M1_19","HexNAc (ST)",1.01744001183845,0.700373024465508,0.679112257971509,6,"Not significant"
"Unstim / P3C4+Nigericin","MACROH2A1","O75367","O75367","H2AY_HUMAN","Core histone macro-H2A.1","O75367_S16_M1_19","HexNAc (ST)",-0.125416056703235,0.702389026805889,0.685717980840202,6,"Not significant"
"Unstim / P3C4+Nigericin","GRPEL1","Q9HAV7","Q9HAV7","GRPE1_HUMAN","GrpE protein homolog 1, mitochondrial","Q9HAV7_T74_M1_19","HexNAc (ST)",-0.34973506166237,0.708376070725932,0.704867594926151,6,"Not significant"
"Unstim / P3C4+Nigericin","PDIA3","P30101","P30101","PDIA3_HUMAN","Protein disulfide-isomerase A3","P30101_S318_M2_19","HexNAc (ST)",-0.0960016101042445,0.710324515160546,0.711383981494316,5,"Not significant"
"Unstim / P3C4+Nigericin","AHNAK","Q09666","Q09666","AHNK_HUMAN","Neuroblast differentiation-associated protein AHNAK","Q09666_S1298_M1_19","HexNAc (ST)",-0.195038761414848,0.71046355177734,0.71184548195198,6,"Not significant"
"Unstim / P3C4+Nigericin","AHNAK","Q09666","Q09666","AHNK_HUMAN","Neuroblast differentiation-associated protein AHNAK","Q09666_S2092_M1_19","HexNAc (ST)",-0.195038761414848,0.71046355177734,0.71184548195198,6,"Not significant"
"Unstim / P3C4+Nigericin","AHNAK","Q09666","Q09666","AHNK_HUMAN","Neuroblast differentiation-associated protein AHNAK","Q09666_S2287_M1_19","HexNAc (ST)",-0.195038761414848,0.71046355177734,0.71184548195198,6,"Not significant"
"Unstim / P3C4+Nigericin","ARHGDIA","P52565","P52565","GDIR1_HUMAN","Rho GDP-dissociation inhibitor 1","P52565_T160_M1_19","HexNAc (ST)",0.356493145973963,0.710742641254934,0.712756453666777,6,"Not significant"
"Unstim / P3C4+Nigericin","ALDOA","P04075","P04075","ALDOA_HUMAN","Fructose-bisphosphate aldolase A","P04075_S160_M1_19","HexNAc (ST)",-0.197332109129867,0.710795289274567,0.712876854805941,6,"Not significant"
"Unstim / P3C4+Nigericin","OAT","P04181","P04181","OAT_HUMAN","Ornithine aminotransferase, mitochondrial","P04181_T33_M3_19","HexNAc (ST)",-0.874871677244489,0.71088913402524,0.713250272743798,6,"Not significant"
"Unstim / P3C4+Nigericin","KPNA1","P52294","P52294","IMA5_HUMAN","Importin subunit alpha-5","P52294_S353_M2_19","HexNAc (ST)",0.342304427680409,0.71155909090565,0.715426373358229,5,"Not significant"
"Unstim / P3C4+Nigericin","CANX","P27824","P27824","CALX_HUMAN","Calnexin","P27824_S392_M1_19","HexNAc (ST)",0.163204387738569,0.711659304911074,0.715830887168737,6,"Not significant"
"Unstim / P3C4+Nigericin","AHNAK","Q09666","Q09666","AHNK_HUMAN","Neuroblast differentiation-associated protein AHNAK","Q09666_S4789_M2_19","HexNAc (ST)",-0.184375829433295,0.714428295474626,0.725084041358474,5,"Not significant"
"Unstim / P3C4+Nigericin","H2BC21","Q16778","Q16778","H2B2E_HUMAN","Histone H2B type 2-E","Q16778_S39_M2_19","HexNAc (ST)",-0.442802996696433,0.715171141843404,0.727479444881584,6,"Not significant"
"Unstim / P3C4+Nigericin","H2BC21","Q16778","Q16778","H2B2E_HUMAN","Histone H2B type 2-E","Q16778_S37_M2_19","HexNAc (ST)",-0.442802996696433,0.715171141843404,0.727479444881584,6,"Not significant"
"Unstim / P3C4+Nigericin","ALDOC","P09972","P09972","ALDOC_HUMAN","Fructose-bisphosphate aldolase C","P09972_T97_M1_19","HexNAc (ST)",0.571966932240637,0.716296577362814,0.731347682732538,6,"Not significant"
"Unstim / P3C4+Nigericin","ACSL1","P33121","P33121","ACSL1_HUMAN","Long-chain-fatty-acid--CoA ligase 1","P33121_S247_M2_19","HexNAc (ST)",-0.726509421859865,0.718124182091968,0.737441963055047,6,"Not significant"
"Unstim / P3C4+Nigericin","ACSL1","P33121","P33121","ACSL1_HUMAN","Long-chain-fatty-acid--CoA ligase 1","P33121_T246_M2_19","HexNAc (ST)",-0.726509421859865,0.718124182091968,0.737441963055047,6,"Not significant"
"Unstim / P3C4+Nigericin","PRKCSH","P14314","P14314","GLU2B_HUMAN","Glucosidase 2 subunit beta","P14314_S168_M1_19","HexNAc (ST)",-0.257550966426578,0.720558407881138,0.745165951425449,6,"Not significant"
"Unstim / P3C4+Nigericin","MATR3","P43243","P43243","MATR3_HUMAN","Matrin-3","P43243_T134_M1_19","HexNAc (ST)",0.290096257028816,0.720829377277879,0.746020360238443,6,"Not significant"
"Unstim / P3C4+Nigericin","FBL","P22087","P22087","FBRL_HUMAN","rRNA 2'-O-methyltransferase fibrillarin","P22087_T298_M1_19","HexNAc (ST)",0.546673125276645,0.721450198193657,0.748126099292649,6,"Not significant"
"Unstim / P3C4+Nigericin","PPIA","P62937","P62937","PPIA_HUMAN","Peptidyl-prolyl cis-trans isomerase A","P62937_T119_M2_19","HexNAc (ST)",0.143558774382575,0.722189591199182,0.750852626001882,5,"Not significant"
"Unstim / P3C4+Nigericin","PPIA","P62937","P62937","PPIA_HUMAN","Peptidyl-prolyl cis-trans isomerase A","P62937_T116_M2_19","HexNAc (ST)",0.143558774382575,0.722189591199182,0.750852626001882,5,"Not significant"
"Unstim / P3C4+Nigericin","AARS1","P49588","P49588","SYAC_HUMAN","Alanine--tRNA ligase, cytoplasmic","P49588_T804_M1_19","HexNAc (ST)",0.659853028691418,0.723041579187336,0.753996379895654,6,"Not significant"
"Unstim / P3C4+Nigericin","TOMM22","Q9NS69","Q9NS69","TOM22_HUMAN","Mitochondrial import receptor subunit TOM22 homolog","Q9NS69_T125_M3_19","HexNAc (ST)",-0.122781437631762,0.723221012870253,0.754509664233754,4,"Not significant"
"Unstim / P3C4+Nigericin","CD38","P28907","P28907","CD38_HUMAN","ADP-ribosyl cyclase/cyclic ADP-ribose hydrolase 1","P28907_T71_M1_19","HexNAc (ST)",0.288002482682443,0.723851937482115,0.756709378858786,6,"Not significant"
"Unstim / P3C4+Nigericin","HSPD1","P10809","P10809","CH60_HUMAN","60 kDa heat shock protein, mitochondrial","P10809_T54_M1_19","HexNAc (ST)",0.152802454616294,0.725572432460352,0.762790327455894,6,"Not significant"
"Unstim / P3C4+Nigericin","CCDC9","Q9Y3X0","Q9Y3X0","CCDC9_HUMAN","Coiled-coil domain-containing protein 9","Q9Y3X0_S115_M1_19","HexNAc (ST)",0.692127150573105,0.72574884292673,0.763292770352247,5,"Not significant"
"Unstim / P3C4+Nigericin","ANXA6","P08133","P08133","ANXA6_HUMAN","Annexin A6","P08133_S121_M1_19","HexNAc (ST)",-0.692524334372511,0.726811755753806,0.767047777790008,5,"Not significant"
"Unstim / P3C4+Nigericin","MANF","P55145","P55145","MANF_HUMAN","Mesencephalic astrocyte-derived neurotrophic factor","P55145_T55_M1_19","HexNAc (ST)",-0.680131527680204,0.727141302247605,0.76801082620959,6,"Not significant"
"Unstim / P3C4+Nigericin","MRPL2","Q5T653","Q5T653","RM02_HUMAN","Large ribosomal subunit protein uL2m","Q5T653_T223_M2_19","HexNAc (ST)",-0.261771084952105,0.727199087919279,0.768171489006635,6,"Not significant"
"Unstim / P3C4+Nigericin","RAC2","P15153","P15153","RAC2_HUMAN","Ras-related C3 botulinum toxin substrate 2","P15153_T138_M1_19","HexNAc (ST)",0.674666486922478,0.727268146329693,0.768426808634674,6,"Not significant"
"Unstim / P3C4+Nigericin","DYNC1I2","Q13409","Q13409","DC1I2_HUMAN","Cytoplasmic dynein 1 intermediate chain 2","Q13409_S590_M1_19","HexNAc (ST)",-0.40279883109193,0.729626782714621,0.776866279435572,6,"Not significant"
"Unstim / P3C4+Nigericin","SSB","P05455","P05455","LA_HUMAN","Lupus La protein","P05455_T302_M1_19","HexNAc (ST)",-0.291602859778024,0.730203827967815,0.77889644335042,6,"Not significant"
"Unstim / P3C4+Nigericin","PRSS1","P07477","P07477","TRY1_HUMAN","Serine protease 1","P07477_T103_M1_19","HexNAc (ST)",0.108103660670447,0.730885054723887,0.781435472334201,6,"Not significant"
"Unstim / P3C4+Nigericin","CLTC","Q00610","Q00610","CLH1_HUMAN","Clathrin heavy chain 1","Q00610_S460_M1_19","HexNAc (ST)",0.562658048043816,0.731987284311817,0.785395932306605,6,"Not significant"
"Unstim / P3C4+Nigericin","STK10","O94804","O94804","STK10_HUMAN","Serine/threonine-protein kinase 10","O94804_T58_M1_19","HexNAc (ST)",0.115770181482689,0.732169841438341,0.786126580234052,6,"Not significant"
"Unstim / P3C4+Nigericin","HSPA8","P11142","P11142","HSP7C_HUMAN","Heat shock cognate 71 kDa protein","P11142_T586_M1_19","HexNAc (ST)",-0.441303023322115,0.73240139307873,0.787121795025699,6,"Not significant"
"Unstim / P3C4+Nigericin","HSPE1","P61604","P61604","CH10_HUMAN","10 kDa heat shock protein, mitochondrial","P61604_T79_M1_19","HexNAc (ST)",-0.426742787737541,0.733138741651872,0.789911474204282,6,"Not significant"
"Unstim / P3C4+Nigericin","AHNAK","Q09666","Q09666","AHNK_HUMAN","Neuroblast differentiation-associated protein AHNAK","Q09666_S845_M2_19","HexNAc (ST)",0.563756780838384,0.73408420850803,0.793372151655655,6,"Not significant"
"Unstim / P3C4+Nigericin","AHNAK","Q09666","Q09666","AHNK_HUMAN","Neuroblast differentiation-associated protein AHNAK","Q09666_T839_M2_19","HexNAc (ST)",0.563756780838384,0.73408420850803,0.793372151655655,6,"Not significant"
"Unstim / P3C4+Nigericin","CAPG","P40121","P40121","CAPG_HUMAN","Macrophage-capping protein","P40121_T212_M1_19","HexNAc (ST)",0.238242533758307,0.735416551867619,0.797829590602173,6,"Not significant"
"Unstim / P3C4+Nigericin","MYO18A","Q92614","Q92614","MY18A_HUMAN","Unconventional myosin-XVIIIa","Q92614_T1661_M1_19","HexNAc (ST)",0.401627452053552,0.736722736370923,0.802169000121639,6,"Not significant"
"Unstim / P3C4+Nigericin","TRIP10","Q15642","Q15642","CIP4_HUMAN","Cdc42-interacting protein 4","Q15642_S265_M1_19","HexNAc (ST)",0.55640406539064,0.737013246216917,0.803158749506117,6,"Not significant"
"Unstim / P3C4+Nigericin","ELOB","Q15370","Q15370","ELOB_HUMAN","Elongin-B","Q15370_T56_M1_19","HexNAc (ST)",-0.397911249933449,0.737112071377398,0.803611357623395,4,"Not significant"
"Unstim / P3C4+Nigericin","HSPA5","P11021","P11021","BIP_HUMAN","Endoplasmic reticulum chaperone BiP","P11021_T184_M1_19","HexNAc (ST)",-0.0709917827358715,0.737893758134332,0.806588827591946,6,"Not significant"
"Unstim / P3C4+Nigericin","PDIA3","P30101","P30101","PDIA3_HUMAN","Protein disulfide-isomerase A3","P30101_T212_M2_19","HexNAc (ST)",-0.147898197118667,0.738795653132446,0.809849808551524,6,"Not significant"
"Unstim / P3C4+Nigericin","PDIA3","P30101","P30101","PDIA3_HUMAN","Protein disulfide-isomerase A3","P30101_S209_M2_19","HexNAc (ST)",-0.147898197118667,0.738795653132446,0.809849808551524,6,"Not significant"
"Unstim / P3C4+Nigericin","CMPK1","P30085","P30085","KCY_HUMAN","UMP-CMP kinase","P30085_S180_M1_19","HexNAc (ST)",-0.254486906595375,0.738830070141049,0.809992832870573,5,"Not significant"
"Unstim / P3C4+Nigericin","MYCBPAP","Q8TBZ2","Q8TBZ2","MYBPP_HUMAN","MYCBP-associated protein","Q8TBZ2_S582_M3_19","HexNAc (ST)",0.0885571360277823,0.739204191946469,0.811311937806744,6,"Not significant"
"Unstim / P3C4+Nigericin","MYCBPAP","Q8TBZ2","Q8TBZ2","MYBPP_HUMAN","MYCBP-associated protein","Q8TBZ2_T580_M3_19","HexNAc (ST)",0.0885571360277823,0.739204191946469,0.811311972053665,6,"Not significant"
"Unstim / P3C4+Nigericin","TMSB10","P63313","P63313","TYB10_HUMAN","Thymosin beta-10","P63313_T28_M1_19","HexNAc (ST)",-0.119070388300867,0.741564437110178,0.820105933874697,6,"Not significant"
"Unstim / P3C4+Nigericin","TOP1","P11387","P11387","TOP1_HUMAN","DNA topoisomerase 1","P11387_T258_M1_19","HexNAc (ST)",-0.148307804063686,0.742759918035287,0.824465587346466,5,"Not significant"
"Unstim / P3C4+Nigericin","PSMC2","P35998","P35998","PRS7_HUMAN","26S proteasome regulatory subunit 7","P35998_T193_M1_19","HexNAc (ST)",-0.322775410109911,0.746546189240949,0.839183833540086,6,"Not significant"
"Unstim / P3C4+Nigericin","TMPO","P42166","P42166","LAP2A_HUMAN","Lamina-associated polypeptide 2, isoform alpha","P42166_S18_M2_19","HexNAc (ST)",0.119542103176426,0.747198177289427,0.841438360696571,5,"Not significant"
"Unstim / P3C4+Nigericin","ATP5PD","O75947","O75947","ATP5H_HUMAN","ATP synthase subunit d, mitochondrial","O75947_T10_M1_19","HexNAc (ST)",-0.433936536830999,0.747812217888398,0.843637805939761,6,"Not significant"
"Unstim / P3C4+Nigericin","SOD1","P00441","P00441","SODC_HUMAN","Superoxide dismutase [Cu-Zn]","P00441_T3_M1_19","HexNAc (ST)",0.0862673074145783,0.747867781603721,0.843973194099807,6,"Not significant"
"Unstim / P3C4+Nigericin","KRT14","Cont_P02533;P02533","Cont_P02533;P02533","K1C14_HUMAN","Keratin, type I cytoskeletal 14;Keratin, type I cytoskeletal 14","Cont_P02533_T310_M2_19","HexNAc (ST)",0.28135560980671,0.749813333185928,0.851166619248739,6,"Not significant"
"Unstim / P3C4+Nigericin","KRT14","Cont_P02533;P02533","Cont_P02533;P02533","K1C14_HUMAN","Keratin, type I cytoskeletal 14;Keratin, type I cytoskeletal 14","Cont_P02533_T308_M2_19","HexNAc (ST)",0.28135560980671,0.749813333185928,0.851166619248739,6,"Not significant"
"Unstim / P3C4+Nigericin","KRT14","Cont_P02533;P02533","Cont_P02533;P02533","K1C14_HUMAN","Keratin, type I cytoskeletal 14;Keratin, type I cytoskeletal 14","P02533_T310_M2_19","HexNAc (ST)",0.28135560980671,0.749813333185928,0.851166619248739,6,"Not significant"
"Unstim / P3C4+Nigericin","KRT14","Cont_P02533;P02533","Cont_P02533;P02533","K1C14_HUMAN","Keratin, type I cytoskeletal 14;Keratin, type I cytoskeletal 14","P02533_T308_M2_19","HexNAc (ST)",0.28135560980671,0.749813333185928,0.851166619248739,6,"Not significant"
"Unstim / P3C4+Nigericin","OSBPL8","Q9BZF1","Q9BZF1","OSBL8_HUMAN","Oxysterol-binding protein-related protein 8","Q9BZF1_T491_M1_19","HexNAc (ST)",-0.143247610031215,0.750167400824249,0.85258522449368,6,"Not significant"
"Unstim / P3C4+Nigericin","CD44","P16070","P16070","CD44_HUMAN","CD44 antigen","P16070_S686_M1_19","HexNAc (ST)",-0.395527969047631,0.751619872612317,0.858091978243639,6,"Not significant"
"Unstim / P3C4+Nigericin","OLA1","Q9NTK5","Q9NTK5","OLA1_HUMAN","Obg-like ATPase 1","Q9NTK5_S22_M2_19","HexNAc (ST)",0.136808070953698,0.752428282626035,0.861243842576214,6,"Not significant"
"Unstim / P3C4+Nigericin","OLA1","Q9NTK5","Q9NTK5","OLA1_HUMAN","Obg-like ATPase 1","Q9NTK5_T21_M2_19","HexNAc (ST)",0.136808070953698,0.752428282626035,0.861243842576214,6,"Not significant"
"Unstim / P3C4+Nigericin","ACTR3","P61158","P61158","ARP3_HUMAN","Actin-related protein 3","P61158_T369_M1_19","HexNAc (ST)",-0.133458640638301,0.755066429507707,0.871743829081023,6,"Not significant"
"Unstim / P3C4+Nigericin","ICAM1","P05362","P05362","ICAM1_HUMAN","Intercellular adhesion molecule 1","P05362_T341_M1_19","HexNAc (ST)",0.0619656364044086,0.755663791430519,0.874085297616145,6,"Not significant"
"Unstim / P3C4+Nigericin","HNRNPD","Q14103","Q14103","HNRPD_HUMAN","Heterogeneous nuclear ribonucleoprotein D0","Q14103_S190_M2_19","HexNAc (ST)",0.300529075039752,0.757194713043251,0.879839353429031,6,"Not significant"
"Unstim / P3C4+Nigericin","NOTCH2","Q04721","Q04721","NOTC2_HUMAN","Neurogenic locus notch homolog protein 2","Q04721_T696_M1_19","HexNAc (ST)",-0.0525554102150471,0.757579360959026,0.881459855813165,6,"Not significant"
"Unstim / P3C4+Nigericin","BCKDK","O14874","O14874","BCKD_HUMAN","[3-methyl-2-oxobutanoate dehydrogenase [lipoamide]] kinase, mitochondrial","O14874_S90_M1_19","HexNAc (ST)",0.317352301025639,0.75819771574406,0.883643391282702,6,"Not significant"
"Unstim / P3C4+Nigericin","TUBA4A","Cont_P81948;P68366","Cont_P81948;P68366","TBA4A_BOVIN;TBA4A_HUMAN","Tubulin alpha-4A chain","Cont_P81948_T73_M1_19","HexNAc (ST)",0.0428139518981372,0.759672988240449,0.889547989842965,6,"Not significant"
"Unstim / P3C4+Nigericin","TUBA4A","Cont_P81948;P68366","Cont_P81948;P68366","TBA4A_BOVIN;TBA4A_HUMAN","Tubulin alpha-4A chain","P68366_T73_M1_19","HexNAc (ST)",0.0428139518981372,0.759672988240449,0.889547989842965,6,"Not significant"
"Unstim / P3C4+Nigericin","NDUFS8","O00217","O00217","NDUS8_HUMAN","NADH dehydrogenase [ubiquinone] iron-sulfur protein 8, mitochondrial","O00217_T127_M1_19","HexNAc (ST)",0.293800726148775,0.76042094035478,0.892882065295741,6,"Not significant"
"Unstim / P3C4+Nigericin","TMED10","P49755","P49755","TMEDA_HUMAN","Transmembrane emp24 domain-containing protein 10","P49755_T114_M1_19","HexNAc (ST)",-0.129855227738379,0.763173000877531,0.904035706928244,6,"Not significant"
"Unstim / P3C4+Nigericin","TKT","P29401","P29401","TKT_HUMAN","Transketolase","P29401_S295_M2_19","HexNAc (ST)",0.037119076768389,0.76459531017527,0.909733975829299,6,"Not significant"
"Unstim / P3C4+Nigericin","HSP90AA1","P07900","P07900","HS90A_HUMAN","Heat shock protein HSP 90-alpha","P07900_T624_M1_19","HexNAc (ST)",0.209980524241406,0.76573367596824,0.914187344008069,4,"Not significant"
"Unstim / P3C4+Nigericin","SRSF1","Q07955","Q07955","SRSF1_HUMAN","Serine/arginine-rich splicing factor 1","Q07955_S2_M1_19","HexNAc (ST)",0.198715053640285,0.765853512028639,0.914710535149534,6,"Not significant"
"Unstim / P3C4+Nigericin","STMN1","P16949","P16949","STMN1_HUMAN","Stathmin","P16949_S46_M1_19","HexNAc (ST)",0.0328456412696894,0.767178722478768,0.920099485711298,6,"Not significant"
"Unstim / P3C4+Nigericin","HLA-A","P04439","P04439","HLAA_HUMAN","HLA class I histocompatibility antigen, A alpha chain","P04439_S275_M1_19","HexNAc (ST)",0.0296489881690638,0.767325309936287,0.920672237469578,6,"Not significant"
"Unstim / P3C4+Nigericin","GRPEL1","Q9HAV7","Q9HAV7","GRPE1_HUMAN","GrpE protein homolog 1, mitochondrial","Q9HAV7_T147_M2_19","HexNAc (ST)",-0.114428460210656,0.767839893806516,0.922716865785973,5,"Not significant"
"Unstim / P3C4+Nigericin","NOTCH2","Q04721","Q04721","NOTC2_HUMAN","Neurogenic locus notch homolog protein 2","Q04721_T78_M1_19","HexNAc (ST)",0.0338098262271016,0.768152588716435,0.924190509428341,6,"Not significant"
"Unstim / P3C4+Nigericin","NPM1","P06748","P06748","NPM_HUMAN","Nucleophosmin","P06748_S10_M1_19","HexNAc (ST)",-0.0756552765523499,0.769854827696787,0.93150542767329,6,"Not significant"
"Unstim / P3C4+Nigericin","DPYSL2","Q16555","Q16555","DPYL2_HUMAN","Dihydropyrimidinase-related protein 2","Q16555_S421_M3_19","HexNAc (ST)",-0.0467045519502864,0.772157306708921,0.941361945465069,4,"Not significant"
"Unstim / P3C4+Nigericin","SLC25A24","Q6NUK1","Q6NUK1","SCMC1_HUMAN","Mitochondrial adenyl nucleotide antiporter SLC25A24","Q6NUK1_S208_M1_19","HexNAc (ST)",-0.0483166262987372,0.773299299519251,0.946118374796344,6,"Not significant"
"Unstim / P3C4+Nigericin","TMSB4X","P62328","P62328","TYB4_HUMAN","Thymosin beta-4","P62328_S16_M1_19","HexNAc (ST)",-0.10346665585475,0.774788362258312,0.952480159239106,6,"Not significant"
"Unstim / P3C4+Nigericin","AHNAK","Q09666","Q09666","AHNK_HUMAN","Neuroblast differentiation-associated protein AHNAK","Q09666_S3182_M1_19","HexNAc (ST)",-0.0685662269890771,0.779892190539782,0.974679514111686,6,"Not significant"
"Unstim / P3C4+Nigericin","AHNAK","Q09666","Q09666","AHNK_HUMAN","Neuroblast differentiation-associated protein AHNAK","Q09666_S3964_M1_19","HexNAc (ST)",-0.0685662269890771,0.779892190539782,0.974679514111686,6,"Not significant"
"Unstim / P3C4+Nigericin","GOLGA2","Q08379","Q08379","GOGA2_HUMAN","Golgin subfamily A member 2","Q08379_T959_M2_19","HexNAc (ST)",-0.0424249601566419,0.782240548020931,0.984766957560074,5,"Not significant"
"Unstim / P3C4+Nigericin","TSC22D1","Q15714","Q15714","T22D1_HUMAN","TSC22 domain family protein 1","Q15714_S1018_M1_19","HexNAc (ST)",-0.00891700304568278,0.782372435584131,0.985309158307066,6,"Not significant"
"Unstim / P3C4+Nigericin","BCAS2","O75934","O75934","SPF27_HUMAN","Pre-mRNA-splicing factor SPF27","O75934_T4_M1_19","HexNAc (ST)",0.026878908779845,0.782937821664286,0.987855061673589,6,"Not significant"
"Unstim / P3C4+Nigericin","PKM","P14618","P14618","KPYM_HUMAN","Pyruvate kinase PKM","P14618_S222_M2_19","HexNAc (ST)",-0.00634085092180037,0.783992362694532,0.992642712785073,4,"Not significant"
"Unstim / P3C4+Nigericin","ETFA","P13804","P13804","ETFA_HUMAN","Electron transfer flavoprotein subunit alpha, mitochondrial","P13804_S133_M1_19","HexNAc (ST)",0.0127164480303884,0.784491727255548,0.995149496916427,6,"Not significant"
"Unstim / P3C4+Nigericin","PDIA3","P30101","P30101","PDIA3_HUMAN","Protein disulfide-isomerase A3","P30101_T248_M1_19","HexNAc (ST)",0.00157881147569857,0.785071547402084,0.99774128580061,6,"Not significant"
