"Comparison (group1/group2)","Genes","UniProtIds","ProteinGroups","ProteinNames","ProteinDescriptions","Group","PTM.ModificationTitle","AVG Log2 Ratio","Qvalue","Pvalue","# of Ratios","Significance"
"Unstim / LPS+Nigericin","NAP1L1","P55209","P55209","NP1L1_HUMAN","Nucleosome assembly protein 1-like 1","P55209_T39_M1_19","HexNAc (ST)",-0.533966921012073,0.481601118782896,0.0207586624224271,6,"Not significant"
"Unstim / LPS+Nigericin","KTN1","Q86UP2","Q86UP2","KTN1_HUMAN","Kinectin","Q86UP2_S312_M1_19","HexNAc (ST)",1.70751747714695,0.484686772748685,0.0216030407558482,6,"Not significant"
"Unstim / LPS+Nigericin","ZYX","Q15942","Q15942","ZYX_HUMAN","Zyxin","Q15942_T220_M2_19","HexNAc (ST)",2.72102933529144,0.503492843454907,0.0319303130680693,4,"Not significant"
"Unstim / LPS+Nigericin","ZYX","Q15942","Q15942","ZYX_HUMAN","Zyxin","Q15942_S218_M2_19","HexNAc (ST)",2.72102933529144,0.503492843454907,0.0319303130680693,4,"Not significant"
"Unstim / LPS+Nigericin","CD22","P20273","P20273","CD22_HUMAN","B-cell receptor CD22","P20273_T291_M1_19","HexNAc (ST)",1.8474477078092,0.509184426366961,0.036050344520344,4,"Not significant"
"Unstim / LPS+Nigericin","LYRM7","Q5U5X0","Q5U5X0","LYRM7_HUMAN","Complex III assembly factor LYRM7","Q5U5X0_T101_M1_19","HexNAc (ST)",0.430151283323549,0.509786184955618,0.0364392678251484,6,"Not significant"
"Unstim / LPS+Nigericin","IPMK","Q8NFU5","Q8NFU5","IPMK_HUMAN","Inositol polyphosphate multikinase","Q8NFU5_S229_M1_19","HexNAc (ST)",0.590617694257693,0.514100676258316,0.0400299100154695,6,"Not significant"
"Unstim / LPS+Nigericin","OLA1","Q9NTK5","Q9NTK5","OLA1_HUMAN","Obg-like ATPase 1","Q9NTK5_S22_M2_19","HexNAc (ST)",1.50708646978711,0.521814899217658,0.0457409355258796,6,"Not significant"
"Unstim / LPS+Nigericin","OLA1","Q9NTK5","Q9NTK5","OLA1_HUMAN","Obg-like ATPase 1","Q9NTK5_T21_M2_19","HexNAc (ST)",1.50708646978711,0.521814899217658,0.0457409355258796,6,"Not significant"
"Unstim / LPS+Nigericin","S100A9","P06702","P06702","S10A9_HUMAN","Protein S100-A9","P06702_T31_M1_19","HexNAc (ST)",1.17816514297124,0.527250777350866,0.0503413056509768,6,"Not significant"
"Unstim / LPS+Nigericin","MYH9","P35579","P35579","MYH9_HUMAN","Myosin-9","P35579_S1677_M1_19","HexNAc (ST)",-3.38455437415293,0.527752602503093,0.050668398559421,6,"Not significant"
"Unstim / LPS+Nigericin","ILK","Q13418","Q13418","ILK_HUMAN","Integrin-linked protein kinase","Q13418_S47_M1_19","HexNAc (ST)",-1.45843579697613,0.533289459021315,0.0570898571500319,6,"Not significant"
"Unstim / LPS+Nigericin","TUBB4B","P68371","P68371","TBB4B_HUMAN","Tubulin beta-4B chain","P68371_S322_M1_19","HexNAc (ST)",-0.935619721575185,0.535000851886307,0.0588391610886267,6,"Not significant"
"Unstim / LPS+Nigericin","NOP58","Q9Y2X3","Q9Y2X3","NOP58_HUMAN","Nucleolar protein 58","Q9Y2X3_T61_M2_19","HexNAc (ST)",0.626763932191377,0.535119706406631,0.0589733455357482,6,"Not significant"
"Unstim / LPS+Nigericin","NOP58","Q9Y2X3","Q9Y2X3","NOP58_HUMAN","Nucleolar protein 58","Q9Y2X3_T53_M2_19","HexNAc (ST)",0.626763932191377,0.535119706406631,0.0589733455357482,6,"Not significant"
"Unstim / LPS+Nigericin","DSTN","P60981","P60981","DEST_HUMAN","Destrin","P60981_T65_M2_19","HexNAc (ST)",0.83463813496201,0.535218118854812,0.0590786571297936,6,"Not significant"
"Unstim / LPS+Nigericin","DSTN","P60981","P60981","DEST_HUMAN","Destrin","P60981_T63_M2_19","HexNAc (ST)",0.83463813496201,0.535218118854812,0.0590786571297936,6,"Not significant"
"Unstim / LPS+Nigericin","HIVEP3","Q5T1R4","Q5T1R4","ZEP3_HUMAN","Transcription factor HIVEP3","Q5T1R4_T1401_M1_19","HexNAc (ST)",1.773879172965,0.535364468570915,0.0593479876197532,6,"Not significant"
"Unstim / LPS+Nigericin","GALK1","P51570","P51570","GALK1_HUMAN","Galactokinase","P51570_S254_M1_19","HexNAc (ST)",1.50625531134605,0.539841391073839,0.0635759964027978,6,"Not significant"
"Unstim / LPS+Nigericin","ANXA6","P08133","P08133","ANXA6_HUMAN","Annexin A6","P08133_S49_M2_19","HexNAc (ST)",-1.23066792449395,0.543521996615648,0.067101227417247,6,"Not significant"
"Unstim / LPS+Nigericin","PHB1","P35232","P35232","PHB1_HUMAN","Prohibitin 1","P35232_S218_M1_19","HexNAc (ST)",-0.864670171958104,0.546203411130175,0.0706378448636889,6,"Not significant"
"Unstim / LPS+Nigericin","MYH9","P35579","P35579","MYH9_HUMAN","Myosin-9","P35579_T1276_M1_19","HexNAc (ST)",-0.711542712759419,0.546346626603113,0.0707636907603721,5,"Not significant"
"Unstim / LPS+Nigericin","PARK7","Q99497","Q99497","PARK7_HUMAN","Parkinson disease protein 7","Q99497_S142_M1_19","HexNAc (ST)",1.32783687137675,0.546574216382033,0.0709801124225137,4,"Not significant"
"Unstim / LPS+Nigericin","AHNAK","Q09666","Q09666","AHNK_HUMAN","Neuroblast differentiation-associated protein AHNAK","Q09666_S4130_M1_19","HexNAc (ST)",1.44437817792538,0.547042381559892,0.0723543149665906,6,"Not significant"
"Unstim / LPS+Nigericin","AHNAK","Q09666","Q09666","AHNK_HUMAN","Neuroblast differentiation-associated protein AHNAK","Q09666_S4594_M1_19","HexNAc (ST)",1.44437817792538,0.547042381559892,0.0723543149665906,6,"Not significant"
"Unstim / LPS+Nigericin","PSMB1","P20618","P20618","PSB1_HUMAN","Proteasome subunit beta type-1","P20618_S237_M1_19","HexNAc (ST)",0.862447237907266,0.554390999809158,0.0803881199887042,6,"Not significant"
"Unstim / LPS+Nigericin","ATP5F1A","P25705","P25705","ATPA_HUMAN","ATP synthase subunit alpha, mitochondrial","P25705_S325_M1_19","HexNAc (ST)",1.73254618583455,0.556604607267625,0.083757706729283,6,"Not significant"
"Unstim / LPS+Nigericin","PPT1","P50897","P50897","PPT1_HUMAN","Palmitoyl-protein thioesterase 1","P50897_S199_M1_19","HexNAc (ST)",1.69342476420526,0.558581061795982,0.0864522013011843,6,"Not significant"
"Unstim / LPS+Nigericin","AHNAK","Q09666","Q09666","AHNK_HUMAN","Neuroblast differentiation-associated protein AHNAK","Q09666_S3672_M1_19","HexNAc (ST)",1.95358253272772,0.559953094168983,0.0880135609165825,6,"Not significant"
"Unstim / LPS+Nigericin","HSPA8","P11142","P11142","HSP7C_HUMAN","Heat shock cognate 71 kDa protein","P11142_T462_M1_19","HexNAc (ST)",-7.23431270649115,0.560387669442672,0.0885869040597145,6,"Not significant"
"Unstim / LPS+Nigericin","NHP2","Q9NX24","Q9NX24","NHP2_HUMAN","H/ACA ribonucleoprotein complex subunit 2","Q9NX24_S40_M2_19","HexNAc (ST)",-0.522722460116197,0.563033165612983,0.0923418986483876,4,"Not significant"
"Unstim / LPS+Nigericin","H2BC21","Q16778","Q16778","H2B2E_HUMAN","Histone H2B type 2-E","Q16778_S39_M2_19","HexNAc (ST)",-1.38706653406865,0.563079370625897,0.0924964854081378,6,"Not significant"
"Unstim / LPS+Nigericin","H2BC21","Q16778","Q16778","H2B2E_HUMAN","Histone H2B type 2-E","Q16778_S37_M2_19","HexNAc (ST)",-1.38706653406865,0.563079370625897,0.0924964854081378,6,"Not significant"
"Unstim / LPS+Nigericin","HSP90B1","P14625","P14625","ENPL_HUMAN","Endoplasmin","P14625_T722_M1_19","HexNAc (ST)",-0.978012425918768,0.566450292114357,0.0974849203563607,5,"Not significant"
"Unstim / LPS+Nigericin","ACTB","Cont_P60712;P60709","Cont_P60712;P60709","ACTB_BOVIN;ACTB_HUMAN","Actin, cytoplasmic 1;Actin, cytoplasmic 1","Cont_P60712_T106_M1_19","HexNAc (ST)",1.15798443971111,0.566859285067284,0.0979465911829058,6,"Not significant"
"Unstim / LPS+Nigericin","ACTB","Cont_P60712;P60709","Cont_P60712;P60709","ACTB_BOVIN;ACTB_HUMAN","Actin, cytoplasmic 1;Actin, cytoplasmic 1","P60709_T106_M1_19","HexNAc (ST)",1.15798443971111,0.566859285067284,0.0979465911829058,6,"Not significant"
"Unstim / LPS+Nigericin","TOP2B","Q02880","Q02880","TOP2B_HUMAN","DNA topoisomerase 2-beta","Q02880_T97_M1_19","HexNAc (ST)",0.555777153079365,0.56703859328254,0.098333713817059,6,"Not significant"
"Unstim / LPS+Nigericin","VAPA","Q9P0L0","Q9P0L0","VAPA_HUMAN","Vesicle-associated membrane protein-associated protein A","Q9P0L0_T35_M1_19","HexNAc (ST)",1.40814383145713,0.567323623460513,0.0993573312343878,6,"Not significant"
"Unstim / LPS+Nigericin","EIF4A1","P60842","P60842","IF4A1_HUMAN","Eukaryotic initiation factor 4A-I","P60842_T377_M1_19","HexNAc (ST)",0.890157348124855,0.567488061657364,0.0995029353185314,6,"Not significant"
"Unstim / LPS+Nigericin","PRPF8","Q6P2Q9","Q6P2Q9","PRP8_HUMAN","Pre-mRNA-processing-splicing factor 8","Q6P2Q9_T1841_M1_19","HexNAc (ST)",0.861965519465807,0.56901586456967,0.101519390696032,6,"Not significant"
"Unstim / LPS+Nigericin","AKAP8","O43823","O43823","AKAP8_HUMAN","A-kinase anchor protein 8","O43823_S685_M1_19","HexNAc (ST)",1.34408428438135,0.572757045718362,0.10709294625968,6,"Not significant"
"Unstim / LPS+Nigericin","XRCC5","P13010","P13010","XRCC5_HUMAN","X-ray repair cross-complementing protein 5","P13010_T293_M1_19","HexNAc (ST)",1.62004987436379,0.57340305507442,0.108174859779626,5,"Not significant"
"Unstim / LPS+Nigericin","HNRNPA3","P51991","P51991","ROA3_HUMAN","Heterogeneous nuclear ribonucleoprotein A3","P51991_T137_M1_19","HexNAc (ST)",-0.876203200136059,0.573795030626514,0.108839135311294,6,"Not significant"
"Unstim / LPS+Nigericin","NCF2","P19878","P19878","NCF2_HUMAN","Neutrophil cytosol factor 2","P19878_T233_M1_19","HexNAc (ST)",1.28384517407543,0.574009282745699,0.10922834640465,6,"Not significant"
"Unstim / LPS+Nigericin","HSPA1A;HSPA1B","P0DMV8;P0DMV9","P0DMV8;P0DMV9","HS71A_HUMAN;HS71B_HUMAN","Heat shock 70 kDa protein 1A;Heat shock 70 kDa protein 1B","P0DMV8_S307_M1_19","HexNAc (ST)",0.555022798602236,0.576698520998979,0.113758309075197,6,"Not significant"
"Unstim / LPS+Nigericin","HSPA1A;HSPA1B","P0DMV8;P0DMV9","P0DMV8;P0DMV9","HS71A_HUMAN;HS71B_HUMAN","Heat shock 70 kDa protein 1A;Heat shock 70 kDa protein 1B","P0DMV9_S307_M1_19","HexNAc (ST)",0.555022798602236,0.576698520998979,0.113758309075197,6,"Not significant"
"Unstim / LPS+Nigericin","CAP1","Q01518","Q01518","CAP1_HUMAN","Adenylyl cyclase-associated protein 1","Q01518_S338_M2_19","HexNAc (ST)",0.495701012241947,0.578713691858027,0.117413141002933,6,"Not significant"
"Unstim / LPS+Nigericin","TAP1","Q03518","Q03518","TAP1_HUMAN","Antigen peptide transporter 1","Q03518_T376_M1_19","HexNAc (ST)",-6.24357717275101,0.580807349624964,0.120776575175771,6,"Not significant"
"Unstim / LPS+Nigericin","HSPD1","P10809","P10809","CH60_HUMAN","60 kDa heat shock protein, mitochondrial","P10809_T206_M1_19","HexNAc (ST)",-1.7372136557637,0.582067530830177,0.123592342472664,6,"Not significant"
"Unstim / LPS+Nigericin","ACTN4","O43707","O43707","ACTN4_HUMAN","Alpha-actinin-4","O43707_T222_M1_19","HexNAc (ST)",1.05175267248869,0.582259465705543,0.123967757107202,6,"Not significant"
"Unstim / LPS+Nigericin","H1-3","P16402","P16402","H13_HUMAN","Histone H1.3","P16402_S56_M2_19","HexNAc (ST)",0.245121817910822,0.582834967571476,0.125053091000741,6,"Not significant"
"Unstim / LPS+Nigericin","CAP1","Q01518","Q01518","CAP1_HUMAN","Adenylyl cyclase-associated protein 1","Q01518_T345_M1_19","HexNAc (ST)",-8.77201076536588,0.583488618437981,0.12619465843231,4,"Not significant"
"Unstim / LPS+Nigericin","AHNAK","Q09666","Q09666","AHNK_HUMAN","Neuroblast differentiation-associated protein AHNAK","Q09666_T4564_M1_19","HexNAc (ST)",0.93901776577527,0.584184323476172,0.127539752758107,6,"Not significant"
"Unstim / LPS+Nigericin","GRIPAP1","Q4V328","Q4V328","GRAP1_HUMAN","GRIP1-associated protein 1","Q4V328_S105_M1_19","HexNAc (ST)",-0.65206352203303,0.588704153502675,0.136223106176731,6,"Not significant"
"Unstim / LPS+Nigericin","PLOD3","O60568","O60568","PLOD3_HUMAN","Multifunctional procollagen lysine hydroxylase and glycosyltransferase LH3","O60568_S209_M1_19","HexNAc (ST)",-0.719400284400605,0.592063554488658,0.143021769616003,6,"Not significant"
"Unstim / LPS+Nigericin","P4HB","P07237","P07237","PDIA1_HUMAN","Protein disulfide-isomerase","P07237_T244_M1_19","HexNAc (ST)",-0.85389574870474,0.592286985558651,0.143343539494617,6,"Not significant"
"Unstim / LPS+Nigericin","HNRNPDL","O14979","O14979","HNRDL_HUMAN","Heterogeneous nuclear ribonucleoprotein D-like","O14979_S201_M1_19","HexNAc (ST)",0.526147881692478,0.593245810254408,0.144699021913457,6,"Not significant"
"Unstim / LPS+Nigericin","ADA","P00813","P00813","ADA_HUMAN","Adenosine deaminase","P00813_T212_M1_19","HexNAc (ST)",0.737759399799492,0.594167652857635,0.146321551303259,6,"Not significant"
"Unstim / LPS+Nigericin","HSPA1A;HSPA1B","P0DMV8;P0DMV9","P0DMV8;P0DMV9","HS71A_HUMAN;HS71B_HUMAN","Heat shock 70 kDa protein 1A;Heat shock 70 kDa protein 1B","P0DMV8_S537_M1_19","HexNAc (ST)",0.871190408040549,0.596127744169808,0.150356863435466,6,"Not significant"
"Unstim / LPS+Nigericin","HSPA1A;HSPA1B","P0DMV8;P0DMV9","P0DMV8;P0DMV9","HS71A_HUMAN;HS71B_HUMAN","Heat shock 70 kDa protein 1A;Heat shock 70 kDa protein 1B","P0DMV9_S537_M1_19","HexNAc (ST)",0.871190408040549,0.596127744169808,0.150356863435466,6,"Not significant"
"Unstim / LPS+Nigericin","FUBP3","Q96I24","Q96I24","FUBP3_HUMAN","Far upstream element-binding protein 3","Q96I24_T192_M1_19","HexNAc (ST)",0.922951462864811,0.596127744169808,0.150354280300791,6,"Not significant"
"Unstim / LPS+Nigericin","MAP3K7","O43318","O43318","M3K7_HUMAN","Mitogen-activated protein kinase kinase kinase 7","O43318_T538_M1_19","HexNAc (ST)",1.04272987030301,0.596661471966246,0.152026938896579,6,"Not significant"
"Unstim / LPS+Nigericin","SEC16A","O15027","O15027","SC16A_HUMAN","Protein transport protein Sec16A","O15027_S331_M1_19","HexNAc (ST)",1.25371227833993,0.597105970172634,0.153240938645902,6,"Not significant"
"Unstim / LPS+Nigericin","TRIP4","Q15650","Q15650","TRIP4_HUMAN","Activating signal cointegrator 1","Q15650_T327_M1_19","HexNAc (ST)",0.869614295794728,0.598953149105906,0.156251906155645,6,"Not significant"
"Unstim / LPS+Nigericin","H4C1","P62805","P62805","H4_HUMAN","Histone H4","P62805_T83_M2_19","HexNAc (ST)",-0.708823176822533,0.601557166609952,0.16074203606637,6,"Not significant"
"Unstim / LPS+Nigericin","H4C1","P62805","P62805","H4_HUMAN","Histone H4","P62805_T81_M2_19","HexNAc (ST)",-0.708823176822533,0.601557166609952,0.16074203606637,6,"Not significant"
"Unstim / LPS+Nigericin","ALDOA","Cont_P00883","Cont_P00883","ALDOA_RABIT","Fructose-bisphosphate aldolase A","Cont_P00883_S4_M1_19","HexNAc (ST)",1.93664771674136,0.603121480649919,0.194559639011985,6,"Not significant"
"Unstim / LPS+Nigericin","CA2","P00918","P00918","CAH2_HUMAN","Carbonic anhydrase 2","P00918_S73_M1_19","HexNAc (ST)",0.86940337123104,0.603121480649919,0.16946720073792,6,"Not significant"
"Unstim / LPS+Nigericin","LCP1","P13796","P13796","PLSL_HUMAN","Plastin-2","P13796_S323_M1_19","HexNAc (ST)",0.798323505343992,0.603121480649919,0.182297334403537,6,"Not significant"
"Unstim / LPS+Nigericin","COL18A1","P39060","P39060","COIA1_HUMAN","Collagen alpha-1(XVIII) chain","P39060_S1377_M1_19","HexNAc (ST)",6.99680902622368,0.603121480649919,0.186465127831,6,"Not significant"
"Unstim / LPS+Nigericin","MATR3","P43243","P43243","MATR3_HUMAN","Matrin-3","P43243_S276_M2_19","HexNAc (ST)",0.486241795685779,0.603121480649919,0.174773321115497,6,"Not significant"
"Unstim / LPS+Nigericin","MATR3","P43243","P43243","MATR3_HUMAN","Matrin-3","P43243_S275_M2_19","HexNAc (ST)",0.486241795685779,0.603121480649919,0.174773321115497,6,"Not significant"
"Unstim / LPS+Nigericin","HSPA2","P54652","P54652","HSP72_HUMAN","Heat shock-related 70 kDa protein 2","P54652_T465_M1_19","HexNAc (ST)",-0.972549644140739,0.603121480649919,0.195148938890536,6,"Not significant"
"Unstim / LPS+Nigericin","RPL31","P62899","P62899","RL31_HUMAN","Large ribosomal subunit protein eL31","P62899_T26_M1_19","HexNAc (ST)",-1.76559304628939,0.603121480649919,0.192509562879857,6,"Not significant"
"Unstim / LPS+Nigericin","NOTCH2","Q04721","Q04721","NOTC2_HUMAN","Neurogenic locus notch homolog protein 2","Q04721_T78_M1_19","HexNAc (ST)",-4.73331020114613,0.603121480649919,0.191186212780503,6,"Not significant"
"Unstim / LPS+Nigericin","GLO1","Q04760","Q04760","LGUL_HUMAN","Lactoylglutathione lyase","Q04760_S137_M1_19","HexNAc (ST)",0.798848031688719,0.603121480649919,0.175258729577413,6,"Not significant"
"Unstim / LPS+Nigericin","AHNAK","Q09666","Q09666","AHNK_HUMAN","Neuroblast differentiation-associated protein AHNAK","Q09666_S2580_M1_19","HexNAc (ST)",0.591648951047895,0.603121480649919,0.171338112824025,6,"Not significant"
"Unstim / LPS+Nigericin","AHNAK","Q09666","Q09666","AHNK_HUMAN","Neuroblast differentiation-associated protein AHNAK","Q09666_S4002_M1_19","HexNAc (ST)",0.591648951047895,0.603121480649919,0.171338112824025,6,"Not significant"
"Unstim / LPS+Nigericin","AHNAK","Q09666","Q09666","AHNK_HUMAN","Neuroblast differentiation-associated protein AHNAK","Q09666_S4258_M1_19","HexNAc (ST)",0.591648951047895,0.603121480649919,0.171338112824025,6,"Not significant"
"Unstim / LPS+Nigericin","AHNAK","Q09666","Q09666","AHNK_HUMAN","Neuroblast differentiation-associated protein AHNAK","Q09666_S4460_M1_19","HexNAc (ST)",0.591648951047895,0.603121480649919,0.171338112824025,6,"Not significant"
"Unstim / LPS+Nigericin","AHNAK","Q09666","Q09666","AHNK_HUMAN","Neuroblast differentiation-associated protein AHNAK","Q09666_S1414_M1_19","HexNAc (ST)",-8.59674576069349,0.603121480649919,0.184400216142155,6,"Not significant"
"Unstim / LPS+Nigericin","RSF1","Q96T23","Q96T23","RSF1_HUMAN","Remodeling and spacing factor 1","Q96T23_T506_M2_19","HexNAc (ST)",5.03349793966311,0.603121480649919,0.19106690852355,6,"Not significant"
"Unstim / LPS+Nigericin","RSF1","Q96T23","Q96T23","RSF1_HUMAN","Remodeling and spacing factor 1","Q96T23_T499_M2_19","HexNAc (ST)",5.03349793966311,0.603121480649919,0.19106690852355,6,"Not significant"
"Unstim / LPS+Nigericin","CMC2","Q9NRP2","Q9NRP2","COXM2_HUMAN","COX assembly mitochondrial protein 2 homolog","Q9NRP2_S6_M2_19","HexNAc (ST)",1.3549905026155,0.603121480649919,0.193094844279455,5,"Not significant"
"Unstim / LPS+Nigericin","CA2","P00918","P00918","CAH2_HUMAN","Carbonic anhydrase 2","P00918_S56_M2_19","HexNAc (ST)",-0.726119135158249,0.603121480649919,0.188381498692385,5,"Not significant"
"Unstim / LPS+Nigericin","CA2","P00918","P00918","CAH2_HUMAN","Carbonic anhydrase 2","P00918_T55_M2_19","HexNAc (ST)",-0.726119135158249,0.603121480649919,0.188381498692385,5,"Not significant"
"Unstim / LPS+Nigericin","PLXNB2","O15031","O15031","PLXB2_HUMAN","Plexin-B2","O15031_T1124_M2_19","HexNAc (ST)",1.51603190719323,0.603196373529274,0.195871570304726,6,"Not significant"
"Unstim / LPS+Nigericin","PLXNB2","O15031","O15031","PLXB2_HUMAN","Plexin-B2","O15031_T1117_M2_19","HexNAc (ST)",1.51603190719323,0.603196373529274,0.195871570304726,6,"Not significant"
"Unstim / LPS+Nigericin","CTSV","O60911","O60911","CATL2_HUMAN","Cathepsin L2","O60911_S142_M2_19","HexNAc (ST)",0.585983884329083,0.603202993881853,0.198530721005617,6,"Not significant"
"Unstim / LPS+Nigericin","TOP1","P11387","P11387","TOP1_HUMAN","DNA topoisomerase 1","P11387_T258_M1_19","HexNAc (ST)",-7.77666274332525,0.603202993881853,0.199118056797055,6,"Not significant"
"Unstim / LPS+Nigericin","RPL8","P62917","P62917","RL8_HUMAN","Large ribosomal subunit protein uL2","P62917_T111_M1_19","HexNAc (ST)",0.981937807486877,0.603202993881853,0.196224146607613,6,"Not significant"
"Unstim / LPS+Nigericin","PTCD1","O75127","O75127","PTCD1_HUMAN","Pentatricopeptide repeat-containing protein 1, mitochondrial","O75127_T576_M1_19","HexNAc (ST)",0.55740277764097,0.603207088307491,0.200006402678412,6,"Not significant"
"Unstim / LPS+Nigericin","CPT2","P23786","P23786","CPT2_HUMAN","Carnitine O-palmitoyltransferase 2, mitochondrial","P23786_S66_M1_19","HexNAc (ST)",-6.51199683456688,0.603374995886048,0.200470156286521,6,"Not significant"
"Unstim / LPS+Nigericin","PSMC3","P17980","P17980","PRS6A_HUMAN","26S proteasome regulatory subunit 6A","P17980_T293_M2_19","HexNAc (ST)",3.74997711051923,0.603526448284182,0.2016354827495,6,"Not significant"
"Unstim / LPS+Nigericin","PSMC3","P17980","P17980","PRS6A_HUMAN","26S proteasome regulatory subunit 6A","P17980_S281_M2_19","HexNAc (ST)",3.74997711051923,0.603526448284182,0.2016354827495,6,"Not significant"
"Unstim / LPS+Nigericin","AHNAK","Q09666","Q09666","AHNK_HUMAN","Neuroblast differentiation-associated protein AHNAK","Q09666_T490_M1_19","HexNAc (ST)",0.959884781051947,0.603526448284182,0.202176738238748,6,"Not significant"
"Unstim / LPS+Nigericin","MAP4","P27816","P27816","MAP4_HUMAN","Microtubule-associated protein 4","P27816_T354_M1_19","HexNAc (ST)",-8.02779557871144,0.603578733439998,0.202604564660258,6,"Not significant"
"Unstim / LPS+Nigericin","AHNAK","Q09666","Q09666","AHNK_HUMAN","Neuroblast differentiation-associated protein AHNAK","Q09666_S1654_M1_19","HexNAc (ST)",0.897913836551859,0.603830474471766,0.204700720743459,6,"Not significant"
"Unstim / LPS+Nigericin","AHNAK","Q09666","Q09666","AHNK_HUMAN","Neuroblast differentiation-associated protein AHNAK","Q09666_S1856_M1_19","HexNAc (ST)",0.897913836551859,0.603830474471766,0.204700720743459,6,"Not significant"
"Unstim / LPS+Nigericin","AHNAK","Q09666","Q09666","AHNK_HUMAN","Neuroblast differentiation-associated protein AHNAK","Q09666_S1923_M1_19","HexNAc (ST)",0.897913836551859,0.603830474471766,0.204700720743459,6,"Not significant"
"Unstim / LPS+Nigericin","AHNAK","Q09666","Q09666","AHNK_HUMAN","Neuroblast differentiation-associated protein AHNAK","Q09666_S2118_M1_19","HexNAc (ST)",0.897913836551859,0.603830474471766,0.204700720743459,6,"Not significant"
"Unstim / LPS+Nigericin","NPM1","P06748","P06748","NPM_HUMAN","Nucleophosmin","P06748_T75_M3_19","HexNAc (ST)",-0.691411931774016,0.604237809055336,0.205788344982271,4,"Not significant"
"Unstim / LPS+Nigericin","FKBP2","P26885","P26885","FKBP2_HUMAN","Peptidyl-prolyl cis-trans isomerase FKBP2","P26885_S108_M1_19","HexNAc (ST)",-1.15789160091776,0.604416217482606,0.207172083719056,6,"Not significant"
"Unstim / LPS+Nigericin","AK1","P00568","P00568","KAD1_HUMAN","Adenylate kinase isoenzyme 1","P00568_T126_M2_19","HexNAc (ST)",0.82127960957576,0.604894907193971,0.209742046421572,6,"Not significant"
"Unstim / LPS+Nigericin","AK1","P00568","P00568","KAD1_HUMAN","Adenylate kinase isoenzyme 1","P00568_T124_M2_19","HexNAc (ST)",0.82127960957576,0.604894907193971,0.209742046421572,6,"Not significant"
"Unstim / LPS+Nigericin","CAPZA1","P52907","P52907","CAZA1_HUMAN","F-actin-capping protein subunit alpha-1","P52907_S95_M1_19","HexNAc (ST)",-1.45411616262913,0.605043898694828,0.211107820567772,6,"Not significant"
"Unstim / LPS+Nigericin","FUBP3","Q96I24","Q96I24","FUBP3_HUMAN","Far upstream element-binding protein 3","Q96I24_T79_M2_19","HexNAc (ST)",0.681034201284248,0.605043898694828,0.210528453804124,6,"Not significant"
"Unstim / LPS+Nigericin","FUBP3","Q96I24","Q96I24","FUBP3_HUMAN","Far upstream element-binding protein 3","Q96I24_T76_M2_19","HexNAc (ST)",0.681034201284248,0.605043898694828,0.210528453804124,6,"Not significant"
"Unstim / LPS+Nigericin","TPM4","P67936","P67936","TPM4_HUMAN","Tropomyosin alpha-4 chain","P67936_S87_M1_19","HexNAc (ST)",0.367426981491852,0.605043898694828,0.210412693277551,6,"Not significant"
"Unstim / LPS+Nigericin","BCAS2","O75934","O75934","SPF27_HUMAN","Pre-mRNA-splicing factor SPF27","O75934_T4_M1_19","HexNAc (ST)",7.71882551303807,0.605113366811135,0.211436699035335,6,"Not significant"
"Unstim / LPS+Nigericin","CS","O75390","O75390","CISY_HUMAN","Citrate synthase, mitochondrial","O75390_S97_M2_19","HexNAc (ST)",1.46460822023555,0.605989099079641,0.215438579296393,6,"Not significant"
"Unstim / LPS+Nigericin","CAMK1","Q14012","Q14012","KCC1A_HUMAN","Calcium/calmodulin-dependent protein kinase type 1","Q14012_S62_M1_19","HexNAc (ST)",4.26570040829403,0.606030087823053,0.215954638083952,6,"Not significant"
"Unstim / LPS+Nigericin","CCT3","P49368","P49368","TCPG_HUMAN","T-complex protein 1 subunit gamma","P49368_T430_M2_19","HexNAc (ST)",0.497654390081478,0.606352745340926,0.217025563669825,6,"Not significant"
"Unstim / LPS+Nigericin","CCT3","P49368","P49368","TCPG_HUMAN","T-complex protein 1 subunit gamma","P49368_S426_M2_19","HexNAc (ST)",0.497654390081478,0.606352745340926,0.217025563669825,6,"Not significant"
"Unstim / LPS+Nigericin","TMSB4X","P62328","P62328","TYB4_HUMAN","Thymosin beta-4","P62328_S31_M1_19","HexNAc (ST)",1.03959449130135,0.606884930484384,0.218808721829107,6,"Not significant"
"Unstim / LPS+Nigericin","ARHGAP18","Q8N392","Q8N392","RHG18_HUMAN","Rho GTPase-activating protein 18","Q8N392_T327_M1_19","HexNAc (ST)",4.00739340291812,0.607043277833188,0.219827003248013,6,"Not significant"
"Unstim / LPS+Nigericin","DYNC1I2","Q13409","Q13409","DC1I2_HUMAN","Cytoplasmic dynein 1 intermediate chain 2","Q13409_S590_M1_19","HexNAc (ST)",-2.41043733557254,0.607376483723624,0.221424306763277,6,"Not significant"
"Unstim / LPS+Nigericin","PNN","Q9H307","Q9H307","PININ_HUMAN","Pinin","Q9H307_T204_M1_19","HexNAc (ST)",-8.51604331386275,0.607605839214703,0.221890780898938,6,"Not significant"
"Unstim / LPS+Nigericin","VIM","P08670","P08670","VIME_HUMAN","Vimentin","P08670_S205_M1_19","HexNAc (ST)",0.894303443332315,0.607725553653913,0.222592627595613,6,"Not significant"
"Unstim / LPS+Nigericin","OSTF1","Q92882","Q92882","OSTF1_HUMAN","Osteoclast-stimulating factor 1","Q92882_S187_M1_19","HexNAc (ST)",2.80357377464466,0.607848134158316,0.223164678170014,6,"Not significant"
"Unstim / LPS+Nigericin","HMGB2","P26583","P26583","HMGB2_HUMAN","High mobility group protein B2","P26583_S58_M1_19","HexNAc (ST)",2.02029947979093,0.607886811207638,0.223199370136803,6,"Not significant"
"Unstim / LPS+Nigericin","NACC1","Q96RE7","Q96RE7","NACC1_HUMAN","Nucleus accumbens-associated protein 1","Q96RE7_S342_M1_19","HexNAc (ST)",4.05034184788787,0.60799884688164,0.223495638876583,6,"Not significant"
"Unstim / LPS+Nigericin","RNH1","P13489","P13489","RINI_HUMAN","Ribonuclease inhibitor","P13489_S84_M2_19","HexNAc (ST)",0.843646720038855,0.608066447114884,0.223827176508805,6,"Not significant"
"Unstim / LPS+Nigericin","RNH1","P13489","P13489","RINI_HUMAN","Ribonuclease inhibitor","P13489_T82_M2_19","HexNAc (ST)",0.843646720038855,0.608066447114884,0.223827176508805,6,"Not significant"
"Unstim / LPS+Nigericin","CBLB","Q13191","Q13191","CBLB_HUMAN","E3 ubiquitin-protein ligase CBL-B","Q13191_T174_M1_19","HexNAc (ST)",0.717300033669674,0.608198494172896,0.22423057291051,6,"Not significant"
"Unstim / LPS+Nigericin","TLN1","Q9Y490","Q9Y490","TLN1_HUMAN","Talin-1","Q9Y490_T2281_M2_19","HexNAc (ST)",0.54655716114838,0.608234452739329,0.224280646466344,6,"Not significant"
"Unstim / LPS+Nigericin","TLN1","Q9Y490","Q9Y490","TLN1_HUMAN","Talin-1","Q9Y490_S2279_M2_19","HexNAc (ST)",0.54655716114838,0.608234452739329,0.224280646466344,6,"Not significant"
"Unstim / LPS+Nigericin","NAPRT","Q6XQN6","Q6XQN6","PNCB_HUMAN","Nicotinate phosphoribosyltransferase","Q6XQN6_S420_M1_19","HexNAc (ST)",0.75134674196424,0.608310897749669,0.224428868918644,4,"Not significant"
"Unstim / LPS+Nigericin","PSMC3","P17980","P17980","PRS6A_HUMAN","26S proteasome regulatory subunit 6A","P17980_T247_M1_19","HexNAc (ST)",-1.21026446303458,0.609934046665194,0.230358995722775,6,"Not significant"
"Unstim / LPS+Nigericin","ACTN1","P12814","P12814","ACTN1_HUMAN","Alpha-actinin-1","P12814_T50_M1_19","HexNAc (ST)",0.804194840549789,0.60998385841217,0.230562859307875,6,"Not significant"
"Unstim / LPS+Nigericin","FIP1L1","Q6UN15","Q6UN15","FIP1_HUMAN","Pre-mRNA 3'-end-processing factor FIP1","Q6UN15_S324_M3_19","HexNAc (ST)",0.754000883515096,0.610344847994761,0.232182525354308,6,"Not significant"
"Unstim / LPS+Nigericin","FIP1L1","Q6UN15","Q6UN15","FIP1_HUMAN","Pre-mRNA 3'-end-processing factor FIP1","Q6UN15_T322_M3_19","HexNAc (ST)",0.754000883515096,0.610344847994761,0.232182525354308,6,"Not significant"
"Unstim / LPS+Nigericin","FIP1L1","Q6UN15","Q6UN15","FIP1_HUMAN","Pre-mRNA 3'-end-processing factor FIP1","Q6UN15_T320_M3_19","HexNAc (ST)",0.754000883515096,0.610344847994761,0.232182525354308,6,"Not significant"
"Unstim / LPS+Nigericin","AHNAK","Q09666","Q09666","AHNK_HUMAN","Neuroblast differentiation-associated protein AHNAK","Q09666_S3746_M1_19","HexNAc (ST)",5.27087309398446,0.611138106299815,0.234448519414029,6,"Not significant"
"Unstim / LPS+Nigericin","ACTR3","P61158","P61158","ARP3_HUMAN","Actin-related protein 3","P61158_S354_M2_19","HexNAc (ST)",0.35840011060897,0.611629495096152,0.236446376391972,6,"Not significant"
"Unstim / LPS+Nigericin","ACTR3","P61158","P61158","ARP3_HUMAN","Actin-related protein 3","P61158_S350_M2_19","HexNAc (ST)",0.35840011060897,0.611629495096152,0.236446376391972,6,"Not significant"
"Unstim / LPS+Nigericin","AHNAK","Q09666","Q09666","AHNK_HUMAN","Neuroblast differentiation-associated protein AHNAK","Q09666_S1324_M1_19","HexNAc (ST)",0.661038011346769,0.612035346744178,0.238307374608356,6,"Not significant"
"Unstim / LPS+Nigericin","FRG1","Q14331","Q14331","FRG1_HUMAN","Protein FRG1","Q14331_S121_M1_19","HexNAc (ST)",-5.40090508655484,0.612828516866584,0.240606177865527,6,"Not significant"
"Unstim / LPS+Nigericin","HSPA5","P11021","P11021","BIP_HUMAN","Endoplasmic reticulum chaperone BiP","P11021_S571_M1_19","HexNAc (ST)",-0.711148692155407,0.612905466578415,0.241121542672742,6,"Not significant"
"Unstim / LPS+Nigericin","FUBP3","Q96I24","Q96I24","FUBP3_HUMAN","Far upstream element-binding protein 3","Q96I24_T192_M2_19","HexNAc (ST)",0.392215298574007,0.613593753678076,0.244654480814353,4,"Not significant"
"Unstim / LPS+Nigericin","MACROH2A1","O75367","O75367","H2AY_HUMAN","Core histone macro-H2A.1","O75367_T290_M1_19","HexNAc (ST)",0.929398174446457,0.613762460469064,0.245143543526317,6,"Not significant"
"Unstim / LPS+Nigericin","ARHGAP31","Q2M1Z3","Q2M1Z3","RHG31_HUMAN","Rho GTPase-activating protein 31","Q2M1Z3_S1178_M1_19","HexNAc (ST)",0.753721427967629,0.613825609273376,0.245248454344016,5,"Not significant"
"Unstim / LPS+Nigericin","MAP1B","P46821","P46821","MAP1B_HUMAN","Microtubule-associated protein 1B","P46821_S1501_M2_19","HexNAc (ST)",-3.48405819099322,0.613895228457307,0.245580554256306,6,"Not significant"
"Unstim / LPS+Nigericin","AHNAK","Q09666","Q09666","AHNK_HUMAN","Neuroblast differentiation-associated protein AHNAK","Q09666_S1542_M1_19","HexNAc (ST)",-1.54603340374695,0.61390490706353,0.245750540676693,6,"Not significant"
"Unstim / LPS+Nigericin","NRGN","Q92686","Q92686","NEUG_HUMAN","Neurogranin","Q92686_T5_M2_19","HexNAc (ST)",-5.08972537259782,0.614026074148572,0.245970995520907,6,"Not significant"
"Unstim / LPS+Nigericin","RAC2","P15153","P15153","RAC2_HUMAN","Ras-related C3 botulinum toxin substrate 2","P15153_T138_M1_19","HexNAc (ST)",-1.37014570448758,0.614147490775952,0.24648414924648,6,"Not significant"
"Unstim / LPS+Nigericin","ENO1","P06733","P06733","ENOA_HUMAN","Alpha-enolase","P06733_S249_M1_19","HexNAc (ST)",0.706612459735122,0.614315362400637,0.24693949120109,5,"Not significant"
"Unstim / LPS+Nigericin","CCDC9","Q9Y3X0","Q9Y3X0","CCDC9_HUMAN","Coiled-coil domain-containing protein 9","Q9Y3X0_S70_M1_19","HexNAc (ST)",-0.552150912746115,0.614856775357134,0.248639074038478,6,"Not significant"
"Unstim / LPS+Nigericin","DMAP1","Q9NPF5","Q9NPF5","DMAP1_HUMAN","DNA methyltransferase 1-associated protein 1","Q9NPF5_T237_M1_19","HexNAc (ST)",0.563098438761372,0.616940404039993,0.254410159723566,6,"Not significant"
"Unstim / LPS+Nigericin","RAB2A","P61019","P61019","RAB2A_HUMAN","Ras-related protein Rab-2A","P61019_S67_M1_19","HexNAc (ST)",0.372963146546728,0.617582842759418,0.256049281852805,6,"Not significant"
"Unstim / LPS+Nigericin","MIX23","Q4VC31","Q4VC31","MIX23_HUMAN","Protein MIX23","Q4VC31_S114_M1_19","HexNAc (ST)",-3.84463909299335,0.618749762395663,0.258465341419211,6,"Not significant"
"Unstim / LPS+Nigericin","SGSH","P51688","P51688","SPHM_HUMAN","N-sulphoglucosamine sulphohydrolase","P51688_T242_M2_19","HexNAc (ST)",0.504951628713556,0.619366063118221,0.260338673763384,4,"Not significant"
"Unstim / LPS+Nigericin","PDIA3","P30101","P30101","PDIA3_HUMAN","Protein disulfide-isomerase A3","P30101_S424_M1_19","HexNAc (ST)",-1.30013446568358,0.621591250758564,0.265330190846781,6,"Not significant"
"Unstim / LPS+Nigericin","AHNAK","Q09666","Q09666","AHNK_HUMAN","Neuroblast differentiation-associated protein AHNAK","Q09666_S2205_M1_19","HexNAc (ST)",0.606525083213996,0.621832482924928,0.266019576348924,6,"Not significant"
"Unstim / LPS+Nigericin","CRACR2A","Q9BSW2","Q9BSW2","EFC4B_HUMAN","EF-hand calcium-binding domain-containing protein 4B","Q9BSW2_T586_M2_19","HexNAc (ST)",-0.691319310777456,0.624473343435103,0.272840696736822,4,"Not significant"
"Unstim / LPS+Nigericin","OAT","P04181","P04181","OAT_HUMAN","Ornithine aminotransferase, mitochondrial","P04181_T33_M3_19","HexNAc (ST)",-2.01247944871618,0.625965265740351,0.276958678713568,6,"Not significant"
"Unstim / LPS+Nigericin","NCL","P19338","P19338","NUCL_HUMAN","Nucleolin","P19338_S319_M1_19","HexNAc (ST)",0.611231943605477,0.626158353424856,0.277470736936257,6,"Not significant"
"Unstim / LPS+Nigericin","SCP2","P22307","P22307","SCP2_HUMAN","Sterol carrier protein 2","P22307_T473_M1_19","HexNAc (ST)",0.21453552877034,0.626235776182956,0.277673704534553,6,"Not significant"
"Unstim / LPS+Nigericin","TCIRG1","Q13488","Q13488","VPP3_HUMAN","V-type proton ATPase 116 kDa subunit a 3","Q13488_T66_M1_19","HexNAc (ST)",1.27627594920454,0.627639604394389,0.281646743362441,4,"Not significant"
"Unstim / LPS+Nigericin","AHNAK","Q09666","Q09666","AHNK_HUMAN","Neuroblast differentiation-associated protein AHNAK","Q09666_S2542_M1_19","HexNAc (ST)",0.642334031430413,0.628244926026208,0.283757785294664,6,"Not significant"
"Unstim / LPS+Nigericin","MSN","P26038","P26038","MOES_HUMAN","Moesin","P26038_S440_M1_19","HexNAc (ST)",1.05187071541125,0.628492039820663,0.284389746888577,6,"Not significant"
"Unstim / LPS+Nigericin","CFL1","P23528","P23528","COF1_HUMAN","Cofilin-1","P23528_T129_M1_19","HexNAc (ST)",0.638237288733604,0.62919984454149,0.286246680678151,6,"Not significant"
"Unstim / LPS+Nigericin","ENO2","P09104","P09104","ENOG_HUMAN","Gamma-enolase","P09104_S221_M1_19","HexNAc (ST)",0.92487898224166,0.629627814420261,0.287490802136579,5,"Not significant"
"Unstim / LPS+Nigericin","AHNAK","Q09666","Q09666","AHNK_HUMAN","Neuroblast differentiation-associated protein AHNAK","Q09666_S2454_M1_19","HexNAc (ST)",0.55322166584443,0.629716091475843,0.287967836233462,6,"Not significant"
"Unstim / LPS+Nigericin","TAF9B","Q9HBM6","Q9HBM6","TAF9B_HUMAN","Transcription initiation factor TFIID subunit 9B","Q9HBM6_T231_M1_19","HexNAc (ST)",-0.550200350307457,0.630153257055555,0.289201551749607,5,"Not significant"
"Unstim / LPS+Nigericin","GAPDH","P04406","P04406","G3P_HUMAN","Glyceraldehyde-3-phosphate dehydrogenase","P04406_T211_M2_19","HexNAc (ST)",0.61393276451751,0.630879298417003,0.291511257337889,6,"Not significant"
"Unstim / LPS+Nigericin","GAPDH","P04406","P04406","G3P_HUMAN","Glyceraldehyde-3-phosphate dehydrogenase","P04406_S210_M2_19","HexNAc (ST)",0.61393276451751,0.630879298417003,0.291511257337889,6,"Not significant"
"Unstim / LPS+Nigericin","PSMC3","P17980","P17980","PRS6A_HUMAN","26S proteasome regulatory subunit 6A","P17980_S281_M1_19","HexNAc (ST)",0.884796797089007,0.632738969471284,0.296035084096332,5,"Not significant"
"Unstim / LPS+Nigericin","SRSF1","Q07955","Q07955","SRSF1_HUMAN","Serine/arginine-rich splicing factor 1","Q07955_S2_M1_19","HexNAc (ST)",9.48454974723687,0.63302591488887,0.297137207059807,6,"Not significant"
"Unstim / LPS+Nigericin","NaN","Cont_P02081","Cont_P02081","HBBF_BOVIN","Hemoglobin fetal subunit beta","Cont_P02081_S12_M2_19","HexNAc (ST)",0.339465023596324,0.633972537254186,0.329505230586261,6,"Not significant"
"Unstim / LPS+Nigericin","NaN","Cont_P02081","Cont_P02081","HBBF_BOVIN","Hemoglobin fetal subunit beta","Cont_P02081_T11_M2_19","HexNAc (ST)",0.339465023596324,0.633972537254186,0.329505230586261,6,"Not significant"
"Unstim / LPS+Nigericin","NDUFS8","O00217","O00217","NDUS8_HUMAN","NADH dehydrogenase [ubiquinone] iron-sulfur protein 8, mitochondrial","O00217_T127_M1_19","HexNAc (ST)",-1.33756122082948,0.633972537254186,0.399133617515605,6,"Not significant"
"Unstim / LPS+Nigericin","CLIC1","O00299","O00299","CLIC1_HUMAN","Chloride intracellular channel protein 1","O00299_T198_M1_19","HexNAc (ST)",0.46197114490373,0.633972537254186,0.372365439577909,6,"Not significant"
"Unstim / LPS+Nigericin","RNASET2","O00584","O00584","RNT2_HUMAN","Ribonuclease T2","O00584_S103_M1_19","HexNAc (ST)",0.897440216235525,0.633972537254186,0.379270634110075,6,"Not significant"
"Unstim / LPS+Nigericin","BCKDK","O14874","O14874","BCKD_HUMAN","[3-methyl-2-oxobutanoate dehydrogenase [lipoamide]] kinase, mitochondrial","O14874_S90_M1_19","HexNAc (ST)",-1.28460444922993,0.633972537254186,0.425567807644755,6,"Not significant"
"Unstim / LPS+Nigericin","ACOX3","O15254","O15254","ACOX3_HUMAN","Peroxisomal acyl-coenzyme A oxidase 3","O15254_T235_M1_19","HexNAc (ST)",0.559376014706609,0.633972537254186,0.427415011125652,6,"Not significant"
"Unstim / LPS+Nigericin","PER1","O15534","O15534","PER1_HUMAN","Period circadian protein homolog 1","O15534_S1186_M1_19","HexNAc (ST)",-5.2902925781593,0.633972537254186,0.420438957159508,6,"Not significant"
"Unstim / LPS+Nigericin","SPRY2","O43597","O43597","SPY2_HUMAN","Protein sprouty homolog 2","O43597_S167_M1_19","HexNAc (ST)",-3.03103396947833,0.633972537254186,0.3906647412184,6,"Not significant"
"Unstim / LPS+Nigericin","ACTN4","O43707","O43707","ACTN4_HUMAN","Alpha-actinin-4","O43707_T519_M1_19","HexNAc (ST)",1.73321029645256,0.633972537254186,0.315637295221256,6,"Not significant"
"Unstim / LPS+Nigericin","MYO1B","O43795","O43795","MYO1B_HUMAN","Unconventional myosin-Ib","O43795_S145_M1_19","HexNAc (ST)",-0.595926722343989,0.633972537254186,0.305723519207165,6,"Not significant"
"Unstim / LPS+Nigericin","MACROH2A1","O75367","O75367","H2AY_HUMAN","Core histone macro-H2A.1","O75367_S16_M1_19","HexNAc (ST)",-0.296857058125046,0.633972537254186,0.324819295337022,6,"Not significant"
"Unstim / LPS+Nigericin","SEC22B","O75396","O75396","SC22B_HUMAN","Vesicle-trafficking protein SEC22b","O75396_S137_M2_19","HexNAc (ST)",3.63638565084012,0.633972537254186,0.411376056735474,6,"Not significant"
"Unstim / LPS+Nigericin","CYBB","P04839","P04839","CY24B_HUMAN","Cytochrome b-245 heavy chain","P04839_T509_M1_19","HexNAc (ST)",4.81958072920059,0.633972537254186,0.424946004576358,6,"Not significant"
"Unstim / LPS+Nigericin","ATP1A1","P05023","P05023","AT1A1_HUMAN","Sodium/potassium-transporting ATPase subunit alpha-1","P05023_S675_M2_19","HexNAc (ST)",2.01294279912327,0.633972537254186,0.412330354094878,5,"Not significant"
"Unstim / LPS+Nigericin","GPI","P06744","P06744","G6PI_HUMAN","Glucose-6-phosphate isomerase","P06744_S532_M1_19","HexNAc (ST)",5.78905468948878,0.633972537254186,0.425360270539155,6,"Not significant"
"Unstim / LPS+Nigericin","P4HB","P07237","P07237","PDIA1_HUMAN","Protein disulfide-isomerase","P07237_T296_M1_19","HexNAc (ST)",-1.11932682393522,0.633972537254186,0.421233839918175,5,"Not significant"
"Unstim / LPS+Nigericin","HSP90AB1","P08238","P08238","HS90B_HUMAN","Heat shock protein HSP 90-beta","P08238_S615_M2_19","HexNAc (ST)",-0.415034673020308,0.633972537254186,0.424379418247555,4,"Not significant"
"Unstim / LPS+Nigericin","ACAA1","P09110","P09110","THIK_HUMAN","3-ketoacyl-CoA thiolase, peroxisomal","P09110_S291_M1_19","HexNAc (ST)",3.50742230043073,0.633972537254186,0.412572191262651,6,"Not significant"
"Unstim / LPS+Nigericin","HMGB1","P09429","P09429","HMGB1_HUMAN","High mobility group protein B1","P09429_S121_M1_19","HexNAc (ST)",0.792160624386238,0.633972537254186,0.301670192090019,6,"Not significant"
"Unstim / LPS+Nigericin","SNRPA1","P09661","P09661","RU2A_HUMAN","U2 small nuclear ribonucleoprotein A'","P09661_T16_M2_19","HexNAc (ST)",0.579901479278899,0.633972537254186,0.351695496200803,6,"Not significant"
"Unstim / LPS+Nigericin","SNRPA1","P09661","P09661","RU2A_HUMAN","U2 small nuclear ribonucleoprotein A'","P09661_T5_M2_19","HexNAc (ST)",0.579901479278899,0.633972537254186,0.351695496200803,6,"Not significant"
"Unstim / LPS+Nigericin","ALDOC","P09972","P09972","ALDOC_HUMAN","Fructose-bisphosphate aldolase C","P09972_S160_M2_19","HexNAc (ST)",-0.482573473728473,0.633972537254186,0.433087515181854,6,"Not significant"
"Unstim / LPS+Nigericin","ALDOC","P09972","P09972","ALDOC_HUMAN","Fructose-bisphosphate aldolase C","P09972_T158_M2_19","HexNAc (ST)",-0.482573473728473,0.633972537254186,0.433087515181854,6,"Not significant"
"Unstim / LPS+Nigericin","H2AC11;H2AC12;H2AC14","P0C0S8;Q96KK5;Q99878","P0C0S8;Q96KK5;Q99878","H2A1_HUMAN;H2A1H_HUMAN;H2A1J_HUMAN","Histone H2A type 1;Histone H2A type 1-H;Histone H2A type 1-J","P0C0S8_T60_M1_19","HexNAc (ST)",1.22838768681122,0.633972537254186,0.358326628731945,6,"Not significant"
"Unstim / LPS+Nigericin","H2AC11;H2AC12;H2AC14","P0C0S8;Q96KK5;Q99878","P0C0S8;Q96KK5;Q99878","H2A1_HUMAN;H2A1H_HUMAN;H2A1J_HUMAN","Histone H2A type 1;Histone H2A type 1-H;Histone H2A type 1-J","Q96KK5_T60_M1_19","HexNAc (ST)",1.22838768681122,0.633972537254186,0.358326628731945,6,"Not significant"
"Unstim / LPS+Nigericin","H2AC11;H2AC12;H2AC14","P0C0S8;Q96KK5;Q99878","P0C0S8;Q96KK5;Q99878","H2A1_HUMAN;H2A1H_HUMAN;H2A1J_HUMAN","Histone H2A type 1;Histone H2A type 1-H;Histone H2A type 1-J","Q99878_T60_M1_19","HexNAc (ST)",1.22838768681122,0.633972537254186,0.358326628731945,6,"Not significant"
"Unstim / LPS+Nigericin","PDHB","P11177","P11177","ODPB_HUMAN","Pyruvate dehydrogenase E1 component subunit beta, mitochondrial","P11177_S70_M1_19","HexNAc (ST)",0.259684840977641,0.633972537254186,0.415823166448977,6,"Not significant"
"Unstim / LPS+Nigericin","PKM","P14618","P14618","KPYM_HUMAN","Pyruvate kinase PKM","P14618_S222_M2_19","HexNAc (ST)",0.696580517817115,0.633972537254186,0.351774814174716,4,"Not significant"
"Unstim / LPS+Nigericin","CD44","P16070","P16070","CD44_HUMAN","CD44 antigen","P16070_S686_M1_19","HexNAc (ST)",5.45638970630911,0.633972537254186,0.430055620199702,6,"Not significant"
"Unstim / LPS+Nigericin","H1-3","P16402","P16402","H13_HUMAN","Histone H1.3","P16402_S59_M2_19","HexNAc (ST)",0.245576809171185,0.633972537254186,0.3631819335227,4,"Not significant"
"Unstim / LPS+Nigericin","PGAM1","P18669","P18669","PGAM1_HUMAN","Phosphoglycerate mutase 1","P18669_T159_M1_19","HexNAc (ST)",0.810680761839569,0.633972537254186,0.383742431028637,6,"Not significant"
"Unstim / LPS+Nigericin","NCL","P19338","P19338","NUCL_HUMAN","Nucleolin","P19338_S532_M2_19","HexNAc (ST)",1.81220192592794,0.633972537254186,0.304012875639238,5,"Not significant"
"Unstim / LPS+Nigericin","RAB4A","P20338","P20338","RAB4A_HUMAN","Ras-related protein Rab-4A","P20338_T69_M1_19","HexNAc (ST)",0.378866818416345,0.633972537254186,0.319572809154025,6,"Not significant"
"Unstim / LPS+Nigericin","SCP2","P22307","P22307","SCP2_HUMAN","Sterol carrier protein 2","P22307_T526_M1_19","HexNAc (ST)",-5.64567018901135,0.633972537254186,0.415006431892049,6,"Not significant"
"Unstim / LPS+Nigericin","SFPQ","P23246","P23246","SFPQ_HUMAN","Splicing factor, proline- and glutamine-rich","P23246_S521_M1_19","HexNAc (ST)",1.08612447331402,0.633972537254186,0.426015117779085,6,"Not significant"
"Unstim / LPS+Nigericin","EEF1G","P26641","P26641","EF1G_HUMAN","Elongation factor 1-gamma","P26641_T411_M2_19","HexNAc (ST)",-7.10692783220152,0.633972537254186,0.41972316062482,6,"Not significant"
"Unstim / LPS+Nigericin","CALR","P27797","P27797","CALR_HUMAN","Calreticulin","P27797_T173_M2_19","HexNAc (ST)",5.66923990215766,0.633972537254186,0.422368351536721,5,"Not significant"
"Unstim / LPS+Nigericin","CANX","P27824","P27824","CALX_HUMAN","Calnexin","P27824_S74_M1_19","HexNAc (ST)",4.82211187046436,0.633972537254186,0.425221427205062,6,"Not significant"
"Unstim / LPS+Nigericin","S100A11","P31949","P31949","S10AB_HUMAN","Protein S100-A11","P31949_S5_M1_19","HexNAc (ST)",0.846317831040761,0.633972537254186,0.324833463889303,6,"Not significant"
"Unstim / LPS+Nigericin","MYH9","P35579","P35579","MYH9_HUMAN","Myosin-9","P35579_T1313_M1_19","HexNAc (ST)",4.36199194409996,0.633972537254186,0.417665093589019,6,"Not significant"
"Unstim / LPS+Nigericin","MYH9","P35579","P35579","MYH9_HUMAN","Myosin-9","P35579_S1457_M2_19","HexNAc (ST)",-2.45549212474829,0.633972537254186,0.41706846588969,6,"Not significant"
"Unstim / LPS+Nigericin","BSG","P35613","P35613","BASI_HUMAN","Basigin","P35613_T212_M1_19","HexNAc (ST)",1.17183080547564,0.633972537254186,0.359595766834651,6,"Not significant"
"Unstim / LPS+Nigericin","PSMC2","P35998","P35998","PRS7_HUMAN","26S proteasome regulatory subunit 7","P35998_T193_M1_19","HexNAc (ST)",5.35140616635598,0.633972537254186,0.41955961382553,6,"Not significant"
"Unstim / LPS+Nigericin","NUP62","P37198","P37198","NUP62_HUMAN","Nuclear pore glycoprotein p62","P37198_T433_M1_19","HexNAc (ST)",0.603346140414126,0.633972537254186,0.402988609433254,6,"Not significant"
"Unstim / LPS+Nigericin","ATP6V1A","P38606","P38606","VATA_HUMAN","V-type proton ATPase catalytic subunit A","P38606_T504_M1_19","HexNAc (ST)",1.33960248765294,0.633972537254186,0.331180243138124,4,"Not significant"
"Unstim / LPS+Nigericin","ANP32A","P39687","P39687","AN32A_HUMAN","Acidic leucine-rich nuclear phosphoprotein 32 family member A","P39687_S117_M1_19","HexNAc (ST)",0.644155257660762,0.633972537254186,0.396427857812101,6,"Not significant"
"Unstim / LPS+Nigericin","TMPO","P42166","P42166","LAP2A_HUMAN","Lamina-associated polypeptide 2, isoform alpha","P42166_T12_M1_19","HexNAc (ST)",-1.03787734606693,0.633972537254186,0.380399772353638,6,"Not significant"
"Unstim / LPS+Nigericin","IQGAP1","P46940","P46940","IQGA1_HUMAN","Ras GTPase-activating-like protein IQGAP1","P46940_T857_M1_19","HexNAc (ST)",0.480357117063088,0.633972537254186,0.315463211485167,6,"Not significant"
"Unstim / LPS+Nigericin","AARS1","P49588","P49588","SYAC_HUMAN","Alanine--tRNA ligase, cytoplasmic","P49588_T804_M1_19","HexNAc (ST)",3.72517048169301,0.633972537254186,0.418369829614581,6,"Not significant"
"Unstim / LPS+Nigericin","SERPINB8","P50452","P50452","SPB8_HUMAN","Serpin B8","P50452_S276_M1_19","HexNAc (ST)",0.873066588374294,0.633972537254186,0.42229732790627,6,"Not significant"
"Unstim / LPS+Nigericin","CCT8","P50990","P50990","TCPQ_HUMAN","T-complex protein 1 subunit theta","P50990_T71_M1_19","HexNAc (ST)",0.466958986265864,0.633972537254186,0.313683964211975,5,"Not significant"
"Unstim / LPS+Nigericin","CCT8","P50990","P50990","TCPQ_HUMAN","T-complex protein 1 subunit theta","P50990_S150_M1_19","HexNAc (ST)",-4.52320993757411,0.633972537254186,0.424075050811291,6,"Not significant"
"Unstim / LPS+Nigericin","HSPA2","P54652","P54652","HSP72_HUMAN","Heat shock-related 70 kDa protein 2","P54652_T126_M1_19","HexNAc (ST)",-0.401971110428749,0.633972537254186,0.428523336294164,5,"Not significant"
"Unstim / LPS+Nigericin","MANF","P55145","P55145","MANF_HUMAN","Mesencephalic astrocyte-derived neurotrophic factor","P55145_T55_M1_19","HexNAc (ST)",-2.09593904943418,0.633972537254186,0.326410832311118,6,"Not significant"
"Unstim / LPS+Nigericin","RAB8A","P61006","P61006","RAB8A_HUMAN","Ras-related protein Rab-8A","P61006_S111_M1_19","HexNAc (ST)",5.49223072943524,0.633972537254186,0.420517629396771,6,"Not significant"
"Unstim / LPS+Nigericin","SUMO2","P61956","P61956","SUMO2_HUMAN","Small ubiquitin-related modifier 2","P61956_T12_M1_19","HexNAc (ST)",6.13014785969589,0.633972537254186,0.424896101471383,6,"Not significant"
"Unstim / LPS+Nigericin","RPS8","P62241","P62241","RS8_HUMAN","Small ribosomal subunit protein eS8","P62241_T130_M1_19","HexNAc (ST)",9.74999036580937,0.633972537254186,0.422538282111724,6,"Not significant"
"Unstim / LPS+Nigericin","TMSB4X","P62328","P62328","TYB4_HUMAN","Thymosin beta-4","P62328_S2_M1_19","HexNAc (ST)",0.669642352261237,0.633972537254186,0.432677393375449,6,"Not significant"
"Unstim / LPS+Nigericin","RPS28","P62857","P62857","RS28_HUMAN","Small ribosomal subunit protein eS28","P62857_S61_M1_19","HexNAc (ST)",0.407189412593336,0.633972537254186,0.316158521831913,6,"Not significant"
"Unstim / LPS+Nigericin","RPL8","P62917","P62917","RL8_HUMAN","Large ribosomal subunit protein uL2","P62917_S138_M3_19","HexNAc (ST)",-5.9674500428265,0.633972537254186,0.42562427811041,5,"Not significant"
"Unstim / LPS+Nigericin","RPL8","P62917","P62917","RL8_HUMAN","Large ribosomal subunit protein uL2","P62917_T135_M3_19","HexNAc (ST)",-5.83542608646905,0.633972537254186,0.426223782393978,6,"Not significant"
"Unstim / LPS+Nigericin","PPIA","P62937","P62937","PPIA_HUMAN","Peptidyl-prolyl cis-trans isomerase A","P62937_T93_M2_19","HexNAc (ST)",6.61216456138151,0.633972537254186,0.420303616019223,6,"Not significant"
"Unstim / LPS+Nigericin","RPS27A","P62979","P62979","RS27A_HUMAN","Ubiquitin-ribosomal protein eS31 fusion protein","P62979_S65_M2_19","HexNAc (ST)",-0.857409530831237,0.633972537254186,0.35189843087551,5,"Not significant"
"Unstim / LPS+Nigericin","YBX1","P67809","P67809","YBOX1_HUMAN","Y-box-binding protein 1","P67809_T108_M1_19","HexNAc (ST)",0.852137591709263,0.633972537254186,0.360551829193629,6,"Not significant"
"Unstim / LPS+Nigericin","BASP1","P80723","P80723","BASP1_HUMAN","Brain acid soluble protein 1","P80723_S40_M1_19","HexNAc (ST)",-2.16198528566284,0.633972537254186,0.351237603292877,6,"Not significant"
"Unstim / LPS+Nigericin","CLTC","Q00610","Q00610","CLH1_HUMAN","Clathrin heavy chain 1","Q00610_T339_M1_19","HexNAc (ST)",-4.52798320346652,0.633972537254186,0.410648927636933,6,"Not significant"
"Unstim / LPS+Nigericin","AHNAK","Q09666","Q09666","AHNK_HUMAN","Neuroblast differentiation-associated protein AHNAK","Q09666_S909_M1_19","HexNAc (ST)",-6.11478799247161,0.633972537254186,0.426432164185659,6,"Not significant"
"Unstim / LPS+Nigericin","AHNAK","Q09666","Q09666","AHNK_HUMAN","Neuroblast differentiation-associated protein AHNAK","Q09666_T1192_M2_19","HexNAc (ST)",1.47649768282076,0.633972537254186,0.337859034680714,6,"Not significant"
"Unstim / LPS+Nigericin","AHNAK","Q09666","Q09666","AHNK_HUMAN","Neuroblast differentiation-associated protein AHNAK","Q09666_T1986_M2_19","HexNAc (ST)",1.47649768282076,0.633972537254186,0.337859034680714,6,"Not significant"
"Unstim / LPS+Nigericin","AHNAK","Q09666","Q09666","AHNK_HUMAN","Neuroblast differentiation-associated protein AHNAK","Q09666_S1298_M1_19","HexNAc (ST)",-9.46584443531311,0.633972537254186,0.422453084805534,6,"Not significant"
"Unstim / LPS+Nigericin","AHNAK","Q09666","Q09666","AHNK_HUMAN","Neuroblast differentiation-associated protein AHNAK","Q09666_S2092_M1_19","HexNAc (ST)",-9.46584443531311,0.633972537254186,0.422453084805534,6,"Not significant"
"Unstim / LPS+Nigericin","AHNAK","Q09666","Q09666","AHNK_HUMAN","Neuroblast differentiation-associated protein AHNAK","Q09666_S2287_M1_19","HexNAc (ST)",-9.46584443531311,0.633972537254186,0.422453084805534,6,"Not significant"
"Unstim / LPS+Nigericin","AHNAK","Q09666","Q09666","AHNK_HUMAN","Neuroblast differentiation-associated protein AHNAK","Q09666_S2670_M1_19","HexNAc (ST)",4.87501337377924,0.633972537254186,0.435521536203956,6,"Not significant"
"Unstim / LPS+Nigericin","AHNAK","Q09666","Q09666","AHNK_HUMAN","Neuroblast differentiation-associated protein AHNAK","Q09666_S5151_M1_19","HexNAc (ST)",0.528433951843334,0.633972537254186,0.37742328043556,6,"Not significant"
"Unstim / LPS+Nigericin","AHNAK","Q09666","Q09666","AHNK_HUMAN","Neuroblast differentiation-associated protein AHNAK","Q09666_S3182_M1_19","HexNAc (ST)",7.5851289261741,0.633972537254186,0.422766943176209,6,"Not significant"
"Unstim / LPS+Nigericin","AHNAK","Q09666","Q09666","AHNK_HUMAN","Neuroblast differentiation-associated protein AHNAK","Q09666_S3964_M1_19","HexNAc (ST)",7.5851289261741,0.633972537254186,0.422766943176209,6,"Not significant"
"Unstim / LPS+Nigericin","AHNAK","Q09666","Q09666","AHNK_HUMAN","Neuroblast differentiation-associated protein AHNAK","Q09666_S845_M2_19","HexNAc (ST)",4.98652699443215,0.633972537254186,0.414690392268693,6,"Not significant"
"Unstim / LPS+Nigericin","AHNAK","Q09666","Q09666","AHNK_HUMAN","Neuroblast differentiation-associated protein AHNAK","Q09666_T839_M2_19","HexNAc (ST)",4.98652699443215,0.633972537254186,0.414690392268693,6,"Not significant"
"Unstim / LPS+Nigericin","AHNAK","Q09666","Q09666","AHNK_HUMAN","Neuroblast differentiation-associated protein AHNAK","Q09666_S2333_M1_19","HexNAc (ST)",1.8736536838047,0.633972537254186,0.30721197095899,6,"Not significant"
"Unstim / LPS+Nigericin","AHNAK","Q09666","Q09666","AHNK_HUMAN","Neuroblast differentiation-associated protein AHNAK","Q09666_S4486_M1_19","HexNAc (ST)",3.86765172099543,0.633972537254186,0.410835858521478,5,"Not significant"
"Unstim / LPS+Nigericin","STX5","Q13190","Q13190","STX5_HUMAN","Syntaxin-5","Q13190_S320_M1_19","HexNAc (ST)",0.49719584366312,0.633972537254186,0.395526115703433,6,"Not significant"
"Unstim / LPS+Nigericin","TRIM28","Q13263","Q13263","TIF1B_HUMAN","Transcription intermediary factor 1-beta","Q13263_S756_M2_19","HexNAc (ST)",-8.46584905193186,0.633972537254186,0.42262900164015,6,"Not significant"
"Unstim / LPS+Nigericin","STX3","Q13277","Q13277","STX3_HUMAN","Syntaxin-3","Q13277_S97_M1_19","HexNAc (ST)",-0.297868175010861,0.633972537254186,0.377831028756716,6,"Not significant"
"Unstim / LPS+Nigericin","UBAP2L","Q14157","Q14157","UBP2L_HUMAN","Ubiquitin-associated protein 2-like","Q14157_S604_M1_19","HexNAc (ST)",5.10423495391741,0.633972537254186,0.428281728150453,6,"Not significant"
"Unstim / LPS+Nigericin","FRG1","Q14331","Q14331","FRG1_HUMAN","Protein FRG1","Q14331_S121_M2_19","HexNAc (ST)",-4.76433765597461,0.633972537254186,0.422163950119259,6,"Not significant"
"Unstim / LPS+Nigericin","FRG1","Q14331","Q14331","FRG1_HUMAN","Protein FRG1","Q14331_S111_M2_19","HexNAc (ST)",-4.76433765597461,0.633972537254186,0.422163950119259,6,"Not significant"
"Unstim / LPS+Nigericin","EEA1","Q15075","Q15075","EEA1_HUMAN","Early endosome antigen 1","Q15075_T560_M1_19","HexNAc (ST)",0.773211487228296,0.633972537254186,0.415482931390653,6,"Not significant"
"Unstim / LPS+Nigericin","TRIP10","Q15642","Q15642","CIP4_HUMAN","Cdc42-interacting protein 4","Q15642_S265_M1_19","HexNAc (ST)",5.75094278167923,0.633972537254186,0.425674626202435,6,"Not significant"
"Unstim / LPS+Nigericin","TRIP11","Q15643","Q15643","TRIPB_HUMAN","Thyroid receptor-interacting protein 11","Q15643_T1655_M1_19","HexNAc (ST)",6.8016658930162,0.633972537254186,0.42366130912679,6,"Not significant"
"Unstim / LPS+Nigericin","TSC22D1","Q15714","Q15714","T22D1_HUMAN","TSC22 domain family protein 1","Q15714_S1018_M1_19","HexNAc (ST)",-4.59525348596637,0.633972537254186,0.425853546093177,6,"Not significant"
"Unstim / LPS+Nigericin","DPYSL2","Q16555","Q16555","DPYL2_HUMAN","Dihydropyrimidinase-related protein 2","Q16555_T419_M3_19","HexNAc (ST)",6.22103138101622,0.633972537254186,0.422001199096484,6,"Not significant"
"Unstim / LPS+Nigericin","EIPR1","Q53HC9","Q53HC9","EIPR1_HUMAN","EARP and GARP complex-interacting protein 1","Q53HC9_S36_M2_19","HexNAc (ST)",1.23169866375716,0.633972537254186,0.344210769144726,6,"Not significant"
"Unstim / LPS+Nigericin","EIPR1","Q53HC9","Q53HC9","EIPR1_HUMAN","EARP and GARP complex-interacting protein 1","Q53HC9_T34_M2_19","HexNAc (ST)",1.23169866375716,0.633972537254186,0.344210769144726,6,"Not significant"
"Unstim / LPS+Nigericin","ACTBL2","Q562R1","Q562R1","ACTBL_HUMAN","Beta-actin-like protein 2","Q562R1_T107_M2_19","HexNAc (ST)",-12.8073405586369,0.633972537254186,0.422647171018259,6,"Not significant"
"Unstim / LPS+Nigericin","ACTBL2","Q562R1","Q562R1","ACTBL_HUMAN","Beta-actin-like protein 2","Q562R1_T90_M2_19","HexNAc (ST)",-12.8073405586369,0.633972537254186,0.422647171018259,6,"Not significant"
"Unstim / LPS+Nigericin","RAB11FIP1","Q6WKZ4","Q6WKZ4","RFIP1_HUMAN","Rab11 family-interacting protein 1","Q6WKZ4_S300_M1_19","HexNAc (ST)",0.306164704682793,0.633972537254186,0.307653637879253,6,"Not significant"
"Unstim / LPS+Nigericin","CPNE8","Q86YQ8","Q86YQ8","CPNE8_HUMAN","Copine-8","Q86YQ8_S356_M1_19","HexNAc (ST)",5.61910308684763,0.633972537254186,0.421619595283739,6,"Not significant"
"Unstim / LPS+Nigericin","LYSMD2","Q8IV50","Q8IV50","LYSM2_HUMAN","LysM and putative peptidoglycan-binding domain-containing protein 2","Q8IV50_T80_M1_19","HexNAc (ST)",-0.973866460016595,0.633972537254186,0.386745268607886,6,"Not significant"
"Unstim / LPS+Nigericin","WDFY3","Q8IZQ1","Q8IZQ1","WDFY3_HUMAN","WD repeat and FYVE domain-containing protein 3","Q8IZQ1_S1980_M2_19","HexNAc (ST)",1.51108139824598,0.633972537254186,0.391459396332783,6,"Not significant"
"Unstim / LPS+Nigericin","NDUFAF2","Q8N183","Q8N183","NDUF2_HUMAN","NADH dehydrogenase [ubiquinone] 1 alpha subcomplex assembly factor 2","Q8N183_S102_M1_19","HexNAc (ST)",1.62628308553646,0.633972537254186,0.416831610165756,6,"Not significant"
"Unstim / LPS+Nigericin","DNAJB14","Q8TBM8","Q8TBM8","DJB14_HUMAN","DnaJ homolog subfamily B member 14","Q8TBM8_S160_M1_19","HexNAc (ST)",0.86974681272131,0.633972537254186,0.307665683071167,6,"Not significant"
"Unstim / LPS+Nigericin","LRRC8C","Q8TDW0","Q8TDW0","LRC8C_HUMAN","Volume-regulated anion channel subunit LRRC8C","Q8TDW0_T791_M1_19","HexNAc (ST)",5.00914512455212,0.633972537254186,0.341333760822824,6,"Not significant"
"Unstim / LPS+Nigericin","TAMM41","Q96BW9","Q96BW9","TAM41_HUMAN","Phosphatidate cytidylyltransferase, mitochondrial","Q96BW9_S218_M1_19","HexNAc (ST)",3.82842819156838,0.633972537254186,0.424013671833268,6,"Not significant"
"Unstim / LPS+Nigericin","AKAP9","Q99996","Q99996","AKAP9_HUMAN","A-kinase anchor protein 9","Q99996_T740_M1_19","HexNAc (ST)",6.79192946652081,0.633972537254186,0.422813098885485,6,"Not significant"
"Unstim / LPS+Nigericin","SRRT","Q9BXP5","Q9BXP5","SRRT_HUMAN","Serrate RNA effector molecule homolog","Q9BXP5_S284_M1_19","HexNAc (ST)",1.82263634416193,0.633972537254186,0.352332378735059,6,"Not significant"
"Unstim / LPS+Nigericin","MAGT1","Q9H0U3","Q9H0U3","MAGT1_HUMAN","Magnesium transporter protein 1","Q9H0U3_S38_M2_19","HexNAc (ST)",0.554095462267581,0.633972537254186,0.335192111428656,6,"Not significant"
"Unstim / LPS+Nigericin","CHMP4B","Q9H444","Q9H444","CHM4B_HUMAN","Charged multivesicular body protein 4b","Q9H444_T21_M1_19","HexNAc (ST)",-8.77886261415191,0.633972537254186,0.423094121595067,6,"Not significant"
"Unstim / LPS+Nigericin","CHMP4B","Q9H444","Q9H444","CHM4B_HUMAN","Charged multivesicular body protein 4b","Q9H444_S87_M2_19","HexNAc (ST)",-7.63759552208142,0.633972537254186,0.421908884608764,6,"Not significant"
"Unstim / LPS+Nigericin","SIAE","Q9HAT2","Q9HAT2","SIAE_HUMAN","Sialate O-acetylesterase","Q9HAT2_T403_M1_19","HexNAc (ST)",0.339558467915125,0.633972537254186,0.429153951779756,6,"Not significant"
"Unstim / LPS+Nigericin","RTN4","Q9NQC3","Q9NQC3","RTN4_HUMAN","Reticulon-4","Q9NQC3_T70_M2_19","HexNAc (ST)",-0.750824513818952,0.633972537254186,0.434431449804647,6,"Not significant"
"Unstim / LPS+Nigericin","MDN1","Q9NU22","Q9NU22","MDN1_HUMAN","Midasin","Q9NU22_S2818_M1_19","HexNAc (ST)",0.913194981011983,0.633972537254186,0.400486349696235,6,"Not significant"
"Unstim / LPS+Nigericin","MED17","Q9NVC6","Q9NVC6","MED17_HUMAN","Mediator of RNA polymerase II transcription subunit 17","Q9NVC6_S152_M1_19","HexNAc (ST)",0.605741184702077,0.633972537254186,0.304138839090128,6,"Not significant"
"Unstim / LPS+Nigericin","NHP2","Q9NX24","Q9NX24","NHP2_HUMAN","H/ACA ribonucleoprotein complex subunit 2","Q9NX24_S40_M1_19","HexNAc (ST)",7.97400034697274,0.633972537254186,0.422614475516518,5,"Not significant"
"Unstim / LPS+Nigericin","DPP3","Q9NY33","Q9NY33","DPP3_HUMAN","Dipeptidyl peptidase 3","Q9NY33_S692_M2_19","HexNAc (ST)",-0.615391893614746,0.633972537254186,0.40401204034379,4,"Not significant"
"Unstim / LPS+Nigericin","STX8","Q9UNK0","Q9UNK0","STX8_HUMAN","Syntaxin-8","Q9UNK0_S96_M1_19","HexNAc (ST)",0.779968323894488,0.633972537254186,0.363156834365045,6,"Not significant"
"Unstim / LPS+Nigericin","PTRH2","Q9Y3E5","Q9Y3E5","PTH2_HUMAN","Peptidyl-tRNA hydrolase 2, mitochondrial","Q9Y3E5_T125_M1_19","HexNAc (ST)",-2.39817304110328,0.633972537254186,0.434026503830681,6,"Not significant"
"Unstim / LPS+Nigericin","CHTOP","Q9Y3Y2","Q9Y3Y2","CHTOP_HUMAN","Chromatin target of PRMT1 protein","Q9Y3Y2_T212_M1_19","HexNAc (ST)",0.385780425758196,0.633972537254186,0.31240670739922,6,"Not significant"
"Unstim / LPS+Nigericin","NDUFB9","Q9Y6M9","Q9Y6M9","NDUB9_HUMAN","NADH dehydrogenase [ubiquinone] 1 beta subcomplex subunit 9","Q9Y6M9_T11_M2_19","HexNAc (ST)",2.85045705064346,0.633972537254186,0.33342470869981,6,"Not significant"
"Unstim / LPS+Nigericin","NDUFB9","Q9Y6M9","Q9Y6M9","NDUB9_HUMAN","NADH dehydrogenase [ubiquinone] 1 beta subcomplex subunit 9","Q9Y6M9_S6_M2_19","HexNAc (ST)",2.85045705064346,0.633972537254186,0.33342470869981,6,"Not significant"
"Unstim / LPS+Nigericin","FLG2","Cont_Q5D862;Q5D862","Cont_Q5D862;Q5D862","FILA2_HUMAN","Filaggrin-2","Cont_Q5D862_S7_M2_19","HexNAc (ST)",1.22110271087842,0.633972537254186,0.43343854884181,6,"Not significant"
"Unstim / LPS+Nigericin","FLG2","Cont_Q5D862;Q5D862","Cont_Q5D862;Q5D862","FILA2_HUMAN","Filaggrin-2","Q5D862_S7_M2_19","HexNAc (ST)",1.22110271087842,0.633972537254186,0.43343854884181,6,"Not significant"
"Unstim / LPS+Nigericin","HSPD1","P10809","P10809","CH60_HUMAN","60 kDa heat shock protein, mitochondrial","P10809_T173_M2_19","HexNAc (ST)",-5.93466918683451,0.633972537254186,0.421755865749467,5,"Not significant"
"Unstim / LPS+Nigericin","TPP1","O14773","O14773","TPP1_HUMAN","Tripeptidyl-peptidase 1","O14773_T50_M1_19","HexNAc (ST)",-7.05848708836854,0.633972537254186,0.42037123553413,5,"Not significant"
"Unstim / LPS+Nigericin","ANXA11","P50995","P50995","ANX11_HUMAN","Annexin A11","P50995_S301_M1_19","HexNAc (ST)",-1.02078655823322,0.633972537254186,0.377215679575232,4,"Not significant"
"Unstim / LPS+Nigericin","HNRNPA1","P09651","P09651","ROA1_HUMAN","Heterogeneous nuclear ribonucleoprotein A1","P09651_T64_M1_19","HexNAc (ST)",0.890344186866639,0.633972537254186,0.305994242049522,4,"Not significant"
"Unstim / LPS+Nigericin","RTRAF","Q9Y224","Q9Y224","RTRAF_HUMAN","RNA transcription, translation and transport factor protein","Q9Y224_T175_M1_19","HexNAc (ST)",1.08985328464995,0.634020798205121,0.435936940149999,6,"Not significant"
"Unstim / LPS+Nigericin","RAP1A","P62834","P62834","RAP1A_HUMAN","Ras-related protein Rap-1A","P62834_T106_M1_19","HexNAc (ST)",0.32584411345098,0.634128189222172,0.437619871201133,6,"Not significant"
"Unstim / LPS+Nigericin","CPD","O75976","O75976","CBPD_HUMAN","Carboxypeptidase D","O75976_S628_M1_19","HexNAc (ST)",-0.344213638029131,0.634128189222172,0.437606697118509,6,"Not significant"
"Unstim / LPS+Nigericin","PSPC1","Q8WXF1","Q8WXF1","PSPC1_HUMAN","Paraspeckle component 1","Q8WXF1_S499_M2_19","HexNAc (ST)",-0.458206880825869,0.63455189959933,0.440917167425129,5,"Not significant"
"Unstim / LPS+Nigericin","PSPC1","Q8WXF1","Q8WXF1","PSPC1_HUMAN","Paraspeckle component 1","Q8WXF1_S493_M2_19","HexNAc (ST)",-0.458206880825869,0.63455189959933,0.440917153357871,5,"Not significant"
"Unstim / LPS+Nigericin","SLC25A1","P53007","P53007","TXTP_HUMAN","Tricarboxylate transport protein, mitochondrial","P53007_S94_M1_19","HexNAc (ST)",0.428470027910383,0.634592424851075,0.441179875941991,4,"Not significant"
"Unstim / LPS+Nigericin","TMSB4X","P62328","P62328","TYB4_HUMAN","Thymosin beta-4","P62328_S16_M1_19","HexNAc (ST)",-1.50621831552321,0.635298700158919,0.445261924406578,6,"Not significant"
"Unstim / LPS+Nigericin","CAPG","P40121","P40121","CAPG_HUMAN","Macrophage-capping protein","P40121_S255_M2_19","HexNAc (ST)",0.354169502956488,0.636124249528805,0.448467357382018,6,"Not significant"
"Unstim / LPS+Nigericin","TRIP12","Q14669","Q14669","TRIPC_HUMAN","E3 ubiquitin-protein ligase TRIP12","Q14669_T758_M1_19","HexNAc (ST)",0.410345166588888,0.636124249528805,0.44845947883324,6,"Not significant"
"Unstim / LPS+Nigericin","SQOR","Q9Y6N5","Q9Y6N5","SQOR_HUMAN","Sulfide:quinone oxidoreductase, mitochondrial","Q9Y6N5_S299_M1_19","HexNAc (ST)",0.306398422713825,0.636362345784449,0.449920425620518,6,"Not significant"
"Unstim / LPS+Nigericin","HSPA5","P11021","P11021","BIP_HUMAN","Endoplasmic reticulum chaperone BiP","P11021_T184_M1_19","HexNAc (ST)",-0.199930844300416,0.636370520176719,0.449972008506816,6,"Not significant"
"Unstim / LPS+Nigericin","PSMC4","P43686","P43686","PRS6B_HUMAN","26S proteasome regulatory subunit 6B","P43686_S129_M1_19","HexNAc (ST)",0.244869717064097,0.637298743907169,0.453325402273401,6,"Not significant"
"Unstim / LPS+Nigericin","UBQLN1","Q9UMX0","Q9UMX0","UBQL1_HUMAN","Ubiquilin-1","Q9UMX0_S71_M2_19","HexNAc (ST)",-3.35991399617824,0.637703849519354,0.455025704230267,6,"Not significant"
"Unstim / LPS+Nigericin","RUNX2","Q13950","Q13950","RUNX2_HUMAN","Runt-related transcription factor 2","Q13950_T135_M1_19","HexNAc (ST)",0.356217803104008,0.638367044150111,0.457614907096117,6,"Not significant"
"Unstim / LPS+Nigericin","ERLIN2","O94905","O94905","ERLN2_HUMAN","Erlin-2","O94905_T277_M1_19","HexNAc (ST)",-1.42077764106746,0.638899773757018,0.459486465776294,6,"Not significant"
"Unstim / LPS+Nigericin","IDH3G","P51553","P51553","IDH3G_HUMAN","Isocitrate dehydrogenase [NAD] subunit gamma, mitochondrial","P51553_S75_M1_19","HexNAc (ST)",-0.597846061728749,0.639089247594038,0.460373447630023,6,"Not significant"
"Unstim / LPS+Nigericin","RENBP","P51606","P51606","RENBP_HUMAN","N-acylglucosamine 2-epimerase","P51606_S230_M1_19","HexNAc (ST)",1.23206877352747,0.639406730970891,0.461366529853691,6,"Not significant"
"Unstim / LPS+Nigericin","QKI","Q96PU8","Q96PU8","QKI_HUMAN","KH domain-containing RNA-binding protein QKI","Q96PU8_T156_M1_19","HexNAc (ST)",1.00571421385481,0.640077964366053,0.464140962501605,6,"Not significant"
"Unstim / LPS+Nigericin","P4HB","P07237","P07237","PDIA1_HUMAN","Protein disulfide-isomerase","P07237_T117_M1_19","HexNAc (ST)",-0.159874421254988,0.640656726086877,0.466150984932329,6,"Not significant"
"Unstim / LPS+Nigericin","PDIA3","P30101","P30101","PDIA3_HUMAN","Protein disulfide-isomerase A3","P30101_T212_M2_19","HexNAc (ST)",0.690896249749429,0.641437887047435,0.468622189504869,6,"Not significant"
"Unstim / LPS+Nigericin","PDIA3","P30101","P30101","PDIA3_HUMAN","Protein disulfide-isomerase A3","P30101_S209_M2_19","HexNAc (ST)",0.690896249749429,0.641437887047435,0.468622189504869,6,"Not significant"
"Unstim / LPS+Nigericin","GPX1","P07203","P07203","GPX1_HUMAN","Glutathione peroxidase 1","P07203_S34_M2_19","HexNAc (ST)",-0.215744930032366,0.641997672374346,0.470663872828854,6,"Not significant"
"Unstim / LPS+Nigericin","PLEC","Q15149","Q15149","PLEC_HUMAN","Plectin","Q15149_S2984_M1_19","HexNAc (ST)",1.56916918183712,0.642313402235189,0.471714303735494,4,"Not significant"
"Unstim / LPS+Nigericin","DHX15","O43143","O43143","DHX15_HUMAN","ATP-dependent RNA helicase DHX15","O43143_T498_M1_19","HexNAc (ST)",0.391646455360211,0.64370207107409,0.476134557527317,5,"Not significant"
"Unstim / LPS+Nigericin","CGREF1","Q99674","Q99674","CGRE1_HUMAN","Cell growth regulator with EF hand domain protein 1","Q99674_S159_M1_19","HexNAc (ST)",-0.311485261529702,0.644193271499249,0.477622969200302,6,"Not significant"
"Unstim / LPS+Nigericin","EIF4A1","P60842","P60842","IF4A1_HUMAN","Eukaryotic initiation factor 4A-I","P60842_S342_M2_19","HexNAc (ST)",0.378196008997765,0.644300605520544,0.478081088279409,6,"Not significant"
"Unstim / LPS+Nigericin","HNRNPCL2","B2RXH8","B2RXH8","HNRC2_HUMAN","Heterogeneous nuclear ribonucleoprotein C-like 2","B2RXH8_S196_M1_19","HexNAc (ST)",7.37416891188917,0.644696789200346,0.498516487204185,5,"Not significant"
"Unstim / LPS+Nigericin","PRSS1","Cont_P00760","Cont_P00760","TRY1_BOVIN","Serine protease 1","Cont_P00760_S121_M1_19","HexNAc (ST)",4.63478052439337,0.644696789200346,0.494672323623508,4,"Not significant"
"Unstim / LPS+Nigericin","MAN2B1","O00754","O00754","MA2B1_HUMAN","Lysosomal alpha-mannosidase","O00754_S932_M1_19","HexNAc (ST)",-0.358669794414437,0.644696789200346,0.493524452307613,4,"Not significant"
"Unstim / LPS+Nigericin","ICAM1","P05362","P05362","ICAM1_HUMAN","Intercellular adhesion molecule 1","P05362_T341_M1_19","HexNAc (ST)",-0.241836791765359,0.644696789200346,0.501692633913613,6,"Not significant"
"Unstim / LPS+Nigericin","EPRS1","P07814","P07814","SYEP_HUMAN","Bifunctional glutamate/proline--tRNA ligase","P07814_T1110_M1_19","HexNAc (ST)",6.83670903008323,0.644696789200346,0.500730159233978,4,"Not significant"
"Unstim / LPS+Nigericin","HSPA8","P11142","P11142","HSP7C_HUMAN","Heat shock cognate 71 kDa protein","P11142_T586_M1_19","HexNAc (ST)",-1.30240279364669,0.644696789200346,0.497395589952586,6,"Not significant"
"Unstim / LPS+Nigericin","ETFA","P13804","P13804","ETFA_HUMAN","Electron transfer flavoprotein subunit alpha, mitochondrial","P13804_S133_M1_19","HexNAc (ST)",-1.06365420064764,0.644696789200346,0.481368304097364,6,"Not significant"
"Unstim / LPS+Nigericin","VDAC1","P21796","P21796","VDAC1_HUMAN","Voltage-dependent anion-selective channel protein 1","P21796_T217_M1_19","HexNAc (ST)",-6.15240034628798,0.644696789200346,0.49628986272082,4,"Not significant"
"Unstim / LPS+Nigericin","PTPRE","P23469","P23469","PTPRE_HUMAN","Receptor-type tyrosine-protein phosphatase epsilon","P23469_S187_M2_19","HexNAc (ST)",4.89204144807484,0.644696789200346,0.492616025988874,4,"Not significant"
"Unstim / LPS+Nigericin","PDIA3","P30101","P30101","PDIA3_HUMAN","Protein disulfide-isomerase A3","P30101_T319_M2_19","HexNAc (ST)",-2.6275513219334,0.644696789200346,0.497861602003108,5,"Not significant"
"Unstim / LPS+Nigericin","PDIA3","P30101","P30101","PDIA3_HUMAN","Protein disulfide-isomerase A3","P30101_S318_M2_19","HexNAc (ST)",-2.96007480030094,0.644696789200346,0.497554061945805,4,"Not significant"
"Unstim / LPS+Nigericin","NF2","P35240","P35240","MERL_HUMAN","Merlin","P35240_S444_M1_19","HexNAc (ST)",0.344461574028756,0.644696789200346,0.48846276898122,6,"Not significant"
"Unstim / LPS+Nigericin","TMPO","P42166","P42166","LAP2A_HUMAN","Lamina-associated polypeptide 2, isoform alpha","P42166_T26_M1_19","HexNAc (ST)",-7.97694728360239,0.644696789200346,0.499368442722966,5,"Not significant"
"Unstim / LPS+Nigericin","HSPE1","P61604","P61604","CH10_HUMAN","10 kDa heat shock protein, mitochondrial","P61604_T79_M1_19","HexNAc (ST)",-1.14818496194066,0.644696789200346,0.485518670010917,6,"Not significant"
"Unstim / LPS+Nigericin","NUCB2","P80303","P80303","NUCB2_HUMAN","Nucleobindin-2","P80303_S124_M1_19","HexNAc (ST)",0.611354156602744,0.644696789200346,0.485158590226312,6,"Not significant"
"Unstim / LPS+Nigericin","AHNAK","Q09666","Q09666","AHNK_HUMAN","Neuroblast differentiation-associated protein AHNAK","Q09666_T4766_M1_19","HexNAc (ST)",-0.498748741576827,0.644696789200346,0.486469737177787,6,"Not significant"
"Unstim / LPS+Nigericin","AHNAK","Q09666","Q09666","AHNK_HUMAN","Neuroblast differentiation-associated protein AHNAK","Q09666_S3894_M1_19","HexNAc (ST)",0.595150158059186,0.644696789200346,0.481740018549997,6,"Not significant"
"Unstim / LPS+Nigericin","HNRNPD","Q14103","Q14103","HNRPD_HUMAN","Heterogeneous nuclear ribonucleoprotein D0","Q14103_S190_M2_19","HexNAc (ST)",-0.970928793857244,0.644696789200346,0.485331664363216,5,"Not significant"
"Unstim / LPS+Nigericin","RHOT1","Q8IXI2","Q8IXI2","MIRO1_HUMAN","Mitochondrial Rho GTPase 1","Q8IXI2_S109_M1_19","HexNAc (ST)",0.085202818478337,0.644696789200346,0.48680749208842,6,"Not significant"
"Unstim / LPS+Nigericin","TEP1","Q99973","Q99973","TEP1_HUMAN","Telomerase protein component 1","Q99973_S1924_M3_19","HexNAc (ST)",-8.9254391035033,0.644696789200346,0.500298390920732,4,"Not significant"
"Unstim / LPS+Nigericin","P4HB","P07237","P07237","PDIA1_HUMAN","Protein disulfide-isomerase","P07237_T101_M1_19","HexNAc (ST)",-6.50885428671698,0.644696789200346,0.498598749660209,4,"Not significant"
"Unstim / LPS+Nigericin","ACAT2","Q9BWD1","Q9BWD1","THIC_HUMAN","Acetyl-CoA acetyltransferase, cytosolic","Q9BWD1_T209_M1_19","HexNAc (ST)",-0.429216400968517,0.644696789200346,0.481065798767437,5,"Not significant"
"Unstim / LPS+Nigericin","EEPD1","Q7L9B9","Q7L9B9","EEPD1_HUMAN","Endonuclease/exonuclease/phosphatase family domain-containing protein 1","Q7L9B9_T89_M2_19","HexNAc (ST)",-7.26370720816777,0.644696789200346,0.498959555598283,4,"Not significant"
"Unstim / LPS+Nigericin","RNH1","P13489","P13489","RINI_HUMAN","Ribonuclease inhibitor","P13489_S50_M1_19","HexNAc (ST)",0.450370353560532,0.644817927938067,0.50466141476584,5,"Not significant"
"Unstim / LPS+Nigericin","AHNAK","Q09666","Q09666","AHNK_HUMAN","Neuroblast differentiation-associated protein AHNAK","Q09666_S4789_M2_19","HexNAc (ST)",-0.450955637882942,0.644884547489005,0.505078278084458,4,"Not significant"
"Unstim / LPS+Nigericin","HSPA9","P38646","P38646","GRP75_HUMAN","Stress-70 protein, mitochondrial","P38646_T224_M2_19","HexNAc (ST)",-1.29827040485726,0.644995715191944,0.506031499129935,6,"Not significant"
"Unstim / LPS+Nigericin","HSPA9","P38646","P38646","GRP75_HUMAN","Stress-70 protein, mitochondrial","P38646_S212_M2_19","HexNAc (ST)",-1.29827040485726,0.644995715191944,0.506031499129935,6,"Not significant"
"Unstim / LPS+Nigericin","SLC25A24","Q6NUK1","Q6NUK1","SCMC1_HUMAN","Mitochondrial adenyl nucleotide antiporter SLC25A24","Q6NUK1_S208_M1_19","HexNAc (ST)",0.638196565257756,0.64511467441544,0.507104446072459,6,"Not significant"
"Unstim / LPS+Nigericin","STMN1","P16949","P16949","STMN1_HUMAN","Stathmin","P16949_S46_M1_19","HexNAc (ST)",0.239822424954663,0.645484105445789,0.508494928234275,6,"Not significant"
"Unstim / LPS+Nigericin","AHNAK","Q09666","Q09666","AHNK_HUMAN","Neuroblast differentiation-associated protein AHNAK","Q09666_S2775_M1_19","HexNAc (ST)",0.371955293445212,0.64571551756363,0.509416745079396,6,"Not significant"
"Unstim / LPS+Nigericin","AHNAK","Q09666","Q09666","AHNK_HUMAN","Neuroblast differentiation-associated protein AHNAK","Q09666_S3159_M1_19","HexNAc (ST)",0.369281870475756,0.646162209560979,0.510869606031546,6,"Not significant"
"Unstim / LPS+Nigericin","AHNAK","Q09666","Q09666","AHNK_HUMAN","Neuroblast differentiation-associated protein AHNAK","Q09666_S3941_M1_19","HexNAc (ST)",0.369281870475756,0.646162209560979,0.510869606031546,6,"Not significant"
"Unstim / LPS+Nigericin","SP140L","Q9H930","Q9H930","SP14L_HUMAN","Nuclear body protein SP140-like protein","Q9H930_T71_M1_19","HexNAc (ST)",0.396871790145674,0.646216218861629,0.51109895055138,6,"Not significant"
"Unstim / LPS+Nigericin","HNRNPU","Q00839","Q00839","HNRPU_HUMAN","Heterogeneous nuclear ribonucleoprotein U","Q00839_S746_M1_19","HexNAc (ST)",-0.288527141048118,0.646261908219782,0.511271403122655,6,"Not significant"
"Unstim / LPS+Nigericin","FBL","P22087","P22087","FBRL_HUMAN","rRNA 2'-O-methyltransferase fibrillarin","P22087_T298_M1_19","HexNAc (ST)",-0.848003541328609,0.646617126206749,0.512831121390193,6,"Not significant"
"Unstim / LPS+Nigericin","TKT","P29401","P29401","TKT_HUMAN","Transketolase","P29401_S295_M2_19","HexNAc (ST)",0.236078654899008,0.646689932422354,0.513071314113318,6,"Not significant"
"Unstim / LPS+Nigericin","ELOB","Q15370","Q15370","ELOB_HUMAN","Elongin-B","Q15370_T56_M1_19","HexNAc (ST)",-1.08732729165156,0.647479296439893,0.515965236689654,4,"Not significant"
"Unstim / LPS+Nigericin","HNRNPUL2","Q1KMD3","Q1KMD3","HNRL2_HUMAN","Heterogeneous nuclear ribonucleoprotein U-like protein 2","Q1KMD3_S543_M1_19","HexNAc (ST)",-1.94862710582105,0.647919512369014,0.517573085955082,6,"Not significant"
"Unstim / LPS+Nigericin","P4HA1","P13674","P13674","P4HA1_HUMAN","Prolyl 4-hydroxylase subunit alpha-1","P13674_S345_M1_19","HexNAc (ST)",-2.03301185858141,0.648565565813272,0.51984670606682,6,"Not significant"
"Unstim / LPS+Nigericin","RAB18","Q9NP72","Q9NP72","RAB18_HUMAN","Ras-related protein Rab-18","Q9NP72_T49_M2_19","HexNAc (ST)",0.34698882707534,0.648565565813272,0.519862898735956,6,"Not significant"
"Unstim / LPS+Nigericin","VCP","P55072","P55072","TERA_HUMAN","Transitional endoplasmic reticulum ATPase","P55072_T623_M1_19","HexNAc (ST)",0.985416656266786,0.648925652629956,0.521219277480834,6,"Not significant"
"Unstim / LPS+Nigericin","ITGAV","P06756","P06756","ITAV_HUMAN","Integrin alpha-V","P06756_T586_M2_19","HexNAc (ST)",-0.314234919575636,0.649223195230787,0.522141666492262,6,"Not significant"
"Unstim / LPS+Nigericin","ITGAV","P06756","P06756","ITAV_HUMAN","Integrin alpha-V","P06756_T583_M2_19","HexNAc (ST)",-0.314234919575636,0.649223195230787,0.522141666492262,6,"Not significant"
"Unstim / LPS+Nigericin","NCL","P19338","P19338","NUCL_HUMAN","Nucleolin","P19338_T305_M1_19","HexNAc (ST)",-0.943879653740386,0.650030491170177,0.524825982784638,6,"Not significant"
"Unstim / LPS+Nigericin","VAMP2","P63027","P63027","VAMP2_HUMAN","Vesicle-associated membrane protein 2","P63027_T35_M1_19","HexNAc (ST)",-1.07059674472903,0.652456201636058,0.531602926335889,6,"Not significant"
"Unstim / LPS+Nigericin","NUP54","Q7Z3B4","Q7Z3B4","NUP54_HUMAN","Nucleoporin p54","Q7Z3B4_S319_M1_19","HexNAc (ST)",0.245804235749808,0.653356569030226,0.5343238452554,6,"Not significant"
"Unstim / LPS+Nigericin","ATP13A1","Q9HD20","Q9HD20","AT131_HUMAN","Endoplasmic reticulum transmembrane helix translocase","Q9HD20_S790_M1_19","HexNAc (ST)",-2.88433369660403,0.654642877972669,0.538193673221926,4,"Not significant"
"Unstim / LPS+Nigericin","ITGAX","P20702","P20702","ITAX_HUMAN","Integrin alpha-X","P20702_S266_M1_19","HexNAc (ST)",0.289040626204236,0.654937292848417,0.539244386363734,6,"Not significant"
"Unstim / LPS+Nigericin","MACROH2A1","O75367","O75367","H2AY_HUMAN","Core histone macro-H2A.1","O75367_T57_M1_19","HexNAc (ST)",-0.555697146888097,0.655912658271971,0.542087781643395,6,"Not significant"
"Unstim / LPS+Nigericin","HSPA8","P11142","P11142","HSP7C_HUMAN","Heat shock cognate 71 kDa protein","P11142_S85_M1_19","HexNAc (ST)",0.467761854225233,0.657742298671586,0.547428544585701,6,"Not significant"
"Unstim / LPS+Nigericin","GAA","P10253","P10253","LYAG_HUMAN","Lysosomal alpha-glucosidase","P10253_T884_M1_19","HexNAc (ST)",0.382164254956002,0.657811143130976,0.547683271464107,6,"Not significant"
"Unstim / LPS+Nigericin","ATP5F1B","P06576","P06576","ATPB_HUMAN","ATP synthase subunit beta, mitochondrial","P06576_S253_M1_19","HexNAc (ST)",0.965448880345626,0.658054045602902,0.548447154536462,6,"Not significant"
"Unstim / LPS+Nigericin","RPLP2","P05387","P05387","RLA2_HUMAN","Large ribosomal subunit protein P2","P05387_S44_M1_19","HexNAc (ST)",-0.481035529361363,0.659826408501985,0.553914428913385,6,"Not significant"
"Unstim / LPS+Nigericin","ICAM1","P05362","P05362","ICAM1_HUMAN","Intercellular adhesion molecule 1","P05362_T448_M1_19","HexNAc (ST)",-0.121921558863308,0.660003272636544,0.554418208498987,4,"Not significant"
"Unstim / LPS+Nigericin","HSPA8","P11142","P11142","HSP7C_HUMAN","Heat shock cognate 71 kDa protein","P11142_T125_M1_19","HexNAc (ST)",0.300286727524661,0.660357913165004,0.555465212378044,4,"Not significant"
"Unstim / LPS+Nigericin","PRKCSH","P14314","P14314","GLU2B_HUMAN","Glucosidase 2 subunit beta","P14314_S168_M1_19","HexNAc (ST)",-0.460676546154205,0.660404998813534,0.55557128424531,6,"Not significant"
"Unstim / LPS+Nigericin","APEX1","P27695","P27695","APEX1_HUMAN","DNA-(apurinic or apyrimidinic site) endonuclease","P27695_T61_M1_19","HexNAc (ST)",2.5510583181856,0.660923281772768,0.557056788875907,5,"Not significant"
"Unstim / LPS+Nigericin","GLUD1","P00367","P00367","DHE3_HUMAN","Glutamate dehydrogenase 1, mitochondrial","P00367_S166_M1_19","HexNAc (ST)",-0.389015777004374,0.662684897933874,0.562220139775121,6,"Not significant"
"Unstim / LPS+Nigericin","SLC25A5","P05141","P05141","ADT2_HUMAN","ADP/ATP translocase 2","P05141_S22_M2_19","HexNAc (ST)",-0.699328872534626,0.663749975150259,0.565690871751876,6,"Not significant"
"Unstim / LPS+Nigericin","MYL6","P60660","P60660","MYL6_HUMAN","Myosin light polypeptide 6","P60660_T76_M1_19","HexNAc (ST)",-0.498830650788323,0.665665066983008,0.571580540911548,6,"Not significant"
"Unstim / LPS+Nigericin","PTRH1","Q86Y79","Q86Y79","PTH_HUMAN","Peptidyl-tRNA hydrolase","Q86Y79_S181_M1_19","HexNAc (ST)",0.785495147877857,0.666206070846967,0.57301043479517,6,"Not significant"
"Unstim / LPS+Nigericin","H1-5","P16401","P16401","H15_HUMAN","Histone H1.5","P16401_S61_M1_19","HexNAc (ST)",0.166753960775116,0.66646244708244,0.573824473725285,6,"Not significant"
"Unstim / LPS+Nigericin","KRT14","Cont_P02533;P02533","Cont_P02533;P02533","K1C14_HUMAN","Keratin, type I cytoskeletal 14;Keratin, type I cytoskeletal 14","Cont_P02533_T310_M2_19","HexNAc (ST)",1.10381954684704,0.667118521260529,0.576000928110212,6,"Not significant"
"Unstim / LPS+Nigericin","KRT14","Cont_P02533;P02533","Cont_P02533;P02533","K1C14_HUMAN","Keratin, type I cytoskeletal 14;Keratin, type I cytoskeletal 14","Cont_P02533_T308_M2_19","HexNAc (ST)",1.10381954684704,0.667118521260529,0.576000928110212,6,"Not significant"
"Unstim / LPS+Nigericin","KRT14","Cont_P02533;P02533","Cont_P02533;P02533","K1C14_HUMAN","Keratin, type I cytoskeletal 14;Keratin, type I cytoskeletal 14","P02533_T310_M2_19","HexNAc (ST)",1.10381954684704,0.667118521260529,0.576000928110212,6,"Not significant"
"Unstim / LPS+Nigericin","KRT14","Cont_P02533;P02533","Cont_P02533;P02533","K1C14_HUMAN","Keratin, type I cytoskeletal 14;Keratin, type I cytoskeletal 14","P02533_T308_M2_19","HexNAc (ST)",1.10381954684704,0.667118521260529,0.576000928110212,6,"Not significant"
"Unstim / LPS+Nigericin","MRPL2","Q5T653","Q5T653","RM02_HUMAN","Large ribosomal subunit protein uL2m","Q5T653_T223_M2_19","HexNAc (ST)",-0.458350129141357,0.667914364302169,0.57829666298184,6,"Not significant"
"Unstim / LPS+Nigericin","ITGB1","P05556","P05556","ITB1_HUMAN","Integrin beta-1","P05556_T199_M2_19","HexNAc (ST)",-0.829603578653018,0.668079638108705,0.578791939044215,4,"Not significant"
"Unstim / LPS+Nigericin","GRPEL1","Q9HAV7","Q9HAV7","GRPE1_HUMAN","GrpE protein homolog 1, mitochondrial","Q9HAV7_T147_M2_19","HexNAc (ST)",-0.508650213899312,0.669541873598259,0.583569243804104,5,"Not significant"
"Unstim / LPS+Nigericin","CANX","P27824","P27824","CALX_HUMAN","Calnexin","P27824_S74_M2_19","HexNAc (ST)",0.65385423614356,0.670260858314865,0.585695414452807,4,"Not significant"
"Unstim / LPS+Nigericin","CLTC","Q00610","Q00610","CLH1_HUMAN","Clathrin heavy chain 1","Q00610_S460_M1_19","HexNAc (ST)",-0.88910716255515,0.673760289236541,0.596490029058304,6,"Not significant"
"Unstim / LPS+Nigericin","AHNAK","Q09666","Q09666","AHNK_HUMAN","Neuroblast differentiation-associated protein AHNAK","Q09666_S4684_M1_19","HexNAc (ST)",0.644601243531397,0.675222757602368,0.600870247233455,6,"Not significant"
"Unstim / LPS+Nigericin","CANX","P27824","P27824","CALX_HUMAN","Calnexin","P27824_T143_M1_19","HexNAc (ST)",0.591047734750717,0.675243914123225,0.600935088179744,6,"Not significant"
"Unstim / LPS+Nigericin","HSPA5","P11021","P11021","BIP_HUMAN","Endoplasmic reticulum chaperone BiP","P11021_T648_M2_19","HexNAc (ST)",0.41632297857716,0.675929352549806,0.602766145392603,4,"Not significant"
"Unstim / LPS+Nigericin","MYCBPAP","Q8TBZ2","Q8TBZ2","MYBPP_HUMAN","MYCBP-associated protein","Q8TBZ2_S582_M3_19","HexNAc (ST)",0.248571729146227,0.67595811674748,0.602843757891367,6,"Not significant"
"Unstim / LPS+Nigericin","MYCBPAP","Q8TBZ2","Q8TBZ2","MYBPP_HUMAN","MYCBP-associated protein","Q8TBZ2_T580_M3_19","HexNAc (ST)",0.248571729146227,0.67595811674748,0.602843690719393,6,"Not significant"
"Unstim / LPS+Nigericin","PRDX5","P30044","P30044","PRDX5_HUMAN","Peroxiredoxin-5, mitochondrial","P30044_S101_M2_19","HexNAc (ST)",-1.00158079031651,0.676183814464308,0.603420332432508,6,"Not significant"
"Unstim / LPS+Nigericin","PRDX5","P30044","P30044","PRDX5_HUMAN","Peroxiredoxin-5, mitochondrial","P30044_T97_M2_19","HexNAc (ST)",-1.00158079031651,0.676183814464308,0.603420332432508,6,"Not significant"
"Unstim / LPS+Nigericin","DNTTIP1","Q9H147","Q9H147","TDIF1_HUMAN","Deoxynucleotidyltransferase terminal-interacting protein 1","Q9H147_S217_M1_19","HexNAc (ST)",0.645195043547778,0.67656591464894,0.604471751109421,6,"Not significant"
"Unstim / LPS+Nigericin","GAA","P10253","P10253","LYAG_HUMAN","Lysosomal alpha-glucosidase","P10253_T700_M2_19","HexNAc (ST)",0.352245210281737,0.677774832819872,0.608027841186927,6,"Not significant"
"Unstim / LPS+Nigericin","GAA","P10253","P10253","LYAG_HUMAN","Lysosomal alpha-glucosidase","P10253_S688_M2_19","HexNAc (ST)",0.352245210281737,0.677774832819872,0.608027874180401,6,"Not significant"
"Unstim / LPS+Nigericin","NOTCH2","Q04721","Q04721","NOTC2_HUMAN","Neurogenic locus notch homolog protein 2","Q04721_T696_M1_19","HexNAc (ST)",0.329566288530332,0.678197064978796,0.609564003192181,6,"Not significant"
"Unstim / LPS+Nigericin","ARHGDIA","P52565","P52565","GDIR1_HUMAN","Rho GDP-dissociation inhibitor 1","P52565_T160_M1_19","HexNAc (ST)",0.629964759005628,0.679407288107733,0.613201212863746,6,"Not significant"
"Unstim / LPS+Nigericin","PABPC4","Q13310","Q13310","PABP4_HUMAN","Polyadenylate-binding protein 4","Q13310_S322_M2_19","HexNAc (ST)",0.124448020116238,0.680217512923839,0.615669646205282,6,"Not significant"
"Unstim / LPS+Nigericin","OSBPL8","Q9BZF1","Q9BZF1","OSBL8_HUMAN","Oxysterol-binding protein-related protein 8","Q9BZF1_T491_M1_19","HexNAc (ST)",0.758225226330152,0.682017120682135,0.620997084810792,6,"Not significant"
"Unstim / LPS+Nigericin","VDAC3","Q9Y277","Q9Y277","VDAC3_HUMAN","Voltage-dependent anion-selective channel protein 3","Q9Y277_T72_M1_19","HexNAc (ST)",0.778840074522248,0.682231083414624,0.621729610735795,6,"Not significant"
"Unstim / LPS+Nigericin","RAB5B","P61020","P61020","RAB5B_HUMAN","Ras-related protein Rab-5B","P61020_S184_M1_19","HexNAc (ST)",0.781319799443517,0.683663993603425,0.626061685543413,6,"Not significant"
"Unstim / LPS+Nigericin","CAP1","Q01518","Q01518","CAP1_HUMAN","Adenylyl cyclase-associated protein 1","Q01518_T315_M1_19","HexNAc (ST)",0.439130429692554,0.68514012058954,0.630441044611048,6,"Not significant"
"Unstim / LPS+Nigericin","MX2","P20592","P20592","MX2_HUMAN","Interferon-induced GTP-binding protein Mx2","P20592_T366_M1_19","HexNAc (ST)",-0.747867853575821,0.6857403169431,0.63230810565588,6,"Not significant"
"Unstim / LPS+Nigericin","AHNAK","Q09666","Q09666","AHNK_HUMAN","Neuroblast differentiation-associated protein AHNAK","Q09666_S2926_M1_19","HexNAc (ST)",1.24426151254963,0.686049221066431,0.633257404636588,6,"Not significant"
"Unstim / LPS+Nigericin","PPIA","P62937","P62937","PPIA_HUMAN","Peptidyl-prolyl cis-trans isomerase A","P62937_T119_M2_19","HexNAc (ST)",0.401005485429708,0.687352762526495,0.637604048334603,6,"Not significant"
"Unstim / LPS+Nigericin","PPIA","P62937","P62937","PPIA_HUMAN","Peptidyl-prolyl cis-trans isomerase A","P62937_T116_M2_19","HexNAc (ST)",0.401005485429708,0.687352762526495,0.637604048334603,6,"Not significant"
"Unstim / LPS+Nigericin","PSAP","P07602","P07602","SAP_HUMAN","Prosaposin","P07602_T334_M1_19","HexNAc (ST)",0.520655916096814,0.687556093235691,0.638375685700531,6,"Not significant"
"Unstim / LPS+Nigericin","HNRNPH1","P31943","P31943","HNRH1_HUMAN","Heterogeneous nuclear ribonucleoprotein H","P31943_T5_M1_19","HexNAc (ST)",0.36845016197718,0.688168682150003,0.64035422717661,6,"Not significant"
"Unstim / LPS+Nigericin","DPYSL2","Q16555","Q16555","DPYL2_HUMAN","Dihydropyrimidinase-related protein 2","Q16555_S421_M3_19","HexNAc (ST)",0.168578980678552,0.688475791410764,0.641411603889892,5,"Not significant"
"Unstim / LPS+Nigericin","HSPA9","P38646","P38646","GRP75_HUMAN","Stress-70 protein, mitochondrial","P38646_T504_M1_19","HexNAc (ST)",0.163589757018534,0.689396487066062,0.644573275164785,6,"Not significant"
"Unstim / LPS+Nigericin","ALDOA","P04075","P04075","ALDOA_HUMAN","Fructose-bisphosphate aldolase A","P04075_S160_M1_19","HexNAc (ST)",-0.244834375027851,0.690183457607276,0.646802856834046,6,"Not significant"
"Unstim / LPS+Nigericin","TMPO","P42166","P42166","LAP2A_HUMAN","Lamina-associated polypeptide 2, isoform alpha","P42166_S18_M2_19","HexNAc (ST)",0.302801605375503,0.691137327490886,0.649721358238195,6,"Not significant"
"Unstim / LPS+Nigericin","ZYX","Q15942","Q15942","ZYX_HUMAN","Zyxin","Q15942_T469_M2_19","HexNAc (ST)",1.09171292900131,0.691218304009988,0.649963750080323,6,"Not significant"
"Unstim / LPS+Nigericin","CDC42","P60953","P60953","CDC42_HUMAN","Cell division control protein 42 homolog","P60953_T161_M1_19","HexNAc (ST)",0.592521838648539,0.69407488019515,0.658321432563062,6,"Not significant"
"Unstim / LPS+Nigericin","AHNAK","Q09666","Q09666","AHNK_HUMAN","Neuroblast differentiation-associated protein AHNAK","Q09666_S886_M1_19","HexNAc (ST)",0.174809517144844,0.695158187210321,0.661854880831361,6,"Not significant"
"Unstim / LPS+Nigericin","AHNAK","Q09666","Q09666","AHNK_HUMAN","Neuroblast differentiation-associated protein AHNAK","Q09666_S1721_M1_19","HexNAc (ST)",0.174809517144844,0.695158187210321,0.661854880831361,6,"Not significant"
"Unstim / LPS+Nigericin","AHNAK","Q09666","Q09666","AHNK_HUMAN","Neuroblast differentiation-associated protein AHNAK","Q09666_S2057_M1_19","HexNAc (ST)",0.174809517144844,0.695158187210321,0.661854880831361,6,"Not significant"
"Unstim / LPS+Nigericin","AHNAK","Q09666","Q09666","AHNK_HUMAN","Neuroblast differentiation-associated protein AHNAK","Q09666_S2519_M1_19","HexNAc (ST)",0.174809517144844,0.695158187210321,0.661854880831361,6,"Not significant"
"Unstim / LPS+Nigericin","AHNAK","Q09666","Q09666","AHNK_HUMAN","Neuroblast differentiation-associated protein AHNAK","Q09666_S2903_M1_19","HexNAc (ST)",0.174809517144844,0.695158187210321,0.661854880831361,6,"Not significant"
"Unstim / LPS+Nigericin","TUBA4A","Cont_P81948;P68366","Cont_P81948;P68366","TBA4A_BOVIN;TBA4A_HUMAN","Tubulin alpha-4A chain","Cont_P81948_T73_M1_19","HexNAc (ST)",-0.14078440037,0.695594605359403,0.663467404893329,6,"Not significant"
"Unstim / LPS+Nigericin","TUBA4A","Cont_P81948;P68366","Cont_P81948;P68366","TBA4A_BOVIN;TBA4A_HUMAN","Tubulin alpha-4A chain","P68366_T73_M1_19","HexNAc (ST)",-0.14078440037,0.695594605359403,0.663467404893329,6,"Not significant"
"Unstim / LPS+Nigericin","VIM","P08670","P08670","VIME_HUMAN","Vimentin","P08670_S278_M1_19","HexNAc (ST)",0.539786319497871,0.696016869842122,0.664726832527184,6,"Not significant"
"Unstim / LPS+Nigericin","ARHGAP45","Q92619","Q92619","HMHA1_HUMAN","Rho GTPase-activating protein 45","Q92619_T742_M1_19","HexNAc (ST)",0.459106963956008,0.696647227130944,0.666986306474876,6,"Not significant"
"Unstim / LPS+Nigericin","MYL6","P60660","P60660","MYL6_HUMAN","Myosin light polypeptide 6","P60660_T85_M1_19","HexNAc (ST)",0.283655537493642,0.69727643451719,0.669146904736058,6,"Not significant"
"Unstim / LPS+Nigericin","CANX","P27824","P27824","CALX_HUMAN","Calnexin","P27824_S392_M1_19","HexNAc (ST)",0.18360330235874,0.699084656537937,0.674910462216616,6,"Not significant"
"Unstim / LPS+Nigericin","QKI","Q96PU8","Q96PU8","QKI_HUMAN","KH domain-containing RNA-binding protein QKI","Q96PU8_T14_M1_19","HexNAc (ST)",0.31507891159664,0.699154022509195,0.675116390841574,6,"Not significant"
"Unstim / LPS+Nigericin","HSP90B1","P14625","P14625","ENPL_HUMAN","Endoplasmin","P14625_T155_M1_19","HexNAc (ST)",-1.1625373608109,0.70002755179151,0.678034586601571,5,"Not significant"
"Unstim / LPS+Nigericin","ERP44","Q9BS26","Q9BS26","ERP44_HUMAN","Endoplasmic reticulum resident protein 44","Q9BS26_S353_M1_19","HexNAc (ST)",-0.044854938385031,0.70002755179151,0.678040709455481,6,"Not significant"
"Unstim / LPS+Nigericin","DDX5","P17844","P17844","DDX5_HUMAN","Probable ATP-dependent RNA helicase DDX5","P17844_T436_M2_19","HexNAc (ST)",-0.203353556592153,0.700373024465508,0.679128505941477,6,"Not significant"
"Unstim / LPS+Nigericin","RUVBL2","Q9Y230","Q9Y230","RUVB2_HUMAN","RuvB-like 2","Q9Y230_T194_M1_19","HexNAc (ST)",0.125285438651764,0.701623108302967,0.683263078175745,6,"Not significant"
"Unstim / LPS+Nigericin","ARL8B","Q9NVJ2","Q9NVJ2","ARL8B_HUMAN","ADP-ribosylation factor-like protein 8B","Q9NVJ2_S150_M1_19","HexNAc (ST)",-0.128544476200624,0.701822853557599,0.683949212151067,6,"Not significant"
"Unstim / LPS+Nigericin","M6PR","P20645","P20645","MPRD_HUMAN","Cation-dependent mannose-6-phosphate receptor","P20645_S42_M1_19","HexNAc (ST)",-0.623281794705217,0.702517346774529,0.686156139701665,6,"Not significant"
"Unstim / LPS+Nigericin","PRSS1","Cont_P00760","Cont_P00760","TRY1_BOVIN","Serine protease 1","Cont_P00760_S169_M2_19","HexNAc (ST)",0.173501504080788,0.704238776600783,0.691475317386307,6,"Not significant"
"Unstim / LPS+Nigericin","PRSS1","Cont_P00760","Cont_P00760","TRY1_BOVIN","Serine protease 1","Cont_P00760_S170_M2_19","HexNAc (ST)",0.173501504080788,0.704238776600783,0.691475181376632,6,"Not significant"
"Unstim / LPS+Nigericin","AHNAK","Q09666","Q09666","AHNK_HUMAN","Neuroblast differentiation-associated protein AHNAK","Q09666_T788_M2_19","HexNAc (ST)",-0.471438480499069,0.704347718860158,0.69185049717771,6,"Not significant"
"Unstim / LPS+Nigericin","SOD1","P00441","P00441","SODC_HUMAN","Superoxide dismutase [Cu-Zn]","P00441_T3_M1_19","HexNAc (ST)",0.228016872410616,0.704877302900708,0.693656936602156,6,"Not significant"
"Unstim / LPS+Nigericin","GSN","P06396","P06396","GELS_HUMAN","Gelsolin","P06396_S304_M1_19","HexNAc (ST)",0.295746276536783,0.705540484547068,0.695962802458151,5,"Not significant"
"Unstim / LPS+Nigericin","HSPA5","P11021","P11021","BIP_HUMAN","Endoplasmic reticulum chaperone BiP","P11021_T203_M2_19","HexNAc (ST)",-0.140751808965995,0.706852356993145,0.699835322826776,6,"Not significant"
"Unstim / LPS+Nigericin","HSPA5","P11021","P11021","BIP_HUMAN","Endoplasmic reticulum chaperone BiP","P11021_T189_M2_19","HexNAc (ST)",-0.140751808965995,0.706852356993145,0.699835322826776,6,"Not significant"
"Unstim / LPS+Nigericin","RGPD2","P0DJD1","P0DJD1","RGPD2_HUMAN","RANBP2-like and GRIP domain-containing protein 2","P0DJD1_S1067_M1_19","HexNAc (ST)",-0.153997963764565,0.709242703281822,0.707776766808747,6,"Not significant"
"Unstim / LPS+Nigericin","ELP6","Q0PNE2","Q0PNE2","ELP6_HUMAN","Elongator complex protein 6","Q0PNE2_S89_M1_19","HexNAc (ST)",-0.121307150328073,0.709562819630867,0.708906097825841,6,"Not significant"
"Unstim / LPS+Nigericin","GSN","P06396","P06396","GELS_HUMAN","Gelsolin","P06396_S537_M1_19","HexNAc (ST)",0.121657886647923,0.710083680489443,0.710680840823292,6,"Not significant"
"Unstim / LPS+Nigericin","H2AX","P16104","P16104","H2AX_HUMAN","Histone H2AX","P16104_T102_M1_19","HexNAc (ST)",-0.174501243389225,0.710511503032092,0.71197089403946,6,"Not significant"
"Unstim / LPS+Nigericin","ALCAM","Q13740","Q13740","CD166_HUMAN","CD166 antigen","Q13740_S64_M1_19","HexNAc (ST)",0.422732628303933,0.711950308689927,0.716872546553082,6,"Not significant"
"Unstim / LPS+Nigericin","LETM1","O95202","O95202","LETM1_HUMAN","Mitochondrial proton/calcium exchanger protein","O95202_S580_M1_19","HexNAc (ST)",0.184397679077584,0.712754934898199,0.719597689162421,6,"Not significant"
"Unstim / LPS+Nigericin","LMNB1","P20700","P20700","LMNB1_HUMAN","Lamin-B1","P20700_T188_M1_19","HexNAc (ST)",-0.103373772536385,0.713017338634072,0.720465487641882,6,"Not significant"
"Unstim / LPS+Nigericin","UTP14A","Q9BVJ6","Q9BVJ6","UT14A_HUMAN","U3 small nucleolar RNA-associated protein 14 homolog A","Q9BVJ6_T182_M2_19","HexNAc (ST)",-0.196303470610662,0.713075542818813,0.720659750084103,6,"Not significant"
"Unstim / LPS+Nigericin","UTP14A","Q9BVJ6","Q9BVJ6","UT14A_HUMAN","U3 small nucleolar RNA-associated protein 14 homolog A","Q9BVJ6_S176_M2_19","HexNAc (ST)",-0.196303470610662,0.713075542818813,0.720659750084103,6,"Not significant"
"Unstim / LPS+Nigericin","TGFB1","P01137","P01137","TGFB1_HUMAN","Transforming growth factor beta-1 proprotein","P01137_S380_M1_19","HexNAc (ST)",-0.192928243124668,0.714640290897584,0.725825357034471,6,"Not significant"
"Unstim / LPS+Nigericin","ERP44","Q9BS26","Q9BS26","ERP44_HUMAN","Endoplasmic reticulum resident protein 44","Q9BS26_T155_M1_19","HexNAc (ST)",0.680432393481266,0.714913144327977,0.726655104546869,4,"Not significant"
"Unstim / LPS+Nigericin","SHMT2","P34897","P34897","GLYM_HUMAN","Serine hydroxymethyltransferase, mitochondrial","P34897_S90_M1_19","HexNAc (ST)",-0.190335745476311,0.715920759872135,0.730051991954109,6,"Not significant"
"Unstim / LPS+Nigericin","CDC123","O75794","O75794","CD123_HUMAN","Cell division cycle protein 123 homolog","O75794_T315_M2_19","HexNAc (ST)",-0.166276510519232,0.716027241052758,0.730459677241746,6,"Not significant"
"Unstim / LPS+Nigericin","UFL1","O94874","O94874","UFL1_HUMAN","E3 UFM1-protein ligase 1","O94874_S103_M1_19","HexNAc (ST)",-0.0690568645418191,0.716034040449164,0.730481194619859,6,"Not significant"
"Unstim / LPS+Nigericin","CALR","P27797","P27797","CALR_HUMAN","Calreticulin","P27797_S53_M2_19","HexNAc (ST)",0.101755001737923,0.717905480585572,0.736487332961507,6,"Not significant"
"Unstim / LPS+Nigericin","CALR","P27797","P27797","CALR_HUMAN","Calreticulin","P27797_S52_M2_19","HexNAc (ST)",0.101755001737923,0.717905480585572,0.736487332961507,6,"Not significant"
"Unstim / LPS+Nigericin","ING1","Q9UK53","Q9UK53","ING1_HUMAN","Inhibitor of growth protein 1","Q9UK53_S236_M2_19","HexNAc (ST)",-0.0654795805076551,0.717951568914415,0.736714835696962,6,"Not significant"
"Unstim / LPS+Nigericin","ING1","Q9UK53","Q9UK53","ING1_HUMAN","Inhibitor of growth protein 1","Q9UK53_S224_M2_19","HexNAc (ST)",-0.0654795805076551,0.717951568914415,0.736714835696962,6,"Not significant"
"Unstim / LPS+Nigericin","DICER1","Q9UPY3","Q9UPY3","DICER_HUMAN","Endoribonuclease Dicer","Q9UPY3_S1016_M1_19","HexNAc (ST)",0.402187810535804,0.719114511343222,0.740542960263572,4,"Not significant"
"Unstim / LPS+Nigericin","PHF2","O75151","O75151","PHF2_HUMAN","Lysine-specific demethylase PHF2","O75151_S929_M2_19","HexNAc (ST)",-0.144402473059256,0.720103799401463,0.743569270318871,6,"Not significant"
"Unstim / LPS+Nigericin","TAGLN2","P37802","P37802","TAGL2_HUMAN","Transgelin-2","P37802_T60_M1_19","HexNAc (ST)",-0.292258033339969,0.720479644344769,0.744889959541616,6,"Not significant"
"Unstim / LPS+Nigericin","GRPEL1","Q9HAV7","Q9HAV7","GRPE1_HUMAN","GrpE protein homolog 1, mitochondrial","Q9HAV7_T74_M1_19","HexNAc (ST)",-0.348963963339987,0.721568586360089,0.748589699153221,6,"Not significant"
"Unstim / LPS+Nigericin","LRRFIP1","Q32MZ4","Q32MZ4","LRRF1_HUMAN","Leucine-rich repeat flightless-interacting protein 1","Q32MZ4_T587_M2_19","HexNAc (ST)",0.815840065478703,0.721604826471585,0.748725553716802,5,"Not significant"
"Unstim / LPS+Nigericin","P4HB","P07237","P07237","PDIA1_HUMAN","Protein disulfide-isomerase","P07237_T413_M1_19","HexNAc (ST)",0.115204903724626,0.722456045524567,0.751849023477631,6,"Not significant"
"Unstim / LPS+Nigericin","NCL","P19338","P19338","NUCL_HUMAN","Nucleolin","P19338_S619_M1_19","HexNAc (ST)",0.410574848644928,0.72289059958244,0.753461776646383,6,"Not significant"
"Unstim / LPS+Nigericin","TUBB4B","P68371","P68371","TBB4B_HUMAN","Tubulin beta-4B chain","P68371_S172_M1_19","HexNAc (ST)",-0.395413093275229,0.723211712257382,0.754475388348535,6,"Not significant"
"Unstim / LPS+Nigericin","ACTR3","P61158","P61158","ARP3_HUMAN","Actin-related protein 3","P61158_T369_M1_19","HexNAc (ST)",-0.244953872875759,0.724799740757077,0.759969907708352,6,"Not significant"
"Unstim / LPS+Nigericin","RBMX","P38159","P38159","RBMX_HUMAN","RNA-binding motif protein, X chromosome","P38159_S58_M2_19","HexNAc (ST)",0.592281136565625,0.725260399907499,0.761636504995994,6,"Not significant"
"Unstim / LPS+Nigericin","RBMX","P38159","P38159","RBMX_HUMAN","RNA-binding motif protein, X chromosome","P38159_T55_M2_19","HexNAc (ST)",0.592281136565625,0.725260399907499,0.761636504995994,6,"Not significant"
"Unstim / LPS+Nigericin","UBE2V1","Q13404","Q13404","UB2V1_HUMAN","Ubiquitin-conjugating enzyme E2 variant 1","Q13404_S66_M1_19","HexNAc (ST)",-0.11280674788519,0.725306505604862,0.761767664870141,6,"Not significant"
"Unstim / LPS+Nigericin","NPM1","P06748","P06748","NPM_HUMAN","Nucleophosmin","P06748_S10_M1_19","HexNAc (ST)",0.345763275332397,0.725447052204572,0.762266159392526,6,"Not significant"
"Unstim / LPS+Nigericin","ALDOC","P09972","P09972","ALDOC_HUMAN","Fructose-bisphosphate aldolase C","P09972_T97_M1_19","HexNAc (ST)",0.493356609073176,0.725771835625305,0.763419607947952,6,"Not significant"
"Unstim / LPS+Nigericin","RHOC","P08134","P08134","RHOC_HUMAN","Rho-related GTP-binding protein RhoC","P08134_T100_M1_19","HexNAc (ST)",0.063139649504807,0.726001320944366,0.764316310205764,6,"Not significant"
"Unstim / LPS+Nigericin","HNRNPU","Q00839","Q00839","HNRPU_HUMAN","Heterogeneous nuclear ribonucleoprotein U","Q00839_T474_M1_19","HexNAc (ST)",0.290999141473234,0.726572111715336,0.766164118365509,6,"Not significant"
"Unstim / LPS+Nigericin","IMP4","Q96G21","Q96G21","IMP4_HUMAN","U3 small nucleolar ribonucleoprotein protein IMP4","Q96G21_T134_M1_19","HexNAc (ST)",0.0838957789757617,0.72676168908211,0.766923532984189,6,"Not significant"
"Unstim / LPS+Nigericin","MATR3","P43243","P43243","MATR3_HUMAN","Matrin-3","P43243_T134_M1_19","HexNAc (ST)",-0.227667062452044,0.727567496174494,0.769469407149612,6,"Not significant"
"Unstim / LPS+Nigericin","MACROH2A1","O75367","O75367","H2AY_HUMAN","Core histone macro-H2A.1","O75367_S260_M1_19","HexNAc (ST)",0.12237463890348,0.72758030146414,0.769535775594302,6,"Not significant"
"Unstim / LPS+Nigericin","LMNA","P02545","P02545","LMNA_HUMAN","Prelamin-A/C","P02545_S143_M1_19","HexNAc (ST)",-0.470560473572802,0.728677299379859,0.773567203392464,6,"Not significant"
"Unstim / LPS+Nigericin","PDIA3","P30101","P30101","PDIA3_HUMAN","Protein disulfide-isomerase A3","P30101_T248_M1_19","HexNAc (ST)",0.112275552333371,0.730839971050036,0.781109852855068,6,"Not significant"
"Unstim / LPS+Nigericin","AK2","P54819","P54819","KAD2_HUMAN","Adenylate kinase 2, mitochondrial","P54819_T89_M1_19","HexNAc (ST)",-0.437099837819182,0.731075643042775,0.782248112106433,6,"Not significant"
"Unstim / LPS+Nigericin","RPS4X","P62701","P62701","RS4X_HUMAN","Small ribosomal subunit protein eS4, X isoform","P62701_T184_M2_19","HexNAc (ST)",0.632620529266261,0.735162133952666,0.796887425199252,4,"Not significant"
"Unstim / LPS+Nigericin","ANXA6","P08133","P08133","ANXA6_HUMAN","Annexin A6","P08133_S121_M1_19","HexNAc (ST)",-0.531368315121709,0.735720021360228,0.798957429333853,6,"Not significant"
"Unstim / LPS+Nigericin","CD38","P28907","P28907","CD38_HUMAN","ADP-ribosyl cyclase/cyclic ADP-ribose hydrolase 1","P28907_T71_M1_19","HexNAc (ST)",-0.199853539664016,0.736456609870849,0.801166802337063,6,"Not significant"
"Unstim / LPS+Nigericin","MYO18A","Q92614","Q92614","MY18A_HUMAN","Unconventional myosin-XVIIIa","Q92614_T1661_M1_19","HexNAc (ST)",0.399134955412857,0.736842904009633,0.802556365229179,6,"Not significant"
"Unstim / LPS+Nigericin","HBB","Cont_P02070","Cont_P02070","HBB_BOVIN","Hemoglobin subunit beta","Cont_P02070_T11_M1_19","HexNAc (ST)",0.550847845926124,0.737224421883992,0.804167795009773,6,"Not significant"
"Unstim / LPS+Nigericin","ACSL1","P33121","P33121","ACSL1_HUMAN","Long-chain-fatty-acid--CoA ligase 1","P33121_S247_M2_19","HexNAc (ST)",-0.508012212838227,0.737268547116914,0.804296702525201,6,"Not significant"
"Unstim / LPS+Nigericin","ACSL1","P33121","P33121","ACSL1_HUMAN","Long-chain-fatty-acid--CoA ligase 1","P33121_T246_M2_19","HexNAc (ST)",-0.508012212838227,0.737268547116914,0.804296702525201,6,"Not significant"
"Unstim / LPS+Nigericin","CAPG","P40121","P40121","CAPG_HUMAN","Macrophage-capping protein","P40121_T212_M1_19","HexNAc (ST)",0.284617554727964,0.739139671292976,0.811022075995015,6,"Not significant"
"Unstim / LPS+Nigericin","HLA-A","P04439","P04439","HLAA_HUMAN","HLA class I histocompatibility antigen, A alpha chain","P04439_S275_M1_19","HexNAc (ST)",0.0803581369372953,0.739557535164339,0.812526587367173,6,"Not significant"
"Unstim / LPS+Nigericin","AHNAK","Q09666","Q09666","AHNK_HUMAN","Neuroblast differentiation-associated protein AHNAK","Q09666_S758_M1_19","HexNAc (ST)",-0.153274043393852,0.739691479788253,0.813002404495219,6,"Not significant"
"Unstim / LPS+Nigericin","CAP1","Q01518","Q01518","CAP1_HUMAN","Adenylyl cyclase-associated protein 1","Q01518_S394_M1_19","HexNAc (ST)",-0.289562648488129,0.741427608041545,0.819635107815291,6,"Not significant"
"Unstim / LPS+Nigericin","ATP6V1E1","P36543","P36543","VATE1_HUMAN","V-type proton ATPase subunit E 1","P36543_S73_M1_19","HexNAc (ST)",0.107550756830781,0.742940453052259,0.825022030564523,6,"Not significant"
"Unstim / LPS+Nigericin","GLRX5","Q86SX6","Q86SX6","GLRX5_HUMAN","Glutaredoxin-related protein 5, mitochondrial","Q86SX6_S70_M2_19","HexNAc (ST)",0.0668740609271416,0.743801451980138,0.828289382920941,6,"Not significant"
"Unstim / LPS+Nigericin","HSPD1","P10809","P10809","CH60_HUMAN","60 kDa heat shock protein, mitochondrial","P10809_T206_M2_19","HexNAc (ST)",0.332826266659229,0.74394451691282,0.828939698678614,6,"Not significant"
"Unstim / LPS+Nigericin","HSPD1","P10809","P10809","CH60_HUMAN","60 kDa heat shock protein, mitochondrial","P10809_T200_M2_19","HexNAc (ST)",0.332826266659229,0.74394451691282,0.828939698678614,6,"Not significant"
"Unstim / LPS+Nigericin","TMED10","P49755","P49755","TMEDA_HUMAN","Transmembrane emp24 domain-containing protein 10","P49755_T114_M1_19","HexNAc (ST)",0.247213357956206,0.744547373079134,0.831172642520859,6,"Not significant"
"Unstim / LPS+Nigericin","SSB","P05455","P05455","LA_HUMAN","Lupus La protein","P05455_T302_M1_19","HexNAc (ST)",-0.309628053790175,0.744677071796286,0.831632887344966,6,"Not significant"
"Unstim / LPS+Nigericin","LARP4","Q71RC2","Q71RC2","LARP4_HUMAN","La-related protein 4","Q71RC2_T168_M2_19","HexNAc (ST)",-0.218576129759204,0.745317633322166,0.834106365344087,6,"Not significant"
"Unstim / LPS+Nigericin","LARP4","Q71RC2","Q71RC2","LARP4_HUMAN","La-related protein 4","Q71RC2_T167_M2_19","HexNAc (ST)",-0.218576129759204,0.745317633322166,0.834106365344087,6,"Not significant"
"Unstim / LPS+Nigericin","KPNA1","P52294","P52294","IMA5_HUMAN","Importin subunit alpha-5","P52294_S353_M2_19","HexNAc (ST)",0.183749692090957,0.746890599531261,0.840364477449807,4,"Not significant"
"Unstim / LPS+Nigericin","UBA1","P22314","P22314","UBA1_HUMAN","Ubiquitin-like modifier-activating enzyme 1","P22314_S803_M2_19","HexNAc (ST)",0.320860447519521,0.748293521488404,0.845566178317396,4,"Not significant"
"Unstim / LPS+Nigericin","UBA1","P22314","P22314","UBA1_HUMAN","Ubiquitin-like modifier-activating enzyme 1","P22314_T800_M2_19","HexNAc (ST)",0.320860447519521,0.748293521488404,0.84556621613347,4,"Not significant"
"Unstim / LPS+Nigericin","HSP90B1","P14625","P14625","ENPL_HUMAN","Endoplasmin","P14625_S607_M1_19","HexNAc (ST)",-0.425958599753343,0.748882824665776,0.847746748413316,6,"Not significant"
"Unstim / LPS+Nigericin","UQCRC1","P31930","P31930","QCR1_HUMAN","Cytochrome b-c1 complex subunit 1, mitochondrial","P31930_S446_M1_19","HexNAc (ST)",0.202117018420406,0.749220360492968,0.849080291483673,6,"Not significant"
"Unstim / LPS+Nigericin","ATP5PD","O75947","O75947","ATP5H_HUMAN","ATP synthase subunit d, mitochondrial","O75947_T10_M1_19","HexNAc (ST)",-0.414302631851089,0.749579335691459,0.850323423301152,6,"Not significant"
"Unstim / LPS+Nigericin","STK10","O94804","O94804","STK10_HUMAN","Serine/threonine-protein kinase 10","O94804_T58_M1_19","HexNAc (ST)",0.0795469095347896,0.751340876507873,0.857143694815525,6,"Not significant"
"Unstim / LPS+Nigericin","LONP1","P36776","P36776","LONM_HUMAN","Lon protease homolog, mitochondrial","P36776_T582_M1_19","HexNAc (ST)",-0.0949378860356468,0.752684293016843,0.862408160374001,6,"Not significant"
"Unstim / LPS+Nigericin","SIPA1L3","O60292","O60292","SI1L3_HUMAN","Signal-induced proliferation-associated 1-like protein 3","O60292_T850_M2_19","HexNAc (ST)",0.261758000449224,0.752793444503244,0.86286116123664,6,"Not significant"
"Unstim / LPS+Nigericin","PECAM1","P16284","P16284","PECA1_HUMAN","Platelet endothelial cell adhesion molecule","P16284_T533_M1_19","HexNAc (ST)",-0.0523276250882695,0.753288083571188,0.864834266699051,6,"Not significant"
"Unstim / LPS+Nigericin","HNRNPU","Q00839","Q00839","HNRPU_HUMAN","Heterogeneous nuclear ribonucleoprotein U","Q00839_S585_M1_19","HexNAc (ST)",0.195657115179475,0.753443682589849,0.865386538279952,6,"Not significant"
"Unstim / LPS+Nigericin","PPP3R1","P63098","P63098","CANB1_HUMAN","Calcineurin subunit B type 1","P63098_S45_M1_19","HexNAc (ST)",0.0621406643343159,0.753990189574479,0.867580559298682,5,"Not significant"
"Unstim / LPS+Nigericin","HSPD1","P10809","P10809","CH60_HUMAN","60 kDa heat shock protein, mitochondrial","P10809_T54_M1_19","HexNAc (ST)",0.0904532081391507,0.75408035893192,0.867950322457593,6,"Not significant"
"Unstim / LPS+Nigericin","TJP2","Q9UDY2","Q9UDY2","ZO2_HUMAN","Tight junction protein ZO-2","Q9UDY2_T757_M1_19","HexNAc (ST)",-0.0209587657948553,0.764697276504725,0.91009766158635,6,"Not significant"
"Unstim / LPS+Nigericin","RPL26","P61254","P61254","RL26_HUMAN","Large ribosomal subunit protein uL24","P61254_S46_M1_19","HexNAc (ST)",-0.186792818548077,0.765059481434855,0.911460405412478,6,"Not significant"
"Unstim / LPS+Nigericin","EIF4G2","P78344","P78344","IF4G2_HUMAN","Eukaryotic translation initiation factor 4 gamma 2","P78344_S272_M1_19","HexNAc (ST)",-0.0982467161106541,0.765764901852558,0.914366919473271,6,"Not significant"
"Unstim / LPS+Nigericin","AHNAK","Q09666","Q09666","AHNK_HUMAN","Neuroblast differentiation-associated protein AHNAK","Q09666_T1472_M1_19","HexNAc (ST)",-0.138179158110128,0.766119692380438,0.915889331674397,6,"Not significant"
"Unstim / LPS+Nigericin","HAX1","O00165","O00165","HAX1_HUMAN","HCLS1-associated protein X-1","O00165_S2_M1_19","HexNAc (ST)",-0.0415567705405633,0.767591511028343,0.921635436366442,6,"Not significant"
"Unstim / LPS+Nigericin","TMSB10","P63313","P63313","TYB10_HUMAN","Thymosin beta-10","P63313_T28_M1_19","HexNAc (ST)",-0.0450213160911843,0.767988551801347,0.923541722244814,6,"Not significant"
"Unstim / LPS+Nigericin","GDI2","P50395","P50395","GDIB_HUMAN","Rab GDP dissociation inhibitor beta","P50395_T185_M1_19","HexNAc (ST)",-0.131399716985769,0.771394951404836,0.938344051402392,6,"Not significant"
"Unstim / LPS+Nigericin","CMPK1","P30085","P30085","KCY_HUMAN","UMP-CMP kinase","P30085_S180_M1_19","HexNAc (ST)",-0.100382366497743,0.772802040981487,0.943883810938111,4,"Not significant"
"Unstim / LPS+Nigericin","ENO1","P06733","P06733","ENOA_HUMAN","Alpha-enolase","P06733_T229_M1_19","HexNAc (ST)",-0.0749395217923716,0.772957700071367,0.944587492563737,6,"Not significant"
"Unstim / LPS+Nigericin","ITGB1","P05556","P05556","ITB1_HUMAN","Integrin beta-1","P05556_T112_M1_19","HexNAc (ST)",-0.0705046861990842,0.773638668797689,0.947735416769732,6,"Not significant"
"Unstim / LPS+Nigericin","P4HB","P07237","P07237","PDIA1_HUMAN","Protein disulfide-isomerase","P07237_S357_M1_19","HexNAc (ST)",-0.0319478149166936,0.77375036981338,0.948123155596567,6,"Not significant"
"Unstim / LPS+Nigericin","PTGES3","Q15185","Q15185","TEBP_HUMAN","Prostaglandin E synthase 3","Q15185_S64_M1_19","HexNAc (ST)",-0.113008262445461,0.773795813768978,0.948289613054878,6,"Not significant"
"Unstim / LPS+Nigericin","ENO1","P06733","P06733","ENOA_HUMAN","Alpha-enolase","P06733_T205_M1_19","HexNAc (ST)",-0.0516921226334933,0.77383179133267,0.948452371958201,6,"Not significant"
"Unstim / LPS+Nigericin","QKI","Q96PU8","Q96PU8","QKI_HUMAN","KH domain-containing RNA-binding protein QKI","Q96PU8_T203_M1_19","HexNAc (ST)",-0.132933197290913,0.774207125287026,0.950230118300566,6,"Not significant"
"Unstim / LPS+Nigericin","HNRNPR","O43390","O43390","HNRPR_HUMAN","Heterogeneous nuclear ribonucleoprotein R","O43390_T270_M1_19","HexNAc (ST)",0.0969824798502953,0.775481940597921,0.955199235445356,5,"Not significant"
"Unstim / LPS+Nigericin","AHNAK","Q09666","Q09666","AHNK_HUMAN","Neuroblast differentiation-associated protein AHNAK","Q09666_S5214_M1_19","HexNAc (ST)",-0.0776052694579285,0.77581295834805,0.956831369977893,6,"Not significant"
"Unstim / LPS+Nigericin","CCDC9","Q9Y3X0","Q9Y3X0","CCDC9_HUMAN","Coiled-coil domain-containing protein 9","Q9Y3X0_S115_M1_19","HexNAc (ST)",0.0991008944032271,0.775813818620742,0.956849202248692,4,"Not significant"
"Unstim / LPS+Nigericin","TKT","P29401","P29401","TKT_HUMAN","Transketolase","P29401_S280_M1_19","HexNAc (ST)",-0.034966411505201,0.775828312172467,0.956913133245541,5,"Not significant"
"Unstim / LPS+Nigericin","LMNB1","P20700","P20700","LMNB1_HUMAN","Lamin-B1","P20700_T151_M1_19","HexNAc (ST)",0.0155417068347999,0.776298423066373,0.958993699836123,6,"Not significant"
"Unstim / LPS+Nigericin","HSPA5","P11021","P11021","BIP_HUMAN","Endoplasmic reticulum chaperone BiP","P11021_T137_M1_19","HexNAc (ST)",-0.0312392885454839,0.776733029427439,0.961234372024289,6,"Not significant"
"Unstim / LPS+Nigericin","PRSS1","P07477","P07477","TRY1_HUMAN","Serine protease 1","P07477_T103_M1_19","HexNAc (ST)",0.0186182625276421,0.776901445780516,0.962140130952411,6,"Not significant"
"Unstim / LPS+Nigericin","P4HB","P07237","P07237","PDIA1_HUMAN","Protein disulfide-isomerase","P07237_T221_M1_19","HexNAc (ST)",-0.0400926442790394,0.779114678129065,0.971437195579959,6,"Not significant"
"Unstim / LPS+Nigericin","FTL","P02792","P02792","FRIL_HUMAN","Ferritin light chain","P02792_T150_M1_19","HexNAc (ST)",0.0250016626580966,0.780307744522705,0.976505796178575,6,"Not significant"
"Unstim / LPS+Nigericin","POFUT2","Q9Y2G5","Q9Y2G5","OFUT2_HUMAN","GDP-fucose protein O-fucosyltransferase 2","Q9Y2G5_S282_M1_19","HexNAc (ST)",-0.00567474691746085,0.782577354630109,0.986132648823642,6,"Not significant"
"Unstim / LPS+Nigericin","PDIA6","Q15084","Q15084","PDIA6_HUMAN","Protein disulfide-isomerase A6","Q15084_S230_M1_19","HexNAc (ST)",-0.00236430941542401,0.784491727255548,0.995140051921934,5,"Not significant"
