"Comparison (group1/group2)","Genes","UniProtIds","ProteinGroups","ProteinNames","ProteinDescriptions","Group","PTM.ModificationTitle","AVG Log2 Ratio","Qvalue","Pvalue","# of Ratios","Significance"
"Unstim / LPS+Nigericin","ZFC3H1","O60293","O60293","ZC3H1_HUMAN","Zinc finger C3H1 domain-containing protein","O60293_K687_M1_17","GlyGly (K)",2.65825593159738,0.396367326570551,0.00152099902507914,6,"Not significant"
"Unstim / LPS+Nigericin","HSPD1","P10809","P10809","CH60_HUMAN","60 kDa heat shock protein, mitochondrial","P10809_K387_M1_17","GlyGly (K)",0.640751703697982,0.401675432175699,0.00198795940939837,6,"Not significant"
"Unstim / LPS+Nigericin","AIDA","Q96BJ3","Q96BJ3","AIDA_HUMAN","Axin interactor, dorsalization-associated protein","Q96BJ3_K106_M1_17","GlyGly (K)",8.04896216200723,0.483001730065489,0.021188186529417,6,"Not significant"
"Unstim / LPS+Nigericin","DOCK8","Q8NF50","Q8NF50","DOCK8_HUMAN","Dedicator of cytokinesis protein 8","Q8NF50_K224_M1_17","GlyGly (K)",1.52816423555516,0.490059931053846,0.0242750438986593,6,"Not significant"
"Unstim / LPS+Nigericin","GAPDH","P04406","P04406","G3P_HUMAN","Glyceraldehyde-3-phosphate dehydrogenase","P04406_K66_M1_17","GlyGly (K)",1.20796882049262,0.495316681299824,0.0269215784541757,6,"Not significant"
"Unstim / LPS+Nigericin","EEF1A1","Cont_P68103;P68104","Cont_P68103;P68104","EF1A1_BOVIN;EF1A1_HUMAN","Elongation factor 1-alpha 1","Cont_P68103_K408_M1_17","GlyGly (K)",1.36837738719936,0.49710287865856,0.0287247588574959,6,"Not significant"
"Unstim / LPS+Nigericin","EEF1A1","Cont_P68103;P68104","Cont_P68103;P68104","EF1A1_BOVIN;EF1A1_HUMAN","Elongation factor 1-alpha 1","P68104_K408_M1_17","GlyGly (K)",1.36837738719936,0.49710287865856,0.0287247588574959,6,"Not significant"
"Unstim / LPS+Nigericin","NANS","Q9NR45","Q9NR45","SIAS_HUMAN","Sialic acid synthase","Q9NR45_K246_M2_17","GlyGly (K)",0.721657244520459,0.501542752725432,0.0309688581568162,4,"Not significant"
"Unstim / LPS+Nigericin","CNPY4","Q8N129","Q8N129","CNPY4_HUMAN","Protein canopy homolog 4","Q8N129_K42_M2_17","GlyGly (K)",0.721657254373284,0.501542752725432,0.030968853228797,4,"Not significant"
"Unstim / LPS+Nigericin","RAB12","Q6IQ22","Q6IQ22","RAB12_HUMAN","Ras-related protein Rab-12","Q6IQ22_K127_M1_17","GlyGly (K)",-1.57271417217333,0.509118744684894,0.0358182790155176,6,"Not significant"
"Unstim / LPS+Nigericin","HNRNPA2B1","P22626","P22626","ROA2_HUMAN","Heterogeneous nuclear ribonucleoproteins A2/B1","P22626_K168_M1_17","GlyGly (K)",0.66594309279462,0.509184426366961,0.0359691112549602,6,"Not significant"
"Unstim / LPS+Nigericin","AHNAK","Q09666","Q09666","AHNK_HUMAN","Neuroblast differentiation-associated protein AHNAK","Q09666_K2578_M1_17","GlyGly (K)",0.753917715213647,0.511123964737595,0.037343722152699,6,"Not significant"
"Unstim / LPS+Nigericin","AHNAK","Q09666","Q09666","AHNK_HUMAN","Neuroblast differentiation-associated protein AHNAK","Q09666_K4000_M1_17","GlyGly (K)",0.753917715213647,0.511123964737595,0.037343722152699,6,"Not significant"
"Unstim / LPS+Nigericin","AHNAK","Q09666","Q09666","AHNK_HUMAN","Neuroblast differentiation-associated protein AHNAK","Q09666_K4256_M1_17","GlyGly (K)",0.753917715213647,0.511123964737595,0.037343722152699,6,"Not significant"
"Unstim / LPS+Nigericin","AHNAK","Q09666","Q09666","AHNK_HUMAN","Neuroblast differentiation-associated protein AHNAK","Q09666_K4458_M1_17","GlyGly (K)",0.753917715213647,0.511123964737595,0.037343722152699,6,"Not significant"
"Unstim / LPS+Nigericin","WDR5","P61964","P61964","WDR5_HUMAN","WD repeat-containing protein 5","P61964_K165_M1_17","GlyGly (K)",0.818276786612747,0.511399666677602,0.0374859484947706,6,"Not significant"
"Unstim / LPS+Nigericin","PKM","P14618","P14618","KPYM_HUMAN","Pyruvate kinase PKM","P14618_K151_M1_17","GlyGly (K)",1.9970132908168,0.512791410622692,0.0388885297246169,6,"Not significant"
"Unstim / LPS+Nigericin","HSPA1L","P34931","P34931","HS71L_HUMAN","Heat shock 70 kDa protein 1-like","P34931_K130_M1_17","GlyGly (K)",-2.99804599311779,0.523417091734185,0.0469586545238603,6,"Not significant"
"Unstim / LPS+Nigericin","AARS1","P49588","P49588","SYAC_HUMAN","Alanine--tRNA ligase, cytoplasmic","P49588_K898_M1_17","GlyGly (K)",1.13485289197258,0.525063492792278,0.0481175140672429,6,"Not significant"
"Unstim / LPS+Nigericin","TUBB6","Q9BUF5","Q9BUF5","TBB6_HUMAN","Tubulin beta-6 chain","Q9BUF5_K122_M1_17","GlyGly (K)",-0.429910526982031,0.526040091397057,0.0495062991389119,6,"Not significant"
"Unstim / LPS+Nigericin","RPL38","P63173","P63173","RL38_HUMAN","Large ribosomal subunit protein eL38","P63173_K9_M1_17","GlyGly (K)",0.489539631731945,0.52671039042448,0.0499754796255754,6,"Not significant"
"Unstim / LPS+Nigericin","JUNB","P17275","P17275","JUNB_HUMAN","Transcription factor JunB","P17275_K304_M1_17","GlyGly (K)",1.01828873668222,0.530510411764613,0.0532350356579007,6,"Not significant"
"Unstim / LPS+Nigericin","ELOC","Q15369","Q15369","ELOC_HUMAN","Elongin-C","Q15369_K72_M1_17","GlyGly (K)",1.05595867193927,0.530730034000939,0.053455808307605,6,"Not significant"
"Unstim / LPS+Nigericin","SUMF1","Q8NBK3","Q8NBK3","SUMF1_HUMAN","Formylglycine-generating enzyme","Q8NBK3_K90_M1_17","GlyGly (K)",6.55182621529014,0.531237133253097,0.0543121605065317,6,"Not significant"
"Unstim / LPS+Nigericin","RPL10L","Q96L21","Q96L21","RL10L_HUMAN","Ribosomal protein uL16-like","Q96L21_K187_M1_17","GlyGly (K)",1.91810240097856,0.534649273452102,0.0585431852095372,6,"Not significant"
"Unstim / LPS+Nigericin","RAVER1","Q8IY67","Q8IY67","RAVR1_HUMAN","Ribonucleoprotein PTB-binding 1","Q8IY67_K434_M1_17","GlyGly (K)",2.00486236000587,0.536837449102309,0.0605134067581623,6,"Not significant"
"Unstim / LPS+Nigericin","HMBS","P08397","P08397","HEM3_HUMAN","Porphobilinogen deaminase","P08397_K157_M1_17","GlyGly (K)",0.976383992276546,0.543110390635457,0.0666840615528574,6,"Not significant"
"Unstim / LPS+Nigericin","PHB1","P35232","P35232","PHB1_HUMAN","Prohibitin 1","P35232_K208_M1_17","GlyGly (K)",-0.864670171958104,0.546203411130175,0.070637837360112,6,"Not significant"
"Unstim / LPS+Nigericin","NCL","P19338","P19338","NUCL_HUMAN","Nucleolin","P19338_K537_M1_17","GlyGly (K)",1.00842959395363,0.546669893172598,0.0713540968426668,6,"Not significant"
"Unstim / LPS+Nigericin","HGS","O14964","O14964","HGS_HUMAN","Hepatocyte growth factor-regulated tyrosine kinase substrate","O14964_K56_M1_17","GlyGly (K)",1.31418812142077,0.552177534364504,0.0778575552623765,6,"Not significant"
"Unstim / LPS+Nigericin","CCT2","P78371","P78371","TCPB_HUMAN","T-complex protein 1 subunit beta","P78371_K120_M1_17","GlyGly (K)",-1.3182533696008,0.552586285958244,0.0783140122484178,6,"Not significant"
"Unstim / LPS+Nigericin","ATP5F1A","P25705","P25705","ATPA_HUMAN","ATP synthase subunit alpha, mitochondrial","P25705_K316_M1_17","GlyGly (K)",1.74111074463668,0.556604607267625,0.0842543858427372,6,"Not significant"
"Unstim / LPS+Nigericin","APEX1","P27695","P27695","APEX1_HUMAN","DNA-(apurinic or apyrimidinic site) endonuclease","P27695_K58_M2_17","GlyGly (K)",1.12049454898607,0.556604607267625,0.0839402081826903,6,"Not significant"
"Unstim / LPS+Nigericin","CNDP2","Q96KP4","Q96KP4","CNDP2_HUMAN","Cytosolic non-specific dipeptidase","Q96KP4_K402_M1_17","GlyGly (K)",0.913041529805046,0.557030822827624,0.0849283465961431,6,"Not significant"
"Unstim / LPS+Nigericin","TOP2B","Q02880","Q02880","TOP2B_HUMAN","DNA topoisomerase 2-beta","Q02880_K104_M1_17","GlyGly (K)",0.558618334776183,0.567221595465526,0.0990244827081337,6,"Not significant"
"Unstim / LPS+Nigericin","RPS6","P62753","P62753","RS6_HUMAN","Small ribosomal subunit protein eS6","P62753_K119_M1_17","GlyGly (K)",0.41460924887167,0.568146565711512,0.100528586203983,6,"Not significant"
"Unstim / LPS+Nigericin","XRCC5","P13010","P13010","XRCC5_HUMAN","X-ray repair cross-complementing protein 5","P13010_K291_M1_17","GlyGly (K)",1.62004987436379,0.57340305507442,0.108174869265369,5,"Not significant"
"Unstim / LPS+Nigericin","AHNAK","Q09666","Q09666","AHNK_HUMAN","Neuroblast differentiation-associated protein AHNAK","Q09666_K3488_M2_17","GlyGly (K)",6.35309756132999,0.575159677439387,0.11117380848562,6,"Not significant"
"Unstim / LPS+Nigericin","AHNAK","Q09666","Q09666","AHNK_HUMAN","Neuroblast differentiation-associated protein AHNAK","Q09666_K3481_M2_17","GlyGly (K)",6.35309756132999,0.575159677439387,0.11117380848562,6,"Not significant"
"Unstim / LPS+Nigericin","PLIN2","Q99541","Q99541","PLIN2_HUMAN","Perilipin-2","Q99541_K153_M2_17","GlyGly (K)",-0.752360128166565,0.576363852017505,0.113360000483383,6,"Not significant"
"Unstim / LPS+Nigericin","PLIN2","Q99541","Q99541","PLIN2_HUMAN","Perilipin-2","Q99541_K151_M2_17","GlyGly (K)",-0.752360128166565,0.576363852017505,0.113360000483383,6,"Not significant"
"Unstim / LPS+Nigericin","ACTR2","P61160","P61160","ARP2_HUMAN","Actin-related protein 2","P61160_K106_M1_17","GlyGly (K)",1.81866318581726,0.577437287705337,0.115037603248969,6,"Not significant"
"Unstim / LPS+Nigericin","GALK1","P51570","P51570","GALK1_HUMAN","Galactokinase","P51570_K252_M1_17","GlyGly (K)",-0.854756963965149,0.580376119136124,0.120146471244555,6,"Not significant"
"Unstim / LPS+Nigericin","CAMK1","Q14012","Q14012","KCC1A_HUMAN","Calcium/calmodulin-dependent protein kinase type 1","Q14012_K304_M1_17","GlyGly (K)",1.20776275534407,0.581933193835369,0.123286146652113,6,"Not significant"
"Unstim / LPS+Nigericin","POTEF","A5A3E0","A5A3E0","POTEF_HUMAN","POTE ankyrin domain family member F","A5A3E0_K813_M1_17","GlyGly (K)",-0.872226073616565,0.582790792806329,0.124855100459093,6,"Not significant"
"Unstim / LPS+Nigericin","DR1","Q01658","Q01658","NC2B_HUMAN","Protein Dr1","Q01658_K103_M1_17","GlyGly (K)",-2.21395497509241,0.582904619344033,0.125188757555955,6,"Not significant"
"Unstim / LPS+Nigericin","PSMC2","P35998","P35998","PRS7_HUMAN","26S proteasome regulatory subunit 7","P35998_K84_M1_17","GlyGly (K)",-0.85439821633941,0.584184323476172,0.127540513895692,6,"Not significant"
"Unstim / LPS+Nigericin","CAMK2D","Q13557","Q13557","KCC2D_HUMAN","Calcium/calmodulin-dependent protein kinase type II subunit delta","Q13557_K22_M1_17","GlyGly (K)",-0.854303564754745,0.585543274818932,0.130011825773994,6,"Not significant"
"Unstim / LPS+Nigericin","ANXA6","P08133","P08133","ANXA6_HUMAN","Annexin A6","P08133_K483_M1_17","GlyGly (K)",-7.13609703767148,0.586046810342357,0.130786364853206,4,"Not significant"
"Unstim / LPS+Nigericin","NSF","P46459","P46459","NSF_HUMAN","Vesicle-fusing ATPase","P46459_K283_M1_17","GlyGly (K)",0.753675341867516,0.587319677184914,0.133199282422391,6,"Not significant"
"Unstim / LPS+Nigericin","UBR7","Q8N806","Q8N806","UBR7_HUMAN","Putative E3 ubiquitin-protein ligase UBR7","Q8N806_K384_M1_17","GlyGly (K)",4.58633748385544,0.587535081903964,0.133552095865431,4,"Not significant"
"Unstim / LPS+Nigericin","TPD52L2","O43399","O43399","TPD54_HUMAN","Tumor protein D54","O43399_K15_M1_17","GlyGly (K)",-7.36617586151875,0.587930278382012,0.134529612620944,6,"Not significant"
"Unstim / LPS+Nigericin","HSP90AA1","P07900","P07900","HS90A_HUMAN","Heat shock protein HSP 90-alpha","P07900_K436_M2_17","GlyGly (K)",0.617641478552152,0.590544821666071,0.140075798219231,6,"Not significant"
"Unstim / LPS+Nigericin","HSP90AA1","P07900","P07900","HS90A_HUMAN","Heat shock protein HSP 90-alpha","P07900_K435_M2_17","GlyGly (K)",0.617641478552152,0.590544821666071,0.140075798219231,6,"Not significant"
"Unstim / LPS+Nigericin","ERLIN2","O94905","O94905","ERLN2_HUMAN","Erlin-2","O94905_K273_M2_17","GlyGly (K)",-9.08646040009355,0.590595253468291,0.140143485869696,4,"Not significant"
"Unstim / LPS+Nigericin","PHGDH","O43175","O43175","SERA_HUMAN","D-3-phosphoglycerate dehydrogenase","O43175_K58_M1_17","GlyGly (K)",0.397973423019064,0.591861653223393,0.142383925566066,6,"Not significant"
"Unstim / LPS+Nigericin","ITGB1","P05556","P05556","ITB1_HUMAN","Integrin beta-1","P05556_K163_M1_17","GlyGly (K)",-0.853877083254046,0.592808205943789,0.144057621299761,6,"Not significant"
"Unstim / LPS+Nigericin","FCER1G","P30273","P30273","FCERG_HUMAN","High affinity immunoglobulin epsilon receptor subunit gamma","P30273_K52_M2_17","GlyGly (K)",1.66271791042216,0.596230389415105,0.150847550396545,6,"Not significant"
"Unstim / LPS+Nigericin","CALR","P27797","P27797","CALR_HUMAN","Calreticulin","P27797_K164_M1_17","GlyGly (K)",-0.735978887136638,0.597674193888257,0.15405860589291,6,"Not significant"
"Unstim / LPS+Nigericin","KHDRBS1","Q07666","Q07666","KHDR1_HUMAN","KH domain-containing, RNA-binding, signal transduction-associated protein 1","Q07666_K96_M1_17","GlyGly (K)",0.610433209971485,0.598005007616159,0.154493277033285,6,"Not significant"
"Unstim / LPS+Nigericin","PA2G4","Q9UQ80","Q9UQ80","PA2G4_HUMAN","Proliferation-associated protein 2G4","Q9UQ80_K158_M2_17","GlyGly (K)",0.768667196326319,0.598768135162746,0.15594618559204,5,"Not significant"
"Unstim / LPS+Nigericin","AHNAK","Q09666","Q09666","AHNK_HUMAN","Neuroblast differentiation-associated protein AHNAK","Q09666_K4559_M2_17","GlyGly (K)",0.930149726502164,0.601033547967527,0.159636974951221,6,"Not significant"
"Unstim / LPS+Nigericin","AHNAK","Q09666","Q09666","AHNK_HUMAN","Neuroblast differentiation-associated protein AHNAK","Q09666_K4556_M2_17","GlyGly (K)",0.930149726502164,0.601033547967527,0.159636974951221,6,"Not significant"
"Unstim / LPS+Nigericin","ALDOA","P04075","P04075","ALDOA_HUMAN","Fructose-bisphosphate aldolase A","P04075_K289_M1_17","GlyGly (K)",-1.82232875263684,0.603056627646678,0.163904330429462,6,"Not significant"
"Unstim / LPS+Nigericin","AHSG","Cont_P12763","Cont_P12763","FETUA_BOVIN","Alpha-2-HS-glycoprotein","Cont_P12763_K333_M1_17","GlyGly (K)",-7.80987372418424,0.603121480649919,0.190480292061155,6,"Not significant"
"Unstim / LPS+Nigericin","MYO1F","O00160","O00160","MYO1F_HUMAN","Unconventional myosin-If","O00160_K141_M1_17","GlyGly (K)",-2.32368486390156,0.603121480649919,0.169270867867024,6,"Not significant"
"Unstim / LPS+Nigericin","SRPRA","P08240","P08240","SRPRA_HUMAN","Signal recognition particle receptor subunit alpha","P08240_K206_M1_17","GlyGly (K)",4.64849142075279,0.603121480649919,0.193053921028368,6,"Not significant"
"Unstim / LPS+Nigericin","HSPA1A;HSPA1B","P0DMV8;P0DMV9","P0DMV8;P0DMV9","HS71A_HUMAN;HS71B_HUMAN","Heat shock 70 kDa protein 1A;Heat shock 70 kDa protein 1B","P0DMV8_K25_M1_17","GlyGly (K)",-1.64555090436864,0.603121480649919,0.188720413446682,6,"Not significant"
"Unstim / LPS+Nigericin","HSPA1A;HSPA1B","P0DMV8;P0DMV9","P0DMV8;P0DMV9","HS71A_HUMAN;HS71B_HUMAN","Heat shock 70 kDa protein 1A;Heat shock 70 kDa protein 1B","P0DMV9_K25_M1_17","GlyGly (K)",-1.64555090436864,0.603121480649919,0.188720413446682,6,"Not significant"
"Unstim / LPS+Nigericin","HSPA5","P11021","P11021","BIP_HUMAN","Endoplasmic reticulum chaperone BiP","P11021_K573_M1_17","GlyGly (K)",-1.01404976498925,0.603121480649919,0.174093468679313,6,"Not significant"
"Unstim / LPS+Nigericin","RNH1","P13489","P13489","RINI_HUMAN","Ribonuclease inhibitor","P13489_K287_M1_17","GlyGly (K)",0.864013551698274,0.603121480649919,0.168712447098137,6,"Not significant"
"Unstim / LPS+Nigericin","H1-5","P16401","P16401","H15_HUMAN","Histone H1.5","P16401_K37_M1_17","GlyGly (K)",9.83390790200562,0.603121480649919,0.184966191605254,6,"Not significant"
"Unstim / LPS+Nigericin","HNRNPA2B1","P22626","P22626","ROA2_HUMAN","Heterogeneous nuclear ribonucleoproteins A2/B1","P22626_K173_M1_17","GlyGly (K)",9.35421230462107,0.603121480649919,0.184834549715193,6,"Not significant"
"Unstim / LPS+Nigericin","STIP1","P31948","P31948","STIP1_HUMAN","Stress-induced-phosphoprotein 1","P31948_K415_M1_17","GlyGly (K)",0.89407340275679,0.603121480649919,0.183075980421734,6,"Not significant"
"Unstim / LPS+Nigericin","HSPA9","P38646","P38646","GRP75_HUMAN","Stress-70 protein, mitochondrial","P38646_K288_M1_17","GlyGly (K)",-9.72108978600428,0.603121480649919,0.184440064220354,6,"Not significant"
"Unstim / LPS+Nigericin","CAPZB","P47756","P47756","CAPZB_HUMAN","F-actin-capping protein subunit beta","P47756_K168_M1_17","GlyGly (K)",-4.6419238610753,0.603121480649919,0.183912971323364,6,"Not significant"
"Unstim / LPS+Nigericin","VASP","P50552","P50552","VASP_HUMAN","Vasodilator-stimulated phosphoprotein","P50552_K240_M1_17","GlyGly (K)",-5.06671022787713,0.603121480649919,0.182097435333293,6,"Not significant"
"Unstim / LPS+Nigericin","HSPA2","P54652","P54652","HSP72_HUMAN","Heat shock-related 70 kDa protein 2","P54652_K461_M1_17","GlyGly (K)",-0.972549644140739,0.603121480649919,0.195148938890536,6,"Not significant"
"Unstim / LPS+Nigericin","AK2","P54819","P54819","KAD2_HUMAN","Adenylate kinase 2, mitochondrial","P54819_K164_M1_17","GlyGly (K)",7.1590221718303,0.603121480649919,0.190453704168095,6,"Not significant"
"Unstim / LPS+Nigericin","TMSB10","P63313","P63313","TYB10_HUMAN","Thymosin beta-10","P63313_K32_M1_17","GlyGly (K)",1.53961634342319,0.603121480649919,0.177883343103933,6,"Not significant"
"Unstim / LPS+Nigericin","AHNAK","Q09666","Q09666","AHNK_HUMAN","Neuroblast differentiation-associated protein AHNAK","Q09666_K171_M1_17","GlyGly (K)",0.392584778272552,0.603121480649919,0.171453002521898,6,"Not significant"
"Unstim / LPS+Nigericin","TUBB3","Q13509","Q13509","TBB3_HUMAN","Tubulin beta-3 chain","Q13509_K103_M1_17","GlyGly (K)",-0.560634195211734,0.603121480649919,0.175150164050562,6,"Not significant"
"Unstim / LPS+Nigericin","PTGES3","Q15185","Q15185","TEBP_HUMAN","Prostaglandin E synthase 3","Q15185_K67_M2_17","GlyGly (K)",0.766081305161786,0.603121480649919,0.189612059824166,6,"Not significant"
"Unstim / LPS+Nigericin","PTGES3","Q15185","Q15185","TEBP_HUMAN","Prostaglandin E synthase 3","Q15185_K65_M2_17","GlyGly (K)",0.766081305161786,0.603121480649919,0.189612059824166,6,"Not significant"
"Unstim / LPS+Nigericin","GRPEL1","Q9HAV7","Q9HAV7","GRPE1_HUMAN","GrpE protein homolog 1, mitochondrial","Q9HAV7_K153_M1_17","GlyGly (K)",-1.13372627586137,0.603121480649919,0.166967703516664,6,"Not significant"
"Unstim / LPS+Nigericin","HYOU1","Q9Y4L1","Q9Y4L1","HYOU1_HUMAN","Hypoxia up-regulated protein 1","Q9Y4L1_K463_M1_17","GlyGly (K)",3.83556910498103,0.603121480649919,0.178173452649252,6,"Not significant"
"Unstim / LPS+Nigericin","AK2","P54819","P54819","KAD2_HUMAN","Adenylate kinase 2, mitochondrial","P54819_K65_M2_17","GlyGly (K)",-0.563592853121822,0.603121480649919,0.174385110330092,6,"Not significant"
"Unstim / LPS+Nigericin","ACTC1","P68032","P68032","ACTC_HUMAN","Actin, alpha cardiac muscle 1","P68032_K217_M1_17","GlyGly (K)",1.72556414010395,0.603121480649919,0.178711868587895,4,"Not significant"
"Unstim / LPS+Nigericin","AHNAK","Q09666","Q09666","AHNK_HUMAN","Neuroblast differentiation-associated protein AHNAK","Q09666_K4687_M2_17","GlyGly (K)",1.22571280190881,0.603121480649919,0.183226244762458,5,"Not significant"
"Unstim / LPS+Nigericin","YWHAQ","P27348","P27348","1433T_HUMAN","14-3-3 protein theta","P27348_K103_M1_17","GlyGly (K)",-4.2048623152164,0.603202993881853,0.199792442085988,6,"Not significant"
"Unstim / LPS+Nigericin","HNRNPM","P52272","P52272","HNRPM_HUMAN","Heterogeneous nuclear ribonucleoprotein M","P52272_K221_M2_17","GlyGly (K)",0.842800246627434,0.603202993881853,0.198623631714289,6,"Not significant"
"Unstim / LPS+Nigericin","HNRNPM","P52272","P52272","HNRPM_HUMAN","Heterogeneous nuclear ribonucleoprotein M","P52272_K219_M2_17","GlyGly (K)",0.842800246627434,0.603202993881853,0.198623631714289,6,"Not significant"
"Unstim / LPS+Nigericin","GLO1","Q04760","Q04760","LGUL_HUMAN","Lactoylglutathione lyase","Q04760_K28_M1_17","GlyGly (K)",-1.61139264631096,0.603202993881853,0.196115591022719,6,"Not significant"
"Unstim / LPS+Nigericin","INPP5D","Q92835","Q92835","SHIP1_HUMAN","Phosphatidylinositol 3,4,5-trisphosphate 5-phosphatase 1","Q92835_K568_M1_17","GlyGly (K)",-7.02673936373992,0.603202993881853,0.195901443629646,6,"Not significant"
"Unstim / LPS+Nigericin","SNRPA1","P09661","P09661","RU2A_HUMAN","U2 small nuclear ribonucleoprotein A'","P09661_K205_M1_17","GlyGly (K)",0.533438709941288,0.603222068131335,0.200132913274927,6,"Not significant"
"Unstim / LPS+Nigericin","AHNAK","Q09666","Q09666","AHNK_HUMAN","Neuroblast differentiation-associated protein AHNAK","Q09666_K4559_M1_17","GlyGly (K)",0.956724470727952,0.603526448284182,0.201214200814157,6,"Not significant"
"Unstim / LPS+Nigericin","HSD17B4","P51659","P51659","DHB4_HUMAN","Peroxisomal multifunctional enzyme type 2","P51659_K614_M1_17","GlyGly (K)",-6.80450394168707,0.604809487604657,0.209415616927882,6,"Not significant"
"Unstim / LPS+Nigericin","SQOR","Q9Y6N5","Q9Y6N5","SQOR_HUMAN","Sulfide:quinone oxidoreductase, mitochondrial","Q9Y6N5_K320_M1_17","GlyGly (K)",-0.907470869240887,0.606187713750295,0.216333139057624,6,"Not significant"
"Unstim / LPS+Nigericin","GPX1","P07203","P07203","GPX1_HUMAN","Glutathione peroxidase 1","P07203_K88_M1_17","GlyGly (K)",-0.56102569383646,0.606884930484384,0.218778356517841,6,"Not significant"
"Unstim / LPS+Nigericin","FCHO2","Q0JRZ9","Q0JRZ9","FCHO2_HUMAN","F-BAR domain only protein 2","Q0JRZ9_K103_M2_17","GlyGly (K)",-4.75135844311298,0.607615222716289,0.222066917512143,6,"Not significant"
"Unstim / LPS+Nigericin","FCHO2","Q0JRZ9","Q0JRZ9","FCHO2_HUMAN","F-BAR domain only protein 2","Q0JRZ9_K99_M2_17","GlyGly (K)",-4.75135844311298,0.607615222716289,0.222066917512143,6,"Not significant"
"Unstim / LPS+Nigericin","GAA","P10253","P10253","LYAG_HUMAN","Lysosomal alpha-glucosidase","P10253_K849_M1_17","GlyGly (K)",-1.38133611278605,0.607641287098091,0.222196805095326,6,"Not significant"
"Unstim / LPS+Nigericin","TARDBP","Q13148","Q13148","TADBP_HUMAN","TAR DNA-binding protein 43","Q13148_K79_M1_17","GlyGly (K)",-4.92745509562001,0.607749741167404,0.222620341093022,6,"Not significant"
"Unstim / LPS+Nigericin","OSTF1","Q92882","Q92882","OSTF1_HUMAN","Osteoclast-stimulating factor 1","Q92882_K190_M1_17","GlyGly (K)",2.80357377464466,0.607848134158316,0.223164678170014,6,"Not significant"
"Unstim / LPS+Nigericin","RNH1","P13489","P13489","RINI_HUMAN","Ribonuclease inhibitor","P13489_K86_M1_17","GlyGly (K)",0.843646720038855,0.608066447114884,0.223827176508805,6,"Not significant"
"Unstim / LPS+Nigericin","UBE2N","P61088","P61088","UBE2N_HUMAN","Ubiquitin-conjugating enzyme E2 N","P61088_K10_M1_17","GlyGly (K)",0.826177671779046,0.608700047498767,0.225580192192773,6,"Not significant"
"Unstim / LPS+Nigericin","ECH1","Q13011","Q13011","ECH1_HUMAN","Delta(3,5)-Delta(2,4)-dienoyl-CoA isomerase, mitochondrial","Q13011_K161_M1_17","GlyGly (K)",-1.87203603283231,0.608790968161577,0.226179213142807,6,"Not significant"
"Unstim / LPS+Nigericin","BLMH","Q13867","Q13867","BLMH_HUMAN","Bleomycin hydrolase","Q13867_K244_M1_17","GlyGly (K)",0.727361141829342,0.608933906592703,0.22669854080085,6,"Not significant"
"Unstim / LPS+Nigericin","ATXN2L","Q8WWM7","Q8WWM7","ATX2L_HUMAN","Ataxin-2-like protein","Q8WWM7_K186_M1_17","GlyGly (K)",2.87168366379846,0.608993596302432,0.227040032347448,6,"Not significant"
"Unstim / LPS+Nigericin","FECH","P22830","P22830","HEMH_HUMAN","Ferrochelatase, mitochondrial","P22830_K57_M1_17","GlyGly (K)",2.73076235299244,0.609404751342605,0.228266507714318,6,"Not significant"
"Unstim / LPS+Nigericin","ATP5F1B","P06576","P06576","ATPB_HUMAN","ATP synthase subunit beta, mitochondrial","P06576_K432_M1_17","GlyGly (K)",1.21016096343169,0.610534551932632,0.232863464809758,6,"Not significant"
"Unstim / LPS+Nigericin","ALB","Cont_P02769","Cont_P02769","ALBU_BOVIN","Albumin","Cont_P02769_K587_M1_17","GlyGly (K)",-1.57879943434965,0.611151789420131,0.23460801098136,4,"Not significant"
"Unstim / LPS+Nigericin","F5","Cont_Q28107","Cont_Q28107","FA5_BOVIN","Coagulation factor V","Cont_Q28107_K564_M1_17","GlyGly (K)",1.38580177530072,0.611629495096152,0.23646875894365,6,"Not significant"
"Unstim / LPS+Nigericin","CNBP","P62633","P62633","CNBP_HUMAN","CCHC-type zinc finger nucleic acid binding protein","P62633_K103_M1_17","GlyGly (K)",3.57630462031186,0.612974674169854,0.241565773714579,6,"Not significant"
"Unstim / LPS+Nigericin","HSPA9","P38646","P38646","GRP75_HUMAN","Stress-70 protein, mitochondrial","P38646_K206_M1_17","GlyGly (K)",-10.9895917884565,0.613263917216455,0.243144701303188,6,"Not significant"
"Unstim / LPS+Nigericin","DDX39B","Q13838","Q13838","DX39B_HUMAN","Spliceosome RNA helicase DDX39B","Q13838_K33_M2_17","GlyGly (K)",0.62094726316301,0.61353840353822,0.244279476141763,4,"Not significant"
"Unstim / LPS+Nigericin","DDX21","Q9NR30","Q9NR30","DDX21_HUMAN","Nucleolar RNA helicase 2","Q9NR30_K236_M1_17","GlyGly (K)",3.31733481394008,0.613882100225239,0.245538235220812,6,"Not significant"
"Unstim / LPS+Nigericin","MRPL40","Q9NQ50","Q9NQ50","RM40_HUMAN","Large ribosomal subunit protein mL40","Q9NQ50_K163_M1_17","GlyGly (K)",0.368119078405603,0.614315997931946,0.246965841341081,6,"Not significant"
"Unstim / LPS+Nigericin","ADAM10","O14672","O14672","ADA10_HUMAN","Disintegrin and metalloproteinase domain-containing protein 10","O14672_K591_M2_17","GlyGly (K)",-0.416420057534657,0.614760939299721,0.248134049246972,6,"Not significant"
"Unstim / LPS+Nigericin","ADAM10","O14672","O14672","ADA10_HUMAN","Disintegrin and metalloproteinase domain-containing protein 10","O14672_K588_M2_17","GlyGly (K)",-0.416420057534657,0.614760939299721,0.248134049246972,6,"Not significant"
"Unstim / LPS+Nigericin","ARHGDIA","P52565","P52565","GDIR1_HUMAN","Rho GDP-dissociation inhibitor 1","P52565_K33_M1_17","GlyGly (K)",-0.458062889157318,0.61490648796062,0.24874159349915,6,"Not significant"
"Unstim / LPS+Nigericin","YWHAB","P31946","P31946","1433B_HUMAN","14-3-3 protein beta/alpha","P31946_K160_M1_17","GlyGly (K)",0.920821772509896,0.615145514296391,0.24931784804647,6,"Not significant"
"Unstim / LPS+Nigericin","TMPO","P42166","P42166","LAP2A_HUMAN","Lamina-associated polypeptide 2, isoform alpha","P42166_K17_M1_17","GlyGly (K)",-6.57280867739504,0.616006958561858,0.251983045621866,6,"Not significant"
"Unstim / LPS+Nigericin","ITGB5","P18084","P18084","ITB5_HUMAN","Integrin beta-5","P18084_K170_M1_17","GlyGly (K)",-0.450831833488265,0.616176163051905,0.252396724815832,6,"Not significant"
"Unstim / LPS+Nigericin","TMSB4X","P62328","P62328","TYB4_HUMAN","Thymosin beta-4","P62328_K26_M1_17","GlyGly (K)",0.508196460817314,0.61623489069153,0.252576111198015,6,"Not significant"
"Unstim / LPS+Nigericin","EIF5B","O60841","O60841","IF2P_HUMAN","Eukaryotic translation initiation factor 5B","O60841_K644_M1_17","GlyGly (K)",-4.91043815235277,0.616634556117953,0.253635336595999,6,"Not significant"
"Unstim / LPS+Nigericin","DNM2","P50570","P50570","DYN2_HUMAN","Dynamin-2","P50570_K414_M1_17","GlyGly (K)",-5.73745102989432,0.61679436063,0.254010649505615,6,"Not significant"
"Unstim / LPS+Nigericin","CAP1","Q01518","Q01518","CAP1_HUMAN","Adenylyl cyclase-associated protein 1","Q01518_K304_M1_17","GlyGly (K)",9.88799000675973,0.619221748360544,0.259855248103278,6,"Not significant"
"Unstim / LPS+Nigericin","SH3GL1","Q99961","Q99961","SH3G1_HUMAN","Endophilin-A2","Q99961_K239_M1_17","GlyGly (K)",-3.20124089594124,0.619312538995153,0.260141421878733,6,"Not significant"
"Unstim / LPS+Nigericin","NCL","P19338","P19338","NUCL_HUMAN","Nucleolin","P19338_K297_M1_17","GlyGly (K)",0.471179095165863,0.619362794859228,0.260288914013523,6,"Not significant"
"Unstim / LPS+Nigericin","IMMT","Q16891","Q16891","MIC60_HUMAN","MICOS complex subunit MIC60","Q16891_K110_M1_17","GlyGly (K)",-1.33430513777634,0.620588329941284,0.262915052298529,6,"Not significant"
"Unstim / LPS+Nigericin","ACTN1","P12814","P12814","ACTN1_HUMAN","Alpha-actinin-1","P12814_K420_M1_17","GlyGly (K)",3.08107021533512,0.621214468205406,0.264472307011086,6,"Not significant"
"Unstim / LPS+Nigericin","HNRNPAB","Q99729","Q99729","ROAA_HUMAN","Heterogeneous nuclear ribonucleoprotein A/B","Q99729_K190_M1_17","GlyGly (K)",-7.81739633598316,0.621849444157274,0.266045953298783,6,"Not significant"
"Unstim / LPS+Nigericin","TLK1","Q9UKI8","Q9UKI8","TLK1_HUMAN","Serine/threonine-protein kinase tousled-like 1","Q9UKI8_K404_M1_17","GlyGly (K)",0.509372885096783,0.622042475060305,0.266471487446678,6,"Not significant"
"Unstim / LPS+Nigericin","CAPG","P40121","P40121","CAPG_HUMAN","Macrophage-capping protein","P40121_K115_M1_17","GlyGly (K)",-0.741251537584075,0.622831320844656,0.26825260392467,6,"Not significant"
"Unstim / LPS+Nigericin","HCLS1","P14317","P14317","HCLS1_HUMAN","Hematopoietic lineage cell-specific protein","P14317_K273_M1_17","GlyGly (K)",-0.741169627746229,0.622906990780955,0.268386911318289,6,"Not significant"
"Unstim / LPS+Nigericin","HSP90AA4P","Q58FG1","Q58FG1","HS904_HUMAN","Putative heat shock protein HSP 90-alpha A4","Q58FG1_K289_M1_17","GlyGly (K)",0.849823521271586,0.623175510322129,0.268901419387628,6,"Not significant"
"Unstim / LPS+Nigericin","ITGAV","P06756","P06756","ITAV_HUMAN","Integrin alpha-V","P06756_K134_M1_17","GlyGly (K)",0.301341947086069,0.62344184274881,0.269729401043612,6,"Not significant"
"Unstim / LPS+Nigericin","NACA4P","Q9BZK3","Q9BZK3","NACP4_HUMAN","Putative nascent polypeptide-associated complex subunit alpha-like protein","Q9BZK3_K199_M1_17","GlyGly (K)",-0.939899487738736,0.623719281066805,0.270370178209284,6,"Not significant"
"Unstim / LPS+Nigericin","HSP90AB1","P08238","P08238","HS90B_HUMAN","Heat shock protein HSP 90-beta","P08238_K607_M1_17","GlyGly (K)",-1.3369734580313,0.624035284879256,0.271298990885498,6,"Not significant"
"Unstim / LPS+Nigericin","TMSB4X","P62328","P62328","TYB4_HUMAN","Thymosin beta-4","P62328_K32_M1_17","GlyGly (K)",2.08810821400194,0.624132292481139,0.271723641858112,6,"Not significant"
"Unstim / LPS+Nigericin","VPS4B","O75351","O75351","VPS4B_HUMAN","Vacuolar protein sorting-associated protein 4B","O75351_K155_M1_17","GlyGly (K)",2.71271286971822,0.624603468127553,0.273200848224505,6,"Not significant"
"Unstim / LPS+Nigericin","WDR33","Q9C0J8","Q9C0J8","WDR33_HUMAN","pre-mRNA 3' end processing protein WDR33","Q9C0J8_K536_M1_17","GlyGly (K)",0.348506535686972,0.625415396215444,0.275378740255146,6,"Not significant"
"Unstim / LPS+Nigericin","PITRM1","Q5JRX3","Q5JRX3","PREP_HUMAN","Presequence protease, mitochondrial","Q5JRX3_K820_M1_17","GlyGly (K)",1.84637724362666,0.625682978656173,0.276394395352465,6,"Not significant"
"Unstim / LPS+Nigericin","H2BC21","Q16778","Q16778","H2B2E_HUMAN","Histone H2B type 2-E","Q16778_K58_M2_17","GlyGly (K)",-0.607972606991816,0.626001256394064,0.277052493539705,6,"Not significant"
"Unstim / LPS+Nigericin","H2BC21","Q16778","Q16778","H2B2E_HUMAN","Histone H2B type 2-E","Q16778_K47_M2_17","GlyGly (K)",-0.607972606991816,0.626001256394064,0.277052493539705,6,"Not significant"
"Unstim / LPS+Nigericin","ENO1","P06733","P06733","ENOA_HUMAN","Alpha-enolase","P06733_K221_M1_17","GlyGly (K)",0.817494302800074,0.62717024419368,0.279950338431451,6,"Not significant"
"Unstim / LPS+Nigericin","RPL30","P62888","P62888","RL30_HUMAN","Large ribosomal subunit protein eL30","P62888_K87_M1_17","GlyGly (K)",-0.370920742359617,0.628173494662053,0.283462963586546,6,"Not significant"
"Unstim / LPS+Nigericin","ACTN4","O43707","O43707","ACTN4_HUMAN","Alpha-actinin-4","O43707_K233_M1_17","GlyGly (K)",0.765801182813611,0.630066902299364,0.288987557660948,6,"Not significant"
"Unstim / LPS+Nigericin","ATP5F1A","P25705","P25705","ATPA_HUMAN","ATP synthase subunit alpha, mitochondrial","P25705_K175_M1_17","GlyGly (K)",-0.769976763798543,0.631681825044418,0.293579982485109,6,"Not significant"
"Unstim / LPS+Nigericin","P4HB","P07237","P07237","PDIA1_HUMAN","Protein disulfide-isomerase","P07237_K263_M1_17","GlyGly (K)",-0.724524288477708,0.632809853294406,0.296234701055743,6,"Not significant"
"Unstim / LPS+Nigericin","TPI1","P60174","P60174","TPIS_HUMAN","Triosephosphate isomerase","P60174_K131_M1_17","GlyGly (K)",0.778771453613253,0.632891467663717,0.296637664228311,6,"Not significant"
"Unstim / LPS+Nigericin","HP1BP3","Q5SSJ5","Q5SSJ5","HP1B3_HUMAN","Heterochromatin protein 1-binding protein 3","Q5SSJ5_K33_M1_17","GlyGly (K)",-7.89861665737248,0.633102808672549,0.297439697649957,5,"Not significant"
"Unstim / LPS+Nigericin","PIPSL","A2A3N6","A2A3N6","PIPSL_HUMAN","Putative PIP5K1A and PSMD4-like protein","A2A3N6_K637_M1_17","GlyGly (K)",-0.40176297269693,0.633301721186325,0.29793220899862,5,"Not significant"
"Unstim / LPS+Nigericin","RNH1","P13489","P13489","RINI_HUMAN","Ribonuclease inhibitor","P13489_K283_M2_17","GlyGly (K)",0.33899593729505,0.633307371610385,0.298041275452987,5,"Not significant"
"Unstim / LPS+Nigericin","PARK7","Q99497","Q99497","PARK7_HUMAN","Parkinson disease protein 7","Q99497_K12_M1_17","GlyGly (K)",-11.8839194897984,0.633723052974503,0.299149690186138,6,"Not significant"
"Unstim / LPS+Nigericin","HSPD1","P10809","P10809","CH60_HUMAN","60 kDa heat shock protein, mitochondrial","P10809_K180_M1_17","GlyGly (K)",1.13203011089433,0.633727082103139,0.299152566449116,6,"Not significant"
"Unstim / LPS+Nigericin","RPS27A","P62979","P62979","RS27A_HUMAN","Ubiquitin-ribosomal protein eS31 fusion protein","P62979_K48_M1_17","GlyGly (K)",0.757345783001941,0.633936479705631,0.299740991511712,6,"Not significant"
"Unstim / LPS+Nigericin","SHTN1","A0MZ66","A0MZ66","SHOT1_HUMAN","Shootin-1","A0MZ66_K169_M1_17","GlyGly (K)",0.784203161779172,0.633972537254186,0.301588972336795,6,"Not significant"
"Unstim / LPS+Nigericin","MYO1G","B0I1T2","B0I1T2","MYO1G_HUMAN","Unconventional myosin-Ig","B0I1T2_K544_M1_17","GlyGly (K)",-0.563718713373445,0.633972537254186,0.309685693093713,6,"Not significant"
"Unstim / LPS+Nigericin","PRSS1","Cont_P00760","Cont_P00760","TRY1_BOVIN","Serine protease 1","Cont_P00760_K114_M1_17","GlyGly (K)",2.60462014541448,0.633972537254186,0.359941223485154,6,"Not significant"
"Unstim / LPS+Nigericin","FGA","Cont_P02672","Cont_P02672","FIBA_BOVIN","Fibrinogen alpha chain","Cont_P02672_K543_M1_17","GlyGly (K)",8.81732640720242,0.633972537254186,0.422710714679042,6,"Not significant"
"Unstim / LPS+Nigericin","ALB","Cont_P02769","Cont_P02769","ALBU_BOVIN","Albumin","Cont_P02769_K580_M1_17","GlyGly (K)",0.762413197612527,0.633972537254186,0.392117483497346,6,"Not significant"
"Unstim / LPS+Nigericin","ACTB","Cont_P60712;P60709","Cont_P60712;P60709","ACTB_BOVIN;ACTB_HUMAN","Actin, cytoplasmic 1;Actin, cytoplasmic 1","Cont_P60712_K284_M1_17","GlyGly (K)",0.738180729027408,0.633972537254186,0.358326625642922,6,"Not significant"
"Unstim / LPS+Nigericin","ACTB","Cont_P60712;P60709","Cont_P60712;P60709","ACTB_BOVIN;ACTB_HUMAN","Actin, cytoplasmic 1;Actin, cytoplasmic 1","P60709_K284_M1_17","GlyGly (K)",0.738180729027408,0.633972537254186,0.358326625642922,6,"Not significant"
"Unstim / LPS+Nigericin","ACTB","Cont_P60712;P60709","Cont_P60712;P60709","ACTB_BOVIN;ACTB_HUMAN","Actin, cytoplasmic 1;Actin, cytoplasmic 1","Cont_P60712_K315_M1_17","GlyGly (K)",0.408355759320209,0.633972537254186,0.312565977681325,6,"Not significant"
"Unstim / LPS+Nigericin","ACTB","Cont_P60712;P60709","Cont_P60712;P60709","ACTB_BOVIN;ACTB_HUMAN","Actin, cytoplasmic 1;Actin, cytoplasmic 1","P60709_K315_M1_17","GlyGly (K)",0.408355759320209,0.633972537254186,0.312565977681325,6,"Not significant"
"Unstim / LPS+Nigericin","CAP1","Cont_Q3SYV4","Cont_Q3SYV4","CAP1_BOVIN","Adenylyl cyclase-associated protein 1","Cont_Q3SYV4_K272_M1_17","GlyGly (K)",7.75792414504348,0.633972537254186,0.422581591278213,6,"Not significant"
"Unstim / LPS+Nigericin","GPI","Cont_Q3ZBD7","Cont_Q3ZBD7","G6PI_BOVIN","Glucose-6-phosphate isomerase","Cont_Q3ZBD7_K550_M1_17","GlyGly (K)",5.9609155152902,0.633972537254186,0.424350951923485,6,"Not significant"
"Unstim / LPS+Nigericin","PPP1R12A","O14974","O14974","MYPT1_HUMAN","Protein phosphatase 1 regulatory subunit 12A","O14974_K945_M1_17","GlyGly (K)",-3.00418605454775,0.633972537254186,0.407534512708406,6,"Not significant"
"Unstim / LPS+Nigericin","PGRMC2","O15173","O15173","PGRC2_HUMAN","Membrane-associated progesterone receptor component 2","O15173_K217_M2_17","GlyGly (K)",4.65608993901541,0.633972537254186,0.428570059298395,6,"Not significant"
"Unstim / LPS+Nigericin","XPOT","O43592","O43592","XPOT_HUMAN","Exportin-T","O43592_K316_M1_17","GlyGly (K)",1.28431145592593,0.633972537254186,0.422918842484149,6,"Not significant"
"Unstim / LPS+Nigericin","IDH3B","O43837","O43837","IDH3B_HUMAN","Isocitrate dehydrogenase [NAD] subunit beta, mitochondrial","O43837_K105_M1_17","GlyGly (K)",6.27365923163192,0.633972537254186,0.423628674481716,6,"Not significant"
"Unstim / LPS+Nigericin","MCM3AP","O60318","O60318","GANP_HUMAN","Germinal-center associated nuclear protein","O60318_K1813_M1_17","GlyGly (K)",1.153243402006,0.633972537254186,0.428903215115083,6,"Not significant"
"Unstim / LPS+Nigericin","SYNCRIP","O60506","O60506","HNRPQ_HUMAN","Heterogeneous nuclear ribonucleoprotein Q","O60506_K407_M1_17","GlyGly (K)",1.79651702667804,0.633972537254186,0.316038206566178,6,"Not significant"
"Unstim / LPS+Nigericin","DNAJC13","O75165","O75165","DJC13_HUMAN","DnaJ homolog subfamily C member 13","O75165_K599_M1_17","GlyGly (K)",3.20058010409777,0.633972537254186,0.406373726581028,6,"Not significant"
"Unstim / LPS+Nigericin","C6orf47","O95873","O95873","CF047_HUMAN","Uncharacterized protein C6orf47","O95873_K147_M1_17","GlyGly (K)",4.12889798301659,0.633972537254186,0.424168048303043,6,"Not significant"
"Unstim / LPS+Nigericin","GLUD1","P00367","P00367","DHE3_HUMAN","Glutamate dehydrogenase 1, mitochondrial","P00367_K171_M1_17","GlyGly (K)",-1.00614585706443,0.633972537254186,0.419059007401192,6,"Not significant"
"Unstim / LPS+Nigericin","LMNA","P02545","P02545","LMNA_HUMAN","Prelamin-A/C","P02545_K597_M1_17","GlyGly (K)",-0.341025643693071,0.633972537254186,0.407115869048197,6,"Not significant"
"Unstim / LPS+Nigericin","GAPDH","P04406","P04406","G3P_HUMAN","Glyceraldehyde-3-phosphate dehydrogenase","P04406_K3_M2_17","GlyGly (K)",0.822223699554906,0.633972537254186,0.432035157014337,5,"Not significant"
"Unstim / LPS+Nigericin","GAPDH","P04406","P04406","G3P_HUMAN","Glyceraldehyde-3-phosphate dehydrogenase","P04406_K186_M1_17","GlyGly (K)",-0.585233164053962,0.633972537254186,0.32392465872055,6,"Not significant"
"Unstim / LPS+Nigericin","SLC25A5","P05141","P05141","ADT2_HUMAN","ADP/ATP translocase 2","P05141_K10_M1_17","GlyGly (K)",-7.01355527420109,0.633972537254186,0.42385551233234,6,"Not significant"
"Unstim / LPS+Nigericin","RPLP2","P05387","P05387","RLA2_HUMAN","Large ribosomal subunit protein P2","P05387_K94_M1_17","GlyGly (K)",7.07808347834645,0.633972537254186,0.421908924126315,6,"Not significant"
"Unstim / LPS+Nigericin","ATP5F1B","P06576","P06576","ATPB_HUMAN","ATP synthase subunit beta, mitochondrial","P06576_K480_M1_17","GlyGly (K)",-1.22073108328925,0.633972537254186,0.393317333275758,6,"Not significant"
"Unstim / LPS+Nigericin","P4HB","P07237","P07237","PDIA1_HUMAN","Protein disulfide-isomerase","P07237_K285_M2_17","GlyGly (K)",-4.56134068873778,0.633972537254186,0.427955158364524,6,"Not significant"
"Unstim / LPS+Nigericin","P4HB","P07237","P07237","PDIA1_HUMAN","Protein disulfide-isomerase","P07237_K283_M2_17","GlyGly (K)",-4.56134068873778,0.633972537254186,0.427955158364524,6,"Not significant"
"Unstim / LPS+Nigericin","PRSS1","P07477","P07477","TRY1_HUMAN","Serine protease 1","P07477_K102_M1_17","GlyGly (K)",-0.533104522208983,0.633972537254186,0.384162351059554,6,"Not significant"
"Unstim / LPS+Nigericin","HSP90AA1","P07900","P07900","HS90A_HUMAN","Heat shock protein HSP 90-alpha","P07900_K100_M1_17","GlyGly (K)",11.1574787174915,0.633972537254186,0.422665553128528,6,"Not significant"
"Unstim / LPS+Nigericin","HSP90AA1","P07900","P07900","HS90A_HUMAN","Heat shock protein HSP 90-alpha","P07900_K534_M1_17","GlyGly (K)",-8.12966685193446,0.633972537254186,0.396022656251531,6,"Not significant"
"Unstim / LPS+Nigericin","HSP90AB1","P08238","P08238","HS90B_HUMAN","Heat shock protein HSP 90-beta","P08238_K624_M1_17","GlyGly (K)",2.85419822365591,0.633972537254186,0.368929320261661,6,"Not significant"
"Unstim / LPS+Nigericin","SRP19","P09132","P09132","SRP19_HUMAN","Signal recognition particle 19 kDa protein","P09132_K39_M1_17","GlyGly (K)",-4.35797372126453,0.633972537254186,0.417858565871784,6,"Not significant"
"Unstim / LPS+Nigericin","GSTP1","P09211","P09211","GSTP1_HUMAN","Glutathione S-transferase P","P09211_K191_M1_17","GlyGly (K)",-6.41732385341558,0.633972537254186,0.423359140629003,6,"Not significant"
"Unstim / LPS+Nigericin","LGALS1","P09382","P09382","LEG1_HUMAN","Galectin-1","P09382_K37_M1_17","GlyGly (K)",0.676539638843558,0.633972537254186,0.434748220748273,6,"Not significant"
"Unstim / LPS+Nigericin","HMGB1","P09429","P09429","HMGB1_HUMAN","High mobility group protein B1","P09429_K141_M1_17","GlyGly (K)",0.283405530355049,0.633972537254186,0.421470260770843,6,"Not significant"
"Unstim / LPS+Nigericin","ALDOC","P09972","P09972","ALDOC_HUMAN","Fructose-bisphosphate aldolase C","P09972_K153_M1_17","GlyGly (K)",-9.95068654082169,0.633972537254186,0.422650560835925,6,"Not significant"
"Unstim / LPS+Nigericin","TXN","P10599","P10599","THIO_HUMAN","Thioredoxin","P10599_K96_M2_17","GlyGly (K)",3.2199848185621,0.633972537254186,0.430374815687773,6,"Not significant"
"Unstim / LPS+Nigericin","TXN","P10599","P10599","THIO_HUMAN","Thioredoxin","P10599_K94_M2_17","GlyGly (K)",3.2199848185621,0.633972537254186,0.430374815687773,6,"Not significant"
"Unstim / LPS+Nigericin","HSPD1","P10809","P10809","CH60_HUMAN","60 kDa heat shock protein, mitochondrial","P10809_K218_M1_17","GlyGly (K)",-0.603407807274988,0.633972537254186,0.308044074463704,6,"Not significant"
"Unstim / LPS+Nigericin","HSPD1","P10809","P10809","CH60_HUMAN","60 kDa heat shock protein, mitochondrial","P10809_K314_M1_17","GlyGly (K)",-0.205176909647943,0.633972537254186,0.394272587646696,6,"Not significant"
"Unstim / LPS+Nigericin","RALA","P11233","P11233","RALA_HUMAN","Ras-related protein Ral-A","P11233_K128_M1_17","GlyGly (K)",-1.41462735401099,0.633972537254186,0.305433032153247,5,"Not significant"
"Unstim / LPS+Nigericin","TOP1","P11387","P11387","TOP1_HUMAN","DNA topoisomerase 1","P11387_K252_M1_17","GlyGly (K)",1.20475290002262,0.633972537254186,0.42341263264539,5,"Not significant"
"Unstim / LPS+Nigericin","EEF2","P13639","P13639","EF2_HUMAN","Elongation factor 2","P13639_K498_M1_17","GlyGly (K)",0.604134618338523,0.633972537254186,0.335389898238592,6,"Not significant"
"Unstim / LPS+Nigericin","PKM","P14618","P14618","KPYM_HUMAN","Pyruvate kinase PKM","P14618_K322_M1_17","GlyGly (K)",-8.61142112127085,0.633972537254186,0.422426430328448,6,"Not significant"
"Unstim / LPS+Nigericin","HSP90B1","P14625","P14625","ENPL_HUMAN","Endoplasmin","P14625_K702_M2_17","GlyGly (K)",2.960624134037,0.633972537254186,0.418513340010926,6,"Not significant"
"Unstim / LPS+Nigericin","MMP9","P14780","P14780","MMP9_HUMAN","Matrix metalloproteinase-9","P14780_K65_M1_17","GlyGly (K)",-0.197704812642649,0.633972537254186,0.426820106829121,6,"Not significant"
"Unstim / LPS+Nigericin","UQCRB","P14927","P14927","QCR7_HUMAN","Cytochrome b-c1 complex subunit 7","P14927_K45_M1_17","GlyGly (K)",4.44903832258363,0.633972537254186,0.408956903666884,6,"Not significant"
"Unstim / LPS+Nigericin","BRAF","P15056","P15056","BRAF_HUMAN","Serine/threonine-protein kinase B-raf","P15056_K680_M1_17","GlyGly (K)",-5.21779768205793,0.633972537254186,0.410043278259709,6,"Not significant"
"Unstim / LPS+Nigericin","H1-3","P16402","P16402","H13_HUMAN","Histone H1.3","P16402_K35_M1_17","GlyGly (K)",-0.950807051313107,0.633972537254186,0.36207679911848,6,"Not significant"
"Unstim / LPS+Nigericin","PLCG2","P16885","P16885","PLCG2_HUMAN","1-phosphatidylinositol 4,5-bisphosphate phosphodiesterase gamma-2","P16885_K60_M1_17","GlyGly (K)",7.01831547980797,0.633972537254186,0.42390986254708,6,"Not significant"
"Unstim / LPS+Nigericin","RPL17","P18621","P18621","RL17_HUMAN","Large ribosomal subunit protein uL22","P18621_K105_M1_17","GlyGly (K)",-6.44874079766813,0.633972537254186,0.419242432244823,6,"Not significant"
"Unstim / LPS+Nigericin","PGAM1","P18669","P18669","PGAM1_HUMAN","Phosphoglycerate mutase 1","P18669_K138_M1_17","GlyGly (K)",5.45353795787995,0.633972537254186,0.317345372982934,6,"Not significant"
"Unstim / LPS+Nigericin","NCL","P19338","P19338","NUCL_HUMAN","Nucleolin","P19338_K362_M1_17","GlyGly (K)",-3.01838683424079,0.633972537254186,0.411243292472851,6,"Not significant"
"Unstim / LPS+Nigericin","LMNB1","P20700","P20700","LMNB1_HUMAN","Lamin-B1","P20700_K332_M1_17","GlyGly (K)",-1.46534092934209,0.633972537254186,0.323603869201327,4,"Not significant"
"Unstim / LPS+Nigericin","TGM2","P21980","P21980","TGM2_HUMAN","Protein-glutamine gamma-glutamyltransferase 2","P21980_K527_M1_17","GlyGly (K)",-4.85771316118114,0.633972537254186,0.409474931959818,6,"Not significant"
"Unstim / LPS+Nigericin","HNRNPA2B1","P22626","P22626","ROA2_HUMAN","Heterogeneous nuclear ribonucleoproteins A2/B1","P22626_K104_M1_17","GlyGly (K)",3.79053909674941,0.633972537254186,0.415173347096085,6,"Not significant"
"Unstim / LPS+Nigericin","PPIB","P23284","P23284","PPIB_HUMAN","Peptidyl-prolyl cis-trans isomerase B","P23284_K84_M1_17","GlyGly (K)",-0.703512306536405,0.633972537254186,0.349193826976619,6,"Not significant"
"Unstim / LPS+Nigericin","RPS3","P23396","P23396","RS3_HUMAN","Small ribosomal subunit protein uS3","P23396_K214_M1_17","GlyGly (K)",0.399495724967855,0.633972537254186,0.400113557660346,6,"Not significant"
"Unstim / LPS+Nigericin","RPL13","P26373","P26373","RL13_HUMAN","Large ribosomal subunit protein eL13","P26373_K145_M1_17","GlyGly (K)",0.268672312631859,0.633972537254186,0.424494694719171,6,"Not significant"
"Unstim / LPS+Nigericin","HMGB2","P26583","P26583","HMGB2_HUMAN","High mobility group protein B2","P26583_K59_M2_17","GlyGly (K)",1.75571810445396,0.633972537254186,0.307224655458085,6,"Not significant"
"Unstim / LPS+Nigericin","HMGB2","P26583","P26583","HMGB2_HUMAN","High mobility group protein B2","P26583_K57_M2_17","GlyGly (K)",1.75571810445396,0.633972537254186,0.307224655458085,6,"Not significant"
"Unstim / LPS+Nigericin","EEF1D","P29692","P29692","EF1D_HUMAN","Elongation factor 1-delta","P29692_K59_M1_17","GlyGly (K)",0.206588375103054,0.633972537254186,0.431632787868953,6,"Not significant"
"Unstim / LPS+Nigericin","EEF1D","P29692","P29692","EF1D_HUMAN","Elongation factor 1-delta","P29692_K117_M1_17","GlyGly (K)",-8.49491959739363,0.633972537254186,0.421521170636878,6,"Not significant"
"Unstim / LPS+Nigericin","PRDX5","P30044","P30044","PRDX5_HUMAN","Peroxiredoxin-5, mitochondrial","P30044_K102_M1_17","GlyGly (K)",-8.69497724469694,0.633972537254186,0.422287705905103,6,"Not significant"
"Unstim / LPS+Nigericin","ATP5F1D","P30049","P30049","ATPD_HUMAN","ATP synthase subunit delta, mitochondrial","P30049_K136_M1_17","GlyGly (K)",0.861831375400962,0.633972537254186,0.378876902380094,6,"Not significant"
"Unstim / LPS+Nigericin","STIP1","P31948","P31948","STIP1_HUMAN","Stress-induced-phosphoprotein 1","P31948_K100_M1_17","GlyGly (K)",1.75205867981115,0.633972537254186,0.334946601598664,6,"Not significant"
"Unstim / LPS+Nigericin","CHI3L1","P36222","P36222","CH3L1_HUMAN","Chitinase-3-like protein 1","P36222_K91_M1_17","GlyGly (K)",-1.51254214314524,0.633972537254186,0.353528775450865,6,"Not significant"
"Unstim / LPS+Nigericin","ATP5F1C","P36542","P36542","ATPG_HUMAN","ATP synthase subunit gamma, mitochondrial","P36542_K115_M1_17","GlyGly (K)",3.36024604209399,0.633972537254186,0.41574897273902,6,"Not significant"
"Unstim / LPS+Nigericin","HSPA9","P38646","P38646","GRP75_HUMAN","Stress-70 protein, mitochondrial","P38646_K76_M1_17","GlyGly (K)",-11.6642097952402,0.633972537254186,0.422649393797342,6,"Not significant"
"Unstim / LPS+Nigericin","HSPA9","P38646","P38646","GRP75_HUMAN","Stress-70 protein, mitochondrial","P38646_K485_M1_17","GlyGly (K)",3.35206493975998,0.633972537254186,0.355065734859172,6,"Not significant"
"Unstim / LPS+Nigericin","HSPA9","P38646","P38646","GRP75_HUMAN","Stress-70 protein, mitochondrial","P38646_K595_M1_17","GlyGly (K)",4.88272871515471,0.633972537254186,0.4207681569553,6,"Not significant"
"Unstim / LPS+Nigericin","CAPG","P40121","P40121","CAPG_HUMAN","Macrophage-capping protein","P40121_K253_M1_17","GlyGly (K)",-4.5554185430522,0.633972537254186,0.426889341399307,6,"Not significant"
"Unstim / LPS+Nigericin","LRPPRC","P42704","P42704","LPPRC_HUMAN","Leucine-rich PPR motif-containing protein, mitochondrial","P42704_K155_M1_17","GlyGly (K)",-3.02506676097424,0.633972537254186,0.37903511591361,6,"Not significant"
"Unstim / LPS+Nigericin","ACAA2","P42765","P42765","THIM_HUMAN","3-ketoacyl-CoA thiolase, mitochondrial","P42765_K312_M1_17","GlyGly (K)",1.54749120165034,0.633972537254186,0.394715535378576,6,"Not significant"
"Unstim / LPS+Nigericin","GPD2","P43304","P43304","GPDM_HUMAN","Glycerol-3-phosphate dehydrogenase, mitochondrial","P43304_K303_M1_17","GlyGly (K)",-2.9254105653091,0.633972537254186,0.379600272303214,6,"Not significant"
"Unstim / LPS+Nigericin","CRKL","P46109","P46109","CRKL_HUMAN","Crk-like protein","P46109_K253_M1_17","GlyGly (K)",-3.54448232328393,0.633972537254186,0.424043707401131,6,"Not significant"
"Unstim / LPS+Nigericin","GSS","P48637","P48637","GSHB_HUMAN","Glutathione synthetase","P48637_K293_M1_17","GlyGly (K)",0.381267194913669,0.633972537254186,0.312778199205702,6,"Not significant"
"Unstim / LPS+Nigericin","FASN","P49327","P49327","FAS_HUMAN","Fatty acid synthase","P49327_K787_M1_17","GlyGly (K)",3.1961395083513,0.633972537254186,0.428646218170512,6,"Not significant"
"Unstim / LPS+Nigericin","MRE11","P49959","P49959","MRE11_HUMAN","Double-strand break repair protein MRE11","P49959_K28_M1_17","GlyGly (K)",-4.60028845941508,0.633972537254186,0.413015563444901,6,"Not significant"
"Unstim / LPS+Nigericin","PGD","P52209","P52209","6PGD_HUMAN","6-phosphogluconate dehydrogenase, decarboxylating","P52209_K119_M2_17","GlyGly (K)",0.449504889588403,0.633972537254186,0.307723719078244,6,"Not significant"
"Unstim / LPS+Nigericin","PGD","P52209","P52209","6PGD_HUMAN","6-phosphogluconate dehydrogenase, decarboxylating","P52209_K117_M2_17","GlyGly (K)",0.449504889588403,0.633972537254186,0.307723719078244,6,"Not significant"
"Unstim / LPS+Nigericin","PGD","P52209","P52209","6PGD_HUMAN","6-phosphogluconate dehydrogenase, decarboxylating","P52209_K38_M1_17","GlyGly (K)",2.55992083366334,0.633972537254186,0.35197490666064,6,"Not significant"
"Unstim / LPS+Nigericin","AK2","P54819","P54819","KAD2_HUMAN","Adenylate kinase 2, mitochondrial","P54819_K121_M1_17","GlyGly (K)",2.14836160517042,0.633972537254186,0.342338336043588,6,"Not significant"
"Unstim / LPS+Nigericin","ARPC4","P59998","P59998","ARPC4_HUMAN","Actin-related protein 2/3 complex subunit 4","P59998_K44_M1_17","GlyGly (K)",1.42921987628533,0.633972537254186,0.398530043695716,6,"Not significant"
"Unstim / LPS+Nigericin","TPI1","P60174","P60174","TPIS_HUMAN","Triosephosphate isomerase","P60174_K85_M1_17","GlyGly (K)",-5.36613374194374,0.633972537254186,0.426270410997936,6,"Not significant"
"Unstim / LPS+Nigericin","RAB14","P61106","P61106","RAB14_HUMAN","Ras-related protein Rab-14","P61106_K61_M2_17","GlyGly (K)",0.349383490366242,0.633972537254186,0.340157025488644,6,"Not significant"
"Unstim / LPS+Nigericin","RAB14","P61106","P61106","RAB14_HUMAN","Ras-related protein Rab-14","P61106_K59_M2_17","GlyGly (K)",0.349383490366242,0.633972537254186,0.340157025488644,6,"Not significant"
"Unstim / LPS+Nigericin","PSME3","P61289","P61289","PSME3_HUMAN","Proteasome activator complex subunit 3","P61289_K123_M2_17","GlyGly (K)",5.24828563035532,0.633972537254186,0.426609884300124,6,"Not significant"
"Unstim / LPS+Nigericin","PSME3","P61289","P61289","PSME3_HUMAN","Proteasome activator complex subunit 3","P61289_K121_M2_17","GlyGly (K)",5.24828563035532,0.633972537254186,0.426609884300124,6,"Not significant"
"Unstim / LPS+Nigericin","SUMO2","P61956","P61956","SUMO2_HUMAN","Small ubiquitin-related modifier 2","P61956_K11_M1_17","GlyGly (K)",-3.56143534269195,0.633972537254186,0.417862044594527,6,"Not significant"
"Unstim / LPS+Nigericin","TMSB4X","P62328","P62328","TYB4_HUMAN","Thymosin beta-4","P62328_K32_M2_17","GlyGly (K)",-3.91245568606578,0.633972537254186,0.418152653850538,6,"Not significant"
"Unstim / LPS+Nigericin","TMSB4X","P62328","P62328","TYB4_HUMAN","Thymosin beta-4","P62328_K26_M2_17","GlyGly (K)",-3.91245568606578,0.633972537254186,0.418152653850538,6,"Not significant"
"Unstim / LPS+Nigericin","TMSB4X","P62328","P62328","TYB4_HUMAN","Thymosin beta-4","P62328_K15_M2_17","GlyGly (K)",-6.38589342709523,0.633972537254186,0.422296486398505,6,"Not significant"
"Unstim / LPS+Nigericin","RPS27A","P62979","P62979","RS27A_HUMAN","Ubiquitin-ribosomal protein eS31 fusion protein","P62979_K11_M1_17","GlyGly (K)",0.746641649794257,0.633972537254186,0.383533913769745,6,"Not significant"
"Unstim / LPS+Nigericin","YBX1","P67809","P67809","YBOX1_HUMAN","Y-box-binding protein 1","P67809_K98_M1_17","GlyGly (K)",0.852137591709263,0.633972537254186,0.360551851250262,6,"Not significant"
"Unstim / LPS+Nigericin","ACTC1","P68032","P68032","ACTC_HUMAN","Actin, alpha cardiac muscle 1","P68032_K217_M2_17","GlyGly (K)",0.479100254991068,0.633972537254186,0.41120606812327,6,"Not significant"
"Unstim / LPS+Nigericin","ACTC1","P68032","P68032","ACTC_HUMAN","Actin, alpha cardiac muscle 1","P68032_K215_M2_17","GlyGly (K)",0.479100254991068,0.633972537254186,0.41120606812327,6,"Not significant"
"Unstim / LPS+Nigericin","PRKDC","P78527","P78527","PRKDC_HUMAN","DNA-dependent protein kinase catalytic subunit","P78527_K4070_M1_17","GlyGly (K)",0.413883579424627,0.633972537254186,0.362684573003753,6,"Not significant"
"Unstim / LPS+Nigericin","CAP1","Q01518","Q01518","CAP1_HUMAN","Adenylyl cyclase-associated protein 1","Q01518_K100_M1_17","GlyGly (K)",3.3118086407483,0.633972537254186,0.417268980930837,6,"Not significant"
"Unstim / LPS+Nigericin","CAP1","Q01518","Q01518","CAP1_HUMAN","Adenylyl cyclase-associated protein 1","Q01518_K149_M1_17","GlyGly (K)",4.78151745976241,0.633972537254186,0.42525105500534,6,"Not significant"
"Unstim / LPS+Nigericin","CAP1","Q01518","Q01518","CAP1_HUMAN","Adenylyl cyclase-associated protein 1","Q01518_K155_M1_17","GlyGly (K)",2.2635514317923,0.633972537254186,0.362892404010934,6,"Not significant"
"Unstim / LPS+Nigericin","SSBP1","Q04837","Q04837","SSBP_HUMAN","Single-stranded DNA-binding protein, mitochondrial","Q04837_K122_M1_17","GlyGly (K)",-5.45422442745547,0.633972537254186,0.426001698108103,5,"Not significant"
"Unstim / LPS+Nigericin","NSUN2","Q08J23","Q08J23","NSUN2_HUMAN","RNA cytosine C(5)-methyltransferase NSUN2","Q08J23_K338_M1_17","GlyGly (K)",-5.46661963350547,0.633972537254186,0.417406218826618,6,"Not significant"
"Unstim / LPS+Nigericin","APOBR","Q0VD83","Q0VD83","APOBR_HUMAN","Apolipoprotein B receptor","Q0VD83_K933_M1_17","GlyGly (K)",0.291537479726286,0.633972537254186,0.383190539788886,6,"Not significant"
"Unstim / LPS+Nigericin","FADD","Q13158","Q13158","FADD_HUMAN","FAS-associated death domain protein","Q13158_K110_M1_17","GlyGly (K)",0.681973998712729,0.633972537254186,0.356490169453931,6,"Not significant"
"Unstim / LPS+Nigericin","CBX3","Q13185","Q13185","CBX3_HUMAN","Chromobox protein homolog 3","Q13185_K34_M1_17","GlyGly (K)",5.58456090896957,0.633972537254186,0.424742530896848,6,"Not significant"
"Unstim / LPS+Nigericin","NONO","Q15233","Q15233","NONO_HUMAN","Non-POU domain-containing octamer-binding protein","Q15233_K467_M1_17","GlyGly (K)",-4.2826594749439,0.633972537254186,0.422898145436407,6,"Not significant"
"Unstim / LPS+Nigericin","RAB35","Q15286","Q15286","RAB35_HUMAN","Ras-related protein Rab-35","Q15286_K10_M1_17","GlyGly (K)",-6.25164959838326,0.633972537254186,0.420663314031447,6,"Not significant"
"Unstim / LPS+Nigericin","INF2","Q27J81","Q27J81","INF2_HUMAN","Inverted formin-2","Q27J81_K966_M1_17","GlyGly (K)",0.963287382686825,0.633972537254186,0.383898536103584,6,"Not significant"
"Unstim / LPS+Nigericin","LRRFIP1","Q32MZ4","Q32MZ4","LRRF1_HUMAN","Leucine-rich repeat flightless-interacting protein 1","Q32MZ4_K580_M2_17","GlyGly (K)",0.751245574471251,0.633972537254186,0.327777035658244,6,"Not significant"
"Unstim / LPS+Nigericin","LRRFIP1","Q32MZ4","Q32MZ4","LRRF1_HUMAN","Leucine-rich repeat flightless-interacting protein 1","Q32MZ4_K579_M2_17","GlyGly (K)",0.751245574471251,0.633972537254186,0.327777035658244,6,"Not significant"
"Unstim / LPS+Nigericin","ZNF326","Q5BKZ1","Q5BKZ1","ZN326_HUMAN","DBIRD complex subunit ZNF326","Q5BKZ1_K442_M1_17","GlyGly (K)",-7.03117906299289,0.633972537254186,0.423808444047097,6,"Not significant"
"Unstim / LPS+Nigericin","ATG16L1","Q676U5","Q676U5","A16L1_HUMAN","Autophagy-related protein 16-1","Q676U5_K266_M1_17","GlyGly (K)",6.78380899405866,0.633972537254186,0.423581437533022,6,"Not significant"
"Unstim / LPS+Nigericin","BTN2A1","Q7KYR7","Q7KYR7","BT2A1_HUMAN","Butyrophilin subfamily 2 member A1","Q7KYR7_K311_M1_17","GlyGly (K)",0.849155725602785,0.633972537254186,0.300431129232052,6,"Not significant"
"Unstim / LPS+Nigericin","CNTRL","Q7Z7A1","Q7Z7A1","CNTRL_HUMAN","Centriolin","Q7Z7A1_K546_M1_17","GlyGly (K)",-3.8588705253591,0.633972537254186,0.421540210833823,6,"Not significant"
"Unstim / LPS+Nigericin","GSPT2","Q8IYD1","Q8IYD1","ERF3B_HUMAN","Eukaryotic peptide chain release factor GTP-binding subunit ERF3B","Q8IYD1_K57_M1_17","GlyGly (K)",0.547036521357359,0.633972537254186,0.431355332354021,6,"Not significant"
"Unstim / LPS+Nigericin","NRGN","Q92686","Q92686","NEUG_HUMAN","Neurogranin","Q92686_K11_M1_17","GlyGly (K)",8.51603363591718,0.633972537254186,0.422473921940857,6,"Not significant"
"Unstim / LPS+Nigericin","ANP32B","Q92688","Q92688","AN32B_HUMAN","Acidic leucine-rich nuclear phosphoprotein 32 family member B","Q92688_K116_M1_17","GlyGly (K)",-4.64337304462236,0.633972537254186,0.425371817520603,6,"Not significant"
"Unstim / LPS+Nigericin","HDAC2","Q92769","Q92769","HDAC2_HUMAN","Histone deacetylase 2","Q92769_K362_M1_17","GlyGly (K)",3.09659361548314,0.633972537254186,0.402344007390068,6,"Not significant"
"Unstim / LPS+Nigericin","SYMPK","Q92797","Q92797","SYMPK_HUMAN","Symplekin","Q92797_K1109_M1_17","GlyGly (K)",-2.4369477491602,0.633972537254186,0.332512847506257,6,"Not significant"
"Unstim / LPS+Nigericin","MCEE","Q96PE7","Q96PE7","MCEE_HUMAN","Methylmalonyl-CoA epimerase, mitochondrial","Q96PE7_K156_M1_17","GlyGly (K)",4.69278448255153,0.633972537254186,0.416166071231205,6,"Not significant"
"Unstim / LPS+Nigericin","PPP1R10","Q96QC0","Q96QC0","PP1RA_HUMAN","Serine/threonine-protein phosphatase 1 regulatory subunit 10","Q96QC0_K458_M1_17","GlyGly (K)",5.10449617649196,0.633972537254186,0.424232285685626,6,"Not significant"
"Unstim / LPS+Nigericin","PARK7","Q99497","Q99497","PARK7_HUMAN","Parkinson disease protein 7","Q99497_K148_M1_17","GlyGly (K)",4.26283992830109,0.633972537254186,0.418779351520643,6,"Not significant"
"Unstim / LPS+Nigericin","HNRNPAB","Q99729","Q99729","ROAA_HUMAN","Heterogeneous nuclear ribonucleoprotein A/B","Q99729_K169_M1_17","GlyGly (K)",4.47519001886923,0.633972537254186,0.405129013297491,6,"Not significant"
"Unstim / LPS+Nigericin","DDX50","Q9BQ39","Q9BQ39","DDX50_HUMAN","ATP-dependent RNA helicase DDX50","Q9BQ39_K213_M1_17","GlyGly (K)",-4.1561282679898,0.633972537254186,0.417098802458056,6,"Not significant"
"Unstim / LPS+Nigericin","TRIM56","Q9BRZ2","Q9BRZ2","TRI56_HUMAN","E3 ubiquitin-protein ligase TRIM56","Q9BRZ2_K98_M1_17","GlyGly (K)",3.71244752625513,0.633972537254186,0.403395326167484,6,"Not significant"
"Unstim / LPS+Nigericin","CADM1","Q9BY67","Q9BY67","CADM1_HUMAN","Cell adhesion molecule 1","Q9BY67_K108_M1_17","GlyGly (K)",5.25234043544418,0.633972537254186,0.426836011173226,6,"Not significant"
"Unstim / LPS+Nigericin","HELZ2","Q9BYK8","Q9BYK8","HELZ2_HUMAN","Helicase with zinc finger domain 2","Q9BYK8_K2077_M1_17","GlyGly (K)",5.28560871739487,0.633972537254186,0.422358045396168,6,"Not significant"
"Unstim / LPS+Nigericin","RAB1B","Q9H0U4","Q9H0U4","RAB1B_HUMAN","Ras-related protein Rab-1B","Q9H0U4_K137_M1_17","GlyGly (K)",-2.25510686854843,0.633972537254186,0.355754558532495,6,"Not significant"
"Unstim / LPS+Nigericin","RAB1B","Q9H0U4","Q9H0U4","RAB1B_HUMAN","Ras-related protein Rab-1B","Q9H0U4_K58_M2_17","GlyGly (K)",-7.8413925329479,0.633972537254186,0.423211972844551,6,"Not significant"
"Unstim / LPS+Nigericin","RAB1B","Q9H0U4","Q9H0U4","RAB1B_HUMAN","Ras-related protein Rab-1B","Q9H0U4_K55_M2_17","GlyGly (K)",-7.8413925329479,0.633972537254186,0.423211972844551,6,"Not significant"
"Unstim / LPS+Nigericin","CHMP4B","Q9H444","Q9H444","CHM4B_HUMAN","Charged multivesicular body protein 4b","Q9H444_K77_M1_17","GlyGly (K)",1.37486976511114,0.633972537254186,0.38738264191195,6,"Not significant"
"Unstim / LPS+Nigericin","MOV10","Q9HCE1","Q9HCE1","MOV10_HUMAN","Helicase MOV-10","Q9HCE1_K952_M1_17","GlyGly (K)",0.711278752168969,0.633972537254186,0.360472150925429,6,"Not significant"
"Unstim / LPS+Nigericin","TM9SF3","Q9HD45","Q9HD45","TM9S3_HUMAN","Transmembrane 9 superfamily member 3","Q9HD45_K114_M1_17","GlyGly (K)",-3.65048940727635,0.633972537254186,0.423763160816997,6,"Not significant"
"Unstim / LPS+Nigericin","RTN4","Q9NQC3","Q9NQC3","RTN4_HUMAN","Reticulon-4","Q9NQC3_K58_M1_17","GlyGly (K)",-6.94019361779526,0.633972537254186,0.422265423778879,6,"Not significant"
"Unstim / LPS+Nigericin","POLR3E","Q9NVU0","Q9NVU0","RPC5_HUMAN","DNA-directed RNA polymerase III subunit RPC5","Q9NVU0_K410_M1_17","GlyGly (K)",-1.78520504224764,0.633972537254186,0.347330061634998,6,"Not significant"
"Unstim / LPS+Nigericin","UGGT1","Q9NYU2","Q9NYU2","UGGG1_HUMAN","UDP-glucose:glycoprotein glucosyltransferase 1","Q9NYU2_K319_M1_17","GlyGly (K)",0.767950446448579,0.633972537254186,0.300961743578232,6,"Not significant"
"Unstim / LPS+Nigericin","CTTNBP2NL","Q9P2B4","Q9P2B4","CT2NL_HUMAN","CTTNBP2 N-terminal-like protein","Q9P2B4_K8_M1_17","GlyGly (K)",4.75366272037399,0.633972537254186,0.422306084106939,6,"Not significant"
"Unstim / LPS+Nigericin","SEC63","Q9UGP8","Q9UGP8","SEC63_HUMAN","Translocation protein SEC63 homolog","Q9UGP8_K368_M1_17","GlyGly (K)",-2.63511338852473,0.633972537254186,0.434648830818579,6,"Not significant"
"Unstim / LPS+Nigericin","LIMA1","Q9UHB6","Q9UHB6","LIMA1_HUMAN","LIM domain and actin-binding protein 1","Q9UHB6_K250_M1_17","GlyGly (K)",0.291073764056629,0.633972537254186,0.427796912028482,6,"Not significant"
"Unstim / LPS+Nigericin","THRAP3","Q9Y2W1","Q9Y2W1","TR150_HUMAN","Thyroid hormone receptor-associated protein 3","Q9Y2W1_K252_M1_17","GlyGly (K)",0.345393941463444,0.633972537254186,0.367990264041355,6,"Not significant"
"Unstim / LPS+Nigericin","CD2AP","Q9Y5K6","Q9Y5K6","CD2AP_HUMAN","CD2-associated protein","Q9Y5K6_K557_M1_17","GlyGly (K)",4.99239064028646,0.633972537254186,0.42290246075344,6,"Not significant"
"Unstim / LPS+Nigericin","LRRFIP2","Q9Y608","Q9Y608","LRRF2_HUMAN","Leucine-rich repeat flightless-interacting protein 2","Q9Y608_K577_M1_17","GlyGly (K)",0.485678188566459,0.633972537254186,0.384820932100504,6,"Not significant"
"Unstim / LPS+Nigericin","COPG1","Q9Y678","Q9Y678","COPG1_HUMAN","Coatomer subunit gamma-1","Q9Y678_K497_M1_17","GlyGly (K)",-2.94569156921625,0.633972537254186,0.399129399564146,6,"Not significant"
"Unstim / LPS+Nigericin","AQR","O60306","O60306","AQR_HUMAN","RNA helicase aquarius","O60306_K44_M1_17","GlyGly (K)",0.695606054934464,0.633972537254186,0.394678981970867,6,"Not significant"
"Unstim / LPS+Nigericin","PCMT1","P22061","P22061","PIMT_HUMAN","Protein-L-isoaspartate(D-aspartate) O-methyltransferase","P22061_K27_M2_17","GlyGly (K)",1.05796116492713,0.633972537254186,0.330263817996831,4,"Not significant"
"Unstim / LPS+Nigericin","RPL27","P61353","P61353","RL27_HUMAN","Large ribosomal subunit protein eL27","P61353_K69_M2_17","GlyGly (K)",-0.651957822248581,0.633972537254186,0.368106925273528,4,"Not significant"
"Unstim / LPS+Nigericin","STX3","Q13277","Q13277","STX3_HUMAN","Syntaxin-3","Q13277_K58_M2_17","GlyGly (K)",0.29036255396715,0.633972537254186,0.431213147298407,4,"Not significant"
"Unstim / LPS+Nigericin","MYH9","P35579","P35579","MYH9_HUMAN","Myosin-9","P35579_K682_M1_17","GlyGly (K)",-4.03646744582317,0.633999857280485,0.435697604088965,6,"Not significant"
"Unstim / LPS+Nigericin","HM13","Q8TCT9","Q8TCT9","HM13_HUMAN","Minor histocompatibility antigen H13","Q8TCT9_K61_M1_17","GlyGly (K)",1.27574912470874,0.634063319098021,0.436418495327263,6,"Not significant"
"Unstim / LPS+Nigericin","NCL","P19338","P19338","NUCL_HUMAN","Nucleolin","P19338_K297_M2_17","GlyGly (K)",1.83529062855493,0.634229022531625,0.438705400015289,6,"Not significant"
"Unstim / LPS+Nigericin","NCL","P19338","P19338","NUCL_HUMAN","Nucleolin","P19338_K295_M2_17","GlyGly (K)",1.83529062855493,0.634229022531625,0.438705400015289,6,"Not significant"
"Unstim / LPS+Nigericin","MTFR1","Q15390","Q15390","MTFR1_HUMAN","Mitochondrial fission regulator 1","Q15390_K261_M2_17","GlyGly (K)",2.53810951907933,0.634294966857487,0.439273476945498,6,"Not significant"
"Unstim / LPS+Nigericin","H4C1","P62805","P62805","H4_HUMAN","Histone H4","P62805_K80_M1_17","GlyGly (K)",-3.20023666022719,0.634576940328851,0.441040926045368,6,"Not significant"
"Unstim / LPS+Nigericin","HYOU1","Q9Y4L1","Q9Y4L1","HYOU1_HUMAN","Hypoxia up-regulated protein 1","Q9Y4L1_K170_M1_17","GlyGly (K)",-3.21105265158128,0.634584596182379,0.441123044546462,6,"Not significant"
"Unstim / LPS+Nigericin","LTA4H","P09960","P09960","LKHA4_HUMAN","Leukotriene A-4 hydrolase","P09960_K83_M1_17","GlyGly (K)",-2.50883852983979,0.634692087480986,0.441683359307626,6,"Not significant"
"Unstim / LPS+Nigericin","HLA-F","P30511","P30511","HLAF_HUMAN","HLA class I histocompatibility antigen, alpha chain F","P30511_K142_M1_17","GlyGly (K)",2.50522807332583,0.634934666294273,0.443277105729593,6,"Not significant"
"Unstim / LPS+Nigericin","GLIPR1","P48060","P48060","GLIP1_HUMAN","Glioma pathogenesis-related protein 1","P48060_K200_M1_17","GlyGly (K)",-3.2099207508791,0.634985041749315,0.443545261801493,6,"Not significant"
"Unstim / LPS+Nigericin","DBN1","Q16643","Q16643","DREB_HUMAN","Drebrin","Q16643_K165_M1_17","GlyGly (K)",-1.84345209603741,0.63520314459849,0.444619153988903,6,"Not significant"
"Unstim / LPS+Nigericin","TMSB4X","P62328","P62328","TYB4_HUMAN","Thymosin beta-4","P62328_K15_M1_17","GlyGly (K)",-1.50621831552321,0.635298700158919,0.445261924406578,6,"Not significant"
"Unstim / LPS+Nigericin","SUB1","P53999","P53999","TCP4_HUMAN","Activated RNA polymerase II transcriptional coactivator p15","P53999_K114_M1_17","GlyGly (K)",-0.234138648618402,0.636074152039064,0.448045835428493,6,"Not significant"
"Unstim / LPS+Nigericin","KRT73","Cont_Q86Y46;Q86Y46","Cont_Q86Y46;Q86Y46","K2C73_HUMAN","Keratin, type II cytoskeletal 73;Keratin, type II cytoskeletal 73","Cont_Q86Y46_K137_M2_17","GlyGly (K)",2.02504166522757,0.636215985366758,0.449065558509528,6,"Not significant"
"Unstim / LPS+Nigericin","KRT73","Cont_Q86Y46;Q86Y46","Cont_Q86Y46;Q86Y46","K2C73_HUMAN","Keratin, type II cytoskeletal 73;Keratin, type II cytoskeletal 73","Q86Y46_K137_M2_17","GlyGly (K)",2.02504166522757,0.636215985366758,0.449065558509528,6,"Not significant"
"Unstim / LPS+Nigericin","SQOR","Q9Y6N5","Q9Y6N5","SQOR_HUMAN","Sulfide:quinone oxidoreductase, mitochondrial","Q9Y6N5_K280_M1_17","GlyGly (K)",0.306398422713825,0.636362345784449,0.449920393230629,6,"Not significant"
"Unstim / LPS+Nigericin","RAB3GAP1","Q15042","Q15042","RB3GP_HUMAN","Rab3 GTPase-activating protein catalytic subunit","Q15042_K744_M1_17","GlyGly (K)",2.19565843910377,0.636396464282837,0.450100705209388,6,"Not significant"
"Unstim / LPS+Nigericin","TYW1B;TYW1","Q6NUM6;Q9NV66","Q6NUM6;Q9NV66","TYW1B_HUMAN;TYW1_HUMAN","S-adenosyl-L-methionine-dependent tRNA 4-demethylwyosine synthase TYW1B;S-adenosyl-L-methionine-dependent tRNA 4-demethylwyosine synthase TYW1","Q6NUM6_K414_M1_17","GlyGly (K)",-1.90796712636933,0.63662634468285,0.451019736285655,6,"Not significant"
"Unstim / LPS+Nigericin","TYW1B;TYW1","Q6NUM6;Q9NV66","Q6NUM6;Q9NV66","TYW1B_HUMAN;TYW1_HUMAN","S-adenosyl-L-methionine-dependent tRNA 4-demethylwyosine synthase TYW1B;S-adenosyl-L-methionine-dependent tRNA 4-demethylwyosine synthase TYW1","Q9NV66_K478_M1_17","GlyGly (K)",-1.90796712636933,0.63662634468285,0.451019736285655,6,"Not significant"
"Unstim / LPS+Nigericin","AHNAK","Q09666","Q09666","AHNK_HUMAN","Neuroblast differentiation-associated protein AHNAK","Q09666_K4761_M1_17","GlyGly (K)",0.797204805598949,0.636888791391536,0.451927239633921,6,"Not significant"
"Unstim / LPS+Nigericin","RAB11B","Q15907","Q15907","RB11B_HUMAN","Ras-related protein Rab-11B","Q15907_K41_M1_17","GlyGly (K)",-0.198675186351096,0.638628544483019,0.458533531076846,6,"Not significant"
"Unstim / LPS+Nigericin","POTEKP","Q9BYX7","Q9BYX7","ACTBM_HUMAN","Putative beta-actin-like protein 3","Q9BYX7_K238_M1_17","GlyGly (K)",2.66863784880057,0.638861418273512,0.459430122741416,6,"Not significant"
"Unstim / LPS+Nigericin","KRT2","Cont_P35908;P35908","Cont_P35908;P35908","K22E_HUMAN","Keratin, type II cytoskeletal 2 epidermal;Keratin, type II cytoskeletal 2 epidermal","Cont_P35908_K267_M1_17","GlyGly (K)",3.16415589112554,0.639681919961056,0.462322815433232,6,"Not significant"
"Unstim / LPS+Nigericin","KRT2","Cont_P35908;P35908","Cont_P35908;P35908","K22E_HUMAN","Keratin, type II cytoskeletal 2 epidermal;Keratin, type II cytoskeletal 2 epidermal","P35908_K267_M1_17","GlyGly (K)",3.16415589112554,0.639681919961056,0.462322815433232,6,"Not significant"
"Unstim / LPS+Nigericin","HSP90B1","P14625","P14625","ENPL_HUMAN","Endoplasmin","P14625_K708_M1_17","GlyGly (K)",-0.419326618838575,0.639694217392577,0.46238417236865,4,"Not significant"
"Unstim / LPS+Nigericin","FKBP2","P26885","P26885","FKBP2_HUMAN","Peptidyl-prolyl cis-trans isomerase FKBP2","P26885_K59_M1_17","GlyGly (K)",-2.75966258274113,0.640015208561301,0.463847168619273,6,"Not significant"
"Unstim / LPS+Nigericin","HSPA9","P38646","P38646","GRP75_HUMAN","Stress-70 protein, mitochondrial","P38646_K498_M1_17","GlyGly (K)",-0.243481342665717,0.640055719977544,0.464046744028932,6,"Not significant"
"Unstim / LPS+Nigericin","H4C1","P62805","P62805","H4_HUMAN","Histone H4","P62805_K60_M1_17","GlyGly (K)",-0.898616781288355,0.640480198549907,0.465495751633658,6,"Not significant"
"Unstim / LPS+Nigericin","CFL1","P23528","P23528","COF1_HUMAN","Cofilin-1","P23528_K96_M2_17","GlyGly (K)",5.75058565020098,0.641892091117341,0.470328727040428,4,"Not significant"
"Unstim / LPS+Nigericin","RPL14","P50914","P50914","RL14_HUMAN","Large ribosomal subunit protein eL14","P50914_K23_M1_17","GlyGly (K)",2.22401566123916,0.641973073391153,0.470576079356537,6,"Not significant"
"Unstim / LPS+Nigericin","AGRN","O00468","O00468","AGRIN_HUMAN","Agrin","O00468_K1863_M1_17","GlyGly (K)",-0.334329829781203,0.642136191038341,0.471152349791074,6,"Not significant"
"Unstim / LPS+Nigericin","MDH2","P40926","P40926","MDHM_HUMAN","Malate dehydrogenase, mitochondrial","P40926_K91_M1_17","GlyGly (K)",0.658416775999858,0.642337997107678,0.471850214160702,6,"Not significant"
"Unstim / LPS+Nigericin","RPS14","P62263","P62263","RS14_HUMAN","Small ribosomal subunit protein uS11","P62263_K125_M1_17","GlyGly (K)",0.457504380116084,0.642798408276915,0.473312727828524,6,"Not significant"
"Unstim / LPS+Nigericin","RBM25","P49756","P49756","RBM25_HUMAN","RNA-binding protein 25","P49756_K261_M1_17","GlyGly (K)",0.925581074106774,0.643448374277717,0.475231672062164,6,"Not significant"
"Unstim / LPS+Nigericin","ACTN1","P12814","P12814","ACTN1_HUMAN","Alpha-actinin-1","P12814_K649_M1_17","GlyGly (K)",1.12969970499954,0.643505340759623,0.475529882242921,6,"Not significant"
"Unstim / LPS+Nigericin","SOD1","P00441","P00441","SODC_HUMAN","Superoxide dismutase [Cu-Zn]","P00441_K4_M2_17","GlyGly (K)",-9.21355728365407,0.644696789200346,0.499843087054227,5,"Not significant"
"Unstim / LPS+Nigericin","LMNA","P02545","P02545","LMNA_HUMAN","Prelamin-A/C","P02545_K171_M1_17","GlyGly (K)",-1.34306580986896,0.644696789200346,0.499902927413098,6,"Not significant"
"Unstim / LPS+Nigericin","HSPD1","P10809","P10809","CH60_HUMAN","60 kDa heat shock protein, mitochondrial","P10809_K91_M2_17","GlyGly (K)",-5.33226261260114,0.644696789200346,0.501168321981001,5,"Not significant"
"Unstim / LPS+Nigericin","HSPA8","P11142","P11142","HSP7C_HUMAN","Heat shock cognate 71 kDa protein","P11142_K583_M1_17","GlyGly (K)",-1.30240279364669,0.644696789200346,0.497395589952586,6,"Not significant"
"Unstim / LPS+Nigericin","HSP90B1","P14625","P14625","ENPL_HUMAN","Endoplasmin","P14625_K708_M2_17","GlyGly (K)",3.48566901885342,0.644696789200346,0.493803782567713,5,"Not significant"
"Unstim / LPS+Nigericin","ATP2A2","P16615","P16615","AT2A2_HUMAN","Sarcoplasmic/endoplasmic reticulum calcium ATPase 2","P16615_K7_M1_17","GlyGly (K)",-6.47960480254603,0.644696789200346,0.50108162525983,4,"Not significant"
"Unstim / LPS+Nigericin","ATP2A2","P16615","P16615","AT2A2_HUMAN","Sarcoplasmic/endoplasmic reticulum calcium ATPase 2","P16615_K352_M1_17","GlyGly (K)",-0.835906141627816,0.644696789200346,0.497446219282973,6,"Not significant"
"Unstim / LPS+Nigericin","S100A4","P26447","P26447","S10A4_HUMAN","Protein S100-A4","P26447_K7_M1_17","GlyGly (K)",0.61635353272264,0.644696789200346,0.479622295041158,6,"Not significant"
"Unstim / LPS+Nigericin","PDIA3","P30101","P30101","PDIA3_HUMAN","Protein disulfide-isomerase A3","P30101_K252_M1_17","GlyGly (K)",-1.25856647725365,0.644696789200346,0.499549473621726,6,"Not significant"
"Unstim / LPS+Nigericin","RAB14","P61106","P61106","RAB14_HUMAN","Ras-related protein Rab-14","P61106_K156_M2_17","GlyGly (K)",-1.08317579329908,0.644696789200346,0.484747602042848,6,"Not significant"
"Unstim / LPS+Nigericin","RAB14","P61106","P61106","RAB14_HUMAN","Ras-related protein Rab-14","P61106_K140_M2_17","GlyGly (K)",-1.08317579329908,0.644696789200346,0.484747602042848,6,"Not significant"
"Unstim / LPS+Nigericin","ACTR3","P61158","P61158","ARP3_HUMAN","Actin-related protein 3","P61158_K69_M2_17","GlyGly (K)",-0.40642373252056,0.644696789200346,0.49453049089483,5,"Not significant"
"Unstim / LPS+Nigericin","AHNAK","Q09666","Q09666","AHNK_HUMAN","Neuroblast differentiation-associated protein AHNAK","Q09666_K2920_M2_17","GlyGly (K)",8.49548054442911,0.644696789200346,0.499818606092006,4,"Not significant"
"Unstim / LPS+Nigericin","EEA1","Q15075","Q15075","EEA1_HUMAN","Early endosome antigen 1","Q15075_K1055_M1_17","GlyGly (K)",0.989634982291538,0.644696789200346,0.486363316622238,6,"Not significant"
"Unstim / LPS+Nigericin","HP1BP3","Q5SSJ5","Q5SSJ5","HP1B3_HUMAN","Heterochromatin protein 1-binding protein 3","Q5SSJ5_K29_M2_17","GlyGly (K)",0.596358293319591,0.644696789200346,0.48003026885703,4,"Not significant"
"Unstim / LPS+Nigericin","ATXN2L","Q8WWM7","Q8WWM7","ATX2L_HUMAN","Ataxin-2-like protein","Q8WWM7_K3_M1_17","GlyGly (K)",0.590886366805816,0.644696789200346,0.493129905714682,6,"Not significant"
"Unstim / LPS+Nigericin","TMEM30A","Q9NV96","Q9NV96","CC50A_HUMAN","Cell cycle control protein 50A","Q9NV96_K155_M1_17","GlyGly (K)",0.53606110666253,0.644696789200346,0.490120793819244,6,"Not significant"
"Unstim / LPS+Nigericin","RUVBL2","Q9Y230","Q9Y230","RUVB2_HUMAN","RuvB-like 2","Q9Y230_K115_M1_17","GlyGly (K)",1.04099323824366,0.644696789200346,0.484064608526664,6,"Not significant"
"Unstim / LPS+Nigericin","HYOU1","Q9Y4L1","Q9Y4L1","HYOU1_HUMAN","Hypoxia up-regulated protein 1","Q9Y4L1_K774_M1_17","GlyGly (K)",-6.34361616641055,0.644696789200346,0.497815012898835,4,"Not significant"
"Unstim / LPS+Nigericin","ACAA1","P09110","P09110","THIK_HUMAN","3-ketoacyl-CoA thiolase, peroxisomal","P09110_K265_M2_17","GlyGly (K)",5.34990698191514,0.644696789200346,0.491735610304777,4,"Not significant"
"Unstim / LPS+Nigericin","MDH2","P40926","P40926","MDHM_HUMAN","Malate dehydrogenase, mitochondrial","P40926_K239_M2_17","GlyGly (K)",0.219017784119764,0.644696789200346,0.495178374409985,5,"Not significant"
"Unstim / LPS+Nigericin","ARL8B","Q9NVJ2","Q9NVJ2","ARL8B_HUMAN","ADP-ribosylation factor-like protein 8B","Q9NVJ2_K165_M2_17","GlyGly (K)",-7.40809919945857,0.644696789200346,0.500489241988908,4,"Not significant"
"Unstim / LPS+Nigericin","PAICS","P22234","P22234","PUR6_HUMAN","Bifunctional phosphoribosylaminoimidazole carboxylase/phosphoribosylaminoimidazole succinocarboxamide synthetase","P22234_K36_M2_17","GlyGly (K)",3.12430916177489,0.644696789200346,0.483856813465143,5,"Not significant"
"Unstim / LPS+Nigericin","MLLT1","Q03111","Q03111","ENL_HUMAN","Protein ENL","Q03111_K262_M2_17","GlyGly (K)",-10.0643023475909,0.644696789200346,0.499993039669815,4,"Not significant"
"Unstim / LPS+Nigericin","FBLL1","A6NHQ2","A6NHQ2","FBLL1_HUMAN","rRNA/tRNA 2'-O-methyltransferase fibrillarin-like protein 1","A6NHQ2_K170_M1_17","GlyGly (K)",-0.921235398965144,0.645815681183275,0.509741523778495,6,"Not significant"
"Unstim / LPS+Nigericin","H2AC4;H2AC25","P04908;Q7L7L0","P04908;Q7L7L0","H2A1B_HUMAN;H2A3_HUMAN","Histone H2A type 1-B/E;Histone H2A type 3","P04908_K96_M1_17","GlyGly (K)",-0.626408441758657,0.645926740946507,0.510177294992314,6,"Not significant"
"Unstim / LPS+Nigericin","H2AC4;H2AC25","P04908;Q7L7L0","P04908;Q7L7L0","H2A1B_HUMAN;H2A3_HUMAN","Histone H2A type 1-B/E;Histone H2A type 3","Q7L7L0_K96_M1_17","GlyGly (K)",-0.626408441758657,0.645926740946507,0.510177294992314,6,"Not significant"
"Unstim / LPS+Nigericin","KIF5B","P33176","P33176","KINH_HUMAN","Kinesin-1 heavy chain","P33176_K402_M2_17","GlyGly (K)",2.25463957366808,0.646079286894697,0.510620303626096,5,"Not significant"
"Unstim / LPS+Nigericin","RAP1B","P61224","P61224","RAP1B_HUMAN","Ras-related protein Rap-1b","P61224_K42_M1_17","GlyGly (K)",-0.326205014570112,0.646954364154868,0.513948343520954,6,"Not significant"
"Unstim / LPS+Nigericin","TXNDC12","O95881","O95881","TXD12_HUMAN","Thioredoxin domain-containing protein 12","O95881_K123_M1_17","GlyGly (K)",0.790768910503247,0.647153668280328,0.51457189088245,6,"Not significant"
"Unstim / LPS+Nigericin","CANX","P27824","P27824","CALX_HUMAN","Calnexin","P27824_K398_M1_17","GlyGly (K)",-0.517929062923493,0.648103154855387,0.518155392465229,6,"Not significant"
"Unstim / LPS+Nigericin","ACTR2","P61160","P61160","ARP2_HUMAN","Actin-related protein 2","P61160_K46_M2_17","GlyGly (K)",-0.472429325232439,0.648649359340591,0.52019862534525,5,"Not significant"
"Unstim / LPS+Nigericin","MATK","P42679","P42679","MATK_HUMAN","Megakaryocyte-associated tyrosine-protein kinase","P42679_K116_M1_17","GlyGly (K)",-0.993084412174813,0.648692572968395,0.520321087276964,6,"Not significant"
"Unstim / LPS+Nigericin","MDH2","P40926","P40926","MDHM_HUMAN","Malate dehydrogenase, mitochondrial","P40926_K241_M2_17","GlyGly (K)",0.932391446979364,0.649921547735372,0.524521591764464,4,"Not significant"
"Unstim / LPS+Nigericin","CAP1","Q01518","Q01518","CAP1_HUMAN","Adenylyl cyclase-associated protein 1","Q01518_K328_M1_17","GlyGly (K)",0.826760331114079,0.650501951379964,0.52604842624853,6,"Not significant"
"Unstim / LPS+Nigericin","ALDOA","P04075","P04075","ALDOA_HUMAN","Fructose-bisphosphate aldolase A","P04075_K153_M1_17","GlyGly (K)",0.62097870439937,0.651887520019412,0.530023546478936,6,"Not significant"
"Unstim / LPS+Nigericin","EHD1","Q9H4M9","Q9H4M9","EHD1_HUMAN","EH domain-containing protein 1","Q9H4M9_K13_M1_17","GlyGly (K)",-0.52319358782867,0.652000207754388,0.530391831238657,6,"Not significant"
"Unstim / LPS+Nigericin","CLTC","Q00610","Q00610","CLH1_HUMAN","Clathrin heavy chain 1","Q00610_K951_M1_17","GlyGly (K)",0.352418720618938,0.652456201636058,0.531604995201723,6,"Not significant"
"Unstim / LPS+Nigericin","HNRNPH1","P31943","P31943","HNRH1_HUMAN","Heterogeneous nuclear ribonucleoprotein H","P31943_K35_M1_17","GlyGly (K)",2.02667907142923,0.652469163587649,0.531638896447772,6,"Not significant"
"Unstim / LPS+Nigericin","EEA1","Q15075","Q15075","EEA1_HUMAN","Early endosome antigen 1","Q15075_K813_M1_17","GlyGly (K)",0.95822934292604,0.653652925488473,0.535262860266846,6,"Not significant"
"Unstim / LPS+Nigericin","MATR3","P43243","P43243","MATR3_HUMAN","Matrin-3","P43243_K132_M1_17","GlyGly (K)",1.17779891474169,0.656161150463838,0.542765090516251,6,"Not significant"
"Unstim / LPS+Nigericin","HSPA5","P11021","P11021","BIP_HUMAN","Endoplasmic reticulum chaperone BiP","P11021_K185_M1_17","GlyGly (K)",1.91024927650394,0.656269597913194,0.543099364464337,6,"Not significant"
"Unstim / LPS+Nigericin","HSPA1A;HSPA1B","P0DMV8;P0DMV9","P0DMV8;P0DMV9","HS71A_HUMAN;HS71B_HUMAN","Heat shock 70 kDa protein 1A;Heat shock 70 kDa protein 1B","P0DMV8_K573_M1_17","GlyGly (K)",1.70526281111542,0.657351116732961,0.546261040702062,6,"Not significant"
"Unstim / LPS+Nigericin","HSPA1A;HSPA1B","P0DMV8;P0DMV9","P0DMV8;P0DMV9","HS71A_HUMAN;HS71B_HUMAN","Heat shock 70 kDa protein 1A;Heat shock 70 kDa protein 1B","P0DMV9_K573_M1_17","GlyGly (K)",1.70526281111542,0.657351116732961,0.546261040702062,6,"Not significant"
"Unstim / LPS+Nigericin","ANXA6","P08133","P08133","ANXA6_HUMAN","Annexin A6","P08133_K113_M2_17","GlyGly (K)",-0.88211326045374,0.65761867227633,0.547079674435928,6,"Not significant"
"Unstim / LPS+Nigericin","ANXA6","P08133","P08133","ANXA6_HUMAN","Annexin A6","P08133_K102_M2_17","GlyGly (K)",-0.88211326045374,0.65761867227633,0.547079674435928,6,"Not significant"
"Unstim / LPS+Nigericin","BAG3","O95817","O95817","BAG3_HUMAN","BAG family molecular chaperone regulator 3","O95817_K460_M1_17","GlyGly (K)",-1.11677718792289,0.658445666709896,0.549680829763172,6,"Not significant"
"Unstim / LPS+Nigericin","CFL1","P23528","P23528","COF1_HUMAN","Cofilin-1","P23528_K53_M1_17","GlyGly (K)",1.83348028956538,0.658607290511043,0.550219865117426,6,"Not significant"
"Unstim / LPS+Nigericin","PRSS1","Cont_P00760","Cont_P00760","TRY1_BOVIN","Serine protease 1","Cont_P00760_K112_M2_17","GlyGly (K)",-0.0799419261686693,0.658848571677317,0.550981713504823,5,"Not significant"
"Unstim / LPS+Nigericin","TMPO","P42166","P42166","LAP2A_HUMAN","Lamina-associated polypeptide 2, isoform alpha","P42166_K15_M1_17","GlyGly (K)",1.82921295481596,0.658890213141526,0.551085735478177,6,"Not significant"
"Unstim / LPS+Nigericin","PKM","P14618","P14618","KPYM_HUMAN","Pyruvate kinase PKM","P14618_K125_M1_17","GlyGly (K)",0.358834788974495,0.659795549880249,0.553790061330924,6,"Not significant"
"Unstim / LPS+Nigericin","ANXA1","P04083","P04083","ANXA1_HUMAN","Annexin A1","P04083_K214_M1_17","GlyGly (K)",-0.355911797252483,0.659990797930218,0.554333191183627,6,"Not significant"
"Unstim / LPS+Nigericin","AHNAK","Q09666","Q09666","AHNK_HUMAN","Neuroblast differentiation-associated protein AHNAK","Q09666_K696_M1_17","GlyGly (K)",0.216425703948947,0.659993105592153,0.554366893235515,6,"Not significant"
"Unstim / LPS+Nigericin","POTEF","A5A3E0","A5A3E0","POTEF_HUMAN","POTE ankyrin domain family member F","A5A3E0_K938_M1_17","GlyGly (K)",1.76407299121631,0.660722343108454,0.55642297948057,6,"Not significant"
"Unstim / LPS+Nigericin","PSMC2","P35998","P35998","PRS7_HUMAN","26S proteasome regulatory subunit 7","P35998_K66_M1_17","GlyGly (K)",0.896622144796609,0.660965786844299,0.557271342814903,6,"Not significant"
"Unstim / LPS+Nigericin","AHNAK","Q09666","Q09666","AHNK_HUMAN","Neuroblast differentiation-associated protein AHNAK","Q09666_K2773_M2_17","GlyGly (K)",-0.208736600704332,0.661434088782427,0.558560860706121,6,"Not significant"
"Unstim / LPS+Nigericin","ACADM","P11310","P11310","ACADM_HUMAN","Medium-chain specific acyl-CoA dehydrogenase, mitochondrial","P11310_K69_M1_17","GlyGly (K)",-0.918259430003265,0.661562929477563,0.558949366264571,6,"Not significant"
"Unstim / LPS+Nigericin","RAB1A","P62820","P62820","RAB1A_HUMAN","Ras-related protein Rab-1A","P62820_K156_M1_17","GlyGly (K)",-0.25961158969428,0.663118052585464,0.563636344695803,6,"Not significant"
"Unstim / LPS+Nigericin","ACAT2","Q9BWD1","Q9BWD1","THIC_HUMAN","Acetyl-CoA acetyltransferase, cytosolic","Q9BWD1_K200_M1_17","GlyGly (K)",-0.328946894577529,0.664106870352062,0.566785503205147,6,"Not significant"
"Unstim / LPS+Nigericin","DNAJB11","Q9UBS4","Q9UBS4","DJB11_HUMAN","DnaJ homolog subfamily B member 11","Q9UBS4_K66_M1_17","GlyGly (K)",-0.42284510726931,0.66452963267057,0.568150880356009,6,"Not significant"
"Unstim / LPS+Nigericin","SLC2A3","P11169","P11169","GTR3_HUMAN","Solute carrier family 2, facilitated glucose transporter member 3","P11169_K243_M1_17","GlyGly (K)",0.218272041381116,0.665161290107935,0.570011586851577,6,"Not significant"
"Unstim / LPS+Nigericin","MYO1E","Q12965","Q12965","MYO1E_HUMAN","Unconventional myosin-Ie","Q12965_K679_M1_17","GlyGly (K)",0.305270371165279,0.665223074626625,0.570267617924568,6,"Not significant"
"Unstim / LPS+Nigericin","SRSF7","Q16629","Q16629","SRSF7_HUMAN","Serine/arginine-rich splicing factor 7","Q16629_K24_M1_17","GlyGly (K)",1.01004435871091,0.666851476214183,0.575185214819445,6,"Not significant"
"Unstim / LPS+Nigericin","VIM","P08670","P08670","VIME_HUMAN","Vimentin","P08670_K104_M1_17","GlyGly (K)",0.764784392193517,0.667329661483019,0.576708838268799,6,"Not significant"
"Unstim / LPS+Nigericin","SPN","P16150","P16150","LEUK_HUMAN","Leukosialin","P16150_K350_M1_17","GlyGly (K)",-0.884184740567126,0.667650529174103,0.577538633112459,6,"Not significant"
"Unstim / LPS+Nigericin","HSP90AA1","P07900","P07900","HS90A_HUMAN","Heat shock protein HSP 90-alpha","P07900_K443_M1_17","GlyGly (K)",0.598095684987077,0.667762798641666,0.577857054016012,6,"Not significant"
"Unstim / LPS+Nigericin","NELFA","Q9H3P2","Q9H3P2","NELFA_HUMAN","Negative elongation factor A","Q9H3P2_K288_M1_17","GlyGly (K)",1.47073254979228,0.667805915107096,0.57796128730369,6,"Not significant"
"Unstim / LPS+Nigericin","NUCB1","Q02818","Q02818","NUCB1_HUMAN","Nucleobindin-1","Q02818_K439_M1_17","GlyGly (K)",1.57469972159259,0.668058803068273,0.578738934173959,6,"Not significant"
"Unstim / LPS+Nigericin","ANXA5","P08758","P08758","ANXA5_HUMAN","Annexin A5","P08758_K70_M1_17","GlyGly (K)",-0.58659144720844,0.668123950252188,0.578904374869492,6,"Not significant"
"Unstim / LPS+Nigericin","TPI1","P60174","P60174","TPIS_HUMAN","Triosephosphate isomerase","P60174_K238_M1_17","GlyGly (K)",0.512722005478759,0.668239401376021,0.579364547488958,6,"Not significant"
"Unstim / LPS+Nigericin","GAPDH","P04406","P04406","G3P_HUMAN","Glyceraldehyde-3-phosphate dehydrogenase","P04406_K139_M1_17","GlyGly (K)",-0.600895894207738,0.668717355282157,0.581125092331102,6,"Not significant"
"Unstim / LPS+Nigericin","NUDC","Q9Y266","Q9Y266","NUDC_HUMAN","Nuclear migration protein nudC","Q9Y266_K275_M1_17","GlyGly (K)",0.297754873725673,0.67031557462437,0.585868345553973,6,"Not significant"
"Unstim / LPS+Nigericin","TFRC","P02786","P02786","TFR1_HUMAN","Transferrin receptor protein 1","P02786_K134_M1_17","GlyGly (K)",-0.786787075952342,0.670709580815739,0.587108292106499,6,"Not significant"
"Unstim / LPS+Nigericin","RPL14","P50914","P50914","RL14_HUMAN","Large ribosomal subunit protein eL14","P50914_K160_M1_17","GlyGly (K)",0.915497331221461,0.670739573489852,0.587175996121826,6,"Not significant"
"Unstim / LPS+Nigericin","SND1","Q7KZF4","Q7KZF4","SND1_HUMAN","Staphylococcal nuclease domain-containing protein 1","Q7KZF4_K93_M1_17","GlyGly (K)",1.50312225891332,0.670760136411597,0.587255133425781,6,"Not significant"
"Unstim / LPS+Nigericin","HSPD1","P10809","P10809","CH60_HUMAN","60 kDa heat shock protein, mitochondrial","P10809_K389_M2_17","GlyGly (K)",0.37009500867215,0.671027650802375,0.587972279130653,6,"Not significant"
"Unstim / LPS+Nigericin","HSPD1","P10809","P10809","CH60_HUMAN","60 kDa heat shock protein, mitochondrial","P10809_K387_M2_17","GlyGly (K)",0.37009500867215,0.671027650802375,0.587972279130653,6,"Not significant"
"Unstim / LPS+Nigericin","SMCHD1","A6NHR9","A6NHR9","SMHD1_HUMAN","Structural maintenance of chromosomes flexible hinge domain-containing protein 1","A6NHR9_K1798_M2_17","GlyGly (K)",1.81046710723218,0.672073962678258,0.591395400846085,5,"Not significant"
"Unstim / LPS+Nigericin","ITGB1","P05556","P05556","ITB1_HUMAN","Integrin beta-1","P05556_K190_M1_17","GlyGly (K)",-0.829060905055311,0.672699318835462,0.593184976530563,6,"Not significant"
"Unstim / LPS+Nigericin","GPI","P06744","P06744","G6PI_HUMAN","Glucose-6-phosphate isomerase","P06744_K211_M1_17","GlyGly (K)",0.278199077514237,0.672873914303006,0.593795421418668,6,"Not significant"
"Unstim / LPS+Nigericin","GOLGA2","Q08379","Q08379","GOGA2_HUMAN","Golgin subfamily A member 2","Q08379_K280_M1_17","GlyGly (K)",-0.293561239733821,0.67292541188943,0.593925438868363,6,"Not significant"
"Unstim / LPS+Nigericin","TUBB3","Q13509","Q13509","TBB3_HUMAN","Tubulin beta-3 chain","Q13509_K324_M1_17","GlyGly (K)",1.08332916900551,0.67329531772651,0.595036555768015,6,"Not significant"
"Unstim / LPS+Nigericin","SAMHD1","Q9Y3Z3","Q9Y3Z3","SAMH1_HUMAN","Deoxynucleoside triphosphate triphosphohydrolase SAMHD1","Q9Y3Z3_K354_M1_17","GlyGly (K)",0.169392549513326,0.673395643605386,0.595356051240168,6,"Not significant"
"Unstim / LPS+Nigericin","PML","P29590","P29590","PML_HUMAN","Protein PML","P29590_K209_M1_17","GlyGly (K)",0.369965316693202,0.673584704425967,0.595896053176606,6,"Not significant"
"Unstim / LPS+Nigericin","CUX1","P39880","P39880","CUX1_HUMAN","Homeobox protein cut-like 1","P39880_K272_M1_17","GlyGly (K)",0.293306975933099,0.673610658502087,0.595996813197197,6,"Not significant"
"Unstim / LPS+Nigericin","ATP1A1","P05023","P05023","AT1A1_HUMAN","Sodium/potassium-transporting ATPase subunit alpha-1","P05023_K177_M1_17","GlyGly (K)",-0.839503696594678,0.673838290745682,0.596737833650362,6,"Not significant"
"Unstim / LPS+Nigericin","RAB1A","P62820","P62820","RAB1A_HUMAN","Ras-related protein Rab-1A","P62820_K140_M1_17","GlyGly (K)",-0.357438091941176,0.674759661506008,0.599482894635897,6,"Not significant"
"Unstim / LPS+Nigericin","HSPA1A;HSPA1B","P0DMV8;P0DMV9","P0DMV8;P0DMV9","HS71A_HUMAN;HS71B_HUMAN","Heat shock 70 kDa protein 1A;Heat shock 70 kDa protein 1B","P0DMV8_K128_M1_17","GlyGly (K)",0.413482110112122,0.675324760251228,0.601115087388111,6,"Not significant"
"Unstim / LPS+Nigericin","HSPA1A;HSPA1B","P0DMV8;P0DMV9","P0DMV8;P0DMV9","HS71A_HUMAN;HS71B_HUMAN","Heat shock 70 kDa protein 1A;Heat shock 70 kDa protein 1B","P0DMV9_K128_M1_17","GlyGly (K)",0.413482110112122,0.675324760251228,0.601115087388111,6,"Not significant"
"Unstim / LPS+Nigericin","BASP1","P80723","P80723","BASP1_HUMAN","Brain acid soluble protein 1","P80723_K97_M2_17","GlyGly (K)",1.39787005637528,0.67839156811727,0.610092250060577,5,"Not significant"
"Unstim / LPS+Nigericin","AHNAK","Q09666","Q09666","AHNK_HUMAN","Neuroblast differentiation-associated protein AHNAK","Q09666_K4898_M1_17","GlyGly (K)",0.731925040090395,0.678449716856576,0.610241608778402,6,"Not significant"
"Unstim / LPS+Nigericin","PDIA6","Q15084","Q15084","PDIA6_HUMAN","Protein disulfide-isomerase A6","Q15084_K373_M1_17","GlyGly (K)",-0.157113704343021,0.679129213257897,0.612372957659582,6,"Not significant"
"Unstim / LPS+Nigericin","ARHGDIA","P52565","P52565","GDIR1_HUMAN","Rho GDP-dissociation inhibitor 1","P52565_K167_M1_17","GlyGly (K)",0.629964759005628,0.679407288107733,0.613201212863746,6,"Not significant"
"Unstim / LPS+Nigericin","AHNAK","Q09666","Q09666","AHNK_HUMAN","Neuroblast differentiation-associated protein AHNAK","Q09666_K5744_M2_17","GlyGly (K)",0.854343119828667,0.679816657104139,0.614578347042637,5,"Not significant"
"Unstim / LPS+Nigericin","COMT","P21964","P21964","COMT_HUMAN","Catechol O-methyltransferase","P21964_K95_M2_17","GlyGly (K)",1.2526688706398,0.680177887771971,0.615555772278961,6,"Not significant"
"Unstim / LPS+Nigericin","COMT","P21964","P21964","COMT_HUMAN","Catechol O-methyltransferase","P21964_K86_M2_17","GlyGly (K)",1.2526688706398,0.680177887771971,0.615555772278961,6,"Not significant"
"Unstim / LPS+Nigericin","OSBPL8","Q9BZF1","Q9BZF1","OSBL8_HUMAN","Oxysterol-binding protein-related protein 8","Q9BZF1_K482_M1_17","GlyGly (K)",0.758225226330152,0.682017120682135,0.620997084810792,6,"Not significant"
"Unstim / LPS+Nigericin","HSPA6","P17066","P17066","HSP76_HUMAN","Heat shock 70 kDa protein 6","P17066_K58_M1_17","GlyGly (K)",0.345893044076407,0.682947215812286,0.623776599959977,6,"Not significant"
"Unstim / LPS+Nigericin","PFN1","P07737","P07737","PROF1_HUMAN","Profilin-1","P07737_K116_M1_17","GlyGly (K)",0.231655892483505,0.683807149491318,0.626456461256696,6,"Not significant"
"Unstim / LPS+Nigericin","DNAJB11","Q9UBS4","Q9UBS4","DJB11_HUMAN","DnaJ homolog subfamily B member 11","Q9UBS4_K328_M1_17","GlyGly (K)",0.274132867335633,0.685255434567357,0.63083995591049,6,"Not significant"
"Unstim / LPS+Nigericin","TGFB1","P01137","P01137","TGFB1_HUMAN","Transforming growth factor beta-1 proprotein","P01137_K291_M1_17","GlyGly (K)",-0.32534063273952,0.685338852425552,0.631091297982039,6,"Not significant"
"Unstim / LPS+Nigericin","PPA1","Q15181","Q15181","IPYR_HUMAN","Inorganic pyrophosphatase","Q15181_K282_M1_17","GlyGly (K)",0.213558414729359,0.68538108185789,0.631191300669359,6,"Not significant"
"Unstim / LPS+Nigericin","EIF3B","P55884","P55884","EIF3B_HUMAN","Eukaryotic translation initiation factor 3 subunit B","P55884_K552_M2_17","GlyGly (K)",0.351338351604485,0.685630553767118,0.631990937372179,5,"Not significant"
"Unstim / LPS+Nigericin","NCF2","P19878","P19878","NCF2_HUMAN","Neutrophil cytosol factor 2","P19878_K92_M1_17","GlyGly (K)",1.06495667075954,0.685812460275935,0.63249745245989,6,"Not significant"
"Unstim / LPS+Nigericin","HSPE1","P61604","P61604","CH10_HUMAN","10 kDa heat shock protein, mitochondrial","P61604_K80_M1_17","GlyGly (K)",-0.767108888249998,0.685995964533138,0.633063246174196,6,"Not significant"
"Unstim / LPS+Nigericin","ETFB","P38117","P38117","ETFB_HUMAN","Electron transfer flavoprotein subunit beta","P38117_K23_M1_17","GlyGly (K)",-0.15029124487027,0.686060468869005,0.633364991454281,6,"Not significant"
"Unstim / LPS+Nigericin","GPX1","P07203","P07203","GPX1_HUMAN","Glutathione peroxidase 1","P07203_K166_M1_17","GlyGly (K)",-1.07382489871442,0.686656702711033,0.635424121194926,6,"Not significant"
"Unstim / LPS+Nigericin","XRCC6","P12956","P12956","XRCC6_HUMAN","X-ray repair cross-complementing protein 6","P12956_K351_M1_17","GlyGly (K)",0.592892760341071,0.687307163224172,0.637486029799245,6,"Not significant"
"Unstim / LPS+Nigericin","XIRP1","Q702N8","Q702N8","XIRP1_HUMAN","Xin actin-binding repeat-containing protein 1","Q702N8_K230_M2_17","GlyGly (K)",-0.778342397806225,0.687857454904786,0.639438932948026,6,"Not significant"
"Unstim / LPS+Nigericin","HMGA1","P17096","P17096","HMGA1_HUMAN","High mobility group protein HMG-I/HMG-Y","P17096_K18_M2_17","GlyGly (K)",1.40774348946069,0.689392223351962,0.644548492398376,5,"Not significant"
"Unstim / LPS+Nigericin","SUMO3","P55854","P55854","SUMO3_HUMAN","Small ubiquitin-related modifier 3","P55854_K20_M1_17","GlyGly (K)",1.18686656234451,0.689516163652934,0.644899894234036,6,"Not significant"
"Unstim / LPS+Nigericin","ANXA2","P07355","P07355","ANXA2_HUMAN","Annexin A2","P07355_K49_M2_17","GlyGly (K)",-0.593880066450927,0.691521357838897,0.650833061820133,6,"Not significant"
"Unstim / LPS+Nigericin","ANXA2","P07355","P07355","ANXA2_HUMAN","Annexin A2","P07355_K47_M2_17","GlyGly (K)",-0.593880066450927,0.691521357838897,0.650833061820133,6,"Not significant"
"Unstim / LPS+Nigericin","SUMF1","Q8NBK3","Q8NBK3","SUMF1_HUMAN","Formylglycine-generating enzyme","Q8NBK3_K109_M1_17","GlyGly (K)",0.563281797369204,0.691611321030627,0.651102746043766,6,"Not significant"
"Unstim / LPS+Nigericin","LMNA","P02545","P02545","LMNA_HUMAN","Prelamin-A/C","P02545_K201_M1_17","GlyGly (K)",-0.859861110862987,0.692669624711323,0.654242936373774,6,"Not significant"
"Unstim / LPS+Nigericin","HINT1","P49773","P49773","HINT1_HUMAN","Adenosine 5'-monophosphoramidase HINT1","P49773_K30_M1_17","GlyGly (K)",-1.07507473197473,0.692984211835035,0.655197739511724,6,"Not significant"
"Unstim / LPS+Nigericin","SYNCRIP","O60506","O60506","HNRPQ_HUMAN","Heterogeneous nuclear ribonucleoprotein Q","O60506_K363_M2_17","GlyGly (K)",-0.718270562566209,0.693888079986938,0.657748083103712,6,"Not significant"
"Unstim / LPS+Nigericin","BASP1","P80723","P80723","BASP1_HUMAN","Brain acid soluble protein 1","P80723_K102_M2_17","GlyGly (K)",0.883608858432756,0.694008783333242,0.658101475356904,6,"Not significant"
"Unstim / LPS+Nigericin","P4HB","P07237","P07237","PDIA1_HUMAN","Protein disulfide-isomerase","P07237_K366_M1_17","GlyGly (K)",0.159626201516289,0.694009148713464,0.658105022794917,6,"Not significant"
"Unstim / LPS+Nigericin","HSPA13","P48723","P48723","HSP13_HUMAN","Heat shock 70 kDa protein 13","P48723_K396_M1_17","GlyGly (K)",0.213626737749953,0.696117243651762,0.665087546653334,6,"Not significant"
"Unstim / LPS+Nigericin","SSBP1","Q04837","Q04837","SSBP_HUMAN","Single-stranded DNA-binding protein, mitochondrial","Q04837_K145_M1_17","GlyGly (K)",-0.221765944515428,0.696147330297156,0.665231998113695,6,"Not significant"
"Unstim / LPS+Nigericin","RNASE2","P10153","P10153","RNAS2_HUMAN","Non-secretory ribonuclease","P10153_K93_M1_17","GlyGly (K)",0.899167782554725,0.696469740445481,0.666337191354136,6,"Not significant"
"Unstim / LPS+Nigericin","ACTB","Cont_P60712;P60709","Cont_P60712;P60709","ACTB_BOVIN;ACTB_HUMAN","Actin, cytoplasmic 1;Actin, cytoplasmic 1","Cont_P60712_K50_M1_17","GlyGly (K)",0.546952781557611,0.697334630393776,0.669330172872803,6,"Not significant"
"Unstim / LPS+Nigericin","ACTB","Cont_P60712;P60709","Cont_P60712;P60709","ACTB_BOVIN;ACTB_HUMAN","Actin, cytoplasmic 1;Actin, cytoplasmic 1","P60709_K50_M1_17","GlyGly (K)",0.546952781557611,0.697334630393776,0.669330172872803,6,"Not significant"
"Unstim / LPS+Nigericin","ALB","Cont_P02769","Cont_P02769","ALBU_BOVIN","Albumin","Cont_P02769_K463_M1_17","GlyGly (K)",0.564550214869399,0.698292752025652,0.672400414239668,6,"Not significant"
"Unstim / LPS+Nigericin","HSPA2","P54652","P54652","HSP72_HUMAN","Heat shock-related 70 kDa protein 2","P54652_K109_M2_17","GlyGly (K)",-0.797258349113043,0.700132008611955,0.678378587105084,5,"Not significant"
"Unstim / LPS+Nigericin","HNRNPU","Q00839","Q00839","HNRPU_HUMAN","Heterogeneous nuclear ribonucleoprotein U","Q00839_K436_M1_17","GlyGly (K)",-0.7357399289338,0.702886520627268,0.687341004610077,6,"Not significant"
"Unstim / LPS+Nigericin","DEF6","Q9H4E7","Q9H4E7","DEFI6_HUMAN","Differentially expressed in FDCP 6 homolog","Q9H4E7_K254_M1_17","GlyGly (K)",0.713898167825887,0.703572261504541,0.689767708788613,6,"Not significant"
"Unstim / LPS+Nigericin","NDRG1","Q92597","Q92597","NDRG1_HUMAN","Protein NDRG1","Q92597_K285_M1_17","GlyGly (K)",-0.692593266488224,0.703928165218273,0.690695651625703,6,"Not significant"
"Unstim / LPS+Nigericin","PDIA3","P30101","P30101","PDIA3_HUMAN","Protein disulfide-isomerase A3","P30101_K61_M1_17","GlyGly (K)",-0.462669645857988,0.705331036557924,0.695195448880083,6,"Not significant"
"Unstim / LPS+Nigericin","AK2","P54819","P54819","KAD2_HUMAN","Adenylate kinase 2, mitochondrial","P54819_K229_M1_17","GlyGly (K)",0.182653737917649,0.705415478250855,0.695564748759416,6,"Not significant"
"Unstim / LPS+Nigericin","KRT1","Cont_P04264;P04264","Cont_P04264;P04264","K2C1_HUMAN","Keratin, type II cytoskeletal 1;Keratin, type II cytoskeletal 1","Cont_P04264_K395_M1_17","GlyGly (K)",0.869551814526069,0.706451624796938,0.698691296501556,6,"Not significant"
"Unstim / LPS+Nigericin","KRT1","Cont_P04264;P04264","Cont_P04264;P04264","K2C1_HUMAN","Keratin, type II cytoskeletal 1;Keratin, type II cytoskeletal 1","P04264_K395_M1_17","GlyGly (K)",0.869551814526069,0.706451624796938,0.698691296501556,6,"Not significant"
"Unstim / LPS+Nigericin","HNRNPD","Q14103","Q14103","HNRPD_HUMAN","Heterogeneous nuclear ribonucleoprotein D0","Q14103_K218_M1_17","GlyGly (K)",-0.630725821725633,0.706762512984428,0.699507595141146,6,"Not significant"
"Unstim / LPS+Nigericin","ACTC1","P68032","P68032","ACTC_HUMAN","Actin, alpha cardiac muscle 1","P68032_K70_M1_17","GlyGly (K)",0.301868104975626,0.708273688627312,0.704534779564143,6,"Not significant"
"Unstim / LPS+Nigericin","SOD2","P04179","P04179","SODM_HUMAN","Superoxide dismutase [Mn], mitochondrial","P04179_K68_M1_17","GlyGly (K)",-0.563328600532244,0.710950078595932,0.713427760582008,6,"Not significant"
"Unstim / LPS+Nigericin","UGGT1","Q9NYU2","Q9NYU2","UGGG1_HUMAN","UDP-glucose:glycoprotein glucosyltransferase 1","Q9NYU2_K930_M1_17","GlyGly (K)",0.205718398890398,0.711154432454831,0.714084602400281,6,"Not significant"
"Unstim / LPS+Nigericin","TCP1","P17987","P17987","TCPA_HUMAN","T-complex protein 1 subunit alpha","P17987_K43_M1_17","GlyGly (K)",0.190169232973129,0.711983991058105,0.717029607911402,6,"Not significant"
"Unstim / LPS+Nigericin","ACTB","Cont_P60712;P60709","Cont_P60712;P60709","ACTB_BOVIN;ACTB_HUMAN","Actin, cytoplasmic 1;Actin, cytoplasmic 1","Cont_P60712_K18_M1_17","GlyGly (K)",0.144678942074827,0.71268282994028,0.719372856891811,6,"Not significant"
"Unstim / LPS+Nigericin","ACTB","Cont_P60712;P60709","Cont_P60712;P60709","ACTB_BOVIN;ACTB_HUMAN","Actin, cytoplasmic 1;Actin, cytoplasmic 1","P60709_K18_M1_17","GlyGly (K)",0.144678942074827,0.71268282994028,0.719372856891811,6,"Not significant"
"Unstim / LPS+Nigericin","XRN2","Q9H0D6","Q9H0D6","XRN2_HUMAN","5'-3' exoribonuclease 2","Q9H0D6_K533_M1_17","GlyGly (K)",-0.439933729703389,0.713459925669038,0.721969296856179,5,"Not significant"
"Unstim / LPS+Nigericin","DYNLRB1","Q9NP97","Q9NP97","DLRB1_HUMAN","Dynein light chain roadblock-type 1","Q9NP97_K75_M1_17","GlyGly (K)",0.419548055100153,0.713849937923712,0.723287264181104,4,"Not significant"
"Unstim / LPS+Nigericin","SUGT1","Q9Y2Z0","Q9Y2Z0","SGT1_HUMAN","Protein SGT1 homolog","Q9Y2Z0_K70_M2_17","GlyGly (K)",0.371409699275191,0.716525765312186,0.732156222153838,6,"Not significant"
"Unstim / LPS+Nigericin","SUGT1","Q9Y2Z0","Q9Y2Z0","SGT1_HUMAN","Protein SGT1 homolog","Q9Y2Z0_K69_M2_17","GlyGly (K)",0.371409699275191,0.716525765312186,0.732156222153838,6,"Not significant"
"Unstim / LPS+Nigericin","ALCAM","Q13740","Q13740","CD166_HUMAN","CD166 antigen","Q13740_K60_M1_17","GlyGly (K)",0.476674918084684,0.717901731224266,0.736440410570006,6,"Not significant"
"Unstim / LPS+Nigericin","LAMTOR5","O43504","O43504","LTOR5_HUMAN","Ragulator complex protein LAMTOR5","O43504_K14_M1_17","GlyGly (K)",-0.142482350418066,0.717905480585572,0.736524262580785,6,"Not significant"
"Unstim / LPS+Nigericin","MTF1","Q14872","Q14872","MTF1_HUMAN","Metal regulatory transcription factor 1","Q14872_K627_M1_17","GlyGly (K)",0.633286704025663,0.718541149997643,0.738703836063678,6,"Not significant"
"Unstim / LPS+Nigericin","LSM7","Q9UK45","Q9UK45","LSM7_HUMAN","U6 snRNA-associated Sm-like protein LSm7","Q9UK45_K8_M2_17","GlyGly (K)",-0.189438714517601,0.71862420544761,0.739005300441112,5,"Not significant"
"Unstim / LPS+Nigericin","ACTC1","P68032","P68032","ACTC_HUMAN","Actin, alpha cardiac muscle 1","P68032_K293_M1_17","GlyGly (K)",0.658422664418112,0.720099052992669,0.743557366980876,6,"Not significant"
"Unstim / LPS+Nigericin","IFIT3","O14879","O14879","IFIT3_HUMAN","Interferon-induced protein with tetratricopeptide repeats 3","O14879_K373_M1_17","GlyGly (K)",-0.265765810270297,0.72179552558949,0.749588939604578,5,"Not significant"
"Unstim / LPS+Nigericin","TOP2B","Q02880","Q02880","TOP2B_HUMAN","DNA topoisomerase 2-beta","Q02880_K251_M2_17","GlyGly (K)",-0.735338638043434,0.722108981332957,0.750538696069756,6,"Not significant"
"Unstim / LPS+Nigericin","EEF1A1","Cont_P68103;P68104","Cont_P68103;P68104","EF1A1_BOVIN;EF1A1_HUMAN","Elongation factor 1-alpha 1","Cont_P68103_K100_M1_17","GlyGly (K)",-0.134882064574754,0.722354548040562,0.751561172148272,6,"Not significant"
"Unstim / LPS+Nigericin","EEF1A1","Cont_P68103;P68104","Cont_P68103;P68104","EF1A1_BOVIN;EF1A1_HUMAN","Elongation factor 1-alpha 1","P68104_K100_M1_17","GlyGly (K)",-0.134882064574754,0.722354548040562,0.751561172148272,6,"Not significant"
"Unstim / LPS+Nigericin","ATP5F1A","P25705","P25705","ATPA_HUMAN","ATP synthase subunit alpha, mitochondrial","P25705_K161_M1_17","GlyGly (K)",-0.176512026933015,0.722882860753201,0.753395509150633,6,"Not significant"
"Unstim / LPS+Nigericin","RPS9","P46781","P46781","RS9_HUMAN","Small ribosomal subunit protein uS4","P46781_K101_M1_17","GlyGly (K)",0.396296360265747,0.723139023915156,0.754200249638595,6,"Not significant"
"Unstim / LPS+Nigericin","RPL4","P36578","P36578","RL4_HUMAN","Large ribosomal subunit protein uL4","P36578_K157_M1_17","GlyGly (K)",0.720601281617182,0.723254078533607,0.754627392680494,6,"Not significant"
"Unstim / LPS+Nigericin","HSPA5","P11021","P11021","BIP_HUMAN","Endoplasmic reticulum chaperone BiP","P11021_K81_M1_17","GlyGly (K)",-0.357339871471051,0.723523448670114,0.75553393605937,6,"Not significant"
"Unstim / LPS+Nigericin","HSPA4","P34932","P34932","HSP74_HUMAN","Heat shock 70 kDa protein 4","P34932_K219_M2_17","GlyGly (K)",0.522563627751573,0.723704382934916,0.756248037359263,5,"Not significant"
"Unstim / LPS+Nigericin","MTHFD1","P11586","P11586","C1TC_HUMAN","C-1-tetrahydrofolate synthase, cytoplasmic","P11586_K370_M1_17","GlyGly (K)",0.356141871803555,0.725455832188801,0.762304183196095,6,"Not significant"
"Unstim / LPS+Nigericin","RIDA","P52758","P52758","RIDA_HUMAN","2-iminobutanoate/2-iminopropanoate deaminase","P52758_K67_M2_17","GlyGly (K)",0.463209460391245,0.725510002753841,0.762541897949258,4,"Not significant"
"Unstim / LPS+Nigericin","GPI","P06744","P06744","G6PI_HUMAN","Glucose-6-phosphate isomerase","P06744_K194_M1_17","GlyGly (K)",-0.287018839710642,0.725731236970093,0.76323665027792,6,"Not significant"
"Unstim / LPS+Nigericin","WAS","P42768","P42768","WASP_HUMAN","Actin nucleation-promoting factor WAS","P42768_K235_M1_17","GlyGly (K)",-0.465299070860673,0.725830311880781,0.763602051152578,6,"Not significant"
"Unstim / LPS+Nigericin","IMPDH2","P12268","P12268","IMDH2_HUMAN","Inosine-5'-monophosphate dehydrogenase 2","P12268_K492_M1_17","GlyGly (K)",-0.203609920204977,0.726015013862682,0.76438780146909,6,"Not significant"
"Unstim / LPS+Nigericin","RAP2B","P61225","P61225","RAP2B_HUMAN","Ras-related protein Rap-2b","P61225_K5_M1_17","GlyGly (K)",-0.250717331564551,0.726979709819531,0.767545803079611,6,"Not significant"
"Unstim / LPS+Nigericin","AHNAK","Q09666","Q09666","AHNK_HUMAN","Neuroblast differentiation-associated protein AHNAK","Q09666_K4351_M2_17","GlyGly (K)",0.302748316372489,0.727141302247605,0.768015660433782,6,"Not significant"
"Unstim / LPS+Nigericin","AHNAK","Q09666","Q09666","AHNK_HUMAN","Neuroblast differentiation-associated protein AHNAK","Q09666_K4342_M2_17","GlyGly (K)",0.302748316372489,0.727141302247605,0.768015660433782,6,"Not significant"
"Unstim / LPS+Nigericin","ECHDC1","Q9NTX5","Q9NTX5","ECHD1_HUMAN","Ethylmalonyl-CoA decarboxylase","Q9NTX5_K301_M1_17","GlyGly (K)",0.112462534802321,0.727651880482052,0.769881108603997,6,"Not significant"
"Unstim / LPS+Nigericin","MACROH2A1","O75367","O75367","H2AY_HUMAN","Core histone macro-H2A.1","O75367_K282_M1_17","GlyGly (K)",-0.668148454548296,0.727673630346799,0.770011294111348,6,"Not significant"
"Unstim / LPS+Nigericin","NSMAF","Q92636","Q92636","FAN_HUMAN","Protein FAN","Q92636_K161_M1_17","GlyGly (K)",0.650600999503034,0.7296313883142,0.776874055438281,6,"Not significant"
"Unstim / LPS+Nigericin","IMP4","Q96G21","Q96G21","IMP4_HUMAN","U3 small nucleolar ribonucleoprotein protein IMP4","Q96G21_K129_M1_17","GlyGly (K)",0.359416659460818,0.730480635858888,0.779936982643648,6,"Not significant"
"Unstim / LPS+Nigericin","SOD2","P04179","P04179","SODM_HUMAN","Superoxide dismutase [Mn], mitochondrial","P04179_K75_M1_17","GlyGly (K)",-0.569017292433149,0.730819374258156,0.781049921232553,6,"Not significant"
"Unstim / LPS+Nigericin","ANXA8","P13928","P13928","ANXA8_HUMAN","Annexin A8","P13928_K112_M1_17","GlyGly (K)",0.619602974853142,0.73192593681728,0.785177221915784,6,"Not significant"
"Unstim / LPS+Nigericin","LMNA","P02545","P02545","LMNA_HUMAN","Prelamin-A/C","P02545_K144_M1_17","GlyGly (K)",0.0872965484085605,0.735848497517787,0.799369368156105,6,"Not significant"
"Unstim / LPS+Nigericin","SF3B2","Q13435","Q13435","SF3B2_HUMAN","Splicing factor 3B subunit 2","Q13435_K770_M1_17","GlyGly (K)",-0.390462079938529,0.736457378443904,0.801169898823948,6,"Not significant"
"Unstim / LPS+Nigericin","MYO18A","Q92614","Q92614","MY18A_HUMAN","Unconventional myosin-XVIIIa","Q92614_K1662_M1_17","GlyGly (K)",0.399134955412857,0.736842904009633,0.802556365229179,6,"Not significant"
"Unstim / LPS+Nigericin","CANX","P27824","P27824","CALX_HUMAN","Calnexin","P27824_K571_M2_17","GlyGly (K)",0.0123066023418251,0.737713843193211,0.805802845275988,6,"Not significant"
"Unstim / LPS+Nigericin","LRRC8B","Q6P9F7","Q6P9F7","LRC8B_HUMAN","Volume-regulated anion channel subunit LRRC8B","Q6P9F7_K588_M1_17","GlyGly (K)",-0.0537926302499072,0.739081849943858,0.810801423567901,6,"Not significant"
"Unstim / LPS+Nigericin","IGF2BP2","Q9Y6M1","Q9Y6M1","IF2B2_HUMAN","Insulin-like growth factor 2 mRNA-binding protein 2","Q9Y6M1_K530_M1_17","GlyGly (K)",0.518575371750077,0.739494591063986,0.812313711598285,6,"Not significant"
"Unstim / LPS+Nigericin","SRRT","Q9BXP5","Q9BXP5","SRRT_HUMAN","Serrate RNA effector molecule homolog","Q9BXP5_K391_M1_17","GlyGly (K)",-0.196852610830839,0.739776073406698,0.813364177544452,6,"Not significant"
"Unstim / LPS+Nigericin","VCP","P55072","P55072","TERA_HUMAN","Transitional endoplasmic reticulum ATPase","P55072_K426_M1_17","GlyGly (K)",-0.144514925983049,0.74018767399325,0.815014033782185,6,"Not significant"
"Unstim / LPS+Nigericin","ITGAM","P11215","P11215","ITAM_HUMAN","Integrin alpha-M","P11215_K912_M1_17","GlyGly (K)",0.071185620504434,0.740682226527004,0.816788717852023,6,"Not significant"
"Unstim / LPS+Nigericin","SOD2","P04179","P04179","SODM_HUMAN","Superoxide dismutase [Mn], mitochondrial","P04179_K114_M1_17","GlyGly (K)",0.0529328796107141,0.740706910067005,0.816943093652882,6,"Not significant"
"Unstim / LPS+Nigericin","IL1B","P01584","P01584","IL1B_HUMAN","Interleukin-1 beta","P01584_K171_M1_17","GlyGly (K)",-0.30744923713765,0.741285062925116,0.819110571225186,6,"Not significant"
"Unstim / LPS+Nigericin","MYO1E","Q12965","Q12965","MYO1E_HUMAN","Unconventional myosin-Ie","Q12965_K883_M2_17","GlyGly (K)",0.114218818183933,0.743271195436415,0.826244394266493,6,"Not significant"
"Unstim / LPS+Nigericin","MYO1E","Q12965","Q12965","MYO1E_HUMAN","Unconventional myosin-Ie","Q12965_K882_M2_17","GlyGly (K)",0.114218818183933,0.743271195436415,0.826244394266493,6,"Not significant"
"Unstim / LPS+Nigericin","PARP14","Q460N5","Q460N5","PAR14_HUMAN","Protein mono-ADP-ribosyltransferase PARP14","Q460N5_K1027_M2_17","GlyGly (K)",0.194376529558468,0.743358155180691,0.826595318907426,5,"Not significant"
"Unstim / LPS+Nigericin","ARL8B","Q9NVJ2","Q9NVJ2","ARL8B_HUMAN","ADP-ribosylation factor-like protein 8B","Q9NVJ2_K117_M1_17","GlyGly (K)",0.123853421668901,0.745248281140256,0.83382996201942,6,"Not significant"
"Unstim / LPS+Nigericin","H2BC21","Q16778","Q16778","H2B2E_HUMAN","Histone H2B type 2-E","Q16778_K58_M1_17","GlyGly (K)",-0.186513129199691,0.746103429363145,0.837525114266541,6,"Not significant"
"Unstim / LPS+Nigericin","SNAP23","O00161","O00161","SNP23_HUMAN","Synaptosomal-associated protein 23","O00161_K167_M1_17","GlyGly (K)",-0.0971514897179794,0.747078962865901,0.841137996290376,6,"Not significant"
"Unstim / LPS+Nigericin","MACROH2A1","O75367","O75367","H2AY_HUMAN","Core histone macro-H2A.1","O75367_K18_M1_17","GlyGly (K)",-0.0842597909853051,0.748582381373238,0.846588296074059,6,"Not significant"
"Unstim / LPS+Nigericin","HP1BP3","Q5SSJ5","Q5SSJ5","HP1B3_HUMAN","Heterochromatin protein 1-binding protein 3","Q5SSJ5_K334_M1_17","GlyGly (K)",0.240413002150218,0.749738954359691,0.850903710156612,6,"Not significant"
"Unstim / LPS+Nigericin","RAB44","Q7Z6P3","Q7Z6P3","RAB44_HUMAN","Ras-related protein Rab-44","Q7Z6P3_K880_M1_17","GlyGly (K)",0.114083469580749,0.75078603232646,0.854758744018947,6,"Not significant"
"Unstim / LPS+Nigericin","ANXA1","P04083","P04083","ANXA1_HUMAN","Annexin A1","P04083_K53_M1_17","GlyGly (K)",0.273198668713084,0.750979443446932,0.85556682508673,6,"Not significant"
"Unstim / LPS+Nigericin","ZMPSTE24","O75844","O75844","FACE1_HUMAN","CAAX prenyl protease 1 homolog","O75844_K325_M1_17","GlyGly (K)",-0.0723409982237796,0.751142182739693,0.856201248988222,6,"Not significant"
"Unstim / LPS+Nigericin","VDAC1","P21796","P21796","VDAC1_HUMAN","Voltage-dependent anion-selective channel protein 1","P21796_K256_M1_17","GlyGly (K)",0.0371625547782177,0.75159899144244,0.858042620656217,6,"Not significant"
"Unstim / LPS+Nigericin","HNRNPA3","P51991","P51991","ROA3_HUMAN","Heterogeneous nuclear ribonucleoprotein A3","P51991_K118_M1_17","GlyGly (K)",0.360706209855409,0.752532243584786,0.861684908131392,6,"Not significant"
"Unstim / LPS+Nigericin","BASP1","P80723","P80723","BASP1_HUMAN","Brain acid soluble protein 1","P80723_K150_M1_17","GlyGly (K)",0.0826844516185662,0.754290240543894,0.868724657525573,6,"Not significant"
"Unstim / LPS+Nigericin","UQCRC1","P31930","P31930","QCR1_HUMAN","Cytochrome b-c1 complex subunit 1, mitochondrial","P31930_K447_M1_17","GlyGly (K)",0.178310035378847,0.756873266541652,0.878633931366495,6,"Not significant"
"Unstim / LPS+Nigericin","MACROH2A1","O75367","O75367","H2AY_HUMAN","Core histone macro-H2A.1","O75367_K236_M2_17","GlyGly (K)",0.0512773778720107,0.757592250801505,0.881513777421683,6,"Not significant"
"Unstim / LPS+Nigericin","MACROH2A1","O75367","O75367","H2AY_HUMAN","Core histone macro-H2A.1","O75367_K233_M2_17","GlyGly (K)",0.0512773778720107,0.757592250801505,0.881513777421683,6,"Not significant"
"Unstim / LPS+Nigericin","CLIC4","Q9Y696","Q9Y696","CLIC4_HUMAN","Chloride intracellular channel protein 4","Q9Y696_K238_M1_17","GlyGly (K)",-0.0940799720212467,0.758274659490783,0.883931769475833,6,"Not significant"
"Unstim / LPS+Nigericin","HNRNPA3","P51991","P51991","ROA3_HUMAN","Heterogeneous nuclear ribonucleoprotein A3","P51991_K151_M2_17","GlyGly (K)",0.14568294990753,0.758864874027999,0.886261322351457,6,"Not significant"
"Unstim / LPS+Nigericin","HNRNPA3","P51991","P51991","ROA3_HUMAN","Heterogeneous nuclear ribonucleoprotein A3","P51991_K148_M2_17","GlyGly (K)",0.14568294990753,0.758864874027999,0.886261322351457,6,"Not significant"
"Unstim / LPS+Nigericin","MSN","P26038","P26038","MOES_HUMAN","Moesin","P26038_K438_M2_17","GlyGly (K)",-0.2030233618263,0.759127169204727,0.887221009153384,6,"Not significant"
"Unstim / LPS+Nigericin","MSN","P26038","P26038","MOES_HUMAN","Moesin","P26038_K437_M2_17","GlyGly (K)",-0.2030233618263,0.759127169204727,0.887221009153384,6,"Not significant"
"Unstim / LPS+Nigericin","PEPD","P12955","P12955","PEPD_HUMAN","Xaa-Pro dipeptidase","P12955_K17_M1_17","GlyGly (K)",0.159790404119603,0.75930264069065,0.888015830664038,6,"Not significant"
"Unstim / LPS+Nigericin","CD81","P60033","P60033","CD81_HUMAN","CD81 antigen","P60033_K144_M1_17","GlyGly (K)",0.291478526704815,0.760640547950788,0.893719139723876,6,"Not significant"
"Unstim / LPS+Nigericin","LRRFIP2","Q9Y608","Q9Y608","LRRF2_HUMAN","Leucine-rich repeat flightless-interacting protein 2","Q9Y608_K14_M1_17","GlyGly (K)",0.187553248054635,0.761696718765981,0.898006000154278,6,"Not significant"
"Unstim / LPS+Nigericin","RPL21","P46778","P46778","RL21_HUMAN","Large ribosomal subunit protein eL21","P46778_K122_M1_17","GlyGly (K)",-0.0418988568276623,0.762568070381275,0.901449499830745,6,"Not significant"
"Unstim / LPS+Nigericin","HP1BP3","Q5SSJ5","Q5SSJ5","HP1B3_HUMAN","Heterochromatin protein 1-binding protein 3","Q5SSJ5_K258_M1_17","GlyGly (K)",-0.254814318886836,0.763882748609595,0.906975559693957,6,"Not significant"
"Unstim / LPS+Nigericin","TMEM109","Q9BVC6","Q9BVC6","TM109_HUMAN","Voltage-gated monoatomic cation channel TMEM109","Q9BVC6_K46_M1_17","GlyGly (K)",-0.211167520400536,0.764534723100667,0.909518459718055,6,"Not significant"
"Unstim / LPS+Nigericin","ACTB","Cont_P60712;P60709","Cont_P60712;P60709","ACTB_BOVIN;ACTB_HUMAN","Actin, cytoplasmic 1;Actin, cytoplasmic 1","Cont_P60712_K215_M1_17","GlyGly (K)",-0.170375523671576,0.76540300132092,0.912867443912729,6,"Not significant"
"Unstim / LPS+Nigericin","ACTB","Cont_P60712;P60709","Cont_P60712;P60709","ACTB_BOVIN;ACTB_HUMAN","Actin, cytoplasmic 1;Actin, cytoplasmic 1","P60709_K215_M1_17","GlyGly (K)",-0.170375523671576,0.76540300132092,0.912867443912729,6,"Not significant"
"Unstim / LPS+Nigericin","ACSL1","P33121","P33121","ACSL1_HUMAN","Long-chain-fatty-acid--CoA ligase 1","P33121_K386_M1_17","GlyGly (K)",0.182986071087892,0.76644985456066,0.917335264894817,6,"Not significant"
"Unstim / LPS+Nigericin","VMA21","Q3ZAQ7","Q3ZAQ7","VMA21_HUMAN","Vacuolar ATPase assembly integral membrane protein VMA21","Q3ZAQ7_K6_M1_17","GlyGly (K)",-0.109773195630928,0.766583655745567,0.917780757197615,6,"Not significant"
"Unstim / LPS+Nigericin","HSPA2","P54652","P54652","HSP72_HUMAN","Heat shock-related 70 kDa protein 2","P54652_K113_M2_17","GlyGly (K)",0.127141644587523,0.768581296495228,0.926068203750766,5,"Not significant"
"Unstim / LPS+Nigericin","POTEKP","Q9BYX7","Q9BYX7","ACTBM_HUMAN","Putative beta-actin-like protein 3","Q9BYX7_K68_M1_17","GlyGly (K)",-0.0879381239088258,0.770343192366266,0.933473772374781,6,"Not significant"
"Unstim / LPS+Nigericin","PRKDC","P78527","P78527","PRKDC_HUMAN","DNA-dependent protein kinase catalytic subunit","P78527_K1422_M1_17","GlyGly (K)",-0.0437520153102842,0.771564128606723,0.93896878017784,6,"Not significant"
"Unstim / LPS+Nigericin","ACADM","P11310","P11310","ACADM_HUMAN","Medium-chain specific acyl-CoA dehydrogenase, mitochondrial","P11310_K217_M1_17","GlyGly (K)",0.0288645186394514,0.772247847154429,0.941727339946771,6,"Not significant"
"Unstim / LPS+Nigericin","CANX","P27824","P27824","CALX_HUMAN","Calnexin","P27824_K384_M1_17","GlyGly (K)",0.0697469279638798,0.772927395544336,0.944484912317243,6,"Not significant"
"Unstim / LPS+Nigericin","MRRF","Q96E11","Q96E11","RRFM_HUMAN","Ribosome-recycling factor, mitochondrial","Q96E11_K160_M1_17","GlyGly (K)",0.145370938795848,0.773056203163173,0.944955778119442,6,"Not significant"
"Unstim / LPS+Nigericin","CAST","P20810","P20810","ICAL_HUMAN","Calpastatin","P20810_K283_M1_17","GlyGly (K)",-0.0719192297121874,0.77366408281153,0.947791579047325,6,"Not significant"
"Unstim / LPS+Nigericin","RPLP1","P05386","P05386","RLA1_HUMAN","Large ribosomal subunit protein P1","P05386_K92_M1_17","GlyGly (K)",0.0723474515623361,0.773735363476904,0.948020253925691,6,"Not significant"
"Unstim / LPS+Nigericin","PDIA3","P30101","P30101","PDIA3_HUMAN","Protein disulfide-isomerase A3","P30101_K305_M1_17","GlyGly (K)",0.0233493852577417,0.774891021074416,0.952948738015062,6,"Not significant"
"Unstim / LPS+Nigericin","HSPA8","P11142","P11142","HSP7C_HUMAN","Heat shock cognate 71 kDa protein","P11142_K88_M1_17","GlyGly (K)",0.0442612920220654,0.776655443485335,0.960834061879837,6,"Not significant"
"Unstim / LPS+Nigericin","DHRS9","Q9BPW9","Q9BPW9","DHRS9_HUMAN","Dehydrogenase/reductase SDR family member 9","Q9BPW9_K180_M1_17","GlyGly (K)",-0.0461594526923123,0.77783506281363,0.965720441423727,6,"Not significant"
"Unstim / LPS+Nigericin","BRD2","P25440","P25440","BRD2_HUMAN","Bromodomain-containing protein 2","P25440_K10_M1_17","GlyGly (K)",-0.0295877344338103,0.777864043242863,0.965874850904444,6,"Not significant"
"Unstim / LPS+Nigericin","HADHA","P40939","P40939","ECHA_HUMAN","Trifunctional enzyme subunit alpha, mitochondrial","P40939_K267_M1_17","GlyGly (K)",-0.0171560581524614,0.778189856765188,0.9672870798997,6,"Not significant"
"Unstim / LPS+Nigericin","CKAP4","Q07065","Q07065","CKAP4_HUMAN","Cytoskeleton-associated protein 4","Q07065_K161_M1_17","GlyGly (K)",-0.01364775605159,0.780033289455426,0.975286857035112,6,"Not significant"
"Unstim / LPS+Nigericin","P4HB","P07237","P07237","PDIA1_HUMAN","Protein disulfide-isomerase","P07237_K415_M2_17","GlyGly (K)",-0.011005342184631,0.781051291280384,0.979707836485117,5,"Not significant"
"Unstim / LPS+Nigericin","CAT","P04040","P04040","CATA_HUMAN","Catalase","P04040_K499_M1_17","GlyGly (K)",-0.0281683404878173,0.783291916115316,0.989308294705607,6,"Not significant"
"Unstim / LPS+Nigericin","HSPA1L","P34931","P34931","HS71L_HUMAN","Heat shock 70 kDa protein 1-like","P34931_K332_M1_17","GlyGly (K)",-0.00770173567243669,0.783632053955157,0.990923003141823,6,"Not significant"
"Unstim / LPS+Nigericin","ANXA6","P08133","P08133","ANXA6_HUMAN","Annexin A6","P08133_K483_M2_17","GlyGly (K)",-0.00361297410070006,0.78517305241527,0.998245015414715,6,"Not significant"
"Unstim / LPS+Nigericin","MTHFD1","P11586","P11586","C1TC_HUMAN","C-1-tetrahydrofolate synthase, cytoplasmic","P11586_K760_M1_17","GlyGly (K)",-0.00396627444220566,0.785256758514583,0.998514432345217,6,"Not significant"
"Unstim / LPS+Nigericin","ANPEP","P15144","P15144","AMPN_HUMAN","Aminopeptidase N","P15144_K641_M1_17","GlyGly (K)",-0.00294235570431986,0.785336939532099,0.998915823157767,6,"Not significant"
