"Comparison (group1/group2)","Genes","UniProtIds","ProteinGroups","ProteinNames","ProteinDescriptions","Group","PTM.ModificationTitle","AVG Log2 Ratio","Qvalue","Pvalue","# of Ratios","Significance"
"Unstim / P3C4+Nigericin","RPL38","P63173","P63173","RL38_HUMAN","Large ribosomal subunit protein eL38","P63173_K9_M1_17","GlyGly (K)",1.00084742670021,0.399107711445612,0.00166895082426239,6,"Not significant"
"Unstim / P3C4+Nigericin","AARS1","P49588","P49588","SYAC_HUMAN","Alanine--tRNA ligase, cytoplasmic","P49588_K898_M1_17","GlyGly (K)",1.9564515498139,0.416583721846147,0.00320205814427321,6,"Not significant"
"Unstim / P3C4+Nigericin","RNH1","P13489","P13489","RINI_HUMAN","Ribonuclease inhibitor","P13489_K287_M1_17","GlyGly (K)",1.59089914313589,0.418500849286579,0.00346762079130176,6,"Not significant"
"Unstim / P3C4+Nigericin","CNDP2","Q96KP4","Q96KP4","CNDP2_HUMAN","Cytosolic non-specific dipeptidase","Q96KP4_K402_M1_17","GlyGly (K)",1.43521868638902,0.436680197576919,0.00615149536554228,6,"Not significant"
"Unstim / P3C4+Nigericin","ERLIN2","O94905","O94905","ERLN2_HUMAN","Erlin-2","O94905_K273_M2_17","GlyGly (K)",-8.83132460236597,0.44555783661794,0.00769011818356017,4,"Not significant"
"Unstim / P3C4+Nigericin","ZFC3H1","O60293","O60293","ZC3H1_HUMAN","Zinc finger C3H1 domain-containing protein","O60293_K687_M1_17","GlyGly (K)",2.51689049276606,0.450560557927841,0.00884474876244727,6,"Not significant"
"Unstim / P3C4+Nigericin","NCL","P19338","P19338","NUCL_HUMAN","Nucleolin","P19338_K537_M1_17","GlyGly (K)",1.44460290331785,0.451116646741107,0.00937545382050944,6,"Not significant"
"Unstim / P3C4+Nigericin","EEF1A1","Cont_P68103;P68104","Cont_P68103;P68104","EF1A1_BOVIN;EF1A1_HUMAN","Elongation factor 1-alpha 1","Cont_P68103_K408_M1_17","GlyGly (K)",2.40473893751781,0.45196104398822,0.0098473782084633,6,"Not significant"
"Unstim / P3C4+Nigericin","EEF1A1","Cont_P68103;P68104","Cont_P68103;P68104","EF1A1_BOVIN;EF1A1_HUMAN","Elongation factor 1-alpha 1","P68104_K408_M1_17","GlyGly (K)",2.40473893751781,0.45196104398822,0.0098473782084633,6,"Not significant"
"Unstim / P3C4+Nigericin","PGD","P52209","P52209","6PGD_HUMAN","6-phosphogluconate dehydrogenase, decarboxylating","P52209_K119_M2_17","GlyGly (K)",0.974304880570902,0.457577783177223,0.0113623067003947,6,"Not significant"
"Unstim / P3C4+Nigericin","PGD","P52209","P52209","6PGD_HUMAN","6-phosphogluconate dehydrogenase, decarboxylating","P52209_K117_M2_17","GlyGly (K)",0.974304880570902,0.457577783177223,0.0113623067003947,6,"Not significant"
"Unstim / P3C4+Nigericin","MMP9","P14780","P14780","MMP9_HUMAN","Matrix metalloproteinase-9","P14780_K65_M1_17","GlyGly (K)",0.288175904196119,0.45813855471559,0.0117271173758987,6,"Not significant"
"Unstim / P3C4+Nigericin","WDR5","P61964","P61964","WDR5_HUMAN","WD repeat-containing protein 5","P61964_K165_M1_17","GlyGly (K)",0.986647272351131,0.468248636230997,0.0147785091125991,6,"Not significant"
"Unstim / P3C4+Nigericin","JUNB","P17275","P17275","JUNB_HUMAN","Transcription factor JunB","P17275_K304_M1_17","GlyGly (K)",2.04440092190931,0.470213479008756,0.0157514828912288,6,"Not significant"
"Unstim / P3C4+Nigericin","HMBS","P08397","P08397","HEM3_HUMAN","Porphobilinogen deaminase","P08397_K157_M1_17","GlyGly (K)",1.36327438133617,0.470849145317753,0.0163176197055099,6,"Not significant"
"Unstim / P3C4+Nigericin","PRKDC","P78527","P78527","PRKDC_HUMAN","DNA-dependent protein kinase catalytic subunit","P78527_K4070_M1_17","GlyGly (K)",0.872189841439697,0.478575491851677,0.0195881033711283,6,"Not significant"
"Unstim / P3C4+Nigericin","RAB1B","Q9H0U4","Q9H0U4","RAB1B_HUMAN","Ras-related protein Rab-1B","Q9H0U4_K58_M2_17","GlyGly (K)",-9.3299124162114,0.478575491851677,0.0197274237743817,6,"Not significant"
"Unstim / P3C4+Nigericin","RAB1B","Q9H0U4","Q9H0U4","RAB1B_HUMAN","Ras-related protein Rab-1B","Q9H0U4_K55_M2_17","GlyGly (K)",-9.3299124162114,0.478575491851677,0.0197274237743817,6,"Not significant"
"Unstim / P3C4+Nigericin","AIDA","Q96BJ3","Q96BJ3","AIDA_HUMAN","Axin interactor, dorsalization-associated protein","Q96BJ3_K106_M1_17","GlyGly (K)",7.93656492009928,0.483025044729406,0.0211983851620809,6,"Not significant"
"Unstim / P3C4+Nigericin","GAPDH","P04406","P04406","G3P_HUMAN","Glyceraldehyde-3-phosphate dehydrogenase","P04406_K66_M1_17","GlyGly (K)",1.33911565167282,0.488419457812461,0.0234909065308917,6,"Not significant"
"Unstim / P3C4+Nigericin","DOCK8","Q8NF50","Q8NF50","DOCK8_HUMAN","Dedicator of cytokinesis protein 8","Q8NF50_K224_M1_17","GlyGly (K)",1.45667491746366,0.498107310778588,0.0291165769321402,6,"Not significant"
"Unstim / P3C4+Nigericin","PKM","P14618","P14618","KPYM_HUMAN","Pyruvate kinase PKM","P14618_K151_M1_17","GlyGly (K)",7.23400010723229,0.508940777601115,0.035699302895545,6,"Not significant"
"Unstim / P3C4+Nigericin","HGS","O14964","O14964","HGS_HUMAN","Hepatocyte growth factor-regulated tyrosine kinase substrate","O14964_K56_M1_17","GlyGly (K)",1.67354330872711,0.510235709219956,0.0368487655079426,6,"Not significant"
"Unstim / P3C4+Nigericin","ELOC","Q15369","Q15369","ELOC_HUMAN","Elongin-C","Q15369_K72_M1_17","GlyGly (K)",1.15274678326962,0.511123964737595,0.0373414747908372,6,"Not significant"
"Unstim / P3C4+Nigericin","BLMH","Q13867","Q13867","BLMH_HUMAN","Bleomycin hydrolase","Q13867_K244_M1_17","GlyGly (K)",1.17875617271398,0.512762701872753,0.0387352073833278,6,"Not significant"
"Unstim / P3C4+Nigericin","RAB13","P51153","P51153","RAB13_HUMAN","Ras-related protein Rab-13","P51153_K56_M2_17","GlyGly (K)",1.71891078769348,0.513682732713839,0.0396909667640018,6,"Not significant"
"Unstim / P3C4+Nigericin","RPS6","P62753","P62753","RS6_HUMAN","Small ribosomal subunit protein eS6","P62753_K119_M1_17","GlyGly (K)",0.648294950493924,0.518012434836503,0.0428796013817255,6,"Not significant"
"Unstim / P3C4+Nigericin","TOP2B","Q02880","Q02880","TOP2B_HUMAN","DNA topoisomerase 2-beta","Q02880_K104_M1_17","GlyGly (K)",1.66298938592109,0.521665688510759,0.0455687645447936,6,"Not significant"
"Unstim / P3C4+Nigericin","XRCC5","P13010","P13010","XRCC5_HUMAN","X-ray repair cross-complementing protein 5","P13010_K291_M1_17","GlyGly (K)",2.72925445721049,0.522881150502621,0.046402799120497,4,"Not significant"
"Unstim / P3C4+Nigericin","RAVER1","Q8IY67","Q8IY67","RAVR1_HUMAN","Ribonucleoprotein PTB-binding 1","Q8IY67_K434_M1_17","GlyGly (K)",4.60285069077162,0.527082657037401,0.05020201415988,6,"Not significant"
"Unstim / P3C4+Nigericin","THRAP3","Q9Y2W1","Q9Y2W1","TR150_HUMAN","Thyroid hormone receptor-associated protein 3","Q9Y2W1_K252_M1_17","GlyGly (K)",0.929548596580482,0.527893471613924,0.0507777095577154,6,"Not significant"
"Unstim / P3C4+Nigericin","H4C1","P62805","P62805","H4_HUMAN","Histone H4","P62805_K80_M1_17","GlyGly (K)",0.676676078268771,0.528767789398228,0.0515802484116761,6,"Not significant"
"Unstim / P3C4+Nigericin","RPS27A","P62979","P62979","RS27A_HUMAN","Ubiquitin-ribosomal protein eS31 fusion protein","P62979_K11_M1_17","GlyGly (K)",2.11882086903447,0.530717130176152,0.0534002704830599,6,"Not significant"
"Unstim / P3C4+Nigericin","HADHA","P40939","P40939","ECHA_HUMAN","Trifunctional enzyme subunit alpha, mitochondrial","P40939_K267_M1_17","GlyGly (K)",0.869591982410256,0.532342293817223,0.0559244555928951,6,"Not significant"
"Unstim / P3C4+Nigericin","HSD17B4","P51659","P51659","DHB4_HUMAN","Peroxisomal multifunctional enzyme type 2","P51659_K614_M1_17","GlyGly (K)",0.555587843689183,0.539377827043251,0.0632228768979223,6,"Not significant"
"Unstim / P3C4+Nigericin","RPL10L","Q96L21","Q96L21","RL10L_HUMAN","Ribosomal protein uL16-like","Q96L21_K187_M1_17","GlyGly (K)",1.76688278208535,0.540304562939511,0.0639140297487106,6,"Not significant"
"Unstim / P3C4+Nigericin","APEX1","P27695","P27695","APEX1_HUMAN","DNA-(apurinic or apyrimidinic site) endonuclease","P27695_K58_M2_17","GlyGly (K)",1.68081190105697,0.541725916674414,0.0652506906526457,6,"Not significant"
"Unstim / P3C4+Nigericin","SUMF1","Q8NBK3","Q8NBK3","SUMF1_HUMAN","Formylglycine-generating enzyme","Q8NBK3_K90_M1_17","GlyGly (K)",2.25691586603237,0.542883602013265,0.0661865477175986,6,"Not significant"
"Unstim / P3C4+Nigericin","GSPT2","Q8IYD1","Q8IYD1","ERF3B_HUMAN","Eukaryotic peptide chain release factor GTP-binding subunit ERF3B","Q8IYD1_K57_M1_17","GlyGly (K)",1.20358131223726,0.543001123055582,0.0664678707895458,6,"Not significant"
"Unstim / P3C4+Nigericin","AHNAK","Q09666","Q09666","AHNK_HUMAN","Neuroblast differentiation-associated protein AHNAK","Q09666_K2578_M1_17","GlyGly (K)",0.723251617907091,0.54310949412719,0.0666822343716997,6,"Not significant"
"Unstim / P3C4+Nigericin","AHNAK","Q09666","Q09666","AHNK_HUMAN","Neuroblast differentiation-associated protein AHNAK","Q09666_K4000_M1_17","GlyGly (K)",0.723251617907091,0.54310949412719,0.0666822343716997,6,"Not significant"
"Unstim / P3C4+Nigericin","AHNAK","Q09666","Q09666","AHNK_HUMAN","Neuroblast differentiation-associated protein AHNAK","Q09666_K4256_M1_17","GlyGly (K)",0.723251617907091,0.54310949412719,0.0666822343716997,6,"Not significant"
"Unstim / P3C4+Nigericin","AHNAK","Q09666","Q09666","AHNK_HUMAN","Neuroblast differentiation-associated protein AHNAK","Q09666_K4458_M1_17","GlyGly (K)",0.723251617907091,0.54310949412719,0.0666822343716997,6,"Not significant"
"Unstim / P3C4+Nigericin","CLTC","Q00610","Q00610","CLH1_HUMAN","Clathrin heavy chain 1","Q00610_K951_M1_17","GlyGly (K)",1.4037645107213,0.54348365814226,0.0669533003146522,6,"Not significant"
"Unstim / P3C4+Nigericin","RPS27A","P62979","P62979","RS27A_HUMAN","Ubiquitin-ribosomal protein eS31 fusion protein","P62979_K48_M1_17","GlyGly (K)",1.57709706012232,0.545517648352296,0.0701154004846505,6,"Not significant"
"Unstim / P3C4+Nigericin","NSF","P46459","P46459","NSF_HUMAN","Vesicle-fusing ATPase","P46459_K283_M1_17","GlyGly (K)",1.19563662831727,0.547302762644775,0.0727452854484881,6,"Not significant"
"Unstim / P3C4+Nigericin","YBX1","P67809","P67809","YBOX1_HUMAN","Y-box-binding protein 1","P67809_K98_M1_17","GlyGly (K)",2.43658626043615,0.548824682685677,0.0744755192538881,6,"Not significant"
"Unstim / P3C4+Nigericin","SOD2","P04179","P04179","SODM_HUMAN","Superoxide dismutase [Mn], mitochondrial","P04179_K114_M1_17","GlyGly (K)",0.675572322179631,0.551062638953236,0.0769232887497936,6,"Not significant"
"Unstim / P3C4+Nigericin","HSP90AA1","P07900","P07900","HS90A_HUMAN","Heat shock protein HSP 90-alpha","P07900_K436_M2_17","GlyGly (K)",0.745910854205767,0.551494429090858,0.0773554063336655,6,"Not significant"
"Unstim / P3C4+Nigericin","HSP90AA1","P07900","P07900","HS90A_HUMAN","Heat shock protein HSP 90-alpha","P07900_K435_M2_17","GlyGly (K)",0.745910854205767,0.551494429090858,0.0773554063336655,6,"Not significant"
"Unstim / P3C4+Nigericin","UBE2N","P61088","P61088","UBE2N_HUMAN","Ubiquitin-conjugating enzyme E2 N","P61088_K10_M1_17","GlyGly (K)",1.53900458703489,0.554390999809158,0.0802985480579214,6,"Not significant"
"Unstim / P3C4+Nigericin","HNRNPM","P52272","P52272","HNRPM_HUMAN","Heterogeneous nuclear ribonucleoprotein M","P52272_K221_M2_17","GlyGly (K)",1.48296176351181,0.554569487849519,0.0809413566407557,6,"Not significant"
"Unstim / P3C4+Nigericin","HNRNPM","P52272","P52272","HNRPM_HUMAN","Heterogeneous nuclear ribonucleoprotein M","P52272_K219_M2_17","GlyGly (K)",1.48296176351181,0.554569487849519,0.0809413566407557,6,"Not significant"
"Unstim / P3C4+Nigericin","BTN2A1","Q7KYR7","Q7KYR7","BT2A1_HUMAN","Butyrophilin subfamily 2 member A1","Q7KYR7_K311_M1_17","GlyGly (K)",7.7018530211253,0.555560023748113,0.082795836344439,6,"Not significant"
"Unstim / P3C4+Nigericin","GSS","P48637","P48637","GSHB_HUMAN","Glutathione synthetase","P48637_K293_M1_17","GlyGly (K)",1.1536050646238,0.55655309992669,0.083593038807068,6,"Not significant"
"Unstim / P3C4+Nigericin","BRD2","P25440","P25440","BRD2_HUMAN","Bromodomain-containing protein 2","P25440_K10_M1_17","GlyGly (K)",1.26953669951684,0.556604607267625,0.0841778860927953,6,"Not significant"
"Unstim / P3C4+Nigericin","STIP1","P31948","P31948","STIP1_HUMAN","Stress-induced-phosphoprotein 1","P31948_K415_M1_17","GlyGly (K)",1.46947577273551,0.556750696302273,0.0847165260393914,6,"Not significant"
"Unstim / P3C4+Nigericin","HSP90AA4P","Q58FG1","Q58FG1","HS904_HUMAN","Putative heat shock protein HSP 90-alpha A4","Q58FG1_K289_M1_17","GlyGly (K)",1.16002320840906,0.559027447169783,0.087014596955313,6,"Not significant"
"Unstim / P3C4+Nigericin","GPI","P06744","P06744","G6PI_HUMAN","Glucose-6-phosphate isomerase","P06744_K211_M1_17","GlyGly (K)",1.29837898628943,0.559842972412093,0.087870401044019,6,"Not significant"
"Unstim / P3C4+Nigericin","LGALS1","P09382","P09382","LEG1_HUMAN","Galectin-1","P09382_K37_M1_17","GlyGly (K)",1.97915030201433,0.560436787445622,0.0886514899569247,6,"Not significant"
"Unstim / P3C4+Nigericin","PTGES3","Q15185","Q15185","TEBP_HUMAN","Prostaglandin E synthase 3","Q15185_K67_M2_17","GlyGly (K)",1.35097960144697,0.562105604005877,0.0912547256694728,6,"Not significant"
"Unstim / P3C4+Nigericin","PTGES3","Q15185","Q15185","TEBP_HUMAN","Prostaglandin E synthase 3","Q15185_K65_M2_17","GlyGly (K)",1.35097960144697,0.562105604005877,0.0912547256694728,6,"Not significant"
"Unstim / P3C4+Nigericin","AHNAK","Q09666","Q09666","AHNK_HUMAN","Neuroblast differentiation-associated protein AHNAK","Q09666_K4559_M2_17","GlyGly (K)",1.12152254608024,0.565784937213827,0.0968102026437768,6,"Not significant"
"Unstim / P3C4+Nigericin","AHNAK","Q09666","Q09666","AHNK_HUMAN","Neuroblast differentiation-associated protein AHNAK","Q09666_K4556_M2_17","GlyGly (K)",1.12152254608024,0.565784937213827,0.0968102026437768,6,"Not significant"
"Unstim / P3C4+Nigericin","ANP32B","Q92688","Q92688","AN32B_HUMAN","Acidic leucine-rich nuclear phosphoprotein 32 family member B","Q92688_K116_M1_17","GlyGly (K)",0.572659213697026,0.56703859328254,0.0983704039924397,6,"Not significant"
"Unstim / P3C4+Nigericin","KRT10","Cont_P13645;P13645","Cont_P13645;P13645","K1C10_HUMAN","Keratin, type I cytoskeletal 10;Keratin, type I cytoskeletal 10","Cont_P13645_K362_M1_17","GlyGly (K)",-0.612308332956856,0.567102858462361,0.0989243380736078,4,"Not significant"
"Unstim / P3C4+Nigericin","KRT10","Cont_P13645;P13645","Cont_P13645;P13645","K1C10_HUMAN","Keratin, type I cytoskeletal 10;Keratin, type I cytoskeletal 10","P13645_K362_M1_17","GlyGly (K)",-0.612308332956856,0.567102858462361,0.0989243380736078,4,"Not significant"
"Unstim / P3C4+Nigericin","SHTN1","A0MZ66","A0MZ66","SHOT1_HUMAN","Shootin-1","A0MZ66_K169_M1_17","GlyGly (K)",1.40584132771681,0.56901586456967,0.101280192473312,6,"Not significant"
"Unstim / P3C4+Nigericin","MOV10","Q9HCE1","Q9HCE1","MOV10_HUMAN","Helicase MOV-10","Q9HCE1_K952_M1_17","GlyGly (K)",0.919697358388778,0.56901586456967,0.10149928381266,6,"Not significant"
"Unstim / P3C4+Nigericin","ENO1","P06733","P06733","ENOA_HUMAN","Alpha-enolase","P06733_K221_M1_17","GlyGly (K)",1.24901977930377,0.571971513975901,0.105741925056706,6,"Not significant"
"Unstim / P3C4+Nigericin","ATXN2L","Q8WWM7","Q8WWM7","ATX2L_HUMAN","Ataxin-2-like protein","Q8WWM7_K3_M1_17","GlyGly (K)",1.22875867964527,0.572572451969642,0.106818383193387,6,"Not significant"
"Unstim / P3C4+Nigericin","VDAC1","P21796","P21796","VDAC1_HUMAN","Voltage-dependent anion-selective channel protein 1","P21796_K256_M1_17","GlyGly (K)",1.23458888459715,0.575531111083969,0.11165748450688,6,"Not significant"
"Unstim / P3C4+Nigericin","LMNA","P02545","P02545","LMNA_HUMAN","Prelamin-A/C","P02545_K144_M1_17","GlyGly (K)",1.22568074926316,0.576816266684819,0.114180433069578,6,"Not significant"
"Unstim / P3C4+Nigericin","PRKDC","P78527","P78527","PRKDC_HUMAN","DNA-dependent protein kinase catalytic subunit","P78527_K1422_M1_17","GlyGly (K)",1.49072483053411,0.581834188770856,0.122974872807255,6,"Not significant"
"Unstim / P3C4+Nigericin","TLK1","Q9UKI8","Q9UKI8","TLK1_HUMAN","Serine/threonine-protein kinase tousled-like 1","Q9UKI8_K404_M1_17","GlyGly (K)",0.920547684949041,0.583252667458895,0.125706729430771,6,"Not significant"
"Unstim / P3C4+Nigericin","HSPA9","P38646","P38646","GRP75_HUMAN","Stress-70 protein, mitochondrial","P38646_K288_M1_17","GlyGly (K)",-10.0309780668486,0.583523853090521,0.126219434428553,6,"Not significant"
"Unstim / P3C4+Nigericin","MDH2","P40926","P40926","MDHM_HUMAN","Malate dehydrogenase, mitochondrial","P40926_K241_M2_17","GlyGly (K)",10.3779852150292,0.58802173945119,0.134677481844999,4,"Not significant"
"Unstim / P3C4+Nigericin","EEF2","P13639","P13639","EF2_HUMAN","Elongation factor 2","P13639_K498_M1_17","GlyGly (K)",1.25268271720299,0.588186110507146,0.135028677141467,6,"Not significant"
"Unstim / P3C4+Nigericin","EIF3B","P55884","P55884","EIF3B_HUMAN","Eukaryotic translation initiation factor 3 subunit B","P55884_K552_M2_17","GlyGly (K)",0.523730063810164,0.588360350409109,0.135328999091883,6,"Not significant"
"Unstim / P3C4+Nigericin","ACTR2","P61160","P61160","ARP2_HUMAN","Actin-related protein 2","P61160_K106_M1_17","GlyGly (K)",1.10648274986952,0.588574251603929,0.135988647151045,6,"Not significant"
"Unstim / P3C4+Nigericin","UBR7","Q8N806","Q8N806","UBR7_HUMAN","Putative E3 ubiquitin-protein ligase UBR7","Q8N806_K384_M1_17","GlyGly (K)",4.40380585261024,0.588817305103591,0.1366692285096,5,"Not significant"
"Unstim / P3C4+Nigericin","ACTB","Cont_P60712;P60709","Cont_P60712;P60709","ACTB_BOVIN;ACTB_HUMAN","Actin, cytoplasmic 1;Actin, cytoplasmic 1","Cont_P60712_K315_M1_17","GlyGly (K)",1.20168086234147,0.58943176792772,0.137871450555357,6,"Not significant"
"Unstim / P3C4+Nigericin","ACTB","Cont_P60712;P60709","Cont_P60712;P60709","ACTB_BOVIN;ACTB_HUMAN","Actin, cytoplasmic 1;Actin, cytoplasmic 1","P60709_K315_M1_17","GlyGly (K)",1.20168086234147,0.58943176792772,0.137871450555357,6,"Not significant"
"Unstim / P3C4+Nigericin","UGGT1","Q9NYU2","Q9NYU2","UGGG1_HUMAN","UDP-glucose:glycoprotein glucosyltransferase 1","Q9NYU2_K319_M1_17","GlyGly (K)",1.12828923878535,0.589812936015836,0.138686808058776,6,"Not significant"
"Unstim / P3C4+Nigericin","RPS3","P23396","P23396","RS3_HUMAN","Small ribosomal subunit protein uS3","P23396_K214_M1_17","GlyGly (K)",1.2281905557929,0.59060519184431,0.140202589792235,6,"Not significant"
"Unstim / P3C4+Nigericin","ITGAV","P06756","P06756","ITAV_HUMAN","Integrin alpha-V","P06756_K134_M1_17","GlyGly (K)",0.503047465005401,0.590807991552869,0.140774104231927,6,"Not significant"
"Unstim / P3C4+Nigericin","AHNAK","Q09666","Q09666","AHNK_HUMAN","Neuroblast differentiation-associated protein AHNAK","Q09666_K3488_M2_17","GlyGly (K)",2.29584701507867,0.593111957022268,0.14450806077601,6,"Not significant"
"Unstim / P3C4+Nigericin","AHNAK","Q09666","Q09666","AHNK_HUMAN","Neuroblast differentiation-associated protein AHNAK","Q09666_K3481_M2_17","GlyGly (K)",2.29584701507867,0.593111957022268,0.14450806077601,6,"Not significant"
"Unstim / P3C4+Nigericin","HSPD1","P10809","P10809","CH60_HUMAN","60 kDa heat shock protein, mitochondrial","P10809_K180_M1_17","GlyGly (K)",0.487417409319302,0.593549069206957,0.145149291963702,6,"Not significant"
"Unstim / P3C4+Nigericin","RAB14","P61106","P61106","RAB14_HUMAN","Ras-related protein Rab-14","P61106_K61_M2_17","GlyGly (K)",0.481479963606715,0.594946156051102,0.147542529190416,6,"Not significant"
"Unstim / P3C4+Nigericin","RAB14","P61106","P61106","RAB14_HUMAN","Ras-related protein Rab-14","P61106_K59_M2_17","GlyGly (K)",0.481479963606715,0.594946156051102,0.147542529190416,6,"Not significant"
"Unstim / P3C4+Nigericin","PFN1","P07737","P07737","PROF1_HUMAN","Profilin-1","P07737_K116_M1_17","GlyGly (K)",0.699943079671814,0.595612162702699,0.149382287444244,6,"Not significant"
"Unstim / P3C4+Nigericin","AGRN","O00468","O00468","AGRIN_HUMAN","Agrin","O00468_K1863_M1_17","GlyGly (K)",0.295989779023987,0.596153273140206,0.150643841933684,6,"Not significant"
"Unstim / P3C4+Nigericin","ITGB5","P18084","P18084","ITB5_HUMAN","Integrin beta-5","P18084_K170_M1_17","GlyGly (K)",-0.529852760892837,0.596182543539488,0.15068450139267,6,"Not significant"
"Unstim / P3C4+Nigericin","RAB44","Q7Z6P3","Q7Z6P3","RAB44_HUMAN","Ras-related protein Rab-44","Q7Z6P3_K880_M1_17","GlyGly (K)",0.589506324145353,0.598768135162746,0.155781124543283,6,"Not significant"
"Unstim / P3C4+Nigericin","CSTB","P04080","P04080","CYTB_HUMAN","Cystatin-B","P04080_K39_M1_17","GlyGly (K)",0.790311055097082,0.598904314742898,0.156209077582861,5,"Not significant"
"Unstim / P3C4+Nigericin","MYO1F","O00160","O00160","MYO1F_HUMAN","Unconventional myosin-If","O00160_K141_M1_17","GlyGly (K)",-2.20119744176458,0.603121480649919,0.176033845030293,6,"Not significant"
"Unstim / P3C4+Nigericin","PHGDH","O43175","O43175","SERA_HUMAN","D-3-phosphoglycerate dehydrogenase","O43175_K58_M1_17","GlyGly (K)",0.424473027298181,0.603121480649919,0.184511957954836,6,"Not significant"
"Unstim / P3C4+Nigericin","SRPRA","P08240","P08240","SRPRA_HUMAN","Signal recognition particle receptor subunit alpha","P08240_K206_M1_17","GlyGly (K)",4.78070342417106,0.603121480649919,0.1920311940444,6,"Not significant"
"Unstim / P3C4+Nigericin","ACADM","P11310","P11310","ACADM_HUMAN","Medium-chain specific acyl-CoA dehydrogenase, mitochondrial","P11310_K217_M1_17","GlyGly (K)",0.800174954415737,0.603121480649919,0.174696890479332,6,"Not significant"
"Unstim / P3C4+Nigericin","HCLS1","P14317","P14317","HCLS1_HUMAN","Hematopoietic lineage cell-specific protein","P14317_K273_M1_17","GlyGly (K)",-0.698139643650194,0.603121480649919,0.179609205655572,6,"Not significant"
"Unstim / P3C4+Nigericin","H1-5","P16401","P16401","H15_HUMAN","Histone H1.5","P16401_K37_M1_17","GlyGly (K)",9.4615998932541,0.603121480649919,0.185054553975891,6,"Not significant"
"Unstim / P3C4+Nigericin","HNRNPA2B1","P22626","P22626","ROA2_HUMAN","Heterogeneous nuclear ribonucleoproteins A2/B1","P22626_K173_M1_17","GlyGly (K)",9.38919424516064,0.603121480649919,0.184824532973393,6,"Not significant"
"Unstim / P3C4+Nigericin","PPIB","P23284","P23284","PPIB_HUMAN","Peptidyl-prolyl cis-trans isomerase B","P23284_K84_M1_17","GlyGly (K)",8.76893099884093,0.603121480649919,0.192576536558343,6,"Not significant"
"Unstim / P3C4+Nigericin","FKBP2","P26885","P26885","FKBP2_HUMAN","Peptidyl-prolyl cis-trans isomerase FKBP2","P26885_K59_M1_17","GlyGly (K)",-1.3510620771473,0.603121480649919,0.191197928030973,6,"Not significant"
"Unstim / P3C4+Nigericin","EEF1D","P29692","P29692","EF1D_HUMAN","Elongation factor 1-delta","P29692_K117_M1_17","GlyGly (K)",-0.774560280435049,0.603121480649919,0.184232439327209,6,"Not significant"
"Unstim / P3C4+Nigericin","ATP5F1D","P30049","P30049","ATPD_HUMAN","ATP synthase subunit delta, mitochondrial","P30049_K136_M1_17","GlyGly (K)",1.51639381828539,0.603121480649919,0.166607376195787,6,"Not significant"
"Unstim / P3C4+Nigericin","PSMC2","P35998","P35998","PRS7_HUMAN","26S proteasome regulatory subunit 7","P35998_K84_M1_17","GlyGly (K)",-0.780595566152911,0.603121480649919,0.1757476157414,6,"Not significant"
"Unstim / P3C4+Nigericin","HSPA9","P38646","P38646","GRP75_HUMAN","Stress-70 protein, mitochondrial","P38646_K76_M1_17","GlyGly (K)",-12.6172188605232,0.603121480649919,0.185899140147884,6,"Not significant"
"Unstim / P3C4+Nigericin","HSPA9","P38646","P38646","GRP75_HUMAN","Stress-70 protein, mitochondrial","P38646_K206_M1_17","GlyGly (K)",-10.4208461223146,0.603121480649919,0.187063555756484,6,"Not significant"
"Unstim / P3C4+Nigericin","CAPG","P40121","P40121","CAPG_HUMAN","Macrophage-capping protein","P40121_K115_M1_17","GlyGly (K)",-8.06199718624829,0.603121480649919,0.183978325493128,6,"Not significant"
"Unstim / P3C4+Nigericin","GALK1","P51570","P51570","GALK1_HUMAN","Galactokinase","P51570_K252_M1_17","GlyGly (K)",-5.01393613536816,0.603121480649919,0.194341143632997,6,"Not significant"
"Unstim / P3C4+Nigericin","TMSB10","P63313","P63313","TYB10_HUMAN","Thymosin beta-10","P63313_K32_M1_17","GlyGly (K)",1.48710434074145,0.603121480649919,0.18773598602371,6,"Not significant"
"Unstim / P3C4+Nigericin","DR1","Q01658","Q01658","NC2B_HUMAN","Protein Dr1","Q01658_K103_M1_17","GlyGly (K)",-0.763892943756139,0.603121480649919,0.173583079332845,6,"Not significant"
"Unstim / P3C4+Nigericin","CAMK2D","Q13557","Q13557","KCC2D_HUMAN","Calcium/calmodulin-dependent protein kinase type II subunit delta","Q13557_K22_M1_17","GlyGly (K)",-0.773740846156767,0.603121480649919,0.185403049985293,6,"Not significant"
"Unstim / P3C4+Nigericin","H2BC21","Q16778","Q16778","H2B2E_HUMAN","Histone H2B type 2-E","Q16778_K58_M1_17","GlyGly (K)",2.40193301941268,0.603121480649919,0.189416566182862,6,"Not significant"
"Unstim / P3C4+Nigericin","RAB12","Q6IQ22","Q6IQ22","RAB12_HUMAN","Ras-related protein Rab-12","Q6IQ22_K127_M1_17","GlyGly (K)",-1.58989956780828,0.603121480649919,0.173607701626546,6,"Not significant"
"Unstim / P3C4+Nigericin","PLIN2","Q99541","Q99541","PLIN2_HUMAN","Perilipin-2","Q99541_K153_M2_17","GlyGly (K)",-7.77249011585119,0.603121480649919,0.183708175852041,6,"Not significant"
"Unstim / P3C4+Nigericin","PLIN2","Q99541","Q99541","PLIN2_HUMAN","Perilipin-2","Q99541_K151_M2_17","GlyGly (K)",-7.77249011585119,0.603121480649919,0.183708175852041,6,"Not significant"
"Unstim / P3C4+Nigericin","RTN4","Q9NQC3","Q9NQC3","RTN4_HUMAN","Reticulon-4","Q9NQC3_K58_M1_17","GlyGly (K)",-8.23034427861642,0.603121480649919,0.184114224201397,6,"Not significant"
"Unstim / P3C4+Nigericin","DNAJB11","Q9UBS4","Q9UBS4","DJB11_HUMAN","DnaJ homolog subfamily B member 11","Q9UBS4_K66_M1_17","GlyGly (K)",4.03541513381266,0.603121480649919,0.192545482752903,6,"Not significant"
"Unstim / P3C4+Nigericin","SAMHD1","Q9Y3Z3","Q9Y3Z3","SAMH1_HUMAN","Deoxynucleoside triphosphate triphosphohydrolase SAMHD1","Q9Y3Z3_K354_M1_17","GlyGly (K)",0.456015593461817,0.603121480649919,0.186344970862798,6,"Not significant"
"Unstim / P3C4+Nigericin","HYOU1","Q9Y4L1","Q9Y4L1","HYOU1_HUMAN","Hypoxia up-regulated protein 1","Q9Y4L1_K463_M1_17","GlyGly (K)",3.90267237537876,0.603121480649919,0.177382602881901,6,"Not significant"
"Unstim / P3C4+Nigericin","SQOR","Q9Y6N5","Q9Y6N5","SQOR_HUMAN","Sulfide:quinone oxidoreductase, mitochondrial","Q9Y6N5_K280_M1_17","GlyGly (K)",0.656771989835261,0.603121480649919,0.181746714969729,6,"Not significant"
"Unstim / P3C4+Nigericin","ACTN4","O43707","O43707","ACTN4_HUMAN","Alpha-actinin-4","O43707_K233_M1_17","GlyGly (K)",0.860894935420424,0.603166682241956,0.195818867434472,6,"Not significant"
"Unstim / P3C4+Nigericin","ITGB1","P05556","P05556","ITB1_HUMAN","Integrin beta-1","P05556_K163_M1_17","GlyGly (K)",-0.637927428680546,0.603202993881853,0.19794275846745,6,"Not significant"
"Unstim / P3C4+Nigericin","HSPA5","P11021","P11021","BIP_HUMAN","Endoplasmic reticulum chaperone BiP","P11021_K573_M1_17","GlyGly (K)",-0.946285807497524,0.603202993881853,0.198735232288351,6,"Not significant"
"Unstim / P3C4+Nigericin","INPP5D","Q92835","Q92835","SHIP1_HUMAN","Phosphatidylinositol 3,4,5-trisphosphate 5-phosphatase 1","Q92835_K568_M1_17","GlyGly (K)",-6.60448143377411,0.603202993881853,0.197457056228895,6,"Not significant"
"Unstim / P3C4+Nigericin","TMEM109","Q9BVC6","Q9BVC6","TM109_HUMAN","Voltage-gated monoatomic cation channel TMEM109","Q9BVC6_K46_M1_17","GlyGly (K)",9.13873776214095,0.603202993881853,0.196091384829492,6,"Not significant"
"Unstim / P3C4+Nigericin","IFIT3","O14879","O14879","IFIT3_HUMAN","Interferon-induced protein with tetratricopeptide repeats 3","O14879_K373_M1_17","GlyGly (K)",0.81191741514046,0.603526448284182,0.202099554396594,5,"Not significant"
"Unstim / P3C4+Nigericin","FCER1G","P30273","P30273","FCERG_HUMAN","High affinity immunoglobulin epsilon receptor subunit gamma","P30273_K52_M2_17","GlyGly (K)",1.50085796989956,0.603526448284182,0.201579286608818,6,"Not significant"
"Unstim / P3C4+Nigericin","INF2","Q27J81","Q27J81","INF2_HUMAN","Inverted formin-2","Q27J81_K966_M1_17","GlyGly (K)",2.13895989967979,0.603722288652649,0.203995839473629,6,"Not significant"
"Unstim / P3C4+Nigericin","SYNCRIP","O60506","O60506","HNRPQ_HUMAN","Heterogeneous nuclear ribonucleoprotein Q","O60506_K407_M1_17","GlyGly (K)",5.17421167228553,0.604307643628276,0.206371322652106,6,"Not significant"
"Unstim / P3C4+Nigericin","AHSG","Cont_P12763","Cont_P12763","FETUA_BOVIN","Alpha-2-HS-glycoprotein","Cont_P12763_K333_M1_17","GlyGly (K)",-7.92132210778165,0.604556451135254,0.208183681498553,6,"Not significant"
"Unstim / P3C4+Nigericin","HSPD1","P10809","P10809","CH60_HUMAN","60 kDa heat shock protein, mitochondrial","P10809_K218_M1_17","GlyGly (K)",-0.563189252494467,0.604620987922233,0.208525649720581,6,"Not significant"
"Unstim / P3C4+Nigericin","RPS14","P62263","P62263","RS14_HUMAN","Small ribosomal subunit protein uS11","P62263_K125_M1_17","GlyGly (K)",0.531445274425655,0.604692917073525,0.208902626318366,6,"Not significant"
"Unstim / P3C4+Nigericin","HSP90AA1","P07900","P07900","HS90A_HUMAN","Heat shock protein HSP 90-alpha","P07900_K534_M1_17","GlyGly (K)",-0.868538617044352,0.604709078659069,0.209165612470294,6,"Not significant"
"Unstim / P3C4+Nigericin","SNRPA1","P09661","P09661","RU2A_HUMAN","U2 small nuclear ribonucleoprotein A'","P09661_K205_M1_17","GlyGly (K)",0.728735682461526,0.605195092258456,0.211664443283973,6,"Not significant"
"Unstim / P3C4+Nigericin","LRRFIP2","Q9Y608","Q9Y608","LRRF2_HUMAN","Leucine-rich repeat flightless-interacting protein 2","Q9Y608_K577_M1_17","GlyGly (K)",-4.42117548553767,0.605405075235628,0.21320875019671,6,"Not significant"
"Unstim / P3C4+Nigericin","TPI1","P60174","P60174","TPIS_HUMAN","Triosephosphate isomerase","P60174_K131_M1_17","GlyGly (K)",0.999981952967223,0.605625359055011,0.214135890484283,6,"Not significant"
"Unstim / P3C4+Nigericin","ALCAM","Q13740","Q13740","CD166_HUMAN","CD166 antigen","Q13740_K60_M1_17","GlyGly (K)",-1.23340881734041,0.605660473023808,0.214222857288288,6,"Not significant"
"Unstim / P3C4+Nigericin","TMSB4X","P62328","P62328","TYB4_HUMAN","Thymosin beta-4","P62328_K32_M1_17","GlyGly (K)",3.47351555796819,0.605954797991265,0.215107955091484,6,"Not significant"
"Unstim / P3C4+Nigericin","TCP1","P17987","P17987","TCPA_HUMAN","T-complex protein 1 subunit alpha","P17987_K43_M1_17","GlyGly (K)",0.674972374079934,0.606030087823053,0.21602055696264,6,"Not significant"
"Unstim / P3C4+Nigericin","GPX1","P07203","P07203","GPX1_HUMAN","Glutathione peroxidase 1","P07203_K88_M1_17","GlyGly (K)",-0.431934256268408,0.606456296530715,0.21748927932837,6,"Not significant"
"Unstim / P3C4+Nigericin","PRDX5","P30044","P30044","PRDX5_HUMAN","Peroxiredoxin-5, mitochondrial","P30044_K102_M1_17","GlyGly (K)",-9.2663469416285,0.606456296530715,0.217464234395634,6,"Not significant"
"Unstim / P3C4+Nigericin","AHNAK","Q09666","Q09666","AHNK_HUMAN","Neuroblast differentiation-associated protein AHNAK","Q09666_K4559_M1_17","GlyGly (K)",0.836201627112402,0.606764714359168,0.218392649838845,6,"Not significant"
"Unstim / P3C4+Nigericin","MYO1G","B0I1T2","B0I1T2","MYO1G_HUMAN","Unconventional myosin-Ig","B0I1T2_K544_M1_17","GlyGly (K)",-8.45457244794354,0.607164128913349,0.220397377217365,6,"Not significant"
"Unstim / P3C4+Nigericin","RPL27","P61353","P61353","RL27_HUMAN","Large ribosomal subunit protein eL27","P61353_K69_M2_17","GlyGly (K)",-0.742279211853934,0.60720799527556,0.220782512765706,5,"Not significant"
"Unstim / P3C4+Nigericin","TARDBP","Q13148","Q13148","TADBP_HUMAN","TAR DNA-binding protein 43","Q13148_K79_M1_17","GlyGly (K)",-3.88594460899967,0.607249377755855,0.220941493267079,6,"Not significant"
"Unstim / P3C4+Nigericin","LRRFIP1","Q32MZ4","Q32MZ4","LRRF1_HUMAN","Leucine-rich repeat flightless-interacting protein 1","Q32MZ4_K580_M2_17","GlyGly (K)",0.938087050639472,0.607724448778133,0.222557666832121,6,"Not significant"
"Unstim / P3C4+Nigericin","LRRFIP1","Q32MZ4","Q32MZ4","LRRF1_HUMAN","Leucine-rich repeat flightless-interacting protein 1","Q32MZ4_K579_M2_17","GlyGly (K)",0.938087050639472,0.607724448778133,0.222557666832121,6,"Not significant"
"Unstim / P3C4+Nigericin","AHNAK","Q09666","Q09666","AHNK_HUMAN","Neuroblast differentiation-associated protein AHNAK","Q09666_K4761_M1_17","GlyGly (K)",1.17322259667535,0.607749741167404,0.222716736980728,6,"Not significant"
"Unstim / P3C4+Nigericin","PPP1R12A","O14974","O14974","MYPT1_HUMAN","Protein phosphatase 1 regulatory subunit 12A","O14974_K945_M1_17","GlyGly (K)",-0.508566757238632,0.608465606753595,0.224991586451668,6,"Not significant"
"Unstim / P3C4+Nigericin","ATP5F1C","P36542","P36542","ATPG_HUMAN","ATP synthase subunit gamma, mitochondrial","P36542_K115_M1_17","GlyGly (K)",-2.78016342885779,0.608764217068973,0.226099833697503,6,"Not significant"
"Unstim / P3C4+Nigericin","GLIPR1","P48060","P48060","GLIP1_HUMAN","Glioma pathogenesis-related protein 1","P48060_K200_M1_17","GlyGly (K)",-3.25635327054023,0.609445855186358,0.228419217381051,6,"Not significant"
"Unstim / P3C4+Nigericin","FECH","P22830","P22830","HEMH_HUMAN","Ferrochelatase, mitochondrial","P22830_K57_M1_17","GlyGly (K)",2.7015047810291,0.609673168982506,0.229304197229536,6,"Not significant"
"Unstim / P3C4+Nigericin","MCM3AP","O60318","O60318","GANP_HUMAN","Germinal-center associated nuclear protein","O60318_K1813_M1_17","GlyGly (K)",2.89246198518192,0.610344847994761,0.232313401919629,6,"Not significant"
"Unstim / P3C4+Nigericin","YWHAB","P31946","P31946","1433B_HUMAN","14-3-3 protein beta/alpha","P31946_K160_M1_17","GlyGly (K)",0.997242078126971,0.610344847994761,0.232233078405739,6,"Not significant"
"Unstim / P3C4+Nigericin","RPLP1","P05386","P05386","RLA1_HUMAN","Large ribosomal subunit protein P1","P05386_K92_M1_17","GlyGly (K)",2.51858505755364,0.610848328598454,0.233427884158623,6,"Not significant"
"Unstim / P3C4+Nigericin","ATXN2L","Q8WWM7","Q8WWM7","ATX2L_HUMAN","Ataxin-2-like protein","Q8WWM7_K186_M1_17","GlyGly (K)",2.67739516067464,0.611022762774549,0.233960084359324,6,"Not significant"
"Unstim / P3C4+Nigericin","DNM2","P50570","P50570","DYN2_HUMAN","Dynamin-2","P50570_K414_M1_17","GlyGly (K)",-0.403837497910623,0.611245779583054,0.234835168335446,6,"Not significant"
"Unstim / P3C4+Nigericin","AK2","P54819","P54819","KAD2_HUMAN","Adenylate kinase 2, mitochondrial","P54819_K65_M2_17","GlyGly (K)",-0.580086806596281,0.611624453891643,0.236404805807066,6,"Not significant"
"Unstim / P3C4+Nigericin","TUBB3","Q13509","Q13509","TBB3_HUMAN","Tubulin beta-3 chain","Q13509_K103_M1_17","GlyGly (K)",-0.577297224108069,0.611894028991836,0.237730596987318,6,"Not significant"
"Unstim / P3C4+Nigericin","RPS9","P46781","P46781","RS9_HUMAN","Small ribosomal subunit protein uS4","P46781_K101_M1_17","GlyGly (K)",2.49096286990609,0.613119163529106,0.242285879595556,6,"Not significant"
"Unstim / P3C4+Nigericin","ACTB","Cont_P60712;P60709","Cont_P60712;P60709","ACTB_BOVIN;ACTB_HUMAN","Actin, cytoplasmic 1;Actin, cytoplasmic 1","Cont_P60712_K284_M1_17","GlyGly (K)",0.488681655254461,0.613525699183492,0.244150623814428,6,"Not significant"
"Unstim / P3C4+Nigericin","ACTB","Cont_P60712;P60709","Cont_P60712;P60709","ACTB_BOVIN;ACTB_HUMAN","Actin, cytoplasmic 1;Actin, cytoplasmic 1","P60709_K284_M1_17","GlyGly (K)",0.488681655254461,0.613525699183492,0.244150623814428,6,"Not significant"
"Unstim / P3C4+Nigericin","F5","Cont_Q28107","Cont_Q28107","FA5_BOVIN","Coagulation factor V","Cont_Q28107_K564_M1_17","GlyGly (K)",1.36820321074175,0.613703625960954,0.245015970690046,6,"Not significant"
"Unstim / P3C4+Nigericin","CAMK1","Q14012","Q14012","KCC1A_HUMAN","Calcium/calmodulin-dependent protein kinase type 1","Q14012_K304_M1_17","GlyGly (K)",0.940213518832283,0.613762460469064,0.245102537582934,6,"Not significant"
"Unstim / P3C4+Nigericin","SUGT1","Q9Y2Z0","Q9Y2Z0","SGT1_HUMAN","Protein SGT1 homolog","Q9Y2Z0_K70_M2_17","GlyGly (K)",2.66696299361202,0.614102163991874,0.246347743399962,6,"Not significant"
"Unstim / P3C4+Nigericin","SUGT1","Q9Y2Z0","Q9Y2Z0","SGT1_HUMAN","Protein SGT1 homolog","Q9Y2Z0_K69_M2_17","GlyGly (K)",2.66696299361202,0.614102163991874,0.246347743399962,6,"Not significant"
"Unstim / P3C4+Nigericin","GAA","P10253","P10253","LYAG_HUMAN","Lysosomal alpha-glucosidase","P10253_K849_M1_17","GlyGly (K)",-1.47580633365541,0.614165082904017,0.24659235824275,6,"Not significant"
"Unstim / P3C4+Nigericin","TMSB4X","P62328","P62328","TYB4_HUMAN","Thymosin beta-4","P62328_K32_M2_17","GlyGly (K)",-0.396420305392087,0.614232475730205,0.246790141317904,6,"Not significant"
"Unstim / P3C4+Nigericin","TMSB4X","P62328","P62328","TYB4_HUMAN","Thymosin beta-4","P62328_K26_M2_17","GlyGly (K)",-0.396420305392087,0.614232475730205,0.246790141317904,6,"Not significant"
"Unstim / P3C4+Nigericin","MACROH2A1","O75367","O75367","H2AY_HUMAN","Core histone macro-H2A.1","O75367_K236_M2_17","GlyGly (K)",0.486712754143756,0.614974133954956,0.248957234043598,6,"Not significant"
"Unstim / P3C4+Nigericin","MACROH2A1","O75367","O75367","H2AY_HUMAN","Core histone macro-H2A.1","O75367_K233_M2_17","GlyGly (K)",0.486712754143756,0.614974133954956,0.248957234043598,6,"Not significant"
"Unstim / P3C4+Nigericin","SYMPK","Q92797","Q92797","SYMPK_HUMAN","Symplekin","Q92797_K1109_M1_17","GlyGly (K)",-0.732428375303698,0.615314967782894,0.249731995672334,6,"Not significant"
"Unstim / P3C4+Nigericin","SEC63","Q9UGP8","Q9UGP8","SEC63_HUMAN","Translocation protein SEC63 homolog","Q9UGP8_K368_M1_17","GlyGly (K)",0.418764432620588,0.615381347907638,0.24991528713726,6,"Not significant"
"Unstim / P3C4+Nigericin","TOP1","P11387","P11387","TOP1_HUMAN","DNA topoisomerase 1","P11387_K252_M1_17","GlyGly (K)",8.3190085052491,0.616939946335617,0.25437801021427,4,"Not significant"
"Unstim / P3C4+Nigericin","LMNA","P02545","P02545","LMNA_HUMAN","Prelamin-A/C","P02545_K171_M1_17","GlyGly (K)",0.457694401107991,0.617051909472718,0.25458895730096,6,"Not significant"
"Unstim / P3C4+Nigericin","RPL21","P46778","P46778","RL21_HUMAN","Large ribosomal subunit protein eL21","P46778_K122_M1_17","GlyGly (K)",0.431395372139806,0.617531135808328,0.255858471008626,5,"Not significant"
"Unstim / P3C4+Nigericin","PITRM1","Q5JRX3","Q5JRX3","PREP_HUMAN","Presequence protease, mitochondrial","Q5JRX3_K820_M1_17","GlyGly (K)",2.05373575540095,0.618170592819044,0.257369547325019,6,"Not significant"
"Unstim / P3C4+Nigericin","AK2","P54819","P54819","KAD2_HUMAN","Adenylate kinase 2, mitochondrial","P54819_K164_M1_17","GlyGly (K)",2.22273289399821,0.619221748360544,0.259707408026963,6,"Not significant"
"Unstim / P3C4+Nigericin","MYO1E","Q12965","Q12965","MYO1E_HUMAN","Unconventional myosin-Ie","Q12965_K883_M2_17","GlyGly (K)",0.569989416084655,0.619891827535627,0.261533121827917,6,"Not significant"
"Unstim / P3C4+Nigericin","MYO1E","Q12965","Q12965","MYO1E_HUMAN","Unconventional myosin-Ie","Q12965_K882_M2_17","GlyGly (K)",0.569989416084655,0.619891827535627,0.261533121827917,6,"Not significant"
"Unstim / P3C4+Nigericin","NCL","P19338","P19338","NUCL_HUMAN","Nucleolin","P19338_K297_M1_17","GlyGly (K)",0.717347941665488,0.621750636618703,0.265879315328446,6,"Not significant"
"Unstim / P3C4+Nigericin","AHNAK","Q09666","Q09666","AHNK_HUMAN","Neuroblast differentiation-associated protein AHNAK","Q09666_K4687_M2_17","GlyGly (K)",1.01886087359189,0.622240146670066,0.267003946915615,4,"Not significant"
"Unstim / P3C4+Nigericin","EHD1","Q9H4M9","Q9H4M9","EHD1_HUMAN","EH domain-containing protein 1","Q9H4M9_K13_M1_17","GlyGly (K)",2.06464244265763,0.622252551066494,0.267028706504979,6,"Not significant"
"Unstim / P3C4+Nigericin","CAP1","Q01518","Q01518","CAP1_HUMAN","Adenylyl cyclase-associated protein 1","Q01518_K304_M1_17","GlyGly (K)",4.7919888336055,0.624149220385364,0.271743327357113,6,"Not significant"
"Unstim / P3C4+Nigericin","AK2","P54819","P54819","KAD2_HUMAN","Adenylate kinase 2, mitochondrial","P54819_K121_M1_17","GlyGly (K)",3.95403585162331,0.624431787645122,0.272632607268795,6,"Not significant"
"Unstim / P3C4+Nigericin","CNBP","P62633","P62633","CNBP_HUMAN","CCHC-type zinc finger nucleic acid binding protein","P62633_K103_M1_17","GlyGly (K)",2.56465413642661,0.624690850426059,0.273505427879705,6,"Not significant"
"Unstim / P3C4+Nigericin","PPA1","Q15181","Q15181","IPYR_HUMAN","Inorganic pyrophosphatase","Q15181_K282_M1_17","GlyGly (K)",0.603050286820201,0.626270946065861,0.277748307895943,6,"Not significant"
"Unstim / P3C4+Nigericin","HMGB2","P26583","P26583","HMGB2_HUMAN","High mobility group protein B2","P26583_K59_M2_17","GlyGly (K)",2.07423760293571,0.626370699447692,0.27812154852494,6,"Not significant"
"Unstim / P3C4+Nigericin","HMGB2","P26583","P26583","HMGB2_HUMAN","High mobility group protein B2","P26583_K57_M2_17","GlyGly (K)",2.07423760293571,0.626370699447692,0.27812154852494,6,"Not significant"
"Unstim / P3C4+Nigericin","YWHAQ","P27348","P27348","1433T_HUMAN","14-3-3 protein theta","P27348_K103_M1_17","GlyGly (K)",-0.462324360533878,0.628433397278531,0.284271404334476,6,"Not significant"
"Unstim / P3C4+Nigericin","MSN","P26038","P26038","MOES_HUMAN","Moesin","P26038_K438_M2_17","GlyGly (K)",7.0375021243711,0.631495384664667,0.293190353141218,6,"Not significant"
"Unstim / P3C4+Nigericin","MSN","P26038","P26038","MOES_HUMAN","Moesin","P26038_K437_M2_17","GlyGly (K)",7.0375021243711,0.631495384664667,0.293190353141218,6,"Not significant"
"Unstim / P3C4+Nigericin","SOD2","P04179","P04179","SODM_HUMAN","Superoxide dismutase [Mn], mitochondrial","P04179_K68_M1_17","GlyGly (K)",1.44845075134432,0.632332958411579,0.295152161461944,6,"Not significant"
"Unstim / P3C4+Nigericin","TYW1B;TYW1","Q6NUM6;Q9NV66","Q6NUM6;Q9NV66","TYW1B_HUMAN;TYW1_HUMAN","S-adenosyl-L-methionine-dependent tRNA 4-demethylwyosine synthase TYW1B;S-adenosyl-L-methionine-dependent tRNA 4-demethylwyosine synthase TYW1","Q6NUM6_K414_M1_17","GlyGly (K)",-2.62076154414474,0.632965657416046,0.296861367823495,6,"Not significant"
"Unstim / P3C4+Nigericin","TYW1B;TYW1","Q6NUM6;Q9NV66","Q6NUM6;Q9NV66","TYW1B_HUMAN;TYW1_HUMAN","S-adenosyl-L-methionine-dependent tRNA 4-demethylwyosine synthase TYW1B;S-adenosyl-L-methionine-dependent tRNA 4-demethylwyosine synthase TYW1","Q9NV66_K478_M1_17","GlyGly (K)",-2.62076154414474,0.632965657416046,0.296861367823495,6,"Not significant"
"Unstim / P3C4+Nigericin","CAPZB","P47756","P47756","CAPZB_HUMAN","F-actin-capping protein subunit beta","P47756_K168_M1_17","GlyGly (K)",-5.53256851514572,0.633343075214873,0.298177818072247,6,"Not significant"
"Unstim / P3C4+Nigericin","SH3GL1","Q99961","Q99961","SH3G1_HUMAN","Endophilin-A2","Q99961_K239_M1_17","GlyGly (K)",0.38397403142702,0.63358247166185,0.298691746093319,6,"Not significant"
"Unstim / P3C4+Nigericin","SQOR","Q9Y6N5","Q9Y6N5","SQOR_HUMAN","Sulfide:quinone oxidoreductase, mitochondrial","Q9Y6N5_K320_M1_17","GlyGly (K)",1.79090992717609,0.63370620965429,0.299008495335014,6,"Not significant"
"Unstim / P3C4+Nigericin","POTEF","A5A3E0","A5A3E0","POTEF_HUMAN","POTE ankyrin domain family member F","A5A3E0_K938_M1_17","GlyGly (K)",7.87179846644923,0.633972537254186,0.421471925524472,6,"Not significant"
"Unstim / P3C4+Nigericin","POTEF","A5A3E0","A5A3E0","POTEF_HUMAN","POTE ankyrin domain family member F","A5A3E0_K813_M1_17","GlyGly (K)",-0.574365586451841,0.633972537254186,0.305582689495901,6,"Not significant"
"Unstim / P3C4+Nigericin","PRSS1","Cont_P00760","Cont_P00760","TRY1_BOVIN","Serine protease 1","Cont_P00760_K114_M1_17","GlyGly (K)",-1.65434339050419,0.633972537254186,0.382204097450289,6,"Not significant"
"Unstim / P3C4+Nigericin","FGA","Cont_P02672","Cont_P02672","FIBA_BOVIN","Fibrinogen alpha chain","Cont_P02672_K543_M1_17","GlyGly (K)",8.61885626454804,0.633972537254186,0.422836847815512,6,"Not significant"
"Unstim / P3C4+Nigericin","ACTB","Cont_P60712;P60709","Cont_P60712;P60709","ACTB_BOVIN;ACTB_HUMAN","Actin, cytoplasmic 1;Actin, cytoplasmic 1","Cont_P60712_K18_M1_17","GlyGly (K)",0.427228872549455,0.633972537254186,0.355630519984186,6,"Not significant"
"Unstim / P3C4+Nigericin","ACTB","Cont_P60712;P60709","Cont_P60712;P60709","ACTB_BOVIN;ACTB_HUMAN","Actin, cytoplasmic 1;Actin, cytoplasmic 1","P60709_K18_M1_17","GlyGly (K)",0.427228872549455,0.633972537254186,0.355630519984186,6,"Not significant"
"Unstim / P3C4+Nigericin","ACTB","Cont_P60712;P60709","Cont_P60712;P60709","ACTB_BOVIN;ACTB_HUMAN","Actin, cytoplasmic 1;Actin, cytoplasmic 1","Cont_P60712_K50_M1_17","GlyGly (K)",1.06350433580331,0.633972537254186,0.410149180829637,6,"Not significant"
"Unstim / P3C4+Nigericin","ACTB","Cont_P60712;P60709","Cont_P60712;P60709","ACTB_BOVIN;ACTB_HUMAN","Actin, cytoplasmic 1;Actin, cytoplasmic 1","P60709_K50_M1_17","GlyGly (K)",1.06350433580331,0.633972537254186,0.410149180829637,6,"Not significant"
"Unstim / P3C4+Nigericin","CAP1","Cont_Q3SYV4","Cont_Q3SYV4","CAP1_BOVIN","Adenylyl cyclase-associated protein 1","Cont_Q3SYV4_K272_M1_17","GlyGly (K)",7.69797598900976,0.633972537254186,0.422657390497602,6,"Not significant"
"Unstim / P3C4+Nigericin","GPI","Cont_Q3ZBD7","Cont_Q3ZBD7","G6PI_BOVIN","Glucose-6-phosphate isomerase","Cont_Q3ZBD7_K550_M1_17","GlyGly (K)",5.97580948976724,0.633972537254186,0.424286396108786,6,"Not significant"
"Unstim / P3C4+Nigericin","ADAM10","O14672","O14672","ADA10_HUMAN","Disintegrin and metalloproteinase domain-containing protein 10","O14672_K591_M2_17","GlyGly (K)",-2.3233162638225,0.633972537254186,0.397279391275128,6,"Not significant"
"Unstim / P3C4+Nigericin","ADAM10","O14672","O14672","ADA10_HUMAN","Disintegrin and metalloproteinase domain-containing protein 10","O14672_K588_M2_17","GlyGly (K)",-2.3233162638225,0.633972537254186,0.397279391275128,6,"Not significant"
"Unstim / P3C4+Nigericin","PGRMC2","O15173","O15173","PGRC2_HUMAN","Membrane-associated progesterone receptor component 2","O15173_K217_M2_17","GlyGly (K)",4.51192378240605,0.633972537254186,0.430243181507289,6,"Not significant"
"Unstim / P3C4+Nigericin","TPD52L2","O43399","O43399","TPD54_HUMAN","Tumor protein D54","O43399_K15_M1_17","GlyGly (K)",-5.98256767990576,0.633972537254186,0.342751924130085,6,"Not significant"
"Unstim / P3C4+Nigericin","SYNCRIP","O60506","O60506","HNRPQ_HUMAN","Heterogeneous nuclear ribonucleoprotein Q","O60506_K363_M2_17","GlyGly (K)",7.42531490746988,0.633972537254186,0.422900511853252,6,"Not significant"
"Unstim / P3C4+Nigericin","EIF5B","O60841","O60841","IF2P_HUMAN","Eukaryotic translation initiation factor 5B","O60841_K644_M1_17","GlyGly (K)",-2.90967052492667,0.633972537254186,0.4076030367872,6,"Not significant"
"Unstim / P3C4+Nigericin","VPS4B","O75351","O75351","VPS4B_HUMAN","Vacuolar protein sorting-associated protein 4B","O75351_K155_M1_17","GlyGly (K)",1.69190892461751,0.633972537254186,0.359148928400971,6,"Not significant"
"Unstim / P3C4+Nigericin","MACROH2A1","O75367","O75367","H2AY_HUMAN","Core histone macro-H2A.1","O75367_K282_M1_17","GlyGly (K)",6.27031947322945,0.633972537254186,0.422167626474725,6,"Not significant"
"Unstim / P3C4+Nigericin","BAG3","O95817","O95817","BAG3_HUMAN","BAG family molecular chaperone regulator 3","O95817_K460_M1_17","GlyGly (K)",-1.17290832766031,0.633972537254186,0.391932577318445,6,"Not significant"
"Unstim / P3C4+Nigericin","ALDOA","P04075","P04075","ALDOA_HUMAN","Fructose-bisphosphate aldolase A","P04075_K289_M1_17","GlyGly (K)",-1.25263168286724,0.633972537254186,0.303509508897798,6,"Not significant"
"Unstim / P3C4+Nigericin","ANXA1","P04083","P04083","ANXA1_HUMAN","Annexin A1","P04083_K214_M1_17","GlyGly (K)",-8.47876768136299,0.633972537254186,0.422498473243631,6,"Not significant"
"Unstim / P3C4+Nigericin","SOD2","P04179","P04179","SODM_HUMAN","Superoxide dismutase [Mn], mitochondrial","P04179_K75_M1_17","GlyGly (K)",-1.16494346715483,0.633972537254186,0.330927174790475,6,"Not significant"
"Unstim / P3C4+Nigericin","GAPDH","P04406","P04406","G3P_HUMAN","Glyceraldehyde-3-phosphate dehydrogenase","P04406_K139_M1_17","GlyGly (K)",1.37670115341163,0.633972537254186,0.368060379286278,6,"Not significant"
"Unstim / P3C4+Nigericin","GAPDH","P04406","P04406","G3P_HUMAN","Glyceraldehyde-3-phosphate dehydrogenase","P04406_K186_M1_17","GlyGly (K)",-0.38454684413629,0.633972537254186,0.355907321016702,6,"Not significant"
"Unstim / P3C4+Nigericin","SLC25A5","P05141","P05141","ADT2_HUMAN","ADP/ATP translocase 2","P05141_K10_M1_17","GlyGly (K)",0.46782930458636,0.633972537254186,0.384293614342569,6,"Not significant"
"Unstim / P3C4+Nigericin","RPLP2","P05387","P05387","RLA2_HUMAN","Large ribosomal subunit protein P2","P05387_K94_M1_17","GlyGly (K)",7.30873918723348,0.633972537254186,0.421485140787632,6,"Not significant"
"Unstim / P3C4+Nigericin","ITGB1","P05556","P05556","ITB1_HUMAN","Integrin beta-1","P05556_K190_M1_17","GlyGly (K)",9.12597424739963,0.633972537254186,0.422801340059038,6,"Not significant"
"Unstim / P3C4+Nigericin","ATP5F1B","P06576","P06576","ATPB_HUMAN","ATP synthase subunit beta, mitochondrial","P06576_K432_M1_17","GlyGly (K)",0.783864209028249,0.633972537254186,0.376932900004798,6,"Not significant"
"Unstim / P3C4+Nigericin","P4HB","P07237","P07237","PDIA1_HUMAN","Protein disulfide-isomerase","P07237_K263_M1_17","GlyGly (K)",-10.4639067125805,0.633972537254186,0.422568123975687,6,"Not significant"
"Unstim / P3C4+Nigericin","P4HB","P07237","P07237","PDIA1_HUMAN","Protein disulfide-isomerase","P07237_K366_M1_17","GlyGly (K)",-0.425811912714476,0.633972537254186,0.391210887409623,6,"Not significant"
"Unstim / P3C4+Nigericin","P4HB","P07237","P07237","PDIA1_HUMAN","Protein disulfide-isomerase","P07237_K285_M2_17","GlyGly (K)",-5.44955079883884,0.633972537254186,0.427264260916156,6,"Not significant"
"Unstim / P3C4+Nigericin","P4HB","P07237","P07237","PDIA1_HUMAN","Protein disulfide-isomerase","P07237_K283_M2_17","GlyGly (K)",-5.44955079883884,0.633972537254186,0.427264260916156,6,"Not significant"
"Unstim / P3C4+Nigericin","ANXA6","P08133","P08133","ANXA6_HUMAN","Annexin A6","P08133_K483_M1_17","GlyGly (K)",-0.861494726532561,0.633972537254186,0.41835782307017,4,"Not significant"
"Unstim / P3C4+Nigericin","HSP90AB1","P08238","P08238","HS90B_HUMAN","Heat shock protein HSP 90-beta","P08238_K624_M1_17","GlyGly (K)",3.71426616543984,0.633972537254186,0.342695481444685,6,"Not significant"
"Unstim / P3C4+Nigericin","VIM","P08670","P08670","VIME_HUMAN","Vimentin","P08670_K104_M1_17","GlyGly (K)",1.33100138216478,0.633972537254186,0.344424956241902,6,"Not significant"
"Unstim / P3C4+Nigericin","GSTP1","P09211","P09211","GSTP1_HUMAN","Glutathione S-transferase P","P09211_K191_M1_17","GlyGly (K)",-6.25645902783566,0.633972537254186,0.423296473304339,6,"Not significant"
"Unstim / P3C4+Nigericin","HMGB1","P09429","P09429","HMGB1_HUMAN","High mobility group protein B1","P09429_K141_M1_17","GlyGly (K)",-2.35480494353164,0.633972537254186,0.410259256374061,6,"Not significant"
"Unstim / P3C4+Nigericin","LTA4H","P09960","P09960","LKHA4_HUMAN","Leukotriene A-4 hydrolase","P09960_K83_M1_17","GlyGly (K)",-3.2743978509781,0.633972537254186,0.425867593323964,6,"Not significant"
"Unstim / P3C4+Nigericin","HSPA1A;HSPA1B","P0DMV8;P0DMV9","P0DMV8;P0DMV9","HS71A_HUMAN;HS71B_HUMAN","Heat shock 70 kDa protein 1A;Heat shock 70 kDa protein 1B","P0DMV8_K128_M1_17","GlyGly (K)",0.736057105098195,0.633972537254186,0.342906138893329,6,"Not significant"
"Unstim / P3C4+Nigericin","HSPA1A;HSPA1B","P0DMV8;P0DMV9","P0DMV8;P0DMV9","HS71A_HUMAN;HS71B_HUMAN","Heat shock 70 kDa protein 1A;Heat shock 70 kDa protein 1B","P0DMV9_K128_M1_17","GlyGly (K)",0.736057105098195,0.633972537254186,0.342906138893329,6,"Not significant"
"Unstim / P3C4+Nigericin","RNASE2","P10153","P10153","RNAS2_HUMAN","Non-secretory ribonuclease","P10153_K93_M1_17","GlyGly (K)",2.97583840438427,0.633972537254186,0.4211648017373,6,"Not significant"
"Unstim / P3C4+Nigericin","TXN","P10599","P10599","THIO_HUMAN","Thioredoxin","P10599_K96_M2_17","GlyGly (K)",3.59550268038825,0.633972537254186,0.419916989797832,6,"Not significant"
"Unstim / P3C4+Nigericin","TXN","P10599","P10599","THIO_HUMAN","Thioredoxin","P10599_K94_M2_17","GlyGly (K)",3.59550268038825,0.633972537254186,0.419916989797832,6,"Not significant"
"Unstim / P3C4+Nigericin","HSPD1","P10809","P10809","CH60_HUMAN","60 kDa heat shock protein, mitochondrial","P10809_K389_M2_17","GlyGly (K)",0.731926287526093,0.633972537254186,0.340361059401979,6,"Not significant"
"Unstim / P3C4+Nigericin","HSPD1","P10809","P10809","CH60_HUMAN","60 kDa heat shock protein, mitochondrial","P10809_K387_M2_17","GlyGly (K)",0.731926287526093,0.633972537254186,0.340361059401979,6,"Not significant"
"Unstim / P3C4+Nigericin","SLC2A3","P11169","P11169","GTR3_HUMAN","Solute carrier family 2, facilitated glucose transporter member 3","P11169_K243_M1_17","GlyGly (K)",-2.26427987908204,0.633972537254186,0.427395123495704,6,"Not significant"
"Unstim / P3C4+Nigericin","ITGAM","P11215","P11215","ITAM_HUMAN","Integrin alpha-M","P11215_K912_M1_17","GlyGly (K)",0.314683026927346,0.633972537254186,0.397394357764554,6,"Not significant"
"Unstim / P3C4+Nigericin","MTHFD1","P11586","P11586","C1TC_HUMAN","C-1-tetrahydrofolate synthase, cytoplasmic","P11586_K760_M1_17","GlyGly (K)",5.71754062004795,0.633972537254186,0.425298125415347,6,"Not significant"
"Unstim / P3C4+Nigericin","IMPDH2","P12268","P12268","IMDH2_HUMAN","Inosine-5'-monophosphate dehydrogenase 2","P12268_K492_M1_17","GlyGly (K)",-5.92586916342155,0.633972537254186,0.419540869664401,6,"Not significant"
"Unstim / P3C4+Nigericin","ACTN1","P12814","P12814","ACTN1_HUMAN","Alpha-actinin-1","P12814_K420_M1_17","GlyGly (K)",1.71100314524971,0.633972537254186,0.35258754002019,6,"Not significant"
"Unstim / P3C4+Nigericin","XRCC6","P12956","P12956","XRCC6_HUMAN","X-ray repair cross-complementing protein 6","P12956_K351_M1_17","GlyGly (K)",1.21822130595101,0.633972537254186,0.374477560389578,6,"Not significant"
"Unstim / P3C4+Nigericin","RNH1","P13489","P13489","RINI_HUMAN","Ribonuclease inhibitor","P13489_K86_M1_17","GlyGly (K)",0.917539046919728,0.633972537254186,0.311037964348943,6,"Not significant"
"Unstim / P3C4+Nigericin","UQCRB","P14927","P14927","QCR7_HUMAN","Cytochrome b-c1 complex subunit 7","P14927_K45_M1_17","GlyGly (K)",4.49083316111382,0.633972537254186,0.408430010912857,6,"Not significant"
"Unstim / P3C4+Nigericin","BRAF","P15056","P15056","BRAF_HUMAN","Serine/threonine-protein kinase B-raf","P15056_K680_M1_17","GlyGly (K)",-5.34086377740655,0.633972537254186,0.416846752524496,6,"Not significant"
"Unstim / P3C4+Nigericin","RPS2","P15880","P15880","RS2_HUMAN","Small ribosomal subunit protein uS5","P15880_K246_M2_17","GlyGly (K)",0.610980273052647,0.633972537254186,0.393350199245132,4,"Not significant"
"Unstim / P3C4+Nigericin","H1-3","P16402","P16402","H13_HUMAN","Histone H1.3","P16402_K35_M1_17","GlyGly (K)",-0.668813074177007,0.633972537254186,0.434264843054887,6,"Not significant"
"Unstim / P3C4+Nigericin","PLCG2","P16885","P16885","PLCG2_HUMAN","1-phosphatidylinositol 4,5-bisphosphate phosphodiesterase gamma-2","P16885_K60_M1_17","GlyGly (K)",7.0632633291057,0.633972537254186,0.423818089119479,6,"Not significant"
"Unstim / P3C4+Nigericin","HSPA6","P17066","P17066","HSP76_HUMAN","Heat shock 70 kDa protein 6","P17066_K58_M1_17","GlyGly (K)",1.29542643938659,0.633972537254186,0.318032495994755,6,"Not significant"
"Unstim / P3C4+Nigericin","RPL17","P18621","P18621","RL17_HUMAN","Large ribosomal subunit protein uL22","P18621_K105_M1_17","GlyGly (K)",-5.0419319780767,0.633972537254186,0.410087710534049,6,"Not significant"
"Unstim / P3C4+Nigericin","NCL","P19338","P19338","NUCL_HUMAN","Nucleolin","P19338_K297_M2_17","GlyGly (K)",2.88035903672264,0.633972537254186,0.368314914855332,6,"Not significant"
"Unstim / P3C4+Nigericin","NCL","P19338","P19338","NUCL_HUMAN","Nucleolin","P19338_K295_M2_17","GlyGly (K)",2.88035903672264,0.633972537254186,0.368314914855332,6,"Not significant"
"Unstim / P3C4+Nigericin","NCL","P19338","P19338","NUCL_HUMAN","Nucleolin","P19338_K362_M1_17","GlyGly (K)",-1.82941026337968,0.633972537254186,0.413304903798305,6,"Not significant"
"Unstim / P3C4+Nigericin","COMT","P21964","P21964","COMT_HUMAN","Catechol O-methyltransferase","P21964_K95_M2_17","GlyGly (K)",4.68591386218335,0.633972537254186,0.429087553444582,6,"Not significant"
"Unstim / P3C4+Nigericin","COMT","P21964","P21964","COMT_HUMAN","Catechol O-methyltransferase","P21964_K86_M2_17","GlyGly (K)",4.68591386218335,0.633972537254186,0.429087553444582,6,"Not significant"
"Unstim / P3C4+Nigericin","TGM2","P21980","P21980","TGM2_HUMAN","Protein-glutamine gamma-glutamyltransferase 2","P21980_K527_M1_17","GlyGly (K)",-5.18799241861421,0.633972537254186,0.419269177546931,6,"Not significant"
"Unstim / P3C4+Nigericin","HNRNPA2B1","P22626","P22626","ROA2_HUMAN","Heterogeneous nuclear ribonucleoproteins A2/B1","P22626_K104_M1_17","GlyGly (K)",3.832950548896,0.633972537254186,0.414304556713034,6,"Not significant"
"Unstim / P3C4+Nigericin","CFL1","P23528","P23528","COF1_HUMAN","Cofilin-1","P23528_K53_M1_17","GlyGly (K)",7.61468328825972,0.633972537254186,0.423453567760561,6,"Not significant"
"Unstim / P3C4+Nigericin","ATP5F1A","P25705","P25705","ATPA_HUMAN","ATP synthase subunit alpha, mitochondrial","P25705_K316_M1_17","GlyGly (K)",0.39209036835576,0.633972537254186,0.40128259080438,6,"Not significant"
"Unstim / P3C4+Nigericin","S100A4","P26447","P26447","S10A4_HUMAN","Protein S100-A4","P26447_K7_M1_17","GlyGly (K)",0.958609617502729,0.633972537254186,0.383947659327962,6,"Not significant"
"Unstim / P3C4+Nigericin","CALR","P27797","P27797","CALR_HUMAN","Calreticulin","P27797_K164_M1_17","GlyGly (K)",-3.57175714192494,0.633972537254186,0.387208404168148,6,"Not significant"
"Unstim / P3C4+Nigericin","CANX","P27824","P27824","CALX_HUMAN","Calnexin","P27824_K398_M1_17","GlyGly (K)",-0.770955237386913,0.633972537254186,0.41806765791012,6,"Not significant"
"Unstim / P3C4+Nigericin","PML","P29590","P29590","PML_HUMAN","Protein PML","P29590_K209_M1_17","GlyGly (K)",0.860656756372562,0.633972537254186,0.325222998895124,6,"Not significant"
"Unstim / P3C4+Nigericin","HNRNPH1","P31943","P31943","HNRH1_HUMAN","Heterogeneous nuclear ribonucleoprotein H","P31943_K35_M1_17","GlyGly (K)",8.31511133082727,0.633972537254186,0.422827654762305,6,"Not significant"
"Unstim / P3C4+Nigericin","CHI3L1","P36222","P36222","CH3L1_HUMAN","Chitinase-3-like protein 1","P36222_K91_M1_17","GlyGly (K)",7.84355595074924,0.633972537254186,0.422975551050786,6,"Not significant"
"Unstim / P3C4+Nigericin","HSPA9","P38646","P38646","GRP75_HUMAN","Stress-70 protein, mitochondrial","P38646_K498_M1_17","GlyGly (K)",0.222633518592641,0.633972537254186,0.36480318421457,6,"Not significant"
"Unstim / P3C4+Nigericin","HSPA9","P38646","P38646","GRP75_HUMAN","Stress-70 protein, mitochondrial","P38646_K485_M1_17","GlyGly (K)",6.81569027727769,0.633972537254186,0.320286709789243,6,"Not significant"
"Unstim / P3C4+Nigericin","HSPA9","P38646","P38646","GRP75_HUMAN","Stress-70 protein, mitochondrial","P38646_K595_M1_17","GlyGly (K)",4.82651235076316,0.633972537254186,0.421305511318183,6,"Not significant"
"Unstim / P3C4+Nigericin","CAPG","P40121","P40121","CAPG_HUMAN","Macrophage-capping protein","P40121_K253_M1_17","GlyGly (K)",-4.41860217768729,0.633972537254186,0.423159945484611,6,"Not significant"
"Unstim / P3C4+Nigericin","TMPO","P42166","P42166","LAP2A_HUMAN","Lamina-associated polypeptide 2, isoform alpha","P42166_K17_M1_17","GlyGly (K)",-6.0955564448397,0.633972537254186,0.346391687579012,6,"Not significant"
"Unstim / P3C4+Nigericin","LRPPRC","P42704","P42704","LPPRC_HUMAN","Leucine-rich PPR motif-containing protein, mitochondrial","P42704_K155_M1_17","GlyGly (K)",-3.56889329923872,0.633972537254186,0.402415809695369,6,"Not significant"
"Unstim / P3C4+Nigericin","ACAA2","P42765","P42765","THIM_HUMAN","3-ketoacyl-CoA thiolase, mitochondrial","P42765_K312_M1_17","GlyGly (K)",1.54932407156009,0.633972537254186,0.393578231107161,6,"Not significant"
"Unstim / P3C4+Nigericin","GPD2","P43304","P43304","GPDM_HUMAN","Glycerol-3-phosphate dehydrogenase, mitochondrial","P43304_K303_M1_17","GlyGly (K)",-3.13586680799252,0.633972537254186,0.40737112775077,6,"Not significant"
"Unstim / P3C4+Nigericin","CRKL","P46109","P46109","CRKL_HUMAN","Crk-like protein","P46109_K253_M1_17","GlyGly (K)",-0.507320285824767,0.633972537254186,0.300899756444393,6,"Not significant"
"Unstim / P3C4+Nigericin","RBM25","P49756","P49756","RBM25_HUMAN","RNA-binding protein 25","P49756_K261_M1_17","GlyGly (K)",1.45118417118852,0.633972537254186,0.329723541235325,6,"Not significant"
"Unstim / P3C4+Nigericin","MRE11","P49959","P49959","MRE11_HUMAN","Double-strand break repair protein MRE11","P49959_K28_M1_17","GlyGly (K)",-4.50245136104989,0.633972537254186,0.419430935026934,6,"Not significant"
"Unstim / P3C4+Nigericin","VASP","P50552","P50552","VASP_HUMAN","Vasodilator-stimulated phosphoprotein","P50552_K240_M1_17","GlyGly (K)",-3.79298457733476,0.633972537254186,0.402525178436326,6,"Not significant"
"Unstim / P3C4+Nigericin","HNRNPA3","P51991","P51991","ROA3_HUMAN","Heterogeneous nuclear ribonucleoprotein A3","P51991_K118_M1_17","GlyGly (K)",4.09355384384015,0.633972537254186,0.425385629105663,6,"Not significant"
"Unstim / P3C4+Nigericin","ARHGDIA","P52565","P52565","GDIR1_HUMAN","Rho GDP-dissociation inhibitor 1","P52565_K33_M1_17","GlyGly (K)",-7.84546636060189,0.633972537254186,0.421661381459151,6,"Not significant"
"Unstim / P3C4+Nigericin","HSPA2","P54652","P54652","HSP72_HUMAN","Heat shock-related 70 kDa protein 2","P54652_K461_M1_17","GlyGly (K)",-0.871276487187794,0.633972537254186,0.415993476056283,6,"Not significant"
"Unstim / P3C4+Nigericin","VCP","P55072","P55072","TERA_HUMAN","Transitional endoplasmic reticulum ATPase","P55072_K426_M1_17","GlyGly (K)",0.30871750137143,0.633972537254186,0.335898317007554,6,"Not significant"
"Unstim / P3C4+Nigericin","TPI1","P60174","P60174","TPIS_HUMAN","Triosephosphate isomerase","P60174_K238_M1_17","GlyGly (K)",1.11561050092765,0.633972537254186,0.357193466358707,6,"Not significant"
"Unstim / P3C4+Nigericin","TPI1","P60174","P60174","TPIS_HUMAN","Triosephosphate isomerase","P60174_K85_M1_17","GlyGly (K)",0.432410358932424,0.633972537254186,0.410485198670268,6,"Not significant"
"Unstim / P3C4+Nigericin","PSME3","P61289","P61289","PSME3_HUMAN","Proteasome activator complex subunit 3","P61289_K123_M2_17","GlyGly (K)",5.27232027959389,0.633972537254186,0.426437895948849,6,"Not significant"
"Unstim / P3C4+Nigericin","PSME3","P61289","P61289","PSME3_HUMAN","Proteasome activator complex subunit 3","P61289_K121_M2_17","GlyGly (K)",5.27232027959389,0.633972537254186,0.426437895948849,6,"Not significant"
"Unstim / P3C4+Nigericin","SUMO2","P61956","P61956","SUMO2_HUMAN","Small ubiquitin-related modifier 2","P61956_K11_M1_17","GlyGly (K)",-3.06445637077901,0.633972537254186,0.419060748551098,6,"Not significant"
"Unstim / P3C4+Nigericin","TMSB4X","P62328","P62328","TYB4_HUMAN","Thymosin beta-4","P62328_K26_M1_17","GlyGly (K)",0.459065961100783,0.633972537254186,0.320466214557637,6,"Not significant"
"Unstim / P3C4+Nigericin","RPL30","P62888","P62888","RL30_HUMAN","Large ribosomal subunit protein eL30","P62888_K87_M1_17","GlyGly (K)",-7.80084945353111,0.633972537254186,0.42162051931369,6,"Not significant"
"Unstim / P3C4+Nigericin","ACTC1","P68032","P68032","ACTC_HUMAN","Actin, alpha cardiac muscle 1","P68032_K70_M1_17","GlyGly (K)",0.536348369905428,0.633972537254186,0.333959173991258,6,"Not significant"
"Unstim / P3C4+Nigericin","BASP1","P80723","P80723","BASP1_HUMAN","Brain acid soluble protein 1","P80723_K102_M2_17","GlyGly (K)",2.51927781052537,0.633972537254186,0.433306929541609,6,"Not significant"
"Unstim / P3C4+Nigericin","BASP1","P80723","P80723","BASP1_HUMAN","Brain acid soluble protein 1","P80723_K150_M1_17","GlyGly (K)",0.842242759988477,0.633972537254186,0.300164148971649,6,"Not significant"
"Unstim / P3C4+Nigericin","HNRNPU","Q00839","Q00839","HNRPU_HUMAN","Heterogeneous nuclear ribonucleoprotein U","Q00839_K436_M1_17","GlyGly (K)",2.6895523327228,0.633972537254186,0.425186547932778,6,"Not significant"
"Unstim / P3C4+Nigericin","CAP1","Q01518","Q01518","CAP1_HUMAN","Adenylyl cyclase-associated protein 1","Q01518_K155_M1_17","GlyGly (K)",2.55662227157493,0.633972537254186,0.344842370477841,6,"Not significant"
"Unstim / P3C4+Nigericin","NUCB1","Q02818","Q02818","NUCB1_HUMAN","Nucleobindin-1","Q02818_K439_M1_17","GlyGly (K)",6.86469318737079,0.633972537254186,0.421880456285365,6,"Not significant"
"Unstim / P3C4+Nigericin","TOP2B","Q02880","Q02880","TOP2B_HUMAN","DNA topoisomerase 2-beta","Q02880_K251_M2_17","GlyGly (K)",5.92071333870002,0.633972537254186,0.422249536048617,6,"Not significant"
"Unstim / P3C4+Nigericin","KHDRBS1","Q07666","Q07666","KHDR1_HUMAN","KH domain-containing, RNA-binding, signal transduction-associated protein 1","Q07666_K96_M1_17","GlyGly (K)",-6.52726043168582,0.633972537254186,0.424627403989598,6,"Not significant"
"Unstim / P3C4+Nigericin","NSUN2","Q08J23","Q08J23","NSUN2_HUMAN","RNA cytosine C(5)-methyltransferase NSUN2","Q08J23_K338_M1_17","GlyGly (K)",-4.85020623896555,0.633972537254186,0.417225376620645,6,"Not significant"
"Unstim / P3C4+Nigericin","AHNAK","Q09666","Q09666","AHNK_HUMAN","Neuroblast differentiation-associated protein AHNAK","Q09666_K171_M1_17","GlyGly (K)",0.428469329326041,0.633972537254186,0.368072140744287,6,"Not significant"
"Unstim / P3C4+Nigericin","AHNAK","Q09666","Q09666","AHNK_HUMAN","Neuroblast differentiation-associated protein AHNAK","Q09666_K1652_M1_17","GlyGly (K)",0.951216044432628,0.633972537254186,0.309237724576966,4,"Not significant"
"Unstim / P3C4+Nigericin","AHNAK","Q09666","Q09666","AHNK_HUMAN","Neuroblast differentiation-associated protein AHNAK","Q09666_K1854_M1_17","GlyGly (K)",0.951216044432628,0.633972537254186,0.309237724576966,4,"Not significant"
"Unstim / P3C4+Nigericin","AHNAK","Q09666","Q09666","AHNK_HUMAN","Neuroblast differentiation-associated protein AHNAK","Q09666_K1921_M1_17","GlyGly (K)",0.951216044432628,0.633972537254186,0.309237724576966,4,"Not significant"
"Unstim / P3C4+Nigericin","AHNAK","Q09666","Q09666","AHNK_HUMAN","Neuroblast differentiation-associated protein AHNAK","Q09666_K2116_M1_17","GlyGly (K)",0.951216044432628,0.633972537254186,0.309237724576966,4,"Not significant"
"Unstim / P3C4+Nigericin","FCHO2","Q0JRZ9","Q0JRZ9","FCHO2_HUMAN","F-BAR domain only protein 2","Q0JRZ9_K103_M2_17","GlyGly (K)",-2.97612517185867,0.633972537254186,0.419304240575747,6,"Not significant"
"Unstim / P3C4+Nigericin","FCHO2","Q0JRZ9","Q0JRZ9","FCHO2_HUMAN","F-BAR domain only protein 2","Q0JRZ9_K99_M2_17","GlyGly (K)",-2.97612517185867,0.633972537254186,0.419304240575747,6,"Not significant"
"Unstim / P3C4+Nigericin","SF3B2","Q13435","Q13435","SF3B2_HUMAN","Splicing factor 3B subunit 2","Q13435_K770_M1_17","GlyGly (K)",5.10416796115126,0.633972537254186,0.414242773310195,6,"Not significant"
"Unstim / P3C4+Nigericin","CHD4","Q14839","Q14839","CHD4_HUMAN","Chromodomain-helicase-DNA-binding protein 4","Q14839_K1572_M2_17","GlyGly (K)",1.82466425111705,0.633972537254186,0.37056770034308,4,"Not significant"
"Unstim / P3C4+Nigericin","EEA1","Q15075","Q15075","EEA1_HUMAN","Early endosome antigen 1","Q15075_K1055_M1_17","GlyGly (K)",1.83697812116676,0.633972537254186,0.302603104902714,6,"Not significant"
"Unstim / P3C4+Nigericin","EEA1","Q15075","Q15075","EEA1_HUMAN","Early endosome antigen 1","Q15075_K813_M1_17","GlyGly (K)",1.90614434933657,0.633972537254186,0.348285134414638,6,"Not significant"
"Unstim / P3C4+Nigericin","NONO","Q15233","Q15233","NONO_HUMAN","Non-POU domain-containing octamer-binding protein","Q15233_K467_M1_17","GlyGly (K)",-3.43964738013424,0.633972537254186,0.385175451807664,6,"Not significant"
"Unstim / P3C4+Nigericin","RAB35","Q15286","Q15286","RAB35_HUMAN","Ras-related protein Rab-35","Q15286_K10_M1_17","GlyGly (K)",-9.21576489931395,0.633972537254186,0.422316115688803,6,"Not significant"
"Unstim / P3C4+Nigericin","SRSF7","Q16629","Q16629","SRSF7_HUMAN","Serine/arginine-rich splicing factor 7","Q16629_K24_M1_17","GlyGly (K)",2.49721685478021,0.633972537254186,0.382887734082757,6,"Not significant"
"Unstim / P3C4+Nigericin","IMMT","Q16891","Q16891","MIC60_HUMAN","MICOS complex subunit MIC60","Q16891_K110_M1_17","GlyGly (K)",7.55298839656343,0.633972537254186,0.421045168996637,6,"Not significant"
"Unstim / P3C4+Nigericin","ZNF326","Q5BKZ1","Q5BKZ1","ZN326_HUMAN","DBIRD complex subunit ZNF326","Q5BKZ1_K442_M1_17","GlyGly (K)",-6.10223340118764,0.633972537254186,0.424814143568544,6,"Not significant"
"Unstim / P3C4+Nigericin","CNTRL","Q7Z7A1","Q7Z7A1","CNTRL_HUMAN","Centriolin","Q7Z7A1_K546_M1_17","GlyGly (K)",-3.95515891076943,0.633972537254186,0.416884804799404,6,"Not significant"
"Unstim / P3C4+Nigericin","SUMF1","Q8NBK3","Q8NBK3","SUMF1_HUMAN","Formylglycine-generating enzyme","Q8NBK3_K109_M1_17","GlyGly (K)",1.64462544454102,0.633972537254186,0.309930718083266,6,"Not significant"
"Unstim / P3C4+Nigericin","HM13","Q8TCT9","Q8TCT9","HM13_HUMAN","Minor histocompatibility antigen H13","Q8TCT9_K61_M1_17","GlyGly (K)",1.8021650822876,0.633972537254186,0.323385148238078,6,"Not significant"
"Unstim / P3C4+Nigericin","NRGN","Q92686","Q92686","NEUG_HUMAN","Neurogranin","Q92686_K11_M1_17","GlyGly (K)",5.52999957186559,0.633972537254186,0.42984758714962,6,"Not significant"
"Unstim / P3C4+Nigericin","PPP1R10","Q96QC0","Q96QC0","PP1RA_HUMAN","Serine/threonine-protein phosphatase 1 regulatory subunit 10","Q96QC0_K458_M1_17","GlyGly (K)",4.61899320239936,0.633972537254186,0.428869494705673,6,"Not significant"
"Unstim / P3C4+Nigericin","PARK7","Q99497","Q99497","PARK7_HUMAN","Parkinson disease protein 7","Q99497_K12_M1_17","GlyGly (K)",-9.98242742680738,0.633972537254186,0.422366973582656,6,"Not significant"
"Unstim / P3C4+Nigericin","HNRNPAB","Q99729","Q99729","ROAA_HUMAN","Heterogeneous nuclear ribonucleoprotein A/B","Q99729_K190_M1_17","GlyGly (K)",-5.02953535998625,0.633972537254186,0.426659834392896,6,"Not significant"
"Unstim / P3C4+Nigericin","HNRNPAB","Q99729","Q99729","ROAA_HUMAN","Heterogeneous nuclear ribonucleoprotein A/B","Q99729_K169_M1_17","GlyGly (K)",4.13316019575341,0.633972537254186,0.410002995791365,6,"Not significant"
"Unstim / P3C4+Nigericin","DDX50","Q9BQ39","Q9BQ39","DDX50_HUMAN","ATP-dependent RNA helicase DDX50","Q9BQ39_K213_M1_17","GlyGly (K)",-3.26787590797236,0.633972537254186,0.408869799477299,6,"Not significant"
"Unstim / P3C4+Nigericin","TRIM56","Q9BRZ2","Q9BRZ2","TRI56_HUMAN","E3 ubiquitin-protein ligase TRIM56","Q9BRZ2_K98_M1_17","GlyGly (K)",3.81894621062947,0.633972537254186,0.401145038510838,6,"Not significant"
"Unstim / P3C4+Nigericin","TUBB6","Q9BUF5","Q9BUF5","TBB6_HUMAN","Tubulin beta-6 chain","Q9BUF5_K122_M1_17","GlyGly (K)",-0.242012839105781,0.633972537254186,0.372902371026466,6,"Not significant"
"Unstim / P3C4+Nigericin","ACAT2","Q9BWD1","Q9BWD1","THIC_HUMAN","Acetyl-CoA acetyltransferase, cytosolic","Q9BWD1_K200_M1_17","GlyGly (K)",-6.34807135897288,0.633972537254186,0.421077983231115,6,"Not significant"
"Unstim / P3C4+Nigericin","SRRT","Q9BXP5","Q9BXP5","SRRT_HUMAN","Serrate RNA effector molecule homolog","Q9BXP5_K391_M1_17","GlyGly (K)",-0.446542222180411,0.633972537254186,0.421565326846008,6,"Not significant"
"Unstim / P3C4+Nigericin","CADM1","Q9BY67","Q9BY67","CADM1_HUMAN","Cell adhesion molecule 1","Q9BY67_K108_M1_17","GlyGly (K)",5.34407127010242,0.633972537254186,0.426197866459808,6,"Not significant"
"Unstim / P3C4+Nigericin","HELZ2","Q9BYK8","Q9BYK8","HELZ2_HUMAN","Helicase with zinc finger domain 2","Q9BYK8_K2077_M1_17","GlyGly (K)",5.30289292477267,0.633972537254186,0.422237313687277,6,"Not significant"
"Unstim / P3C4+Nigericin","RAB1B","Q9H0U4","Q9H0U4","RAB1B_HUMAN","Ras-related protein Rab-1B","Q9H0U4_K137_M1_17","GlyGly (K)",-0.486286717138522,0.633972537254186,0.302778639985929,6,"Not significant"
"Unstim / P3C4+Nigericin","CHMP4B","Q9H444","Q9H444","CHM4B_HUMAN","Charged multivesicular body protein 4b","Q9H444_K77_M1_17","GlyGly (K)",1.67107735482696,0.633972537254186,0.304842165437102,6,"Not significant"
"Unstim / P3C4+Nigericin","DYNLRB1","Q9NP97","Q9NP97","DLRB1_HUMAN","Dynein light chain roadblock-type 1","Q9NP97_K75_M1_17","GlyGly (K)",2.42950763721381,0.633972537254186,0.364673024809943,5,"Not significant"
"Unstim / P3C4+Nigericin","DDX21","Q9NR30","Q9NR30","DDX21_HUMAN","Nucleolar RNA helicase 2","Q9NR30_K236_M1_17","GlyGly (K)",2.03673762005817,0.633972537254186,0.308696988596064,6,"Not significant"
"Unstim / P3C4+Nigericin","TMEM30A","Q9NV96","Q9NV96","CC50A_HUMAN","Cell cycle control protein 50A","Q9NV96_K155_M1_17","GlyGly (K)",0.235889036593192,0.633972537254186,0.370460396624243,6,"Not significant"
"Unstim / P3C4+Nigericin","CTTNBP2NL","Q9P2B4","Q9P2B4","CT2NL_HUMAN","CTTNBP2 N-terminal-like protein","Q9P2B4_K8_M1_17","GlyGly (K)",4.636798990837,0.633972537254186,0.423557821838297,6,"Not significant"
"Unstim / P3C4+Nigericin","DNAJB11","Q9UBS4","Q9UBS4","DJB11_HUMAN","DnaJ homolog subfamily B member 11","Q9UBS4_K328_M1_17","GlyGly (K)",0.522137594691173,0.633972537254186,0.354477279726162,6,"Not significant"
"Unstim / P3C4+Nigericin","LSM7","Q9UK45","Q9UK45","LSM7_HUMAN","U6 snRNA-associated Sm-like protein LSm7","Q9UK45_K8_M2_17","GlyGly (K)",-0.496321004458099,0.633972537254186,0.42780457241521,4,"Not significant"
"Unstim / P3C4+Nigericin","HYOU1","Q9Y4L1","Q9Y4L1","HYOU1_HUMAN","Hypoxia up-regulated protein 1","Q9Y4L1_K170_M1_17","GlyGly (K)",-3.05951866627833,0.633972537254186,0.426179241202579,6,"Not significant"
"Unstim / P3C4+Nigericin","CD2AP","Q9Y5K6","Q9Y5K6","CD2AP_HUMAN","CD2-associated protein","Q9Y5K6_K557_M1_17","GlyGly (K)",4.92636824550185,0.633972537254186,0.423487256641606,6,"Not significant"
"Unstim / P3C4+Nigericin","LRRFIP2","Q9Y608","Q9Y608","LRRF2_HUMAN","Leucine-rich repeat flightless-interacting protein 2","Q9Y608_K14_M1_17","GlyGly (K)",2.01400923079106,0.633972537254186,0.375538016809284,6,"Not significant"
"Unstim / P3C4+Nigericin","CLIC4","Q9Y696","Q9Y696","CLIC4_HUMAN","Chloride intracellular channel protein 4","Q9Y696_K238_M1_17","GlyGly (K)",-2.76549647868481,0.633972537254186,0.397329219565618,6,"Not significant"
"Unstim / P3C4+Nigericin","UBB;UBC","P0CG47;P0CG48","P0CG47;P0CG48","UBB_HUMAN;UBC_HUMAN","Polyubiquitin-B;Polyubiquitin-C","P0CG47_K87_M1_17","GlyGly (K)",11.2235656434593,0.633972537254186,0.422700617789897,5,"Not significant"
"Unstim / P3C4+Nigericin","UBB;UBC","P0CG47;P0CG48","P0CG47;P0CG48","UBB_HUMAN;UBC_HUMAN","Polyubiquitin-B;Polyubiquitin-C","P0CG47_K163_M1_17","GlyGly (K)",11.2235656434593,0.633972537254186,0.422700617789897,5,"Not significant"
"Unstim / P3C4+Nigericin","UBB;UBC","P0CG47;P0CG48","P0CG47;P0CG48","UBB_HUMAN;UBC_HUMAN","Polyubiquitin-B;Polyubiquitin-C","P0CG48_K87_M1_17","GlyGly (K)",11.2235656434593,0.633972537254186,0.422700617789897,5,"Not significant"
"Unstim / P3C4+Nigericin","UBB;UBC","P0CG47;P0CG48","P0CG47;P0CG48","UBB_HUMAN;UBC_HUMAN","Polyubiquitin-B;Polyubiquitin-C","P0CG48_K163_M1_17","GlyGly (K)",11.2235656434593,0.633972537254186,0.422700617789897,5,"Not significant"
"Unstim / P3C4+Nigericin","UBB;UBC","P0CG47;P0CG48","P0CG47;P0CG48","UBB_HUMAN;UBC_HUMAN","Polyubiquitin-B;Polyubiquitin-C","P0CG48_K239_M1_17","GlyGly (K)",11.2235656434593,0.633972537254186,0.422700617789897,5,"Not significant"
"Unstim / P3C4+Nigericin","UBB;UBC","P0CG47;P0CG48","P0CG47;P0CG48","UBB_HUMAN;UBC_HUMAN","Polyubiquitin-B;Polyubiquitin-C","P0CG48_K315_M1_17","GlyGly (K)",11.2235656434593,0.633972537254186,0.422700617789897,5,"Not significant"
"Unstim / P3C4+Nigericin","UBB;UBC","P0CG47;P0CG48","P0CG47;P0CG48","UBB_HUMAN;UBC_HUMAN","Polyubiquitin-B;Polyubiquitin-C","P0CG48_K391_M1_17","GlyGly (K)",11.2235656434593,0.633972537254186,0.422700617789897,5,"Not significant"
"Unstim / P3C4+Nigericin","UBB;UBC","P0CG47;P0CG48","P0CG47;P0CG48","UBB_HUMAN;UBC_HUMAN","Polyubiquitin-B;Polyubiquitin-C","P0CG48_K467_M1_17","GlyGly (K)",11.2235656434593,0.633972537254186,0.422700617789897,5,"Not significant"
"Unstim / P3C4+Nigericin","UBB;UBC","P0CG47;P0CG48","P0CG47;P0CG48","UBB_HUMAN;UBC_HUMAN","Polyubiquitin-B;Polyubiquitin-C","P0CG48_K543_M1_17","GlyGly (K)",11.2235656434593,0.633972537254186,0.422700617789897,5,"Not significant"
"Unstim / P3C4+Nigericin","UBB;UBC","P0CG47;P0CG48","P0CG47;P0CG48","UBB_HUMAN;UBC_HUMAN","Polyubiquitin-B;Polyubiquitin-C","P0CG48_K619_M1_17","GlyGly (K)",11.2235656434593,0.633972537254186,0.422700617789897,5,"Not significant"
"Unstim / P3C4+Nigericin","ACTR2","P61160","P61160","ARP2_HUMAN","Actin-related protein 2","P61160_K46_M2_17","GlyGly (K)",-0.460832134785478,0.633972537254186,0.387948331459103,6,"Not significant"
"Unstim / P3C4+Nigericin","ACTC1","P68032","P68032","ACTC_HUMAN","Actin, alpha cardiac muscle 1","P68032_K217_M1_17","GlyGly (K)",1.25176928631094,0.633972537254186,0.374610573111572,4,"Not significant"
"Unstim / P3C4+Nigericin","UQCRC1","P31930","P31930","QCR1_HUMAN","Cytochrome b-c1 complex subunit 1, mitochondrial","P31930_K447_M1_17","GlyGly (K)",1.10312527440944,0.634530408949784,0.440828402351301,6,"Not significant"
"Unstim / P3C4+Nigericin","HSP90AA1","P07900","P07900","HS90A_HUMAN","Heat shock protein HSP 90-alpha","P07900_K100_M1_17","GlyGly (K)",4.34465142720339,0.634746156640671,0.441962058472414,6,"Not significant"
"Unstim / P3C4+Nigericin","ACTN1","P12814","P12814","ACTN1_HUMAN","Alpha-actinin-1","P12814_K649_M1_17","GlyGly (K)",0.983241082097371,0.634773149746471,0.442051089746787,6,"Not significant"
"Unstim / P3C4+Nigericin","HLA-F","P30511","P30511","HLAF_HUMAN","HLA class I histocompatibility antigen, alpha chain F","P30511_K142_M1_17","GlyGly (K)",2.50835688894472,0.634879298166947,0.443082889212372,6,"Not significant"
"Unstim / P3C4+Nigericin","AK2","P54819","P54819","KAD2_HUMAN","Adenylate kinase 2, mitochondrial","P54819_K229_M1_17","GlyGly (K)",-2.8088498535314,0.635401459182577,0.445528727245819,6,"Not significant"
"Unstim / P3C4+Nigericin","AHNAK","Q09666","Q09666","AHNK_HUMAN","Neuroblast differentiation-associated protein AHNAK","Q09666_K4351_M2_17","GlyGly (K)",0.990336220085176,0.636009331156901,0.447901026297608,6,"Not significant"
"Unstim / P3C4+Nigericin","AHNAK","Q09666","Q09666","AHNK_HUMAN","Neuroblast differentiation-associated protein AHNAK","Q09666_K4342_M2_17","GlyGly (K)",0.990336220085176,0.636009331156901,0.447901026297608,6,"Not significant"
"Unstim / P3C4+Nigericin","RIDA","P52758","P52758","RIDA_HUMAN","2-iminobutanoate/2-iminopropanoate deaminase","P52758_K67_M2_17","GlyGly (K)",0.742986304815704,0.636124249528805,0.448436366413295,5,"Not significant"
"Unstim / P3C4+Nigericin","RAB3GAP1","Q15042","Q15042","RB3GP_HUMAN","Rab3 GTPase-activating protein catalytic subunit","Q15042_K744_M1_17","GlyGly (K)",2.21349229626236,0.63614549633176,0.44875265250102,6,"Not significant"
"Unstim / P3C4+Nigericin","ARPC4","P59998","P59998","ARPC4_HUMAN","Actin-related protein 2/3 complex subunit 4","P59998_K44_M1_17","GlyGly (K)",1.09234197158292,0.636341555231019,0.449603835905727,6,"Not significant"
"Unstim / P3C4+Nigericin","SNAP23","O00161","O00161","SNP23_HUMAN","Synaptosomal-associated protein 23","O00161_K167_M1_17","GlyGly (K)",-1.29124640242331,0.637241292328917,0.453083817361425,6,"Not significant"
"Unstim / P3C4+Nigericin","AHNAK","Q09666","Q09666","AHNK_HUMAN","Neuroblast differentiation-associated protein AHNAK","Q09666_K4898_M1_17","GlyGly (K)",1.07910126945045,0.637259457409685,0.45317077962894,6,"Not significant"
"Unstim / P3C4+Nigericin","WDR33","Q9C0J8","Q9C0J8","WDR33_HUMAN","pre-mRNA 3' end processing protein WDR33","Q9C0J8_K536_M1_17","GlyGly (K)",-0.9828200420243,0.637709727673078,0.455056370157424,6,"Not significant"
"Unstim / P3C4+Nigericin","ANXA8","P13928","P13928","ANXA8_HUMAN","Annexin A8","P13928_K112_M1_17","GlyGly (K)",-1.17487493611871,0.637729026607035,0.455358702929213,6,"Not significant"
"Unstim / P3C4+Nigericin","AK2","P54819","P54819","KAD2_HUMAN","Adenylate kinase 2, mitochondrial","P54819_K119_M2_17","GlyGly (K)",0.373001949544039,0.638182548840045,0.456986223114327,5,"Not significant"
"Unstim / P3C4+Nigericin","NRDC","O43847","O43847","NRDC_HUMAN","Nardilysin","O43847_K623_M1_17","GlyGly (K)",0.540604347936034,0.638246734963535,0.45730926003879,5,"Not significant"
"Unstim / P3C4+Nigericin","DEF6","Q9H4E7","Q9H4E7","DEFI6_HUMAN","Differentially expressed in FDCP 6 homolog","Q9H4E7_K254_M1_17","GlyGly (K)",1.85208325133812,0.63837918508945,0.45771612843078,6,"Not significant"
"Unstim / P3C4+Nigericin","TXNDC12","O95881","O95881","TXD12_HUMAN","Thioredoxin domain-containing protein 12","O95881_K123_M1_17","GlyGly (K)",1.13419474600497,0.639131339155063,0.46049550326414,6,"Not significant"
"Unstim / P3C4+Nigericin","MYO1E","Q12965","Q12965","MYO1E_HUMAN","Unconventional myosin-Ie","Q12965_K679_M1_17","GlyGly (K)",-1.62486542147725,0.639610322842625,0.462055552378724,6,"Not significant"
"Unstim / P3C4+Nigericin","RAP1B","P61224","P61224","RAP1B_HUMAN","Ras-related protein Rap-1b","P61224_K42_M1_17","GlyGly (K)",0.474601426108274,0.639750355813783,0.462586322018126,6,"Not significant"
"Unstim / P3C4+Nigericin","TUBB3","Q13509","Q13509","TBB3_HUMAN","Tubulin beta-3 chain","Q13509_K324_M1_17","GlyGly (K)",1.99664337540596,0.639809204981075,0.462776147577455,6,"Not significant"
"Unstim / P3C4+Nigericin","NUDC","Q9Y266","Q9Y266","NUDC_HUMAN","Nuclear migration protein nudC","Q9Y266_K275_M1_17","GlyGly (K)",-1.96795717734864,0.639957061496702,0.463506885755404,6,"Not significant"
"Unstim / P3C4+Nigericin","OSTF1","Q92882","Q92882","OSTF1_HUMAN","Osteoclast-stimulating factor 1","Q92882_K190_M1_17","GlyGly (K)",0.953978702671928,0.640188727462349,0.464540152470271,6,"Not significant"
"Unstim / P3C4+Nigericin","HSPA5","P11021","P11021","BIP_HUMAN","Endoplasmic reticulum chaperone BiP","P11021_K81_M1_17","GlyGly (K)",-0.579417544881521,0.640682072419654,0.466184451827378,6,"Not significant"
"Unstim / P3C4+Nigericin","TM9SF3","Q9HD45","Q9HD45","TM9S3_HUMAN","Transmembrane 9 superfamily member 3","Q9HD45_K114_M1_17","GlyGly (K)",-0.250195523943769,0.640839302681808,0.466663007030439,6,"Not significant"
"Unstim / P3C4+Nigericin","ATP5F1A","P25705","P25705","ATPA_HUMAN","ATP synthase subunit alpha, mitochondrial","P25705_K175_M1_17","GlyGly (K)",-0.491663335343338,0.641485433394136,0.468802744677895,6,"Not significant"
"Unstim / P3C4+Nigericin","HSPD1","P10809","P10809","CH60_HUMAN","60 kDa heat shock protein, mitochondrial","P10809_K387_M1_17","GlyGly (K)",-1.89056550651625,0.643027161788549,0.474028488175235,6,"Not significant"
"Unstim / P3C4+Nigericin","PRSS1","P07477","P07477","TRY1_HUMAN","Serine protease 1","P07477_K102_M1_17","GlyGly (K)",-0.877532141014468,0.643240120930339,0.474683277800433,6,"Not significant"
"Unstim / P3C4+Nigericin","DBN1","Q16643","Q16643","DREB_HUMAN","Drebrin","Q16643_K165_M1_17","GlyGly (K)",-1.90636916198934,0.643750763895653,0.476233916717772,6,"Not significant"
"Unstim / P3C4+Nigericin","HSPA2","P54652","P54652","HSP72_HUMAN","Heat shock-related 70 kDa protein 2","P54652_K113_M2_17","GlyGly (K)",1.45932401298233,0.643784762819159,0.476307292509267,4,"Not significant"
"Unstim / P3C4+Nigericin","H4C1","P62805","P62805","H4_HUMAN","Histone H4","P62805_K60_M1_17","GlyGly (K)",-0.936388300497663,0.643889382628619,0.47664433292738,6,"Not significant"
"Unstim / P3C4+Nigericin","CAP1","Q01518","Q01518","CAP1_HUMAN","Adenylyl cyclase-associated protein 1","Q01518_K149_M1_17","GlyGly (K)",2.67475454784516,0.643970025360041,0.47686897696395,6,"Not significant"
"Unstim / P3C4+Nigericin","PKM","P14618","P14618","KPYM_HUMAN","Pyruvate kinase PKM","P14618_K125_M1_17","GlyGly (K)",0.451882546343026,0.64425682346901,0.477897490144693,6,"Not significant"
"Unstim / P3C4+Nigericin","PIPSL","A2A3N6","A2A3N6","PIPSL_HUMAN","Putative PIP5K1A and PSMD4-like protein","A2A3N6_K637_M1_17","GlyGly (K)",-6.34565826036138,0.644696789200346,0.500574672878913,4,"Not significant"
"Unstim / P3C4+Nigericin","KRT2","Cont_P35908;P35908","Cont_P35908;P35908","K22E_HUMAN","Keratin, type II cytoskeletal 2 epidermal;Keratin, type II cytoskeletal 2 epidermal","Cont_P35908_K267_M1_17","GlyGly (K)",2.65997509497234,0.644696789200346,0.483259142410417,6,"Not significant"
"Unstim / P3C4+Nigericin","KRT2","Cont_P35908;P35908","Cont_P35908;P35908","K22E_HUMAN","Keratin, type II cytoskeletal 2 epidermal;Keratin, type II cytoskeletal 2 epidermal","P35908_K267_M1_17","GlyGly (K)",2.65997509497234,0.644696789200346,0.483259142410417,6,"Not significant"
"Unstim / P3C4+Nigericin","C6orf47","O95873","O95873","CF047_HUMAN","Uncharacterized protein C6orf47","O95873_K147_M1_17","GlyGly (K)",2.24406422976634,0.644696789200346,0.49327323506833,6,"Not significant"
"Unstim / P3C4+Nigericin","LMNA","P02545","P02545","LMNA_HUMAN","Prelamin-A/C","P02545_K201_M1_17","GlyGly (K)",1.66057217498644,0.644696789200346,0.487205515488113,6,"Not significant"
"Unstim / P3C4+Nigericin","GAPDH","P04406","P04406","G3P_HUMAN","Glyceraldehyde-3-phosphate dehydrogenase","P04406_K3_M2_17","GlyGly (K)",0.568465567416673,0.644696789200346,0.501413269179185,5,"Not significant"
"Unstim / P3C4+Nigericin","SRP19","P09132","P09132","SRP19_HUMAN","Signal recognition particle 19 kDa protein","P09132_K39_M1_17","GlyGly (K)",-0.316530993638764,0.644696789200346,0.498868415048868,6,"Not significant"
"Unstim / P3C4+Nigericin","HSP90B1","P14625","P14625","ENPL_HUMAN","Endoplasmin","P14625_K708_M2_17","GlyGly (K)",3.81030669406247,0.644696789200346,0.487596981731845,4,"Not significant"
"Unstim / P3C4+Nigericin","HSP90B1","P14625","P14625","ENPL_HUMAN","Endoplasmin","P14625_K708_M1_17","GlyGly (K)",-2.48622355983744,0.644696789200346,0.488214792216409,4,"Not significant"
"Unstim / P3C4+Nigericin","HNRNPA2B1","P22626","P22626","ROA2_HUMAN","Heterogeneous nuclear ribonucleoproteins A2/B1","P22626_K168_M1_17","GlyGly (K)",-1.9902245306036,0.644696789200346,0.484516038416276,6,"Not significant"
"Unstim / P3C4+Nigericin","CUX1","P39880","P39880","CUX1_HUMAN","Homeobox protein cut-like 1","P39880_K272_M1_17","GlyGly (K)",0.239857723050727,0.644696789200346,0.492670023729182,6,"Not significant"
"Unstim / P3C4+Nigericin","HSPA2","P54652","P54652","HSP72_HUMAN","Heat shock-related 70 kDa protein 2","P54652_K109_M2_17","GlyGly (K)",1.45733618129771,0.644696789200346,0.479887401171172,6,"Not significant"
"Unstim / P3C4+Nigericin","SSBP1","Q04837","Q04837","SSBP_HUMAN","Single-stranded DNA-binding protein, mitochondrial","Q04837_K122_M1_17","GlyGly (K)",-5.03527034491381,0.644696789200346,0.502280685185863,4,"Not significant"
"Unstim / P3C4+Nigericin","AHNAK","Q09666","Q09666","AHNK_HUMAN","Neuroblast differentiation-associated protein AHNAK","Q09666_K3157_M2_17","GlyGly (K)",10.3625210932834,0.644696789200346,0.500087965480128,5,"Not significant"
"Unstim / P3C4+Nigericin","AHNAK","Q09666","Q09666","AHNK_HUMAN","Neuroblast differentiation-associated protein AHNAK","Q09666_K3939_M2_17","GlyGly (K)",10.3625210932834,0.644696789200346,0.500087965480128,5,"Not significant"
"Unstim / P3C4+Nigericin","AHNAK","Q09666","Q09666","AHNK_HUMAN","Neuroblast differentiation-associated protein AHNAK","Q09666_K2920_M2_17","GlyGly (K)",8.5788368791458,0.644696789200346,0.49976894429958,4,"Not significant"
"Unstim / P3C4+Nigericin","AHNAK","Q09666","Q09666","AHNK_HUMAN","Neuroblast differentiation-associated protein AHNAK","Q09666_K696_M1_17","GlyGly (K)",-6.92838764104433,0.644696789200346,0.50099809767447,5,"Not significant"
"Unstim / P3C4+Nigericin","APOBR","Q0VD83","Q0VD83","APOBR_HUMAN","Apolipoprotein B receptor","Q0VD83_K933_M1_17","GlyGly (K)",-1.4987492566054,0.644696789200346,0.485304585916193,6,"Not significant"
"Unstim / P3C4+Nigericin","RAB11B","Q15907","Q15907","RB11B_HUMAN","Ras-related protein Rab-11B","Q15907_K41_M1_17","GlyGly (K)",0.519756225576615,0.644696789200346,0.499970828264323,6,"Not significant"
"Unstim / P3C4+Nigericin","HP1BP3","Q5SSJ5","Q5SSJ5","HP1B3_HUMAN","Heterochromatin protein 1-binding protein 3","Q5SSJ5_K33_M1_17","GlyGly (K)",-4.87298909338188,0.644696789200346,0.502290321319798,5,"Not significant"
"Unstim / P3C4+Nigericin","MRRF","Q96E11","Q96E11","RRFM_HUMAN","Ribosome-recycling factor, mitochondrial","Q96E11_K160_M1_17","GlyGly (K)",-1.3087364932932,0.644696789200346,0.488768819634866,6,"Not significant"
"Unstim / P3C4+Nigericin","POTEKP","Q9BYX7","Q9BYX7","ACTBM_HUMAN","Putative beta-actin-like protein 3","Q9BYX7_K238_M1_17","GlyGly (K)",2.25972379443683,0.644696789200346,0.483112622443418,6,"Not significant"
"Unstim / P3C4+Nigericin","RUVBL2","Q9Y230","Q9Y230","RUVB2_HUMAN","RuvB-like 2","Q9Y230_K115_M1_17","GlyGly (K)",-1.99581487684464,0.644696789200346,0.491952208366293,6,"Not significant"
"Unstim / P3C4+Nigericin","HYOU1","Q9Y4L1","Q9Y4L1","HYOU1_HUMAN","Hypoxia up-regulated protein 1","Q9Y4L1_K774_M1_17","GlyGly (K)",-6.40668751870149,0.644696789200346,0.497119576375514,4,"Not significant"
"Unstim / P3C4+Nigericin","ACAA1","P09110","P09110","THIK_HUMAN","3-ketoacyl-CoA thiolase, peroxisomal","P09110_K265_M2_17","GlyGly (K)",5.41271142340395,0.644696789200346,0.491397100668323,4,"Not significant"
"Unstim / P3C4+Nigericin","RNH1","P13489","P13489","RINI_HUMAN","Ribonuclease inhibitor","P13489_K283_M2_17","GlyGly (K)",0.284098885737286,0.644696789200346,0.494295933432973,5,"Not significant"
"Unstim / P3C4+Nigericin","MLLT1","Q03111","Q03111","ENL_HUMAN","Protein ENL","Q03111_K269_M1_17","GlyGly (K)",12.4345988018094,0.644696789200346,0.499959943474088,4,"Not significant"
"Unstim / P3C4+Nigericin","PAICS","P22234","P22234","PUR6_HUMAN","Bifunctional phosphoribosylaminoimidazole carboxylase/phosphoribosylaminoimidazole succinocarboxamide synthetase","P22234_K36_M2_17","GlyGly (K)",2.92255413973048,0.644696789200346,0.489817633237054,4,"Not significant"
"Unstim / P3C4+Nigericin","HYPK","Q9NX55","Q9NX55","HYPK_HUMAN","Huntingtin-interacting protein K","Q9NX55_K83_M2_17","GlyGly (K)",-5.32118588325288,0.644733568353936,0.503568051445291,5,"Not significant"
"Unstim / P3C4+Nigericin","RPL14","P50914","P50914","RL14_HUMAN","Large ribosomal subunit protein eL14","P50914_K23_M1_17","GlyGly (K)",1.86322574000028,0.644897226507439,0.505258957627066,6,"Not significant"
"Unstim / P3C4+Nigericin","ACTC1","P68032","P68032","ACTC_HUMAN","Actin, alpha cardiac muscle 1","P68032_K217_M2_17","GlyGly (K)",0.520020104815594,0.64511467441544,0.50708572373775,6,"Not significant"
"Unstim / P3C4+Nigericin","ACTC1","P68032","P68032","ACTC_HUMAN","Actin, alpha cardiac muscle 1","P68032_K215_M2_17","GlyGly (K)",0.520020104815594,0.64511467441544,0.50708572373775,6,"Not significant"
"Unstim / P3C4+Nigericin","BASP1","P80723","P80723","BASP1_HUMAN","Brain acid soluble protein 1","P80723_K97_M2_17","GlyGly (K)",2.91314153954932,0.645223351996165,0.507748409972767,4,"Not significant"
"Unstim / P3C4+Nigericin","XRN2","Q9H0D6","Q9H0D6","XRN2_HUMAN","5'-3' exoribonuclease 2","Q9H0D6_K533_M1_17","GlyGly (K)",-0.737919481263841,0.646504532183126,0.512346225336564,5,"Not significant"
"Unstim / P3C4+Nigericin","STX3","Q13277","Q13277","STX3_HUMAN","Syntaxin-3","Q13277_K58_M2_17","GlyGly (K)",0.413406708937344,0.64878129264225,0.520563705012533,4,"Not significant"
"Unstim / P3C4+Nigericin","XPOT","O43592","O43592","XPOT_HUMAN","Exportin-T","O43592_K316_M1_17","GlyGly (K)",1.00659256809359,0.648804830837178,0.520691598819432,6,"Not significant"
"Unstim / P3C4+Nigericin","ALB","Cont_P02769","Cont_P02769","ALBU_BOVIN","Albumin","Cont_P02769_K580_M1_17","GlyGly (K)",0.510219911399128,0.65050235152112,0.526058040757487,6,"Not significant"
"Unstim / P3C4+Nigericin","FASN","P49327","P49327","FAS_HUMAN","Fatty acid synthase","P49327_K787_M1_17","GlyGly (K)",-0.928474375890741,0.651446870557118,0.528785108676631,6,"Not significant"
"Unstim / P3C4+Nigericin","GPI","P06744","P06744","G6PI_HUMAN","Glucose-6-phosphate isomerase","P06744_K194_M1_17","GlyGly (K)",0.832875867403259,0.651518413522339,0.528918135088708,6,"Not significant"
"Unstim / P3C4+Nigericin","PKM","P14618","P14618","KPYM_HUMAN","Pyruvate kinase PKM","P14618_K322_M1_17","GlyGly (K)",0.34124393495499,0.65193249856183,0.530187868501103,6,"Not significant"
"Unstim / P3C4+Nigericin","MTHFD1","P11586","P11586","C1TC_HUMAN","C-1-tetrahydrofolate synthase, cytoplasmic","P11586_K370_M1_17","GlyGly (K)",0.746942107598166,0.653257389232776,0.533932882061973,6,"Not significant"
"Unstim / P3C4+Nigericin","FADD","Q13158","Q13158","FADD_HUMAN","FAS-associated death domain protein","Q13158_K110_M1_17","GlyGly (K)",0.461222519298395,0.653916063761478,0.535944506591163,6,"Not significant"
"Unstim / P3C4+Nigericin","PARK7","Q99497","Q99497","PARK7_HUMAN","Parkinson disease protein 7","Q99497_K148_M1_17","GlyGly (K)",1.65872613264244,0.657595325067792,0.547027944701032,6,"Not significant"
"Unstim / P3C4+Nigericin","NELFA","Q9H3P2","Q9H3P2","NELFA_HUMAN","Negative elongation factor A","Q9H3P2_K288_M1_17","GlyGly (K)",1.72800922468601,0.658043469411773,0.548386554411264,6,"Not significant"
"Unstim / P3C4+Nigericin","PGD","P52209","P52209","6PGD_HUMAN","6-phosphogluconate dehydrogenase, decarboxylating","P52209_K38_M1_17","GlyGly (K)",-1.6047733907558,0.658196379080039,0.548999486802966,6,"Not significant"
"Unstim / P3C4+Nigericin","ANXA7","P20073","P20073","ANXA7_HUMAN","Annexin A7","P20073_K196_M2_17","GlyGly (K)",-0.652501984810444,0.658565461210608,0.550093468821547,4,"Not significant"
"Unstim / P3C4+Nigericin","MRPL40","Q9NQ50","Q9NQ50","RM40_HUMAN","Large ribosomal subunit protein mL40","Q9NQ50_K163_M1_17","GlyGly (K)",-0.407150238209488,0.659591734566946,0.553058283434335,6,"Not significant"
"Unstim / P3C4+Nigericin","HNRNPA3","P51991","P51991","ROA3_HUMAN","Heterogeneous nuclear ribonucleoprotein A3","P51991_K151_M2_17","GlyGly (K)",0.685574571880936,0.65998030023619,0.55431047709056,6,"Not significant"
"Unstim / P3C4+Nigericin","HNRNPA3","P51991","P51991","ROA3_HUMAN","Heterogeneous nuclear ribonucleoprotein A3","P51991_K148_M2_17","GlyGly (K)",0.685574571880936,0.65998030023619,0.55431047709056,6,"Not significant"
"Unstim / P3C4+Nigericin","LMNB1","P20700","P20700","LMNB1_HUMAN","Lamin-B1","P20700_K332_M1_17","GlyGly (K)",-0.862576898809936,0.660049268143762,0.554569328275649,5,"Not significant"
"Unstim / P3C4+Nigericin","HSPD1","P10809","P10809","CH60_HUMAN","60 kDa heat shock protein, mitochondrial","P10809_K314_M1_17","GlyGly (K)",0.120212694210807,0.662803463984112,0.562597320847664,6,"Not significant"
"Unstim / P3C4+Nigericin","CAP2","P40123","P40123","CAP2_HUMAN","Adenylyl cyclase-associated protein 2","P40123_K320_M2_17","GlyGly (K)",2.04020603672115,0.665582555326205,0.571227159261371,4,"Not significant"
"Unstim / P3C4+Nigericin","CAP1","Q01518","Q01518","CAP1_HUMAN","Adenylyl cyclase-associated protein 1","Q01518_K328_M1_17","GlyGly (K)",0.614983657064595,0.665897819779831,0.572141234604835,6,"Not significant"
"Unstim / P3C4+Nigericin","RPL14","P50914","P50914","RL14_HUMAN","Large ribosomal subunit protein eL14","P50914_K160_M1_17","GlyGly (K)",0.971448408307324,0.666164430926795,0.572930067555091,6,"Not significant"
"Unstim / P3C4+Nigericin","HSPA1A;HSPA1B","P0DMV8;P0DMV9","P0DMV8;P0DMV9","HS71A_HUMAN;HS71B_HUMAN","Heat shock 70 kDa protein 1A;Heat shock 70 kDa protein 1B","P0DMV8_K573_M1_17","GlyGly (K)",1.49029840202345,0.666991844668642,0.575597641852207,6,"Not significant"
"Unstim / P3C4+Nigericin","HSPA1A;HSPA1B","P0DMV8;P0DMV9","P0DMV8;P0DMV9","HS71A_HUMAN;HS71B_HUMAN","Heat shock 70 kDa protein 1A;Heat shock 70 kDa protein 1B","P0DMV9_K573_M1_17","GlyGly (K)",1.49029840202345,0.666991844668642,0.575597641852207,6,"Not significant"
"Unstim / P3C4+Nigericin","AHNAK","Q09666","Q09666","AHNK_HUMAN","Neuroblast differentiation-associated protein AHNAK","Q09666_K5744_M2_17","GlyGly (K)",0.890222978030139,0.667185406504105,0.57627382210194,6,"Not significant"
"Unstim / P3C4+Nigericin","P4HB","P07237","P07237","PDIA1_HUMAN","Protein disulfide-isomerase","P07237_K415_M2_17","GlyGly (K)",0.215508163626468,0.667976931505559,0.578554971011273,6,"Not significant"
"Unstim / P3C4+Nigericin","MYH9","P35579","P35579","MYH9_HUMAN","Myosin-9","P35579_K682_M1_17","GlyGly (K)",0.987057959301557,0.668239401376021,0.579312816815256,6,"Not significant"
"Unstim / P3C4+Nigericin","MDH2","P40926","P40926","MDHM_HUMAN","Malate dehydrogenase, mitochondrial","P40926_K91_M1_17","GlyGly (K)",0.557452055612026,0.668265947019001,0.579461837894708,6,"Not significant"
"Unstim / P3C4+Nigericin","PSMC2","P35998","P35998","PRS7_HUMAN","26S proteasome regulatory subunit 7","P35998_K66_M1_17","GlyGly (K)",0.640795707534191,0.668519526149852,0.580494557778699,6,"Not significant"
"Unstim / P3C4+Nigericin","GLUD1","P00367","P00367","DHE3_HUMAN","Glutamate dehydrogenase 1, mitochondrial","P00367_K171_M1_17","GlyGly (K)",1.49394257030312,0.672215243451674,0.591780459225352,6,"Not significant"
"Unstim / P3C4+Nigericin","GOLGA2","Q08379","Q08379","GOGA2_HUMAN","Golgin subfamily A member 2","Q08379_K280_M1_17","GlyGly (K)",-0.280898700659267,0.672277695053503,0.591946024632509,6,"Not significant"
"Unstim / P3C4+Nigericin","EEF1D","P29692","P29692","EF1D_HUMAN","Elongation factor 1-delta","P29692_K17_M1_17","GlyGly (K)",1.86577620741472,0.673760289236541,0.596485120807178,4,"Not significant"
"Unstim / P3C4+Nigericin","SND1","Q7KZF4","Q7KZF4","SND1_HUMAN","Staphylococcal nuclease domain-containing protein 1","Q7KZF4_K93_M1_17","GlyGly (K)",1.43870854461347,0.673946322622273,0.597136058089278,6,"Not significant"
"Unstim / P3C4+Nigericin","ANXA1","P04083","P04083","ANXA1_HUMAN","Annexin A1","P04083_K53_M1_17","GlyGly (K)",-0.550266606595147,0.674460085394833,0.598618866637968,6,"Not significant"
"Unstim / P3C4+Nigericin","HMGA1","P17096","P17096","HMGA1_HUMAN","High mobility group protein HMG-I/HMG-Y","P17096_K18_M2_17","GlyGly (K)",1.82704300345568,0.675906004199431,0.602653556468095,4,"Not significant"
"Unstim / P3C4+Nigericin","ATP2A2","P16615","P16615","AT2A2_HUMAN","Sarcoplasmic/endoplasmic reticulum calcium ATPase 2","P16615_K352_M1_17","GlyGly (K)",1.15272969069204,0.678250068534466,0.609724134349171,6,"Not significant"
"Unstim / P3C4+Nigericin","PDIA3","P30101","P30101","PDIA3_HUMAN","Protein disulfide-isomerase A3","P30101_K252_M1_17","GlyGly (K)",-0.661325064794364,0.679053335496078,0.612112443555557,6,"Not significant"
"Unstim / P3C4+Nigericin","NACA4P","Q9BZK3","Q9BZK3","NACP4_HUMAN","Putative nascent polypeptide-associated complex subunit alpha-like protein","Q9BZK3_K199_M1_17","GlyGly (K)",-0.342302657027567,0.679783816414993,0.61448427845195,6,"Not significant"
"Unstim / P3C4+Nigericin","HSP90AA1","P07900","P07900","HS90A_HUMAN","Heat shock protein HSP 90-alpha","P07900_K443_M1_17","GlyGly (K)",0.610976765283352,0.680412325337036,0.616285353597298,6,"Not significant"
"Unstim / P3C4+Nigericin","TMSB4X","P62328","P62328","TYB4_HUMAN","Thymosin beta-4","P62328_K15_M2_17","GlyGly (K)",-0.232852393394391,0.681407361970259,0.619191007167228,6,"Not significant"
"Unstim / P3C4+Nigericin","PGAM1","P18669","P18669","PGAM1_HUMAN","Phosphoglycerate mutase 1","P18669_K138_M1_17","GlyGly (K)",0.842663161110146,0.681631035861662,0.619879417749456,6,"Not significant"
"Unstim / P3C4+Nigericin","CAST","P20810","P20810","ICAL_HUMAN","Calpastatin","P20810_K283_M1_17","GlyGly (K)",0.666083879732999,0.683366994069742,0.625101402587634,6,"Not significant"
"Unstim / P3C4+Nigericin","HSPA1L","P34931","P34931","HS71L_HUMAN","Heat shock 70 kDa protein 1-like","P34931_K332_M1_17","GlyGly (K)",0.270499719466128,0.685260602810867,0.63086077025214,6,"Not significant"
"Unstim / P3C4+Nigericin","NDRG1","Q92597","Q92597","NDRG1_HUMAN","Protein NDRG1","Q92597_K285_M1_17","GlyGly (K)",-0.724607670494062,0.691888054393305,0.651819022880377,6,"Not significant"
"Unstim / P3C4+Nigericin","PRSS1","Cont_P00760","Cont_P00760","TRY1_BOVIN","Serine protease 1","Cont_P00760_K112_M2_17","GlyGly (K)",-0.0604468460836522,0.691892668762751,0.651829275197782,6,"Not significant"
"Unstim / P3C4+Nigericin","SSBP1","Q04837","Q04837","SSBP_HUMAN","Single-stranded DNA-binding protein, mitochondrial","Q04837_K145_M1_17","GlyGly (K)",-0.262045706798496,0.692037988149632,0.652260896059437,6,"Not significant"
"Unstim / P3C4+Nigericin","GPX1","P07203","P07203","GPX1_HUMAN","Glutathione peroxidase 1","P07203_K166_M1_17","GlyGly (K)",0.739837880835699,0.693175483028261,0.655702605279518,6,"Not significant"
"Unstim / P3C4+Nigericin","H2BC21","Q16778","Q16778","H2B2E_HUMAN","Histone H2B type 2-E","Q16778_K58_M2_17","GlyGly (K)",-0.291946032438928,0.693392916843453,0.656296857387643,6,"Not significant"
"Unstim / P3C4+Nigericin","H2BC21","Q16778","Q16778","H2B2E_HUMAN","Histone H2B type 2-E","Q16778_K47_M2_17","GlyGly (K)",-0.291946032438928,0.693392916843453,0.656296857387643,6,"Not significant"
"Unstim / P3C4+Nigericin","HP1BP3","Q5SSJ5","Q5SSJ5","HP1B3_HUMAN","Heterochromatin protein 1-binding protein 3","Q5SSJ5_K334_M1_17","GlyGly (K)",0.630999458974347,0.693597007019388,0.656939948809397,6,"Not significant"
"Unstim / P3C4+Nigericin","MCEE","Q96PE7","Q96PE7","MCEE_HUMAN","Methylmalonyl-CoA epimerase, mitochondrial","Q96PE7_K156_M1_17","GlyGly (K)",1.02574101370383,0.695479261487917,0.663009487134977,6,"Not significant"
"Unstim / P3C4+Nigericin","IDH3B","O43837","O43837","IDH3B_HUMAN","Isocitrate dehydrogenase [NAD] subunit beta, mitochondrial","O43837_K105_M1_17","GlyGly (K)",1.01237289093427,0.696071869171331,0.664951654861124,6,"Not significant"
"Unstim / P3C4+Nigericin","ALDOA","P04075","P04075","ALDOA_HUMAN","Fructose-bisphosphate aldolase A","P04075_K153_M1_17","GlyGly (K)",0.400211356432922,0.696178529241683,0.665367696802838,6,"Not significant"
"Unstim / P3C4+Nigericin","PEPD","P12955","P12955","PEPD_HUMAN","Xaa-Pro dipeptidase","P12955_K17_M1_17","GlyGly (K)",-0.347646592812919,0.697578297832576,0.670053754662713,6,"Not significant"
"Unstim / P3C4+Nigericin","ANXA6","P08133","P08133","ANXA6_HUMAN","Annexin A6","P08133_K113_M2_17","GlyGly (K)",-0.568853471848646,0.699027360595793,0.674712565883185,6,"Not significant"
"Unstim / P3C4+Nigericin","ANXA6","P08133","P08133","ANXA6_HUMAN","Annexin A6","P08133_K102_M2_17","GlyGly (K)",-0.568853471848646,0.699027360595793,0.674712565883185,6,"Not significant"
"Unstim / P3C4+Nigericin","CANX","P27824","P27824","CALX_HUMAN","Calnexin","P27824_K571_M2_17","GlyGly (K)",-0.0184200026356948,0.6992591663419,0.675486275231629,6,"Not significant"
"Unstim / P3C4+Nigericin","MATR3","P43243","P43243","MATR3_HUMAN","Matrin-3","P43243_K132_M1_17","GlyGly (K)",0.65184714995964,0.699707945545114,0.676937242720726,6,"Not significant"
"Unstim / P3C4+Nigericin","HDAC2","Q92769","Q92769","HDAC2_HUMAN","Histone deacetylase 2","Q92769_K362_M1_17","GlyGly (K)",-0.949130626471206,0.699982921267902,0.677868955855993,6,"Not significant"
"Unstim / P3C4+Nigericin","TMPO","P42166","P42166","LAP2A_HUMAN","Lamina-associated polypeptide 2, isoform alpha","P42166_K15_M1_17","GlyGly (K)",0.960340122356993,0.700291528794552,0.678774756707191,6,"Not significant"
"Unstim / P3C4+Nigericin","HSPA8","P11142","P11142","HSP7C_HUMAN","Heat shock cognate 71 kDa protein","P11142_K88_M1_17","GlyGly (K)",0.420826793716832,0.700451583766727,0.679356857150088,6,"Not significant"
"Unstim / P3C4+Nigericin","PFDN4","Q9NQP4","Q9NQP4","PFD4_HUMAN","Prefoldin subunit 4","Q9NQP4_K6_M2_17","GlyGly (K)",-0.313195061035252,0.700693916875751,0.680135641899391,4,"Not significant"
"Unstim / P3C4+Nigericin","ATP5F1A","P25705","P25705","ATPA_HUMAN","ATP synthase subunit alpha, mitochondrial","P25705_K161_M1_17","GlyGly (K)",-0.213890248465545,0.703185890478969,0.68837112262603,6,"Not significant"
"Unstim / P3C4+Nigericin","UGGT1","Q9NYU2","Q9NYU2","UGGG1_HUMAN","UDP-glucose:glycoprotein glucosyltransferase 1","Q9NYU2_K930_M1_17","GlyGly (K)",0.272129995184358,0.704222566921753,0.691401354696318,6,"Not significant"
"Unstim / P3C4+Nigericin","HSP90B1","P14625","P14625","ENPL_HUMAN","Endoplasmin","P14625_K702_M2_17","GlyGly (K)",-1.00721910314447,0.7043446969441,0.691829008644668,5,"Not significant"
"Unstim / P3C4+Nigericin","HNRNPU","Q00839","Q00839","HNRPU_HUMAN","Heterogeneous nuclear ribonucleoprotein U","Q00839_K494_M2_17","GlyGly (K)",0.118635231420416,0.704459302129068,0.692265960866603,5,"Not significant"
"Unstim / P3C4+Nigericin","GLO1","Q04760","Q04760","LGUL_HUMAN","Lactoylglutathione lyase","Q04760_K28_M1_17","GlyGly (K)",0.613754751853413,0.704567683313152,0.692747965716832,6,"Not significant"
"Unstim / P3C4+Nigericin","HSPA1A;HSPA1B","P0DMV8;P0DMV9","P0DMV8;P0DMV9","HS71A_HUMAN;HS71B_HUMAN","Heat shock 70 kDa protein 1A;Heat shock 70 kDa protein 1B","P0DMV8_K25_M1_17","GlyGly (K)",0.958912196417328,0.705033251829603,0.694260425846922,6,"Not significant"
"Unstim / P3C4+Nigericin","HSPA1A;HSPA1B","P0DMV8;P0DMV9","P0DMV8;P0DMV9","HS71A_HUMAN;HS71B_HUMAN","Heat shock 70 kDa protein 1A;Heat shock 70 kDa protein 1B","P0DMV9_K25_M1_17","GlyGly (K)",0.958912196417328,0.705033251829603,0.694260425846922,6,"Not significant"
"Unstim / P3C4+Nigericin","HNRNPUL1","Q9BUJ2","Q9BUJ2","HNRL1_HUMAN","Heterogeneous nuclear ribonucleoprotein U-like protein 1","Q9BUJ2_K416_M2_17","GlyGly (K)",0.234074595422117,0.705629791193152,0.696260998353951,4,"Not significant"
"Unstim / P3C4+Nigericin","ECH1","Q13011","Q13011","ECH1_HUMAN","Delta(3,5)-Delta(2,4)-dienoyl-CoA isomerase, mitochondrial","Q13011_K161_M1_17","GlyGly (K)",-0.923167890790557,0.705916037029682,0.697154034308968,6,"Not significant"
"Unstim / P3C4+Nigericin","MTF1","Q14872","Q14872","MTF1_HUMAN","Metal regulatory transcription factor 1","Q14872_K627_M1_17","GlyGly (K)",0.686167296575754,0.707205538441951,0.70089390205131,6,"Not significant"
"Unstim / P3C4+Nigericin","ATG16L1","Q676U5","Q676U5","A16L1_HUMAN","Autophagy-related protein 16-1","Q676U5_K266_M1_17","GlyGly (K)",0.847074252763382,0.708376070725932,0.70487033678716,6,"Not significant"
"Unstim / P3C4+Nigericin","ARHGDIA","P52565","P52565","GDIR1_HUMAN","Rho GDP-dissociation inhibitor 1","P52565_K167_M1_17","GlyGly (K)",0.356493145973963,0.710742641254934,0.712756453666777,6,"Not significant"
"Unstim / P3C4+Nigericin","ANXA2","P07355","P07355","ANXA2_HUMAN","Annexin A2","P07355_K49_M2_17","GlyGly (K)",0.669515059088523,0.711767588629818,0.71624904212598,6,"Not significant"
"Unstim / P3C4+Nigericin","ANXA2","P07355","P07355","ANXA2_HUMAN","Annexin A2","P07355_K47_M2_17","GlyGly (K)",0.669515059088523,0.711767588629818,0.71624904212598,6,"Not significant"
"Unstim / P3C4+Nigericin","SUB1","P53999","P53999","TCP4_HUMAN","Activated RNA polymerase II transcriptional coactivator p15","P53999_K114_M1_17","GlyGly (K)",-0.112320541956269,0.712433228851626,0.718679799169075,6,"Not significant"
"Unstim / P3C4+Nigericin","SPN","P16150","P16150","LEUK_HUMAN","Leukosialin","P16150_K350_M1_17","GlyGly (K)",0.852750315798263,0.713169504060925,0.720956571245791,6,"Not significant"
"Unstim / P3C4+Nigericin","MACROH2A1","O75367","O75367","H2AY_HUMAN","Core histone macro-H2A.1","O75367_K18_M1_17","GlyGly (K)",0.226003893416939,0.713437349061533,0.721906874880288,6,"Not significant"
"Unstim / P3C4+Nigericin","EEF1D","P29692","P29692","EF1D_HUMAN","Elongation factor 1-delta","P29692_K59_M1_17","GlyGly (K)",0.148737277687374,0.715581351529405,0.729028830803628,6,"Not significant"
"Unstim / P3C4+Nigericin","DNAJC13","O75165","O75165","DJC13_HUMAN","DnaJ homolog subfamily C member 13","O75165_K599_M1_17","GlyGly (K)",-0.473254067645149,0.71633623186226,0.731461271039317,6,"Not significant"
"Unstim / P3C4+Nigericin","ARL8B","Q9NVJ2","Q9NVJ2","ARL8B_HUMAN","ADP-ribosylation factor-like protein 8B","Q9NVJ2_K117_M1_17","GlyGly (K)",0.245048045227129,0.716453693772041,0.731892926139513,6,"Not significant"
"Unstim / P3C4+Nigericin","ACADM","P11310","P11310","ACADM_HUMAN","Medium-chain specific acyl-CoA dehydrogenase, mitochondrial","P11310_K69_M1_17","GlyGly (K)",-0.526094766557125,0.717951568914415,0.736713592700089,6,"Not significant"
"Unstim / P3C4+Nigericin","CAP1","Q01518","Q01518","CAP1_HUMAN","Adenylyl cyclase-associated protein 1","Q01518_K100_M1_17","GlyGly (K)",0.676359503264652,0.718461488530447,0.738438941387693,6,"Not significant"
"Unstim / P3C4+Nigericin","CBX3","Q13185","Q13185","CBX3_HUMAN","Chromobox protein homolog 3","Q13185_K34_M1_17","GlyGly (K)",-0.593127553365255,0.720151894778865,0.743734877335992,6,"Not significant"
"Unstim / P3C4+Nigericin","IL1B","P01584","P01584","IL1B_HUMAN","Interleukin-1 beta","P01584_K171_M1_17","GlyGly (K)",0.367607100384932,0.723485569039872,0.755434170675927,6,"Not significant"
"Unstim / P3C4+Nigericin","HSPA5","P11021","P11021","BIP_HUMAN","Endoplasmic reticulum chaperone BiP","P11021_K185_M1_17","GlyGly (K)",0.721657305300299,0.723771936101679,0.756417662614199,6,"Not significant"
"Unstim / P3C4+Nigericin","RAB1A","P62820","P62820","RAB1A_HUMAN","Ras-related protein Rab-1A","P62820_K156_M1_17","GlyGly (K)",0.154658526590852,0.724229296724516,0.757836516571813,6,"Not significant"
"Unstim / P3C4+Nigericin","RAP2B","P61225","P61225","RAP2B_HUMAN","Ras-related protein Rap-2b","P61225_K5_M1_17","GlyGly (K)",-0.252768669259808,0.724498105135642,0.758934259570613,6,"Not significant"
"Unstim / P3C4+Nigericin","ATP2A2","P16615","P16615","AT2A2_HUMAN","Sarcoplasmic/endoplasmic reticulum calcium ATPase 2","P16615_K7_M1_17","GlyGly (K)",0.17099960785013,0.724758228340275,0.759738737098365,5,"Not significant"
"Unstim / P3C4+Nigericin","RALA","P11233","P11233","RALA_HUMAN","Ras-related protein Ral-A","P11233_K128_M1_17","GlyGly (K)",0.728137815542706,0.724792217334675,0.759925872650947,5,"Not significant"
"Unstim / P3C4+Nigericin","POLR3E","Q9NVU0","Q9NVU0","RPC5_HUMAN","DNA-directed RNA polymerase III subunit RPC5","Q9NVU0_K410_M1_17","GlyGly (K)",-0.559856964066341,0.725934301151747,0.763997866535043,6,"Not significant"
"Unstim / P3C4+Nigericin","ECHDC1","Q9NTX5","Q9NTX5","ECHD1_HUMAN","Ethylmalonyl-CoA decarboxylase","Q9NTX5_K301_M1_17","GlyGly (K)",0.11016231738735,0.725947594935171,0.764068777972764,6,"Not significant"
"Unstim / P3C4+Nigericin","AHNAK","Q09666","Q09666","AHNK_HUMAN","Neuroblast differentiation-associated protein AHNAK","Q09666_K2773_M2_17","GlyGly (K)",0.111130096715685,0.726001935650605,0.764330581726985,5,"Not significant"
"Unstim / P3C4+Nigericin","TFRC","P02786","P02786","TFR1_HUMAN","Transferrin receptor protein 1","P02786_K134_M1_17","GlyGly (K)",-0.45680767549781,0.726162888819823,0.764785580831676,6,"Not significant"
"Unstim / P3C4+Nigericin","STIP1","P31948","P31948","STIP1_HUMAN","Stress-induced-phosphoprotein 1","P31948_K100_M1_17","GlyGly (K)",0.322022844756583,0.728178485975513,0.771749782231075,6,"Not significant"
"Unstim / P3C4+Nigericin","IMP4","Q96G21","Q96G21","IMP4_HUMAN","U3 small nucleolar ribonucleoprotein protein IMP4","Q96G21_K129_M1_17","GlyGly (K)",0.279580276041603,0.729652251984603,0.77695878001592,6,"Not significant"
"Unstim / P3C4+Nigericin","GRPEL1","Q9HAV7","Q9HAV7","GRPE1_HUMAN","GrpE protein homolog 1, mitochondrial","Q9HAV7_K153_M1_17","GlyGly (K)",-0.320634452651199,0.731960217774961,0.785304430407265,6,"Not significant"
"Unstim / P3C4+Nigericin","AHNAK","Q09666","Q09666","AHNK_HUMAN","Neuroblast differentiation-associated protein AHNAK","Q09666_K1408_M2_17","GlyGly (K)",0.130577895516327,0.732396564016472,0.787061794718354,4,"Not significant"
"Unstim / P3C4+Nigericin","HSPA8","P11142","P11142","HSP7C_HUMAN","Heat shock cognate 71 kDa protein","P11142_K583_M1_17","GlyGly (K)",-0.441303023322115,0.73240139307873,0.787121795025699,6,"Not significant"
"Unstim / P3C4+Nigericin","NSMAF","Q92636","Q92636","FAN_HUMAN","Protein FAN","Q92636_K161_M1_17","GlyGly (K)",-0.437615317737189,0.732602123132294,0.787767195430755,6,"Not significant"
"Unstim / P3C4+Nigericin","VMA21","Q3ZAQ7","Q3ZAQ7","VMA21_HUMAN","Vacuolar ATPase assembly integral membrane protein VMA21","Q3ZAQ7_K6_M1_17","GlyGly (K)",0.294527724564958,0.732650304771668,0.788033336858643,6,"Not significant"
"Unstim / P3C4+Nigericin","ZMPSTE24","O75844","O75844","FACE1_HUMAN","CAAX prenyl protease 1 homolog","O75844_K325_M1_17","GlyGly (K)",-0.199776898187081,0.732818191236144,0.788663936204795,6,"Not significant"
"Unstim / P3C4+Nigericin","CKAP4","Q07065","Q07065","CKAP4_HUMAN","Cytoskeleton-associated protein 4","Q07065_K161_M1_17","GlyGly (K)",-0.122919945456458,0.733488035431017,0.791095734074076,6,"Not significant"
"Unstim / P3C4+Nigericin","PDIA6","Q15084","Q15084","PDIA6_HUMAN","Protein disulfide-isomerase A6","Q15084_K373_M1_17","GlyGly (K)",-0.080246099499299,0.733828281501855,0.792288944948722,6,"Not significant"
"Unstim / P3C4+Nigericin","HNRNPD","Q14103","Q14103","HNRPD_HUMAN","Heterogeneous nuclear ribonucleoprotein D0","Q14103_K218_M1_17","GlyGly (K)",0.441443307879849,0.735599557338923,0.798487893337217,6,"Not significant"
"Unstim / P3C4+Nigericin","MYO18A","Q92614","Q92614","MY18A_HUMAN","Unconventional myosin-XVIIIa","Q92614_K1662_M1_17","GlyGly (K)",0.401627452053552,0.736722736370923,0.802169000121639,6,"Not significant"
"Unstim / P3C4+Nigericin","SOD1","P00441","P00441","SODC_HUMAN","Superoxide dismutase [Cu-Zn]","P00441_K4_M2_17","GlyGly (K)",0.0989513661620159,0.736916279637284,0.802824783498384,5,"Not significant"
"Unstim / P3C4+Nigericin","SUMO2","P61956","P61956","SUMO2_HUMAN","Small ubiquitin-related modifier 2","P61956_K11_M2_17","GlyGly (K)",0.0796080942207946,0.737868424941247,0.806516097789076,4,"Not significant"
"Unstim / P3C4+Nigericin","HSPD1","P10809","P10809","CH60_HUMAN","60 kDa heat shock protein, mitochondrial","P10809_K91_M2_17","GlyGly (K)",-0.168744890546955,0.738536296841612,0.808982883161474,5,"Not significant"
"Unstim / P3C4+Nigericin","PA2G4","Q9UQ80","Q9UQ80","PA2G4_HUMAN","Proliferation-associated protein 2G4","Q9UQ80_K158_M2_17","GlyGly (K)",0.139040440738304,0.739545144366009,0.812471427507952,4,"Not significant"
"Unstim / P3C4+Nigericin","KRT1","Cont_P04264;P04264","Cont_P04264;P04264","K2C1_HUMAN","Keratin, type II cytoskeletal 1;Keratin, type II cytoskeletal 1","Cont_P04264_K395_M1_17","GlyGly (K)",0.514475779367429,0.740952568936437,0.817807045037359,6,"Not significant"
"Unstim / P3C4+Nigericin","KRT1","Cont_P04264;P04264","Cont_P04264;P04264","K2C1_HUMAN","Keratin, type II cytoskeletal 1;Keratin, type II cytoskeletal 1","P04264_K395_M1_17","GlyGly (K)",0.514475779367429,0.740952568936437,0.817807045037359,6,"Not significant"
"Unstim / P3C4+Nigericin","COPG1","Q9Y678","Q9Y678","COPG1_HUMAN","Coatomer subunit gamma-1","Q9Y678_K497_M1_17","GlyGly (K)",-0.237950746253144,0.744494495636318,0.830989995662831,6,"Not significant"
"Unstim / P3C4+Nigericin","RPL13","P26373","P26373","RL13_HUMAN","Large ribosomal subunit protein eL13","P26373_K145_M1_17","GlyGly (K)",0.0985516161310835,0.745061800773712,0.833125605913234,6,"Not significant"
"Unstim / P3C4+Nigericin","TGFB1","P01137","P01137","TGFB1_HUMAN","Transforming growth factor beta-1 proprotein","P01137_K291_M1_17","GlyGly (K)",0.139436185488856,0.74602891767434,0.837070423231169,6,"Not significant"
"Unstim / P3C4+Nigericin","ACTC1","P68032","P68032","ACTC_HUMAN","Actin, alpha cardiac muscle 1","P68032_K293_M1_17","GlyGly (K)",-0.385325026304163,0.747034416254914,0.840912758693683,6,"Not significant"
"Unstim / P3C4+Nigericin","ETFB","P38117","P38117","ETFB_HUMAN","Electron transfer flavoprotein subunit beta","P38117_K23_M1_17","GlyGly (K)",-0.0732927837564939,0.747812217888398,0.843646875709576,6,"Not significant"
"Unstim / P3C4+Nigericin","ACSL1","P33121","P33121","ACSL1_HUMAN","Long-chain-fatty-acid--CoA ligase 1","P33121_K386_M1_17","GlyGly (K)",0.346686849478617,0.750021115571277,0.851998627894741,6,"Not significant"
"Unstim / P3C4+Nigericin","RAB14","P61106","P61106","RAB14_HUMAN","Ras-related protein Rab-14","P61106_K156_M2_17","GlyGly (K)",0.411793211264942,0.750166271778005,0.85255324340172,6,"Not significant"
"Unstim / P3C4+Nigericin","RAB14","P61106","P61106","RAB14_HUMAN","Ras-related protein Rab-14","P61106_K140_M2_17","GlyGly (K)",0.411793211264942,0.750166271778005,0.85255324340172,6,"Not significant"
"Unstim / P3C4+Nigericin","OSBPL8","Q9BZF1","Q9BZF1","OSBL8_HUMAN","Oxysterol-binding protein-related protein 8","Q9BZF1_K482_M1_17","GlyGly (K)",-0.143247610031215,0.750167400824249,0.85258522449368,6,"Not significant"
"Unstim / P3C4+Nigericin","MATK","P42679","P42679","MATK_HUMAN","Megakaryocyte-associated tyrosine-protein kinase","P42679_K116_M1_17","GlyGly (K)",-0.295484878020446,0.750500221351687,0.853922918179456,6,"Not significant"
"Unstim / P3C4+Nigericin","NCF2","P19878","P19878","NCF2_HUMAN","Neutrophil cytosol factor 2","P19878_K92_M1_17","GlyGly (K)",0.355187163536084,0.750828670742622,0.854971226101255,6,"Not significant"
"Unstim / P3C4+Nigericin","HP1BP3","Q5SSJ5","Q5SSJ5","HP1B3_HUMAN","Heterochromatin protein 1-binding protein 3","Q5SSJ5_K258_M1_17","GlyGly (K)",-0.29829573539858,0.751005404797901,0.855632118574398,6,"Not significant"
"Unstim / P3C4+Nigericin","HINT1","P49773","P49773","HINT1_HUMAN","Adenosine 5'-monophosphoramidase HINT1","P49773_K30_M1_17","GlyGly (K)",0.35864990797659,0.751968951605374,0.859440886186852,6,"Not significant"
"Unstim / P3C4+Nigericin","CCT2","P78371","P78371","TCPB_HUMAN","T-complex protein 1 subunit beta","P78371_K120_M1_17","GlyGly (K)",0.196973646887178,0.752311858874339,0.860703671072503,6,"Not significant"
"Unstim / P3C4+Nigericin","EEF1A1","Cont_P68103;P68104","Cont_P68103;P68104","EF1A1_BOVIN;EF1A1_HUMAN","Elongation factor 1-alpha 1","Cont_P68103_K100_M1_17","GlyGly (K)",0.0829703405344162,0.752921663242296,0.863325720083471,6,"Not significant"
"Unstim / P3C4+Nigericin","EEF1A1","Cont_P68103;P68104","Cont_P68103;P68104","EF1A1_BOVIN;EF1A1_HUMAN","Elongation factor 1-alpha 1","P68104_K100_M1_17","GlyGly (K)",0.0829703405344162,0.752921663242296,0.863325720083471,6,"Not significant"
"Unstim / P3C4+Nigericin","HSP90AB1","P08238","P08238","HS90B_HUMAN","Heat shock protein HSP 90-beta","P08238_K607_M1_17","GlyGly (K)",-0.282340236003385,0.753064183853016,0.863992254659367,6,"Not significant"
"Unstim / P3C4+Nigericin","FBLL1","A6NHQ2","A6NHQ2","FBLL1_HUMAN","rRNA/tRNA 2'-O-methyltransferase fibrillarin-like protein 1","A6NHQ2_K170_M1_17","GlyGly (K)",-0.20905982430577,0.753073924327124,0.864017323468623,6,"Not significant"
"Unstim / P3C4+Nigericin","H2AC4;H2AC25","P04908;Q7L7L0","P04908;Q7L7L0","H2A1B_HUMAN;H2A3_HUMAN","Histone H2A type 1-B/E;Histone H2A type 3","P04908_K96_M1_17","GlyGly (K)",0.186780669626397,0.753929098703423,0.86738351131023,6,"Not significant"
"Unstim / P3C4+Nigericin","H2AC4;H2AC25","P04908;Q7L7L0","P04908;Q7L7L0","H2A1B_HUMAN;H2A3_HUMAN","Histone H2A type 1-B/E;Histone H2A type 3","Q7L7L0_K96_M1_17","GlyGly (K)",0.186780669626397,0.753929098703423,0.86738351131023,6,"Not significant"
"Unstim / P3C4+Nigericin","SUMO3","P55854","P55854","SUMO3_HUMAN","Small ubiquitin-related modifier 3","P55854_K20_M1_17","GlyGly (K)",-0.312258213525224,0.754132042720171,0.868131038732732,6,"Not significant"
"Unstim / P3C4+Nigericin","WAS","P42768","P42768","WASP_HUMAN","Actin nucleation-promoting factor WAS","P42768_K235_M1_17","GlyGly (K)",-0.25909169182109,0.754838510761599,0.870674823605589,6,"Not significant"
"Unstim / P3C4+Nigericin","HSPA2","P54652","P54652","HSP72_HUMAN","Heat shock-related 70 kDa protein 2","P54652_K139_M2_17","GlyGly (K)",-0.37413839919371,0.75523300142831,0.872444075963264,4,"Not significant"
"Unstim / P3C4+Nigericin","ALB","Cont_P02769","Cont_P02769","ALBU_BOVIN","Albumin","Cont_P02769_K463_M1_17","GlyGly (K)",0.193895827850715,0.755395405744535,0.873035792107098,6,"Not significant"
"Unstim / P3C4+Nigericin","ALB","Cont_P02769","Cont_P02769","ALBU_BOVIN","Albumin","Cont_P02769_K587_M1_17","GlyGly (K)",0.337213127526547,0.755750293305199,0.874469925971011,5,"Not significant"
"Unstim / P3C4+Nigericin","PHB1","P35232","P35232","PHB1_HUMAN","Prohibitin 1","P35232_K208_M1_17","GlyGly (K)",-0.136548017563293,0.758278529377252,0.883949171810776,6,"Not significant"
"Unstim / P3C4+Nigericin","ACTB","Cont_P60712;P60709","Cont_P60712;P60709","ACTB_BOVIN;ACTB_HUMAN","Actin, cytoplasmic 1;Actin, cytoplasmic 1","Cont_P60712_K215_M1_17","GlyGly (K)",0.201691648442763,0.759278534574548,0.88791111320466,6,"Not significant"
"Unstim / P3C4+Nigericin","ACTB","Cont_P60712;P60709","Cont_P60712;P60709","ACTB_BOVIN;ACTB_HUMAN","Actin, cytoplasmic 1;Actin, cytoplasmic 1","P60709_K215_M1_17","GlyGly (K)",0.201691648442763,0.759278534574548,0.88791111320466,6,"Not significant"
"Unstim / P3C4+Nigericin","LAMTOR5","O43504","O43504","LTOR5_HUMAN","Ragulator complex protein LAMTOR5","O43504_K14_M1_17","GlyGly (K)",-0.0791656735665127,0.759499153607205,0.888831827517228,6,"Not significant"
"Unstim / P3C4+Nigericin","ALDOC","P09972","P09972","ALDOC_HUMAN","Fructose-bisphosphate aldolase C","P09972_K153_M1_17","GlyGly (K)",0.0289378173544378,0.760169572673417,0.891543603194726,6,"Not significant"
"Unstim / P3C4+Nigericin","ATP5F1B","P06576","P06576","ATPB_HUMAN","ATP synthase subunit beta, mitochondrial","P06576_K480_M1_17","GlyGly (K)",-0.25858556627045,0.760983090691645,0.89510974508547,6,"Not significant"
"Unstim / P3C4+Nigericin","HSPA1L","P34931","P34931","HS71L_HUMAN","Heat shock 70 kDa protein 1-like","P34931_K130_M1_17","GlyGly (K)",0.126150579800924,0.761511451360433,0.897279465309514,6,"Not significant"
"Unstim / P3C4+Nigericin","NANS","Q9NR45","Q9NR45","SIAS_HUMAN","Sialic acid synthase","Q9NR45_K246_M2_17","GlyGly (K)",0.0844305578735604,0.763496694354487,0.905539397098088,4,"Not significant"
"Unstim / P3C4+Nigericin","CAT","P04040","P04040","CATA_HUMAN","Catalase","P04040_K499_M1_17","GlyGly (K)",0.242990784392448,0.764439845455184,0.908972662640004,6,"Not significant"
"Unstim / P3C4+Nigericin","ATP1A1","P05023","P05023","AT1A1_HUMAN","Sodium/potassium-transporting ATPase subunit alpha-1","P05023_K177_M1_17","GlyGly (K)",0.241127264170249,0.765209261973984,0.911954076068225,6,"Not significant"
"Unstim / P3C4+Nigericin","IGF2BP2","Q9Y6M1","Q9Y6M1","IF2B2_HUMAN","Insulin-like growth factor 2 mRNA-binding protein 2","Q9Y6M1_K530_M1_17","GlyGly (K)",0.233275588936511,0.765336357662228,0.912565314836329,6,"Not significant"
"Unstim / P3C4+Nigericin","PDIA3","P30101","P30101","PDIA3_HUMAN","Protein disulfide-isomerase A3","P30101_K305_M1_17","GlyGly (K)",-0.0560322838670215,0.766702349556159,0.91834421710934,6,"Not significant"
"Unstim / P3C4+Nigericin","HSPA13","P48723","P48723","HSP13_HUMAN","Heat shock 70 kDa protein 13","P48723_K396_M1_17","GlyGly (K)",-0.0455651806944644,0.768281713957502,0.924722040626066,6,"Not significant"
"Unstim / P3C4+Nigericin","LMNA","P02545","P02545","LMNA_HUMAN","Prelamin-A/C","P02545_K597_M1_17","GlyGly (K)",0.0403989030175584,0.768400546062495,0.925169117647847,6,"Not significant"
"Unstim / P3C4+Nigericin","CANX","P27824","P27824","CALX_HUMAN","Calnexin","P27824_K384_M1_17","GlyGly (K)",0.0966117649530846,0.768495030359452,0.925650629681815,6,"Not significant"
"Unstim / P3C4+Nigericin","CD81","P60033","P60033","CD81_HUMAN","CD81 antigen","P60033_K144_M1_17","GlyGly (K)",0.200640636432566,0.768590194908439,0.926227263082453,6,"Not significant"
"Unstim / P3C4+Nigericin","HSPE1","P61604","P61604","CH10_HUMAN","10 kDa heat shock protein, mitochondrial","P61604_K80_M1_17","GlyGly (K)",0.186870727996577,0.769899143967745,0.931696876252602,6,"Not significant"
"Unstim / P3C4+Nigericin","POTEKP","Q9BYX7","Q9BYX7","ACTBM_HUMAN","Putative beta-actin-like protein 3","Q9BYX7_K68_M1_17","GlyGly (K)",0.0809442819895055,0.770945541824568,0.936439362639026,6,"Not significant"
"Unstim / P3C4+Nigericin","DHRS9","Q9BPW9","Q9BPW9","DHRS9_HUMAN","Dehydrogenase/reductase SDR family member 9","Q9BPW9_K180_M1_17","GlyGly (K)",-0.0827065387753687,0.77181063736275,0.940034133819446,6,"Not significant"
"Unstim / P3C4+Nigericin","CNPY4","Q8N129","Q8N129","CNPY4_HUMAN","Protein canopy homolog 4","Q8N129_K42_M2_17","GlyGly (K)",-0.0611410303095805,0.772525372818367,0.942774536868787,4,"Not significant"
"Unstim / P3C4+Nigericin","FLOT2","Q14254","Q14254","FLOT2_HUMAN","Flotillin-2","Q14254_K356_M2_17","GlyGly (K)",0.149768111690793,0.772684417964409,0.943470121645138,5,"Not significant"
"Unstim / P3C4+Nigericin","LRRC8B","Q6P9F7","Q6P9F7","LRC8B_HUMAN","Volume-regulated anion channel subunit LRRC8B","Q6P9F7_K588_M1_17","GlyGly (K)",-0.0150537177225857,0.773273270245236,0.945945422841224,6,"Not significant"
"Unstim / P3C4+Nigericin","LIMA1","Q9UHB6","Q9UHB6","LIMA1_HUMAN","LIM domain and actin-binding protein 1","Q9UHB6_K250_M1_17","GlyGly (K)",0.0329489835625208,0.774300973683161,0.950551323255645,6,"Not significant"
"Unstim / P3C4+Nigericin","RAB1A","P62820","P62820","RAB1A_HUMAN","Ras-related protein Rab-1A","P62820_K140_M1_17","GlyGly (K)",0.0463994498312404,0.774479559166141,0.951165929798133,6,"Not significant"
"Unstim / P3C4+Nigericin","TMSB4X","P62328","P62328","TYB4_HUMAN","Thymosin beta-4","P62328_K15_M1_17","GlyGly (K)",-0.10346665585475,0.774788362258312,0.952480159239106,6,"Not significant"
"Unstim / P3C4+Nigericin","ANPEP","P15144","P15144","AMPN_HUMAN","Aminopeptidase N","P15144_K641_M1_17","GlyGly (K)",0.0619826144446138,0.780449379728671,0.977184314315463,6,"Not significant"
"Unstim / P3C4+Nigericin","PDIA3","P30101","P30101","PDIA3_HUMAN","Protein disulfide-isomerase A3","P30101_K61_M1_17","GlyGly (K)",-0.0212919260902188,0.781158677926042,0.980202612594847,6,"Not significant"
"Unstim / P3C4+Nigericin","RPL4","P36578","P36578","RL4_HUMAN","Large ribosomal subunit protein uL4","P36578_K157_M1_17","GlyGly (K)",-0.0252755784273261,0.7830672830454,0.988387606623657,6,"Not significant"
"Unstim / P3C4+Nigericin","ANXA5","P08758","P08758","ANXA5_HUMAN","Annexin A5","P08758_K70_M1_17","GlyGly (K)",-0.0142253264873988,0.784085591318872,0.993029059347661,6,"Not significant"
"Unstim / P3C4+Nigericin","XIRP1","Q702N8","Q702N8","XIRP1_HUMAN","Xin actin-binding repeat-containing protein 1","Q702N8_K230_M2_17","GlyGly (K)",-0.00479833775372854,0.785075703307007,0.997764061982763,6,"Not significant"
