"Comparison (group1/group2)","Genes","UniProtIds","ProteinGroups","ProteinNames","ProteinDescriptions","Group","PTM.ModificationTitle","AVG Log2 Ratio","Qvalue","Pvalue","# of Ratios","Significance"
"Unstim / P3C4","CPD","O75976","O75976","CBPD_HUMAN","Carboxypeptidase D","O75976_S628_M1_19","HexNAc (ST)",-0.351787345735497,0.39008356857843,0.00132124905060245,6,"Not significant"
"Unstim / P3C4","CD22","P20273","P20273","CD22_HUMAN","B-cell receptor CD22","P20273_T291_M1_19","HexNAc (ST)",2.3282141149867,0.401675432175699,0.00195848044877369,4,"Not significant"
"Unstim / P3C4","RPL31","P62899","P62899","RL31_HUMAN","Large ribosomal subunit protein eL31","P62899_T26_M1_19","HexNAc (ST)",-1.83436670682429,0.422208737981694,0.00376216908235117,6,"Not significant"
"Unstim / P3C4","GPX1","P07203","P07203","GPX1_HUMAN","Glutathione peroxidase 1","P07203_S34_M2_19","HexNAc (ST)",8.28227280458914,0.451655770065625,0.00976864288747103,5,"Not significant"
"Unstim / P3C4","TOP2B","Q02880","Q02880","TOP2B_HUMAN","DNA topoisomerase 2-beta","Q02880_T97_M1_19","HexNAc (ST)",0.409880544990209,0.45279690694322,0.0100448453893862,6,"Not significant"
"Unstim / P3C4","PPIA","P62937","P62937","PPIA_HUMAN","Peptidyl-prolyl cis-trans isomerase A","P62937_T93_M2_19","HexNAc (ST)",-2.73321367240377,0.469834286793537,0.0153734829319642,6,"Not significant"
"Unstim / P3C4","HSPA1A;HSPA1B","P0DMV8;P0DMV9","P0DMV8;P0DMV9","HS71A_HUMAN;HS71B_HUMAN","Heat shock 70 kDa protein 1A;Heat shock 70 kDa protein 1B","P0DMV8_S307_M1_19","HexNAc (ST)",2.50078105220554,0.472373002513956,0.0172785937518803,6,"Not significant"
"Unstim / P3C4","HSPA1A;HSPA1B","P0DMV8;P0DMV9","P0DMV8;P0DMV9","HS71A_HUMAN;HS71B_HUMAN","Heat shock 70 kDa protein 1A;Heat shock 70 kDa protein 1B","P0DMV9_S307_M1_19","HexNAc (ST)",2.50078105220554,0.472373002513956,0.0172785937518803,6,"Not significant"
"Unstim / P3C4","VAPA","Q9P0L0","Q9P0L0","VAPA_HUMAN","Vesicle-associated membrane protein-associated protein A","Q9P0L0_T35_M1_19","HexNAc (ST)",0.432647538172784,0.48699374611823,0.0227893411514301,6,"Not significant"
"Unstim / P3C4","TUBA4A","Cont_P81948;P68366","Cont_P81948;P68366","TBA4A_BOVIN;TBA4A_HUMAN","Tubulin alpha-4A chain","Cont_P81948_T73_M1_19","HexNAc (ST)",-0.757576725453504,0.495588397017869,0.0272564524506781,6,"Not significant"
"Unstim / P3C4","TUBA4A","Cont_P81948;P68366","Cont_P81948;P68366","TBA4A_BOVIN;TBA4A_HUMAN","Tubulin alpha-4A chain","P68366_T73_M1_19","HexNAc (ST)",-0.757576725453504,0.495588397017869,0.0272564524506781,6,"Not significant"
"Unstim / P3C4","LYRM7","Q5U5X0","Q5U5X0","LYRM7_HUMAN","Complex III assembly factor LYRM7","Q5U5X0_T101_M1_19","HexNAc (ST)",0.430815439610251,0.501161351230123,0.0306076935466966,6,"Not significant"
"Unstim / P3C4","GAA","P10253","P10253","LYAG_HUMAN","Lysosomal alpha-glucosidase","P10253_S142_M1_19","HexNAc (ST)",0.48992441657086,0.502933530772791,0.0316858995900273,4,"Not significant"
"Unstim / P3C4","TUBB4B","P68371","P68371","TBB4B_HUMAN","Tubulin beta-4B chain","P68371_S322_M1_19","HexNAc (ST)",-1.29937926607509,0.50870732837914,0.0355148828405176,6,"Not significant"
"Unstim / P3C4","ITGAV","P06756","P06756","ITAV_HUMAN","Integrin alpha-V","P06756_T586_M2_19","HexNAc (ST)",-0.617691270198625,0.517186297779595,0.0422693993739039,6,"Not significant"
"Unstim / P3C4","ITGAV","P06756","P06756","ITAV_HUMAN","Integrin alpha-V","P06756_T583_M2_19","HexNAc (ST)",-0.617691270198625,0.517186297779595,0.0422693993739039,6,"Not significant"
"Unstim / P3C4","LARP4","Q71RC2","Q71RC2","LARP4_HUMAN","La-related protein 4","Q71RC2_T168_M2_19","HexNAc (ST)",-1.37451460249739,0.525235955719925,0.0484724180629948,6,"Not significant"
"Unstim / P3C4","LARP4","Q71RC2","Q71RC2","LARP4_HUMAN","La-related protein 4","Q71RC2_T167_M2_19","HexNAc (ST)",-1.37451460249739,0.525235955719925,0.0484724180629948,6,"Not significant"
"Unstim / P3C4","ING1","Q9UK53","Q9UK53","ING1_HUMAN","Inhibitor of growth protein 1","Q9UK53_S236_M2_19","HexNAc (ST)",-0.325258185314726,0.527298400616984,0.0504317186326474,6,"Not significant"
"Unstim / P3C4","ING1","Q9UK53","Q9UK53","ING1_HUMAN","Inhibitor of growth protein 1","Q9UK53_S224_M2_19","HexNAc (ST)",-0.325258185314726,0.527298400616984,0.0504317186326474,6,"Not significant"
"Unstim / P3C4","AHNAK","Q09666","Q09666","AHNK_HUMAN","Neuroblast differentiation-associated protein AHNAK","Q09666_T4766_M1_19","HexNAc (ST)",-1.00661466806416,0.527893471613924,0.050794002057726,6,"Not significant"
"Unstim / P3C4","NOTCH2","Q04721","Q04721","NOTC2_HUMAN","Neurogenic locus notch homolog protein 2","Q04721_T696_M1_19","HexNAc (ST)",2.5359730250803,0.532964623030248,0.0567688919281238,6,"Not significant"
"Unstim / P3C4","ILK","Q13418","Q13418","ILK_HUMAN","Integrin-linked protein kinase","Q13418_S47_M1_19","HexNAc (ST)",-1.50240259143457,0.537051783680735,0.0607189260079895,6,"Not significant"
"Unstim / P3C4","ENO1","P06733","P06733","ENOA_HUMAN","Alpha-enolase","P06733_T229_M1_19","HexNAc (ST)",-1.57383748542923,0.5376176368255,0.0615195516266047,6,"Not significant"
"Unstim / P3C4","TAGLN2","P37802","P37802","TAGL2_HUMAN","Transgelin-2","P37802_T60_M1_19","HexNAc (ST)",-0.579828184192918,0.539388456438556,0.0632316881949561,6,"Not significant"
"Unstim / P3C4","ZYX","Q15942","Q15942","ZYX_HUMAN","Zyxin","Q15942_T220_M2_19","HexNAc (ST)",1.10588114144769,0.543972636978779,0.0679821225017945,4,"Not significant"
"Unstim / P3C4","ZYX","Q15942","Q15942","ZYX_HUMAN","Zyxin","Q15942_S218_M2_19","HexNAc (ST)",1.10588114144769,0.543972636978779,0.0679821225017945,4,"Not significant"
"Unstim / P3C4","CAP1","Q01518","Q01518","CAP1_HUMAN","Adenylyl cyclase-associated protein 1","Q01518_T345_M1_19","HexNAc (ST)",-9.44655085050195,0.547194437045211,0.0726218526339033,5,"Not significant"
"Unstim / P3C4","GRIPAP1","Q4V328","Q4V328","GRAP1_HUMAN","GRIP1-associated protein 1","Q4V328_S105_M1_19","HexNAc (ST)",-0.755225273717491,0.547394434223924,0.0728759421209633,6,"Not significant"
"Unstim / P3C4","NDUFS8","O00217","O00217","NDUS8_HUMAN","NADH dehydrogenase [ubiquinone] iron-sulfur protein 8, mitochondrial","O00217_T127_M1_19","HexNAc (ST)",-2.05607001794891,0.551062638953236,0.0769254153267441,6,"Not significant"
"Unstim / P3C4","LCP1","P13796","P13796","PLSL_HUMAN","Plastin-2","P13796_S323_M1_19","HexNAc (ST)",-0.352622615141885,0.555186692245965,0.0817803082317363,6,"Not significant"
"Unstim / P3C4","IPMK","Q8NFU5","Q8NFU5","IPMK_HUMAN","Inositol polyphosphate multikinase","Q8NFU5_S229_M1_19","HexNAc (ST)",0.332562820394372,0.555504359587465,0.0827051857708831,6,"Not significant"
"Unstim / P3C4","MYL6","P60660","P60660","MYL6_HUMAN","Myosin light polypeptide 6","P60660_T76_M1_19","HexNAc (ST)",-0.884237367925098,0.556604607267625,0.0843635023158315,6,"Not significant"
"Unstim / P3C4","KTN1","Q86UP2","Q86UP2","KTN1_HUMAN","Kinectin","Q86UP2_S312_M1_19","HexNAc (ST)",0.755564295413494,0.556604607267625,0.0845212757245464,6,"Not significant"
"Unstim / P3C4","ALDOA","P04075","P04075","ALDOA_HUMAN","Fructose-bisphosphate aldolase A","P04075_S160_M1_19","HexNAc (ST)",-1.08982178729572,0.558227203456779,0.0860736277356363,6,"Not significant"
"Unstim / P3C4","DMAP1","Q9NPF5","Q9NPF5","DMAP1_HUMAN","DNA methyltransferase 1-associated protein 1","Q9NPF5_T237_M1_19","HexNAc (ST)",1.19785238922523,0.563033165612983,0.0923680172281607,6,"Not significant"
"Unstim / P3C4","HSPA9","P38646","P38646","GRP75_HUMAN","Stress-70 protein, mitochondrial","P38646_T224_M2_19","HexNAc (ST)",-1.89632375541113,0.565302696062466,0.0962882744054981,6,"Not significant"
"Unstim / P3C4","HSPA9","P38646","P38646","GRP75_HUMAN","Stress-70 protein, mitochondrial","P38646_S212_M2_19","HexNAc (ST)",-1.89632375541113,0.565302696062466,0.0962882744054981,6,"Not significant"
"Unstim / P3C4","CLIC1","O00299","O00299","CLIC1_HUMAN","Chloride intracellular channel protein 1","O00299_T198_M1_19","HexNAc (ST)",-0.323383348830102,0.567047518308394,0.098666020640055,6,"Not significant"
"Unstim / P3C4","PRPF8","Q6P2Q9","Q6P2Q9","PRP8_HUMAN","Pre-mRNA-processing-splicing factor 8","Q6P2Q9_T1841_M1_19","HexNAc (ST)",0.645183088402106,0.572757045718362,0.107097654931497,6,"Not significant"
"Unstim / P3C4","OLA1","Q9NTK5","Q9NTK5","OLA1_HUMAN","Obg-like ATPase 1","Q9NTK5_S22_M2_19","HexNAc (ST)",1.29704741356146,0.573254986268115,0.107883682664598,6,"Not significant"
"Unstim / P3C4","OLA1","Q9NTK5","Q9NTK5","OLA1_HUMAN","Obg-like ATPase 1","Q9NTK5_T21_M2_19","HexNAc (ST)",1.29704741356146,0.573254986268115,0.107883682664598,6,"Not significant"
"Unstim / P3C4","RAP1A","P62834","P62834","RAP1A_HUMAN","Ras-related protein Rap-1A","P62834_T106_M1_19","HexNAc (ST)",1.08889448620076,0.573653479420316,0.10862740361717,6,"Not significant"
"Unstim / P3C4","ANXA6","P08133","P08133","ANXA6_HUMAN","Annexin A6","P08133_S49_M2_19","HexNAc (ST)",-0.407136569391053,0.575547996602132,0.111747033337513,6,"Not significant"
"Unstim / P3C4","AHNAK","Q09666","Q09666","AHNK_HUMAN","Neuroblast differentiation-associated protein AHNAK","Q09666_S758_M1_19","HexNAc (ST)",-0.422240312034043,0.576752063832689,0.113902272261602,6,"Not significant"
"Unstim / P3C4","CCDC9","Q9Y3X0","Q9Y3X0","CCDC9_HUMAN","Coiled-coil domain-containing protein 9","Q9Y3X0_S70_M1_19","HexNAc (ST)",-0.395829262229412,0.579371851280294,0.118498141504726,6,"Not significant"
"Unstim / P3C4","MACROH2A1","O75367","O75367","H2AY_HUMAN","Core histone macro-H2A.1","O75367_T290_M1_19","HexNAc (ST)",0.405099683068063,0.580485240011595,0.120265099689977,6,"Not significant"
"Unstim / P3C4","UQCRC1","P31930","P31930","QCR1_HUMAN","Cytochrome b-c1 complex subunit 1, mitochondrial","P31930_S446_M1_19","HexNAc (ST)",5.01506109630199,0.585543274818932,0.130110232294961,6,"Not significant"
"Unstim / P3C4","ANP32A","P39687","P39687","AN32A_HUMAN","Acidic leucine-rich nuclear phosphoprotein 32 family member A","P39687_S117_M1_19","HexNAc (ST)",-0.544908996101554,0.585693214027166,0.130397749730356,6,"Not significant"
"Unstim / P3C4","MATR3","P43243","P43243","MATR3_HUMAN","Matrin-3","P43243_S276_M2_19","HexNAc (ST)",0.608508115370699,0.586183123231499,0.13101583164423,6,"Not significant"
"Unstim / P3C4","MATR3","P43243","P43243","MATR3_HUMAN","Matrin-3","P43243_S275_M2_19","HexNAc (ST)",0.608508115370699,0.586183123231499,0.13101583164423,6,"Not significant"
"Unstim / P3C4","ERP44","Q9BS26","Q9BS26","ERP44_HUMAN","Endoplasmic reticulum resident protein 44","Q9BS26_S353_M1_19","HexNAc (ST)",-0.169232838728477,0.587236953617175,0.132880663125949,6,"Not significant"
"Unstim / P3C4","IMP4","Q96G21","Q96G21","IMP4_HUMAN","U3 small nucleolar ribonucleoprotein protein IMP4","Q96G21_T134_M1_19","HexNAc (ST)",0.482978323777688,0.588411851749568,0.135510307406252,6,"Not significant"
"Unstim / P3C4","S100A9","P06702","P06702","S10A9_HUMAN","Protein S100-A9","P06702_T31_M1_19","HexNAc (ST)",-0.458010971083691,0.589369076941076,0.137465734704306,6,"Not significant"
"Unstim / P3C4","TMSB10","P63313","P63313","TYB10_HUMAN","Thymosin beta-10","P63313_T28_M1_19","HexNAc (ST)",-0.638947707886161,0.59239505178471,0.143516873090476,6,"Not significant"
"Unstim / P3C4","GLO1","Q04760","Q04760","LGUL_HUMAN","Lactoylglutathione lyase","Q04760_S137_M1_19","HexNAc (ST)",-0.525909415988145,0.593013564770985,0.14434143887458,6,"Not significant"
"Unstim / P3C4","ATP5F1A","P25705","P25705","ATPA_HUMAN","ATP synthase subunit alpha, mitochondrial","P25705_S325_M1_19","HexNAc (ST)",1.26956183252793,0.595227126866969,0.148109611228155,6,"Not significant"
"Unstim / P3C4","CTSV","O60911","O60911","CATL2_HUMAN","Cathepsin L2","O60911_S142_M2_19","HexNAc (ST)",0.40209870152011,0.596601972785498,0.151910900240701,6,"Not significant"
"Unstim / P3C4","HNRNPR","O43390","O43390","HNRPR_HUMAN","Heterogeneous nuclear ribonucleoprotein R","O43390_T270_M1_19","HexNAc (ST)",-1.34949292185349,0.599987103628945,0.157741718001751,5,"Not significant"
"Unstim / P3C4","ALDOC","P09972","P09972","ALDOC_HUMAN","Fructose-bisphosphate aldolase C","P09972_S160_M2_19","HexNAc (ST)",-0.887574653400571,0.60125613731876,0.160193815520306,6,"Not significant"
"Unstim / P3C4","ALDOC","P09972","P09972","ALDOC_HUMAN","Fructose-bisphosphate aldolase C","P09972_T158_M2_19","HexNAc (ST)",-0.887574653400571,0.60125613731876,0.160193815520306,6,"Not significant"
"Unstim / P3C4","MAP3K7","O43318","O43318","M3K7_HUMAN","Mitogen-activated protein kinase kinase kinase 7","O43318_T538_M1_19","HexNAc (ST)",1.11527077338732,0.603121480649919,0.178486485625252,6,"Not significant"
"Unstim / P3C4","SIPA1L3","O60292","O60292","SI1L3_HUMAN","Signal-induced proliferation-associated 1-like protein 3","O60292_S851_M2_19","HexNAc (ST)",-1.41442951029495,0.603121480649919,0.183697172292191,6,"Not significant"
"Unstim / P3C4","SIPA1L3","O60292","O60292","SI1L3_HUMAN","Signal-induced proliferation-associated 1-like protein 3","O60292_T850_M2_19","HexNAc (ST)",-1.41442951029495,0.603121480649919,0.183697184880182,6,"Not significant"
"Unstim / P3C4","ADA","P00813","P00813","ADA_HUMAN","Adenosine deaminase","P00813_T212_M1_19","HexNAc (ST)",0.500299645666916,0.603121480649919,0.175840771353278,6,"Not significant"
"Unstim / P3C4","H2AX","P16104","P16104","H2AX_HUMAN","Histone H2AX","P16104_T102_M1_19","HexNAc (ST)",-1.80283746619662,0.603121480649919,0.185513615366802,6,"Not significant"
"Unstim / P3C4","NCL","P19338","P19338","NUCL_HUMAN","Nucleolin","P19338_S328_M1_19","HexNAc (ST)",-1.90405801132849,0.603121480649919,0.180110103024553,4,"Not significant"
"Unstim / P3C4","MSN","P26038","P26038","MOES_HUMAN","Moesin","P26038_S440_M1_19","HexNAc (ST)",1.64464561392285,0.603121480649919,0.185555248984033,6,"Not significant"
"Unstim / P3C4","RAB2A","P61019","P61019","RAB2A_HUMAN","Ras-related protein Rab-2A","P61019_S67_M1_19","HexNAc (ST)",0.41525405733256,0.603121480649919,0.185794205918224,6,"Not significant"
"Unstim / P3C4","PPP3R1","P63098","P63098","CANB1_HUMAN","Calcineurin subunit B type 1","P63098_S45_M1_19","HexNAc (ST)",0.833674722710115,0.603121480649919,0.165988783749654,5,"Not significant"
"Unstim / P3C4","AHNAK","Q09666","Q09666","AHNK_HUMAN","Neuroblast differentiation-associated protein AHNAK","Q09666_T1192_M2_19","HexNAc (ST)",4.63512608511384,0.603121480649919,0.185874464534157,6,"Not significant"
"Unstim / P3C4","AHNAK","Q09666","Q09666","AHNK_HUMAN","Neuroblast differentiation-associated protein AHNAK","Q09666_T1986_M2_19","HexNAc (ST)",4.63512608511384,0.603121480649919,0.185874464534157,6,"Not significant"
"Unstim / P3C4","AHNAK","Q09666","Q09666","AHNK_HUMAN","Neuroblast differentiation-associated protein AHNAK","Q09666_S4130_M1_19","HexNAc (ST)",0.737876640179926,0.603121480649919,0.188720418077317,6,"Not significant"
"Unstim / P3C4","AHNAK","Q09666","Q09666","AHNK_HUMAN","Neuroblast differentiation-associated protein AHNAK","Q09666_S4594_M1_19","HexNAc (ST)",0.737876640179926,0.603121480649919,0.188720418077317,6,"Not significant"
"Unstim / P3C4","TEP1","Q99973","Q99973","TEP1_HUMAN","Telomerase protein component 1","Q99973_S1924_M3_19","HexNAc (ST)",0.681626646628025,0.603121480649919,0.166619610664061,5,"Not significant"
"Unstim / P3C4","RPL8","P62917","P62917","RL8_HUMAN","Large ribosomal subunit protein uL2","P62917_T135_M3_19","HexNAc (ST)",0.417610896972281,0.603202993881853,0.198543135679015,6,"Not significant"
"Unstim / P3C4","TAP1","Q03518","Q03518","TAP1_HUMAN","Antigen peptide transporter 1","Q03518_T376_M1_19","HexNAc (ST)",-3.37863864409128,0.603202993881853,0.197470522681409,6,"Not significant"
"Unstim / P3C4","HSPA2","P54652","P54652","HSP72_HUMAN","Heat shock-related 70 kDa protein 2","P54652_T465_M1_19","HexNAc (ST)",-1.07413351252413,0.603481697469688,0.200682248414585,6,"Not significant"
"Unstim / P3C4","AHNAK","Q09666","Q09666","AHNK_HUMAN","Neuroblast differentiation-associated protein AHNAK","Q09666_S1414_M1_19","HexNAc (ST)",-9.76673766393192,0.603526448284182,0.200994751380144,6,"Not significant"
"Unstim / P3C4","ACTN4","O43707","O43707","ACTN4_HUMAN","Alpha-actinin-4","O43707_T222_M1_19","HexNAc (ST)",0.939064018903746,0.603628000061256,0.202976828952436,6,"Not significant"
"Unstim / P3C4","ATP5F1B","P06576","P06576","ATPB_HUMAN","ATP synthase subunit beta, mitochondrial","P06576_S253_M1_19","HexNAc (ST)",8.23053465341006,0.604659944207551,0.208679159206293,6,"Not significant"
"Unstim / P3C4","CCT8","P50990","P50990","TCPQ_HUMAN","T-complex protein 1 subunit theta","P50990_S150_M1_19","HexNAc (ST)",-5.55466501820213,0.605177677868609,0.211618923395787,6,"Not significant"
"Unstim / P3C4","CHMP4B","Q9H444","Q9H444","CHM4B_HUMAN","Charged multivesicular body protein 4b","Q9H444_S87_M2_19","HexNAc (ST)",-0.780578954623752,0.605199000273341,0.211781046769828,6,"Not significant"
"Unstim / P3C4","CA2","P00918","P00918","CAH2_HUMAN","Carbonic anhydrase 2","P00918_S73_M1_19","HexNAc (ST)",-0.485583686704042,0.607002791579483,0.219687168539479,6,"Not significant"
"Unstim / P3C4","PSPC1","Q8WXF1","Q8WXF1","PSPC1_HUMAN","Paraspeckle component 1","Q8WXF1_S499_M2_19","HexNAc (ST)",-0.623058854597464,0.607011476542774,0.219742589845391,5,"Not significant"
"Unstim / P3C4","PSPC1","Q8WXF1","Q8WXF1","PSPC1_HUMAN","Paraspeckle component 1","Q8WXF1_S493_M2_19","HexNAc (ST)",-0.623058854597464,0.607011476542774,0.219742587478424,5,"Not significant"
"Unstim / P3C4","ELOB","Q15370","Q15370","ELOB_HUMAN","Elongin-B","Q15370_T56_M1_19","HexNAc (ST)",-1.72921357230681,0.607030295359502,0.21979583849417,4,"Not significant"
"Unstim / P3C4","SCP2","P22307","P22307","SCP2_HUMAN","Sterol carrier protein 2","P22307_T473_M1_19","HexNAc (ST)",0.408172320265331,0.607164128913349,0.220383912649561,6,"Not significant"
"Unstim / P3C4","CLTC","Q00610","Q00610","CLH1_HUMAN","Clathrin heavy chain 1","Q00610_T339_M1_19","HexNAc (ST)",-0.437959550436523,0.607834369442254,0.222968019095662,6,"Not significant"
"Unstim / P3C4","H1-5","P16401","P16401","H15_HUMAN","Histone H1.5","P16401_S61_M1_19","HexNAc (ST)",0.387660547125773,0.608600988452945,0.225299808061762,6,"Not significant"
"Unstim / P3C4","DSTN","P60981","P60981","DEST_HUMAN","Destrin","P60981_T65_M2_19","HexNAc (ST)",0.869783230953562,0.611114533700852,0.234349576962331,6,"Not significant"
"Unstim / P3C4","DSTN","P60981","P60981","DEST_HUMAN","Destrin","P60981_T63_M2_19","HexNAc (ST)",0.869783230953562,0.611114533700852,0.234349576962331,6,"Not significant"
"Unstim / P3C4","VIM","P08670","P08670","VIME_HUMAN","Vimentin","P08670_S278_M1_19","HexNAc (ST)",2.92223977231081,0.612828516866584,0.240616149458376,6,"Not significant"
"Unstim / P3C4","RAB4A","P20338","P20338","RAB4A_HUMAN","Ras-related protein Rab-4A","P20338_T69_M1_19","HexNAc (ST)",0.427821836409313,0.612905466578415,0.24105173568251,6,"Not significant"
"Unstim / P3C4","UTP14A","Q9BVJ6","Q9BVJ6","UT14A_HUMAN","U3 small nucleolar RNA-associated protein 14 homolog A","Q9BVJ6_T182_M2_19","HexNAc (ST)",-0.590622291451903,0.613119163529106,0.242258553743148,6,"Not significant"
"Unstim / P3C4","UTP14A","Q9BVJ6","Q9BVJ6","UT14A_HUMAN","U3 small nucleolar RNA-associated protein 14 homolog A","Q9BVJ6_S176_M2_19","HexNAc (ST)",-0.590622291451903,0.613119163529106,0.242258553743148,6,"Not significant"
"Unstim / P3C4","ACTB","Cont_P60712;P60709","Cont_P60712;P60709","ACTB_BOVIN;ACTB_HUMAN","Actin, cytoplasmic 1;Actin, cytoplasmic 1","Cont_P60712_T106_M1_19","HexNAc (ST)",0.388699203419923,0.613424936939331,0.243764220061544,6,"Not significant"
"Unstim / P3C4","ACTB","Cont_P60712;P60709","Cont_P60712;P60709","ACTB_BOVIN;ACTB_HUMAN","Actin, cytoplasmic 1;Actin, cytoplasmic 1","P60709_T106_M1_19","HexNAc (ST)",0.388699203419923,0.613424936939331,0.243764220061544,6,"Not significant"
"Unstim / P3C4","MYH9","P35579","P35579","MYH9_HUMAN","Myosin-9","P35579_S1677_M1_19","HexNAc (ST)",0.340537021310672,0.616590425506844,0.253397829591954,6,"Not significant"
"Unstim / P3C4","TMSB4X","P62328","P62328","TYB4_HUMAN","Thymosin beta-4","P62328_S2_M1_19","HexNAc (ST)",-0.507199997724132,0.61745039312414,0.255638892821022,6,"Not significant"
"Unstim / P3C4","MACROH2A1","O75367","O75367","H2AY_HUMAN","Core histone macro-H2A.1","O75367_S260_M1_19","HexNAc (ST)",0.511438251987308,0.619358804317487,0.260268693226179,6,"Not significant"
"Unstim / P3C4","CHTOP","Q9Y3Y2","Q9Y3Y2","CHTOP_HUMAN","Chromatin target of PRMT1 protein","Q9Y3Y2_T212_M1_19","HexNAc (ST)",0.400873638005753,0.621198054521535,0.264404762719037,6,"Not significant"
"Unstim / P3C4","HSPA8","P11142","P11142","HSP7C_HUMAN","Heat shock cognate 71 kDa protein","P11142_S85_M1_19","HexNAc (ST)",-1.80535492858222,0.621485840874552,0.264972168673982,6,"Not significant"
"Unstim / P3C4","NCF2","P19878","P19878","NCF2_HUMAN","Neutrophil cytosol factor 2","P19878_T233_M1_19","HexNAc (ST)",0.819506611476291,0.621718975843577,0.265634648629673,6,"Not significant"
"Unstim / P3C4","MANF","P55145","P55145","MANF_HUMAN","Mesencephalic astrocyte-derived neurotrophic factor","P55145_T55_M1_19","HexNAc (ST)",-2.06724335409699,0.623143809800969,0.268845361203001,6,"Not significant"
"Unstim / P3C4","HSPA5","P11021","P11021","BIP_HUMAN","Endoplasmic reticulum chaperone BiP","P11021_T648_M2_19","HexNAc (ST)",0.390845630734689,0.62634349666917,0.277962207052846,4,"Not significant"
"Unstim / P3C4","RPLP2","P05387","P05387","RLA2_HUMAN","Large ribosomal subunit protein P2","P05387_S44_M1_19","HexNAc (ST)",-0.851933601154236,0.626574706007616,0.278565832289845,6,"Not significant"
"Unstim / P3C4","ACTN4","O43707","O43707","ACTN4_HUMAN","Alpha-actinin-4","O43707_T519_M1_19","HexNAc (ST)",2.00582214234243,0.627117579139012,0.27973138712791,6,"Not significant"
"Unstim / P3C4","HSPA5","P11021","P11021","BIP_HUMAN","Endoplasmic reticulum chaperone BiP","P11021_T137_M1_19","HexNAc (ST)",-0.476879515086776,0.628639189282033,0.284856397189009,6,"Not significant"
"Unstim / P3C4","PSMB1","P20618","P20618","PSB1_HUMAN","Proteasome subunit beta type-1","P20618_S237_M1_19","HexNAc (ST)",0.357151486439052,0.629614559403228,0.287467664797882,6,"Not significant"
"Unstim / P3C4","OSTF1","Q92882","Q92882","OSTF1_HUMAN","Osteoclast-stimulating factor 1","Q92882_S187_M1_19","HexNAc (ST)",-0.781896696506102,0.629668953734017,0.287689467003297,6,"Not significant"
"Unstim / P3C4","PHF2","O75151","O75151","PHF2_HUMAN","Lysine-specific demethylase PHF2","O75151_S929_M2_19","HexNAc (ST)",-0.477282066005068,0.63199044709562,0.29451132996267,6,"Not significant"
"Unstim / P3C4","NCL","P19338","P19338","NUCL_HUMAN","Nucleolin","P19338_S619_M1_19","HexNAc (ST)",-0.765849943741787,0.632738969471284,0.296085848891469,6,"Not significant"
"Unstim / P3C4","GALK1","P51570","P51570","GALK1_HUMAN","Galactokinase","P51570_S254_M1_19","HexNAc (ST)",-0.230551042800078,0.633371039455022,0.298232515441721,6,"Not significant"
"Unstim / P3C4","ALDOA","Cont_P00883","Cont_P00883","ALDOA_RABIT","Fructose-bisphosphate aldolase A","Cont_P00883_S4_M1_19","HexNAc (ST)",1.0280039354384,0.633972537254186,0.325318640105872,6,"Not significant"
"Unstim / P3C4","NaN","Cont_P02081","Cont_P02081","HBBF_BOVIN","Hemoglobin fetal subunit beta","Cont_P02081_S12_M2_19","HexNAc (ST)",0.254166341224796,0.633972537254186,0.428633146184775,6,"Not significant"
"Unstim / P3C4","NaN","Cont_P02081","Cont_P02081","HBBF_BOVIN","Hemoglobin fetal subunit beta","Cont_P02081_T11_M2_19","HexNAc (ST)",0.254166341224796,0.633972537254186,0.428633146184775,6,"Not significant"
"Unstim / P3C4","MAN2B1","O00754","O00754","MA2B1_HUMAN","Lysosomal alpha-mannosidase","O00754_S932_M1_19","HexNAc (ST)",-0.406652827746841,0.633972537254186,0.309495934965748,4,"Not significant"
"Unstim / P3C4","PTCD1","O75127","O75127","PTCD1_HUMAN","Pentatricopeptide repeat-containing protein 1, mitochondrial","O75127_T576_M1_19","HexNAc (ST)",-5.59404870446759,0.633972537254186,0.425289596055066,6,"Not significant"
"Unstim / P3C4","MACROH2A1","O75367","O75367","H2AY_HUMAN","Core histone macro-H2A.1","O75367_T57_M1_19","HexNAc (ST)",-1.93592077035028,0.633972537254186,0.36170217436088,6,"Not significant"
"Unstim / P3C4","CDC123","O75794","O75794","CD123_HUMAN","Cell division cycle protein 123 homolog","O75794_T315_M2_19","HexNAc (ST)",-7.44340045864449,0.633972537254186,0.42283401100405,6,"Not significant"
"Unstim / P3C4","ATP5PD","O75947","O75947","ATP5H_HUMAN","ATP synthase subunit d, mitochondrial","O75947_T10_M1_19","HexNAc (ST)",5.8739276046923,0.633972537254186,0.423006660099603,6,"Not significant"
"Unstim / P3C4","CYBB","P04839","P04839","CY24B_HUMAN","Cytochrome b-245 heavy chain","P04839_T509_M1_19","HexNAc (ST)",5.09544354078479,0.633972537254186,0.422494132594577,6,"Not significant"
"Unstim / P3C4","ATP1A1","P05023","P05023","AT1A1_HUMAN","Sodium/potassium-transporting ATPase subunit alpha-1","P05023_S675_M2_19","HexNAc (ST)",2.30410074207135,0.633972537254186,0.389760517196424,5,"Not significant"
"Unstim / P3C4","ENO1","P06733","P06733","ENOA_HUMAN","Alpha-enolase","P06733_T205_M1_19","HexNAc (ST)",-4.28688456591341,0.633972537254186,0.419053192511173,6,"Not significant"
"Unstim / P3C4","ENO1","P06733","P06733","ENOA_HUMAN","Alpha-enolase","P06733_S268_M2_19","HexNAc (ST)",8.63104549897004,0.633972537254186,0.422935026111359,6,"Not significant"
"Unstim / P3C4","NPM1","P06748","P06748","NPM_HUMAN","Nucleophosmin","P06748_S10_M1_19","HexNAc (ST)",-0.771853416844807,0.633972537254186,0.421988803030985,6,"Not significant"
"Unstim / P3C4","P4HB","P07237","P07237","PDIA1_HUMAN","Protein disulfide-isomerase","P07237_S357_M1_19","HexNAc (ST)",-0.328161098518229,0.633972537254186,0.372196206347994,6,"Not significant"
"Unstim / P3C4","P4HB","P07237","P07237","PDIA1_HUMAN","Protein disulfide-isomerase","P07237_T117_M1_19","HexNAc (ST)",-0.170515221215826,0.633972537254186,0.374635439424005,6,"Not significant"
"Unstim / P3C4","P4HB","P07237","P07237","PDIA1_HUMAN","Protein disulfide-isomerase","P07237_T296_M1_19","HexNAc (ST)",-1.3036301052285,0.633972537254186,0.357627383073136,5,"Not significant"
"Unstim / P3C4","RHOC","P08134","P08134","RHOC_HUMAN","Rho-related GTP-binding protein RhoC","P08134_T100_M1_19","HexNAc (ST)",-0.174424505403793,0.633972537254186,0.331091944618785,6,"Not significant"
"Unstim / P3C4","ACAA1","P09110","P09110","THIK_HUMAN","3-ketoacyl-CoA thiolase, peroxisomal","P09110_S291_M1_19","HexNAc (ST)",3.02851246744713,0.633972537254186,0.427467760221003,6,"Not significant"
"Unstim / P3C4","HMGB1","P09429","P09429","HMGB1_HUMAN","High mobility group protein B1","P09429_S121_M1_19","HexNAc (ST)",-0.239104373200098,0.633972537254186,0.306273514717003,6,"Not significant"
"Unstim / P3C4","ALDOC","P09972","P09972","ALDOC_HUMAN","Fructose-bisphosphate aldolase C","P09972_T97_M1_19","HexNAc (ST)",5.05685039526385,0.633972537254186,0.344560319003373,6,"Not significant"
"Unstim / P3C4","HSPA1A;HSPA1B","P0DMV8;P0DMV9","P0DMV8;P0DMV9","HS71A_HUMAN;HS71B_HUMAN","Heat shock 70 kDa protein 1A;Heat shock 70 kDa protein 1B","P0DMV8_S537_M1_19","HexNAc (ST)",0.24063904389693,0.633972537254186,0.412083868612811,6,"Not significant"
"Unstim / P3C4","HSPA1A;HSPA1B","P0DMV8;P0DMV9","P0DMV8;P0DMV9","HS71A_HUMAN;HS71B_HUMAN","Heat shock 70 kDa protein 1A;Heat shock 70 kDa protein 1B","P0DMV9_S537_M1_19","HexNAc (ST)",0.24063904389693,0.633972537254186,0.412083868612811,6,"Not significant"
"Unstim / P3C4","GAA","P10253","P10253","LYAG_HUMAN","Lysosomal alpha-glucosidase","P10253_T884_M1_19","HexNAc (ST)",0.625156817873387,0.633972537254186,0.382872847693009,6,"Not significant"
"Unstim / P3C4","HSPD1","P10809","P10809","CH60_HUMAN","60 kDa heat shock protein, mitochondrial","P10809_T206_M1_19","HexNAc (ST)",-5.31579120257548,0.633972537254186,0.42891140189189,6,"Not significant"
"Unstim / P3C4","HSPA5","P11021","P11021","BIP_HUMAN","Endoplasmic reticulum chaperone BiP","P11021_S571_M1_19","HexNAc (ST)",-0.192627297860247,0.633972537254186,0.340864343633504,6,"Not significant"
"Unstim / P3C4","HSPA8","P11142","P11142","HSP7C_HUMAN","Heat shock cognate 71 kDa protein","P11142_T125_M1_19","HexNAc (ST)",-6.8698594058276,0.633972537254186,0.422570196827641,5,"Not significant"
"Unstim / P3C4","HSPA8","P11142","P11142","HSP7C_HUMAN","Heat shock cognate 71 kDa protein","P11142_T462_M1_19","HexNAc (ST)",-4.96812232773514,0.633972537254186,0.419907319507888,6,"Not significant"
"Unstim / P3C4","HSPA8","P11142","P11142","HSP7C_HUMAN","Heat shock cognate 71 kDa protein","P11142_T586_M1_19","HexNAc (ST)",-1.44247301827246,0.633972537254186,0.38753308249302,6,"Not significant"
"Unstim / P3C4","ACTN1","P12814","P12814","ACTN1_HUMAN","Alpha-actinin-1","P12814_T50_M1_19","HexNAc (ST)",0.222090700345889,0.633972537254186,0.336670436743988,6,"Not significant"
"Unstim / P3C4","PRKCSH","P14314","P14314","GLU2B_HUMAN","Glucosidase 2 subunit beta","P14314_S168_M1_19","HexNAc (ST)",-0.640127582036058,0.633972537254186,0.39799232232921,6,"Not significant"
"Unstim / P3C4","RAC2","P15153","P15153","RAC2_HUMAN","Ras-related C3 botulinum toxin substrate 2","P15153_T138_M1_19","HexNAc (ST)",7.57146185218168,0.633972537254186,0.421275564183171,6,"Not significant"
"Unstim / P3C4","CD44","P16070","P16070","CD44_HUMAN","CD44 antigen","P16070_S686_M1_19","HexNAc (ST)",4.7889442595367,0.633972537254186,0.435379824110131,6,"Not significant"
"Unstim / P3C4","STMN1","P16949","P16949","STMN1_HUMAN","Stathmin","P16949_S46_M1_19","HexNAc (ST)",-6.61335454464527,0.633972537254186,0.423254447527039,6,"Not significant"
"Unstim / P3C4","PSMC3","P17980","P17980","PRS6A_HUMAN","26S proteasome regulatory subunit 6A","P17980_T247_M1_19","HexNAc (ST)",-1.66787177648811,0.633972537254186,0.343283450305749,6,"Not significant"
"Unstim / P3C4","PGAM1","P18669","P18669","PGAM1_HUMAN","Phosphoglycerate mutase 1","P18669_T159_M1_19","HexNAc (ST)",1.01394594690542,0.633972537254186,0.433848420367063,6,"Not significant"
"Unstim / P3C4","VDAC1","P21796","P21796","VDAC1_HUMAN","Voltage-dependent anion-selective channel protein 1","P21796_T217_M1_19","HexNAc (ST)",-4.60319995065414,0.633972537254186,0.418141073387525,5,"Not significant"
"Unstim / P3C4","FKBP2","P26885","P26885","FKBP2_HUMAN","Peptidyl-prolyl cis-trans isomerase FKBP2","P26885_S108_M1_19","HexNAc (ST)",-0.852979750386118,0.633972537254186,0.359041012815403,6,"Not significant"
"Unstim / P3C4","CANX","P27824","P27824","CALX_HUMAN","Calnexin","P27824_S74_M1_19","HexNAc (ST)",4.76439935367114,0.633972537254186,0.42579797252661,6,"Not significant"
"Unstim / P3C4","TKT","P29401","P29401","TKT_HUMAN","Transketolase","P29401_S295_M2_19","HexNAc (ST)",-9.17530657621385,0.633972537254186,0.422600416003312,6,"Not significant"
"Unstim / P3C4","PDIA3","P30101","P30101","PDIA3_HUMAN","Protein disulfide-isomerase A3","P30101_S318_M2_19","HexNAc (ST)",-3.38032172005903,0.633972537254186,0.388907727422098,5,"Not significant"
"Unstim / P3C4","STIP1","P31948","P31948","STIP1_HUMAN","Stress-induced-phosphoprotein 1","P31948_T405_M1_19","HexNAc (ST)",-6.89066833721992,0.633972537254186,0.422267520401042,5,"Not significant"
"Unstim / P3C4","ACSL1","P33121","P33121","ACSL1_HUMAN","Long-chain-fatty-acid--CoA ligase 1","P33121_S247_M2_19","HexNAc (ST)",-1.40843518853479,0.633972537254186,0.375478409836303,6,"Not significant"
"Unstim / P3C4","ACSL1","P33121","P33121","ACSL1_HUMAN","Long-chain-fatty-acid--CoA ligase 1","P33121_T246_M2_19","HexNAc (ST)",-1.40843518853479,0.633972537254186,0.375478409836303,6,"Not significant"
"Unstim / P3C4","SHMT2","P34897","P34897","GLYM_HUMAN","Serine hydroxymethyltransferase, mitochondrial","P34897_S90_M1_19","HexNAc (ST)",-6.20677371521535,0.633972537254186,0.421610650713361,6,"Not significant"
"Unstim / P3C4","MYH9","P35579","P35579","MYH9_HUMAN","Myosin-9","P35579_T1313_M1_19","HexNAc (ST)",4.40662994508659,0.633972537254186,0.41706632827293,6,"Not significant"
"Unstim / P3C4","LONP1","P36776","P36776","LONM_HUMAN","Lon protease homolog, mitochondrial","P36776_T582_M1_19","HexNAc (ST)",0.78063019964908,0.633972537254186,0.31577176161986,6,"Not significant"
"Unstim / P3C4","RBMX","P38159","P38159","RBMX_HUMAN","RNA-binding motif protein, X chromosome","P38159_S58_M2_19","HexNAc (ST)",4.4930413857554,0.633972537254186,0.418131527684586,6,"Not significant"
"Unstim / P3C4","RBMX","P38159","P38159","RBMX_HUMAN","RNA-binding motif protein, X chromosome","P38159_T55_M2_19","HexNAc (ST)",4.4930413857554,0.633972537254186,0.418131527684586,6,"Not significant"
"Unstim / P3C4","HSPA9","P38646","P38646","GRP75_HUMAN","Stress-70 protein, mitochondrial","P38646_T504_M1_19","HexNAc (ST)",-0.438035332906621,0.633972537254186,0.305482792050207,6,"Not significant"
"Unstim / P3C4","COL18A1","P39060","P39060","COIA1_HUMAN","Collagen alpha-1(XVIII) chain","P39060_S1377_M1_19","HexNAc (ST)",1.32744862991085,0.633972537254186,0.400927874049929,6,"Not significant"
"Unstim / P3C4","CAPG","P40121","P40121","CAPG_HUMAN","Macrophage-capping protein","P40121_S255_M2_19","HexNAc (ST)",0.168829230805807,0.633972537254186,0.353792280368958,5,"Not significant"
"Unstim / P3C4","TMPO","P42166","P42166","LAP2A_HUMAN","Lamina-associated polypeptide 2, isoform alpha","P42166_T12_M1_19","HexNAc (ST)",-0.910051124460981,0.633972537254186,0.422787515477828,6,"Not significant"
"Unstim / P3C4","MAP1B","P46821","P46821","MAP1B_HUMAN","Microtubule-associated protein 1B","P46821_S1501_M2_19","HexNAc (ST)",0.251711075270669,0.633972537254186,0.395421295604718,6,"Not significant"
"Unstim / P3C4","AARS1","P49588","P49588","SYAC_HUMAN","Alanine--tRNA ligase, cytoplasmic","P49588_T804_M1_19","HexNAc (ST)",3.75363077441963,0.633972537254186,0.41775516481693,6,"Not significant"
"Unstim / P3C4","SERPINB8","P50452","P50452","SPB8_HUMAN","Serpin B8","P50452_S276_M1_19","HexNAc (ST)",1.0564209962938,0.633972537254186,0.410395635005847,6,"Not significant"
"Unstim / P3C4","PPT1","P50897","P50897","PPT1_HUMAN","Palmitoyl-protein thioesterase 1","P50897_S199_M1_19","HexNAc (ST)",0.401055715529687,0.633972537254186,0.425960946834308,6,"Not significant"
"Unstim / P3C4","HNRNPA3","P51991","P51991","ROA3_HUMAN","Heterogeneous nuclear ribonucleoprotein A3","P51991_T137_M1_19","HexNAc (ST)",-0.349057610408328,0.633972537254186,0.332413981119385,6,"Not significant"
"Unstim / P3C4","MYL6","P60660","P60660","MYL6_HUMAN","Myosin light polypeptide 6","P60660_T85_M1_19","HexNAc (ST)",-0.364840471689702,0.633972537254186,0.42400367173048,6,"Not significant"
"Unstim / P3C4","RPS8","P62241","P62241","RS8_HUMAN","Small ribosomal subunit protein eS8","P62241_T130_M1_19","HexNAc (ST)",9.28459929401754,0.633972537254186,0.422708688428124,6,"Not significant"
"Unstim / P3C4","TMSB4X","P62328","P62328","TYB4_HUMAN","Thymosin beta-4","P62328_S16_M1_19","HexNAc (ST)",6.19542103677863,0.633972537254186,0.422388868212168,6,"Not significant"
"Unstim / P3C4","H4C1","P62805","P62805","H4_HUMAN","Histone H4","P62805_T83_M2_19","HexNAc (ST)",0.731321847293893,0.633972537254186,0.408236219377007,6,"Not significant"
"Unstim / P3C4","H4C1","P62805","P62805","H4_HUMAN","Histone H4","P62805_T81_M2_19","HexNAc (ST)",0.731321847293893,0.633972537254186,0.408236219377007,6,"Not significant"
"Unstim / P3C4","RPS28","P62857","P62857","RS28_HUMAN","Small ribosomal subunit protein eS28","P62857_S61_M1_19","HexNAc (ST)",0.347223702006909,0.633972537254186,0.397386544291262,6,"Not significant"
"Unstim / P3C4","RPL8","P62917","P62917","RL8_HUMAN","Large ribosomal subunit protein uL2","P62917_T111_M1_19","HexNAc (ST)",0.54710733126968,0.633972537254186,0.346186352422987,6,"Not significant"
"Unstim / P3C4","PPIA","P62937","P62937","PPIA_HUMAN","Peptidyl-prolyl cis-trans isomerase A","P62937_T119_M2_19","HexNAc (ST)",-0.420417513311828,0.633972537254186,0.323184114749364,6,"Not significant"
"Unstim / P3C4","PPIA","P62937","P62937","PPIA_HUMAN","Peptidyl-prolyl cis-trans isomerase A","P62937_T116_M2_19","HexNAc (ST)",-0.420417513311828,0.633972537254186,0.323184114749364,6,"Not significant"
"Unstim / P3C4","VAMP2","P63027","P63027","VAMP2_HUMAN","Vesicle-associated membrane protein 2","P63027_T35_M1_19","HexNAc (ST)",-1.34292794664672,0.633972537254186,0.392020018299945,6,"Not significant"
"Unstim / P3C4","EIF4G2","P78344","P78344","IF4G2_HUMAN","Eukaryotic translation initiation factor 4 gamma 2","P78344_S272_M1_19","HexNAc (ST)",-0.71769012537325,0.633972537254186,0.339089296682927,6,"Not significant"
"Unstim / P3C4","BASP1","P80723","P80723","BASP1_HUMAN","Brain acid soluble protein 1","P80723_S40_M1_19","HexNAc (ST)",-2.64240798975529,0.633972537254186,0.37811888196166,6,"Not significant"
"Unstim / P3C4","HNRNPU","Q00839","Q00839","HNRPU_HUMAN","Heterogeneous nuclear ribonucleoprotein U","Q00839_T474_M1_19","HexNAc (ST)",1.19140971910012,0.633972537254186,0.381404528639442,6,"Not significant"
"Unstim / P3C4","NOTCH2","Q04721","Q04721","NOTC2_HUMAN","Neurogenic locus notch homolog protein 2","Q04721_T78_M1_19","HexNAc (ST)",0.344114303356106,0.633972537254186,0.373371091703013,6,"Not significant"
"Unstim / P3C4","AHNAK","Q09666","Q09666","AHNK_HUMAN","Neuroblast differentiation-associated protein AHNAK","Q09666_S909_M1_19","HexNAc (ST)",-2.33334952314251,0.633972537254186,0.312300639291112,6,"Not significant"
"Unstim / P3C4","AHNAK","Q09666","Q09666","AHNK_HUMAN","Neuroblast differentiation-associated protein AHNAK","Q09666_S2670_M1_19","HexNAc (ST)",9.18492815223619,0.633972537254186,0.422822066300568,6,"Not significant"
"Unstim / P3C4","AHNAK","Q09666","Q09666","AHNK_HUMAN","Neuroblast differentiation-associated protein AHNAK","Q09666_S3182_M1_19","HexNAc (ST)",8.03500309088212,0.633972537254186,0.42222753216044,6,"Not significant"
"Unstim / P3C4","AHNAK","Q09666","Q09666","AHNK_HUMAN","Neuroblast differentiation-associated protein AHNAK","Q09666_S3964_M1_19","HexNAc (ST)",8.03500309088212,0.633972537254186,0.42222753216044,6,"Not significant"
"Unstim / P3C4","AHNAK","Q09666","Q09666","AHNK_HUMAN","Neuroblast differentiation-associated protein AHNAK","Q09666_S845_M2_19","HexNAc (ST)",4.52797488869649,0.633972537254186,0.419409709645326,6,"Not significant"
"Unstim / P3C4","AHNAK","Q09666","Q09666","AHNK_HUMAN","Neuroblast differentiation-associated protein AHNAK","Q09666_T839_M2_19","HexNAc (ST)",4.52797488869649,0.633972537254186,0.419409709645326,6,"Not significant"
"Unstim / P3C4","AHNAK","Q09666","Q09666","AHNK_HUMAN","Neuroblast differentiation-associated protein AHNAK","Q09666_S1654_M1_19","HexNAc (ST)",0.651640145138933,0.633972537254186,0.381482139702351,6,"Not significant"
"Unstim / P3C4","AHNAK","Q09666","Q09666","AHNK_HUMAN","Neuroblast differentiation-associated protein AHNAK","Q09666_S1856_M1_19","HexNAc (ST)",0.651640145138933,0.633972537254186,0.381482139702351,6,"Not significant"
"Unstim / P3C4","AHNAK","Q09666","Q09666","AHNK_HUMAN","Neuroblast differentiation-associated protein AHNAK","Q09666_S1923_M1_19","HexNAc (ST)",0.651640145138933,0.633972537254186,0.381482139702351,6,"Not significant"
"Unstim / P3C4","AHNAK","Q09666","Q09666","AHNK_HUMAN","Neuroblast differentiation-associated protein AHNAK","Q09666_S2118_M1_19","HexNAc (ST)",0.651640145138933,0.633972537254186,0.381482139702351,6,"Not significant"
"Unstim / P3C4","STX5","Q13190","Q13190","STX5_HUMAN","Syntaxin-5","Q13190_S320_M1_19","HexNAc (ST)",-3.35492955612651,0.633972537254186,0.433763455506912,6,"Not significant"
"Unstim / P3C4","TRIM28","Q13263","Q13263","TIF1B_HUMAN","Transcription intermediary factor 1-beta","Q13263_S784_M1_19","HexNAc (ST)",-6.34291152945247,0.633972537254186,0.423032201585572,5,"Not significant"
"Unstim / P3C4","ALCAM","Q13740","Q13740","CD166_HUMAN","CD166 antigen","Q13740_S64_M1_19","HexNAc (ST)",-4.60816116290418,0.633972537254186,0.385279890643902,6,"Not significant"
"Unstim / P3C4","RUNX2","Q13950","Q13950","RUNX2_HUMAN","Runt-related transcription factor 2","Q13950_T135_M1_19","HexNAc (ST)",0.490543933306389,0.633972537254186,0.33794644780982,6,"Not significant"
"Unstim / P3C4","NOLC1","Q14978","Q14978","NOLC1_HUMAN","Nucleolar and coiled-body phosphoprotein 1","Q14978_T610_M1_19","HexNAc (ST)",-1.27454732854145,0.633972537254186,0.378762782221225,5,"Not significant"
"Unstim / P3C4","PTGES3","Q15185","Q15185","TEBP_HUMAN","Prostaglandin E synthase 3","Q15185_S64_M1_19","HexNAc (ST)",8.9530505049044,0.633972537254186,0.422588899254905,6,"Not significant"
"Unstim / P3C4","TRIP4","Q15650","Q15650","TRIP4_HUMAN","Activating signal cointegrator 1","Q15650_T327_M1_19","HexNAc (ST)",0.292552420740767,0.633972537254186,0.33054479207478,6,"Not significant"
"Unstim / P3C4","TSC22D1","Q15714","Q15714","T22D1_HUMAN","TSC22 domain family protein 1","Q15714_S1018_M1_19","HexNAc (ST)",0.535155495534675,0.633972537254186,0.404973195699544,6,"Not significant"
"Unstim / P3C4","ZYX","Q15942","Q15942","ZYX_HUMAN","Zyxin","Q15942_T469_M2_19","HexNAc (ST)",6.7638981540077,0.633972537254186,0.421804547899139,6,"Not significant"
"Unstim / P3C4","DPYSL2","Q16555","Q16555","DPYL2_HUMAN","Dihydropyrimidinase-related protein 2","Q16555_T419_M3_19","HexNAc (ST)",6.23670494515603,0.633972537254186,0.421944711316872,6,"Not significant"
"Unstim / P3C4","HNRNPUL2","Q1KMD3","Q1KMD3","HNRL2_HUMAN","Heterogeneous nuclear ribonucleoprotein U-like protein 2","Q1KMD3_S543_M1_19","HexNAc (ST)",1.91858565344865,0.633972537254186,0.373048403393264,6,"Not significant"
"Unstim / P3C4","ARHGAP31","Q2M1Z3","Q2M1Z3","RHG31_HUMAN","Rho GTPase-activating protein 31","Q2M1Z3_S1178_M1_19","HexNAc (ST)",0.311732763986578,0.633972537254186,0.353810670145542,6,"Not significant"
"Unstim / P3C4","EIPR1","Q53HC9","Q53HC9","EIPR1_HUMAN","EARP and GARP complex-interacting protein 1","Q53HC9_S36_M2_19","HexNAc (ST)",0.833337736090496,0.633972537254186,0.428512990937296,6,"Not significant"
"Unstim / P3C4","EIPR1","Q53HC9","Q53HC9","EIPR1_HUMAN","EARP and GARP complex-interacting protein 1","Q53HC9_T34_M2_19","HexNAc (ST)",0.833337736090496,0.633972537254186,0.428512990937296,6,"Not significant"
"Unstim / P3C4","ACTBL2","Q562R1","Q562R1","ACTBL_HUMAN","Beta-actin-like protein 2","Q562R1_T107_M2_19","HexNAc (ST)",-0.29501559197493,0.633972537254186,0.300972675289501,6,"Not significant"
"Unstim / P3C4","ACTBL2","Q562R1","Q562R1","ACTBL_HUMAN","Beta-actin-like protein 2","Q562R1_T90_M2_19","HexNAc (ST)",-0.29501559197493,0.633972537254186,0.300972675289501,6,"Not significant"
"Unstim / P3C4","HIVEP3","Q5T1R4","Q5T1R4","ZEP3_HUMAN","Transcription factor HIVEP3","Q5T1R4_T1401_M1_19","HexNAc (ST)",0.398865508598392,0.633972537254186,0.397765294450174,6,"Not significant"
"Unstim / P3C4","NUP54","Q7Z3B4","Q7Z3B4","NUP54_HUMAN","Nucleoporin p54","Q7Z3B4_S319_M1_19","HexNAc (ST)",0.341169777059764,0.633972537254186,0.36702023042351,6,"Not significant"
"Unstim / P3C4","RHOT1","Q8IXI2","Q8IXI2","MIRO1_HUMAN","Mitochondrial Rho GTPase 1","Q8IXI2_S109_M1_19","HexNAc (ST)",-0.0997340226083732,0.633972537254186,0.41709518644358,6,"Not significant"
"Unstim / P3C4","NDUFAF2","Q8N183","Q8N183","NDUF2_HUMAN","NADH dehydrogenase [ubiquinone] 1 alpha subcomplex assembly factor 2","Q8N183_S102_M1_19","HexNAc (ST)",2.28799927090585,0.633972537254186,0.35392609234546,6,"Not significant"
"Unstim / P3C4","DNAJB14","Q8TBM8","Q8TBM8","DJB14_HUMAN","DnaJ homolog subfamily B member 14","Q8TBM8_S160_M1_19","HexNAc (ST)",0.620490579040656,0.633972537254186,0.406061074084794,6,"Not significant"
"Unstim / P3C4","MYCBPAP","Q8TBZ2","Q8TBZ2","MYBPP_HUMAN","MYCBP-associated protein","Q8TBZ2_S582_M3_19","HexNAc (ST)",0.352995188252468,0.633972537254186,0.403728196993488,6,"Not significant"
"Unstim / P3C4","MYCBPAP","Q8TBZ2","Q8TBZ2","MYBPP_HUMAN","MYCBP-associated protein","Q8TBZ2_T580_M3_19","HexNAc (ST)",0.352995188252468,0.633972537254186,0.403728205083579,6,"Not significant"
"Unstim / P3C4","LRRC8C","Q8TDW0","Q8TDW0","LRC8C_HUMAN","Volume-regulated anion channel subunit LRRC8C","Q8TDW0_T791_M1_19","HexNAc (ST)",5.13447529691223,0.633972537254186,0.340342282223501,5,"Not significant"
"Unstim / P3C4","FUBP3","Q96I24","Q96I24","FUBP3_HUMAN","Far upstream element-binding protein 3","Q96I24_T79_M2_19","HexNAc (ST)",0.137120947727941,0.633972537254186,0.374905963734395,6,"Not significant"
"Unstim / P3C4","FUBP3","Q96I24","Q96I24","FUBP3_HUMAN","Far upstream element-binding protein 3","Q96I24_T76_M2_19","HexNAc (ST)",0.137120947727941,0.633972537254186,0.374905963734395,6,"Not significant"
"Unstim / P3C4","AKAP9","Q99996","Q99996","AKAP9_HUMAN","A-kinase anchor protein 9","Q99996_T740_M1_19","HexNAc (ST)",7.02884248192171,0.633972537254186,0.422282646058382,6,"Not significant"
"Unstim / P3C4","SRRT","Q9BXP5","Q9BXP5","SRRT_HUMAN","Serrate RNA effector molecule homolog","Q9BXP5_S284_M1_19","HexNAc (ST)",1.90417092709212,0.633972537254186,0.342696224582448,6,"Not significant"
"Unstim / P3C4","PNN","Q9H307","Q9H307","PININ_HUMAN","Pinin","Q9H307_T204_M1_19","HexNAc (ST)",-0.36607384685972,0.633972537254186,0.401310404656796,6,"Not significant"
"Unstim / P3C4","SIAE","Q9HAT2","Q9HAT2","SIAE_HUMAN","Sialate O-acetylesterase","Q9HAT2_T403_M1_19","HexNAc (ST)",0.3741333809011,0.633972537254186,0.329452241207932,6,"Not significant"
"Unstim / P3C4","GRPEL1","Q9HAV7","Q9HAV7","GRPE1_HUMAN","GrpE protein homolog 1, mitochondrial","Q9HAV7_T74_M1_19","HexNAc (ST)",1.53810247778283,0.633972537254186,0.391900584344926,6,"Not significant"
"Unstim / P3C4","NHP2","Q9NX24","Q9NX24","NHP2_HUMAN","H/ACA ribonucleoprotein complex subunit 2","Q9NX24_S40_M1_19","HexNAc (ST)",8.17153546710645,0.633972537254186,0.422417864349418,5,"Not significant"
"Unstim / P3C4","DPP3","Q9NY33","Q9NY33","DPP3_HUMAN","Dipeptidyl peptidase 3","Q9NY33_S692_M2_19","HexNAc (ST)",-2.41617848788182,0.633972537254186,0.379855598561462,5,"Not significant"
"Unstim / P3C4","TJP2","Q9UDY2","Q9UDY2","ZO2_HUMAN","Tight junction protein ZO-2","Q9UDY2_T757_M1_19","HexNAc (ST)",-0.113921399678638,0.633972537254186,0.368663488329355,6,"Not significant"
"Unstim / P3C4","POFUT2","Q9Y2G5","Q9Y2G5","OFUT2_HUMAN","GDP-fucose protein O-fucosyltransferase 2","Q9Y2G5_S282_M1_19","HexNAc (ST)",-2.33252404445104,0.633972537254186,0.355057710364403,6,"Not significant"
"Unstim / P3C4","SQOR","Q9Y6N5","Q9Y6N5","SQOR_HUMAN","Sulfide:quinone oxidoreductase, mitochondrial","Q9Y6N5_S299_M1_19","HexNAc (ST)",-5.79427875717803,0.633972537254186,0.419777450005784,6,"Not significant"
"Unstim / P3C4","CA2","P00918","P00918","CAH2_HUMAN","Carbonic anhydrase 2","P00918_S56_M2_19","HexNAc (ST)",-0.363344507521467,0.633972537254186,0.424144281003152,4,"Not significant"
"Unstim / P3C4","CA2","P00918","P00918","CAH2_HUMAN","Carbonic anhydrase 2","P00918_T55_M2_19","HexNAc (ST)",-0.363344507521467,0.633972537254186,0.424144281003152,4,"Not significant"
"Unstim / P3C4","P4HB","P07237","P07237","PDIA1_HUMAN","Protein disulfide-isomerase","P07237_T101_M1_19","HexNAc (ST)",-9.52042569165153,0.633972537254186,0.422421415326433,5,"Not significant"
"Unstim / P3C4","CRACR2A","Q9BSW2","Q9BSW2","EFC4B_HUMAN","EF-hand calcium-binding domain-containing protein 4B","Q9BSW2_T586_M2_19","HexNAc (ST)",1.50076185055778,0.633972537254186,0.308434106748945,4,"Not significant"
"Unstim / P3C4","TPP1","O14773","O14773","TPP1_HUMAN","Tripeptidyl-peptidase 1","O14773_T50_M1_19","HexNAc (ST)",-6.37074938457666,0.633972537254186,0.420786418364273,5,"Not significant"
"Unstim / P3C4","PABPC1","P11940","P11940","PABP1_HUMAN","Polyadenylate-binding protein 1","P11940_S51_M1_19","HexNAc (ST)",-7.88871436290803,0.633972537254186,0.421982637026194,6,"Not significant"
"Unstim / P3C4","UBA1","P22314","P22314","UBA1_HUMAN","Ubiquitin-like modifier-activating enzyme 1","P22314_S803_M2_19","HexNAc (ST)",-0.381453192696925,0.633972537254186,0.424610962868874,4,"Not significant"
"Unstim / P3C4","UBA1","P22314","P22314","UBA1_HUMAN","Ubiquitin-like modifier-activating enzyme 1","P22314_T800_M2_19","HexNAc (ST)",-0.381453192696925,0.633972537254186,0.424610972698316,4,"Not significant"
"Unstim / P3C4","M6PR","P20645","P20645","MPRD_HUMAN","Cation-dependent mannose-6-phosphate receptor","P20645_S42_M1_19","HexNAc (ST)",-1.20034703548187,0.634062789891408,0.436280456188719,6,"Not significant"
"Unstim / P3C4","LYSMD2","Q8IV50","Q8IV50","LYSM2_HUMAN","LysM and putative peptidoglycan-binding domain-containing protein 2","Q8IV50_T80_M1_19","HexNAc (ST)",-0.734887398792959,0.634128189222172,0.437600633105258,6,"Not significant"
"Unstim / P3C4","ICAM1","P05362","P05362","ICAM1_HUMAN","Intercellular adhesion molecule 1","P05362_T341_M1_19","HexNAc (ST)",-0.279646167253932,0.634256019404079,0.438892415063626,6,"Not significant"
"Unstim / P3C4","UBQLN1","Q9UMX0","Q9UMX0","UBQL1_HUMAN","Ubiquilin-1","Q9UMX0_S71_M2_19","HexNAc (ST)",1.76940427123747,0.635231614505837,0.444750671587664,6,"Not significant"
"Unstim / P3C4","P4HA1","P13674","P13674","P4HA1_HUMAN","Prolyl 4-hydroxylase subunit alpha-1","P13674_S345_M1_19","HexNAc (ST)",-1.12680877197802,0.635238015808089,0.444792577297717,6,"Not significant"
"Unstim / P3C4","ACOX3","O15254","O15254","ACOX3_HUMAN","Peroxisomal acyl-coenzyme A oxidase 3","O15254_T235_M1_19","HexNAc (ST)",0.483444014312231,0.635255080103866,0.444931594850117,6,"Not significant"
"Unstim / P3C4","SLC25A24","Q6NUK1","Q6NUK1","SCMC1_HUMAN","Mitochondrial adenyl nucleotide antiporter SLC25A24","Q6NUK1_S208_M1_19","HexNAc (ST)",0.545650128922857,0.635921029221796,0.447685227252588,6,"Not significant"
"Unstim / P3C4","UFL1","O94874","O94874","UFL1_HUMAN","E3 UFM1-protein ligase 1","O94874_S103_M1_19","HexNAc (ST)",0.548015734837024,0.636788622663958,0.451456770412875,6,"Not significant"
"Unstim / P3C4","MATR3","P43243","P43243","MATR3_HUMAN","Matrin-3","P43243_T134_M1_19","HexNAc (ST)",-0.517651728305048,0.636819776588384,0.451734770752935,6,"Not significant"
"Unstim / P3C4","HSP90AB1","P08238","P08238","HS90B_HUMAN","Heat shock protein HSP 90-beta","P08238_S615_M2_19","HexNAc (ST)",0.543033908545733,0.636921624630334,0.452056718719684,4,"Not significant"
"Unstim / P3C4","SUMO2","P61956","P61956","SUMO2_HUMAN","Small ubiquitin-related modifier 2","P61956_T12_M1_19","HexNAc (ST)",3.5186810747518,0.63760289538162,0.454625844549598,6,"Not significant"
"Unstim / P3C4","ACTR3","P61158","P61158","ARP3_HUMAN","Actin-related protein 3","P61158_S354_M2_19","HexNAc (ST)",0.204489028232694,0.638640288343173,0.458623965698475,6,"Not significant"
"Unstim / P3C4","ACTR3","P61158","P61158","ARP3_HUMAN","Actin-related protein 3","P61158_S350_M2_19","HexNAc (ST)",0.204489028232694,0.638640288343173,0.458623965698475,6,"Not significant"
"Unstim / P3C4","CDC42","P60953","P60953","CDC42_HUMAN","Cell division control protein 42 homolog","P60953_T161_M1_19","HexNAc (ST)",-2.88786973692658,0.638957248655085,0.459685320890317,6,"Not significant"
"Unstim / P3C4","NCL","P19338","P19338","NUCL_HUMAN","Nucleolin","P19338_S532_M2_19","HexNAc (ST)",1.14957134191427,0.639056419409139,0.460197310803886,6,"Not significant"
"Unstim / P3C4","PRDX5","P30044","P30044","PRDX5_HUMAN","Peroxiredoxin-5, mitochondrial","P30044_S101_M2_19","HexNAc (ST)",-1.19981700678424,0.639224914219792,0.460776432298148,6,"Not significant"
"Unstim / P3C4","PRDX5","P30044","P30044","PRDX5_HUMAN","Peroxiredoxin-5, mitochondrial","P30044_T97_M2_19","HexNAc (ST)",-1.19981700678424,0.639224914219792,0.460776432298148,6,"Not significant"
"Unstim / P3C4","FRG1","Q14331","Q14331","FRG1_HUMAN","Protein FRG1","Q14331_S121_M1_19","HexNAc (ST)",-0.255868470211326,0.639370458253555,0.461210650808186,6,"Not significant"
"Unstim / P3C4","GLUD1","P00367","P00367","DHE3_HUMAN","Glutamate dehydrogenase 1, mitochondrial","P00367_S166_M1_19","HexNAc (ST)",0.735699065985254,0.639830240442207,0.462854598817235,6,"Not significant"
"Unstim / P3C4","SFPQ","P23246","P23246","SFPQ_HUMAN","Splicing factor, proline- and glutamine-rich","P23246_S521_M1_19","HexNAc (ST)",1.15401448988565,0.640913344935401,0.466885215369269,6,"Not significant"
"Unstim / P3C4","NDUFB9","Q9Y6M9","Q9Y6M9","NDUB9_HUMAN","NADH dehydrogenase [ubiquinone] 1 beta subcomplex subunit 9","Q9Y6M9_T11_M2_19","HexNAc (ST)",1.34175800547695,0.64142348214308,0.468590010349355,6,"Not significant"
"Unstim / P3C4","NDUFB9","Q9Y6M9","Q9Y6M9","NDUB9_HUMAN","NADH dehydrogenase [ubiquinone] 1 beta subcomplex subunit 9","Q9Y6M9_S6_M2_19","HexNAc (ST)",1.34175800547695,0.64142348214308,0.468590010349355,6,"Not significant"
"Unstim / P3C4","APEX1","P27695","P27695","APEX1_HUMAN","DNA-(apurinic or apyrimidinic site) endonuclease","P27695_T61_M1_19","HexNAc (ST)",-1.07145553300094,0.641447256079158,0.468639128718263,4,"Not significant"
"Unstim / P3C4","AK2","P54819","P54819","KAD2_HUMAN","Adenylate kinase 2, mitochondrial","P54819_S228_M1_19","HexNAc (ST)",0.878609687497867,0.641468671016586,0.468699415327281,5,"Not significant"
"Unstim / P3C4","MACROH2A1","O75367","O75367","H2AY_HUMAN","Core histone macro-H2A.1","O75367_S16_M1_19","HexNAc (ST)",-0.204231797297752,0.641571399559909,0.469167955050365,6,"Not significant"
"Unstim / P3C4","PLOD3","O60568","O60568","PLOD3_HUMAN","Multifunctional procollagen lysine hydroxylase and glycosyltransferase LH3","O60568_S209_M1_19","HexNAc (ST)",-0.315755442620463,0.641677884041257,0.46947800295558,6,"Not significant"
"Unstim / P3C4","TLN1","Q9Y490","Q9Y490","TLN1_HUMAN","Talin-1","Q9Y490_T2281_M2_19","HexNAc (ST)",0.179741932856791,0.643217973984675,0.474594980790131,6,"Not significant"
"Unstim / P3C4","TLN1","Q9Y490","Q9Y490","TLN1_HUMAN","Talin-1","Q9Y490_S2279_M2_19","HexNAc (ST)",0.179741932856791,0.643217973984675,0.474594980790131,6,"Not significant"
"Unstim / P3C4","HNRNPCL2","B2RXH8","B2RXH8","HNRC2_HUMAN","Heterogeneous nuclear ribonucleoprotein C-like 2","B2RXH8_S196_M1_19","HexNAc (ST)",6.77501648684728,0.644696789200346,0.499511666707966,5,"Not significant"
"Unstim / P3C4","SPRY2","O43597","O43597","SPY2_HUMAN","Protein sprouty homolog 2","O43597_S167_M1_19","HexNAc (ST)",-0.221648950881999,0.644696789200346,0.480431305758565,6,"Not significant"
"Unstim / P3C4","NCL","P19338","P19338","NUCL_HUMAN","Nucleolin","P19338_T305_M1_19","HexNAc (ST)",-1.32558309838199,0.644696789200346,0.48771350922846,6,"Not significant"
"Unstim / P3C4","SCP2","P22307","P22307","SCP2_HUMAN","Sterol carrier protein 2","P22307_T526_M1_19","HexNAc (ST)",-0.216806978519232,0.644696789200346,0.490635387936316,6,"Not significant"
"Unstim / P3C4","PTPRE","P23469","P23469","PTPRE_HUMAN","Receptor-type tyrosine-protein phosphatase epsilon","P23469_S187_M2_19","HexNAc (ST)",4.583674237768,0.644696789200346,0.495238388162377,4,"Not significant"
"Unstim / P3C4","MAP4","P27816","P27816","MAP4_HUMAN","Microtubule-associated protein 4","P27816_T354_M1_19","HexNAc (ST)",-7.52825339883657,0.644696789200346,0.499992984053557,5,"Not significant"
"Unstim / P3C4","GNB2","P62879","P62879","GBB2_HUMAN","Guanine nucleotide-binding protein G(I)/G(S)/G(T) subunit beta-2","P62879_T31_M2_19","HexNAc (ST)",4.34504639849957,0.644696789200346,0.498124800961341,4,"Not significant"
"Unstim / P3C4","AHNAK","Q09666","Q09666","AHNK_HUMAN","Neuroblast differentiation-associated protein AHNAK","Q09666_S1542_M1_19","HexNAc (ST)",-0.202734380310026,0.644696789200346,0.499148365700037,6,"Not significant"
"Unstim / P3C4","TRIM28","Q13263","Q13263","TIF1B_HUMAN","Transcription intermediary factor 1-beta","Q13263_S756_M2_19","HexNAc (ST)",-10.2844151183655,0.644696789200346,0.500008973700659,5,"Not significant"
"Unstim / P3C4","DYNC1I2","Q13409","Q13409","DC1I2_HUMAN","Cytoplasmic dynein 1 intermediate chain 2","Q13409_S590_M1_19","HexNAc (ST)",-1.91554354293195,0.644696789200346,0.497267779128706,6,"Not significant"
"Unstim / P3C4","EEA1","Q15075","Q15075","EEA1_HUMAN","Early endosome antigen 1","Q15075_T560_M1_19","HexNAc (ST)",-0.264404710634483,0.644696789200346,0.495020823618951,6,"Not significant"
"Unstim / P3C4","LRRFIP1","Q32MZ4","Q32MZ4","LRRF1_HUMAN","Leucine-rich repeat flightless-interacting protein 1","Q32MZ4_T587_M2_19","HexNAc (ST)",8.00770640098957,0.644696789200346,0.500226379880846,4,"Not significant"
"Unstim / P3C4","RAB11FIP1","Q6WKZ4","Q6WKZ4","RFIP1_HUMAN","Rab11 family-interacting protein 1","Q6WKZ4_S300_M1_19","HexNAc (ST)",0.17343207228268,0.644696789200346,0.495612783038592,6,"Not significant"
"Unstim / P3C4","PTRH1","Q86Y79","Q86Y79","PTH_HUMAN","Peptidyl-tRNA hydrolase","Q86Y79_S181_M1_19","HexNAc (ST)",-0.421160545945198,0.644696789200346,0.490812332450983,6,"Not significant"
"Unstim / P3C4","NRGN","Q92686","Q92686","NEUG_HUMAN","Neurogranin","Q92686_T5_M2_19","HexNAc (ST)",0.340251942591041,0.644696789200346,0.494163915840309,5,"Not significant"
"Unstim / P3C4","RTRAF","Q9Y224","Q9Y224","RTRAF_HUMAN","RNA transcription, translation and transport factor protein","Q9Y224_T175_M1_19","HexNAc (ST)",0.916085042799886,0.644696789200346,0.482382553487482,6,"Not significant"
"Unstim / P3C4","RUVBL2","Q9Y230","Q9Y230","RUVB2_HUMAN","RuvB-like 2","Q9Y230_T194_M1_19","HexNAc (ST)",0.164726044560374,0.644696789200346,0.492017332156687,6,"Not significant"
"Unstim / P3C4","NOP58","Q9Y2X3","Q9Y2X3","NOP58_HUMAN","Nucleolar protein 58","Q9Y2X3_T61_M2_19","HexNAc (ST)",-1.05336848435707,0.644696789200346,0.488120167031105,6,"Not significant"
"Unstim / P3C4","NOP58","Q9Y2X3","Q9Y2X3","NOP58_HUMAN","Nucleolar protein 58","Q9Y2X3_T53_M2_19","HexNAc (ST)",-1.05336848435707,0.644696789200346,0.488120167031105,6,"Not significant"
"Unstim / P3C4","HSPD1","P10809","P10809","CH60_HUMAN","60 kDa heat shock protein, mitochondrial","P10809_T173_M2_19","HexNAc (ST)",-6.43465777517534,0.644696789200346,0.500877072702862,4,"Not significant"
"Unstim / P3C4","EEPD1","Q7L9B9","Q7L9B9","EEPD1_HUMAN","Endonuclease/exonuclease/phosphatase family domain-containing protein 1","Q7L9B9_T89_M2_19","HexNAc (ST)",-3.0987595869841,0.644696789200346,0.493950947162109,4,"Not significant"
"Unstim / P3C4","ACTB","Cont_P60712;P60709","Cont_P60712;P60709","ACTB_BOVIN;ACTB_HUMAN","Actin, cytoplasmic 1;Actin, cytoplasmic 1","Cont_P60712_S235_M2_19","HexNAc (ST)",5.44525394901569,0.644696789200346,0.496401190792739,4,"Not significant"
"Unstim / P3C4","ACTB","Cont_P60712;P60709","Cont_P60712;P60709","ACTB_BOVIN;ACTB_HUMAN","Actin, cytoplasmic 1;Actin, cytoplasmic 1","Cont_P60712_S234_M2_19","HexNAc (ST)",5.44525394901569,0.644696789200346,0.496401190792739,4,"Not significant"
"Unstim / P3C4","ACTB","Cont_P60712;P60709","Cont_P60712;P60709","ACTB_BOVIN;ACTB_HUMAN","Actin, cytoplasmic 1;Actin, cytoplasmic 1","P60709_S235_M2_19","HexNAc (ST)",5.44525394901569,0.644696789200346,0.496401190792739,4,"Not significant"
"Unstim / P3C4","ACTB","Cont_P60712;P60709","Cont_P60712;P60709","ACTB_BOVIN;ACTB_HUMAN","Actin, cytoplasmic 1;Actin, cytoplasmic 1","P60709_S234_M2_19","HexNAc (ST)",5.44525394901569,0.644696789200346,0.496401190792739,4,"Not significant"
"Unstim / P3C4","CALR","P27797","P27797","CALR_HUMAN","Calreticulin","P27797_S53_M2_19","HexNAc (ST)",0.228680625494332,0.644995715191944,0.505994834683755,6,"Not significant"
"Unstim / P3C4","CALR","P27797","P27797","CALR_HUMAN","Calreticulin","P27797_S52_M2_19","HexNAc (ST)",0.228680625494332,0.644995715191944,0.505994834683755,6,"Not significant"
"Unstim / P3C4","AK2","P54819","P54819","KAD2_HUMAN","Adenylate kinase 2, mitochondrial","P54819_T89_M1_19","HexNAc (ST)",-0.574960770749279,0.644995715191944,0.505993602016539,6,"Not significant"
"Unstim / P3C4","AHNAK","Q09666","Q09666","AHNK_HUMAN","Neuroblast differentiation-associated protein AHNAK","Q09666_S3672_M1_19","HexNAc (ST)",0.33846910350398,0.646721075802971,0.513234769786902,6,"Not significant"
"Unstim / P3C4","RPL8","P62917","P62917","RL8_HUMAN","Large ribosomal subunit protein uL2","P62917_S138_M3_19","HexNAc (ST)",0.365517825741815,0.646919031115017,0.513801000075484,4,"Not significant"
"Unstim / P3C4","AK1","P00568","P00568","KAD1_HUMAN","Adenylate kinase isoenzyme 1","P00568_T126_M2_19","HexNAc (ST)",-0.267429856951893,0.648218739828758,0.518639758861967,6,"Not significant"
"Unstim / P3C4","AK1","P00568","P00568","KAD1_HUMAN","Adenylate kinase isoenzyme 1","P00568_T124_M2_19","HexNAc (ST)",-0.267429856951893,0.648218739828758,0.518639758861967,6,"Not significant"
"Unstim / P3C4","HSPA5","P11021","P11021","BIP_HUMAN","Endoplasmic reticulum chaperone BiP","P11021_T184_M1_19","HexNAc (ST)",-0.163363209950208,0.649500035941636,0.522922130879899,6,"Not significant"
"Unstim / P3C4","AHNAK","Q09666","Q09666","AHNK_HUMAN","Neuroblast differentiation-associated protein AHNAK","Q09666_S4789_M2_19","HexNAc (ST)",-0.206455673494413,0.649805677970632,0.524041947223241,4,"Not significant"
"Unstim / P3C4","RSF1","Q96T23","Q96T23","RSF1_HUMAN","Remodeling and spacing factor 1","Q96T23_T506_M2_19","HexNAc (ST)",0.75744782139675,0.649913293420332,0.524476564586221,6,"Not significant"
"Unstim / P3C4","RSF1","Q96T23","Q96T23","RSF1_HUMAN","Remodeling and spacing factor 1","Q96T23_T499_M2_19","HexNAc (ST)",0.75744782139675,0.649913293420332,0.524476564586221,6,"Not significant"
"Unstim / P3C4","ATP13A1","Q9HD20","Q9HD20","AT131_HUMAN","Endoplasmic reticulum transmembrane helix translocase","Q9HD20_S790_M1_19","HexNAc (ST)",-3.37436052236273,0.65014936107549,0.525077253638508,4,"Not significant"
"Unstim / P3C4","YBX1","P67809","P67809","YBOX1_HUMAN","Y-box-binding protein 1","P67809_T108_M1_19","HexNAc (ST)",0.924310339270286,0.650986511139332,0.527418120325632,5,"Not significant"
"Unstim / P3C4","ARHGDIA","P52565","P52565","GDIR1_HUMAN","Rho GDP-dissociation inhibitor 1","P52565_T160_M1_19","HexNAc (ST)",-0.479697864135404,0.651198524715692,0.528030742529531,6,"Not significant"
"Unstim / P3C4","PPIA","P62937","P62937","PPIA_HUMAN","Peptidyl-prolyl cis-trans isomerase A","P62937_T73_M2_19","HexNAc (ST)",2.00885762278918,0.651645136471466,0.529339806108882,6,"Not significant"
"Unstim / P3C4","HNRNPDL","O14979","O14979","HNRDL_HUMAN","Heterogeneous nuclear ribonucleoprotein D-like","O14979_S201_M1_19","HexNAc (ST)",0.219960638270827,0.652168382751323,0.530802354849434,6,"Not significant"
"Unstim / P3C4","PABPC4","Q13310","Q13310","PABP4_HUMAN","Polyadenylate-binding protein 4","Q13310_S322_M2_19","HexNAc (ST)",0.922341752144302,0.653000884049232,0.533130418984955,5,"Not significant"
"Unstim / P3C4","NAP1L1","P55209","P55209","NP1L1_HUMAN","Nucleosome assembly protein 1-like 1","P55209_T39_M1_19","HexNAc (ST)",-0.278210725896954,0.653385577415343,0.534409055084156,6,"Not significant"
"Unstim / P3C4","WDFY3","Q8IZQ1","Q8IZQ1","WDFY3_HUMAN","WD repeat and FYVE domain-containing protein 3","Q8IZQ1_S1980_M2_19","HexNAc (ST)",1.0194583208607,0.65352401365579,0.534787839270669,6,"Not significant"
"Unstim / P3C4","EEF1G","P26641","P26641","EF1G_HUMAN","Elongation factor 1-gamma","P26641_T411_M2_19","HexNAc (ST)",-0.278497220970045,0.653922248577335,0.535965735300905,6,"Not significant"
"Unstim / P3C4","NACC1","Q96RE7","Q96RE7","NACC1_HUMAN","Nucleus accumbens-associated protein 1","Q96RE7_S342_M1_19","HexNAc (ST)",0.802347775046045,0.654026198448208,0.536419972802257,6,"Not significant"
"Unstim / P3C4","P4HB","P07237","P07237","PDIA1_HUMAN","Protein disulfide-isomerase","P07237_T244_M1_19","HexNAc (ST)",-0.278961793000439,0.654696763380023,0.538498172471231,6,"Not significant"
"Unstim / P3C4","H1-3","P16402","P16402","H13_HUMAN","Histone H1.3","P16402_S56_M2_19","HexNAc (ST)",0.0706392124320972,0.65546603970066,0.540937379257529,6,"Not significant"
"Unstim / P3C4","SEC22B","O75396","O75396","SC22B_HUMAN","Vesicle-trafficking protein SEC22b","O75396_S137_M2_19","HexNAc (ST)",1.53561368078103,0.65625752938752,0.543061823803051,6,"Not significant"
"Unstim / P3C4","AHNAK","Q09666","Q09666","AHNK_HUMAN","Neuroblast differentiation-associated protein AHNAK","Q09666_S3746_M1_19","HexNAc (ST)",0.992384179182199,0.657113999149539,0.545513389286786,6,"Not significant"
"Unstim / P3C4","S100A11","P31949","P31949","S10AB_HUMAN","Protein S100-A11","P31949_S5_M1_19","HexNAc (ST)",0.415478154307237,0.65720802645765,0.545769785646166,6,"Not significant"
"Unstim / P3C4","VDAC3","Q9Y277","Q9Y277","VDAC3_HUMAN","Voltage-dependent anion-selective channel protein 3","Q9Y277_T72_M1_19","HexNAc (ST)",0.991608937194269,0.65740568634202,0.546398083492952,5,"Not significant"
"Unstim / P3C4","SSB","P05455","P05455","LA_HUMAN","Lupus La protein","P05455_T302_M1_19","HexNAc (ST)",-0.696232359023384,0.657658497608543,0.547205826825536,6,"Not significant"
"Unstim / P3C4","BCAS2","O75934","O75934","SPF27_HUMAN","Pre-mRNA-splicing factor SPF27","O75934_T4_M1_19","HexNAc (ST)",0.971175672044226,0.657742298671586,0.547434185870205,6,"Not significant"
"Unstim / P3C4","MYO18A","Q92614","Q92614","MY18A_HUMAN","Unconventional myosin-XVIIIa","Q92614_T1661_M1_19","HexNAc (ST)",1.24930998265404,0.65786746525866,0.547819202815078,6,"Not significant"
"Unstim / P3C4","RAB5B","P61020","P61020","RAB5B_HUMAN","Ras-related protein Rab-5B","P61020_S184_M1_19","HexNAc (ST)",0.833469920749742,0.657868829981207,0.54784941405753,6,"Not significant"
"Unstim / P3C4","HAX1","O00165","O00165","HAX1_HUMAN","HCLS1-associated protein X-1","O00165_S2_M1_19","HexNAc (ST)",0.232943900199445,0.658151961103747,0.548737554414608,6,"Not significant"
"Unstim / P3C4","LMNB1","P20700","P20700","LMNB1_HUMAN","Lamin-B1","P20700_T151_M1_19","HexNAc (ST)",0.203233014210784,0.658447278566404,0.549734461298844,6,"Not significant"
"Unstim / P3C4","TCIRG1","Q13488","Q13488","VPP3_HUMAN","V-type proton ATPase 116 kDa subunit a 3","Q13488_T66_M1_19","HexNAc (ST)",-0.242060944361854,0.658763632318412,0.550719535960085,5,"Not significant"
"Unstim / P3C4","CHMP4B","Q9H444","Q9H444","CHM4B_HUMAN","Charged multivesicular body protein 4b","Q9H444_T21_M1_19","HexNAc (ST)",0.174668013627631,0.658926495137048,0.551226499776567,6,"Not significant"
"Unstim / P3C4","ITGAX","P20702","P20702","ITAX_HUMAN","Integrin alpha-X","P20702_S266_M1_19","HexNAc (ST)",0.281398115502925,0.662062236530662,0.560596248521167,6,"Not significant"
"Unstim / P3C4","TRIP11","Q15643","Q15643","TRIPB_HUMAN","Thyroid receptor-interacting protein 11","Q15643_T1655_M1_19","HexNAc (ST)",-1.73652937555397,0.662422387389649,0.561475072717921,6,"Not significant"
"Unstim / P3C4","P4HB","P07237","P07237","PDIA1_HUMAN","Protein disulfide-isomerase","P07237_T221_M1_19","HexNAc (ST)",-0.680090084663957,0.663417274815128,0.564665028348695,6,"Not significant"
"Unstim / P3C4","SNRPA1","P09661","P09661","RU2A_HUMAN","U2 small nuclear ribonucleoprotein A'","P09661_T16_M2_19","HexNAc (ST)",0.489342448566159,0.663674651528971,0.565480896412402,6,"Not significant"
"Unstim / P3C4","SNRPA1","P09661","P09661","RU2A_HUMAN","U2 small nuclear ribonucleoprotein A'","P09661_T5_M2_19","HexNAc (ST)",0.489342448566159,0.663674651528971,0.565480896412402,6,"Not significant"
"Unstim / P3C4","SLC25A1","P53007","P53007","TXTP_HUMAN","Tricarboxylate transport protein, mitochondrial","P53007_S94_M1_19","HexNAc (ST)",0.285714328197644,0.664619546471766,0.56852305477312,5,"Not significant"
"Unstim / P3C4","EPRS1","P07814","P07814","SYEP_HUMAN","Bifunctional glutamate/proline--tRNA ligase","P07814_T1110_M1_19","HexNAc (ST)",2.19674175343645,0.6663677325899,0.573527857892826,4,"Not significant"
"Unstim / P3C4","AHNAK","Q09666","Q09666","AHNK_HUMAN","Neuroblast differentiation-associated protein AHNAK","Q09666_S886_M1_19","HexNAc (ST)",-0.233229596767984,0.666652310398022,0.574571904787431,6,"Not significant"
"Unstim / P3C4","AHNAK","Q09666","Q09666","AHNK_HUMAN","Neuroblast differentiation-associated protein AHNAK","Q09666_S1721_M1_19","HexNAc (ST)",-0.233229596767984,0.666652310398022,0.574571904787431,6,"Not significant"
"Unstim / P3C4","AHNAK","Q09666","Q09666","AHNK_HUMAN","Neuroblast differentiation-associated protein AHNAK","Q09666_S2057_M1_19","HexNAc (ST)",-0.233229596767984,0.666652310398022,0.574571904787431,6,"Not significant"
"Unstim / P3C4","AHNAK","Q09666","Q09666","AHNK_HUMAN","Neuroblast differentiation-associated protein AHNAK","Q09666_S2519_M1_19","HexNAc (ST)",-0.233229596767984,0.666652310398022,0.574571904787431,6,"Not significant"
"Unstim / P3C4","AHNAK","Q09666","Q09666","AHNK_HUMAN","Neuroblast differentiation-associated protein AHNAK","Q09666_S2903_M1_19","HexNAc (ST)",-0.233229596767984,0.666652310398022,0.574571904787431,6,"Not significant"
"Unstim / P3C4","GLRX5","Q86SX6","Q86SX6","GLRX5_HUMAN","Glutaredoxin-related protein 5, mitochondrial","Q86SX6_S70_M2_19","HexNAc (ST)",-0.129375434288645,0.667174024070315,0.576221253401222,6,"Not significant"
"Unstim / P3C4","RGPD2","P0DJD1","P0DJD1","RGPD2_HUMAN","RANBP2-like and GRIP domain-containing protein 2","P0DJD1_S1067_M1_19","HexNAc (ST)",-0.153791255717763,0.668230754585982,0.579278617621198,6,"Not significant"
"Unstim / P3C4","RAB18","Q9NP72","Q9NP72","RAB18_HUMAN","Ras-related protein Rab-18","Q9NP72_T49_M2_19","HexNAc (ST)",0.326364109593615,0.671081510507107,0.588174647647568,6,"Not significant"
"Unstim / P3C4","MYO1B","O43795","O43795","MYO1B_HUMAN","Unconventional myosin-Ib","O43795_S145_M1_19","HexNAc (ST)",-0.282252051941152,0.672927977744086,0.593930807227288,6,"Not significant"
"Unstim / P3C4","TUBB4B","P68371","P68371","TBB4B_HUMAN","Tubulin beta-4B chain","P68371_S172_M1_19","HexNAc (ST)",-0.716530072451646,0.673604090300869,0.595969305436602,6,"Not significant"
"Unstim / P3C4","ACTR3","P61158","P61158","ARP3_HUMAN","Actin-related protein 3","P61158_T369_M1_19","HexNAc (ST)",-0.410301211897423,0.675450534926646,0.601434029253583,6,"Not significant"
"Unstim / P3C4","KRT14","Cont_P02533;P02533","Cont_P02533;P02533","K1C14_HUMAN","Keratin, type I cytoskeletal 14;Keratin, type I cytoskeletal 14","Cont_P02533_T310_M2_19","HexNAc (ST)",0.999620279511163,0.677369044474386,0.606872400874626,6,"Not significant"
"Unstim / P3C4","KRT14","Cont_P02533;P02533","Cont_P02533;P02533","K1C14_HUMAN","Keratin, type I cytoskeletal 14;Keratin, type I cytoskeletal 14","Cont_P02533_T308_M2_19","HexNAc (ST)",0.999620279511163,0.677369044474386,0.606872400874626,6,"Not significant"
"Unstim / P3C4","KRT14","Cont_P02533;P02533","Cont_P02533;P02533","K1C14_HUMAN","Keratin, type I cytoskeletal 14;Keratin, type I cytoskeletal 14","P02533_T310_M2_19","HexNAc (ST)",0.999620279511163,0.677369044474386,0.606872400874626,6,"Not significant"
"Unstim / P3C4","KRT14","Cont_P02533;P02533","Cont_P02533;P02533","K1C14_HUMAN","Keratin, type I cytoskeletal 14;Keratin, type I cytoskeletal 14","P02533_T308_M2_19","HexNAc (ST)",0.999620279511163,0.677369044474386,0.606872400874626,6,"Not significant"
"Unstim / P3C4","HMGB2","P26583","P26583","HMGB2_HUMAN","High mobility group protein B2","P26583_S58_M1_19","HexNAc (ST)",0.449675483031587,0.677476171744754,0.607173341196566,6,"Not significant"
"Unstim / P3C4","CMPK1","P30085","P30085","KCY_HUMAN","UMP-CMP kinase","P30085_S180_M1_19","HexNAc (ST)",0.839313880312011,0.677892638406268,0.60841659946235,4,"Not significant"
"Unstim / P3C4","GDI2","P50395","P50395","GDIB_HUMAN","Rab GDP dissociation inhibitor beta","P50395_T185_M1_19","HexNAc (ST)",-0.816395992342079,0.677992513421005,0.608720722026742,6,"Not significant"
"Unstim / P3C4","VDAC1","P21796","P21796","VDAC1_HUMAN","Voltage-dependent anion-selective channel protein 1","P21796_T250_M2_19","HexNAc (ST)",-0.136469388284207,0.678840879901259,0.611516778563018,6,"Not significant"
"Unstim / P3C4","TMED10","P49755","P49755","TMEDA_HUMAN","Transmembrane emp24 domain-containing protein 10","P49755_T114_M1_19","HexNAc (ST)",0.676264878170283,0.679257151245229,0.612688359399104,6,"Not significant"
"Unstim / P3C4","LMNB1","P20700","P20700","LMNB1_HUMAN","Lamin-B1","P20700_T188_M1_19","HexNAc (ST)",0.121499358968068,0.679556194688364,0.613716886575831,6,"Not significant"
"Unstim / P3C4","PECAM1","P16284","P16284","PECA1_HUMAN","Platelet endothelial cell adhesion molecule","P16284_T533_M1_19","HexNAc (ST)",-0.103336181329494,0.679743752130045,0.614378081531064,6,"Not significant"
"Unstim / P3C4","CAMK1","Q14012","Q14012","KCC1A_HUMAN","Calcium/calmodulin-dependent protein kinase type 1","Q14012_S62_M1_19","HexNAc (ST)",0.754598104361103,0.681260880162328,0.618794652400931,6,"Not significant"
"Unstim / P3C4","CCT3","P49368","P49368","TCPG_HUMAN","T-complex protein 1 subunit gamma","P49368_T430_M2_19","HexNAc (ST)",0.139452686729843,0.682574749725514,0.622776341631878,6,"Not significant"
"Unstim / P3C4","CCT3","P49368","P49368","TCPG_HUMAN","T-complex protein 1 subunit gamma","P49368_S426_M2_19","HexNAc (ST)",0.139452686729843,0.682574749725514,0.622776341631878,6,"Not significant"
"Unstim / P3C4","IDH3G","P51553","P51553","IDH3G_HUMAN","Isocitrate dehydrogenase [NAD] subunit gamma, mitochondrial","P51553_S75_M1_19","HexNAc (ST)",-0.394366214456858,0.683230311235129,0.624768720290721,6,"Not significant"
"Unstim / P3C4","AHNAK","Q09666","Q09666","AHNK_HUMAN","Neuroblast differentiation-associated protein AHNAK","Q09666_S2775_M1_19","HexNAc (ST)",-0.209885246245083,0.685282589482105,0.630932975126627,6,"Not significant"
"Unstim / P3C4","STX3","Q13277","Q13277","STX3_HUMAN","Syntaxin-3","Q13277_S97_M1_19","HexNAc (ST)",0.18779410742037,0.685559895999928,0.631752279823302,6,"Not significant"
"Unstim / P3C4","PDIA6","Q15084","Q15084","PDIA6_HUMAN","Protein disulfide-isomerase A6","Q15084_S230_M1_19","HexNAc (ST)",-0.114860653316063,0.686101713602546,0.633605426363146,6,"Not significant"
"Unstim / P3C4","VCP","P55072","P55072","TERA_HUMAN","Transitional endoplasmic reticulum ATPase","P55072_T623_M1_19","HexNAc (ST)",0.735293529225938,0.68636976863386,0.63443305139507,6,"Not significant"
"Unstim / P3C4","STK10","O94804","O94804","STK10_HUMAN","Serine/threonine-protein kinase 10","O94804_T58_M1_19","HexNAc (ST)",0.38238635685867,0.686626509684219,0.635294517764862,6,"Not significant"
"Unstim / P3C4","VIM","P08670","P08670","VIME_HUMAN","Vimentin","P08670_S205_M1_19","HexNAc (ST)",-0.122174935819233,0.686628660377038,0.635311563095835,6,"Not significant"
"Unstim / P3C4","NCL","P19338","P19338","NUCL_HUMAN","Nucleolin","P19338_S319_M1_19","HexNAc (ST)",-0.161534199729304,0.686839968715031,0.635947065967213,6,"Not significant"
"Unstim / P3C4","DPYSL2","Q16555","Q16555","DPYL2_HUMAN","Dihydropyrimidinase-related protein 2","Q16555_S421_M3_19","HexNAc (ST)",0.184252544818364,0.687244628364662,0.637272715883769,5,"Not significant"
"Unstim / P3C4","HSPD1","P10809","P10809","CH60_HUMAN","60 kDa heat shock protein, mitochondrial","P10809_T54_M1_19","HexNAc (ST)",-0.247778546769704,0.687287186701892,0.637433247116902,6,"Not significant"
"Unstim / P3C4","ARHGAP18","Q8N392","Q8N392","RHG18_HUMAN","Rho GTPase-activating protein 18","Q8N392_T327_M1_19","HexNAc (ST)",0.550877042100123,0.687459507737809,0.638054240223259,6,"Not significant"
"Unstim / P3C4","PSMC2","P35998","P35998","PRS7_HUMAN","26S proteasome regulatory subunit 7","P35998_T193_M1_19","HexNAc (ST)",-0.72372382371471,0.688973984657163,0.643084261213419,6,"Not significant"
"Unstim / P3C4","AHNAK","Q09666","Q09666","AHNK_HUMAN","Neuroblast differentiation-associated protein AHNAK","Q09666_S3159_M1_19","HexNAc (ST)",-0.202819764603093,0.68935281648114,0.644371569633489,6,"Not significant"
"Unstim / P3C4","AHNAK","Q09666","Q09666","AHNK_HUMAN","Neuroblast differentiation-associated protein AHNAK","Q09666_S3941_M1_19","HexNAc (ST)",-0.202819764603093,0.68935281648114,0.644371569633489,6,"Not significant"
"Unstim / P3C4","TOP1","P11387","P11387","TOP1_HUMAN","DNA topoisomerase 1","P11387_T258_M2_19","HexNAc (ST)",-0.416989593573396,0.690183457607276,0.646807718516703,5,"Not significant"
"Unstim / P3C4","CANX","P27824","P27824","CALX_HUMAN","Calnexin","P27824_T59_M1_19","HexNAc (ST)",0.419892887773834,0.690412500611591,0.647471416430685,5,"Not significant"
"Unstim / P3C4","RNASET2","O00584","O00584","RNT2_HUMAN","Ribonuclease T2","O00584_S103_M1_19","HexNAc (ST)",0.341332350299946,0.691137327490886,0.649713086992779,6,"Not significant"
"Unstim / P3C4","TRIP12","Q14669","Q14669","TRIPC_HUMAN","E3 ubiquitin-protein ligase TRIP12","Q14669_T758_M1_19","HexNAc (ST)",-0.182737382514903,0.691220732643602,0.649973296467858,6,"Not significant"
"Unstim / P3C4","AHNAK","Q09666","Q09666","AHNK_HUMAN","Neuroblast differentiation-associated protein AHNAK","Q09666_S5214_M1_19","HexNAc (ST)",-0.560919559041937,0.691687576577729,0.651280582563794,6,"Not significant"
"Unstim / P3C4","CAP1","Q01518","Q01518","CAP1_HUMAN","Adenylyl cyclase-associated protein 1","Q01518_T315_M1_19","HexNAc (ST)",0.403649207653385,0.692147821600668,0.652564453827941,6,"Not significant"
"Unstim / P3C4","P4HB","P07237","P07237","PDIA1_HUMAN","Protein disulfide-isomerase","P07237_T413_M1_19","HexNAc (ST)",-0.0889474298655764,0.692704911689712,0.654352416872451,6,"Not significant"
"Unstim / P3C4","EIF4A1","P60842","P60842","IF4A1_HUMAN","Eukaryotic initiation factor 4A-I","P60842_T377_M1_19","HexNAc (ST)",0.137535050136562,0.694544757180512,0.659716613103753,6,"Not significant"
"Unstim / P3C4","NUCB2","P80303","P80303","NUCB2_HUMAN","Nucleobindin-2","P80303_S124_M1_19","HexNAc (ST)",-0.301526455341452,0.696407057965218,0.666186213521741,6,"Not significant"
"Unstim / P3C4","QKI","Q96PU8","Q96PU8","QKI_HUMAN","KH domain-containing RNA-binding protein QKI","Q96PU8_T156_M1_19","HexNAc (ST)",0.484876052980045,0.696503698167384,0.666452347157179,6,"Not significant"
"Unstim / P3C4","IDH3A","P50213","P50213","IDH3A_HUMAN","Isocitrate dehydrogenase [NAD] subunit alpha, mitochondrial","P50213_T101_M2_19","HexNAc (ST)",-0.23614953102124,0.697716948812388,0.670502112938978,5,"Not significant"
"Unstim / P3C4","H1-3","P16402","P16402","H13_HUMAN","Histone H1.3","P16402_S59_M2_19","HexNAc (ST)",0.0859884954155605,0.697916093205991,0.671241495734008,4,"Not significant"
"Unstim / P3C4","TMPO","P42166","P42166","LAP2A_HUMAN","Lamina-associated polypeptide 2, isoform alpha","P42166_T26_M1_19","HexNAc (ST)",0.273457141519109,0.698569288481994,0.673184265309054,6,"Not significant"
"Unstim / P3C4","HSPA5","P11021","P11021","BIP_HUMAN","Endoplasmic reticulum chaperone BiP","P11021_T203_M2_19","HexNAc (ST)",-0.118637660368947,0.69936184562527,0.675898695483555,6,"Not significant"
"Unstim / P3C4","HSPA5","P11021","P11021","BIP_HUMAN","Endoplasmic reticulum chaperone BiP","P11021_T189_M2_19","HexNAc (ST)",-0.118637660368947,0.69936184562527,0.675898695483555,6,"Not significant"
"Unstim / P3C4","XRCC5","P13010","P13010","XRCC5_HUMAN","X-ray repair cross-complementing protein 5","P13010_T293_M1_19","HexNAc (ST)",0.594202989294916,0.699481329540953,0.676237623827729,4,"Not significant"
"Unstim / P3C4","ATP6V1E1","P36543","P36543","VATE1_HUMAN","V-type proton ATPase subunit E 1","P36543_S73_M1_19","HexNAc (ST)",-0.196525739338651,0.699717356693564,0.676990780328855,6,"Not significant"
"Unstim / P3C4","CAPG","P40121","P40121","CAPG_HUMAN","Macrophage-capping protein","P40121_T264_M1_19","HexNAc (ST)",-0.370247915929392,0.700813239653564,0.680489005859394,5,"Not significant"
"Unstim / P3C4","ETFA","P13804","P13804","ETFA_HUMAN","Electron transfer flavoprotein subunit alpha, mitochondrial","P13804_S133_M1_19","HexNAc (ST)",-0.985620803169266,0.701346225779826,0.682348198104501,6,"Not significant"
"Unstim / P3C4","PDHB","P11177","P11177","ODPB_HUMAN","Pyruvate dehydrogenase E1 component subunit beta, mitochondrial","P11177_S70_M1_19","HexNAc (ST)",0.0946962577970302,0.701348777189648,0.682396582945709,6,"Not significant"
"Unstim / P3C4","PHB1","P35232","P35232","PHB1_HUMAN","Prohibitin 1","P35232_S218_M1_19","HexNAc (ST)",0.179251602709134,0.702405469220938,0.685789107700082,5,"Not significant"
"Unstim / P3C4","CFL1","P23528","P23528","COF1_HUMAN","Cofilin-1","P23528_T129_M1_19","HexNAc (ST)",0.183444612101569,0.703204063806222,0.68848023748461,6,"Not significant"
"Unstim / P3C4","ELP6","Q0PNE2","Q0PNE2","ELP6_HUMAN","Elongator complex protein 6","Q0PNE2_S89_M1_19","HexNAc (ST)",0.193050020586284,0.705069627127177,0.694449154995811,6,"Not significant"
"Unstim / P3C4","TKT","P29401","P29401","TKT_HUMAN","Transketolase","P29401_S280_M1_19","HexNAc (ST)",-0.297155893016788,0.705167263505888,0.694758373903914,6,"Not significant"
"Unstim / P3C4","PDIA3","P30101","P30101","PDIA3_HUMAN","Protein disulfide-isomerase A3","P30101_T248_M1_19","HexNAc (ST)",-0.330002695569221,0.706038940185055,0.69762841780544,6,"Not significant"
"Unstim / P3C4","IQGAP1","P46940","P46940","IQGA1_HUMAN","Ras GTPase-activating-like protein IQGAP1","P46940_T857_M1_19","HexNAc (ST)",0.124384284520185,0.706508417565984,0.698801442023341,6,"Not significant"
"Unstim / P3C4","OAT","P04181","P04181","OAT_HUMAN","Ornithine aminotransferase, mitochondrial","P04181_T33_M3_19","HexNAc (ST)",-0.922021070090226,0.707182722882426,0.700774228385671,6,"Not significant"
"Unstim / P3C4","ENO2","P09104","P09104","ENOG_HUMAN","Gamma-enolase","P09104_S221_M1_19","HexNAc (ST)",0.204871825219271,0.708396076221982,0.704978888610815,5,"Not significant"
"Unstim / P3C4","TMPO","P42166","P42166","LAP2A_HUMAN","Lamina-associated polypeptide 2, isoform alpha","P42166_S18_M2_19","HexNAc (ST)",0.259684129077377,0.709052735668995,0.707173280970944,6,"Not significant"
"Unstim / P3C4","UBE2V1","Q13404","Q13404","UB2V1_HUMAN","Ubiquitin-conjugating enzyme E2 variant 1","Q13404_S66_M1_19","HexNAc (ST)",-0.118387762373796,0.710708327941434,0.712644402729096,6,"Not significant"
"Unstim / P3C4","SLC25A5","P05141","P05141","ADT2_HUMAN","ADP/ATP translocase 2","P05141_S22_M2_19","HexNAc (ST)",0.78391745185016,0.710835051519336,0.713056865330058,6,"Not significant"
"Unstim / P3C4","GAA","P10253","P10253","LYAG_HUMAN","Lysosomal alpha-glucosidase","P10253_S688_M2_19","HexNAc (ST)",-0.182421590557096,0.711225254292149,0.714354440166102,6,"Not significant"
"Unstim / P3C4","EIF4A1","P60842","P60842","IF4A1_HUMAN","Eukaryotic initiation factor 4A-I","P60842_S342_M2_19","HexNAc (ST)",0.162421277032998,0.711503823130869,0.715280299397237,6,"Not significant"
"Unstim / P3C4","ITGB1","P05556","P05556","ITB1_HUMAN","Integrin beta-1","P05556_T199_M2_19","HexNAc (ST)",-0.606241066567945,0.711677160906495,0.715949819197277,5,"Not significant"
"Unstim / P3C4","DHX15","O43143","O43143","DHX15_HUMAN","ATP-dependent RNA helicase DHX15","O43143_T498_M1_19","HexNAc (ST)",-0.063288705851657,0.713686401860438,0.72272110392469,6,"Not significant"
"Unstim / P3C4","HSP90B1","P14625","P14625","ENPL_HUMAN","Endoplasmin","P14625_S607_M1_19","HexNAc (ST)",-0.824245410685463,0.715322139786111,0.72797956326898,6,"Not significant"
"Unstim / P3C4","GRPEL1","Q9HAV7","Q9HAV7","GRPE1_HUMAN","GrpE protein homolog 1, mitochondrial","Q9HAV7_T147_M2_19","HexNAc (ST)",0.452963835892618,0.716510953756992,0.732108001972337,5,"Not significant"
"Unstim / P3C4","QKI","Q96PU8","Q96PU8","QKI_HUMAN","KH domain-containing RNA-binding protein QKI","Q96PU8_T14_M1_19","HexNAc (ST)",-0.193894842682781,0.717817761901819,0.736108685226964,6,"Not significant"
"Unstim / P3C4","PKM","P14618","P14618","KPYM_HUMAN","Pyruvate kinase PKM","P14618_S222_M2_19","HexNAc (ST)",-0.159906170806861,0.717894854857487,0.73637647700224,5,"Not significant"
"Unstim / P3C4","AHNAK","Q09666","Q09666","AHNK_HUMAN","Neuroblast differentiation-associated protein AHNAK","Q09666_S4486_M1_19","HexNAc (ST)",0.687882904173269,0.719067847117292,0.740392545951599,5,"Not significant"
"Unstim / P3C4","FTL","P02792","P02792","FRIL_HUMAN","Ferritin light chain","P02792_T150_M1_19","HexNAc (ST)",-0.244203705984356,0.723411446470102,0.755117000243744,6,"Not significant"
"Unstim / P3C4","CPT2","P23786","P23786","CPT2_HUMAN","Carnitine O-palmitoyltransferase 2, mitochondrial","P23786_S66_M1_19","HexNAc (ST)",-0.152463057740044,0.724382716906461,0.758445870933903,6,"Not significant"
"Unstim / P3C4","H2BC21","Q16778","Q16778","H2B2E_HUMAN","Histone H2B type 2-E","Q16778_S39_M2_19","HexNAc (ST)",0.39616561065362,0.725260399907499,0.76164028972237,6,"Not significant"
"Unstim / P3C4","H2BC21","Q16778","Q16778","H2B2E_HUMAN","Histone H2B type 2-E","Q16778_S37_M2_19","HexNAc (ST)",0.39616561065362,0.725260399907499,0.76164028972237,6,"Not significant"
"Unstim / P3C4","AHNAK","Q09666","Q09666","AHNK_HUMAN","Neuroblast differentiation-associated protein AHNAK","Q09666_S2454_M1_19","HexNAc (ST)",-0.0871567882470734,0.725860846053865,0.763680805392905,6,"Not significant"
"Unstim / P3C4","LETM1","O95202","O95202","LETM1_HUMAN","Mitochondrial proton/calcium exchanger protein","O95202_S580_M1_19","HexNAc (ST)",0.141411976107785,0.726691542270926,0.766674403599311,6,"Not significant"
"Unstim / P3C4","PDIA3","P30101","P30101","PDIA3_HUMAN","Protein disulfide-isomerase A3","P30101_S424_M1_19","HexNAc (ST)",-0.417746180388879,0.727129815176297,0.767973625317273,6,"Not significant"
"Unstim / P3C4","ERLIN2","O94905","O94905","ERLN2_HUMAN","Erlin-2","O94905_T277_M1_19","HexNAc (ST)",0.668708085316175,0.727655822175821,0.769934784128721,6,"Not significant"
"Unstim / P3C4","RNH1","P13489","P13489","RINI_HUMAN","Ribonuclease inhibitor","P13489_S50_M1_19","HexNAc (ST)",-0.13356816152346,0.728362788795177,0.772494247145424,4,"Not significant"
"Unstim / P3C4","AHNAK","Q09666","Q09666","AHNK_HUMAN","Neuroblast differentiation-associated protein AHNAK","Q09666_T1472_M1_19","HexNAc (ST)",0.403200421038991,0.729787309661981,0.777369938621936,6,"Not significant"
"Unstim / P3C4","AHNAK","Q09666","Q09666","AHNK_HUMAN","Neuroblast differentiation-associated protein AHNAK","Q09666_S2542_M1_19","HexNAc (ST)",0.118947970577717,0.731291421763229,0.783060096894584,6,"Not significant"
"Unstim / P3C4","TGFB1","P01137","P01137","TGFB1_HUMAN","Transforming growth factor beta-1 proprotein","P01137_S380_M1_19","HexNAc (ST)",-0.156345627690391,0.732455255897551,0.787309069090958,6,"Not significant"
"Unstim / P3C4","TOP1","P11387","P11387","TOP1_HUMAN","DNA topoisomerase 1","P11387_T258_M1_19","HexNAc (ST)",-0.163718868799646,0.732473299344305,0.787372929772315,5,"Not significant"
"Unstim / P3C4","BSG","P35613","P35613","BASI_HUMAN","Basigin","P35613_T212_M1_19","HexNAc (ST)",0.241814496916158,0.732993361088239,0.789368797151016,5,"Not significant"
"Unstim / P3C4","FRG1","Q14331","Q14331","FRG1_HUMAN","Protein FRG1","Q14331_S121_M2_19","HexNAc (ST)",-0.156871760719,0.73352990542957,0.791280898912462,6,"Not significant"
"Unstim / P3C4","FRG1","Q14331","Q14331","FRG1_HUMAN","Protein FRG1","Q14331_S111_M2_19","HexNAc (ST)",-0.156871760719,0.73352990542957,0.791280898912462,6,"Not significant"
"Unstim / P3C4","PDIA3","P30101","P30101","PDIA3_HUMAN","Protein disulfide-isomerase A3","P30101_T212_M2_19","HexNAc (ST)",-0.154091736548981,0.733642743846604,0.791691683815424,6,"Not significant"
"Unstim / P3C4","PDIA3","P30101","P30101","PDIA3_HUMAN","Protein disulfide-isomerase A3","P30101_S209_M2_19","HexNAc (ST)",-0.154091736548981,0.733642743846604,0.791691683815424,6,"Not significant"
"Unstim / P3C4","DDX5","P17844","P17844","DDX5_HUMAN","Probable ATP-dependent RNA helicase DDX5","P17844_T436_M2_19","HexNAc (ST)",0.0796010773981633,0.733917792156419,0.792659378994308,6,"Not significant"
"Unstim / P3C4","HSPA2","P54652","P54652","HSP72_HUMAN","Heat shock-related 70 kDa protein 2","P54652_T126_M1_19","HexNAc (ST)",-0.246657744036529,0.73406834148364,0.793291823635879,5,"Not significant"
"Unstim / P3C4","ARHGAP45","Q92619","Q92619","HMHA1_HUMAN","Rho GTPase-activating protein 45","Q92619_T742_M1_19","HexNAc (ST)",0.279462798440267,0.734229317097386,0.793980486400762,6,"Not significant"
"Unstim / P3C4","RPL26","P61254","P61254","RL26_HUMAN","Large ribosomal subunit protein uL24","P61254_S46_M1_19","HexNAc (ST)",-0.42264736920006,0.734517881876074,0.794862498970727,6,"Not significant"
"Unstim / P3C4","AHNAK","Q09666","Q09666","AHNK_HUMAN","Neuroblast differentiation-associated protein AHNAK","Q09666_S2333_M1_19","HexNAc (ST)",0.289529892609718,0.734798809329569,0.795777651837866,6,"Not significant"
"Unstim / P3C4","CD38","P28907","P28907","CD38_HUMAN","ADP-ribosyl cyclase/cyclic ADP-ribose hydrolase 1","P28907_T71_M1_19","HexNAc (ST)",-0.203162625333454,0.734879840473492,0.795997583903517,6,"Not significant"
"Unstim / P3C4","TMSB4X","P62328","P62328","TYB4_HUMAN","Thymosin beta-4","P62328_S31_M1_19","HexNAc (ST)",0.206661437041703,0.734931229647362,0.79612220507128,6,"Not significant"
"Unstim / P3C4","AHNAK","Q09666","Q09666","AHNK_HUMAN","Neuroblast differentiation-associated protein AHNAK","Q09666_S2926_M1_19","HexNAc (ST)",-0.582597821569281,0.735209066960705,0.797008605024666,6,"Not significant"
"Unstim / P3C4","HSPE1","P61604","P61604","CH10_HUMAN","10 kDa heat shock protein, mitochondrial","P61604_T79_M1_19","HexNAc (ST)",-0.578807206614796,0.735257219735256,0.797270685069691,6,"Not significant"
"Unstim / P3C4","AHNAK","Q09666","Q09666","AHNK_HUMAN","Neuroblast differentiation-associated protein AHNAK","Q09666_S2205_M1_19","HexNAc (ST)",-0.0600664122537572,0.736204511798693,0.800447716624038,6,"Not significant"
"Unstim / P3C4","AHNAK","Q09666","Q09666","AHNK_HUMAN","Neuroblast differentiation-associated protein AHNAK","Q09666_S1298_M1_19","HexNAc (ST)",0.147597584821874,0.736464913926645,0.801207996565883,6,"Not significant"
"Unstim / P3C4","AHNAK","Q09666","Q09666","AHNK_HUMAN","Neuroblast differentiation-associated protein AHNAK","Q09666_S2092_M1_19","HexNAc (ST)",0.147597584821874,0.736464913926645,0.801207996565883,6,"Not significant"
"Unstim / P3C4","AHNAK","Q09666","Q09666","AHNK_HUMAN","Neuroblast differentiation-associated protein AHNAK","Q09666_S2287_M1_19","HexNAc (ST)",0.147597584821874,0.736464913926645,0.801207996565883,6,"Not significant"
"Unstim / P3C4","RNH1","P13489","P13489","RINI_HUMAN","Ribonuclease inhibitor","P13489_S84_M2_19","HexNAc (ST)",0.109899729704641,0.736579573396505,0.801640990721039,6,"Not significant"
"Unstim / P3C4","RNH1","P13489","P13489","RINI_HUMAN","Ribonuclease inhibitor","P13489_T82_M2_19","HexNAc (ST)",0.109899729704641,0.736579573396505,0.801640990721039,6,"Not significant"
"Unstim / P3C4","NF2","P35240","P35240","MERL_HUMAN","Merlin","P35240_S444_M1_19","HexNAc (ST)",-0.0945967749543598,0.736699837470858,0.802083116555849,6,"Not significant"
"Unstim / P3C4","HNRNPU","Q00839","Q00839","HNRPU_HUMAN","Heterogeneous nuclear ribonucleoprotein U","Q00839_S746_M1_19","HexNAc (ST)",-0.0948343298759556,0.737926114576193,0.806807386699206,6,"Not significant"
"Unstim / P3C4","HNRNPH1","P31943","P31943","HNRH1_HUMAN","Heterogeneous nuclear ribonucleoprotein H","P31943_T5_M1_19","HexNAc (ST)",0.130250367920295,0.738939184949769,0.810290711895493,6,"Not significant"
"Unstim / P3C4","AHNAK","Q09666","Q09666","AHNK_HUMAN","Neuroblast differentiation-associated protein AHNAK","Q09666_T4564_M1_19","HexNAc (ST)",0.0781075590621877,0.739039058073403,0.810665747523217,6,"Not significant"
"Unstim / P3C4","TRIP10","Q15642","Q15642","CIP4_HUMAN","Cdc42-interacting protein 4","Q15642_S265_M1_19","HexNAc (ST)",0.523834156340995,0.739900235485552,0.813783078204194,6,"Not significant"
"Unstim / P3C4","NUP62","P37198","P37198","NUP62_HUMAN","Nuclear pore glycoprotein p62","P37198_T433_M1_19","HexNAc (ST)",0.119285429055378,0.740587083466163,0.816425647431415,6,"Not significant"
"Unstim / P3C4","CALR","P27797","P27797","CALR_HUMAN","Calreticulin","P27797_T173_M2_19","HexNAc (ST)",-0.515857880973347,0.740591882753957,0.816469650748149,6,"Not significant"
"Unstim / P3C4","CANX","P27824","P27824","CALX_HUMAN","Calnexin","P27824_S74_M2_19","HexNAc (ST)",0.24685088079231,0.740929483191063,0.817661812186733,4,"Not significant"
"Unstim / P3C4","MAGT1","Q9H0U3","Q9H0U3","MAGT1_HUMAN","Magnesium transporter protein 1","Q9H0U3_S38_M2_19","HexNAc (ST)",0.113487645564018,0.741196339510082,0.818714134187543,6,"Not significant"
"Unstim / P3C4","CCDC9","Q9Y3X0","Q9Y3X0","CCDC9_HUMAN","Coiled-coil domain-containing protein 9","Q9Y3X0_S115_M1_19","HexNAc (ST)",-0.358809492235092,0.74184611475539,0.821090359484641,5,"Not significant"
"Unstim / P3C4","SOD1","P00441","P00441","SODC_HUMAN","Superoxide dismutase [Cu-Zn]","P00441_T3_M1_19","HexNAc (ST)",-0.0900079323201585,0.742507630811004,0.823470806028664,6,"Not significant"
"Unstim / P3C4","OSBPL8","Q9BZF1","Q9BZF1","OSBL8_HUMAN","Oxysterol-binding protein-related protein 8","Q9BZF1_T491_M1_19","HexNAc (ST)",0.192093022761048,0.743569359464376,0.827222884393986,6,"Not significant"
"Unstim / P3C4","FUBP3","Q96I24","Q96I24","FUBP3_HUMAN","Far upstream element-binding protein 3","Q96I24_T192_M2_19","HexNAc (ST)",0.0717828350566845,0.743852361681413,0.828543695493389,5,"Not significant"
"Unstim / P3C4","MX2","P20592","P20592","MX2_HUMAN","Interferon-induced GTP-binding protein Mx2","P20592_T366_M1_19","HexNAc (ST)",0.471348515934792,0.744805161513761,0.83200483093973,6,"Not significant"
"Unstim / P3C4","FUBP3","Q96I24","Q96I24","FUBP3_HUMAN","Far upstream element-binding protein 3","Q96I24_T192_M1_19","HexNAc (ST)",-0.0682779262078461,0.745160169301884,0.833463249464608,6,"Not significant"
"Unstim / P3C4","MRPL2","Q5T653","Q5T653","RM02_HUMAN","Large ribosomal subunit protein uL2m","Q5T653_T223_M2_19","HexNAc (ST)",0.244369915752026,0.745421495402166,0.83444122147915,6,"Not significant"
"Unstim / P3C4","HSP90B1","P14625","P14625","ENPL_HUMAN","Endoplasmin","P14625_T155_M1_19","HexNAc (ST)",0.448212420673753,0.746713763007491,0.839764218828634,5,"Not significant"
"Unstim / P3C4","SEC16A","O15027","O15027","SC16A_HUMAN","Protein transport protein Sec16A","O15027_S331_M1_19","HexNAc (ST)",-0.0589965296196319,0.746897996360286,0.840402498138673,6,"Not significant"
"Unstim / P3C4","RPS3A","P61247","P61247","RS3A_HUMAN","Small ribosomal subunit protein eS1","P61247_T106_M1_19","HexNAc (ST)",0.45973213412777,0.747046866921316,0.840986197483739,4,"Not significant"
"Unstim / P3C4","CAP1","Q01518","Q01518","CAP1_HUMAN","Adenylyl cyclase-associated protein 1","Q01518_S338_M2_19","HexNAc (ST)",0.156199868399996,0.747747218963342,0.843422068608934,5,"Not significant"
"Unstim / P3C4","RPS4X","P62701","P62701","RS4X_HUMAN","Small ribosomal subunit protein eS4, X isoform","P62701_T184_M2_19","HexNAc (ST)",-0.346334315332038,0.748232455303631,0.845323202262387,5,"Not significant"
"Unstim / P3C4","AHNAK","Q09666","Q09666","AHNK_HUMAN","Neuroblast differentiation-associated protein AHNAK","Q09666_S5151_M1_19","HexNAc (ST)",-0.0735929253056336,0.74842114031836,0.846129037998499,6,"Not significant"
"Unstim / P3C4","PSMC3","P17980","P17980","PRS6A_HUMAN","26S proteasome regulatory subunit 6A","P17980_T293_M2_19","HexNAc (ST)",0.242849024848463,0.750816413080543,0.854866742225043,6,"Not significant"
"Unstim / P3C4","PSMC3","P17980","P17980","PRS6A_HUMAN","26S proteasome regulatory subunit 6A","P17980_S281_M2_19","HexNAc (ST)",0.242849024848463,0.750816413080543,0.854866742225043,6,"Not significant"
"Unstim / P3C4","QKI","Q96PU8","Q96PU8","QKI_HUMAN","KH domain-containing RNA-binding protein QKI","Q96PU8_T203_M1_19","HexNAc (ST)",-0.396344647385484,0.750901621339889,0.855230904718332,6,"Not significant"
"Unstim / P3C4","UBAP2L","Q14157","Q14157","UBP2L_HUMAN","Ubiquitin-associated protein 2-like","Q14157_S604_M1_19","HexNAc (ST)",0.396170953135635,0.750979443446932,0.855570082098072,6,"Not significant"
"Unstim / P3C4","ARL8B","Q9NVJ2","Q9NVJ2","ARL8B_HUMAN","ADP-ribosylation factor-like protein 8B","Q9NVJ2_S150_M1_19","HexNAc (ST)",0.0593432177051359,0.751905805907425,0.859130511454984,6,"Not significant"
"Unstim / P3C4","PSMC3","P17980","P17980","PRS6A_HUMAN","26S proteasome regulatory subunit 6A","P17980_S281_M1_19","HexNAc (ST)",-0.0832500234887468,0.752329700635033,0.860770170196285,4,"Not significant"
"Unstim / P3C4","ACTR3B","Q9P1U1","Q9P1U1","ARP3B_HUMAN","Actin-related protein 3B","Q9P1U1_T74_M1_19","HexNAc (ST)",0.191296866293677,0.753830944740058,0.866859643352845,6,"Not significant"
"Unstim / P3C4","PLXNB2","O15031","O15031","PLXB2_HUMAN","Plexin-B2","O15031_T1124_M2_19","HexNAc (ST)",0.0346642982003445,0.754001942977251,0.867672572934071,6,"Not significant"
"Unstim / P3C4","PLXNB2","O15031","O15031","PLXB2_HUMAN","Plexin-B2","O15031_T1117_M2_19","HexNAc (ST)",0.0346642982003445,0.754001942977251,0.867672572934071,6,"Not significant"
"Unstim / P3C4","NHP2","Q9NX24","Q9NX24","NHP2_HUMAN","H/ACA ribonucleoprotein complex subunit 2","Q9NX24_S40_M2_19","HexNAc (ST)",0.0402378623615923,0.754333699642664,0.868910947871125,4,"Not significant"
"Unstim / P3C4","CS","O75390","O75390","CISY_HUMAN","Citrate synthase, mitochondrial","O75390_S97_M2_19","HexNAc (ST)",0.0257689142279675,0.754357477376373,0.869043501048602,5,"Not significant"
"Unstim / P3C4","CS","O75390","O75390","CISY_HUMAN","Citrate synthase, mitochondrial","O75390_S83_M2_19","HexNAc (ST)",0.0257689142279675,0.754357477376373,0.86904346764869,5,"Not significant"
"Unstim / P3C4","SRSF1","Q07955","Q07955","SRSF1_HUMAN","Serine/arginine-rich splicing factor 1","Q07955_S2_M1_19","HexNAc (ST)",0.231201602546082,0.754499004411233,0.869441078391263,6,"Not significant"
"Unstim / P3C4","FIP1L1","Q6UN15","Q6UN15","FIP1_HUMAN","Pre-mRNA 3'-end-processing factor FIP1","Q6UN15_S324_M3_19","HexNAc (ST)",0.0527948247110744,0.754897755724033,0.870956538600502,6,"Not significant"
"Unstim / P3C4","FIP1L1","Q6UN15","Q6UN15","FIP1_HUMAN","Pre-mRNA 3'-end-processing factor FIP1","Q6UN15_T322_M3_19","HexNAc (ST)",0.0527948247110744,0.754897755724033,0.870956538600502,6,"Not significant"
"Unstim / P3C4","FIP1L1","Q6UN15","Q6UN15","FIP1_HUMAN","Pre-mRNA 3'-end-processing factor FIP1","Q6UN15_T320_M3_19","HexNAc (ST)",0.0527948247110744,0.754897755724033,0.870956538600502,6,"Not significant"
"Unstim / P3C4","LMNA","P02545","P02545","LMNA_HUMAN","Prelamin-A/C","P02545_S143_M1_19","HexNAc (ST)",0.347119353971535,0.755663791430519,0.874093999365763,6,"Not significant"
"Unstim / P3C4","GAA","P10253","P10253","LYAG_HUMAN","Lysosomal alpha-glucosidase","P10253_T700_M2_19","HexNAc (ST)",-0.0765759408425142,0.757406018479767,0.880685109101654,5,"Not significant"
"Unstim / P3C4","PLEC","Q15149","Q15149","PLEC_HUMAN","Plectin","Q15149_S2984_M1_19","HexNAc (ST)",0.235736361007477,0.758123530846553,0.883408991676483,4,"Not significant"
"Unstim / P3C4","H2AC11;H2AC12;H2AC14","P0C0S8;Q96KK5;Q99878","P0C0S8;Q96KK5;Q99878","H2A1_HUMAN;H2A1H_HUMAN;H2A1J_HUMAN","Histone H2A type 1;Histone H2A type 1-H;Histone H2A type 1-J","P0C0S8_T60_M1_19","HexNAc (ST)",-0.171109914895429,0.758333036771309,0.88417337302567,6,"Not significant"
"Unstim / P3C4","H2AC11;H2AC12;H2AC14","P0C0S8;Q96KK5;Q99878","P0C0S8;Q96KK5;Q99878","H2A1_HUMAN;H2A1H_HUMAN;H2A1J_HUMAN","Histone H2A type 1;Histone H2A type 1-H;Histone H2A type 1-J","Q96KK5_T60_M1_19","HexNAc (ST)",-0.171109914895429,0.758333036771309,0.88417337302567,6,"Not significant"
"Unstim / P3C4","H2AC11;H2AC12;H2AC14","P0C0S8;Q96KK5;Q99878","P0C0S8;Q96KK5;Q99878","H2A1_HUMAN;H2A1H_HUMAN;H2A1J_HUMAN","Histone H2A type 1;Histone H2A type 1-H;Histone H2A type 1-J","Q99878_T60_M1_19","HexNAc (ST)",-0.171109914895429,0.758333036771309,0.88417337302567,6,"Not significant"
"Unstim / P3C4","PSMC4","P43686","P43686","PRS6B_HUMAN","26S proteasome regulatory subunit 6B","P43686_S129_M1_19","HexNAc (ST)",-0.0244535560763989,0.759057844022553,0.886960487633277,6,"Not significant"
"Unstim / P3C4","GPI","P06744","P06744","G6PI_HUMAN","Glucose-6-phosphate isomerase","P06744_S532_M1_19","HexNAc (ST)",-0.296039049530287,0.760167272580166,0.891503507175952,6,"Not significant"
"Unstim / P3C4","AHNAK","Q09666","Q09666","AHNK_HUMAN","Neuroblast differentiation-associated protein AHNAK","Q09666_S4684_M1_19","HexNAc (ST)",-0.161837056518015,0.760205072356666,0.891832487257036,6,"Not significant"
"Unstim / P3C4","HNRNPD","Q14103","Q14103","HNRPD_HUMAN","Heterogeneous nuclear ribonucleoprotein D0","Q14103_S190_M2_19","HexNAc (ST)",-0.283077705852785,0.760632091683857,0.893678765953382,6,"Not significant"
"Unstim / P3C4","ERP44","Q9BS26","Q9BS26","ERP44_HUMAN","Endoplasmic reticulum resident protein 44","Q9BS26_T155_M1_19","HexNAc (ST)",0.223098879209047,0.760827573192114,0.89441137942176,5,"Not significant"
"Unstim / P3C4","CAPG","P40121","P40121","CAPG_HUMAN","Macrophage-capping protein","P40121_T212_M1_19","HexNAc (ST)",-0.1401986948454,0.761721282617959,0.898134502455161,6,"Not significant"
"Unstim / P3C4","GSN","P06396","P06396","GELS_HUMAN","Gelsolin","P06396_S304_M1_19","HexNAc (ST)",0.0804634290911095,0.763235320792182,0.904377665956058,5,"Not significant"
"Unstim / P3C4","PSAP","P07602","P07602","SAP_HUMAN","Prosaposin","P07602_T334_M1_19","HexNAc (ST)",-0.0886199493472753,0.76343509341816,0.905274037243216,6,"Not significant"
"Unstim / P3C4","HNRNPA1","P09651","P09651","ROA1_HUMAN","Heterogeneous nuclear ribonucleoprotein A1","P09651_T64_M1_19","HexNAc (ST)",-0.0486664760102454,0.765245718393073,0.912112781455443,4,"Not significant"
"Unstim / P3C4","MIX23","Q4VC31","Q4VC31","MIX23_HUMAN","Protein MIX23","Q4VC31_S114_M1_19","HexNAc (ST)",0.0476285849945267,0.765282597530453,0.912259057890117,6,"Not significant"
"Unstim / P3C4","HBB","Cont_P02070","Cont_P02070","HBB_BOVIN","Hemoglobin subunit beta","Cont_P02070_T11_M1_19","HexNAc (ST)",0.235518405922764,0.765356540039867,0.912668402080283,6,"Not significant"
"Unstim / P3C4","RENBP","P51606","P51606","RENBP_HUMAN","N-acylglucosamine 2-epimerase","P51606_S230_M1_19","HexNAc (ST)",0.182617592752746,0.765920604469086,0.915013181190987,6,"Not significant"
"Unstim / P3C4","CANX","P27824","P27824","CALX_HUMAN","Calnexin","P27824_T143_M1_19","HexNAc (ST)",-0.0892227636051175,0.767183896595371,0.920110429351871,6,"Not significant"
"Unstim / P3C4","GSN","P06396","P06396","GELS_HUMAN","Gelsolin","P06396_S537_M1_19","HexNAc (ST)",-0.0374354090648521,0.767307723177577,0.920579688788686,6,"Not significant"
"Unstim / P3C4","CANX","P27824","P27824","CALX_HUMAN","Calnexin","P27824_S392_M1_19","HexNAc (ST)",0.0379479544298342,0.767582275117136,0.92159785779244,6,"Not significant"
"Unstim / P3C4","CCT8","P50990","P50990","TCPQ_HUMAN","T-complex protein 1 subunit theta","P50990_T71_M1_19","HexNAc (ST)",-0.0310335889285926,0.768191424819361,0.924383833776395,5,"Not significant"
"Unstim / P3C4","BCKDK","O14874","O14874","BCKD_HUMAN","[3-methyl-2-oxobutanoate dehydrogenase [lipoamide]] kinase, mitochondrial","O14874_S90_M1_19","HexNAc (ST)",-0.204588014885563,0.768207145628953,0.92448903191512,6,"Not significant"
"Unstim / P3C4","HCFC1","P51610","P51610","HCFC1_HUMAN","Host cell factor 1","P51610_S1497_M2_19","HexNAc (ST)",-0.190893768177501,0.768268339300456,0.92469173807839,5,"Not significant"
"Unstim / P3C4","CPNE8","Q86YQ8","Q86YQ8","CPNE8_HUMAN","Copine-8","Q86YQ8_S356_M1_19","HexNAc (ST)",0.175586909896261,0.770502339936529,0.934341754928975,6,"Not significant"
"Unstim / P3C4","PRSS1","P07477","P07477","TRY1_HUMAN","Serine protease 1","P07477_T103_M1_19","HexNAc (ST)",0.0491418759745283,0.770551622963921,0.934536884656007,6,"Not significant"
"Unstim / P3C4","TAMM41","Q96BW9","Q96BW9","TAM41_HUMAN","Phosphatidate cytidylyltransferase, mitochondrial","Q96BW9_S218_M1_19","HexNAc (ST)",-0.157873255528076,0.770920695184691,0.936323195290524,6,"Not significant"
"Unstim / P3C4","DNTTIP1","Q9H147","Q9H147","TDIF1_HUMAN","Deoxynucleotidyltransferase terminal-interacting protein 1","Q9H147_S217_M1_19","HexNAc (ST)",-0.0615913593091927,0.77235184678208,0.942094051353045,5,"Not significant"
"Unstim / P3C4","GOLGA2","Q08379","Q08379","GOGA2_HUMAN","Golgin subfamily A member 2","Q08379_T959_M2_19","HexNAc (ST)",0.156818113040567,0.772674297355678,0.943380685184621,5,"Not significant"
"Unstim / P3C4","RTN4","Q9NQC3","Q9NQC3","RTN4_HUMAN","Reticulon-4","Q9NQC3_T70_M2_19","HexNAc (ST)",-0.03797370588025,0.773567026954109,0.947369502990015,6,"Not significant"
"Unstim / P3C4","HSP90AA1","P07900","P07900","HS90A_HUMAN","Heat shock protein HSP 90-alpha","P07900_T624_M1_19","HexNAc (ST)",0.121027294137249,0.773983639269196,0.949095536721152,4,"Not significant"
"Unstim / P3C4","AHNAK","Q09666","Q09666","AHNK_HUMAN","Neuroblast differentiation-associated protein AHNAK","Q09666_S3894_M1_19","HexNAc (ST)",0.0409522056126695,0.774081016673609,0.949585740219695,6,"Not significant"
"Unstim / P3C4","HNRNPU","Q00839","Q00839","HNRPU_HUMAN","Heterogeneous nuclear ribonucleoprotein U","Q00839_S585_M1_19","HexNAc (ST)",-0.0532172030391992,0.774206290091083,0.950221995753728,6,"Not significant"
"Unstim / P3C4","ANXA6","P08133","P08133","ANXA6_HUMAN","Annexin A6","P08133_S121_M1_19","HexNAc (ST)",0.121844603464386,0.774300973683161,0.950572049365359,6,"Not significant"
"Unstim / P3C4","PRSS1","Cont_P00760","Cont_P00760","TRY1_BOVIN","Serine protease 1","Cont_P00760_S169_M2_19","HexNAc (ST)",0.0262505793109382,0.774633780887636,0.95183757918911,6,"Not significant"
"Unstim / P3C4","PRSS1","Cont_P00760","Cont_P00760","TRY1_BOVIN","Serine protease 1","Cont_P00760_S170_M2_19","HexNAc (ST)",0.0262505793109382,0.774633780887636,0.951837472903758,6,"Not significant"
"Unstim / P3C4","GAPDH","P04406","P04406","G3P_HUMAN","Glyceraldehyde-3-phosphate dehydrogenase","P04406_T211_M2_19","HexNAc (ST)",-0.0184151057748042,0.775103788309424,0.953873701830489,6,"Not significant"
"Unstim / P3C4","GAPDH","P04406","P04406","G3P_HUMAN","Glyceraldehyde-3-phosphate dehydrogenase","P04406_S210_M2_19","HexNAc (ST)",-0.0184151057748042,0.775103788309424,0.953873701830489,6,"Not significant"
"Unstim / P3C4","CGREF1","Q99674","Q99674","CGRE1_HUMAN","Cell growth regulator with EF hand domain protein 1","Q99674_S159_M1_19","HexNAc (ST)",0.0439497564700192,0.775375495836498,0.954777891216094,6,"Not significant"
"Unstim / P3C4","MDN1","Q9NU22","Q9NU22","MDN1_HUMAN","Midasin","Q9NU22_S2818_M1_19","HexNAc (ST)",-0.043131555061628,0.775528549486709,0.955477861800461,6,"Not significant"
"Unstim / P3C4","CAP1","Q01518","Q01518","CAP1_HUMAN","Adenylyl cyclase-associated protein 1","Q01518_S394_M1_19","HexNAc (ST)",0.0974295733137236,0.77556150387569,0.955671913154334,6,"Not significant"
"Unstim / P3C4","FBL","P22087","P22087","FBRL_HUMAN","rRNA 2'-O-methyltransferase fibrillarin","P22087_T298_M1_19","HexNAc (ST)",-0.0900365906776984,0.776698688108554,0.961087896774523,6,"Not significant"
"Unstim / P3C4","HLA-A","P04439","P04439","HLAA_HUMAN","HLA class I histocompatibility antigen, A alpha chain","P04439_S275_M1_19","HexNAc (ST)",0.0139451472747263,0.776710221155678,0.961148913280851,6,"Not significant"
"Unstim / P3C4","STX8","Q9UNK0","Q9UNK0","STX8_HUMAN","Syntaxin-8","Q9UNK0_S96_M1_19","HexNAc (ST)",-0.0197417123298167,0.776864667073804,0.961807695320159,6,"Not significant"
"Unstim / P3C4","AHNAK","Q09666","Q09666","AHNK_HUMAN","Neuroblast differentiation-associated protein AHNAK","Q09666_S1324_M1_19","HexNAc (ST)",-0.0194094446954905,0.777686624499483,0.965039264555876,6,"Not significant"
"Unstim / P3C4","FLG2","Cont_Q5D862;Q5D862","Cont_Q5D862;Q5D862","FILA2_HUMAN","Filaggrin-2","Cont_Q5D862_S7_M2_19","HexNAc (ST)",-0.0465523562929513,0.777805648064146,0.965646056975026,6,"Not significant"
"Unstim / P3C4","FLG2","Cont_Q5D862;Q5D862","Cont_Q5D862;Q5D862","FILA2_HUMAN","Filaggrin-2","Q5D862_S7_M2_19","HexNAc (ST)",-0.0465523562929513,0.777805648064146,0.965646056975026,6,"Not significant"
"Unstim / P3C4","AHNAK","Q09666","Q09666","AHNK_HUMAN","Neuroblast differentiation-associated protein AHNAK","Q09666_S2580_M1_19","HexNAc (ST)",0.0101849047503543,0.777864043242863,0.965875140328669,6,"Not significant"
"Unstim / P3C4","AHNAK","Q09666","Q09666","AHNK_HUMAN","Neuroblast differentiation-associated protein AHNAK","Q09666_S4002_M1_19","HexNAc (ST)",0.0101849047503543,0.777864043242863,0.965875140328669,6,"Not significant"
"Unstim / P3C4","AHNAK","Q09666","Q09666","AHNK_HUMAN","Neuroblast differentiation-associated protein AHNAK","Q09666_S4258_M1_19","HexNAc (ST)",0.0101849047503543,0.777864043242863,0.965875140328669,6,"Not significant"
"Unstim / P3C4","AHNAK","Q09666","Q09666","AHNK_HUMAN","Neuroblast differentiation-associated protein AHNAK","Q09666_S4460_M1_19","HexNAc (ST)",0.0101849047503543,0.777864043242863,0.965875140328669,6,"Not significant"
"Unstim / P3C4","CALR","P27797","P27797","CALR_HUMAN","Calreticulin","P27797_T173_M1_19","HexNAc (ST)",-0.015889370355894,0.77844190822463,0.968344415849181,5,"Not significant"
"Unstim / P3C4","CDC123","O75794","O75794","CD123_HUMAN","Cell division cycle protein 123 homolog","O75794_T315_M1_19","HexNAc (ST)",0.0727639032212438,0.778498478655889,0.96853502667607,5,"Not significant"
"Unstim / P3C4","ITGB1","P05556","P05556","ITB1_HUMAN","Integrin beta-1","P05556_T112_M1_19","HexNAc (ST)",-0.0253337966010228,0.779913501254891,0.974750987142723,6,"Not significant"
"Unstim / P3C4","PER1","O15534","O15534","PER1_HUMAN","Period circadian protein homolog 1","O15534_S1186_M1_19","HexNAc (ST)",-0.0122273841566418,0.781247020709431,0.980522156676764,6,"Not significant"
"Unstim / P3C4","RAB8A","P61006","P61006","RAB8A_HUMAN","Ras-related protein Rab-8A","P61006_S111_M1_19","HexNAc (ST)",0.0511127489679746,0.781278660243393,0.98067757916828,6,"Not significant"
"Unstim / P3C4","TPM4","P67936","P67936","TPM4_HUMAN","Tropomyosin alpha-4 chain","P67936_S87_M1_19","HexNAc (ST)",-0.0100023735629319,0.781491404725941,0.981598229064694,6,"Not significant"
"Unstim / P3C4","HSPD1","P10809","P10809","CH60_HUMAN","60 kDa heat shock protein, mitochondrial","P10809_T206_M2_19","HexNAc (ST)",0.0202395064601603,0.78211086470913,0.984145292461128,6,"Not significant"
"Unstim / P3C4","HSPD1","P10809","P10809","CH60_HUMAN","60 kDa heat shock protein, mitochondrial","P10809_T200_M2_19","HexNAc (ST)",0.0202395064601603,0.78211086470913,0.984145292461128,6,"Not significant"
"Unstim / P3C4","MED17","Q9NVC6","Q9NVC6","MED17_HUMAN","Mediator of RNA polymerase II transcription subunit 17","Q9NVC6_S152_M1_19","HexNAc (ST)",-0.00973630043624031,0.78211086470913,0.984138958690311,6,"Not significant"
"Unstim / P3C4","MYH9","P35579","P35579","MYH9_HUMAN","Myosin-9","P35579_S1457_M2_19","HexNAc (ST)",-0.0057749359904802,0.78354992283475,0.990482234053817,6,"Not significant"
"Unstim / P3C4","SP140L","Q9H930","Q9H930","SP14L_HUMAN","Nuclear body protein SP140-like protein","Q9H930_T71_M1_19","HexNAc (ST)",0.00316999809867781,0.784025212924513,0.992757102280063,6,"Not significant"
"Unstim / P3C4","CAPZA1","P52907","P52907","CAZA1_HUMAN","F-actin-capping protein subunit alpha-1","P52907_S95_M1_19","HexNAc (ST)",0.0183724638269662,0.784076868649157,0.992998271821125,6,"Not significant"
"Unstim / P3C4","CLTC","Q00610","Q00610","CLH1_HUMAN","Clathrin heavy chain 1","Q00610_S460_M1_19","HexNAc (ST)",-0.014070040987545,0.784370925089279,0.99436721762465,6,"Not significant"
"Unstim / P3C4","AHNAK","Q09666","Q09666","AHNK_HUMAN","Neuroblast differentiation-associated protein AHNAK","Q09666_T788_M2_19","HexNAc (ST)",0.00963557493409129,0.784539493275014,0.99536846508399,6,"Not significant"
"Unstim / P3C4","CBLB","Q13191","Q13191","CBLB_HUMAN","E3 ubiquitin-protein ligase CBL-B","Q13191_T174_M1_19","HexNAc (ST)",0.00128766595344658,0.7846650835522,0.995839127620677,6,"Not significant"
"Unstim / P3C4","AHNAK","Q09666","Q09666","AHNK_HUMAN","Neuroblast differentiation-associated protein AHNAK","Q09666_T490_M1_19","HexNAc (ST)",-0.00318151085532853,0.784710698261688,0.996099699408633,6,"Not significant"
"Unstim / P3C4","PTRH2","Q9Y3E5","Q9Y3E5","PTH2_HUMAN","Peptidyl-tRNA hydrolase 2, mitochondrial","Q9Y3E5_T125_M1_19","HexNAc (ST)",0.00037058729718625,0.785391737449234,0.999308409052481,6,"Not significant"
