"Comparison (group1/group2)","Genes","UniProtIds","ProteinGroups","ProteinNames","ProteinDescriptions","Group","PTM.ModificationTitle","AVG Log2 Ratio","Qvalue","Pvalue","# of Ratios","Significance"
"P3C4+Nigericin / Nigericin","LARP4","Q71RC2","Q71RC2","LARP4_HUMAN","La-related protein 4","Q71RC2_T168_M2_19","HexNAc (ST)",3.86596301087428,0.285385882216671,0.000139525535938708,6,"Not significant"
"P3C4+Nigericin / Nigericin","LARP4","Q71RC2","Q71RC2","LARP4_HUMAN","La-related protein 4","Q71RC2_T167_M2_19","HexNAc (ST)",3.86596301087428,0.285385882216671,0.000139525535938708,6,"Not significant"
"P3C4+Nigericin / Nigericin","TOP1","P11387","P11387","TOP1_HUMAN","DNA topoisomerase 1","P11387_T258_M2_19","HexNAc (ST)",-8.63004725689659,0.413184445737917,0.00277796567769348,5,"Not significant"
"P3C4+Nigericin / Nigericin","TJP2","Q9UDY2","Q9UDY2","ZO2_HUMAN","Tight junction protein ZO-2","Q9UDY2_T757_M1_19","HexNAc (ST)",-1.19877837190125,0.431359466807817,0.00534056458620255,6,"Not significant"
"P3C4+Nigericin / Nigericin","GNB2","P62879","P62879","GBB2_HUMAN","Guanine nucleotide-binding protein G(I)/G(S)/G(T) subunit beta-2","P62879_T31_M2_19","HexNAc (ST)",1.080860756091,0.451116646741107,0.00930780295475204,5,"Not significant"
"P3C4+Nigericin / Nigericin","RAB18","Q9NP72","Q9NP72","RAB18_HUMAN","Ras-related protein Rab-18","Q9NP72_T49_M2_19","HexNAc (ST)",-1.03324342435279,0.456826372311386,0.0108274740773005,6,"Not significant"
"P3C4+Nigericin / Nigericin","ILK","Q13418","Q13418","ILK_HUMAN","Integrin-linked protein kinase","Q13418_S47_M1_19","HexNAc (ST)",-2.63095201160077,0.466270877126979,0.0139288722665823,6,"Not significant"
"P3C4+Nigericin / Nigericin","TOP2B","Q02880","Q02880","TOP2B_HUMAN","DNA topoisomerase 2-beta","Q02880_T97_M1_19","HexNAc (ST)",-1.80166279936706,0.490170643182854,0.0246261932266846,6,"Not significant"
"P3C4+Nigericin / Nigericin","CHTOP","Q9Y3Y2","Q9Y3Y2","CHTOP_HUMAN","Chromatin target of PRMT1 protein","Q9Y3Y2_T212_M1_19","HexNAc (ST)",-0.721923341807806,0.503492843454907,0.0319121972755523,5,"Not significant"
"P3C4+Nigericin / Nigericin","ARHGAP31","Q2M1Z3","Q2M1Z3","RHG31_HUMAN","Rho GTPase-activating protein 31","Q2M1Z3_S1178_M1_19","HexNAc (ST)",-0.488914236468881,0.515926343122534,0.0415272080795225,5,"Not significant"
"P3C4+Nigericin / Nigericin","CDC123","O75794","O75794","CD123_HUMAN","Cell division cycle protein 123 homolog","O75794_T315_M2_19","HexNAc (ST)",-0.892817263822835,0.518988383769398,0.0436601424925174,6,"Not significant"
"P3C4+Nigericin / Nigericin","CCT3","P49368","P49368","TCPG_HUMAN","T-complex protein 1 subunit gamma","P49368_T430_M2_19","HexNAc (ST)",-0.46517949128216,0.529246286771315,0.0519859578035572,6,"Not significant"
"P3C4+Nigericin / Nigericin","CCT3","P49368","P49368","TCPG_HUMAN","T-complex protein 1 subunit gamma","P49368_S426_M2_19","HexNAc (ST)",-0.46517949128216,0.529246286771315,0.0519859578035572,6,"Not significant"
"P3C4+Nigericin / Nigericin","PSMB1","P20618","P20618","PSB1_HUMAN","Proteasome subunit beta type-1","P20618_S237_M1_19","HexNAc (ST)",-0.565033535951343,0.529666099118617,0.0524881270676304,6,"Not significant"
"P3C4+Nigericin / Nigericin","MYH9","P35579","P35579","MYH9_HUMAN","Myosin-9","P35579_T1276_M1_19","HexNAc (ST)",-0.511640684329437,0.531214113457267,0.0542873656691789,6,"Not significant"
"P3C4+Nigericin / Nigericin","MDN1","Q9NU22","Q9NU22","MDN1_HUMAN","Midasin","Q9NU22_S2818_M1_19","HexNAc (ST)",-0.797710282359921,0.531713347694726,0.054877723057748,6,"Not significant"
"P3C4+Nigericin / Nigericin","DPP3","Q9NY33","Q9NY33","DPP3_HUMAN","Dipeptidyl peptidase 3","Q9NY33_S692_M2_19","HexNAc (ST)",1.15159753103383,0.534643404903338,0.0584136129338318,5,"Not significant"
"P3C4+Nigericin / Nigericin","ACSL1","P33121","P33121","ACSL1_HUMAN","Long-chain-fatty-acid--CoA ligase 1","P33121_T384_M1_19","HexNAc (ST)",-0.943967124700901,0.535840534461791,0.0596820963099003,4,"Not significant"
"P3C4+Nigericin / Nigericin","CAP1","Q01518","Q01518","CAP1_HUMAN","Adenylyl cyclase-associated protein 1","Q01518_T315_M1_19","HexNAc (ST)",-0.54979055530334,0.537375641780291,0.0612081376909671,6,"Not significant"
"P3C4+Nigericin / Nigericin","LMNB1","P20700","P20700","LMNB1_HUMAN","Lamin-B1","P20700_T151_M1_19","HexNAc (ST)",-0.47100119306775,0.539373546837503,0.0632083725048874,6,"Not significant"
"P3C4+Nigericin / Nigericin","SIAE","Q9HAT2","Q9HAT2","SIAE_HUMAN","Sialate O-acetylesterase","Q9HAT2_T403_M1_19","HexNAc (ST)",-0.556744845988081,0.540765572483188,0.0642257850071385,6,"Not significant"
"P3C4+Nigericin / Nigericin","IMP4","Q96G21","Q96G21","IMP4_HUMAN","U3 small nucleolar ribonucleoprotein protein IMP4","Q96G21_T134_M1_19","HexNAc (ST)",-0.950621545464761,0.544409650430319,0.0685646552839587,6,"Not significant"
"P3C4+Nigericin / Nigericin","GAA","P10253","P10253","LYAG_HUMAN","Lysosomal alpha-glucosidase","P10253_T884_M1_19","HexNAc (ST)",-0.525880293542503,0.548612331217474,0.0742852414664484,6,"Not significant"
"P3C4+Nigericin / Nigericin","XRCC5","P13010","P13010","XRCC5_HUMAN","X-ray repair cross-complementing protein 5","P13010_T293_M1_19","HexNAc (ST)",-2.11124848643531,0.548612331217474,0.0743097984847308,5,"Not significant"
"P3C4+Nigericin / Nigericin","EIF4G2","P78344","P78344","IF4G2_HUMAN","Eukaryotic translation initiation factor 4 gamma 2","P78344_S272_M1_19","HexNAc (ST)",-0.504563699505693,0.554830411271243,0.0812338912028249,6,"Not significant"
"P3C4+Nigericin / Nigericin","STMN1","P16949","P16949","STMN1_HUMAN","Stathmin","P16949_S46_M1_19","HexNAc (ST)",1.0818252933268,0.555428820964303,0.082636425590283,6,"Not significant"
"P3C4+Nigericin / Nigericin","MACROH2A1","O75367","O75367","H2AY_HUMAN","Core histone macro-H2A.1","O75367_T290_M1_19","HexNAc (ST)",-1.4360400382648,0.556604607267625,0.0844553127401164,6,"Not significant"
"P3C4+Nigericin / Nigericin","PSMC4","P43686","P43686","PRS6B_HUMAN","26S proteasome regulatory subunit 6B","P43686_S129_M1_19","HexNAc (ST)",-0.261293538865324,0.556604607267625,0.0843773683605086,6,"Not significant"
"P3C4+Nigericin / Nigericin","ALDOA","Cont_P00883","Cont_P00883","ALDOA_RABIT","Fructose-bisphosphate aldolase A","Cont_P00883_S4_M1_19","HexNAc (ST)",-0.446413997078246,0.562514883125579,0.09165411930041,6,"Not significant"
"P3C4+Nigericin / Nigericin","KHSRP","Q92945","Q92945","FUBP2_HUMAN","Far upstream element-binding protein 2","Q92945_S132_M2_19","HexNAc (ST)",-0.60649773657944,0.562521950780519,0.0916921275901552,4,"Not significant"
"P3C4+Nigericin / Nigericin","KHSRP","Q92945","Q92945","FUBP2_HUMAN","Far upstream element-binding protein 2","Q92945_S131_M2_19","HexNAc (ST)",-0.60649773657944,0.562521950780519,0.0916921275901552,4,"Not significant"
"P3C4+Nigericin / Nigericin","LMNA","P02545","P02545","LMNA_HUMAN","Prelamin-A/C","P02545_S143_M1_19","HexNAc (ST)",-1.98557329743701,0.563287957237409,0.0927091727772013,6,"Not significant"
"P3C4+Nigericin / Nigericin","TMPO","P42166","P42166","LAP2A_HUMAN","Lamina-associated polypeptide 2, isoform alpha","P42166_S18_M2_19","HexNAc (ST)",-0.536517280231831,0.563649432571091,0.0932194935426919,5,"Not significant"
"P3C4+Nigericin / Nigericin","RAB11FIP1","Q6WKZ4","Q6WKZ4","RFIP1_HUMAN","Rab11 family-interacting protein 1","Q6WKZ4_S300_M1_19","HexNAc (ST)",-0.822257482050919,0.563712354297154,0.0932790950776268,6,"Not significant"
"P3C4+Nigericin / Nigericin","HNRNPUL2","Q1KMD3","Q1KMD3","HNRL2_HUMAN","Heterogeneous nuclear ribonucleoprotein U-like protein 2","Q1KMD3_S543_M1_19","HexNAc (ST)",0.909739049309825,0.563865276433783,0.093971577146024,6,"Not significant"
"P3C4+Nigericin / Nigericin","CYBB","P04839","P04839","CY24B_HUMAN","Cytochrome b-245 heavy chain","P04839_T509_M1_19","HexNAc (ST)",0.631632275407119,0.56436915228912,0.0946938982205202,6,"Not significant"
"P3C4+Nigericin / Nigericin","FLG2","Cont_Q5D862;Q5D862","Cont_Q5D862;Q5D862","FILA2_HUMAN","Filaggrin-2","Cont_Q5D862_S7_M2_19","HexNAc (ST)",-3.99648143485488,0.567221595465526,0.0990435839706578,5,"Not significant"
"P3C4+Nigericin / Nigericin","FLG2","Cont_Q5D862;Q5D862","Cont_Q5D862;Q5D862","FILA2_HUMAN","Filaggrin-2","Q5D862_S7_M2_19","HexNAc (ST)",-3.99648143485488,0.567221595465526,0.0990435839706578,5,"Not significant"
"P3C4+Nigericin / Nigericin","RHOT1","Q8IXI2","Q8IXI2","MIRO1_HUMAN","Mitochondrial Rho GTPase 1","Q8IXI2_S109_M1_19","HexNAc (ST)",-0.389794213957596,0.569264614372427,0.10216280990252,6,"Not significant"
"P3C4+Nigericin / Nigericin","GPX1","P07203","P07203","GPX1_HUMAN","Glutathione peroxidase 1","P07203_S34_M2_19","HexNAc (ST)",-1.46179596991924,0.569277239909006,0.102233423510895,5,"Not significant"
"P3C4+Nigericin / Nigericin","RPL8","P62917","P62917","RL8_HUMAN","Large ribosomal subunit protein uL2","P62917_T111_M1_19","HexNAc (ST)",-1.81215811631877,0.575159677439387,0.111152344430536,6,"Not significant"
"P3C4+Nigericin / Nigericin","PECAM1","P16284","P16284","PECA1_HUMAN","Platelet endothelial cell adhesion molecule","P16284_T533_M1_19","HexNAc (ST)",-1.29230436365947,0.576542582786114,0.113570657779276,6,"Not significant"
"P3C4+Nigericin / Nigericin","HAX1","O00165","O00165","HAX1_HUMAN","HCLS1-associated protein X-1","O00165_S2_M1_19","HexNAc (ST)",-0.498155789963647,0.576845166405991,0.114310481365993,6,"Not significant"
"P3C4+Nigericin / Nigericin","PSMC2","P35998","P35998","PRS7_HUMAN","26S proteasome regulatory subunit 7","P35998_T193_M1_19","HexNAc (ST)",-1.15409585965003,0.578982951083021,0.117782855713157,6,"Not significant"
"P3C4+Nigericin / Nigericin","GSN","P06396","P06396","GELS_HUMAN","Gelsolin","P06396_S304_M1_19","HexNAc (ST)",-0.826688992794522,0.580307183660906,0.119840946479533,5,"Not significant"
"P3C4+Nigericin / Nigericin","TLN1","Q9Y490","Q9Y490","TLN1_HUMAN","Talin-1","Q9Y490_T2281_M2_19","HexNAc (ST)",-0.408499381787381,0.581356980353521,0.121960941393938,6,"Not significant"
"P3C4+Nigericin / Nigericin","TLN1","Q9Y490","Q9Y490","TLN1_HUMAN","Talin-1","Q9Y490_S2279_M2_19","HexNAc (ST)",-0.408499381787381,0.581356980353521,0.121960941393938,6,"Not significant"
"P3C4+Nigericin / Nigericin","LETM1","O95202","O95202","LETM1_HUMAN","Mitochondrial proton/calcium exchanger protein","O95202_S580_M1_19","HexNAc (ST)",-0.48749127680506,0.584067960406352,0.127221675177946,6,"Not significant"
"P3C4+Nigericin / Nigericin","FUBP3","Q96I24","Q96I24","FUBP3_HUMAN","Far upstream element-binding protein 3","Q96I24_T192_M1_19","HexNAc (ST)",-0.567504448204262,0.584522372706506,0.128379932912188,6,"Not significant"
"P3C4+Nigericin / Nigericin","MYH9","P35579","P35579","MYH9_HUMAN","Myosin-9","P35579_S1457_M2_19","HexNAc (ST)",0.540429044465877,0.58493991398843,0.128937068829059,6,"Not significant"
"P3C4+Nigericin / Nigericin","ATP6V1E1","P36543","P36543","VATE1_HUMAN","V-type proton ATPase subunit E 1","P36543_S198_M1_19","HexNAc (ST)",-1.35573916895211,0.585107102687036,0.129273677870261,4,"Not significant"
"P3C4+Nigericin / Nigericin","ARL8B","Q9NVJ2","Q9NVJ2","ARL8B_HUMAN","ADP-ribosylation factor-like protein 8B","Q9NVJ2_S150_M1_19","HexNAc (ST)",-0.507395267757239,0.585423083384526,0.129781424797773,6,"Not significant"
"P3C4+Nigericin / Nigericin","AHNAK","Q09666","Q09666","AHNK_HUMAN","Neuroblast differentiation-associated protein AHNAK","Q09666_S2333_M1_19","HexNAc (ST)",-2.72918472931455,0.585922371738942,0.130641156019772,6,"Not significant"
"P3C4+Nigericin / Nigericin","MRPL2","Q5T653","Q5T653","RM02_HUMAN","Large ribosomal subunit protein uL2m","Q5T653_T223_M2_19","HexNAc (ST)",-0.681042281268016,0.58622558376713,0.131110298574157,6,"Not significant"
"P3C4+Nigericin / Nigericin","LONP1","P36776","P36776","LONM_HUMAN","Lon protease homolog, mitochondrial","P36776_T582_M1_19","HexNAc (ST)",-0.763430600181927,0.590807991552869,0.140730913897788,6,"Not significant"
"P3C4+Nigericin / Nigericin","HIVEP3","Q5T1R4","Q5T1R4","ZEP3_HUMAN","Transcription factor HIVEP3","Q5T1R4_T1401_M1_19","HexNAc (ST)",-1.12442252723116,0.59227478271994,0.143335053952457,6,"Not significant"
"P3C4+Nigericin / Nigericin","SCP2","P22307","P22307","SCP2_HUMAN","Sterol carrier protein 2","P22307_T473_M1_19","HexNAc (ST)",-0.405244844632625,0.595383842542741,0.148990844352603,6,"Not significant"
"P3C4+Nigericin / Nigericin","IQGAP1","P46940","P46940","IQGA1_HUMAN","Ras GTPase-activating-like protein IQGAP1","P46940_T857_M1_19","HexNAc (ST)",-0.64750220228985,0.598514456010807,0.155427857572805,6,"Not significant"
"P3C4+Nigericin / Nigericin","DMAP1","Q9NPF5","Q9NPF5","DMAP1_HUMAN","DNA methyltransferase 1-associated protein 1","Q9NPF5_T237_M1_19","HexNAc (ST)",-0.824174581028754,0.5995196849551,0.157147197990792,6,"Not significant"
"P3C4+Nigericin / Nigericin","HBB","Cont_P02070","Cont_P02070","HBB_BOVIN","Hemoglobin subunit beta","Cont_P02070_T11_M1_19","HexNAc (ST)",1.6939761376715,0.599939322247023,0.157629617037323,6,"Not significant"
"P3C4+Nigericin / Nigericin","MYCBPAP","Q8TBZ2","Q8TBZ2","MYBPP_HUMAN","MYCBP-associated protein","Q8TBZ2_S582_M3_19","HexNAc (ST)",0.516123276998103,0.600753244385594,0.158913998057857,6,"Not significant"
"P3C4+Nigericin / Nigericin","MYCBPAP","Q8TBZ2","Q8TBZ2","MYBPP_HUMAN","MYCBP-associated protein","Q8TBZ2_T580_M3_19","HexNAc (ST)",0.516123276998103,0.600753244385594,0.158913995109269,6,"Not significant"
"P3C4+Nigericin / Nigericin","NOTCH2","Q04721","Q04721","NOTC2_HUMAN","Neurogenic locus notch homolog protein 2","Q04721_T78_M1_19","HexNAc (ST)",0.570702761309494,0.602798522303914,0.163513609392276,6,"Not significant"
"P3C4+Nigericin / Nigericin","ACOX3","O15254","O15254","ACOX3_HUMAN","Peroxisomal acyl-coenzyme A oxidase 3","O15254_T235_M1_19","HexNAc (ST)",-0.975899501362172,0.603121480649919,0.186932465884575,6,"Not significant"
"P3C4+Nigericin / Nigericin","GLUD1","P00367","P00367","DHE3_HUMAN","Glutamate dehydrogenase 1, mitochondrial","P00367_S166_M1_19","HexNAc (ST)",-0.832619897426821,0.603121480649919,0.19234916706897,6,"Not significant"
"P3C4+Nigericin / Nigericin","P4HB","P07237","P07237","PDIA1_HUMAN","Protein disulfide-isomerase","P07237_S357_M1_19","HexNAc (ST)",-0.527440552678063,0.603121480649919,0.16773687993034,6,"Not significant"
"P3C4+Nigericin / Nigericin","ACAA1","P09110","P09110","THIK_HUMAN","3-ketoacyl-CoA thiolase, peroxisomal","P09110_S291_M1_19","HexNAc (ST)",-3.97149498447721,0.603121480649919,0.195210492005342,6,"Not significant"
"P3C4+Nigericin / Nigericin","RGPD2","P0DJD1","P0DJD1","RGPD2_HUMAN","RANBP2-like and GRIP domain-containing protein 2","P0DJD1_S1067_M1_19","HexNAc (ST)",-0.430212955076271,0.603121480649919,0.179076260667077,6,"Not significant"
"P3C4+Nigericin / Nigericin","HSPA8","P11142","P11142","HSP7C_HUMAN","Heat shock cognate 71 kDa protein","P11142_T462_M1_19","HexNAc (ST)",-6.69165636943552,0.603121480649919,0.19116388442318,6,"Not significant"
"P3C4+Nigericin / Nigericin","LMNB1","P20700","P20700","LMNB1_HUMAN","Lamin-B1","P20700_T188_M1_19","HexNAc (ST)",-1.11362402926241,0.603121480649919,0.18884776695038,6,"Not significant"
"P3C4+Nigericin / Nigericin","SFPQ","P23246","P23246","SFPQ_HUMAN","Splicing factor, proline- and glutamine-rich","P23246_S521_M1_19","HexNAc (ST)",-6.3861623054207,0.603121480649919,0.187176039265974,6,"Not significant"
"P3C4+Nigericin / Nigericin","MAP4","P27816","P27816","MAP4_HUMAN","Microtubule-associated protein 4","P27816_T354_M1_19","HexNAc (ST)",-0.989655163357973,0.603121480649919,0.182937551601235,6,"Not significant"
"P3C4+Nigericin / Nigericin","CANX","P27824","P27824","CALX_HUMAN","Calnexin","P27824_S74_M2_19","HexNAc (ST)",-0.809935860422896,0.603121480649919,0.194072660698183,5,"Not significant"
"P3C4+Nigericin / Nigericin","GDI2","P50395","P50395","GDIB_HUMAN","Rab GDP dissociation inhibitor beta","P50395_T185_M1_19","HexNAc (ST)",-6.82368191358644,0.603121480649919,0.185098337107676,6,"Not significant"
"P3C4+Nigericin / Nigericin","GALK1","P51570","P51570","GALK1_HUMAN","Galactokinase","P51570_S254_M1_19","HexNAc (ST)",-0.660756047954535,0.603121480649919,0.16526404673495,6,"Not significant"
"P3C4+Nigericin / Nigericin","ARHGDIA","P52565","P52565","GDIR1_HUMAN","Rho GDP-dissociation inhibitor 1","P52565_T160_M1_19","HexNAc (ST)",1.59432670176468,0.603121480649919,0.168974723319205,6,"Not significant"
"P3C4+Nigericin / Nigericin","ACTR3","P61158","P61158","ARP3_HUMAN","Actin-related protein 3","P61158_S354_M2_19","HexNAc (ST)",-0.495026027608328,0.603121480649919,0.168908199850035,6,"Not significant"
"P3C4+Nigericin / Nigericin","ACTR3","P61158","P61158","ARP3_HUMAN","Actin-related protein 3","P61158_S350_M2_19","HexNAc (ST)",-0.495026027608328,0.603121480649919,0.168908199850035,6,"Not significant"
"P3C4+Nigericin / Nigericin","PPIA","P62937","P62937","PPIA_HUMAN","Peptidyl-prolyl cis-trans isomerase A","P62937_T119_M2_19","HexNAc (ST)",-0.237556333269872,0.603121480649919,0.191020861960507,5,"Not significant"
"P3C4+Nigericin / Nigericin","PPIA","P62937","P62937","PPIA_HUMAN","Peptidyl-prolyl cis-trans isomerase A","P62937_T116_M2_19","HexNAc (ST)",-0.237556333269872,0.603121480649919,0.191020861960507,5,"Not significant"
"P3C4+Nigericin / Nigericin","HNRNPU","Q00839","Q00839","HNRPU_HUMAN","Heterogeneous nuclear ribonucleoprotein U","Q00839_S585_M1_19","HexNAc (ST)",-1.10084985521999,0.603121480649919,0.192920268935038,6,"Not significant"
"P3C4+Nigericin / Nigericin","AHNAK","Q09666","Q09666","AHNK_HUMAN","Neuroblast differentiation-associated protein AHNAK","Q09666_S4130_M1_19","HexNAc (ST)",-0.536813450756599,0.603121480649919,0.165133827281107,6,"Not significant"
"P3C4+Nigericin / Nigericin","AHNAK","Q09666","Q09666","AHNK_HUMAN","Neuroblast differentiation-associated protein AHNAK","Q09666_S4594_M1_19","HexNAc (ST)",-0.536813450756599,0.603121480649919,0.165133827281107,6,"Not significant"
"P3C4+Nigericin / Nigericin","AHNAK","Q09666","Q09666","AHNK_HUMAN","Neuroblast differentiation-associated protein AHNAK","Q09666_S4684_M1_19","HexNAc (ST)",6.52631565904958,0.603121480649919,0.18271622766474,6,"Not significant"
"P3C4+Nigericin / Nigericin","CBLB","Q13191","Q13191","CBLB_HUMAN","E3 ubiquitin-protein ligase CBL-B","Q13191_T174_M1_19","HexNAc (ST)",-0.405945604922239,0.603121480649919,0.177392596928254,6,"Not significant"
"P3C4+Nigericin / Nigericin","CAMK1","Q14012","Q14012","KCC1A_HUMAN","Calcium/calmodulin-dependent protein kinase type 1","Q14012_S62_M1_19","HexNAc (ST)",0.436434107727742,0.603121480649919,0.182661822158704,6,"Not significant"
"P3C4+Nigericin / Nigericin","CPNE8","Q86YQ8","Q86YQ8","CPNE8_HUMAN","Copine-8","Q86YQ8_S356_M1_19","HexNAc (ST)",-5.81683506231808,0.603121480649919,0.187849205620936,6,"Not significant"
"P3C4+Nigericin / Nigericin","PSPC1","Q8WXF1","Q8WXF1","PSPC1_HUMAN","Paraspeckle component 1","Q8WXF1_S499_M2_19","HexNAc (ST)",-0.52080222865185,0.603121480649919,0.165183435565995,5,"Not significant"
"P3C4+Nigericin / Nigericin","HSPD1","P10809","P10809","CH60_HUMAN","60 kDa heat shock protein, mitochondrial","P10809_T173_M2_19","HexNAc (ST)",-1.58135895795401,0.603121480649919,0.173503862178497,5,"Not significant"
"P3C4+Nigericin / Nigericin","VDAC1","P21796","P21796","VDAC1_HUMAN","Voltage-dependent anion-selective channel protein 1","P21796_T217_M1_19","HexNAc (ST)",-1.77449621046203,0.603202993881853,0.197395883378924,4,"Not significant"
"P3C4+Nigericin / Nigericin","CANX","P27824","P27824","CALX_HUMAN","Calnexin","P27824_T143_M1_19","HexNAc (ST)",4.41470925059385,0.603526448284182,0.202258360018625,6,"Not significant"
"P3C4+Nigericin / Nigericin","GRIPAP1","Q4V328","Q4V328","GRAP1_HUMAN","GRIP1-associated protein 1","Q4V328_S105_M1_19","HexNAc (ST)",-0.431962186151869,0.603615043083975,0.202828688293445,6,"Not significant"
"P3C4+Nigericin / Nigericin","RTN4","Q9NQC3","Q9NQC3","RTN4_HUMAN","Reticulon-4","Q9NQC3_T70_M2_19","HexNAc (ST)",-0.593984408500077,0.604425688774813,0.207721337576043,6,"Not significant"
"P3C4+Nigericin / Nigericin","MACROH2A1","O75367","O75367","H2AY_HUMAN","Core histone macro-H2A.1","O75367_S260_M1_19","HexNAc (ST)",-0.675240804190682,0.604692917073525,0.208797992156528,6,"Not significant"
"P3C4+Nigericin / Nigericin","ERLIN2","O94905","O94905","ERLN2_HUMAN","Erlin-2","O94905_T277_M1_19","HexNAc (ST)",8.37155586268946,0.604812069202358,0.209537435178847,6,"Not significant"
"P3C4+Nigericin / Nigericin","PDHB","P11177","P11177","ODPB_HUMAN","Pyruvate dehydrogenase E1 component subunit beta, mitochondrial","P11177_S70_M1_19","HexNAc (ST)",-0.409141152632675,0.605043898694828,0.210592633660925,6,"Not significant"
"P3C4+Nigericin / Nigericin","PSMC3","P17980","P17980","PRS6A_HUMAN","26S proteasome regulatory subunit 6A","P17980_T293_M2_19","HexNAc (ST)",-4.1625173059944,0.605205192814496,0.211846765751805,6,"Not significant"
"P3C4+Nigericin / Nigericin","PSMC3","P17980","P17980","PRS6A_HUMAN","26S proteasome regulatory subunit 6A","P17980_S281_M2_19","HexNAc (ST)",-4.1625173059944,0.605205192814496,0.211846765751805,6,"Not significant"
"P3C4+Nigericin / Nigericin","HSPA5","P11021","P11021","BIP_HUMAN","Endoplasmic reticulum chaperone BiP","P11021_T203_M2_19","HexNAc (ST)",-0.409134101564595,0.605954797991265,0.215339378354294,6,"Not significant"
"P3C4+Nigericin / Nigericin","HSPA5","P11021","P11021","BIP_HUMAN","Endoplasmic reticulum chaperone BiP","P11021_T189_M2_19","HexNAc (ST)",-0.409134101564595,0.605954797991265,0.215339378354294,6,"Not significant"
"P3C4+Nigericin / Nigericin","RAB2A","P61019","P61019","RAB2A_HUMAN","Ras-related protein Rab-2A","P61019_S67_M1_19","HexNAc (ST)",-0.553824310861926,0.606030087823053,0.215715841623396,6,"Not significant"
"P3C4+Nigericin / Nigericin","EIF4A1","P60842","P60842","IF4A1_HUMAN","Eukaryotic initiation factor 4A-I","P60842_T377_M1_19","HexNAc (ST)",-0.403131343950585,0.606242442963413,0.216617325360296,6,"Not significant"
"P3C4+Nigericin / Nigericin","AHNAK","Q09666","Q09666","AHNK_HUMAN","Neuroblast differentiation-associated protein AHNAK","Q09666_S909_M1_19","HexNAc (ST)",9.12337769408458,0.606730873462751,0.218334056904393,6,"Not significant"
"P3C4+Nigericin / Nigericin","AHNAK","Q09666","Q09666","AHNK_HUMAN","Neuroblast differentiation-associated protein AHNAK","Q09666_S1042_M1_19","HexNAc (ST)",0.291833730749638,0.609902983874625,0.229942647625953,5,"Not significant"
"P3C4+Nigericin / Nigericin","UFL1","O94874","O94874","UFL1_HUMAN","E3 UFM1-protein ligase 1","O94874_S103_M1_19","HexNAc (ST)",-0.895368575680099,0.610350696941548,0.232515804836381,6,"Not significant"
"P3C4+Nigericin / Nigericin","NUP54","Q7Z3B4","Q7Z3B4","NUP54_HUMAN","Nucleoporin p54","Q7Z3B4_S319_M1_19","HexNAc (ST)",-0.504960800027906,0.61080914727148,0.233358847865309,6,"Not significant"
"P3C4+Nigericin / Nigericin","CANX","P27824","P27824","CALX_HUMAN","Calnexin","P27824_S74_M1_19","HexNAc (ST)",-0.418245451766374,0.611022762774549,0.233943601279727,5,"Not significant"
"P3C4+Nigericin / Nigericin","CCT8","P50990","P50990","TCPQ_HUMAN","T-complex protein 1 subunit theta","P50990_T71_M1_19","HexNAc (ST)",-0.36744217916515,0.611875725554705,0.237634172937021,6,"Not significant"
"P3C4+Nigericin / Nigericin","HSPA8","P11142","P11142","HSP7C_HUMAN","Heat shock cognate 71 kDa protein","P11142_T586_M1_19","HexNAc (ST)",-1.04522822735466,0.612915173869569,0.241395435709946,6,"Not significant"
"P3C4+Nigericin / Nigericin","MYO1B","O43795","O43795","MYO1B_HUMAN","Unconventional myosin-Ib","O43795_S145_M1_19","HexNAc (ST)",-0.685488509611992,0.613983989610372,0.245904169280732,6,"Not significant"
"P3C4+Nigericin / Nigericin","CHMP4B","Q9H444","Q9H444","CHM4B_HUMAN","Charged multivesicular body protein 4b","Q9H444_S87_M2_19","HexNAc (ST)",-3.82015659747152,0.614707912340692,0.248044467586086,6,"Not significant"
"P3C4+Nigericin / Nigericin","DNAJB14","Q8TBM8","Q8TBM8","DJB14_HUMAN","DnaJ homolog subfamily B member 14","Q8TBM8_S160_M1_19","HexNAc (ST)",-1.59911092230348,0.615374922168126,0.249904674482643,6,"Not significant"
"P3C4+Nigericin / Nigericin","PLOD3","O60568","O60568","PLOD3_HUMAN","Multifunctional procollagen lysine hydroxylase and glycosyltransferase LH3","O60568_S209_M1_19","HexNAc (ST)",-0.574474672822708,0.615411150436391,0.25002603062421,6,"Not significant"
"P3C4+Nigericin / Nigericin","ACTB","Cont_P60712;P60709","Cont_P60712;P60709","ACTB_BOVIN;ACTB_HUMAN","Actin, cytoplasmic 1;Actin, cytoplasmic 1","Cont_P60712_T106_M1_19","HexNAc (ST)",-0.884675912177023,0.615506271701736,0.250382109876854,6,"Not significant"
"P3C4+Nigericin / Nigericin","ACTB","Cont_P60712;P60709","Cont_P60712;P60709","ACTB_BOVIN;ACTB_HUMAN","Actin, cytoplasmic 1;Actin, cytoplasmic 1","P60709_T106_M1_19","HexNAc (ST)",-0.884675912177023,0.615506271701736,0.250382109876854,6,"Not significant"
"P3C4+Nigericin / Nigericin","TUBA4A","Cont_P81948;P68366","Cont_P81948;P68366","TBA4A_BOVIN;TBA4A_HUMAN","Tubulin alpha-4A chain","Cont_P81948_T73_M1_19","HexNAc (ST)",-0.368152563781492,0.615912410666364,0.251652570738973,6,"Not significant"
"P3C4+Nigericin / Nigericin","TUBA4A","Cont_P81948;P68366","Cont_P81948;P68366","TBA4A_BOVIN;TBA4A_HUMAN","Tubulin alpha-4A chain","P68366_T73_M1_19","HexNAc (ST)",-0.368152563781492,0.615912410666364,0.251652570738973,6,"Not significant"
"P3C4+Nigericin / Nigericin","MACROH2A1","O75367","O75367","H2AY_HUMAN","Core histone macro-H2A.1","O75367_S16_M1_19","HexNAc (ST)",-0.243561346460036,0.616057046220582,0.252151643140665,6,"Not significant"
"P3C4+Nigericin / Nigericin","PGAM1","P18669","P18669","PGAM1_HUMAN","Phosphoglycerate mutase 1","P18669_T159_M1_19","HexNAc (ST)",-0.847562803709807,0.616093503452852,0.252270417919563,6,"Not significant"
"P3C4+Nigericin / Nigericin","ACTN4","O43707","O43707","ACTN4_HUMAN","Alpha-actinin-4","O43707_T222_M1_19","HexNAc (ST)",0.89707505458858,0.61727442083217,0.255201894173146,6,"Not significant"
"P3C4+Nigericin / Nigericin","AHNAK","Q09666","Q09666","AHNK_HUMAN","Neuroblast differentiation-associated protein AHNAK","Q09666_S2670_M1_19","HexNAc (ST)",-0.316796506376125,0.618282823888461,0.25754231871445,6,"Not significant"
"P3C4+Nigericin / Nigericin","TMED10","P49755","P49755","TMEDA_HUMAN","Transmembrane emp24 domain-containing protein 10","P49755_T114_M1_19","HexNAc (ST)",-1.03628043379836,0.618522453905391,0.25802839569445,6,"Not significant"
"P3C4+Nigericin / Nigericin","S100A9","P06702","P06702","S10A9_HUMAN","Protein S100-A9","P06702_T31_M1_19","HexNAc (ST)",-1.22290683619767,0.619221748360544,0.259800182401123,6,"Not significant"
"P3C4+Nigericin / Nigericin","AHNAK","Q09666","Q09666","AHNK_HUMAN","Neuroblast differentiation-associated protein AHNAK","Q09666_S2205_M1_19","HexNAc (ST)",-0.327743609130329,0.619709766611885,0.261131810922771,6,"Not significant"
"P3C4+Nigericin / Nigericin","RAB4A","P20338","P20338","RAB4A_HUMAN","Ras-related protein Rab-4A","P20338_T69_M1_19","HexNAc (ST)",-0.42494797684279,0.619923207285292,0.26160069990632,6,"Not significant"
"P3C4+Nigericin / Nigericin","PPIA","P62937","P62937","PPIA_HUMAN","Peptidyl-prolyl cis-trans isomerase A","P62937_T73_M2_19","HexNAc (ST)",0.424393910812742,0.624603468127553,0.273196906016086,4,"Not significant"
"P3C4+Nigericin / Nigericin","ANXA6","P08133","P08133","ANXA6_HUMAN","Annexin A6","P08133_S49_M2_19","HexNAc (ST)",-0.404383074680471,0.624634224896654,0.273371984991494,5,"Not significant"
"P3C4+Nigericin / Nigericin","HPCAL1","P37235","P37235","HPCL1_HUMAN","Hippocalcin-like protein 1","P37235_S165_M2_19","HexNAc (ST)",-0.826811970078183,0.625187071404809,0.274668037160728,5,"Not significant"
"P3C4+Nigericin / Nigericin","IPMK","Q8NFU5","Q8NFU5","IPMK_HUMAN","Inositol polyphosphate multikinase","Q8NFU5_S229_M1_19","HexNAc (ST)",-0.607700721839672,0.625557107287102,0.275720499750656,6,"Not significant"
"P3C4+Nigericin / Nigericin","ATP5F1A","P25705","P25705","ATPA_HUMAN","ATP synthase subunit alpha, mitochondrial","P25705_S325_M1_19","HexNAc (ST)",-1.18018851916972,0.626261804240123,0.277729347306847,6,"Not significant"
"P3C4+Nigericin / Nigericin","RENBP","P51606","P51606","RENBP_HUMAN","N-acylglucosamine 2-epimerase","P51606_S230_M1_19","HexNAc (ST)",1.25817816207949,0.626780420287657,0.278988117114631,6,"Not significant"
"P3C4+Nigericin / Nigericin","RUNX2","Q13950","Q13950","RUNX2_HUMAN","Runt-related transcription factor 2","Q13950_T135_M1_19","HexNAc (ST)",-0.760245439950287,0.627023001762671,0.279367394689497,6,"Not significant"
"P3C4+Nigericin / Nigericin","CDC42","P60953","P60953","CDC42_HUMAN","Cell division control protein 42 homolog","P60953_T161_M1_19","HexNAc (ST)",-5.33284764104387,0.629104910449413,0.286006825216223,6,"Not significant"
"P3C4+Nigericin / Nigericin","AHNAK","Q09666","Q09666","AHNK_HUMAN","Neuroblast differentiation-associated protein AHNAK","Q09666_S1654_M1_19","HexNAc (ST)",-0.90868552397437,0.631050574066811,0.292028873032085,6,"Not significant"
"P3C4+Nigericin / Nigericin","AHNAK","Q09666","Q09666","AHNK_HUMAN","Neuroblast differentiation-associated protein AHNAK","Q09666_S1856_M1_19","HexNAc (ST)",-0.90868552397437,0.631050574066811,0.292028873032085,6,"Not significant"
"P3C4+Nigericin / Nigericin","AHNAK","Q09666","Q09666","AHNK_HUMAN","Neuroblast differentiation-associated protein AHNAK","Q09666_S1923_M1_19","HexNAc (ST)",-0.90868552397437,0.631050574066811,0.292028873032085,6,"Not significant"
"P3C4+Nigericin / Nigericin","AHNAK","Q09666","Q09666","AHNK_HUMAN","Neuroblast differentiation-associated protein AHNAK","Q09666_S2118_M1_19","HexNAc (ST)",-0.90868552397437,0.631050574066811,0.292028873032085,6,"Not significant"
"P3C4+Nigericin / Nigericin","PTRH1","Q86Y79","Q86Y79","PTH_HUMAN","Peptidyl-tRNA hydrolase","Q86Y79_S181_M1_19","HexNAc (ST)",-1.8194779301633,0.631117462571189,0.29219400090589,6,"Not significant"
"P3C4+Nigericin / Nigericin","H1-5","P16401","P16401","H15_HUMAN","Histone H1.5","P16401_S61_M1_19","HexNAc (ST)",-0.365924206218031,0.631233619431833,0.292429653903336,6,"Not significant"
"P3C4+Nigericin / Nigericin","TGFB1","P01137","P01137","TGFB1_HUMAN","Transforming growth factor beta-1 proprotein","P01137_S380_M1_19","HexNAc (ST)",0.354580975149446,0.632860964456771,0.296523380655621,6,"Not significant"
"P3C4+Nigericin / Nigericin","DNTTIP1","Q9H147","Q9H147","TDIF1_HUMAN","Deoxynucleotidyltransferase terminal-interacting protein 1","Q9H147_S217_M1_19","HexNAc (ST)",-0.762701917719086,0.633222061803749,0.297788659807181,6,"Not significant"
"P3C4+Nigericin / Nigericin","HNRNPCL2","B2RXH8","B2RXH8","HNRC2_HUMAN","Heterogeneous nuclear ribonucleoprotein C-like 2","B2RXH8_S196_M1_19","HexNAc (ST)",0.382800146144526,0.633972537254186,0.381244465349235,6,"Not significant"
"P3C4+Nigericin / Nigericin","BCKDK","O14874","O14874","BCKD_HUMAN","[3-methyl-2-oxobutanoate dehydrogenase [lipoamide]] kinase, mitochondrial","O14874_S90_M1_19","HexNAc (ST)",6.52924072493023,0.633972537254186,0.419450983389946,6,"Not significant"
"P3C4+Nigericin / Nigericin","SIPA1L3","O60292","O60292","SI1L3_HUMAN","Signal-induced proliferation-associated 1-like protein 3","O60292_S851_M2_19","HexNAc (ST)",0.531751573194615,0.633972537254186,0.407929451168314,6,"Not significant"
"P3C4+Nigericin / Nigericin","SIPA1L3","O60292","O60292","SI1L3_HUMAN","Signal-induced proliferation-associated 1-like protein 3","O60292_T850_M2_19","HexNAc (ST)",0.531751573194615,0.633972537254186,0.407929442501851,6,"Not significant"
"P3C4+Nigericin / Nigericin","CTSV","O60911","O60911","CATL2_HUMAN","Cathepsin L2","O60911_S142_M2_19","HexNAc (ST)",-5.31287637147039,0.633972537254186,0.425496221306144,6,"Not significant"
"P3C4+Nigericin / Nigericin","CDC123","O75794","O75794","CD123_HUMAN","Cell division cycle protein 123 homolog","O75794_T315_M1_19","HexNAc (ST)",8.32484926741449,0.633972537254186,0.422212925151153,6,"Not significant"
"P3C4+Nigericin / Nigericin","BCAS2","O75934","O75934","SPF27_HUMAN","Pre-mRNA-splicing factor SPF27","O75934_T4_M1_19","HexNAc (ST)",7.39596286326314,0.633972537254186,0.423489073188031,6,"Not significant"
"P3C4+Nigericin / Nigericin","CA2","P00918","P00918","CAH2_HUMAN","Carbonic anhydrase 2","P00918_S73_M1_19","HexNAc (ST)",-0.328528369154097,0.633972537254186,0.419889815059436,6,"Not significant"
"P3C4+Nigericin / Nigericin","ICAM1","P05362","P05362","ICAM1_HUMAN","Intercellular adhesion molecule 1","P05362_T341_M1_19","HexNAc (ST)",0.179658969735983,0.633972537254186,0.389227178016306,6,"Not significant"
"P3C4+Nigericin / Nigericin","GSN","P06396","P06396","GELS_HUMAN","Gelsolin","P06396_S537_M1_19","HexNAc (ST)",-0.417045034708086,0.633972537254186,0.333702352547463,6,"Not significant"
"P3C4+Nigericin / Nigericin","ENO1","P06733","P06733","ENOA_HUMAN","Alpha-enolase","P06733_S268_M2_19","HexNAc (ST)",-6.41241957306375,0.633972537254186,0.422524390830757,6,"Not significant"
"P3C4+Nigericin / Nigericin","GPI","P06744","P06744","G6PI_HUMAN","Glucose-6-phosphate isomerase","P06744_S532_M1_19","HexNAc (ST)",3.84073997338908,0.633972537254186,0.428429208098742,6,"Not significant"
"P3C4+Nigericin / Nigericin","NPM1","P06748","P06748","NPM_HUMAN","Nucleophosmin","P06748_S10_M1_19","HexNAc (ST)",1.26356442590551,0.633972537254186,0.299959791849421,6,"Not significant"
"P3C4+Nigericin / Nigericin","P4HB","P07237","P07237","PDIA1_HUMAN","Protein disulfide-isomerase","P07237_T244_M1_19","HexNAc (ST)",-0.340769063286243,0.633972537254186,0.38465927534922,6,"Not significant"
"P3C4+Nigericin / Nigericin","P4HB","P07237","P07237","PDIA1_HUMAN","Protein disulfide-isomerase","P07237_T296_M1_19","HexNAc (ST)",-0.254748823763041,0.633972537254186,0.352604499066205,4,"Not significant"
"P3C4+Nigericin / Nigericin","EPRS1","P07814","P07814","SYEP_HUMAN","Bifunctional glutamate/proline--tRNA ligase","P07814_T1110_M1_19","HexNAc (ST)",-5.14602092512936,0.633972537254186,0.426607327071224,5,"Not significant"
"P3C4+Nigericin / Nigericin","ANXA6","P08133","P08133","ANXA6_HUMAN","Annexin A6","P08133_S121_M1_19","HexNAc (ST)",-1.76792981350912,0.633972537254186,0.309913547058442,5,"Not significant"
"P3C4+Nigericin / Nigericin","VIM","P08670","P08670","VIME_HUMAN","Vimentin","P08670_S278_M1_19","HexNAc (ST)",0.988219367639484,0.633972537254186,0.413017537648409,6,"Not significant"
"P3C4+Nigericin / Nigericin","ENO2","P09104","P09104","ENOG_HUMAN","Gamma-enolase","P09104_S221_M1_19","HexNAc (ST)",-0.454067365042871,0.633972537254186,0.381465182700989,6,"Not significant"
"P3C4+Nigericin / Nigericin","H2AC11;H2AC12;H2AC14","P0C0S8;Q96KK5;Q99878","P0C0S8;Q96KK5;Q99878","H2A1_HUMAN;H2A1H_HUMAN;H2A1J_HUMAN","Histone H2A type 1;Histone H2A type 1-H;Histone H2A type 1-J","P0C0S8_T60_M1_19","HexNAc (ST)",-0.341381196718179,0.633972537254186,0.414267758387056,6,"Not significant"
"P3C4+Nigericin / Nigericin","H2AC11;H2AC12;H2AC14","P0C0S8;Q96KK5;Q99878","P0C0S8;Q96KK5;Q99878","H2A1_HUMAN;H2A1H_HUMAN;H2A1J_HUMAN","Histone H2A type 1;Histone H2A type 1-H;Histone H2A type 1-J","Q96KK5_T60_M1_19","HexNAc (ST)",-0.341381196718179,0.633972537254186,0.414267758387056,6,"Not significant"
"P3C4+Nigericin / Nigericin","H2AC11;H2AC12;H2AC14","P0C0S8;Q96KK5;Q99878","P0C0S8;Q96KK5;Q99878","H2A1_HUMAN;H2A1H_HUMAN;H2A1J_HUMAN","Histone H2A type 1;Histone H2A type 1-H;Histone H2A type 1-J","Q99878_T60_M1_19","HexNAc (ST)",-0.341381196718179,0.633972537254186,0.414267758387056,6,"Not significant"
"P3C4+Nigericin / Nigericin","HSPA5","P11021","P11021","BIP_HUMAN","Endoplasmic reticulum chaperone BiP","P11021_T184_M1_19","HexNAc (ST)",-0.205584368424898,0.633972537254186,0.397528362674853,6,"Not significant"
"P3C4+Nigericin / Nigericin","TOP1","P11387","P11387","TOP1_HUMAN","DNA topoisomerase 1","P11387_T258_M1_19","HexNAc (ST)",-6.80385598339623,0.633972537254186,0.422076039184773,5,"Not significant"
"P3C4+Nigericin / Nigericin","ACTN1","P12814","P12814","ACTN1_HUMAN","Alpha-actinin-1","P12814_T50_M1_19","HexNAc (ST)",-0.516262883624577,0.633972537254186,0.303999397180145,6,"Not significant"
"P3C4+Nigericin / Nigericin","LCP1","P13796","P13796","PLSL_HUMAN","Plastin-2","P13796_S323_M1_19","HexNAc (ST)",-0.592478617385925,0.633972537254186,0.376185397557032,6,"Not significant"
"P3C4+Nigericin / Nigericin","HSP90B1","P14625","P14625","ENPL_HUMAN","Endoplasmin","P14625_T155_M1_19","HexNAc (ST)",3.5409144518119,0.633972537254186,0.409868306478096,6,"Not significant"
"P3C4+Nigericin / Nigericin","CD44","P16070","P16070","CD44_HUMAN","CD44 antigen","P16070_S686_M1_19","HexNAc (ST)",8.54962494470753,0.633972537254186,0.422566315224004,6,"Not significant"
"P3C4+Nigericin / Nigericin","H2AX","P16104","P16104","H2AX_HUMAN","Histone H2AX","P16104_T102_M1_19","HexNAc (ST)",2.41233273003829,0.633972537254186,0.352440945411,6,"Not significant"
"P3C4+Nigericin / Nigericin","H1-3","P16402","P16402","H13_HUMAN","Histone H1.3","P16402_S56_M2_19","HexNAc (ST)",-7.2746688495567,0.633972537254186,0.422504618129497,5,"Not significant"
"P3C4+Nigericin / Nigericin","DDX5","P17844","P17844","DDX5_HUMAN","Probable ATP-dependent RNA helicase DDX5","P17844_T436_M2_19","HexNAc (ST)",7.63834235825527,0.633972537254186,0.421139148665234,6,"Not significant"
"P3C4+Nigericin / Nigericin","NCL","P19338","P19338","NUCL_HUMAN","Nucleolin","P19338_T305_M1_19","HexNAc (ST)",-8.75767331800073,0.633972537254186,0.422552695374641,6,"Not significant"
"P3C4+Nigericin / Nigericin","NCL","P19338","P19338","NUCL_HUMAN","Nucleolin","P19338_S532_M2_19","HexNAc (ST)",6.35861483492151,0.633972537254186,0.42250754053754,5,"Not significant"
"P3C4+Nigericin / Nigericin","NCF2","P19878","P19878","NCF2_HUMAN","Neutrophil cytosol factor 2","P19878_T233_M1_19","HexNAc (ST)",0.8707311387147,0.633972537254186,0.317657624591614,6,"Not significant"
"P3C4+Nigericin / Nigericin","MX2","P20592","P20592","MX2_HUMAN","Interferon-induced GTP-binding protein Mx2","P20592_T366_M1_19","HexNAc (ST)",-8.07040641191325,0.633972537254186,0.422843432965626,5,"Not significant"
"P3C4+Nigericin / Nigericin","M6PR","P20645","P20645","MPRD_HUMAN","Cation-dependent mannose-6-phosphate receptor","P20645_S42_M1_19","HexNAc (ST)",-4.65418808180654,0.633972537254186,0.422256958722856,6,"Not significant"
"P3C4+Nigericin / Nigericin","ITGAX","P20702","P20702","ITAX_HUMAN","Integrin alpha-X","P20702_S266_M1_19","HexNAc (ST)",-0.413137177301755,0.633972537254186,0.366608799884481,6,"Not significant"
"P3C4+Nigericin / Nigericin","VDAC1","P21796","P21796","VDAC1_HUMAN","Voltage-dependent anion-selective channel protein 1","P21796_T250_M2_19","HexNAc (ST)",5.1384608827671,0.633972537254186,0.419212226732691,6,"Not significant"
"P3C4+Nigericin / Nigericin","FBL","P22087","P22087","FBRL_HUMAN","rRNA 2'-O-methyltransferase fibrillarin","P22087_T298_M1_19","HexNAc (ST)",4.70276899296408,0.633972537254186,0.425684301209873,6,"Not significant"
"P3C4+Nigericin / Nigericin","CPT2","P23786","P23786","CPT2_HUMAN","Carnitine O-palmitoyltransferase 2, mitochondrial","P23786_S66_M1_19","HexNAc (ST)",-5.07058730484485,0.633972537254186,0.42682024172261,6,"Not significant"
"P3C4+Nigericin / Nigericin","APEX1","P27695","P27695","APEX1_HUMAN","DNA-(apurinic or apyrimidinic site) endonuclease","P27695_T61_M1_19","HexNAc (ST)",-1.64903077148926,0.633972537254186,0.332136219934425,5,"Not significant"
"P3C4+Nigericin / Nigericin","CALR","P27797","P27797","CALR_HUMAN","Calreticulin","P27797_T173_M2_19","HexNAc (ST)",0.566207551997901,0.633972537254186,0.317752140811219,5,"Not significant"
"P3C4+Nigericin / Nigericin","PRDX5","P30044","P30044","PRDX5_HUMAN","Peroxiredoxin-5, mitochondrial","P30044_S101_M2_19","HexNAc (ST)",-4.22782656025619,0.633972537254186,0.420036918317548,6,"Not significant"
"P3C4+Nigericin / Nigericin","PRDX5","P30044","P30044","PRDX5_HUMAN","Peroxiredoxin-5, mitochondrial","P30044_T97_M2_19","HexNAc (ST)",-4.22782656025619,0.633972537254186,0.420036918317548,6,"Not significant"
"P3C4+Nigericin / Nigericin","ACSL1","P33121","P33121","ACSL1_HUMAN","Long-chain-fatty-acid--CoA ligase 1","P33121_S247_M2_19","HexNAc (ST)",4.05870838526175,0.633972537254186,0.421949713536462,6,"Not significant"
"P3C4+Nigericin / Nigericin","ACSL1","P33121","P33121","ACSL1_HUMAN","Long-chain-fatty-acid--CoA ligase 1","P33121_T246_M2_19","HexNAc (ST)",4.05870838526175,0.633972537254186,0.421949713536462,6,"Not significant"
"P3C4+Nigericin / Nigericin","RBMX","P38159","P38159","RBMX_HUMAN","RNA-binding motif protein, X chromosome","P38159_S58_M2_19","HexNAc (ST)",-1.57930503262438,0.633972537254186,0.313168257189957,6,"Not significant"
"P3C4+Nigericin / Nigericin","RBMX","P38159","P38159","RBMX_HUMAN","RNA-binding motif protein, X chromosome","P38159_T55_M2_19","HexNAc (ST)",-1.57930503262438,0.633972537254186,0.313168257189957,6,"Not significant"
"P3C4+Nigericin / Nigericin","COL18A1","P39060","P39060","COIA1_HUMAN","Collagen alpha-1(XVIII) chain","P39060_S1377_M1_19","HexNAc (ST)",-5.46276594064465,0.633972537254186,0.427267830657241,6,"Not significant"
"P3C4+Nigericin / Nigericin","CAPG","P40121","P40121","CAPG_HUMAN","Macrophage-capping protein","P40121_S255_M2_19","HexNAc (ST)",0.393882752548511,0.633972537254186,0.367690780253631,6,"Not significant"
"P3C4+Nigericin / Nigericin","MATR3","P43243","P43243","MATR3_HUMAN","Matrin-3","P43243_T134_M1_19","HexNAc (ST)",0.549080225863862,0.633972537254186,0.401968252358846,6,"Not significant"
"P3C4+Nigericin / Nigericin","MAP1B","P46821","P46821","MAP1B_HUMAN","Microtubule-associated protein 1B","P46821_S1501_M2_19","HexNAc (ST)",0.386290898059653,0.633972537254186,0.358039219243131,6,"Not significant"
"P3C4+Nigericin / Nigericin","UQCRFS1","P47985","P47985","UCRI_HUMAN","Cytochrome b-c1 complex subunit Rieske, mitochondrial","P47985_S75_M2_19","HexNAc (ST)",-0.269886609774109,0.633972537254186,0.430904738685144,5,"Not significant"
"P3C4+Nigericin / Nigericin","CCT8","P50990","P50990","TCPQ_HUMAN","T-complex protein 1 subunit theta","P50990_S216_M1_19","HexNAc (ST)",-5.16100904936436,0.633972537254186,0.422321531986354,6,"Not significant"
"P3C4+Nigericin / Nigericin","IDH3G","P51553","P51553","IDH3G_HUMAN","Isocitrate dehydrogenase [NAD] subunit gamma, mitochondrial","P51553_S75_M1_19","HexNAc (ST)",-0.38707709412603,0.633972537254186,0.33134461729693,5,"Not significant"
"P3C4+Nigericin / Nigericin","MANF","P55145","P55145","MANF_HUMAN","Mesencephalic astrocyte-derived neurotrophic factor","P55145_T55_M1_19","HexNAc (ST)",8.81668615009023,0.633972537254186,0.422509725542087,6,"Not significant"
"P3C4+Nigericin / Nigericin","NAP1L1","P55209","P55209","NP1L1_HUMAN","Nucleosome assembly protein 1-like 1","P55209_T39_M1_19","HexNAc (ST)",-2.51579274664039,0.633972537254186,0.405559996673115,6,"Not significant"
"P3C4+Nigericin / Nigericin","ARPC4","P59998","P59998","ARPC4_HUMAN","Actin-related protein 2/3 complex subunit 4","P59998_S54_M1_19","HexNAc (ST)",-0.797456935774003,0.633972537254186,0.358159629524994,4,"Not significant"
"P3C4+Nigericin / Nigericin","MYL6","P60660","P60660","MYL6_HUMAN","Myosin light polypeptide 6","P60660_T85_M1_19","HexNAc (ST)",-0.325306577612171,0.633972537254186,0.428321133134598,6,"Not significant"
"P3C4+Nigericin / Nigericin","DSTN","P60981","P60981","DEST_HUMAN","Destrin","P60981_T65_M2_19","HexNAc (ST)",-0.518055117117675,0.633972537254186,0.36408903186557,6,"Not significant"
"P3C4+Nigericin / Nigericin","DSTN","P60981","P60981","DEST_HUMAN","Destrin","P60981_T63_M2_19","HexNAc (ST)",-0.518055117117675,0.633972537254186,0.36408903186557,6,"Not significant"
"P3C4+Nigericin / Nigericin","RAB5B","P61020","P61020","RAB5B_HUMAN","Ras-related protein Rab-5B","P61020_S184_M1_19","HexNAc (ST)",-1.12238707517541,0.633972537254186,0.421382288240747,6,"Not significant"
"P3C4+Nigericin / Nigericin","SUMO2","P61956","P61956","SUMO2_HUMAN","Small ubiquitin-related modifier 2","P61956_T12_M1_19","HexNAc (ST)",-3.50421325301713,0.633972537254186,0.412636569932695,6,"Not significant"
"P3C4+Nigericin / Nigericin","RPS8","P62241","P62241","RS8_HUMAN","Small ribosomal subunit protein eS8","P62241_T130_M1_19","HexNAc (ST)",-10.0287291760576,0.633972537254186,0.42228121021228,6,"Not significant"
"P3C4+Nigericin / Nigericin","RPS6","P62753","P62753","RS6_HUMAN","Small ribosomal subunit protein eS6","P62753_T128_M2_19","HexNAc (ST)",-7.63398656131876,0.633972537254186,0.422593644491557,6,"Not significant"
"P3C4+Nigericin / Nigericin","RPS28","P62857","P62857","RS28_HUMAN","Small ribosomal subunit protein eS28","P62857_S61_M1_19","HexNAc (ST)",-4.20028563409218,0.633972537254186,0.424887433539361,6,"Not significant"
"P3C4+Nigericin / Nigericin","RPL8","P62917","P62917","RL8_HUMAN","Large ribosomal subunit protein uL2","P62917_T135_M3_19","HexNAc (ST)",5.63970644557135,0.633972537254186,0.422168471034963,6,"Not significant"
"P3C4+Nigericin / Nigericin","VAMP2","P63027","P63027","VAMP2_HUMAN","Vesicle-associated membrane protein 2","P63027_T35_M1_19","HexNAc (ST)",-5.18369520298804,0.633972537254186,0.419551499998419,6,"Not significant"
"P3C4+Nigericin / Nigericin","PPP3R1","P63098","P63098","CANB1_HUMAN","Calcineurin subunit B type 1","P63098_S45_M1_19","HexNAc (ST)",0.603601128799389,0.633972537254186,0.42469435746997,6,"Not significant"
"P3C4+Nigericin / Nigericin","TUBB4B","P68371","P68371","TBB4B_HUMAN","Tubulin beta-4B chain","P68371_S172_M1_19","HexNAc (ST)",-1.26251261122125,0.633972537254186,0.365774398097861,5,"Not significant"
"P3C4+Nigericin / Nigericin","CLTC","Q00610","Q00610","CLH1_HUMAN","Clathrin heavy chain 1","Q00610_T339_M1_19","HexNAc (ST)",-4.20424361427809,0.633972537254186,0.41330008133791,6,"Not significant"
"P3C4+Nigericin / Nigericin","NOTCH2","Q04721","Q04721","NOTC2_HUMAN","Neurogenic locus notch homolog protein 2","Q04721_T696_M1_19","HexNAc (ST)",-0.137253223870925,0.633972537254186,0.344662375293407,6,"Not significant"
"P3C4+Nigericin / Nigericin","AHNAK","Q09666","Q09666","AHNK_HUMAN","Neuroblast differentiation-associated protein AHNAK","Q09666_S2926_M1_19","HexNAc (ST)",-7.08482131734075,0.633972537254186,0.423594447531054,6,"Not significant"
"P3C4+Nigericin / Nigericin","AHNAK","Q09666","Q09666","AHNK_HUMAN","Neuroblast differentiation-associated protein AHNAK","Q09666_S3182_M1_19","HexNAc (ST)",7.86755662130094,0.633972537254186,0.422037515919985,6,"Not significant"
"P3C4+Nigericin / Nigericin","AHNAK","Q09666","Q09666","AHNK_HUMAN","Neuroblast differentiation-associated protein AHNAK","Q09666_S3964_M1_19","HexNAc (ST)",7.86755662130094,0.633972537254186,0.422037515919985,6,"Not significant"
"P3C4+Nigericin / Nigericin","AHNAK","Q09666","Q09666","AHNK_HUMAN","Neuroblast differentiation-associated protein AHNAK","Q09666_T788_M2_19","HexNAc (ST)",1.20265171853455,0.633972537254186,0.426529617864485,6,"Not significant"
"P3C4+Nigericin / Nigericin","AHNAK","Q09666","Q09666","AHNK_HUMAN","Neuroblast differentiation-associated protein AHNAK","Q09666_T1472_M1_19","HexNAc (ST)",1.20912042495842,0.633972537254186,0.367477293886603,6,"Not significant"
"P3C4+Nigericin / Nigericin","AHNAK","Q09666","Q09666","AHNK_HUMAN","Neuroblast differentiation-associated protein AHNAK","Q09666_S4789_M2_19","HexNAc (ST)",-0.379184065506311,0.633972537254186,0.415685286882263,5,"Not significant"
"P3C4+Nigericin / Nigericin","STX3","Q13277","Q13277","STX3_HUMAN","Syntaxin-3","Q13277_S97_M1_19","HexNAc (ST)",-2.15224681734886,0.633972537254186,0.409769925927484,6,"Not significant"
"P3C4+Nigericin / Nigericin","UBE2V1","Q13404","Q13404","UB2V1_HUMAN","Ubiquitin-conjugating enzyme E2 variant 1","Q13404_S66_M1_19","HexNAc (ST)",2.33632883861982,0.633972537254186,0.341368910239995,6,"Not significant"
"P3C4+Nigericin / Nigericin","UBAP2L","Q14157","Q14157","UBP2L_HUMAN","Ubiquitin-associated protein 2-like","Q14157_S604_M1_19","HexNAc (ST)",-0.328673789476547,0.633972537254186,0.376172684675547,6,"Not significant"
"P3C4+Nigericin / Nigericin","FRG1","Q14331","Q14331","FRG1_HUMAN","Protein FRG1","Q14331_S121_M2_19","HexNAc (ST)",4.20152506667434,0.633972537254186,0.418176150237163,6,"Not significant"
"P3C4+Nigericin / Nigericin","FRG1","Q14331","Q14331","FRG1_HUMAN","Protein FRG1","Q14331_S111_M2_19","HexNAc (ST)",4.20152506667434,0.633972537254186,0.418176150237163,6,"Not significant"
"P3C4+Nigericin / Nigericin","TRIP10","Q15642","Q15642","CIP4_HUMAN","Cdc42-interacting protein 4","Q15642_S265_M1_19","HexNAc (ST)",5.19457163086492,0.633972537254186,0.422959221339047,6,"Not significant"
"P3C4+Nigericin / Nigericin","TRIP11","Q15643","Q15643","TRIPB_HUMAN","Thyroid receptor-interacting protein 11","Q15643_T1655_M1_19","HexNAc (ST)",8.41251576433829,0.633972537254186,0.422254182926813,6,"Not significant"
"P3C4+Nigericin / Nigericin","EIPR1","Q53HC9","Q53HC9","EIPR1_HUMAN","EARP and GARP complex-interacting protein 1","Q53HC9_S36_M2_19","HexNAc (ST)",0.66408459118911,0.633972537254186,0.333068569665294,6,"Not significant"
"P3C4+Nigericin / Nigericin","EIPR1","Q53HC9","Q53HC9","EIPR1_HUMAN","EARP and GARP complex-interacting protein 1","Q53HC9_T34_M2_19","HexNAc (ST)",0.66408459118911,0.633972537254186,0.333068569665294,6,"Not significant"
"P3C4+Nigericin / Nigericin","LYSMD2","Q8IV50","Q8IV50","LYSM2_HUMAN","LysM and putative peptidoglycan-binding domain-containing protein 2","Q8IV50_T80_M1_19","HexNAc (ST)",-0.781438042809739,0.633972537254186,0.434323569276259,6,"Not significant"
"P3C4+Nigericin / Nigericin","WDFY3","Q8IZQ1","Q8IZQ1","WDFY3_HUMAN","WD repeat and FYVE domain-containing protein 3","Q8IZQ1_S1980_M2_19","HexNAc (ST)",6.67764562993044,0.633972537254186,0.409829084596887,6,"Not significant"
"P3C4+Nigericin / Nigericin","NRGN","Q92686","Q92686","NEUG_HUMAN","Neurogranin","Q92686_T5_M2_19","HexNAc (ST)",2.10791229729344,0.633972537254186,0.402854591874599,6,"Not significant"
"P3C4+Nigericin / Nigericin","OSTF1","Q92882","Q92882","OSTF1_HUMAN","Osteoclast-stimulating factor 1","Q92882_S187_M1_19","HexNAc (ST)",1.67867826938822,0.633972537254186,0.380723744389515,6,"Not significant"
"P3C4+Nigericin / Nigericin","TAMM41","Q96BW9","Q96BW9","TAM41_HUMAN","Phosphatidate cytidylyltransferase, mitochondrial","Q96BW9_S218_M1_19","HexNAc (ST)",-4.38841775519113,0.633972537254186,0.399540035832861,6,"Not significant"
"P3C4+Nigericin / Nigericin","FUBP3","Q96I24","Q96I24","FUBP3_HUMAN","Far upstream element-binding protein 3","Q96I24_T192_M2_19","HexNAc (ST)",0.547906253900545,0.633972537254186,0.3695593117048,5,"Not significant"
"P3C4+Nigericin / Nigericin","AKAP9","Q99996","Q99996","AKAP9_HUMAN","A-kinase anchor protein 9","Q99996_T740_M1_19","HexNAc (ST)",1.60252269288001,0.633972537254186,0.392441543756981,6,"Not significant"
"P3C4+Nigericin / Nigericin","UTP14A","Q9BVJ6","Q9BVJ6","UT14A_HUMAN","U3 small nucleolar RNA-associated protein 14 homolog A","Q9BVJ6_T182_M2_19","HexNAc (ST)",-0.215090309209918,0.633972537254186,0.373112093867318,6,"Not significant"
"P3C4+Nigericin / Nigericin","UTP14A","Q9BVJ6","Q9BVJ6","UT14A_HUMAN","U3 small nucleolar RNA-associated protein 14 homolog A","Q9BVJ6_S176_M2_19","HexNAc (ST)",-0.215090309209918,0.633972537254186,0.373112093867318,6,"Not significant"
"P3C4+Nigericin / Nigericin","CHMP4B","Q9H444","Q9H444","CHM4B_HUMAN","Charged multivesicular body protein 4b","Q9H444_T21_M1_19","HexNAc (ST)",0.401780127110816,0.633972537254186,0.373596577081982,6,"Not significant"
"P3C4+Nigericin / Nigericin","SP140L","Q9H930","Q9H930","SP14L_HUMAN","Nuclear body protein SP140-like protein","Q9H930_T71_M1_19","HexNAc (ST)",-0.337646239970547,0.633972537254186,0.336466427782923,6,"Not significant"
"P3C4+Nigericin / Nigericin","GRPEL1","Q9HAV7","Q9HAV7","GRPE1_HUMAN","GrpE protein homolog 1, mitochondrial","Q9HAV7_T74_M1_19","HexNAc (ST)",0.623512753058163,0.633972537254186,0.306161324235416,6,"Not significant"
"P3C4+Nigericin / Nigericin","NHP2","Q9NX24","Q9NX24","NHP2_HUMAN","H/ACA ribonucleoprotein complex subunit 2","Q9NX24_S40_M1_19","HexNAc (ST)",0.21248951911093,0.633972537254186,0.311004487211338,5,"Not significant"
"P3C4+Nigericin / Nigericin","NHP2","Q9NX24","Q9NX24","NHP2_HUMAN","H/ACA ribonucleoprotein complex subunit 2","Q9NX24_S40_M2_19","HexNAc (ST)",-8.77126276352405,0.633972537254186,0.421970285531076,6,"Not significant"
"P3C4+Nigericin / Nigericin","STX8","Q9UNK0","Q9UNK0","STX8_HUMAN","Syntaxin-8","Q9UNK0_S96_M1_19","HexNAc (ST)",-0.710158564001603,0.633972537254186,0.400397678858103,6,"Not significant"
"P3C4+Nigericin / Nigericin","RTRAF","Q9Y224","Q9Y224","RTRAF_HUMAN","RNA transcription, translation and transport factor protein","Q9Y224_T175_M1_19","HexNAc (ST)",-3.62363562694552,0.633972537254186,0.427881767078363,6,"Not significant"
"P3C4+Nigericin / Nigericin","RUVBL2","Q9Y230","Q9Y230","RUVB2_HUMAN","RuvB-like 2","Q9Y230_T194_M1_19","HexNAc (ST)",-0.381389087853507,0.633972537254186,0.356267912191554,6,"Not significant"
"P3C4+Nigericin / Nigericin","NOP58","Q9Y2X3","Q9Y2X3","NOP58_HUMAN","Nucleolar protein 58","Q9Y2X3_T61_M2_19","HexNAc (ST)",-3.08886231564037,0.633972537254186,0.435165182498476,6,"Not significant"
"P3C4+Nigericin / Nigericin","NOP58","Q9Y2X3","Q9Y2X3","NOP58_HUMAN","Nucleolar protein 58","Q9Y2X3_T53_M2_19","HexNAc (ST)",-3.08886231564037,0.633972537254186,0.435165182498476,6,"Not significant"
"P3C4+Nigericin / Nigericin","NDUFB9","Q9Y6M9","Q9Y6M9","NDUB9_HUMAN","NADH dehydrogenase [ubiquinone] 1 beta subcomplex subunit 9","Q9Y6M9_T11_M2_19","HexNAc (ST)",-0.609314176918618,0.633972537254186,0.330601580410284,6,"Not significant"
"P3C4+Nigericin / Nigericin","NDUFB9","Q9Y6M9","Q9Y6M9","NDUB9_HUMAN","NADH dehydrogenase [ubiquinone] 1 beta subcomplex subunit 9","Q9Y6M9_S6_M2_19","HexNAc (ST)",-0.609314176918618,0.633972537254186,0.330601580410284,6,"Not significant"
"P3C4+Nigericin / Nigericin","SQOR","Q9Y6N5","Q9Y6N5","SQOR_HUMAN","Sulfide:quinone oxidoreductase, mitochondrial","Q9Y6N5_S299_M1_19","HexNAc (ST)",-0.651003812531747,0.633972537254186,0.302020290057413,5,"Not significant"
"P3C4+Nigericin / Nigericin","P4HB","P07237","P07237","PDIA1_HUMAN","Protein disulfide-isomerase","P07237_T101_M1_19","HexNAc (ST)",2.31392267241475,0.633972537254186,0.337063121929767,4,"Not significant"
"P3C4+Nigericin / Nigericin","GAA","P10253","P10253","LYAG_HUMAN","Lysosomal alpha-glucosidase","P10253_S142_M1_19","HexNAc (ST)",-0.956516345094517,0.633972537254186,0.429465170689809,4,"Not significant"
"P3C4+Nigericin / Nigericin","TPM4","P67936","P67936","TPM4_HUMAN","Tropomyosin alpha-4 chain","P67936_S87_M1_19","HexNAc (ST)",1.57111443451175,0.633972537254186,0.390646877440312,5,"Not significant"
"P3C4+Nigericin / Nigericin","PDIA6","Q15084","Q15084","PDIA6_HUMAN","Protein disulfide-isomerase A6","Q15084_S230_M1_19","HexNAc (ST)",-0.379011951690938,0.633972537254186,0.408200313978357,4,"Not significant"
"P3C4+Nigericin / Nigericin","PDIA6","Q15084","Q15084","PDIA6_HUMAN","Protein disulfide-isomerase A6","Q15084_T223_M2_19","HexNAc (ST)",0.602135096308073,0.633972537254186,0.334253057399841,4,"Not significant"
"P3C4+Nigericin / Nigericin","ACAT2","Q9BWD1","Q9BWD1","THIC_HUMAN","Acetyl-CoA acetyltransferase, cytosolic","Q9BWD1_T209_M1_19","HexNAc (ST)",5.84117711721308,0.633972537254186,0.423097188977984,5,"Not significant"
"P3C4+Nigericin / Nigericin","MYH9","P35579","P35579","MYH9_HUMAN","Myosin-9","P35579_S1677_M1_19","HexNAc (ST)",-3.01586630773114,0.634062789891408,0.436387495798854,6,"Not significant"
"P3C4+Nigericin / Nigericin","ACTBL2","Q562R1","Q562R1","ACTBL_HUMAN","Beta-actin-like protein 2","Q562R1_T107_M2_19","HexNAc (ST)",-0.287521776758058,0.634062789891408,0.436304163207376,6,"Not significant"
"P3C4+Nigericin / Nigericin","ACTBL2","Q562R1","Q562R1","ACTBL_HUMAN","Beta-actin-like protein 2","Q562R1_T90_M2_19","HexNAc (ST)",-0.287521776758058,0.634062789891408,0.436304163207376,6,"Not significant"
"P3C4+Nigericin / Nigericin","CAPZA1","P52907","P52907","CAZA1_HUMAN","F-actin-capping protein subunit alpha-1","P52907_S95_M1_19","HexNAc (ST)",-0.63192249008876,0.634128189222172,0.437911823128669,6,"Not significant"
"P3C4+Nigericin / Nigericin","QKI","Q96PU8","Q96PU8","QKI_HUMAN","KH domain-containing RNA-binding protein QKI","Q96PU8_T203_M1_19","HexNAc (ST)",-3.2422427016672,0.634128189222172,0.437540692744517,6,"Not significant"
"P3C4+Nigericin / Nigericin","HSPA5","P11021","P11021","BIP_HUMAN","Endoplasmic reticulum chaperone BiP","P11021_S571_M1_19","HexNAc (ST)",-0.600278005243356,0.634256019404079,0.438823672951516,6,"Not significant"
"P3C4+Nigericin / Nigericin","PDIA3","P30101","P30101","PDIA3_HUMAN","Protein disulfide-isomerase A3","P30101_T319_M2_19","HexNAc (ST)",-1.61988211884426,0.634456596132353,0.440179106927345,6,"Not significant"
"P3C4+Nigericin / Nigericin","HSPD1","P10809","P10809","CH60_HUMAN","60 kDa heat shock protein, mitochondrial","P10809_T206_M1_19","HexNAc (ST)",-2.4701366257035,0.634576940328851,0.441038349171664,6,"Not significant"
"P3C4+Nigericin / Nigericin","STX5","Q13190","Q13190","STX5_HUMAN","Syntaxin-5","Q13190_S320_M1_19","HexNAc (ST)",2.89129565577725,0.634707720353682,0.441810936330803,6,"Not significant"
"P3C4+Nigericin / Nigericin","PRPF8","Q6P2Q9","Q6P2Q9","PRP8_HUMAN","Pre-mRNA-processing-splicing factor 8","Q6P2Q9_T1841_M1_19","HexNAc (ST)",-0.630004431821392,0.634934666294273,0.443287440526626,6,"Not significant"
"P3C4+Nigericin / Nigericin","ATP6V1E1","P36543","P36543","VATE1_HUMAN","V-type proton ATPase subunit E 1","P36543_S73_M1_19","HexNAc (ST)",3.18183683583294,0.635373702205852,0.445447713468766,6,"Not significant"
"P3C4+Nigericin / Nigericin","RPL31","P62899","P62899","RL31_HUMAN","Large ribosomal subunit protein eL31","P62899_T26_M1_19","HexNAc (ST)",0.359891535115873,0.636107090854517,0.448231800073027,6,"Not significant"
"P3C4+Nigericin / Nigericin","PHB1","P35232","P35232","PHB1_HUMAN","Prohibitin 1","P35232_S218_M1_19","HexNAc (ST)",-0.477302014772127,0.636351572752973,0.449742484153513,4,"Not significant"
"P3C4+Nigericin / Nigericin","PTRH2","Q9Y3E5","Q9Y3E5","PTH2_HUMAN","Peptidyl-tRNA hydrolase 2, mitochondrial","Q9Y3E5_T125_M1_19","HexNAc (ST)",-2.09156798793091,0.636500681859869,0.450333467459956,6,"Not significant"
"P3C4+Nigericin / Nigericin","GAA","P10253","P10253","LYAG_HUMAN","Lysosomal alpha-glucosidase","P10253_S688_M2_19","HexNAc (ST)",-0.397303961712749,0.636628966401796,0.451033688699579,5,"Not significant"
"P3C4+Nigericin / Nigericin","LRRC8C","Q8TDW0","Q8TDW0","LRC8C_HUMAN","Volume-regulated anion channel subunit LRRC8C","Q8TDW0_T791_M1_19","HexNAc (ST)",3.30150512950772,0.639008000529692,0.460061780031361,5,"Not significant"
"P3C4+Nigericin / Nigericin","BASP1","P80723","P80723","BASP1_HUMAN","Brain acid soluble protein 1","P80723_S40_M1_19","HexNAc (ST)",-0.34262559715595,0.640008309570707,0.46375646757652,6,"Not significant"
"P3C4+Nigericin / Nigericin","ARHGAP45","Q92619","Q92619","HMHA1_HUMAN","Rho GTPase-activating protein 45","Q92619_T742_M1_19","HexNAc (ST)",-0.99216187705355,0.641119364471469,0.467788364189557,6,"Not significant"
"P3C4+Nigericin / Nigericin","TMPO","P42166","P42166","LAP2A_HUMAN","Lamina-associated polypeptide 2, isoform alpha","P42166_T12_M1_19","HexNAc (ST)",-0.908209791085314,0.641571399559909,0.469112794610352,6,"Not significant"
"P3C4+Nigericin / Nigericin","EIF4A1","P60842","P60842","IF4A1_HUMAN","Eukaryotic initiation factor 4A-I","P60842_S342_M2_19","HexNAc (ST)",1.58339250664425,0.64209531882616,0.470985058746138,5,"Not significant"
"P3C4+Nigericin / Nigericin","TAP1","Q03518","Q03518","TAP1_HUMAN","Antigen peptide transporter 1","Q03518_T376_M1_19","HexNAc (ST)",-0.322026250392285,0.642799194688392,0.473315283399891,5,"Not significant"
"P3C4+Nigericin / Nigericin","LYRM7","Q5U5X0","Q5U5X0","LYRM7_HUMAN","Complex III assembly factor LYRM7","Q5U5X0_T101_M1_19","HexNAc (ST)",-0.270136327634261,0.644206179215024,0.477749612230001,6,"Not significant"
"P3C4+Nigericin / Nigericin","HNRNPU","Q00839","Q00839","HNRPU_HUMAN","Heterogeneous nuclear ribonucleoprotein U","Q00839_S746_M1_19","HexNAc (ST)",-0.161668845351067,0.644501357279791,0.478731521082634,6,"Not significant"
"P3C4+Nigericin / Nigericin","PRSS1","Cont_P00760","Cont_P00760","TRY1_BOVIN","Serine protease 1","Cont_P00760_S181_M1_19","HexNAc (ST)",0.967067186713122,0.644696789200346,0.499267889985931,5,"Not significant"
"P3C4+Nigericin / Nigericin","HSPA8","P11142","P11142","HSP7C_HUMAN","Heat shock cognate 71 kDa protein","P11142_T125_M1_19","HexNAc (ST)",6.80801118227393,0.644696789200346,0.497700071183497,4,"Not significant"
"P3C4+Nigericin / Nigericin","EEF1G","P26641","P26641","EF1G_HUMAN","Elongation factor 1-gamma","P26641_T411_M2_19","HexNAc (ST)",-7.25726774733283,0.644696789200346,0.498344274784263,4,"Not significant"
"P3C4+Nigericin / Nigericin","TKT","P29401","P29401","TKT_HUMAN","Transketolase","P29401_S295_M2_19","HexNAc (ST)",-8.129786344604,0.644696789200346,0.500552578299637,5,"Not significant"
"P3C4+Nigericin / Nigericin","S100A11","P31949","P31949","S10AB_HUMAN","Protein S100-A11","P31949_S5_M1_19","HexNAc (ST)",-0.146741341715256,0.644696789200346,0.48170366736642,6,"Not significant"
"P3C4+Nigericin / Nigericin","HNRNPA3","P51991","P51991","ROA3_HUMAN","Heterogeneous nuclear ribonucleoprotein A3","P51991_T137_M1_19","HexNAc (ST)",-0.300172731427238,0.644696789200346,0.485792458057653,6,"Not significant"
"P3C4+Nigericin / Nigericin","RPL8","P62917","P62917","RL8_HUMAN","Large ribosomal subunit protein uL2","P62917_S138_M3_19","HexNAc (ST)",6.21304138985836,0.644696789200346,0.500340507917721,5,"Not significant"
"P3C4+Nigericin / Nigericin","CLTC","Q00610","Q00610","CLH1_HUMAN","Clathrin heavy chain 1","Q00610_S460_M1_19","HexNAc (ST)",-1.03423845816048,0.644696789200346,0.482333019494418,6,"Not significant"
"P3C4+Nigericin / Nigericin","TRIM28","Q13263","Q13263","TIF1B_HUMAN","Transcription intermediary factor 1-beta","Q13263_S756_M2_19","HexNAc (ST)",7.53502484322258,0.644696789200346,0.500292890089865,5,"Not significant"
"P3C4+Nigericin / Nigericin","NOLC1","Q14978","Q14978","NOLC1_HUMAN","Nucleolar and coiled-body phosphoprotein 1","Q14978_T610_M1_19","HexNAc (ST)",1.00600199628295,0.644696789200346,0.489451811751019,5,"Not significant"
"P3C4+Nigericin / Nigericin","TAF15","Q92804","Q92804","RBP56_HUMAN","TATA-binding protein-associated factor 2N","Q92804_T279_M1_19","HexNAc (ST)",-0.473262592331517,0.644696789200346,0.49181443959737,5,"Not significant"
"P3C4+Nigericin / Nigericin","NACC1","Q96RE7","Q96RE7","NACC1_HUMAN","Nucleus accumbens-associated protein 1","Q96RE7_S342_M1_19","HexNAc (ST)",-0.481914310276906,0.644696789200346,0.491311887389259,6,"Not significant"
"P3C4+Nigericin / Nigericin","NT5DC2","Q9H857","Q9H857","NT5D2_HUMAN","5'-nucleotidase domain-containing protein 2","Q9H857_T305_M1_19","HexNAc (ST)",9.66169687815538,0.644696789200346,0.50013610997862,4,"Not significant"
"P3C4+Nigericin / Nigericin","TOMM22","Q9NS69","Q9NS69","TOM22_HUMAN","Mitochondrial import receptor subunit TOM22 homolog","Q9NS69_S128_M2_19","HexNAc (ST)",5.64444090970713,0.644696789200346,0.498438450005232,5,"Not significant"
"P3C4+Nigericin / Nigericin","NaN","Cont_P02081","Cont_P02081","HBBF_BOVIN","Hemoglobin fetal subunit beta","Cont_P02081_S12_M2_19","HexNAc (ST)",-0.211159532407865,0.644834817785193,0.504779724849709,6,"Not significant"
"P3C4+Nigericin / Nigericin","NaN","Cont_P02081","Cont_P02081","HBBF_BOVIN","Hemoglobin fetal subunit beta","Cont_P02081_T11_M2_19","HexNAc (ST)",-0.211159532407865,0.644834817785193,0.504779724849709,6,"Not significant"
"P3C4+Nigericin / Nigericin","STIP1","P31948","P31948","STIP1_HUMAN","Stress-induced-phosphoprotein 1","P31948_T405_M1_19","HexNAc (ST)",-1.05169297448024,0.64565583105585,0.509165769857072,5,"Not significant"
"P3C4+Nigericin / Nigericin","PSMC3","P17980","P17980","PRS6A_HUMAN","26S proteasome regulatory subunit 6A","P17980_T247_M1_19","HexNAc (ST)",1.23467738482022,0.646307338831803,0.51153736709553,6,"Not significant"
"P3C4+Nigericin / Nigericin","ERP44","Q9BS26","Q9BS26","ERP44_HUMAN","Endoplasmic reticulum resident protein 44","Q9BS26_S353_M1_19","HexNAc (ST)",-0.218678917644573,0.646689932422354,0.513071599200306,6,"Not significant"
"P3C4+Nigericin / Nigericin","ZYX","Q15942","Q15942","ZYX_HUMAN","Zyxin","Q15942_T469_M2_19","HexNAc (ST)",0.25945502756971,0.647893697685797,0.517500059695128,6,"Not significant"
"P3C4+Nigericin / Nigericin","UTRN","P46939","P46939","UTRN_HUMAN","Utrophin","P46939_S1278_M1_19","HexNAc (ST)",0.740360398289464,0.648093558661764,0.518077682491869,4,"Not significant"
"P3C4+Nigericin / Nigericin","TUBB4B","P68371","P68371","TBB4B_HUMAN","Tubulin beta-4B chain","P68371_S322_M1_19","HexNAc (ST)",-0.284929878985352,0.650312686811358,0.525612122994099,6,"Not significant"
"P3C4+Nigericin / Nigericin","CPD","O75976","O75976","CBPD_HUMAN","Carboxypeptidase D","O75976_S628_M1_19","HexNAc (ST)",-0.695189603482946,0.650741426851436,0.526653085760111,5,"Not significant"
"P3C4+Nigericin / Nigericin","RHOC","P08134","P08134","RHOC_HUMAN","Rho-related GTP-binding protein RhoC","P08134_T100_M1_19","HexNAc (ST)",-0.241875168491874,0.651361324816044,0.528515986010771,6,"Not significant"
"P3C4+Nigericin / Nigericin","AHNAK","Q09666","Q09666","AHNK_HUMAN","Neuroblast differentiation-associated protein AHNAK","Q09666_S758_M1_19","HexNAc (ST)",-0.230234641307646,0.653855546038465,0.535704009259094,6,"Not significant"
"P3C4+Nigericin / Nigericin","HSPA1A;HSPA1B","P0DMV8;P0DMV9","P0DMV8;P0DMV9","HS71A_HUMAN;HS71B_HUMAN","Heat shock 70 kDa protein 1A;Heat shock 70 kDa protein 1B","P0DMV8_S537_M1_19","HexNAc (ST)",-0.27086163993183,0.653913855874266,0.535929715366122,6,"Not significant"
"P3C4+Nigericin / Nigericin","HSPA1A;HSPA1B","P0DMV8;P0DMV9","P0DMV8;P0DMV9","HS71A_HUMAN;HS71B_HUMAN","Heat shock 70 kDa protein 1A;Heat shock 70 kDa protein 1B","P0DMV9_S537_M1_19","HexNAc (ST)",-0.27086163993183,0.653913855874266,0.535929715366122,6,"Not significant"
"P3C4+Nigericin / Nigericin","AARS1","P49588","P49588","SYAC_HUMAN","Alanine--tRNA ligase, cytoplasmic","P49588_T804_M1_19","HexNAc (ST)",1.64246349274585,0.653961701210904,0.536076931151948,6,"Not significant"
"P3C4+Nigericin / Nigericin","AHNAK","Q09666","Q09666","AHNK_HUMAN","Neuroblast differentiation-associated protein AHNAK","Q09666_S886_M1_19","HexNAc (ST)",-0.365011688159051,0.654123815742627,0.536731340002506,6,"Not significant"
"P3C4+Nigericin / Nigericin","AHNAK","Q09666","Q09666","AHNK_HUMAN","Neuroblast differentiation-associated protein AHNAK","Q09666_S1721_M1_19","HexNAc (ST)",-0.365011688159051,0.654123815742627,0.536731340002506,6,"Not significant"
"P3C4+Nigericin / Nigericin","AHNAK","Q09666","Q09666","AHNK_HUMAN","Neuroblast differentiation-associated protein AHNAK","Q09666_S2057_M1_19","HexNAc (ST)",-0.365011688159051,0.654123815742627,0.536731340002506,6,"Not significant"
"P3C4+Nigericin / Nigericin","AHNAK","Q09666","Q09666","AHNK_HUMAN","Neuroblast differentiation-associated protein AHNAK","Q09666_S2519_M1_19","HexNAc (ST)",-0.365011688159051,0.654123815742627,0.536731340002506,6,"Not significant"
"P3C4+Nigericin / Nigericin","AHNAK","Q09666","Q09666","AHNK_HUMAN","Neuroblast differentiation-associated protein AHNAK","Q09666_S2903_M1_19","HexNAc (ST)",-0.365011688159051,0.654123815742627,0.536731340002506,6,"Not significant"
"P3C4+Nigericin / Nigericin","DPYSL2","Q16555","Q16555","DPYL2_HUMAN","Dihydropyrimidinase-related protein 2","Q16555_S421_M3_19","HexNAc (ST)",0.505862917263558,0.655005158196122,0.539440945891706,5,"Not significant"
"P3C4+Nigericin / Nigericin","DPYSL2","Q16555","Q16555","DPYL2_HUMAN","Dihydropyrimidinase-related protein 2","Q16555_T419_M3_19","HexNAc (ST)",0.505862917263558,0.655005158196122,0.539440925787257,5,"Not significant"
"P3C4+Nigericin / Nigericin","PRSS1","Cont_P00760","Cont_P00760","TRY1_BOVIN","Serine protease 1","Cont_P00760_S169_M2_19","HexNAc (ST)",0.913640813164787,0.655175606106403,0.540003916110763,6,"Not significant"
"P3C4+Nigericin / Nigericin","SHMT2","P34897","P34897","GLYM_HUMAN","Serine hydroxymethyltransferase, mitochondrial","P34897_S90_M1_19","HexNAc (ST)",-1.89780198221677,0.655743378657821,0.541584219336314,6,"Not significant"
"P3C4+Nigericin / Nigericin","HSPA8","P11142","P11142","HSP7C_HUMAN","Heat shock cognate 71 kDa protein","P11142_S85_M1_19","HexNAc (ST)",1.08165572264122,0.65597317791797,0.542327360224542,6,"Not significant"
"P3C4+Nigericin / Nigericin","MED17","Q9NVC6","Q9NVC6","MED17_HUMAN","Mediator of RNA polymerase II transcription subunit 17","Q9NVC6_S152_M1_19","HexNAc (ST)",-0.267805442709434,0.656035518184528,0.542474577613048,6,"Not significant"
"P3C4+Nigericin / Nigericin","RAB8A","P61006","P61006","RAB8A_HUMAN","Ras-related protein Rab-8A","P61006_S111_M1_19","HexNAc (ST)",-0.268078011553563,0.656285024017223,0.54320657699132,6,"Not significant"
"P3C4+Nigericin / Nigericin","HSP90B1","P14625","P14625","ENPL_HUMAN","Endoplasmin","P14625_S607_M1_19","HexNAc (ST)",-0.268090893510751,0.656297997415717,0.543281066318562,6,"Not significant"
"P3C4+Nigericin / Nigericin","AHNAK","Q09666","Q09666","AHNK_HUMAN","Neuroblast differentiation-associated protein AHNAK","Q09666_S5214_M1_19","HexNAc (ST)",-0.855862165062633,0.656669214841197,0.544319478201978,6,"Not significant"
"P3C4+Nigericin / Nigericin","AK2","P54819","P54819","KAD2_HUMAN","Adenylate kinase 2, mitochondrial","P54819_S228_M1_19","HexNAc (ST)",-1.93019913148063,0.657735685810816,0.547386503001618,4,"Not significant"
"P3C4+Nigericin / Nigericin","STK10","O94804","O94804","STK10_HUMAN","Serine/threonine-protein kinase 10","O94804_T58_M1_19","HexNAc (ST)",0.448809981504208,0.65942680859232,0.552640072059524,6,"Not significant"
"P3C4+Nigericin / Nigericin","AHNAK","Q09666","Q09666","AHNK_HUMAN","Neuroblast differentiation-associated protein AHNAK","Q09666_S1542_M1_19","HexNAc (ST)",0.732867919716717,0.66117773772355,0.557839621516209,6,"Not significant"
"P3C4+Nigericin / Nigericin","TMSB10","P63313","P63313","TYB10_HUMAN","Thymosin beta-10","P63313_T28_M1_19","HexNAc (ST)",0.265687697554201,0.661956257931993,0.560214999824327,6,"Not significant"
"P3C4+Nigericin / Nigericin","SPRY2","O43597","O43597","SPY2_HUMAN","Protein sprouty homolog 2","O43597_S167_M1_19","HexNAc (ST)",-0.25321622516334,0.664077452218654,0.566686725557225,6,"Not significant"
"P3C4+Nigericin / Nigericin","SERPINB8","P50452","P50452","SPB8_HUMAN","Serpin B8","P50452_S276_M1_19","HexNAc (ST)",-0.845570178287347,0.665647574526573,0.571527835460438,6,"Not significant"
"P3C4+Nigericin / Nigericin","KRT14","Cont_P02533;P02533","Cont_P02533;P02533","K1C14_HUMAN","Keratin, type I cytoskeletal 14;Keratin, type I cytoskeletal 14","Cont_P02533_T310_M2_19","HexNAc (ST)",0.671977532408472,0.666464537635202,0.573863757661947,6,"Not significant"
"P3C4+Nigericin / Nigericin","KRT14","Cont_P02533;P02533","Cont_P02533;P02533","K1C14_HUMAN","Keratin, type I cytoskeletal 14;Keratin, type I cytoskeletal 14","Cont_P02533_T308_M2_19","HexNAc (ST)",0.671977532408472,0.666464537635202,0.573863757661947,6,"Not significant"
"P3C4+Nigericin / Nigericin","KRT14","Cont_P02533;P02533","Cont_P02533;P02533","K1C14_HUMAN","Keratin, type I cytoskeletal 14;Keratin, type I cytoskeletal 14","P02533_T310_M2_19","HexNAc (ST)",0.671977532408472,0.666464537635202,0.573863757661947,6,"Not significant"
"P3C4+Nigericin / Nigericin","KRT14","Cont_P02533;P02533","Cont_P02533;P02533","K1C14_HUMAN","Keratin, type I cytoskeletal 14;Keratin, type I cytoskeletal 14","P02533_T308_M2_19","HexNAc (ST)",0.671977532408472,0.666464537635202,0.573863757661947,6,"Not significant"
"P3C4+Nigericin / Nigericin","PNN","Q9H307","Q9H307","PININ_HUMAN","Pinin","Q9H307_T204_M1_19","HexNAc (ST)",0.73744754840327,0.666889262913149,0.575295624737576,6,"Not significant"
"P3C4+Nigericin / Nigericin","HSPA5","P11021","P11021","BIP_HUMAN","Endoplasmic reticulum chaperone BiP","P11021_T137_M1_19","HexNAc (ST)",-0.565906470419392,0.668427768174705,0.580064596461604,6,"Not significant"
"P3C4+Nigericin / Nigericin","HSPA9","P38646","P38646","GRP75_HUMAN","Stress-70 protein, mitochondrial","P38646_T224_M2_19","HexNAc (ST)",-0.671120249537132,0.669255138892059,0.58271825480942,6,"Not significant"
"P3C4+Nigericin / Nigericin","HSPA9","P38646","P38646","GRP75_HUMAN","Stress-70 protein, mitochondrial","P38646_S212_M2_19","HexNAc (ST)",-0.671120249537132,0.669255138892059,0.58271825480942,6,"Not significant"
"P3C4+Nigericin / Nigericin","SCP2","P22307","P22307","SCP2_HUMAN","Sterol carrier protein 2","P22307_T526_M1_19","HexNAc (ST)",-0.200564455675493,0.669873667636773,0.584431659193002,6,"Not significant"
"P3C4+Nigericin / Nigericin","ACTN4","O43707","O43707","ACTN4_HUMAN","Alpha-actinin-4","O43707_T519_M1_19","HexNAc (ST)",0.286799147977561,0.669882508577934,0.584485971971431,6,"Not significant"
"P3C4+Nigericin / Nigericin","PRKCSH","P14314","P14314","GLU2B_HUMAN","Glucosidase 2 subunit beta","P14314_S168_M1_19","HexNAc (ST)",-0.0856484924377411,0.669972875055303,0.584758210547194,6,"Not significant"
"P3C4+Nigericin / Nigericin","NF2","P35240","P35240","MERL_HUMAN","Merlin","P35240_S444_M1_19","HexNAc (ST)",-0.178235978545299,0.670576819642806,0.586691570768884,6,"Not significant"
"P3C4+Nigericin / Nigericin","HSPA5","P11021","P11021","BIP_HUMAN","Endoplasmic reticulum chaperone BiP","P11021_T366_M2_19","HexNAc (ST)",-0.551274355928812,0.67100230384384,0.587891185479176,5,"Not significant"
"P3C4+Nigericin / Nigericin","H4C1","P62805","P62805","H4_HUMAN","Histone H4","P62805_T83_M2_19","HexNAc (ST)",0.409436494518878,0.67104867988,0.588033696534616,6,"Not significant"
"P3C4+Nigericin / Nigericin","H4C1","P62805","P62805","H4_HUMAN","Histone H4","P62805_T81_M2_19","HexNAc (ST)",0.409436494518878,0.67104867988,0.588033696534616,6,"Not significant"
"P3C4+Nigericin / Nigericin","PDIA3","P30101","P30101","PDIA3_HUMAN","Protein disulfide-isomerase A3","P30101_S424_M1_19","HexNAc (ST)",0.370268750145729,0.671331417313411,0.588895171809189,6,"Not significant"
"P3C4+Nigericin / Nigericin","H2BC21","Q16778","Q16778","H2B2E_HUMAN","Histone H2B type 2-E","Q16778_S39_M2_19","HexNAc (ST)",0.896263909909185,0.671801335395254,0.590472057965232,6,"Not significant"
"P3C4+Nigericin / Nigericin","H2BC21","Q16778","Q16778","H2B2E_HUMAN","Histone H2B type 2-E","Q16778_S37_M2_19","HexNAc (ST)",0.896263909909185,0.671801335395254,0.590472057965232,6,"Not significant"
"P3C4+Nigericin / Nigericin","TEP1","Q99973","Q99973","TEP1_HUMAN","Telomerase protein component 1","Q99973_S1926_M3_19","HexNAc (ST)",0.0869942174608297,0.672343481039731,0.592109735117341,4,"Not significant"
"P3C4+Nigericin / Nigericin","ARHGAP18","Q8N392","Q8N392","RHG18_HUMAN","Rho GTPase-activating protein 18","Q8N392_T327_M1_19","HexNAc (ST)",-0.507436844200019,0.674044638259159,0.597415535007518,6,"Not significant"
"P3C4+Nigericin / Nigericin","EEPD1","Q7L9B9","Q7L9B9","EEPD1_HUMAN","Endonuclease/exonuclease/phosphatase family domain-containing protein 1","Q7L9B9_S84_M2_19","HexNAc (ST)",0.443510994807693,0.676185283641125,0.603427340838915,4,"Not significant"
"P3C4+Nigericin / Nigericin","ING1","Q9UK53","Q9UK53","ING1_HUMAN","Inhibitor of growth protein 1","Q9UK53_S236_M2_19","HexNAc (ST)",-0.57182346221672,0.677245668343969,0.606515947370401,6,"Not significant"
"P3C4+Nigericin / Nigericin","ING1","Q9UK53","Q9UK53","ING1_HUMAN","Inhibitor of growth protein 1","Q9UK53_S224_M2_19","HexNAc (ST)",-0.57182346221672,0.677245668343969,0.606515947370401,6,"Not significant"
"P3C4+Nigericin / Nigericin","RNH1","P13489","P13489","RINI_HUMAN","Ribonuclease inhibitor","P13489_S50_M1_19","HexNAc (ST)",0.335620009312185,0.678099943347334,0.609091452080691,6,"Not significant"
"P3C4+Nigericin / Nigericin","HLA-A","P04439","P04439","HLAA_HUMAN","HLA class I histocompatibility antigen, A alpha chain","P04439_S275_M1_19","HexNAc (ST)",-0.160865006362333,0.679397799227163,0.61314308796213,6,"Not significant"
"P3C4+Nigericin / Nigericin","NCL","P19338","P19338","NUCL_HUMAN","Nucleolin","P19338_S619_M1_19","HexNAc (ST)",1.32797451349364,0.679451031214138,0.613358635132243,6,"Not significant"
"P3C4+Nigericin / Nigericin","GRPEL1","Q9HAV7","Q9HAV7","GRPE1_HUMAN","GrpE protein homolog 1, mitochondrial","Q9HAV7_T147_M2_19","HexNAc (ST)",-0.432884696373624,0.679497602928829,0.613553599981733,6,"Not significant"
"P3C4+Nigericin / Nigericin","VIM","P08670","P08670","VIME_HUMAN","Vimentin","P08670_S205_M1_19","HexNAc (ST)",0.638912505616447,0.679641053130698,0.614016593029585,6,"Not significant"
"P3C4+Nigericin / Nigericin","ALDOA","P04075","P04075","ALDOA_HUMAN","Fructose-bisphosphate aldolase A","P04075_S160_M1_19","HexNAc (ST)",-0.180053683338582,0.680046356857213,0.615196361594045,6,"Not significant"
"P3C4+Nigericin / Nigericin","PTCD1","O75127","O75127","PTCD1_HUMAN","Pentatricopeptide repeat-containing protein 1, mitochondrial","O75127_T576_M1_19","HexNAc (ST)",-0.270935424724991,0.682183114298484,0.621552115143733,6,"Not significant"
"P3C4+Nigericin / Nigericin","PDIA3","P30101","P30101","PDIA3_HUMAN","Protein disulfide-isomerase A3","P30101_S44_M1_19","HexNAc (ST)",0.374147118234045,0.682822389243415,0.623388608364967,4,"Not significant"
"P3C4+Nigericin / Nigericin","ACTR3B","Q9P1U1","Q9P1U1","ARP3B_HUMAN","Actin-related protein 3B","Q9P1U1_T74_M1_19","HexNAc (ST)",-1.23701972743484,0.684214734731119,0.62758649950099,6,"Not significant"
"P3C4+Nigericin / Nigericin","RNASET2","O00584","O00584","RNT2_HUMAN","Ribonuclease T2","O00584_S103_M1_19","HexNAc (ST)",-0.357516477220234,0.685112845757856,0.630379698549182,6,"Not significant"
"P3C4+Nigericin / Nigericin","CAP1","Q01518","Q01518","CAP1_HUMAN","Adenylyl cyclase-associated protein 1","Q01518_S338_M2_19","HexNAc (ST)",0.378543884261841,0.685674782330599,0.632118530018274,5,"Not significant"
"P3C4+Nigericin / Nigericin","MYH9","P35579","P35579","MYH9_HUMAN","Myosin-9","P35579_T1313_M1_19","HexNAc (ST)",-1.24751715574546,0.686101713602546,0.633594536904967,6,"Not significant"
"P3C4+Nigericin / Nigericin","RPL26","P61254","P61254","RL26_HUMAN","Large ribosomal subunit protein uL24","P61254_S46_M1_19","HexNAc (ST)",-0.179269214196199,0.688670500156032,0.641959712047579,6,"Not significant"
"P3C4+Nigericin / Nigericin","VDAC3","Q9Y277","Q9Y277","VDAC3_HUMAN","Voltage-dependent anion-selective channel protein 3","Q9Y277_T72_M1_19","HexNAc (ST)",-1.18979082394764,0.689152518065685,0.643695208934296,5,"Not significant"
"P3C4+Nigericin / Nigericin","CS","O75390","O75390","CISY_HUMAN","Citrate synthase, mitochondrial","O75390_S97_M2_19","HexNAc (ST)",-0.749765011027422,0.690923789136744,0.649059568250669,5,"Not significant"
"P3C4+Nigericin / Nigericin","VAPA","Q9P0L0","Q9P0L0","VAPA_HUMAN","Vesicle-associated membrane protein-associated protein A","Q9P0L0_T35_M1_19","HexNAc (ST)",-0.659694507251695,0.691709667956425,0.651342089054273,6,"Not significant"
"P3C4+Nigericin / Nigericin","GAPDH","P04406","P04406","G3P_HUMAN","Glyceraldehyde-3-phosphate dehydrogenase","P04406_T211_M2_19","HexNAc (ST)",-0.285397167554175,0.69250096269021,0.653827107603499,6,"Not significant"
"P3C4+Nigericin / Nigericin","GAPDH","P04406","P04406","G3P_HUMAN","Glyceraldehyde-3-phosphate dehydrogenase","P04406_S210_M2_19","HexNAc (ST)",-0.285397167554175,0.69250096269021,0.653827107603499,6,"Not significant"
"P3C4+Nigericin / Nigericin","AHNAK","Q09666","Q09666","AHNK_HUMAN","Neuroblast differentiation-associated protein AHNAK","Q09666_T490_M1_19","HexNAc (ST)",-0.134031664185014,0.692978771723305,0.655164189374392,6,"Not significant"
"P3C4+Nigericin / Nigericin","CCT8","P50990","P50990","TCPQ_HUMAN","T-complex protein 1 subunit theta","P50990_S150_M1_19","HexNAc (ST)",-0.516825671177461,0.693114953510282,0.655533985734648,6,"Not significant"
"P3C4+Nigericin / Nigericin","MSN","P26038","P26038","MOES_HUMAN","Moesin","P26038_S440_M1_19","HexNAc (ST)",0.32817128398928,0.695689471882658,0.663800813031241,6,"Not significant"
"P3C4+Nigericin / Nigericin","TMSB4X","P62328","P62328","TYB4_HUMAN","Thymosin beta-4","P62328_S16_M1_19","HexNAc (ST)",0.699218805279681,0.696683597366303,0.667103019196673,6,"Not significant"
"P3C4+Nigericin / Nigericin","RSF1","Q96T23","Q96T23","RSF1_HUMAN","Remodeling and spacing factor 1","Q96T23_T506_M2_19","HexNAc (ST)",-0.878737862273953,0.698967147424949,0.67446744864944,6,"Not significant"
"P3C4+Nigericin / Nigericin","RSF1","Q96T23","Q96T23","RSF1_HUMAN","Remodeling and spacing factor 1","Q96T23_T499_M2_19","HexNAc (ST)",-0.878737862273953,0.698967147424949,0.67446744864944,6,"Not significant"
"P3C4+Nigericin / Nigericin","SRRT","Q9BXP5","Q9BXP5","SRRT_HUMAN","Serrate RNA effector molecule homolog","Q9BXP5_S284_M1_19","HexNAc (ST)",0.57651085647392,0.699502393656741,0.676301567814581,6,"Not significant"
"P3C4+Nigericin / Nigericin","HSPE1","P61604","P61604","CH10_HUMAN","10 kDa heat shock protein, mitochondrial","P61604_T79_M1_19","HexNAc (ST)",-0.488372386743673,0.699529298095361,0.676356469622819,6,"Not significant"
"P3C4+Nigericin / Nigericin","P4HB","P07237","P07237","PDIA1_HUMAN","Protein disulfide-isomerase","P07237_T413_M1_19","HexNAc (ST)",-0.11588954727275,0.70027089345855,0.678714593157553,6,"Not significant"
"P3C4+Nigericin / Nigericin","ATP1A1","P05023","P05023","AT1A1_HUMAN","Sodium/potassium-transporting ATPase subunit alpha-1","P05023_S675_M2_19","HexNAc (ST)",0.19981322248005,0.700790143624617,0.680415192582265,5,"Not significant"
"P3C4+Nigericin / Nigericin","ELP6","Q0PNE2","Q0PNE2","ELP6_HUMAN","Elongator complex protein 6","Q0PNE2_S89_M1_19","HexNAc (ST)",0.63025802677163,0.701034352365446,0.681289634026791,6,"Not significant"
"P3C4+Nigericin / Nigericin","MACROH2A1","O75367","O75367","H2AY_HUMAN","Core histone macro-H2A.1","O75367_T57_M1_19","HexNAc (ST)",-0.254442170171183,0.704427482084973,0.692115883414013,6,"Not significant"
"P3C4+Nigericin / Nigericin","CLIC1","O00299","O00299","CLIC1_HUMAN","Chloride intracellular channel protein 1","O00299_S115_M1_19","HexNAc (ST)",-0.123527334211295,0.704886343547407,0.693742536826294,6,"Not significant"
"P3C4+Nigericin / Nigericin","CD38","P28907","P28907","CD38_HUMAN","ADP-ribosyl cyclase/cyclic ADP-ribose hydrolase 1","P28907_T71_M1_19","HexNAc (ST)",0.302109381837721,0.705281538198012,0.695076044375525,6,"Not significant"
"P3C4+Nigericin / Nigericin","HSP90AA1","P07900","P07900","HS90A_HUMAN","Heat shock protein HSP 90-alpha","P07900_T624_M1_19","HexNAc (ST)",0.588937549996553,0.707291184313495,0.701246285808798,4,"Not significant"
"P3C4+Nigericin / Nigericin","HNRNPD","Q14103","Q14103","HNRPD_HUMAN","Heterogeneous nuclear ribonucleoprotein D0","Q14103_S190_M2_19","HexNAc (ST)",-0.432220889542201,0.707984417971566,0.70350117945311,5,"Not significant"
"P3C4+Nigericin / Nigericin","HSPA9","P38646","P38646","GRP75_HUMAN","Stress-70 protein, mitochondrial","P38646_T504_M1_19","HexNAc (ST)",-0.150222678939281,0.708683220766525,0.706011822377215,6,"Not significant"
"P3C4+Nigericin / Nigericin","AHNAK","Q09666","Q09666","AHNK_HUMAN","Neuroblast differentiation-associated protein AHNAK","Q09666_T1192_M2_19","HexNAc (ST)",-0.770169610016539,0.709053674792595,0.707179763263796,5,"Not significant"
"P3C4+Nigericin / Nigericin","AHNAK","Q09666","Q09666","AHNK_HUMAN","Neuroblast differentiation-associated protein AHNAK","Q09666_T1986_M2_19","HexNAc (ST)",-0.770169610016539,0.709053674792595,0.707179763263796,5,"Not significant"
"P3C4+Nigericin / Nigericin","KTN1","Q86UP2","Q86UP2","KTN1_HUMAN","Kinectin","Q86UP2_S312_M1_19","HexNAc (ST)",-0.299720975985167,0.709998005152416,0.710399331379652,6,"Not significant"
"P3C4+Nigericin / Nigericin","ADA","P00813","P00813","ADA_HUMAN","Adenosine deaminase","P00813_T212_M1_19","HexNAc (ST)",-0.283867264944249,0.710596561337429,0.712152266113817,6,"Not significant"
"P3C4+Nigericin / Nigericin","QKI","Q96PU8","Q96PU8","QKI_HUMAN","KH domain-containing RNA-binding protein QKI","Q96PU8_T156_M1_19","HexNAc (ST)",-0.232807794275141,0.711290944384267,0.714698140532743,6,"Not significant"
"P3C4+Nigericin / Nigericin","AHNAK","Q09666","Q09666","AHNK_HUMAN","Neuroblast differentiation-associated protein AHNAK","Q09666_S3894_M1_19","HexNAc (ST)",0.192410201691024,0.712080971251561,0.717344558035864,6,"Not significant"
"P3C4+Nigericin / Nigericin","AHNAK","Q09666","Q09666","AHNK_HUMAN","Neuroblast differentiation-associated protein AHNAK","Q09666_S1298_M1_19","HexNAc (ST)",0.144100100250433,0.71210940500286,0.717447723887664,6,"Not significant"
"P3C4+Nigericin / Nigericin","AHNAK","Q09666","Q09666","AHNK_HUMAN","Neuroblast differentiation-associated protein AHNAK","Q09666_S2092_M1_19","HexNAc (ST)",0.144100100250433,0.71210940500286,0.717447723887664,6,"Not significant"
"P3C4+Nigericin / Nigericin","AHNAK","Q09666","Q09666","AHNK_HUMAN","Neuroblast differentiation-associated protein AHNAK","Q09666_S2287_M1_19","HexNAc (ST)",0.144100100250433,0.71210940500286,0.717447723887664,6,"Not significant"
"P3C4+Nigericin / Nigericin","ATP5F1B","P06576","P06576","ATPB_HUMAN","ATP synthase subunit beta, mitochondrial","P06576_S253_M1_19","HexNAc (ST)",-0.857560933795884,0.71240639976163,0.718499445854119,6,"Not significant"
"P3C4+Nigericin / Nigericin","UQCRC1","P31930","P31930","QCR1_HUMAN","Cytochrome b-c1 complex subunit 1, mitochondrial","P31930_S446_M1_19","HexNAc (ST)",-0.850178484006725,0.712417404238039,0.718581689152284,6,"Not significant"
"P3C4+Nigericin / Nigericin","H1-3","P16402","P16402","H13_HUMAN","Histone H1.3","P16402_S59_M2_19","HexNAc (ST)",0.958337394769906,0.712731922838282,0.719505365761218,4,"Not significant"
"P3C4+Nigericin / Nigericin","TMSB4X","P62328","P62328","TYB4_HUMAN","Thymosin beta-4","P62328_S2_M1_19","HexNAc (ST)",0.264014200194366,0.713623991518068,0.722564399109209,6,"Not significant"
"P3C4+Nigericin / Nigericin","P4HA1","P13674","P13674","P4HA1_HUMAN","Prolyl 4-hydroxylase subunit alpha-1","P13674_S345_M1_19","HexNAc (ST)",-0.326338391181587,0.713899654511853,0.723449301601278,6,"Not significant"
"P3C4+Nigericin / Nigericin","PRSS1","P07477","P07477","TRY1_HUMAN","Serine protease 1","P07477_T103_M1_19","HexNAc (ST)",-0.102269416933455,0.714968183971944,0.726798985007692,6,"Not significant"
"P3C4+Nigericin / Nigericin","ENO1","P06733","P06733","ENOA_HUMAN","Alpha-enolase","P06733_T229_M1_19","HexNAc (ST)",0.502646343083173,0.715459892153352,0.728585790229827,4,"Not significant"
"P3C4+Nigericin / Nigericin","CAPG","P40121","P40121","CAPG_HUMAN","Macrophage-capping protein","P40121_T212_M1_19","HexNAc (ST)",-0.134986411644791,0.71620534159593,0.731109850316865,6,"Not significant"
"P3C4+Nigericin / Nigericin","AHNAK","Q09666","Q09666","AHNK_HUMAN","Neuroblast differentiation-associated protein AHNAK","Q09666_S2775_M1_19","HexNAc (ST)",-0.164338020833118,0.717148999063594,0.734005465999354,6,"Not significant"
"P3C4+Nigericin / Nigericin","SEC16A","O15027","O15027","SC16A_HUMAN","Protein transport protein Sec16A","O15027_S331_M1_19","HexNAc (ST)",-0.323903148808571,0.718157733317659,0.73757182317219,6,"Not significant"
"P3C4+Nigericin / Nigericin","HMGB2","P26583","P26583","HMGB2_HUMAN","High mobility group protein B2","P26583_S58_M1_19","HexNAc (ST)",0.4846271739567,0.718162330914961,0.737608920498528,6,"Not significant"
"P3C4+Nigericin / Nigericin","SEC22B","O75396","O75396","SC22B_HUMAN","Vesicle-trafficking protein SEC22b","O75396_S137_M2_19","HexNAc (ST)",0.158252017447122,0.718911586210698,0.739910668715744,6,"Not significant"
"P3C4+Nigericin / Nigericin","ALDOC","P09972","P09972","ALDOC_HUMAN","Fructose-bisphosphate aldolase C","P09972_T97_M1_19","HexNAc (ST)",-0.252853015161859,0.720151894778865,0.743731223012321,6,"Not significant"
"P3C4+Nigericin / Nigericin","PPT1","P50897","P50897","PPT1_HUMAN","Palmitoyl-protein thioesterase 1","P50897_S199_M1_19","HexNAc (ST)",-0.127847291838576,0.721133029188483,0.74712726345883,6,"Not significant"
"P3C4+Nigericin / Nigericin","EEA1","Q15075","Q15075","EEA1_HUMAN","Early endosome antigen 1","Q15075_T560_M1_19","HexNAc (ST)",0.352869453839368,0.721350704521916,0.747888515978973,6,"Not significant"
"P3C4+Nigericin / Nigericin","PER1","O15534","O15534","PER1_HUMAN","Period circadian protein homolog 1","O15534_S1186_M1_19","HexNAc (ST)",0.137981342680608,0.722276653478179,0.751157148165852,6,"Not significant"
"P3C4+Nigericin / Nigericin","CFL1","P23528","P23528","COF1_HUMAN","Cofilin-1","P23528_T129_M1_19","HexNAc (ST)",-0.179446865008738,0.72235375580597,0.75151480668187,6,"Not significant"
"P3C4+Nigericin / Nigericin","OLA1","Q9NTK5","Q9NTK5","OLA1_HUMAN","Obg-like ATPase 1","Q9NTK5_S22_M2_19","HexNAc (ST)",-0.337568351312789,0.723563611346041,0.755812817408605,6,"Not significant"
"P3C4+Nigericin / Nigericin","OLA1","Q9NTK5","Q9NTK5","OLA1_HUMAN","Obg-like ATPase 1","Q9NTK5_T21_M2_19","HexNAc (ST)",-0.337568351312789,0.723563611346041,0.755812817408605,6,"Not significant"
"P3C4+Nigericin / Nigericin","TMPO","P42166","P42166","LAP2A_HUMAN","Lamina-associated polypeptide 2, isoform alpha","P42166_T26_M1_19","HexNAc (ST)",0.151926434835231,0.724776759457542,0.759847640605091,5,"Not significant"
"P3C4+Nigericin / Nigericin","CLTC","Q00610","Q00610","CLH1_HUMAN","Clathrin heavy chain 1","Q00610_S1019_M1_19","HexNAc (ST)",-0.75259305501133,0.724976309664388,0.76054979076366,4,"Not significant"
"P3C4+Nigericin / Nigericin","HNRNPR","O43390","O43390","HNRPR_HUMAN","Heterogeneous nuclear ribonucleoprotein R","O43390_T270_M1_19","HexNAc (ST)",-0.071287004756348,0.72505980661816,0.760856985703529,4,"Not significant"
"P3C4+Nigericin / Nigericin","HSPA1L","P34931","P34931","HS71L_HUMAN","Heat shock 70 kDa protein 1-like","P34931_S108_M1_19","HexNAc (ST)",-0.480038652614589,0.725173309738037,0.761185693820529,4,"Not significant"
"P3C4+Nigericin / Nigericin","TRIP12","Q14669","Q14669","TRIPC_HUMAN","E3 ubiquitin-protein ligase TRIP12","Q14669_T758_M1_19","HexNAc (ST)",0.157468716973355,0.726060667407198,0.764507039708384,6,"Not significant"
"P3C4+Nigericin / Nigericin","TRIM28","Q13263","Q13263","TIF1B_HUMAN","Transcription intermediary factor 1-beta","Q13263_S784_M1_19","HexNAc (ST)",-0.647819104711605,0.727019996213392,0.767650357942054,6,"Not significant"
"P3C4+Nigericin / Nigericin","HNRNPU","Q00839","Q00839","HNRPU_HUMAN","Heterogeneous nuclear ribonucleoprotein U","Q00839_T474_M1_19","HexNAc (ST)",0.472354699490877,0.727091699652707,0.7678806682263,6,"Not significant"
"P3C4+Nigericin / Nigericin","HSPA1A;HSPA1B","P0DMV8;P0DMV9","P0DMV8;P0DMV9","HS71A_HUMAN;HS71B_HUMAN","Heat shock 70 kDa protein 1A;Heat shock 70 kDa protein 1B","P0DMV8_S307_M1_19","HexNAc (ST)",0.243565601742819,0.727373957827368,0.768844375994926,6,"Not significant"
"P3C4+Nigericin / Nigericin","HSPA1A;HSPA1B","P0DMV8;P0DMV9","P0DMV8;P0DMV9","HS71A_HUMAN;HS71B_HUMAN","Heat shock 70 kDa protein 1A;Heat shock 70 kDa protein 1B","P0DMV9_S307_M1_19","HexNAc (ST)",0.243565601742819,0.727373957827368,0.768844375994926,6,"Not significant"
"P3C4+Nigericin / Nigericin","AHNAK","Q09666","Q09666","AHNK_HUMAN","Neuroblast differentiation-associated protein AHNAK","Q09666_S1414_M1_19","HexNAc (ST)",-0.672571386382027,0.727651880482052,0.769890585245406,6,"Not significant"
"P3C4+Nigericin / Nigericin","RAP1A","P62834","P62834","RAP1A_HUMAN","Ras-related protein Rap-1A","P62834_T106_M1_19","HexNAc (ST)",-0.172621743202378,0.728366495329181,0.772529536570838,6,"Not significant"
"P3C4+Nigericin / Nigericin","TSC22D1","Q15714","Q15714","T22D1_HUMAN","TSC22 domain family protein 1","Q15714_S1018_M1_19","HexNAc (ST)",0.134641691648218,0.728729541945495,0.77382411730492,6,"Not significant"
"P3C4+Nigericin / Nigericin","MIX23","Q4VC31","Q4VC31","MIX23_HUMAN","Protein MIX23","Q4VC31_S114_M1_19","HexNAc (ST)",-0.318142921149808,0.729248028444264,0.775461310085933,6,"Not significant"
"P3C4+Nigericin / Nigericin","NUP62","P37198","P37198","NUP62_HUMAN","Nuclear pore glycoprotein p62","P37198_T433_M1_19","HexNAc (ST)",-0.110439974371686,0.729266828928334,0.775549038469612,6,"Not significant"
"P3C4+Nigericin / Nigericin","PKM","P14618","P14618","KPYM_HUMAN","Pyruvate kinase PKM","P14618_S222_M2_19","HexNAc (ST)",0.205022340783929,0.729430332738548,0.776071223244017,5,"Not significant"
"P3C4+Nigericin / Nigericin","NDUFAF2","Q8N183","Q8N183","NDUF2_HUMAN","NADH dehydrogenase [ubiquinone] 1 alpha subcomplex assembly factor 2","Q8N183_S102_M1_19","HexNAc (ST)",-0.303633718550712,0.730646227312736,0.780422525168461,6,"Not significant"
"P3C4+Nigericin / Nigericin","SLC25A24","Q6NUK1","Q6NUK1","SCMC1_HUMAN","Mitochondrial adenyl nucleotide antiporter SLC25A24","Q6NUK1_S208_M1_19","HexNAc (ST)",-0.237939408560791,0.730739835737855,0.780814110042363,6,"Not significant"
"P3C4+Nigericin / Nigericin","AHNAK","Q09666","Q09666","AHNK_HUMAN","Neuroblast differentiation-associated protein AHNAK","Q09666_S2580_M1_19","HexNAc (ST)",0.19676365597201,0.730951975998965,0.781697577314093,6,"Not significant"
"P3C4+Nigericin / Nigericin","AHNAK","Q09666","Q09666","AHNK_HUMAN","Neuroblast differentiation-associated protein AHNAK","Q09666_S4002_M1_19","HexNAc (ST)",0.19676365597201,0.730951975998965,0.781697577314093,6,"Not significant"
"P3C4+Nigericin / Nigericin","AHNAK","Q09666","Q09666","AHNK_HUMAN","Neuroblast differentiation-associated protein AHNAK","Q09666_S4258_M1_19","HexNAc (ST)",0.19676365597201,0.730951975998965,0.781697577314093,6,"Not significant"
"P3C4+Nigericin / Nigericin","AHNAK","Q09666","Q09666","AHNK_HUMAN","Neuroblast differentiation-associated protein AHNAK","Q09666_S4460_M1_19","HexNAc (ST)",0.19676365597201,0.730951975998965,0.781697577314093,6,"Not significant"
"P3C4+Nigericin / Nigericin","ITGB1","P05556","P05556","ITB1_HUMAN","Integrin beta-1","P05556_T112_M1_19","HexNAc (ST)",-0.100234304991185,0.731809334930813,0.784753261044459,6,"Not significant"
"P3C4+Nigericin / Nigericin","FUBP3","Q96I24","Q96I24","FUBP3_HUMAN","Far upstream element-binding protein 3","Q96I24_T79_M2_19","HexNAc (ST)",-0.120061519978398,0.731814992294832,0.784820105752204,6,"Not significant"
"P3C4+Nigericin / Nigericin","FUBP3","Q96I24","Q96I24","FUBP3_HUMAN","Far upstream element-binding protein 3","Q96I24_T76_M2_19","HexNAc (ST)",-0.120061519978398,0.731814992294832,0.784820105752204,6,"Not significant"
"P3C4+Nigericin / Nigericin","NPM1","P06748","P06748","NPM_HUMAN","Nucleophosmin","P06748_T75_M3_19","HexNAc (ST)",-0.078755811651529,0.731900145482291,0.785059480726501,5,"Not significant"
"P3C4+Nigericin / Nigericin","HSPA2","P54652","P54652","HSP72_HUMAN","Heat shock-related 70 kDa protein 2","P54652_T465_M1_19","HexNAc (ST)",0.263020908566266,0.732867751849819,0.788914674180859,6,"Not significant"
"P3C4+Nigericin / Nigericin","PARK7","Q99497","Q99497","PARK7_HUMAN","Parkinson disease protein 7","Q99497_S142_M1_19","HexNAc (ST)",-0.533823175198092,0.733561886195666,0.791397211382414,5,"Not significant"
"P3C4+Nigericin / Nigericin","TMSB4X","P62328","P62328","TYB4_HUMAN","Thymosin beta-4","P62328_S31_M1_19","HexNAc (ST)",0.128147765221888,0.734126648694651,0.793519547205425,6,"Not significant"
"P3C4+Nigericin / Nigericin","RNH1","P13489","P13489","RINI_HUMAN","Ribonuclease inhibitor","P13489_S84_M2_19","HexNAc (ST)",0.306619519847902,0.73575261459993,0.799042249794571,6,"Not significant"
"P3C4+Nigericin / Nigericin","RNH1","P13489","P13489","RINI_HUMAN","Ribonuclease inhibitor","P13489_T82_M2_19","HexNAc (ST)",0.306619519847902,0.73575261459993,0.799042249794571,6,"Not significant"
"P3C4+Nigericin / Nigericin","HNRNPH1","P31943","P31943","HNRH1_HUMAN","Heterogeneous nuclear ribonucleoprotein H","P31943_T5_M1_19","HexNAc (ST)",0.250916578840815,0.73640677917758,0.801058393112309,6,"Not significant"
"P3C4+Nigericin / Nigericin","AHNAK","Q09666","Q09666","AHNK_HUMAN","Neuroblast differentiation-associated protein AHNAK","Q09666_T4766_M1_19","HexNAc (ST)",0.150848275290556,0.736742253739741,0.802229648606303,6,"Not significant"
"P3C4+Nigericin / Nigericin","PLXNB2","O15031","O15031","PLXB2_HUMAN","Plexin-B2","O15031_T1124_M2_19","HexNAc (ST)",0.191350148787619,0.73785992023466,0.806446404975907,6,"Not significant"
"P3C4+Nigericin / Nigericin","PLXNB2","O15031","O15031","PLXB2_HUMAN","Plexin-B2","O15031_T1117_M2_19","HexNAc (ST)",0.191350148787619,0.73785992023466,0.806446404975907,6,"Not significant"
"P3C4+Nigericin / Nigericin","PTGES3","Q15185","Q15185","TEBP_HUMAN","Prostaglandin E synthase 3","Q15185_S64_M1_19","HexNAc (ST)",0.110177314939674,0.739203443365973,0.811293161406792,6,"Not significant"
"P3C4+Nigericin / Nigericin","AHNAK","Q09666","Q09666","AHNK_HUMAN","Neuroblast differentiation-associated protein AHNAK","Q09666_S3159_M1_19","HexNAc (ST)",-0.11074192518658,0.73971512950836,0.813139849322467,6,"Not significant"
"P3C4+Nigericin / Nigericin","AHNAK","Q09666","Q09666","AHNK_HUMAN","Neuroblast differentiation-associated protein AHNAK","Q09666_S3941_M1_19","HexNAc (ST)",-0.11074192518658,0.73971512950836,0.813139849322467,6,"Not significant"
"P3C4+Nigericin / Nigericin","PHF2","O75151","O75151","PHF2_HUMAN","Lysine-specific demethylase PHF2","O75151_S929_M2_19","HexNAc (ST)",-0.0448853347533411,0.741038550479307,0.818082687067335,6,"Not significant"
"P3C4+Nigericin / Nigericin","MATR3","P43243","P43243","MATR3_HUMAN","Matrin-3","P43243_S276_M2_19","HexNAc (ST)",-0.175430294183613,0.741231985740068,0.818845000233321,6,"Not significant"
"P3C4+Nigericin / Nigericin","MATR3","P43243","P43243","MATR3_HUMAN","Matrin-3","P43243_S275_M2_19","HexNAc (ST)",-0.175430294183613,0.741231985740068,0.818845000233321,6,"Not significant"
"P3C4+Nigericin / Nigericin","PTPRE","P23469","P23469","PTPRE_HUMAN","Receptor-type tyrosine-protein phosphatase epsilon","P23469_S187_M2_19","HexNAc (ST)",-0.4862329199633,0.741394493402084,0.819533181389465,5,"Not significant"
"P3C4+Nigericin / Nigericin","CGREF1","Q99674","Q99674","CGRE1_HUMAN","Cell growth regulator with EF hand domain protein 1","Q99674_S159_M1_19","HexNAc (ST)",-0.126084989076506,0.741927250006817,0.821361531206673,6,"Not significant"
"P3C4+Nigericin / Nigericin","TAGLN2","P37802","P37802","TAGL2_HUMAN","Transgelin-2","P37802_T60_M1_19","HexNAc (ST)",0.137761796050051,0.742666330759844,0.824036852497624,6,"Not significant"
"P3C4+Nigericin / Nigericin","AHNAK","Q09666","Q09666","AHNK_HUMAN","Neuroblast differentiation-associated protein AHNAK","Q09666_T4564_M1_19","HexNAc (ST)",-0.137222376839425,0.742897845513899,0.824878589754795,6,"Not significant"
"P3C4+Nigericin / Nigericin","AHNAK","Q09666","Q09666","AHNK_HUMAN","Neuroblast differentiation-associated protein AHNAK","Q09666_S2542_M1_19","HexNAc (ST)",-0.0861988283023566,0.74355481976815,0.827175841417082,6,"Not significant"
"P3C4+Nigericin / Nigericin","ATP5PD","O75947","O75947","ATP5H_HUMAN","ATP synthase subunit d, mitochondrial","O75947_T10_M1_19","HexNAc (ST)",-0.47941437398795,0.744045594496399,0.829282441888917,6,"Not significant"
"P3C4+Nigericin / Nigericin","ENO1","P06733","P06733","ENOA_HUMAN","Alpha-enolase","P06733_T205_M1_19","HexNAc (ST)",0.162884016768872,0.745598174842942,0.83524376302559,6,"Not significant"
"P3C4+Nigericin / Nigericin","OSBPL8","Q9BZF1","Q9BZF1","OSBL8_HUMAN","Oxysterol-binding protein-related protein 8","Q9BZF1_T491_M1_19","HexNAc (ST)",-0.203042142645479,0.746845015679483,0.840217878422511,6,"Not significant"
"P3C4+Nigericin / Nigericin","NUCB2","P80303","P80303","NUCB2_HUMAN","Nucleobindin-2","P80303_S124_M1_19","HexNAc (ST)",-0.225790225420418,0.746890599531261,0.840365892125241,6,"Not significant"
"P3C4+Nigericin / Nigericin","CAP1","Q01518","Q01518","CAP1_HUMAN","Adenylyl cyclase-associated protein 1","Q01518_S394_M1_19","HexNAc (ST)",-0.444867014930888,0.747002769544617,0.840741284961029,6,"Not significant"
"P3C4+Nigericin / Nigericin","CA2","P00918","P00918","CAH2_HUMAN","Carbonic anhydrase 2","P00918_S56_M2_19","HexNAc (ST)",0.137560236975365,0.748007994269305,0.844587432349702,4,"Not significant"
"P3C4+Nigericin / Nigericin","CA2","P00918","P00918","CAH2_HUMAN","Carbonic anhydrase 2","P00918_T55_M2_19","HexNAc (ST)",0.137560236975365,0.748007994269305,0.844587432349702,4,"Not significant"
"P3C4+Nigericin / Nigericin","ELOB","Q15370","Q15370","ELOB_HUMAN","Elongin-B","Q15370_T56_M1_19","HexNAc (ST)",0.31814275843943,0.748259671468144,0.845396975816799,4,"Not significant"
"P3C4+Nigericin / Nigericin","SNRPA1","P09661","P09661","RU2A_HUMAN","U2 small nuclear ribonucleoprotein A'","P09661_T16_M2_19","HexNAc (ST)",0.208286757260801,0.750933561266488,0.855431502322582,6,"Not significant"
"P3C4+Nigericin / Nigericin","SNRPA1","P09661","P09661","RU2A_HUMAN","U2 small nuclear ribonucleoprotein A'","P09661_T5_M2_19","HexNAc (ST)",0.208286757260801,0.750933561266488,0.855431502322582,6,"Not significant"
"P3C4+Nigericin / Nigericin","KPNA1","P52294","P52294","IMA5_HUMAN","Importin subunit alpha-5","P52294_S353_M2_19","HexNAc (ST)",0.0746620660385213,0.751158834192522,0.856289520238154,5,"Not significant"
"P3C4+Nigericin / Nigericin","AHNAK","Q09666","Q09666","AHNK_HUMAN","Neuroblast differentiation-associated protein AHNAK","Q09666_S2454_M1_19","HexNAc (ST)",0.101733979286169,0.75162159580169,0.858102034470315,6,"Not significant"
"P3C4+Nigericin / Nigericin","VCP","P55072","P55072","TERA_HUMAN","Transitional endoplasmic reticulum ATPase","P55072_T623_M1_19","HexNAc (ST)",-0.386514057781388,0.75177871545592,0.85861982249701,6,"Not significant"
"P3C4+Nigericin / Nigericin","RAC2","P15153","P15153","RAC2_HUMAN","Ras-related C3 botulinum toxin substrate 2","P15153_T138_M1_19","HexNAc (ST)",-0.369026469290667,0.753815902392323,0.866763579043495,6,"Not significant"
"P3C4+Nigericin / Nigericin","CLIC1","O00299","O00299","CLIC1_HUMAN","Chloride intracellular channel protein 1","O00299_T198_M1_19","HexNAc (ST)",-0.0799603981624316,0.754578182469773,0.869728160231812,6,"Not significant"
"P3C4+Nigericin / Nigericin","PSAP","P07602","P07602","SAP_HUMAN","Prosaposin","P07602_T334_M1_19","HexNAc (ST)",-0.0847783370823267,0.755684457000387,0.874195904241756,6,"Not significant"
"P3C4+Nigericin / Nigericin","AHNAK","Q09666","Q09666","AHNK_HUMAN","Neuroblast differentiation-associated protein AHNAK","Q09666_S845_M2_19","HexNAc (ST)",-0.324355497988823,0.756722621209501,0.878195461074416,6,"Not significant"
"P3C4+Nigericin / Nigericin","AHNAK","Q09666","Q09666","AHNK_HUMAN","Neuroblast differentiation-associated protein AHNAK","Q09666_T839_M2_19","HexNAc (ST)",-0.324355497988823,0.756722621209501,0.878195461074416,6,"Not significant"
"P3C4+Nigericin / Nigericin","ETFA","P13804","P13804","ETFA_HUMAN","Electron transfer flavoprotein subunit alpha, mitochondrial","P13804_S133_M1_19","HexNAc (ST)",-0.327729496085948,0.757005178960021,0.879135623237722,6,"Not significant"
"P3C4+Nigericin / Nigericin","GLO1","Q04760","Q04760","LGUL_HUMAN","Lactoylglutathione lyase","Q04760_S137_M1_19","HexNAc (ST)",-0.0673787716471489,0.757189920144213,0.879818294480523,6,"Not significant"
"P3C4+Nigericin / Nigericin","AK1","P00568","P00568","KAD1_HUMAN","Adenylate kinase isoenzyme 1","P00568_T126_M2_19","HexNAc (ST)",0.10142115963755,0.757571801315164,0.881413020361971,6,"Not significant"
"P3C4+Nigericin / Nigericin","AK1","P00568","P00568","KAD1_HUMAN","Adenylate kinase isoenzyme 1","P00568_T124_M2_19","HexNAc (ST)",0.10142115963755,0.757571801315164,0.881413020361971,6,"Not significant"
"P3C4+Nigericin / Nigericin","HSPA9","P38646","P38646","GRP75_HUMAN","Stress-70 protein, mitochondrial","P38646_T592_M2_19","HexNAc (ST)",-0.199072441173283,0.759543792195445,0.88900105706061,5,"Not significant"
"P3C4+Nigericin / Nigericin","FTL","P02792","P02792","FRIL_HUMAN","Ferritin light chain","P02792_T150_M1_19","HexNAc (ST)",0.233613829125991,0.759888460755505,0.890414073864034,6,"Not significant"
"P3C4+Nigericin / Nigericin","SSB","P05455","P05455","LA_HUMAN","Lupus La protein","P05455_T302_M1_19","HexNAc (ST)",-0.0715578111563302,0.760390566677397,0.892628694928629,6,"Not significant"
"P3C4+Nigericin / Nigericin","PDIA3","P30101","P30101","PDIA3_HUMAN","Protein disulfide-isomerase A3","P30101_T248_M1_19","HexNAc (ST)",-0.103467470797615,0.761156227930404,0.895852328877262,6,"Not significant"
"P3C4+Nigericin / Nigericin","AK2","P54819","P54819","KAD2_HUMAN","Adenylate kinase 2, mitochondrial","P54819_T89_M1_19","HexNAc (ST)",0.232606337874027,0.762281061156861,0.900407132923805,6,"Not significant"
"P3C4+Nigericin / Nigericin","PDIA3","P30101","P30101","PDIA3_HUMAN","Protein disulfide-isomerase A3","P30101_T212_M2_19","HexNAc (ST)",-0.0398478728736147,0.76270001793285,0.902113295189238,6,"Not significant"
"P3C4+Nigericin / Nigericin","PDIA3","P30101","P30101","PDIA3_HUMAN","Protein disulfide-isomerase A3","P30101_S209_M2_19","HexNAc (ST)",-0.0398478728736147,0.76270001793285,0.902113295189238,6,"Not significant"
"P3C4+Nigericin / Nigericin","HSPD1","P10809","P10809","CH60_HUMAN","60 kDa heat shock protein, mitochondrial","P10809_T206_M2_19","HexNAc (ST)",0.192307256671166,0.762942477970592,0.903069343822103,6,"Not significant"
"P3C4+Nigericin / Nigericin","HSPD1","P10809","P10809","CH60_HUMAN","60 kDa heat shock protein, mitochondrial","P10809_T200_M2_19","HexNAc (ST)",0.192307256671166,0.762942477970592,0.903069343822103,6,"Not significant"
"P3C4+Nigericin / Nigericin","AHNAK","Q09666","Q09666","AHNK_HUMAN","Neuroblast differentiation-associated protein AHNAK","Q09666_S3672_M1_19","HexNAc (ST)",-0.0788326182127687,0.764304540380336,0.908445858115632,6,"Not significant"
"P3C4+Nigericin / Nigericin","OAT","P04181","P04181","OAT_HUMAN","Ornithine aminotransferase, mitochondrial","P04181_T33_M3_19","HexNAc (ST)",-0.237705718746973,0.765402205931997,0.912859434788756,6,"Not significant"
"P3C4+Nigericin / Nigericin","QKI","Q96PU8","Q96PU8","QKI_HUMAN","KH domain-containing RNA-binding protein QKI","Q96PU8_T14_M1_19","HexNAc (ST)",0.0670627053062309,0.765539354472192,0.913409446973687,6,"Not significant"
"P3C4+Nigericin / Nigericin","NDUFS8","O00217","O00217","NDUS8_HUMAN","NADH dehydrogenase [ubiquinone] iron-sulfur protein 8, mitochondrial","O00217_T127_M1_19","HexNAc (ST)",-0.224189707600901,0.766495616523419,0.917492589825053,6,"Not significant"
"P3C4+Nigericin / Nigericin","ALCAM","Q13740","Q13740","CD166_HUMAN","CD166 antigen","Q13740_S64_M1_19","HexNAc (ST)",-0.178683015607649,0.767034463316772,0.919527902437614,6,"Not significant"
"P3C4+Nigericin / Nigericin","RPLP2","P05387","P05387","RLA2_HUMAN","Large ribosomal subunit protein P2","P05387_S44_M1_19","HexNAc (ST)",0.022866622945088,0.768152588716435,0.924190561134753,6,"Not significant"
"P3C4+Nigericin / Nigericin","MYL6","P60660","P60660","MYL6_HUMAN","Myosin light polypeptide 6","P60660_T76_M1_19","HexNAc (ST)",-0.0655827287601008,0.768472724461789,0.925484127112541,6,"Not significant"
"P3C4+Nigericin / Nigericin","AHNAK","Q09666","Q09666","AHNK_HUMAN","Neuroblast differentiation-associated protein AHNAK","Q09666_S3746_M1_19","HexNAc (ST)",0.165661016450393,0.770446413845268,0.934012202429369,6,"Not significant"
"P3C4+Nigericin / Nigericin","CALR","P27797","P27797","CALR_HUMAN","Calreticulin","P27797_S53_M2_19","HexNAc (ST)",0.032948358815954,0.770492675200083,0.934231515151936,5,"Not significant"
"P3C4+Nigericin / Nigericin","CALR","P27797","P27797","CALR_HUMAN","Calreticulin","P27797_S52_M2_19","HexNAc (ST)",0.032948358815954,0.770492675200083,0.934231515151936,5,"Not significant"
"P3C4+Nigericin / Nigericin","CANX","P27824","P27824","CALX_HUMAN","Calnexin","P27824_S392_M1_19","HexNAc (ST)",0.0248427739824954,0.770520337908391,0.934413375015639,6,"Not significant"
"P3C4+Nigericin / Nigericin","ITGAV","P06756","P06756","ITAV_HUMAN","Integrin alpha-V","P06756_T586_M2_19","HexNAc (ST)",-0.0435877077692752,0.770633201197164,0.934855678344145,6,"Not significant"
"P3C4+Nigericin / Nigericin","ITGAV","P06756","P06756","ITAV_HUMAN","Integrin alpha-V","P06756_T583_M2_19","HexNAc (ST)",-0.0435877077692752,0.770633201197164,0.934855678344145,6,"Not significant"
"P3C4+Nigericin / Nigericin","PSMC3","P17980","P17980","PRS6A_HUMAN","26S proteasome regulatory subunit 6A","P17980_S281_M1_19","HexNAc (ST)",0.0403846098653917,0.770885197977197,0.936095090514315,4,"Not significant"
"P3C4+Nigericin / Nigericin","RPS27A","P62979","P62979","RS27A_HUMAN","Ubiquitin-ribosomal protein eS31 fusion protein","P62979_S65_M2_19","HexNAc (ST)",0.151661564916237,0.772113019678477,0.941263874812967,4,"Not significant"
"P3C4+Nigericin / Nigericin","HNRNPDL","O14979","O14979","HNRDL_HUMAN","Heterogeneous nuclear ribonucleoprotein D-like","O14979_S201_M1_19","HexNAc (ST)",-0.121927684859658,0.772237810636797,0.941680917986709,6,"Not significant"
"P3C4+Nigericin / Nigericin","FRG1","Q14331","Q14331","FRG1_HUMAN","Protein FRG1","Q14331_S121_M1_19","HexNAc (ST)",-0.149211092914765,0.772375024457119,0.942212654061126,6,"Not significant"
"P3C4+Nigericin / Nigericin","YBX1","P67809","P67809","YBOX1_HUMAN","Y-box-binding protein 1","P67809_T108_M1_19","HexNAc (ST)",-0.154797261342775,0.7725869328322,0.943047377533692,6,"Not significant"
"P3C4+Nigericin / Nigericin","PSPC1","Q8WXF1","Q8WXF1","PSPC1_HUMAN","Paraspeckle component 1","Q8WXF1_S493_M2_19","HexNAc (ST)",0.0592656212283469,0.772665043353314,0.943318533460058,6,"Not significant"
"P3C4+Nigericin / Nigericin","POFUT2","Q9Y2G5","Q9Y2G5","OFUT2_HUMAN","GDP-fucose protein O-fucosyltransferase 2","Q9Y2G5_S282_M1_19","HexNAc (ST)",-0.113856701738568,0.772957700071367,0.944588491615691,6,"Not significant"
"P3C4+Nigericin / Nigericin","SOD1","P00441","P00441","SODC_HUMAN","Superoxide dismutase [Cu-Zn]","P00441_T3_M1_19","HexNAc (ST)",-0.034209694088622,0.773302406836681,0.946157022084241,6,"Not significant"
"P3C4+Nigericin / Nigericin","TRIP4","Q15650","Q15650","TRIP4_HUMAN","Activating signal cointegrator 1","Q15650_T327_M1_19","HexNAc (ST)",0.036162142275314,0.773495521451616,0.946940331409275,6,"Not significant"
"P3C4+Nigericin / Nigericin","ANP32A","P39687","P39687","AN32A_HUMAN","Acidic leucine-rich nuclear phosphoprotein 32 family member A","P39687_S117_M1_19","HexNAc (ST)",0.0492703117188999,0.774066224588221,0.949524281932743,5,"Not significant"
"P3C4+Nigericin / Nigericin","MAGT1","Q9H0U3","Q9H0U3","MAGT1_HUMAN","Magnesium transporter protein 1","Q9H0U3_S38_M2_19","HexNAc (ST)",0.0280518335958755,0.775548223215685,0.955576026066139,5,"Not significant"
"P3C4+Nigericin / Nigericin","MAP3K7","O43318","O43318","M3K7_HUMAN","Mitogen-activated protein kinase kinase kinase 7","O43318_T538_M1_19","HexNAc (ST)",-0.0615975158571298,0.776153216955624,0.958445173985965,6,"Not significant"
"P3C4+Nigericin / Nigericin","HSPD1","P10809","P10809","CH60_HUMAN","60 kDa heat shock protein, mitochondrial","P10809_T54_M1_19","HexNAc (ST)",-0.0324538061976708,0.777315453166406,0.963856677742928,6,"Not significant"
"P3C4+Nigericin / Nigericin","HSPA4","P34932","P34932","HSP74_HUMAN","Heat shock 70 kDa protein 4","P34932_T229_M2_19","HexNAc (ST)",-0.0988174887319442,0.777679828797567,0.964993833451485,4,"Not significant"
"P3C4+Nigericin / Nigericin","NCL","P19338","P19338","NUCL_HUMAN","Nucleolin","P19338_S319_M1_19","HexNAc (ST)",0.0314026474600519,0.77770128419181,0.965082387165456,6,"Not significant"
"P3C4+Nigericin / Nigericin","HMGB1","P09429","P09429","HMGB1_HUMAN","High mobility group protein B1","P09429_S121_M1_19","HexNAc (ST)",0.03538722920092,0.778119368273994,0.966975918875575,6,"Not significant"
"P3C4+Nigericin / Nigericin","ACTR3","P61158","P61158","ARP3_HUMAN","Actin-related protein 3","P61158_T369_M1_19","HexNAc (ST)",0.0328332590671704,0.778265690901909,0.967582741450892,6,"Not significant"
"P3C4+Nigericin / Nigericin","AHNAK","Q09666","Q09666","AHNK_HUMAN","Neuroblast differentiation-associated protein AHNAK","Q09666_S5151_M1_19","HexNAc (ST)",0.0295467583754205,0.778551171592153,0.968767792704882,6,"Not significant"
"P3C4+Nigericin / Nigericin","FKBP2","P26885","P26885","FKBP2_HUMAN","Peptidyl-prolyl cis-trans isomerase FKBP2","P26885_S108_M1_19","HexNAc (ST)",0.0103003129900362,0.779225699732956,0.971797252867727,6,"Not significant"
"P3C4+Nigericin / Nigericin","FIP1L1","Q6UN15","Q6UN15","FIP1_HUMAN","Pre-mRNA 3'-end-processing factor FIP1","Q6UN15_S324_M3_19","HexNAc (ST)",0.0202830251176717,0.779265565918768,0.97195660198049,6,"Not significant"
"P3C4+Nigericin / Nigericin","FIP1L1","Q6UN15","Q6UN15","FIP1_HUMAN","Pre-mRNA 3'-end-processing factor FIP1","Q6UN15_T322_M3_19","HexNAc (ST)",0.0202830251176717,0.779265565918768,0.97195660198049,6,"Not significant"
"P3C4+Nigericin / Nigericin","FIP1L1","Q6UN15","Q6UN15","FIP1_HUMAN","Pre-mRNA 3'-end-processing factor FIP1","Q6UN15_T320_M3_19","HexNAc (ST)",0.0202830251176717,0.779265565918768,0.97195660198049,6,"Not significant"
"P3C4+Nigericin / Nigericin","AHNAK","Q09666","Q09666","AHNK_HUMAN","Neuroblast differentiation-associated protein AHNAK","Q09666_S1324_M1_19","HexNAc (ST)",0.0182958343535455,0.780720585987512,0.978395195144257,6,"Not significant"
"P3C4+Nigericin / Nigericin","P4HB","P07237","P07237","PDIA1_HUMAN","Protein disulfide-isomerase","P07237_T221_M1_19","HexNAc (ST)",0.0200202376502373,0.781632897059121,0.982179061969364,6,"Not significant"
"P3C4+Nigericin / Nigericin","GLRX5","Q86SX6","Q86SX6","GLRX5_HUMAN","Glutaredoxin-related protein 5, mitochondrial","Q86SX6_S70_M2_19","HexNAc (ST)",-0.00479884082699085,0.781647153046041,0.982216535000358,5,"Not significant"
"P3C4+Nigericin / Nigericin","ALDOC","P09972","P09972","ALDOC_HUMAN","Fructose-bisphosphate aldolase C","P09972_S160_M2_19","HexNAc (ST)",-0.00473408033984924,0.783054337724315,0.988344887833263,6,"Not significant"
"P3C4+Nigericin / Nigericin","ALDOC","P09972","P09972","ALDOC_HUMAN","Fructose-bisphosphate aldolase C","P09972_T158_M2_19","HexNAc (ST)",-0.00473408033984924,0.783054337724315,0.988344887833263,6,"Not significant"
"P3C4+Nigericin / Nigericin","CCDC9","Q9Y3X0","Q9Y3X0","CCDC9_HUMAN","Coiled-coil domain-containing protein 9","Q9Y3X0_S70_M1_19","HexNAc (ST)",-0.00457256140457977,0.783417074415309,0.989957785067032,6,"Not significant"
"P3C4+Nigericin / Nigericin","DYNC1I2","Q13409","Q13409","DC1I2_HUMAN","Cytoplasmic dynein 1 intermediate chain 2","Q13409_S590_M1_19","HexNAc (ST)",-0.0099282075611591,0.784407111293954,0.994501755144814,6,"Not significant"
"P3C4+Nigericin / Nigericin","MYO18A","Q92614","Q92614","MY18A_HUMAN","Unconventional myosin-XVIIIa","Q92614_T1661_M1_19","HexNAc (ST)",0.00897100592797583,0.784513176019181,0.995262788237692,6,"Not significant"
"P3C4+Nigericin / Nigericin","SRSF1","Q07955","Q07955","SRSF1_HUMAN","Serine/arginine-rich splicing factor 1","Q07955_S2_M1_19","HexNAc (ST)",-0.00768674567301826,0.784788148588452,0.996533746353401,6,"Not significant"
