"Comparison (group1/group2)","Genes","UniProtIds","ProteinGroups","ProteinNames","ProteinDescriptions","Group","PTM.ModificationTitle","AVG Log2 Ratio","Qvalue","Pvalue","# of Ratios","Significance"
"Unstim / P3C4+Nigericin","ADAR","P55265","P55265","DSRAD_HUMAN","Double-stranded RNA-specific adenosine deaminase","P55265_Y306_M1_28","Phospho (STY)",1.54301527805368,0.338343580629924,0.000492282942792535,6,"Not significant"
"Unstim / P3C4+Nigericin","H2AC11;H2AC12;H2AC14","P0C0S8;Q96KK5;Q99878","P0C0S8;Q96KK5;Q99878","H2A1_HUMAN;H2A1H_HUMAN;H2A1J_HUMAN","Histone H2A type 1;Histone H2A type 1-H;Histone H2A type 1-J","P0C0S8_Y58_M1_28","Phospho (STY)",2.1933733937766,0.39008356857843,0.00132027546222334,5,"Not significant"
"Unstim / P3C4+Nigericin","H2AC11;H2AC12;H2AC14","P0C0S8;Q96KK5;Q99878","P0C0S8;Q96KK5;Q99878","H2A1_HUMAN;H2A1H_HUMAN;H2A1J_HUMAN","Histone H2A type 1;Histone H2A type 1-H;Histone H2A type 1-J","Q96KK5_Y58_M1_28","Phospho (STY)",2.1933733937766,0.39008356857843,0.00132027546222334,5,"Not significant"
"Unstim / P3C4+Nigericin","H2AC11;H2AC12;H2AC14","P0C0S8;Q96KK5;Q99878","P0C0S8;Q96KK5;Q99878","H2A1_HUMAN;H2A1H_HUMAN;H2A1J_HUMAN","Histone H2A type 1;Histone H2A type 1-H;Histone H2A type 1-J","Q99878_Y58_M1_28","Phospho (STY)",2.1933733937766,0.39008356857843,0.00132027546222334,5,"Not significant"
"Unstim / P3C4+Nigericin","PEA15","Q15121","Q15121","PEA15_HUMAN","Astrocytic phosphoprotein PEA-15","Q15121_Y4_M1_28","Phospho (STY)",-0.951285411465962,0.392636035395044,0.00139983611437727,5,"Not significant"
"Unstim / P3C4+Nigericin","RALY","Q9UKM9","Q9UKM9","RALY_HUMAN","RNA-binding protein Raly","Q9UKM9_S135_M1_28","Phospho (STY)",1.59141130446121,0.398184164577808,0.00159230718954729,6,"Not significant"
"Unstim / P3C4+Nigericin","TOR1AIP1","Q5JTV8","Q5JTV8","TOIP1_HUMAN","Torsin-1A-interacting protein 1","Q5JTV8_S143_M1_28","Phospho (STY)",1.86951077672877,0.400982862512031,0.00183117246477928,6,"Not significant"
"Unstim / P3C4+Nigericin","DNM1L","O00429","O00429","DNM1L_HUMAN","Dynamin-1-like protein","O00429_S71_M1_28","Phospho (STY)",1.14661604126537,0.424553436349978,0.00396603128642781,6,"Not significant"
"Unstim / P3C4+Nigericin","RAB44","Q7Z6P3","Q7Z6P3","RAB44_HUMAN","Ras-related protein Rab-44","Q7Z6P3_S509_M1_28","Phospho (STY)",2.38830637969574,0.427610331112895,0.00475137113764646,6,"Not significant"
"Unstim / P3C4+Nigericin","CCDC86","Q9H6F5","Q9H6F5","CCD86_HUMAN","Coiled-coil domain-containing protein 86","Q9H6F5_S18_M1_28","Phospho (STY)",1.30369121872979,0.445708936409838,0.0077218493951791,6,"Not significant"
"Unstim / P3C4+Nigericin","SVIL","O95425","O95425","SVIL_HUMAN","Supervillin","O95425_S245_M1_28","Phospho (STY)",2.82094203638809,0.447202156133582,0.00813232122938634,5,"Not significant"
"Unstim / P3C4+Nigericin","SMAP2","Q8WU79","Q8WU79","SMAP2_HUMAN","Stromal membrane-associated protein 2","Q8WU79_S240_M1_28","Phospho (STY)",3.09966006069925,0.449269343236299,0.00854625588274782,5,"Not significant"
"Unstim / P3C4+Nigericin","THRAP3","Q9Y2W1","Q9Y2W1","TR150_HUMAN","Thyroid hormone receptor-associated protein 3","Q9Y2W1_S248_M1_28","Phospho (STY)",1.0597564673027,0.451287710708068,0.00951664145790905,6,"Not significant"
"Unstim / P3C4+Nigericin","CCDC86","Q9H6F5","Q9H6F5","CCD86_HUMAN","Coiled-coil domain-containing protein 86","Q9H6F5_S47_M1_28","Phospho (STY)",2.09715423348499,0.457577783177223,0.0112401784653312,5,"Not significant"
"Unstim / P3C4+Nigericin","MMP9","P14780","P14780","MMP9_HUMAN","Matrix metalloproteinase-9","P14780_S66_M1_28","Phospho (STY)",0.288175904196119,0.45813855471559,0.0117271173758987,6,"Not significant"
"Unstim / P3C4+Nigericin","SNRPD2","P62316","P62316","SMD2_HUMAN","Small nuclear ribonucleoprotein Sm D2","P62316_S2_M1_28","Phospho (STY)",0.813745794680721,0.464399835403665,0.0130420026606249,6,"Not significant"
"Unstim / P3C4+Nigericin","CAP1","Q01518","Q01518","CAP1_HUMAN","Adenylyl cyclase-associated protein 1","Q01518_S394_M1_28","Phospho (STY)",1.62411939099757,0.46706047635987,0.0143295372428718,6,"Not significant"
"Unstim / P3C4+Nigericin","GRHPR","Q9UBQ7","Q9UBQ7","GRHPR_HUMAN","Glyoxylate reductase/hydroxypyruvate reductase","Q9UBQ7_S60_M1_28","Phospho (STY)",1.56450406047407,0.470767126365401,0.0159554417646576,6,"Not significant"
"Unstim / P3C4+Nigericin","SLTM","Q9NWH9","Q9NWH9","SLTM_HUMAN","SAFB-like transcription modulator","Q9NWH9_S553_M1_28","Phospho (STY)",1.68922586585898,0.471065011167476,0.0164383583344396,6,"Not significant"
"Unstim / P3C4+Nigericin","HNRNPD","Q14103","Q14103","HNRPD_HUMAN","Heterogeneous nuclear ribonucleoprotein D0","Q14103_T229_M1_28","Phospho (STY)",1.85080135256975,0.471677406231547,0.0167797256268653,6,"Not significant"
"Unstim / P3C4+Nigericin","CAP1","Cont_Q3SYV4","Cont_Q3SYV4","CAP1_BOVIN","Adenylyl cyclase-associated protein 1","Cont_Q3SYV4_T89_M1_28","Phospho (STY)",1.25371967376502,0.472373002513956,0.017243194747739,6,"Not significant"
"Unstim / P3C4+Nigericin","ZC3H14","Q6PJT7","Q6PJT7","ZC3HE_HUMAN","Zinc finger CCCH domain-containing protein 14","Q6PJT7_S515_M1_28","Phospho (STY)",2.29840660306121,0.473625121357203,0.0177857967035832,6,"Not significant"
"Unstim / P3C4+Nigericin","HNRNPA3","P51991","P51991","ROA3_HUMAN","Heterogeneous nuclear ribonucleoprotein A3","P51991_S358_M1_28","Phospho (STY)",2.8715513038734,0.474038400342166,0.017965587469859,5,"Not significant"
"Unstim / P3C4+Nigericin","DDX17","Q92841","Q92841","DDX17_HUMAN","Probable ATP-dependent RNA helicase DDX17","Q92841_S466_M1_28","Phospho (STY)",1.07874293325067,0.482281040416994,0.020964356536288,6,"Not significant"
"Unstim / P3C4+Nigericin","AIDA","Q96BJ3","Q96BJ3","AIDA_HUMAN","Axin interactor, dorsalization-associated protein","Q96BJ3_Y104_M1_28","Phospho (STY)",7.93656492009928,0.483025044729406,0.0211983851620809,6,"Not significant"
"Unstim / P3C4+Nigericin","STK10","O94804","O94804","STK10_HUMAN","Serine/threonine-protein kinase 10","O94804_S438_M1_28","Phospho (STY)",4.66202059944609,0.483975575948154,0.0213843745479769,6,"Not significant"
"Unstim / P3C4+Nigericin","IFI16","Q16666","Q16666","IF16_HUMAN","Gamma-interferon-inducible protein 16","Q16666_S153_M1_28","Phospho (STY)",2.40972747015462,0.48699374611823,0.0226662985051137,6,"Not significant"
"Unstim / P3C4+Nigericin","RBM15","Q96T37","Q96T37","RBM15_HUMAN","RNA-binding protein 15","Q96T37_S294_M1_28","Phospho (STY)",1.13528094992294,0.488822591945018,0.0237671670609522,6,"Not significant"
"Unstim / P3C4+Nigericin","HSPA1A;HSPA1B","P0DMV8;P0DMV9","P0DMV8;P0DMV9","HS71A_HUMAN;HS71B_HUMAN","Heat shock 70 kDa protein 1A;Heat shock 70 kDa protein 1B","P0DMV8_T66_M1_28","Phospho (STY)",3.96108328630442,0.488930242247112,0.0237963721043617,6,"Not significant"
"Unstim / P3C4+Nigericin","HSPA1A;HSPA1B","P0DMV8;P0DMV9","P0DMV8;P0DMV9","HS71A_HUMAN;HS71B_HUMAN","Heat shock 70 kDa protein 1A;Heat shock 70 kDa protein 1B","P0DMV9_T66_M1_28","Phospho (STY)",3.96108328630442,0.488930242247112,0.0237963721043617,6,"Not significant"
"Unstim / P3C4+Nigericin","PLAUR","Q03405","Q03405","UPAR_HUMAN","Urokinase plasminogen activator surface receptor","Q03405_Y109_M1_28","Phospho (STY)",0.220419939929116,0.490245227451931,0.024710047697431,6,"Not significant"
"Unstim / P3C4+Nigericin","THOC2","Q8NI27","Q8NI27","THOC2_HUMAN","THO complex subunit 2","Q8NI27_Y54_M2_28","Phospho (STY)",2.42125811880612,0.491695143066187,0.0253763581376996,6,"Not significant"
"Unstim / P3C4+Nigericin","BROX","Q5VW32","Q5VW32","BROX_HUMAN","BRO1 domain-containing protein BROX","Q5VW32_Y331_M1_28","Phospho (STY)",1.76424798679462,0.493882223769771,0.0261984142755278,6,"Not significant"
"Unstim / P3C4+Nigericin","GOT2","P00505","P00505","AATM_HUMAN","Aspartate aminotransferase, mitochondrial","P00505_S317_M2_28","Phospho (STY)",1.10340516941972,0.494202596142938,0.02643909522527,6,"Not significant"
"Unstim / P3C4+Nigericin","GOT2","P00505","P00505","AATM_HUMAN","Aspartate aminotransferase, mitochondrial","P00505_Y316_M2_28","Phospho (STY)",1.10340516941972,0.494202596142938,0.02643909522527,6,"Not significant"
"Unstim / P3C4+Nigericin","RNH1","P13489","P13489","RINI_HUMAN","Ribonuclease inhibitor","P13489_S50_M1_28","Phospho (STY)",0.647322989058821,0.494202596142938,0.0264396851572415,6,"Not significant"
"Unstim / P3C4+Nigericin","COPB2","P35606","P35606","COPB2_HUMAN","Coatomer subunit beta'","P35606_S859_M1_28","Phospho (STY)",1.29136853320192,0.4949208443482,0.0267851939357876,5,"Not significant"
"Unstim / P3C4+Nigericin","AHNAK","Q09666","Q09666","AHNK_HUMAN","Neuroblast differentiation-associated protein AHNAK","Q09666_S758_M1_28","Phospho (STY)",0.793784469895784,0.496572356121802,0.0280374024531136,6,"Not significant"
"Unstim / P3C4+Nigericin","ACLY","P53396","P53396","ACLY_HUMAN","ATP-citrate synthase","P53396_Y704_M1_28","Phospho (STY)",1.04315998269179,0.49933437682549,0.0298029453783776,6,"Not significant"
"Unstim / P3C4+Nigericin","SPN","P16150","P16150","LEUK_HUMAN","Leukosialin","P16150_S355_M1_28","Phospho (STY)",1.7750174163117,0.502062412688862,0.0311660894750512,6,"Not significant"
"Unstim / P3C4+Nigericin","PRSS1","P07477","P07477","TRY1_HUMAN","Serine protease 1","P07477_T103_M1_28","Phospho (STY)",3.04871885178254,0.503064831384916,0.0317263787045091,6,"Not significant"
"Unstim / P3C4+Nigericin","ANXA6","P08133","P08133","ANXA6_HUMAN","Annexin A6","P08133_T356_M1_28","Phospho (STY)",-9.37708529786074,0.504193280346549,0.0324088841605467,6,"Not significant"
"Unstim / P3C4+Nigericin","KIF5B","P33176","P33176","KINH_HUMAN","Kinesin-1 heavy chain","P33176_Y29_M1_28","Phospho (STY)",0.776737197347379,0.505234942538984,0.0331614739221007,6,"Not significant"
"Unstim / P3C4+Nigericin","MYL6","P60660","P60660","MYL6_HUMAN","Myosin light polypeptide 6","P60660_S57_M1_28","Phospho (STY)",-1.68255616328246,0.507269942504271,0.034261260774694,5,"Not significant"
"Unstim / P3C4+Nigericin","CAP1","Q01518","Q01518","CAP1_HUMAN","Adenylyl cyclase-associated protein 1","Q01518_S62_M1_28","Phospho (STY)",2.05810299284042,0.507592179378535,0.0345996396999298,5,"Not significant"
"Unstim / P3C4+Nigericin","HSPA2","P54652","P54652","HSP72_HUMAN","Heat shock-related 70 kDa protein 2","P54652_Y184_M1_28","Phospho (STY)",0.754308657919971,0.507964059960362,0.0348095026308556,6,"Not significant"
"Unstim / P3C4+Nigericin","EZR","P15311","P15311","EZRI_HUMAN","Ezrin","P15311_T235_M1_28","Phospho (STY)",1.62401100844076,0.508280165510016,0.0350967707609932,6,"Not significant"
"Unstim / P3C4+Nigericin","YTHDC1","Q96MU7","Q96MU7","YTDC1_HUMAN","YTH domain-containing protein 1","Q96MU7_S308_M1_28","Phospho (STY)",1.03602243796213,0.508940777601115,0.0357034136829345,6,"Not significant"
"Unstim / P3C4+Nigericin","ACOT8","O14734","O14734","ACOT8_HUMAN","Acyl-coenzyme A thioesterase 8","O14734_T301_M1_28","Phospho (STY)",1.34189514701867,0.509184426366961,0.036024220990877,6,"Not significant"
"Unstim / P3C4+Nigericin","ARID1A","O14497","O14497","ARI1A_HUMAN","AT-rich interactive domain-containing protein 1A","O14497_S363_M1_28","Phospho (STY)",2.19816096261867,0.510431097773372,0.0368915127901294,6,"Not significant"
"Unstim / P3C4+Nigericin","PCM1","Q15154","Q15154","PCM1_HUMAN","Pericentriolar material 1 protein","Q15154_S65_M1_28","Phospho (STY)",1.7918423931612,0.510993291316827,0.0372428240173014,6,"Not significant"
"Unstim / P3C4+Nigericin","RBM14","Q96PK6","Q96PK6","RBM14_HUMAN","RNA-binding protein 14","Q96PK6_T206_M1_28","Phospho (STY)",1.63041234263084,0.5112574862117,0.0374375829030232,6,"Not significant"
"Unstim / P3C4+Nigericin","CAP2","P40123","P40123","CAP2_HUMAN","Adenylyl cyclase-associated protein 2","P40123_T274_M1_28","Phospho (STY)",0.754405936461241,0.511479588087247,0.0377268688514881,6,"Not significant"
"Unstim / P3C4+Nigericin","WDFY3","Q8IZQ1","Q8IZQ1","WDFY3_HUMAN","WD repeat and FYVE domain-containing protein 3","Q8IZQ1_S1980_M1_28","Phospho (STY)",0.752509956567032,0.511479588087247,0.037971836433431,6,"Not significant"
"Unstim / P3C4+Nigericin","AHNAK","Q09666","Q09666","AHNK_HUMAN","Neuroblast differentiation-associated protein AHNAK","Q09666_S5573_M1_28","Phospho (STY)",0.645571513565957,0.512177035284485,0.0384830358230882,5,"Not significant"
"Unstim / P3C4+Nigericin","ACTN4","O43707","O43707","ACTN4_HUMAN","Alpha-actinin-4","O43707_Y878_M1_28","Phospho (STY)",1.17342192039575,0.512837428316736,0.0389533466361063,6,"Not significant"
"Unstim / P3C4+Nigericin","HSPA1A;HSPA1B","P0DMV8;P0DMV9","P0DMV8;P0DMV9","HS71A_HUMAN;HS71B_HUMAN","Heat shock 70 kDa protein 1A;Heat shock 70 kDa protein 1B","P0DMV8_Y15_M1_28","Phospho (STY)",0.653739065461285,0.514429658721987,0.0403344720735732,6,"Not significant"
"Unstim / P3C4+Nigericin","HSPA1A;HSPA1B","P0DMV8;P0DMV9","P0DMV8;P0DMV9","HS71A_HUMAN;HS71B_HUMAN","Heat shock 70 kDa protein 1A;Heat shock 70 kDa protein 1B","P0DMV9_Y15_M1_28","Phospho (STY)",0.653739065461285,0.514429658721987,0.0403344720735732,6,"Not significant"
"Unstim / P3C4+Nigericin","ENO1","P06733","P06733","ENOA_HUMAN","Alpha-enolase","P06733_T85_M1_28","Phospho (STY)",1.61517883961626,0.516529283492121,0.0418487185161262,6,"Not significant"
"Unstim / P3C4+Nigericin","CCAR2","Q8N163","Q8N163","CCAR2_HUMAN","Cell cycle and apoptosis regulator protein 2","Q8N163_Y100_M1_28","Phospho (STY)",1.02873541351179,0.516604316279591,0.0418914301714395,6,"Not significant"
"Unstim / P3C4+Nigericin","ENO2","P09104","P09104","ENOG_HUMAN","Gamma-enolase","P09104_S221_M1_28","Phospho (STY)",0.845677720191282,0.51728974350522,0.042345348963906,6,"Not significant"
"Unstim / P3C4+Nigericin","HNRNPA0","Q13151","Q13151","ROA0_HUMAN","Heterogeneous nuclear ribonucleoprotein A0","Q13151_Y145_M1_28","Phospho (STY)",1.99516889484845,0.519159910705046,0.0437589253235,6,"Not significant"
"Unstim / P3C4+Nigericin","EEF1A1","Cont_P68103;P68104","Cont_P68103;P68104","EF1A1_BOVIN;EF1A1_HUMAN","Elongation factor 1-alpha 1","Cont_P68103_Y357_M1_28","Phospho (STY)",0.704309922946206,0.522374256284084,0.0460942539954074,6,"Not significant"
"Unstim / P3C4+Nigericin","EEF1A1","Cont_P68103;P68104","Cont_P68103;P68104","EF1A1_BOVIN;EF1A1_HUMAN","Elongation factor 1-alpha 1","P68104_Y357_M1_28","Phospho (STY)",0.704309922946206,0.522374256284084,0.0460942539954074,6,"Not significant"
"Unstim / P3C4+Nigericin","RRBP1","Q9P2E9","Q9P2E9","RRBP1_HUMAN","Ribosome-binding protein 1","Q9P2E9_Y1219_M2_28","Phospho (STY)",0.750928464697311,0.524406436229449,0.0474317365704375,6,"Not significant"
"Unstim / P3C4+Nigericin","DTX3L","Q8TDB6","Q8TDB6","DTX3L_HUMAN","E3 ubiquitin-protein ligase DTX3L","Q8TDB6_S9_M1_28","Phospho (STY)",1.99644089688732,0.524565537618452,0.0475705033238767,5,"Not significant"
"Unstim / P3C4+Nigericin","MAP1S","Q66K74","Q66K74","MAP1S_HUMAN","Microtubule-associated protein 1S","Q66K74_S759_M1_28","Phospho (STY)",2.34148656475906,0.525080011952959,0.0481222569907168,5,"Not significant"
"Unstim / P3C4+Nigericin","NDUFA9","Q16795","Q16795","NDUA9_HUMAN","NADH dehydrogenase [ubiquinone] 1 alpha subcomplex subunit 9, mitochondrial","Q16795_S219_M2_28","Phospho (STY)",0.617045473551115,0.525117612960984,0.0482418302479567,5,"Not significant"
"Unstim / P3C4+Nigericin","BCLAF1","Q9NYF8","Q9NYF8","BCLF1_HUMAN","Bcl-2-associated transcription factor 1","Q9NYF8_S531_M1_28","Phospho (STY)",0.805228098651853,0.52671039042448,0.0499952981884173,6,"Not significant"
"Unstim / P3C4+Nigericin","AHNAK","Q09666","Q09666","AHNK_HUMAN","Neuroblast differentiation-associated protein AHNAK","Q09666_T376_M1_28","Phospho (STY)",-4.79294067631249,0.529155202181849,0.0519378749070746,6,"Not significant"
"Unstim / P3C4+Nigericin","ACTR3","P61158","P61158","ARP3_HUMAN","Actin-related protein 3","P61158_Y184_M1_28","Phospho (STY)",2.47148971987867,0.53024149294017,0.0530615800596996,6,"Not significant"
"Unstim / P3C4+Nigericin","PRKCSH","P14314","P14314","GLU2B_HUMAN","Glucosidase 2 subunit beta","P14314_S478_M1_28","Phospho (STY)",-0.690404792426022,0.530510411764613,0.0532668595495576,5,"Not significant"
"Unstim / P3C4+Nigericin","ACIN1","Q9UKV3","Q9UKV3","ACINU_HUMAN","Apoptotic chromatin condensation inducer in the nucleus","Q9UKV3_S1004_M1_28","Phospho (STY)",0.488372745842318,0.530730034000939,0.0535486372532042,6,"Not significant"
"Unstim / P3C4+Nigericin","LSP1","P33241","P33241","LSP1_HUMAN","Lymphocyte-specific protein 1","P33241_S252_M1_28","Phospho (STY)",1.44618759539234,0.531713347694726,0.0549362605982797,6,"Not significant"
"Unstim / P3C4+Nigericin","LMNA","P02545","P02545","LMNA_HUMAN","Prelamin-A/C","P02545_S390_M1_28","Phospho (STY)",0.859283608103816,0.532342293817223,0.0558875643642433,6,"Not significant"
"Unstim / P3C4+Nigericin","STAT1","P42224","P42224","STAT1_HUMAN","Signal transducer and activator of transcription 1-alpha/beta","P42224_Y701_M1_28","Phospho (STY)",1.93656451562826,0.533753316074664,0.057439497832831,6,"Not significant"
"Unstim / P3C4+Nigericin","CAP1","Q01518","Q01518","CAP1_HUMAN","Adenylyl cyclase-associated protein 1","Q01518_T78_M1_28","Phospho (STY)",1.17931192312509,0.534649273452102,0.0584912546591925,6,"Not significant"
"Unstim / P3C4+Nigericin","AHNAK","Q09666","Q09666","AHNK_HUMAN","Neuroblast differentiation-associated protein AHNAK","Q09666_S5190_M2_28","Phospho (STY)",0.748805280799626,0.534948248634224,0.0587744176813679,6,"Not significant"
"Unstim / P3C4+Nigericin","BRD2","P25440","P25440","BRD2_HUMAN","Bromodomain-containing protein 2","P25440_T6_M1_28","Phospho (STY)",0.915651282584856,0.535119706406631,0.0589741327600382,6,"Not significant"
"Unstim / P3C4+Nigericin","GOLGA2","Q08379","Q08379","GOGA2_HUMAN","Golgin subfamily A member 2","Q08379_Y846_M1_28","Phospho (STY)",1.56369919302473,0.536837449102309,0.0605118006531517,5,"Not significant"
"Unstim / P3C4+Nigericin","RAB37","Q96AX2","Q96AX2","RAB37_HUMAN","Ras-related protein Rab-37","Q96AX2_T73_M1_28","Phospho (STY)",1.95336942394841,0.537755018341609,0.0617507409167523,6,"Not significant"
"Unstim / P3C4+Nigericin","TRA2B","P62995","P62995","TRA2B_HUMAN","Transformer-2 protein homolog beta","P62995_T201_M1_28","Phospho (STY)",1.54962288779183,0.538242935372499,0.0620875213429588,6,"Not significant"
"Unstim / P3C4+Nigericin","PER1","O15534","O15534","PER1_HUMAN","Period circadian protein homolog 1","O15534_S1186_M1_28","Phospho (STY)",6.87247514802848,0.539562732413831,0.0633034295548555,6,"Not significant"
"Unstim / P3C4+Nigericin","TKT","P29401","P29401","TKT_HUMAN","Transketolase","P29401_T287_M1_28","Phospho (STY)",1.28323870201772,0.540818940716006,0.0643235848433361,6,"Not significant"
"Unstim / P3C4+Nigericin","ABI1","Q8IZP0","Q8IZP0","ABI1_HUMAN","Abl interactor 1","Q8IZP0_Y198_M1_28","Phospho (STY)",1.36709396534772,0.541306126299668,0.0647666362595572,6,"Not significant"
"Unstim / P3C4+Nigericin","PARK7","Q99497","Q99497","PARK7_HUMAN","Parkinson disease protein 7","Q99497_T19_M1_28","Phospho (STY)",0.77113675380409,0.541359973089303,0.0650091139939972,6,"Not significant"
"Unstim / P3C4+Nigericin","H4C1","P62805","P62805","H4_HUMAN","Histone H4","P62805_T81_M1_28","Phospho (STY)",0.598046844691643,0.542509376757099,0.0656830282429328,6,"Not significant"
"Unstim / P3C4+Nigericin","RAB1B","Q9H0U4","Q9H0U4","RAB1B_HUMAN","Ras-related protein Rab-1B","Q9H0U4_S142_M1_28","Phospho (STY)",-0.735286818409023,0.542874904592102,0.0661524928900752,6,"Not significant"
"Unstim / P3C4+Nigericin","UGP2","Q16851","Q16851","UGPA_HUMAN","UTP--glucose-1-phosphate uridylyltransferase","Q16851_S200_M1_28","Phospho (STY)",0.691178586052899,0.543818123298914,0.0675706969010859,6,"Not significant"
"Unstim / P3C4+Nigericin","EEF2","P13639","P13639","EF2_HUMAN","Elongation factor 2","P13639_Y634_M1_28","Phospho (STY)",1.00317449946175,0.544009575265615,0.0680551622765817,5,"Not significant"
"Unstim / P3C4+Nigericin","RAB44","Q7Z6P3","Q7Z6P3","RAB44_HUMAN","Ras-related protein Rab-44","Q7Z6P3_T874_M1_28","Phospho (STY)",0.905465922338659,0.546656012064982,0.0710594648220977,6,"Not significant"
"Unstim / P3C4+Nigericin","PTPRE","P23469","P23469","PTPRE_HUMAN","Receptor-type tyrosine-protein phosphatase epsilon","P23469_Y165_M1_28","Phospho (STY)",1.16258757257644,0.54707815662315,0.0725012673475497,6,"Not significant"
"Unstim / P3C4+Nigericin","SRRM2","Q9UQ35","Q9UQ35","SRRM2_HUMAN","Serine/arginine repetitive matrix protein 2","Q9UQ35_S2398_M1_28","Phospho (STY)",0.958494596401341,0.548067070954443,0.073640946151877,5,"Not significant"
"Unstim / P3C4+Nigericin","PAXX","Q9BUH6","Q9BUH6","PAXX_HUMAN","Protein PAXX","Q9BUH6_S152_M1_28","Phospho (STY)",1.40914721342561,0.550031891627732,0.075416469903834,6,"Not significant"
"Unstim / P3C4+Nigericin","RPS20","P60866","P60866","RS20_HUMAN","Small ribosomal subunit protein uS10","P60866_T9_M2_28","Phospho (STY)",0.389110734863445,0.551062638953236,0.0767684503140454,6,"Not significant"
"Unstim / P3C4+Nigericin","RPS20","P60866","P60866","RS20_HUMAN","Small ribosomal subunit protein uS10","P60866_T6_M2_28","Phospho (STY)",0.389110734863445,0.551062638953236,0.0767684503140454,6,"Not significant"
"Unstim / P3C4+Nigericin","AHNAK","Q09666","Q09666","AHNK_HUMAN","Neuroblast differentiation-associated protein AHNAK","Q09666_S3159_M1_28","Phospho (STY)",1.12412876000511,0.551062638953236,0.0769341522452032,6,"Not significant"
"Unstim / P3C4+Nigericin","AHNAK","Q09666","Q09666","AHNK_HUMAN","Neuroblast differentiation-associated protein AHNAK","Q09666_S3941_M1_28","Phospho (STY)",1.12412876000511,0.551062638953236,0.0769341522452032,6,"Not significant"
"Unstim / P3C4+Nigericin","ACTC1","P68032","P68032","ACTC_HUMAN","Actin, alpha cardiac muscle 1","P68032_Y296_M1_28","Phospho (STY)",0.950347391193977,0.553790429613877,0.0793095383061278,6,"Not significant"
"Unstim / P3C4+Nigericin","DDX17","Q92841","Q92841","DDX17_HUMAN","Probable ATP-dependent RNA helicase DDX17","Q92841_Y519_M1_28","Phospho (STY)",1.79946915033117,0.554064177753144,0.0796278208272861,6,"Not significant"
"Unstim / P3C4+Nigericin","RAB12","Q6IQ22","Q6IQ22","RAB12_HUMAN","Ras-related protein Rab-12","Q6IQ22_Y143_M2_28","Phospho (STY)",1.49598254471304,0.554390999809158,0.0801487728294013,6,"Not significant"
"Unstim / P3C4+Nigericin","HMGA1","P17096","P17096","HMGA1_HUMAN","High mobility group protein HMG-I/HMG-Y","P17096_S44_M1_28","Phospho (STY)",0.816710836211655,0.555186692245965,0.0817705753498548,6,"Not significant"
"Unstim / P3C4+Nigericin","GYS1","P13807","P13807","GYS1_HUMAN","Glycogen [starch] synthase, muscle","P13807_Y405_M1_28","Phospho (STY)",0.954719415642393,0.555785387106922,0.0830677300044912,6,"Not significant"
"Unstim / P3C4+Nigericin","H2AC11;H2AC12;H2AC14","P0C0S8;Q96KK5;Q99878","P0C0S8;Q96KK5;Q99878","H2A1_HUMAN;H2A1H_HUMAN;H2A1J_HUMAN","Histone H2A type 1;Histone H2A type 1-H;Histone H2A type 1-J","P0C0S8_T102_M1_28","Phospho (STY)",-0.780036448985355,0.556604607267625,0.0845372833326072,6,"Not significant"
"Unstim / P3C4+Nigericin","H2AC11;H2AC12;H2AC14","P0C0S8;Q96KK5;Q99878","P0C0S8;Q96KK5;Q99878","H2A1_HUMAN;H2A1H_HUMAN;H2A1J_HUMAN","Histone H2A type 1;Histone H2A type 1-H;Histone H2A type 1-J","Q96KK5_T102_M1_28","Phospho (STY)",-0.780036448985355,0.556604607267625,0.0845372833326072,6,"Not significant"
"Unstim / P3C4+Nigericin","H2AC11;H2AC12;H2AC14","P0C0S8;Q96KK5;Q99878","P0C0S8;Q96KK5;Q99878","H2A1_HUMAN;H2A1H_HUMAN;H2A1J_HUMAN","Histone H2A type 1;Histone H2A type 1-H;Histone H2A type 1-J","Q99878_T102_M1_28","Phospho (STY)",-0.780036448985355,0.556604607267625,0.0845372833326072,6,"Not significant"
"Unstim / P3C4+Nigericin","ACAA2","P42765","P42765","THIM_HUMAN","3-ketoacyl-CoA thiolase, mitochondrial","P42765_Y20_M1_28","Phospho (STY)",0.547397173082433,0.556680599014226,0.0846626439042442,6,"Not significant"
"Unstim / P3C4+Nigericin","ACLY","P53396","P53396","ACLY_HUMAN","ATP-citrate synthase","P53396_Y704_M2_28","Phospho (STY)",-0.841017630143722,0.557597288811653,0.0854887558090677,5,"Not significant"
"Unstim / P3C4+Nigericin","IRF2BPL","Q9H1B7","Q9H1B7","I2BPL_HUMAN","Probable E3 ubiquitin-protein ligase IRF2BPL","Q9H1B7_S547_M1_28","Phospho (STY)",1.76840466787441,0.558576531486104,0.0864454887513555,5,"Not significant"
"Unstim / P3C4+Nigericin","LAT2","Q9GZY6","Q9GZY6","NTAL_HUMAN","Linker for activation of T-cells family member 2","Q9GZY6_S44_M1_28","Phospho (STY)",1.92499378903059,0.559008365759515,0.0869957491087822,5,"Not significant"
"Unstim / P3C4+Nigericin","NACA","E9PAV3;Q13765","E9PAV3;Q13765","NACAM_HUMAN;NACA_HUMAN","Nascent polypeptide-associated complex subunit alpha, muscle-specific form;Nascent polypeptide-associated complex subunit alpha","E9PAV3_Y1983_M1_28","Phospho (STY)",0.678710063342015,0.559389950326939,0.0872920480394653,6,"Not significant"
"Unstim / P3C4+Nigericin","NACA","E9PAV3;Q13765","E9PAV3;Q13765","NACAM_HUMAN;NACA_HUMAN","Nascent polypeptide-associated complex subunit alpha, muscle-specific form;Nascent polypeptide-associated complex subunit alpha","Q13765_Y120_M1_28","Phospho (STY)",0.678710063342015,0.559389950326939,0.0872920480394653,6,"Not significant"
"Unstim / P3C4+Nigericin","DNM2","P50570","P50570","DYN2_HUMAN","Dynamin-2","P50570_Y231_M1_28","Phospho (STY)",1.02433157868253,0.560281017945,0.0884729152967104,6,"Not significant"
"Unstim / P3C4+Nigericin","RBM39","Q14498","Q14498","RBM39_HUMAN","RNA-binding protein 39","Q14498_S136_M1_28","Phospho (STY)",0.861253714089058,0.56095439768352,0.089742095951569,6,"Not significant"
"Unstim / P3C4+Nigericin","AHNAK","Q09666","Q09666","AHNK_HUMAN","Neuroblast differentiation-associated protein AHNAK","Q09666_S4092_M1_28","Phospho (STY)",0.71641020113467,0.56245563398323,0.0915182224393119,6,"Not significant"
"Unstim / P3C4+Nigericin","CLTC","Q00610","Q00610","CLH1_HUMAN","Clathrin heavy chain 1","Q00610_T235_M1_28","Phospho (STY)",1.41438921088919,0.562853509369305,0.0921495480861135,6,"Not significant"
"Unstim / P3C4+Nigericin","AHNAK","Q09666","Q09666","AHNK_HUMAN","Neuroblast differentiation-associated protein AHNAK","Q09666_S3611_M1_28","Phospho (STY)",1.26077131712928,0.563865276433783,0.0940201570053408,6,"Not significant"
"Unstim / P3C4+Nigericin","PPP6R3","Q5H9R7","Q5H9R7","PP6R3_HUMAN","Serine/threonine-protein phosphatase 6 regulatory subunit 3","Q5H9R7_T171_M1_28","Phospho (STY)",0.907497418591134,0.564266012074921,0.0946166968649813,6,"Not significant"
"Unstim / P3C4+Nigericin","ATP6V0A1","Q93050","Q93050","VPP1_HUMAN","V-type proton ATPase 116 kDa subunit a 1","Q93050_T82_M1_28","Phospho (STY)",1.37825759853051,0.564918211290985,0.0958619401998866,6,"Not significant"
"Unstim / P3C4+Nigericin","AHNAK","Q09666","Q09666","AHNK_HUMAN","Neuroblast differentiation-associated protein AHNAK","Q09666_S135_M1_28","Phospho (STY)",1.43416442147741,0.564992696790368,0.0959435271408078,6,"Not significant"
"Unstim / P3C4+Nigericin","EIF2S2","P20042","P20042","IF2B_HUMAN","Eukaryotic translation initiation factor 2 subunit 2","P20042_S2_M1_28","Phospho (STY)",2.01476567278524,0.566730476296204,0.0977457113857694,4,"Not significant"
"Unstim / P3C4+Nigericin","ACTB","Cont_P60712;P60709","Cont_P60712;P60709","ACTB_BOVIN;ACTB_HUMAN","Actin, cytoplasmic 1;Actin, cytoplasmic 1","Cont_P60712_Y53_M1_28","Phospho (STY)",0.994021808444014,0.567047518308394,0.0987149438252943,6,"Not significant"
"Unstim / P3C4+Nigericin","ACTB","Cont_P60712;P60709","Cont_P60712;P60709","ACTB_BOVIN;ACTB_HUMAN","Actin, cytoplasmic 1;Actin, cytoplasmic 1","P60709_Y53_M1_28","Phospho (STY)",0.994021808444014,0.567047518308394,0.0987149438252943,6,"Not significant"
"Unstim / P3C4+Nigericin","PTMA","P06454","P06454","PTMA_HUMAN","Prothymosin alpha","P06454_S2_M1_28","Phospho (STY)",-0.919317594325421,0.567800874853919,0.10006871712171,6,"Not significant"
"Unstim / P3C4+Nigericin","PNISR","Q8TF01","Q8TF01","PNISR_HUMAN","Arginine/serine-rich protein PNISR","Q8TF01_S211_M1_28","Phospho (STY)",1.27929484771972,0.568105891850065,0.10049324317014,6,"Not significant"
"Unstim / P3C4+Nigericin","CSTF2","P33240","P33240","CSTF2_HUMAN","Cleavage stimulation factor subunit 2","P33240_T548_M1_28","Phospho (STY)",1.31346736859056,0.568332186367227,0.100640279832296,6,"Not significant"
"Unstim / P3C4+Nigericin","NCL","P19338","P19338","NUCL_HUMAN","Nucleolin","P19338_S563_M1_28","Phospho (STY)",1.18687613801454,0.570092396692489,0.103186027194401,6,"Not significant"
"Unstim / P3C4+Nigericin","LILRB1","Q8NHL6","Q8NHL6","LIRB1_HUMAN","Leukocyte immunoglobulin-like receptor subfamily B member 1","Q8NHL6_S579_M1_28","Phospho (STY)",2.51321270686318,0.570320755407371,0.103530839293588,6,"Not significant"
"Unstim / P3C4+Nigericin","RCSD1","Q6JBY9","Q6JBY9","CPZIP_HUMAN","CapZ-interacting protein","Q6JBY9_S108_M1_28","Phospho (STY)",2.78241306996466,0.571019355095749,0.10451874566976,5,"Not significant"
"Unstim / P3C4+Nigericin","DDX18","Q9NVP1","Q9NVP1","DDX18_HUMAN","ATP-dependent RNA helicase DDX18","Q9NVP1_T260_M2_28","Phospho (STY)",-1.75836121053716,0.572705882734477,0.106963340521263,5,"Not significant"
"Unstim / P3C4+Nigericin","DDX18","Q9NVP1","Q9NVP1","DDX18_HUMAN","ATP-dependent RNA helicase DDX18","Q9NVP1_S258_M2_28","Phospho (STY)",-1.75836121053716,0.572705882734477,0.106963340521263,5,"Not significant"
"Unstim / P3C4+Nigericin","DRG2","P55039","P55039","DRG2_HUMAN","Developmentally-regulated GTP-binding protein 2","P55039_Y210_M1_28","Phospho (STY)",0.864755444102837,0.573362877128644,0.108089225842677,6,"Not significant"
"Unstim / P3C4+Nigericin","G3BP1","Q13283","Q13283","G3BP1_HUMAN","Ras GTPase-activating protein-binding protein 1","Q13283_S232_M1_28","Phospho (STY)",1.47782324063707,0.575159677439387,0.111081379234508,5,"Not significant"
"Unstim / P3C4+Nigericin","CAT","P04040","P04040","CATA_HUMAN","Catalase","P04040_Y308_M1_28","Phospho (STY)",0.892944435013093,0.575719605062013,0.112027262185298,6,"Not significant"
"Unstim / P3C4+Nigericin","AHNAK","Q09666","Q09666","AHNK_HUMAN","Neuroblast differentiation-associated protein AHNAK","Q09666_S1452_M1_28","Phospho (STY)",1.31166549804685,0.575937715282895,0.112384132636794,6,"Not significant"
"Unstim / P3C4+Nigericin","CORO7","P57737","P57737","CORO7_HUMAN","Coronin-7","P57737_T536_M2_28","Phospho (STY)",-4.168028808446,0.576204597929897,0.113097464490872,4,"Not significant"
"Unstim / P3C4+Nigericin","DDX46","Q7L014","Q7L014","DDX46_HUMAN","Probable ATP-dependent RNA helicase DDX46","Q7L014_T877_M1_28","Phospho (STY)",1.76586583425971,0.576339554943073,0.113323979024248,5,"Not significant"
"Unstim / P3C4+Nigericin","TMSB4X","P62328","P62328","TYB4_HUMAN","Thymosin beta-4","P62328_T21_M1_28","Phospho (STY)",0.899292579042478,0.576450969371506,0.113439095455825,6,"Not significant"
"Unstim / P3C4+Nigericin","RPL18","Q07020","Q07020","RL18_HUMAN","Large ribosomal subunit protein eL18","Q07020_T136_M1_28","Phospho (STY)",0.643402399706958,0.577437287705337,0.115060442797943,6,"Not significant"
"Unstim / P3C4+Nigericin","GPX1","P07203","P07203","GPX1_HUMAN","Glutathione peroxidase 1","P07203_S47_M2_28","Phospho (STY)",0.664405962026951,0.577612294310069,0.115379538591111,6,"Not significant"
"Unstim / P3C4+Nigericin","UBE2I","P63279","P63279","UBC9_HUMAN","SUMO-conjugating enzyme UBC9","P63279_Y87_M1_28","Phospho (STY)",1.48730555877387,0.578461280632551,0.116945693547023,5,"Not significant"
"Unstim / P3C4+Nigericin","CAP1","Q01518","Q01518","CAP1_HUMAN","Adenylyl cyclase-associated protein 1","Q01518_S338_M1_28","Phospho (STY)",2.34000023455862,0.578565606065238,0.117045845387747,4,"Not significant"
"Unstim / P3C4+Nigericin","MAPRE1","Q15691","Q15691","MARE1_HUMAN","Microtubule-associated protein RP/EB family member 1","Q15691_Y217_M1_28","Phospho (STY)",1.90704827395856,0.578565606065238,0.11704819595097,6,"Not significant"
"Unstim / P3C4+Nigericin","FAM120A","Q9NZB2","Q9NZB2","F120A_HUMAN","Constitutive coactivator of PPAR-gamma-like protein 1","Q9NZB2_Y1020_M2_28","Phospho (STY)",-0.662371077049644,0.580376119136124,0.120147145766044,6,"Not significant"
"Unstim / P3C4+Nigericin","CSTF2","P33240","P33240","CSTF2_HUMAN","Cleavage stimulation factor subunit 2","P33240_S524_M1_28","Phospho (STY)",1.82037349737369,0.58111501660521,0.121541156654751,5,"Not significant"
"Unstim / P3C4+Nigericin","BAK1","Q16611","Q16611","BAK_HUMAN","Bcl-2 homologous antagonist/killer","Q16611_S3_M1_28","Phospho (STY)",1.06315339258502,0.581761588044091,0.122595582928419,6,"Not significant"
"Unstim / P3C4+Nigericin","TNF","P01375","P01375","TNFA_HUMAN","Tumor necrosis factor","P01375_S71_M1_28","Phospho (STY)",1.01095115964925,0.583894958644502,0.127026832746212,4,"Not significant"
"Unstim / P3C4+Nigericin","RAB11B","Q15907","Q15907","RB11B_HUMAN","Ras-related protein Rab-11B","Q15907_T59_M1_28","Phospho (STY)",0.520118838691929,0.584227319719449,0.127697760741967,6,"Not significant"
"Unstim / P3C4+Nigericin","ACTB","Cont_P60712;P60709","Cont_P60712;P60709","ACTB_BOVIN;ACTB_HUMAN","Actin, cytoplasmic 1;Actin, cytoplasmic 1","Cont_P60712_S232_M2_28","Phospho (STY)",-2.76047030898735,0.58443834260304,0.128188896463359,5,"Not significant"
"Unstim / P3C4+Nigericin","ACTB","Cont_P60712;P60709","Cont_P60712;P60709","ACTB_BOVIN;ACTB_HUMAN","Actin, cytoplasmic 1;Actin, cytoplasmic 1","P60709_S232_M2_28","Phospho (STY)",-2.76047030898735,0.58443834260304,0.128188896463359,5,"Not significant"
"Unstim / P3C4+Nigericin","CAP1","Q01518","Q01518","CAP1_HUMAN","Adenylyl cyclase-associated protein 1","Q01518_Y43_M1_28","Phospho (STY)",1.30041579067648,0.584522372706506,0.128328588424377,4,"Not significant"
"Unstim / P3C4+Nigericin","SRSF1","Q07955","Q07955","SRSF1_HUMAN","Serine/arginine-rich splicing factor 1","Q07955_Y149_M1_28","Phospho (STY)",1.86943599732751,0.585216519725857,0.129492956212524,6,"Not significant"
"Unstim / P3C4+Nigericin","PRSS1","P07477","P07477","TRY1_HUMAN","Serine protease 1","P07477_T103_M2_28","Phospho (STY)",0.334425205781142,0.585543274818932,0.130018885898432,6,"Not significant"
"Unstim / P3C4+Nigericin","PRSS1","P07477","P07477","TRY1_HUMAN","Serine protease 1","P07477_Y99_M2_28","Phospho (STY)",0.334425205781142,0.585543274818932,0.130018885898432,6,"Not significant"
"Unstim / P3C4+Nigericin","CHMP4B","Q9H444","Q9H444","CHM4B_HUMAN","Charged multivesicular body protein 4b","Q9H444_T21_M1_28","Phospho (STY)",0.52800876790705,0.586460134916407,0.131697034143222,6,"Not significant"
"Unstim / P3C4+Nigericin","NUP85","Q9BW27","Q9BW27","NUP85_HUMAN","Nuclear pore complex protein Nup85","Q9BW27_T579_M2_28","Phospho (STY)",0.480911118184555,0.587178295392461,0.132597587413606,5,"Not significant"
"Unstim / P3C4+Nigericin","SLC30A1","Q9Y6M5","Q9Y6M5","ZNT1_HUMAN","Proton-coupled zinc antiporter SLC30A1","Q9Y6M5_T483_M1_28","Phospho (STY)",3.31635495275064,0.587254140330505,0.133031835942854,6,"Not significant"
"Unstim / P3C4+Nigericin","PPAN","Q9NQ55","Q9NQ55","SSF1_HUMAN","Suppressor of SWI4 1 homolog","Q9NQ55_S359_M1_28","Phospho (STY)",1.63894382339601,0.587997766680035,0.134648579677016,5,"Not significant"
"Unstim / P3C4+Nigericin","EIF5A","P63241","P63241","IF5A1_HUMAN","Eukaryotic translation initiation factor 5A-1","P63241_T65_M1_28","Phospho (STY)",1.29914883033859,0.588121302281028,0.134921652702054,6,"Not significant"
"Unstim / P3C4+Nigericin","THRAP3","Q9Y2W1","Q9Y2W1","TR150_HUMAN","Thyroid hormone receptor-associated protein 3","Q9Y2W1_S682_M1_28","Phospho (STY)",1.17862274404834,0.589090128651395,0.137168013220276,5,"Not significant"
"Unstim / P3C4+Nigericin","LMAN2L","Q9H0V9","Q9H0V9","LMA2L_HUMAN","VIP36-like protein","Q9H0V9_Y134_M2_28","Phospho (STY)",-0.50393930536732,0.589651832571621,0.138551080260142,6,"Not significant"
"Unstim / P3C4+Nigericin","NDUFB4","O95168","O95168","NDUB4_HUMAN","NADH dehydrogenase [ubiquinone] 1 beta subcomplex subunit 4","O95168_Y6_M1_28","Phospho (STY)",0.406175426194636,0.589848392889493,0.139064980796671,6,"Not significant"
"Unstim / P3C4+Nigericin","SOD2","P04179","P04179","SODM_HUMAN","Superoxide dismutase [Mn], mitochondrial","P04179_S106_M1_28","Phospho (STY)",0.788716868343722,0.590573327209699,0.140121871596455,6,"Not significant"
"Unstim / P3C4+Nigericin","RPSA","P08865","P08865","RSSA_HUMAN","Small ribosomal subunit protein uS2","P08865_T144_M1_28","Phospho (STY)",0.708177970730226,0.590625752777834,0.140245646015017,6,"Not significant"
"Unstim / P3C4+Nigericin","EEF1A1","Cont_P68103;P68104","Cont_P68103;P68104","EF1A1_BOVIN;EF1A1_HUMAN","Elongation factor 1-alpha 1","Cont_P68103_Y418_M2_28","Phospho (STY)",0.598078649839972,0.590782633432503,0.140533167757065,5,"Not significant"
"Unstim / P3C4+Nigericin","EEF1A1","Cont_P68103;P68104","Cont_P68103;P68104","EF1A1_BOVIN;EF1A1_HUMAN","Elongation factor 1-alpha 1","P68104_Y418_M2_28","Phospho (STY)",0.598078649839972,0.590782633432503,0.140533167757065,5,"Not significant"
"Unstim / P3C4+Nigericin","RP2","O75695","O75695","XRP2_HUMAN","Protein XRP2","O75695_S219_M1_28","Phospho (STY)",0.93237568044742,0.590784058925652,0.140618036730627,4,"Not significant"
"Unstim / P3C4+Nigericin","VAMP3","Q15836","Q15836","VAMP3_HUMAN","Vesicle-associated membrane protein 3","Q15836_T18_M1_28","Phospho (STY)",0.55727126670534,0.590807991552869,0.140701367650628,6,"Not significant"
"Unstim / P3C4+Nigericin","PRKDC","P78527","P78527","PRKDC_HUMAN","DNA-dependent protein kinase catalytic subunit","P78527_T4060_M1_28","Phospho (STY)",1.59644616962911,0.590843491746852,0.140928469492991,6,"Not significant"
"Unstim / P3C4+Nigericin","HP1BP3","Q5SSJ5","Q5SSJ5","HP1B3_HUMAN","Heterochromatin protein 1-binding protein 3","Q5SSJ5_Y379_M2_28","Phospho (STY)",0.626889065964011,0.591867360628929,0.142473349935277,6,"Not significant"
"Unstim / P3C4+Nigericin","AHNAK","Q09666","Q09666","AHNK_HUMAN","Neuroblast differentiation-associated protein AHNAK","Q09666_S4348_M1_28","Phospho (STY)",0.996071696266715,0.592405497612319,0.14357265411721,4,"Not significant"
"Unstim / P3C4+Nigericin","CTSV","O60911","O60911","CATL2_HUMAN","Cathepsin L2","O60911_Y125_M1_28","Phospho (STY)",2.74559710502712,0.593533408114693,0.145110622624482,6,"Not significant"
"Unstim / P3C4+Nigericin","SND1","Q7KZF4","Q7KZF4","SND1_HUMAN","Staphylococcal nuclease domain-containing protein 1","Q7KZF4_Y178_M2_28","Phospho (STY)",-1.36084879710778,0.594729966633693,0.147265701613409,6,"Not significant"
"Unstim / P3C4+Nigericin","AHNAK","Q09666","Q09666","AHNK_HUMAN","Neuroblast differentiation-associated protein AHNAK","Q09666_S1158_M1_28","Phospho (STY)",-0.528444497355395,0.595714290962849,0.14968309720322,6,"Not significant"
"Unstim / P3C4+Nigericin","CLPX","O76031","O76031","CLPX_HUMAN","ATP-dependent Clp protease ATP-binding subunit clpX-like, mitochondrial","O76031_S365_M1_28","Phospho (STY)",0.736222787411178,0.596741032537019,0.152178186475793,6,"Not significant"
"Unstim / P3C4+Nigericin","AHNAK","Q09666","Q09666","AHNK_HUMAN","Neuroblast differentiation-associated protein AHNAK","Q09666_S5448_M1_28","Phospho (STY)",1.00907207033334,0.597953587852622,0.154419389768331,6,"Not significant"
"Unstim / P3C4+Nigericin","NHP2","Q9NX24","Q9NX24","NHP2_HUMAN","H/ACA ribonucleoprotein complex subunit 2","Q9NX24_Y24_M1_28","Phospho (STY)",0.731481044498777,0.598545160978783,0.155467805609635,6,"Not significant"
"Unstim / P3C4+Nigericin","HDGF","P51858","P51858","HDGF_HUMAN","Hepatoma-derived growth factor","P51858_S165_M1_28","Phospho (STY)",2.25901342067715,0.600344904919152,0.158197609865767,6,"Not significant"
"Unstim / P3C4+Nigericin","PGLS","O95336","O95336","6PGL_HUMAN","6-phosphogluconolactonase","O95336_T249_M1_28","Phospho (STY)",0.79852479116729,0.600381627060662,0.158379343615075,6,"Not significant"
"Unstim / P3C4+Nigericin","XIRP1","Q702N8","Q702N8","XIRP1_HUMAN","Xin actin-binding repeat-containing protein 1","Q702N8_S1349_M1_28","Phospho (STY)",1.18529655620916,0.600596601925241,0.158625158436817,6,"Not significant"
"Unstim / P3C4+Nigericin","SP100","P23497","P23497","SP100_HUMAN","Nuclear autoantigen Sp-100","P23497_S18_M1_28","Phospho (STY)",1.24303231878781,0.601728189159624,0.161188151955928,6,"Not significant"
"Unstim / P3C4+Nigericin","H1-3","P16402","P16402","H13_HUMAN","Histone H1.3","P16402_S37_M1_28","Phospho (STY)",-0.472623679968644,0.602011744100985,0.161649974876735,6,"Not significant"
"Unstim / P3C4+Nigericin","GCC2","Q8IWJ2","Q8IWJ2","GCC2_HUMAN","GRIP and coiled-coil domain-containing protein 2","Q8IWJ2_S1080_M2_28","Phospho (STY)",1.37132932108085,0.602759788978978,0.163349275173899,6,"Not significant"
"Unstim / P3C4+Nigericin","GCC2","Q8IWJ2","Q8IWJ2","GCC2_HUMAN","GRIP and coiled-coil domain-containing protein 2","Q8IWJ2_T1077_M2_28","Phospho (STY)",1.37132932108085,0.602759788978978,0.163349275173899,6,"Not significant"
"Unstim / P3C4+Nigericin","PARK7","Q99497","Q99497","PARK7_HUMAN","Parkinson disease protein 7","Q99497_S85_M2_28","Phospho (STY)",1.59814789136799,0.602759788978978,0.163380954237223,6,"Not significant"
"Unstim / P3C4+Nigericin","PARK7","Q99497","Q99497","PARK7_HUMAN","Parkinson disease protein 7","Q99497_S83_M2_28","Phospho (STY)",1.59814789136799,0.602759788978978,0.163380954237223,6,"Not significant"
"Unstim / P3C4+Nigericin","PDIA3","P30101","P30101","PDIA3_HUMAN","Protein disulfide-isomerase A3","P30101_Y467_M1_28","Phospho (STY)",-0.900188885956547,0.602954174911369,0.16375452076287,6,"Not significant"
"Unstim / P3C4+Nigericin","JUND","P17535","P17535","JUND_HUMAN","Transcription factor JunD","P17535_S100_M1_28","Phospho (STY)",0.836829683420566,0.602969122740871,0.163802027363183,6,"Not significant"
"Unstim / P3C4+Nigericin","TUBB5;TUBB","Cont_Q2KJD0;P07437","Cont_Q2KJD0;P07437","TBB5_BOVIN;TBB5_HUMAN","Tubulin beta-5 chain;Tubulin beta chain","Cont_Q2KJD0_Y281_M3_28","Phospho (STY)",0.701847175070988,0.603121480649919,0.179159754299675,6,"Not significant"
"Unstim / P3C4+Nigericin","TUBB5;TUBB","Cont_Q2KJD0;P07437","Cont_Q2KJD0;P07437","TBB5_BOVIN;TBB5_HUMAN","Tubulin beta-5 chain;Tubulin beta chain","P07437_Y281_M3_28","Phospho (STY)",0.701847175070988,0.603121480649919,0.179159754299675,6,"Not significant"
"Unstim / P3C4+Nigericin","GSN","Cont_Q3SX14","Cont_Q3SX14","GELS_BOVIN","Gelsolin","Cont_Q3SX14_Y320_M1_28","Phospho (STY)",0.464602638898616,0.603121480649919,0.16753012334512,6,"Not significant"
"Unstim / P3C4+Nigericin","GLUD1","P00367","P00367","DHE3_HUMAN","Glutamate dehydrogenase 1, mitochondrial","P00367_Y170_M1_28","Phospho (STY)",8.70511105872037,0.603121480649919,0.189738696075185,6,"Not significant"
"Unstim / P3C4+Nigericin","P4HB","P07237","P07237","PDIA1_HUMAN","Protein disulfide-isomerase","P07237_Y414_M2_28","Phospho (STY)",-4.89964045761358,0.603121480649919,0.193067389427494,6,"Not significant"
"Unstim / P3C4+Nigericin","HEXB","P07686","P07686","HEXB_HUMAN","Beta-hexosaminidase subunit beta","P07686_Y550_M1_28","Phospho (STY)",0.501930196161385,0.603121480649919,0.167708490873677,6,"Not significant"
"Unstim / P3C4+Nigericin","VIM","P08670","P08670","VIME_HUMAN","Vimentin","P08670_T327_M1_28","Phospho (STY)",0.386472588713726,0.603121480649919,0.19139824022291,6,"Not significant"
"Unstim / P3C4+Nigericin","PRKAR1A","P10644","P10644","KAP0_HUMAN","cAMP-dependent protein kinase type I-alpha regulatory subunit","P10644_S83_M1_28","Phospho (STY)",1.01196744960446,0.603121480649919,0.1869355219705,6,"Not significant"
"Unstim / P3C4+Nigericin","HSPD1","P10809","P10809","CH60_HUMAN","60 kDa heat shock protein, mitochondrial","P10809_Y90_M2_28","Phospho (STY)",5.3619411164629,0.603121480649919,0.193671679157592,6,"Not significant"
"Unstim / P3C4+Nigericin","HCLS1","P14317","P14317","HCLS1_HUMAN","Hematopoietic lineage cell-specific protein","P14317_S275_M2_28","Phospho (STY)",-0.698139643650194,0.603121480649919,0.179609208874208,6,"Not significant"
"Unstim / P3C4+Nigericin","BSG","P35613","P35613","BASI_HUMAN","Basigin","P35613_T141_M1_28","Phospho (STY)",0.39519398384841,0.603121480649919,0.187468320971977,6,"Not significant"
"Unstim / P3C4+Nigericin","TAGLN2","P37802","P37802","TAGL2_HUMAN","Transgelin-2","P37802_Y70_M1_28","Phospho (STY)",0.932803218458925,0.603121480649919,0.173857579725143,6,"Not significant"
"Unstim / P3C4+Nigericin","RPL21","P46778","P46778","RL21_HUMAN","Large ribosomal subunit protein eL21","P46778_T124_M1_28","Phospho (STY)",1.01232580585995,0.603121480649919,0.178438638450793,6,"Not significant"
"Unstim / P3C4+Nigericin","CCT8","P50990","P50990","TCPQ_HUMAN","T-complex protein 1 subunit theta","P50990_Y468_M1_28","Phospho (STY)",1.0690571379789,0.603121480649919,0.18489038295183,6,"Not significant"
"Unstim / P3C4+Nigericin","MRPS36","P82909","P82909","KGD4_HUMAN","Alpha-ketoglutarate dehydrogenase component 4","P82909_Y84_M1_28","Phospho (STY)",1.22128186122542,0.603121480649919,0.168002961047214,6,"Not significant"
"Unstim / P3C4+Nigericin","AHNAK","Q09666","Q09666","AHNK_HUMAN","Neuroblast differentiation-associated protein AHNAK","Q09666_S5752_M1_28","Phospho (STY)",1.16981825966512,0.603121480649919,0.182353654009959,6,"Not significant"
"Unstim / P3C4+Nigericin","AHNAK","Q09666","Q09666","AHNK_HUMAN","Neuroblast differentiation-associated protein AHNAK","Q09666_S2397_M1_28","Phospho (STY)",3.30223392013681,0.603121480649919,0.173952221995328,6,"Not significant"
"Unstim / P3C4+Nigericin","EEF1A1P5","Q5VTE0","Q5VTE0","EF1A3_HUMAN","Putative elongation factor 1-alpha-like 3","Q5VTE0_Y357_M1_28","Phospho (STY)",0.624116337976364,0.603121480649919,0.193150750034698,6,"Not significant"
"Unstim / P3C4+Nigericin","HS2ST1","Q7LGA3","Q7LGA3","HS2ST_HUMAN","Heparan sulfate 2-O-sulfotransferase 1","Q7LGA3_Y102_M1_28","Phospho (STY)",8.65763802103606,0.603121480649919,0.190308187119972,6,"Not significant"
"Unstim / P3C4+Nigericin","MIA2","Q96PC5","Q96PC5","MIA2_HUMAN","Melanoma inhibitory activity protein 2","Q96PC5_Y1039_M2_28","Phospho (STY)",-4.91684280363429,0.603121480649919,0.192711066105424,6,"Not significant"
"Unstim / P3C4+Nigericin","ACAD9","Q9H845","Q9H845","ACAD9_HUMAN","Complex I assembly factor ACAD9, mitochondrial","Q9H845_Y165_M1_28","Phospho (STY)",7.58021488375613,0.603121480649919,0.184022648659232,6,"Not significant"
"Unstim / P3C4+Nigericin","PDS5B","Q9NTI5","Q9NTI5","PDS5B_HUMAN","Sister chromatid cohesion protein PDS5 homolog B","Q9NTI5_S1358_M1_28","Phospho (STY)",2.16420720365715,0.603121480649919,0.168846118578487,6,"Not significant"
"Unstim / P3C4+Nigericin","SRRM2","Q9UQ35","Q9UQ35","SRRM2_HUMAN","Serine/arginine repetitive matrix protein 2","Q9UQ35_S2272_M1_28","Phospho (STY)",1.11147203301538,0.603121480649919,0.175720014744686,6,"Not significant"
"Unstim / P3C4+Nigericin","TUBB2A","Q13885","Q13885","TBB2A_HUMAN","Tubulin beta-2A chain","Q13885_S124_M2_28","Phospho (STY)",-1.09579155638192,0.603121480649919,0.182566748078589,5,"Not significant"
"Unstim / P3C4+Nigericin","P4HB","P07237","P07237","PDIA1_HUMAN","Protein disulfide-isomerase","P07237_T85_M1_28","Phospho (STY)",-0.520744206736931,0.603121480649919,0.169053131218177,4,"Not significant"
"Unstim / P3C4+Nigericin","CD44","P16070","P16070","CD44_HUMAN","CD44 antigen","P16070_S706_M1_28","Phospho (STY)",1.7339065130815,0.603121480649919,0.185739986155047,5,"Not significant"
"Unstim / P3C4+Nigericin","ANXA2","P07355","P07355","ANXA2_HUMAN","Annexin A2","P07355_Y147_M1_28","Phospho (STY)",-0.606496817808676,0.603202993881853,0.197627461826108,6,"Not significant"
"Unstim / P3C4+Nigericin","RAB5B","P61020","P61020","RAB5B_HUMAN","Ras-related protein Rab-5B","P61020_S184_M1_28","Phospho (STY)",0.85194492427507,0.603202993881853,0.198662734272008,6,"Not significant"
"Unstim / P3C4+Nigericin","SRSF9","Q13242","Q13242","SRSF9_HUMAN","Serine/arginine-rich splicing factor 9","Q13242_S211_M1_28","Phospho (STY)",1.50899804133666,0.603202993881853,0.199791988986391,6,"Not significant"
"Unstim / P3C4+Nigericin","XIRP1","Q702N8","Q702N8","XIRP1_HUMAN","Xin actin-binding repeat-containing protein 1","Q702N8_T237_M1_28","Phospho (STY)",0.982614330931566,0.603202993881853,0.199727163959248,5,"Not significant"
"Unstim / P3C4+Nigericin","ACLY","P53396","P53396","ACLY_HUMAN","ATP-citrate synthase","P53396_S947_M1_28","Phospho (STY)",8.70926098650386,0.603526448284182,0.20103563777289,6,"Not significant"
"Unstim / P3C4+Nigericin","SRRT","Q9BXP5","Q9BXP5","SRRT_HUMAN","Serrate RNA effector molecule homolog","Q9BXP5_T544_M1_28","Phospho (STY)",0.761390817373615,0.603526448284182,0.201085363167095,5,"Not significant"
"Unstim / P3C4+Nigericin","DBN1","Q16643","Q16643","DREB_HUMAN","Drebrin","Q16643_S142_M1_28","Phospho (STY)",1.444318368101,0.603631270446209,0.203200872802256,5,"Not significant"
"Unstim / P3C4+Nigericin","PCMT1","P22061","P22061","PIMT_HUMAN","Protein-L-isoaspartate(D-aspartate) O-methyltransferase","P22061_T25_M1_28","Phospho (STY)",3.92116947856375,0.603665898854704,0.203618319644364,5,"Not significant"
"Unstim / P3C4+Nigericin","PCBP2","Q15366","Q15366","PCBP2_HUMAN","Poly(rC)-binding protein 2","Q15366_S107_M1_28","Phospho (STY)",0.886655105937849,0.603741242186471,0.204115575254254,5,"Not significant"
"Unstim / P3C4+Nigericin","YWHAZ","Cont_P63103;P63104","Cont_P63103;P63104","1433Z_BOVIN;1433Z_HUMAN","14-3-3 protein zeta/delta","Cont_P63103_S145_M1_28","Phospho (STY)",0.986548100275444,0.604307643628276,0.206297299277242,5,"Not significant"
"Unstim / P3C4+Nigericin","YWHAZ","Cont_P63103;P63104","Cont_P63103;P63104","1433Z_BOVIN;1433Z_HUMAN","14-3-3 protein zeta/delta","P63104_S145_M1_28","Phospho (STY)",0.986548100275444,0.604307643628276,0.206297299277242,5,"Not significant"
"Unstim / P3C4+Nigericin","EEF1D","P29692","P29692","EF1D_HUMAN","Elongation factor 1-delta","P29692_S133_M1_28","Phospho (STY)",1.83402042728382,0.604416217482606,0.20709746479136,6,"Not significant"
"Unstim / P3C4+Nigericin","MYH9","P35579","P35579","MYH9_HUMAN","Myosin-9","P35579_T1414_M1_28","Phospho (STY)",-0.429386984547578,0.604556451135254,0.208237300993729,5,"Not significant"
"Unstim / P3C4+Nigericin","HSPD1","P10809","P10809","CH60_HUMAN","60 kDa heat shock protein, mitochondrial","P10809_Y223_M2_28","Phospho (STY)",-0.563189252494467,0.604620987922233,0.208525649720581,6,"Not significant"
"Unstim / P3C4+Nigericin","HMGA1","P17096","P17096","HMGA1_HUMAN","High mobility group protein HMG-I/HMG-Y","P17096_S44_M2_28","Phospho (STY)",-0.951768642264681,0.604692917073525,0.208989087408561,5,"Not significant"
"Unstim / P3C4+Nigericin","PCNA","P12004","P12004","PCNA_HUMAN","Proliferating cell nuclear antigen","P12004_Y133_M1_28","Phospho (STY)",1.18326255227621,0.605043898694828,0.211272693689607,6,"Not significant"
"Unstim / P3C4+Nigericin","H1-5","P16401","P16401","H15_HUMAN","Histone H1.5","P16401_S2_M2_28","Phospho (STY)",6.35728634256073,0.605145333873623,0.211508133852097,4,"Not significant"
"Unstim / P3C4+Nigericin","AHNAK","Q09666","Q09666","AHNK_HUMAN","Neuroblast differentiation-associated protein AHNAK","Q09666_S4130_M1_28","Phospho (STY)",1.16925119895959,0.605405075235628,0.213223141080811,6,"Not significant"
"Unstim / P3C4+Nigericin","AHNAK","Q09666","Q09666","AHNK_HUMAN","Neuroblast differentiation-associated protein AHNAK","Q09666_S4594_M1_28","Phospho (STY)",1.16925119895959,0.605405075235628,0.213223141080811,6,"Not significant"
"Unstim / P3C4+Nigericin","P4HB","P07237","P07237","PDIA1_HUMAN","Protein disulfide-isomerase","P07237_Y116_M2_28","Phospho (STY)",1.46624519314803,0.605776830350913,0.214468870701634,6,"Not significant"
"Unstim / P3C4+Nigericin","AKT1S1","Q96B36","Q96B36","AKTS1_HUMAN","Proline-rich AKT1 substrate 1","Q96B36_Y46_M1_28","Phospho (STY)",1.91115382214405,0.605801363684432,0.214529552594229,4,"Not significant"
"Unstim / P3C4+Nigericin","HSP90AB1","P08238","P08238","HS90B_HUMAN","Heat shock protein HSP 90-beta","P08238_S67_M1_28","Phospho (STY)",-10.4578319000566,0.606379357312079,0.21715882690989,6,"Not significant"
"Unstim / P3C4+Nigericin","FLNA","P21333","P21333","FLNA_HUMAN","Filamin-A","P21333_S2279_M1_28","Phospho (STY)",0.930022605855999,0.606888117468523,0.218897919810873,6,"Not significant"
"Unstim / P3C4+Nigericin","TLN1","Q9Y490","Q9Y490","TLN1_HUMAN","Talin-1","Q9Y490_T1663_M1_28","Phospho (STY)",0.941845345535158,0.607082058395355,0.220137501152582,6,"Not significant"
"Unstim / P3C4+Nigericin","RPL23A","P62750","P62750","RL23A_HUMAN","Large ribosomal subunit protein uL23","P62750_T95_M1_28","Phospho (STY)",2.98268306205785,0.607755417193688,0.222819142325896,6,"Not significant"
"Unstim / P3C4+Nigericin","HSPE1","P61604","P61604","CH10_HUMAN","10 kDa heat shock protein, mitochondrial","P61604_S37_M1_28","Phospho (STY)",5.58927199742339,0.607848134158316,0.223162826446215,5,"Not significant"
"Unstim / P3C4+Nigericin","CALM1;CALM2;CALM3","P0DP23;P0DP24;P0DP25","P0DP23;P0DP24;P0DP25","CALM1_HUMAN;CALM2_HUMAN;CALM3_HUMAN","Calmodulin-1;Calmodulin-2;Calmodulin-3","P0DP23_Y100_M1_28","Phospho (STY)",1.57688330649844,0.60799884688164,0.223503517189623,6,"Not significant"
"Unstim / P3C4+Nigericin","CALM1;CALM2;CALM3","P0DP23;P0DP24;P0DP25","P0DP23;P0DP24;P0DP25","CALM1_HUMAN;CALM2_HUMAN;CALM3_HUMAN","Calmodulin-1;Calmodulin-2;Calmodulin-3","P0DP24_Y100_M1_28","Phospho (STY)",1.57688330649844,0.60799884688164,0.223503517189623,6,"Not significant"
"Unstim / P3C4+Nigericin","CALM1;CALM2;CALM3","P0DP23;P0DP24;P0DP25","P0DP23;P0DP24;P0DP25","CALM1_HUMAN;CALM2_HUMAN;CALM3_HUMAN","Calmodulin-1;Calmodulin-2;Calmodulin-3","P0DP25_Y100_M1_28","Phospho (STY)",1.57688330649844,0.60799884688164,0.223503517189623,6,"Not significant"
"Unstim / P3C4+Nigericin","HNRNPUL1","Q9BUJ2","Q9BUJ2","HNRL1_HUMAN","Heterogeneous nuclear ribonucleoprotein U-like protein 1","Q9BUJ2_T412_M1_28","Phospho (STY)",0.685410243487205,0.608622403786442,0.225467203901945,4,"Not significant"
"Unstim / P3C4+Nigericin","AHNAK","Q09666","Q09666","AHNK_HUMAN","Neuroblast differentiation-associated protein AHNAK","Q09666_S216_M1_28","Phospho (STY)",1.44311766563568,0.609137900262045,0.227260229935347,5,"Not significant"
"Unstim / P3C4+Nigericin","EVL","Q9UI08","Q9UI08","EVL_HUMAN","Ena/VASP-like protein","Q9UI08_S331_M1_28","Phospho (STY)",0.804537027677791,0.609158104935837,0.227342209741616,5,"Not significant"
"Unstim / P3C4+Nigericin","HEATR1","Q9H583","Q9H583","HEAT1_HUMAN","HEAT repeat-containing protein 1","Q9H583_S156_M1_28","Phospho (STY)",0.48050560693455,0.609598109666146,0.228993655782849,6,"Not significant"
"Unstim / P3C4+Nigericin","POTEF","A5A3E0","A5A3E0","POTEF_HUMAN","POTE ankyrin domain family member F","A5A3E0_T929_M1_28","Phospho (STY)",0.552329394612847,0.610841453453171,0.233394668481848,6,"Not significant"
"Unstim / P3C4+Nigericin","COMT","P21964","P21964","COMT_HUMAN","Catechol O-methyltransferase","P21964_T163_M1_28","Phospho (STY)",4.34939484674445,0.611103818368677,0.234233065778182,5,"Not significant"
"Unstim / P3C4+Nigericin","RPLP1","P05386","P05386","RLA1_HUMAN","Large ribosomal subunit protein P1","P05386_S83_M2_28","Phospho (STY)",-2.5400402946115,0.61130871837074,0.235096271158366,6,"Not significant"
"Unstim / P3C4+Nigericin","PLEK","P08567","P08567","PLEK_HUMAN","Pleckstrin","P08567_S117_M1_28","Phospho (STY)",2.52406313644792,0.61130871837074,0.235302770522152,4,"Not significant"
"Unstim / P3C4+Nigericin","RTRAF","Q9Y224","Q9Y224","RTRAF_HUMAN","RNA transcription, translation and transport factor protein","Q9Y224_T114_M1_28","Phospho (STY)",-4.01895179010574,0.611322391042365,0.235388434448333,6,"Not significant"
"Unstim / P3C4+Nigericin","ZYX","Q15942","Q15942","ZYX_HUMAN","Zyxin","Q15942_Y20_M2_28","Phospho (STY)",0.706221281416279,0.611397382652713,0.235596973180586,4,"Not significant"
"Unstim / P3C4+Nigericin","HNRNPM","P52272","P52272","HNRPM_HUMAN","Heterogeneous nuclear ribonucleoprotein M","P52272_Y100_M2_28","Phospho (STY)",2.40258022497971,0.611969676655046,0.237955215105968,6,"Not significant"
"Unstim / P3C4+Nigericin","HK1","P19367","P19367","HXK1_HUMAN","Hexokinase-1","P19367_Y732_M2_28","Phospho (STY)",0.441745459086594,0.613762460469064,0.245116806410423,6,"Not significant"
"Unstim / P3C4+Nigericin","TACC3","Q9Y6A5","Q9Y6A5","TACC3_HUMAN","Transforming acidic coiled-coil-containing protein 3","Q9Y6A5_Y764_M1_28","Phospho (STY)",3.03995690542075,0.613868515049208,0.245335870586331,6,"Not significant"
"Unstim / P3C4+Nigericin","SF3B3","Q15393","Q15393","SF3B3_HUMAN","Splicing factor 3B subunit 3","Q15393_Y807_M2_28","Phospho (STY)",-0.527786506002471,0.615276201491485,0.249553996632222,6,"Not significant"
"Unstim / P3C4+Nigericin","CAPZA1","P52907","P52907","CAZA1_HUMAN","F-actin-capping protein subunit alpha-1","P52907_T22_M1_28","Phospho (STY)",0.373648453130801,0.615506271701736,0.250367507857691,6,"Not significant"
"Unstim / P3C4+Nigericin","AHNAK","Q09666","Q09666","AHNK_HUMAN","Neuroblast differentiation-associated protein AHNAK","Q09666_S93_M1_28","Phospho (STY)",2.39119229121417,0.615865858289844,0.251427774458357,6,"Not significant"
"Unstim / P3C4+Nigericin","ERLIN2","O94905","O94905","ERLN2_HUMAN","Erlin-2","O94905_S243_M1_28","Phospho (STY)",0.916748498288592,0.615936658605697,0.251771631328396,6,"Not significant"
"Unstim / P3C4+Nigericin","LMNA","P02545","P02545","LMNA_HUMAN","Prelamin-A/C","P02545_S392_M1_28","Phospho (STY)",1.22628488634098,0.61745039312414,0.255647645168403,6,"Not significant"
"Unstim / P3C4+Nigericin","CANX","P27824","P27824","CALX_HUMAN","Calnexin","P27824_S583_M1_28","Phospho (STY)",0.593037815910781,0.618749762395663,0.258467467618219,6,"Not significant"
"Unstim / P3C4+Nigericin","COMT","P21964","P21964","COMT_HUMAN","Catechol O-methyltransferase","P21964_Y82_M1_28","Phospho (STY)",0.40500723839885,0.618846699269709,0.258702150453549,6,"Not significant"
"Unstim / P3C4+Nigericin","SRRM1","Q8IYB3","Q8IYB3","SRRM1_HUMAN","Serine/arginine repetitive matrix protein 1","Q8IYB3_S597_M1_28","Phospho (STY)",1.69993870707336,0.619132235725722,0.259321159811125,4,"Not significant"
"Unstim / P3C4+Nigericin","RPS23","P62266","P62266","RS23_HUMAN","Small ribosomal subunit protein uS12","P62266_T82_M1_28","Phospho (STY)",0.533683389679451,0.619137248797864,0.259434549165465,6,"Not significant"
"Unstim / P3C4+Nigericin","PNP","P00491","P00491","PNPH_HUMAN","Purine nucleoside phosphorylase","P00491_Y50_M2_28","Phospho (STY)",6.20629072619642,0.620143159874776,0.262082892828121,5,"Not significant"
"Unstim / P3C4+Nigericin","ACIN1","Q9UKV3","Q9UKV3","ACINU_HUMAN","Apoptotic chromatin condensation inducer in the nucleus","Q9UKV3_S410_M1_28","Phospho (STY)",-0.729967944809251,0.62043943924199,0.262625904651729,4,"Not significant"
"Unstim / P3C4+Nigericin","PDIA4","P13667","P13667","PDIA4_HUMAN","Protein disulfide-isomerase A4","P13667_Y595_M1_28","Phospho (STY)",0.772108154357953,0.622331387464756,0.267218385579308,6,"Not significant"
"Unstim / P3C4+Nigericin","ATXN2L","Q8WWM7","Q8WWM7","ATX2L_HUMAN","Ataxin-2-like protein","Q8WWM7_T182_M1_28","Phospho (STY)",2.10137476352898,0.624352298214791,0.27249888202474,5,"Not significant"
"Unstim / P3C4+Nigericin","TUFM","P49411","P49411","EFTU_HUMAN","Elongation factor Tu, mitochondrial","P49411_S238_M1_28","Phospho (STY)",0.625348126127519,0.626760288249528,0.278962009974721,5,"Not significant"
"Unstim / P3C4+Nigericin","SH3KBP1","Q96B97","Q96B97","SH3K1_HUMAN","SH3 domain-containing kinase-binding protein 1","Q96B97_S230_M1_28","Phospho (STY)",1.28544835672109,0.627132831034792,0.279810822494651,6,"Not significant"
"Unstim / P3C4+Nigericin","OS9","Q13438","Q13438","OS9_HUMAN","Protein OS-9","Q13438_T546_M1_28","Phospho (STY)",0.529403367978506,0.628529283177558,0.284432073949031,6,"Not significant"
"Unstim / P3C4+Nigericin","ITGB2","P05107","P05107","ITB2_HUMAN","Integrin beta-2","P05107_T256_M1_28","Phospho (STY)",-0.309992748160992,0.628995142266098,0.285720738962281,6,"Not significant"
"Unstim / P3C4+Nigericin","HDGFL2","Q7Z4V5","Q7Z4V5","HDGR2_HUMAN","Hepatoma-derived growth factor-related protein 2","Q7Z4V5_Y40_M1_28","Phospho (STY)",1.59519335382334,0.629706740987774,0.287805492233588,6,"Not significant"
"Unstim / P3C4+Nigericin","LNPK","Q9C0E8","Q9C0E8","LNP_HUMAN","Endoplasmic reticulum junction formation protein lunapark","Q9C0E8_S194_M1_28","Phospho (STY)",1.45359194979188,0.629716091475843,0.287962719571955,6,"Not significant"
"Unstim / P3C4+Nigericin","AHNAK","Q09666","Q09666","AHNK_HUMAN","Neuroblast differentiation-associated protein AHNAK","Q09666_S1135_M2_28","Phospho (STY)",0.441681177459626,0.629727468557587,0.288030666476259,5,"Not significant"
"Unstim / P3C4+Nigericin","MYH9","P35579","P35579","MYH9_HUMAN","Myosin-9","P35579_S1376_M1_28","Phospho (STY)",-1.19207275509475,0.630337192809427,0.289714289460607,4,"Not significant"
"Unstim / P3C4+Nigericin","AHNAK","Q09666","Q09666","AHNK_HUMAN","Neuroblast differentiation-associated protein AHNAK","Q09666_S210_M1_28","Phospho (STY)",0.873778391369335,0.630656354974176,0.290783629130274,6,"Not significant"
"Unstim / P3C4+Nigericin","AHNAK","Q09666","Q09666","AHNK_HUMAN","Neuroblast differentiation-associated protein AHNAK","Q09666_S2600_M1_28","Phospho (STY)",2.37300021143949,0.63147675987192,0.293150794789339,6,"Not significant"
"Unstim / P3C4+Nigericin","AHNAK","Q09666","Q09666","AHNK_HUMAN","Neuroblast differentiation-associated protein AHNAK","Q09666_S2728_M1_28","Phospho (STY)",2.37300021143949,0.63147675987192,0.293150794789339,6,"Not significant"
"Unstim / P3C4+Nigericin","AHNAK","Q09666","Q09666","AHNK_HUMAN","Neuroblast differentiation-associated protein AHNAK","Q09666_S4150_M1_28","Phospho (STY)",2.37300021143949,0.63147675987192,0.293150794789339,6,"Not significant"
"Unstim / P3C4+Nigericin","AHNAK","Q09666","Q09666","AHNK_HUMAN","Neuroblast differentiation-associated protein AHNAK","Q09666_S4278_M1_28","Phospho (STY)",2.37300021143949,0.63147675987192,0.293150794789339,6,"Not significant"
"Unstim / P3C4+Nigericin","TCOF1","Q13428","Q13428","TCOF_HUMAN","Treacle protein","Q13428_S503_M1_28","Phospho (STY)",0.407099120625363,0.633090649345772,0.297357446226218,5,"Not significant"
"Unstim / P3C4+Nigericin","RBBP6","Q7Z6E9","Q7Z6E9","RBBP6_HUMAN","E3 ubiquitin-protein ligase RBBP6","Q7Z6E9_S1179_M1_28","Phospho (STY)",1.72650805735604,0.633146468545223,0.297500251755867,4,"Not significant"
"Unstim / P3C4+Nigericin","MDH2","P40926","P40926","MDHM_HUMAN","Malate dehydrogenase, mitochondrial","P40926_T204_M2_28","Phospho (STY)",11.1909129052235,0.63320394720573,0.297739075166059,6,"Not significant"
"Unstim / P3C4+Nigericin","PRSS1","Cont_P00760","Cont_P00760","TRY1_BOVIN","Serine protease 1","Cont_P00760_Y229_M1_28","Phospho (STY)",-5.91408092805561,0.633972537254186,0.333196308578982,5,"Not significant"
"Unstim / P3C4+Nigericin","ACTB","Cont_P60712;P60709","Cont_P60712;P60709","ACTB_BOVIN;ACTB_HUMAN","Actin, cytoplasmic 1;Actin, cytoplasmic 1","Cont_P60712_Y294_M2_28","Phospho (STY)",-5.4366513728013,0.633972537254186,0.427377963495315,6,"Not significant"
"Unstim / P3C4+Nigericin","ACTB","Cont_P60712;P60709","Cont_P60712;P60709","ACTB_BOVIN;ACTB_HUMAN","Actin, cytoplasmic 1;Actin, cytoplasmic 1","P60709_Y294_M2_28","Phospho (STY)",-5.4366513728013,0.633972537254186,0.427377963495315,6,"Not significant"
"Unstim / P3C4+Nigericin","ACTB","Cont_P60712;P60709","Cont_P60712;P60709","ACTB_BOVIN;ACTB_HUMAN","Actin, cytoplasmic 1;Actin, cytoplasmic 1","Cont_P60712_Y240_M2_28","Phospho (STY)",-4.63185292035511,0.633972537254186,0.427175428041774,6,"Not significant"
"Unstim / P3C4+Nigericin","ACTB","Cont_P60712;P60709","Cont_P60712;P60709","ACTB_BOVIN;ACTB_HUMAN","Actin, cytoplasmic 1;Actin, cytoplasmic 1","P60709_Y240_M2_28","Phospho (STY)",-4.63185292035511,0.633972537254186,0.427175428041774,6,"Not significant"
"Unstim / P3C4+Nigericin","ACTB","Cont_P60712;P60709","Cont_P60712;P60709","ACTB_BOVIN;ACTB_HUMAN","Actin, cytoplasmic 1;Actin, cytoplasmic 1","Cont_P60712_S271_M1_28","Phospho (STY)",3.87238763164923,0.633972537254186,0.418712996705385,6,"Not significant"
"Unstim / P3C4+Nigericin","ACTB","Cont_P60712;P60709","Cont_P60712;P60709","ACTB_BOVIN;ACTB_HUMAN","Actin, cytoplasmic 1;Actin, cytoplasmic 1","P60709_S271_M1_28","Phospho (STY)",3.87238763164923,0.633972537254186,0.418712996705385,6,"Not significant"
"Unstim / P3C4+Nigericin","EEF1A1","Cont_P68103;P68104","Cont_P68103;P68104","EF1A1_BOVIN;EF1A1_HUMAN","Elongation factor 1-alpha 1","Cont_P68103_Y357_M2_28","Phospho (STY)",0.41888100368963,0.633972537254186,0.426254711150957,6,"Not significant"
"Unstim / P3C4+Nigericin","EEF1A1","Cont_P68103;P68104","Cont_P68103;P68104","EF1A1_BOVIN;EF1A1_HUMAN","Elongation factor 1-alpha 1","P68104_Y357_M2_28","Phospho (STY)",0.41888100368963,0.633972537254186,0.426254711150957,6,"Not significant"
"Unstim / P3C4+Nigericin","A1BG","Cont_Q2KJF1","Cont_Q2KJF1","A1BG_BOVIN","Alpha-1B-glycoprotein","Cont_Q2KJF1_T234_M2_28","Phospho (STY)",2.91328747106055,0.633972537254186,0.407572034502294,5,"Not significant"
"Unstim / P3C4+Nigericin","GSN","Cont_Q3SX14","Cont_Q3SX14","GELS_BOVIN","Gelsolin","Cont_Q3SX14_Y320_M2_28","Phospho (STY)",10.9529934054402,0.633972537254186,0.422544761110523,6,"Not significant"
"Unstim / P3C4+Nigericin","PLXNB2","O15031","O15031","PLXB2_HUMAN","Plexin-B2","O15031_T822_M2_28","Phospho (STY)",1.21794990855145,0.633972537254186,0.3770314759908,5,"Not significant"
"Unstim / P3C4+Nigericin","KDM6B","O15054","O15054","KDM6B_HUMAN","Lysine-specific demethylase 6B","O15054_S1025_M1_28","Phospho (STY)",2.13230547447575,0.633972537254186,0.39081465135964,6,"Not significant"
"Unstim / P3C4+Nigericin","ABCC3","O15438","O15438","MRP3_HUMAN","ATP-binding cassette sub-family C member 3","O15438_S273_M1_28","Phospho (STY)",0.304548241042484,0.633972537254186,0.383558674619354,5,"Not significant"
"Unstim / P3C4+Nigericin","MCM3AP","O60318","O60318","GANP_HUMAN","Germinal-center associated nuclear protein","O60318_T735_M1_28","Phospho (STY)",-0.561641213522161,0.633972537254186,0.416688916748701,5,"Not significant"
"Unstim / P3C4+Nigericin","EIF5B","O60841","O60841","IF2P_HUMAN","Eukaryotic translation initiation factor 5B","O60841_T642_M1_28","Phospho (STY)",-3.64981547273435,0.633972537254186,0.428303429160293,6,"Not significant"
"Unstim / P3C4+Nigericin","CUTA","O60888","O60888","CUTA_HUMAN","Protein CutA","O60888_T125_M1_28","Phospho (STY)",9.35325103165682,0.633972537254186,0.42289163477474,5,"Not significant"
"Unstim / P3C4+Nigericin","UBXN7","O94888","O94888","UBXN7_HUMAN","UBX domain-containing protein 7","O94888_Y468_M2_28","Phospho (STY)",2.48081185039596,0.633972537254186,0.435541050615674,6,"Not significant"
"Unstim / P3C4+Nigericin","TXNDC12","O95881","O95881","TXD12_HUMAN","Thioredoxin domain-containing protein 12","O95881_S121_M1_28","Phospho (STY)",0.165124150123125,0.633972537254186,0.379357829443993,6,"Not significant"
"Unstim / P3C4+Nigericin","LDHA","P00338","P00338","LDHA_HUMAN","L-lactate dehydrogenase A chain","P00338_Y83_M1_28","Phospho (STY)",10.3216418081722,0.633972537254186,0.422546521343889,6,"Not significant"
"Unstim / P3C4+Nigericin","TF","P02787","P02787","TRFE_HUMAN","Serotransferrin","P02787_Y257_M1_28","Phospho (STY)",-0.191473683474782,0.633972537254186,0.409290652426162,5,"Not significant"
"Unstim / P3C4+Nigericin","ALDOA","P04075","P04075","ALDOA_HUMAN","Fructose-bisphosphate aldolase A","P04075_Y174_M1_28","Phospho (STY)",1.18558750259997,0.633972537254186,0.357317351453873,6,"Not significant"
"Unstim / P3C4+Nigericin","ALDOA","P04075","P04075","ALDOA_HUMAN","Fructose-bisphosphate aldolase A","P04075_S160_M2_28","Phospho (STY)",3.97340220791229,0.633972537254186,0.405030423102065,6,"Not significant"
"Unstim / P3C4+Nigericin","ALDOA","P04075","P04075","ALDOA_HUMAN","Fructose-bisphosphate aldolase A","P04075_T158_M2_28","Phospho (STY)",3.97340220791229,0.633972537254186,0.405030423102065,6,"Not significant"
"Unstim / P3C4+Nigericin","GAPDH","P04406","P04406","G3P_HUMAN","Glyceraldehyde-3-phosphate dehydrogenase","P04406_S125_M2_28","Phospho (STY)",0.768986527687645,0.633972537254186,0.322981221527431,6,"Not significant"
"Unstim / P3C4+Nigericin","GAPDH","P04406","P04406","G3P_HUMAN","Glyceraldehyde-3-phosphate dehydrogenase","P04406_S122_M2_28","Phospho (STY)",0.768986527687645,0.633972537254186,0.322981221527431,6,"Not significant"
"Unstim / P3C4+Nigericin","GAPDH","P04406","P04406","G3P_HUMAN","Glyceraldehyde-3-phosphate dehydrogenase","P04406_T75_M1_28","Phospho (STY)",-6.12125556170345,0.633972537254186,0.421414059599932,6,"Not significant"
"Unstim / P3C4+Nigericin","GNAI2","P04899","P04899","GNAI2_HUMAN","Guanine nucleotide-binding protein G(i) subunit alpha-2","P04899_Y74_M1_28","Phospho (STY)",6.41135772442759,0.633972537254186,0.424509878963628,6,"Not significant"
"Unstim / P3C4+Nigericin","ITGB2","P05107","P05107","ITB2_HUMAN","Integrin beta-2","P05107_Y382_M2_28","Phospho (STY)",8.13457229691593,0.633972537254186,0.423306175280387,6,"Not significant"
"Unstim / P3C4+Nigericin","S100A8","P05109","P05109","S10A8_HUMAN","Protein S100-A8","P05109_T62_M1_28","Phospho (STY)",-2.44539416997074,0.633972537254186,0.429636075194928,6,"Not significant"
"Unstim / P3C4+Nigericin","RPLP2","P05387","P05387","RLA2_HUMAN","Large ribosomal subunit protein P2","P05387_S44_M1_28","Phospho (STY)",4.90486011820129,0.633972537254186,0.420085552592525,6,"Not significant"
"Unstim / P3C4+Nigericin","RPLP0","P05388","P05388","RLA0_HUMAN","Large ribosomal subunit protein uL10","P05388_T122_M1_28","Phospho (STY)",4.86668299529092,0.633972537254186,0.419104482729594,6,"Not significant"
"Unstim / P3C4+Nigericin","ITGB1","P05556","P05556","ITB1_HUMAN","Integrin beta-1","P05556_T112_M2_28","Phospho (STY)",10.7444583370348,0.633972537254186,0.422721650034228,6,"Not significant"
"Unstim / P3C4+Nigericin","ITGB1","P05556","P05556","ITB1_HUMAN","Integrin beta-1","P05556_T102_M2_28","Phospho (STY)",10.7444583370348,0.633972537254186,0.422721650034228,6,"Not significant"
"Unstim / P3C4+Nigericin","S100A9","P06702","P06702","S10A9_HUMAN","Protein S100-A9","P06702_T113_M1_28","Phospho (STY)",-0.779923878899213,0.633972537254186,0.381520349460187,6,"Not significant"
"Unstim / P3C4+Nigericin","GPX1","P07203","P07203","GPX1_HUMAN","Glutathione peroxidase 1","P07203_S95_M1_28","Phospho (STY)",3.26198514741731,0.633972537254186,0.406820568197224,6,"Not significant"
"Unstim / P3C4+Nigericin","P4HB","P07237","P07237","PDIA1_HUMAN","Protein disulfide-isomerase","P07237_T277_M1_28","Phospho (STY)",4.06856966363605,0.633972537254186,0.418491142632799,6,"Not significant"
"Unstim / P3C4+Nigericin","HSP90AA1","P07900","P07900","HS90A_HUMAN","Heat shock protein HSP 90-alpha","P07900_S442_M1_28","Phospho (STY)",0.612954629032752,0.633972537254186,0.334789111680386,4,"Not significant"
"Unstim / P3C4+Nigericin","HMGB1","P09429","P09429","HMGB1_HUMAN","High mobility group protein B1","P09429_S121_M1_28","Phospho (STY)",-5.73815880690566,0.633972537254186,0.42348857688445,6,"Not significant"
"Unstim / P3C4+Nigericin","HNRNPA1","P09651","P09651","ROA1_HUMAN","Heterogeneous nuclear ribonucleoprotein A1","P09651_Y62_M2_28","Phospho (STY)",0.997657840785116,0.633972537254186,0.427514915756482,6,"Not significant"
"Unstim / P3C4+Nigericin","HNRNPA1","P09651","P09651","ROA1_HUMAN","Heterogeneous nuclear ribonucleoprotein A1","P09651_S2_M2_28","Phospho (STY)",7.37065556150295,0.633972537254186,0.422219236848934,6,"Not significant"
"Unstim / P3C4+Nigericin","FGR","P09769","P09769","FGR_HUMAN","Tyrosine-protein kinase Fgr","P09769_T14_M1_28","Phospho (STY)",-6.0494137800118,0.633972537254186,0.416423438487488,6,"Not significant"
"Unstim / P3C4+Nigericin","H2AC11;H2AC12;H2AC14","P0C0S8;Q96KK5;Q99878","P0C0S8;Q96KK5;Q99878","H2A1_HUMAN;H2A1H_HUMAN;H2A1J_HUMAN","Histone H2A type 1;Histone H2A type 1-H;Histone H2A type 1-J","P0C0S8_T121_M2_28","Phospho (STY)",0.340970714196846,0.633972537254186,0.415071893922292,6,"Not significant"
"Unstim / P3C4+Nigericin","H2AC11;H2AC12;H2AC14","P0C0S8;Q96KK5;Q99878","P0C0S8;Q96KK5;Q99878","H2A1_HUMAN;H2A1H_HUMAN;H2A1J_HUMAN","Histone H2A type 1;Histone H2A type 1-H;Histone H2A type 1-J","Q96KK5_T121_M2_28","Phospho (STY)",0.340970714196846,0.633972537254186,0.415071893922292,6,"Not significant"
"Unstim / P3C4+Nigericin","H2AC11;H2AC12;H2AC14","P0C0S8;Q96KK5;Q99878","P0C0S8;Q96KK5;Q99878","H2A1_HUMAN;H2A1H_HUMAN;H2A1J_HUMAN","Histone H2A type 1;Histone H2A type 1-H;Histone H2A type 1-J","Q99878_T121_M2_28","Phospho (STY)",0.340970714196846,0.633972537254186,0.415071893922292,6,"Not significant"
"Unstim / P3C4+Nigericin","SPP1","P10451","P10451","OSTP_HUMAN","Osteopontin","P10451_S310_M1_28","Phospho (STY)",0.606707099120722,0.633972537254186,0.41932434061523,6,"Not significant"
"Unstim / P3C4+Nigericin","SPP1","P10451","P10451","OSTP_HUMAN","Osteopontin","P10451_S303_M1_28","Phospho (STY)",0.86384874922775,0.633972537254186,0.336418198820416,6,"Not significant"
"Unstim / P3C4+Nigericin","HSPA5","P11021","P11021","BIP_HUMAN","Endoplasmic reticulum chaperone BiP","P11021_Y175_M1_28","Phospho (STY)",-5.54465161691412,0.633972537254186,0.418747685460345,5,"Not significant"
"Unstim / P3C4+Nigericin","ACADM","P11310","P11310","ACADM_HUMAN","Medium-chain specific acyl-CoA dehydrogenase, mitochondrial","P11310_T220_M1_28","Phospho (STY)",0.499235319741936,0.633972537254186,0.302548934626159,6,"Not significant"
"Unstim / P3C4+Nigericin","RNH1","P13489","P13489","RINI_HUMAN","Ribonuclease inhibitor","P13489_Y151_M1_28","Phospho (STY)",0.365527190391972,0.633972537254186,0.421403960482601,6,"Not significant"
"Unstim / P3C4+Nigericin","PRKCSH","P14314","P14314","GLU2B_HUMAN","Glucosidase 2 subunit beta","P14314_T489_M1_28","Phospho (STY)",-8.1437078533398,0.633972537254186,0.422993579680836,5,"Not significant"
"Unstim / P3C4+Nigericin","RAC2","P15153","P15153","RAC2_HUMAN","Ras-related C3 botulinum toxin substrate 2","P15153_Y72_M1_28","Phospho (STY)",4.13684748123112,0.633972537254186,0.424548522406922,6,"Not significant"
"Unstim / P3C4+Nigericin","EZR","P15311","P15311","EZRI_HUMAN","Ezrin","P15311_S366_M1_28","Phospho (STY)",0.226478874136559,0.633972537254186,0.365349090895693,6,"Not significant"
"Unstim / P3C4+Nigericin","CREB1","P16220","P16220","CREB1_HUMAN","Cyclic AMP-responsive element-binding protein 1","P16220_S257_M1_28","Phospho (STY)",1.10507520007433,0.633972537254186,0.367779963639081,4,"Not significant"
"Unstim / P3C4+Nigericin","PLCG2","P16885","P16885","PLCG2_HUMAN","1-phosphatidylinositol 4,5-bisphosphate phosphodiesterase gamma-2","P16885_T57_M1_28","Phospho (STY)",1.61536974722677,0.633972537254186,0.335521612406127,6,"Not significant"
"Unstim / P3C4+Nigericin","HMGA1","P17096","P17096","HMGA1_HUMAN","High mobility group protein HMG-I/HMG-Y","P17096_S49_M1_28","Phospho (STY)",0.190698229196594,0.633972537254186,0.392824785202846,5,"Not significant"
"Unstim / P3C4+Nigericin","PSMC3","P17980","P17980","PRS6A_HUMAN","26S proteasome regulatory subunit 6A","P17980_S281_M2_28","Phospho (STY)",-0.518087051141878,0.633972537254186,0.30066665730626,6,"Not significant"
"Unstim / P3C4+Nigericin","RAB4A","P20338","P20338","RAB4A_HUMAN","Ras-related protein Rab-4A","P20338_Y61_M1_28","Phospho (STY)",-7.27452731934666,0.633972537254186,0.422936144991405,6,"Not significant"
"Unstim / P3C4+Nigericin","SCP2","P22307","P22307","SCP2_HUMAN","Sterol carrier protein 2","P22307_T473_M1_28","Phospho (STY)",-9.7658895373087,0.633972537254186,0.422516345626879,6,"Not significant"
"Unstim / P3C4+Nigericin","ACAT1","P24752","P24752","THIL_HUMAN","Acetyl-CoA acetyltransferase, mitochondrial","P24752_S420_M1_28","Phospho (STY)",0.894217668396647,0.633972537254186,0.426616327474211,5,"Not significant"
"Unstim / P3C4+Nigericin","ATP5F1A","P25705","P25705","ATPA_HUMAN","ATP synthase subunit alpha, mitochondrial","P25705_Y321_M2_28","Phospho (STY)",0.39209036835576,0.633972537254186,0.401282703721504,6,"Not significant"
"Unstim / P3C4+Nigericin","GNA11","P29992","P29992","GNA11_HUMAN","Guanine nucleotide-binding protein subunit alpha-11","P29992_Y172_M1_28","Phospho (STY)",0.535450494347554,0.633972537254186,0.329874861604324,6,"Not significant"
"Unstim / P3C4+Nigericin","PDIA3","P30101","P30101","PDIA3_HUMAN","Protein disulfide-isomerase A3","P30101_Y364_M1_28","Phospho (STY)",7.23328699899768,0.633972537254186,0.423474387921883,6,"Not significant"
"Unstim / P3C4+Nigericin","POLR2B","P30876","P30876","RPB2_HUMAN","DNA-directed RNA polymerase II subunit RPB2","P30876_Y1029_M2_28","Phospho (STY)",7.52689740751031,0.633972537254186,0.316916606464729,5,"Not significant"
"Unstim / P3C4+Nigericin","MYH9","P35579","P35579","MYH9_HUMAN","Myosin-9","P35579_S957_M1_28","Phospho (STY)",0.44485757244125,0.633972537254186,0.401473517040667,6,"Not significant"
"Unstim / P3C4+Nigericin","RPL4","P36578","P36578","RL4_HUMAN","Large ribosomal subunit protein uL4","P36578_Y161_M1_28","Phospho (STY)",-5.64168179516312,0.633972537254186,0.426176971825758,6,"Not significant"
"Unstim / P3C4+Nigericin","HSPA9","P38646","P38646","GRP75_HUMAN","Stress-70 protein, mitochondrial","P38646_Y243_M1_28","Phospho (STY)",5.00381211697963,0.633972537254186,0.415340537768361,6,"Not significant"
"Unstim / P3C4+Nigericin","CCT6A","P40227","P40227","TCPZ_HUMAN","T-complex protein 1 subunit zeta","P40227_T57_M1_28","Phospho (STY)",9.81377699244551,0.633972537254186,0.422497594705268,6,"Not significant"
"Unstim / P3C4+Nigericin","RAB5C","P51148","P51148","RAB5C_HUMAN","Ras-related protein Rab-5C","P51148_S124_M1_28","Phospho (STY)",0.39423936956834,0.633972537254186,0.368724456903847,6,"Not significant"
"Unstim / P3C4+Nigericin","RARS1","P54136","P54136","SYRC_HUMAN","Arginine--tRNA ligase, cytoplasmic","P54136_S177_M1_28","Phospho (STY)",-0.466087167959998,0.633972537254186,0.32938634429326,6,"Not significant"
"Unstim / P3C4+Nigericin","HSPA2","P54652","P54652","HSP72_HUMAN","Heat shock-related 70 kDa protein 2","P54652_S142_M2_28","Phospho (STY)",3.68348157396516,0.633972537254186,0.427643793814699,6,"Not significant"
"Unstim / P3C4+Nigericin","H2BC12L","P57053","P57053","H2BFS_HUMAN","Histone H2B type F-S","P57053_Y84_M2_28","Phospho (STY)",5.23607424474865,0.633972537254186,0.426722760622001,6,"Not significant"
"Unstim / P3C4+Nigericin","RAB4B","P61018","P61018","RAB4B_HUMAN","Ras-related protein Rab-4B","P61018_T56_M1_28","Phospho (STY)",7.45779766746901,0.633972537254186,0.422522865771593,6,"Not significant"
"Unstim / P3C4+Nigericin","RAB14","P61106","P61106","RAB14_HUMAN","Ras-related protein Rab-14","P61106_S56_M1_28","Phospho (STY)",-6.97543306342956,0.633972537254186,0.422588725877611,6,"Not significant"
"Unstim / P3C4+Nigericin","RPL23","P62829","P62829","RL23_HUMAN","Large ribosomal subunit protein uL14","P62829_Y38_M2_28","Phospho (STY)",1.27722176065616,0.633972537254186,0.417875529161887,6,"Not significant"
"Unstim / P3C4+Nigericin","RPL31","P62899","P62899","RL31_HUMAN","Large ribosomal subunit protein eL31","P62899_S15_M1_28","Phospho (STY)",-9.08972370124023,0.633972537254186,0.421988223743834,6,"Not significant"
"Unstim / P3C4+Nigericin","PPP2R2A","P63151","P63151","2ABA_HUMAN","Serine/threonine-protein phosphatase 2A 55 kDa regulatory subunit B alpha isoform","P63151_Y440_M2_28","Phospho (STY)",-4.65908157409434,0.633972537254186,0.413540569691556,6,"Not significant"
"Unstim / P3C4+Nigericin","ACTC1","P68032","P68032","ACTC_HUMAN","Actin, alpha cardiac muscle 1","P68032_Y220_M1_28","Phospho (STY)",0.510867277051338,0.633972537254186,0.418276179348056,6,"Not significant"
"Unstim / P3C4+Nigericin","MRPS36","P82909","P82909","KGD4_HUMAN","Alpha-ketoglutarate dehydrogenase component 4","P82909_Y84_M2_28","Phospho (STY)",8.41996157262515,0.633972537254186,0.423012530536153,6,"Not significant"
"Unstim / P3C4+Nigericin","DAB2","P98082","P98082","DAB2_HUMAN","Disabled homolog 2","P98082_Y50_M1_28","Phospho (STY)",-7.20134777379676,0.633972537254186,0.423549185966967,6,"Not significant"
"Unstim / P3C4+Nigericin","FABP5","Q01469","Q01469","FABP5_HUMAN","Fatty acid-binding protein 5","Q01469_T90_M2_28","Phospho (STY)",-0.229180601436166,0.633972537254186,0.333048865316159,4,"Not significant"
"Unstim / P3C4+Nigericin","CAP1","Q01518","Q01518","CAP1_HUMAN","Adenylyl cyclase-associated protein 1","Q01518_S308_M1_28","Phospho (STY)",1.12265389693638,0.633972537254186,0.394099258757846,6,"Not significant"
"Unstim / P3C4+Nigericin","CAP1","Q01518","Q01518","CAP1_HUMAN","Adenylyl cyclase-associated protein 1","Q01518_Y354_M2_28","Phospho (STY)",10.0725781913353,0.633972537254186,0.422466542339041,6,"Not significant"
"Unstim / P3C4+Nigericin","AHNAK","Q09666","Q09666","AHNK_HUMAN","Neuroblast differentiation-associated protein AHNAK","Q09666_T1192_M1_28","Phospho (STY)",10.4504801605331,0.633972537254186,0.422322104858761,5,"Not significant"
"Unstim / P3C4+Nigericin","AHNAK","Q09666","Q09666","AHNK_HUMAN","Neuroblast differentiation-associated protein AHNAK","Q09666_T1986_M1_28","Phospho (STY)",10.4504801605331,0.633972537254186,0.422322104858761,5,"Not significant"
"Unstim / P3C4+Nigericin","AHNAK","Q09666","Q09666","AHNK_HUMAN","Neuroblast differentiation-associated protein AHNAK","Q09666_S2252_M1_28","Phospho (STY)",0.704682218684241,0.633972537254186,0.301258008424384,6,"Not significant"
"Unstim / P3C4+Nigericin","AHNAK","Q09666","Q09666","AHNK_HUMAN","Neuroblast differentiation-associated protein AHNAK","Q09666_S4069_M1_28","Phospho (STY)",0.704682218684241,0.633972537254186,0.301258008424384,6,"Not significant"
"Unstim / P3C4+Nigericin","AHNAK","Q09666","Q09666","AHNK_HUMAN","Neuroblast differentiation-associated protein AHNAK","Q09666_S2798_M1_28","Phospho (STY)",1.65032647886404,0.633972537254186,0.334434448051873,6,"Not significant"
"Unstim / P3C4+Nigericin","AHNAK","Q09666","Q09666","AHNK_HUMAN","Neuroblast differentiation-associated protein AHNAK","Q09666_S1088_M1_28","Phospho (STY)",-6.74450325415124,0.633972537254186,0.424121065894051,6,"Not significant"
"Unstim / P3C4+Nigericin","BST1","Q10588","Q10588","BST1_HUMAN","ADP-ribosyl cyclase/cyclic ADP-ribose hydrolase 2","Q10588_Y200_M2_28","Phospho (STY)",-2.4508587722661,0.633972537254186,0.421598358192442,5,"Not significant"
"Unstim / P3C4+Nigericin","MYO1E","Q12965","Q12965","MYO1E_HUMAN","Unconventional myosin-Ie","Q12965_S912_M1_28","Phospho (STY)",1.18922231081731,0.633972537254186,0.306703853994203,5,"Not significant"
"Unstim / P3C4+Nigericin","HNRNPD","Q14103","Q14103","HNRPD_HUMAN","Heterogeneous nuclear ribonucleoprotein D0","Q14103_Y201_M1_28","Phospho (STY)",3.35195361774134,0.633972537254186,0.384893421732006,6,"Not significant"
"Unstim / P3C4+Nigericin","FKBP8","Q14318","Q14318","FKBP8_HUMAN","Peptidyl-prolyl cis-trans isomerase FKBP8","Q14318_Y322_M2_28","Phospho (STY)",4.32229458800767,0.633972537254186,0.420404139995187,6,"Not significant"
"Unstim / P3C4+Nigericin","MVP","Q14764","Q14764","MVP_HUMAN","Major vault protein","Q14764_Y100_M2_28","Phospho (STY)",-4.55139439345041,0.633972537254186,0.423834869299514,6,"Not significant"
"Unstim / P3C4+Nigericin","ZNF638","Q14966","Q14966","ZN638_HUMAN","Zinc finger protein 638","Q14966_T1664_M2_28","Phospho (STY)",1.32772477985269,0.633972537254186,0.397760512918782,6,"Not significant"
"Unstim / P3C4+Nigericin","PLEC","Q15149","Q15149","PLEC_HUMAN","Plectin","Q15149_Y4112_M1_28","Phospho (STY)",-4.23587558511786,0.633972537254186,0.407025730866964,6,"Not significant"
"Unstim / P3C4+Nigericin","NONO","Q15233","Q15233","NONO_HUMAN","Non-POU domain-containing octamer-binding protein","Q15233_Y158_M2_28","Phospho (STY)",-2.2003008671934,0.633972537254186,0.407191294156525,6,"Not significant"
"Unstim / P3C4+Nigericin","PWP2","Q15269","Q15269","PWP2_HUMAN","Periodic tryptophan protein 2 homolog","Q15269_S772_M1_28","Phospho (STY)",0.865499405640716,0.633972537254186,0.328682936284248,6,"Not significant"
"Unstim / P3C4+Nigericin","TSC22D1","Q15714","Q15714","T22D1_HUMAN","TSC22 domain family protein 1","Q15714_S1018_M1_28","Phospho (STY)",0.4118516081762,0.633972537254186,0.433806937075725,6,"Not significant"
"Unstim / P3C4+Nigericin","ZYX","Q15942","Q15942","ZYX_HUMAN","Zyxin","Q15942_S344_M1_28","Phospho (STY)",0.8300416067349,0.633972537254186,0.385722519176678,6,"Not significant"
"Unstim / P3C4+Nigericin","H2BC21","Q16778","Q16778","H2B2E_HUMAN","Histone H2B type 2-E","Q16778_S57_M1_28","Phospho (STY)",-9.49977362671906,0.633972537254186,0.422261697347913,5,"Not significant"
"Unstim / P3C4+Nigericin","ACTBL2","Q562R1","Q562R1","ACTBL_HUMAN","Beta-actin-like protein 2","Q562R1_Y295_M1_28","Phospho (STY)",2.18222382534673,0.633972537254186,0.424049705357394,6,"Not significant"
"Unstim / P3C4+Nigericin","ACTBL2","Q562R1","Q562R1","ACTBL_HUMAN","Beta-actin-like protein 2","Q562R1_Y167_M1_28","Phospho (STY)",0.838889038479908,0.633972537254186,0.427207025415535,5,"Not significant"
"Unstim / P3C4+Nigericin","ACTBL2","Q562R1","Q562R1","ACTBL_HUMAN","Beta-actin-like protein 2","Q562R1_Y54_M1_28","Phospho (STY)",-1.00641775129297,0.633972537254186,0.412891900102699,6,"Not significant"
"Unstim / P3C4+Nigericin","HP1BP3","Q5SSJ5","Q5SSJ5","HP1B3_HUMAN","Heterochromatin protein 1-binding protein 3","Q5SSJ5_Y344_M2_28","Phospho (STY)",1.88135162930044,0.633972537254186,0.38518440959244,6,"Not significant"
"Unstim / P3C4+Nigericin","PRPF8","Q6P2Q9","Q6P2Q9","PRP8_HUMAN","Pre-mRNA-processing-splicing factor 8","Q6P2Q9_Y1991_M1_28","Phospho (STY)",-4.38916494205118,0.633972537254186,0.431909640829131,6,"Not significant"
"Unstim / P3C4+Nigericin","GLRX5","Q86SX6","Q86SX6","GLRX5_HUMAN","Glutaredoxin-related protein 5, mitochondrial","Q86SX6_T61_M2_28","Phospho (STY)",6.30829967263694,0.633972537254186,0.376311129841804,6,"Not significant"
"Unstim / P3C4+Nigericin","TBC1D1","Q86TI0","Q86TI0","TBCD1_HUMAN","TBC1 domain family member 1","Q86TI0_S503_M1_28","Phospho (STY)",3.63320708104305,0.633972537254186,0.427271928194767,5,"Not significant"
"Unstim / P3C4+Nigericin","MRPL52","Q86TS9","Q86TS9","RM52_HUMAN","Large ribosomal subunit protein mL52","Q86TS9_S81_M2_28","Phospho (STY)",-0.757190055172342,0.633972537254186,0.301860420254742,6,"Not significant"
"Unstim / P3C4+Nigericin","MRPL52","Q86TS9","Q86TS9","RM52_HUMAN","Large ribosomal subunit protein mL52","Q86TS9_T72_M2_28","Phospho (STY)",-0.757190055172342,0.633972537254186,0.301860420254742,6,"Not significant"
"Unstim / P3C4+Nigericin","MTDH","Q86UE4","Q86UE4","LYRIC_HUMAN","Protein LYRIC","Q86UE4_S251_M1_28","Phospho (STY)",1.95049429255092,0.633972537254186,0.365100778562551,6,"Not significant"
"Unstim / P3C4+Nigericin","GOLGA1","Q92805","Q92805","GOGA1_HUMAN","Golgin subfamily A member 1","Q92805_T518_M1_28","Phospho (STY)",3.42127700950803,0.633972537254186,0.411331975787875,6,"Not significant"
"Unstim / P3C4+Nigericin","RPL10L","Q96L21","Q96L21","RL10L_HUMAN","Ribosomal protein uL16-like","Q96L21_Y57_M2_28","Phospho (STY)",8.10937112063026,0.633972537254186,0.422037940948586,6,"Not significant"
"Unstim / P3C4+Nigericin","PARK7","Q99497","Q99497","PARK7_HUMAN","Parkinson disease protein 7","Q99497_T110_M1_28","Phospho (STY)",0.714409597943775,0.633972537254186,0.429631652702415,6,"Not significant"
"Unstim / P3C4+Nigericin","NAP1L4","Q99733","Q99733","NP1L4_HUMAN","Nucleosome assembly protein 1-like 4","Q99733_T28_M1_28","Phospho (STY)",1.14131387403783,0.633972537254186,0.376314299249644,6,"Not significant"
"Unstim / P3C4+Nigericin","ACO2","Q99798","Q99798","ACON_HUMAN","Aconitate hydratase, mitochondrial","Q99798_Y544_M1_28","Phospho (STY)",-0.411016793997283,0.633972537254186,0.364844442227256,6,"Not significant"
"Unstim / P3C4+Nigericin","ACAT2","Q9BWD1","Q9BWD1","THIC_HUMAN","Acetyl-CoA acetyltransferase, cytosolic","Q9BWD1_T275_M1_28","Phospho (STY)",0.521383725230558,0.633972537254186,0.415804915659345,6,"Not significant"
"Unstim / P3C4+Nigericin","ESF1","Q9H501","Q9H501","ESF1_HUMAN","ESF1 homolog","Q9H501_S371_M1_28","Phospho (STY)",5.63961809611279,0.633972537254186,0.412855631638211,6,"Not significant"
"Unstim / P3C4+Nigericin","RAB9B","Q9NP90","Q9NP90","RAB9B_HUMAN","Ras-related protein Rab-9B","Q9NP90_Y108_M1_28","Phospho (STY)",0.351482087966708,0.633972537254186,0.435346495559106,4,"Not significant"
"Unstim / P3C4+Nigericin","DYNLRB1","Q9NP97","Q9NP97","DLRB1_HUMAN","Dynein light chain roadblock-type 1","Q9NP97_Y86_M1_28","Phospho (STY)",1.46468351860459,0.633972537254186,0.423704176352512,5,"Not significant"
"Unstim / P3C4+Nigericin","ARGLU1","Q9NWB6","Q9NWB6","ARGL1_HUMAN","Arginine and glutamate-rich protein 1","Q9NWB6_S77_M1_28","Phospho (STY)",1.02537407320699,0.633972537254186,0.407757741830846,6,"Not significant"
"Unstim / P3C4+Nigericin","QPCTL","Q9NXS2","Q9NXS2","QPCTL_HUMAN","Glutaminyl-peptide cyclotransferase-like protein","Q9NXS2_T216_M1_28","Phospho (STY)",-0.938865472310082,0.633972537254186,0.348658163925751,6,"Not significant"
"Unstim / P3C4+Nigericin","POFUT2","Q9Y2G5","Q9Y2G5","OFUT2_HUMAN","GDP-fucose protein O-fucosyltransferase 2","Q9Y2G5_S282_M2_28","Phospho (STY)",0.304301408976452,0.633972537254186,0.435184607264481,5,"Not significant"
"Unstim / P3C4+Nigericin","THRAP3","Q9Y2W1","Q9Y2W1","TR150_HUMAN","Thyroid hormone receptor-associated protein 3","Q9Y2W1_S253_M2_28","Phospho (STY)",-1.10066552848161,0.633972537254186,0.369168383030023,6,"Not significant"
"Unstim / P3C4+Nigericin","TLN1","Q9Y490","Q9Y490","TLN1_HUMAN","Talin-1","Q9Y490_S955_M2_28","Phospho (STY)",1.79528027379613,0.633972537254186,0.307526793050206,5,"Not significant"
"Unstim / P3C4+Nigericin","RPL17","P18621","P18621","RL17_HUMAN","Large ribosomal subunit protein uL22","P18621_S100_M1_28","Phospho (STY)",-5.0419319780767,0.633972537254186,0.410087702872954,6,"Not significant"
"Unstim / P3C4+Nigericin","ACTC1","P68032","P68032","ACTC_HUMAN","Actin, alpha cardiac muscle 1","P68032_T231_M1_28","Phospho (STY)",0.396998311263461,0.633972537254186,0.340527071704636,5,"Not significant"
"Unstim / P3C4+Nigericin","ACTC1","P68032","P68032","ACTC_HUMAN","Actin, alpha cardiac muscle 1","P68032_Y242_M1_28","Phospho (STY)",-3.0938309083452,0.633972537254186,0.424863227258129,5,"Not significant"
"Unstim / P3C4+Nigericin","PRR14","Q9BWN1","Q9BWN1","PRR14_HUMAN","Proline-rich protein 14","Q9BWN1_S514_M1_28","Phospho (STY)",4.41071708303076,0.633972537254186,0.411020200117417,6,"Not significant"
"Unstim / P3C4+Nigericin","RAB10","P61026","P61026","RAB10_HUMAN","Ras-related protein Rab-10","P61026_T174_M1_28","Phospho (STY)",0.71763627438481,0.633972537254186,0.346181776151164,4,"Not significant"
"Unstim / P3C4+Nigericin","XRCC6","P12956","P12956","XRCC6_HUMAN","X-ray repair cross-complementing protein 6","P12956_Y559_M1_28","Phospho (STY)",-3.28115683309048,0.634062789891408,0.436290069181859,6,"Not significant"
"Unstim / P3C4+Nigericin","HSPE1","P61604","P61604","CH10_HUMAN","10 kDa heat shock protein, mitochondrial","P61604_S53_M2_28","Phospho (STY)",-0.39625236493412,0.634128189222172,0.437042658947178,6,"Not significant"
"Unstim / P3C4+Nigericin","HSPE1","P61604","P61604","CH10_HUMAN","10 kDa heat shock protein, mitochondrial","P61604_S51_M2_28","Phospho (STY)",-0.39625236493412,0.634128189222172,0.437042679497635,6,"Not significant"
"Unstim / P3C4+Nigericin","AHNAK","Q09666","Q09666","AHNK_HUMAN","Neuroblast differentiation-associated protein AHNAK","Q09666_S135_M2_28","Phospho (STY)",3.12076925934527,0.634256019404079,0.438921951354485,6,"Not significant"
"Unstim / P3C4+Nigericin","TPI1","P60174","P60174","TPIS_HUMAN","Triosephosphate isomerase","P60174_Y48_M2_28","Phospho (STY)",0.650762508926082,0.634695236546258,0.441772995517297,4,"Not significant"
"Unstim / P3C4+Nigericin","HSPD1","P10809","P10809","CH60_HUMAN","60 kDa heat shock protein, mitochondrial","P10809_T54_M1_28","Phospho (STY)",-0.307880122400759,0.634736761661441,0.441905548626277,6,"Not significant"
"Unstim / P3C4+Nigericin","FOSL2","P15408","P15408","FOSL2_HUMAN","Fos-related antigen 2","P15408_S200_M1_28","Phospho (STY)",0.755345524881104,0.634819947125951,0.442353715001009,5,"Not significant"
"Unstim / P3C4+Nigericin","EEF2","P13639","P13639","EF2_HUMAN","Elongation factor 2","P13639_Y730_M2_28","Phospho (STY)",1.05851822139328,0.634943023394286,0.443347761075559,6,"Not significant"
"Unstim / P3C4+Nigericin","HSPA8","P11142","P11142","HSP7C_HUMAN","Heat shock cognate 71 kDa protein","P11142_S329_M1_28","Phospho (STY)",-2.88490441184144,0.635773032946408,0.447148682992925,6,"Not significant"
"Unstim / P3C4+Nigericin","STMN1","P16949","P16949","STMN1_HUMAN","Stathmin","P16949_S25_M1_28","Phospho (STY)",0.670582965313161,0.63590535158036,0.447604866327755,6,"Not significant"
"Unstim / P3C4+Nigericin","ATP5PF","P18859","P18859","ATP5J_HUMAN","ATP synthase-coupling factor 6, mitochondrial","P18859_T92_M1_28","Phospho (STY)",0.232470116485507,0.636451156302415,0.450243203809661,6,"Not significant"
"Unstim / P3C4+Nigericin","PGK1","P00558","P00558","PGK1_HUMAN","Phosphoglycerate kinase 1","P00558_S115_M1_28","Phospho (STY)",-2.56353259957999,0.636572556992853,0.450581289438705,6,"Not significant"
"Unstim / P3C4+Nigericin","MSI2","Q96DH6","Q96DH6","MSI2H_HUMAN","RNA-binding protein Musashi homolog 2","Q96DH6_S74_M1_28","Phospho (STY)",-0.511841275976212,0.637323473537119,0.453478175895658,4,"Not significant"
"Unstim / P3C4+Nigericin","SUMO3","P55854","P55854","SUMO3_HUMAN","Small ubiquitin-related modifier 3","P55854_T12_M1_28","Phospho (STY)",1.26056293191966,0.63789918561049,0.455949290154851,6,"Not significant"
"Unstim / P3C4+Nigericin","SDHAF2","Q9NX18","Q9NX18","SDHF2_HUMAN","Succinate dehydrogenase assembly factor 2, mitochondrial","Q9NX18_Y160_M1_28","Phospho (STY)",-0.557169843272129,0.638112850900604,0.456772191720207,6,"Not significant"
"Unstim / P3C4+Nigericin","POTEF","A5A3E0","A5A3E0","POTEF_HUMAN","POTE ankyrin domain family member F","A5A3E0_Y918_M1_28","Phospho (STY)",1.33690180831116,0.638758878913224,0.459101460601577,4,"Not significant"
"Unstim / P3C4+Nigericin","RRBP1","Q9P2E9","Q9P2E9","RRBP1_HUMAN","Ribosome-binding protein 1","Q9P2E9_S154_M2_28","Phospho (STY)",2.35599193079312,0.639192924779851,0.460688922370072,5,"Not significant"
"Unstim / P3C4+Nigericin","HNRNPH1","P31943","P31943","HNRH1_HUMAN","Heterogeneous nuclear ribonucleoprotein H","P31943_S104_M1_28","Phospho (STY)",1.0795362344648,0.639532926578789,0.461731725369723,5,"Not significant"
"Unstim / P3C4+Nigericin","HSPA2","P54652","P54652","HSP72_HUMAN","Heat shock-related 70 kDa protein 2","P54652_Y614_M1_28","Phospho (STY)",-0.666580540501588,0.640086858498481,0.464160394570364,6,"Not significant"
"Unstim / P3C4+Nigericin","MMP14","P50281","P50281","MMP14_HUMAN","Matrix metalloproteinase-14","P50281_T412_M1_28","Phospho (STY)",1.14598718455722,0.641068481857299,0.467624924907893,6,"Not significant"
"Unstim / P3C4+Nigericin","GLOD4","Q9HC38","Q9HC38","GLOD4_HUMAN","Glyoxalase domain-containing protein 4","Q9HC38_T242_M1_28","Phospho (STY)",0.565913922328379,0.641727239978444,0.469595522341446,6,"Not significant"
"Unstim / P3C4+Nigericin","POTEI","P0CG38","P0CG38","POTEI_HUMAN","POTE ankyrin domain family member I","P0CG38_Y918_M2_28","Phospho (STY)",3.39583808136114,0.641850989516407,0.470133464400088,4,"Not significant"
"Unstim / P3C4+Nigericin","M6PR","P20645","P20645","MPRD_HUMAN","Cation-dependent mannose-6-phosphate receptor","P20645_S42_M1_28","Phospho (STY)",2.05105875238283,0.642399067062203,0.472065107594354,6,"Not significant"
"Unstim / P3C4+Nigericin","MYH9","P35579","P35579","MYH9_HUMAN","Myosin-9","P35579_T1208_M1_28","Phospho (STY)",-0.307294635770116,0.642553621828106,0.472547659864564,6,"Not significant"
"Unstim / P3C4+Nigericin","HSP90B1","P14625","P14625","ENPL_HUMAN","Endoplasmin","P14625_Y652_M3_28","Phospho (STY)",-2.00052193588445,0.643210172406971,0.474541493201504,5,"Not significant"
"Unstim / P3C4+Nigericin","RCSD1","Q6JBY9","Q6JBY9","CPZIP_HUMAN","CapZ-interacting protein","Q6JBY9_S216_M1_28","Phospho (STY)",0.739091662754529,0.64351212193772,0.475595013803028,6,"Not significant"
"Unstim / P3C4+Nigericin","CAP1","Q01518","Q01518","CAP1_HUMAN","Adenylyl cyclase-associated protein 1","Q01518_Y153_M1_28","Phospho (STY)",2.67475454784516,0.643970025360041,0.47686897696395,6,"Not significant"
"Unstim / P3C4+Nigericin","ZMPSTE24","O75844","O75844","FACE1_HUMAN","CAAX prenyl protease 1 homolog","O75844_Y45_M1_28","Phospho (STY)",0.420112393470048,0.644696789200346,0.49299320911349,6,"Not significant"
"Unstim / P3C4+Nigericin","PGK1","P00558","P00558","PGK1_HUMAN","Phosphoglycerate kinase 1","P00558_Y324_M1_28","Phospho (STY)",0.32276697547973,0.644696789200346,0.499734530372665,6,"Not significant"
"Unstim / P3C4+Nigericin","TFRC","P02786","P02786","TFR1_HUMAN","Transferrin receptor protein 1","P02786_S132_M2_28","Phospho (STY)",-4.52597769640211,0.644696789200346,0.49898916203523,4,"Not significant"
"Unstim / P3C4+Nigericin","HSPA8","P11142","P11142","HSP7C_HUMAN","Heat shock cognate 71 kDa protein","P11142_T66_M2_28","Phospho (STY)",0.364363249622478,0.644696789200346,0.481294210086952,6,"Not significant"
"Unstim / P3C4+Nigericin","HSPA8","P11142","P11142","HSP7C_HUMAN","Heat shock cognate 71 kDa protein","P11142_T64_M2_28","Phospho (STY)",0.364363249622478,0.644696789200346,0.481294210086952,6,"Not significant"
"Unstim / P3C4+Nigericin","UQCRC2","P22695","P22695","QCR2_HUMAN","Cytochrome b-c1 complex subunit 2, mitochondrial","P22695_Y71_M1_28","Phospho (STY)",0.606448804098512,0.644696789200346,0.494966321084398,5,"Not significant"
"Unstim / P3C4+Nigericin","LAP3","P28838","P28838","AMPL_HUMAN","Cytosol aminopeptidase","P28838_T70_M1_28","Phospho (STY)",-6.59717664938286,0.644696789200346,0.500884150337977,5,"Not significant"
"Unstim / P3C4+Nigericin","VDAC2","P45880","P45880","VDAC2_HUMAN","Voltage-dependent anion-selective channel protein 2","P45880_T269_M1_28","Phospho (STY)",-0.293586315148183,0.644696789200346,0.482950903683705,6,"Not significant"
"Unstim / P3C4+Nigericin","EIF1AX","P47813","P47813","IF1AX_HUMAN","Eukaryotic translation initiation factor 1A, X-chromosomal","P47813_S74_M2_28","Phospho (STY)",3.28836033086622,0.644696789200346,0.492949357073234,4,"Not significant"
"Unstim / P3C4+Nigericin","IDH3G","P51553","P51553","IDH3G_HUMAN","Isocitrate dehydrogenase [NAD] subunit gamma, mitochondrial","P51553_Y51_M2_28","Phospho (STY)",6.73271689911596,0.644696789200346,0.49854746080634,4,"Not significant"
"Unstim / P3C4+Nigericin","CORO7","P57737","P57737","CORO7_HUMAN","Coronin-7","P57737_T540_M1_28","Phospho (STY)",-4.19354322995439,0.644696789200346,0.499840537909035,5,"Not significant"
"Unstim / P3C4+Nigericin","HNRNPK","P61978","P61978","HNRPK_HUMAN","Heterogeneous nuclear ribonucleoprotein K","P61978_Y72_M2_28","Phospho (STY)",0.667738913459933,0.644696789200346,0.484810517475184,6,"Not significant"
"Unstim / P3C4+Nigericin","ILF2","Q12905","Q12905","ILF2_HUMAN","Interleukin enhancer-binding factor 2","Q12905_Y338_M1_28","Phospho (STY)",6.21026326400268,0.644696789200346,0.498661337836322,5,"Not significant"
"Unstim / P3C4+Nigericin","SKIC2","Q15477","Q15477","SKI2_HUMAN","Superkiller complex protein 2","Q15477_S840_M1_28","Phospho (STY)",5.99944502295613,0.644696789200346,0.493836143395526,4,"Not significant"
"Unstim / P3C4+Nigericin","SLC25A24","Q6NUK1","Q6NUK1","SCMC1_HUMAN","Mitochondrial adenyl nucleotide antiporter SLC25A24","Q6NUK1_Y404_M1_28","Phospho (STY)",1.75807290985118,0.644696789200346,0.498815179996914,6,"Not significant"
"Unstim / P3C4+Nigericin","NUFIP2","Q7Z417","Q7Z417","NUFP2_HUMAN","FMR1-interacting protein NUFIP2","Q7Z417_S107_M2_28","Phospho (STY)",4.93118985949185,0.644696789200346,0.500817896931511,5,"Not significant"
"Unstim / P3C4+Nigericin","RAB18","Q9NP72","Q9NP72","RAB18_HUMAN","Ras-related protein Rab-18","Q9NP72_T49_M1_28","Phospho (STY)",-9.54623025926938,0.644696789200346,0.500164929860211,5,"Not significant"
"Unstim / P3C4+Nigericin","CES1","P23141","P23141","EST1_HUMAN","Liver carboxylesterase 1","P23141_Y118_M2_28","Phospho (STY)",7.01872536933549,0.644696789200346,0.501129808074033,4,"Not significant"
"Unstim / P3C4+Nigericin","HNRNPK","P61978","P61978","HNRPK_HUMAN","Heterogeneous nuclear ribonucleoprotein K","P61978_T70_M2_28","Phospho (STY)",0.667738913459933,0.644696789200346,0.48481051943064,6,"Not significant"
"Unstim / P3C4+Nigericin","NONO","Q15233","Q15233","NONO_HUMAN","Non-POU domain-containing octamer-binding protein","Q15233_Y158_M1_28","Phospho (STY)",-5.25305155532837,0.644696789200346,0.495656801959536,4,"Not significant"
"Unstim / P3C4+Nigericin","CHMP4B","Q9H444","Q9H444","CHM4B_HUMAN","Charged multivesicular body protein 4b","Q9H444_Y75_M3_28","Phospho (STY)",-6.60180435673495,0.644696789200346,0.500557171356567,4,"Not significant"
"Unstim / P3C4+Nigericin","SOD2","P04179","P04179","SODM_HUMAN","Superoxide dismutase [Mn], mitochondrial","P04179_Y33_M2_28","Phospho (STY)",9.45443964718764,0.644696789200346,0.500256614212921,4,"Not significant"
"Unstim / P3C4+Nigericin","EIF5","P55010","P55010","IF5_HUMAN","Eukaryotic translation initiation factor 5","P55010_Y56_M2_28","Phospho (STY)",4.55762577692931,0.644696789200346,0.48167233623631,4,"Not significant"
"Unstim / P3C4+Nigericin","RAB1B","Q9H0U4","Q9H0U4","RAB1B_HUMAN","Ras-related protein Rab-1B","Q9H0U4_T49_M1_28","Phospho (STY)",-8.51437190469212,0.644696789200346,0.499615638912663,4,"Not significant"
"Unstim / P3C4+Nigericin","RPSA","P08865","P08865","RSSA_HUMAN","Small ribosomal subunit protein uS2","P08865_T82_M2_28","Phospho (STY)",-0.466183520838233,0.644794125998214,0.504466113720184,4,"Not significant"
"Unstim / P3C4+Nigericin","DHX9","Q08211","Q08211","DHX9_HUMAN","ATP-dependent RNA helicase A","Q08211_T1060_M1_28","Phospho (STY)",-3.82362520042023,0.645104922878166,0.506915547357601,4,"Not significant"
"Unstim / P3C4+Nigericin","CAPZB","P47756","P47756","CAPZB_HUMAN","F-actin-capping protein subunit beta","P47756_S34_M2_28","Phospho (STY)",-3.24418376033941,0.645284244586542,0.5079312600913,5,"Not significant"
"Unstim / P3C4+Nigericin","WDFY3","Q8IZQ1","Q8IZQ1","WDFY3_HUMAN","WD repeat and FYVE domain-containing protein 3","Q8IZQ1_S1315_M1_28","Phospho (STY)",0.643457815733056,0.645378459575904,0.5081642566815,6,"Not significant"
"Unstim / P3C4+Nigericin","CHCHD3","Q9NX63","Q9NX63","MIC19_HUMAN","MICOS complex subunit MIC19","Q9NX63_S50_M1_28","Phospho (STY)",0.349378145947895,0.645504468952412,0.508610693699874,5,"Not significant"
"Unstim / P3C4+Nigericin","GPSM3","Q9Y4H4","Q9Y4H4","GPSM3_HUMAN","G-protein-signaling modulator 3","Q9Y4H4_S56_M1_28","Phospho (STY)",0.333366031950787,0.645960929678777,0.510313578323147,5,"Not significant"
"Unstim / P3C4+Nigericin","SOD2","P04179","P04179","SODM_HUMAN","Superoxide dismutase [Mn], mitochondrial","P04179_Y69_M2_28","Phospho (STY)",-3.21254830274863,0.646358144670481,0.51173489551692,4,"Not significant"
"Unstim / P3C4+Nigericin","PRPF40A","O75400","O75400","PR40A_HUMAN","Pre-mRNA-processing factor 40 homolog A","O75400_Y221_M1_28","Phospho (STY)",-3.77557247589401,0.646435221281576,0.512013194333566,5,"Not significant"
"Unstim / P3C4+Nigericin","GM2A","P17900","P17900","SAP3_HUMAN","Ganglioside GM2 activator","P17900_Y145_M1_28","Phospho (STY)",-0.536899525179751,0.647632391897308,0.51661298105017,5,"Not significant"
"Unstim / P3C4+Nigericin","TFAM","Q00059","Q00059","TFAM_HUMAN","Transcription factor A, mitochondrial","Q00059_Y200_M1_28","Phospho (STY)",0.358066407690648,0.647707004505416,0.516824501481564,6,"Not significant"
"Unstim / P3C4+Nigericin","GGH","Q92820","Q92820","GGH_HUMAN","Gamma-glutamyl hydrolase","Q92820_T30_M1_28","Phospho (STY)",-0.295734850879168,0.647907507505635,0.51754805534824,6,"Not significant"
"Unstim / P3C4+Nigericin","PCNA","P12004","P12004","PCNA_HUMAN","Proliferating cell nuclear antigen","P12004_Y133_M2_28","Phospho (STY)",0.440937825000022,0.649302982965476,0.522370434713979,6,"Not significant"
"Unstim / P3C4+Nigericin","H1-2","P16403","P16403","H12_HUMAN","Histone H1.2","P16403_T31_M2_28","Phospho (STY)",0.611428950627365,0.649566428412612,0.52308813374717,4,"Not significant"
"Unstim / P3C4+Nigericin","AHNAK","Q09666","Q09666","AHNK_HUMAN","Neuroblast differentiation-associated protein AHNAK","Q09666_S3326_M1_28","Phospho (STY)",-0.545750331835678,0.649830295276112,0.524118660268273,5,"Not significant"
"Unstim / P3C4+Nigericin","P4HB","P07237","P07237","PDIA1_HUMAN","Protein disulfide-isomerase","P07237_S357_M1_28","Phospho (STY)",0.459551708248208,0.651241783162332,0.528160872818283,6,"Not significant"
"Unstim / P3C4+Nigericin","GPI","P06744","P06744","G6PI_HUMAN","Glucose-6-phosphate isomerase","P06744_Y183_M1_28","Phospho (STY)",0.832875867403259,0.651518413522339,0.528918135088708,6,"Not significant"
"Unstim / P3C4+Nigericin","MYL6","P60660","P60660","MYL6_HUMAN","Myosin light polypeptide 6","P60660_Y86_M2_28","Phospho (STY)",-0.41374473092003,0.651774991494709,0.529719916610823,4,"Not significant"
"Unstim / P3C4+Nigericin","RTRAF","Q9Y224","Q9Y224","RTRAF_HUMAN","RNA transcription, translation and transport factor protein","Q9Y224_T235_M1_28","Phospho (STY)",0.21398943820527,0.652000136404367,0.530369992408946,6,"Not significant"
"Unstim / P3C4+Nigericin","SRRM2","Q9UQ35","Q9UQ35","SRRM2_HUMAN","Serine/arginine repetitive matrix protein 2","Q9UQ35_T1043_M1_28","Phospho (STY)",0.732983791488274,0.652519344872766,0.531827427052929,4,"Not significant"
"Unstim / P3C4+Nigericin","HSD17B7","P56937","P56937","DHB7_HUMAN","3-keto-steroid reductase/17-beta-hydroxysteroid dehydrogenase 7","P56937_Y198_M1_28","Phospho (STY)",0.333860618252472,0.653668929803267,0.535288805047063,4,"Not significant"
"Unstim / P3C4+Nigericin","ATP6V1C1","P21283","P21283","VATC1_HUMAN","V-type proton ATPase subunit C 1","P21283_Y181_M1_28","Phospho (STY)",-0.318391320558541,0.655849832723389,0.541930814690532,6,"Not significant"
"Unstim / P3C4+Nigericin","PRSS1","Cont_P00760","Cont_P00760","TRY1_BOVIN","Serine protease 1","Cont_P00760_S101_M2_28","Phospho (STY)",-0.450280193543991,0.656172332170963,0.542813516077269,4,"Not significant"
"Unstim / P3C4+Nigericin","MACROH2A1","O75367","O75367","H2AY_HUMAN","Core histone macro-H2A.1","O75367_S305_M1_28","Phospho (STY)",-0.208665052558466,0.656790338665961,0.544684855850139,6,"Not significant"
"Unstim / P3C4+Nigericin","RCSD1","Q6JBY9","Q6JBY9","CPZIP_HUMAN","CapZ-interacting protein","Q6JBY9_S177_M1_28","Phospho (STY)",0.995541712924035,0.656934476815697,0.545094206183736,4,"Not significant"
"Unstim / P3C4+Nigericin","PCBP2","Q15366","Q15366","PCBP2_HUMAN","Poly(rC)-binding protein 2","Q15366_S141_M2_28","Phospho (STY)",0.236139244477311,0.65717263183112,0.545671239945945,5,"Not significant"
"Unstim / P3C4+Nigericin","CAP1","Q01518","Q01518","CAP1_HUMAN","Adenylyl cyclase-associated protein 1","Q01518_Y354_M1_28","Phospho (STY)",0.983493944124446,0.657751511521779,0.547469307510734,5,"Not significant"
"Unstim / P3C4+Nigericin","PSMC2","P35998","P35998","PRS7_HUMAN","26S proteasome regulatory subunit 7","P35998_S68_M2_28","Phospho (STY)",-0.38107638303135,0.659393450827845,0.552548350516132,5,"Not significant"
"Unstim / P3C4+Nigericin","HCLS1","P14317","P14317","HCLS1_HUMAN","Hematopoietic lineage cell-specific protein","P14317_S275_M1_28","Phospho (STY)",1.59781068168256,0.65942680859232,0.552645747097807,6,"Not significant"
"Unstim / P3C4+Nigericin","PEA15","Q15121","Q15121","PEA15_HUMAN","Astrocytic phosphoprotein PEA-15","Q15121_S104_M1_28","Phospho (STY)",0.679818751850324,0.659565521208193,0.552978589506757,5,"Not significant"
"Unstim / P3C4+Nigericin","HSPA9","P38646","P38646","GRP75_HUMAN","Stress-70 protein, mitochondrial","P38646_S378_M1_28","Phospho (STY)",0.340652990361646,0.659699749481057,0.553556584286099,6,"Not significant"
"Unstim / P3C4+Nigericin","RAB1A","P62820","P62820","RAB1A_HUMAN","Ras-related protein Rab-1A","P62820_S145_M2_28","Phospho (STY)",-0.502641395868547,0.661167448275305,0.557817052554426,5,"Not significant"
"Unstim / P3C4+Nigericin","POTEI","P0CG38","P0CG38","POTEI_HUMAN","POTE ankyrin domain family member I","P0CG38_S971_M1_28","Phospho (STY)",0.923812726119308,0.66164877338039,0.559178132558876,5,"Not significant"
"Unstim / P3C4+Nigericin","RBM47","A0AV96","A0AV96","RBM47_HUMAN","RNA-binding protein 47","A0AV96_T433_M1_28","Phospho (STY)",2.26316519473925,0.663361950184432,0.564424848317204,4,"Not significant"
"Unstim / P3C4+Nigericin","AKAP13","Q12802","Q12802","AKP13_HUMAN","A-kinase anchor protein 13","Q12802_S441_M2_28","Phospho (STY)",0.239515799432065,0.663417274815128,0.564668464422497,5,"Not significant"
"Unstim / P3C4+Nigericin","TRIP12","Q14669","Q14669","TRIPC_HUMAN","E3 ubiquitin-protein ligase TRIP12","Q14669_T758_M1_28","Phospho (STY)",-0.663003958733351,0.664040234933148,0.566531868449794,6,"Not significant"
"Unstim / P3C4+Nigericin","PLAUR","Q03405","Q03405","UPAR_HUMAN","Urokinase plasminogen activator surface receptor","Q03405_T149_M2_28","Phospho (STY)",-1.78873713093425,0.665030995471109,0.569717499857679,4,"Not significant"
"Unstim / P3C4+Nigericin","HSPA8","P11142","P11142","HSP7C_HUMAN","Heat shock cognate 71 kDa protein","P11142_T462_M1_28","Phospho (STY)",0.398247698211269,0.66589747173075,0.572132469175158,6,"Not significant"
"Unstim / P3C4+Nigericin","B2M","P61769","P61769","B2MG_HUMAN","Beta-2-microglobulin","P61769_Y46_M1_28","Phospho (STY)",1.06326495558707,0.665911428673279,0.5721810764171,6,"Not significant"
"Unstim / P3C4+Nigericin","DPYSL2","Q16555","Q16555","DPYL2_HUMAN","Dihydropyrimidinase-related protein 2","Q16555_T555_M1_28","Phospho (STY)",1.94579571089929,0.668851229545033,0.581405151241541,5,"Not significant"
"Unstim / P3C4+Nigericin","MYO1E","Q12965","Q12965","MYO1E_HUMAN","Unconventional myosin-Ie","Q12965_T865_M1_28","Phospho (STY)",0.828733166715268,0.670707055495698,0.58708702214692,5,"Not significant"
"Unstim / P3C4+Nigericin","MDH2","P40926","P40926","MDHM_HUMAN","Malate dehydrogenase, mitochondrial","P40926_Y80_M1_28","Phospho (STY)",0.209521219412238,0.671307070638455,0.588834664717565,6,"Not significant"
"Unstim / P3C4+Nigericin","ENO1","P06733","P06733","ENOA_HUMAN","Alpha-enolase","P06733_Y200_M1_28","Phospho (STY)",1.50844708624012,0.67213517702627,0.591557488382432,6,"Not significant"
"Unstim / P3C4+Nigericin","HADHB","P55084","P55084","ECHB_HUMAN","Trifunctional enzyme subunit beta, mitochondrial","P55084_S262_M1_28","Phospho (STY)",0.174930892173693,0.672453380475147,0.59250275552063,6,"Not significant"
"Unstim / P3C4+Nigericin","ATP2C1","P98194","P98194","AT2C1_HUMAN","Calcium-transporting ATPase type 2C member 1","P98194_S36_M1_28","Phospho (STY)",0.235587328770723,0.673154569175838,0.594540578695714,6,"Not significant"
"Unstim / P3C4+Nigericin","CALR","P27797","P27797","CALR_HUMAN","Calreticulin","P27797_Y172_M3_28","Phospho (STY)",0.290047675991161,0.673530156093271,0.59576515531425,5,"Not significant"
"Unstim / P3C4+Nigericin","ACTB","Cont_P60712;P60709","Cont_P60712;P60709","ACTB_BOVIN;ACTB_HUMAN","Actin, cytoplasmic 1;Actin, cytoplasmic 1","Cont_P60712_Y69_M2_28","Phospho (STY)",1.4204160391216,0.673993880863318,0.597247872558072,6,"Not significant"
"Unstim / P3C4+Nigericin","ACTB","Cont_P60712;P60709","Cont_P60712;P60709","ACTB_BOVIN;ACTB_HUMAN","Actin, cytoplasmic 1;Actin, cytoplasmic 1","P60709_Y69_M2_28","Phospho (STY)",1.4204160391216,0.673993880863318,0.597247872558072,6,"Not significant"
"Unstim / P3C4+Nigericin","PTPRC","P08575","P08575","PTPRC_HUMAN","Receptor-type tyrosine-protein phosphatase C","P08575_S975_M1_28","Phospho (STY)",-0.241125439991394,0.67474952728953,0.599431244830764,6,"Not significant"
"Unstim / P3C4+Nigericin","CTSC","P53634","P53634","CATC_HUMAN","Dipeptidyl peptidase 1","P53634_T445_M1_28","Phospho (STY)",0.4174129200024,0.674780736085537,0.599589752972948,4,"Not significant"
"Unstim / P3C4+Nigericin","H1-4","P10412","P10412","H14_HUMAN","Histone H1.4","P10412_S2_M1_28","Phospho (STY)",0.245703716482007,0.675390779179029,0.601297551739302,6,"Not significant"
"Unstim / P3C4+Nigericin","ARPP19","P56211","P56211","ARP19_HUMAN","cAMP-regulated phosphoprotein 19","P56211_T85_M1_28","Phospho (STY)",0.635476566016283,0.676629372414276,0.604709678028017,4,"Not significant"
"Unstim / P3C4+Nigericin","ACTBL2","Q562R1","Q562R1","ACTBL_HUMAN","Beta-actin-like protein 2","Q562R1_Y241_M1_28","Phospho (STY)",0.49780204327179,0.676972242029562,0.605729061938506,6,"Not significant"
"Unstim / P3C4+Nigericin","ACTB","Cont_P60712;P60709","Cont_P60712;P60709","ACTB_BOVIN;ACTB_HUMAN","Actin, cytoplasmic 1;Actin, cytoplasmic 1","Cont_P60712_Y218_M1_28","Phospho (STY)",-0.50479056835354,0.679352118834312,0.613034758039196,6,"Not significant"
"Unstim / P3C4+Nigericin","ACTB","Cont_P60712;P60709","Cont_P60712;P60709","ACTB_BOVIN;ACTB_HUMAN","Actin, cytoplasmic 1;Actin, cytoplasmic 1","P60709_Y218_M1_28","Phospho (STY)",-0.50479056835354,0.679352118834312,0.613034758039196,6,"Not significant"
"Unstim / P3C4+Nigericin","GPSM3","Q9Y4H4","Q9Y4H4","GPSM3_HUMAN","G-protein-signaling modulator 3","Q9Y4H4_S54_M1_28","Phospho (STY)",-0.692095850087787,0.679397799227163,0.613147856085445,6,"Not significant"
"Unstim / P3C4+Nigericin","TUBB8","Q3ZCM7","Q3ZCM7","TBB8_HUMAN","Tubulin beta-8 chain","Q3ZCM7_Y281_M2_28","Phospho (STY)",0.582267859437868,0.679951442955091,0.614921199057716,6,"Not significant"
"Unstim / P3C4+Nigericin","PDIA3","P30101","P30101","PDIA3_HUMAN","Protein disulfide-isomerase A3","P30101_Y95_M1_28","Phospho (STY)",-0.770750785930521,0.679951466297606,0.614929216441686,6,"Not significant"
"Unstim / P3C4+Nigericin","HSPA5","P11021","P11021","BIP_HUMAN","Endoplasmic reticulum chaperone BiP","P11021_Y127_M2_28","Phospho (STY)",-0.590505260967456,0.680033435824053,0.615102609931573,6,"Not significant"
"Unstim / P3C4+Nigericin","EEF1A1","Cont_P68103;P68104","Cont_P68103;P68104","EF1A1_BOVIN;EF1A1_HUMAN","Elongation factor 1-alpha 1","Cont_P68103_T242_M1_28","Phospho (STY)",0.5567867409928,0.680318242635594,0.61601296508218,4,"Not significant"
"Unstim / P3C4+Nigericin","EEF1A1","Cont_P68103;P68104","Cont_P68103;P68104","EF1A1_BOVIN;EF1A1_HUMAN","Elongation factor 1-alpha 1","P68104_T242_M1_28","Phospho (STY)",0.5567867409928,0.680318242635594,0.61601296508218,4,"Not significant"
"Unstim / P3C4+Nigericin","H1-5","P16401","P16401","H15_HUMAN","Histone H1.5","P16401_T39_M1_28","Phospho (STY)",-0.22035920574754,0.683627249224241,0.62595097064127,6,"Not significant"
"Unstim / P3C4+Nigericin","STOML2","Q9UJZ1","Q9UJZ1","STML2_HUMAN","Stomatin-like protein 2, mitochondrial","Q9UJZ1_S189_M1_28","Phospho (STY)",-0.363404869727435,0.685054798296988,0.630152340662389,6,"Not significant"
"Unstim / P3C4+Nigericin","HSP90B1","P14625","P14625","ENPL_HUMAN","Endoplasmin","P14625_S607_M1_28","Phospho (STY)",-0.691440867615679,0.685273908705157,0.630895977244611,6,"Not significant"
"Unstim / P3C4+Nigericin","GLO1","Q04760","Q04760","LGUL_HUMAN","Lactoylglutathione lyase","Q04760_S8_M1_28","Phospho (STY)",-0.236157210201545,0.685282243466281,0.630914112880129,5,"Not significant"
"Unstim / P3C4+Nigericin","ATP5F1A","P25705","P25705","ATPA_HUMAN","ATP synthase subunit alpha, mitochondrial","P25705_T219_M1_28","Phospho (STY)",1.52389064985261,0.685475289248726,0.631465263331103,4,"Not significant"
"Unstim / P3C4+Nigericin","DNAJA1","P31689","P31689","DNJA1_HUMAN","DnaJ homolog subfamily A member 1","P31689_T284_M1_28","Phospho (STY)",0.255485684431632,0.687409333242823,0.637881870894767,6,"Not significant"
"Unstim / P3C4+Nigericin","ADGRE5","P48960","P48960","AGRE5_HUMAN","Adhesion G protein-coupled receptor E5","P48960_Y352_M1_28","Phospho (STY)",-0.1848496741108,0.687611104601766,0.638572801416603,6,"Not significant"
"Unstim / P3C4+Nigericin","ANXA1","P04083","P04083","ANXA1_HUMAN","Annexin A1","P04083_S46_M1_28","Phospho (STY)",-0.0763027663840397,0.688992378972821,0.643158077530064,4,"Not significant"
"Unstim / P3C4+Nigericin","MTHFD2","P13995","P13995","MTDC_HUMAN","Bifunctional methylenetetrahydrofolate dehydrogenase/cyclohydrolase, mitochondrial","P13995_T284_M1_28","Phospho (STY)",1.17231596433843,0.690173357475307,0.646733387667759,6,"Not significant"
"Unstim / P3C4+Nigericin","PREB","Q9HCU5","Q9HCU5","PREB_HUMAN","Prolactin regulatory element-binding protein","Q9HCU5_Y281_M1_28","Phospho (STY)",0.287808730330259,0.692294671778566,0.652970076293366,6,"Not significant"
"Unstim / P3C4+Nigericin","HSPA5","P11021","P11021","BIP_HUMAN","Endoplasmic reticulum chaperone BiP","P11021_S365_M2_28","Phospho (STY)",-1.33318464736062,0.692571607723,0.654008568790921,5,"Not significant"
"Unstim / P3C4+Nigericin","STX7","O15400","O15400","STX7_HUMAN","Syntaxin-7","O15400_T98_M1_28","Phospho (STY)",0.955500027169931,0.693233435464338,0.655861083194627,6,"Not significant"
"Unstim / P3C4+Nigericin","NIBAN2","Q96TA1","Q96TA1","NIBA2_HUMAN","Protein Niban 2","Q96TA1_S665_M1_28","Phospho (STY)",0.48096954420057,0.693667723875133,0.657167989364802,6,"Not significant"
"Unstim / P3C4+Nigericin","SAMHD1","Q9Y3Z3","Q9Y3Z3","SAMH1_HUMAN","Deoxynucleoside triphosphate triphosphohydrolase SAMHD1","Q9Y3Z3_T592_M1_28","Phospho (STY)",0.42714329477107,0.695072610236427,0.661455902556564,6,"Not significant"
"Unstim / P3C4+Nigericin","HSPA1A;HSPA1B","P0DMV8;P0DMV9","P0DMV8;P0DMV9","HS71A_HUMAN;HS71B_HUMAN","Heat shock 70 kDa protein 1A;Heat shock 70 kDa protein 1B","P0DMV8_Y137_M1_28","Phospho (STY)",-1.25612523400013,0.696288067197787,0.665796482979056,4,"Not significant"
"Unstim / P3C4+Nigericin","HSPA1A;HSPA1B","P0DMV8;P0DMV9","P0DMV8;P0DMV9","HS71A_HUMAN;HS71B_HUMAN","Heat shock 70 kDa protein 1A;Heat shock 70 kDa protein 1B","P0DMV9_Y137_M1_28","Phospho (STY)",-1.25612523400013,0.696288067197787,0.665796482979056,4,"Not significant"
"Unstim / P3C4+Nigericin","APOA2","Cont_P81644","Cont_P81644","APOA2_BOVIN","Apolipoprotein A-II","Cont_P81644_Y64_M1_28","Phospho (STY)",0.162533043053885,0.699243830054905,0.675441590956798,6,"Not significant"
"Unstim / P3C4+Nigericin","HNRNPA2B1","P22626","P22626","ROA2_HUMAN","Heterogeneous nuclear ribonucleoproteins A2/B1","P22626_S189_M1_28","Phospho (STY)",0.690284565535164,0.699513428878754,0.676322759804858,5,"Not significant"
"Unstim / P3C4+Nigericin","HNRNPA2B1","P22626","P22626","ROA2_HUMAN","Heterogeneous nuclear ribonucleoproteins A2/B1","P22626_S29_M1_28","Phospho (STY)",0.578864256653689,0.700473245023476,0.679416121423772,6,"Not significant"
"Unstim / P3C4+Nigericin","TXNDC12","O95881","O95881","TXD12_HUMAN","Thioredoxin domain-containing protein 12","O95881_S53_M1_28","Phospho (STY)",1.01263642070109,0.701223441574484,0.681962191109615,6,"Not significant"
"Unstim / P3C4+Nigericin","VDAC3","Q9Y277","Q9Y277","VDAC3_HUMAN","Voltage-dependent anion-selective channel protein 3","Q9Y277_Y67_M1_28","Phospho (STY)",-0.488987396974048,0.701318700702688,0.682262146940117,6,"Not significant"
"Unstim / P3C4+Nigericin","RPS2","P15880","P15880","RS2_HUMAN","Small ribosomal subunit protein uS5","P15880_Y248_M1_28","Phospho (STY)",-0.401621793712884,0.703502322687784,0.68944229281134,4,"Not significant"
"Unstim / P3C4+Nigericin","PLAUR","Q03405","Q03405","UPAR_HUMAN","Urokinase plasminogen activator surface receptor","Q03405_S139_M2_28","Phospho (STY)",1.07287684475686,0.703514783336802,0.689502347974002,5,"Not significant"
"Unstim / P3C4+Nigericin","UGGT1","Q9NYU2","Q9NYU2","UGGG1_HUMAN","UDP-glucose:glycoprotein glucosyltransferase 1","Q9NYU2_S931_M1_28","Phospho (STY)",0.272129995184358,0.704222566921753,0.691401354696318,6,"Not significant"
"Unstim / P3C4+Nigericin","HNRNPA1","P09651","P09651","ROA1_HUMAN","Heterogeneous nuclear ribonucleoprotein A1","P09651_S22_M1_28","Phospho (STY)",1.01482930243716,0.705376778509133,0.695413275182332,4,"Not significant"
"Unstim / P3C4+Nigericin","HSPA5","P11021","P11021","BIP_HUMAN","Endoplasmic reticulum chaperone BiP","P11021_T481_M2_28","Phospho (STY)",-1.01739135662168,0.709280916577129,0.707917833322889,4,"Not significant"
"Unstim / P3C4+Nigericin","NONO","Q15233","Q15233","NONO_HUMAN","Non-POU domain-containing octamer-binding protein","Q15233_T418_M2_28","Phospho (STY)",0.152317921341561,0.709315312222685,0.708055762218508,6,"Not significant"
"Unstim / P3C4+Nigericin","HSPA5","P11021","P11021","BIP_HUMAN","Endoplasmic reticulum chaperone BiP","P11021_S354_M1_28","Phospho (STY)",0.372101883613001,0.711041443163754,0.713764502091217,6,"Not significant"
"Unstim / P3C4+Nigericin","CYB5B","O43169","O43169","CYB5B_HUMAN","Cytochrome b5 type B","O43169_S37_M1_28","Phospho (STY)",0.35588158745686,0.711563762098298,0.715450659922126,6,"Not significant"
"Unstim / P3C4+Nigericin","PRSS1","Cont_P00760","Cont_P00760","TRY1_BOVIN","Serine protease 1","Cont_P00760_Y99_M2_28","Phospho (STY)",-0.578239413881844,0.711711639164974,0.716054914715668,6,"Not significant"
"Unstim / P3C4+Nigericin","ITGA5","P08648","P08648","ITA5_HUMAN","Integrin alpha-5","P08648_S127_M1_28","Phospho (STY)",0.250793122332236,0.712593429131952,0.719119469162109,5,"Not significant"
"Unstim / P3C4+Nigericin","C1QBP","Q07021","Q07021","C1QBP_HUMAN","Complement component 1 Q subcomponent-binding protein, mitochondrial","Q07021_T101_M1_28","Phospho (STY)",0.406822693931216,0.712968252713022,0.720247689286941,6,"Not significant"
"Unstim / P3C4+Nigericin","RNH1","P13489","P13489","RINI_HUMAN","Ribonuclease inhibitor","P13489_Y151_M2_28","Phospho (STY)",-0.593153894030444,0.713781376057136,0.722963114314336,6,"Not significant"
"Unstim / P3C4+Nigericin","ALDOA","P04075","P04075","ALDOA_HUMAN","Fructose-bisphosphate aldolase A","P04075_T119_M1_28","Phospho (STY)",0.812413297270657,0.714187400615477,0.724329718591188,6,"Not significant"
"Unstim / P3C4+Nigericin","H2AX","P16104","P16104","H2AX_HUMAN","Histone H2AX","P16104_T102_M1_28","Phospho (STY)",-0.117295731214233,0.714362664158444,0.724793639515097,6,"Not significant"
"Unstim / P3C4+Nigericin","MYL6","P60660","P60660","MYL6_HUMAN","Myosin light polypeptide 6","P60660_Y29_M1_28","Phospho (STY)",0.760995001571973,0.715875863649109,0.729958115416979,6,"Not significant"
"Unstim / P3C4+Nigericin","HSPA9","P38646","P38646","GRP75_HUMAN","Stress-70 protein, mitochondrial","P38646_T504_M1_28","Phospho (STY)",0.461365366286611,0.716443596670187,0.7318616207747,6,"Not significant"
"Unstim / P3C4+Nigericin","DLST","P36957","P36957","ODO2_HUMAN","Dihydrolipoyllysine-residue succinyltransferase component of 2-oxoglutarate dehydrogenase complex, mitochondrial","P36957_T62_M1_28","Phospho (STY)",-0.582206244469098,0.716723894281594,0.732661915133526,4,"Not significant"
"Unstim / P3C4+Nigericin","PRPF3","O43395","O43395","PRPF3_HUMAN","U4/U6 small nuclear ribonucleoprotein Prp3","O43395_T254_M2_28","Phospho (STY)",-0.880726927308981,0.717328218941402,0.734528858521735,5,"Not significant"
"Unstim / P3C4+Nigericin","MTDH","Q86UE4","Q86UE4","LYRIC_HUMAN","Protein LYRIC","Q86UE4_S489_M2_28","Phospho (STY)",-0.245645100212026,0.717793333750232,0.736056517001969,4,"Not significant"
"Unstim / P3C4+Nigericin","PDIA6","Q15084","Q15084","PDIA6_HUMAN","Protein disulfide-isomerase A6","Q15084_S375_M1_28","Phospho (STY)",-0.0942493434841737,0.71890047971343,0.739890857688217,6,"Not significant"
"Unstim / P3C4+Nigericin","AHCY","P23526","P23526","SAHH_HUMAN","Adenosylhomocysteinase","P23526_Y7_M1_28","Phospho (STY)",-0.182569403352398,0.719462704483755,0.741757666142783,6,"Not significant"
"Unstim / P3C4+Nigericin","MSN","P26038","P26038","MOES_HUMAN","Moesin","P26038_S576_M1_28","Phospho (STY)",0.233361796028582,0.720216049174395,0.743956018656873,6,"Not significant"
"Unstim / P3C4+Nigericin","GSTP1","P09211","P09211","GSTP1_HUMAN","Glutathione S-transferase P","P09211_Y199_M1_28","Phospho (STY)",0.780022013114807,0.721746490045629,0.749417155697384,5,"Not significant"
"Unstim / P3C4+Nigericin","TPI1","P60174","P60174","TPIS_HUMAN","Triosephosphate isomerase","P60174_Y68_M1_28","Phospho (STY)",0.733646335007608,0.7227140353731,0.752658591276703,6,"Not significant"
"Unstim / P3C4+Nigericin","XIRP1","Q702N8","Q702N8","XIRP1_HUMAN","Xin actin-binding repeat-containing protein 1","Q702N8_S295_M1_28","Phospho (STY)",0.124629643537263,0.723527750445821,0.755587019072778,5,"Not significant"
"Unstim / P3C4+Nigericin","POLR3E","Q9NVU0","Q9NVU0","RPC5_HUMAN","DNA-directed RNA polymerase III subunit RPC5","Q9NVU0_Y404_M1_28","Phospho (STY)",-0.559856964066341,0.725934301151747,0.763997866535043,6,"Not significant"
"Unstim / P3C4+Nigericin","ECHDC1","Q9NTX5","Q9NTX5","ECHD1_HUMAN","Ethylmalonyl-CoA decarboxylase","Q9NTX5_T288_M1_28","Phospho (STY)",0.11016231738735,0.725947594935171,0.764068777972764,6,"Not significant"
"Unstim / P3C4+Nigericin","P4HB","P07237","P07237","PDIA1_HUMAN","Protein disulfide-isomerase","P07237_Y393_M1_28","Phospho (STY)",-0.213882848162187,0.726435050383596,0.765609323453827,6,"Not significant"
"Unstim / P3C4+Nigericin","HNRNPUL1","Q9BUJ2","Q9BUJ2","HNRL1_HUMAN","Heterogeneous nuclear ribonucleoprotein U-like protein 1","Q9BUJ2_S417_M1_28","Phospho (STY)",0.693114560371215,0.726821160471732,0.767086179425387,4,"Not significant"
"Unstim / P3C4+Nigericin","PTGS1","P23219","P23219","PGH1_HUMAN","Prostaglandin G/H synthase 1","P23219_Y543_M2_28","Phospho (STY)",-0.329417099985204,0.728736892681692,0.773877315290822,6,"Not significant"
"Unstim / P3C4+Nigericin","PPIA","P62937","P62937","PPIA_HUMAN","Peptidyl-prolyl cis-trans isomerase A","P62937_T107_M2_28","Phospho (STY)",0.657387192526287,0.728991639344129,0.774728036692308,5,"Not significant"
"Unstim / P3C4+Nigericin","ATP6V1F","Q16864","Q16864","VATF_HUMAN","V-type proton ATPase subunit F","Q16864_Y98_M2_28","Phospho (STY)",0.588958978918487,0.731058123452872,0.782194387001104,6,"Not significant"
"Unstim / P3C4+Nigericin","HLA-H","P01893","P01893","HLAH_HUMAN","Putative HLA class I histocompatibility antigen, alpha chain H","P01893_S48_M1_28","Phospho (STY)",-0.406240818911897,0.731809334930813,0.784757218753284,5,"Not significant"
"Unstim / P3C4+Nigericin","AHNAK","Q09666","Q09666","AHNK_HUMAN","Neuroblast differentiation-associated protein AHNAK","Q09666_S5279_M1_28","Phospho (STY)",0.529558977733261,0.732150447514324,0.786056715185433,6,"Not significant"
"Unstim / P3C4+Nigericin","UHRF2","Q96PU4","Q96PU4","UHRF2_HUMAN","E3 ubiquitin-protein ligase UHRF2","Q96PU4_S301_M2_28","Phospho (STY)",0.614210524729709,0.732298715935501,0.786648602360963,6,"Not significant"
"Unstim / P3C4+Nigericin","RRS1","Q15050","Q15050","RRS1_HUMAN","Ribosome biogenesis regulatory protein homolog","Q15050_T56_M2_28","Phospho (STY)",0.617228531920593,0.732852678085228,0.788879489514996,5,"Not significant"
"Unstim / P3C4+Nigericin","DARS1","P14868","P14868","SYDC_HUMAN","Aspartate--tRNA ligase, cytoplasmic","P14868_T220_M1_28","Phospho (STY)",0.597747132422148,0.733153606430372,0.79000576082654,5,"Not significant"
"Unstim / P3C4+Nigericin","RPS3","P23396","P23396","RS3_HUMAN","Small ribosomal subunit protein uS3","P23396_S209_M1_28","Phospho (STY)",-0.369636576567434,0.735393717404472,0.797715372182897,6,"Not significant"
"Unstim / P3C4+Nigericin","P4HA1","P13674","P13674","P4HA1_HUMAN","Prolyl 4-hydroxylase subunit alpha-1","P13674_S149_M1_28","Phospho (STY)",-0.271385120402856,0.736052229642597,0.800021887764457,6,"Not significant"
"Unstim / P3C4+Nigericin","HSPA2","P54652","P54652","HSP72_HUMAN","Heat shock-related 70 kDa protein 2","P54652_Y135_M1_28","Phospho (STY)",-0.498554137286498,0.737167926336821,0.803883070839368,6,"Not significant"
"Unstim / P3C4+Nigericin","RPSA","P08865","P08865","RSSA_HUMAN","Small ribosomal subunit protein uS2","P08865_T144_M2_28","Phospho (STY)",0.0922210739847363,0.737293408541151,0.804397471483703,6,"Not significant"
"Unstim / P3C4+Nigericin","AK2","P54819","P54819","KAD2_HUMAN","Adenylate kinase 2, mitochondrial","P54819_T215_M2_28","Phospho (STY)",-0.410325279574348,0.738711245847879,0.809459712159813,5,"Not significant"
"Unstim / P3C4+Nigericin","PSMC3","P17980","P17980","PRS6A_HUMAN","26S proteasome regulatory subunit 6A","P17980_Y158_M1_28","Phospho (STY)",0.0650170020203477,0.740412655036128,0.815859984932505,6,"Not significant"
"Unstim / P3C4+Nigericin","HSPB1","P04792","P04792","HSPB1_HUMAN","Heat shock protein beta-1","P04792_S82_M1_28","Phospho (STY)",0.122114375961341,0.740591882753957,0.816466940615563,6,"Not significant"
"Unstim / P3C4+Nigericin","CNN2","Q99439","Q99439","CNN2_HUMAN","Calponin-2","Q99439_Y231_M1_28","Phospho (STY)",-0.298789101919541,0.740599073815794,0.816544059871602,4,"Not significant"
"Unstim / P3C4+Nigericin","NPM1","P06748","P06748","NPM_HUMAN","Nucleophosmin","P06748_Y67_M1_28","Phospho (STY)",0.130105024506191,0.740708404768412,0.81694885657295,6,"Not significant"
"Unstim / P3C4+Nigericin","P4HB","P07237","P07237","PDIA1_HUMAN","Protein disulfide-isomerase","P07237_T319_M1_28","Phospho (STY)",0.0733487045274704,0.741698568429437,0.820578118475003,5,"Not significant"
"Unstim / P3C4+Nigericin","NUP153","P49790","P49790","NU153_HUMAN","Nuclear pore complex protein Nup153","P49790_S240_M1_28","Phospho (STY)",-0.191769516698995,0.741977774951332,0.8215737414001,4,"Not significant"
"Unstim / P3C4+Nigericin","ARL6IP5","O75915","O75915","PRAF3_HUMAN","PRA1 family protein 3","O75915_T160_M1_28","Phospho (STY)",-0.236952531838502,0.746518474051054,0.839071063540186,6,"Not significant"
"Unstim / P3C4+Nigericin","KARS1","Q15046","Q15046","SYK_HUMAN","Lysine--tRNA ligase","Q15046_T411_M1_28","Phospho (STY)",-0.13930651159866,0.748643365647371,0.846953758862413,5,"Not significant"
"Unstim / P3C4+Nigericin","PRSS1","P07477","P07477","TRY1_HUMAN","Serine protease 1","P07477_Y99_M1_28","Phospho (STY)",-0.0928855424435138,0.749030563887443,0.848375438060561,6,"Not significant"
"Unstim / P3C4+Nigericin","HNRNPA2B1","P22626","P22626","ROA2_HUMAN","Heterogeneous nuclear ribonucleoproteins A2/B1","P22626_T159_M1_28","Phospho (STY)",0.370777959019403,0.750315971226031,0.853196922538477,6,"Not significant"
"Unstim / P3C4+Nigericin","FAM3C","Q92520","Q92520","FAM3C_HUMAN","Protein FAM3C","Q92520_S75_M1_28","Phospho (STY)",0.185900751198153,0.750483508053568,0.853879430573996,6,"Not significant"
"Unstim / P3C4+Nigericin","OSBPL8","Q9BZF1","Q9BZF1","OSBL8_HUMAN","Oxysterol-binding protein-related protein 8","Q9BZF1_S421_M1_28","Phospho (STY)",-0.0807909029497948,0.750738034534479,0.854625328510997,6,"Not significant"
"Unstim / P3C4+Nigericin","HINT2","Q9BX68","Q9BX68","HINT2_HUMAN","Adenosine 5'-monophosphoramidase HINT2","Q9BX68_S101_M1_28","Phospho (STY)",0.303578191592541,0.750855681994209,0.855070959674471,6,"Not significant"
"Unstim / P3C4+Nigericin","ACTC1","P68032","P68032","ACTC_HUMAN","Actin, alpha cardiac muscle 1","P68032_Y220_M2_28","Phospho (STY)",-0.152030446351923,0.752291702936645,0.860618167866873,6,"Not significant"
"Unstim / P3C4+Nigericin","POTEI","P0CG38","P0CG38","POTEI_HUMAN","POTE ankyrin domain family member I","P0CG38_Y918_M1_28","Phospho (STY)",0.282555777832598,0.752498172645956,0.861544124788803,6,"Not significant"
"Unstim / P3C4+Nigericin","PYCARD","Q9ULZ3","Q9ULZ3","ASC_HUMAN","Apoptosis-associated speck-like protein containing a CARD","Q9ULZ3_T16_M1_28","Phospho (STY)",0.267251337881483,0.75474382680014,0.870371614738319,6,"Not significant"
"Unstim / P3C4+Nigericin","ACTB","Cont_P60712;P60709","Cont_P60712;P60709","ACTB_BOVIN;ACTB_HUMAN","Actin, cytoplasmic 1;Actin, cytoplasmic 1","Cont_P60712_Y294_M1_28","Phospho (STY)",0.300087592815152,0.755188610584915,0.872252319597821,6,"Not significant"
"Unstim / P3C4+Nigericin","ACTB","Cont_P60712;P60709","Cont_P60712;P60709","ACTB_BOVIN;ACTB_HUMAN","Actin, cytoplasmic 1;Actin, cytoplasmic 1","P60709_Y294_M1_28","Phospho (STY)",0.300087592815152,0.755188610584915,0.872252319597821,6,"Not significant"
"Unstim / P3C4+Nigericin","RPLP1","P05386","P05386","RLA1_HUMAN","Large ribosomal subunit protein P1","P05386_S58_M1_28","Phospho (STY)",-0.0860175885547207,0.756163259958129,0.876157409700281,6,"Not significant"
"Unstim / P3C4+Nigericin","SSBP1","Q04837","Q04837","SSBP_HUMAN","Single-stranded DNA-binding protein, mitochondrial","Q04837_T144_M2_28","Phospho (STY)",-0.239103565378648,0.757932118263748,0.882744568250623,5,"Not significant"
"Unstim / P3C4+Nigericin","SSBP1","Q04837","Q04837","SSBP_HUMAN","Single-stranded DNA-binding protein, mitochondrial","Q04837_S141_M2_28","Phospho (STY)",-0.239103565378648,0.757932118263748,0.882744568250623,5,"Not significant"
"Unstim / P3C4+Nigericin","SEC22B","O75396","O75396","SC22B_HUMAN","Vesicle-trafficking protein SEC22b","O75396_S137_M2_28","Phospho (STY)",-0.22728563197344,0.760009386786588,0.890824085340013,6,"Not significant"
"Unstim / P3C4+Nigericin","ALDOC","P09972","P09972","ALDOC_HUMAN","Fructose-bisphosphate aldolase C","P09972_S160_M2_28","Phospho (STY)",0.0289378173544378,0.760169572673417,0.891543603194726,6,"Not significant"
"Unstim / P3C4+Nigericin","AHNAK","Q09666","Q09666","AHNK_HUMAN","Neuroblast differentiation-associated protein AHNAK","Q09666_S2580_M1_28","Phospho (STY)",0.128801478025587,0.76018935674219,0.891708119340396,6,"Not significant"
"Unstim / P3C4+Nigericin","AHNAK","Q09666","Q09666","AHNK_HUMAN","Neuroblast differentiation-associated protein AHNAK","Q09666_S4002_M1_28","Phospho (STY)",0.128801478025587,0.76018935674219,0.891708119340396,6,"Not significant"
"Unstim / P3C4+Nigericin","AHNAK","Q09666","Q09666","AHNK_HUMAN","Neuroblast differentiation-associated protein AHNAK","Q09666_S4258_M1_28","Phospho (STY)",0.128801478025587,0.76018935674219,0.891708119340396,6,"Not significant"
"Unstim / P3C4+Nigericin","AHNAK","Q09666","Q09666","AHNK_HUMAN","Neuroblast differentiation-associated protein AHNAK","Q09666_S4460_M1_28","Phospho (STY)",0.128801478025587,0.76018935674219,0.891708119340396,6,"Not significant"
"Unstim / P3C4+Nigericin","CAP1","Q01518","Q01518","CAP1_HUMAN","Adenylyl cyclase-associated protein 1","Q01518_Y419_M2_28","Phospho (STY)",0.0728500502959396,0.761108542014849,0.895673189398033,6,"Not significant"
"Unstim / P3C4+Nigericin","HSPA5","P11021","P11021","BIP_HUMAN","Endoplasmic reticulum chaperone BiP","P11021_S86_M3_28","Phospho (STY)",0.063050162979498,0.761929723826262,0.898847188665977,6,"Not significant"
"Unstim / P3C4+Nigericin","PPP1CA","P62136","P62136","PP1A_HUMAN","Serine/threonine-protein phosphatase PP1-alpha catalytic subunit","P62136_Y114_M1_28","Phospho (STY)",-0.180674339525688,0.762635169250842,0.901715329298941,6,"Not significant"
"Unstim / P3C4+Nigericin","GM2A","P17900","P17900","SAP3_HUMAN","Ganglioside GM2 activator","P17900_Y168_M1_28","Phospho (STY)",-0.0671046868068608,0.76297485140207,0.903193373453963,6,"Not significant"
"Unstim / P3C4+Nigericin","MARCKS","P29966","P29966","MARCS_HUMAN","Myristoylated alanine-rich C-kinase substrate","P29966_S118_M1_28","Phospho (STY)",0.0571522305450054,0.763395438205056,0.905043730650346,4,"Not significant"
"Unstim / P3C4+Nigericin","ATP5F1B","P06576","P06576","ATPB_HUMAN","ATP synthase subunit beta, mitochondrial","P06576_T116_M1_28","Phospho (STY)",-0.0701123827097185,0.763408751795897,0.90514549550346,5,"Not significant"
"Unstim / P3C4+Nigericin","HSPA1A;HSPA1B","P0DMV8;P0DMV9","P0DMV8;P0DMV9","HS71A_HUMAN;HS71B_HUMAN","Heat shock 70 kDa protein 1A;Heat shock 70 kDa protein 1B","P0DMV8_Y611_M1_28","Phospho (STY)",0.0430181888848789,0.764254805757309,0.90825034208357,6,"Not significant"
"Unstim / P3C4+Nigericin","HSPA1A;HSPA1B","P0DMV8;P0DMV9","P0DMV8;P0DMV9","HS71A_HUMAN;HS71B_HUMAN","Heat shock 70 kDa protein 1A;Heat shock 70 kDa protein 1B","P0DMV9_Y611_M1_28","Phospho (STY)",0.0430181888848789,0.764254805757309,0.90825034208357,6,"Not significant"
"Unstim / P3C4+Nigericin","TUBB6","Q9BUF5","Q9BUF5","TBB6_HUMAN","Tubulin beta-6 chain","Q9BUF5_Y281_M1_28","Phospho (STY)",0.057104574824916,0.766231633094394,0.916307190072451,6,"Not significant"
"Unstim / P3C4+Nigericin","CEP170","Q5SW79","Q5SW79","CE170_HUMAN","Centrosomal protein of 170 kDa","Q5SW79_Y91_M2_28","Phospho (STY)",0.186350971998579,0.76673303143235,0.918513353641159,6,"Not significant"
"Unstim / P3C4+Nigericin","IL1B","P01584","P01584","IL1B_HUMAN","Interleukin-1 beta","P01584_S35_M1_28","Phospho (STY)",0.0791772487390802,0.767346205418262,0.920769230046952,6,"Not significant"
"Unstim / P3C4+Nigericin","FABP5","Q01469","Q01469","FABP5_HUMAN","Fatty acid-binding protein 5","Q01469_Y22_M1_28","Phospho (STY)",0.123855995065336,0.769060838198779,0.928227986252227,6,"Not significant"
"Unstim / P3C4+Nigericin","ACTC1","P68032","P68032","ACTC_HUMAN","Actin, alpha cardiac muscle 1","P68032_Y296_M3_28","Phospho (STY)",-0.0528406830200026,0.770906131393687,0.936216736745964,5,"Not significant"
"Unstim / P3C4+Nigericin","HSPD1","P10809","P10809","CH60_HUMAN","60 kDa heat shock protein, mitochondrial","P10809_S284_M1_28","Phospho (STY)",-0.173144487698116,0.771349178527846,0.938207731482015,4,"Not significant"
"Unstim / P3C4+Nigericin","ZMPSTE24","O75844","O75844","FACE1_HUMAN","CAAX prenyl protease 1 homolog","O75844_Y45_M3_28","Phospho (STY)",-0.168632787228394,0.771929196446009,0.94047383962625,5,"Not significant"
"Unstim / P3C4+Nigericin","P4HA1","P13674","P13674","P4HA1_HUMAN","Prolyl 4-hydroxylase subunit alpha-1","P13674_S345_M1_28","Phospho (STY)",0.150061747601986,0.77194104951841,0.940565242151652,6,"Not significant"
"Unstim / P3C4+Nigericin","ACLY","P53396","P53396","ACLY_HUMAN","ATP-citrate synthase","P53396_Y1006_M1_28","Phospho (STY)",0.133152159446017,0.772050306769046,0.94097161428081,6,"Not significant"
"Unstim / P3C4+Nigericin","TUBB2B","Q9BVA1","Q9BVA1","TBB2B_HUMAN","Tubulin beta-2B chain","Q9BVA1_Y59_M1_28","Phospho (STY)",-0.0369489404047854,0.772629344983895,0.943211994039473,6,"Not significant"
"Unstim / P3C4+Nigericin","LRRC8B","Q6P9F7","Q6P9F7","LRC8B_HUMAN","Volume-regulated anion channel subunit LRRC8B","Q6P9F7_S589_M1_28","Phospho (STY)",-0.0150537177225857,0.773273270245236,0.945945422841224,6,"Not significant"
"Unstim / P3C4+Nigericin","TMSB10","P63313","P63313","TYB10_HUMAN","Thymosin beta-10","P63313_T31_M1_28","Phospho (STY)",0.0512317037084589,0.774895441023577,0.952970401514136,4,"Not significant"
"Unstim / P3C4+Nigericin","DDX3X","O00571","O00571","DDX3X_HUMAN","ATP-dependent RNA helicase DDX3X","O00571_Y266_M1_28","Phospho (STY)",-0.122751292573935,0.775378429153862,0.954806065942928,4,"Not significant"
"Unstim / P3C4+Nigericin","HPCAL1","P37235","P37235","HPCL1_HUMAN","Hippocalcin-like protein 1","P37235_T158_M1_28","Phospho (STY)",-0.0488087026237091,0.775528549486709,0.955465956231691,6,"Not significant"
"Unstim / P3C4+Nigericin","CANX","P27824","P27824","CALX_HUMAN","Calnexin","P27824_Y393_M2_28","Phospho (STY)",-0.0444893749138479,0.776214588402871,0.958724150101267,6,"Not significant"
"Unstim / P3C4+Nigericin","PNKP","Q96T60","Q96T60","PNKP_HUMAN","Bifunctional polynucleotide phosphatase/kinase","Q96T60_T157_M1_28","Phospho (STY)",-0.0503748600184466,0.780328830499819,0.976587450839954,6,"Not significant"
"Unstim / P3C4+Nigericin","H2BC21","Q16778","Q16778","H2B2E_HUMAN","Histone H2B type 2-E","Q16778_Y38_M2_28","Phospho (STY)",-0.0478379179064989,0.780711234589386,0.978363431587514,5,"Not significant"
"Unstim / P3C4+Nigericin","HNRNPU","Q00839","Q00839","HNRPU_HUMAN","Heterogeneous nuclear ribonucleoprotein U","Q00839_Y350_M1_28","Phospho (STY)",0.022997437492468,0.78077537666704,0.978628671614668,6,"Not significant"
"Unstim / P3C4+Nigericin","ACAD9","Q9H845","Q9H845","ACAD9_HUMAN","Complex I assembly factor ACAD9, mitochondrial","Q9H845_Y165_M2_28","Phospho (STY)",0.0121312900359099,0.782027338595065,0.983850502583921,6,"Not significant"
"Unstim / P3C4+Nigericin","HIBADH","P31937","P31937","3HIDH_HUMAN","3-hydroxyisobutyrate dehydrogenase, mitochondrial","P31937_Y113_M1_28","Phospho (STY)",0.0134417173849106,0.782459377245822,0.985683601393561,4,"Not significant"
"Unstim / P3C4+Nigericin","ALDOA","P04075","P04075","ALDOA_HUMAN","Fructose-bisphosphate aldolase A","P04075_S160_M1_28","Phospho (STY)",0.0261164469330594,0.782717185305816,0.986798344377157,6,"Not significant"
"Unstim / P3C4+Nigericin","ATP6V1F","Q16864","Q16864","VATF_HUMAN","V-type proton ATPase subunit F","Q16864_S104_M2_28","Phospho (STY)",0.0331643013330343,0.782838280480113,0.98736582435996,5,"Not significant"
"Unstim / P3C4+Nigericin","ALCAM","Q13740","Q13740","CD166_HUMAN","CD166 antigen","Q13740_Y284_M1_28","Phospho (STY)",0.00781906689761518,0.78339503692127,0.989874534659156,6,"Not significant"
"Unstim / P3C4+Nigericin","HCFC1","P51610","P51610","HCFC1_HUMAN","Host cell factor 1","P51610_S1507_M1_28","Phospho (STY)",-0.0138951877702308,0.783582131399141,0.990660284475162,4,"Not significant"
"Unstim / P3C4+Nigericin","HSPA2","P54652","P54652","HSP72_HUMAN","Heat shock-related 70 kDa protein 2","P54652_Y108_M1_28","Phospho (STY)",0.0200816929058029,0.783636625036193,0.990980372998962,6,"Not significant"
"Unstim / P3C4+Nigericin","HSPA9","P38646","P38646","GRP75_HUMAN","Stress-70 protein, mitochondrial","P38646_T521_M2_28","Phospho (STY)",0.0120136029750707,0.784485618888173,0.994985583058361,5,"Not significant"
"Unstim / P3C4+Nigericin","NOLC1","Q14978","Q14978","NOLC1_HUMAN","Nucleolar and coiled-body phosphoprotein 1","Q14978_S698_M1_28","Phospho (STY)",0.00288457879768832,0.784502094254276,0.99522498331857,4,"Not significant"
