"Comparison (group1/group2)","Genes","UniProtIds","ProteinGroups","ProteinNames","ProteinDescriptions","Group","PTM.ModificationTitle","AVG Log2 Ratio","Qvalue","Pvalue","# of Ratios","Significance"
"LPS+Nigericin / Nigericin","NACC1","Q96RE7","Q96RE7","NACC1_HUMAN","Nucleus accumbens-associated protein 1","Q96RE7_S342_M1_19","HexNAc (ST)",-3.22059654293663,0.429516412546928,0.00494736188564607,6,"Not significant"
"LPS+Nigericin / Nigericin","ICAM1","P05362","P05362","ICAM1_HUMAN","Intercellular adhesion molecule 1","P05362_T341_M1_19","HexNAc (ST)",0.48346139790575,0.474261966271456,0.0182283243773013,6,"Not significant"
"LPS+Nigericin / Nigericin","TUBB4B","P68371","P68371","TBB4B_HUMAN","Tubulin beta-4B chain","P68371_S322_M1_19","HexNAc (ST)",-0.424490539560443,0.483484200197296,0.021268496834016,6,"Not significant"
"LPS+Nigericin / Nigericin","RAB18","Q9NP72","Q9NP72","RAB18_HUMAN","Ras-related protein Rab-18","Q9NP72_T49_M2_19","HexNAc (ST)",-0.795847049690835,0.484587377792945,0.0215055055970877,6,"Not significant"
"LPS+Nigericin / Nigericin","PSMC2","P35998","P35998","PRS7_HUMAN","26S proteasome regulatory subunit 7","P35998_T193_M1_19","HexNAc (ST)",-6.82827743611591,0.488822591945018,0.0237047166186571,6,"Not significant"
"LPS+Nigericin / Nigericin","HSD17B12","Q53GQ0","Q53GQ0","DHB12_HUMAN","Very-long-chain 3-oxoacyl-CoA reductase","Q53GQ0_S92_M1_19","HexNAc (ST)",-0.328648267888007,0.507586593131564,0.0345084406214172,5,"Not significant"
"LPS+Nigericin / Nigericin","TOP2B","Q02880","Q02880","TOP2B_HUMAN","DNA topoisomerase 2-beta","Q02880_T97_M1_19","HexNAc (ST)",-0.708448812337627,0.516249089476639,0.0416246201885783,6,"Not significant"
"LPS+Nigericin / Nigericin","MACROH2A1","O75367","O75367","H2AY_HUMAN","Core histone macro-H2A.1","O75367_T290_M1_19","HexNAc (ST)",-1.66523547344245,0.517899544410425,0.0427336029702069,6,"Not significant"
"LPS+Nigericin / Nigericin","FUBP3","Q96I24","Q96I24","FUBP3_HUMAN","Far upstream element-binding protein 3","Q96I24_T192_M2_19","HexNAc (ST)",0.420914099717093,0.524928740640767,0.0478919407229526,5,"Not significant"
"LPS+Nigericin / Nigericin","TMPO","P42166","P42166","LAP2A_HUMAN","Lamina-associated polypeptide 2, isoform alpha","P42166_S18_M2_19","HexNAc (ST)",-0.719776782430907,0.534444033955087,0.0578437594730474,6,"Not significant"
"LPS+Nigericin / Nigericin","MACROH2A1","O75367","O75367","H2AY_HUMAN","Core histone macro-H2A.1","O75367_T57_M1_19","HexNAc (ST)",-1.17460510669732,0.537375641780291,0.0613019679949573,6,"Not significant"
"LPS+Nigericin / Nigericin","AHNAK","Q09666","Q09666","AHNK_HUMAN","Neuroblast differentiation-associated protein AHNAK","Q09666_S3672_M1_19","HexNAc (ST)",-0.937338171554949,0.544004081458993,0.0680507233433118,6,"Not significant"
"LPS+Nigericin / Nigericin","PHF2","O75151","O75151","PHF2_HUMAN","Lysine-specific demethylase PHF2","O75151_S929_M2_19","HexNAc (ST)",-0.358312368345285,0.546094678370231,0.0704905528038118,6,"Not significant"
"LPS+Nigericin / Nigericin","ACSL1","P33121","P33121","ACSL1_HUMAN","Long-chain-fatty-acid--CoA ligase 1","P33121_T384_M1_19","HexNAc (ST)",-0.792105008495315,0.561976490057009,0.0910550286525934,4,"Not significant"
"LPS+Nigericin / Nigericin","H2BC21","Q16778","Q16778","H2B2E_HUMAN","Histone H2B type 2-E","Q16778_S39_M2_19","HexNAc (ST)",1.84052744728141,0.573515793299745,0.108407781343766,6,"Not significant"
"LPS+Nigericin / Nigericin","H2BC21","Q16778","Q16778","H2B2E_HUMAN","Histone H2B type 2-E","Q16778_S37_M2_19","HexNAc (ST)",1.84052744728141,0.573515793299745,0.108407781343766,6,"Not significant"
"LPS+Nigericin / Nigericin","GALK1","P51570","P51570","GALK1_HUMAN","Galactokinase","P51570_S254_M1_19","HexNAc (ST)",-1.30821944952665,0.574898116836405,0.110603273416518,6,"Not significant"
"LPS+Nigericin / Nigericin","NPM1","P06748","P06748","NPM_HUMAN","Nucleophosmin","P06748_T75_M3_19","HexNAc (ST)",-0.512922759266592,0.57502520668297,0.110895078814905,5,"Not significant"
"LPS+Nigericin / Nigericin","GRIPAP1","Q4V328","Q4V328","GRAP1_HUMAN","GRIP1-associated protein 1","Q4V328_S105_M1_19","HexNAc (ST)",-0.634254067450917,0.575075028385801,0.111000502105892,6,"Not significant"
"LPS+Nigericin / Nigericin","TAP1","Q03518","Q03518","TAP1_HUMAN","Antigen peptide transporter 1","Q03518_T376_M1_19","HexNAc (ST)",6.29206374329902,0.580734223759403,0.120693630159775,6,"Not significant"
"LPS+Nigericin / Nigericin","STMN1","P16949","P16949","STMN1_HUMAN","Stathmin","P16949_S46_M1_19","HexNAc (ST)",0.874848509641822,0.589158471710948,0.1372403608665,6,"Not significant"
"LPS+Nigericin / Nigericin","CALR","P27797","P27797","CALR_HUMAN","Calreticulin","P27797_S53_M2_19","HexNAc (ST)",0.512206090945588,0.59204893637925,0.14280834524917,5,"Not significant"
"LPS+Nigericin / Nigericin","CALR","P27797","P27797","CALR_HUMAN","Calreticulin","P27797_S52_M2_19","HexNAc (ST)",0.512206090945588,0.59204893637925,0.14280834524917,5,"Not significant"
"LPS+Nigericin / Nigericin","FKBP2","P26885","P26885","FKBP2_HUMAN","Peptidyl-prolyl cis-trans isomerase FKBP2","P26885_S108_M1_19","HexNAc (ST)",0.467499584440845,0.593321603766862,0.144784461486181,6,"Not significant"
"LPS+Nigericin / Nigericin","TOMM22","Q9NS69","Q9NS69","TOM22_HUMAN","Mitochondrial import receptor subunit TOM22 homolog","Q9NS69_S137_M3_19","HexNAc (ST)",0.328373884963892,0.593435834698462,0.144934999325362,4,"Not significant"
"LPS+Nigericin / Nigericin","RAC2","P15153","P15153","RAC2_HUMAN","Ras-related C3 botulinum toxin substrate 2","P15153_T138_M1_19","HexNAc (ST)",1.67578572211939,0.593929928860806,0.145837621307713,6,"Not significant"
"LPS+Nigericin / Nigericin","MATR3","P43243","P43243","MATR3_HUMAN","Matrin-3","P43243_T134_M1_19","HexNAc (ST)",1.06684354534472,0.593976068350623,0.145891584201919,6,"Not significant"
"LPS+Nigericin / Nigericin","PRSS1","Cont_P00760","Cont_P00760","TRY1_BOVIN","Serine protease 1","Cont_P00760_S169_M2_19","HexNAc (ST)",1.63620555152294,0.596349952748909,0.151344298842034,6,"Not significant"
"LPS+Nigericin / Nigericin","GLUD1","P00367","P00367","DHE3_HUMAN","Glutamate dehydrogenase 1, mitochondrial","P00367_S166_M1_19","HexNAc (ST)",0.590979017266636,0.596561021877753,0.151817501023501,6,"Not significant"
"LPS+Nigericin / Nigericin","ATP5F1A","P25705","P25705","ATPA_HUMAN","ATP synthase subunit alpha, mitochondrial","P25705_S325_M1_19","HexNAc (ST)",-2.52050590599142,0.596661471966246,0.15198733399959,6,"Not significant"
"LPS+Nigericin / Nigericin","HSP90AB1","P08238","P08238","HS90B_HUMAN","Heat shock protein HSP 90-beta","P08238_S615_M2_19","HexNAc (ST)",0.566967900323181,0.599588744255789,0.157265608028204,4,"Not significant"
"LPS+Nigericin / Nigericin","CANX","P27824","P27824","CALX_HUMAN","Calnexin","P27824_S74_M2_19","HexNAc (ST)",-0.979064861508371,0.600931708066291,0.159393681193335,4,"Not significant"
"LPS+Nigericin / Nigericin","AHNAK","Q09666","Q09666","AHNK_HUMAN","Neuroblast differentiation-associated protein AHNAK","Q09666_S4486_M1_19","HexNAc (ST)",0.520933538744343,0.602954174911369,0.163745033521045,5,"Not significant"
"LPS+Nigericin / Nigericin","ACAA1","P09110","P09110","THIK_HUMAN","3-ketoacyl-CoA thiolase, peroxisomal","P09110_S291_M1_19","HexNAc (ST)",-4.57825299560144,0.603121480649919,0.188817788110084,6,"Not significant"
"LPS+Nigericin / Nigericin","VDAC1","P21796","P21796","VDAC1_HUMAN","Voltage-dependent anion-selective channel protein 1","P21796_T217_M1_19","HexNAc (ST)",-1.83804402010676,0.603121480649919,0.178418300092997,4,"Not significant"
"LPS+Nigericin / Nigericin","FBL","P22087","P22087","FBRL_HUMAN","rRNA 2'-O-methyltransferase fibrillarin","P22087_T298_M1_19","HexNAc (ST)",6.09744565956933,0.603121480649919,0.188696798194686,6,"Not significant"
"LPS+Nigericin / Nigericin","CANX","P27824","P27824","CALX_HUMAN","Calnexin","P27824_T143_M1_19","HexNAc (ST)",3.24711010353985,0.603121480649919,0.171597927334744,6,"Not significant"
"LPS+Nigericin / Nigericin","TMED10","P49755","P49755","TMEDA_HUMAN","Transmembrane emp24 domain-containing protein 10","P49755_T114_M1_19","HexNAc (ST)",-1.41334901949294,0.603121480649919,0.186521320129429,6,"Not significant"
"LPS+Nigericin / Nigericin","PPIA","P62937","P62937","PPIA_HUMAN","Peptidyl-prolyl cis-trans isomerase A","P62937_T93_M2_19","HexNAc (ST)",-7.82835448563614,0.603121480649919,0.189249570731769,6,"Not significant"
"LPS+Nigericin / Nigericin","CAP1","Q01518","Q01518","CAP1_HUMAN","Adenylyl cyclase-associated protein 1","Q01518_T315_M1_19","HexNAc (ST)",-0.618908444506184,0.603121480649919,0.16545215044409,6,"Not significant"
"LPS+Nigericin / Nigericin","NOTCH2","Q04721","Q04721","NOTC2_HUMAN","Neurogenic locus notch homolog protein 2","Q04721_T78_M1_19","HexNAc (ST)",5.33782278868272,0.603121480649919,0.187511802142647,6,"Not significant"
"LPS+Nigericin / Nigericin","AHNAK","Q09666","Q09666","AHNK_HUMAN","Neuroblast differentiation-associated protein AHNAK","Q09666_S4684_M1_19","HexNAc (ST)",6.89516447776181,0.603121480649919,0.187963652923197,6,"Not significant"
"LPS+Nigericin / Nigericin","STX5","Q13190","Q13190","STX5_HUMAN","Syntaxin-5","Q13190_S320_M1_19","HexNAc (ST)",-0.417593845119694,0.603121480649919,0.182528031180684,6,"Not significant"
"LPS+Nigericin / Nigericin","MRPL2","Q5T653","Q5T653","RM02_HUMAN","Large ribosomal subunit protein uL2m","Q5T653_T223_M2_19","HexNAc (ST)",-0.484463237078765,0.603121480649919,0.19498687611388,6,"Not significant"
"LPS+Nigericin / Nigericin","CPNE8","Q86YQ8","Q86YQ8","CPNE8_HUMAN","Copine-8","Q86YQ8_S356_M1_19","HexNAc (ST)",-6.05779302939067,0.603121480649919,0.187085927187613,6,"Not significant"
"LPS+Nigericin / Nigericin","ARHGAP18","Q8N392","Q8N392","RHG18_HUMAN","Rho GTPase-activating protein 18","Q8N392_T327_M1_19","HexNAc (ST)",-2.44914032170066,0.603121480649919,0.191354134253369,6,"Not significant"
"LPS+Nigericin / Nigericin","BCKDK","O14874","O14874","BCKD_HUMAN","[3-methyl-2-oxobutanoate dehydrogenase [lipoamide]] kinase, mitochondrial","O14874_S90_M1_19","HexNAc (ST)",8.1311974751858,0.603202993881853,0.196454584618715,6,"Not significant"
"LPS+Nigericin / Nigericin","RPL26","P61254","P61254","RL26_HUMAN","Large ribosomal subunit protein uL24","P61254_S46_M1_19","HexNAc (ST)",5.99347880312823,0.603202993881853,0.198512865582447,6,"Not significant"
"LPS+Nigericin / Nigericin","SRSF1","Q07955","Q07955","SRSF1_HUMAN","Serine/arginine-rich splicing factor 1","Q07955_S2_M1_19","HexNAc (ST)",-9.2935214392696,0.603781990099925,0.204341174001617,6,"Not significant"
"LPS+Nigericin / Nigericin","CHMP4B","Q9H444","Q9H444","CHM4B_HUMAN","Charged multivesicular body protein 4b","Q9H444_T88_M2_19","HexNAc (ST)",-2.24601160685798,0.604746507534166,0.209234878132192,4,"Not significant"
"LPS+Nigericin / Nigericin","LARP4","Q71RC2","Q71RC2","LARP4_HUMAN","La-related protein 4","Q71RC2_T168_M2_19","HexNAc (ST)",3.30372459857253,0.605299483289343,0.212939992363888,6,"Not significant"
"LPS+Nigericin / Nigericin","LARP4","Q71RC2","Q71RC2","LARP4_HUMAN","La-related protein 4","Q71RC2_T167_M2_19","HexNAc (ST)",3.30372459857253,0.605299483289343,0.212939992363888,6,"Not significant"
"LPS+Nigericin / Nigericin","ENO1","P06733","P06733","ENOA_HUMAN","Alpha-enolase","P06733_S249_M1_19","HexNAc (ST)",1.05425776416094,0.605336096081736,0.213016718518839,4,"Not significant"
"LPS+Nigericin / Nigericin","GSN","P06396","P06396","GELS_HUMAN","Gelsolin","P06396_S304_M1_19","HexNAc (ST)",-0.529224063145689,0.605358884290449,0.213087098980511,5,"Not significant"
"LPS+Nigericin / Nigericin","PDIA3","P30101","P30101","PDIA3_HUMAN","Protein disulfide-isomerase A3","P30101_T212_M2_19","HexNAc (ST)",-0.87864231974171,0.605616547005085,0.214085514484738,6,"Not significant"
"LPS+Nigericin / Nigericin","PDIA3","P30101","P30101","PDIA3_HUMAN","Protein disulfide-isomerase A3","P30101_S209_M2_19","HexNAc (ST)",-0.87864231974171,0.605616547005085,0.214085514484738,6,"Not significant"
"LPS+Nigericin / Nigericin","PTGES3","Q15185","Q15185","TEBP_HUMAN","Prostaglandin E synthase 3","Q15185_S64_M1_19","HexNAc (ST)",9.56888371688208,0.605738152913309,0.214393157005825,6,"Not significant"
"LPS+Nigericin / Nigericin","PSMC3","P17980","P17980","PRS6A_HUMAN","26S proteasome regulatory subunit 6A","P17980_T293_M2_19","HexNAc (ST)",-3.88468013771689,0.605954797991265,0.215237694064015,6,"Not significant"
"LPS+Nigericin / Nigericin","PSMC3","P17980","P17980","PRS6A_HUMAN","26S proteasome regulatory subunit 6A","P17980_S281_M2_19","HexNAc (ST)",-3.88468013771689,0.605954797991265,0.215237694064015,6,"Not significant"
"LPS+Nigericin / Nigericin","MYH9","P35579","P35579","MYH9_HUMAN","Myosin-9","P35579_T1276_M1_19","HexNAc (ST)",-0.300048233847401,0.605954797991265,0.215344029538509,6,"Not significant"
"LPS+Nigericin / Nigericin","ATP6V1A","P38606","P38606","VATA_HUMAN","V-type proton ATPase catalytic subunit A","P38606_T504_M1_19","HexNAc (ST)",-2.86624530796741,0.606187713750295,0.216315372287726,5,"Not significant"
"LPS+Nigericin / Nigericin","ACTC1","P68032","P68032","ACTC_HUMAN","Actin, alpha cardiac muscle 1","P68032_S237_M1_19","HexNAc (ST)",5.09086976286972,0.606901628930107,0.219236110843519,6,"Not significant"
"LPS+Nigericin / Nigericin","ZYX","Q15942","Q15942","ZYX_HUMAN","Zyxin","Q15942_T469_M2_19","HexNAc (ST)",6.43393142846746,0.607839973181297,0.223055123550535,6,"Not significant"
"LPS+Nigericin / Nigericin","CANX","P27824","P27824","CALX_HUMAN","Calnexin","P27824_S74_M1_19","HexNAc (ST)",-0.422263445521385,0.609137900262045,0.227264914565721,5,"Not significant"
"LPS+Nigericin / Nigericin","AHNAK","Q09666","Q09666","AHNK_HUMAN","Neuroblast differentiation-associated protein AHNAK","Q09666_T1472_M1_19","HexNAc (ST)",2.62599912714955,0.60998385841217,0.230574961671137,6,"Not significant"
"LPS+Nigericin / Nigericin","MANF","P55145","P55145","MANF_HUMAN","Mesencephalic astrocyte-derived neurotrophic factor","P55145_T55_M1_19","HexNAc (ST)",10.2324936718442,0.610866773125525,0.233466327507424,6,"Not significant"
"LPS+Nigericin / Nigericin","PDIA3","P30101","P30101","PDIA3_HUMAN","Protein disulfide-isomerase A3","P30101_S44_M1_19","HexNAc (ST)",0.862421573587056,0.611020836847859,0.233860574367986,5,"Not significant"
"LPS+Nigericin / Nigericin","MAP1B","P46821","P46821","MAP1B_HUMAN","Microtubule-associated protein 1B","P46821_S1501_M2_19","HexNAc (ST)",4.1685026259593,0.611022762774549,0.233897947680193,6,"Not significant"
"LPS+Nigericin / Nigericin","LMNB1","P20700","P20700","LMNB1_HUMAN","Lamin-B1","P20700_T151_M1_19","HexNAc (ST)",-0.223215637671013,0.611100330955887,0.234178039491357,6,"Not significant"
"LPS+Nigericin / Nigericin","DYNC1I2","Q13409","Q13409","DC1I2_HUMAN","Cytoplasmic dynein 1 intermediate chain 2","Q13409_S590_M1_19","HexNAc (ST)",1.99771029691945,0.613725236432949,0.245056703565671,6,"Not significant"
"LPS+Nigericin / Nigericin","PRKCSH","P14314","P14314","GLU2B_HUMAN","Glucosidase 2 subunit beta","P14314_S451_M1_19","HexNAc (ST)",-0.662367217289876,0.614974133954956,0.248949634619565,4,"Not significant"
"LPS+Nigericin / Nigericin","FTL","P02792","P02792","FRIL_HUMAN","Ferritin light chain","P02792_T150_M1_19","HexNAc (ST)",1.36767647688985,0.615452763382615,0.250156278268101,6,"Not significant"
"LPS+Nigericin / Nigericin","CYBB","P04839","P04839","CY24B_HUMAN","Cytochrome b-245 heavy chain","P04839_T509_M1_19","HexNAc (ST)",0.438864214535722,0.615936658605697,0.251758245606885,6,"Not significant"
"LPS+Nigericin / Nigericin","RPL31","P62899","P62899","RL31_HUMAN","Large ribosomal subunit protein eL31","P62899_T26_M1_19","HexNAc (ST)",1.23248830343019,0.617646477691993,0.256441050827961,6,"Not significant"
"LPS+Nigericin / Nigericin","HSPD1","P10809","P10809","CH60_HUMAN","60 kDa heat shock protein, mitochondrial","P10809_T173_M2_19","HexNAc (ST)",-1.34065023083451,0.618206420232119,0.257435064671368,5,"Not significant"
"LPS+Nigericin / Nigericin","ICAM1","P05362","P05362","ICAM1_HUMAN","Intercellular adhesion molecule 1","P05362_T448_M1_19","HexNAc (ST)",-0.265414245449564,0.620057370731929,0.261846445569237,4,"Not significant"
"LPS+Nigericin / Nigericin","ERLIN2","O94905","O94905","ERLN2_HUMAN","Erlin-2","O94905_T277_M1_19","HexNAc (ST)",8.74633720987616,0.620761334099722,0.263391092262204,6,"Not significant"
"LPS+Nigericin / Nigericin","PSMC3","P17980","P17980","PRS6A_HUMAN","26S proteasome regulatory subunit 6A","P17980_T247_M1_19","HexNAc (ST)",1.0410887044516,0.621090417019827,0.264188451251183,6,"Not significant"
"LPS+Nigericin / Nigericin","IMP4","Q96G21","Q96G21","IMP4_HUMAN","U3 small nucleolar ribonucleoprotein protein IMP4","Q96G21_T134_M1_19","HexNAc (ST)",-0.39044895759276,0.622780314898382,0.268151818891856,6,"Not significant"
"LPS+Nigericin / Nigericin","PDIA6","Q15084","Q15084","PDIA6_HUMAN","Protein disulfide-isomerase A6","Q15084_T223_M2_19","HexNAc (ST)",0.373695305024404,0.6230586582499,0.268697948697845,4,"Not significant"
"LPS+Nigericin / Nigericin","MDH2","P40926","P40926","MDHM_HUMAN","Malate dehydrogenase, mitochondrial","P40926_T227_M1_19","HexNAc (ST)",-1.17831888201964,0.623439385579348,0.269694626817627,5,"Not significant"
"LPS+Nigericin / Nigericin","GLRX5","Q86SX6","Q86SX6","GLRX5_HUMAN","Glutaredoxin-related protein 5, mitochondrial","Q86SX6_S70_M2_19","HexNAc (ST)",0.377050416016057,0.625415396215444,0.275389677519533,5,"Not significant"
"LPS+Nigericin / Nigericin","CA2","P00918","P00918","CAH2_HUMAN","Carbonic anhydrase 2","P00918_S73_M1_19","HexNAc (ST)",-0.351028408027767,0.625682978656173,0.276235367945344,6,"Not significant"
"LPS+Nigericin / Nigericin","DMAP1","Q9NPF5","Q9NPF5","DMAP1_HUMAN","DNA methyltransferase 1-associated protein 1","Q9NPF5_T237_M1_19","HexNAc (ST)",-0.524971253393171,0.626873439570698,0.279147793751988,6,"Not significant"
"LPS+Nigericin / Nigericin","RAP1A","P62834","P62834","RAP1A_HUMAN","Ras-related protein Rap-1A","P62834_T106_M1_19","HexNAc (ST)",0.538204068964974,0.627261416501859,0.280385095183296,6,"Not significant"
"LPS+Nigericin / Nigericin","ANXA6","P08133","P08133","ANXA6_HUMAN","Annexin A6","P08133_S121_M1_19","HexNAc (ST)",-1.92908583275992,0.627622947794214,0.281565585821223,6,"Not significant"
"LPS+Nigericin / Nigericin","VIM","P08670","P08670","VIME_HUMAN","Vimentin","P08670_S278_M1_19","HexNAc (ST)",2.70509955130866,0.627759616669138,0.282224041041861,6,"Not significant"
"LPS+Nigericin / Nigericin","DDX5","P17844","P17844","DDX5_HUMAN","Probable ATP-dependent RNA helicase DDX5","P17844_T436_M2_19","HexNAc (ST)",0.688177928037523,0.628344633322005,0.284129232406936,6,"Not significant"
"LPS+Nigericin / Nigericin","ACTN4","O43707","O43707","ACTN4_HUMAN","Alpha-actinin-4","O43707_T222_M1_19","HexNAc (ST)",1.43163625570412,0.629225069230031,0.286391929853949,6,"Not significant"
"LPS+Nigericin / Nigericin","CD38","P28907","P28907","CD38_HUMAN","ADP-ribosyl cyclase/cyclic ADP-ribose hydrolase 1","P28907_T71_M1_19","HexNAc (ST)",0.789965404184179,0.629627436678745,0.287484024471931,6,"Not significant"
"LPS+Nigericin / Nigericin","AHNAK","Q09666","Q09666","AHNK_HUMAN","Neuroblast differentiation-associated protein AHNAK","Q09666_S1654_M1_19","HexNAc (ST)",-0.654740727852481,0.630283466715709,0.289562858909554,6,"Not significant"
"LPS+Nigericin / Nigericin","AHNAK","Q09666","Q09666","AHNK_HUMAN","Neuroblast differentiation-associated protein AHNAK","Q09666_S1856_M1_19","HexNAc (ST)",-0.654740727852481,0.630283466715709,0.289562858909554,6,"Not significant"
"LPS+Nigericin / Nigericin","AHNAK","Q09666","Q09666","AHNK_HUMAN","Neuroblast differentiation-associated protein AHNAK","Q09666_S1923_M1_19","HexNAc (ST)",-0.654740727852481,0.630283466715709,0.289562858909554,6,"Not significant"
"LPS+Nigericin / Nigericin","AHNAK","Q09666","Q09666","AHNK_HUMAN","Neuroblast differentiation-associated protein AHNAK","Q09666_S2118_M1_19","HexNAc (ST)",-0.654740727852481,0.630283466715709,0.289562858909554,6,"Not significant"
"LPS+Nigericin / Nigericin","H2AX","P16104","P16104","H2AX_HUMAN","Histone H2AX","P16104_T102_M1_19","HexNAc (ST)",0.62448456046396,0.63059623697653,0.290668618648123,6,"Not significant"
"LPS+Nigericin / Nigericin","CDC42","P60953","P60953","CDC42_HUMAN","Cell division control protein 42 homolog","P60953_T161_M1_19","HexNAc (ST)",-4.72688393957965,0.63059623697653,0.290671012427921,6,"Not significant"
"LPS+Nigericin / Nigericin","OLA1","Q9NTK5","Q9NTK5","OLA1_HUMAN","Obg-like ATPase 1","Q9NTK5_S22_M2_19","HexNAc (ST)",-1.70784675014621,0.630853742072045,0.291396635587135,6,"Not significant"
"LPS+Nigericin / Nigericin","OLA1","Q9NTK5","Q9NTK5","OLA1_HUMAN","Obg-like ATPase 1","Q9NTK5_T21_M2_19","HexNAc (ST)",-1.70784675014621,0.630853742072045,0.291396635587135,6,"Not significant"
"LPS+Nigericin / Nigericin","DPP3","Q9NY33","Q9NY33","DPP3_HUMAN","Dipeptidyl peptidase 3","Q9NY33_S692_M2_19","HexNAc (ST)",1.01375883428861,0.632894084125482,0.296697174770868,4,"Not significant"
"LPS+Nigericin / Nigericin","TJP2","Q9UDY2","Q9UDY2","ZO2_HUMAN","Tight junction protein ZO-2","Q9UDY2_T757_M1_19","HexNAc (ST)",-0.191434103307037,0.633195518043695,0.297696939617032,6,"Not significant"
"LPS+Nigericin / Nigericin","VIM","P08670","P08670","VIME_HUMAN","Vimentin","P08670_S205_M1_19","HexNAc (ST)",1.64542403266514,0.633739118914387,0.299176162186435,6,"Not significant"
"LPS+Nigericin / Nigericin","HNRNPCL2","B2RXH8","B2RXH8","HNRC2_HUMAN","Heterogeneous nuclear ribonucleoprotein C-like 2","B2RXH8_S196_M1_19","HexNAc (ST)",0.305868340564854,0.633972537254186,0.404952118962651,6,"Not significant"
"LPS+Nigericin / Nigericin","NDUFS8","O00217","O00217","NDUS8_HUMAN","NADH dehydrogenase [ubiquinone] iron-sulfur protein 8, mitochondrial","O00217_T127_M1_19","HexNAc (ST)",1.40717223937736,0.633972537254186,0.379163652559395,6,"Not significant"
"LPS+Nigericin / Nigericin","HNRNPDL","O14979","O14979","HNRDL_HUMAN","Heterogeneous nuclear ribonucleoprotein D-like","O14979_S201_M1_19","HexNAc (ST)",-2.15704813124779,0.633972537254186,0.422367505934885,6,"Not significant"
"LPS+Nigericin / Nigericin","PER1","O15534","O15534","PER1_HUMAN","Period circadian protein homolog 1","O15534_S1186_M1_19","HexNAc (ST)",4.86341439142057,0.633972537254186,0.423930864695432,6,"Not significant"
"LPS+Nigericin / Nigericin","MAP3K7","O43318","O43318","M3K7_HUMAN","Mitogen-activated protein kinase kinase kinase 7","O43318_T538_M1_19","HexNAc (ST)",0.804289110099664,0.633972537254186,0.345819839630804,6,"Not significant"
"LPS+Nigericin / Nigericin","SPRY2","O43597","O43597","SPY2_HUMAN","Protein sprouty homolog 2","O43597_S167_M1_19","HexNAc (ST)",2.43507902015818,0.633972537254186,0.41908935304479,6,"Not significant"
"LPS+Nigericin / Nigericin","ACTN4","O43707","O43707","ACTN4_HUMAN","Alpha-actinin-4","O43707_T519_M1_19","HexNAc (ST)",5.68469067698547,0.633972537254186,0.420841863257168,6,"Not significant"
"LPS+Nigericin / Nigericin","SIPA1L3","O60292","O60292","SI1L3_HUMAN","Signal-induced proliferation-associated 1-like protein 3","O60292_T850_M2_19","HexNAc (ST)",-0.881433334021681,0.633972537254186,0.353580894634845,6,"Not significant"
"LPS+Nigericin / Nigericin","PLOD3","O60568","O60568","PLOD3_HUMAN","Multifunctional procollagen lysine hydroxylase and glycosyltransferase LH3","O60568_S209_M1_19","HexNAc (ST)",-0.3469824929367,0.633972537254186,0.42598116816438,6,"Not significant"
"LPS+Nigericin / Nigericin","CTSV","O60911","O60911","CATL2_HUMAN","Cathepsin L2","O60911_S142_M2_19","HexNAc (ST)",-5.30662992700034,0.633972537254186,0.425539784215962,6,"Not significant"
"LPS+Nigericin / Nigericin","ENO1","P06733","P06733","ENOA_HUMAN","Alpha-enolase","P06733_T205_M1_19","HexNAc (ST)",1.42068194060837,0.633972537254186,0.314112155780654,6,"Not significant"
"LPS+Nigericin / Nigericin","P4HB","P07237","P07237","PDIA1_HUMAN","Protein disulfide-isomerase","P07237_T296_M1_19","HexNAc (ST)",-0.227800313514082,0.633972537254186,0.384789746209933,5,"Not significant"
"LPS+Nigericin / Nigericin","EPRS1","P07814","P07814","SYEP_HUMAN","Bifunctional glutamate/proline--tRNA ligase","P07814_T1110_M1_19","HexNAc (ST)",-4.8531686855278,0.633972537254186,0.429131186082282,5,"Not significant"
"LPS+Nigericin / Nigericin","HSPD1","P10809","P10809","CH60_HUMAN","60 kDa heat shock protein, mitochondrial","P10809_T206_M1_19","HexNAc (ST)",0.966878769414219,0.633972537254186,0.414589473668617,6,"Not significant"
"LPS+Nigericin / Nigericin","PDHB","P11177","P11177","ODPB_HUMAN","Pyruvate dehydrogenase E1 component subunit beta, mitochondrial","P11177_S70_M1_19","HexNAc (ST)",0.357608846770713,0.633972537254186,0.315047844448251,6,"Not significant"
"LPS+Nigericin / Nigericin","RNH1","P13489","P13489","RINI_HUMAN","Ribonuclease inhibitor","P13489_S50_M1_19","HexNAc (ST)",0.692793634300427,0.633972537254186,0.375856744888974,6,"Not significant"
"LPS+Nigericin / Nigericin","PKM","P14618","P14618","KPYM_HUMAN","Pyruvate kinase PKM","P14618_S222_M2_19","HexNAc (ST)",-0.497899027954986,0.633972537254186,0.35588268050788,5,"Not significant"
"LPS+Nigericin / Nigericin","HSP90B1","P14625","P14625","ENPL_HUMAN","Endoplasmin","P14625_S607_M1_19","HexNAc (ST)",8.48184431837327,0.633972537254186,0.422693807550477,6,"Not significant"
"LPS+Nigericin / Nigericin","CD44","P16070","P16070","CD44_HUMAN","CD44 antigen","P16070_S686_M1_19","HexNAc (ST)",2.69770726935078,0.633972537254186,0.416946813707996,6,"Not significant"
"LPS+Nigericin / Nigericin","H1-3","P16402","P16402","H13_HUMAN","Histone H1.3","P16402_S56_M2_19","HexNAc (ST)",-7.33777898849367,0.633972537254186,0.422397549250004,6,"Not significant"
"LPS+Nigericin / Nigericin","NCL","P19338","P19338","NUCL_HUMAN","Nucleolin","P19338_S619_M1_19","HexNAc (ST)",2.20502816857414,0.633972537254186,0.389904469557006,6,"Not significant"
"LPS+Nigericin / Nigericin","CD22","P20273","P20273","CD22_HUMAN","B-cell receptor CD22","P20273_T291_M1_19","HexNAc (ST)",0.759280330834087,0.633972537254186,0.328773269808957,5,"Not significant"
"LPS+Nigericin / Nigericin","SCP2","P22307","P22307","SCP2_HUMAN","Sterol carrier protein 2","P22307_T526_M1_19","HexNAc (ST)",5.05738336164357,0.633972537254186,0.418975974473537,6,"Not significant"
"LPS+Nigericin / Nigericin","PTPRE","P23469","P23469","PTPRE_HUMAN","Receptor-type tyrosine-protein phosphatase epsilon","P23469_S187_M2_19","HexNAc (ST)",-3.86487922174291,0.633972537254186,0.430512544901899,5,"Not significant"
"LPS+Nigericin / Nigericin","APEX1","P27695","P27695","APEX1_HUMAN","DNA-(apurinic or apyrimidinic site) endonuclease","P27695_T61_M1_19","HexNAc (ST)",-1.59385619432809,0.633972537254186,0.332814759540258,6,"Not significant"
"LPS+Nigericin / Nigericin","PRDX5","P30044","P30044","PRDX5_HUMAN","Peroxiredoxin-5, mitochondrial","P30044_S101_M2_19","HexNAc (ST)",1.93847301450131,0.633972537254186,0.42210183686472,6,"Not significant"
"LPS+Nigericin / Nigericin","PRDX5","P30044","P30044","PRDX5_HUMAN","Peroxiredoxin-5, mitochondrial","P30044_T97_M2_19","HexNAc (ST)",1.93847301450131,0.633972537254186,0.42210183686472,6,"Not significant"
"LPS+Nigericin / Nigericin","ACSL1","P33121","P33121","ACSL1_HUMAN","Long-chain-fatty-acid--CoA ligase 1","P33121_S247_M2_19","HexNAc (ST)",3.84021117624011,0.633972537254186,0.41780561539388,6,"Not significant"
"LPS+Nigericin / Nigericin","ACSL1","P33121","P33121","ACSL1_HUMAN","Long-chain-fatty-acid--CoA ligase 1","P33121_T246_M2_19","HexNAc (ST)",3.84021117624011,0.633972537254186,0.41780561539388,6,"Not significant"
"LPS+Nigericin / Nigericin","SHMT2","P34897","P34897","GLYM_HUMAN","Serine hydroxymethyltransferase, mitochondrial","P34897_S90_M1_19","HexNAc (ST)",-6.84189632608373,0.633972537254186,0.422814629502521,6,"Not significant"
"LPS+Nigericin / Nigericin","MYH9","P35579","P35579","MYH9_HUMAN","Myosin-9","P35579_T1313_M1_19","HexNAc (ST)",-8.452159044867,0.633972537254186,0.422619482372257,6,"Not significant"
"LPS+Nigericin / Nigericin","MYH9","P35579","P35579","MYH9_HUMAN","Myosin-9","P35579_S1457_M2_19","HexNAc (ST)",2.55785684483341,0.633972537254186,0.411195166017915,6,"Not significant"
"LPS+Nigericin / Nigericin","TAGLN2","P37802","P37802","TAGL2_HUMAN","Transgelin-2","P37802_T60_M1_19","HexNAc (ST)",1.01536231945032,0.633972537254186,0.407802598565634,6,"Not significant"
"LPS+Nigericin / Nigericin","HSPA9","P38646","P38646","GRP75_HUMAN","Stress-70 protein, mitochondrial","P38646_T592_M2_19","HexNAc (ST)",0.943634336789277,0.633972537254186,0.376592522719977,6,"Not significant"
"LPS+Nigericin / Nigericin","COL18A1","P39060","P39060","COIA1_HUMAN","Collagen alpha-1(XVIII) chain","P39060_S1377_M1_19","HexNAc (ST)",-5.89400233097271,0.633972537254186,0.424967471483263,6,"Not significant"
"LPS+Nigericin / Nigericin","TMPO","P42166","P42166","LAP2A_HUMAN","Lamina-associated polypeptide 2, isoform alpha","P42166_T12_M1_19","HexNAc (ST)",0.896098881486207,0.633972537254186,0.425648274823745,6,"Not significant"
"LPS+Nigericin / Nigericin","UQCRFS1","P47985","P47985","UCRI_HUMAN","Cytochrome b-c1 complex subunit Rieske, mitochondrial","P47985_S75_M2_19","HexNAc (ST)",8.6233206457898,0.633972537254186,0.422967434500137,5,"Not significant"
"LPS+Nigericin / Nigericin","SLC25A1","P53007","P53007","TXTP_HUMAN","Tricarboxylate transport protein, mitochondrial","P53007_S94_M1_19","HexNAc (ST)",-0.193782410119603,0.633972537254186,0.307186691635664,4,"Not significant"
"LPS+Nigericin / Nigericin","HSPA2","P54652","P54652","HSP72_HUMAN","Heat shock-related 70 kDa protein 2","P54652_T126_M1_19","HexNAc (ST)",-7.21806456307014,0.633972537254186,0.423306762264111,5,"Not significant"
"LPS+Nigericin / Nigericin","AK2","P54819","P54819","KAD2_HUMAN","Adenylate kinase 2, mitochondrial","P54819_T89_M1_19","HexNAc (ST)",2.32440537137407,0.633972537254186,0.401848875386836,6,"Not significant"
"LPS+Nigericin / Nigericin","NAP1L1","P55209","P55209","NP1L1_HUMAN","Nucleosome assembly protein 1-like 1","P55209_T39_M1_19","HexNAc (ST)",-2.73068023533525,0.633972537254186,0.39444604839759,6,"Not significant"
"LPS+Nigericin / Nigericin","RPS8","P62241","P62241","RS8_HUMAN","Small ribosomal subunit protein eS8","P62241_T130_M1_19","HexNAc (ST)",-9.62760691675306,0.633972537254186,0.422399448213717,6,"Not significant"
"LPS+Nigericin / Nigericin","TMSB4X","P62328","P62328","TYB4_HUMAN","Thymosin beta-4","P62328_S16_M1_19","HexNAc (ST)",2.10197046494814,0.633972537254186,0.364139735669111,6,"Not significant"
"LPS+Nigericin / Nigericin","RPS28","P62857","P62857","RS28_HUMAN","Small ribosomal subunit protein eS28","P62857_S61_M1_19","HexNAc (ST)",-4.14817561841929,0.633972537254186,0.425704431491931,6,"Not significant"
"LPS+Nigericin / Nigericin","RPL8","P62917","P62917","RL8_HUMAN","Large ribosomal subunit protein uL2","P62917_S138_M3_19","HexNAc (ST)",6.68510346873964,0.633972537254186,0.423182149770703,6,"Not significant"
"LPS+Nigericin / Nigericin","RPL8","P62917","P62917","RL8_HUMAN","Large ribosomal subunit protein uL2","P62917_T135_M3_19","HexNAc (ST)",6.68510346873964,0.633972537254186,0.423182136397786,6,"Not significant"
"LPS+Nigericin / Nigericin","YBX1","P67809","P67809","YBOX1_HUMAN","Y-box-binding protein 1","P67809_T108_M1_19","HexNAc (ST)",1.42965140738411,0.633972537254186,0.435302497758511,6,"Not significant"
"LPS+Nigericin / Nigericin","HNRNPU","Q00839","Q00839","HNRPU_HUMAN","Heterogeneous nuclear ribonucleoprotein U","Q00839_S585_M1_19","HexNAc (ST)",-0.697033123314507,0.633972537254186,0.385795189039969,6,"Not significant"
"LPS+Nigericin / Nigericin","NOTCH2","Q04721","Q04721","NOTC2_HUMAN","Neurogenic locus notch homolog protein 2","Q04721_T696_M1_19","HexNAc (ST)",-0.519374922616304,0.633972537254186,0.365499148064366,6,"Not significant"
"LPS+Nigericin / Nigericin","AHNAK","Q09666","Q09666","AHNK_HUMAN","Neuroblast differentiation-associated protein AHNAK","Q09666_S909_M1_19","HexNAc (ST)",7.65677632385816,0.633972537254186,0.422748570051464,6,"Not significant"
"LPS+Nigericin / Nigericin","AHNAK","Q09666","Q09666","AHNK_HUMAN","Neuroblast differentiation-associated protein AHNAK","Q09666_S1298_M1_19","HexNAc (ST)",9.41490577414869,0.633972537254186,0.422472673527284,6,"Not significant"
"LPS+Nigericin / Nigericin","AHNAK","Q09666","Q09666","AHNK_HUMAN","Neuroblast differentiation-associated protein AHNAK","Q09666_S2092_M1_19","HexNAc (ST)",9.41490577414869,0.633972537254186,0.422472673527284,6,"Not significant"
"LPS+Nigericin / Nigericin","AHNAK","Q09666","Q09666","AHNK_HUMAN","Neuroblast differentiation-associated protein AHNAK","Q09666_S2287_M1_19","HexNAc (ST)",9.41490577414869,0.633972537254186,0.422472673527284,6,"Not significant"
"LPS+Nigericin / Nigericin","AHNAK","Q09666","Q09666","AHNK_HUMAN","Neuroblast differentiation-associated protein AHNAK","Q09666_S2670_M1_19","HexNAc (ST)",4.31951236287744,0.633972537254186,0.426518340811072,6,"Not significant"
"LPS+Nigericin / Nigericin","AHNAK","Q09666","Q09666","AHNK_HUMAN","Neuroblast differentiation-associated protein AHNAK","Q09666_S5151_M1_19","HexNAc (ST)",0.782582448982338,0.633972537254186,0.335390339472649,6,"Not significant"
"LPS+Nigericin / Nigericin","AHNAK","Q09666","Q09666","AHNK_HUMAN","Neuroblast differentiation-associated protein AHNAK","Q09666_S3746_M1_19","HexNAc (ST)",-3.48758933067894,0.633972537254186,0.424535672277843,6,"Not significant"
"LPS+Nigericin / Nigericin","AHNAK","Q09666","Q09666","AHNK_HUMAN","Neuroblast differentiation-associated protein AHNAK","Q09666_S3894_M1_19","HexNAc (ST)",0.930686779504117,0.633972537254186,0.379175665948445,6,"Not significant"
"LPS+Nigericin / Nigericin","AHNAK","Q09666","Q09666","AHNK_HUMAN","Neuroblast differentiation-associated protein AHNAK","Q09666_S1324_M1_19","HexNAc (ST)",0.341616855888859,0.633972537254186,0.379639687831877,6,"Not significant"
"LPS+Nigericin / Nigericin","AHNAK","Q09666","Q09666","AHNK_HUMAN","Neuroblast differentiation-associated protein AHNAK","Q09666_S2454_M1_19","HexNAc (ST)",0.612864903359695,0.633972537254186,0.40194445310819,6,"Not significant"
"LPS+Nigericin / Nigericin","AHNAK","Q09666","Q09666","AHNK_HUMAN","Neuroblast differentiation-associated protein AHNAK","Q09666_S845_M2_19","HexNAc (ST)",-4.74712571158259,0.633972537254186,0.424725357700852,6,"Not significant"
"LPS+Nigericin / Nigericin","AHNAK","Q09666","Q09666","AHNK_HUMAN","Neuroblast differentiation-associated protein AHNAK","Q09666_T839_M2_19","HexNAc (ST)",-4.74712571158259,0.633972537254186,0.424725357700852,6,"Not significant"
"LPS+Nigericin / Nigericin","AHNAK","Q09666","Q09666","AHNK_HUMAN","Neuroblast differentiation-associated protein AHNAK","Q09666_S1542_M1_19","HexNAc (ST)",1.04671575375716,0.633972537254186,0.330647518726323,6,"Not significant"
"LPS+Nigericin / Nigericin","ELP6","Q0PNE2","Q0PNE2","ELP6_HUMAN","Elongator complex protein 6","Q0PNE2_S89_M1_19","HexNAc (ST)",-5.46973144178951,0.633972537254186,0.421470141783506,6,"Not significant"
"LPS+Nigericin / Nigericin","CBLB","Q13191","Q13191","CBLB_HUMAN","E3 ubiquitin-protein ligase CBL-B","Q13191_T174_M1_19","HexNAc (ST)",-0.596041502276567,0.633972537254186,0.313122202795642,6,"Not significant"
"LPS+Nigericin / Nigericin","TRIM28","Q13263","Q13263","TIF1B_HUMAN","Transcription intermediary factor 1-beta","Q13263_S756_M2_19","HexNAc (ST)",8.52018495511439,0.633972537254186,0.422588646044569,6,"Not significant"
"LPS+Nigericin / Nigericin","STX3","Q13277","Q13277","STX3_HUMAN","Syntaxin-3","Q13277_S97_M1_19","HexNAc (ST)",-2.06733043299031,0.633972537254186,0.416581376617769,6,"Not significant"
"LPS+Nigericin / Nigericin","UBE2V1","Q13404","Q13404","UB2V1_HUMAN","Ubiquitin-conjugating enzyme E2 variant 1","Q13404_S66_M1_19","HexNAc (ST)",0.391481086490632,0.633972537254186,0.393847828215419,6,"Not significant"
"LPS+Nigericin / Nigericin","ALCAM","Q13740","Q13740","CD166_HUMAN","CD166 antigen","Q13740_S64_M1_19","HexNAc (ST)",-4.41439041560084,0.633972537254186,0.352278458930618,6,"Not significant"
"LPS+Nigericin / Nigericin","FRG1","Q14331","Q14331","FRG1_HUMAN","Protein FRG1","Q14331_S121_M2_19","HexNAc (ST)",4.86075831053194,0.633972537254186,0.421213223493872,6,"Not significant"
"LPS+Nigericin / Nigericin","FRG1","Q14331","Q14331","FRG1_HUMAN","Protein FRG1","Q14331_S111_M2_19","HexNAc (ST)",4.86075831053194,0.633972537254186,0.421213223493872,6,"Not significant"
"LPS+Nigericin / Nigericin","TSC22D1","Q15714","Q15714","T22D1_HUMAN","TSC22 domain family protein 1","Q15714_S1018_M1_19","HexNAc (ST)",4.72097817456891,0.633972537254186,0.424469385644554,6,"Not significant"
"LPS+Nigericin / Nigericin","HNRNPUL2","Q1KMD3","Q1KMD3","HNRL2_HUMAN","Heterogeneous nuclear ribonucleoprotein U-like protein 2","Q1KMD3_S543_M1_19","HexNAc (ST)",4.64381461077167,0.633972537254186,0.417526276485613,6,"Not significant"
"LPS+Nigericin / Nigericin","ACTBL2","Q562R1","Q562R1","ACTBL_HUMAN","Beta-actin-like protein 2","Q562R1_T107_M2_19","HexNAc (ST)",12.056575462047,0.633972537254186,0.422683836391304,6,"Not significant"
"LPS+Nigericin / Nigericin","ACTBL2","Q562R1","Q562R1","ACTBL_HUMAN","Beta-actin-like protein 2","Q562R1_T90_M2_19","HexNAc (ST)",12.056575462047,0.633972537254186,0.422683836391304,6,"Not significant"
"LPS+Nigericin / Nigericin","SLC25A24","Q6NUK1","Q6NUK1","SCMC1_HUMAN","Mitochondrial adenyl nucleotide antiporter SLC25A24","Q6NUK1_S208_M1_19","HexNAc (ST)",-0.924452600117284,0.633972537254186,0.416696970563646,6,"Not significant"
"LPS+Nigericin / Nigericin","KTN1","Q86UP2","Q86UP2","KTN1_HUMAN","Kinectin","Q86UP2_S312_M1_19","HexNAc (ST)",0.76214607388599,0.633972537254186,0.416323239929525,6,"Not significant"
"LPS+Nigericin / Nigericin","WDFY3","Q8IZQ1","Q8IZQ1","WDFY3_HUMAN","WD repeat and FYVE domain-containing protein 3","Q8IZQ1_S1980_M2_19","HexNAc (ST)",6.82302160981482,0.633972537254186,0.423504084214864,6,"Not significant"
"LPS+Nigericin / Nigericin","DNAJB14","Q8TBM8","Q8TBM8","DJB14_HUMAN","DnaJ homolog subfamily B member 14","Q8TBM8_S160_M1_19","HexNAc (ST)",-0.903957550394286,0.633972537254186,0.384283727936268,6,"Not significant"
"LPS+Nigericin / Nigericin","PSPC1","Q8WXF1","Q8WXF1","PSPC1_HUMAN","Paraspeckle component 1","Q8WXF1_S493_M2_19","HexNAc (ST)",0.873800987707767,0.633972537254186,0.311171758781767,6,"Not significant"
"LPS+Nigericin / Nigericin","NRGN","Q92686","Q92686","NEUG_HUMAN","Neurogranin","Q92686_T5_M2_19","HexNAc (ST)",2.32615387837763,0.633972537254186,0.311295748743753,6,"Not significant"
"LPS+Nigericin / Nigericin","TAMM41","Q96BW9","Q96BW9","TAM41_HUMAN","Phosphatidate cytidylyltransferase, mitochondrial","Q96BW9_S218_M1_19","HexNAc (ST)",-4.1296476995731,0.633972537254186,0.403342780983015,6,"Not significant"
"LPS+Nigericin / Nigericin","QKI","Q96PU8","Q96PU8","QKI_HUMAN","KH domain-containing RNA-binding protein QKI","Q96PU8_T14_M1_19","HexNAc (ST)",0.923620934032771,0.633972537254186,0.397406654075569,6,"Not significant"
"LPS+Nigericin / Nigericin","QKI","Q96PU8","Q96PU8","QKI_HUMAN","KH domain-containing RNA-binding protein QKI","Q96PU8_T156_M1_19","HexNAc (ST)",1.81012481425142,0.633972537254186,0.432532345288377,6,"Not significant"
"LPS+Nigericin / Nigericin","RSF1","Q96T23","Q96T23","RSF1_HUMAN","Remodeling and spacing factor 1","Q96T23_T506_M2_19","HexNAc (ST)",-3.17300560044305,0.633972537254186,0.417754208948993,6,"Not significant"
"LPS+Nigericin / Nigericin","RSF1","Q96T23","Q96T23","RSF1_HUMAN","Remodeling and spacing factor 1","Q96T23_T499_M2_19","HexNAc (ST)",-3.17300560044305,0.633972537254186,0.417754208948993,6,"Not significant"
"LPS+Nigericin / Nigericin","CGREF1","Q99674","Q99674","CGRE1_HUMAN","Cell growth regulator with EF hand domain protein 1","Q99674_S159_M1_19","HexNAc (ST)",-0.252737158960953,0.633972537254186,0.419277780046426,6,"Not significant"
"LPS+Nigericin / Nigericin","TEP1","Q99973","Q99973","TEP1_HUMAN","Telomerase protein component 1","Q99973_S1926_M3_19","HexNAc (ST)",9.29000049758551,0.633972537254186,0.422562131417217,5,"Not significant"
"LPS+Nigericin / Nigericin","AKAP9","Q99996","Q99996","AKAP9_HUMAN","A-kinase anchor protein 9","Q99996_T740_M1_19","HexNAc (ST)",-6.7025981916566,0.633972537254186,0.421800206370797,6,"Not significant"
"LPS+Nigericin / Nigericin","CHMP4B","Q9H444","Q9H444","CHM4B_HUMAN","Charged multivesicular body protein 4b","Q9H444_T21_M1_19","HexNAc (ST)",9.86217222878813,0.633972537254186,0.422630616319209,6,"Not significant"
"LPS+Nigericin / Nigericin","CHMP4B","Q9H444","Q9H444","CHM4B_HUMAN","Charged multivesicular body protein 4b","Q9H444_S87_M2_19","HexNAc (ST)",-2.24273457578584,0.633972537254186,0.304892066188438,6,"Not significant"
"LPS+Nigericin / Nigericin","NHP2","Q9NX24","Q9NX24","NHP2_HUMAN","H/ACA ribonucleoprotein complex subunit 2","Q9NX24_S40_M2_19","HexNAc (ST)",-8.5444788976689,0.633972537254186,0.422120610006641,5,"Not significant"
"LPS+Nigericin / Nigericin","RTRAF","Q9Y224","Q9Y224","RTRAF_HUMAN","RNA transcription, translation and transport factor protein","Q9Y224_T175_M1_19","HexNAc (ST)",1.31799069676619,0.633972537254186,0.43247703077154,6,"Not significant"
"LPS+Nigericin / Nigericin","NOP58","Q9Y2X3","Q9Y2X3","NOP58_HUMAN","Nucleolar protein 58","Q9Y2X3_T61_M2_19","HexNAc (ST)",-3.13001040836785,0.633972537254186,0.433719861452418,6,"Not significant"
"LPS+Nigericin / Nigericin","NOP58","Q9Y2X3","Q9Y2X3","NOP58_HUMAN","Nucleolar protein 58","Q9Y2X3_T53_M2_19","HexNAc (ST)",-3.13001040836785,0.633972537254186,0.433719861452418,6,"Not significant"
"LPS+Nigericin / Nigericin","TUBB4A","P04350","P04350","TBB4A_HUMAN","Tubulin beta-4A chain","P04350_T372_M1_19","HexNAc (ST)",0.770923518838558,0.633972537254186,0.388792063761447,4,"Not significant"
"LPS+Nigericin / Nigericin","ANXA6","P08133","P08133","ANXA6_HUMAN","Annexin A6","P08133_S49_M2_19","HexNAc (ST)",-0.322916499643366,0.633972537254186,0.305018717661072,5,"Not significant"
"LPS+Nigericin / Nigericin","ZYX","Q15942","Q15942","ZYX_HUMAN","Zyxin","Q15942_T220_M2_19","HexNAc (ST)",1.92697426329782,0.633972537254186,0.417064573959155,4,"Not significant"
"LPS+Nigericin / Nigericin","ZYX","Q15942","Q15942","ZYX_HUMAN","Zyxin","Q15942_S218_M2_19","HexNAc (ST)",1.92697426329782,0.633972537254186,0.417064573959155,4,"Not significant"
"LPS+Nigericin / Nigericin","UBQLN1","Q9UMX0","Q9UMX0","UBQL1_HUMAN","Ubiquilin-1","Q9UMX0_S71_M2_19","HexNAc (ST)",5.02952297266535,0.633972537254186,0.427456830295908,5,"Not significant"
"LPS+Nigericin / Nigericin","CCT8","P50990","P50990","TCPQ_HUMAN","T-complex protein 1 subunit theta","P50990_S150_M1_19","HexNAc (ST)",-1.20131787104771,0.633981089780631,0.435631736802036,6,"Not significant"
"LPS+Nigericin / Nigericin","SUMO2","P61956","P61956","SUMO2_HUMAN","Small ubiquitin-related modifier 2","P61956_T12_M1_19","HexNAc (ST)",-2.70920858526314,0.634576940328851,0.441047192451108,6,"Not significant"
"LPS+Nigericin / Nigericin","HNRNPD","Q14103","Q14103","HNRPD_HUMAN","Heterogeneous nuclear ribonucleoprotein D0","Q14103_S190_M2_19","HexNAc (ST)",0.839236979354795,0.634604716578968,0.44130572256728,4,"Not significant"
"LPS+Nigericin / Nigericin","NCL","P19338","P19338","NUCL_HUMAN","Nucleolin","P19338_S319_M1_19","HexNAc (ST)",0.444559080643674,0.634823014092415,0.442431085250473,6,"Not significant"
"LPS+Nigericin / Nigericin","LETM1","O95202","O95202","LETM1_HUMAN","Mitochondrial proton/calcium exchanger protein","O95202_S580_M1_19","HexNAc (ST)",-0.243539796120488,0.634913054694834,0.443212863844673,6,"Not significant"
"LPS+Nigericin / Nigericin","MYO1B","O43795","O43795","MYO1B_HUMAN","Unconventional myosin-Ib","O43795_S145_M1_19","HexNAc (ST)",-0.390306502446542,0.634933905473456,0.443263028060918,6,"Not significant"
"LPS+Nigericin / Nigericin","ITGAX","P20702","P20702","ITAX_HUMAN","Integrin alpha-X","P20702_S266_M1_19","HexNAc (ST)",-0.257960414583038,0.634983714438711,0.443488773838744,6,"Not significant"
"LPS+Nigericin / Nigericin","EEA1","Q15075","Q15075","EEA1_HUMAN","Early endosome antigen 1","Q15075_T560_M1_19","HexNAc (ST)",1.40896779093658,0.634985041749315,0.44352244829081,6,"Not significant"
"LPS+Nigericin / Nigericin","CAPG","P40121","P40121","CAPG_HUMAN","Macrophage-capping protein","P40121_S255_M2_19","HexNAc (ST)",0.467185535893507,0.635000656160938,0.443917558704448,6,"Not significant"
"LPS+Nigericin / Nigericin","BASP1","P80723","P80723","BASP1_HUMAN","Brain acid soluble protein 1","P80723_S40_M1_19","HexNAc (ST)",1.35732471374664,0.635129566486826,0.444378618715316,6,"Not significant"
"LPS+Nigericin / Nigericin","FRG1","Q14331","Q14331","FRG1_HUMAN","Protein FRG1","Q14331_S121_M1_19","HexNAc (ST)",1.31361364231777,0.636798472323696,0.451677859260929,6,"Not significant"
"LPS+Nigericin / Nigericin","GAA","P10253","P10253","LYAG_HUMAN","Lysosomal alpha-glucosidase","P10253_T884_M1_19","HexNAc (ST)",-0.242127524899839,0.637650457146077,0.454812742157011,6,"Not significant"
"LPS+Nigericin / Nigericin","CAMK1","Q14012","Q14012","KCC1A_HUMAN","Calcium/calmodulin-dependent protein kinase type 1","Q14012_S62_M1_19","HexNAc (ST)",0.325172120667227,0.637924074487342,0.456106534703672,6,"Not significant"
"LPS+Nigericin / Nigericin","NaN","Cont_P02081","Cont_P02081","HBBF_BOVIN","Hemoglobin fetal subunit beta","Cont_P02081_S12_M2_19","HexNAc (ST)",-0.107599025320917,0.638177474089903,0.456972604793093,6,"Not significant"
"LPS+Nigericin / Nigericin","NaN","Cont_P02081","Cont_P02081","HBBF_BOVIN","Hemoglobin fetal subunit beta","Cont_P02081_T11_M2_19","HexNAc (ST)",-0.107599025320917,0.638177474089903,0.456972604793093,6,"Not significant"
"LPS+Nigericin / Nigericin","EIPR1","Q53HC9","Q53HC9","EIPR1_HUMAN","EARP and GARP complex-interacting protein 1","Q53HC9_S36_M2_19","HexNAc (ST)",1.30972958990253,0.638309556443879,0.457516559010635,6,"Not significant"
"LPS+Nigericin / Nigericin","EIPR1","Q53HC9","Q53HC9","EIPR1_HUMAN","EARP and GARP complex-interacting protein 1","Q53HC9_T34_M2_19","HexNAc (ST)",1.30972958990253,0.638309556443879,0.457516559010635,6,"Not significant"
"LPS+Nigericin / Nigericin","ARHGDIA","P52565","P52565","GDIR1_HUMAN","Rho GDP-dissociation inhibitor 1","P52565_T160_M1_19","HexNAc (ST)",1.32085508873301,0.63866478717507,0.458682563825173,6,"Not significant"
"LPS+Nigericin / Nigericin","UBAP2L","Q14157","Q14157","UBP2L_HUMAN","Ubiquitin-associated protein 2-like","Q14157_S604_M1_19","HexNAc (ST)",-0.236156271922767,0.638940342521343,0.459652158156486,6,"Not significant"
"LPS+Nigericin / Nigericin","H4C1","P62805","P62805","H4_HUMAN","Histone H4","P62805_T83_M2_19","HexNAc (ST)",0.529132010731822,0.640421742442003,0.465351192704778,6,"Not significant"
"LPS+Nigericin / Nigericin","H4C1","P62805","P62805","H4_HUMAN","Histone H4","P62805_T81_M2_19","HexNAc (ST)",0.529132010731822,0.640421742442003,0.465351192704778,6,"Not significant"
"LPS+Nigericin / Nigericin","TAF15","Q92804","Q92804","RBP56_HUMAN","TATA-binding protein-associated factor 2N","Q92804_T279_M1_19","HexNAc (ST)",-0.297868318529805,0.642344293335815,0.47186269431605,6,"Not significant"
"LPS+Nigericin / Nigericin","MYCBPAP","Q8TBZ2","Q8TBZ2","MYBPP_HUMAN","MYCBP-associated protein","Q8TBZ2_S582_M3_19","HexNAc (ST)",0.356108683879659,0.64242127761806,0.472156321104488,6,"Not significant"
"LPS+Nigericin / Nigericin","MYCBPAP","Q8TBZ2","Q8TBZ2","MYBPP_HUMAN","MYCBP-associated protein","Q8TBZ2_T580_M3_19","HexNAc (ST)",0.356108683879659,0.64242127761806,0.47215631546686,6,"Not significant"
"LPS+Nigericin / Nigericin","TRIP4","Q15650","Q15650","TRIP4_HUMAN","Activating signal cointegrator 1","Q15650_T327_M1_19","HexNAc (ST)",0.6009424190639,0.642518240482106,0.47241891518679,6,"Not significant"
"LPS+Nigericin / Nigericin","ITGB1","P05556","P05556","ITB1_HUMAN","Integrin beta-1","P05556_T199_M2_19","HexNAc (ST)",1.05924244929779,0.642748322576416,0.473148691457559,4,"Not significant"
"LPS+Nigericin / Nigericin","EIF4G2","P78344","P78344","IF4G2_HUMAN","Eukaryotic translation initiation factor 4 gamma 2","P78344_S272_M1_19","HexNAc (ST)",0.562638048907427,0.642790844145735,0.473273557856043,6,"Not significant"
"LPS+Nigericin / Nigericin","UTP14A","Q9BVJ6","Q9BVJ6","UT14A_HUMAN","U3 small nucleolar RNA-associated protein 14 homolog A","Q9BVJ6_T182_M2_19","HexNAc (ST)",0.300247405973775,0.643497863176244,0.475495585035355,6,"Not significant"
"LPS+Nigericin / Nigericin","UTP14A","Q9BVJ6","Q9BVJ6","UT14A_HUMAN","U3 small nucleolar RNA-associated protein 14 homolog A","Q9BVJ6_S176_M2_19","HexNAc (ST)",0.300247405973775,0.643497863176244,0.475495585035355,6,"Not significant"
"LPS+Nigericin / Nigericin","ACTR3","P61158","P61158","ARP3_HUMAN","Actin-related protein 3","P61158_S354_M2_19","HexNAc (ST)",-0.202944067935196,0.64384294413954,0.476539819922549,6,"Not significant"
"LPS+Nigericin / Nigericin","ACTR3","P61158","P61158","ARP3_HUMAN","Actin-related protein 3","P61158_S350_M2_19","HexNAc (ST)",-0.202944067935196,0.64384294413954,0.476539819922549,6,"Not significant"
"LPS+Nigericin / Nigericin","TGFB1","P01137","P01137","TGFB1_HUMAN","Transforming growth factor beta-1 proprotein","P01137_S380_M1_19","HexNAc (ST)",0.290423954807154,0.64408519369056,0.477249291433512,6,"Not significant"
"LPS+Nigericin / Nigericin","S100A11","P31949","P31949","S10AB_HUMAN","Protein S100-A11","P31949_S5_M1_19","HexNAc (ST)",-0.155837840391022,0.644206179215024,0.477748667240393,6,"Not significant"
"LPS+Nigericin / Nigericin","P4HB","P07237","P07237","PDIA1_HUMAN","Protein disulfide-isomerase","P07237_T244_M1_19","HexNAc (ST)",-0.230662625746723,0.644539259790727,0.478887710955263,6,"Not significant"
"LPS+Nigericin / Nigericin","ALDOA","Cont_P00883","Cont_P00883","ALDOA_RABIT","Fructose-bisphosphate aldolase A","Cont_P00883_S4_M1_19","HexNAc (ST)",-0.507433393057424,0.644696789200346,0.500091475082132,6,"Not significant"
"LPS+Nigericin / Nigericin","PLXNB2","O15031","O15031","PLXB2_HUMAN","Plexin-B2","O15031_T1124_M2_19","HexNAc (ST)",-1.07506916250947,0.644696789200346,0.487471104299462,6,"Not significant"
"LPS+Nigericin / Nigericin","PLXNB2","O15031","O15031","PLXB2_HUMAN","Plexin-B2","O15031_T1117_M2_19","HexNAc (ST)",-1.07506916250947,0.644696789200346,0.487471104299462,6,"Not significant"
"LPS+Nigericin / Nigericin","CS","O75390","O75390","CISY_HUMAN","Citrate synthase, mitochondrial","O75390_S97_M2_19","HexNAc (ST)",-1.06702628470444,0.644696789200346,0.49706416218561,6,"Not significant"
"LPS+Nigericin / Nigericin","P4HB","P07237","P07237","PDIA1_HUMAN","Protein disulfide-isomerase","P07237_S357_M1_19","HexNAc (ST)",-0.330838222770232,0.644696789200346,0.490896406912126,6,"Not significant"
"LPS+Nigericin / Nigericin","XRCC5","P13010","P13010","XRCC5_HUMAN","X-ray repair cross-complementing protein 5","P13010_T293_M1_19","HexNAc (ST)",-0.735503829390571,0.644696789200346,0.484572767370739,5,"Not significant"
"LPS+Nigericin / Nigericin","HSP90B1","P14625","P14625","ENPL_HUMAN","Endoplasmin","P14625_T155_M1_19","HexNAc (ST)",6.86046496808318,0.644696789200346,0.499574829280051,5,"Not significant"
"LPS+Nigericin / Nigericin","H1-3","P16402","P16402","H13_HUMAN","Histone H1.3","P16402_S59_M2_19","HexNAc (ST)",-7.95071758238818,0.644696789200346,0.499899330400531,4,"Not significant"
"LPS+Nigericin / Nigericin","NCL","P19338","P19338","NUCL_HUMAN","Nucleolin","P19338_S532_M2_19","HexNAc (ST)",6.18095335489068,0.644696789200346,0.49941579615986,4,"Not significant"
"LPS+Nigericin / Nigericin","TKT","P29401","P29401","TKT_HUMAN","Transketolase","P29401_S295_M2_19","HexNAc (ST)",-8.32874592273462,0.644696789200346,0.500405692061339,5,"Not significant"
"LPS+Nigericin / Nigericin","PDIA3","P30101","P30101","PDIA3_HUMAN","Protein disulfide-isomerase A3","P30101_S424_M1_19","HexNAc (ST)",0.456498704643322,0.644696789200346,0.499235511001268,6,"Not significant"
"LPS+Nigericin / Nigericin","TMPO","P42166","P42166","LAP2A_HUMAN","Lamina-associated polypeptide 2, isoform alpha","P42166_T26_M1_19","HexNAc (ST)",7.83131731851646,0.644696789200346,0.499503256736264,5,"Not significant"
"LPS+Nigericin / Nigericin","AARS1","P49588","P49588","SYAC_HUMAN","Alanine--tRNA ligase, cytoplasmic","P49588_T804_M1_19","HexNAc (ST)",-1.42285396025574,0.644696789200346,0.489441128496678,6,"Not significant"
"LPS+Nigericin / Nigericin","RPS27A","P62979","P62979","RS27A_HUMAN","Ubiquitin-ribosomal protein eS31 fusion protein","P62979_S65_M2_19","HexNAc (ST)",-3.03758078206222,0.644696789200346,0.483836525178059,5,"Not significant"
"LPS+Nigericin / Nigericin","AHNAK","Q09666","Q09666","AHNK_HUMAN","Neuroblast differentiation-associated protein AHNAK","Q09666_S1042_M1_19","HexNAc (ST)",4.8797504967227,0.644696789200346,0.498588788341373,5,"Not significant"
"LPS+Nigericin / Nigericin","AHNAK","Q09666","Q09666","AHNK_HUMAN","Neuroblast differentiation-associated protein AHNAK","Q09666_T788_M2_19","HexNAc (ST)",1.07949528753362,0.644696789200346,0.497675626255575,6,"Not significant"
"LPS+Nigericin / Nigericin","RAB11FIP1","Q6WKZ4","Q6WKZ4","RFIP1_HUMAN","Rab11 family-interacting protein 1","Q6WKZ4_S300_M1_19","HexNAc (ST)",0.207659204478003,0.644696789200346,0.4944166065086,6,"Not significant"
"LPS+Nigericin / Nigericin","LRRC8C","Q8TDW0","Q8TDW0","LRC8C_HUMAN","Volume-regulated anion channel subunit LRRC8C","Q8TDW0_T791_M1_19","HexNAc (ST)",0.40397346544202,0.644696789200346,0.488410144172296,6,"Not significant"
"LPS+Nigericin / Nigericin","FUBP3","Q96I24","Q96I24","FUBP3_HUMAN","Far upstream element-binding protein 3","Q96I24_T79_M2_19","HexNAc (ST)",0.491765220617779,0.644696789200346,0.485021760908569,6,"Not significant"
"LPS+Nigericin / Nigericin","FUBP3","Q96I24","Q96I24","FUBP3_HUMAN","Far upstream element-binding protein 3","Q96I24_T76_M2_19","HexNAc (ST)",0.491765220617779,0.644696789200346,0.485021760908569,6,"Not significant"
"LPS+Nigericin / Nigericin","ARL8B","Q9NVJ2","Q9NVJ2","ARL8B_HUMAN","ADP-ribosylation factor-like protein 8B","Q9NVJ2_S150_M1_19","HexNAc (ST)",-0.187489920851707,0.644696789200346,0.488470949585552,6,"Not significant"
"LPS+Nigericin / Nigericin","ING1","Q9UK53","Q9UK53","ING1_HUMAN","Inhibitor of growth protein 1","Q9UK53_S236_M2_19","HexNAc (ST)",0.489022882680514,0.644696789200346,0.500446522418201,6,"Not significant"
"LPS+Nigericin / Nigericin","ING1","Q9UK53","Q9UK53","ING1_HUMAN","Inhibitor of growth protein 1","Q9UK53_S224_M2_19","HexNAc (ST)",0.489022882680514,0.644696789200346,0.500446522418201,6,"Not significant"
"LPS+Nigericin / Nigericin","SQOR","Q9Y6N5","Q9Y6N5","SQOR_HUMAN","Sulfide:quinone oxidoreductase, mitochondrial","Q9Y6N5_S299_M1_19","HexNAc (ST)",-0.359491246420492,0.644696789200346,0.492159708636616,6,"Not significant"
"LPS+Nigericin / Nigericin","ERP44","Q9BS26","Q9BS26","ERP44_HUMAN","Endoplasmic reticulum resident protein 44","Q9BS26_T155_M1_19","HexNAc (ST)",-3.15886665525857,0.644696789200346,0.502060227527816,4,"Not significant"
"LPS+Nigericin / Nigericin","HNRNPR","O43390","O43390","HNRPR_HUMAN","Heterogeneous nuclear ribonucleoprotein R","O43390_T270_M1_19","HexNAc (ST)",2.44386578709429,0.644764271610972,0.503863850535755,4,"Not significant"
"LPS+Nigericin / Nigericin","CPT2","P23786","P23786","CPT2_HUMAN","Carnitine O-palmitoyltransferase 2, mitochondrial","P23786_S66_M1_19","HexNAc (ST)",1.0546505289936,0.644764271610972,0.504006482131544,6,"Not significant"
"LPS+Nigericin / Nigericin","GRPEL1","Q9HAV7","Q9HAV7","GRPE1_HUMAN","GrpE protein homolog 1, mitochondrial","Q9HAV7_T74_M1_19","HexNAc (ST)",0.62274165473578,0.64482800136978,0.504689680482654,6,"Not significant"
"LPS+Nigericin / Nigericin","FIP1L1","Q6UN15","Q6UN15","FIP1_HUMAN","Pre-mRNA 3'-end-processing factor FIP1","Q6UN15_S324_M3_19","HexNAc (ST)",0.546914927805984,0.645067607769993,0.506629861303432,6,"Not significant"
"LPS+Nigericin / Nigericin","FIP1L1","Q6UN15","Q6UN15","FIP1_HUMAN","Pre-mRNA 3'-end-processing factor FIP1","Q6UN15_T322_M3_19","HexNAc (ST)",0.546914927805984,0.645067607769993,0.506629861303432,6,"Not significant"
"LPS+Nigericin / Nigericin","FIP1L1","Q6UN15","Q6UN15","FIP1_HUMAN","Pre-mRNA 3'-end-processing factor FIP1","Q6UN15_T320_M3_19","HexNAc (ST)",0.546914927805984,0.645067607769993,0.506629861303432,6,"Not significant"
"LPS+Nigericin / Nigericin","QKI","Q96PU8","Q96PU8","QKI_HUMAN","KH domain-containing RNA-binding protein QKI","Q96PU8_T203_M1_19","HexNAc (ST)",2.28613542749221,0.645067607769993,0.506586446515805,6,"Not significant"
"LPS+Nigericin / Nigericin","OSBPL8","Q9BZF1","Q9BZF1","OSBL8_HUMAN","Oxysterol-binding protein-related protein 8","Q9BZF1_T491_M1_19","HexNAc (ST)",-1.10451497900684,0.645210200840803,0.507648196580105,6,"Not significant"
"LPS+Nigericin / Nigericin","CAP1","Q01518","Q01518","CAP1_HUMAN","Adenylyl cyclase-associated protein 1","Q01518_S394_M1_19","HexNAc (ST)",1.11584573646317,0.645514135962514,0.508640084116342,6,"Not significant"
"LPS+Nigericin / Nigericin","TKT","P29401","P29401","TKT_HUMAN","Transketolase","P29401_S280_M1_19","HexNAc (ST)",0.470321159607871,0.646279354752174,0.51140363609827,4,"Not significant"
"LPS+Nigericin / Nigericin","PPIA","P62937","P62937","PPIA_HUMAN","Peptidyl-prolyl cis-trans isomerase A","P62937_T119_M2_19","HexNAc (ST)",-0.495003044317005,0.647267759309091,0.515022735779303,6,"Not significant"
"LPS+Nigericin / Nigericin","PPIA","P62937","P62937","PPIA_HUMAN","Peptidyl-prolyl cis-trans isomerase A","P62937_T116_M2_19","HexNAc (ST)",-0.495003044317005,0.647267759309091,0.515022735779303,6,"Not significant"
"LPS+Nigericin / Nigericin","CFL1","P23528","P23528","COF1_HUMAN","Cofilin-1","P23528_T129_M1_19","HexNAc (ST)",0.261586117483089,0.647487991811027,0.516010016209317,6,"Not significant"
"LPS+Nigericin / Nigericin","DPYSL2","Q16555","Q16555","DPYL2_HUMAN","Dihydropyrimidinase-related protein 2","Q16555_S421_M3_19","HexNAc (ST)",0.29057938463472,0.648453906852988,0.519369636290794,6,"Not significant"
"LPS+Nigericin / Nigericin","DPYSL2","Q16555","Q16555","DPYL2_HUMAN","Dihydropyrimidinase-related protein 2","Q16555_T419_M3_19","HexNAc (ST)",0.29057938463472,0.648453906852988,0.519369621300668,6,"Not significant"
"LPS+Nigericin / Nigericin","MYL6","P60660","P60660","MYL6_HUMAN","Myosin light polypeptide 6","P60660_T76_M1_19","HexNAc (ST)",-0.628362527658016,0.648712588012729,0.520365541820444,6,"Not significant"
"LPS+Nigericin / Nigericin","HPCAL1","P37235","P37235","HPCL1_HUMAN","Hippocalcin-like protein 1","P37235_S165_M2_19","HexNAc (ST)",-0.941847184570866,0.648881424017103,0.520926083277959,4,"Not significant"
"LPS+Nigericin / Nigericin","GPI","P06744","P06744","G6PI_HUMAN","Glucose-6-phosphate isomerase","P06744_S532_M1_19","HexNAc (ST)",-0.271169144858689,0.649739395015057,0.523862738601014,6,"Not significant"
"LPS+Nigericin / Nigericin","STK10","O94804","O94804","STK10_HUMAN","Serine/threonine-protein kinase 10","O94804_T58_M1_19","HexNAc (ST)",0.485033253452107,0.650287192456876,0.52551677936825,6,"Not significant"
"LPS+Nigericin / Nigericin","NCL","P19338","P19338","NUCL_HUMAN","Nucleolin","P19338_T305_M1_19","HexNAc (ST)",0.941476362572757,0.650342715952702,0.525705735982368,6,"Not significant"
"LPS+Nigericin / Nigericin","LMNA","P02545","P02545","LMNA_HUMAN","Prelamin-A/C","P02545_S143_M1_19","HexNAc (ST)",-0.497572812025763,0.651354419468853,0.528478022672523,6,"Not significant"
"LPS+Nigericin / Nigericin","PECAM1","P16284","P16284","PECA1_HUMAN","Platelet endothelial cell adhesion molecule","P16284_T533_M1_19","HexNAc (ST)",-0.235420778965494,0.651679838291678,0.529498535052211,6,"Not significant"
"LPS+Nigericin / Nigericin","CAP1","Q01518","Q01518","CAP1_HUMAN","Adenylyl cyclase-associated protein 1","Q01518_S338_M2_19","HexNAc (ST)",0.209418828962356,0.65194751268057,0.53022929731099,6,"Not significant"
"LPS+Nigericin / Nigericin","POFUT2","Q9Y2G5","Q9Y2G5","OFUT2_HUMAN","GDP-fucose protein O-fucosyltransferase 2","Q9Y2G5_S282_M1_19","HexNAc (ST)",-1.37321009034439,0.652145613303276,0.530710387641218,6,"Not significant"
"LPS+Nigericin / Nigericin","YWHAE","P62258","P62258","1433E_HUMAN","14-3-3 protein epsilon","P62258_S233_M1_19","HexNAc (ST)",2.69592984353875,0.652238181847066,0.531033649542611,4,"Not significant"
"LPS+Nigericin / Nigericin","EIF4A1","P60842","P60842","IF4A1_HUMAN","Eukaryotic initiation factor 4A-I","P60842_S342_M2_19","HexNAc (ST)",-0.388297582776977,0.652905706112695,0.532795741487903,5,"Not significant"
"LPS+Nigericin / Nigericin","CDC123","O75794","O75794","CD123_HUMAN","Cell division cycle protein 123 homolog","O75794_T315_M2_19","HexNAc (ST)",-0.281495817721384,0.65307785191402,0.533380890618936,6,"Not significant"
"LPS+Nigericin / Nigericin","HNRNPU","Q00839","Q00839","HNRPU_HUMAN","Heterogeneous nuclear ribonucleoprotein U","Q00839_T474_M1_19","HexNAc (ST)",1.00143595563295,0.653120246113738,0.5335408461466,6,"Not significant"
"LPS+Nigericin / Nigericin","TMSB4X","P62328","P62328","TYB4_HUMAN","Thymosin beta-4","P62328_S31_M2_19","HexNAc (ST)",0.208780700286431,0.653393348731708,0.534429264965229,6,"Not significant"
"LPS+Nigericin / Nigericin","TRIP12","Q14669","Q14669","TRIPC_HUMAN","E3 ubiquitin-protein ligase TRIP12","Q14669_T758_M1_19","HexNAc (ST)",0.398241977813119,0.65405463653603,0.536520725330231,6,"Not significant"
"LPS+Nigericin / Nigericin","HSPA1L","P34931","P34931","HS71L_HUMAN","Heat shock 70 kDa protein 1-like","P34931_S108_M1_19","HexNAc (ST)",-0.898814680249469,0.655708785120905,0.5415319976423,4,"Not significant"
"LPS+Nigericin / Nigericin","MAP4","P27816","P27816","MAP4_HUMAN","Microtubule-associated protein 4","P27816_T354_M1_19","HexNAc (ST)",-0.488858988800185,0.655828633857207,0.541834621466805,6,"Not significant"
"LPS+Nigericin / Nigericin","ELOB","Q15370","Q15370","ELOB_HUMAN","Elongin-B","Q15370_T56_M1_19","HexNAc (ST)",1.00755880015754,0.65679539592858,0.544716654706662,4,"Not significant"
"LPS+Nigericin / Nigericin","MATR3","P43243","P43243","MATR3_HUMAN","Matrin-3","P43243_S276_M2_19","HexNAc (ST)",0.409623029691079,0.657469014836388,0.546664540583963,6,"Not significant"
"LPS+Nigericin / Nigericin","MATR3","P43243","P43243","MATR3_HUMAN","Matrin-3","P43243_S275_M2_19","HexNAc (ST)",0.409623029691079,0.657469014836388,0.546664540583963,6,"Not significant"
"LPS+Nigericin / Nigericin","TUBA4A","Cont_P81948;P68366","Cont_P81948;P68366","TBA4A_BOVIN;TBA4A_HUMAN","Tubulin alpha-4A chain","Cont_P81948_T73_M1_19","HexNAc (ST)",-0.184554211513355,0.65786746525866,0.547837321333108,6,"Not significant"
"LPS+Nigericin / Nigericin","TUBA4A","Cont_P81948;P68366","Cont_P81948;P68366","TBA4A_BOVIN;TBA4A_HUMAN","Tubulin alpha-4A chain","P68366_T73_M1_19","HexNAc (ST)",-0.184554211513355,0.65786746525866,0.547837321333108,6,"Not significant"
"LPS+Nigericin / Nigericin","HLA-A","P04439","P04439","HLAA_HUMAN","HLA class I histocompatibility antigen, A alpha chain","P04439_S275_M1_19","HexNAc (ST)",-0.211574155130565,0.659098829186501,0.551628626606298,6,"Not significant"
"LPS+Nigericin / Nigericin","RAB5B","P61020","P61020","RAB5B_HUMAN","Ras-related protein Rab-5B","P61020_S184_M1_19","HexNAc (ST)",-0.931831060497652,0.659575571385564,0.553023321973698,6,"Not significant"
"LPS+Nigericin / Nigericin","MYH9","P35579","P35579","MYH9_HUMAN","Myosin-9","P35579_S1677_M1_19","HexNAc (ST)",0.730795250542507,0.659815221898507,0.553861464053586,6,"Not significant"
"LPS+Nigericin / Nigericin","PHB1","P35232","P35232","PHB1_HUMAN","Prohibitin 1","P35232_S218_M1_19","HexNAc (ST)",-0.332131554729356,0.660603922530571,0.556115975101384,5,"Not significant"
"LPS+Nigericin / Nigericin","CALR","P27797","P27797","CALR_HUMAN","Calreticulin","P27797_T173_M2_19","HexNAc (ST)",0.760511349914817,0.660829081712907,0.556711893630786,4,"Not significant"
"LPS+Nigericin / Nigericin","ITGB1","P05556","P05556","ITB1_HUMAN","Integrin beta-1","P05556_T112_M1_19","HexNAc (ST)",0.798227255651987,0.661236968054339,0.557990700186017,6,"Not significant"
"LPS+Nigericin / Nigericin","OAT","P04181","P04181","OAT_HUMAN","Ornithine aminotransferase, mitochondrial","P04181_T33_M3_19","HexNAc (ST)",0.899902052724719,0.662596065260084,0.561963545476826,6,"Not significant"
"LPS+Nigericin / Nigericin","TLN1","Q9Y490","Q9Y490","TLN1_HUMAN","Talin-1","Q9Y490_T2281_M2_19","HexNAc (ST)",0.270039913351179,0.665106686325448,0.569886642861465,6,"Not significant"
"LPS+Nigericin / Nigericin","TLN1","Q9Y490","Q9Y490","TLN1_HUMAN","Talin-1","Q9Y490_S2279_M2_19","HexNAc (ST)",0.270039913351179,0.665106686325448,0.569886642861465,6,"Not significant"
"LPS+Nigericin / Nigericin","ITGAV","P06756","P06756","ITAV_HUMAN","Integrin alpha-V","P06756_T586_M2_19","HexNAc (ST)",-0.32136593001576,0.667411520801881,0.576898608485173,6,"Not significant"
"LPS+Nigericin / Nigericin","ITGAV","P06756","P06756","ITAV_HUMAN","Integrin alpha-V","P06756_T583_M2_19","HexNAc (ST)",-0.32136593001576,0.667411520801881,0.576898608485173,6,"Not significant"
"LPS+Nigericin / Nigericin","PSPC1","Q8WXF1","Q8WXF1","PSPC1_HUMAN","Paraspeckle component 1","Q8WXF1_S499_M2_19","HexNAc (ST)",0.29373313782757,0.669430058489017,0.58332604296044,5,"Not significant"
"LPS+Nigericin / Nigericin","BCAS2","O75934","O75934","SPF27_HUMAN","Pre-mRNA-splicing factor SPF27","O75934_T4_M1_19","HexNAc (ST)",-0.295983740995086,0.670407336207705,0.58615305665973,6,"Not significant"
"LPS+Nigericin / Nigericin","TMSB10","P63313","P63313","TYB10_HUMAN","Thymosin beta-10","P63313_T28_M1_19","HexNAc (ST)",0.191638625344518,0.670957251264514,0.587786725714494,6,"Not significant"
"LPS+Nigericin / Nigericin","NPM1","P06748","P06748","NPM_HUMAN","Nucleophosmin","P06748_S10_M1_19","HexNAc (ST)",0.84214587402076,0.671062279583542,0.588078418111525,6,"Not significant"
"LPS+Nigericin / Nigericin","HMGB2","P26583","P26583","HMGB2_HUMAN","High mobility group protein B2","P26583_S58_M1_19","HexNAc (ST)",0.806613176839449,0.672708689666653,0.593289021478889,6,"Not significant"
"LPS+Nigericin / Nigericin","STX8","Q9UNK0","Q9UNK0","STX8_HUMAN","Syntaxin-8","Q9UNK0_S96_M1_19","HexNAc (ST)",0.664702033915001,0.673303410287317,0.595059469889817,6,"Not significant"
"LPS+Nigericin / Nigericin","SEC22B","O75396","O75396","SC22B_HUMAN","Vesicle-trafficking protein SEC22b","O75396_S137_M2_19","HexNAc (ST)",0.167273958977674,0.674044638259159,0.597419468705246,6,"Not significant"
"LPS+Nigericin / Nigericin","NHP2","Q9NX24","Q9NX24","NHP2_HUMAN","H/ACA ribonucleoprotein complex subunit 2","Q9NX24_S40_M1_19","HexNAc (ST)",0.20605367867873,0.674367522332568,0.598378919955613,5,"Not significant"
"LPS+Nigericin / Nigericin","TOP1","P11387","P11387","TOP1_HUMAN","DNA topoisomerase 1","P11387_T258_M1_19","HexNAc (ST)",0.824498955865331,0.675304093442998,0.60105405319252,6,"Not significant"
"LPS+Nigericin / Nigericin","MED17","Q9NVC6","Q9NVC6","MED17_HUMAN","Mediator of RNA polymerase II transcription subunit 17","Q9NVC6_S152_M1_19","HexNAc (ST)",-0.235263704229343,0.677892638406268,0.608417913422795,6,"Not significant"
"LPS+Nigericin / Nigericin","TMSB4X","P62328","P62328","TYB4_HUMAN","Thymosin beta-4","P62328_S31_M1_19","HexNAc (ST)",-0.451051939165511,0.678104540907896,0.609106430663865,6,"Not significant"
"LPS+Nigericin / Nigericin","LYSMD2","Q8IV50","Q8IV50","LYSM2_HUMAN","LysM and putative peptidoglycan-binding domain-containing protein 2","Q8IV50_T80_M1_19","HexNAc (ST)",-0.482279309344823,0.678952569530909,0.611890504705773,6,"Not significant"
"LPS+Nigericin / Nigericin","LONP1","P36776","P36776","LONM_HUMAN","Lon protease homolog, mitochondrial","P36776_T582_M1_19","HexNAc (ST)",-0.196215529857741,0.681055473448049,0.618242666083358,6,"Not significant"
"LPS+Nigericin / Nigericin","ADA","P00813","P00813","ADA_HUMAN","Adenosine deaminase","P00813_T212_M1_19","HexNAc (ST)",0.371359744243973,0.682336029432478,0.622030818411504,6,"Not significant"
"LPS+Nigericin / Nigericin","ETFA","P13804","P13804","ETFA_HUMAN","Electron transfer flavoprotein subunit alpha, mitochondrial","P13804_S133_M1_19","HexNAc (ST)",0.74864115259208,0.683345564034266,0.625044366532424,6,"Not significant"
"LPS+Nigericin / Nigericin","SERPINB8","P50452","P50452","SPB8_HUMAN","Serpin B8","P50452_S276_M1_19","HexNAc (ST)",0.766557979443863,0.684524862366616,0.628529720054209,6,"Not significant"
"LPS+Nigericin / Nigericin","NUP107","P57740","P57740","NU107_HUMAN","Nuclear pore complex protein Nup107","P57740_T636_M1_19","HexNAc (ST)",0.856818200478904,0.685052863185545,0.630138477311095,4,"Not significant"
"LPS+Nigericin / Nigericin","HSPA2","P54652","P54652","HSP72_HUMAN","Heat shock-related 70 kDa protein 2","P54652_T465_M1_19","HexNAc (ST)",0.364294065519211,0.685563495164567,0.631771900072218,6,"Not significant"
"LPS+Nigericin / Nigericin","PPP3R1","P63098","P63098","CANB1_HUMAN","Calcineurin subunit B type 1","P63098_S45_M1_19","HexNAc (ST)",0.3555467530202,0.685656152897236,0.632041812891783,5,"Not significant"
"LPS+Nigericin / Nigericin","MSN","P26038","P26038","MOES_HUMAN","Moesin","P26038_S440_M1_19","HexNAc (ST)",0.683821834727897,0.686992348533418,0.636539903301178,6,"Not significant"
"LPS+Nigericin / Nigericin","AK1","P00568","P00568","KAD1_HUMAN","Adenylate kinase isoenzyme 1","P00568_T126_M2_19","HexNAc (ST)",0.406911193917322,0.686994575354094,0.636546094642308,6,"Not significant"
"LPS+Nigericin / Nigericin","AK1","P00568","P00568","KAD1_HUMAN","Adenylate kinase isoenzyme 1","P00568_T124_M2_19","HexNAc (ST)",0.406911193917322,0.686994575354094,0.636546094642308,6,"Not significant"
"LPS+Nigericin / Nigericin","HIVEP3","Q5T1R4","Q5T1R4","ZEP3_HUMAN","Transcription factor HIVEP3","Q5T1R4_T1401_M1_19","HexNAc (ST)",-0.327042904451347,0.687190699565956,0.637081150188741,6,"Not significant"
"LPS+Nigericin / Nigericin","PSMC3","P17980","P17980","PRS6A_HUMAN","26S proteasome regulatory subunit 6A","P17980_S281_M1_19","HexNAc (ST)",0.318357465968267,0.687735214023838,0.638977643108409,5,"Not significant"
"LPS+Nigericin / Nigericin","SNRPA1","P09661","P09661","RU2A_HUMAN","U2 small nuclear ribonucleoprotein A'","P09661_T16_M2_19","HexNAc (ST)",0.398403540094392,0.688083716645715,0.640176196968099,6,"Not significant"
"LPS+Nigericin / Nigericin","SNRPA1","P09661","P09661","RU2A_HUMAN","U2 small nuclear ribonucleoprotein A'","P09661_T5_M2_19","HexNAc (ST)",0.398403540094392,0.688083716645715,0.640176196968099,6,"Not significant"
"LPS+Nigericin / Nigericin","P4HB","P07237","P07237","PDIA1_HUMAN","Protein disulfide-isomerase","P07237_T221_M1_19","HexNAc (ST)",-0.416934293712872,0.688205144637078,0.640532889027766,6,"Not significant"
"LPS+Nigericin / Nigericin","DNTTIP1","Q9H147","Q9H147","TDIF1_HUMAN","Deoxynucleotidyltransferase terminal-interacting protein 1","Q9H147_S217_M1_19","HexNAc (ST)",-0.401092936255065,0.688440915844272,0.641299186697166,6,"Not significant"
"LPS+Nigericin / Nigericin","CCT8","P50990","P50990","TCPQ_HUMAN","T-complex protein 1 subunit theta","P50990_T71_M1_19","HexNAc (ST)",-0.162688560558785,0.688562452811365,0.641698760050124,6,"Not significant"
"LPS+Nigericin / Nigericin","GAA","P10253","P10253","LYAG_HUMAN","Lysosomal alpha-glucosidase","P10253_T700_M2_19","HexNAc (ST)",-0.284437517912097,0.689231869752671,0.643915596953139,5,"Not significant"
"LPS+Nigericin / Nigericin","HSPA5","P11021","P11021","BIP_HUMAN","Endoplasmic reticulum chaperone BiP","P11021_T366_M2_19","HexNAc (ST)",-0.622617013701469,0.689683704860379,0.645367741006986,6,"Not significant"
"LPS+Nigericin / Nigericin","PRKCSH","P14314","P14314","GLU2B_HUMAN","Glucosidase 2 subunit beta","P14314_S168_M1_19","HexNAc (ST)",0.117477087289886,0.690440703938622,0.64757622482494,6,"Not significant"
"LPS+Nigericin / Nigericin","NCF2","P19878","P19878","NCF2_HUMAN","Neutrophil cytosol factor 2","P19878_T233_M1_19","HexNAc (ST)",0.515944105110412,0.693170858481994,0.655685726341919,6,"Not significant"
"LPS+Nigericin / Nigericin","AHNAK","Q09666","Q09666","AHNK_HUMAN","Neuroblast differentiation-associated protein AHNAK","Q09666_S2580_M1_19","HexNAc (ST)",0.180091301294569,0.693432299670078,0.656438803059526,6,"Not significant"
"LPS+Nigericin / Nigericin","AHNAK","Q09666","Q09666","AHNK_HUMAN","Neuroblast differentiation-associated protein AHNAK","Q09666_S4002_M1_19","HexNAc (ST)",0.180091301294569,0.693432299670078,0.656438803059526,6,"Not significant"
"LPS+Nigericin / Nigericin","AHNAK","Q09666","Q09666","AHNK_HUMAN","Neuroblast differentiation-associated protein AHNAK","Q09666_S4258_M1_19","HexNAc (ST)",0.180091301294569,0.693432299670078,0.656438803059526,6,"Not significant"
"LPS+Nigericin / Nigericin","AHNAK","Q09666","Q09666","AHNK_HUMAN","Neuroblast differentiation-associated protein AHNAK","Q09666_S4460_M1_19","HexNAc (ST)",0.180091301294569,0.693432299670078,0.656438803059526,6,"Not significant"
"LPS+Nigericin / Nigericin","RNH1","P13489","P13489","RINI_HUMAN","Ribonuclease inhibitor","P13489_S84_M2_19","HexNAc (ST)",0.380511846728776,0.694331234332924,0.659157683323804,6,"Not significant"
"LPS+Nigericin / Nigericin","RNH1","P13489","P13489","RINI_HUMAN","Ribonuclease inhibitor","P13489_T82_M2_19","HexNAc (ST)",0.380511846728776,0.694331234332924,0.659157683323804,6,"Not significant"
"LPS+Nigericin / Nigericin","HMGB1","P09429","P09429","HMGB1_HUMAN","High mobility group protein B1","P09429_S121_M1_19","HexNAc (ST)",0.462653788172829,0.694652875154488,0.660029058261089,6,"Not significant"
"LPS+Nigericin / Nigericin","CHTOP","Q9Y3Y2","Q9Y3Y2","CHTOP_HUMAN","Chromatin target of PRMT1 protein","Q9Y3Y2_T212_M1_19","HexNAc (ST)",0.127132677288315,0.694837123967215,0.660699881939712,5,"Not significant"
"LPS+Nigericin / Nigericin","MACROH2A1","O75367","O75367","H2AY_HUMAN","Core histone macro-H2A.1","O75367_S16_M1_19","HexNAc (ST)",-0.0721203450382255,0.695120743960096,0.661614785557354,6,"Not significant"
"LPS+Nigericin / Nigericin","SRRT","Q9BXP5","Q9BXP5","SRRT_HUMAN","Serrate RNA effector molecule homolog","Q9BXP5_S284_M1_19","HexNAc (ST)",0.936878205168973,0.695229289305598,0.662081501962884,6,"Not significant"
"LPS+Nigericin / Nigericin","GLO1","Q04760","Q04760","LGUL_HUMAN","Lactoylglutathione lyase","Q04760_S137_M1_19","HexNAc (ST)",0.230910901264279,0.697116300368003,0.668589553653778,6,"Not significant"
"LPS+Nigericin / Nigericin","P4HB","P07237","P07237","PDIA1_HUMAN","Protein disulfide-isomerase","P07237_T101_M1_19","HexNAc (ST)",1.21232526074462,0.697250983231312,0.669093262068792,4,"Not significant"
"LPS+Nigericin / Nigericin","H2AC11;H2AC12;H2AC14","P0C0S8;Q96KK5;Q99878","P0C0S8;Q96KK5;Q99878","H2A1_HUMAN;H2A1H_HUMAN;H2A1J_HUMAN","Histone H2A type 1;Histone H2A type 1-H;Histone H2A type 1-J","P0C0S8_T60_M1_19","HexNAc (ST)",-0.17318058615087,0.697484058266042,0.669704282156036,6,"Not significant"
"LPS+Nigericin / Nigericin","H2AC11;H2AC12;H2AC14","P0C0S8;Q96KK5;Q99878","P0C0S8;Q96KK5;Q99878","H2A1_HUMAN;H2A1H_HUMAN;H2A1J_HUMAN","Histone H2A type 1;Histone H2A type 1-H;Histone H2A type 1-J","Q96KK5_T60_M1_19","HexNAc (ST)",-0.17318058615087,0.697484058266042,0.669704282156036,6,"Not significant"
"LPS+Nigericin / Nigericin","H2AC11;H2AC12;H2AC14","P0C0S8;Q96KK5;Q99878","P0C0S8;Q96KK5;Q99878","H2A1_HUMAN;H2A1H_HUMAN;H2A1J_HUMAN","Histone H2A type 1;Histone H2A type 1-H;Histone H2A type 1-J","Q99878_T60_M1_19","HexNAc (ST)",-0.17318058615087,0.697484058266042,0.669704282156036,6,"Not significant"
"LPS+Nigericin / Nigericin","RAB2A","P61019","P61019","RAB2A_HUMAN","Ras-related protein Rab-2A","P61019_S67_M1_19","HexNAc (ST)",-0.14270244596029,0.697962360485068,0.671411267786333,6,"Not significant"
"LPS+Nigericin / Nigericin","HNRNPU","Q00839","Q00839","HNRPU_HUMAN","Heterogeneous nuclear ribonucleoprotein U","Q00839_S746_M1_19","HexNAc (ST)",-0.112283694591069,0.6982375982665,0.67228654745817,6,"Not significant"
"LPS+Nigericin / Nigericin","AHNAK","Q09666","Q09666","AHNK_HUMAN","Neuroblast differentiation-associated protein AHNAK","Q09666_S4130_M1_19","HexNAc (ST)",-0.215332004863897,0.698469892113705,0.672917333837237,6,"Not significant"
"LPS+Nigericin / Nigericin","AHNAK","Q09666","Q09666","AHNK_HUMAN","Neuroblast differentiation-associated protein AHNAK","Q09666_S4594_M1_19","HexNAc (ST)",-0.215332004863897,0.698469892113705,0.672917333837237,6,"Not significant"
"LPS+Nigericin / Nigericin","MACROH2A1","O75367","O75367","H2AY_HUMAN","Core histone macro-H2A.1","O75367_S260_M1_19","HexNAc (ST)",-0.186784050361772,0.70002755179151,0.678055876270032,6,"Not significant"
"LPS+Nigericin / Nigericin","CA2","P00918","P00918","CAH2_HUMAN","Carbonic anhydrase 2","P00918_S56_M2_19","HexNAc (ST)",0.283326944787293,0.700740763281126,0.680287525015692,5,"Not significant"
"LPS+Nigericin / Nigericin","CA2","P00918","P00918","CAH2_HUMAN","Carbonic anhydrase 2","P00918_T55_M2_19","HexNAc (ST)",0.283326944787293,0.700740763281126,0.680287525015692,5,"Not significant"
"LPS+Nigericin / Nigericin","ERP44","Q9BS26","Q9BS26","ERP44_HUMAN","Endoplasmic reticulum resident protein 44","Q9BS26_S353_M1_19","HexNAc (ST)",0.0766007426577256,0.701654216565342,0.683422584521649,6,"Not significant"
"LPS+Nigericin / Nigericin","NUP54","Q7Z3B4","Q7Z3B4","NUP54_HUMAN","Nucleoporin p54","Q7Z3B4_S319_M1_19","HexNAc (ST)",-0.15516382354916,0.701713770680778,0.68357462595217,6,"Not significant"
"LPS+Nigericin / Nigericin","AHNAK","Q09666","Q09666","AHNK_HUMAN","Neuroblast differentiation-associated protein AHNAK","Q09666_T490_M1_19","HexNAc (ST)",0.173095062239914,0.701843783718671,0.684006085185043,6,"Not significant"
"LPS+Nigericin / Nigericin","PPT1","P50897","P50897","PPT1_HUMAN","Palmitoyl-protein thioesterase 1","P50897_S199_M1_19","HexNAc (ST)",0.367486042541179,0.702240176693163,0.685119154595747,6,"Not significant"
"LPS+Nigericin / Nigericin","VAMP2","P63027","P63027","VAMP2_HUMAN","Vesicle-associated membrane protein 2","P63027_T35_M1_19","HexNAc (ST)",0.665450197115497,0.70327134886273,0.688796815858462,6,"Not significant"
"LPS+Nigericin / Nigericin","HSPA8","P11142","P11142","HSP7C_HUMAN","Heat shock cognate 71 kDa protein","P11142_T125_M1_19","HexNAc (ST)",0.262190315682983,0.70367617894925,0.69002753553278,4,"Not significant"
"LPS+Nigericin / Nigericin","AHNAK","Q09666","Q09666","AHNK_HUMAN","Neuroblast differentiation-associated protein AHNAK","Q09666_S3182_M1_19","HexNAc (ST)",0.213861468137762,0.704894028452787,0.693780709508876,6,"Not significant"
"LPS+Nigericin / Nigericin","AHNAK","Q09666","Q09666","AHNK_HUMAN","Neuroblast differentiation-associated protein AHNAK","Q09666_S3964_M1_19","HexNAc (ST)",0.213861468137762,0.704894028452787,0.693780709508876,6,"Not significant"
"LPS+Nigericin / Nigericin","SP140L","Q9H930","Q9H930","SP14L_HUMAN","Nuclear body protein SP140-like protein","Q9H930_T71_M1_19","HexNAc (ST)",0.259278524440827,0.705607802250203,0.696191551309493,6,"Not significant"
"LPS+Nigericin / Nigericin","HSPA5","P11021","P11021","BIP_HUMAN","Endoplasmic reticulum chaperone BiP","P11021_T184_M1_19","HexNAc (ST)",-0.0766453068603536,0.705865898850803,0.697002937590983,6,"Not significant"
"LPS+Nigericin / Nigericin","FUBP3","Q96I24","Q96I24","FUBP3_HUMAN","Far upstream element-binding protein 3","Q96I24_T192_M1_19","HexNAc (ST)",0.228639524120502,0.707472010050957,0.701801779892708,6,"Not significant"
"LPS+Nigericin / Nigericin","GOLGA2","Q08379","Q08379","GOGA2_HUMAN","Golgin subfamily A member 2","Q08379_S953_M2_19","HexNAc (ST)",-0.32800279402008,0.707724254397452,0.702697426662595,5,"Not significant"
"LPS+Nigericin / Nigericin","GDI2","P50395","P50395","GDIB_HUMAN","Rab GDP dissociation inhibitor beta","P50395_T185_M1_19","HexNAc (ST)",-0.433517751454678,0.708036879659023,0.703657858677275,6,"Not significant"
"LPS+Nigericin / Nigericin","PNN","Q9H307","Q9H307","PININ_HUMAN","Pinin","Q9H307_T204_M1_19","HexNAc (ST)",0.624589791916861,0.70810340270668,0.703867441185472,6,"Not significant"
"LPS+Nigericin / Nigericin","MAN2B1","O00754","O00754","MA2B1_HUMAN","Lysosomal alpha-mannosidase","O00754_S932_M1_19","HexNAc (ST)",0.167298709843278,0.70864423505626,0.705799441208334,4,"Not significant"
"LPS+Nigericin / Nigericin","AHNAK","Q09666","Q09666","AHNK_HUMAN","Neuroblast differentiation-associated protein AHNAK","Q09666_S1414_M1_19","HexNAc (ST)",0.593397877541633,0.708741882606512,0.706216089765029,6,"Not significant"
"LPS+Nigericin / Nigericin","ALDOA","P04075","P04075","ALDOA_HUMAN","Fructose-bisphosphate aldolase A","P04075_S160_M1_19","HexNAc (ST)",-0.132551417440598,0.709562548741056,0.708901928725659,6,"Not significant"
"LPS+Nigericin / Nigericin","HNRNPH1","P31943","P31943","HNRH1_HUMAN","Heterogeneous nuclear ribonucleoprotein H","P31943_T5_M1_19","HexNAc (ST)",0.295991868389545,0.70991993035627,0.710172543644961,6,"Not significant"
"LPS+Nigericin / Nigericin","KPNA1","P52294","P52294","IMA5_HUMAN","Importin subunit alpha-5","P52294_S353_M2_19","HexNAc (ST)",0.233216801627972,0.71000941756857,0.710439435928638,4,"Not significant"
"LPS+Nigericin / Nigericin","RTN4","Q9NQC3","Q9NQC3","RTN4_HUMAN","Reticulon-4","Q9NQC3_T70_M2_19","HexNAc (ST)",-0.246897417864723,0.710012722827802,0.710455624255436,6,"Not significant"
"LPS+Nigericin / Nigericin","IDH3G","P51553","P51553","IDH3G_HUMAN","Isocitrate dehydrogenase [NAD] subunit gamma, mitochondrial","P51553_S75_M1_19","HexNAc (ST)",-0.134291779713913,0.711071105103357,0.71386864958421,6,"Not significant"
"LPS+Nigericin / Nigericin","HSPA5","P11021","P11021","BIP_HUMAN","Endoplasmic reticulum chaperone BiP","P11021_T648_M2_19","HexNAc (ST)",0.367067761882601,0.711371293261824,0.714924800183999,4,"Not significant"
"LPS+Nigericin / Nigericin","M6PR","P20645","P20645","MPRD_HUMAN","Cation-dependent mannose-6-phosphate receptor","P20645_S42_M1_19","HexNAc (ST)",0.552424349651988,0.712675842384911,0.719349195140926,6,"Not significant"
"LPS+Nigericin / Nigericin","PDIA3","P30101","P30101","PDIA3_HUMAN","Protein disulfide-isomerase A3","P30101_T319_M2_19","HexNAc (ST)",0.738948270031813,0.712997395470067,0.720407575061938,5,"Not significant"
"LPS+Nigericin / Nigericin","SEC16A","O15027","O15027","SC16A_HUMAN","Protein transport protein Sec16A","O15027_S331_M1_19","HexNAc (ST)",0.441791710226594,0.713215645565524,0.721143363626799,6,"Not significant"
"LPS+Nigericin / Nigericin","PSMC4","P43686","P43686","PRS6B_HUMAN","26S proteasome regulatory subunit 6B","P43686_S129_M1_19","HexNAc (ST)",0.115468541544647,0.713459925669038,0.721999707652968,6,"Not significant"
"LPS+Nigericin / Nigericin","RHOT1","Q8IXI2","Q8IXI2","MIRO1_HUMAN","Mitochondrial Rho GTPase 1","Q8IXI2_S109_M1_19","HexNAc (ST)",0.0572136782609605,0.713515798763162,0.72222295029421,6,"Not significant"
"LPS+Nigericin / Nigericin","PDIA6","Q15084","Q15084","PDIA6_HUMAN","Protein disulfide-isomerase A6","Q15084_S230_M1_19","HexNAc (ST)",0.154692423694939,0.713889840323972,0.72339683991023,4,"Not significant"
"LPS+Nigericin / Nigericin","PTCD1","O75127","O75127","PTCD1_HUMAN","Pentatricopeptide repeat-containing protein 1, mitochondrial","O75127_T576_M1_19","HexNAc (ST)",-0.207595490672231,0.714913233913334,0.726661470042152,6,"Not significant"
"LPS+Nigericin / Nigericin","ACAT2","Q9BWD1","Q9BWD1","THIC_HUMAN","Acetyl-CoA acetyltransferase, cytosolic","Q9BWD1_T209_M1_19","HexNAc (ST)",-0.177947347182271,0.715608156899831,0.729131809371712,5,"Not significant"
"LPS+Nigericin / Nigericin","PGAM1","P18669","P18669","PGAM1_HUMAN","Phosphoglycerate mutase 1","P18669_T159_M1_19","HexNAc (ST)",-0.310533095899065,0.716561680138216,0.73228237169617,6,"Not significant"
"LPS+Nigericin / Nigericin","RUVBL2","Q9Y230","Q9Y230","RUVB2_HUMAN","RuvB-like 2","Q9Y230_T194_M1_19","HexNAc (ST)",-0.1335959176623,0.717458685276154,0.735032708572769,6,"Not significant"
"LPS+Nigericin / Nigericin","S100A9","P06702","P06702","S10A9_HUMAN","Protein S100-A9","P06702_T31_M1_19","HexNAc (ST)",-0.203383278562047,0.717573688487034,0.735439488525996,6,"Not significant"
"LPS+Nigericin / Nigericin","PRPF8","Q6P2Q9","Q6P2Q9","PRP8_HUMAN","Pre-mRNA-processing-splicing factor 8","Q6P2Q9_T1841_M1_19","HexNAc (ST)",-0.257544173206108,0.717607244000267,0.735587732535773,6,"Not significant"
"LPS+Nigericin / Nigericin","TCIRG1","Q13488","Q13488","VPP3_HUMAN","V-type proton ATPase 116 kDa subunit a 3","Q13488_T66_M1_19","HexNAc (ST)",0.58388625859409,0.719073072537255,0.740414974932447,4,"Not significant"
"LPS+Nigericin / Nigericin","PTRH2","Q9Y3E5","Q9Y3E5","PTH2_HUMAN","Peptidyl-tRNA hydrolase 2, mitochondrial","Q9Y3E5_T125_M1_19","HexNAc (ST)",0.629798863843018,0.719483546662947,0.741810126453558,6,"Not significant"
"LPS+Nigericin / Nigericin","RNASET2","O00584","O00584","RNT2_HUMAN","Ribonuclease T2","O00584_S103_M1_19","HexNAc (ST)",0.314327697928644,0.720727705923579,0.745618174282072,6,"Not significant"
"LPS+Nigericin / Nigericin","TMSB4X","P62328","P62328","TYB4_HUMAN","Thymosin beta-4","P62328_S2_M1_19","HexNAc (ST)",0.327000226923695,0.721498251376173,0.748359845648533,6,"Not significant"
"LPS+Nigericin / Nigericin","CLTC","Q00610","Q00610","CLH1_HUMAN","Clathrin heavy chain 1","Q00610_S460_M1_19","HexNAc (ST)",0.417526752438487,0.72220340530821,0.750892214366649,6,"Not significant"
"LPS+Nigericin / Nigericin","ATP6V1E1","P36543","P36543","VATE1_HUMAN","V-type proton ATPase subunit E 1","P36543_S198_M1_19","HexNAc (ST)",-0.136768968280571,0.722585348841267,0.75227249546721,4,"Not significant"
"LPS+Nigericin / Nigericin","RHOC","P08134","P08134","RHOC_HUMAN","Rho-related GTP-binding protein RhoC","P08134_T100_M1_19","HexNAc (ST)",-0.106660522239722,0.72341349119878,0.755158855521417,6,"Not significant"
"LPS+Nigericin / Nigericin","TRIP11","Q15643","Q15643","TRIPB_HUMAN","Thyroid receptor-interacting protein 11","Q15643_T1655_M1_19","HexNAc (ST)",0.171218814189727,0.723485569039872,0.755432946211035,6,"Not significant"
"LPS+Nigericin / Nigericin","UFL1","O94874","O94874","UFL1_HUMAN","E3 UFM1-protein ligase 1","O94874_S103_M1_19","HexNAc (ST)",-0.0715706290728875,0.723586482841633,0.755876577124145,6,"Not significant"
"LPS+Nigericin / Nigericin","BSG","P35613","P35613","BASI_HUMAN","Basigin","P35613_T212_M1_19","HexNAc (ST)",0.423298548473266,0.724496468782718,0.758929215868182,6,"Not significant"
"LPS+Nigericin / Nigericin","HSPA1A;HSPA1B","P0DMV8;P0DMV9","P0DMV8;P0DMV9","HS71A_HUMAN;HS71B_HUMAN","Heat shock 70 kDa protein 1A;Heat shock 70 kDa protein 1B","P0DMV8_S537_M1_19","HexNAc (ST)",0.211452270514043,0.724776759457542,0.759863734397712,6,"Not significant"
"LPS+Nigericin / Nigericin","HSPA1A;HSPA1B","P0DMV8;P0DMV9","P0DMV8;P0DMV9","HS71A_HUMAN;HS71B_HUMAN","Heat shock 70 kDa protein 1A;Heat shock 70 kDa protein 1B","P0DMV9_S537_M1_19","HexNAc (ST)",0.211452270514043,0.724776759457542,0.759863734397712,6,"Not significant"
"LPS+Nigericin / Nigericin","ENO2","P09104","P09104","ENOG_HUMAN","Gamma-enolase","P09104_S221_M1_19","HexNAc (ST)",0.241983475705146,0.725632071364318,0.762943493516963,6,"Not significant"
"LPS+Nigericin / Nigericin","AHNAK","Q09666","Q09666","AHNK_HUMAN","Neuroblast differentiation-associated protein AHNAK","Q09666_S758_M1_19","HexNAc (ST)",0.199648880393851,0.726377052338794,0.765435405949052,6,"Not significant"
"LPS+Nigericin / Nigericin","PSAP","P07602","P07602","SAP_HUMAN","Prosaposin","P07602_T334_M1_19","HexNAc (ST)",0.319182836904391,0.726705738920332,0.766766213004268,6,"Not significant"
"LPS+Nigericin / Nigericin","LRRFIP1","Q32MZ4","Q32MZ4","LRRF1_HUMAN","Leucine-rich repeat flightless-interacting protein 1","Q32MZ4_T587_M2_19","HexNAc (ST)",0.681288591147842,0.727193084902287,0.768155359483755,5,"Not significant"
"LPS+Nigericin / Nigericin","AHNAK","Q09666","Q09666","AHNK_HUMAN","Neuroblast differentiation-associated protein AHNAK","Q09666_S2205_M1_19","HexNAc (ST)",0.168576373248535,0.727370780380003,0.768825361491019,6,"Not significant"
"LPS+Nigericin / Nigericin","MYL6","P60660","P60660","MYL6_HUMAN","Myosin light polypeptide 6","P60660_T85_M1_19","HexNAc (ST)",-0.171474142529005,0.727787138195276,0.770403388679478,6,"Not significant"
"LPS+Nigericin / Nigericin","ALDOC","P09972","P09972","ALDOC_HUMAN","Fructose-bisphosphate aldolase C","P09972_S160_M2_19","HexNAc (ST)",-0.106527932167638,0.728044253504779,0.771377751049906,6,"Not significant"
"LPS+Nigericin / Nigericin","ALDOC","P09972","P09972","ALDOC_HUMAN","Fructose-bisphosphate aldolase C","P09972_T158_M2_19","HexNAc (ST)",-0.106527932167638,0.728044253504779,0.771377751049906,6,"Not significant"
"LPS+Nigericin / Nigericin","PDIA3","P30101","P30101","PDIA3_HUMAN","Protein disulfide-isomerase A3","P30101_T248_M1_19","HexNAc (ST)",-0.214164211655287,0.728581258330962,0.773226656068021,6,"Not significant"
"LPS+Nigericin / Nigericin","ATP6V1E1","P36543","P36543","VATE1_HUMAN","V-type proton ATPase subunit E 1","P36543_S73_M1_19","HexNAc (ST)",-0.160027099473229,0.728777365796802,0.774030855025856,6,"Not significant"
"LPS+Nigericin / Nigericin","PFN1","P07737","P07737","PROF1_HUMAN","Profilin-1","P07737_S85_M2_19","HexNAc (ST)",-0.70971914837935,0.728923053293429,0.774468647170125,4,"Not significant"
"LPS+Nigericin / Nigericin","ARHGAP31","Q2M1Z3","Q2M1Z3","RHG31_HUMAN","Rho GTPase-activating protein 31","Q2M1Z3_S1178_M1_19","HexNAc (ST)",0.196190998662381,0.729037413842982,0.77483832929052,4,"Not significant"
"LPS+Nigericin / Nigericin","SOD1","P00441","P00441","SODC_HUMAN","Superoxide dismutase [Cu-Zn]","P00441_T3_M1_19","HexNAc (ST)",-0.17595925908466,0.730875820591209,0.781345404976201,6,"Not significant"
"LPS+Nigericin / Nigericin","CCDC9","Q9Y3X0","Q9Y3X0","CCDC9_HUMAN","Coiled-coil domain-containing protein 9","Q9Y3X0_S70_M1_19","HexNAc (ST)",0.118145285646529,0.732085385677342,0.785830414798456,6,"Not significant"
"LPS+Nigericin / Nigericin","ATP1A1","P05023","P05023","AT1A1_HUMAN","Sodium/potassium-transporting ATPase subunit alpha-1","P05023_S675_M2_19","HexNAc (ST)",0.164828152196187,0.732821331647129,0.788734326710318,5,"Not significant"
"LPS+Nigericin / Nigericin","AHNAK","Q09666","Q09666","AHNK_HUMAN","Neuroblast differentiation-associated protein AHNAK","Q09666_S5214_M1_19","HexNAc (ST)",0.420146191814261,0.733212483822573,0.790281128652674,6,"Not significant"
"LPS+Nigericin / Nigericin","SFPQ","P23246","P23246","SFPQ_HUMAN","Splicing factor, proline- and glutamine-rich","P23246_S521_M1_19","HexNAc (ST)",0.290759119611977,0.733565372582764,0.791420191757642,6,"Not significant"
"LPS+Nigericin / Nigericin","RUNX2","Q13950","Q13950","RUNX2_HUMAN","Runt-related transcription factor 2","Q13950_T135_M1_19","HexNAc (ST)",0.12833664482899,0.733691904116309,0.791863820866533,6,"Not significant"
"LPS+Nigericin / Nigericin","AHNAK","Q09666","Q09666","AHNK_HUMAN","Neuroblast differentiation-associated protein AHNAK","Q09666_T4766_M1_19","HexNAc (ST)",0.195215903757301,0.733784609987926,0.792165073363344,6,"Not significant"
"LPS+Nigericin / Nigericin","RAB8A","P61006","P61006","RAB8A_HUMAN","Ras-related protein Rab-8A","P61006_S111_M1_19","HexNAc (ST)",-0.108152471246806,0.733836781574945,0.792334766816293,6,"Not significant"
"LPS+Nigericin / Nigericin","AHNAK","Q09666","Q09666","AHNK_HUMAN","Neuroblast differentiation-associated protein AHNAK","Q09666_T4564_M1_19","HexNAc (ST)",0.157590322592905,0.735380248728072,0.797590218025155,6,"Not significant"
"LPS+Nigericin / Nigericin","NDUFB9","Q9Y6M9","Q9Y6M9","NDUB9_HUMAN","NADH dehydrogenase [ubiquinone] 1 beta subcomplex subunit 9","Q9Y6M9_T11_M2_19","HexNAc (ST)",-0.258441138229447,0.735848497517787,0.799371246739185,6,"Not significant"
"LPS+Nigericin / Nigericin","NDUFB9","Q9Y6M9","Q9Y6M9","NDUB9_HUMAN","NADH dehydrogenase [ubiquinone] 1 beta subcomplex subunit 9","Q9Y6M9_S6_M2_19","HexNAc (ST)",-0.258441138229447,0.735848497517787,0.799371246739185,6,"Not significant"
"LPS+Nigericin / Nigericin","AHNAK","Q09666","Q09666","AHNK_HUMAN","Neuroblast differentiation-associated protein AHNAK","Q09666_S2333_M1_19","HexNAc (ST)",-0.353384056471887,0.735993016494583,0.79981633595033,6,"Not significant"
"LPS+Nigericin / Nigericin","VCP","P55072","P55072","TERA_HUMAN","Transitional endoplasmic reticulum ATPase","P55072_T623_M1_19","HexNAc (ST)",0.565400605764327,0.736266368222967,0.800637237639784,6,"Not significant"
"LPS+Nigericin / Nigericin","VDAC3","Q9Y277","Q9Y277","VDAC3_HUMAN","Voltage-dependent anion-selective channel protein 3","Q9Y277_T72_M1_19","HexNAc (ST)",-0.558806620976515,0.73703385957328,0.803284514022032,6,"Not significant"
"LPS+Nigericin / Nigericin","HSPA8","P11142","P11142","HSP7C_HUMAN","Heat shock cognate 71 kDa protein","P11142_T462_M1_19","HexNAc (ST)",0.218942357956072,0.738373404118041,0.808435266706848,6,"Not significant"
"LPS+Nigericin / Nigericin","HSPA9","P38646","P38646","GRP75_HUMAN","Stress-70 protein, mitochondrial","P38646_T504_M1_19","HexNAc (ST)",-0.0862938403120199,0.738815653590982,0.809950902641297,6,"Not significant"
"LPS+Nigericin / Nigericin","LYRM7","Q5U5X0","Q5U5X0","LYRM7_HUMAN","Complex III assembly factor LYRM7","Q5U5X0_T101_M1_19","HexNAc (ST)",-0.0688903199795779,0.739168208925516,0.811140239399957,6,"Not significant"
"LPS+Nigericin / Nigericin","VAPA","Q9P0L0","Q9P0L0","VAPA_HUMAN","Vesicle-associated membrane protein-associated protein A","Q9P0L0_T35_M1_19","HexNAc (ST)",0.291345829539419,0.739902870768074,0.813795627995924,6,"Not significant"
"LPS+Nigericin / Nigericin","IPMK","Q8NFU5","Q8NFU5","IPMK_HUMAN","Inositol polyphosphate multikinase","Q8NFU5_S229_M1_19","HexNAc (ST)",-0.0991072514962472,0.740473108242353,0.816035122436213,6,"Not significant"
"LPS+Nigericin / Nigericin","AHNAK","Q09666","Q09666","AHNK_HUMAN","Neuroblast differentiation-associated protein AHNAK","Q09666_S4789_M2_19","HexNAc (ST)",-0.112604257056663,0.740673723071557,0.816766607393892,4,"Not significant"
"LPS+Nigericin / Nigericin","ATP5PD","O75947","O75947","ATP5H_HUMAN","ATP synthase subunit d, mitochondrial","O75947_T10_M1_19","HexNAc (ST)",-0.49904827896786,0.742348953563021,0.822891686627117,6,"Not significant"
"LPS+Nigericin / Nigericin","EEF1G","P26641","P26641","EF1G_HUMAN","Elongation factor 1-gamma","P26641_T411_M2_19","HexNAc (ST)",-0.518346659950976,0.743154311674306,0.825767128975758,5,"Not significant"
"LPS+Nigericin / Nigericin","ACTR2","P61160","P61160","ARP2_HUMAN","Actin-related protein 2","P61160_T245_M1_19","HexNAc (ST)",-0.521470934948178,0.743805053053331,0.828299298100522,4,"Not significant"
"LPS+Nigericin / Nigericin","AHNAK","Q09666","Q09666","AHNK_HUMAN","Neuroblast differentiation-associated protein AHNAK","Q09666_S2926_M1_19","HexNAc (ST)",-0.479905339259644,0.744080569950392,0.82942975262501,6,"Not significant"
"LPS+Nigericin / Nigericin","LCP1","P13796","P13796","PLSL_HUMAN","Plastin-2","P13796_S323_M1_19","HexNAc (ST)",-0.15464183983666,0.744181595658039,0.829819320343889,6,"Not significant"
"LPS+Nigericin / Nigericin","ALDOC","P09972","P09972","ALDOC_HUMAN","Fructose-bisphosphate aldolase C","P09972_T97_M1_19","HexNAc (ST)",-0.174242691994398,0.74496878923778,0.832708249522003,6,"Not significant"
"LPS+Nigericin / Nigericin","HSPA8","P11142","P11142","HSP7C_HUMAN","Heat shock cognate 71 kDa protein","P11142_S85_M1_19","HexNAc (ST)",-0.217167283077937,0.745740453735016,0.835770388781881,6,"Not significant"
"LPS+Nigericin / Nigericin","P4HB","P07237","P07237","PDIA1_HUMAN","Protein disulfide-isomerase","P07237_T117_M1_19","HexNAc (ST)",0.039670883992323,0.746092519442449,0.837465905884686,6,"Not significant"
"LPS+Nigericin / Nigericin","PSMB1","P20618","P20618","PSB1_HUMAN","Proteasome subunit beta type-1","P20618_S237_M1_19","HexNAc (ST)",0.0754613874304032,0.74626682889643,0.838092472178118,6,"Not significant"
"LPS+Nigericin / Nigericin","RENBP","P51606","P51606","RENBP_HUMAN","N-acylglucosamine 2-epimerase","P51606_S230_M1_19","HexNAc (ST)",-0.434077424352424,0.746290503764691,0.838191970816772,6,"Not significant"
"LPS+Nigericin / Nigericin","AHNAK","Q09666","Q09666","AHNK_HUMAN","Neuroblast differentiation-associated protein AHNAK","Q09666_S2542_M1_19","HexNAc (ST)",0.0881605901154515,0.747756094804022,0.84345605356712,6,"Not significant"
"LPS+Nigericin / Nigericin","HSPE1","P61604","P61604","CH10_HUMAN","10 kDa heat shock protein, mitochondrial","P61604_T79_M1_19","HexNAc (ST)",0.233069787459442,0.747955148095856,0.84435198377294,6,"Not significant"
"LPS+Nigericin / Nigericin","CAPG","P40121","P40121","CAPG_HUMAN","Macrophage-capping protein","P40121_T212_M1_19","HexNAc (ST)",-0.181361432614447,0.748296381038556,0.845586776643685,6,"Not significant"
"LPS+Nigericin / Nigericin","HSPA5","P11021","P11021","BIP_HUMAN","Endoplasmic reticulum chaperone BiP","P11021_S571_M1_19","HexNAc (ST)",-0.131575162576206,0.748460286190168,0.846251542177034,6,"Not significant"
"LPS+Nigericin / Nigericin","AHNAK","Q09666","Q09666","AHNK_HUMAN","Neuroblast differentiation-associated protein AHNAK","Q09666_S886_M1_19","HexNAc (ST)",-0.111999163230462,0.748637553600474,0.846907756642745,6,"Not significant"
"LPS+Nigericin / Nigericin","AHNAK","Q09666","Q09666","AHNK_HUMAN","Neuroblast differentiation-associated protein AHNAK","Q09666_S1721_M1_19","HexNAc (ST)",-0.111999163230462,0.748637553600474,0.846907756642745,6,"Not significant"
"LPS+Nigericin / Nigericin","AHNAK","Q09666","Q09666","AHNK_HUMAN","Neuroblast differentiation-associated protein AHNAK","Q09666_S2057_M1_19","HexNAc (ST)",-0.111999163230462,0.748637553600474,0.846907756642745,6,"Not significant"
"LPS+Nigericin / Nigericin","AHNAK","Q09666","Q09666","AHNK_HUMAN","Neuroblast differentiation-associated protein AHNAK","Q09666_S2519_M1_19","HexNAc (ST)",-0.111999163230462,0.748637553600474,0.846907756642745,6,"Not significant"
"LPS+Nigericin / Nigericin","AHNAK","Q09666","Q09666","AHNK_HUMAN","Neuroblast differentiation-associated protein AHNAK","Q09666_S2903_M1_19","HexNAc (ST)",-0.111999163230462,0.748637553600474,0.846907756642745,6,"Not significant"
"LPS+Nigericin / Nigericin","FLG2","Cont_Q5D862;Q5D862","Cont_Q5D862;Q5D862","FILA2_HUMAN","Filaggrin-2","Cont_Q5D862_S7_M2_19","HexNAc (ST)",0.336163709018944,0.749200902503476,0.848991519001828,5,"Not significant"
"LPS+Nigericin / Nigericin","FLG2","Cont_Q5D862;Q5D862","Cont_Q5D862;Q5D862","FILA2_HUMAN","Filaggrin-2","Q5D862_S7_M2_19","HexNAc (ST)",0.336163709018944,0.749200902503476,0.848991519001828,5,"Not significant"
"LPS+Nigericin / Nigericin","ACTR3","P61158","P61158","ARP3_HUMAN","Actin-related protein 3","P61158_T369_M1_19","HexNAc (ST)",0.144328491304629,0.750316751063442,0.853202306091496,6,"Not significant"
"LPS+Nigericin / Nigericin","ATP5F1B","P06576","P06576","ATPB_HUMAN","ATP synthase subunit beta, mitochondrial","P06576_S253_M1_19","HexNAc (ST)",-0.406088139217049,0.750537162299749,0.854049775789874,6,"Not significant"
"LPS+Nigericin / Nigericin","PRSS1","Cont_P00760","Cont_P00760","TRY1_BOVIN","Serine protease 1","Cont_P00760_S121_M1_19","HexNAc (ST)",-0.0719146759633344,0.75122477553628,0.856499820221411,4,"Not significant"
"LPS+Nigericin / Nigericin","CAP1","Q01518","Q01518","CAP1_HUMAN","Adenylyl cyclase-associated protein 1","Q01518_T345_M1_19","HexNAc (ST)",-0.0696140538186482,0.751439776838374,0.857456514268264,4,"Not significant"
"LPS+Nigericin / Nigericin","EIF4A1","P60842","P60842","IF4A1_HUMAN","Eukaryotic initiation factor 4A-I","P60842_T377_M1_19","HexNAc (ST)",0.0908967142502234,0.752449726910376,0.861393547200792,6,"Not significant"
"LPS+Nigericin / Nigericin","ILK","Q13418","Q13418","ILK_HUMAN","Integrin-linked protein kinase","Q13418_S47_M1_19","HexNAc (ST)",-0.0530595083476641,0.752620367270384,0.862135285457166,6,"Not significant"
"LPS+Nigericin / Nigericin","SIAE","Q9HAT2","Q9HAT2","SIAE_HUMAN","Sialate O-acetylesterase","Q9HAT2_T403_M1_19","HexNAc (ST)",-0.0603533028283717,0.752942703749746,0.863485870849236,6,"Not significant"
"LPS+Nigericin / Nigericin","AHNAK","Q09666","Q09666","AHNK_HUMAN","Neuroblast differentiation-associated protein AHNAK","Q09666_T1192_M2_19","HexNAc (ST)",0.322296763452764,0.753214818303808,0.864586498946363,5,"Not significant"
"LPS+Nigericin / Nigericin","AHNAK","Q09666","Q09666","AHNK_HUMAN","Neuroblast differentiation-associated protein AHNAK","Q09666_T1986_M2_19","HexNAc (ST)",0.322296763452764,0.753214818303808,0.864586498946363,5,"Not significant"
"LPS+Nigericin / Nigericin","HSPA8","P11142","P11142","HSP7C_HUMAN","Heat shock cognate 71 kDa protein","P11142_T586_M1_19","HexNAc (ST)",-0.184128457030082,0.75351826428248,0.86582461952977,6,"Not significant"
"LPS+Nigericin / Nigericin","ACTN1","P12814","P12814","ACTN1_HUMAN","Alpha-actinin-1","P12814_T50_M1_19","HexNAc (ST)",0.132188100194521,0.753908193509077,0.867254635184134,6,"Not significant"
"LPS+Nigericin / Nigericin","CLIC1","O00299","O00299","CLIC1_HUMAN","Chloride intracellular channel protein 1","O00299_T198_M1_19","HexNAc (ST)",0.10227083522016,0.754040079866361,0.867789713618424,6,"Not significant"
"LPS+Nigericin / Nigericin","RAB4A","P20338","P20338","RAB4A_HUMAN","Ras-related protein Rab-4A","P20338_T69_M1_19","HexNAc (ST)",-0.0457544209456639,0.754066288051551,0.867892746034596,6,"Not significant"
"LPS+Nigericin / Nigericin","NUP62","P37198","P37198","NUP62_HUMAN","Nuclear pore glycoprotein p62","P37198_T433_M1_19","HexNAc (ST)",0.09708107253846,0.754163014317988,0.868207205094777,6,"Not significant"
"LPS+Nigericin / Nigericin","RBMX","P38159","P38159","RBMX_HUMAN","RNA-binding motif protein, X chromosome","P38159_S58_M2_19","HexNAc (ST)",0.165739801500826,0.755124094200825,0.87200447665884,6,"Not significant"
"LPS+Nigericin / Nigericin","RBMX","P38159","P38159","RBMX_HUMAN","RNA-binding motif protein, X chromosome","P38159_T55_M2_19","HexNAc (ST)",0.165739801500826,0.755124094200825,0.87200447665884,6,"Not significant"
"LPS+Nigericin / Nigericin","RPLP2","P05387","P05387","RLA2_HUMAN","Large ribosomal subunit protein P2","P05387_S44_M1_19","HexNAc (ST)",-0.0426671208328359,0.755849100490051,0.874930213099735,6,"Not significant"
"LPS+Nigericin / Nigericin","TPM4","P67936","P67936","TPM4_HUMAN","Tropomyosin alpha-4 chain","P67936_S87_M1_19","HexNAc (ST)",0.0509967877195294,0.755994715998494,0.875554285494069,5,"Not significant"
"LPS+Nigericin / Nigericin","HSPA9","P38646","P38646","GRP75_HUMAN","Stress-70 protein, mitochondrial","P38646_T224_M2_19","HexNAc (ST)",-0.198375161579831,0.757150455478831,0.879672364419155,6,"Not significant"
"LPS+Nigericin / Nigericin","HSPA9","P38646","P38646","GRP75_HUMAN","Stress-70 protein, mitochondrial","P38646_S212_M2_19","HexNAc (ST)",-0.198375161579831,0.757150455478831,0.879672364419155,6,"Not significant"
"LPS+Nigericin / Nigericin","ANP32A","P39687","P39687","AN32A_HUMAN","Acidic leucine-rich nuclear phosphoprotein 32 family member A","P39687_S117_M1_19","HexNAc (ST)",0.129955215968443,0.757292470924131,0.880290496132789,5,"Not significant"
"LPS+Nigericin / Nigericin","HSPD1","P10809","P10809","CH60_HUMAN","60 kDa heat shock protein, mitochondrial","P10809_T206_M2_19","HexNAc (ST)",0.306145149470479,0.757837707091385,0.882357981195067,6,"Not significant"
"LPS+Nigericin / Nigericin","HSPD1","P10809","P10809","CH60_HUMAN","60 kDa heat shock protein, mitochondrial","P10809_T200_M2_19","HexNAc (ST)",0.306145149470479,0.757837707091385,0.882357981195067,6,"Not significant"
"LPS+Nigericin / Nigericin","RGPD2","P0DJD1","P0DJD1","RGPD2_HUMAN","RANBP2-like and GRIP domain-containing protein 2","P0DJD1_S1067_M1_19","HexNAc (ST)",0.055562222671291,0.757959956460393,0.882866883505056,6,"Not significant"
"LPS+Nigericin / Nigericin","SLC25A5","P05141","P05141","ADT2_HUMAN","ADP/ATP translocase 2","P05141_S22_M2_19","HexNAc (ST)",0.242452035967483,0.758656056797977,0.885359875471219,5,"Not significant"
"LPS+Nigericin / Nigericin","HNRNPA3","P51991","P51991","ROA3_HUMAN","Heterogeneous nuclear ribonucleoprotein A3","P51991_T137_M1_19","HexNAc (ST)",0.0524669136795039,0.759331632742238,0.888096952429306,6,"Not significant"
"LPS+Nigericin / Nigericin","CLTC","Q00610","Q00610","CLH1_HUMAN","Clathrin heavy chain 1","Q00610_T339_M1_19","HexNAc (ST)",-0.277044372633977,0.760145108143761,0.891421417344254,6,"Not significant"
"LPS+Nigericin / Nigericin","GAA","P10253","P10253","LYAG_HUMAN","Lysosomal alpha-glucosidase","P10253_S688_M2_19","HexNAc (ST)",-0.0754019459149074,0.760735869549823,0.894063955392287,6,"Not significant"
"LPS+Nigericin / Nigericin","HSPA5","P11021","P11021","BIP_HUMAN","Endoplasmic reticulum chaperone BiP","P11021_T203_M2_19","HexNAc (ST)",0.0434797570719644,0.761020449777117,0.895385830448071,6,"Not significant"
"LPS+Nigericin / Nigericin","HSPA5","P11021","P11021","BIP_HUMAN","Endoplasmic reticulum chaperone BiP","P11021_T189_M2_19","HexNAc (ST)",0.0434797570719644,0.761020449777117,0.895385830448071,6,"Not significant"
"LPS+Nigericin / Nigericin","AHNAK","Q09666","Q09666","AHNK_HUMAN","Neuroblast differentiation-associated protein AHNAK","Q09666_S3159_M1_19","HexNAc (ST)",0.0622265070034081,0.762707791528232,0.902155649825565,6,"Not significant"
"LPS+Nigericin / Nigericin","AHNAK","Q09666","Q09666","AHNK_HUMAN","Neuroblast differentiation-associated protein AHNAK","Q09666_S3941_M1_19","HexNAc (ST)",0.0622265070034081,0.762707791528232,0.902155649825565,6,"Not significant"
"LPS+Nigericin / Nigericin","TOMM22","Q9NS69","Q9NS69","TOM22_HUMAN","Mitochondrial import receptor subunit TOM22 homolog","Q9NS69_S128_M2_19","HexNAc (ST)",-0.0601683233315495,0.763016354958696,0.90334193423299,5,"Not significant"
"LPS+Nigericin / Nigericin","MAGT1","Q9H0U3","Q9H0U3","MAGT1_HUMAN","Magnesium transporter protein 1","Q9H0U3_S38_M2_19","HexNAc (ST)",0.0642706638159656,0.763022548656834,0.903417843439378,5,"Not significant"
"LPS+Nigericin / Nigericin","MDN1","Q9NU22","Q9NU22","MDN1_HUMAN","Midasin","Q9NU22_S2818_M1_19","HexNAc (ST)",-0.113564571951703,0.763679833101317,0.906206332562601,6,"Not significant"
"LPS+Nigericin / Nigericin","MIX23","Q4VC31","Q4VC31","MIX23_HUMAN","Protein MIX23","Q4VC31_S114_M1_19","HexNAc (ST)",-0.141424942940915,0.764040128275932,0.90747558202117,6,"Not significant"
"LPS+Nigericin / Nigericin","KRT14","Cont_P02533;P02533","Cont_P02533;P02533","K1C14_HUMAN","Keratin, type I cytoskeletal 14;Keratin, type I cytoskeletal 14","Cont_P02533_T310_M2_19","HexNAc (ST)",-0.150486404631862,0.765764901852558,0.914377481876712,6,"Not significant"
"LPS+Nigericin / Nigericin","KRT14","Cont_P02533;P02533","Cont_P02533;P02533","K1C14_HUMAN","Keratin, type I cytoskeletal 14;Keratin, type I cytoskeletal 14","Cont_P02533_T308_M2_19","HexNAc (ST)",-0.150486404631862,0.765764901852558,0.914377481876712,6,"Not significant"
"LPS+Nigericin / Nigericin","KRT14","Cont_P02533;P02533","Cont_P02533;P02533","K1C14_HUMAN","Keratin, type I cytoskeletal 14;Keratin, type I cytoskeletal 14","P02533_T310_M2_19","HexNAc (ST)",-0.150486404631862,0.765764901852558,0.914377481876712,6,"Not significant"
"LPS+Nigericin / Nigericin","KRT14","Cont_P02533;P02533","Cont_P02533;P02533","K1C14_HUMAN","Keratin, type I cytoskeletal 14;Keratin, type I cytoskeletal 14","P02533_T308_M2_19","HexNAc (ST)",-0.150486404631862,0.765764901852558,0.914377481876712,6,"Not significant"
"LPS+Nigericin / Nigericin","NT5DC2","Q9H857","Q9H857","NT5D2_HUMAN","5'-nucleotidase domain-containing protein 2","Q9H857_T305_M1_19","HexNAc (ST)",-0.0352791192205877,0.765856215003301,0.914717295835328,5,"Not significant"
"LPS+Nigericin / Nigericin","ACTB","Cont_P60712;P60709","Cont_P60712;P60709","ACTB_BOVIN;ACTB_HUMAN","Actin, cytoplasmic 1;Actin, cytoplasmic 1","Cont_P60712_T106_M1_19","HexNAc (ST)",-0.0842968258479901,0.766682568416989,0.918242643054493,6,"Not significant"
"LPS+Nigericin / Nigericin","ACTB","Cont_P60712;P60709","Cont_P60712;P60709","ACTB_BOVIN;ACTB_HUMAN","Actin, cytoplasmic 1;Actin, cytoplasmic 1","P60709_T106_M1_19","HexNAc (ST)",-0.0842968258479901,0.766682568416989,0.918242643054493,6,"Not significant"
"LPS+Nigericin / Nigericin","UQCRC1","P31930","P31930","QCR1_HUMAN","Cytochrome b-c1 complex subunit 1, mitochondrial","P31930_S446_M1_19","HexNAc (ST)",0.169658144034501,0.76773887032573,0.922295209434023,6,"Not significant"
"LPS+Nigericin / Nigericin","HBB","Cont_P02070","Cont_P02070","HBB_BOVIN","Hemoglobin subunit beta","Cont_P02070_T11_M1_19","HexNAc (ST)",0.203863088568762,0.767944216944749,0.923308060158056,6,"Not significant"
"LPS+Nigericin / Nigericin","NUCB2","P80303","P80303","NUCB2_HUMAN","Nucleobindin-2","P80303_S124_M1_19","HexNAc (ST)",-0.0770420588826165,0.768495139256038,0.925677967757086,6,"Not significant"
"LPS+Nigericin / Nigericin","OSTF1","Q92882","Q92882","OSTF1_HUMAN","Osteoclast-stimulating factor 1","Q92882_S187_M1_19","HexNAc (ST)",-0.170916802584504,0.770423119241889,0.933923853023241,6,"Not significant"
"LPS+Nigericin / Nigericin","ENO1","P06733","P06733","ENOA_HUMAN","Alpha-enolase","P06733_T229_M1_19","HexNAc (ST)",-0.141684886334858,0.770631434928215,0.934845484759129,5,"Not significant"
"LPS+Nigericin / Nigericin","GPX1","P07203","P07203","GPX1_HUMAN","Glutathione peroxidase 1","P07203_S34_M2_19","HexNAc (ST)",-0.0305868272825152,0.770754411834446,0.935357269968655,5,"Not significant"
"LPS+Nigericin / Nigericin","HAX1","O00165","O00165","HAX1_HUMAN","HCLS1-associated protein X-1","O00165_S2_M1_19","HexNAc (ST)",0.0238546642505629,0.771250908182488,0.937659196548115,6,"Not significant"
"LPS+Nigericin / Nigericin","H1-5","P16401","P16401","H15_HUMAN","Histone H1.5","P16401_S61_M1_19","HexNAc (ST)",-0.0236960097951047,0.771755547888056,0.939845685947737,6,"Not significant"
"LPS+Nigericin / Nigericin","TUBB4B","P68371","P68371","TBB4B_HUMAN","Tubulin beta-4B chain","P68371_S172_M1_19","HexNAc (ST)",0.0542077784816662,0.77186883646181,0.940236788989023,6,"Not significant"
"LPS+Nigericin / Nigericin","P4HA1","P13674","P13674","P4HA1_HUMAN","Prolyl 4-hydroxylase subunit alpha-1","P13674_S345_M1_19","HexNAc (ST)",-0.117447870760909,0.772055534230827,0.940982668661978,6,"Not significant"
"LPS+Nigericin / Nigericin","GRPEL1","Q9HAV7","Q9HAV7","GRPE1_HUMAN","GrpE protein homolog 1, mitochondrial","Q9HAV7_T147_M2_19","HexNAc (ST)",-0.0386629426849678,0.772375024457119,0.942218723227624,6,"Not significant"
"LPS+Nigericin / Nigericin","IQGAP1","P46940","P46940","IQGA1_HUMAN","Ras GTPase-activating-like protein IQGAP1","P46940_T857_M1_19","HexNAc (ST)",0.0327526112389959,0.773299299519251,0.946132212833484,6,"Not significant"
"LPS+Nigericin / Nigericin","HSPA1A;HSPA1B","P0DMV8;P0DMV9","P0DMV8;P0DMV9","HS71A_HUMAN;HS71B_HUMAN","Heat shock 70 kDa protein 1A;Heat shock 70 kDa protein 1B","P0DMV8_S307_M1_19","HexNAc (ST)",0.051793906864141,0.775022221648742,0.953605315643599,6,"Not significant"
"LPS+Nigericin / Nigericin","HSPA1A;HSPA1B","P0DMV8;P0DMV9","P0DMV8;P0DMV9","HS71A_HUMAN;HS71B_HUMAN","Heat shock 70 kDa protein 1A;Heat shock 70 kDa protein 1B","P0DMV9_S307_M1_19","HexNAc (ST)",0.051793906864141,0.775022221648742,0.953605315643599,6,"Not significant"
"LPS+Nigericin / Nigericin","P4HB","P07237","P07237","PDIA1_HUMAN","Protein disulfide-isomerase","P07237_T413_M1_19","HexNAc (ST)",0.0191545562125438,0.77583505756841,0.956932578447324,6,"Not significant"
"LPS+Nigericin / Nigericin","DSTN","P60981","P60981","DEST_HUMAN","Destrin","P60981_T65_M2_19","HexNAc (ST)",-0.0213069877407118,0.775876788885172,0.957227880812851,6,"Not significant"
"LPS+Nigericin / Nigericin","DSTN","P60981","P60981","DEST_HUMAN","Destrin","P60981_T63_M2_19","HexNAc (ST)",-0.0213069877407118,0.775876788885172,0.957227880812851,6,"Not significant"
"LPS+Nigericin / Nigericin","NDUFAF2","Q8N183","Q8N183","NDUF2_HUMAN","NADH dehydrogenase [ubiquinone] 1 alpha subcomplex assembly factor 2","Q8N183_S102_M1_19","HexNAc (ST)",-0.0534589234454772,0.7765146877936,0.960103934374407,6,"Not significant"
"LPS+Nigericin / Nigericin","MX2","P20592","P20592","MX2_HUMAN","Interferon-induced GTP-binding protein Mx2","P20592_T366_M1_19","HexNAc (ST)",-0.0882436713244339,0.776629021874513,0.960735685122614,6,"Not significant"
"LPS+Nigericin / Nigericin","SSB","P05455","P05455","LA_HUMAN","Lupus La protein","P05455_T302_M1_19","HexNAc (ST)",-0.0535326171441787,0.776725473203408,0.961214817966932,6,"Not significant"
"LPS+Nigericin / Nigericin","ACAT2","Q9BWD1","Q9BWD1","THIC_HUMAN","Acetyl-CoA acetyltransferase, cytosolic","Q9BWD1_T209_M2_19","HexNAc (ST)",0.0384130798829738,0.776920715555742,0.962214540568675,4,"Not significant"
"LPS+Nigericin / Nigericin","LMNB1","P20700","P20700","LMNB1_HUMAN","Lamin-B1","P20700_T188_M1_19","HexNAc (ST)",0.0127933583181884,0.777102916072508,0.963008908884346,6,"Not significant"
"LPS+Nigericin / Nigericin","PTRH1","Q86Y79","Q86Y79","PTH_HUMAN","Peptidyl-tRNA hydrolase","Q86Y79_S181_M1_19","HexNAc (ST)",0.0770571635794628,0.777487607858703,0.964393365349249,6,"Not significant"
"LPS+Nigericin / Nigericin","PRSS1","P07477","P07477","TRY1_HUMAN","Serine protease 1","P07477_T103_M1_19","HexNAc (ST)",-0.0127840187906497,0.778023960104032,0.966468814961265,6,"Not significant"
"LPS+Nigericin / Nigericin","HSPD1","P10809","P10809","CH60_HUMAN","60 kDa heat shock protein, mitochondrial","P10809_T54_M1_19","HexNAc (ST)",0.0298954402794728,0.778269872386866,0.967609734414146,6,"Not significant"
"LPS+Nigericin / Nigericin","PARK7","Q99497","Q99497","PARK7_HUMAN","Parkinson disease protein 7","Q99497_S142_M1_19","HexNAc (ST)",0.0618389243775799,0.778683203465362,0.969374187712333,4,"Not significant"
"LPS+Nigericin / Nigericin","CAPZA1","P52907","P52907","CAZA1_HUMAN","F-actin-capping protein subunit alpha-1","P52907_S95_M1_19","HexNAc (ST)",-0.0156231895549718,0.778914040148883,0.970523595327214,6,"Not significant"
"LPS+Nigericin / Nigericin","ARHGAP45","Q92619","Q92619","HMHA1_HUMAN","Rho GTPase-activating protein 45","Q92619_T742_M1_19","HexNAc (ST)",-0.0284896018095273,0.780608283021084,0.977917582272739,6,"Not significant"
"LPS+Nigericin / Nigericin","SCP2","P22307","P22307","SCP2_HUMAN","Sterol carrier protein 2","P22307_T473_M1_19","HexNAc (ST)",0.00504407469585647,0.781304411753158,0.980819690502192,6,"Not significant"
"LPS+Nigericin / Nigericin","ACOX3","O15254","O15254","ACOX3_HUMAN","Peroxisomal acyl-coenzyme A oxidase 3","O15254_T235_M1_19","HexNAc (ST)",-0.0133352055466657,0.781853515814072,0.983107361458787,6,"Not significant"
"LPS+Nigericin / Nigericin","CANX","P27824","P27824","CALX_HUMAN","Calnexin","P27824_S392_M1_19","HexNAc (ST)",0.00444385936232438,0.782717185305816,0.986804111672511,6,"Not significant"
"LPS+Nigericin / Nigericin","AHNAK","Q09666","Q09666","AHNK_HUMAN","Neuroblast differentiation-associated protein AHNAK","Q09666_S2775_M1_19","HexNAc (ST)",0.00815671760299881,0.782838280480113,0.98736885396864,6,"Not significant"
"LPS+Nigericin / Nigericin","HSPA5","P11021","P11021","BIP_HUMAN","Endoplasmic reticulum chaperone BiP","P11021_T137_M1_19","HexNAc (ST)",-0.011527360804684,0.782843986511825,0.987415890991647,6,"Not significant"
"LPS+Nigericin / Nigericin","RPL8","P62917","P62917","RL8_HUMAN","Large ribosomal subunit protein uL2","P62917_T111_M1_19","HexNAc (ST)",-0.0115609079409438,0.783272190780208,0.989188653558541,6,"Not significant"
"LPS+Nigericin / Nigericin","CCT3","P49368","P49368","TCPG_HUMAN","T-complex protein 1 subunit gamma","P49368_T430_M2_19","HexNAc (ST)",-0.00447197967836651,0.783435146628577,0.990011938156707,6,"Not significant"
"LPS+Nigericin / Nigericin","CCT3","P49368","P49368","TCPG_HUMAN","T-complex protein 1 subunit gamma","P49368_S426_M2_19","HexNAc (ST)",-0.00447197967836651,0.783435146628577,0.990011938156707,6,"Not significant"
"LPS+Nigericin / Nigericin","NF2","P35240","P35240","MERL_HUMAN","Merlin","P35240_S444_M1_19","HexNAc (ST)",-0.00248367952809981,0.784261582562012,0.993828619459055,6,"Not significant"
"LPS+Nigericin / Nigericin","MYO18A","Q92614","Q92614","MY18A_HUMAN","Unconventional myosin-XVIIIa","Q92614_T1661_M1_19","HexNAc (ST)",0.0114635025686706,0.78426680169297,0.993907321221045,6,"Not significant"
"LPS+Nigericin / Nigericin","CPD","O75976","O75976","CBPD_HUMAN","Carboxypeptidase D","O75976_S628_M1_19","HexNAc (ST)",-0.00578511031858213,0.78427638528224,0.994006272193021,5,"Not significant"
"LPS+Nigericin / Nigericin","GAPDH","P04406","P04406","G3P_HUMAN","Glyceraldehyde-3-phosphate dehydrogenase","P04406_T211_M2_19","HexNAc (ST)",0.00295068735692715,0.784692985367969,0.996025339430668,6,"Not significant"
"LPS+Nigericin / Nigericin","GAPDH","P04406","P04406","G3P_HUMAN","Glyceraldehyde-3-phosphate dehydrogenase","P04406_S210_M2_19","HexNAc (ST)",0.00295068735692715,0.784692985367969,0.996025339430668,6,"Not significant"
"LPS+Nigericin / Nigericin","GSN","P06396","P06396","GELS_HUMAN","Gelsolin","P06396_S537_M1_19","HexNAc (ST)",-0.00116556882761602,0.785010404368326,0.99752196871318,6,"Not significant"
"LPS+Nigericin / Nigericin","TRIP10","Q15642","Q15642","CIP4_HUMAN","Cdc42-interacting protein 4","Q15642_S265_M1_19","HexNAc (ST)",3.2914576334687e-05,0.785523542669332,0.999940233817257,6,"Not significant"
