"Comparison (group1/group2)","Genes","UniProtIds","ProteinGroups","ProteinNames","ProteinDescriptions","Group","PTM.ModificationTitle","AVG Log2 Ratio","Qvalue","Pvalue","# of Ratios","Significance"
"Unstim / LPS","CD22","P20273","P20273","CD22_HUMAN","B-cell receptor CD22","P20273_T291_M1_19","HexNAc (ST)",2.07159064009513,0.357608781558419,0.000724054317766596,5,"Not significant"
"Unstim / LPS","XRCC5","P13010","P13010","XRCC5_HUMAN","X-ray repair cross-complementing protein 5","P13010_T293_M1_19","HexNAc (ST)",2.92864524228674,0.424836415925893,0.00432474435729249,5,"Not significant"
"Unstim / LPS","CMC2","Q9NRP2","Q9NRP2","COXM2_HUMAN","COX assembly mitochondrial protein 2 homolog","Q9NRP2_S6_M2_19","HexNAc (ST)",4.39688182476731,0.424836415925893,0.00420517084916636,4,"Not significant"
"Unstim / LPS","PNN","Q9H307","Q9H307","PININ_HUMAN","Pinin","Q9H307_T204_M1_19","HexNAc (ST)",-8.94538668528065,0.446526298834045,0.00795508651008045,6,"Not significant"
"Unstim / LPS","SCP2","P22307","P22307","SCP2_HUMAN","Sterol carrier protein 2","P22307_T473_M1_19","HexNAc (ST)",0.761482131902641,0.45872526782402,0.0118759332967954,6,"Not significant"
"Unstim / LPS","RPL31","P62899","P62899","RL31_HUMAN","Large ribosomal subunit protein eL31","P62899_T26_M1_19","HexNAc (ST)",-1.11786376667031,0.496915188551958,0.0283707962288378,6,"Not significant"
"Unstim / LPS","MYH9","P35579","P35579","MYH9_HUMAN","Myosin-9","P35579_S1677_M1_19","HexNAc (ST)",-2.90324336430031,0.506472643060527,0.0336838685094513,6,"Not significant"
"Unstim / LPS","RPL8","P62917","P62917","RL8_HUMAN","Large ribosomal subunit protein uL2","P62917_T111_M1_19","HexNAc (ST)",3.80245779650544,0.510681463307381,0.0370182685020203,6,"Not significant"
"Unstim / LPS","LMNB1","P20700","P20700","LMNB1_HUMAN","Lamin-B1","P20700_T188_M1_19","HexNAc (ST)",0.401372176245391,0.516404234469053,0.0417351627098725,6,"Not significant"
"Unstim / LPS","PRPF8","Q6P2Q9","Q6P2Q9","PRP8_HUMAN","Pre-mRNA-processing-splicing factor 8","Q6P2Q9_T1841_M1_19","HexNAc (ST)",1.05676193803313,0.519422132349426,0.043998170162143,6,"Not significant"
"Unstim / LPS","IPMK","Q8NFU5","Q8NFU5","IPMK_HUMAN","Inositol polyphosphate multikinase","Q8NFU5_S229_M1_19","HexNAc (ST)",0.534490734040366,0.52671039042448,0.0498467427537535,6,"Not significant"
"Unstim / LPS","FUBP3","Q96I24","Q96I24","FUBP3_HUMAN","Far upstream element-binding protein 3","Q96I24_T79_M2_19","HexNAc (ST)",0.482920556905021,0.527893471613924,0.0507755750203146,6,"Not significant"
"Unstim / LPS","FUBP3","Q96I24","Q96I24","FUBP3_HUMAN","Far upstream element-binding protein 3","Q96I24_T76_M2_19","HexNAc (ST)",0.482920556905021,0.527893471613924,0.0507755750203146,6,"Not significant"
"Unstim / LPS","PSPC1","Q8WXF1","Q8WXF1","PSPC1_HUMAN","Paraspeckle component 1","Q8WXF1_S499_M2_19","HexNAc (ST)",-0.721898916934662,0.527910297665089,0.0508584379585044,5,"Not significant"
"Unstim / LPS","PSPC1","Q8WXF1","Q8WXF1","PSPC1_HUMAN","Paraspeckle component 1","Q8WXF1_S493_M2_19","HexNAc (ST)",-0.721898916934662,0.527910297665089,0.0508583686945164,5,"Not significant"
"Unstim / LPS","VDAC1","P21796","P21796","VDAC1_HUMAN","Voltage-dependent anion-selective channel protein 1","P21796_T250_M2_19","HexNAc (ST)",-0.316630371111525,0.529600274328878,0.0522491437448478,6,"Not significant"
"Unstim / LPS","CBLB","Q13191","Q13191","CBLB_HUMAN","E3 ubiquitin-protein ligase CBL-B","Q13191_T174_M1_19","HexNAc (ST)",0.915329389154678,0.529758765674618,0.0525361100882194,6,"Not significant"
"Unstim / LPS","MAP3K7","O43318","O43318","M3K7_HUMAN","Mitogen-activated protein kinase kinase kinase 7","O43318_T538_M1_19","HexNAc (ST)",6.96308400879335,0.530730034000939,0.0535066315934013,6,"Not significant"
"Unstim / LPS","IRGQ","Q8WZA9","Q8WZA9","IRGQ_HUMAN","Immunity-related GTPase family Q protein","Q8WZA9_S21_M1_19","HexNAc (ST)",7.55353473128689,0.531547971545142,0.0545369267941743,4,"Not significant"
"Unstim / LPS","PTRH2","Q9Y3E5","Q9Y3E5","PTH2_HUMAN","Peptidyl-tRNA hydrolase 2, mitochondrial","Q9Y3E5_T125_M1_19","HexNAc (ST)",-0.264094190461799,0.538381906774719,0.0625327491521351,6,"Not significant"
"Unstim / LPS","ADA","P00813","P00813","ADA_HUMAN","Adenosine deaminase","P00813_T212_M1_19","HexNAc (ST)",1.24978964930213,0.538778202421164,0.0627902129411735,6,"Not significant"
"Unstim / LPS","LYRM7","Q5U5X0","Q5U5X0","LYRM7_HUMAN","Complex III assembly factor LYRM7","Q5U5X0_T101_M1_19","HexNAc (ST)",0.326359984139737,0.546547153710168,0.0709476860798533,6,"Not significant"
"Unstim / LPS","LARP4","Q71RC2","Q71RC2","LARP4_HUMAN","La-related protein 4","Q71RC2_T168_M2_19","HexNAc (ST)",-1.23565616723851,0.559793868118637,0.0877755301592749,6,"Not significant"
"Unstim / LPS","LARP4","Q71RC2","Q71RC2","LARP4_HUMAN","La-related protein 4","Q71RC2_T167_M2_19","HexNAc (ST)",-1.23565616723851,0.559793868118637,0.0877755301592749,6,"Not significant"
"Unstim / LPS","CCDC9","Q9Y3X0","Q9Y3X0","CCDC9_HUMAN","Coiled-coil domain-containing protein 9","Q9Y3X0_S70_M1_19","HexNAc (ST)",-0.523573453455507,0.560259178511918,0.0883915602021882,6,"Not significant"
"Unstim / LPS","CTSV","O60911","O60911","CATL2_HUMAN","Cathepsin L2","O60911_S142_M2_19","HexNAc (ST)",0.268742874764068,0.560553204032639,0.0889839553493211,6,"Not significant"
"Unstim / LPS","NHP2","Q9NX24","Q9NX24","NHP2_HUMAN","H/ACA ribonucleoprotein complex subunit 2","Q9NX24_S40_M2_19","HexNAc (ST)",-1.10688705149963,0.56408609463055,0.0943375406846103,5,"Not significant"
"Unstim / LPS","HSPA8","P11142","P11142","HSP7C_HUMAN","Heat shock cognate 71 kDa protein","P11142_T586_M1_19","HexNAc (ST)",-1.97935772957954,0.567748506544271,0.099919939123088,6,"Not significant"
"Unstim / LPS","GALK1","P51570","P51570","GALK1_HUMAN","Galactokinase","P51570_S254_M1_19","HexNAc (ST)",-0.309581924540706,0.56901586456967,0.101561248665903,6,"Not significant"
"Unstim / LPS","VIM","P08670","P08670","VIME_HUMAN","Vimentin","P08670_S205_M1_19","HexNAc (ST)",0.765542926264676,0.574035379012781,0.10943119209701,6,"Not significant"
"Unstim / LPS","AHNAK","Q09666","Q09666","AHNK_HUMAN","Neuroblast differentiation-associated protein AHNAK","Q09666_S2454_M1_19","HexNAc (ST)",0.715295714202676,0.574809130908556,0.110492123137542,6,"Not significant"
"Unstim / LPS","CLTC","Q00610","Q00610","CLH1_HUMAN","Clathrin heavy chain 1","Q00610_T339_M1_19","HexNAc (ST)",-0.265693325292405,0.576578232582279,0.113589985314647,6,"Not significant"
"Unstim / LPS","PABPC4","Q13310","Q13310","PABP4_HUMAN","Polyadenylate-binding protein 4","Q13310_S322_M2_19","HexNAc (ST)",0.301814245931663,0.576813829837496,0.11407587831547,6,"Not significant"
"Unstim / LPS","ARHGAP31","Q2M1Z3","Q2M1Z3","RHG31_HUMAN","Rho GTPase-activating protein 31","Q2M1Z3_S1178_M1_19","HexNAc (ST)",0.69722139919327,0.576996761093162,0.114617294060007,6,"Not significant"
"Unstim / LPS","HSPA5","P11021","P11021","BIP_HUMAN","Endoplasmic reticulum chaperone BiP","P11021_T648_M2_19","HexNAc (ST)",0.666864539560748,0.578029372712995,0.116466463460037,4,"Not significant"
"Unstim / LPS","SIPA1L3","O60292","O60292","SI1L3_HUMAN","Signal-induced proliferation-associated 1-like protein 3","O60292_S851_M2_19","HexNAc (ST)",-1.6146790663547,0.579838613387007,0.119089708447386,5,"Not significant"
"Unstim / LPS","SIPA1L3","O60292","O60292","SI1L3_HUMAN","Signal-induced proliferation-associated 1-like protein 3","O60292_T850_M2_19","HexNAc (ST)",-1.6146790663547,0.579838613387007,0.119089706856225,5,"Not significant"
"Unstim / LPS","PSMB1","P20618","P20618","PSB1_HUMAN","Proteasome subunit beta type-1","P20618_S237_M1_19","HexNAc (ST)",0.698003600576656,0.580890671765287,0.121088533306082,6,"Not significant"
"Unstim / LPS","OLA1","Q9NTK5","Q9NTK5","OLA1_HUMAN","Obg-like ATPase 1","Q9NTK5_S22_M2_19","HexNAc (ST)",0.89236984161463,0.581125994728804,0.12163383516615,6,"Not significant"
"Unstim / LPS","OLA1","Q9NTK5","Q9NTK5","OLA1_HUMAN","Obg-like ATPase 1","Q9NTK5_T21_M2_19","HexNAc (ST)",0.89236984161463,0.581125994728804,0.12163383516615,6,"Not significant"
"Unstim / LPS","IMP4","Q96G21","Q96G21","IMP4_HUMAN","U3 small nucleolar ribonucleoprotein protein IMP4","Q96G21_T134_M1_19","HexNAc (ST)",0.500401559897641,0.584227319719449,0.127797373223449,6,"Not significant"
"Unstim / LPS","CALR","P27797","P27797","CALR_HUMAN","Calreticulin","P27797_S53_M2_19","HexNAc (ST)",0.900768353675141,0.58553923428175,0.129852663665055,6,"Not significant"
"Unstim / LPS","CALR","P27797","P27797","CALR_HUMAN","Calreticulin","P27797_S52_M2_19","HexNAc (ST)",0.900768353675141,0.58553923428175,0.129852663665055,6,"Not significant"
"Unstim / LPS","LCP1","P13796","P13796","PLSL_HUMAN","Plastin-2","P13796_S323_M1_19","HexNAc (ST)",0.590257321500017,0.586071022446981,0.130861258229016,6,"Not significant"
"Unstim / LPS","EIF4A1","P60842","P60842","IF4A1_HUMAN","Eukaryotic initiation factor 4A-I","P60842_T377_M1_19","HexNAc (ST)",0.601987859994521,0.586591442798568,0.131945554413404,6,"Not significant"
"Unstim / LPS","ACTR3","P61158","P61158","ARP3_HUMAN","Actin-related protein 3","P61158_S354_M2_19","HexNAc (ST)",0.524393435933463,0.587120411182756,0.132473184241394,6,"Not significant"
"Unstim / LPS","ACTR3","P61158","P61158","ARP3_HUMAN","Actin-related protein 3","P61158_S350_M2_19","HexNAc (ST)",0.524393435933463,0.587120411182756,0.132473184241394,6,"Not significant"
"Unstim / LPS","ILK","Q13418","Q13418","ILK_HUMAN","Integrin-linked protein kinase","Q13418_S47_M1_19","HexNAc (ST)",-1.30441693611109,0.587236953617175,0.132741843757342,6,"Not significant"
"Unstim / LPS","AHNAK","Q09666","Q09666","AHNK_HUMAN","Neuroblast differentiation-associated protein AHNAK","Q09666_S758_M1_19","HexNAc (ST)",-0.381240474716997,0.587811664676421,0.134392610003867,6,"Not significant"
"Unstim / LPS","H1-5","P16401","P16401","H15_HUMAN","Histone H1.5","P16401_S61_M1_19","HexNAc (ST)",0.558968462488811,0.5893822462631,0.137486857975003,6,"Not significant"
"Unstim / LPS","RUVBL2","Q9Y230","Q9Y230","RUVB2_HUMAN","RuvB-like 2","Q9Y230_T194_M1_19","HexNAc (ST)",0.527716041911269,0.591281330926782,0.141737748338433,6,"Not significant"
"Unstim / LPS","STX8","Q9UNK0","Q9UNK0","STX8_HUMAN","Syntaxin-8","Q9UNK0_S96_M1_19","HexNAc (ST)",0.953104258054237,0.592852572038992,0.144116811633145,6,"Not significant"
"Unstim / LPS","MATR3","P43243","P43243","MATR3_HUMAN","Matrin-3","P43243_S276_M2_19","HexNAc (ST)",0.513632932868583,0.59288490771894,0.144157258006797,6,"Not significant"
"Unstim / LPS","MATR3","P43243","P43243","MATR3_HUMAN","Matrin-3","P43243_S275_M2_19","HexNAc (ST)",0.513632932868583,0.59288490771894,0.144157258006797,6,"Not significant"
"Unstim / LPS","ACTB","Cont_P60712;P60709","Cont_P60712;P60709","ACTB_BOVIN;ACTB_HUMAN","Actin, cytoplasmic 1;Actin, cytoplasmic 1","Cont_P60712_T106_M1_19","HexNAc (ST)",0.687831247237945,0.592941420864311,0.144282619670085,6,"Not significant"
"Unstim / LPS","ACTB","Cont_P60712;P60709","Cont_P60712;P60709","ACTB_BOVIN;ACTB_HUMAN","Actin, cytoplasmic 1;Actin, cytoplasmic 1","P60709_T106_M1_19","HexNAc (ST)",0.687831247237945,0.592941420864311,0.144282619670085,6,"Not significant"
"Unstim / LPS","TPM4","P67936","P67936","TPM4_HUMAN","Tropomyosin alpha-4 chain","P67936_S87_M1_19","HexNAc (ST)",-0.275368407956662,0.5938508907428,0.145769470389873,5,"Not significant"
"Unstim / LPS","KTN1","Q86UP2","Q86UP2","KTN1_HUMAN","Kinectin","Q86UP2_S312_M1_19","HexNAc (ST)",0.523704420894783,0.596573048249569,0.151862261877188,6,"Not significant"
"Unstim / LPS","RHOT1","Q8IXI2","Q8IXI2","MIRO1_HUMAN","Mitochondrial Rho GTPase 1","Q8IXI2_S109_M1_19","HexNAc (ST)",0.29324058990847,0.596852143723201,0.15230024645252,6,"Not significant"
"Unstim / LPS","MACROH2A1","O75367","O75367","H2AY_HUMAN","Core histone macro-H2A.1","O75367_S260_M1_19","HexNAc (ST)",0.7382527201461,0.599428909710384,0.15693908835311,6,"Not significant"
"Unstim / LPS","DMAP1","Q9NPF5","Q9NPF5","DMAP1_HUMAN","DNA methyltransferase 1-associated protein 1","Q9NPF5_T237_M1_19","HexNAc (ST)",0.80228872928315,0.601352645550751,0.160417704730904,6,"Not significant"
"Unstim / LPS","HSPA1A;HSPA1B","P0DMV8;P0DMV9","P0DMV8;P0DMV9","HS71A_HUMAN;HS71B_HUMAN","Heat shock 70 kDa protein 1A;Heat shock 70 kDa protein 1B","P0DMV8_S537_M1_19","HexNAc (ST)",0.457831439296812,0.601580582396577,0.160810529335113,6,"Not significant"
"Unstim / LPS","HSPA1A;HSPA1B","P0DMV8;P0DMV9","P0DMV8;P0DMV9","HS71A_HUMAN;HS71B_HUMAN","Heat shock 70 kDa protein 1A;Heat shock 70 kDa protein 1B","P0DMV9_S537_M1_19","HexNAc (ST)",0.457831439296812,0.601580582396577,0.160810529335113,6,"Not significant"
"Unstim / LPS","MACROH2A1","O75367","O75367","H2AY_HUMAN","Core histone macro-H2A.1","O75367_T290_M1_19","HexNAc (ST)",0.337285602120997,0.603121480649919,0.194421612132355,6,"Not significant"
"Unstim / LPS","CDC123","O75794","O75794","CD123_HUMAN","Cell division cycle protein 123 homolog","O75794_T315_M1_19","HexNAc (ST)",8.14208148845908,0.603121480649919,0.184487507840478,5,"Not significant"
"Unstim / LPS","HSPA8","P11142","P11142","HSP7C_HUMAN","Heat shock cognate 71 kDa protein","P11142_T462_M1_19","HexNAc (ST)",-5.42143317565451,0.603121480649919,0.182279304959533,6,"Not significant"
"Unstim / LPS","MAP4","P27816","P27816","MAP4_HUMAN","Microtubule-associated protein 4","P27816_T354_M1_19","HexNAc (ST)",-7.62698018981622,0.603121480649919,0.183398677007116,6,"Not significant"
"Unstim / LPS","TKT","P29401","P29401","TKT_HUMAN","Transketolase","P29401_S295_M2_19","HexNAc (ST)",0.793905551893671,0.603121480649919,0.168525653028936,5,"Not significant"
"Unstim / LPS","ANP32A","P39687","P39687","AN32A_HUMAN","Acidic leucine-rich nuclear phosphoprotein 32 family member A","P39687_S117_M1_19","HexNAc (ST)",-0.458603411921119,0.603121480649919,0.177574988227537,6,"Not significant"
"Unstim / LPS","MYL6","P60660","P60660","MYL6_HUMAN","Myosin light polypeptide 6","P60660_T76_M1_19","HexNAc (ST)",-0.68422699743493,0.603121480649919,0.178608455252245,6,"Not significant"
"Unstim / LPS","RAP1A","P62834","P62834","RAP1A_HUMAN","Ras-related protein Rap-1A","P62834_T106_M1_19","HexNAc (ST)",0.758288531838232,0.603121480649919,0.185778328961422,6,"Not significant"
"Unstim / LPS","HNRNPU","Q00839","Q00839","HNRPU_HUMAN","Heterogeneous nuclear ribonucleoprotein U","Q00839_T474_M1_19","HexNAc (ST)",1.89118953103816,0.603121480649919,0.188675091489523,6,"Not significant"
"Unstim / LPS","TOP2B","Q02880","Q02880","TOP2B_HUMAN","DNA topoisomerase 2-beta","Q02880_T97_M1_19","HexNAc (ST)",1.05655821072824,0.603121480649919,0.188848383709451,6,"Not significant"
"Unstim / LPS","AHNAK","Q09666","Q09666","AHNK_HUMAN","Neuroblast differentiation-associated protein AHNAK","Q09666_T1192_M2_19","HexNAc (ST)",4.90998970365338,0.603121480649919,0.183856385261925,5,"Not significant"
"Unstim / LPS","AHNAK","Q09666","Q09666","AHNK_HUMAN","Neuroblast differentiation-associated protein AHNAK","Q09666_T1986_M2_19","HexNAc (ST)",4.90998970365338,0.603121480649919,0.183856385261925,5,"Not significant"
"Unstim / LPS","AHNAK","Q09666","Q09666","AHNK_HUMAN","Neuroblast differentiation-associated protein AHNAK","Q09666_S5214_M1_19","HexNAc (ST)",7.42197781664685,0.603121480649919,0.190626082259857,6,"Not significant"
"Unstim / LPS","AHNAK","Q09666","Q09666","AHNK_HUMAN","Neuroblast differentiation-associated protein AHNAK","Q09666_T4766_M1_19","HexNAc (ST)",-1.91847148235003,0.603121480649919,0.164168514260202,6,"Not significant"
"Unstim / LPS","TCIRG1","Q13488","Q13488","VPP3_HUMAN","V-type proton ATPase 116 kDa subunit a 3","Q13488_T66_M1_19","HexNAc (ST)",1.81427935864389,0.603121480649919,0.189188451531775,4,"Not significant"
"Unstim / LPS","RUNX2","Q13950","Q13950","RUNX2_HUMAN","Runt-related transcription factor 2","Q13950_T135_M1_19","HexNAc (ST)",0.876588908196765,0.603121480649919,0.176833886441451,6,"Not significant"
"Unstim / LPS","MYCBPAP","Q8TBZ2","Q8TBZ2","MYBPP_HUMAN","MYCBP-associated protein","Q8TBZ2_T580_M3_19","HexNAc (ST)",0.760812518988655,0.603121480649919,0.190993102399547,5,"Not significant"
"Unstim / LPS","VAPA","Q9P0L0","Q9P0L0","VAPA_HUMAN","Vesicle-associated membrane protein-associated protein A","Q9P0L0_T35_M1_19","HexNAc (ST)",0.913547159302285,0.603121480649919,0.170579326864774,6,"Not significant"
"Unstim / LPS","ING1","Q9UK53","Q9UK53","ING1_HUMAN","Inhibitor of growth protein 1","Q9UK53_S236_M2_19","HexNAc (ST)",0.274925924016239,0.603121480649919,0.19014722882574,6,"Not significant"
"Unstim / LPS","ING1","Q9UK53","Q9UK53","ING1_HUMAN","Inhibitor of growth protein 1","Q9UK53_S224_M2_19","HexNAc (ST)",0.274925924016239,0.603121480649919,0.19014722882574,6,"Not significant"
"Unstim / LPS","CPD","O75976","O75976","CBPD_HUMAN","Carboxypeptidase D","O75976_S628_M1_19","HexNAc (ST)",0.515429727887501,0.603121480649919,0.191280256055222,6,"Not significant"
"Unstim / LPS","CAT","P04040","P04040","CATA_HUMAN","Catalase","P04040_T43_M1_19","HexNAc (ST)",0.330485265536766,0.603374995886048,0.200467456628318,4,"Not significant"
"Unstim / LPS","VDAC3","Q9Y277","Q9Y277","VDAC3_HUMAN","Voltage-dependent anion-selective channel protein 3","Q9Y277_T72_M1_19","HexNAc (ST)",7.18364170500463,0.603458832141668,0.200653540282695,5,"Not significant"
"Unstim / LPS","CAP1","Q01518","Q01518","CAP1_HUMAN","Adenylyl cyclase-associated protein 1","Q01518_T345_M1_19","HexNAc (ST)",-9.1147052505123,0.603628000061256,0.203091139861207,5,"Not significant"
"Unstim / LPS","FUBP3","Q96I24","Q96I24","FUBP3_HUMAN","Far upstream element-binding protein 3","Q96I24_T192_M1_19","HexNAc (ST)",0.667534764752587,0.60391516038874,0.20494222296669,6,"Not significant"
"Unstim / LPS","ARHGAP45","Q92619","Q92619","HMHA1_HUMAN","Rho GTPase-activating protein 45","Q92619_T742_M1_19","HexNAc (ST)",3.32018261076357,0.604149165971082,0.205482001491495,6,"Not significant"
"Unstim / LPS","NUP54","Q7Z3B4","Q7Z3B4","NUP54_HUMAN","Nucleoporin p54","Q7Z3B4_S319_M1_19","HexNAc (ST)",0.576640064756583,0.604191177640207,0.205598950417989,6,"Not significant"
"Unstim / LPS","RAB11FIP1","Q6WKZ4","Q6WKZ4","RFIP1_HUMAN","Rab11 family-interacting protein 1","Q6WKZ4_S300_M1_19","HexNAc (ST)",0.304311651544705,0.604673590895355,0.208693165333078,6,"Not significant"
"Unstim / LPS","ATP5F1B","P06576","P06576","ATPB_HUMAN","ATP synthase subunit beta, mitochondrial","P06576_S253_M1_19","HexNAc (ST)",7.77100560970414,0.604692917073525,0.209050322804451,6,"Not significant"
"Unstim / LPS","SIAE","Q9HAT2","Q9HAT2","SIAE_HUMAN","Sialate O-acetylesterase","Q9HAT2_T403_M1_19","HexNAc (ST)",0.52202591530348,0.604692917073525,0.208823482868405,6,"Not significant"
"Unstim / LPS","CAMK1","Q14012","Q14012","KCC1A_HUMAN","Calcium/calmodulin-dependent protein kinase type 1","Q14012_S62_M1_19","HexNAc (ST)",4.81672509786826,0.605043898694828,0.21081577803049,6,"Not significant"
"Unstim / LPS","GRIPAP1","Q4V328","Q4V328","GRAP1_HUMAN","GRIP1-associated protein 1","Q4V328_S105_M1_19","HexNAc (ST)",-0.512342831184883,0.60515511987449,0.211563044177523,6,"Not significant"
"Unstim / LPS","BCAS2","O75934","O75934","SPF27_HUMAN","Pre-mRNA-splicing factor SPF27","O75934_T4_M1_19","HexNAc (ST)",7.30673311384184,0.605205192814496,0.211908079178666,6,"Not significant"
"Unstim / LPS","DNAJB14","Q8TBM8","Q8TBM8","DJB14_HUMAN","DnaJ homolog subfamily B member 14","Q8TBM8_S160_M1_19","HexNAc (ST)",1.29486473031026,0.606000971227999,0.215484302576252,6,"Not significant"
"Unstim / LPS","CCT3","P49368","P49368","TCPG_HUMAN","T-complex protein 1 subunit gamma","P49368_T430_M2_19","HexNAc (ST)",0.377773317341462,0.60625245209263,0.216779729054792,6,"Not significant"
"Unstim / LPS","CCT3","P49368","P49368","TCPG_HUMAN","T-complex protein 1 subunit gamma","P49368_S426_M2_19","HexNAc (ST)",0.377773317341462,0.60625245209263,0.216779729054792,6,"Not significant"
"Unstim / LPS","WDFY3","Q8IZQ1","Q8IZQ1","WDFY3_HUMAN","WD repeat and FYVE domain-containing protein 3","Q8IZQ1_S1980_M2_19","HexNAc (ST)",8.90803405788056,0.606436437213155,0.217362313558298,6,"Not significant"
"Unstim / LPS","GRPEL1","Q9HAV7","Q9HAV7","GRPE1_HUMAN","GrpE protein homolog 1, mitochondrial","Q9HAV7_T74_M1_19","HexNAc (ST)",-1.00929208134176,0.606888117468523,0.218990621054384,6,"Not significant"
"Unstim / LPS","TLN1","Q9Y490","Q9Y490","TLN1_HUMAN","Talin-1","Q9Y490_T2281_M2_19","HexNAc (ST)",0.376915441891606,0.607082058395355,0.220126587991573,6,"Not significant"
"Unstim / LPS","TLN1","Q9Y490","Q9Y490","TLN1_HUMAN","Talin-1","Q9Y490_S2279_M2_19","HexNAc (ST)",0.376915441891606,0.607082058395355,0.220126587991573,6,"Not significant"
"Unstim / LPS","ACOX3","O15254","O15254","ACOX3_HUMAN","Peroxisomal acyl-coenzyme A oxidase 3","O15254_T235_M1_19","HexNAc (ST)",0.991650584045227,0.60799884688164,0.223463249557481,6,"Not significant"
"Unstim / LPS","SRRT","Q9BXP5","Q9BXP5","SRRT_HUMAN","Serrate RNA effector molecule homolog","Q9BXP5_S284_M1_19","HexNAc (ST)",5.92693553505519,0.611863142187183,0.236993753082437,6,"Not significant"
"Unstim / LPS","CRACR2A","Q9BSW2","Q9BSW2","EFC4B_HUMAN","EF-hand calcium-binding domain-containing protein 4B","Q9BSW2_T586_M2_19","HexNAc (ST)",1.66153463070069,0.611875725554705,0.237584488032354,5,"Not significant"
"Unstim / LPS","TRIP4","Q15650","Q15650","TRIP4_HUMAN","Activating signal cointegrator 1","Q15650_T327_M1_19","HexNAc (ST)",0.33643551459755,0.613212544045775,0.2425938394016,6,"Not significant"
"Unstim / LPS","EEF1G","P26641","P26641","EF1G_HUMAN","Elongation factor 1-gamma","P26641_T411_M2_19","HexNAc (ST)",-0.268244090194815,0.613219684864918,0.242795850656277,6,"Not significant"
"Unstim / LPS","PSMC4","P43686","P43686","PRS6B_HUMAN","26S proteasome regulatory subunit 6B","P43686_S129_M1_19","HexNAc (ST)",0.253062795234988,0.613570943761576,0.244482266528974,6,"Not significant"
"Unstim / LPS","SHMT2","P34897","P34897","GLYM_HUMAN","Serine hydroxymethyltransferase, mitochondrial","P34897_S90_M1_19","HexNAc (ST)",-5.39913899164859,0.61456420690845,0.247528831356116,6,"Not significant"
"Unstim / LPS","CGREF1","Q99674","Q99674","CGRE1_HUMAN","Cell growth regulator with EF hand domain protein 1","Q99674_S159_M1_19","HexNAc (ST)",-0.404189182327917,0.615546841491705,0.250496896255257,6,"Not significant"
"Unstim / LPS","ARHGAP18","Q8N392","Q8N392","RHG18_HUMAN","Rho GTPase-activating protein 18","Q8N392_T327_M1_19","HexNAc (ST)",-0.882495255141227,0.615792069359295,0.25134134277355,6,"Not significant"
"Unstim / LPS","DPYSL2","Q16555","Q16555","DPYL2_HUMAN","Dihydropyrimidinase-related protein 2","Q16555_S421_M3_19","HexNAc (ST)",-0.261213819724624,0.616695268026169,0.253815362609612,5,"Not significant"
"Unstim / LPS","ANXA6","P08133","P08133","ANXA6_HUMAN","Annexin A6","P08133_S49_M2_19","HexNAc (ST)",-0.223780531230232,0.617172902946978,0.254831782623034,6,"Not significant"
"Unstim / LPS","UBE2V1","Q13404","Q13404","UB2V1_HUMAN","Ubiquitin-conjugating enzyme E2 variant 1","Q13404_S66_M1_19","HexNAc (ST)",0.302224648899691,0.617576951083452,0.256041598198125,6,"Not significant"
"Unstim / LPS","BSG","P35613","P35613","BASI_HUMAN","Basigin","P35613_T212_M1_19","HexNAc (ST)",1.652886382691,0.617743008099635,0.256687399360079,6,"Not significant"
"Unstim / LPS","TMSB10","P63313","P63313","TYB10_HUMAN","Thymosin beta-10","P63313_T28_M1_19","HexNAc (ST)",-0.483810543631068,0.619137248797864,0.259440795397478,6,"Not significant"
"Unstim / LPS","ITGB1","P05556","P05556","ITB1_HUMAN","Integrin beta-1","P05556_T112_M1_19","HexNAc (ST)",0.829468036496098,0.619285602941029,0.260081901314785,6,"Not significant"
"Unstim / LPS","ALDOA","Cont_P00883","Cont_P00883","ALDOA_RABIT","Fructose-bisphosphate aldolase A","Cont_P00883_S4_M1_19","HexNAc (ST)",1.36150622096167,0.619365300140242,0.260317116525411,6,"Not significant"
"Unstim / LPS","UFL1","O94874","O94874","UFL1_HUMAN","E3 UFM1-protein ligase 1","O94874_S103_M1_19","HexNAc (ST)",0.216118662023169,0.620085817113925,0.261981879150204,6,"Not significant"
"Unstim / LPS","PABPC1","P11940","P11940","PABP1_HUMAN","Polyadenylate-binding protein 1","P11940_S51_M1_19","HexNAc (ST)",0.217065626338788,0.621314775909077,0.264675710356207,5,"Not significant"
"Unstim / LPS","H4C1","P62805","P62805","H4_HUMAN","Histone H4","P62805_T83_M2_19","HexNAc (ST)",-0.547656434974228,0.622831320844656,0.268256377951862,6,"Not significant"
"Unstim / LPS","H4C1","P62805","P62805","H4_HUMAN","Histone H4","P62805_T81_M2_19","HexNAc (ST)",-0.547656434974228,0.622831320844656,0.268256377951862,6,"Not significant"
"Unstim / LPS","IQGAP1","P46940","P46940","IQGA1_HUMAN","Ras GTPase-activating-like protein IQGAP1","P46940_T857_M1_19","HexNAc (ST)",0.392751372564866,0.623175510322129,0.268905106458225,6,"Not significant"
"Unstim / LPS","RSF1","Q96T23","Q96T23","RSF1_HUMAN","Remodeling and spacing factor 1","Q96T23_T506_M2_19","HexNAc (ST)",1.99606408176638,0.62390868213216,0.271065002955561,6,"Not significant"
"Unstim / LPS","RSF1","Q96T23","Q96T23","RSF1_HUMAN","Remodeling and spacing factor 1","Q96T23_T499_M2_19","HexNAc (ST)",1.99606408176638,0.62390868213216,0.271065002955561,6,"Not significant"
"Unstim / LPS","HIVEP3","Q5T1R4","Q5T1R4","ZEP3_HUMAN","Transcription factor HIVEP3","Q5T1R4_T1401_M1_19","HexNAc (ST)",0.554546833873061,0.624132292481139,0.271681406926765,6,"Not significant"
"Unstim / LPS","P4HA1","P13674","P13674","P4HA1_HUMAN","Prolyl 4-hydroxylase subunit alpha-1","P13674_S345_M1_19","HexNAc (ST)",-2.18283663830691,0.624352298214791,0.272440377035217,6,"Not significant"
"Unstim / LPS","LMNB1","P20700","P20700","LMNB1_HUMAN","Lamin-B1","P20700_T151_M1_19","HexNAc (ST)",0.503488743299974,0.625060039601747,0.274279255713438,6,"Not significant"
"Unstim / LPS","HNRNPD","Q14103","Q14103","HNRPD_HUMAN","Heterogeneous nuclear ribonucleoprotein D0","Q14103_S190_M2_19","HexNAc (ST)",-1.36452455591004,0.625354528494301,0.275179961025964,6,"Not significant"
"Unstim / LPS","SOD1","P00441","P00441","SODC_HUMAN","Superoxide dismutase [Cu-Zn]","P00441_T3_M1_19","HexNAc (ST)",-0.365682981562315,0.627576047664219,0.281466465096759,6,"Not significant"
"Unstim / LPS","TAGLN2","P37802","P37802","TAGL2_HUMAN","Transgelin-2","P37802_T60_M1_19","HexNAc (ST)",-0.745211065845306,0.627778193656874,0.28224893381443,6,"Not significant"
"Unstim / LPS","TUBA4A","Cont_P81948;P68366","Cont_P81948;P68366","TBA4A_BOVIN;TBA4A_HUMAN","Tubulin alpha-4A chain","Cont_P81948_T73_M1_19","HexNAc (ST)",-0.333623759065477,0.628529283177558,0.284455860354152,6,"Not significant"
"Unstim / LPS","TUBA4A","Cont_P81948;P68366","Cont_P81948;P68366","TBA4A_BOVIN;TBA4A_HUMAN","Tubulin alpha-4A chain","P68366_T73_M1_19","HexNAc (ST)",-0.333623759065477,0.628529283177558,0.284455860354152,6,"Not significant"
"Unstim / LPS","OAT","P04181","P04181","OAT_HUMAN","Ornithine aminotransferase, mitochondrial","P04181_T33_M3_19","HexNAc (ST)",-1.88842730283601,0.628745260234628,0.28513124633335,6,"Not significant"
"Unstim / LPS","UQCRC1","P31930","P31930","QCR1_HUMAN","Cytochrome b-c1 complex subunit 1, mitochondrial","P31930_S446_M1_19","HexNAc (ST)",1.45101113844009,0.629614696364313,0.287475303365367,6,"Not significant"
"Unstim / LPS","CHMP4B","Q9H444","Q9H444","CHM4B_HUMAN","Charged multivesicular body protein 4b","Q9H444_S87_M2_19","HexNAc (ST)",0.200604048261037,0.629921801805697,0.288492345169263,6,"Not significant"
"Unstim / LPS","PLXNB2","O15031","O15031","PLXB2_HUMAN","Plexin-B2","O15031_T1124_M2_19","HexNAc (ST)",0.245686681683586,0.630671428120012,0.290933823790453,6,"Not significant"
"Unstim / LPS","PLXNB2","O15031","O15031","PLXB2_HUMAN","Plexin-B2","O15031_T1117_M2_19","HexNAc (ST)",0.245686681683586,0.630671428120012,0.290933823790453,6,"Not significant"
"Unstim / LPS","ALDOC","P09972","P09972","ALDOC_HUMAN","Fructose-bisphosphate aldolase C","P09972_S160_M2_19","HexNAc (ST)",-0.639275734574644,0.631681825044418,0.293607199205139,6,"Not significant"
"Unstim / LPS","ALDOC","P09972","P09972","ALDOC_HUMAN","Fructose-bisphosphate aldolase C","P09972_T158_M2_19","HexNAc (ST)",-0.639275734574644,0.631681825044418,0.293607199205139,6,"Not significant"
"Unstim / LPS","AHNAK","Q09666","Q09666","AHNK_HUMAN","Neuroblast differentiation-associated protein AHNAK","Q09666_S3672_M1_19","HexNAc (ST)",0.680283376144843,0.632202671112709,0.294905507021771,6,"Not significant"
"Unstim / LPS","STX3","Q13277","Q13277","STX3_HUMAN","Syntaxin-3","Q13277_S97_M1_19","HexNAc (ST)",0.320914759695217,0.632809853294406,0.29632872422252,6,"Not significant"
"Unstim / LPS","SRSF1","Q07955","Q07955","SRSF1_HUMAN","Serine/arginine-rich splicing factor 1","Q07955_S2_M1_19","HexNAc (ST)",9.52472478604613,0.633023829139552,0.29712355456915,6,"Not significant"
"Unstim / LPS","AHNAK","Q09666","Q09666","AHNK_HUMAN","Neuroblast differentiation-associated protein AHNAK","Q09666_T490_M1_19","HexNAc (ST)",0.665624854238184,0.633630505924364,0.298780810802899,6,"Not significant"
"Unstim / LPS","AHNAK","Q09666","Q09666","AHNK_HUMAN","Neuroblast differentiation-associated protein AHNAK","Q09666_S5151_M1_19","HexNAc (ST)",0.481593894040952,0.63370620965429,0.298976795027755,6,"Not significant"
"Unstim / LPS","CLIC1","O00299","O00299","CLIC1_HUMAN","Chloride intracellular channel protein 1","O00299_T198_M1_19","HexNAc (ST)",-0.152451251417814,0.633972537254186,0.344685913929583,6,"Not significant"
"Unstim / LPS","HNRNPDL","O14979","O14979","HNRDL_HUMAN","Heterogeneous nuclear ribonucleoprotein D-like","O14979_S201_M1_19","HexNAc (ST)",-0.270456396649116,0.633972537254186,0.351922921007675,6,"Not significant"
"Unstim / LPS","SPRY2","O43597","O43597","SPY2_HUMAN","Protein sprouty homolog 2","O43597_S167_M1_19","HexNAc (ST)",-3.08318598230827,0.633972537254186,0.431002375120316,6,"Not significant"
"Unstim / LPS","ACTN4","O43707","O43707","ACTN4_HUMAN","Alpha-actinin-4","O43707_T222_M1_19","HexNAc (ST)",0.294209367343794,0.633972537254186,0.380109117097681,6,"Not significant"
"Unstim / LPS","SEC22B","O75396","O75396","SC22B_HUMAN","Vesicle-trafficking protein SEC22b","O75396_S137_M2_19","HexNAc (ST)",2.98402269640031,0.633972537254186,0.431113797153354,6,"Not significant"
"Unstim / LPS","TGFB1","P01137","P01137","TGFB1_HUMAN","Transforming growth factor beta-1 proprotein","P01137_S380_M1_19","HexNAc (ST)",-8.25171789660728,0.633972537254186,0.422945575963114,6,"Not significant"
"Unstim / LPS","LMNA","P02545","P02545","LMNA_HUMAN","Prelamin-A/C","P02545_S143_M1_19","HexNAc (ST)",7.74173020843211,0.633972537254186,0.421676843294106,6,"Not significant"
"Unstim / LPS","ALDOA","P04075","P04075","ALDOA_HUMAN","Fructose-bisphosphate aldolase A","P04075_S160_M1_19","HexNAc (ST)",-0.451045107893415,0.633972537254186,0.343061045135042,6,"Not significant"
"Unstim / LPS","CYBB","P04839","P04839","CY24B_HUMAN","Cytochrome b-245 heavy chain","P04839_T509_M1_19","HexNAc (ST)",5.51521057898954,0.633972537254186,0.419577424026786,6,"Not significant"
"Unstim / LPS","ICAM1","P05362","P05362","ICAM1_HUMAN","Intercellular adhesion molecule 1","P05362_T448_M1_19","HexNAc (ST)",-0.248584930016183,0.633972537254186,0.357452051217298,4,"Not significant"
"Unstim / LPS","S100A9","P06702","P06702","S10A9_HUMAN","Protein S100-A9","P06702_T31_M1_19","HexNAc (ST)",0.534410000108331,0.633972537254186,0.371273926543041,6,"Not significant"
"Unstim / LPS","ENO1","P06733","P06733","ENOA_HUMAN","Alpha-enolase","P06733_S268_M2_19","HexNAc (ST)",9.14466889868196,0.633972537254186,0.422643592756721,6,"Not significant"
"Unstim / LPS","NPM1","P06748","P06748","NPM_HUMAN","Nucleophosmin","P06748_S10_M1_19","HexNAc (ST)",-1.07864153241575,0.633972537254186,0.319407605011212,6,"Not significant"
"Unstim / LPS","ITGAV","P06756","P06756","ITAV_HUMAN","Integrin alpha-V","P06756_T586_M2_19","HexNAc (ST)",-0.582446137246645,0.633972537254186,0.391233303308497,6,"Not significant"
"Unstim / LPS","ITGAV","P06756","P06756","ITAV_HUMAN","Integrin alpha-V","P06756_T583_M2_19","HexNAc (ST)",-0.582446137246645,0.633972537254186,0.391233303308497,6,"Not significant"
"Unstim / LPS","P4HB","P07237","P07237","PDIA1_HUMAN","Protein disulfide-isomerase","P07237_T244_M1_19","HexNAc (ST)",-12.7953927264574,0.633972537254186,0.422607995846631,6,"Not significant"
"Unstim / LPS","P4HB","P07237","P07237","PDIA1_HUMAN","Protein disulfide-isomerase","P07237_T117_M1_19","HexNAc (ST)",-0.174810550998754,0.633972537254186,0.3687871414501,6,"Not significant"
"Unstim / LPS","P4HB","P07237","P07237","PDIA1_HUMAN","Protein disulfide-isomerase","P07237_T296_M1_19","HexNAc (ST)",-1.42211160855312,0.633972537254186,0.319913269851859,4,"Not significant"
"Unstim / LPS","RHOC","P08134","P08134","RHOC_HUMAN","Rho-related GTP-binding protein RhoC","P08134_T100_M1_19","HexNAc (ST)",0.0988716095385032,0.633972537254186,0.415403736640578,6,"Not significant"
"Unstim / LPS","HSPD1","P10809","P10809","CH60_HUMAN","60 kDa heat shock protein, mitochondrial","P10809_T206_M1_19","HexNAc (ST)",-0.896078229274767,0.633972537254186,0.422804401902285,6,"Not significant"
"Unstim / LPS","HSPA5","P11021","P11021","BIP_HUMAN","Endoplasmic reticulum chaperone BiP","P11021_T184_M1_19","HexNAc (ST)",-0.195235186652511,0.633972537254186,0.430181259943465,6,"Not significant"
"Unstim / LPS","HSPA5","P11021","P11021","BIP_HUMAN","Endoplasmic reticulum chaperone BiP","P11021_S571_M1_19","HexNAc (ST)",0.24472289314066,0.633972537254186,0.375895537926166,6,"Not significant"
"Unstim / LPS","HSPA8","P11142","P11142","HSP7C_HUMAN","Heat shock cognate 71 kDa protein","P11142_T125_M1_19","HexNAc (ST)",-7.44117003203833,0.633972537254186,0.422362155149155,5,"Not significant"
"Unstim / LPS","TOP1","P11387","P11387","TOP1_HUMAN","DNA topoisomerase 1","P11387_T258_M1_19","HexNAc (ST)",-6.4290632017489,0.633972537254186,0.4216229626757,6,"Not significant"
"Unstim / LPS","ACTN1","P12814","P12814","ACTN1_HUMAN","Alpha-actinin-1","P12814_T50_M1_19","HexNAc (ST)",0.296037295574358,0.633972537254186,0.318570223967968,6,"Not significant"
"Unstim / LPS","HSP90B1","P14625","P14625","ENPL_HUMAN","Endoplasmin","P14625_S607_M1_19","HexNAc (ST)",7.57326099058104,0.633972537254186,0.422398543915071,6,"Not significant"
"Unstim / LPS","STMN1","P16949","P16949","STMN1_HUMAN","Stathmin","P16949_S46_M1_19","HexNAc (ST)",-7.46545256636954,0.633972537254186,0.423186707830137,6,"Not significant"
"Unstim / LPS","DDX5","P17844","P17844","DDX5_HUMAN","Probable ATP-dependent RNA helicase DDX5","P17844_T436_M2_19","HexNAc (ST)",-7.31790118380596,0.633972537254186,0.423290555844509,6,"Not significant"
"Unstim / LPS","PSMC3","P17980","P17980","PRS6A_HUMAN","26S proteasome regulatory subunit 6A","P17980_T247_M1_19","HexNAc (ST)",-0.601957205459692,0.633972537254186,0.32575908284276,6,"Not significant"
"Unstim / LPS","PGAM1","P18669","P18669","PGAM1_HUMAN","Phosphoglycerate mutase 1","P18669_T159_M1_19","HexNAc (ST)",0.669469482289125,0.633972537254186,0.420121677443772,6,"Not significant"
"Unstim / LPS","NCL","P19338","P19338","NUCL_HUMAN","Nucleolin","P19338_S532_M2_19","HexNAc (ST)",1.72256452434183,0.633972537254186,0.311675640092883,6,"Not significant"
"Unstim / LPS","NCF2","P19878","P19878","NCF2_HUMAN","Neutrophil cytosol factor 2","P19878_T233_M1_19","HexNAc (ST)",0.380259811715286,0.633972537254186,0.403767313642664,6,"Not significant"
"Unstim / LPS","M6PR","P20645","P20645","MPRD_HUMAN","Cation-dependent mannose-6-phosphate receptor","P20645_S42_M1_19","HexNAc (ST)",-1.06267708675832,0.633972537254186,0.418499908679859,6,"Not significant"
"Unstim / LPS","CFL1","P23528","P23528","COF1_HUMAN","Cofilin-1","P23528_T129_M1_19","HexNAc (ST)",0.546474425861821,0.633972537254186,0.331277358052458,6,"Not significant"
"Unstim / LPS","CPT2","P23786","P23786","CPT2_HUMAN","Carnitine O-palmitoyltransferase 2, mitochondrial","P23786_S66_M1_19","HexNAc (ST)",-5.30704037428714,0.633972537254186,0.423348979700547,6,"Not significant"
"Unstim / LPS","ATP5F1A","P25705","P25705","ATPA_HUMAN","ATP synthase subunit alpha, mitochondrial","P25705_S325_M1_19","HexNAc (ST)",0.443410739481998,0.633972537254186,0.360125261763429,6,"Not significant"
"Unstim / LPS","MSN","P26038","P26038","MOES_HUMAN","Moesin","P26038_S440_M1_19","HexNAc (ST)",0.71867782204653,0.633972537254186,0.412052155589094,6,"Not significant"
"Unstim / LPS","FKBP2","P26885","P26885","FKBP2_HUMAN","Peptidyl-prolyl cis-trans isomerase FKBP2","P26885_S108_M1_19","HexNAc (ST)",-0.816558810383286,0.633972537254186,0.382973518101608,6,"Not significant"
"Unstim / LPS","CALR","P27797","P27797","CALR_HUMAN","Calreticulin","P27797_T173_M2_19","HexNAc (ST)",5.56016730301015,0.633972537254186,0.422973697694914,6,"Not significant"
"Unstim / LPS","CANX","P27824","P27824","CALX_HUMAN","Calnexin","P27824_S392_M1_19","HexNAc (ST)",0.441245933100542,0.633972537254186,0.373080655798706,6,"Not significant"
"Unstim / LPS","CANX","P27824","P27824","CALX_HUMAN","Calnexin","P27824_T143_M1_19","HexNAc (ST)",-0.839518641341076,0.633972537254186,0.343684399927749,6,"Not significant"
"Unstim / LPS","PDIA3","P30101","P30101","PDIA3_HUMAN","Protein disulfide-isomerase A3","P30101_S318_M2_19","HexNAc (ST)",-1.46079522828784,0.633972537254186,0.409341121994632,5,"Not significant"
"Unstim / LPS","PDIA3","P30101","P30101","PDIA3_HUMAN","Protein disulfide-isomerase A3","P30101_S424_M1_19","HexNAc (ST)",-1.18277931803632,0.633972537254186,0.383628803949075,6,"Not significant"
"Unstim / LPS","MYH9","P35579","P35579","MYH9_HUMAN","Myosin-9","P35579_T1313_M1_19","HexNAc (ST)",4.17709813729919,0.633972537254186,0.420364606891528,6,"Not significant"
"Unstim / LPS","PSMC2","P35998","P35998","PRS7_HUMAN","26S proteasome regulatory subunit 7","P35998_T193_M1_19","HexNAc (ST)",-1.03257163783293,0.633972537254186,0.39440540262211,6,"Not significant"
"Unstim / LPS","LONP1","P36776","P36776","LONM_HUMAN","Lon protease homolog, mitochondrial","P36776_T582_M1_19","HexNAc (ST)",0.612897110918904,0.633972537254186,0.401561972834834,6,"Not significant"
"Unstim / LPS","ATP6V1A","P38606","P38606","VATA_HUMAN","V-type proton ATPase catalytic subunit A","P38606_T504_M1_19","HexNAc (ST)",-0.932386843059622,0.633972537254186,0.435568994951847,4,"Not significant"
"Unstim / LPS","COL18A1","P39060","P39060","COIA1_HUMAN","Collagen alpha-1(XVIII) chain","P39060_S1377_M1_19","HexNAc (ST)",1.2830121836419,0.633972537254186,0.413558887329678,6,"Not significant"
"Unstim / LPS","TMPO","P42166","P42166","LAP2A_HUMAN","Lamina-associated polypeptide 2, isoform alpha","P42166_T12_M1_19","HexNAc (ST)",-0.729475161716568,0.633972537254186,0.415332220164797,6,"Not significant"
"Unstim / LPS","MAP1B","P46821","P46821","MAP1B_HUMAN","Microtubule-associated protein 1B","P46821_S1501_M2_19","HexNAc (ST)",-0.129904718716075,0.633972537254186,0.409343976671758,6,"Not significant"
"Unstim / LPS","CCT8","P50990","P50990","TCPQ_HUMAN","T-complex protein 1 subunit theta","P50990_S150_M1_19","HexNAc (ST)",-0.132803271793544,0.633972537254186,0.343467543202638,6,"Not significant"
"Unstim / LPS","SLC25A1","P53007","P53007","TXTP_HUMAN","Tricarboxylate transport protein, mitochondrial","P53007_S94_M1_19","HexNAc (ST)",0.459522962924842,0.633972537254186,0.420173648159102,4,"Not significant"
"Unstim / LPS","AK2","P54819","P54819","KAD2_HUMAN","Adenylate kinase 2, mitochondrial","P54819_T89_M1_19","HexNAc (ST)",1.41314699353506,0.633972537254186,0.421433303701856,6,"Not significant"
"Unstim / LPS","VCP","P55072","P55072","TERA_HUMAN","Transitional endoplasmic reticulum ATPase","P55072_T623_M1_19","HexNAc (ST)",1.64380841674685,0.633972537254186,0.322249032358718,6,"Not significant"
"Unstim / LPS","ARPC4","P59998","P59998","ARPC4_HUMAN","Actin-related protein 2/3 complex subunit 4","P59998_S54_M1_19","HexNAc (ST)",0.760015174459204,0.633972537254186,0.305981018118488,4,"Not significant"
"Unstim / LPS","RAB8A","P61006","P61006","RAB8A_HUMAN","Ras-related protein Rab-8A","P61006_S111_M1_19","HexNAc (ST)",4.90042500010689,0.633972537254186,0.424978609827314,6,"Not significant"
"Unstim / LPS","RAB2A","P61019","P61019","RAB2A_HUMAN","Ras-related protein Rab-2A","P61019_S67_M1_19","HexNAc (ST)",0.36270766802587,0.633972537254186,0.323742444628242,6,"Not significant"
"Unstim / LPS","RAB5B","P61020","P61020","RAB5B_HUMAN","Ras-related protein Rab-5B","P61020_S184_M1_19","HexNAc (ST)",1.367878242855,0.633972537254186,0.417030034739482,6,"Not significant"
"Unstim / LPS","HSPE1","P61604","P61604","CH10_HUMAN","10 kDa heat shock protein, mitochondrial","P61604_T79_M1_19","HexNAc (ST)",-1.28574712272137,0.633972537254186,0.345614887993633,6,"Not significant"
"Unstim / LPS","RPS8","P62241","P62241","RS8_HUMAN","Small ribosomal subunit protein eS8","P62241_T130_M1_19","HexNAc (ST)",9.62299116747532,0.633972537254186,0.422579466355292,6,"Not significant"
"Unstim / LPS","RPS6","P62753","P62753","RS6_HUMAN","Small ribosomal subunit protein eS6","P62753_T128_M2_19","HexNAc (ST)",7.60711109300996,0.633972537254186,0.422839053898661,5,"Not significant"
"Unstim / LPS","RPL8","P62917","P62917","RL8_HUMAN","Large ribosomal subunit protein uL2","P62917_T135_M3_19","HexNAc (ST)",-5.23337841786611,0.633972537254186,0.423612029740174,6,"Not significant"
"Unstim / LPS","PPIA","P62937","P62937","PPIA_HUMAN","Peptidyl-prolyl cis-trans isomerase A","P62937_T119_M2_19","HexNAc (ST)",-0.355213662667693,0.633972537254186,0.396219478687037,6,"Not significant"
"Unstim / LPS","PPIA","P62937","P62937","PPIA_HUMAN","Peptidyl-prolyl cis-trans isomerase A","P62937_T116_M2_19","HexNAc (ST)",-0.355213662667693,0.633972537254186,0.396219478687037,6,"Not significant"
"Unstim / LPS","YBX1","P67809","P67809","YBOX1_HUMAN","Y-box-binding protein 1","P67809_T108_M1_19","HexNAc (ST)",0.701873441507437,0.633972537254186,0.39945479951168,6,"Not significant"
"Unstim / LPS","TUBB4B","P68371","P68371","TBB4B_HUMAN","Tubulin beta-4B chain","P68371_S172_M1_19","HexNAc (ST)",-1.27098375906805,0.633972537254186,0.413070562170164,6,"Not significant"
"Unstim / LPS","BASP1","P80723","P80723","BASP1_HUMAN","Brain acid soluble protein 1","P80723_S40_M1_19","HexNAc (ST)",-2.26933416544661,0.633972537254186,0.40251589023457,6,"Not significant"
"Unstim / LPS","CAP1","Q01518","Q01518","CAP1_HUMAN","Adenylyl cyclase-associated protein 1","Q01518_S338_M2_19","HexNAc (ST)",-0.147716549843088,0.633972537254186,0.352896034768527,6,"Not significant"
"Unstim / LPS","NOTCH2","Q04721","Q04721","NOTC2_HUMAN","Neurogenic locus notch homolog protein 2","Q04721_T78_M1_19","HexNAc (ST)",-4.11014896859245,0.633972537254186,0.433326108526008,6,"Not significant"
"Unstim / LPS","AHNAK","Q09666","Q09666","AHNK_HUMAN","Neuroblast differentiation-associated protein AHNAK","Q09666_S2775_M1_19","HexNAc (ST)",-0.345767639180704,0.633972537254186,0.382409035131387,6,"Not significant"
"Unstim / LPS","AHNAK","Q09666","Q09666","AHNK_HUMAN","Neuroblast differentiation-associated protein AHNAK","Q09666_S3159_M1_19","HexNAc (ST)",-0.314019472599847,0.633972537254186,0.428305754177749,6,"Not significant"
"Unstim / LPS","AHNAK","Q09666","Q09666","AHNK_HUMAN","Neuroblast differentiation-associated protein AHNAK","Q09666_S3941_M1_19","HexNAc (ST)",-0.314019472599847,0.633972537254186,0.428305754177749,6,"Not significant"
"Unstim / LPS","AHNAK","Q09666","Q09666","AHNK_HUMAN","Neuroblast differentiation-associated protein AHNAK","Q09666_S2926_M1_19","HexNAc (ST)",7.63422122449431,0.633972537254186,0.422370955101244,6,"Not significant"
"Unstim / LPS","AHNAK","Q09666","Q09666","AHNK_HUMAN","Neuroblast differentiation-associated protein AHNAK","Q09666_S886_M1_19","HexNAc (ST)",0.662565433415197,0.633972537254186,0.311384309586702,6,"Not significant"
"Unstim / LPS","AHNAK","Q09666","Q09666","AHNK_HUMAN","Neuroblast differentiation-associated protein AHNAK","Q09666_S1721_M1_19","HexNAc (ST)",0.662565433415197,0.633972537254186,0.311384309586702,6,"Not significant"
"Unstim / LPS","AHNAK","Q09666","Q09666","AHNK_HUMAN","Neuroblast differentiation-associated protein AHNAK","Q09666_S2057_M1_19","HexNAc (ST)",0.662565433415197,0.633972537254186,0.311384309586702,6,"Not significant"
"Unstim / LPS","AHNAK","Q09666","Q09666","AHNK_HUMAN","Neuroblast differentiation-associated protein AHNAK","Q09666_S2519_M1_19","HexNAc (ST)",0.662565433415197,0.633972537254186,0.311384309586702,6,"Not significant"
"Unstim / LPS","AHNAK","Q09666","Q09666","AHNK_HUMAN","Neuroblast differentiation-associated protein AHNAK","Q09666_S2903_M1_19","HexNAc (ST)",0.662565433415197,0.633972537254186,0.311384309586702,6,"Not significant"
"Unstim / LPS","AHNAK","Q09666","Q09666","AHNK_HUMAN","Neuroblast differentiation-associated protein AHNAK","Q09666_S4130_M1_19","HexNAc (ST)",0.456783440244026,0.633972537254186,0.319815388590435,6,"Not significant"
"Unstim / LPS","AHNAK","Q09666","Q09666","AHNK_HUMAN","Neuroblast differentiation-associated protein AHNAK","Q09666_S4594_M1_19","HexNAc (ST)",0.456783440244026,0.633972537254186,0.319815388590435,6,"Not significant"
"Unstim / LPS","AHNAK","Q09666","Q09666","AHNK_HUMAN","Neuroblast differentiation-associated protein AHNAK","Q09666_S1298_M1_19","HexNAc (ST)",0.55019306520697,0.633972537254186,0.433593905628257,6,"Not significant"
"Unstim / LPS","AHNAK","Q09666","Q09666","AHNK_HUMAN","Neuroblast differentiation-associated protein AHNAK","Q09666_S2092_M1_19","HexNAc (ST)",0.55019306520697,0.633972537254186,0.433593905628257,6,"Not significant"
"Unstim / LPS","AHNAK","Q09666","Q09666","AHNK_HUMAN","Neuroblast differentiation-associated protein AHNAK","Q09666_S2287_M1_19","HexNAc (ST)",0.55019306520697,0.633972537254186,0.433593905628257,6,"Not significant"
"Unstim / LPS","AHNAK","Q09666","Q09666","AHNK_HUMAN","Neuroblast differentiation-associated protein AHNAK","Q09666_S2670_M1_19","HexNAc (ST)",9.61343879099598,0.633972537254186,0.422651872317344,6,"Not significant"
"Unstim / LPS","AHNAK","Q09666","Q09666","AHNK_HUMAN","Neuroblast differentiation-associated protein AHNAK","Q09666_S1414_M1_19","HexNAc (ST)",-8.92420776198272,0.633972537254186,0.422592520280569,6,"Not significant"
"Unstim / LPS","AHNAK","Q09666","Q09666","AHNK_HUMAN","Neuroblast differentiation-associated protein AHNAK","Q09666_S3182_M1_19","HexNAc (ST)",8.1809178279129,0.633972537254186,0.422085849039626,6,"Not significant"
"Unstim / LPS","AHNAK","Q09666","Q09666","AHNK_HUMAN","Neuroblast differentiation-associated protein AHNAK","Q09666_S3964_M1_19","HexNAc (ST)",8.1809178279129,0.633972537254186,0.422085849039626,6,"Not significant"
"Unstim / LPS","AHNAK","Q09666","Q09666","AHNK_HUMAN","Neuroblast differentiation-associated protein AHNAK","Q09666_S2205_M1_19","HexNAc (ST)",0.323199440588577,0.633972537254186,0.329029487001049,6,"Not significant"
"Unstim / LPS","AHNAK","Q09666","Q09666","AHNK_HUMAN","Neuroblast differentiation-associated protein AHNAK","Q09666_S2333_M1_19","HexNAc (ST)",1.59034321170356,0.633972537254186,0.341023607924614,6,"Not significant"
"Unstim / LPS","AHNAK","Q09666","Q09666","AHNK_HUMAN","Neuroblast differentiation-associated protein AHNAK","Q09666_S1542_M1_19","HexNAc (ST)",-1.1018981515456,0.633972537254186,0.319750475058645,6,"Not significant"
"Unstim / LPS","ELP6","Q0PNE2","Q0PNE2","ELP6_HUMAN","Elongator complex protein 6","Q0PNE2_S89_M1_19","HexNAc (ST)",-5.7528403021661,0.633972537254186,0.423862747136326,6,"Not significant"
"Unstim / LPS","STX5","Q13190","Q13190","STX5_HUMAN","Syntaxin-5","Q13190_S320_M1_19","HexNAc (ST)",-3.39802431278812,0.633972537254186,0.420762908981483,6,"Not significant"
"Unstim / LPS","ALCAM","Q13740","Q13740","CD166_HUMAN","CD166 antigen","Q13740_S64_M1_19","HexNAc (ST)",-4.9538196264774,0.633972537254186,0.41206327721386,6,"Not significant"
"Unstim / LPS","UBAP2L","Q14157","Q14157","UBP2L_HUMAN","Ubiquitin-associated protein 2-like","Q14157_S604_M1_19","HexNAc (ST)",5.91091301660118,0.633972537254186,0.423376858749966,6,"Not significant"
"Unstim / LPS","FRG1","Q14331","Q14331","FRG1_HUMAN","Protein FRG1","Q14331_S121_M1_19","HexNAc (ST)",-4.84293671995508,0.633972537254186,0.421434910820315,6,"Not significant"
"Unstim / LPS","FRG1","Q14331","Q14331","FRG1_HUMAN","Protein FRG1","Q14331_S121_M2_19","HexNAc (ST)",-4.6738459078754,0.633972537254186,0.42626130501111,6,"Not significant"
"Unstim / LPS","FRG1","Q14331","Q14331","FRG1_HUMAN","Protein FRG1","Q14331_S111_M2_19","HexNAc (ST)",-4.6738459078754,0.633972537254186,0.42626130501111,6,"Not significant"
"Unstim / LPS","PTGES3","Q15185","Q15185","TEBP_HUMAN","Prostaglandin E synthase 3","Q15185_S64_M1_19","HexNAc (ST)",8.62873162181904,0.633972537254186,0.422785108775895,6,"Not significant"
"Unstim / LPS","ELOB","Q15370","Q15370","ELOB_HUMAN","Elongin-B","Q15370_T56_M1_19","HexNAc (ST)",-1.29818440871823,0.633972537254186,0.35962989116929,5,"Not significant"
"Unstim / LPS","TRIP10","Q15642","Q15642","CIP4_HUMAN","Cdc42-interacting protein 4","Q15642_S265_M1_19","HexNAc (ST)",6.33600138236752,0.633972537254186,0.423254419599574,6,"Not significant"
"Unstim / LPS","ZYX","Q15942","Q15942","ZYX_HUMAN","Zyxin","Q15942_T469_M2_19","HexNAc (ST)",6.59474975920928,0.633972537254186,0.422249447494269,6,"Not significant"
"Unstim / LPS","DPYSL2","Q16555","Q16555","DPYL2_HUMAN","Dihydropyrimidinase-related protein 2","Q16555_T419_M3_19","HexNAc (ST)",5.79123858061304,0.633972537254186,0.423820384318916,6,"Not significant"
"Unstim / LPS","H2BC21","Q16778","Q16778","H2B2E_HUMAN","Histone H2B type 2-E","Q16778_S39_M2_19","HexNAc (ST)",1.85211680697297,0.633972537254186,0.300312525808133,6,"Not significant"
"Unstim / LPS","H2BC21","Q16778","Q16778","H2B2E_HUMAN","Histone H2B type 2-E","Q16778_S37_M2_19","HexNAc (ST)",1.85211680697297,0.633972537254186,0.300312525808133,6,"Not significant"
"Unstim / LPS","MIX23","Q4VC31","Q4VC31","MIX23_HUMAN","Protein MIX23","Q4VC31_S114_M1_19","HexNAc (ST)",-0.130353303102787,0.633972537254186,0.42401450948262,6,"Not significant"
"Unstim / LPS","ACTBL2","Q562R1","Q562R1","ACTBL_HUMAN","Beta-actin-like protein 2","Q562R1_T107_M2_19","HexNAc (ST)",-12.8358144808406,0.633972537254186,0.422642039361732,6,"Not significant"
"Unstim / LPS","ACTBL2","Q562R1","Q562R1","ACTBL_HUMAN","Beta-actin-like protein 2","Q562R1_T90_M2_19","HexNAc (ST)",-12.8358144808406,0.633972537254186,0.422642039361732,6,"Not significant"
"Unstim / LPS","SLC25A24","Q6NUK1","Q6NUK1","SCMC1_HUMAN","Mitochondrial adenyl nucleotide antiporter SLC25A24","Q6NUK1_S208_M1_19","HexNAc (ST)",0.820212999315115,0.633972537254186,0.361472396443011,6,"Not significant"
"Unstim / LPS","MYCBPAP","Q8TBZ2","Q8TBZ2","MYBPP_HUMAN","MYCBP-associated protein","Q8TBZ2_S582_M3_19","HexNAc (ST)",-7.08190049585443,0.633972537254186,0.423821094638307,6,"Not significant"
"Unstim / LPS","LRRC8C","Q8TDW0","Q8TDW0","LRC8C_HUMAN","Volume-regulated anion channel subunit LRRC8C","Q8TDW0_T791_M1_19","HexNAc (ST)",5.21004745845516,0.633972537254186,0.339787663456069,5,"Not significant"
"Unstim / LPS","MYO18A","Q92614","Q92614","MY18A_HUMAN","Unconventional myosin-XVIIIa","Q92614_T1661_M1_19","HexNAc (ST)",2.99463669115869,0.633972537254186,0.387275869684078,6,"Not significant"
"Unstim / LPS","NRGN","Q92686","Q92686","NEUG_HUMAN","Neurogranin","Q92686_T5_M2_19","HexNAc (ST)",-6.48444278935538,0.633972537254186,0.422837826706646,6,"Not significant"
"Unstim / LPS","QKI","Q96PU8","Q96PU8","QKI_HUMAN","KH domain-containing RNA-binding protein QKI","Q96PU8_T156_M1_19","HexNAc (ST)",1.12341661818955,0.633972537254186,0.404042271746432,6,"Not significant"
"Unstim / LPS","AKAP9","Q99996","Q99996","AKAP9_HUMAN","A-kinase anchor protein 9","Q99996_T740_M1_19","HexNAc (ST)",7.11083561004872,0.633972537254186,0.422118573020912,6,"Not significant"
"Unstim / LPS","MED17","Q9NVC6","Q9NVC6","MED17_HUMAN","Mediator of RNA polymerase II transcription subunit 17","Q9NVC6_S152_M1_19","HexNAc (ST)",-1.73420374146334,0.633972537254186,0.371637926414188,6,"Not significant"
"Unstim / LPS","NHP2","Q9NX24","Q9NX24","NHP2_HUMAN","H/ACA ribonucleoprotein complex subunit 2","Q9NX24_S40_M1_19","HexNAc (ST)",8.32376917301891,0.633972537254186,0.422283720329728,5,"Not significant"
"Unstim / LPS","DPP3","Q9NY33","Q9NY33","DPP3_HUMAN","Dipeptidyl peptidase 3","Q9NY33_S692_M2_19","HexNAc (ST)",-0.509978175716553,0.633972537254186,0.37817045757398,5,"Not significant"
"Unstim / LPS","NOP58","Q9Y2X3","Q9Y2X3","NOP58_HUMAN","Nucleolar protein 58","Q9Y2X3_T61_M2_19","HexNAc (ST)",-2.07152148121302,0.633972537254186,0.40471022609957,6,"Not significant"
"Unstim / LPS","NOP58","Q9Y2X3","Q9Y2X3","NOP58_HUMAN","Nucleolar protein 58","Q9Y2X3_T53_M2_19","HexNAc (ST)",-2.07152148121302,0.633972537254186,0.40471022609957,6,"Not significant"
"Unstim / LPS","CHTOP","Q9Y3Y2","Q9Y3Y2","CHTOP_HUMAN","Chromatin target of PRMT1 protein","Q9Y3Y2_T212_M1_19","HexNAc (ST)",0.45407356434449,0.633972537254186,0.299879339151853,5,"Not significant"
"Unstim / LPS","NDUFB9","Q9Y6M9","Q9Y6M9","NDUB9_HUMAN","NADH dehydrogenase [ubiquinone] 1 beta subcomplex subunit 9","Q9Y6M9_T11_M2_19","HexNAc (ST)",2.10706618566615,0.633972537254186,0.377023955859653,6,"Not significant"
"Unstim / LPS","NDUFB9","Q9Y6M9","Q9Y6M9","NDUB9_HUMAN","NADH dehydrogenase [ubiquinone] 1 beta subcomplex subunit 9","Q9Y6M9_S6_M2_19","HexNAc (ST)",2.10706618566615,0.633972537254186,0.377023955859653,6,"Not significant"
"Unstim / LPS","SQOR","Q9Y6N5","Q9Y6N5","SQOR_HUMAN","Sulfide:quinone oxidoreductase, mitochondrial","Q9Y6N5_S299_M1_19","HexNAc (ST)",-5.79649220199485,0.633972537254186,0.420803319692183,6,"Not significant"
"Unstim / LPS","AKAP8","O43823","O43823","AKAP8_HUMAN","A-kinase anchor protein 8","O43823_S685_M1_19","HexNAc (ST)",0.556367617270173,0.633972537254186,0.338490443431369,5,"Not significant"
"Unstim / LPS","HSPD1","P10809","P10809","CH60_HUMAN","60 kDa heat shock protein, mitochondrial","P10809_T173_M2_19","HexNAc (ST)",-5.71916859856607,0.633972537254186,0.42377326939029,5,"Not significant"
"Unstim / LPS","TAF9B","Q9HBM6","Q9HBM6","TAF9B_HUMAN","Transcription initiation factor TFIID subunit 9B","Q9HBM6_T231_M1_19","HexNAc (ST)",0.552371716119823,0.633972537254186,0.433194545312627,5,"Not significant"
"Unstim / LPS","CTSL","P07711","P07711","CATL1_HUMAN","Procathepsin L","P07711_T223_M1_19","HexNAc (ST)",0.376792796145776,0.633972537254186,0.370041806674287,5,"Not significant"
"Unstim / LPS","GLUD1","P00367","P00367","DHE3_HUMAN","Glutamate dehydrogenase 1, mitochondrial","P00367_S166_M1_19","HexNAc (ST)",0.812722273249425,0.634501765658926,0.440609842100117,6,"Not significant"
"Unstim / LPS","MANF","P55145","P55145","MANF_HUMAN","Mesencephalic astrocyte-derived neurotrophic factor","P55145_T129_M1_19","HexNAc (ST)",-0.288092721397221,0.634871495767382,0.442739434556185,4,"Not significant"
"Unstim / LPS","AHNAK","Q09666","Q09666","AHNK_HUMAN","Neuroblast differentiation-associated protein AHNAK","Q09666_T4564_M1_19","HexNAc (ST)",0.259802044314585,0.634993839234258,0.443801706836501,6,"Not significant"
"Unstim / LPS","RPLP2","P05387","P05387","RLA2_HUMAN","Large ribosomal subunit protein P2","P05387_S44_M1_19","HexNAc (ST)",-0.607226093384342,0.635238015808089,0.44483313321263,6,"Not significant"
"Unstim / LPS","HSPA2","P54652","P54652","HSP72_HUMAN","Heat shock-related 70 kDa protein 2","P54652_T126_M1_19","HexNAc (ST)",0.533679438504628,0.635238015808089,0.444787380631538,5,"Not significant"
"Unstim / LPS","RNH1","P13489","P13489","RINI_HUMAN","Ribonuclease inhibitor","P13489_S84_M2_19","HexNAc (ST)",0.287805695675737,0.635510170709625,0.44613115477097,6,"Not significant"
"Unstim / LPS","RNH1","P13489","P13489","RINI_HUMAN","Ribonuclease inhibitor","P13489_T82_M2_19","HexNAc (ST)",0.287805695675737,0.635510170709625,0.44613115477097,6,"Not significant"
"Unstim / LPS","H2AX","P16104","P16104","H2AX_HUMAN","Histone H2AX","P16104_T102_M1_19","HexNAc (ST)",-1.77142615697982,0.635543122216393,0.446348180943531,6,"Not significant"
"Unstim / LPS","POFUT2","Q9Y2G5","Q9Y2G5","OFUT2_HUMAN","GDP-fucose protein O-fucosyltransferase 2","Q9Y2G5_S282_M1_19","HexNAc (ST)",-1.60708409300697,0.635967387120515,0.447767449810986,6,"Not significant"
"Unstim / LPS","NaN","Cont_P02081","Cont_P02081","HBBF_BOVIN","Hemoglobin fetal subunit beta","Cont_P02081_S12_M2_19","HexNAc (ST)",0.279736705157287,0.636370909123587,0.449995764477214,6,"Not significant"
"Unstim / LPS","NaN","Cont_P02081","Cont_P02081","HBBF_BOVIN","Hemoglobin fetal subunit beta","Cont_P02081_T11_M2_19","HexNAc (ST)",0.279736705157287,0.636370909123587,0.449995764477214,6,"Not significant"
"Unstim / LPS","TRIM28","Q13263","Q13263","TIF1B_HUMAN","Transcription intermediary factor 1-beta","Q13263_S756_M2_19","HexNAc (ST)",0.522051553783574,0.636511728178168,0.450388772703671,6,"Not significant"
"Unstim / LPS","HSPA9","P38646","P38646","GRP75_HUMAN","Stress-70 protein, mitochondrial","P38646_T224_M2_19","HexNAc (ST)",-1.15294124090175,0.638005723008524,0.456420216658139,6,"Not significant"
"Unstim / LPS","HSPA9","P38646","P38646","GRP75_HUMAN","Stress-70 protein, mitochondrial","P38646_S212_M2_19","HexNAc (ST)",-1.15294124090175,0.638005723008524,0.456420216658139,6,"Not significant"
"Unstim / LPS","AHNAK","Q09666","Q09666","AHNK_HUMAN","Neuroblast differentiation-associated protein AHNAK","Q09666_S2580_M1_19","HexNAc (ST)",0.222401935824688,0.638822378630922,0.459324606424881,6,"Not significant"
"Unstim / LPS","AHNAK","Q09666","Q09666","AHNK_HUMAN","Neuroblast differentiation-associated protein AHNAK","Q09666_S4002_M1_19","HexNAc (ST)",0.222401935824688,0.638822378630922,0.459324606424881,6,"Not significant"
"Unstim / LPS","AHNAK","Q09666","Q09666","AHNK_HUMAN","Neuroblast differentiation-associated protein AHNAK","Q09666_S4258_M1_19","HexNAc (ST)",0.222401935824688,0.638822378630922,0.459324606424881,6,"Not significant"
"Unstim / LPS","AHNAK","Q09666","Q09666","AHNK_HUMAN","Neuroblast differentiation-associated protein AHNAK","Q09666_S4460_M1_19","HexNAc (ST)",0.222401935824688,0.638822378630922,0.459324606424881,6,"Not significant"
"Unstim / LPS","RENBP","P51606","P51606","RENBP_HUMAN","N-acylglucosamine 2-epimerase","P51606_S230_M1_19","HexNAc (ST)",-0.95345485208393,0.639318466939942,0.460999637311824,6,"Not significant"
"Unstim / LPS","UBQLN1","Q9UMX0","Q9UMX0","UBQL1_HUMAN","Ubiquilin-1","Q9UMX0_S71_M2_19","HexNAc (ST)",1.6287818466094,0.639404561178159,0.461335848430149,5,"Not significant"
"Unstim / LPS","PRSS1","Cont_P00760","Cont_P00760","TRY1_BOVIN","Serine protease 1","Cont_P00760_S169_M2_19","HexNAc (ST)",0.579934314632058,0.639866727467034,0.462997587114961,6,"Not significant"
"Unstim / LPS","HAX1","O00165","O00165","HAX1_HUMAN","HCLS1-associated protein X-1","O00165_S2_M1_19","HexNAc (ST)",0.316997980992067,0.640614114163028,0.465919717658901,6,"Not significant"
"Unstim / LPS","FIP1L1","Q6UN15","Q6UN15","FIP1_HUMAN","Pre-mRNA 3'-end-processing factor FIP1","Q6UN15_S324_M3_19","HexNAc (ST)",0.229405516197413,0.641762034188701,0.469842759984376,6,"Not significant"
"Unstim / LPS","FIP1L1","Q6UN15","Q6UN15","FIP1_HUMAN","Pre-mRNA 3'-end-processing factor FIP1","Q6UN15_T322_M3_19","HexNAc (ST)",0.229405516197413,0.641762034188701,0.469842759984376,6,"Not significant"
"Unstim / LPS","FIP1L1","Q6UN15","Q6UN15","FIP1_HUMAN","Pre-mRNA 3'-end-processing factor FIP1","Q6UN15_T320_M3_19","HexNAc (ST)",0.229405516197413,0.641762034188701,0.469842759984376,6,"Not significant"
"Unstim / LPS","HSPA9","P38646","P38646","GRP75_HUMAN","Stress-70 protein, mitochondrial","P38646_T504_M1_19","HexNAc (ST)",0.162117478295242,0.64425682346901,0.477880131362515,6,"Not significant"
"Unstim / LPS","EPRS1","P07814","P07814","SYEP_HUMAN","Bifunctional glutamate/proline--tRNA ligase","P07814_T1110_M1_19","HexNAc (ST)",7.14927898219596,0.644696789200346,0.500183740898443,4,"Not significant"
"Unstim / LPS","HMGB1","P09429","P09429","HMGB1_HUMAN","High mobility group protein B1","P09429_S121_M1_19","HexNAc (ST)",-0.158168450300682,0.644696789200346,0.497865476994029,6,"Not significant"
"Unstim / LPS","HSP90B1","P14625","P14625","ENPL_HUMAN","Endoplasmin","P14625_T722_M1_19","HexNAc (ST)",-2.83433411784667,0.644696789200346,0.494856655087188,5,"Not significant"
"Unstim / LPS","APEX1","P27695","P27695","APEX1_HUMAN","DNA-(apurinic or apyrimidinic site) endonuclease","P27695_T61_M1_19","HexNAc (ST)",8.9170950766177,0.644696789200346,0.500189118554533,5,"Not significant"
"Unstim / LPS","CAPG","P40121","P40121","CAPG_HUMAN","Macrophage-capping protein","P40121_T264_M1_19","HexNAc (ST)",-6.27658931523804,0.644696789200346,0.500008041355516,5,"Not significant"
"Unstim / LPS","TMSB4X","P62328","P62328","TYB4_HUMAN","Thymosin beta-4","P62328_S2_M1_19","HexNAc (ST)",-0.268984232983818,0.644696789200346,0.494219353695606,6,"Not significant"
"Unstim / LPS","AHNAK","Q09666","Q09666","AHNK_HUMAN","Neuroblast differentiation-associated protein AHNAK","Q09666_S4789_M2_19","HexNAc (ST)",0.199601058107698,0.644696789200346,0.486901638081404,5,"Not significant"
"Unstim / LPS","TRIM28","Q13263","Q13263","TIF1B_HUMAN","Transcription intermediary factor 1-beta","Q13263_S784_M1_19","HexNAc (ST)",-6.82477770252598,0.644696789200346,0.500274539607932,4,"Not significant"
"Unstim / LPS","SP140L","Q9H930","Q9H930","SP14L_HUMAN","Nuclear body protein SP140-like protein","Q9H930_T71_M1_19","HexNAc (ST)",-0.228514832039651,0.644696789200346,0.481121883261661,6,"Not significant"
"Unstim / LPS","RAB18","Q9NP72","Q9NP72","RAB18_HUMAN","Ras-related protein Rab-18","Q9NP72_T49_M2_19","HexNAc (ST)",-7.96661950772435,0.644696789200346,0.500167261815713,5,"Not significant"
"Unstim / LPS","RTRAF","Q9Y224","Q9Y224","RTRAF_HUMAN","RNA transcription, translation and transport factor protein","Q9Y224_T175_M1_19","HexNAc (ST)",0.927527739522359,0.644696789200346,0.481337781344502,6,"Not significant"
"Unstim / LPS","CA2","P00918","P00918","CAH2_HUMAN","Carbonic anhydrase 2","P00918_S56_M2_19","HexNAc (ST)",-4.54731856555088,0.644696789200346,0.497635610162599,4,"Not significant"
"Unstim / LPS","CA2","P00918","P00918","CAH2_HUMAN","Carbonic anhydrase 2","P00918_T55_M2_19","HexNAc (ST)",-4.54731856555088,0.644696789200346,0.497635610162599,4,"Not significant"
"Unstim / LPS","UBA1","P22314","P22314","UBA1_HUMAN","Ubiquitin-like modifier-activating enzyme 1","P22314_S803_M2_19","HexNAc (ST)",0.59139487347355,0.644696789200346,0.479486261639665,5,"Not significant"
"Unstim / LPS","EEPD1","Q7L9B9","Q7L9B9","EEPD1_HUMAN","Endonuclease/exonuclease/phosphatase family domain-containing protein 1","Q7L9B9_T89_M2_19","HexNAc (ST)",-7.7898517494154,0.644696789200346,0.499125194487823,4,"Not significant"
"Unstim / LPS","RPS4X","P62701","P62701","RS4X_HUMAN","Small ribosomal subunit protein eS4, X isoform","P62701_T184_M2_19","HexNAc (ST)",8.22137286787768,0.644696789200346,0.500060183305925,5,"Not significant"
"Unstim / LPS","PRSS1","Cont_P00760","Cont_P00760","TRY1_BOVIN","Serine protease 1","Cont_P00760_S121_M1_19","HexNAc (ST)",3.83054476325774,0.644834817785193,0.504794946498385,5,"Not significant"
"Unstim / LPS","CDC42","P60953","P60953","CDC42_HUMAN","Cell division control protein 42 homolog","P60953_T161_M1_19","HexNAc (ST)",-1.73030737162084,0.644947817966416,0.505690373938867,6,"Not significant"
"Unstim / LPS","ACTN4","O43707","O43707","ACTN4_HUMAN","Alpha-actinin-4","O43707_T519_M1_19","HexNAc (ST)",1.03078754567259,0.645022055691565,0.506225464842472,6,"Not significant"
"Unstim / LPS","TRIP12","Q14669","Q14669","TRIPC_HUMAN","E3 ubiquitin-protein ligase TRIP12","Q14669_T758_M1_19","HexNAc (ST)",-0.373979141386212,0.645210200840803,0.507606901173293,6,"Not significant"
"Unstim / LPS","PSMC3","P17980","P17980","PRS6A_HUMAN","26S proteasome regulatory subunit 6A","P17980_S281_M1_19","HexNAc (ST)",0.424705929256396,0.646307338831803,0.511536906500991,4,"Not significant"
"Unstim / LPS","MYH9","P35579","P35579","MYH9_HUMAN","Myosin-9","P35579_S1457_M2_19","HexNAc (ST)",0.379251632325441,0.646384500559715,0.511853415138207,6,"Not significant"
"Unstim / LPS","EIPR1","Q53HC9","Q53HC9","EIPR1_HUMAN","EARP and GARP complex-interacting protein 1","Q53HC9_S36_M2_19","HexNAc (ST)",0.756990680745941,0.646483060848692,0.512221922532423,6,"Not significant"
"Unstim / LPS","EIPR1","Q53HC9","Q53HC9","EIPR1_HUMAN","EARP and GARP complex-interacting protein 1","Q53HC9_T34_M2_19","HexNAc (ST)",0.756990680745941,0.646483060848692,0.512221922532423,6,"Not significant"
"Unstim / LPS","PTCD1","O75127","O75127","PTCD1_HUMAN","Pentatricopeptide repeat-containing protein 1, mitochondrial","O75127_T576_M1_19","HexNAc (ST)",0.115423901613533,0.646610269967233,0.512786061854174,6,"Not significant"
"Unstim / LPS","GRPEL1","Q9HAV7","Q9HAV7","GRPE1_HUMAN","GrpE protein homolog 1, mitochondrial","Q9HAV7_T147_M2_19","HexNAc (ST)",-0.609561928366285,0.646988870438588,0.514054674069899,5,"Not significant"
"Unstim / LPS","PRKCSH","P14314","P14314","GLU2B_HUMAN","Glucosidase 2 subunit beta","P14314_S168_M1_19","HexNAc (ST)",1.03399772076567,0.647126129559111,0.514502593425656,6,"Not significant"
"Unstim / LPS","NCL","P19338","P19338","NUCL_HUMAN","Nucleolin","P19338_S619_M1_19","HexNAc (ST)",-0.49478997080439,0.647273982525147,0.515083089903725,6,"Not significant"
"Unstim / LPS","ATP6V1E1","P36543","P36543","VATE1_HUMAN","V-type proton ATPase subunit E 1","P36543_S73_M1_19","HexNAc (ST)",-0.251011808236593,0.647775763561814,0.517181945374403,6,"Not significant"
"Unstim / LPS","AHNAK","Q09666","Q09666","AHNK_HUMAN","Neuroblast differentiation-associated protein AHNAK","Q09666_S3746_M1_19","HexNAc (ST)",1.07615026634718,0.64783148078476,0.517339509039602,6,"Not significant"
"Unstim / LPS","HMGB2","P26583","P26583","HMGB2_HUMAN","High mobility group protein B2","P26583_S58_M1_19","HexNAc (ST)",0.605399037309706,0.648260962262983,0.518823989910378,6,"Not significant"
"Unstim / LPS","NDUFAF2","Q8N183","Q8N183","NDUF2_HUMAN","NADH dehydrogenase [ubiquinone] 1 alpha subcomplex assembly factor 2","Q8N183_S102_M1_19","HexNAc (ST)",1.07388814567348,0.64852583626687,0.519620887291906,6,"Not significant"
"Unstim / LPS","GAA","P10253","P10253","LYAG_HUMAN","Lysosomal alpha-glucosidase","P10253_T884_M1_19","HexNAc (ST)",0.422003369152069,0.6499414791176,0.524570144220432,6,"Not significant"
"Unstim / LPS","PHB1","P35232","P35232","PHB1_HUMAN","Prohibitin 1","P35232_S218_M1_19","HexNAc (ST)",-0.391117353614849,0.650236172548915,0.525349936111817,5,"Not significant"
"Unstim / LPS","RNH1","P13489","P13489","RINI_HUMAN","Ribonuclease inhibitor","P13489_S50_M1_19","HexNAc (ST)",0.514648127855446,0.650622674773586,0.526320450878897,5,"Not significant"
"Unstim / LPS","PPIA","P62937","P62937","PPIA_HUMAN","Peptidyl-prolyl cis-trans isomerase A","P62937_T73_M2_19","HexNAc (ST)",2.03405566113279,0.650942360588614,0.52726653457362,6,"Not significant"
"Unstim / LPS","TJP2","Q9UDY2","Q9UDY2","ZO2_HUMAN","Tight junction protein ZO-2","Q9UDY2_T757_M1_19","HexNAc (ST)",0.178727300300539,0.651426224010194,0.528732957304214,6,"Not significant"
"Unstim / LPS","TMPO","P42166","P42166","LAP2A_HUMAN","Lamina-associated polypeptide 2, isoform alpha","P42166_T26_M1_19","HexNAc (ST)",0.411798710025958,0.651574088654562,0.529097521772374,6,"Not significant"
"Unstim / LPS","TOP1","P11387","P11387","TOP1_HUMAN","DNA topoisomerase 1","P11387_T258_M2_19","HexNAc (ST)",-0.545144012705772,0.653912336244757,0.535861549493259,5,"Not significant"
"Unstim / LPS","H2AC11;H2AC12;H2AC14","P0C0S8;Q96KK5;Q99878","P0C0S8;Q96KK5;Q99878","H2A1_HUMAN;H2A1H_HUMAN;H2A1J_HUMAN","Histone H2A type 1;Histone H2A type 1-H;Histone H2A type 1-J","P0C0S8_T60_M1_19","HexNAc (ST)",-1.11948237922123,0.654821864593542,0.538912823902526,6,"Not significant"
"Unstim / LPS","H2AC11;H2AC12;H2AC14","P0C0S8;Q96KK5;Q99878","P0C0S8;Q96KK5;Q99878","H2A1_HUMAN;H2A1H_HUMAN;H2A1J_HUMAN","Histone H2A type 1;Histone H2A type 1-H;Histone H2A type 1-J","Q96KK5_T60_M1_19","HexNAc (ST)",-1.11948237922123,0.654821864593542,0.538912823902526,6,"Not significant"
"Unstim / LPS","H2AC11;H2AC12;H2AC14","P0C0S8;Q96KK5;Q99878","P0C0S8;Q96KK5;Q99878","H2A1_HUMAN;H2A1H_HUMAN;H2A1J_HUMAN","Histone H2A type 1;Histone H2A type 1-H;Histone H2A type 1-J","Q99878_T60_M1_19","HexNAc (ST)",-1.11948237922123,0.654821864593542,0.538912823902526,6,"Not significant"
"Unstim / LPS","SLC25A5","P05141","P05141","ADT2_HUMAN","ADP/ATP translocase 2","P05141_S22_M2_19","HexNAc (ST)",1.51148653223647,0.654854251984049,0.539027207864317,6,"Not significant"
"Unstim / LPS","SEC16A","O15027","O15027","SC16A_HUMAN","Protein transport protein Sec16A","O15027_S331_M1_19","HexNAc (ST)",-0.160015195278232,0.6553544690296,0.540517808108502,6,"Not significant"
"Unstim / LPS","CS","O75390","O75390","CISY_HUMAN","Citrate synthase, mitochondrial","O75390_S97_M2_19","HexNAc (ST)",0.895056116555175,0.657069374893297,0.545419565808754,5,"Not significant"
"Unstim / LPS","AHNAK","Q09666","Q09666","AHNK_HUMAN","Neuroblast differentiation-associated protein AHNAK","Q09666_T788_M2_19","HexNAc (ST)",-0.690769671626689,0.658480085684128,0.549858129590181,6,"Not significant"
"Unstim / LPS","PDIA6","Q15084","Q15084","PDIA6_HUMAN","Protein disulfide-isomerase A6","Q15084_S230_M1_19","HexNAc (ST)",0.302565793711904,0.658750888202664,0.5506580584602,5,"Not significant"
"Unstim / LPS","ETFA","P13804","P13804","ETFA_HUMAN","Electron transfer flavoprotein subunit alpha, mitochondrial","P13804_S133_M1_19","HexNAc (ST)",-0.893656978204727,0.659602554756158,0.553128079073038,6,"Not significant"
"Unstim / LPS","GAA","P10253","P10253","LYAG_HUMAN","Lysosomal alpha-glucosidase","P10253_T700_M2_19","HexNAc (ST)",0.871651700082067,0.659930597027398,0.55419423774593,5,"Not significant"
"Unstim / LPS","CMPK1","P30085","P30085","KCY_HUMAN","UMP-CMP kinase","P30085_S180_M1_19","HexNAc (ST)",1.07122010061486,0.6600987509987,0.554693106533005,4,"Not significant"
"Unstim / LPS","TMPO","P42166","P42166","LAP2A_HUMAN","Lamina-associated polypeptide 2, isoform alpha","P42166_S18_M2_19","HexNAc (ST)",-0.399373710494071,0.660409530228233,0.555606465759024,6,"Not significant"
"Unstim / LPS","DSTN","P60981","P60981","DEST_HUMAN","Destrin","P60981_T65_M2_19","HexNAc (ST)",0.135370515151455,0.660837993239226,0.556768712562985,6,"Not significant"
"Unstim / LPS","DSTN","P60981","P60981","DEST_HUMAN","Destrin","P60981_T63_M2_19","HexNAc (ST)",0.135370515151455,0.660837993239226,0.556768712562985,6,"Not significant"
"Unstim / LPS","MAGT1","Q9H0U3","Q9H0U3","MAGT1_HUMAN","Magnesium transporter protein 1","Q9H0U3_S38_M2_19","HexNAc (ST)",-0.232253532406945,0.661037167529355,0.55742284310807,5,"Not significant"
"Unstim / LPS","SUMO2","P61956","P61956","SUMO2_HUMAN","Small ubiquitin-related modifier 2","P61956_T12_M1_19","HexNAc (ST)",1.71646874733286,0.662415700609752,0.561449590893481,6,"Not significant"
"Unstim / LPS","NCL","P19338","P19338","NUCL_HUMAN","Nucleolin","P19338_S328_M1_19","HexNAc (ST)",-0.955016237862639,0.665333468669762,0.570533079994168,5,"Not significant"
"Unstim / LPS","ENO1","P06733","P06733","ENOA_HUMAN","Alpha-enolase","P06733_T229_M1_19","HexNAc (ST)",-0.73254023401363,0.666374919591423,0.573541735507871,6,"Not significant"
"Unstim / LPS","RAB4A","P20338","P20338","RAB4A_HUMAN","Ras-related protein Rab-4A","P20338_T69_M1_19","HexNAc (ST)",0.227255514276163,0.667086476604433,0.575844346853229,6,"Not significant"
"Unstim / LPS","RPS28","P62857","P62857","RS28_HUMAN","Small ribosomal subunit protein eS28","P62857_S61_M1_19","HexNAc (ST)",-0.108746608918006,0.667976931505559,0.578539389960352,6,"Not significant"
"Unstim / LPS","EIF4G2","P78344","P78344","IF4G2_HUMAN","Eukaryotic translation initiation factor 4 gamma 2","P78344_S272_M1_19","HexNAc (ST)",-0.413241448202708,0.668213605569683,0.579182060530133,6,"Not significant"
"Unstim / LPS","EEA1","Q15075","Q15075","EEA1_HUMAN","Early endosome antigen 1","Q15075_T560_M1_19","HexNAc (ST)",-0.211292357344541,0.668230754585982,0.579269743943534,6,"Not significant"
"Unstim / LPS","HSPA8","P11142","P11142","HSP7C_HUMAN","Heat shock cognate 71 kDa protein","P11142_S85_M1_19","HexNAc (ST)",-0.783600620863929,0.669377169223584,0.583071558209786,6,"Not significant"
"Unstim / LPS","IDH3A","P50213","P50213","IDH3A_HUMAN","Isocitrate dehydrogenase [NAD] subunit alpha, mitochondrial","P50213_T101_M2_19","HexNAc (ST)",0.125809524798748,0.669405428829218,0.58324818574092,4,"Not significant"
"Unstim / LPS","CANX","P27824","P27824","CALX_HUMAN","Calnexin","P27824_T59_M1_19","HexNAc (ST)",-0.641056080861243,0.671272234385811,0.588742166124325,5,"Not significant"
"Unstim / LPS","RGPD2","P0DJD1","P0DJD1","RGPD2_HUMAN","RANBP2-like and GRIP domain-containing protein 2","P0DJD1_S1067_M1_19","HexNAc (ST)",0.165989991141068,0.671363379227201,0.589004373825768,6,"Not significant"
"Unstim / LPS","ENO1","P06733","P06733","ENOA_HUMAN","Alpha-enolase","P06733_T205_M1_19","HexNAc (ST)",0.330665886867934,0.671591400643962,0.589903420189086,6,"Not significant"
"Unstim / LPS","HCFC1","P51610","P51610","HCFC1_HUMAN","Host cell factor 1","P51610_S1497_M2_19","HexNAc (ST)",-1.08936703131438,0.673661437907448,0.596161748842207,6,"Not significant"
"Unstim / LPS","S100A11","P31949","P31949","S10AB_HUMAN","Protein S100-A11","P31949_S5_M1_19","HexNAc (ST)",0.348142741518527,0.67372061927572,0.596352344028221,6,"Not significant"
"Unstim / LPS","LETM1","O95202","O95202","LETM1_HUMAN","Mitochondrial proton/calcium exchanger protein","O95202_S580_M1_19","HexNAc (ST)",0.303266241664085,0.677074499080998,0.606030908608986,6,"Not significant"
"Unstim / LPS","CCT8","P50990","P50990","TCPQ_HUMAN","T-complex protein 1 subunit theta","P50990_T71_M1_19","HexNAc (ST)",0.182091043375394,0.677138843387264,0.606204407351469,5,"Not significant"
"Unstim / LPS","AHNAK","Q09666","Q09666","AHNK_HUMAN","Neuroblast differentiation-associated protein AHNAK","Q09666_S845_M2_19","HexNAc (ST)",-1.36466414794419,0.677492955790355,0.607204043330374,6,"Not significant"
"Unstim / LPS","AHNAK","Q09666","Q09666","AHNK_HUMAN","Neuroblast differentiation-associated protein AHNAK","Q09666_T839_M2_19","HexNAc (ST)",-1.36466414794419,0.677492955790355,0.607204043330374,6,"Not significant"
"Unstim / LPS","CAPG","P40121","P40121","CAPG_HUMAN","Macrophage-capping protein","P40121_S255_M2_19","HexNAc (ST)",0.0983194168544038,0.678602453927578,0.610712100626174,6,"Not significant"
"Unstim / LPS","NCL","P19338","P19338","NUCL_HUMAN","Nucleolin","P19338_S319_M1_19","HexNAc (ST)",0.194073677330311,0.679258207015221,0.612731594074978,6,"Not significant"
"Unstim / LPS","TRIP11","Q15643","Q15643","TRIPB_HUMAN","Thyroid receptor-interacting protein 11","Q15643_T1655_M1_19","HexNAc (ST)",-1.36575376683254,0.679380836765901,0.613111519325133,6,"Not significant"
"Unstim / LPS","MANF","P55145","P55145","MANF_HUMAN","Mesencephalic astrocyte-derived neurotrophic factor","P55145_T55_M1_19","HexNAc (ST)",-1.34604721550098,0.680582277003931,0.616806528407344,6,"Not significant"
"Unstim / LPS","PTRH1","Q86Y79","Q86Y79","PTH_HUMAN","Peptidyl-tRNA hydrolase","Q86Y79_S181_M1_19","HexNAc (ST)",0.470944442186797,0.682996629777898,0.623922774270998,6,"Not significant"
"Unstim / LPS","PPIA","P62937","P62937","PPIA_HUMAN","Peptidyl-prolyl cis-trans isomerase A","P62937_T93_M2_19","HexNAc (ST)",-1.5543248767531,0.6837978004013,0.626431997257397,5,"Not significant"
"Unstim / LPS","OSBPL8","Q9BZF1","Q9BZF1","OSBL8_HUMAN","Oxysterol-binding protein-related protein 8","Q9BZF1_T491_M1_19","HexNAc (ST)",0.560394068365276,0.686545257240137,0.635019060880993,6,"Not significant"
"Unstim / LPS","EIF4A1","P60842","P60842","IF4A1_HUMAN","Eukaryotic initiation factor 4A-I","P60842_S342_M2_19","HexNAc (ST)",-0.192508088356184,0.68658593928748,0.635171051607313,6,"Not significant"
"Unstim / LPS","TAP1","Q03518","Q03518","TAP1_HUMAN","Antigen peptide transporter 1","Q03518_T376_M1_19","HexNAc (ST)",-0.18687742625052,0.688138347957808,0.640291394935486,6,"Not significant"
"Unstim / LPS","HNRNPU","Q00839","Q00839","HNRPU_HUMAN","Heterogeneous nuclear ribonucleoprotein U","Q00839_S746_M1_19","HexNAc (ST)",-0.18089065319812,0.688526742558692,0.641566231024374,6,"Not significant"
"Unstim / LPS","RNASET2","O00584","O00584","RNT2_HUMAN","Ribonuclease T2","O00584_S103_M1_19","HexNAc (ST)",0.37042379641349,0.689052727200648,0.643437614350771,6,"Not significant"
"Unstim / LPS","MYH9","P35579","P35579","MYH9_HUMAN","Myosin-9","P35579_T1276_M1_19","HexNAc (ST)",-0.068173701861665,0.690409976256323,0.647460281682079,4,"Not significant"
"Unstim / LPS","CHMP4B","Q9H444","Q9H444","CHM4B_HUMAN","Charged multivesicular body protein 4b","Q9H444_T21_M1_19","HexNAc (ST)",0.076811468158126,0.690976639027298,0.649243195925592,6,"Not significant"
"Unstim / LPS","SERPINB8","P50452","P50452","SPB8_HUMAN","Serpin B8","P50452_S276_M1_19","HexNAc (ST)",0.513061151290807,0.693233435464338,0.655867708478328,6,"Not significant"
"Unstim / LPS","PRKCSH","P14314","P14314","GLU2B_HUMAN","Glucosidase 2 subunit beta","P14314_T287_M1_19","HexNAc (ST)",-0.367763208057985,0.69564265702683,0.663610572544623,4,"Not significant"
"Unstim / LPS","CALR","P27797","P27797","CALR_HUMAN","Calreticulin","P27797_T173_M1_19","HexNAc (ST)",0.198625690343184,0.696313050023032,0.665886587167589,5,"Not significant"
"Unstim / LPS","CAPZA1","P52907","P52907","CAZA1_HUMAN","F-actin-capping protein subunit alpha-1","P52907_S95_M1_19","HexNAc (ST)",-0.788849706349139,0.696994264146213,0.668058470316532,6,"Not significant"
"Unstim / LPS","CANX","P27824","P27824","CALX_HUMAN","Calnexin","P27824_S74_M1_19","HexNAc (ST)",-1.21356087360699,0.697282549632743,0.669168824936279,5,"Not significant"
"Unstim / LPS","PDIA3","P30101","P30101","PDIA3_HUMAN","Protein disulfide-isomerase A3","P30101_T248_M1_19","HexNAc (ST)",-0.157837096970897,0.697969340094053,0.671442126122677,6,"Not significant"
"Unstim / LPS","ACTR3","P61158","P61158","ARP3_HUMAN","Actin-related protein 3","P61158_T369_M1_19","HexNAc (ST)",-0.326557120420744,0.699824250183983,0.677356032286729,6,"Not significant"
"Unstim / LPS","ERP44","Q9BS26","Q9BS26","ERP44_HUMAN","Endoplasmic reticulum resident protein 44","Q9BS26_S353_M1_19","HexNAc (ST)",0.132899909075548,0.70251717300301,0.686111343904305,6,"Not significant"
"Unstim / LPS","NF2","P35240","P35240","MERL_HUMAN","Merlin","P35240_S444_M1_19","HexNAc (ST)",-0.154682201084494,0.702634137330046,0.686481320243769,6,"Not significant"
"Unstim / LPS","ATP1A1","P05023","P05023","AT1A1_HUMAN","Sodium/potassium-transporting ATPase subunit alpha-1","P05023_S675_M2_19","HexNAc (ST)",-0.80628529331622,0.705468023589988,0.695734782230018,6,"Not significant"
"Unstim / LPS","ENO2","P09104","P09104","ENOG_HUMAN","Gamma-enolase","P09104_S221_M1_19","HexNAc (ST)",0.225020327764729,0.706123052392863,0.697834407656517,5,"Not significant"
"Unstim / LPS","PER1","O15534","O15534","PER1_HUMAN","Period circadian protein homolog 1","O15534_S1186_M1_19","HexNAc (ST)",0.167105283951732,0.70676328535868,0.699539144142039,6,"Not significant"
"Unstim / LPS","SCP2","P22307","P22307","SCP2_HUMAN","Sterol carrier protein 2","P22307_T526_M1_19","HexNAc (ST)",0.0946583539801714,0.707366382953368,0.701432867906461,6,"Not significant"
"Unstim / LPS","HNRNPUL2","Q1KMD3","Q1KMD3","HNRL2_HUMAN","Heterogeneous nuclear ribonucleoprotein U-like protein 2","Q1KMD3_S543_M1_19","HexNAc (ST)",-0.743097615883639,0.707592546153256,0.70225028607491,6,"Not significant"
"Unstim / LPS","AHNAK","Q09666","Q09666","AHNK_HUMAN","Neuroblast differentiation-associated protein AHNAK","Q09666_S3894_M1_19","HexNAc (ST)",0.278394023369705,0.707826709302157,0.702960140860585,6,"Not significant"
"Unstim / LPS","HLA-A","P04439","P04439","HLAA_HUMAN","HLA class I histocompatibility antigen, A alpha chain","P04439_S275_M1_19","HexNAc (ST)",-0.149123903628841,0.707984417971566,0.703503162035387,6,"Not significant"
"Unstim / LPS","GDI2","P50395","P50395","GDIB_HUMAN","Rab GDP dissociation inhibitor beta","P50395_T185_M1_19","HexNAc (ST)",-0.587459397877333,0.708857685889762,0.706531003051212,6,"Not significant"
"Unstim / LPS","TMSB4X","P62328","P62328","TYB4_HUMAN","Thymosin beta-4","P62328_S16_M1_19","HexNAc (ST)",0.884780958031309,0.709501222604751,0.708706713715648,6,"Not significant"
"Unstim / LPS","LYSMD2","Q8IV50","Q8IV50","LYSM2_HUMAN","LysM and putative peptidoglycan-binding domain-containing protein 2","Q8IV50_T80_M1_19","HexNAc (ST)",-0.460375786428166,0.709534165593721,0.708789665937592,6,"Not significant"
"Unstim / LPS","PDIA3","P30101","P30101","PDIA3_HUMAN","Protein disulfide-isomerase A3","P30101_T212_M2_19","HexNAc (ST)",-0.226800884768512,0.709689378861806,0.709330476076113,6,"Not significant"
"Unstim / LPS","PDIA3","P30101","P30101","PDIA3_HUMAN","Protein disulfide-isomerase A3","P30101_S209_M2_19","HexNAc (ST)",-0.226800884768512,0.709689378861806,0.709330476076113,6,"Not significant"
"Unstim / LPS","NUCB2","P80303","P80303","NUCB2_HUMAN","Nucleobindin-2","P80303_S124_M1_19","HexNAc (ST)",-0.240078276568816,0.711086462061225,0.713935452003589,6,"Not significant"
"Unstim / LPS","GSN","P06396","P06396","GELS_HUMAN","Gelsolin","P06396_S537_M1_19","HexNAc (ST)",0.128009890241206,0.712188608969108,0.717645347920559,6,"Not significant"
"Unstim / LPS","HSPD1","P10809","P10809","CH60_HUMAN","60 kDa heat shock protein, mitochondrial","P10809_T54_M1_19","HexNAc (ST)",0.279515732952377,0.712395642451984,0.718380117206469,6,"Not significant"
"Unstim / LPS","PLOD3","O60568","O60568","PLOD3_HUMAN","Multifunctional procollagen lysine hydroxylase and glycosyltransferase LH3","O60568_S209_M1_19","HexNAc (ST)",-0.161697706373467,0.712798806199224,0.719776863796707,6,"Not significant"
"Unstim / LPS","ITGAX","P20702","P20702","ITAX_HUMAN","Integrin alpha-X","P20702_S266_M1_19","HexNAc (ST)",-0.287765825359826,0.71305294612291,0.72059056423399,6,"Not significant"
"Unstim / LPS","ATP13A1","Q9HD20","Q9HD20","AT131_HUMAN","Endoplasmic reticulum transmembrane helix translocase","Q9HD20_S790_M1_19","HexNAc (ST)",0.728192465524112,0.713459925669038,0.721968435259047,5,"Not significant"
"Unstim / LPS","P4HB","P07237","P07237","PDIA1_HUMAN","Protein disulfide-isomerase","P07237_S357_M1_19","HexNAc (ST)",-0.188299298695359,0.713793375029189,0.723003920655486,6,"Not significant"
"Unstim / LPS","NACC1","Q96RE7","Q96RE7","NACC1_HUMAN","Nucleus accumbens-associated protein 1","Q96RE7_S342_M1_19","HexNAc (ST)",0.542777266742486,0.714532453701798,0.725352901075872,6,"Not significant"
"Unstim / LPS","WDFY3","Q8IZQ1","Q8IZQ1","WDFY3_HUMAN","WD repeat and FYVE domain-containing protein 3","Q8IZQ1_S243_M2_19","HexNAc (ST)",0.793763849490007,0.715143406078416,0.727417945435366,5,"Not significant"
"Unstim / LPS","NOTCH2","Q04721","Q04721","NOTC2_HUMAN","Neurogenic locus notch homolog protein 2","Q04721_T696_M1_19","HexNAc (ST)",0.15456793204112,0.717494878097234,0.735177060758546,6,"Not significant"
"Unstim / LPS","FUBP3","Q96I24","Q96I24","FUBP3_HUMAN","Far upstream element-binding protein 3","Q96I24_T192_M2_19","HexNAc (ST)",-0.0838698196270348,0.718054257366388,0.737054923685821,5,"Not significant"
"Unstim / LPS","HBB","Cont_P02070","Cont_P02070","HBB_BOVIN","Hemoglobin subunit beta","Cont_P02070_T11_M1_19","HexNAc (ST)",-0.541116737336729,0.71810550450666,0.737371784449788,6,"Not significant"
"Unstim / LPS","MACROH2A1","O75367","O75367","H2AY_HUMAN","Core histone macro-H2A.1","O75367_S16_M1_19","HexNAc (ST)",0.0972803793145216,0.718431043868792,0.73834800533636,6,"Not significant"
"Unstim / LPS","AK1","P00568","P00568","KAD1_HUMAN","Adenylate kinase isoenzyme 1","P00568_T126_M2_19","HexNAc (ST)",0.0934881744713537,0.721116294646645,0.747057854539305,6,"Not significant"
"Unstim / LPS","AK1","P00568","P00568","KAD1_HUMAN","Adenylate kinase isoenzyme 1","P00568_T124_M2_19","HexNAc (ST)",0.0934881744713537,0.721116294646645,0.747057854539305,6,"Not significant"
"Unstim / LPS","AHNAK","Q09666","Q09666","AHNK_HUMAN","Neuroblast differentiation-associated protein AHNAK","Q09666_S4486_M1_19","HexNAc (ST)",0.659749489441743,0.721158235974324,0.747210987718124,6,"Not significant"
"Unstim / LPS","PLEC","Q15149","Q15149","PLEC_HUMAN","Plectin","Q15149_S2984_M1_19","HexNAc (ST)",0.443530344095331,0.721190984631688,0.747327930250606,4,"Not significant"
"Unstim / LPS","SNRPA1","P09661","P09661","RU2A_HUMAN","U2 small nuclear ribonucleoprotein A'","P09661_T16_M2_19","HexNAc (ST)",0.27035320339746,0.721601147876076,0.748720406631137,6,"Not significant"
"Unstim / LPS","SNRPA1","P09661","P09661","RU2A_HUMAN","U2 small nuclear ribonucleoprotein A'","P09661_T5_M2_19","HexNAc (ST)",0.27035320339746,0.721601147876076,0.748720406631137,6,"Not significant"
"Unstim / LPS","RTN4","Q9NQC3","Q9NQC3","RTN4_HUMAN","Reticulon-4","Q9NQC3_T70_M2_19","HexNAc (ST)",-0.207384907112552,0.721970217880677,0.750180244182088,6,"Not significant"
"Unstim / LPS","GAA","P10253","P10253","LYAG_HUMAN","Lysosomal alpha-glucosidase","P10253_S688_M2_19","HexNAc (ST)",0.201361457887333,0.723088335112954,0.754091270811099,5,"Not significant"
"Unstim / LPS","AHNAK","Q09666","Q09666","AHNK_HUMAN","Neuroblast differentiation-associated protein AHNAK","Q09666_S4684_M1_19","HexNAc (ST)",-0.296917214320036,0.723925071895529,0.756939165079559,6,"Not significant"
"Unstim / LPS","KRT14","Cont_P02533;P02533","Cont_P02533;P02533","K1C14_HUMAN","Keratin, type I cytoskeletal 14;Keratin, type I cytoskeletal 14","Cont_P02533_T310_M2_19","HexNAc (ST)",0.53727807547266,0.725257800121993,0.761626729468955,6,"Not significant"
"Unstim / LPS","KRT14","Cont_P02533;P02533","Cont_P02533;P02533","K1C14_HUMAN","Keratin, type I cytoskeletal 14;Keratin, type I cytoskeletal 14","Cont_P02533_T308_M2_19","HexNAc (ST)",0.53727807547266,0.725257800121993,0.761626729468955,6,"Not significant"
"Unstim / LPS","KRT14","Cont_P02533;P02533","Cont_P02533;P02533","K1C14_HUMAN","Keratin, type I cytoskeletal 14;Keratin, type I cytoskeletal 14","P02533_T310_M2_19","HexNAc (ST)",0.53727807547266,0.725257800121993,0.761626729468955,6,"Not significant"
"Unstim / LPS","KRT14","Cont_P02533;P02533","Cont_P02533;P02533","K1C14_HUMAN","Keratin, type I cytoskeletal 14;Keratin, type I cytoskeletal 14","P02533_T308_M2_19","HexNAc (ST)",0.53727807547266,0.725257800121993,0.761626729468955,6,"Not significant"
"Unstim / LPS","GLO1","Q04760","Q04760","LGUL_HUMAN","Lactoylglutathione lyase","Q04760_S137_M1_19","HexNAc (ST)",-0.124361558747341,0.725316482033575,0.761816920027692,6,"Not significant"
"Unstim / LPS","P4HB","P07237","P07237","PDIA1_HUMAN","Protein disulfide-isomerase","P07237_T101_M1_19","HexNAc (ST)",0.101653697840501,0.725409250133761,0.762147055538801,4,"Not significant"
"Unstim / LPS","FTL","P02792","P02792","FRIL_HUMAN","Ferritin light chain","P02792_T150_M1_19","HexNAc (ST)",0.350186945698438,0.72552902273974,0.7626142843927,6,"Not significant"
"Unstim / LPS","PPT1","P50897","P50897","PPT1_HUMAN","Palmitoyl-protein thioesterase 1","P50897_S199_M1_19","HexNAc (ST)",0.143031185502747,0.727626680165712,0.769792778172726,6,"Not significant"
"Unstim / LPS","CD44","P16070","P16070","CD44_HUMAN","CD44 antigen","P16070_S686_M1_19","HexNAc (ST)",-0.665158334021341,0.727736352575263,0.77022082222203,6,"Not significant"
"Unstim / LPS","RAC2","P15153","P15153","RAC2_HUMAN","Ras-related C3 botulinum toxin substrate 2","P15153_T138_M1_19","HexNAc (ST)",-0.461364976362324,0.728779785698187,0.774034545635875,6,"Not significant"
"Unstim / LPS","ENO1","P06733","P06733","ENOA_HUMAN","Alpha-enolase","P06733_S249_M1_19","HexNAc (ST)",-0.174057167851705,0.729900020109498,0.777721423748793,6,"Not significant"
"Unstim / LPS","AHNAK","Q09666","Q09666","AHNK_HUMAN","Neuroblast differentiation-associated protein AHNAK","Q09666_S1324_M1_19","HexNAc (ST)",0.142002203138199,0.731555486952579,0.783877093705312,6,"Not significant"
"Unstim / LPS","HNRNPA1","P09651","P09651","ROA1_HUMAN","Heterogeneous nuclear ribonucleoprotein A1","P09651_T64_M1_19","HexNAc (ST)",0.139837949462533,0.731987284311817,0.785415996506004,5,"Not significant"
"Unstim / LPS","NUP62","P37198","P37198","NUP62_HUMAN","Nuclear pore glycoprotein p62","P37198_T433_M1_19","HexNAc (ST)",0.141868063618734,0.733861334728042,0.792424518325172,6,"Not significant"
"Unstim / LPS","TKT","P29401","P29401","TKT_HUMAN","Transketolase","P29401_S280_M1_19","HexNAc (ST)",-0.156880357866717,0.734052225959128,0.793237835822026,6,"Not significant"
"Unstim / LPS","ICAM1","P05362","P05362","ICAM1_HUMAN","Intercellular adhesion molecule 1","P05362_T341_M1_19","HexNAc (ST)",-0.0981231637071131,0.734283807280626,0.79419449369561,6,"Not significant"
"Unstim / LPS","PHF2","O75151","O75151","PHF2_HUMAN","Lysine-specific demethylase PHF2","O75151_S929_M2_19","HexNAc (ST)",-0.120666310990932,0.735248859365502,0.797158065873528,6,"Not significant"
"Unstim / LPS","FBL","P22087","P22087","FBRL_HUMAN","rRNA 2'-O-methyltransferase fibrillarin","P22087_T298_M1_19","HexNAc (ST)",-0.528243106711764,0.735248859365502,0.797152465636146,6,"Not significant"
"Unstim / LPS","UTP14A","Q9BVJ6","Q9BVJ6","UT14A_HUMAN","U3 small nucleolar RNA-associated protein 14 homolog A","Q9BVJ6_T182_M2_19","HexNAc (ST)",-0.121866210286361,0.735526429400259,0.798184129368741,6,"Not significant"
"Unstim / LPS","UTP14A","Q9BVJ6","Q9BVJ6","UT14A_HUMAN","U3 small nucleolar RNA-associated protein 14 homolog A","Q9BVJ6_S176_M2_19","HexNAc (ST)",-0.121866210286361,0.735526429400259,0.798184129368741,6,"Not significant"
"Unstim / LPS","PECAM1","P16284","P16284","PECA1_HUMAN","Platelet endothelial cell adhesion molecule","P16284_T533_M1_19","HexNAc (ST)",-0.0648008951333281,0.735730512844039,0.798988906935952,6,"Not significant"
"Unstim / LPS","CAP1","Q01518","Q01518","CAP1_HUMAN","Adenylyl cyclase-associated protein 1","Q01518_S394_M1_19","HexNAc (ST)",0.414854260224875,0.737268547116914,0.804308465587034,6,"Not significant"
"Unstim / LPS","ACAA1","P09110","P09110","THIK_HUMAN","3-ketoacyl-CoA thiolase, peroxisomal","P09110_S291_M1_19","HexNAc (ST)",0.486009376928507,0.73751068748924,0.80510891767917,6,"Not significant"
"Unstim / LPS","MYO1B","O43795","O43795","MYO1B_HUMAN","Unconventional myosin-Ib","O43795_S145_M1_19","HexNAc (ST)",0.172045828811044,0.738095608417144,0.807458244155674,6,"Not significant"
"Unstim / LPS","QKI","Q96PU8","Q96PU8","QKI_HUMAN","KH domain-containing RNA-binding protein QKI","Q96PU8_T203_M1_19","HexNAc (ST)",0.530304508729058,0.738188394198983,0.807759531675706,6,"Not significant"
"Unstim / LPS","MRPL2","Q5T653","Q5T653","RM02_HUMAN","Large ribosomal subunit protein uL2m","Q5T653_T223_M2_19","HexNAc (ST)",-0.217755165676086,0.738309694425569,0.808117157775184,6,"Not significant"
"Unstim / LPS","PSMC3","P17980","P17980","PRS6A_HUMAN","26S proteasome regulatory subunit 6A","P17980_T293_M2_19","HexNAc (ST)",0.32587095478544,0.739818300571516,0.813480643310775,6,"Not significant"
"Unstim / LPS","PSMC3","P17980","P17980","PRS6A_HUMAN","26S proteasome regulatory subunit 6A","P17980_S281_M2_19","HexNAc (ST)",0.32587095478544,0.739818300571516,0.813480643310775,6,"Not significant"
"Unstim / LPS","HSPD1","P10809","P10809","CH60_HUMAN","60 kDa heat shock protein, mitochondrial","P10809_T206_M2_19","HexNAc (ST)",-0.172377254834326,0.740174581048342,0.814942184568769,6,"Not significant"
"Unstim / LPS","HSPD1","P10809","P10809","CH60_HUMAN","60 kDa heat shock protein, mitochondrial","P10809_T200_M2_19","HexNAc (ST)",-0.172377254834326,0.740174581048342,0.814942184568769,6,"Not significant"
"Unstim / LPS","ARHGDIA","P52565","P52565","GDIR1_HUMAN","Rho GDP-dissociation inhibitor 1","P52565_T160_M1_19","HexNAc (ST)",0.26069931077095,0.74053244469447,0.816259189907171,6,"Not significant"
"Unstim / LPS","ACSL1","P33121","P33121","ACSL1_HUMAN","Long-chain-fatty-acid--CoA ligase 1","P33121_S247_M2_19","HexNAc (ST)",-0.483089790522594,0.740836542900034,0.817415077585415,6,"Not significant"
"Unstim / LPS","ACSL1","P33121","P33121","ACSL1_HUMAN","Long-chain-fatty-acid--CoA ligase 1","P33121_T246_M2_19","HexNAc (ST)",-0.483089790522594,0.740836542900034,0.817415077585415,6,"Not significant"
"Unstim / LPS","MACROH2A1","O75367","O75367","H2AY_HUMAN","Core histone macro-H2A.1","O75367_T57_M1_19","HexNAc (ST)",0.208840610069503,0.74126867664655,0.81901414639486,6,"Not significant"
"Unstim / LPS","DYNC1I2","Q13409","Q13409","DC1I2_HUMAN","Cytoplasmic dynein 1 intermediate chain 2","Q13409_S590_M1_19","HexNAc (ST)",-0.287915200115959,0.74138266094395,0.819469709519843,6,"Not significant"
"Unstim / LPS","GPX1","P07203","P07203","GPX1_HUMAN","Glutathione peroxidase 1","P07203_S34_M2_19","HexNAc (ST)",0.176471880147969,0.742301303353583,0.822704399501173,6,"Not significant"
"Unstim / LPS","AHNAK","Q09666","Q09666","AHNK_HUMAN","Neuroblast differentiation-associated protein AHNAK","Q09666_S1654_M1_19","HexNAc (ST)",-0.0927614052097643,0.743210083920085,0.82599927612562,6,"Not significant"
"Unstim / LPS","AHNAK","Q09666","Q09666","AHNK_HUMAN","Neuroblast differentiation-associated protein AHNAK","Q09666_S1856_M1_19","HexNAc (ST)",-0.0927614052097643,0.743210083920085,0.82599927612562,6,"Not significant"
"Unstim / LPS","AHNAK","Q09666","Q09666","AHNK_HUMAN","Neuroblast differentiation-associated protein AHNAK","Q09666_S1923_M1_19","HexNAc (ST)",-0.0927614052097643,0.743210083920085,0.82599927612562,6,"Not significant"
"Unstim / LPS","AHNAK","Q09666","Q09666","AHNK_HUMAN","Neuroblast differentiation-associated protein AHNAK","Q09666_S2118_M1_19","HexNAc (ST)",-0.0927614052097643,0.743210083920085,0.82599927612562,6,"Not significant"
"Unstim / LPS","TSC22D1","Q15714","Q15714","T22D1_HUMAN","TSC22 domain family protein 1","Q15714_S1018_M1_19","HexNAc (ST)",0.134491811141575,0.743237307763464,0.826155303387729,6,"Not significant"
"Unstim / LPS","GLRX5","Q86SX6","Q86SX6","GLRX5_HUMAN","Glutaredoxin-related protein 5, mitochondrial","Q86SX6_S70_M2_19","HexNAc (ST)",0.050508876122896,0.743543985460388,0.827143543668054,5,"Not significant"
"Unstim / LPS","TMED10","P49755","P49755","TMEDA_HUMAN","Transmembrane emp24 domain-containing protein 10","P49755_T114_M1_19","HexNAc (ST)",-0.308058105265722,0.743717135432784,0.82794869972627,6,"Not significant"
"Unstim / LPS","ATP5PD","O75947","O75947","ATP5H_HUMAN","ATP synthase subunit d, mitochondrial","O75947_T10_M1_19","HexNAc (ST)",0.47079049446675,0.744236433889834,0.830117710426491,6,"Not significant"
"Unstim / LPS","HSP90AA1","P07900","P07900","HS90A_HUMAN","Heat shock protein HSP 90-alpha","P07900_T624_M1_19","HexNAc (ST)",-0.34081137661921,0.745434979599729,0.834503308777495,4,"Not significant"
"Unstim / LPS","HSPA5","P11021","P11021","BIP_HUMAN","Endoplasmic reticulum chaperone BiP","P11021_T203_M2_19","HexNAc (ST)",-0.0952914394721968,0.745765872963871,0.835953097267287,6,"Not significant"
"Unstim / LPS","HSPA5","P11021","P11021","BIP_HUMAN","Endoplasmic reticulum chaperone BiP","P11021_T189_M2_19","HexNAc (ST)",-0.0952914394721968,0.745765872963871,0.835953097267287,6,"Not significant"
"Unstim / LPS","OSTF1","Q92882","Q92882","OSTF1_HUMAN","Osteoclast-stimulating factor 1","Q92882_S187_M1_19","HexNAc (ST)",0.223446825079196,0.746411455808904,0.838695785541322,6,"Not significant"
"Unstim / LPS","TMSB4X","P62328","P62328","TYB4_HUMAN","Thymosin beta-4","P62328_S31_M1_19","HexNAc (ST)",-0.0548842021930907,0.74650306381954,0.838983226226307,6,"Not significant"
"Unstim / LPS","HSPA5","P11021","P11021","BIP_HUMAN","Endoplasmic reticulum chaperone BiP","P11021_T137_M1_19","HexNAc (ST)",-0.111130591250545,0.74708764159982,0.841158444558237,6,"Not significant"
"Unstim / LPS","ALDOC","P09972","P09972","ALDOC_HUMAN","Fructose-bisphosphate aldolase C","P09972_T97_M1_19","HexNAc (ST)",0.374275655451579,0.747478768376018,0.842456240471302,6,"Not significant"
"Unstim / LPS","TAMM41","Q96BW9","Q96BW9","TAM41_HUMAN","Phosphatidate cytidylyltransferase, mitochondrial","Q96BW9_S218_M1_19","HexNAc (ST)",-0.31371526341216,0.74756832797624,0.842799566802163,6,"Not significant"
"Unstim / LPS","STK10","O94804","O94804","STK10_HUMAN","Serine/threonine-protein kinase 10","O94804_T58_M1_19","HexNAc (ST)",-0.0772595854558518,0.747966787290877,0.844413734827165,6,"Not significant"
"Unstim / LPS","HNRNPH1","P31943","P31943","HNRH1_HUMAN","Heterogeneous nuclear ribonucleoprotein H","P31943_T5_M1_19","HexNAc (ST)",0.127770689743897,0.748388767056429,0.8460085316945,6,"Not significant"
"Unstim / LPS","CANX","P27824","P27824","CALX_HUMAN","Calnexin","P27824_S74_M2_19","HexNAc (ST)",-0.168801902235153,0.74924664179609,0.849177218836629,4,"Not significant"
"Unstim / LPS","NCL","P19338","P19338","NUCL_HUMAN","Nucleolin","P19338_T305_M1_19","HexNAc (ST)",-0.418523054847917,0.749662609840721,0.850584537477318,6,"Not significant"
"Unstim / LPS","P4HB","P07237","P07237","PDIA1_HUMAN","Protein disulfide-isomerase","P07237_T413_M1_19","HexNAc (ST)",-0.0332344843256781,0.750312531592622,0.853186089975481,6,"Not significant"
"Unstim / LPS","DNTTIP1","Q9H147","Q9H147","TDIF1_HUMAN","Deoxynucleotidyltransferase terminal-interacting protein 1","Q9H147_S217_M1_19","HexNAc (ST)",-0.156862197474085,0.750363612883943,0.853441889557952,6,"Not significant"
"Unstim / LPS","CPNE8","Q86YQ8","Q86YQ8","CPNE8_HUMAN","Copine-8","Q86YQ8_S356_M1_19","HexNAc (ST)",0.399433425477625,0.750408047007689,0.85357524497196,6,"Not significant"
"Unstim / LPS","RPS3A","P61247","P61247","RS3A_HUMAN","Small ribosomal subunit protein eS1","P61247_T106_M1_19","HexNAc (ST)",0.415070914178415,0.750862501650659,0.855120692864511,4,"Not significant"
"Unstim / LPS","GSN","P06396","P06396","GELS_HUMAN","Gelsolin","P06396_S304_M1_19","HexNAc (ST)",0.124276421691492,0.750901982683666,0.855235934090312,4,"Not significant"
"Unstim / LPS","VAMP2","P63027","P63027","VAMP2_HUMAN","Vesicle-associated membrane protein 2","P63027_T35_M1_19","HexNAc (ST)",0.390446504267586,0.751106097890441,0.856080367642574,6,"Not significant"
"Unstim / LPS","GNB2","P62879","P62879","GBB2_HUMAN","Guanine nucleotide-binding protein G(I)/G(S)/G(T) subunit beta-2","P62879_T31_M2_19","HexNAc (ST)",0.385744949471499,0.751856585029335,0.858987958047239,5,"Not significant"
"Unstim / LPS","AHNAK","Q09666","Q09666","AHNK_HUMAN","Neuroblast differentiation-associated protein AHNAK","Q09666_T1472_M1_19","HexNAc (ST)",0.245988310092967,0.752532243584786,0.861715866245294,6,"Not significant"
"Unstim / LPS","MATR3","P43243","P43243","MATR3_HUMAN","Matrin-3","P43243_T134_M1_19","HexNAc (ST)",0.158296018695683,0.75277834028835,0.862746534547478,6,"Not significant"
"Unstim / LPS","HSPA2","P54652","P54652","HSP72_HUMAN","Heat shock-related 70 kDa protein 2","P54652_T465_M1_19","HexNAc (ST)",-0.16526865530935,0.752823946254066,0.862956210638771,6,"Not significant"
"Unstim / LPS","ARL8B","Q9NVJ2","Q9NVJ2","ARL8B_HUMAN","ADP-ribosylation factor-like protein 8B","Q9NVJ2_S150_M1_19","HexNAc (ST)",0.0516428158377959,0.754235934035069,0.868507635254296,6,"Not significant"
"Unstim / LPS","CAP1","Q01518","Q01518","CAP1_HUMAN","Adenylyl cyclase-associated protein 1","Q01518_T315_M1_19","HexNAc (ST)",-0.114148509324465,0.755188610584915,0.87223272055667,6,"Not significant"
"Unstim / LPS","PRSS1","P07477","P07477","TRY1_HUMAN","Serine protease 1","P07477_T103_M1_19","HexNAc (ST)",0.0654700964444861,0.755354224616747,0.872836164490451,6,"Not significant"
"Unstim / LPS","CDC123","O75794","O75794","CD123_HUMAN","Cell division cycle protein 123 homolog","O75794_T315_M2_19","HexNAc (ST)",0.0488405339758536,0.757136704778833,0.87956460162854,6,"Not significant"
"Unstim / LPS","QKI","Q96PU8","Q96PU8","QKI_HUMAN","KH domain-containing RNA-binding protein QKI","Q96PU8_T14_M1_19","HexNAc (ST)",0.0803497331866175,0.757449709258854,0.880946159677175,6,"Not significant"
"Unstim / LPS","CAPG","P40121","P40121","CAPG_HUMAN","Macrophage-capping protein","P40121_T212_M1_19","HexNAc (ST)",-0.159235173943116,0.758448397415021,0.884607707114008,6,"Not significant"
"Unstim / LPS","HNRNPA3","P51991","P51991","ROA3_HUMAN","Heterogeneous nuclear ribonucleoprotein A3","P51991_T137_M1_19","HexNAc (ST)",-0.0415757936463253,0.759142859165662,0.887299644516944,6,"Not significant"
"Unstim / LPS","CA2","P00918","P00918","CAH2_HUMAN","Carbonic anhydrase 2","P00918_S73_M1_19","HexNAc (ST)",-0.0535862547127841,0.759358419808527,0.888205389733364,6,"Not significant"
"Unstim / LPS","GPI","P06744","P06744","G6PI_HUMAN","Glucose-6-phosphate isomerase","P06744_S532_M1_19","HexNAc (ST)",-0.30369483170133,0.759537091814677,0.888946645864925,6,"Not significant"
"Unstim / LPS","HNRNPCL2","B2RXH8","B2RXH8","HNRC2_HUMAN","Heterogeneous nuclear ribonucleoprotein C-like 2","B2RXH8_S196_M1_19","HexNAc (ST)",0.283660786708446,0.759543509554969,0.888987665699241,5,"Not significant"
"Unstim / LPS","AHNAK","Q09666","Q09666","AHNK_HUMAN","Neuroblast differentiation-associated protein AHNAK","Q09666_S909_M1_19","HexNAc (ST)",-0.204693443055493,0.759547359622936,0.889037793044398,6,"Not significant"
"Unstim / LPS","NAP1L1","P55209","P55209","NP1L1_HUMAN","Nucleosome assembly protein 1-like 1","P55209_T39_M1_19","HexNAc (ST)",-0.0311747160355253,0.761389623381761,0.896928486903388,6,"Not significant"
"Unstim / LPS","TUBB4B","P68371","P68371","TBB4B_HUMAN","Tubulin beta-4B chain","P68371_S322_M1_19","HexNAc (ST)",-0.144103389583728,0.763749182859596,0.906515465862809,6,"Not significant"
"Unstim / LPS","CD38","P28907","P28907","CD38_HUMAN","ADP-ribosyl cyclase/cyclic ADP-ribose hydrolase 1","P28907_T71_M1_19","HexNAc (ST)",-0.0916050606603523,0.764458978984726,0.909065388598437,6,"Not significant"
"Unstim / LPS","FLG2","Cont_Q5D862;Q5D862","Cont_Q5D862;Q5D862","FILA2_HUMAN","Filaggrin-2","Cont_Q5D862_S7_M2_19","HexNAc (ST)",0.121452109319977,0.764936031717741,0.911006632140482,6,"Not significant"
"Unstim / LPS","FLG2","Cont_Q5D862;Q5D862","Cont_Q5D862;Q5D862","FILA2_HUMAN","Filaggrin-2","Q5D862_S7_M2_19","HexNAc (ST)",0.121452109319977,0.764936031717741,0.911006632140482,6,"Not significant"
"Unstim / LPS","AARS1","P49588","P49588","SYAC_HUMAN","Alanine--tRNA ligase, cytoplasmic","P49588_T804_M1_19","HexNAc (ST)",-0.219516453480772,0.765330456084676,0.912540887657262,6,"Not significant"
"Unstim / LPS","AHNAK","Q09666","Q09666","AHNK_HUMAN","Neuroblast differentiation-associated protein AHNAK","Q09666_S2542_M1_19","HexNAc (ST)",-0.0446161868908055,0.765356540039867,0.912674359878054,6,"Not significant"
"Unstim / LPS","HSPA1A;HSPA1B","P0DMV8;P0DMV9","P0DMV8;P0DMV9","HS71A_HUMAN;HS71B_HUMAN","Heat shock 70 kDa protein 1A;Heat shock 70 kDa protein 1B","P0DMV8_S307_M1_19","HexNAc (ST)",-0.029337506791155,0.767043632931752,0.919565722894912,6,"Not significant"
"Unstim / LPS","HSPA1A;HSPA1B","P0DMV8;P0DMV9","P0DMV8;P0DMV9","HS71A_HUMAN;HS71B_HUMAN","Heat shock 70 kDa protein 1A;Heat shock 70 kDa protein 1B","P0DMV9_S307_M1_19","HexNAc (ST)",-0.029337506791155,0.767043632931752,0.919565722894912,6,"Not significant"
"Unstim / LPS","RPL26","P61254","P61254","RL26_HUMAN","Large ribosomal subunit protein uL24","P61254_S46_M1_19","HexNAc (ST)",-0.151437764511495,0.769241654453466,0.928932119417406,6,"Not significant"
"Unstim / LPS","SSB","P05455","P05455","LA_HUMAN","Lupus La protein","P05455_T302_M1_19","HexNAc (ST)",0.127378564627684,0.76944500070555,0.929616541261287,6,"Not significant"
"Unstim / LPS","NOLC1","Q14978","Q14978","NOLC1_HUMAN","Nucleolar and coiled-body phosphoprotein 1","Q14978_T610_M1_19","HexNAc (ST)",-0.15201738403703,0.770302313531359,0.933348400960798,5,"Not significant"
"Unstim / LPS","ANXA6","P08133","P08133","ANXA6_HUMAN","Annexin A6","P08133_S121_M1_19","HexNAc (ST)",-0.16212264493254,0.770903550379454,0.936194602987692,6,"Not significant"
"Unstim / LPS","AHNAK","Q09666","Q09666","AHNK_HUMAN","Neuroblast differentiation-associated protein AHNAK","Q09666_S177_M1_19","HexNAc (ST)",-0.0307253234527026,0.772386208136825,0.942288493107844,4,"Not significant"
"Unstim / LPS","MDN1","Q9NU22","Q9NU22","MDN1_HUMAN","Midasin","Q9NU22_S2818_M1_19","HexNAc (ST)",-0.0557694507641572,0.773080668423162,0.945230825723952,6,"Not significant"
"Unstim / LPS","ZYX","Q15942","Q15942","ZYX_HUMAN","Zyxin","Q15942_T220_M2_19","HexNAc (ST)",0.0347616376855545,0.773342374656888,0.946362440562911,4,"Not significant"
"Unstim / LPS","ZYX","Q15942","Q15942","ZYX_HUMAN","Zyxin","Q15942_S218_M2_19","HexNAc (ST)",0.0347616376855545,0.773342374656888,0.946362440562911,4,"Not significant"
"Unstim / LPS","PRDX5","P30044","P30044","PRDX5_HUMAN","Peroxiredoxin-5, mitochondrial","P30044_S101_M2_19","HexNAc (ST)",-0.130741353331933,0.774461814934984,0.951114283347345,6,"Not significant"
"Unstim / LPS","PRDX5","P30044","P30044","PRDX5_HUMAN","Peroxiredoxin-5, mitochondrial","P30044_T97_M2_19","HexNAc (ST)",-0.130741353331933,0.774461814934984,0.951114283347345,6,"Not significant"
"Unstim / LPS","GNB2","P62879","P62879","GBB2_HUMAN","Guanine nucleotide-binding protein G(I)/G(S)/G(T) subunit beta-2","P62879_T34_M2_19","HexNAc (ST)",-0.133335463996143,0.774524722500652,0.951396873927241,4,"Not significant"
"Unstim / LPS","VIM","P08670","P08670","VIME_HUMAN","Vimentin","P08670_S278_M1_19","HexNAc (ST)",-0.0630361831221545,0.774763598857832,0.952384732792861,6,"Not significant"
"Unstim / LPS","CLTC","Q00610","Q00610","CLH1_HUMAN","Clathrin heavy chain 1","Q00610_S460_M1_19","HexNAc (ST)",-0.113784888668088,0.77534390186283,0.954659770137901,6,"Not significant"
"Unstim / LPS","ERLIN2","O94905","O94905","ERLN2_HUMAN","Erlin-2","O94905_T277_M1_19","HexNAc (ST)",-0.0934847331651893,0.775801773253993,0.956792626866632,6,"Not significant"
"Unstim / LPS","MYL6","P60660","P60660","MYL6_HUMAN","Myosin light polypeptide 6","P60660_T85_M1_19","HexNAc (ST)",-0.0237717629727239,0.775852853881281,0.957048341842177,6,"Not significant"
"Unstim / LPS","H1-3","P16402","P16402","H13_HUMAN","Histone H1.3","P16402_S56_M2_19","HexNAc (ST)",-0.00925530358047703,0.776445579534199,0.959673166012638,6,"Not significant"
"Unstim / LPS","NDUFS8","O00217","O00217","NDUS8_HUMAN","NADH dehydrogenase [ubiquinone] iron-sulfur protein 8, mitochondrial","O00217_T127_M1_19","HexNAc (ST)",-0.0773594318645322,0.779104910106319,0.971373960219432,6,"Not significant"
"Unstim / LPS","MX2","P20592","P20592","MX2_HUMAN","Interferon-induced GTP-binding protein Mx2","P20592_T366_M1_19","HexNAc (ST)",0.0677256690786345,0.779946190040467,0.974965428912846,6,"Not significant"
"Unstim / LPS","P4HB","P07237","P07237","PDIA1_HUMAN","Protein disulfide-isomerase","P07237_T221_M1_19","HexNAc (ST)",0.0318571083925265,0.780312543457586,0.976526169287794,6,"Not significant"
"Unstim / LPS","PDHB","P11177","P11177","ODPB_HUMAN","Pyruvate dehydrogenase E1 component subunit beta, mitochondrial","P11177_S70_M1_19","HexNAc (ST)",-0.00577789792032646,0.78041113544658,0.977041507330147,6,"Not significant"
"Unstim / LPS","RBMX","P38159","P38159","RBMX_HUMAN","RNA-binding motif protein, X chromosome","P38159_S58_M2_19","HexNAc (ST)",0.0491718102315806,0.780531450145655,0.977527608257345,6,"Not significant"
"Unstim / LPS","RBMX","P38159","P38159","RBMX_HUMAN","RNA-binding motif protein, X chromosome","P38159_T55_M2_19","HexNAc (ST)",0.0491718102315806,0.780531450145655,0.977527608257345,6,"Not significant"
"Unstim / LPS","SGSH","P51688","P51688","SPHM_HUMAN","N-sulphoglucosamine sulphohydrolase","P51688_T242_M2_19","HexNAc (ST)",0.00461340870510273,0.780908964194697,0.979114940188848,4,"Not significant"
"Unstim / LPS","PSAP","P07602","P07602","SAP_HUMAN","Prosaposin","P07602_T334_M1_19","HexNAc (ST)",0.0191854519360376,0.781143148813903,0.980127902307223,6,"Not significant"
"Unstim / LPS","UBA1","P22314","P22314","UBA1_HUMAN","Ubiquitin-like modifier-activating enzyme 1","P22314_T800_M2_19","HexNAc (ST)",0.0082902611319957,0.782459377245822,0.985688439404755,4,"Not significant"
"Unstim / LPS","H1-3","P16402","P16402","H13_HUMAN","Histone H1.3","P16402_S59_M2_19","HexNAc (ST)",-0.00514713172847814,0.782912354769285,0.987760045108357,4,"Not significant"
"Unstim / LPS","ACTR3B","Q9P1U1","Q9P1U1","ARP3B_HUMAN","Actin-related protein 3B","Q9P1U1_T74_M1_19","HexNAc (ST)",-0.0160015095253889,0.783297519010036,0.989359108547429,6,"Not significant"
"Unstim / LPS","HNRNPU","Q00839","Q00839","HNRPU_HUMAN","Heterogeneous nuclear ribonucleoprotein U","Q00839_S585_M1_19","HexNAc (ST)",-0.00881261362730731,0.783842820899585,0.991941911462349,6,"Not significant"
"Unstim / LPS","PRSS1","Cont_P00760","Cont_P00760","TRY1_BOVIN","Serine protease 1","Cont_P00760_S170_M2_19","HexNAc (ST)",0.00412812284134287,0.783960060016479,0.992430149126726,5,"Not significant"
"Unstim / LPS","BCKDK","O14874","O14874","BCKD_HUMAN","[3-methyl-2-oxobutanoate dehydrogenase [lipoamide]] kinase, mitochondrial","O14874_S90_M1_19","HexNAc (ST)",0.0151447404440617,0.784370925089279,0.994366569913443,6,"Not significant"
"Unstim / LPS","SFPQ","P23246","P23246","SFPQ_HUMAN","Splicing factor, proline- and glutamine-rich","P23246_S521_M1_19","HexNAc (ST)",0.00566279290868387,0.784452625428561,0.994782162562077,6,"Not significant"
"Unstim / LPS","GAPDH","P04406","P04406","G3P_HUMAN","Glyceraldehyde-3-phosphate dehydrogenase","P04406_T211_M2_19","HexNAc (ST)",-0.00080952028877519,0.785077605812927,0.997772444584866,6,"Not significant"
"Unstim / LPS","GAPDH","P04406","P04406","G3P_HUMAN","Glyceraldehyde-3-phosphate dehydrogenase","P04406_S210_M2_19","HexNAc (ST)",-0.00080952028877519,0.785077605812927,0.997772444584866,6,"Not significant"
