"Comparison (group1/group2)","Genes","UniProtIds","ProteinGroups","ProteinNames","ProteinDescriptions","Group","PTM.ModificationTitle","AVG Log2 Ratio","Qvalue","Pvalue","# of Ratios","Significance"
"P3C4 / LPS","VIM","P08670","P08670","VIME_HUMAN","Vimentin","P08670_S205_M1_19","HexNAc (ST)",0.887717862083909,0.424836415925893,0.00434241118470445,6,"Not significant"
"P3C4 / LPS","PNN","Q9H307","Q9H307","PININ_HUMAN","Pinin","Q9H307_T204_M1_19","HexNAc (ST)",-8.57931283842093,0.446526298834045,0.00796251815569421,6,"Not significant"
"P3C4 / LPS","APEX1","P27695","P27695","APEX1_HUMAN","DNA-(apurinic or apyrimidinic site) endonuclease","P27695_T61_M1_19","HexNAc (ST)",9.98855060961863,0.455649814786423,0.0105138261214407,5,"Not significant"
"P3C4 / LPS","HSPA1A;HSPA1B","P0DMV8;P0DMV9","P0DMV8;P0DMV9","HS71A_HUMAN;HS71B_HUMAN","Heat shock 70 kDa protein 1A;Heat shock 70 kDa protein 1B","P0DMV8_S307_M1_19","HexNAc (ST)",-2.5301185589967,0.474228563965897,0.0181859150199132,6,"Not significant"
"P3C4 / LPS","HSPA1A;HSPA1B","P0DMV8;P0DMV9","P0DMV8;P0DMV9","HS71A_HUMAN;HS71B_HUMAN","Heat shock 70 kDa protein 1A;Heat shock 70 kDa protein 1B","P0DMV9_S307_M1_19","HexNAc (ST)",-2.5301185589967,0.474228563965897,0.0181859150199132,6,"Not significant"
"P3C4 / LPS","FUBP3","Q96I24","Q96I24","FUBP3_HUMAN","Far upstream element-binding protein 3","Q96I24_T79_M2_19","HexNAc (ST)",0.34579960917708,0.47685774190687,0.0190027794460009,6,"Not significant"
"P3C4 / LPS","FUBP3","Q96I24","Q96I24","FUBP3_HUMAN","Far upstream element-binding protein 3","Q96I24_T76_M2_19","HexNAc (ST)",0.34579960917708,0.47685774190687,0.0190027794460009,6,"Not significant"
"P3C4 / LPS","ING1","Q9UK53","Q9UK53","ING1_HUMAN","Inhibitor of growth protein 1","Q9UK53_S236_M2_19","HexNAc (ST)",0.600184109330965,0.485545749342864,0.021919941862639,6,"Not significant"
"P3C4 / LPS","ING1","Q9UK53","Q9UK53","ING1_HUMAN","Inhibitor of growth protein 1","Q9UK53_S224_M2_19","HexNAc (ST)",0.600184109330965,0.485545749342864,0.021919941862639,6,"Not significant"
"P3C4 / LPS","MYH9","P35579","P35579","MYH9_HUMAN","Myosin-9","P35579_S1677_M1_19","HexNAc (ST)",-3.24378038561099,0.502062412688862,0.0311623826493766,6,"Not significant"
"P3C4 / LPS","LCP1","P13796","P13796","PLSL_HUMAN","Plastin-2","P13796_S323_M1_19","HexNAc (ST)",0.942879936641902,0.504796176302867,0.0327433805676486,6,"Not significant"
"P3C4 / LPS","GRPEL1","Q9HAV7","Q9HAV7","GRPE1_HUMAN","GrpE protein homolog 1, mitochondrial","Q9HAV7_T74_M1_19","HexNAc (ST)",-2.54739455912458,0.508463614511719,0.0353152064442444,6,"Not significant"
"P3C4 / LPS","RPL31","P62899","P62899","RL31_HUMAN","Large ribosomal subunit protein eL31","P62899_T26_M1_19","HexNAc (ST)",0.716502940153981,0.511479588087247,0.0379609522153248,6,"Not significant"
"P3C4 / LPS","PSMC4","P43686","P43686","PRS6B_HUMAN","26S proteasome regulatory subunit 6B","P43686_S129_M1_19","HexNAc (ST)",0.277516351311387,0.513311806800328,0.0392850733298326,6,"Not significant"
"P3C4 / LPS","DNAJB14","Q8TBM8","Q8TBM8","DJB14_HUMAN","DnaJ homolog subfamily B member 14","Q8TBM8_S160_M1_19","HexNAc (ST)",0.674374151269601,0.519400821949926,0.0439931708831054,6,"Not significant"
"P3C4 / LPS","ALDOC","P09972","P09972","ALDOC_HUMAN","Fructose-bisphosphate aldolase C","P09972_S160_M2_19","HexNAc (ST)",0.248298918825927,0.523051317463736,0.0466398680355558,6,"Not significant"
"P3C4 / LPS","ALDOC","P09972","P09972","ALDOC_HUMAN","Fructose-bisphosphate aldolase C","P09972_T158_M2_19","HexNAc (ST)",0.248298918825927,0.523051317463736,0.0466398680355558,6,"Not significant"
"P3C4 / LPS","NOTCH2","Q04721","Q04721","NOTC2_HUMAN","Neurogenic locus notch homolog protein 2","Q04721_T696_M1_19","HexNAc (ST)",-2.38140509303918,0.526788692963596,0.0500732692926796,6,"Not significant"
"P3C4 / LPS","ARHGAP18","Q8N392","Q8N392","RHG18_HUMAN","Rho GTPase-activating protein 18","Q8N392_T327_M1_19","HexNAc (ST)",-1.43337229724135,0.527893471613924,0.0507359304071725,6,"Not significant"
"P3C4 / LPS","NCL","P19338","P19338","NUCL_HUMAN","Nucleolin","P19338_S319_M1_19","HexNAc (ST)",0.355607877059615,0.534534026395674,0.0582831686280603,6,"Not significant"
"P3C4 / LPS","CPD","O75976","O75976","CBPD_HUMAN","Carboxypeptidase D","O75976_S628_M1_19","HexNAc (ST)",0.867217073622998,0.538299388833595,0.0623233616249008,6,"Not significant"
"P3C4 / LPS","CANX","P27824","P27824","CALX_HUMAN","Calnexin","P27824_S392_M1_19","HexNAc (ST)",0.403297978670708,0.540035849819679,0.0637749393471064,6,"Not significant"
"P3C4 / LPS","FUBP3","Q96I24","Q96I24","FUBP3_HUMAN","Far upstream element-binding protein 3","Q96I24_T192_M1_19","HexNAc (ST)",0.735812690960433,0.540818940716006,0.0643138427265911,6,"Not significant"
"P3C4 / LPS","CBLB","Q13191","Q13191","CBLB_HUMAN","E3 ubiquitin-protein ligase CBL-B","Q13191_T174_M1_19","HexNAc (ST)",0.914041723201231,0.542837396692228,0.0660672298272039,6,"Not significant"
"P3C4 / LPS","RHOT1","Q8IXI2","Q8IXI2","MIRO1_HUMAN","Mitochondrial Rho GTPase 1","Q8IXI2_S109_M1_19","HexNAc (ST)",0.392974612516844,0.555370529615394,0.082516321446545,6,"Not significant"
"P3C4 / LPS","AK2","P54819","P54819","KAD2_HUMAN","Adenylate kinase 2, mitochondrial","P54819_T89_M1_19","HexNAc (ST)",1.98810776428434,0.558422893370498,0.0862538434170993,6,"Not significant"
"P3C4 / LPS","NDUFS8","O00217","O00217","NDUS8_HUMAN","NADH dehydrogenase [ubiquinone] iron-sulfur protein 8, mitochondrial","O00217_T127_M1_19","HexNAc (ST)",1.97871058608437,0.560259178511918,0.0883796717199969,6,"Not significant"
"P3C4 / LPS","H4C1","P62805","P62805","H4_HUMAN","Histone H4","P62805_T83_M2_19","HexNAc (ST)",-1.27897828226812,0.560259178511918,0.0884093115111132,6,"Not significant"
"P3C4 / LPS","H4C1","P62805","P62805","H4_HUMAN","Histone H4","P62805_T81_M2_19","HexNAc (ST)",-1.27897828226812,0.560259178511918,0.0884093115111132,6,"Not significant"
"P3C4 / LPS","STX8","Q9UNK0","Q9UNK0","STX8_HUMAN","Syntaxin-8","Q9UNK0_S96_M1_19","HexNAc (ST)",0.972845970384054,0.560703294320215,0.0893556581698676,6,"Not significant"
"P3C4 / LPS","NHP2","Q9NX24","Q9NX24","NHP2_HUMAN","H/ACA ribonucleoprotein complex subunit 2","Q9NX24_S40_M2_19","HexNAc (ST)",-1.14712491386122,0.560980450821942,0.0898296527428903,5,"Not significant"
"P3C4 / LPS","RGPD2","P0DJD1","P0DJD1","RGPD2_HUMAN","RANBP2-like and GRIP domain-containing protein 2","P0DJD1_S1067_M1_19","HexNAc (ST)",0.31978124685883,0.562331387948515,0.0914510677024292,6,"Not significant"
"P3C4 / LPS","TUBA4A","Cont_P81948;P68366","Cont_P81948;P68366","TBA4A_BOVIN;TBA4A_HUMAN","Tubulin alpha-4A chain","Cont_P81948_T73_M1_19","HexNAc (ST)",0.423952966388027,0.564440216855398,0.0948442752603992,6,"Not significant"
"P3C4 / LPS","TUBA4A","Cont_P81948;P68366","Cont_P81948;P68366","TBA4A_BOVIN;TBA4A_HUMAN","Tubulin alpha-4A chain","P68366_T73_M1_19","HexNAc (ST)",0.423952966388027,0.564440216855398,0.0948442752603992,6,"Not significant"
"P3C4 / LPS","MACROH2A1","O75367","O75367","H2AY_HUMAN","Core histone macro-H2A.1","O75367_S16_M1_19","HexNAc (ST)",0.301512176612273,0.564440216855398,0.0948355577884625,6,"Not significant"
"P3C4 / LPS","RPL8","P62917","P62917","RL8_HUMAN","Large ribosomal subunit protein uL2","P62917_T111_M1_19","HexNAc (ST)",3.25535046523576,0.567221595465526,0.0992210842146287,6,"Not significant"
"P3C4 / LPS","S100A9","P06702","P06702","S10A9_HUMAN","Protein S100-A9","P06702_T31_M1_19","HexNAc (ST)",0.992420971192022,0.56901586456967,0.101271066709329,6,"Not significant"
"P3C4 / LPS","AHNAK","Q09666","Q09666","AHNK_HUMAN","Neuroblast differentiation-associated protein AHNAK","Q09666_S2670_M1_19","HexNAc (ST)",0.428510638759782,0.577566885123947,0.115313939841847,6,"Not significant"
"P3C4 / LPS","TCIRG1","Q13488","Q13488","VPP3_HUMAN","V-type proton ATPase 116 kDa subunit a 3","Q13488_T66_M1_19","HexNAc (ST)",2.05634030300574,0.579371851280294,0.118508635462628,5,"Not significant"
"P3C4 / LPS","CA2","P00918","P00918","CAH2_HUMAN","Carbonic anhydrase 2","P00918_S73_M1_19","HexNAc (ST)",0.431997431991258,0.581485197607275,0.122135875236224,6,"Not significant"
"P3C4 / LPS","AHNAK","Q09666","Q09666","AHNK_HUMAN","Neuroblast differentiation-associated protein AHNAK","Q09666_S2454_M1_19","HexNAc (ST)",0.802452502449749,0.581844271729075,0.122991749628069,6,"Not significant"
"P3C4 / LPS","AHNAK","Q09666","Q09666","AHNK_HUMAN","Neuroblast differentiation-associated protein AHNAK","Q09666_S2205_M1_19","HexNAc (ST)",0.383265852842334,0.585543274818932,0.13020734979085,6,"Not significant"
"P3C4 / LPS","AHNAK","Q09666","Q09666","AHNK_HUMAN","Neuroblast differentiation-associated protein AHNAK","Q09666_S5151_M1_19","HexNAc (ST)",0.555186819346586,0.586460134916407,0.131620349399309,6,"Not significant"
"P3C4 / LPS","TEP1","Q99973","Q99973","TEP1_HUMAN","Telomerase protein component 1","Q99973_S1926_M3_19","HexNAc (ST)",-0.773660168284678,0.586460134916407,0.131696811808291,6,"Not significant"
"P3C4 / LPS","EIF4A1","P60842","P60842","IF4A1_HUMAN","Eukaryotic initiation factor 4A-I","P60842_S342_M2_19","HexNAc (ST)",-0.354929365389182,0.586460134916407,0.131639014114417,6,"Not significant"
"P3C4 / LPS","NOLC1","Q14978","Q14978","NOLC1_HUMAN","Nucleolar and coiled-body phosphoprotein 1","Q14978_T610_M1_19","HexNAc (ST)",1.12252994450441,0.590162717296882,0.139454993162872,6,"Not significant"
"P3C4 / LPS","PHF2","O75151","O75151","PHF2_HUMAN","Lysine-specific demethylase PHF2","O75151_S929_M2_19","HexNAc (ST)",0.356615755014135,0.591396268870018,0.141858941020033,6,"Not significant"
"P3C4 / LPS","HSPA5","P11021","P11021","BIP_HUMAN","Endoplasmic reticulum chaperone BiP","P11021_S571_M1_19","HexNAc (ST)",0.437350191000907,0.595524137683209,0.14915124455654,6,"Not significant"
"P3C4 / LPS","UBA1","P22314","P22314","UBA1_HUMAN","Ubiquitin-like modifier-activating enzyme 1","P22314_T800_M2_19","HexNAc (ST)",0.38974345382892,0.595524137683209,0.149218583236208,4,"Not significant"
"P3C4 / LPS","PRKCSH","P14314","P14314","GLU2B_HUMAN","Glucosidase 2 subunit beta","P14314_S168_M1_19","HexNAc (ST)",1.67412530280173,0.600058212527585,0.157875557673674,6,"Not significant"
"P3C4 / LPS","HNRNPCL2","B2RXH8","B2RXH8","HNRC2_HUMAN","Heterogeneous nuclear ribonucleoprotein C-like 2","B2RXH8_S196_M1_19","HexNAc (ST)",-6.49135570013883,0.603121480649919,0.183621915982224,6,"Not significant"
"P3C4 / LPS","MAP3K7","O43318","O43318","M3K7_HUMAN","Mitogen-activated protein kinase kinase kinase 7","O43318_T538_M1_19","HexNAc (ST)",5.84781323540603,0.603121480649919,0.184520743585,6,"Not significant"
"P3C4 / LPS","ALDOA","P04075","P04075","ALDOA_HUMAN","Fructose-bisphosphate aldolase A","P04075_S160_M1_19","HexNAc (ST)",0.638776679402309,0.603121480649919,0.181913076047263,6,"Not significant"
"P3C4 / LPS","ATP5F1B","P06576","P06576","ATPB_HUMAN","ATP synthase subunit beta, mitochondrial","P06576_S253_M1_19","HexNAc (ST)",-0.459529043705922,0.603121480649919,0.167764472781435,6,"Not significant"
"P3C4 / LPS","GPX1","P07203","P07203","GPX1_HUMAN","Glutathione peroxidase 1","P07203_S34_M2_19","HexNAc (ST)",-8.10580092444117,0.603121480649919,0.186727232207704,5,"Not significant"
"P3C4 / LPS","RHOC","P08134","P08134","RHOC_HUMAN","Rho-related GTP-binding protein RhoC","P08134_T100_M1_19","HexNAc (ST)",0.273296114942296,0.603121480649919,0.170333184119295,6,"Not significant"
"P3C4 / LPS","VIM","P08670","P08670","VIME_HUMAN","Vimentin","P08670_S278_M1_19","HexNAc (ST)",-2.98527595543297,0.603121480649919,0.182748100500649,6,"Not significant"
"P3C4 / LPS","RAC2","P15153","P15153","RAC2_HUMAN","Ras-related C3 botulinum toxin substrate 2","P15153_T138_M1_19","HexNAc (ST)",-8.032826828544,0.603121480649919,0.192387777108217,6,"Not significant"
"P3C4 / LPS","MYH9","P35579","P35579","MYH9_HUMAN","Myosin-9","P35579_S1457_M2_19","HexNAc (ST)",0.385026568315921,0.603121480649919,0.169369322713969,6,"Not significant"
"P3C4 / LPS","EIF4A1","P60842","P60842","IF4A1_HUMAN","Eukaryotic initiation factor 4A-I","P60842_T377_M1_19","HexNAc (ST)",0.464452809857959,0.603121480649919,0.169909119775525,6,"Not significant"
"P3C4 / LPS","ACTR3","P61158","P61158","ARP3_HUMAN","Actin-related protein 3","P61158_S354_M2_19","HexNAc (ST)",0.319904407700769,0.603121480649919,0.192160693932126,6,"Not significant"
"P3C4 / LPS","ACTR3","P61158","P61158","ARP3_HUMAN","Actin-related protein 3","P61158_S350_M2_19","HexNAc (ST)",0.319904407700769,0.603121480649919,0.192160693932126,6,"Not significant"
"P3C4 / LPS","SRSF1","Q07955","Q07955","SRSF1_HUMAN","Serine/arginine-rich splicing factor 1","Q07955_S2_M1_19","HexNAc (ST)",9.29352318350005,0.603121480649919,0.186080396803222,6,"Not significant"
"P3C4 / LPS","OSTF1","Q92882","Q92882","OSTF1_HUMAN","Osteoclast-stimulating factor 1","Q92882_S187_M1_19","HexNAc (ST)",1.0053435215853,0.603121480649919,0.174988392050304,6,"Not significant"
"P3C4 / LPS","UTP14A","Q9BVJ6","Q9BVJ6","UT14A_HUMAN","U3 small nucleolar RNA-associated protein 14 homolog A","Q9BVJ6_T182_M2_19","HexNAc (ST)",0.468756081165542,0.603121480649919,0.19559226165174,6,"Not significant"
"P3C4 / LPS","UTP14A","Q9BVJ6","Q9BVJ6","UT14A_HUMAN","U3 small nucleolar RNA-associated protein 14 homolog A","Q9BVJ6_S176_M2_19","HexNAc (ST)",0.468756081165542,0.603121480649919,0.19559226165174,6,"Not significant"
"P3C4 / LPS","CHMP4B","Q9H444","Q9H444","CHM4B_HUMAN","Charged multivesicular body protein 4b","Q9H444_S87_M2_19","HexNAc (ST)",0.98118300288479,0.603121480649919,0.168962628009809,6,"Not significant"
"P3C4 / LPS","GRPEL1","Q9HAV7","Q9HAV7","GRPE1_HUMAN","GrpE protein homolog 1, mitochondrial","Q9HAV7_T147_M2_19","HexNAc (ST)",-1.0625257642589,0.603121480649919,0.180973162138908,6,"Not significant"
"P3C4 / LPS","NDUFB9","Q9Y6M9","Q9Y6M9","NDUB9_HUMAN","NADH dehydrogenase [ubiquinone] 1 beta subcomplex subunit 9","Q9Y6M9_T11_M2_19","HexNAc (ST)",0.765308180189199,0.603121480649919,0.175863787413766,6,"Not significant"
"P3C4 / LPS","NDUFB9","Q9Y6M9","Q9Y6M9","NDUB9_HUMAN","NADH dehydrogenase [ubiquinone] 1 beta subcomplex subunit 9","Q9Y6M9_S6_M2_19","HexNAc (ST)",0.765308180189199,0.603121480649919,0.175863787413766,6,"Not significant"
"P3C4 / LPS","UTRN","P46939","P46939","UTRN_HUMAN","Utrophin","P46939_S1278_M1_19","HexNAc (ST)",-0.475856883356288,0.603121480649919,0.172997048701775,6,"Not significant"
"P3C4 / LPS","UBA1","P22314","P22314","UBA1_HUMAN","Ubiquitin-like modifier-activating enzyme 1","P22314_S803_M2_19","HexNAc (ST)",0.972848066170474,0.603121480649919,0.191114328261355,5,"Not significant"
"P3C4 / LPS","HNRNPDL","O14979","O14979","HNRDL_HUMAN","Heterogeneous nuclear ribonucleoprotein D-like","O14979_S201_M1_19","HexNAc (ST)",-0.490417034919943,0.603202993881853,0.196520446762037,6,"Not significant"
"P3C4 / LPS","PLXNB2","O15031","O15031","PLXB2_HUMAN","Plexin-B2","O15031_T1124_M2_19","HexNAc (ST)",0.211022383483241,0.603202993881853,0.199931050945084,6,"Not significant"
"P3C4 / LPS","PLXNB2","O15031","O15031","PLXB2_HUMAN","Plexin-B2","O15031_T1117_M2_19","HexNAc (ST)",0.211022383483241,0.603202993881853,0.199931050945084,6,"Not significant"
"P3C4 / LPS","TAP1","Q03518","Q03518","TAP1_HUMAN","Antigen peptide transporter 1","Q03518_T376_M1_19","HexNAc (ST)",3.19176121784076,0.603526448284182,0.201975937100223,6,"Not significant"
"P3C4 / LPS","CYBB","P04839","P04839","CY24B_HUMAN","Cytochrome b-245 heavy chain","P04839_T509_M1_19","HexNAc (ST)",0.41976703820475,0.603565501775099,0.202592138589603,6,"Not significant"
"P3C4 / LPS","HSPA2","P54652","P54652","HSP72_HUMAN","Heat shock-related 70 kDa protein 2","P54652_T465_M1_19","HexNAc (ST)",0.908864857214784,0.604332523046084,0.20689002083065,6,"Not significant"
"P3C4 / LPS","HSPA9","P38646","P38646","GRP75_HUMAN","Stress-70 protein, mitochondrial","P38646_T504_M1_19","HexNAc (ST)",0.600152811201862,0.605043898694828,0.211128172090593,6,"Not significant"
"P3C4 / LPS","AHNAK","Q09666","Q09666","AHNK_HUMAN","Neuroblast differentiation-associated protein AHNAK","Q09666_S886_M1_19","HexNAc (ST)",0.895795030183181,0.605043898694828,0.210434510833399,6,"Not significant"
"P3C4 / LPS","AHNAK","Q09666","Q09666","AHNK_HUMAN","Neuroblast differentiation-associated protein AHNAK","Q09666_S1721_M1_19","HexNAc (ST)",0.895795030183181,0.605043898694828,0.210434510833399,6,"Not significant"
"P3C4 / LPS","AHNAK","Q09666","Q09666","AHNK_HUMAN","Neuroblast differentiation-associated protein AHNAK","Q09666_S2057_M1_19","HexNAc (ST)",0.895795030183181,0.605043898694828,0.210434510833399,6,"Not significant"
"P3C4 / LPS","AHNAK","Q09666","Q09666","AHNK_HUMAN","Neuroblast differentiation-associated protein AHNAK","Q09666_S2519_M1_19","HexNAc (ST)",0.895795030183181,0.605043898694828,0.210434510833399,6,"Not significant"
"P3C4 / LPS","AHNAK","Q09666","Q09666","AHNK_HUMAN","Neuroblast differentiation-associated protein AHNAK","Q09666_S2903_M1_19","HexNAc (ST)",0.895795030183181,0.605043898694828,0.210434510833399,6,"Not significant"
"P3C4 / LPS","AHNAK","Q09666","Q09666","AHNK_HUMAN","Neuroblast differentiation-associated protein AHNAK","Q09666_S1298_M1_19","HexNAc (ST)",0.402595480385096,0.605043898694828,0.210524277180369,6,"Not significant"
"P3C4 / LPS","AHNAK","Q09666","Q09666","AHNK_HUMAN","Neuroblast differentiation-associated protein AHNAK","Q09666_S2092_M1_19","HexNAc (ST)",0.402595480385096,0.605043898694828,0.210524277180369,6,"Not significant"
"P3C4 / LPS","AHNAK","Q09666","Q09666","AHNK_HUMAN","Neuroblast differentiation-associated protein AHNAK","Q09666_S2287_M1_19","HexNAc (ST)",0.402595480385096,0.605043898694828,0.210524277180369,6,"Not significant"
"P3C4 / LPS","ARHGAP45","Q92619","Q92619","HMHA1_HUMAN","Rho GTPase-activating protein 45","Q92619_T742_M1_19","HexNAc (ST)",3.0407198123233,0.605043898694828,0.210579196534509,6,"Not significant"
"P3C4 / LPS","CCT8","P50990","P50990","TCPQ_HUMAN","T-complex protein 1 subunit theta","P50990_S150_M1_19","HexNAc (ST)",5.42186174640859,0.605243671847612,0.212245358058702,6,"Not significant"
"P3C4 / LPS","TUBB4B","P68371","P68371","TBB4B_HUMAN","Tubulin beta-4B chain","P68371_S322_M1_19","HexNAc (ST)",1.15527587649136,0.605290855935159,0.212794521033366,6,"Not significant"
"P3C4 / LPS","AHNAK","Q09666","Q09666","AHNK_HUMAN","Neuroblast differentiation-associated protein AHNAK","Q09666_S5214_M1_19","HexNAc (ST)",7.98289737568878,0.605290855935159,0.212696524632115,6,"Not significant"
"P3C4 / LPS","TLN1","Q9Y490","Q9Y490","TLN1_HUMAN","Talin-1","Q9Y490_T2281_M2_19","HexNAc (ST)",0.197173509034816,0.605410721465517,0.213237040442579,6,"Not significant"
"P3C4 / LPS","TLN1","Q9Y490","Q9Y490","TLN1_HUMAN","Talin-1","Q9Y490_S2279_M2_19","HexNAc (ST)",0.197173509034816,0.605410721465517,0.213237040442579,6,"Not significant"
"P3C4 / LPS","CAP1","Q01518","Q01518","CAP1_HUMAN","Adenylyl cyclase-associated protein 1","Q01518_T315_M1_19","HexNAc (ST)",-0.51779771697785,0.605846449268668,0.214707112777729,6,"Not significant"
"P3C4 / LPS","GLO1","Q04760","Q04760","LGUL_HUMAN","Lactoylglutathione lyase","Q04760_S137_M1_19","HexNAc (ST)",0.401547857240804,0.606244733153758,0.216662974695087,6,"Not significant"
"P3C4 / LPS","RPS4X","P62701","P62701","RS4X_HUMAN","Small ribosomal subunit protein eS4, X isoform","P62701_T184_M2_19","HexNAc (ST)",8.56770718320972,0.606873590371303,0.21875990458974,6,"Not significant"
"P3C4 / LPS","PTRH1","Q86Y79","Q86Y79","PTH_HUMAN","Peptidyl-tRNA hydrolase","Q86Y79_S181_M1_19","HexNAc (ST)",0.892104988131994,0.606901628930107,0.219058088995445,6,"Not significant"
"P3C4 / LPS","ANP32A","P39687","P39687","AN32A_HUMAN","Acidic leucine-rich nuclear phosphoprotein 32 family member A","P39687_S117_M1_19","HexNAc (ST)",0.0863055841804347,0.607752899662224,0.222787333617104,6,"Not significant"
"P3C4 / LPS","MATR3","P43243","P43243","MATR3_HUMAN","Matrin-3","P43243_T134_M1_19","HexNAc (ST)",0.67594774700073,0.609908099723912,0.230161868957307,6,"Not significant"
"P3C4 / LPS","MAP1B","P46821","P46821","MAP1B_HUMAN","Microtubule-associated protein 1B","P46821_S1501_M2_19","HexNAc (ST)",-0.381615793986744,0.60996652131753,0.230469287227249,6,"Not significant"
"P3C4 / LPS","RUNX2","Q13950","Q13950","RUNX2_HUMAN","Runt-related transcription factor 2","Q13950_T135_M1_19","HexNAc (ST)",0.386044974890376,0.611138106299815,0.234499090105014,6,"Not significant"
"P3C4 / LPS","RUVBL2","Q9Y230","Q9Y230","RUVB2_HUMAN","RuvB-like 2","Q9Y230_T194_M1_19","HexNAc (ST)",0.362989997350895,0.611863142187183,0.237090939684495,6,"Not significant"
"P3C4 / LPS","RPLP2","P05387","P05387","RLA2_HUMAN","Large ribosomal subunit protein P2","P05387_S44_M1_19","HexNAc (ST)",0.244707507769894,0.612035346744178,0.238329698675751,6,"Not significant"
"P3C4 / LPS","CALR","P27797","P27797","CALR_HUMAN","Calreticulin","P27797_S53_M2_19","HexNAc (ST)",0.672087728180809,0.612530462127674,0.239879072288985,6,"Not significant"
"P3C4 / LPS","CALR","P27797","P27797","CALR_HUMAN","Calreticulin","P27797_S52_M2_19","HexNAc (ST)",0.672087728180809,0.612530462127674,0.239879072288985,6,"Not significant"
"P3C4 / LPS","MYL6","P60660","P60660","MYL6_HUMAN","Myosin light polypeptide 6","P60660_T85_M1_19","HexNAc (ST)",0.341068708716978,0.613222645111122,0.242885819869479,6,"Not significant"
"P3C4 / LPS","RBMX","P38159","P38159","RBMX_HUMAN","RNA-binding motif protein, X chromosome","P38159_S58_M2_19","HexNAc (ST)",-4.44386957552382,0.614605961859189,0.247686194197191,6,"Not significant"
"P3C4 / LPS","RBMX","P38159","P38159","RBMX_HUMAN","RNA-binding motif protein, X chromosome","P38159_T55_M2_19","HexNAc (ST)",-4.44386957552382,0.614605961859189,0.247686194197191,6,"Not significant"
"P3C4 / LPS","DPYSL2","Q16555","Q16555","DPYL2_HUMAN","Dihydropyrimidinase-related protein 2","Q16555_S421_M3_19","HexNAc (ST)",-0.445466364542988,0.616695268026169,0.253818471925834,6,"Not significant"
"P3C4 / LPS","DPYSL2","Q16555","Q16555","DPYL2_HUMAN","Dihydropyrimidinase-related protein 2","Q16555_T419_M3_19","HexNAc (ST)",-0.445466364542988,0.616695268026169,0.253818513910236,6,"Not significant"
"P3C4 / LPS","HSPA9","P38646","P38646","GRP75_HUMAN","Stress-70 protein, mitochondrial","P38646_T592_M2_19","HexNAc (ST)",-0.813927439048521,0.618219875424655,0.25745395545179,6,"Not significant"
"P3C4 / LPS","RPS28","P62857","P62857","RS28_HUMAN","Small ribosomal subunit protein eS28","P62857_S61_M1_19","HexNAc (ST)",-0.455970310924914,0.619253565042847,0.259951405222525,6,"Not significant"
"P3C4 / LPS","ADA","P00813","P00813","ADA_HUMAN","Adenosine deaminase","P00813_T212_M1_19","HexNAc (ST)",0.74949000363521,0.621688308987353,0.265519497469124,6,"Not significant"
"P3C4 / LPS","GLRX5","Q86SX6","Q86SX6","GLRX5_HUMAN","Glutaredoxin-related protein 5, mitochondrial","Q86SX6_S70_M2_19","HexNAc (ST)",0.17988431041154,0.62213213378783,0.26685571632367,5,"Not significant"
"P3C4 / LPS","CCT8","P50990","P50990","TCPQ_HUMAN","T-complex protein 1 subunit theta","P50990_S216_M1_19","HexNAc (ST)",-0.58851512965049,0.623165887831048,0.268859676769309,4,"Not significant"
"P3C4 / LPS","PSMC3","P17980","P17980","PRS6A_HUMAN","26S proteasome regulatory subunit 6A","P17980_S281_M1_19","HexNAc (ST)",0.507955952745142,0.624132292481139,0.271723386627053,4,"Not significant"
"P3C4 / LPS","ENO1","P06733","P06733","ENOA_HUMAN","Alpha-enolase","P06733_T229_M1_19","HexNAc (ST)",0.8412972514156,0.624808327890813,0.273830823456189,6,"Not significant"
"P3C4 / LPS","CALR","P27797","P27797","CALR_HUMAN","Calreticulin","P27797_T173_M1_19","HexNAc (ST)",0.214515060699078,0.626270946065861,0.277759951263544,6,"Not significant"
"P3C4 / LPS","MYH9","P35579","P35579","MYH9_HUMAN","Myosin-9","P35579_T1313_M1_19","HexNAc (ST)",-0.229531807787403,0.626562357436278,0.278504686194184,6,"Not significant"
"P3C4 / LPS","ELOB","Q15370","Q15370","ELOB_HUMAN","Elongin-B","Q15370_T56_M1_19","HexNAc (ST)",0.431029163588585,0.627072086587293,0.279565747103395,5,"Not significant"
"P3C4 / LPS","AHNAK","Q09666","Q09666","AHNK_HUMAN","Neuroblast differentiation-associated protein AHNAK","Q09666_S1654_M1_19","HexNAc (ST)",-0.744401550348697,0.628173494662053,0.283220322594696,6,"Not significant"
"P3C4 / LPS","AHNAK","Q09666","Q09666","AHNK_HUMAN","Neuroblast differentiation-associated protein AHNAK","Q09666_S1856_M1_19","HexNAc (ST)",-0.744401550348697,0.628173494662053,0.283220322594696,6,"Not significant"
"P3C4 / LPS","AHNAK","Q09666","Q09666","AHNK_HUMAN","Neuroblast differentiation-associated protein AHNAK","Q09666_S1923_M1_19","HexNAc (ST)",-0.744401550348697,0.628173494662053,0.283220322594696,6,"Not significant"
"P3C4 / LPS","AHNAK","Q09666","Q09666","AHNK_HUMAN","Neuroblast differentiation-associated protein AHNAK","Q09666_S2118_M1_19","HexNAc (ST)",-0.744401550348697,0.628173494662053,0.283220322594696,6,"Not significant"
"P3C4 / LPS","CFL1","P23528","P23528","COF1_HUMAN","Cofilin-1","P23528_T129_M1_19","HexNAc (ST)",0.363029813760253,0.628457609317672,0.284302794857529,6,"Not significant"
"P3C4 / LPS","ACOX3","O15254","O15254","ACOX3_HUMAN","Peroxisomal acyl-coenzyme A oxidase 3","O15254_T235_M1_19","HexNAc (ST)",0.508206569732996,0.629706740987774,0.287849525149348,6,"Not significant"
"P3C4 / LPS","PRPF8","Q6P2Q9","Q6P2Q9","PRP8_HUMAN","Pre-mRNA-processing-splicing factor 8","Q6P2Q9_T1841_M1_19","HexNAc (ST)",0.411578849631023,0.63043164247267,0.290030411781367,6,"Not significant"
"P3C4 / LPS","UBE2V1","Q13404","Q13404","UB2V1_HUMAN","Ubiquitin-conjugating enzyme E2 variant 1","Q13404_S66_M1_19","HexNAc (ST)",0.420612411273487,0.631521662552707,0.29325595499893,6,"Not significant"
"P3C4 / LPS","MAGT1","Q9H0U3","Q9H0U3","MAGT1_HUMAN","Magnesium transporter protein 1","Q9H0U3_S38_M2_19","HexNAc (ST)",-0.345741177970963,0.633560907276369,0.298662098873783,5,"Not significant"
"P3C4 / LPS","ZYX","Q15942","Q15942","ZYX_HUMAN","Zyxin","Q15942_T220_M2_19","HexNAc (ST)",-1.07111950376214,0.633897023197754,0.2995509867187,4,"Not significant"
"P3C4 / LPS","ZYX","Q15942","Q15942","ZYX_HUMAN","Zyxin","Q15942_S218_M2_19","HexNAc (ST)",-1.07111950376214,0.633897023197754,0.2995509867187,4,"Not significant"
"P3C4 / LPS","ALDOA","Cont_P00883","Cont_P00883","ALDOA_RABIT","Fructose-bisphosphate aldolase A","Cont_P00883_S4_M1_19","HexNAc (ST)",0.333502285523265,0.633972537254186,0.313164047906968,6,"Not significant"
"P3C4 / LPS","CLIC1","O00299","O00299","CLIC1_HUMAN","Chloride intracellular channel protein 1","O00299_T198_M1_19","HexNAc (ST)",0.170932097412288,0.633972537254186,0.325155345463978,6,"Not significant"
"P3C4 / LPS","ACTN4","O43707","O43707","ACTN4_HUMAN","Alpha-actinin-4","O43707_T222_M1_19","HexNAc (ST)",-0.644854651559952,0.633972537254186,0.378271925225664,6,"Not significant"
"P3C4 / LPS","MYO1B","O43795","O43795","MYO1B_HUMAN","Unconventional myosin-Ib","O43795_S145_M1_19","HexNAc (ST)",0.454297880752196,0.633972537254186,0.333648526099281,6,"Not significant"
"P3C4 / LPS","PTCD1","O75127","O75127","PTCD1_HUMAN","Pentatricopeptide repeat-containing protein 1, mitochondrial","O75127_T576_M1_19","HexNAc (ST)",5.70947260608113,0.633972537254186,0.424664450106918,6,"Not significant"
"P3C4 / LPS","MACROH2A1","O75367","O75367","H2AY_HUMAN","Core histone macro-H2A.1","O75367_T57_M1_19","HexNAc (ST)",2.14476138041978,0.633972537254186,0.343982996137931,6,"Not significant"
"P3C4 / LPS","SEC22B","O75396","O75396","SC22B_HUMAN","Vesicle-trafficking protein SEC22b","O75396_S137_M2_19","HexNAc (ST)",1.44840901561928,0.633972537254186,0.420941307217555,6,"Not significant"
"P3C4 / LPS","CDC123","O75794","O75794","CD123_HUMAN","Cell division cycle protein 123 homolog","O75794_T315_M2_19","HexNAc (ST)",7.49224099262034,0.633972537254186,0.422759993442503,6,"Not significant"
"P3C4 / LPS","BCAS2","O75934","O75934","SPF27_HUMAN","Pre-mRNA-splicing factor SPF27","O75934_T4_M1_19","HexNAc (ST)",6.33555744179761,0.633972537254186,0.423757659380119,6,"Not significant"
"P3C4 / LPS","ATP5PD","O75947","O75947","ATP5H_HUMAN","ATP synthase subunit d, mitochondrial","O75947_T10_M1_19","HexNAc (ST)",-5.40313711022555,0.633972537254186,0.420346949175826,6,"Not significant"
"P3C4 / LPS","SOD1","P00441","P00441","SODC_HUMAN","Superoxide dismutase [Cu-Zn]","P00441_T3_M1_19","HexNAc (ST)",-0.275675049242157,0.633972537254186,0.407487655361563,6,"Not significant"
"P3C4 / LPS","AK1","P00568","P00568","KAD1_HUMAN","Adenylate kinase isoenzyme 1","P00568_T126_M2_19","HexNAc (ST)",0.360918031423247,0.633972537254186,0.37807205297791,6,"Not significant"
"P3C4 / LPS","AK1","P00568","P00568","KAD1_HUMAN","Adenylate kinase isoenzyme 1","P00568_T124_M2_19","HexNAc (ST)",0.360918031423247,0.633972537254186,0.37807205297791,6,"Not significant"
"P3C4 / LPS","TGFB1","P01137","P01137","TGFB1_HUMAN","Transforming growth factor beta-1 proprotein","P01137_S380_M1_19","HexNAc (ST)",-8.09537226891689,0.633972537254186,0.423090614379731,6,"Not significant"
"P3C4 / LPS","LMNA","P02545","P02545","LMNA_HUMAN","Prelamin-A/C","P02545_S143_M1_19","HexNAc (ST)",7.39461085446057,0.633972537254186,0.421351748490446,6,"Not significant"
"P3C4 / LPS","ATP1A1","P05023","P05023","AT1A1_HUMAN","Sodium/potassium-transporting ATPase subunit alpha-1","P05023_S675_M2_19","HexNAc (ST)",-3.11038603538757,0.633972537254186,0.427502055264722,5,"Not significant"
"P3C4 / LPS","ICAM1","P05362","P05362","ICAM1_HUMAN","Intercellular adhesion molecule 1","P05362_T341_M1_19","HexNAc (ST)",0.181523003546819,0.633972537254186,0.30821569378694,6,"Not significant"
"P3C4 / LPS","ITGB1","P05556","P05556","ITB1_HUMAN","Integrin beta-1","P05556_T112_M1_19","HexNAc (ST)",0.854801833097121,0.633972537254186,0.407728505675776,6,"Not significant"
"P3C4 / LPS","ENO1","P06733","P06733","ENOA_HUMAN","Alpha-enolase","P06733_T205_M1_19","HexNAc (ST)",4.61755045278134,0.633972537254186,0.414822145461861,6,"Not significant"
"P3C4 / LPS","ENO1","P06733","P06733","ENOA_HUMAN","Alpha-enolase","P06733_S268_M2_19","HexNAc (ST)",0.513623399711921,0.633972537254186,0.393091332899772,6,"Not significant"
"P3C4 / LPS","P4HB","P07237","P07237","PDIA1_HUMAN","Protein disulfide-isomerase","P07237_T244_M1_19","HexNAc (ST)",-12.5164309334569,0.633972537254186,0.422619547754773,6,"Not significant"
"P3C4 / LPS","P4HB","P07237","P07237","PDIA1_HUMAN","Protein disulfide-isomerase","P07237_T296_M1_19","HexNAc (ST)",-0.118481503324619,0.633972537254186,0.38864190275364,5,"Not significant"
"P3C4 / LPS","HSP90AA1","P07900","P07900","HS90A_HUMAN","Heat shock protein HSP 90-alpha","P07900_T624_M1_19","HexNAc (ST)",-0.461838670756459,0.633972537254186,0.341812880430656,4,"Not significant"
"P3C4 / LPS","ACAA1","P09110","P09110","THIK_HUMAN","3-ketoacyl-CoA thiolase, peroxisomal","P09110_S291_M1_19","HexNAc (ST)",-2.54250309051863,0.633972537254186,0.43217928641832,6,"Not significant"
"P3C4 / LPS","ALDOC","P09972","P09972","ALDOC_HUMAN","Fructose-bisphosphate aldolase C","P09972_T97_M1_19","HexNAc (ST)",-4.68257473981228,0.633972537254186,0.417819247287823,6,"Not significant"
"P3C4 / LPS","HSPA1A;HSPA1B","P0DMV8;P0DMV9","P0DMV8;P0DMV9","HS71A_HUMAN;HS71B_HUMAN","Heat shock 70 kDa protein 1A;Heat shock 70 kDa protein 1B","P0DMV8_S537_M1_19","HexNAc (ST)",0.217192395399882,0.633972537254186,0.386419765917485,6,"Not significant"
"P3C4 / LPS","HSPA1A;HSPA1B","P0DMV8;P0DMV9","P0DMV8;P0DMV9","HS71A_HUMAN;HS71B_HUMAN","Heat shock 70 kDa protein 1A;Heat shock 70 kDa protein 1B","P0DMV9_S537_M1_19","HexNAc (ST)",0.217192395399882,0.633972537254186,0.386419765917485,6,"Not significant"
"P3C4 / LPS","GAA","P10253","P10253","LYAG_HUMAN","Lysosomal alpha-glucosidase","P10253_S688_M2_19","HexNAc (ST)",0.383783048444428,0.633972537254186,0.417490236226755,5,"Not significant"
"P3C4 / LPS","HSPA8","P11142","P11142","HSP7C_HUMAN","Heat shock cognate 71 kDa protein","P11142_S85_M1_19","HexNAc (ST)",1.02175430771829,0.633972537254186,0.425266054511367,6,"Not significant"
"P3C4 / LPS","TOP1","P11387","P11387","TOP1_HUMAN","DNA topoisomerase 1","P11387_T258_M1_19","HexNAc (ST)",-6.26534433294925,0.633972537254186,0.422166608538514,5,"Not significant"
"P3C4 / LPS","RNH1","P13489","P13489","RINI_HUMAN","Ribonuclease inhibitor","P13489_S50_M1_19","HexNAc (ST)",0.648216289378907,0.633972537254186,0.350812976314535,5,"Not significant"
"P3C4 / LPS","HSP90B1","P14625","P14625","ENPL_HUMAN","Endoplasmin","P14625_S607_M1_19","HexNAc (ST)",8.3975064012665,0.633972537254186,0.422849953983383,6,"Not significant"
"P3C4 / LPS","CD44","P16070","P16070","CD44_HUMAN","CD44 antigen","P16070_S686_M1_19","HexNAc (ST)",-5.45410259355804,0.633972537254186,0.425477540049462,6,"Not significant"
"P3C4 / LPS","DDX5","P17844","P17844","DDX5_HUMAN","Probable ATP-dependent RNA helicase DDX5","P17844_T436_M2_19","HexNAc (ST)",-7.39750226120413,0.633972537254186,0.423160267815325,6,"Not significant"
"P3C4 / LPS","NCL","P19338","P19338","NUCL_HUMAN","Nucleolin","P19338_S328_M1_19","HexNAc (ST)",0.949041773465856,0.633972537254186,0.305674083809125,5,"Not significant"
"P3C4 / LPS","NCL","P19338","P19338","NUCL_HUMAN","Nucleolin","P19338_S619_M1_19","HexNAc (ST)",0.271059972937397,0.633972537254186,0.375786747681971,6,"Not significant"
"P3C4 / LPS","PSMB1","P20618","P20618","PSB1_HUMAN","Proteasome subunit beta type-1","P20618_S237_M1_19","HexNAc (ST)",0.340852114137604,0.633972537254186,0.351718265668993,6,"Not significant"
"P3C4 / LPS","LMNB1","P20700","P20700","LMNB1_HUMAN","Lamin-B1","P20700_T188_M1_19","HexNAc (ST)",0.279872817277323,0.633972537254186,0.354994899834795,6,"Not significant"
"P3C4 / LPS","LMNB1","P20700","P20700","LMNB1_HUMAN","Lamin-B1","P20700_T151_M1_19","HexNAc (ST)",0.300255729089191,0.633972537254186,0.379191952413582,6,"Not significant"
"P3C4 / LPS","SCP2","P22307","P22307","SCP2_HUMAN","Sterol carrier protein 2","P22307_T473_M1_19","HexNAc (ST)",0.35330981163731,0.633972537254186,0.369876940030605,6,"Not significant"
"P3C4 / LPS","SCP2","P22307","P22307","SCP2_HUMAN","Sterol carrier protein 2","P22307_T526_M1_19","HexNAc (ST)",0.311465332499403,0.633972537254186,0.396957926410545,6,"Not significant"
"P3C4 / LPS","SFPQ","P23246","P23246","SFPQ_HUMAN","Splicing factor, proline- and glutamine-rich","P23246_S521_M1_19","HexNAc (ST)",-1.14835169697696,0.633972537254186,0.345842813349606,6,"Not significant"
"P3C4 / LPS","CPT2","P23786","P23786","CPT2_HUMAN","Carnitine O-palmitoyltransferase 2, mitochondrial","P23786_S66_M1_19","HexNAc (ST)",-5.1545773165471,0.633972537254186,0.42446205850189,6,"Not significant"
"P3C4 / LPS","ATP5F1A","P25705","P25705","ATPA_HUMAN","ATP synthase subunit alpha, mitochondrial","P25705_S325_M1_19","HexNAc (ST)",-0.826151093045928,0.633972537254186,0.318796277694264,6,"Not significant"
"P3C4 / LPS","CALR","P27797","P27797","CALR_HUMAN","Calreticulin","P27797_T173_M2_19","HexNAc (ST)",6.0760251839835,0.633972537254186,0.424251642417432,6,"Not significant"
"P3C4 / LPS","CANX","P27824","P27824","CALX_HUMAN","Calnexin","P27824_T143_M1_19","HexNAc (ST)",-0.750295877735959,0.633972537254186,0.318788716570174,6,"Not significant"
"P3C4 / LPS","TKT","P29401","P29401","TKT_HUMAN","Transketolase","P29401_S295_M2_19","HexNAc (ST)",9.96921212810752,0.633972537254186,0.422318276934082,5,"Not significant"
"P3C4 / LPS","PDIA3","P30101","P30101","PDIA3_HUMAN","Protein disulfide-isomerase A3","P30101_S424_M1_19","HexNAc (ST)",-0.765033137647439,0.633972537254186,0.40808853253368,6,"Not significant"
"P3C4 / LPS","UQCRC1","P31930","P31930","QCR1_HUMAN","Cytochrome b-c1 complex subunit 1, mitochondrial","P31930_S446_M1_19","HexNAc (ST)",-3.5640499578619,0.633972537254186,0.426980101411504,6,"Not significant"
"P3C4 / LPS","PHB1","P35232","P35232","PHB1_HUMAN","Prohibitin 1","P35232_S218_M1_19","HexNAc (ST)",-0.570368956323983,0.633972537254186,0.408320052394753,4,"Not significant"
"P3C4 / LPS","BSG","P35613","P35613","BASI_HUMAN","Basigin","P35613_T212_M1_19","HexNAc (ST)",1.41107188577484,0.633972537254186,0.31816688886834,5,"Not significant"
"P3C4 / LPS","HSPA9","P38646","P38646","GRP75_HUMAN","Stress-70 protein, mitochondrial","P38646_T224_M2_19","HexNAc (ST)",0.74338251450938,0.633972537254186,0.333535131320124,6,"Not significant"
"P3C4 / LPS","HSPA9","P38646","P38646","GRP75_HUMAN","Stress-70 protein, mitochondrial","P38646_S212_M2_19","HexNAc (ST)",0.74338251450938,0.633972537254186,0.333535131320124,6,"Not significant"
"P3C4 / LPS","TMPO","P42166","P42166","LAP2A_HUMAN","Lamina-associated polypeptide 2, isoform alpha","P42166_S18_M2_19","HexNAc (ST)",-0.659057839571448,0.633972537254186,0.319157558471299,6,"Not significant"
"P3C4 / LPS","IQGAP1","P46940","P46940","IQGA1_HUMAN","Ras GTPase-activating-like protein IQGAP1","P46940_T857_M1_19","HexNAc (ST)",0.268367088044681,0.633972537254186,0.32024664031755,6,"Not significant"
"P3C4 / LPS","CCT3","P49368","P49368","TCPG_HUMAN","T-complex protein 1 subunit gamma","P49368_T430_M2_19","HexNAc (ST)",0.23832063061162,0.633972537254186,0.367902373334295,6,"Not significant"
"P3C4 / LPS","CCT3","P49368","P49368","TCPG_HUMAN","T-complex protein 1 subunit gamma","P49368_S426_M2_19","HexNAc (ST)",0.23832063061162,0.633972537254186,0.367902373334295,6,"Not significant"
"P3C4 / LPS","AARS1","P49588","P49588","SYAC_HUMAN","Alanine--tRNA ligase, cytoplasmic","P49588_T804_M1_19","HexNAc (ST)",-3.9731472279004,0.633972537254186,0.413554673188193,6,"Not significant"
"P3C4 / LPS","CCT8","P50990","P50990","TCPQ_HUMAN","T-complex protein 1 subunit theta","P50990_T71_M1_19","HexNAc (ST)",0.213124632303987,0.633972537254186,0.370860266252687,6,"Not significant"
"P3C4 / LPS","HNRNPA3","P51991","P51991","ROA3_HUMAN","Heterogeneous nuclear ribonucleoprotein A3","P51991_T137_M1_19","HexNAc (ST)",0.307481816762002,0.633972537254186,0.40177080156603,6,"Not significant"
"P3C4 / LPS","ARHGDIA","P52565","P52565","GDIR1_HUMAN","Rho GDP-dissociation inhibitor 1","P52565_T160_M1_19","HexNAc (ST)",0.740397174906354,0.633972537254186,0.318494784855968,6,"Not significant"
"P3C4 / LPS","DSTN","P60981","P60981","DEST_HUMAN","Destrin","P60981_T65_M2_19","HexNAc (ST)",-0.734412715802107,0.633972537254186,0.314251800547865,6,"Not significant"
"P3C4 / LPS","DSTN","P60981","P60981","DEST_HUMAN","Destrin","P60981_T63_M2_19","HexNAc (ST)",-0.734412715802107,0.633972537254186,0.314251800547865,6,"Not significant"
"P3C4 / LPS","RAB8A","P61006","P61006","RAB8A_HUMAN","Ras-related protein Rab-8A","P61006_S111_M1_19","HexNAc (ST)",4.84931225113892,0.633972537254186,0.425081871243236,6,"Not significant"
"P3C4 / LPS","TMSB4X","P62328","P62328","TYB4_HUMAN","Thymosin beta-4","P62328_S2_M1_19","HexNAc (ST)",0.238215764740315,0.633972537254186,0.397389976451209,6,"Not significant"
"P3C4 / LPS","TMSB4X","P62328","P62328","TYB4_HUMAN","Thymosin beta-4","P62328_S16_M1_19","HexNAc (ST)",-5.31064007874733,0.633972537254186,0.421583331222239,6,"Not significant"
"P3C4 / LPS","GNB2","P62879","P62879","GBB2_HUMAN","Guanine nucleotide-binding protein G(I)/G(S)/G(T) subunit beta-2","P62879_T31_M2_19","HexNAc (ST)",-3.95930144902807,0.633972537254186,0.406072504669363,5,"Not significant"
"P3C4 / LPS","RPL8","P62917","P62917","RL8_HUMAN","Large ribosomal subunit protein uL2","P62917_T135_M3_19","HexNAc (ST)",-5.65098931483839,0.633972537254186,0.420979327226879,6,"Not significant"
"P3C4 / LPS","PPIA","P62937","P62937","PPIA_HUMAN","Peptidyl-prolyl cis-trans isomerase A","P62937_T93_M2_19","HexNAc (ST)",1.17888879565067,0.633972537254186,0.420814556049678,5,"Not significant"
"P3C4 / LPS","VAMP2","P63027","P63027","VAMP2_HUMAN","Vesicle-associated membrane protein 2","P63027_T35_M1_19","HexNAc (ST)",1.73337445091431,0.633972537254186,0.305850672501329,6,"Not significant"
"P3C4 / LPS","ACTC1","P68032","P68032","ACTC_HUMAN","Actin, alpha cardiac muscle 1","P68032_S237_M1_19","HexNAc (ST)",4.95879289197503,0.633972537254186,0.423822274613928,6,"Not significant"
"P3C4 / LPS","TOP2B","Q02880","Q02880","TOP2B_HUMAN","DNA topoisomerase 2-beta","Q02880_T97_M1_19","HexNAc (ST)",0.646677665738035,0.633972537254186,0.413800523061181,6,"Not significant"
"P3C4 / LPS","NOTCH2","Q04721","Q04721","NOTC2_HUMAN","Neurogenic locus notch homolog protein 2","Q04721_T78_M1_19","HexNAc (ST)",-4.45426327194855,0.633972537254186,0.4283387770242,6,"Not significant"
"P3C4 / LPS","AHNAK","Q09666","Q09666","AHNK_HUMAN","Neuroblast differentiation-associated protein AHNAK","Q09666_S909_M1_19","HexNAc (ST)",2.12865608008701,0.633972537254186,0.326762516324408,6,"Not significant"
"P3C4 / LPS","AHNAK","Q09666","Q09666","AHNK_HUMAN","Neuroblast differentiation-associated protein AHNAK","Q09666_S758_M1_19","HexNAc (ST)",0.0409998373170454,0.633972537254186,0.364444331811726,6,"Not significant"
"P3C4 / LPS","AHNAK","Q09666","Q09666","AHNK_HUMAN","Neuroblast differentiation-associated protein AHNAK","Q09666_S2926_M1_19","HexNAc (ST)",8.21681904606359,0.633972537254186,0.422365105956382,6,"Not significant"
"P3C4 / LPS","AHNAK","Q09666","Q09666","AHNK_HUMAN","Neuroblast differentiation-associated protein AHNAK","Q09666_T490_M1_19","HexNAc (ST)",0.668806365093513,0.633972537254186,0.375720579568682,6,"Not significant"
"P3C4 / LPS","AHNAK","Q09666","Q09666","AHNK_HUMAN","Neuroblast differentiation-associated protein AHNAK","Q09666_S4130_M1_19","HexNAc (ST)",-0.281093199935899,0.633972537254186,0.413610109806928,6,"Not significant"
"P3C4 / LPS","AHNAK","Q09666","Q09666","AHNK_HUMAN","Neuroblast differentiation-associated protein AHNAK","Q09666_S4594_M1_19","HexNAc (ST)",-0.281093199935899,0.633972537254186,0.413610109806928,6,"Not significant"
"P3C4 / LPS","AHNAK","Q09666","Q09666","AHNK_HUMAN","Neuroblast differentiation-associated protein AHNAK","Q09666_S2580_M1_19","HexNAc (ST)",0.212217031074334,0.633972537254186,0.323042154353795,6,"Not significant"
"P3C4 / LPS","AHNAK","Q09666","Q09666","AHNK_HUMAN","Neuroblast differentiation-associated protein AHNAK","Q09666_S4002_M1_19","HexNAc (ST)",0.212217031074334,0.633972537254186,0.323042154353795,6,"Not significant"
"P3C4 / LPS","AHNAK","Q09666","Q09666","AHNK_HUMAN","Neuroblast differentiation-associated protein AHNAK","Q09666_S4258_M1_19","HexNAc (ST)",0.212217031074334,0.633972537254186,0.323042154353795,6,"Not significant"
"P3C4 / LPS","AHNAK","Q09666","Q09666","AHNK_HUMAN","Neuroblast differentiation-associated protein AHNAK","Q09666_S4460_M1_19","HexNAc (ST)",0.212217031074334,0.633972537254186,0.323042154353795,6,"Not significant"
"P3C4 / LPS","AHNAK","Q09666","Q09666","AHNK_HUMAN","Neuroblast differentiation-associated protein AHNAK","Q09666_T4766_M1_19","HexNAc (ST)",-0.911856814285874,0.633972537254186,0.306350853136304,6,"Not significant"
"P3C4 / LPS","AHNAK","Q09666","Q09666","AHNK_HUMAN","Neuroblast differentiation-associated protein AHNAK","Q09666_S845_M2_19","HexNAc (ST)",-5.89263903664068,0.633972537254186,0.422159216884902,6,"Not significant"
"P3C4 / LPS","AHNAK","Q09666","Q09666","AHNK_HUMAN","Neuroblast differentiation-associated protein AHNAK","Q09666_T839_M2_19","HexNAc (ST)",-5.89263903664068,0.633972537254186,0.422159216884902,6,"Not significant"
"P3C4 / LPS","AHNAK","Q09666","Q09666","AHNK_HUMAN","Neuroblast differentiation-associated protein AHNAK","Q09666_S2333_M1_19","HexNAc (ST)",1.30081331909384,0.633972537254186,0.351085907181232,6,"Not significant"
"P3C4 / LPS","AHNAK","Q09666","Q09666","AHNK_HUMAN","Neuroblast differentiation-associated protein AHNAK","Q09666_S4789_M2_19","HexNAc (ST)",0.406056731602111,0.633972537254186,0.316261487696005,5,"Not significant"
"P3C4 / LPS","AHNAK","Q09666","Q09666","AHNK_HUMAN","Neuroblast differentiation-associated protein AHNAK","Q09666_S1542_M1_19","HexNAc (ST)",-0.899163771235579,0.633972537254186,0.372979243008231,6,"Not significant"
"P3C4 / LPS","ELP6","Q0PNE2","Q0PNE2","ELP6_HUMAN","Elongator complex protein 6","Q0PNE2_S89_M1_19","HexNAc (ST)",-5.94589032275238,0.633972537254186,0.422952996574565,6,"Not significant"
"P3C4 / LPS","CAMK1","Q14012","Q14012","KCC1A_HUMAN","Calcium/calmodulin-dependent protein kinase type 1","Q14012_S62_M1_19","HexNAc (ST)",4.06212699350715,0.633972537254186,0.409701110990613,6,"Not significant"
"P3C4 / LPS","HNRNPD","Q14103","Q14103","HNRPD_HUMAN","Heterogeneous nuclear ribonucleoprotein D0","Q14103_S190_M2_19","HexNAc (ST)",-1.08144685005726,0.633972537254186,0.3970151853262,6,"Not significant"
"P3C4 / LPS","UBAP2L","Q14157","Q14157","UBP2L_HUMAN","Ubiquitin-associated protein 2-like","Q14157_S604_M1_19","HexNAc (ST)",5.51474206346554,0.633972537254186,0.42001568649476,6,"Not significant"
"P3C4 / LPS","FRG1","Q14331","Q14331","FRG1_HUMAN","Protein FRG1","Q14331_S121_M1_19","HexNAc (ST)",-4.58706824974375,0.633972537254186,0.424141551802277,6,"Not significant"
"P3C4 / LPS","FRG1","Q14331","Q14331","FRG1_HUMAN","Protein FRG1","Q14331_S121_M2_19","HexNAc (ST)",-4.5169741471564,0.633972537254186,0.428067336073454,6,"Not significant"
"P3C4 / LPS","FRG1","Q14331","Q14331","FRG1_HUMAN","Protein FRG1","Q14331_S111_M2_19","HexNAc (ST)",-4.5169741471564,0.633972537254186,0.428067336073454,6,"Not significant"
"P3C4 / LPS","PTGES3","Q15185","Q15185","TEBP_HUMAN","Prostaglandin E synthase 3","Q15185_S64_M1_19","HexNAc (ST)",-0.324318883085359,0.633972537254186,0.409987953141568,6,"Not significant"
"P3C4 / LPS","TRIP10","Q15642","Q15642","CIP4_HUMAN","Cdc42-interacting protein 4","Q15642_S265_M1_19","HexNAc (ST)",5.81216722602652,0.633972537254186,0.420904196133603,6,"Not significant"
"P3C4 / LPS","HNRNPUL2","Q1KMD3","Q1KMD3","HNRL2_HUMAN","Heterogeneous nuclear ribonucleoprotein U-like protein 2","Q1KMD3_S543_M1_19","HexNAc (ST)",-2.66168326933229,0.633972537254186,0.433876364239782,6,"Not significant"
"P3C4 / LPS","ARHGAP31","Q2M1Z3","Q2M1Z3","RHG31_HUMAN","Rho GTPase-activating protein 31","Q2M1Z3_S1178_M1_19","HexNAc (ST)",0.385488635206692,0.633972537254186,0.30837354517985,6,"Not significant"
"P3C4 / LPS","GRIPAP1","Q4V328","Q4V328","GRAP1_HUMAN","GRIP1-associated protein 1","Q4V328_S105_M1_19","HexNAc (ST)",0.242882442532608,0.633972537254186,0.311785480672913,6,"Not significant"
"P3C4 / LPS","ACTBL2","Q562R1","Q562R1","ACTBL_HUMAN","Beta-actin-like protein 2","Q562R1_T107_M2_19","HexNAc (ST)",-12.5407988888657,0.633972537254186,0.422653986948692,6,"Not significant"
"P3C4 / LPS","ACTBL2","Q562R1","Q562R1","ACTBL_HUMAN","Beta-actin-like protein 2","Q562R1_T90_M2_19","HexNAc (ST)",-12.5407988888657,0.633972537254186,0.422653986948692,6,"Not significant"
"P3C4 / LPS","LARP4","Q71RC2","Q71RC2","LARP4_HUMAN","La-related protein 4","Q71RC2_T168_M2_19","HexNAc (ST)",0.138858435258881,0.633972537254186,0.410749144060473,6,"Not significant"
"P3C4 / LPS","LARP4","Q71RC2","Q71RC2","LARP4_HUMAN","La-related protein 4","Q71RC2_T167_M2_19","HexNAc (ST)",0.138858435258881,0.633972537254186,0.410749144060473,6,"Not significant"
"P3C4 / LPS","NUP54","Q7Z3B4","Q7Z3B4","NUP54_HUMAN","Nucleoporin p54","Q7Z3B4_S319_M1_19","HexNAc (ST)",0.235470287696818,0.633972537254186,0.410931616324096,6,"Not significant"
"P3C4 / LPS","KTN1","Q86UP2","Q86UP2","KTN1_HUMAN","Kinectin","Q86UP2_S312_M1_19","HexNAc (ST)",-0.231859874518711,0.633972537254186,0.34060734326089,6,"Not significant"
"P3C4 / LPS","WDFY3","Q8IZQ1","Q8IZQ1","WDFY3_HUMAN","WD repeat and FYVE domain-containing protein 3","Q8IZQ1_S1980_M2_19","HexNAc (ST)",7.88857573701986,0.633972537254186,0.42261731015113,6,"Not significant"
"P3C4 / LPS","NDUFAF2","Q8N183","Q8N183","NDUF2_HUMAN","NADH dehydrogenase [ubiquinone] 1 alpha subcomplex assembly factor 2","Q8N183_S102_M1_19","HexNAc (ST)",-1.21411112523237,0.633972537254186,0.406199297585997,6,"Not significant"
"P3C4 / LPS","IPMK","Q8NFU5","Q8NFU5","IPMK_HUMAN","Inositol polyphosphate multikinase","Q8NFU5_S229_M1_19","HexNAc (ST)",0.201927913645994,0.633972537254186,0.353625233592593,6,"Not significant"
"P3C4 / LPS","MYCBPAP","Q8TBZ2","Q8TBZ2","MYBPP_HUMAN","MYCBP-associated protein","Q8TBZ2_S582_M3_19","HexNAc (ST)",-7.4348956841069,0.633972537254186,0.423200361863773,6,"Not significant"
"P3C4 / LPS","MYCBPAP","Q8TBZ2","Q8TBZ2","MYBPP_HUMAN","MYCBP-associated protein","Q8TBZ2_T580_M3_19","HexNAc (ST)",0.407817330736187,0.633972537254186,0.423506229798031,5,"Not significant"
"P3C4 / LPS","MYO18A","Q92614","Q92614","MY18A_HUMAN","Unconventional myosin-XVIIIa","Q92614_T1661_M1_19","HexNAc (ST)",1.74532670850465,0.633972537254186,0.309802905190964,6,"Not significant"
"P3C4 / LPS","NRGN","Q92686","Q92686","NEUG_HUMAN","Neurogranin","Q92686_T5_M2_19","HexNAc (ST)",-6.82469473194642,0.633972537254186,0.421925632999519,5,"Not significant"
"P3C4 / LPS","RSF1","Q96T23","Q96T23","RSF1_HUMAN","Remodeling and spacing factor 1","Q96T23_T506_M2_19","HexNAc (ST)",1.23861626036963,0.633972537254186,0.404182777821227,6,"Not significant"
"P3C4 / LPS","RSF1","Q96T23","Q96T23","RSF1_HUMAN","Remodeling and spacing factor 1","Q96T23_T499_M2_19","HexNAc (ST)",1.23861626036963,0.633972537254186,0.404182777821227,6,"Not significant"
"P3C4 / LPS","ERP44","Q9BS26","Q9BS26","ERP44_HUMAN","Endoplasmic reticulum resident protein 44","Q9BS26_S353_M1_19","HexNAc (ST)",0.302132747804024,0.633972537254186,0.373369133236932,6,"Not significant"
"P3C4 / LPS","SRRT","Q9BXP5","Q9BXP5","SRRT_HUMAN","Serrate RNA effector molecule homolog","Q9BXP5_S284_M1_19","HexNAc (ST)",4.02276460796306,0.633972537254186,0.404708635729425,6,"Not significant"
"P3C4 / LPS","NT5DC2","Q9H857","Q9H857","NT5D2_HUMAN","5'-nucleotidase domain-containing protein 2","Q9H857_T305_M1_19","HexNAc (ST)",-0.269183674233538,0.633972537254186,0.40694463580513,4,"Not significant"
"P3C4 / LPS","SP140L","Q9H930","Q9H930","SP14L_HUMAN","Nuclear body protein SP140-like protein","Q9H930_T71_M1_19","HexNAc (ST)",-0.231684830138329,0.633972537254186,0.302794465324909,6,"Not significant"
"P3C4 / LPS","DMAP1","Q9NPF5","Q9NPF5","DMAP1_HUMAN","DNA methyltransferase 1-associated protein 1","Q9NPF5_T237_M1_19","HexNAc (ST)",-0.395563659942084,0.633972537254186,0.399213980415803,6,"Not significant"
"P3C4 / LPS","MED17","Q9NVC6","Q9NVC6","MED17_HUMAN","Mediator of RNA polymerase II transcription subunit 17","Q9NVC6_S152_M1_19","HexNAc (ST)",-1.7244674410271,0.633972537254186,0.372768108737359,6,"Not significant"
"P3C4 / LPS","DPP3","Q9NY33","Q9NY33","DPP3_HUMAN","Dipeptidyl peptidase 3","Q9NY33_S692_M2_19","HexNAc (ST)",1.90620031216526,0.633972537254186,0.419412873485799,6,"Not significant"
"P3C4 / LPS","TJP2","Q9UDY2","Q9UDY2","ZO2_HUMAN","Tight junction protein ZO-2","Q9UDY2_T757_M1_19","HexNAc (ST)",0.292648699979178,0.633972537254186,0.308214112012511,6,"Not significant"
"P3C4 / LPS","P4HB","P07237","P07237","PDIA1_HUMAN","Protein disulfide-isomerase","P07237_T101_M1_19","HexNAc (ST)",9.62207938949203,0.633972537254186,0.422385710532514,5,"Not significant"
"P3C4 / LPS","PFN1","P07737","P07737","PROF1_HUMAN","Profilin-1","P07737_S85_M2_19","HexNAc (ST)",8.16437571648812,0.633972537254186,0.381838141099641,5,"Not significant"
"P3C4 / LPS","ANXA6","P08133","P08133","ANXA6_HUMAN","Annexin A6","P08133_S49_M2_19","HexNAc (ST)",0.183356038160822,0.633972537254186,0.3192255864982,6,"Not significant"
"P3C4 / LPS","HSPA4","P34932","P34932","HSP74_HUMAN","Heat shock 70 kDa protein 4","P34932_T229_M2_19","HexNAc (ST)",0.227728100327483,0.633972537254186,0.31657051691047,5,"Not significant"
"P3C4 / LPS","PDIA6","Q15084","Q15084","PDIA6_HUMAN","Protein disulfide-isomerase A6","Q15084_S230_M1_19","HexNAc (ST)",0.417426447027968,0.633972537254186,0.42199042136786,5,"Not significant"
"P3C4 / LPS","PABPC1","P11940","P11940","PABP1_HUMAN","Polyadenylate-binding protein 1","P11940_S51_M1_19","HexNAc (ST)",8.10577998924682,0.633972537254186,0.421754879573151,5,"Not significant"
"P3C4 / LPS","TRIM28","Q13263","Q13263","TIF1B_HUMAN","Transcription intermediary factor 1-beta","Q13263_S784_M2_19","HexNAc (ST)",0.462114661100177,0.633972537254186,0.313006516635392,6,"Not significant"
"P3C4 / LPS","LRRC59","Q96AG4","Q96AG4","LRC59_HUMAN","Leucine-rich repeat-containing protein 59","Q96AG4_S25_M1_19","HexNAc (ST)",5.37883308721711,0.633972537254186,0.423321586271446,5,"Not significant"
"P3C4 / LPS","PSMB1","P20618","P20618","PSB1_HUMAN","Proteasome subunit beta type-1","P20618_S170_M1_19","HexNAc (ST)",0.339863522939192,0.633972537254186,0.322123297687305,6,"Not significant"
"P3C4 / LPS","HDAC2","Q92769","Q92769","HDAC2_HUMAN","Histone deacetylase 2","Q92769_T356_M1_19","HexNAc (ST)",0.756318711300908,0.633972537254186,0.334240823645834,5,"Not significant"
"P3C4 / LPS","HSPD1","P10809","P10809","CH60_HUMAN","60 kDa heat shock protein, mitochondrial","P10809_T206_M1_19","HexNAc (ST)",4.41971297330071,0.634128189222172,0.437541965613508,6,"Not significant"
"P3C4 / LPS","P4HA1","P13674","P13674","P4HA1_HUMAN","Prolyl 4-hydroxylase subunit alpha-1","P13674_S345_M1_19","HexNAc (ST)",-1.05602786632889,0.634167789483742,0.438358364327119,6,"Not significant"
"P3C4 / LPS","SPRY2","O43597","O43597","SPY2_HUMAN","Protein sprouty homolog 2","O43597_S167_M1_19","HexNAc (ST)",-2.86153703142627,0.634355604780912,0.439652948420716,6,"Not significant"
"P3C4 / LPS","HSPA5","P11021","P11021","BIP_HUMAN","Endoplasmic reticulum chaperone BiP","P11021_T137_M1_19","HexNAc (ST)",0.365748923836231,0.634829821531489,0.442501114261609,6,"Not significant"
"P3C4 / LPS","PSMC3","P17980","P17980","PRS6A_HUMAN","26S proteasome regulatory subunit 6A","P17980_T247_M1_19","HexNAc (ST)",1.06591457102842,0.636185259508235,0.448953001860317,6,"Not significant"
"P3C4 / LPS","PDHB","P11177","P11177","ODPB_HUMAN","Pyruvate dehydrogenase E1 component subunit beta, mitochondrial","P11177_S70_M1_19","HexNAc (ST)",-0.100474155717357,0.636579504551441,0.450670235487886,6,"Not significant"
"P3C4 / LPS","FTL","P02792","P02792","FRIL_HUMAN","Ferritin light chain","P02792_T150_M1_19","HexNAc (ST)",0.594390651682794,0.637693934331133,0.454996931370844,6,"Not significant"
"P3C4 / LPS","VAPA","Q9P0L0","Q9P0L0","VAPA_HUMAN","Vesicle-associated membrane protein-associated protein A","Q9P0L0_T35_M1_19","HexNAc (ST)",0.480899621129501,0.637729026607035,0.455317229667147,6,"Not significant"
"P3C4 / LPS","LYRM7","Q5U5X0","Q5U5X0","LYRM7_HUMAN","Complex III assembly factor LYRM7","Q5U5X0_T101_M1_19","HexNAc (ST)",-0.104455455470514,0.639089247594038,0.460376926802361,6,"Not significant"
"P3C4 / LPS","CANX","P27824","P27824","CALX_HUMAN","Calnexin","P27824_T59_M1_19","HexNAc (ST)",-1.06094896863508,0.639257097485749,0.460842866508288,4,"Not significant"
"P3C4 / LPS","ACTB","Cont_P60712;P60709","Cont_P60712;P60709","ACTB_BOVIN;ACTB_HUMAN","Actin, cytoplasmic 1;Actin, cytoplasmic 1","Cont_P60712_T106_M1_19","HexNAc (ST)",0.299132043818022,0.63974983282713,0.462567940140939,6,"Not significant"
"P3C4 / LPS","ACTB","Cont_P60712;P60709","Cont_P60712;P60709","ACTB_BOVIN;ACTB_HUMAN","Actin, cytoplasmic 1;Actin, cytoplasmic 1","P60709_T106_M1_19","HexNAc (ST)",0.299132043818022,0.63974983282713,0.462567940140939,6,"Not significant"
"P3C4 / LPS","RENBP","P51606","P51606","RENBP_HUMAN","N-acylglucosamine 2-epimerase","P51606_S230_M1_19","HexNAc (ST)",-1.13607244483668,0.639754491286157,0.462612696090354,6,"Not significant"
"P3C4 / LPS","HSPA5","P11021","P11021","BIP_HUMAN","Endoplasmic reticulum chaperone BiP","P11021_T648_M2_19","HexNAc (ST)",0.276018908826059,0.639754491286157,0.462616090263889,4,"Not significant"
"P3C4 / LPS","RPS6","P62753","P62753","RS6_HUMAN","Small ribosomal subunit protein eS6","P62753_T127_M2_19","HexNAc (ST)",0.318592377632803,0.640930192574824,0.467041056364829,4,"Not significant"
"P3C4 / LPS","PDIA3","P30101","P30101","PDIA3_HUMAN","Protein disulfide-isomerase A3","P30101_S318_M2_19","HexNAc (ST)",1.91952649177119,0.641677884041257,0.469493814098831,6,"Not significant"
"P3C4 / LPS","TMSB10","P63313","P63313","TYB10_HUMAN","Thymosin beta-10","P63313_T28_M1_19","HexNAc (ST)",0.155137164255093,0.641730621075997,0.469746206873989,6,"Not significant"
"P3C4 / LPS","VDAC1","P21796","P21796","VDAC1_HUMAN","Voltage-dependent anion-selective channel protein 1","P21796_T250_M2_19","HexNAc (ST)",-0.180160982827318,0.641850989516407,0.470150107425972,6,"Not significant"
"P3C4 / LPS","HSPD1","P10809","P10809","CH60_HUMAN","60 kDa heat shock protein, mitochondrial","P10809_T54_M1_19","HexNAc (ST)",0.527294279722081,0.641877940900008,0.470293171311414,6,"Not significant"
"P3C4 / LPS","HMGB1","P09429","P09429","HMGB1_HUMAN","High mobility group protein B1","P09429_S121_M1_19","HexNAc (ST)",0.0809359228994159,0.642975645265063,0.473868428505181,6,"Not significant"
"P3C4 / LPS","AHNAK","Q09666","Q09666","AHNK_HUMAN","Neuroblast differentiation-associated protein AHNAK","Q09666_T4564_M1_19","HexNAc (ST)",0.181694485252397,0.643838157249671,0.476491342133905,6,"Not significant"
"P3C4 / LPS","H2BC21","Q16778","Q16778","H2B2E_HUMAN","Histone H2B type 2-E","Q16778_S39_M2_19","HexNAc (ST)",1.45595119631935,0.644399538461199,0.478408258399416,6,"Not significant"
"P3C4 / LPS","H2BC21","Q16778","Q16778","H2B2E_HUMAN","Histone H2B type 2-E","Q16778_S37_M2_19","HexNAc (ST)",1.45595119631935,0.644399538461199,0.478408258399416,6,"Not significant"
"P3C4 / LPS","PRSS1","Cont_P00760","Cont_P00760","TRY1_BOVIN","Serine protease 1","Cont_P00760_S169_M2_19","HexNAc (ST)",0.553683735321119,0.644696789200346,0.490325094349887,6,"Not significant"
"P3C4 / LPS","CDC123","O75794","O75794","CD123_HUMAN","Cell division cycle protein 123 homolog","O75794_T315_M1_19","HexNAc (ST)",8.06931758523783,0.644696789200346,0.500249323632614,4,"Not significant"
"P3C4 / LPS","SSB","P05455","P05455","LA_HUMAN","Lupus La protein","P05455_T302_M1_19","HexNAc (ST)",0.823610923651068,0.644696789200346,0.491432126453133,6,"Not significant"
"P3C4 / LPS","EPRS1","P07814","P07814","SYEP_HUMAN","Bifunctional glutamate/proline--tRNA ligase","P07814_T1110_M1_19","HexNAc (ST)",4.95253722875952,0.644696789200346,0.500232392429906,4,"Not significant"
"P3C4 / LPS","CD22","P20273","P20273","CD22_HUMAN","B-cell receptor CD22","P20273_T291_M1_19","HexNAc (ST)",-0.256623474891565,0.644696789200346,0.496022228168968,5,"Not significant"
"P3C4 / LPS","HMGB2","P26583","P26583","HMGB2_HUMAN","High mobility group protein B2","P26583_S58_M1_19","HexNAc (ST)",0.155723554278118,0.644696789200346,0.492700560998224,6,"Not significant"
"P3C4 / LPS","CANX","P27824","P27824","CALX_HUMAN","Calnexin","P27824_S74_M1_19","HexNAc (ST)",-5.97796022727813,0.644696789200346,0.501262571947782,5,"Not significant"
"P3C4 / LPS","CAPG","P40121","P40121","CAPG_HUMAN","Macrophage-capping protein","P40121_T264_M1_19","HexNAc (ST)",-5.90634139930864,0.644696789200346,0.501224965698747,4,"Not significant"
"P3C4 / LPS","PPT1","P50897","P50897","PPT1_HUMAN","Palmitoyl-protein thioesterase 1","P50897_S199_M1_19","HexNAc (ST)",-0.25802453002694,0.644696789200346,0.484677632836892,6,"Not significant"
"P3C4 / LPS","TRIM28","Q13263","Q13263","TIF1B_HUMAN","Transcription intermediary factor 1-beta","Q13263_S756_M2_19","HexNAc (ST)",10.8064666721491,0.644696789200346,0.49993143519423,5,"Not significant"
"P3C4 / LPS","RAB18","Q9NP72","Q9NP72","RAB18_HUMAN","Ras-related protein Rab-18","Q9NP72_T49_M2_19","HexNAc (ST)",-8.29298361731797,0.644696789200346,0.499908745574958,5,"Not significant"
"P3C4 / LPS","TOMM22","Q9NS69","Q9NS69","TOM22_HUMAN","Mitochondrial import receptor subunit TOM22 homolog","Q9NS69_S128_M2_19","HexNAc (ST)",6.44693816628063,0.644696789200346,0.500125352916595,5,"Not significant"
"P3C4 / LPS","VDAC3","Q9Y277","Q9Y277","VDAC3_HUMAN","Voltage-dependent anion-selective channel protein 3","Q9Y277_T72_M1_19","HexNAc (ST)",6.19203276781036,0.644696789200346,0.501314355867133,4,"Not significant"
"P3C4 / LPS","CA2","P00918","P00918","CAH2_HUMAN","Carbonic anhydrase 2","P00918_S56_M2_19","HexNAc (ST)",-4.18397405802941,0.644696789200346,0.501724322411542,4,"Not significant"
"P3C4 / LPS","CA2","P00918","P00918","CAH2_HUMAN","Carbonic anhydrase 2","P00918_T55_M2_19","HexNAc (ST)",-4.18397405802941,0.644696789200346,0.501724322411542,4,"Not significant"
"P3C4 / LPS","AHNAK","Q09666","Q09666","AHNK_HUMAN","Neuroblast differentiation-associated protein AHNAK","Q09666_S3672_M1_19","HexNAc (ST)",0.341814272640863,0.644764271610972,0.504011184912312,6,"Not significant"
"P3C4 / LPS","PRDX5","P30044","P30044","PRDX5_HUMAN","Peroxiredoxin-5, mitochondrial","P30044_S101_M2_19","HexNAc (ST)",1.06907565345231,0.644947817966416,0.505697217949678,6,"Not significant"
"P3C4 / LPS","PRDX5","P30044","P30044","PRDX5_HUMAN","Peroxiredoxin-5, mitochondrial","P30044_T97_M2_19","HexNAc (ST)",1.06907565345231,0.644947817966416,0.505697217949678,6,"Not significant"
"P3C4 / LPS","CD38","P28907","P28907","CD38_HUMAN","ADP-ribosyl cyclase/cyclic ADP-ribose hydrolase 1","P28907_T71_M1_19","HexNAc (ST)",0.111557564673102,0.645067607769993,0.506519301084828,6,"Not significant"
"P3C4 / LPS","FIP1L1","Q6UN15","Q6UN15","FIP1_HUMAN","Pre-mRNA 3'-end-processing factor FIP1","Q6UN15_S324_M3_19","HexNAc (ST)",0.176610691486338,0.645278988936242,0.50792032938574,6,"Not significant"
"P3C4 / LPS","FIP1L1","Q6UN15","Q6UN15","FIP1_HUMAN","Pre-mRNA 3'-end-processing factor FIP1","Q6UN15_T322_M3_19","HexNAc (ST)",0.176610691486338,0.645278988936242,0.50792032938574,6,"Not significant"
"P3C4 / LPS","FIP1L1","Q6UN15","Q6UN15","FIP1_HUMAN","Pre-mRNA 3'-end-processing factor FIP1","Q6UN15_T320_M3_19","HexNAc (ST)",0.176610691486338,0.645278988936242,0.50792032938574,6,"Not significant"
"P3C4 / LPS","EEPD1","Q7L9B9","Q7L9B9","EEPD1_HUMAN","Endonuclease/exonuclease/phosphatase family domain-containing protein 1","Q7L9B9_T89_M2_19","HexNAc (ST)",-4.6910921624313,0.645917568922698,0.510136863381604,4,"Not significant"
"P3C4 / LPS","RPS8","P62241","P62241","RS8_HUMAN","Small ribosomal subunit protein eS8","P62241_T130_M1_19","HexNAc (ST)",0.338391873457781,0.646162475710884,0.510892526138104,6,"Not significant"
"P3C4 / LPS","CGREF1","Q99674","Q99674","CGRE1_HUMAN","Cell growth regulator with EF hand domain protein 1","Q99674_S159_M1_19","HexNAc (ST)",-0.448138938797936,0.646213686372411,0.511093994827816,6,"Not significant"
"P3C4 / LPS","ATP13A1","Q9HD20","Q9HD20","AT131_HUMAN","Endoplasmic reticulum transmembrane helix translocase","Q9HD20_S790_M1_19","HexNAc (ST)",4.10255298788684,0.646489116819542,0.512311718345995,5,"Not significant"
"P3C4 / LPS","EIF4G2","P78344","P78344","IF4G2_HUMAN","Eukaryotic translation initiation factor 4 gamma 2","P78344_S272_M1_19","HexNAc (ST)",0.304448677170542,0.646919031115017,0.513805000152006,6,"Not significant"
"P3C4 / LPS","NCF2","P19878","P19878","NCF2_HUMAN","Neutrophil cytosol factor 2","P19878_T233_M1_19","HexNAc (ST)",-0.439246799761005,0.647103933030609,0.514391704885035,6,"Not significant"
"P3C4 / LPS","HSPA2","P54652","P54652","HSP72_HUMAN","Heat shock-related 70 kDa protein 2","P54652_T126_M1_19","HexNAc (ST)",0.780337182541157,0.647182790738528,0.51466532896397,4,"Not significant"
"P3C4 / LPS","GAA","P10253","P10253","LYAG_HUMAN","Lysosomal alpha-glucosidase","P10253_T700_M2_19","HexNAc (ST)",0.948227640924581,0.647533476786966,0.516377909839943,4,"Not significant"
"P3C4 / LPS","ITGAX","P20702","P20702","ITAX_HUMAN","Integrin alpha-X","P20702_S266_M1_19","HexNAc (ST)",-0.569163940862751,0.648022946907062,0.517849366590708,6,"Not significant"
"P3C4 / LPS","PTRH2","Q9Y3E5","Q9Y3E5","PTH2_HUMAN","Peptidyl-tRNA hydrolase 2, mitochondrial","Q9Y3E5_T125_M1_19","HexNAc (ST)",-0.264464777758985,0.648580310481637,0.51998322649738,6,"Not significant"
"P3C4 / LPS","HSPA8","P11142","P11142","HSP7C_HUMAN","Heat shock cognate 71 kDa protein","P11142_T586_M1_19","HexNAc (ST)",-0.536884711307078,0.649222712663422,0.522122106261016,6,"Not significant"
"P3C4 / LPS","H1-5","P16401","P16401","H15_HUMAN","Histone H1.5","P16401_S61_M1_19","HexNAc (ST)",0.171307915363038,0.64927999938507,0.522267566001932,6,"Not significant"
"P3C4 / LPS","TSC22D1","Q15714","Q15714","T22D1_HUMAN","TSC22 domain family protein 1","Q15714_S1018_M1_19","HexNAc (ST)",-0.400663684393101,0.650351582865965,0.525762978958865,6,"Not significant"
"P3C4 / LPS","TPM4","P67936","P67936","TPM4_HUMAN","Tropomyosin alpha-4 chain","P67936_S87_M1_19","HexNAc (ST)",-0.265366034393731,0.650543820846417,0.526174759066669,5,"Not significant"
"P3C4 / LPS","STK10","O94804","O94804","STK10_HUMAN","Serine/threonine-protein kinase 10","O94804_T58_M1_19","HexNAc (ST)",-0.459645942314522,0.650767649084432,0.526710177072983,6,"Not significant"
"P3C4 / LPS","P4HB","P07237","P07237","PDIA1_HUMAN","Protein disulfide-isomerase","P07237_T221_M1_19","HexNAc (ST)",0.711947193056484,0.651284813764173,0.528302270125987,6,"Not significant"
"P3C4 / LPS","OAT","P04181","P04181","OAT_HUMAN","Ornithine aminotransferase, mitochondrial","P04181_T33_M3_19","HexNAc (ST)",-0.966406232745785,0.651891382854835,0.530031208003309,6,"Not significant"
"P3C4 / LPS","DYNC1I2","Q13409","Q13409","DC1I2_HUMAN","Cytoplasmic dynein 1 intermediate chain 2","Q13409_S590_M1_19","HexNAc (ST)",1.62762834281599,0.65194751268057,0.530234700064588,6,"Not significant"
"P3C4 / LPS","MYL6","P60660","P60660","MYL6_HUMAN","Myosin light polypeptide 6","P60660_T76_M1_19","HexNAc (ST)",0.200010370490168,0.653542738198501,0.534863939416271,6,"Not significant"
"P3C4 / LPS","TMED10","P49755","P49755","TMEDA_HUMAN","Transmembrane emp24 domain-containing protein 10","P49755_T114_M1_19","HexNAc (ST)",-0.984322983436004,0.653978827036227,0.536169357625439,6,"Not significant"
"P3C4 / LPS","HNRNPA1","P09651","P09651","ROA1_HUMAN","Heterogeneous nuclear ribonucleoprotein A1","P09651_T64_M1_19","HexNAc (ST)",0.188504425472778,0.654655719022948,0.5384201761392,5,"Not significant"
"P3C4 / LPS","IDH3A","P50213","P50213","IDH3A_HUMAN","Isocitrate dehydrogenase [NAD] subunit alpha, mitochondrial","P50213_T101_M2_19","HexNAc (ST)",0.361959055819987,0.654881645578798,0.539093235786869,5,"Not significant"
"P3C4 / LPS","XRCC5","P13010","P13010","XRCC5_HUMAN","X-ray repair cross-complementing protein 5","P13010_T293_M1_19","HexNAc (ST)",2.33444225299182,0.655243873479609,0.540189483518902,5,"Not significant"
"P3C4 / LPS","MRPL2","Q5T653","Q5T653","RM02_HUMAN","Large ribosomal subunit protein uL2m","Q5T653_T223_M2_19","HexNAc (ST)",-0.462125081428111,0.655830235247333,0.541848706532668,6,"Not significant"
"P3C4 / LPS","TAF15","Q92804","Q92804","RBP56_HUMAN","TATA-binding protein-associated factor 2N","Q92804_T279_M1_19","HexNAc (ST)",0.965302546994464,0.656554924945377,0.544058907740447,5,"Not significant"
"P3C4 / LPS","ACSL1","P33121","P33121","ACSL1_HUMAN","Long-chain-fatty-acid--CoA ligase 1","P33121_S247_M2_19","HexNAc (ST)",0.925345398012196,0.656936184874411,0.545105437367829,6,"Not significant"
"P3C4 / LPS","ACSL1","P33121","P33121","ACSL1_HUMAN","Long-chain-fatty-acid--CoA ligase 1","P33121_T246_M2_19","HexNAc (ST)",0.925345398012196,0.656936184874411,0.545105437367829,6,"Not significant"
"P3C4 / LPS","UBQLN1","Q9UMX0","Q9UMX0","UBQL1_HUMAN","Ubiquilin-1","Q9UMX0_S71_M2_19","HexNAc (ST)",-0.140622424628066,0.657198603597993,0.545741658202753,5,"Not significant"
"P3C4 / LPS","CLTC","Q00610","Q00610","CLH1_HUMAN","Clathrin heavy chain 1","Q00610_T339_M1_19","HexNAc (ST)",0.172266225144118,0.657421339918473,0.546472353110958,6,"Not significant"
"P3C4 / LPS","SUMO2","P61956","P61956","SUMO2_HUMAN","Small ubiquitin-related modifier 2","P61956_T12_M1_19","HexNAc (ST)",-1.80221232741895,0.657479619207416,0.546690150454537,6,"Not significant"
"P3C4 / LPS","RAB11FIP1","Q6WKZ4","Q6WKZ4","RFIP1_HUMAN","Rab11 family-interacting protein 1","Q6WKZ4_S300_M1_19","HexNAc (ST)",0.130879579262025,0.660605106652322,0.556118788770471,6,"Not significant"
"P3C4 / LPS","CS","O75390","O75390","CISY_HUMAN","Citrate synthase, mitochondrial","O75390_S97_M2_19","HexNAc (ST)",0.869287202327208,0.661406189606787,0.558467362453149,4,"Not significant"
"P3C4 / LPS","MSN","P26038","P26038","MOES_HUMAN","Moesin","P26038_S440_M1_19","HexNAc (ST)",-0.925967791876323,0.662411542011202,0.561431254192654,6,"Not significant"
"P3C4 / LPS","SEC16A","O15027","O15027","SC16A_HUMAN","Protein transport protein Sec16A","O15027_S331_M1_19","HexNAc (ST)",-0.1010186656586,0.663009316107774,0.563267443339825,6,"Not significant"
"P3C4 / LPS","AHNAK","Q09666","Q09666","AHNK_HUMAN","Neuroblast differentiation-associated protein AHNAK","Q09666_S2542_M1_19","HexNAc (ST)",-0.163564157468522,0.663830141581222,0.565955633266772,6,"Not significant"
"P3C4 / LPS","CTSB","P07858","P07858","CATB_HUMAN","Cathepsin B","P07858_S175_M1_19","HexNAc (ST)",0.72543612522218,0.664024658682793,0.566442699543057,5,"Not significant"
"P3C4 / LPS","CCDC9","Q9Y3X0","Q9Y3X0","CCDC9_HUMAN","Coiled-coil domain-containing protein 9","Q9Y3X0_S70_M1_19","HexNAc (ST)",-0.127744191226095,0.664328001273156,0.567455510705059,6,"Not significant"
"P3C4 / LPS","NOP58","Q9Y2X3","Q9Y2X3","NOP58_HUMAN","Nucleolar protein 58","Q9Y2X3_T61_M2_19","HexNAc (ST)",-1.01815299685595,0.665624187804043,0.571403671948995,6,"Not significant"
"P3C4 / LPS","NOP58","Q9Y2X3","Q9Y2X3","NOP58_HUMAN","Nucleolar protein 58","Q9Y2X3_T53_M2_19","HexNAc (ST)",-1.01815299685595,0.665624187804043,0.571403671948995,6,"Not significant"
"P3C4 / LPS","MACROH2A1","O75367","O75367","H2AY_HUMAN","Core histone macro-H2A.1","O75367_S260_M1_19","HexNAc (ST)",0.226814468158792,0.66661401703173,0.574329321176499,6,"Not significant"
"P3C4 / LPS","PLOD3","O60568","O60568","PLOD3_HUMAN","Multifunctional procollagen lysine hydroxylase and glycosyltransferase LH3","O60568_S209_M1_19","HexNAc (ST)",0.154057736246995,0.666849730402614,0.575164075248451,6,"Not significant"
"P3C4 / LPS","NAP1L1","P55209","P55209","NP1L1_HUMAN","Nucleosome assembly protein 1-like 1","P55209_T39_M1_19","HexNAc (ST)",0.247036009861429,0.669173118898412,0.582338966353651,6,"Not significant"
"P3C4 / LPS","SIAE","Q9HAT2","Q9HAT2","SIAE_HUMAN","Sialate O-acetylesterase","Q9HAT2_T403_M1_19","HexNAc (ST)",0.14789253440238,0.669464221793142,0.583398219766288,6,"Not significant"
"P3C4 / LPS","H2AC11;H2AC12;H2AC14","P0C0S8;Q96KK5;Q99878","P0C0S8;Q96KK5;Q99878","H2A1_HUMAN;H2A1H_HUMAN;H2A1J_HUMAN","Histone H2A type 1;Histone H2A type 1-H;Histone H2A type 1-J","P0C0S8_T60_M1_19","HexNAc (ST)",-0.948372464325799,0.67041080790894,0.586167026067121,6,"Not significant"
"P3C4 / LPS","H2AC11;H2AC12;H2AC14","P0C0S8;Q96KK5;Q99878","P0C0S8;Q96KK5;Q99878","H2A1_HUMAN;H2A1H_HUMAN;H2A1J_HUMAN","Histone H2A type 1;Histone H2A type 1-H;Histone H2A type 1-J","Q96KK5_T60_M1_19","HexNAc (ST)",-0.948372464325799,0.67041080790894,0.586167026067121,6,"Not significant"
"P3C4 / LPS","H2AC11;H2AC12;H2AC14","P0C0S8;Q96KK5;Q99878","P0C0S8;Q96KK5;Q99878","H2A1_HUMAN;H2A1H_HUMAN;H2A1J_HUMAN","Histone H2A type 1;Histone H2A type 1-H;Histone H2A type 1-J","Q99878_T60_M1_19","HexNAc (ST)",-0.948372464325799,0.67041080790894,0.586167026067121,6,"Not significant"
"P3C4 / LPS","PRSS1","Cont_P00760","Cont_P00760","TRY1_BOVIN","Serine protease 1","Cont_P00760_S91_M1_19","HexNAc (ST)",0.553779383284629,0.67196259193735,0.590974628195592,4,"Not significant"
"P3C4 / LPS","CAPZB","P47756","P47756","CAPZB_HUMAN","F-actin-capping protein subunit beta","P47756_S42_M2_19","HexNAc (ST)",0.569457813557655,0.672267060341211,0.591917682763226,4,"Not significant"
"P3C4 / LPS","CAPZB","P47756","P47756","CAPZB_HUMAN","F-actin-capping protein subunit beta","P47756_S41_M2_19","HexNAc (ST)",0.569457813557655,0.672267060341211,0.591917682763226,4,"Not significant"
"P3C4 / LPS","CTSV","O60911","O60911","CATL2_HUMAN","Cathepsin L2","O60911_S142_M2_19","HexNAc (ST)",-0.133355826756042,0.672453380475147,0.592505759640975,6,"Not significant"
"P3C4 / LPS","CANX","P27824","P27824","CALX_HUMAN","Calnexin","P27824_S74_M2_19","HexNAc (ST)",-0.415652783027464,0.672903620458684,0.593883445841157,4,"Not significant"
"P3C4 / LPS","PPIA","P62937","P62937","PPIA_HUMAN","Peptidyl-prolyl cis-trans isomerase A","P62937_T119_M2_19","HexNAc (ST)",0.0652038506441351,0.673274099806488,0.594904251541675,6,"Not significant"
"P3C4 / LPS","PPIA","P62937","P62937","PPIA_HUMAN","Peptidyl-prolyl cis-trans isomerase A","P62937_T116_M2_19","HexNAc (ST)",0.0652038506441351,0.673274099806488,0.594904251541675,6,"Not significant"
"P3C4 / LPS","QKI","Q96PU8","Q96PU8","QKI_HUMAN","KH domain-containing RNA-binding protein QKI","Q96PU8_T156_M1_19","HexNAc (ST)",0.638540565209501,0.67330324885285,0.59505184626908,6,"Not significant"
"P3C4 / LPS","AHNAK","Q09666","Q09666","AHNK_HUMAN","Neuroblast differentiation-associated protein AHNAK","Q09666_S1414_M1_19","HexNAc (ST)",0.8425299019492,0.673701178819572,0.59625934777548,6,"Not significant"
"P3C4 / LPS","ACAT2","Q9BWD1","Q9BWD1","THIC_HUMAN","Acetyl-CoA acetyltransferase, cytosolic","Q9BWD1_T209_M2_19","HexNAc (ST)",0.256245108876838,0.67444014731511,0.598556345791229,5,"Not significant"
"P3C4 / LPS","RAB4A","P20338","P20338","RAB4A_HUMAN","Ras-related protein Rab-4A","P20338_T69_M1_19","HexNAc (ST)",-0.20056632213315,0.676584261250425,0.604525591224156,6,"Not significant"
"P3C4 / LPS","HIVEP3","Q5T1R4","Q5T1R4","ZEP3_HUMAN","Transcription factor HIVEP3","Q5T1R4_T1401_M1_19","HexNAc (ST)",0.155681325274669,0.679057710137252,0.612121706069449,6,"Not significant"
"P3C4 / LPS","NCL","P19338","P19338","NUCL_HUMAN","Nucleolin","P19338_T305_M1_19","HexNAc (ST)",0.907060043534075,0.679172040547713,0.612486755866407,6,"Not significant"
"P3C4 / LPS","AHNAK","Q09666","Q09666","AHNK_HUMAN","Neuroblast differentiation-associated protein AHNAK","Q09666_S2775_M1_19","HexNAc (ST)",-0.13588239293562,0.679837169621299,0.614616749866658,6,"Not significant"
"P3C4 / LPS","TOP1","P11387","P11387","TOP1_HUMAN","DNA topoisomerase 1","P11387_T258_M2_19","HexNAc (ST)",-0.128154419132376,0.681928207832354,0.620621263140888,4,"Not significant"
"P3C4 / LPS","SLC25A1","P53007","P53007","TXTP_HUMAN","Tricarboxylate transport protein, mitochondrial","P53007_S94_M1_19","HexNAc (ST)",0.173808634727198,0.682070059958824,0.62119498848994,5,"Not significant"
"P3C4 / LPS","HSPE1","P61604","P61604","CH10_HUMAN","10 kDa heat shock protein, mitochondrial","P61604_T79_M1_19","HexNAc (ST)",-0.706939916106572,0.682225076722131,0.621638070041186,6,"Not significant"
"P3C4 / LPS","GALK1","P51570","P51570","GALK1_HUMAN","Galactokinase","P51570_S254_M1_19","HexNAc (ST)",-0.0790308817406282,0.682939920654072,0.623745802372676,6,"Not significant"
"P3C4 / LPS","HBB","Cont_P02070","Cont_P02070","HBB_BOVIN","Hemoglobin subunit beta","Cont_P02070_T11_M1_19","HexNAc (ST)",-0.776635143259493,0.683079540471514,0.624206228889421,6,"Not significant"
"P3C4 / LPS","HNRNPU","Q00839","Q00839","HNRPU_HUMAN","Heterogeneous nuclear ribonucleoprotein U","Q00839_S746_M1_19","HexNAc (ST)",-0.086056323322164,0.683191282531548,0.624665674884286,6,"Not significant"
"P3C4 / LPS","AHNAK","Q09666","Q09666","AHNK_HUMAN","Neuroblast differentiation-associated protein AHNAK","Q09666_T1192_M2_19","HexNAc (ST)",0.274863618539538,0.684219810415937,0.627609309929378,5,"Not significant"
"P3C4 / LPS","AHNAK","Q09666","Q09666","AHNK_HUMAN","Neuroblast differentiation-associated protein AHNAK","Q09666_T1986_M2_19","HexNAc (ST)",0.274863618539538,0.684219810415937,0.627609309929378,5,"Not significant"
"P3C4 / LPS","ZYX","Q15942","Q15942","ZYX_HUMAN","Zyxin","Q15942_T469_M2_19","HexNAc (ST)",-0.16914839479842,0.685282589482105,0.630936801447683,6,"Not significant"
"P3C4 / LPS","ERLIN2","O94905","O94905","ERLN2_HUMAN","Erlin-2","O94905_T277_M1_19","HexNAc (ST)",-0.762192818481364,0.685525576692529,0.631632895526121,6,"Not significant"
"P3C4 / LPS","GATD3B;GATD3","A0A0B4J2D5;P0DPI2","A0A0B4J2D5;P0DPI2","GAL3B_HUMAN;GAL3A_HUMAN","Putative glutamine amidotransferase-like class 1 domain-containing protein 3B, mitochondrial;Glutamine amidotransferase-like class 1 domain-containing protein 3, mitochondrial","A0A0B4J2D5_T118_M2_19","HexNAc (ST)",0.235432280700641,0.685606658848117,0.6319382711293,4,"Not significant"
"P3C4 / LPS","GATD3B;GATD3","A0A0B4J2D5;P0DPI2","A0A0B4J2D5;P0DPI2","GAL3B_HUMAN;GAL3A_HUMAN","Putative glutamine amidotransferase-like class 1 domain-containing protein 3B, mitochondrial;Glutamine amidotransferase-like class 1 domain-containing protein 3, mitochondrial","P0DPI2_T118_M2_19","HexNAc (ST)",0.235432280700641,0.685606658848117,0.6319382711293,4,"Not significant"
"P3C4 / LPS","CDC42","P60953","P60953","CDC42_HUMAN","Cell division control protein 42 homolog","P60953_T161_M1_19","HexNAc (ST)",1.15756236530573,0.686035740954348,0.633168510750092,6,"Not significant"
"P3C4 / LPS","CAPG","P40121","P40121","CAPG_HUMAN","Macrophage-capping protein","P40121_S255_M2_19","HexNAc (ST)",-0.0705098139514038,0.687173271837946,0.637026499169283,5,"Not significant"
"P3C4 / LPS","AHNAK","Q09666","Q09666","AHNK_HUMAN","Neuroblast differentiation-associated protein AHNAK","Q09666_T788_M2_19","HexNAc (ST)",-0.70040524656078,0.688213421821165,0.640613881301513,6,"Not significant"
"P3C4 / LPS","QKI","Q96PU8","Q96PU8","QKI_HUMAN","KH domain-containing RNA-binding protein QKI","Q96PU8_T14_M1_19","HexNAc (ST)",0.274244575869398,0.688851438524185,0.642804664357249,6,"Not significant"
"P3C4 / LPS","MANF","P55145","P55145","MANF_HUMAN","Mesencephalic astrocyte-derived neurotrophic factor","P55145_T55_M1_19","HexNAc (ST)",0.721196138596015,0.689351770677927,0.644366790150469,6,"Not significant"
"P3C4 / LPS","FUBP3","Q96I24","Q96I24","FUBP3_HUMAN","Far upstream element-binding protein 3","Q96I24_T192_M2_19","HexNAc (ST)",-0.15565265468372,0.690531843223636,0.647830574633643,6,"Not significant"
"P3C4 / LPS","TUBB4B","P68371","P68371","TBB4B_HUMAN","Tubulin beta-4B chain","P68371_S172_M1_19","HexNAc (ST)",-0.554453686616403,0.690657709771429,0.648310720443882,6,"Not significant"
"P3C4 / LPS","POFUT2","Q9Y2G5","Q9Y2G5","OFUT2_HUMAN","GDP-fucose protein O-fucosyltransferase 2","Q9Y2G5_S282_M1_19","HexNAc (ST)",0.725439951444074,0.691608208788392,0.651091309720561,6,"Not significant"
"P3C4 / LPS","H1-3","P16402","P16402","H13_HUMAN","Histone H1.3","P16402_S56_M2_19","HexNAc (ST)",-0.0798945160125744,0.691994227582658,0.652126714414323,6,"Not significant"
"P3C4 / LPS","UFL1","O94874","O94874","UFL1_HUMAN","E3 UFM1-protein ligase 1","O94874_S103_M1_19","HexNAc (ST)",-0.331897072813855,0.692837674794187,0.654768980069295,6,"Not significant"
"P3C4 / LPS","CMPK1","P30085","P30085","KCY_HUMAN","UMP-CMP kinase","P30085_S180_M1_19","HexNAc (ST)",0.231906220302846,0.693308805684678,0.656106391409979,4,"Not significant"
"P3C4 / LPS","ILK","Q13418","Q13418","ILK_HUMAN","Integrin-linked protein kinase","Q13418_S47_M1_19","HexNAc (ST)",0.197985655323488,0.693559116518369,0.656855488614362,6,"Not significant"
"P3C4 / LPS","HLA-A","P04439","P04439","HLAA_HUMAN","HLA class I histocompatibility antigen, A alpha chain","P04439_S275_M1_19","HexNAc (ST)",-0.163069050903567,0.694401923155494,0.659343110333372,6,"Not significant"
"P3C4 / LPS","CAPZA1","P52907","P52907","CAZA1_HUMAN","F-actin-capping protein subunit alpha-1","P52907_S95_M1_19","HexNAc (ST)",-0.807222170176106,0.695158187210321,0.661823424041935,6,"Not significant"
"P3C4 / LPS","OSBPL8","Q9BZF1","Q9BZF1","OSBL8_HUMAN","Oxysterol-binding protein-related protein 8","Q9BZF1_T491_M1_19","HexNAc (ST)",0.368301045604228,0.696344961929652,0.665959492106879,6,"Not significant"
"P3C4 / LPS","HCFC1","P51610","P51610","HCFC1_HUMAN","Host cell factor 1","P51610_S1497_M2_19","HexNAc (ST)",-0.89847326313688,0.696671809524957,0.667057738727346,5,"Not significant"
"P3C4 / LPS","MIX23","Q4VC31","Q4VC31","MIX23_HUMAN","Protein MIX23","Q4VC31_S114_M1_19","HexNAc (ST)",-0.177981888097313,0.696930900158219,0.667851756586742,6,"Not significant"
"P3C4 / LPS","OLA1","Q9NTK5","Q9NTK5","OLA1_HUMAN","Obg-like ATPase 1","Q9NTK5_S22_M2_19","HexNAc (ST)",-0.404677571946828,0.699030914038012,0.67472531819047,6,"Not significant"
"P3C4 / LPS","OLA1","Q9NTK5","Q9NTK5","OLA1_HUMAN","Obg-like ATPase 1","Q9NTK5_T21_M2_19","HexNAc (ST)",-0.404677571946828,0.699030914038012,0.67472531819047,6,"Not significant"
"P3C4 / LPS","RNH1","P13489","P13489","RINI_HUMAN","Ribonuclease inhibitor","P13489_S84_M2_19","HexNAc (ST)",0.177905965971097,0.699982921267902,0.677888577012308,6,"Not significant"
"P3C4 / LPS","RNH1","P13489","P13489","RINI_HUMAN","Ribonuclease inhibitor","P13489_T82_M2_19","HexNAc (ST)",0.177905965971097,0.699982921267902,0.677888577012308,6,"Not significant"
"P3C4 / LPS","GSN","P06396","P06396","GELS_HUMAN","Gelsolin","P06396_S537_M1_19","HexNAc (ST)",0.165445299306058,0.700607607742783,0.67973171173784,6,"Not significant"
"P3C4 / LPS","ACTR3","P61158","P61158","ARP3_HUMAN","Actin-related protein 3","P61158_T369_M1_19","HexNAc (ST)",0.0837440914766783,0.701064711400732,0.681358799487807,6,"Not significant"
"P3C4 / LPS","SIPA1L3","O60292","O60292","SI1L3_HUMAN","Signal-induced proliferation-associated 1-like protein 3","O60292_S851_M2_19","HexNAc (ST)",-0.200249556059756,0.701409487343619,0.682566259406104,5,"Not significant"
"P3C4 / LPS","SIPA1L3","O60292","O60292","SI1L3_HUMAN","Signal-induced proliferation-associated 1-like protein 3","O60292_T850_M2_19","HexNAc (ST)",-0.200249556059756,0.701409487343619,0.682566192027035,5,"Not significant"
"P3C4 / LPS","RAP1A","P62834","P62834","RAP1A_HUMAN","Ras-related protein Rap-1A","P62834_T106_M1_19","HexNAc (ST)",-0.330605954362528,0.701468201399925,0.682759161709922,6,"Not significant"
"P3C4 / LPS","PER1","O15534","O15534","PER1_HUMAN","Period circadian protein homolog 1","O15534_S1186_M1_19","HexNAc (ST)",0.179332668108374,0.701939408345269,0.684244100754634,6,"Not significant"
"P3C4 / LPS","ACTN4","O43707","O43707","ACTN4_HUMAN","Alpha-actinin-4","O43707_T519_M1_19","HexNAc (ST)",-0.975034596669832,0.702174849522349,0.684913871477152,6,"Not significant"
"P3C4 / LPS","PABPC4","Q13310","Q13310","PABP4_HUMAN","Polyadenylate-binding protein 4","Q13310_S322_M2_19","HexNAc (ST)",-0.620527506212639,0.702263604076015,0.685254356740199,5,"Not significant"
"P3C4 / LPS","GAA","P10253","P10253","LYAG_HUMAN","Lysosomal alpha-glucosidase","P10253_T884_M1_19","HexNAc (ST)",-0.203153448721317,0.70246772365783,0.685969768515915,6,"Not significant"
"P3C4 / LPS","NF2","P35240","P35240","MERL_HUMAN","Merlin","P35240_S444_M1_19","HexNAc (ST)",-0.0600854261301346,0.702996288908487,0.687642050534626,6,"Not significant"
"P3C4 / LPS","AHNAK","Q09666","Q09666","AHNK_HUMAN","Neuroblast differentiation-associated protein AHNAK","Q09666_S3159_M1_19","HexNAc (ST)",-0.111199707996754,0.70429310004903,0.691657927773621,6,"Not significant"
"P3C4 / LPS","AHNAK","Q09666","Q09666","AHNK_HUMAN","Neuroblast differentiation-associated protein AHNAK","Q09666_S3941_M1_19","HexNAc (ST)",-0.111199707996754,0.70429310004903,0.691657927773621,6,"Not significant"
"P3C4 / LPS","LETM1","O95202","O95202","LETM1_HUMAN","Mitochondrial proton/calcium exchanger protein","O95202_S580_M1_19","HexNAc (ST)",0.1618542655563,0.704521414513757,0.692537451507014,6,"Not significant"
"P3C4 / LPS","CAP1","Q01518","Q01518","CAP1_HUMAN","Adenylyl cyclase-associated protein 1","Q01518_S338_M2_19","HexNAc (ST)",-0.303916418243084,0.705603540552125,0.696164287930418,5,"Not significant"
"P3C4 / LPS","QKI","Q96PU8","Q96PU8","QKI_HUMAN","KH domain-containing RNA-binding protein QKI","Q96PU8_T203_M1_19","HexNAc (ST)",0.926649156114541,0.70585855294035,0.696980895988629,6,"Not significant"
"P3C4 / LPS","CLTC","Q00610","Q00610","CLH1_HUMAN","Clathrin heavy chain 1","Q00610_S1019_M1_19","HexNAc (ST)",-1.03951670185454,0.707173065015289,0.700745668969899,4,"Not significant"
"P3C4 / LPS","PSMC2","P35998","P35998","PRS7_HUMAN","26S proteasome regulatory subunit 7","P35998_T193_M1_19","HexNAc (ST)",-0.308847814118221,0.707193368361222,0.700839786443095,6,"Not significant"
"P3C4 / LPS","AHNAK","Q09666","Q09666","AHNK_HUMAN","Neuroblast differentiation-associated protein AHNAK","Q09666_S3894_M1_19","HexNAc (ST)",0.237441817757035,0.707603820099491,0.702295458356342,6,"Not significant"
"P3C4 / LPS","TMSB4X","P62328","P62328","TYB4_HUMAN","Thymosin beta-4","P62328_S31_M2_19","HexNAc (ST)",-0.298090145926143,0.708108633331525,0.703888906409563,5,"Not significant"
"P3C4 / LPS","VCP","P55072","P55072","TERA_HUMAN","Transitional endoplasmic reticulum ATPase","P55072_T623_M1_19","HexNAc (ST)",0.908514887520909,0.708206271445341,0.70427347377291,6,"Not significant"
"P3C4 / LPS","P4HB","P07237","P07237","PDIA1_HUMAN","Protein disulfide-isomerase","P07237_T413_M1_19","HexNAc (ST)",0.0557129455398983,0.708674271907057,0.705927252839485,6,"Not significant"
"P3C4 / LPS","TRIP12","Q14669","Q14669","TRIPC_HUMAN","E3 ubiquitin-protein ligase TRIP12","Q14669_T758_M1_19","HexNAc (ST)",-0.19124175887131,0.709660965521731,0.70922066059904,6,"Not significant"
"P3C4 / LPS","NPM1","P06748","P06748","NPM_HUMAN","Nucleophosmin","P06748_S10_M1_19","HexNAc (ST)",-0.306788115570945,0.70973789670854,0.709508596604655,6,"Not significant"
"P3C4 / LPS","CAP1","Q01518","Q01518","CAP1_HUMAN","Adenylyl cyclase-associated protein 1","Q01518_T345_M1_19","HexNAc (ST)",0.331845599989644,0.71031656250791,0.711340617381131,6,"Not significant"
"P3C4 / LPS","S100A11","P31949","P31949","S10AB_HUMAN","Protein S100-A11","P31949_S5_M1_19","HexNAc (ST)",-0.06733541278871,0.710468413261666,0.711866902576464,6,"Not significant"
"P3C4 / LPS","SHMT2","P34897","P34897","GLYM_HUMAN","Serine hydroxymethyltransferase, mitochondrial","P34897_S90_M1_19","HexNAc (ST)",0.807634723566761,0.71104511961082,0.713772601051678,6,"Not significant"
"P3C4 / LPS","AHNAK","Q09666","Q09666","AHNK_HUMAN","Neuroblast differentiation-associated protein AHNAK","Q09666_S3182_M1_19","HexNAc (ST)",0.145914737030779,0.712395642451984,0.718368913534957,6,"Not significant"
"P3C4 / LPS","AHNAK","Q09666","Q09666","AHNK_HUMAN","Neuroblast differentiation-associated protein AHNAK","Q09666_S3964_M1_19","HexNAc (ST)",0.145914737030779,0.712395642451984,0.718368913534957,6,"Not significant"
"P3C4 / LPS","STMN1","P16949","P16949","STMN1_HUMAN","Stathmin","P16949_S46_M1_19","HexNAc (ST)",-0.852098021724271,0.712951618837115,0.720201370138506,6,"Not significant"
"P3C4 / LPS","RTN4","Q9NQC3","Q9NQC3","RTN4_HUMAN","Reticulon-4","Q9NQC3_T70_M2_19","HexNAc (ST)",-0.169411201232302,0.713862102300051,0.723331554805787,6,"Not significant"
"P3C4 / LPS","SLC25A24","Q6NUK1","Q6NUK1","SCMC1_HUMAN","Mitochondrial adenyl nucleotide antiporter SLC25A24","Q6NUK1_S208_M1_19","HexNAc (ST)",0.274562870392258,0.713899654511853,0.723446652750906,6,"Not significant"
"P3C4 / LPS","TMPO","P42166","P42166","LAP2A_HUMAN","Lamina-associated polypeptide 2, isoform alpha","P42166_T26_M1_19","HexNAc (ST)",0.138341568506849,0.715123613713995,0.727349510686728,6,"Not significant"
"P3C4 / LPS","TMSB4X","P62328","P62328","TYB4_HUMAN","Thymosin beta-4","P62328_S31_M1_19","HexNAc (ST)",-0.261545639234793,0.71633623186226,0.731476004779941,6,"Not significant"
"P3C4 / LPS","SLC25A5","P05141","P05141","ADT2_HUMAN","ADP/ATP translocase 2","P05141_S22_M2_19","HexNAc (ST)",0.727569080386313,0.716852159138509,0.73310613306352,6,"Not significant"
"P3C4 / LPS","STX3","Q13277","Q13277","STX3_HUMAN","Syntaxin-3","Q13277_S97_M1_19","HexNAc (ST)",0.133120652274846,0.717080157120594,0.733839713832452,6,"Not significant"
"P3C4 / LPS","AHNAK","Q09666","Q09666","AHNK_HUMAN","Neuroblast differentiation-associated protein AHNAK","Q09666_S1324_M1_19","HexNAc (ST)",0.16141164783369,0.717254027031112,0.734294904966622,6,"Not significant"
"P3C4 / LPS","TAGLN2","P37802","P37802","TAGL2_HUMAN","Transgelin-2","P37802_T60_M1_19","HexNAc (ST)",-0.165382881652387,0.719018925497733,0.740239239641361,6,"Not significant"
"P3C4 / LPS","LONP1","P36776","P36776","LONM_HUMAN","Lon protease homolog, mitochondrial","P36776_T582_M1_19","HexNAc (ST)",-0.167733088730176,0.720326062256109,0.744305762427433,6,"Not significant"
"P3C4 / LPS","CHMP4B","Q9H444","Q9H444","CHM4B_HUMAN","Charged multivesicular body protein 4b","Q9H444_T21_M1_19","HexNAc (ST)",-0.0978565454695051,0.721287828417925,0.747671794082129,6,"Not significant"
"P3C4 / LPS","HAX1","O00165","O00165","HAX1_HUMAN","HCLS1-associated protein X-1","O00165_S2_M1_19","HexNAc (ST)",0.0840540807926218,0.722975401571899,0.753786759659177,6,"Not significant"
"P3C4 / LPS","LYSMD2","Q8IV50","Q8IV50","LYSM2_HUMAN","LysM and putative peptidoglycan-binding domain-containing protein 2","Q8IV50_T80_M1_19","HexNAc (ST)",0.274511612364792,0.724148734192804,0.757610823361793,6,"Not significant"
"P3C4 / LPS","RAB5B","P61020","P61020","RAB5B_HUMAN","Ras-related protein Rab-5B","P61020_S184_M1_19","HexNAc (ST)",0.534408322105256,0.724168191965528,0.757661240832444,6,"Not significant"
"P3C4 / LPS","PSPC1","Q8WXF1","Q8WXF1","PSPC1_HUMAN","Paraspeckle component 1","Q8WXF1_S499_M2_19","HexNAc (ST)",-0.0988400623371975,0.724651762905294,0.759387062467909,6,"Not significant"
"P3C4 / LPS","PSPC1","Q8WXF1","Q8WXF1","PSPC1_HUMAN","Paraspeckle component 1","Q8WXF1_S493_M2_19","HexNAc (ST)",-0.0988400623371975,0.724651762905294,0.759386918065878,6,"Not significant"
"P3C4 / LPS","RPS8","P62241","P62241","RS8_HUMAN","Small ribosomal subunit protein eS8","P62241_T107_M2_19","HexNAc (ST)",0.181683273863195,0.724799740757077,0.759985993184931,4,"Not significant"
"P3C4 / LPS","SERPINB8","P50452","P50452","SPB8_HUMAN","Serpin B8","P50452_S276_M1_19","HexNAc (ST)",-0.543359845002996,0.725003530595866,0.760639397690564,6,"Not significant"
"P3C4 / LPS","HNRNPU","Q00839","Q00839","HNRPU_HUMAN","Heterogeneous nuclear ribonucleoprotein U","Q00839_T474_M1_19","HexNAc (ST)",0.699779811938039,0.725590008361332,0.762823947446187,6,"Not significant"
"P3C4 / LPS","MACROH2A1","O75367","O75367","H2AY_HUMAN","Core histone macro-H2A.1","O75367_T290_M1_19","HexNAc (ST)",-0.0678140809470663,0.725744946070599,0.763283093012588,6,"Not significant"
"P3C4 / LPS","KRT14","Cont_P02533;P02533","Cont_P02533;P02533","K1C14_HUMAN","Keratin, type I cytoskeletal 14;Keratin, type I cytoskeletal 14","Cont_P02533_T310_M2_19","HexNAc (ST)",-0.462342204038503,0.72638543774861,0.765462110471086,6,"Not significant"
"P3C4 / LPS","KRT14","Cont_P02533;P02533","Cont_P02533;P02533","K1C14_HUMAN","Keratin, type I cytoskeletal 14;Keratin, type I cytoskeletal 14","Cont_P02533_T308_M2_19","HexNAc (ST)",-0.462342204038503,0.72638543774861,0.765462110471086,6,"Not significant"
"P3C4 / LPS","KRT14","Cont_P02533;P02533","Cont_P02533;P02533","K1C14_HUMAN","Keratin, type I cytoskeletal 14;Keratin, type I cytoskeletal 14","P02533_T310_M2_19","HexNAc (ST)",-0.462342204038503,0.72638543774861,0.765462110471086,6,"Not significant"
"P3C4 / LPS","KRT14","Cont_P02533;P02533","Cont_P02533;P02533","K1C14_HUMAN","Keratin, type I cytoskeletal 14;Keratin, type I cytoskeletal 14","P02533_T308_M2_19","HexNAc (ST)",-0.462342204038503,0.72638543774861,0.765462110471086,6,"Not significant"
"P3C4 / LPS","PSAP","P07602","P07602","SAP_HUMAN","Prosaposin","P07602_T334_M1_19","HexNAc (ST)",0.107805401283313,0.726948681455599,0.767453137273222,6,"Not significant"
"P3C4 / LPS","HSPA8","P11142","P11142","HSP7C_HUMAN","Heat shock cognate 71 kDa protein","P11142_T462_M1_19","HexNAc (ST)",-0.453310847919375,0.727633268143028,0.769811378084063,6,"Not significant"
"P3C4 / LPS","HSPD1","P10809","P10809","CH60_HUMAN","60 kDa heat shock protein, mitochondrial","P10809_T173_M2_19","HexNAc (ST)",0.715489176609276,0.728207702709832,0.771833590266575,5,"Not significant"
"P3C4 / LPS","MATR3","P43243","P43243","MATR3_HUMAN","Matrin-3","P43243_S276_M2_19","HexNAc (ST)",-0.0948751825021157,0.728673119311054,0.773535879075906,6,"Not significant"
"P3C4 / LPS","MATR3","P43243","P43243","MATR3_HUMAN","Matrin-3","P43243_S275_M2_19","HexNAc (ST)",-0.0948751825021157,0.728673119311054,0.773535879075906,6,"Not significant"
"P3C4 / LPS","PDIA3","P30101","P30101","PDIA3_HUMAN","Protein disulfide-isomerase A3","P30101_T212_M2_19","HexNAc (ST)",-0.0727091482195308,0.730384294864392,0.779607119430885,6,"Not significant"
"P3C4 / LPS","PDIA3","P30101","P30101","PDIA3_HUMAN","Protein disulfide-isomerase A3","P30101_S209_M2_19","HexNAc (ST)",-0.0727091482195308,0.730384294864392,0.779607119430885,6,"Not significant"
"P3C4 / LPS","H1-3","P16402","P16402","H13_HUMAN","Histone H1.3","P16402_S59_M2_19","HexNAc (ST)",-0.0911356271440388,0.731381491541687,0.783308364671893,4,"Not significant"
"P3C4 / LPS","GSN","P06396","P06396","GELS_HUMAN","Gelsolin","P06396_S304_M1_19","HexNAc (ST)",0.0438129926003822,0.731880300029588,0.784999283243664,5,"Not significant"
"P3C4 / LPS","HSPD1","P10809","P10809","CH60_HUMAN","60 kDa heat shock protein, mitochondrial","P10809_T206_M2_19","HexNAc (ST)",-0.192616761294486,0.732808411761314,0.788577011354488,6,"Not significant"
"P3C4 / LPS","HSPD1","P10809","P10809","CH60_HUMAN","60 kDa heat shock protein, mitochondrial","P10809_T200_M2_19","HexNAc (ST)",-0.192616761294486,0.732808411761314,0.788577011354488,6,"Not significant"
"P3C4 / LPS","P4HB","P07237","P07237","PDIA1_HUMAN","Protein disulfide-isomerase","P07237_S357_M1_19","HexNAc (ST)",0.13986179982287,0.733818918036691,0.792246851131317,6,"Not significant"
"P3C4 / LPS","AKAP9","Q99996","Q99996","AKAP9_HUMAN","A-kinase anchor protein 9","Q99996_T740_M1_19","HexNAc (ST)",0.0819931281270073,0.734651155646929,0.795327491796583,6,"Not significant"
"P3C4 / LPS","ACTN1","P12814","P12814","ACTN1_HUMAN","Alpha-actinin-1","P12814_T50_M1_19","HexNAc (ST)",0.0739465952284685,0.734708837239442,0.795516448164866,6,"Not significant"
"P3C4 / LPS","NCL","P19338","P19338","NUCL_HUMAN","Nucleolin","P19338_S532_M2_19","HexNAc (ST)",0.57299318242756,0.736004380511763,0.799868105013861,6,"Not significant"
"P3C4 / LPS","HSPA8","P11142","P11142","HSP7C_HUMAN","Heat shock cognate 71 kDa protein","P11142_T125_M1_19","HexNAc (ST)",-0.571310626210727,0.736049385643096,0.800017664974305,6,"Not significant"
"P3C4 / LPS","DNTTIP1","Q9H147","Q9H147","TDIF1_HUMAN","Deoxynucleotidyltransferase terminal-interacting protein 1","Q9H147_S217_M1_19","HexNAc (ST)",-0.0952708381648921,0.7377441282138,0.805918651636656,5,"Not significant"
"P3C4 / LPS","HSPA5","P11021","P11021","BIP_HUMAN","Endoplasmic reticulum chaperone BiP","P11021_T184_M1_19","HexNAc (ST)",-0.0318719767023026,0.738990409494999,0.810443312403069,6,"Not significant"
"P3C4 / LPS","RPL26","P61254","P61254","RL26_HUMAN","Large ribosomal subunit protein uL24","P61254_S46_M1_19","HexNAc (ST)",0.271209604688564,0.740379590702562,0.815749568869122,6,"Not significant"
"P3C4 / LPS","BASP1","P80723","P80723","BASP1_HUMAN","Brain acid soluble protein 1","P80723_S40_M1_19","HexNAc (ST)",0.373073824308677,0.742170673544977,0.822343015928556,6,"Not significant"
"P3C4 / LPS","NHP2","Q9NX24","Q9NX24","NHP2_HUMAN","H/ACA ribonucleoprotein complex subunit 2","Q9NX24_S40_M1_19","HexNAc (ST)",0.152233705912457,0.742261622671483,0.822614739336995,4,"Not significant"
"P3C4 / LPS","EEA1","Q15075","Q15075","EEA1_HUMAN","Early endosome antigen 1","Q15075_T560_M1_19","HexNAc (ST)",0.0531123532899422,0.742475688680298,0.823272971396011,6,"Not significant"
"P3C4 / LPS","TMPO","P42166","P42166","LAP2A_HUMAN","Lamina-associated polypeptide 2, isoform alpha","P42166_T12_M1_19","HexNAc (ST)",0.180575962744413,0.743697851180437,0.827793844258538,6,"Not significant"
"P3C4 / LPS","PDIA3","P30101","P30101","PDIA3_HUMAN","Protein disulfide-isomerase A3","P30101_T248_M1_19","HexNAc (ST)",0.172165598598324,0.744235937092223,0.830110986752061,6,"Not significant"
"P3C4 / LPS","PGAM1","P18669","P18669","PGAM1_HUMAN","Phosphoglycerate mutase 1","P18669_T159_M1_19","HexNAc (ST)",-0.344476464616297,0.745003256302875,0.83280714038105,6,"Not significant"
"P3C4 / LPS","AHNAK","Q09666","Q09666","AHNK_HUMAN","Neuroblast differentiation-associated protein AHNAK","Q09666_S1042_M1_19","HexNAc (ST)",-0.11105158176487,0.745577078864936,0.835149327926395,6,"Not significant"
"P3C4 / LPS","TRIM28","Q13263","Q13263","TIF1B_HUMAN","Transcription intermediary factor 1-beta","Q13263_S784_M1_19","HexNAc (ST)",-0.481866173073511,0.746052194750364,0.837287838739033,5,"Not significant"
"P3C4 / LPS","TUBB4A","P04350","P04350","TBB4A_HUMAN","Tubulin beta-4A chain","P04350_T372_M1_19","HexNAc (ST)",0.0920145670368887,0.747370814440205,0.842024407139336,5,"Not significant"
"P3C4 / LPS","GDI2","P50395","P50395","GDIB_HUMAN","Rab GDP dissociation inhibitor beta","P50395_T185_M1_19","HexNAc (ST)",0.228936594464746,0.747379376547627,0.842048154190178,6,"Not significant"
"P3C4 / LPS","FBL","P22087","P22087","FBRL_HUMAN","rRNA 2'-O-methyltransferase fibrillarin","P22087_T298_M1_19","HexNAc (ST)",-0.438206516034065,0.747484351244323,0.842537328746088,6,"Not significant"
"P3C4 / LPS","SNRPA1","P09661","P09661","RU2A_HUMAN","U2 small nuclear ribonucleoprotein A'","P09661_T16_M2_19","HexNAc (ST)",-0.218989245168699,0.748020278198033,0.844636219474485,6,"Not significant"
"P3C4 / LPS","SNRPA1","P09661","P09661","RU2A_HUMAN","U2 small nuclear ribonucleoprotein A'","P09661_T5_M2_19","HexNAc (ST)",-0.218989245168699,0.748020278198033,0.844636219474485,6,"Not significant"
"P3C4 / LPS","TKT","P29401","P29401","TKT_HUMAN","Transketolase","P29401_S280_M1_19","HexNAc (ST)",0.140275535150071,0.748360123314145,0.845850608563951,6,"Not significant"
"P3C4 / LPS","MX2","P20592","P20592","MX2_HUMAN","Interferon-induced GTP-binding protein Mx2","P20592_T366_M1_19","HexNAc (ST)",-0.403622846856157,0.750842174117329,0.855014285028279,6,"Not significant"
"P3C4 / LPS","FKBP2","P26885","P26885","FKBP2_HUMAN","Peptidyl-prolyl cis-trans isomerase FKBP2","P26885_S108_M1_19","HexNAc (ST)",0.0364209400028322,0.751518650480974,0.857804262111513,6,"Not significant"
"P3C4 / LPS","ACTR3B","Q9P1U1","Q9P1U1","ARP3B_HUMAN","Actin-related protein 3B","Q9P1U1_T74_M1_19","HexNAc (ST)",-0.207298375819066,0.752269539876813,0.860482904715675,6,"Not significant"
"P3C4 / LPS","TRIP4","Q15650","Q15650","TRIP4_HUMAN","Activating signal cointegrator 1","Q15650_T327_M1_19","HexNAc (ST)",0.0438830938567825,0.752921663242296,0.863309775162971,6,"Not significant"
"P3C4 / LPS","ALCAM","Q13740","Q13740","CD166_HUMAN","CD166 antigen","Q13740_S64_M1_19","HexNAc (ST)",-0.345658463573212,0.753187381499633,0.864488935586329,6,"Not significant"
"P3C4 / LPS","PECAM1","P16284","P16284","PECA1_HUMAN","Platelet endothelial cell adhesion molecule","P16284_T533_M1_19","HexNAc (ST)",0.038535286196166,0.75340391405377,0.865212530733272,6,"Not significant"
"P3C4 / LPS","TRIP11","Q15643","Q15643","TRIPB_HUMAN","Thyroid receptor-interacting protein 11","Q15643_T1655_M1_19","HexNAc (ST)",0.370775608721427,0.753778387934232,0.866656742992183,6,"Not significant"
"P3C4 / LPS","RAB2A","P61019","P61019","RAB2A_HUMAN","Ras-related protein Rab-2A","P61019_S67_M1_19","HexNAc (ST)",-0.0525463893066899,0.755097148538188,0.871912703887034,6,"Not significant"
"P3C4 / LPS","FLG2","Cont_Q5D862;Q5D862","Cont_Q5D862;Q5D862","FILA2_HUMAN","Filaggrin-2","Cont_Q5D862_S7_M2_19","HexNAc (ST)",0.168004465612928,0.755787831543813,0.874696616013978,6,"Not significant"
"P3C4 / LPS","FLG2","Cont_Q5D862;Q5D862","Cont_Q5D862;Q5D862","FILA2_HUMAN","Filaggrin-2","Q5D862_S7_M2_19","HexNAc (ST)",0.168004465612928,0.755787831543813,0.874696616013978,6,"Not significant"
"P3C4 / LPS","GLUD1","P00367","P00367","DHE3_HUMAN","Glutamate dehydrogenase 1, mitochondrial","P00367_S166_M1_19","HexNAc (ST)",0.0770232072641704,0.755981220014088,0.875506757836686,6,"Not significant"
"P3C4 / LPS","LRRC8C","Q8TDW0","Q8TDW0","LRC8C_HUMAN","Volume-regulated anion channel subunit LRRC8C","Q8TDW0_T791_M1_19","HexNAc (ST)",0.0755721615429226,0.756136041985555,0.876056877695236,4,"Not significant"
"P3C4 / LPS","CHTOP","Q9Y3Y2","Q9Y3Y2","CHTOP_HUMAN","Chromatin target of PRMT1 protein","Q9Y3Y2_T212_M1_19","HexNAc (ST)",0.0531999263387368,0.757198157418808,0.879872298335735,5,"Not significant"
"P3C4 / LPS","ACTR2","P61160","P61160","ARP2_HUMAN","Actin-related protein 2","P61160_T245_M1_19","HexNAc (ST)",0.0156914120835843,0.757658548451676,0.881717377600115,4,"Not significant"
"P3C4 / LPS","NACC1","Q96RE7","Q96RE7","NACC1_HUMAN","Nucleus accumbens-associated protein 1","Q96RE7_S342_M1_19","HexNAc (ST)",-0.259570508303559,0.757753241431778,0.882115837901914,6,"Not significant"
"P3C4 / LPS","M6PR","P20645","P20645","MPRD_HUMAN","Cation-dependent mannose-6-phosphate receptor","P20645_S42_M1_19","HexNAc (ST)",0.137669948723549,0.758353019275437,0.884231851191681,6,"Not significant"
"P3C4 / LPS","CAP1","Q01518","Q01518","CAP1_HUMAN","Adenylyl cyclase-associated protein 1","Q01518_S394_M1_19","HexNAc (ST)",0.317424686911151,0.758453840705418,0.884646487783172,6,"Not significant"
"P3C4 / LPS","HNRNPU","Q00839","Q00839","HNRPU_HUMAN","Heterogeneous nuclear ribonucleoprotein U","Q00839_S585_M1_19","HexNAc (ST)",0.0444045894118919,0.758562708487176,0.885033604771405,6,"Not significant"
"P3C4 / LPS","AHNAK","Q09666","Q09666","AHNK_HUMAN","Neuroblast differentiation-associated protein AHNAK","Q09666_T1472_M1_19","HexNAc (ST)",-0.157212110946024,0.759278534574548,0.887940350888607,6,"Not significant"
"P3C4 / LPS","ANXA6","P08133","P08133","ANXA6_HUMAN","Annexin A6","P08133_S121_M1_19","HexNAc (ST)",-0.283967248396926,0.759294475205098,0.888002778929992,6,"Not significant"
"P3C4 / LPS","NUCB2","P80303","P80303","NUCB2_HUMAN","Nucleobindin-2","P80303_S124_M1_19","HexNAc (ST)",0.0614481787726354,0.759530802300685,0.88891907761382,6,"Not significant"
"P3C4 / LPS","AHNAK","Q09666","Q09666","AHNK_HUMAN","Neuroblast differentiation-associated protein AHNAK","Q09666_S4684_M1_19","HexNAc (ST)",-0.135080157802021,0.760320395605095,0.892311515636083,6,"Not significant"
"P3C4 / LPS","PLEC","Q15149","Q15149","PLEC_HUMAN","Plectin","Q15149_S2984_M1_19","HexNAc (ST)",0.207793983087854,0.761367042904109,0.896773364166184,4,"Not significant"
"P3C4 / LPS","ATP6V1E1","P36543","P36543","VATE1_HUMAN","V-type proton ATPase subunit E 1","P36543_S73_M1_19","HexNAc (ST)",-0.0544860688979423,0.761796271495902,0.898412656153357,6,"Not significant"
"P3C4 / LPS","YBX1","P67809","P67809","YBOX1_HUMAN","Y-box-binding protein 1","P67809_T108_M1_19","HexNAc (ST)",-0.222436897762849,0.762283510566319,0.900414025684438,5,"Not significant"
"P3C4 / LPS","CPNE8","Q86YQ8","Q86YQ8","CPNE8_HUMAN","Copine-8","Q86YQ8_S356_M1_19","HexNAc (ST)",0.223846515581364,0.766251275772918,0.916365678513425,6,"Not significant"
"P3C4 / LPS","BCKDK","O14874","O14874","BCKD_HUMAN","[3-methyl-2-oxobutanoate dehydrogenase [lipoamide]] kinase, mitochondrial","O14874_S90_M1_19","HexNAc (ST)",0.219732755329624,0.766883230605764,0.919078964412792,6,"Not significant"
"P3C4 / LPS","TAMM41","Q96BW9","Q96BW9","TAM41_HUMAN","Phosphatidate cytidylyltransferase, mitochondrial","Q96BW9_S218_M1_19","HexNAc (ST)",-0.155842007884084,0.767280926398899,0.920479760943491,6,"Not significant"
"P3C4 / LPS","NaN","Cont_P02081","Cont_P02081","HBBF_BOVIN","Hemoglobin fetal subunit beta","Cont_P02081_S12_M2_19","HexNAc (ST)",0.0255703639324915,0.767368299646398,0.920835034699417,6,"Not significant"
"P3C4 / LPS","NaN","Cont_P02081","Cont_P02081","HBBF_BOVIN","Hemoglobin fetal subunit beta","Cont_P02081_T11_M2_19","HexNAc (ST)",0.0255703639324915,0.767368299646398,0.920835034699417,6,"Not significant"
"P3C4 / LPS","GAPDH","P04406","P04406","G3P_HUMAN","Glyceraldehyde-3-phosphate dehydrogenase","P04406_T211_M2_19","HexNAc (ST)",0.0176055854860288,0.76821947351069,0.924530906949258,6,"Not significant"
"P3C4 / LPS","GAPDH","P04406","P04406","G3P_HUMAN","Glyceraldehyde-3-phosphate dehydrogenase","P04406_S210_M2_19","HexNAc (ST)",0.0176055854860288,0.76821947351069,0.924530906949258,6,"Not significant"
"P3C4 / LPS","NUP62","P37198","P37198","NUP62_HUMAN","Nuclear pore glycoprotein p62","P37198_T433_M1_19","HexNAc (ST)",0.0225826345633559,0.768731726114763,0.926808565681102,6,"Not significant"
"P3C4 / LPS","EIPR1","Q53HC9","Q53HC9","EIPR1_HUMAN","EARP and GARP complex-interacting protein 1","Q53HC9_S36_M2_19","HexNAc (ST)",-0.0763470553445554,0.771899350905961,0.940347285476656,6,"Not significant"
"P3C4 / LPS","EIPR1","Q53HC9","Q53HC9","EIPR1_HUMAN","EARP and GARP complex-interacting protein 1","Q53HC9_T34_M2_19","HexNAc (ST)",-0.0763470553445554,0.771899350905961,0.940347285476656,6,"Not significant"
"P3C4 / LPS","CRACR2A","Q9BSW2","Q9BSW2","EFC4B_HUMAN","EF-hand calcium-binding domain-containing protein 4B","Q9BSW2_T586_M2_19","HexNAc (ST)",0.160772780142903,0.772519804587479,0.942744950875697,5,"Not significant"
"P3C4 / LPS","IMP4","Q96G21","Q96G21","IMP4_HUMAN","U3 small nucleolar ribonucleoprotein protein IMP4","Q96G21_T134_M1_19","HexNAc (ST)",0.0174232361199533,0.772762902546325,0.943747353257407,6,"Not significant"
"P3C4 / LPS","ITGAV","P06756","P06756","ITAV_HUMAN","Integrin alpha-V","P06756_T586_M2_19","HexNAc (ST)",0.0352451329519803,0.77286879290482,0.944196488344456,6,"Not significant"
"P3C4 / LPS","ITGAV","P06756","P06756","ITAV_HUMAN","Integrin alpha-V","P06756_T583_M2_19","HexNAc (ST)",0.0352451329519803,0.77286879290482,0.944196488344456,6,"Not significant"
"P3C4 / LPS","HSPA5","P11021","P11021","BIP_HUMAN","Endoplasmic reticulum chaperone BiP","P11021_T203_M2_19","HexNAc (ST)",0.0233462208967503,0.774758523750304,0.952342623361484,6,"Not significant"
"P3C4 / LPS","HSPA5","P11021","P11021","BIP_HUMAN","Endoplasmic reticulum chaperone BiP","P11021_T189_M2_19","HexNAc (ST)",0.0233462208967503,0.774758523750304,0.952342623361484,6,"Not significant"
"P3C4 / LPS","ENO2","P09104","P09104","ENOG_HUMAN","Gamma-enolase","P09104_S221_M1_19","HexNAc (ST)",0.0201485025454584,0.775538781956832,0.955553662212132,6,"Not significant"
"P3C4 / LPS","RNASET2","O00584","O00584","RNT2_HUMAN","Ribonuclease T2","O00584_S103_M1_19","HexNAc (ST)",0.029091446113544,0.77567334978574,0.956196217742342,6,"Not significant"
"P3C4 / LPS","MAP4","P27816","P27816","MAP4_HUMAN","Microtubule-associated protein 4","P27816_T354_M1_19","HexNAc (ST)",-0.0987267909796486,0.775828312172467,0.956909035771641,5,"Not significant"
"P3C4 / LPS","ETFA","P13804","P13804","ETFA_HUMAN","Electron transfer flavoprotein subunit alpha, mitochondrial","P13804_S133_M1_19","HexNAc (ST)",0.0919638249645389,0.7761302679825,0.958376524579192,6,"Not significant"
"P3C4 / LPS","PSMC3","P17980","P17980","PRS6A_HUMAN","26S proteasome regulatory subunit 6A","P17980_T293_M2_19","HexNAc (ST)",0.0830219299369769,0.776455943012021,0.959724087720826,6,"Not significant"
"P3C4 / LPS","PSMC3","P17980","P17980","PRS6A_HUMAN","26S proteasome regulatory subunit 6A","P17980_S281_M2_19","HexNAc (ST)",0.0830219299369769,0.776455943012021,0.959724087720826,6,"Not significant"
"P3C4 / LPS","CLTC","Q00610","Q00610","CLH1_HUMAN","Clathrin heavy chain 1","Q00610_S460_M1_19","HexNAc (ST)",-0.0997148476805433,0.776575476624881,0.960533357756377,6,"Not significant"
"P3C4 / LPS","PRSS1","Cont_P00760","Cont_P00760","TRY1_BOVIN","Serine protease 1","Cont_P00760_S170_M2_19","HexNAc (ST)",-0.0221224564695953,0.77669212734089,0.961049945405534,5,"Not significant"
"P3C4 / LPS","HSPA1L","P34931","P34931","HS71L_HUMAN","Heat shock 70 kDa protein 1-like","P34931_S108_M1_19","HexNAc (ST)",0.0953106525892454,0.778130322703162,0.967014599845791,4,"Not significant"
"P3C4 / LPS","AHNAK","Q09666","Q09666","AHNK_HUMAN","Neuroblast differentiation-associated protein AHNAK","Q09666_S3746_M1_19","HexNAc (ST)",0.0837660871649803,0.778338284985076,0.967909544824347,6,"Not significant"
"P3C4 / LPS","ARL8B","Q9NVJ2","Q9NVJ2","ARL8B_HUMAN","ADP-ribosylation factor-like protein 8B","Q9NVJ2_S150_M1_19","HexNAc (ST)",-0.00770040186734016,0.779788905339319,0.974285600967166,6,"Not significant"
"P3C4 / LPS","P4HB","P07237","P07237","PDIA1_HUMAN","Protein disulfide-isomerase","P07237_T117_M1_19","HexNAc (ST)",-0.00429532978292727,0.780016231731865,0.97518881543992,6,"Not significant"
"P3C4 / LPS","PRSS1","P07477","P07477","TRY1_HUMAN","Serine protease 1","P07477_T103_M1_19","HexNAc (ST)",0.0163282204699578,0.780858659927378,0.978940747952213,6,"Not significant"
"P3C4 / LPS","EEF1G","P26641","P26641","EF1G_HUMAN","Elongation factor 1-gamma","P26641_T411_M2_19","HexNAc (ST)",0.0102531307752294,0.780988007373384,0.979467923360511,6,"Not significant"
"P3C4 / LPS","H2AX","P16104","P16104","H2AX_HUMAN","Histone H2AX","P16104_T102_M1_19","HexNAc (ST)",0.0314113092167988,0.781278660243393,0.980733427021434,6,"Not significant"
"P3C4 / LPS","STX5","Q13190","Q13190","STX5_HUMAN","Syntaxin-5","Q13190_S320_M1_19","HexNAc (ST)",-0.0430947566616135,0.781757088711324,0.982679999171736,6,"Not significant"
"P3C4 / LPS","COL18A1","P39060","P39060","COIA1_HUMAN","Collagen alpha-1(XVIII) chain","P39060_S1377_M1_19","HexNAc (ST)",-0.044436446268953,0.781920363781779,0.983347772875103,6,"Not significant"
"P3C4 / LPS","RPS3A","P61247","P61247","RS3A_HUMAN","Small ribosomal subunit protein eS1","P61247_T106_M1_19","HexNAc (ST)",-0.0446612199493559,0.78199284198572,0.983614101171964,4,"Not significant"
"P3C4 / LPS","CAPG","P40121","P40121","CAPG_HUMAN","Macrophage-capping protein","P40121_T212_M1_19","HexNAc (ST)",-0.0190364790977159,0.78256585338487,0.986093922354596,6,"Not significant"
"P3C4 / LPS","MDN1","Q9NU22","Q9NU22","MDN1_HUMAN","Midasin","Q9NU22_S2818_M1_19","HexNAc (ST)",-0.0126378957025292,0.782717185305816,0.98679388083669,6,"Not significant"
"P3C4 / LPS","AHNAK","Q09666","Q09666","AHNK_HUMAN","Neuroblast differentiation-associated protein AHNAK","Q09666_S4486_M1_19","HexNAc (ST)",-0.0281334147315256,0.78294929090265,0.987904545148452,5,"Not significant"
"P3C4 / LPS","PPIA","P62937","P62937","PPIA_HUMAN","Peptidyl-prolyl cis-trans isomerase A","P62937_T73_M2_19","HexNAc (ST)",0.0251980383436133,0.783446314527001,0.990046527151792,6,"Not significant"
"P3C4 / LPS","RTRAF","Q9Y224","Q9Y224","RTRAF_HUMAN","RNA transcription, translation and transport factor protein","Q9Y224_T175_M1_19","HexNAc (ST)",0.0114426967224729,0.783731937730401,0.991436839321727,6,"Not significant"
"P3C4 / LPS","HNRNPH1","P31943","P31943","HNRH1_HUMAN","Heterogeneous nuclear ribonucleoprotein H","P31943_T5_M1_19","HexNAc (ST)",-0.00247967817639772,0.784652374355194,0.995791711883762,6,"Not significant"
"P3C4 / LPS","GPI","P06744","P06744","G6PI_HUMAN","Glucose-6-phosphate isomerase","P06744_S532_M1_19","HexNAc (ST)",-0.00765578217104326,0.784926445279005,0.997150948833205,6,"Not significant"
"P3C4 / LPS","SQOR","Q9Y6N5","Q9Y6N5","SQOR_HUMAN","Sulfide:quinone oxidoreductase, mitochondrial","Q9Y6N5_S299_M1_19","HexNAc (ST)",-0.00221344481681933,0.785384360740317,0.999166366050788,6,"Not significant"
