"Comparison (group1/group2)","Genes","UniProtIds","ProteinGroups","ProteinNames","ProteinDescriptions","Group","PTM.ModificationTitle","AVG Log2 Ratio","Qvalue","Pvalue","# of Ratios","Significance"
"Unstim / P3C4","TOP2B","Q02880","Q02880","TOP2B_HUMAN","DNA topoisomerase 2-beta","Q02880_K104_M1_17","GlyGly (K)",0.412612777381888,0.45196104398822,0.00980635931815098,6,"Not significant"
"Unstim / P3C4","GLO1","Q04760","Q04760","LGUL_HUMAN","Lactoylglutathione lyase","Q04760_K28_M1_17","GlyGly (K)",-2.40274375066188,0.45813855471559,0.0117068687306433,6,"Not significant"
"Unstim / P3C4","IL1B","P01584","P01584","IL1B_HUMAN","Interleukin-1 beta","P01584_K171_M1_17","GlyGly (K)",-2.40544323867138,0.464399835403665,0.0129908998287328,6,"Not significant"
"Unstim / P3C4","F5","Cont_Q28107","Cont_Q28107","FA5_BOVIN","Coagulation factor V","Cont_Q28107_K564_M1_17","GlyGly (K)",7.02403192127538,0.479972694247693,0.0201716991505824,6,"Not significant"
"Unstim / P3C4","BRD2","P25440","P25440","BRD2_HUMAN","Bromodomain-containing protein 2","P25440_K10_M1_17","GlyGly (K)",-0.43133591902493,0.487617893049873,0.0231531818263729,6,"Not significant"
"Unstim / P3C4","EEF1D","P29692","P29692","EF1D_HUMAN","Elongation factor 1-delta","P29692_K59_M1_17","GlyGly (K)",-0.918676255667828,0.490059931053846,0.0242762462314178,6,"Not significant"
"Unstim / P3C4","ACTR2","P61160","P61160","ARP2_HUMAN","Actin-related protein 2","P61160_K106_M1_17","GlyGly (K)",2.46911560800505,0.495397470525129,0.0270778344648398,6,"Not significant"
"Unstim / P3C4","BAG3","O95817","O95817","BAG3_HUMAN","BAG family molecular chaperone regulator 3","O95817_K460_M1_17","GlyGly (K)",-2.40402065471346,0.499538053913017,0.0299892066187271,6,"Not significant"
"Unstim / P3C4","TUBB6","Q9BUF5","Q9BUF5","TBB6_HUMAN","Tubulin beta-6 chain","Q9BUF5_K122_M1_17","GlyGly (K)",-0.983048595102441,0.500886645554439,0.0304750610058606,6,"Not significant"
"Unstim / P3C4","EEF1A1","Cont_P68103;P68104","Cont_P68103;P68104","EF1A1_BOVIN;EF1A1_HUMAN","Elongation factor 1-alpha 1","Cont_P68103_K408_M1_17","GlyGly (K)",1.76385959344488,0.511607491686253,0.0381411602213588,6,"Not significant"
"Unstim / P3C4","EEF1A1","Cont_P68103;P68104","Cont_P68103;P68104","EF1A1_BOVIN;EF1A1_HUMAN","Elongation factor 1-alpha 1","P68104_K408_M1_17","GlyGly (K)",1.76385959344488,0.511607491686253,0.0381411602213588,6,"Not significant"
"Unstim / P3C4","EIF5B","O60841","O60841","IF2P_HUMAN","Eukaryotic translation initiation factor 5B","O60841_K644_M1_17","GlyGly (K)",-5.24539954066405,0.516982638807701,0.0420764338595335,6,"Not significant"
"Unstim / P3C4","LMNA","P02545","P02545","LMNA_HUMAN","Prelamin-A/C","P02545_K597_M1_17","GlyGly (K)",-0.512873991465083,0.519253139628152,0.0439144022301972,6,"Not significant"
"Unstim / P3C4","MRE11","P49959","P49959","MRE11_HUMAN","Double-strand break repair protein MRE11","P49959_K28_M1_17","GlyGly (K)",-7.18651799120834,0.520492898790903,0.0446633432649213,6,"Not significant"
"Unstim / P3C4","EHD1","Q9H4M9","Q9H4M9","EHD1_HUMAN","EH domain-containing protein 1","Q9H4M9_K13_M1_17","GlyGly (K)",-1.57089999658752,0.522146745006024,0.0458809578034061,6,"Not significant"
"Unstim / P3C4","ANXA6","P08133","P08133","ANXA6_HUMAN","Annexin A6","P08133_K483_M1_17","GlyGly (K)",-5.37708324819994,0.525398962939454,0.0488472734623945,5,"Not significant"
"Unstim / P3C4","RAVER1","Q8IY67","Q8IY67","RAVR1_HUMAN","Ribonucleoprotein PTB-binding 1","Q8IY67_K434_M1_17","GlyGly (K)",2.31825777988231,0.531713347694726,0.0548934543986065,6,"Not significant"
"Unstim / P3C4","DOCK8","Q8NF50","Q8NF50","DOCK8_HUMAN","Dedicator of cytokinesis protein 8","Q8NF50_K224_M1_17","GlyGly (K)",0.772530194292209,0.550357923336131,0.0757476193011053,6,"Not significant"
"Unstim / P3C4","CKAP4","Q07065","Q07065","CKAP4_HUMAN","Cytoskeleton-associated protein 4","Q07065_K161_M1_17","GlyGly (K)",-0.565408718396949,0.555428820964303,0.08266102731842,6,"Not significant"
"Unstim / P3C4","GAPDH","P04406","P04406","G3P_HUMAN","Glyceraldehyde-3-phosphate dehydrogenase","P04406_K66_M1_17","GlyGly (K)",0.534924659872372,0.555783982330176,0.0830339134877302,6,"Not significant"
"Unstim / P3C4","WDR5","P61964","P61964","WDR5_HUMAN","WD repeat-containing protein 5","P61964_K165_M1_17","GlyGly (K)",0.44752269189102,0.556604607267625,0.0839544821312353,6,"Not significant"
"Unstim / P3C4","TMEM30A","Q9NV96","Q9NV96","CC50A_HUMAN","Cell cycle control protein 50A","Q9NV96_K155_M1_17","GlyGly (K)",1.84160504576381,0.56747729862377,0.099446637674896,6,"Not significant"
"Unstim / P3C4","CAST","P20810","P20810","ICAL_HUMAN","Calpastatin","P20810_K283_M1_17","GlyGly (K)",-1.22890973554827,0.573653479420316,0.108604109682387,6,"Not significant"
"Unstim / P3C4","GPX1","P07203","P07203","GPX1_HUMAN","Glutathione peroxidase 1","P07203_K88_M1_17","GlyGly (K)",-0.786136980331998,0.576065576383572,0.112722661281472,6,"Not significant"
"Unstim / P3C4","HCLS1","P14317","P14317","HCLS1_HUMAN","Hematopoietic lineage cell-specific protein","P14317_K273_M1_17","GlyGly (K)",-0.500724402971762,0.576977397475605,0.114547039605035,6,"Not significant"
"Unstim / P3C4","PRKDC","P78527","P78527","PRKDC_HUMAN","DNA-dependent protein kinase catalytic subunit","P78527_K1422_M1_17","GlyGly (K)",1.52965718091715,0.579465058808465,0.118743232785227,6,"Not significant"
"Unstim / P3C4","PKM","P14618","P14618","KPYM_HUMAN","Pyruvate kinase PKM","P14618_K151_M1_17","GlyGly (K)",1.65154448153922,0.582098343979163,0.12365963212169,6,"Not significant"
"Unstim / P3C4","TPI1","P60174","P60174","TPIS_HUMAN","Triosephosphate isomerase","P60174_K131_M1_17","GlyGly (K)",-0.67227616890335,0.587535081903964,0.133708949691367,6,"Not significant"
"Unstim / P3C4","MMP9","P14780","P14780","MMP9_HUMAN","Matrix metalloproteinase-9","P14780_K65_M1_17","GlyGly (K)",0.292748716119763,0.588121302281028,0.134850111854773,6,"Not significant"
"Unstim / P3C4","HSP90AA1","P07900","P07900","HS90A_HUMAN","Heat shock protein HSP 90-alpha","P07900_K443_M1_17","GlyGly (K)",-1.11910929967657,0.58871626339458,0.136474857166605,6,"Not significant"
"Unstim / P3C4","ALCAM","Q13740","Q13740","CD166_HUMAN","CD166 antigen","Q13740_K60_M1_17","GlyGly (K)",-1.96297241017116,0.589905815089903,0.139220777900339,6,"Not significant"
"Unstim / P3C4","HADHA","P40939","P40939","ECHA_HUMAN","Trifunctional enzyme subunit alpha, mitochondrial","P40939_K267_M1_17","GlyGly (K)",0.555911432792203,0.590825647811604,0.140896665492945,6,"Not significant"
"Unstim / P3C4","UQCRC1","P31930","P31930","QCR1_HUMAN","Cytochrome b-c1 complex subunit 1, mitochondrial","P31930_K447_M1_17","GlyGly (K)",7.37647352019621,0.591485753528058,0.141924306481941,6,"Not significant"
"Unstim / P3C4","POLR3E","Q9NVU0","Q9NVU0","RPC5_HUMAN","DNA-directed RNA polymerase III subunit RPC5","Q9NVU0_K410_M1_17","GlyGly (K)",-2.16333487070056,0.591630777891521,0.142082333559563,6,"Not significant"
"Unstim / P3C4","PPA1","Q15181","Q15181","IPYR_HUMAN","Inorganic pyrophosphatase","Q15181_K282_M1_17","GlyGly (K)",-0.491243770898482,0.594053786242812,0.14606745192559,6,"Not significant"
"Unstim / P3C4","ATP5F1B","P06576","P06576","ATPB_HUMAN","ATP synthase subunit beta, mitochondrial","P06576_K432_M1_17","GlyGly (K)",1.96684016633732,0.594167652857635,0.146289535413358,6,"Not significant"
"Unstim / P3C4","SOD2","P04179","P04179","SODM_HUMAN","Superoxide dismutase [Mn], mitochondrial","P04179_K114_M1_17","GlyGly (K)",-0.352746424377333,0.594732093006091,0.147287957670386,6,"Not significant"
"Unstim / P3C4","ATP5F1A","P25705","P25705","ATPA_HUMAN","ATP synthase subunit alpha, mitochondrial","P25705_K316_M1_17","GlyGly (K)",1.27373923252877,0.595383842542741,0.148863912980076,6,"Not significant"
"Unstim / P3C4","EIF3B","P55884","P55884","EIF3B_HUMAN","Eukaryotic translation initiation factor 3 subunit B","P55884_K552_M2_17","GlyGly (K)",0.35662023212481,0.596356142632532,0.151431918872748,6,"Not significant"
"Unstim / P3C4","MYO1G","B0I1T2","B0I1T2","MYO1G_HUMAN","Unconventional myosin-Ig","B0I1T2_K544_M1_17","GlyGly (K)",-8.3311537411103,0.603121480649919,0.193903928282079,6,"Not significant"
"Unstim / P3C4","ACTB","Cont_P60712;P60709","Cont_P60712;P60709","ACTB_BOVIN;ACTB_HUMAN","Actin, cytoplasmic 1;Actin, cytoplasmic 1","Cont_P60712_K315_M1_17","GlyGly (K)",0.945691000501996,0.603121480649919,0.194629520241951,6,"Not significant"
"Unstim / P3C4","ACTB","Cont_P60712;P60709","Cont_P60712;P60709","ACTB_BOVIN;ACTB_HUMAN","Actin, cytoplasmic 1;Actin, cytoplasmic 1","P60709_K315_M1_17","GlyGly (K)",0.945691000501996,0.603121480649919,0.194629520241951,6,"Not significant"
"Unstim / P3C4","GPI","P06744","P06744","G6PI_HUMAN","Glucose-6-phosphate isomerase","P06744_K194_M1_17","GlyGly (K)",-1.05715595680655,0.603121480649919,0.178971152871485,6,"Not significant"
"Unstim / P3C4","H1-5","P16401","P16401","H15_HUMAN","Histone H1.5","P16401_K37_M1_17","GlyGly (K)",9.48952679210943,0.603121480649919,0.185047097826545,6,"Not significant"
"Unstim / P3C4","CANX","P27824","P27824","CALX_HUMAN","Calnexin","P27824_K571_M2_17","GlyGly (K)",-0.126008794466783,0.603121480649919,0.168376199364141,6,"Not significant"
"Unstim / P3C4","HSPA9","P38646","P38646","GRP75_HUMAN","Stress-70 protein, mitochondrial","P38646_K76_M1_17","GlyGly (K)",-12.820929335685,0.603121480649919,0.171702773892471,6,"Not significant"
"Unstim / P3C4","DNM2","P50570","P50570","DYN2_HUMAN","Dynamin-2","P50570_K414_M1_17","GlyGly (K)",-6.65251459960715,0.603121480649919,0.192089991041475,6,"Not significant"
"Unstim / P3C4","HNRNPM","P52272","P52272","HNRPM_HUMAN","Heterogeneous nuclear ribonucleoprotein M","P52272_K221_M2_17","GlyGly (K)",0.696362612369309,0.603121480649919,0.194215738381472,6,"Not significant"
"Unstim / P3C4","HNRNPM","P52272","P52272","HNRPM_HUMAN","Heterogeneous nuclear ribonucleoprotein M","P52272_K219_M2_17","GlyGly (K)",0.696362612369309,0.603121480649919,0.194215738381472,6,"Not significant"
"Unstim / P3C4","AK2","P54819","P54819","KAD2_HUMAN","Adenylate kinase 2, mitochondrial","P54819_K164_M1_17","GlyGly (K)",6.95048777055692,0.603121480649919,0.190759809085703,5,"Not significant"
"Unstim / P3C4","CCT2","P78371","P78371","TCPB_HUMAN","T-complex protein 1 subunit beta","P78371_K120_M1_17","GlyGly (K)",6.67192633773961,0.603121480649919,0.183671205156014,6,"Not significant"
"Unstim / P3C4","GOLGA2","Q08379","Q08379","GOGA2_HUMAN","Golgin subfamily A member 2","Q08379_K280_M1_17","GlyGly (K)",-4.18376665421268,0.603121480649919,0.192295375240729,6,"Not significant"
"Unstim / P3C4","DBN1","Q16643","Q16643","DREB_HUMAN","Drebrin","Q16643_K165_M1_17","GlyGly (K)",-2.63436074764559,0.603121480649919,0.182224178131843,6,"Not significant"
"Unstim / P3C4","VMA21","Q3ZAQ7","Q3ZAQ7","VMA21_HUMAN","Vacuolar ATPase assembly integral membrane protein VMA21","Q3ZAQ7_K6_M1_17","GlyGly (K)",4.97002988961005,0.603121480649919,0.181973790232672,6,"Not significant"
"Unstim / P3C4","HSP90AA4P","Q58FG1","Q58FG1","HS904_HUMAN","Putative heat shock protein HSP 90-alpha A4","Q58FG1_K289_M1_17","GlyGly (K)",1.5535020401566,0.603121480649919,0.180605580862713,6,"Not significant"
"Unstim / P3C4","HP1BP3","Q5SSJ5","Q5SSJ5","HP1B3_HUMAN","Heterochromatin protein 1-binding protein 3","Q5SSJ5_K33_M1_17","GlyGly (K)",-6.25232130552009,0.603121480649919,0.184495252527278,6,"Not significant"
"Unstim / P3C4","BTN2A1","Q7KYR7","Q7KYR7","BT2A1_HUMAN","Butyrophilin subfamily 2 member A1","Q7KYR7_K311_M1_17","GlyGly (K)",1.76225980655386,0.603121480649919,0.167680696738401,6,"Not significant"
"Unstim / P3C4","ANP32B","Q92688","Q92688","AN32B_HUMAN","Acidic leucine-rich nuclear phosphoprotein 32 family member B","Q92688_K116_M1_17","GlyGly (K)",0.502328264849898,0.603121480649919,0.164668300785603,6,"Not significant"
"Unstim / P3C4","HNRNPAB","Q99729","Q99729","ROAA_HUMAN","Heterogeneous nuclear ribonucleoprotein A/B","Q99729_K190_M1_17","GlyGly (K)",-8.02698972766736,0.603121480649919,0.195634698687035,6,"Not significant"
"Unstim / P3C4","CADM1","Q9BY67","Q9BY67","CADM1_HUMAN","Cell adhesion molecule 1","Q9BY67_K108_M1_17","GlyGly (K)",-2.35188964766513,0.603121480649919,0.184450205112013,6,"Not significant"
"Unstim / P3C4","NACA4P","Q9BZK3","Q9BZK3","NACP4_HUMAN","Putative nascent polypeptide-associated complex subunit alpha-like protein","Q9BZK3_K199_M1_17","GlyGly (K)",-1.33328019718832,0.603121480649919,0.180403505998873,6,"Not significant"
"Unstim / P3C4","RAB1B","Q9H0U4","Q9H0U4","RAB1B_HUMAN","Ras-related protein Rab-1B","Q9H0U4_K58_M2_17","GlyGly (K)",-9.01482787758783,0.603121480649919,0.186919351655605,6,"Not significant"
"Unstim / P3C4","RAB1B","Q9H0U4","Q9H0U4","RAB1B_HUMAN","Ras-related protein Rab-1B","Q9H0U4_K55_M2_17","GlyGly (K)",-9.01482787758783,0.603121480649919,0.186919351655605,6,"Not significant"
"Unstim / P3C4","HYOU1","Q9Y4L1","Q9Y4L1","HYOU1_HUMAN","Hypoxia up-regulated protein 1","Q9Y4L1_K170_M1_17","GlyGly (K)",-4.07551841497693,0.603121480649919,0.182394564775248,6,"Not significant"
"Unstim / P3C4","ALDOA","P04075","P04075","ALDOA_HUMAN","Fructose-bisphosphate aldolase A","P04075_K289_M1_17","GlyGly (K)",-1.50914044564826,0.603202993881853,0.197899944231853,6,"Not significant"
"Unstim / P3C4","TM9SF3","Q9HD45","Q9HD45","TM9S3_HUMAN","Transmembrane 9 superfamily member 3","Q9HD45_K114_M1_17","GlyGly (K)",-4.58479284351882,0.603202993881853,0.196817079625678,6,"Not significant"
"Unstim / P3C4","HSPA2","P54652","P54652","HSP72_HUMAN","Heat shock-related 70 kDa protein 2","P54652_K461_M1_17","GlyGly (K)",-1.07413351252413,0.603481697469688,0.200682248414585,6,"Not significant"
"Unstim / P3C4","HNRNPA2B1","P22626","P22626","ROA2_HUMAN","Heterogeneous nuclear ribonucleoproteins A2/B1","P22626_K168_M1_17","GlyGly (K)",-3.17294516205996,0.603526448284182,0.201076365009538,6,"Not significant"
"Unstim / P3C4","FKBP2","P26885","P26885","FKBP2_HUMAN","Peptidyl-prolyl cis-trans isomerase FKBP2","P26885_K59_M1_17","GlyGly (K)",-3.74432533763128,0.603526448284182,0.201489300438462,6,"Not significant"
"Unstim / P3C4","SYNCRIP","O60506","O60506","HNRPQ_HUMAN","Heterogeneous nuclear ribonucleoprotein Q","O60506_K407_M1_17","GlyGly (K)",5.77616199683328,0.603665898854704,0.203538288453635,6,"Not significant"
"Unstim / P3C4","DDX39B","Q13838","Q13838","DX39B_HUMAN","Spliceosome RNA helicase DDX39B","Q13838_K33_M2_17","GlyGly (K)",0.399413659170219,0.603722288652649,0.204010017183708,5,"Not significant"
"Unstim / P3C4","TPI1","P60174","P60174","TPIS_HUMAN","Triosephosphate isomerase","P60174_K238_M1_17","GlyGly (K)",-1.03340163811105,0.604307643628276,0.206324339989632,6,"Not significant"
"Unstim / P3C4","NSF","P46459","P46459","NSF_HUMAN","Vesicle-fusing ATPase","P46459_K283_M1_17","GlyGly (K)",0.538484371704313,0.604316063081654,0.206726609124535,6,"Not significant"
"Unstim / P3C4","SEC63","Q9UGP8","Q9UGP8","SEC63_HUMAN","Translocation protein SEC63 homolog","Q9UGP8_K368_M1_17","GlyGly (K)",0.384607652070977,0.606794835637841,0.218483403152498,6,"Not significant"
"Unstim / P3C4","YBX1","P67809","P67809","YBOX1_HUMAN","Y-box-binding protein 1","P67809_K98_M1_17","GlyGly (K)",1.50810178715311,0.607112162420284,0.220228727883894,6,"Not significant"
"Unstim / P3C4","FECH","P22830","P22830","HEMH_HUMAN","Ferrochelatase, mitochondrial","P22830_K57_M1_17","GlyGly (K)",2.90479672026189,0.607615222716289,0.222052181915195,6,"Not significant"
"Unstim / P3C4","ITGAM","P11215","P11215","ITAM_HUMAN","Integrin alpha-M","P11215_K912_M1_17","GlyGly (K)",0.421573363679214,0.608537253667882,0.225180342381524,6,"Not significant"
"Unstim / P3C4","GSTP1","P09211","P09211","GSTP1_HUMAN","Glutathione S-transferase P","P09211_K191_M1_17","GlyGly (K)",0.411007828427747,0.608579372022139,0.225261441890355,5,"Not significant"
"Unstim / P3C4","SH3GL1","Q99961","Q99961","SH3G1_HUMAN","Endophilin-A2","Q99961_K239_M1_17","GlyGly (K)",0.29302697537432,0.608924946008458,0.226640706886852,6,"Not significant"
"Unstim / P3C4","VPS4B","O75351","O75351","VPS4B_HUMAN","Vacuolar protein sorting-associated protein 4B","O75351_K155_M1_17","GlyGly (K)",5.64550681994185,0.609320105728629,0.227777278672414,6,"Not significant"
"Unstim / P3C4","MRPL40","Q9NQ50","Q9NQ50","RM40_HUMAN","Large ribosomal subunit protein mL40","Q9NQ50_K163_M1_17","GlyGly (K)",0.566916769885186,0.610748827340414,0.23320798197304,6,"Not significant"
"Unstim / P3C4","WDR33","Q9C0J8","Q9C0J8","WDR33_HUMAN","pre-mRNA 3' end processing protein WDR33","Q9C0J8_K536_M1_17","GlyGly (K)",0.560418523564797,0.610980672684013,0.233739700947163,6,"Not significant"
"Unstim / P3C4","RAB13","P51153","P51153","RAB13_HUMAN","Ras-related protein Rab-13","P51153_K56_M2_17","GlyGly (K)",0.501985078999954,0.611969676655046,0.237985629243791,5,"Not significant"
"Unstim / P3C4","ATP5F1D","P30049","P30049","ATPD_HUMAN","ATP synthase subunit delta, mitochondrial","P30049_K136_M1_17","GlyGly (K)",1.02204145083379,0.613896630194027,0.245678537502086,6,"Not significant"
"Unstim / P3C4","HSPA6","P17066","P17066","HSP76_HUMAN","Heat shock 70 kDa protein 6","P17066_K58_M1_17","GlyGly (K)",1.58602560931509,0.615451797329337,0.250134746787856,6,"Not significant"
"Unstim / P3C4","TPD52L2","O43399","O43399","TPD54_HUMAN","Tumor protein D54","O43399_K15_M1_17","GlyGly (K)",-6.25129500037182,0.615616501850773,0.250746850330585,6,"Not significant"
"Unstim / P3C4","AK2","P54819","P54819","KAD2_HUMAN","Adenylate kinase 2, mitochondrial","P54819_K121_M1_17","GlyGly (K)",7.7118516308082,0.616168783690539,0.252376324097011,6,"Not significant"
"Unstim / P3C4","ARL8B","Q9NVJ2","Q9NVJ2","ARL8B_HUMAN","ADP-ribosylation factor-like protein 8B","Q9NVJ2_K165_M2_17","GlyGly (K)",-0.554188842885012,0.616467723640074,0.253208325496146,5,"Not significant"
"Unstim / P3C4","AHNAK","Q09666","Q09666","AHNK_HUMAN","Neuroblast differentiation-associated protein AHNAK","Q09666_K2773_M2_17","GlyGly (K)",0.274339968354205,0.619449212770974,0.260493461211031,6,"Not significant"
"Unstim / P3C4","RPL10L","Q96L21","Q96L21","RL10L_HUMAN","Ribosomal protein uL16-like","Q96L21_K187_M1_17","GlyGly (K)",0.865794534106986,0.620503399724071,0.262793213227686,6,"Not significant"
"Unstim / P3C4","JUNB","P17275","P17275","JUNB_HUMAN","Transcription factor JunB","P17275_K304_M1_17","GlyGly (K)",0.370738359086211,0.6206238133799,0.263088284025443,6,"Not significant"
"Unstim / P3C4","SUB1","P53999","P53999","TCP4_HUMAN","Activated RNA polymerase II transcriptional coactivator p15","P53999_K114_M1_17","GlyGly (K)",-6.44262775730774,0.620856086068825,0.263568725728703,6,"Not significant"
"Unstim / P3C4","ACADM","P11310","P11310","ACADM_HUMAN","Medium-chain specific acyl-CoA dehydrogenase, mitochondrial","P11310_K217_M1_17","GlyGly (K)",0.567528455350006,0.621591250758564,0.265284014159522,6,"Not significant"
"Unstim / P3C4","GSPT2","Q8IYD1","Q8IYD1","ERF3B_HUMAN","Eukaryotic peptide chain release factor GTP-binding subunit ERF3B","Q8IYD1_K57_M1_17","GlyGly (K)",-0.455097233519946,0.62213213378783,0.266735007639758,6,"Not significant"
"Unstim / P3C4","PITRM1","Q5JRX3","Q5JRX3","PREP_HUMAN","Presequence protease, mitochondrial","Q5JRX3_K820_M1_17","GlyGly (K)",1.91744318215217,0.623127023304214,0.268831409334945,6,"Not significant"
"Unstim / P3C4","ZMPSTE24","O75844","O75844","FACE1_HUMAN","CAAX prenyl protease 1 homolog","O75844_K325_M1_17","GlyGly (K)",0.47020103022057,0.624609096086134,0.273327690482296,6,"Not significant"
"Unstim / P3C4","TMEM109","Q9BVC6","Q9BVC6","TM109_HUMAN","Voltage-gated monoatomic cation channel TMEM109","Q9BVC6_K46_M1_17","GlyGly (K)",-0.82558788809924,0.625156757953032,0.2745857932341,6,"Not significant"
"Unstim / P3C4","CAT","P04040","P04040","CATA_HUMAN","Catalase","P04040_K499_M1_17","GlyGly (K)",-1.28681546947143,0.625313257709906,0.275065284823684,6,"Not significant"
"Unstim / P3C4","CAPG","P40121","P40121","CAPG_HUMAN","Macrophage-capping protein","P40121_K115_M1_17","GlyGly (K)",-0.416793848987937,0.625313257709906,0.275098775117971,6,"Not significant"
"Unstim / P3C4","RBM25","P49756","P49756","RBM25_HUMAN","RNA-binding protein 25","P49756_K261_M1_17","GlyGly (K)",1.89118305948175,0.626010645655684,0.277105943580208,6,"Not significant"
"Unstim / P3C4","THRAP3","Q9Y2W1","Q9Y2W1","TR150_HUMAN","Thyroid hormone receptor-associated protein 3","Q9Y2W1_K252_M1_17","GlyGly (K)",0.810123621526534,0.627031628621576,0.279427262348413,6,"Not significant"
"Unstim / P3C4","HSPD1","P10809","P10809","CH60_HUMAN","60 kDa heat shock protein, mitochondrial","P10809_K218_M1_17","GlyGly (K)",-0.523069870081174,0.628023045885557,0.282801178791335,6,"Not significant"
"Unstim / P3C4","NSMAF","Q92636","Q92636","FAN_HUMAN","Protein FAN","Q92636_K161_M1_17","GlyGly (K)",-1.29536116194858,0.628023045885557,0.28285842778897,6,"Not significant"
"Unstim / P3C4","DDX21","Q9NR30","Q9NR30","DDX21_HUMAN","Nucleolar RNA helicase 2","Q9NR30_K236_M1_17","GlyGly (K)",2.32271982951982,0.628745260234628,0.285128743212856,6,"Not significant"
"Unstim / P3C4","RPL4","P36578","P36578","RL4_HUMAN","Large ribosomal subunit protein uL4","P36578_K157_M1_17","GlyGly (K)",-1.27494311311078,0.629165280836993,0.286183833030101,6,"Not significant"
"Unstim / P3C4","AHNAK","Q09666","Q09666","AHNK_HUMAN","Neuroblast differentiation-associated protein AHNAK","Q09666_K1652_M1_17","GlyGly (K)",1.14736207839009,0.629553840670316,0.287341644112967,4,"Not significant"
"Unstim / P3C4","AHNAK","Q09666","Q09666","AHNK_HUMAN","Neuroblast differentiation-associated protein AHNAK","Q09666_K1854_M1_17","GlyGly (K)",1.14736207839009,0.629553840670316,0.287341644112967,4,"Not significant"
"Unstim / P3C4","AHNAK","Q09666","Q09666","AHNK_HUMAN","Neuroblast differentiation-associated protein AHNAK","Q09666_K1921_M1_17","GlyGly (K)",1.14736207839009,0.629553840670316,0.287341644112967,4,"Not significant"
"Unstim / P3C4","AHNAK","Q09666","Q09666","AHNK_HUMAN","Neuroblast differentiation-associated protein AHNAK","Q09666_K2116_M1_17","GlyGly (K)",1.14736207839009,0.629553840670316,0.287341644112967,4,"Not significant"
"Unstim / P3C4","AK2","P54819","P54819","KAD2_HUMAN","Adenylate kinase 2, mitochondrial","P54819_K229_M1_17","GlyGly (K)",0.309541026797641,0.629648869351732,0.287580183309868,6,"Not significant"
"Unstim / P3C4","OSTF1","Q92882","Q92882","OSTF1_HUMAN","Osteoclast-stimulating factor 1","Q92882_K190_M1_17","GlyGly (K)",-0.781896696506102,0.629668953734017,0.287689467003297,6,"Not significant"
"Unstim / P3C4","SNAP23","O00161","O00161","SNP23_HUMAN","Synaptosomal-associated protein 23","O00161_K167_M1_17","GlyGly (K)",0.313842252021705,0.630307145788282,0.289635703437729,6,"Not significant"
"Unstim / P3C4","RAP1B","P61224","P61224","RAP1B_HUMAN","Ras-related protein Rap-1b","P61224_K42_M1_17","GlyGly (K)",-0.484031876941604,0.633302249655975,0.297964770450785,6,"Not significant"
"Unstim / P3C4","SHTN1","A0MZ66","A0MZ66","SHOT1_HUMAN","Shootin-1","A0MZ66_K169_M1_17","GlyGly (K)",-0.408179768946587,0.633972537254186,0.304922154116226,6,"Not significant"
"Unstim / P3C4","POTEF","A5A3E0","A5A3E0","POTEF_HUMAN","POTE ankyrin domain family member F","A5A3E0_K938_M1_17","GlyGly (K)",7.35433191834029,0.633972537254186,0.42218458454989,6,"Not significant"
"Unstim / P3C4","POTEF","A5A3E0","A5A3E0","POTEF_HUMAN","POTE ankyrin domain family member F","A5A3E0_K813_M1_17","GlyGly (K)",-0.331088755378331,0.633972537254186,0.354311548819691,6,"Not significant"
"Unstim / P3C4","FBLL1","A6NHQ2","A6NHQ2","FBLL1_HUMAN","rRNA/tRNA 2'-O-methyltransferase fibrillarin-like protein 1","A6NHQ2_K170_M1_17","GlyGly (K)",3.1016204467417,0.633972537254186,0.346768789235352,6,"Not significant"
"Unstim / P3C4","FGA","Cont_P02672","Cont_P02672","FIBA_BOVIN","Fibrinogen alpha chain","Cont_P02672_K543_M1_17","GlyGly (K)",9.12162076812461,0.633972537254186,0.422548132412941,6,"Not significant"
"Unstim / P3C4","ALB","Cont_P02769","Cont_P02769","ALBU_BOVIN","Albumin","Cont_P02769_K463_M1_17","GlyGly (K)",1.53028462923971,0.633972537254186,0.404213231134767,6,"Not significant"
"Unstim / P3C4","AHSG","Cont_P12763","Cont_P12763","FETUA_BOVIN","Alpha-2-HS-glycoprotein","Cont_P12763_K333_M1_17","GlyGly (K)",-6.57852575895577,0.633972537254186,0.421989822587808,6,"Not significant"
"Unstim / P3C4","CAP1","Cont_Q3SYV4","Cont_Q3SYV4","CAP1_BOVIN","Adenylyl cyclase-associated protein 1","Cont_Q3SYV4_K272_M1_17","GlyGly (K)",7.79169943700208,0.633972537254186,0.422540259668857,6,"Not significant"
"Unstim / P3C4","GPI","Cont_Q3ZBD7","Cont_Q3ZBD7","G6PI_BOVIN","Glucose-6-phosphate isomerase","Cont_Q3ZBD7_K550_M1_17","GlyGly (K)",6.08708570193319,0.633972537254186,0.423825191902091,6,"Not significant"
"Unstim / P3C4","MYO1F","O00160","O00160","MYO1F_HUMAN","Unconventional myosin-If","O00160_K141_M1_17","GlyGly (K)",-0.973241540411127,0.633972537254186,0.38412897135211,6,"Not significant"
"Unstim / P3C4","AGRN","O00468","O00468","AGRIN_HUMAN","Agrin","O00468_K1863_M1_17","GlyGly (K)",-0.153737727643775,0.633972537254186,0.356242489940897,6,"Not significant"
"Unstim / P3C4","IFIT3","O14879","O14879","IFIT3_HUMAN","Interferon-induced protein with tetratricopeptide repeats 3","O14879_K373_M1_17","GlyGly (K)",-0.306215107300806,0.633972537254186,0.38028744306334,5,"Not significant"
"Unstim / P3C4","SYNCRIP","O60506","O60506","HNRPQ_HUMAN","Heterogeneous nuclear ribonucleoprotein Q","O60506_K363_M2_17","GlyGly (K)",7.70577090607336,0.633972537254186,0.422502771707753,5,"Not significant"
"Unstim / P3C4","MACROH2A1","O75367","O75367","H2AY_HUMAN","Core histone macro-H2A.1","O75367_K236_M2_17","GlyGly (K)",0.301762859978404,0.633972537254186,0.403678413514868,6,"Not significant"
"Unstim / P3C4","MACROH2A1","O75367","O75367","H2AY_HUMAN","Core histone macro-H2A.1","O75367_K233_M2_17","GlyGly (K)",0.301762859978404,0.633972537254186,0.403678413514868,6,"Not significant"
"Unstim / P3C4","SOD1","P00441","P00441","SODC_HUMAN","Superoxide dismutase [Cu-Zn]","P00441_K4_M2_17","GlyGly (K)",0.287996238863832,0.633972537254186,0.33932987815032,6,"Not significant"
"Unstim / P3C4","ANXA1","P04083","P04083","ANXA1_HUMAN","Annexin A1","P04083_K214_M1_17","GlyGly (K)",-8.34243460122919,0.633972537254186,0.422528378290128,6,"Not significant"
"Unstim / P3C4","GAPDH","P04406","P04406","G3P_HUMAN","Glyceraldehyde-3-phosphate dehydrogenase","P04406_K186_M1_17","GlyGly (K)",-0.336122831217843,0.633972537254186,0.410598177666445,6,"Not significant"
"Unstim / P3C4","H2AC4;H2AC25","P04908;Q7L7L0","P04908;Q7L7L0","H2A1B_HUMAN;H2A3_HUMAN","Histone H2A type 1-B/E;Histone H2A type 3","P04908_K96_M1_17","GlyGly (K)",1.35037915614699,0.633972537254186,0.315152562918326,6,"Not significant"
"Unstim / P3C4","H2AC4;H2AC25","P04908;Q7L7L0","P04908;Q7L7L0","H2A1B_HUMAN;H2A3_HUMAN","Histone H2A type 1-B/E;Histone H2A type 3","Q7L7L0_K96_M1_17","GlyGly (K)",1.35037915614699,0.633972537254186,0.315152562918326,6,"Not significant"
"Unstim / P3C4","SLC25A5","P05141","P05141","ADT2_HUMAN","ADP/ATP translocase 2","P05141_K10_M1_17","GlyGly (K)",-5.92471030971802,0.633972537254186,0.422673163815594,6,"Not significant"
"Unstim / P3C4","RPLP2","P05387","P05387","RLA2_HUMAN","Large ribosomal subunit protein P2","P05387_K94_M1_17","GlyGly (K)",7.19041843508304,0.633972537254186,0.421694045418473,6,"Not significant"
"Unstim / P3C4","ITGB1","P05556","P05556","ITB1_HUMAN","Integrin beta-1","P05556_K163_M1_17","GlyGly (K)",-6.01729218569621,0.633972537254186,0.420433656719084,6,"Not significant"
"Unstim / P3C4","ATP5F1B","P06576","P06576","ATPB_HUMAN","ATP synthase subunit beta, mitochondrial","P06576_K480_M1_17","GlyGly (K)",-1.22205684043756,0.633972537254186,0.394467489765031,6,"Not significant"
"Unstim / P3C4","ENO1","P06733","P06733","ENOA_HUMAN","Alpha-enolase","P06733_K221_M1_17","GlyGly (K)",0.704025219838116,0.633972537254186,0.376302139281385,6,"Not significant"
"Unstim / P3C4","GPX1","P07203","P07203","GPX1_HUMAN","Glutathione peroxidase 1","P07203_K166_M1_17","GlyGly (K)",1.8939457713722,0.633972537254186,0.413508015572186,6,"Not significant"
"Unstim / P3C4","P4HB","P07237","P07237","PDIA1_HUMAN","Protein disulfide-isomerase","P07237_K263_M1_17","GlyGly (K)",-9.83316261986593,0.633972537254186,0.422678017006195,6,"Not significant"
"Unstim / P3C4","P4HB","P07237","P07237","PDIA1_HUMAN","Protein disulfide-isomerase","P07237_K366_M1_17","GlyGly (K)",-2.86381094045961,0.633972537254186,0.420168701985009,6,"Not significant"
"Unstim / P3C4","ANXA2","P07355","P07355","ANXA2_HUMAN","Annexin A2","P07355_K49_M2_17","GlyGly (K)",5.12186951408514,0.633972537254186,0.310341767147799,6,"Not significant"
"Unstim / P3C4","ANXA2","P07355","P07355","ANXA2_HUMAN","Annexin A2","P07355_K47_M2_17","GlyGly (K)",5.12186951408514,0.633972537254186,0.310341767147799,6,"Not significant"
"Unstim / P3C4","HSP90AA1","P07900","P07900","HS90A_HUMAN","Heat shock protein HSP 90-alpha","P07900_K534_M1_17","GlyGly (K)",-0.413861648342154,0.633972537254186,0.406689002708925,6,"Not significant"
"Unstim / P3C4","HSP90AB1","P08238","P08238","HS90B_HUMAN","Heat shock protein HSP 90-beta","P08238_K607_M1_17","GlyGly (K)",-1.46495502393612,0.633972537254186,0.364928209702385,6,"Not significant"
"Unstim / P3C4","HSP90AB1","P08238","P08238","HS90B_HUMAN","Heat shock protein HSP 90-beta","P08238_K624_M1_17","GlyGly (K)",2.29181009181862,0.633972537254186,0.399369219152279,6,"Not significant"
"Unstim / P3C4","HMBS","P08397","P08397","HEM3_HUMAN","Porphobilinogen deaminase","P08397_K157_M1_17","GlyGly (K)",0.221949261316054,0.633972537254186,0.402866265908754,6,"Not significant"
"Unstim / P3C4","LTA4H","P09960","P09960","LKHA4_HUMAN","Leukotriene A-4 hydrolase","P09960_K83_M1_17","GlyGly (K)",-5.70619402202802,0.633972537254186,0.422935130388325,6,"Not significant"
"Unstim / P3C4","ALDOC","P09972","P09972","ALDOC_HUMAN","Fructose-bisphosphate aldolase C","P09972_K153_M1_17","GlyGly (K)",-10.6107280729902,0.633972537254186,0.422623707088978,6,"Not significant"
"Unstim / P3C4","TXN","P10599","P10599","THIO_HUMAN","Thioredoxin","P10599_K96_M2_17","GlyGly (K)",3.36394511091935,0.633972537254186,0.42601669217958,6,"Not significant"
"Unstim / P3C4","TXN","P10599","P10599","THIO_HUMAN","Thioredoxin","P10599_K94_M2_17","GlyGly (K)",3.36394511091935,0.633972537254186,0.42601669217958,6,"Not significant"
"Unstim / P3C4","HSPD1","P10809","P10809","CH60_HUMAN","60 kDa heat shock protein, mitochondrial","P10809_K91_M2_17","GlyGly (K)",-3.84926767547739,0.633972537254186,0.410787547459504,6,"Not significant"
"Unstim / P3C4","HSPD1","P10809","P10809","CH60_HUMAN","60 kDa heat shock protein, mitochondrial","P10809_K387_M1_17","GlyGly (K)",0.24549152519711,0.633972537254186,0.417437257275282,6,"Not significant"
"Unstim / P3C4","HSPA8","P11142","P11142","HSP7C_HUMAN","Heat shock cognate 71 kDa protein","P11142_K583_M1_17","GlyGly (K)",-1.44247301827246,0.633972537254186,0.38753308249302,6,"Not significant"
"Unstim / P3C4","SLC2A3","P11169","P11169","GTR3_HUMAN","Solute carrier family 2, facilitated glucose transporter member 3","P11169_K243_M1_17","GlyGly (K)",-5.50568475626642,0.633972537254186,0.42441717242563,6,"Not significant"
"Unstim / P3C4","MTHFD1","P11586","P11586","C1TC_HUMAN","C-1-tetrahydrofolate synthase, cytoplasmic","P11586_K760_M1_17","GlyGly (K)",5.81877996946247,0.633972537254186,0.42479272532915,6,"Not significant"
"Unstim / P3C4","IMPDH2","P12268","P12268","IMDH2_HUMAN","Inosine-5'-monophosphate dehydrogenase 2","P12268_K492_M1_17","GlyGly (K)",-0.357774457379324,0.633972537254186,0.336308344934765,6,"Not significant"
"Unstim / P3C4","ACTN1","P12814","P12814","ACTN1_HUMAN","Alpha-actinin-1","P12814_K420_M1_17","GlyGly (K)",1.51765128243586,0.633972537254186,0.399275120438027,6,"Not significant"
"Unstim / P3C4","PEPD","P12955","P12955","PEPD_HUMAN","Xaa-Pro dipeptidase","P12955_K17_M1_17","GlyGly (K)",1.4177682150826,0.633972537254186,0.385160106786809,6,"Not significant"
"Unstim / P3C4","XRCC5","P13010","P13010","XRCC5_HUMAN","X-ray repair cross-complementing protein 5","P13010_K291_M1_17","GlyGly (K)",1.13494885236901,0.633972537254186,0.311726885443056,5,"Not significant"
"Unstim / P3C4","ANXA8","P13928","P13928","ANXA8_HUMAN","Annexin A8","P13928_K112_M1_17","GlyGly (K)",7.11709217061832,0.633972537254186,0.423294490098327,6,"Not significant"
"Unstim / P3C4","HSP90B1","P14625","P14625","ENPL_HUMAN","Endoplasmin","P14625_K708_M1_17","GlyGly (K)",-2.32599800276259,0.633972537254186,0.425100116820938,5,"Not significant"
"Unstim / P3C4","UQCRB","P14927","P14927","QCR7_HUMAN","Cytochrome b-c1 complex subunit 7","P14927_K45_M1_17","GlyGly (K)",3.85317974924209,0.633972537254186,0.418516025342201,6,"Not significant"
"Unstim / P3C4","BRAF","P15056","P15056","BRAF_HUMAN","Serine/threonine-protein kinase B-raf","P15056_K680_M1_17","GlyGly (K)",-0.339167378354113,0.633972537254186,0.33901872176138,6,"Not significant"
"Unstim / P3C4","TCP1","P17987","P17987","TCPA_HUMAN","T-complex protein 1 subunit alpha","P17987_K43_M1_17","GlyGly (K)",-0.33017347673332,0.633972537254186,0.382203359287496,6,"Not significant"
"Unstim / P3C4","RPL17","P18621","P18621","RL17_HUMAN","Large ribosomal subunit protein uL22","P18621_K105_M1_17","GlyGly (K)",-5.51839694722159,0.633972537254186,0.419721439644959,6,"Not significant"
"Unstim / P3C4","NCL","P19338","P19338","NUCL_HUMAN","Nucleolin","P19338_K297_M2_17","GlyGly (K)",2.43641652480948,0.633972537254186,0.390927135225458,6,"Not significant"
"Unstim / P3C4","NCL","P19338","P19338","NUCL_HUMAN","Nucleolin","P19338_K295_M2_17","GlyGly (K)",2.43641652480948,0.633972537254186,0.390927135225458,6,"Not significant"
"Unstim / P3C4","NCL","P19338","P19338","NUCL_HUMAN","Nucleolin","P19338_K537_M1_17","GlyGly (K)",0.186053800640009,0.633972537254186,0.318630744127184,6,"Not significant"
"Unstim / P3C4","NCL","P19338","P19338","NUCL_HUMAN","Nucleolin","P19338_K362_M1_17","GlyGly (K)",-3.44778711785283,0.633972537254186,0.427292399264121,6,"Not significant"
"Unstim / P3C4","NCF2","P19878","P19878","NCF2_HUMAN","Neutrophil cytosol factor 2","P19878_K92_M1_17","GlyGly (K)",3.55765963223278,0.633972537254186,0.413751350610192,6,"Not significant"
"Unstim / P3C4","VDAC1","P21796","P21796","VDAC1_HUMAN","Voltage-dependent anion-selective channel protein 1","P21796_K256_M1_17","GlyGly (K)",0.705879382485163,0.633972537254186,0.349162443822378,6,"Not significant"
"Unstim / P3C4","COMT","P21964","P21964","COMT_HUMAN","Catechol O-methyltransferase","P21964_K95_M2_17","GlyGly (K)",5.20757787833991,0.633972537254186,0.424395240401941,6,"Not significant"
"Unstim / P3C4","COMT","P21964","P21964","COMT_HUMAN","Catechol O-methyltransferase","P21964_K86_M2_17","GlyGly (K)",5.20757787833991,0.633972537254186,0.424395240401941,6,"Not significant"
"Unstim / P3C4","HNRNPA2B1","P22626","P22626","ROA2_HUMAN","Heterogeneous nuclear ribonucleoproteins A2/B1","P22626_K173_M1_17","GlyGly (K)",1.49409722992146,0.633972537254186,0.358845824138219,6,"Not significant"
"Unstim / P3C4","CFL1","P23528","P23528","COF1_HUMAN","Cofilin-1","P23528_K53_M1_17","GlyGly (K)",8.18353220970313,0.633972537254186,0.422810920541141,6,"Not significant"
"Unstim / P3C4","ATP5F1A","P25705","P25705","ATPA_HUMAN","ATP synthase subunit alpha, mitochondrial","P25705_K175_M1_17","GlyGly (K)",-0.56773183898041,0.633972537254186,0.410580043884202,6,"Not significant"
"Unstim / P3C4","RPL13","P26373","P26373","RL13_HUMAN","Large ribosomal subunit protein eL13","P26373_K145_M1_17","GlyGly (K)",-4.01821235513684,0.633972537254186,0.412722145920732,6,"Not significant"
"Unstim / P3C4","YWHAQ","P27348","P27348","1433T_HUMAN","14-3-3 protein theta","P27348_K103_M1_17","GlyGly (K)",-2.85785223133114,0.633972537254186,0.402302636628941,6,"Not significant"
"Unstim / P3C4","EEF1D","P29692","P29692","EF1D_HUMAN","Elongation factor 1-delta","P29692_K117_M1_17","GlyGly (K)",-5.86851331127036,0.633972537254186,0.420285947228878,6,"Not significant"
"Unstim / P3C4","PRDX5","P30044","P30044","PRDX5_HUMAN","Peroxiredoxin-5, mitochondrial","P30044_K102_M1_17","GlyGly (K)",-9.32760177124814,0.633972537254186,0.422502644249667,6,"Not significant"
"Unstim / P3C4","PDIA3","P30101","P30101","PDIA3_HUMAN","Protein disulfide-isomerase A3","P30101_K305_M1_17","GlyGly (K)",-1.33325465892721,0.633972537254186,0.402984704119136,6,"Not significant"
"Unstim / P3C4","FCER1G","P30273","P30273","FCERG_HUMAN","High affinity immunoglobulin epsilon receptor subunit gamma","P30273_K52_M2_17","GlyGly (K)",0.36680494004743,0.633972537254186,0.351481365428967,6,"Not significant"
"Unstim / P3C4","HNRNPH1","P31943","P31943","HNRH1_HUMAN","Heterogeneous nuclear ribonucleoprotein H","P31943_K35_M1_17","GlyGly (K)",8.31927789386111,0.633972537254186,0.422824156157574,6,"Not significant"
"Unstim / P3C4","PHB1","P35232","P35232","PHB1_HUMAN","Prohibitin 1","P35232_K208_M1_17","GlyGly (K)",0.760560458942144,0.633972537254186,0.343862176615921,6,"Not significant"
"Unstim / P3C4","MYH9","P35579","P35579","MYH9_HUMAN","Myosin-9","P35579_K682_M1_17","GlyGly (K)",-5.11021281837448,0.633972537254186,0.397295439350333,6,"Not significant"
"Unstim / P3C4","PSMC2","P35998","P35998","PRS7_HUMAN","26S proteasome regulatory subunit 7","P35998_K84_M1_17","GlyGly (K)",-5.53839811665818,0.633972537254186,0.41991655925386,6,"Not significant"
"Unstim / P3C4","CHI3L1","P36222","P36222","CH3L1_HUMAN","Chitinase-3-like protein 1","P36222_K91_M1_17","GlyGly (K)",7.99138312919699,0.633972537254186,0.422811651741058,6,"Not significant"
"Unstim / P3C4","HSPA9","P38646","P38646","GRP75_HUMAN","Stress-70 protein, mitochondrial","P38646_K498_M1_17","GlyGly (K)",-0.27620680654158,0.633972537254186,0.384551684358443,6,"Not significant"
"Unstim / P3C4","HSPA9","P38646","P38646","GRP75_HUMAN","Stress-70 protein, mitochondrial","P38646_K206_M1_17","GlyGly (K)",-10.3036418909264,0.633972537254186,0.422668020633653,6,"Not significant"
"Unstim / P3C4","HSPA9","P38646","P38646","GRP75_HUMAN","Stress-70 protein, mitochondrial","P38646_K595_M1_17","GlyGly (K)",4.76722159888755,0.633972537254186,0.421896257306083,6,"Not significant"
"Unstim / P3C4","CUX1","P39880","P39880","CUX1_HUMAN","Homeobox protein cut-like 1","P39880_K272_M1_17","GlyGly (K)",-5.08501945081115,0.633972537254186,0.422664340945087,6,"Not significant"
"Unstim / P3C4","MDH2","P40926","P40926","MDHM_HUMAN","Malate dehydrogenase, mitochondrial","P40926_K91_M1_17","GlyGly (K)",1.2085517567564,0.633972537254186,0.302801772171346,6,"Not significant"
"Unstim / P3C4","LRPPRC","P42704","P42704","LPPRC_HUMAN","Leucine-rich PPR motif-containing protein, mitochondrial","P42704_K155_M1_17","GlyGly (K)",-3.17525158576475,0.633972537254186,0.412342296451302,6,"Not significant"
"Unstim / P3C4","WAS","P42768","P42768","WASP_HUMAN","Actin nucleation-promoting factor WAS","P42768_K235_M1_17","GlyGly (K)",4.85111265675282,0.633972537254186,0.421074604743,6,"Not significant"
"Unstim / P3C4","GPD2","P43304","P43304","GPDM_HUMAN","Glycerol-3-phosphate dehydrogenase, mitochondrial","P43304_K303_M1_17","GlyGly (K)",-3.26650020945294,0.633972537254186,0.420045288744605,6,"Not significant"
"Unstim / P3C4","CRKL","P46109","P46109","CRKL_HUMAN","Crk-like protein","P46109_K253_M1_17","GlyGly (K)",-0.354624881442711,0.633972537254186,0.334017979039854,6,"Not significant"
"Unstim / P3C4","CAPZB","P47756","P47756","CAPZB_HUMAN","F-actin-capping protein subunit beta","P47756_K168_M1_17","GlyGly (K)",-3.90288400852003,0.633972537254186,0.419868079310872,6,"Not significant"
"Unstim / P3C4","HSPA13","P48723","P48723","HSP13_HUMAN","Heat shock 70 kDa protein 13","P48723_K396_M1_17","GlyGly (K)",-8.52753438053944,0.633972537254186,0.422617723979105,6,"Not significant"
"Unstim / P3C4","FASN","P49327","P49327","FAS_HUMAN","Fatty acid synthase","P49327_K787_M1_17","GlyGly (K)",3.69710195532626,0.633972537254186,0.415057744520968,6,"Not significant"
"Unstim / P3C4","VASP","P50552","P50552","VASP_HUMAN","Vasodilator-stimulated phosphoprotein","P50552_K240_M1_17","GlyGly (K)",-6.11182340678063,0.633972537254186,0.416597207935406,6,"Not significant"
"Unstim / P3C4","RPL14","P50914","P50914","RL14_HUMAN","Large ribosomal subunit protein eL14","P50914_K160_M1_17","GlyGly (K)",1.93745991626977,0.633972537254186,0.413737376462827,6,"Not significant"
"Unstim / P3C4","GALK1","P51570","P51570","GALK1_HUMAN","Galactokinase","P51570_K252_M1_17","GlyGly (K)",-4.70419111410352,0.633972537254186,0.423183600869826,6,"Not significant"
"Unstim / P3C4","HSD17B4","P51659","P51659","DHB4_HUMAN","Peroxisomal multifunctional enzyme type 2","P51659_K614_M1_17","GlyGly (K)",-5.56864819934206,0.633972537254186,0.423660635952211,6,"Not significant"
"Unstim / P3C4","HNRNPA3","P51991","P51991","ROA3_HUMAN","Heterogeneous nuclear ribonucleoprotein A3","P51991_K118_M1_17","GlyGly (K)",-0.945773489802983,0.633972537254186,0.432601348096274,6,"Not significant"
"Unstim / P3C4","PGD","P52209","P52209","6PGD_HUMAN","6-phosphogluconate dehydrogenase, decarboxylating","P52209_K38_M1_17","GlyGly (K)",1.95740606105591,0.633972537254186,0.394565652057075,6,"Not significant"
"Unstim / P3C4","HSPA2","P54652","P54652","HSP72_HUMAN","Heat shock-related 70 kDa protein 2","P54652_K109_M2_17","GlyGly (K)",1.94916169301187,0.633972537254186,0.414510959981185,6,"Not significant"
"Unstim / P3C4","ARPC4","P59998","P59998","ARPC4_HUMAN","Actin-related protein 2/3 complex subunit 4","P59998_K44_M1_17","GlyGly (K)",1.70998187140327,0.633972537254186,0.3413874966127,6,"Not significant"
"Unstim / P3C4","RAB14","P61106","P61106","RAB14_HUMAN","Ras-related protein Rab-14","P61106_K61_M2_17","GlyGly (K)",0.233851376654298,0.633972537254186,0.35750135285967,6,"Not significant"
"Unstim / P3C4","RAB14","P61106","P61106","RAB14_HUMAN","Ras-related protein Rab-14","P61106_K59_M2_17","GlyGly (K)",0.233851376654298,0.633972537254186,0.35750135285967,6,"Not significant"
"Unstim / P3C4","RAB14","P61106","P61106","RAB14_HUMAN","Ras-related protein Rab-14","P61106_K156_M2_17","GlyGly (K)",8.31116898053756,0.633972537254186,0.422916913723482,6,"Not significant"
"Unstim / P3C4","RAB14","P61106","P61106","RAB14_HUMAN","Ras-related protein Rab-14","P61106_K140_M2_17","GlyGly (K)",8.31116898053756,0.633972537254186,0.422916913723482,6,"Not significant"
"Unstim / P3C4","PSME3","P61289","P61289","PSME3_HUMAN","Proteasome activator complex subunit 3","P61289_K123_M2_17","GlyGly (K)",5.24615194843383,0.633972537254186,0.42662561439036,6,"Not significant"
"Unstim / P3C4","PSME3","P61289","P61289","PSME3_HUMAN","Proteasome activator complex subunit 3","P61289_K121_M2_17","GlyGly (K)",5.24615194843383,0.633972537254186,0.42662561439036,6,"Not significant"
"Unstim / P3C4","TMSB4X","P62328","P62328","TYB4_HUMAN","Thymosin beta-4","P62328_K26_M1_17","GlyGly (K)",-0.272299712627887,0.633972537254186,0.341831173064493,6,"Not significant"
"Unstim / P3C4","TMSB4X","P62328","P62328","TYB4_HUMAN","Thymosin beta-4","P62328_K32_M1_17","GlyGly (K)",1.28645617827775,0.633972537254186,0.370558140771656,6,"Not significant"
"Unstim / P3C4","TMSB4X","P62328","P62328","TYB4_HUMAN","Thymosin beta-4","P62328_K32_M2_17","GlyGly (K)",-0.264610208701033,0.633972537254186,0.383653501202127,6,"Not significant"
"Unstim / P3C4","TMSB4X","P62328","P62328","TYB4_HUMAN","Thymosin beta-4","P62328_K26_M2_17","GlyGly (K)",-0.264610208701033,0.633972537254186,0.383653501202127,6,"Not significant"
"Unstim / P3C4","TMSB4X","P62328","P62328","TYB4_HUMAN","Thymosin beta-4","P62328_K15_M1_17","GlyGly (K)",6.19542103677863,0.633972537254186,0.422388868212168,6,"Not significant"
"Unstim / P3C4","CNBP","P62633","P62633","CNBP_HUMAN","CCHC-type zinc finger nucleic acid binding protein","P62633_K103_M1_17","GlyGly (K)",1.37742502554141,0.633972537254186,0.388088377053901,6,"Not significant"
"Unstim / P3C4","RPS6","P62753","P62753","RS6_HUMAN","Small ribosomal subunit protein eS6","P62753_K119_M1_17","GlyGly (K)",0.232008198310461,0.633972537254186,0.310686675180702,6,"Not significant"
"Unstim / P3C4","H4C1","P62805","P62805","H4_HUMAN","Histone H4","P62805_K80_M1_17","GlyGly (K)",-3.43926250813538,0.633972537254186,0.428509418207711,6,"Not significant"
"Unstim / P3C4","RPL30","P62888","P62888","RL30_HUMAN","Large ribosomal subunit protein eL30","P62888_K87_M1_17","GlyGly (K)",-8.79698643458566,0.633972537254186,0.422257767199112,6,"Not significant"
"Unstim / P3C4","RPL38","P63173","P63173","RL38_HUMAN","Large ribosomal subunit protein eL38","P63173_K9_M1_17","GlyGly (K)",-0.154211263816581,0.633972537254186,0.326163277329449,6,"Not significant"
"Unstim / P3C4","ACTC1","P68032","P68032","ACTC_HUMAN","Actin, alpha cardiac muscle 1","P68032_K293_M1_17","GlyGly (K)",5.16683552587608,0.633972537254186,0.423131140043102,6,"Not significant"
"Unstim / P3C4","HNRNPU","Q00839","Q00839","HNRPU_HUMAN","Heterogeneous nuclear ribonucleoprotein U","Q00839_K494_M2_17","GlyGly (K)",-5.54793894127292,0.633972537254186,0.421525557167483,5,"Not significant"
"Unstim / P3C4","HNRNPU","Q00839","Q00839","HNRPU_HUMAN","Heterogeneous nuclear ribonucleoprotein U","Q00839_K436_M1_17","GlyGly (K)",2.78388582482789,0.633972537254186,0.420750060400886,6,"Not significant"
"Unstim / P3C4","DR1","Q01658","Q01658","NC2B_HUMAN","Protein Dr1","Q01658_K103_M1_17","GlyGly (K)",-2.88499362760932,0.633972537254186,0.424614832923427,6,"Not significant"
"Unstim / P3C4","KHDRBS1","Q07666","Q07666","KHDR1_HUMAN","KH domain-containing, RNA-binding, signal transduction-associated protein 1","Q07666_K96_M1_17","GlyGly (K)",-6.70779302966476,0.633972537254186,0.423914662597714,6,"Not significant"
"Unstim / P3C4","NSUN2","Q08J23","Q08J23","NSUN2_HUMAN","RNA cytosine C(5)-methyltransferase NSUN2","Q08J23_K338_M1_17","GlyGly (K)",-0.372798607194431,0.633972537254186,0.356156426696053,6,"Not significant"
"Unstim / P3C4","AHNAK","Q09666","Q09666","AHNK_HUMAN","Neuroblast differentiation-associated protein AHNAK","Q09666_K2578_M1_17","GlyGly (K)",-8.09468173574807,0.633972537254186,0.422992740042122,6,"Not significant"
"Unstim / P3C4","AHNAK","Q09666","Q09666","AHNK_HUMAN","Neuroblast differentiation-associated protein AHNAK","Q09666_K4000_M1_17","GlyGly (K)",-8.09468173574807,0.633972537254186,0.422992740042122,6,"Not significant"
"Unstim / P3C4","AHNAK","Q09666","Q09666","AHNK_HUMAN","Neuroblast differentiation-associated protein AHNAK","Q09666_K4256_M1_17","GlyGly (K)",-8.09468173574807,0.633972537254186,0.422992740042122,6,"Not significant"
"Unstim / P3C4","AHNAK","Q09666","Q09666","AHNK_HUMAN","Neuroblast differentiation-associated protein AHNAK","Q09666_K4458_M1_17","GlyGly (K)",-8.09468173574807,0.633972537254186,0.422992740042122,6,"Not significant"
"Unstim / P3C4","AHNAK","Q09666","Q09666","AHNK_HUMAN","Neuroblast differentiation-associated protein AHNAK","Q09666_K4898_M1_17","GlyGly (K)",-0.720703552763601,0.633972537254186,0.393618512251569,6,"Not significant"
"Unstim / P3C4","FCHO2","Q0JRZ9","Q0JRZ9","FCHO2_HUMAN","F-BAR domain only protein 2","Q0JRZ9_K103_M2_17","GlyGly (K)",-3.49524154150545,0.633972537254186,0.420992600043203,6,"Not significant"
"Unstim / P3C4","FCHO2","Q0JRZ9","Q0JRZ9","FCHO2_HUMAN","F-BAR domain only protein 2","Q0JRZ9_K99_M2_17","GlyGly (K)",-3.49524154150545,0.633972537254186,0.420992600043203,6,"Not significant"
"Unstim / P3C4","APOBR","Q0VD83","Q0VD83","APOBR_HUMAN","Apolipoprotein B receptor","Q0VD83_K933_M1_17","GlyGly (K)",0.291175878264976,0.633972537254186,0.410695093349442,6,"Not significant"
"Unstim / P3C4","TARDBP","Q13148","Q13148","TADBP_HUMAN","TAR DNA-binding protein 43","Q13148_K79_M1_17","GlyGly (K)",-4.14746179020593,0.633972537254186,0.423187054265528,6,"Not significant"
"Unstim / P3C4","FADD","Q13158","Q13158","FADD_HUMAN","FAS-associated death domain protein","Q13158_K110_M1_17","GlyGly (K)",-0.452274388420487,0.633972537254186,0.358671026887747,6,"Not significant"
"Unstim / P3C4","CBX3","Q13185","Q13185","CBX3_HUMAN","Chromobox protein homolog 3","Q13185_K34_M1_17","GlyGly (K)",5.81241650221262,0.633972537254186,0.423547220858726,6,"Not significant"
"Unstim / P3C4","TUBB3","Q13509","Q13509","TBB3_HUMAN","Tubulin beta-3 chain","Q13509_K103_M1_17","GlyGly (K)",-7.22826618827198,0.633972537254186,0.423052762877414,6,"Not significant"
"Unstim / P3C4","NONO","Q15233","Q15233","NONO_HUMAN","Non-POU domain-containing octamer-binding protein","Q15233_K467_M1_17","GlyGly (K)",-5.1876145757428,0.633972537254186,0.424211323677521,6,"Not significant"
"Unstim / P3C4","RAB35","Q15286","Q15286","RAB35_HUMAN","Ras-related protein Rab-35","Q15286_K10_M1_17","GlyGly (K)",-0.352335618672758,0.633972537254186,0.332950317259134,6,"Not significant"
"Unstim / P3C4","MTFR1","Q15390","Q15390","MTFR1_HUMAN","Mitochondrial fission regulator 1","Q15390_K261_M2_17","GlyGly (K)",3.39080461229529,0.633972537254186,0.405106417270098,5,"Not significant"
"Unstim / P3C4","SRSF7","Q16629","Q16629","SRSF7_HUMAN","Serine/arginine-rich splicing factor 7","Q16629_K24_M1_17","GlyGly (K)",5.19765596989361,0.633972537254186,0.319541659709858,6,"Not significant"
"Unstim / P3C4","IMMT","Q16891","Q16891","MIC60_HUMAN","MICOS complex subunit MIC60","Q16891_K110_M1_17","GlyGly (K)",6.95916003132828,0.633972537254186,0.422095956013832,6,"Not significant"
"Unstim / P3C4","TYW1B;TYW1","Q6NUM6;Q9NV66","Q6NUM6;Q9NV66","TYW1B_HUMAN;TYW1_HUMAN","S-adenosyl-L-methionine-dependent tRNA 4-demethylwyosine synthase TYW1B;S-adenosyl-L-methionine-dependent tRNA 4-demethylwyosine synthase TYW1","Q6NUM6_K414_M1_17","GlyGly (K)",-2.66320495353054,0.633972537254186,0.348030419677219,6,"Not significant"
"Unstim / P3C4","TYW1B;TYW1","Q6NUM6;Q9NV66","Q6NUM6;Q9NV66","TYW1B_HUMAN;TYW1_HUMAN","S-adenosyl-L-methionine-dependent tRNA 4-demethylwyosine synthase TYW1B;S-adenosyl-L-methionine-dependent tRNA 4-demethylwyosine synthase TYW1","Q9NV66_K478_M1_17","GlyGly (K)",-2.66320495353054,0.633972537254186,0.348030419677219,6,"Not significant"
"Unstim / P3C4","HM13","Q8TCT9","Q8TCT9","HM13_HUMAN","Minor histocompatibility antigen H13","Q8TCT9_K61_M1_17","GlyGly (K)",1.67097799745019,0.633972537254186,0.34435378190726,6,"Not significant"
"Unstim / P3C4","ATXN2L","Q8WWM7","Q8WWM7","ATX2L_HUMAN","Ataxin-2-like protein","Q8WWM7_K186_M1_17","GlyGly (K)",-0.602544239785195,0.633972537254186,0.420230950532366,6,"Not significant"
"Unstim / P3C4","HDAC2","Q92769","Q92769","HDAC2_HUMAN","Histone deacetylase 2","Q92769_K362_M1_17","GlyGly (K)",-1.4561136210498,0.633972537254186,0.365254392123186,6,"Not significant"
"Unstim / P3C4","INPP5D","Q92835","Q92835","SHIP1_HUMAN","Phosphatidylinositol 3,4,5-trisphosphate 5-phosphatase 1","Q92835_K568_M1_17","GlyGly (K)",-6.00151175771701,0.633972537254186,0.424243557674681,6,"Not significant"
"Unstim / P3C4","PPP1R10","Q96QC0","Q96QC0","PP1RA_HUMAN","Serine/threonine-protein phosphatase 1 regulatory subunit 10","Q96QC0_K458_M1_17","GlyGly (K)",5.10773067250552,0.633972537254186,0.424206261489249,6,"Not significant"
"Unstim / P3C4","PARK7","Q99497","Q99497","PARK7_HUMAN","Parkinson disease protein 7","Q99497_K148_M1_17","GlyGly (K)",4.34444097087266,0.633972537254186,0.417616765710357,6,"Not significant"
"Unstim / P3C4","PLIN2","Q99541","Q99541","PLIN2_HUMAN","Perilipin-2","Q99541_K153_M2_17","GlyGly (K)",-7.3922166371373,0.633972537254186,0.421856046532876,6,"Not significant"
"Unstim / P3C4","PLIN2","Q99541","Q99541","PLIN2_HUMAN","Perilipin-2","Q99541_K151_M2_17","GlyGly (K)",-7.3922166371373,0.633972537254186,0.421856046532876,6,"Not significant"
"Unstim / P3C4","HNRNPAB","Q99729","Q99729","ROAA_HUMAN","Heterogeneous nuclear ribonucleoprotein A/B","Q99729_K169_M1_17","GlyGly (K)",3.99486315331749,0.633972537254186,0.412348681254929,6,"Not significant"
"Unstim / P3C4","DDX50","Q9BQ39","Q9BQ39","DDX50_HUMAN","ATP-dependent RNA helicase DDX50","Q9BQ39_K213_M1_17","GlyGly (K)",-0.477476201242644,0.633972537254186,0.382700649653229,6,"Not significant"
"Unstim / P3C4","TRIM56","Q9BRZ2","Q9BRZ2","TRI56_HUMAN","E3 ubiquitin-protein ligase TRIM56","Q9BRZ2_K98_M1_17","GlyGly (K)",3.32193297364496,0.633972537254186,0.413399848300897,6,"Not significant"
"Unstim / P3C4","POTEKP","Q9BYX7","Q9BYX7","ACTBM_HUMAN","Putative beta-actin-like protein 3","Q9BYX7_K238_M1_17","GlyGly (K)",11.7517945096894,0.633972537254186,0.392829938967728,6,"Not significant"
"Unstim / P3C4","XRN2","Q9H0D6","Q9H0D6","XRN2_HUMAN","5'-3' exoribonuclease 2","Q9H0D6_K533_M1_17","GlyGly (K)",-1.18865955256233,0.633972537254186,0.382174699621229,5,"Not significant"
"Unstim / P3C4","RAB1B","Q9H0U4","Q9H0U4","RAB1B_HUMAN","Ras-related protein Rab-1B","Q9H0U4_K137_M1_17","GlyGly (K)",-0.361710681886356,0.633972537254186,0.34030754714591,6,"Not significant"
"Unstim / P3C4","MOV10","Q9HCE1","Q9HCE1","MOV10_HUMAN","Helicase MOV-10","Q9HCE1_K952_M1_17","GlyGly (K)",0.686015166810137,0.633972537254186,0.361432612580201,6,"Not significant"
"Unstim / P3C4","RTN4","Q9NQC3","Q9NQC3","RTN4_HUMAN","Reticulon-4","Q9NQC3_K58_M1_17","GlyGly (K)",-5.8381303219207,0.633972537254186,0.418616072176974,6,"Not significant"
"Unstim / P3C4","ECHDC1","Q9NTX5","Q9NTX5","ECHD1_HUMAN","Ethylmalonyl-CoA decarboxylase","Q9NTX5_K301_M1_17","GlyGly (K)",0.381900945570637,0.633972537254186,0.336991185312938,6,"Not significant"
"Unstim / P3C4","CTTNBP2NL","Q9P2B4","Q9P2B4","CT2NL_HUMAN","CTTNBP2 N-terminal-like protein","Q9P2B4_K8_M1_17","GlyGly (K)",4.82659224464288,0.633972537254186,0.421576117564896,6,"Not significant"
"Unstim / P3C4","NUDC","Q9Y266","Q9Y266","NUDC_HUMAN","Nuclear migration protein nudC","Q9Y266_K275_M1_17","GlyGly (K)",0.221187845542705,0.633972537254186,0.415868371754812,6,"Not significant"
"Unstim / P3C4","HYOU1","Q9Y4L1","Q9Y4L1","HYOU1_HUMAN","Hypoxia up-regulated protein 1","Q9Y4L1_K774_M1_17","GlyGly (K)",-0.415021847544484,0.633972537254186,0.396203273741556,5,"Not significant"
"Unstim / P3C4","CD2AP","Q9Y5K6","Q9Y5K6","CD2AP_HUMAN","CD2-associated protein","Q9Y5K6_K557_M1_17","GlyGly (K)",5.03022174731977,0.633972537254186,0.42257961710186,6,"Not significant"
"Unstim / P3C4","LRRFIP2","Q9Y608","Q9Y608","LRRF2_HUMAN","Leucine-rich repeat flightless-interacting protein 2","Q9Y608_K577_M1_17","GlyGly (K)",-4.56217844481809,0.633972537254186,0.417911833897627,6,"Not significant"
"Unstim / P3C4","SQOR","Q9Y6N5","Q9Y6N5","SQOR_HUMAN","Sulfide:quinone oxidoreductase, mitochondrial","Q9Y6N5_K280_M1_17","GlyGly (K)",-5.79427875717803,0.633972537254186,0.419777466500569,6,"Not significant"
"Unstim / P3C4","HSPA4","P34932","P34932","HSP74_HUMAN","Heat shock 70 kDa protein 4","P34932_K219_M2_17","GlyGly (K)",-0.745061330790952,0.633972537254186,0.319750198114049,5,"Not significant"
"Unstim / P3C4","STX3","Q13277","Q13277","STX3_HUMAN","Syntaxin-3","Q13277_K58_M2_17","GlyGly (K)",-6.85182898886866,0.633972537254186,0.423024321248711,5,"Not significant"
"Unstim / P3C4","HYPK","Q9NX55","Q9NX55","HYPK_HUMAN","Huntingtin-interacting protein K","Q9NX55_K83_M2_17","GlyGly (K)",-6.12724389649085,0.633972537254186,0.423850369253279,6,"Not significant"
"Unstim / P3C4","TGM2","P21980","P21980","TGM2_HUMAN","Protein-glutamine gamma-glutamyltransferase 2","P21980_K527_M1_17","GlyGly (K)",-0.281310204414418,0.633999857280485,0.435813770570866,6,"Not significant"
"Unstim / P3C4","PSMC2","P35998","P35998","PRS7_HUMAN","26S proteasome regulatory subunit 7","P35998_K66_M1_17","GlyGly (K)",-0.575315642890216,0.634344227242867,0.439530645723092,6,"Not significant"
"Unstim / P3C4","RPS27A","P62979","P62979","RS27A_HUMAN","Ubiquitin-ribosomal protein eS31 fusion protein","P62979_K11_M1_17","GlyGly (K)",0.324145334212903,0.634871495767382,0.442741666398749,6,"Not significant"
"Unstim / P3C4","ADAM10","O14672","O14672","ADA10_HUMAN","Disintegrin and metalloproteinase domain-containing protein 10","O14672_K591_M2_17","GlyGly (K)",-2.18258274648714,0.635094676481475,0.44418976953934,6,"Not significant"
"Unstim / P3C4","ADAM10","O14672","O14672","ADA10_HUMAN","Disintegrin and metalloproteinase domain-containing protein 10","O14672_K588_M2_17","GlyGly (K)",-2.18258274648714,0.635094676481475,0.44418976953934,6,"Not significant"
"Unstim / P3C4","MTF1","Q14872","Q14872","MTF1_HUMAN","Metal regulatory transcription factor 1","Q14872_K627_M1_17","GlyGly (K)",2.30572370813394,0.635231614505837,0.444728972917738,6,"Not significant"
"Unstim / P3C4","HLA-F","P30511","P30511","HLAF_HUMAN","HLA class I histocompatibility antigen, alpha chain F","P30511_K142_M1_17","GlyGly (K)",2.47541996579069,0.635275328890122,0.445035155389404,6,"Not significant"
"Unstim / P3C4","KRT2","Cont_P35908;P35908","Cont_P35908;P35908","K22E_HUMAN","Keratin, type II cytoskeletal 2 epidermal;Keratin, type II cytoskeletal 2 epidermal","Cont_P35908_K267_M1_17","GlyGly (K)",3.74901643723126,0.635643934293944,0.446665252416145,6,"Not significant"
"Unstim / P3C4","KRT2","Cont_P35908;P35908","Cont_P35908;P35908","K22E_HUMAN","Keratin, type II cytoskeletal 2 epidermal;Keratin, type II cytoskeletal 2 epidermal","P35908_K267_M1_17","GlyGly (K)",3.74901643723126,0.635643934293944,0.446665252416145,6,"Not significant"
"Unstim / P3C4","ITGB1","P05556","P05556","ITB1_HUMAN","Integrin beta-1","P05556_K190_M1_17","GlyGly (K)",-1.19046329480085,0.635870966259296,0.447477785581437,6,"Not significant"
"Unstim / P3C4","RPL14","P50914","P50914","RL14_HUMAN","Large ribosomal subunit protein eL14","P50914_K23_M1_17","GlyGly (K)",2.56290835219201,0.636133534038116,0.448550980904509,6,"Not significant"
"Unstim / P3C4","KRT73","Cont_Q86Y46;Q86Y46","Cont_Q86Y46;Q86Y46","K2C73_HUMAN","Keratin, type II cytoskeletal 73;Keratin, type II cytoskeletal 73","Cont_Q86Y46_K137_M2_17","GlyGly (K)",2.00939313264188,0.636532023850932,0.450503098711418,6,"Not significant"
"Unstim / P3C4","KRT73","Cont_Q86Y46;Q86Y46","Cont_Q86Y46;Q86Y46","K2C73_HUMAN","Keratin, type II cytoskeletal 73;Keratin, type II cytoskeletal 73","Q86Y46_K137_M2_17","GlyGly (K)",2.00939313264188,0.636532023850932,0.450503098711418,6,"Not significant"
"Unstim / P3C4","ACTN1","P12814","P12814","ACTN1_HUMAN","Alpha-actinin-1","P12814_K649_M1_17","GlyGly (K)",1.19995465651109,0.636717246317457,0.45121797460301,6,"Not significant"
"Unstim / P3C4","ALDOA","P04075","P04075","ALDOA_HUMAN","Fructose-bisphosphate aldolase A","P04075_K153_M1_17","GlyGly (K)",-0.506438789016653,0.637323473537119,0.453429735088813,6,"Not significant"
"Unstim / P3C4","PTGES3","Q15185","Q15185","TEBP_HUMAN","Prostaglandin E synthase 3","Q15185_K67_M2_17","GlyGly (K)",-0.172085361041852,0.637415688468282,0.453938090070673,6,"Not significant"
"Unstim / P3C4","PTGES3","Q15185","Q15185","TEBP_HUMAN","Prostaglandin E synthase 3","Q15185_K65_M2_17","GlyGly (K)",-0.172085361041852,0.637415688468282,0.453938090070673,6,"Not significant"
"Unstim / P3C4","ATP1A1","P05023","P05023","AT1A1_HUMAN","Sodium/potassium-transporting ATPase subunit alpha-1","P05023_K177_M1_17","GlyGly (K)",3.53973298513176,0.637838593468519,0.455661368426417,6,"Not significant"
"Unstim / P3C4","AIDA","Q96BJ3","Q96BJ3","AIDA_HUMAN","Axin interactor, dorsalization-associated protein","Q96BJ3_K106_M1_17","GlyGly (K)",0.667303611996303,0.637922516906915,0.456029880567629,6,"Not significant"
"Unstim / P3C4","LMNA","P02545","P02545","LMNA_HUMAN","Prelamin-A/C","P02545_K201_M1_17","GlyGly (K)",1.93625372171463,0.638378241145029,0.457693539178171,6,"Not significant"
"Unstim / P3C4","MDH2","P40926","P40926","MDHM_HUMAN","Malate dehydrogenase, mitochondrial","P40926_K241_M2_17","GlyGly (K)",0.386297359163382,0.639112909076715,0.460426517106499,4,"Not significant"
"Unstim / P3C4","RAB11B","Q15907","Q15907","RB11B_HUMAN","Ras-related protein Rab-11B","Q15907_K41_M1_17","GlyGly (K)",0.223742074839487,0.639595313696065,0.461931111389334,6,"Not significant"
"Unstim / P3C4","EEA1","Q15075","Q15075","EEA1_HUMAN","Early endosome antigen 1","Q15075_K1055_M1_17","GlyGly (K)",1.00561615367217,0.640188727462349,0.464459475974524,6,"Not significant"
"Unstim / P3C4","DYNLRB1","Q9NP97","Q9NP97","DLRB1_HUMAN","Dynein light chain roadblock-type 1","Q9NP97_K75_M1_17","GlyGly (K)",-0.745330954385623,0.640336928363105,0.465071671172591,5,"Not significant"
"Unstim / P3C4","ACSL1","P33121","P33121","ACSL1_HUMAN","Long-chain-fatty-acid--CoA ligase 1","P33121_K386_M1_17","GlyGly (K)",-1.29384538946364,0.640366848387756,0.465195739905219,6,"Not significant"
"Unstim / P3C4","CLIC4","Q9Y696","Q9Y696","CLIC4_HUMAN","Chloride intracellular channel protein 4","Q9Y696_K238_M1_17","GlyGly (K)",-0.240676474794435,0.640560149026536,0.465752824463194,6,"Not significant"
"Unstim / P3C4","COPG1","Q9Y678","Q9Y678","COPG1_HUMAN","Coatomer subunit gamma-1","Q9Y678_K497_M1_17","GlyGly (K)",0.596994243323826,0.640682072419654,0.466202931884043,6,"Not significant"
"Unstim / P3C4","CFL1","P23528","P23528","COF1_HUMAN","Cofilin-1","P23528_K96_M2_17","GlyGly (K)",5.79044033233791,0.641853591150683,0.470161182770579,4,"Not significant"
"Unstim / P3C4","SOD2","P04179","P04179","SODM_HUMAN","Superoxide dismutase [Mn], mitochondrial","P04179_K75_M1_17","GlyGly (K)",2.53725553018219,0.642195035443458,0.471360199030325,6,"Not significant"
"Unstim / P3C4","P4HB","P07237","P07237","PDIA1_HUMAN","Protein disulfide-isomerase","P07237_K285_M2_17","GlyGly (K)",0.207114043999709,0.642837279001856,0.473408819719858,6,"Not significant"
"Unstim / P3C4","P4HB","P07237","P07237","PDIA1_HUMAN","Protein disulfide-isomerase","P07237_K283_M2_17","GlyGly (K)",0.207114043999709,0.642837279001856,0.473408819719858,6,"Not significant"
"Unstim / P3C4","HSPA1A;HSPA1B","P0DMV8;P0DMV9","P0DMV8;P0DMV9","HS71A_HUMAN;HS71B_HUMAN","Heat shock 70 kDa protein 1A;Heat shock 70 kDa protein 1B","P0DMV8_K25_M1_17","GlyGly (K)",-1.1904342255911,0.642838580119309,0.473420329027614,6,"Not significant"
"Unstim / P3C4","HSPA1A;HSPA1B","P0DMV8;P0DMV9","P0DMV8;P0DMV9","HS71A_HUMAN;HS71B_HUMAN","Heat shock 70 kDa protein 1A;Heat shock 70 kDa protein 1B","P0DMV9_K25_M1_17","GlyGly (K)",-1.1904342255911,0.642838580119309,0.473420329027614,6,"Not significant"
"Unstim / P3C4","MACROH2A1","O75367","O75367","H2AY_HUMAN","Core histone macro-H2A.1","O75367_K18_M1_17","GlyGly (K)",-0.323461391545461,0.642998569006846,0.47393363388602,6,"Not significant"
"Unstim / P3C4","VIM","P08670","P08670","VIME_HUMAN","Vimentin","P08670_K104_M1_17","GlyGly (K)",-0.504260994339004,0.643046294223213,0.474105832187602,6,"Not significant"
"Unstim / P3C4","CANX","P27824","P27824","CALX_HUMAN","Calnexin","P27824_K398_M1_17","GlyGly (K)",-0.968128076829451,0.643450892482165,0.475260267838358,6,"Not significant"
"Unstim / P3C4","LAMTOR5","O43504","O43504","LTOR5_HUMAN","Ragulator complex protein LAMTOR5","O43504_K14_M1_17","GlyGly (K)",-0.304435703629898,0.643496849804602,0.475472126959345,6,"Not significant"
"Unstim / P3C4","NANS","Q9NR45","Q9NR45","SIAS_HUMAN","Sialic acid synthase","Q9NR45_K246_M2_17","GlyGly (K)",0.423911862484706,0.643970025360041,0.47687344032782,4,"Not significant"
"Unstim / P3C4","LMNA","P02545","P02545","LMNA_HUMAN","Prelamin-A/C","P02545_K144_M1_17","GlyGly (K)",-0.208976872488765,0.64412136701081,0.477419923711543,6,"Not significant"
"Unstim / P3C4","ALB","Cont_P02769","Cont_P02769","ALBU_BOVIN","Albumin","Cont_P02769_K587_M1_17","GlyGly (K)",4.24418148871291,0.644696789200346,0.493213607444544,5,"Not significant"
"Unstim / P3C4","EEF1A1","Cont_P68103;P68104","Cont_P68103;P68104","EF1A1_BOVIN;EF1A1_HUMAN","Elongation factor 1-alpha 1","Cont_P68103_K100_M1_17","GlyGly (K)",-0.247499447509169,0.644696789200346,0.493133952055757,6,"Not significant"
"Unstim / P3C4","EEF1A1","Cont_P68103;P68104","Cont_P68103;P68104","EF1A1_BOVIN;EF1A1_HUMAN","Elongation factor 1-alpha 1","P68104_K100_M1_17","GlyGly (K)",-0.247499447509169,0.644696789200346,0.493133952055757,6,"Not significant"
"Unstim / P3C4","PPP1R12A","O14974","O14974","MYPT1_HUMAN","Protein phosphatase 1 regulatory subunit 12A","O14974_K945_M1_17","GlyGly (K)",-0.354805934037854,0.644696789200346,0.502921254218279,6,"Not significant"
"Unstim / P3C4","DNAJC13","O75165","O75165","DJC13_HUMAN","DnaJ homolog subfamily C member 13","O75165_K599_M1_17","GlyGly (K)",-0.974108027398648,0.644696789200346,0.487879501040904,6,"Not significant"
"Unstim / P3C4","ANXA1","P04083","P04083","ANXA1_HUMAN","Annexin A1","P04083_K53_M1_17","GlyGly (K)",0.879730369710042,0.644696789200346,0.49389426123772,6,"Not significant"
"Unstim / P3C4","PFN1","P07737","P07737","PROF1_HUMAN","Profilin-1","P07737_K116_M1_17","GlyGly (K)",-0.231686276852123,0.644696789200346,0.492745988556989,6,"Not significant"
"Unstim / P3C4","HSPA1A;HSPA1B","P0DMV8;P0DMV9","P0DMV8;P0DMV9","HS71A_HUMAN;HS71B_HUMAN","Heat shock 70 kDa protein 1A;Heat shock 70 kDa protein 1B","P0DMV8_K573_M1_17","GlyGly (K)",-1.03993167691038,0.644696789200346,0.48984379402514,6,"Not significant"
"Unstim / P3C4","HSPA1A;HSPA1B","P0DMV8;P0DMV9","P0DMV8;P0DMV9","HS71A_HUMAN;HS71B_HUMAN","Heat shock 70 kDa protein 1A;Heat shock 70 kDa protein 1B","P0DMV9_K573_M1_17","GlyGly (K)",-1.03993167691038,0.644696789200346,0.48984379402514,6,"Not significant"
"Unstim / P3C4","RPS2","P15880","P15880","RS2_HUMAN","Small ribosomal subunit protein uS5","P15880_K246_M2_17","GlyGly (K)",0.20482874895454,0.644696789200346,0.4908096289585,5,"Not significant"
"Unstim / P3C4","ATP2A2","P16615","P16615","AT2A2_HUMAN","Sarcoplasmic/endoplasmic reticulum calcium ATPase 2","P16615_K7_M1_17","GlyGly (K)",-5.07773295223924,0.644696789200346,0.49771844760474,4,"Not significant"
"Unstim / P3C4","PGAM1","P18669","P18669","PGAM1_HUMAN","Phosphoglycerate mutase 1","P18669_K138_M1_17","GlyGly (K)",1.49664835350562,0.644696789200346,0.483026532423032,6,"Not significant"
"Unstim / P3C4","CAP2","P40123","P40123","CAP2_HUMAN","Adenylyl cyclase-associated protein 2","P40123_K320_M2_17","GlyGly (K)",8.82075597800769,0.644696789200346,0.484072771604758,4,"Not significant"
"Unstim / P3C4","GLIPR1","P48060","P48060","GLIP1_HUMAN","Glioma pathogenesis-related protein 1","P48060_K200_M1_17","GlyGly (K)",0.242709096378202,0.644696789200346,0.495242349351895,6,"Not significant"
"Unstim / P3C4","BASP1","P80723","P80723","BASP1_HUMAN","Brain acid soluble protein 1","P80723_K97_M2_17","GlyGly (K)",-2.65204062010486,0.644696789200346,0.482615529159995,5,"Not significant"
"Unstim / P3C4","CAP1","Q01518","Q01518","CAP1_HUMAN","Adenylyl cyclase-associated protein 1","Q01518_K155_M1_17","GlyGly (K)",1.24312620430842,0.644696789200346,0.493690245799016,6,"Not significant"
"Unstim / P3C4","LRRFIP1","Q32MZ4","Q32MZ4","LRRF1_HUMAN","Leucine-rich repeat flightless-interacting protein 1","Q32MZ4_K580_M2_17","GlyGly (K)",-0.289874551068228,0.644696789200346,0.496686228362345,6,"Not significant"
"Unstim / P3C4","LRRFIP1","Q32MZ4","Q32MZ4","LRRF1_HUMAN","Leucine-rich repeat flightless-interacting protein 1","Q32MZ4_K579_M2_17","GlyGly (K)",-0.289874551068228,0.644696789200346,0.496686228362345,6,"Not significant"
"Unstim / P3C4","POTEKP","Q9BYX7","Q9BYX7","ACTBM_HUMAN","Putative beta-actin-like protein 3","Q9BYX7_K68_M1_17","GlyGly (K)",-0.598242734217618,0.644696789200346,0.482625861059825,6,"Not significant"
"Unstim / P3C4","MLLT1","Q03111","Q03111","ENL_HUMAN","Protein ENL","Q03111_K269_M1_17","GlyGly (K)",12.2408979860452,0.644696789200346,0.499968207352564,4,"Not significant"
"Unstim / P3C4","HSPA1L","P34931","P34931","HS71L_HUMAN","Heat shock 70 kDa protein 1-like","P34931_K110_M2_17","GlyGly (K)",-0.683440614775324,0.644696789200346,0.492674610155928,4,"Not significant"
"Unstim / P3C4","ERLIN2","O94905","O94905","ERLN2_HUMAN","Erlin-2","O94905_K273_M2_17","GlyGly (K)",-7.56190960294136,0.644696789200346,0.500683355472381,4,"Not significant"
"Unstim / P3C4","UGGT1","Q9NYU2","Q9NYU2","UGGG1_HUMAN","UDP-glucose:glycoprotein glucosyltransferase 1","Q9NYU2_K319_M1_17","GlyGly (K)",0.149793815014093,0.645895964749174,0.510075948102102,6,"Not significant"
"Unstim / P3C4","PRKDC","P78527","P78527","PRKDC_HUMAN","DNA-dependent protein kinase catalytic subunit","P78527_K4070_M1_17","GlyGly (K)",0.155757130365228,0.646101504636722,0.510698921289842,6,"Not significant"
"Unstim / P3C4","CAMK2D","Q13557","Q13557","KCC2D_HUMAN","Calcium/calmodulin-dependent protein kinase type II subunit delta","Q13557_K22_M1_17","GlyGly (K)",-0.274477187409961,0.647156280214081,0.514584549471343,6,"Not significant"
"Unstim / P3C4","HSPE1","P61604","P61604","CH10_HUMAN","10 kDa heat shock protein, mitochondrial","P61604_K80_M1_17","GlyGly (K)",-1.02450332802473,0.647426078647441,0.515727893566005,6,"Not significant"
"Unstim / P3C4","DHRS9","Q9BPW9","Q9BPW9","DHRS9_HUMAN","Dehydrogenase/reductase SDR family member 9","Q9BPW9_K180_M1_17","GlyGly (K)",0.979985306505416,0.647488055675783,0.51605893270087,6,"Not significant"
"Unstim / P3C4","ACAT2","Q9BWD1","Q9BWD1","THIC_HUMAN","Acetyl-CoA acetyltransferase, cytosolic","Q9BWD1_K200_M1_17","GlyGly (K)",-0.196783365232487,0.647947101041308,0.517669152428904,6,"Not significant"
"Unstim / P3C4","HSPD1","P10809","P10809","CH60_HUMAN","60 kDa heat shock protein, mitochondrial","P10809_K180_M1_17","GlyGly (K)",0.435600188066089,0.648218739828758,0.518636491699355,6,"Not significant"
"Unstim / P3C4","KIF5B","P33176","P33176","KINH_HUMAN","Kinesin-1 heavy chain","P33176_K402_M2_17","GlyGly (K)",2.11364232003209,0.648260962262983,0.518818624923495,4,"Not significant"
"Unstim / P3C4","AHNAK","Q09666","Q09666","AHNK_HUMAN","Neuroblast differentiation-associated protein AHNAK","Q09666_K3157_M2_17","GlyGly (K)",-0.949709859587704,0.648391848425233,0.519185588886602,5,"Not significant"
"Unstim / P3C4","AHNAK","Q09666","Q09666","AHNK_HUMAN","Neuroblast differentiation-associated protein AHNAK","Q09666_K3939_M2_17","GlyGly (K)",-0.949709859587704,0.648391848425233,0.519185588886602,5,"Not significant"
"Unstim / P3C4","SOD2","P04179","P04179","SODM_HUMAN","Superoxide dismutase [Mn], mitochondrial","P04179_K68_M1_17","GlyGly (K)",-0.913838805051376,0.649497079178296,0.522880507514574,6,"Not significant"
"Unstim / P3C4","AQR","O60306","O60306","AQR_HUMAN","RNA helicase aquarius","O60306_K44_M1_17","GlyGly (K)",-0.278571059147516,0.649730469790597,0.523799508147229,6,"Not significant"
"Unstim / P3C4","ANXA6","P08133","P08133","ANXA6_HUMAN","Annexin A6","P08133_K483_M2_17","GlyGly (K)",-0.26891836062808,0.6499414791176,0.524583224408224,5,"Not significant"
"Unstim / P3C4","CALR","P27797","P27797","CALR_HUMAN","Calreticulin","P27797_K164_M1_17","GlyGly (K)",-0.356429807508314,0.650047038776334,0.524862889985691,6,"Not significant"
"Unstim / P3C4","HSPD1","P10809","P10809","CH60_HUMAN","60 kDa heat shock protein, mitochondrial","P10809_K314_M1_17","GlyGly (K)",-0.121951899256603,0.650319428428612,0.525655242322897,6,"Not significant"
"Unstim / P3C4","HP1BP3","Q5SSJ5","Q5SSJ5","HP1B3_HUMAN","Heterochromatin protein 1-binding protein 3","Q5SSJ5_K334_M1_17","GlyGly (K)",1.03602530134285,0.650591103753917,0.526261624809244,6,"Not significant"
"Unstim / P3C4","ARHGDIA","P52565","P52565","GDIR1_HUMAN","Rho GDP-dissociation inhibitor 1","P52565_K167_M1_17","GlyGly (K)",-0.479697864135404,0.651198524715692,0.528030742529531,6,"Not significant"
"Unstim / P3C4","CHMP4B","Q9H444","Q9H444","CHM4B_HUMAN","Charged multivesicular body protein 4b","Q9H444_K77_M1_17","GlyGly (K)",0.766805778590793,0.652163760505866,0.530766942190267,6,"Not significant"
"Unstim / P3C4","NRDC","O43847","O43847","NRDC_HUMAN","Nardilysin","O43847_K623_M1_17","GlyGly (K)",0.344881149527339,0.652631513890846,0.532113751080197,5,"Not significant"
"Unstim / P3C4","EEA1","Q15075","Q15075","EEA1_HUMAN","Early endosome antigen 1","Q15075_K813_M1_17","GlyGly (K)",0.93737425850582,0.652970375088067,0.533000417465455,6,"Not significant"
"Unstim / P3C4","PIPSL","A2A3N6","A2A3N6","PIPSL_HUMAN","Putative PIP5K1A and PSMD4-like protein","A2A3N6_K637_M1_17","GlyGly (K)",-0.394181292275942,0.653680095525891,0.53531517412039,4,"Not significant"
"Unstim / P3C4","LIMA1","Q9UHB6","Q9UHB6","LIMA1_HUMAN","LIM domain and actin-binding protein 1","Q9UHB6_K250_M1_17","GlyGly (K)",-0.241618612351734,0.654195746584199,0.536885910598918,6,"Not significant"
"Unstim / P3C4","RPS27A","P62979","P62979","RS27A_HUMAN","Ubiquitin-ribosomal protein eS31 fusion protein","P62979_K48_M1_17","GlyGly (K)",0.22948094793421,0.655577738475527,0.541237307929314,6,"Not significant"
"Unstim / P3C4","HNRNPD","Q14103","Q14103","HNRPD_HUMAN","Heterogeneous nuclear ribonucleoprotein D0","Q14103_K218_M1_17","GlyGly (K)",1.34715540450702,0.655941303006812,0.542157568330658,6,"Not significant"
"Unstim / P3C4","SRPRA","P08240","P08240","SRPRA_HUMAN","Signal recognition particle receptor subunit alpha","P08240_K206_M1_17","GlyGly (K)",-1.82251409463534,0.657086705197216,0.545469309098234,6,"Not significant"
"Unstim / P3C4","CSTB","P04080","P04080","CYTB_HUMAN","Cystatin-B","P04080_K39_M1_17","GlyGly (K)",-0.218696648620286,0.657289015382891,0.54596864446631,4,"Not significant"
"Unstim / P3C4","SYMPK","Q92797","Q92797","SYMPK_HUMAN","Symplekin","Q92797_K1109_M1_17","GlyGly (K)",-0.280635063207342,0.657801852476401,0.547668954744903,6,"Not significant"
"Unstim / P3C4","MYO18A","Q92614","Q92614","MY18A_HUMAN","Unconventional myosin-XVIIIa","Q92614_K1662_M1_17","GlyGly (K)",1.24930998265404,0.65786746525866,0.547819202815078,6,"Not significant"
"Unstim / P3C4","ATP5F1C","P36542","P36542","ATPG_HUMAN","ATP synthase subunit gamma, mitochondrial","P36542_K115_M1_17","GlyGly (K)",1.46036958452416,0.659103128811546,0.551670194980353,6,"Not significant"
"Unstim / P3C4","MTRR","Q9UBK8","Q9UBK8","MTRR_HUMAN","Methionine synthase reductase","Q9UBK8_K71_M2_17","GlyGly (K)",0.128275910621116,0.659806366896936,0.553815431366619,4,"Not significant"
"Unstim / P3C4","ATG16L1","Q676U5","Q676U5","A16L1_HUMAN","Autophagy-related protein 16-1","Q676U5_K266_M1_17","GlyGly (K)",1.72695182065429,0.66084758646089,0.556791270333096,6,"Not significant"
"Unstim / P3C4","SRRT","Q9BXP5","Q9BXP5","SRRT_HUMAN","Serrate RNA effector molecule homolog","Q9BXP5_K391_M1_17","GlyGly (K)",0.455372459776544,0.66189148183244,0.560009498815485,6,"Not significant"
"Unstim / P3C4","ANXA5","P08758","P08758","ANXA5_HUMAN","Annexin A5","P08758_K70_M1_17","GlyGly (K)",-0.622754391085147,0.662250579223478,0.561071662295504,6,"Not significant"
"Unstim / P3C4","ACTR3","P61158","P61158","ARP3_HUMAN","Actin-related protein 3","P61158_K69_M2_17","GlyGly (K)",-0.373058947276422,0.663295508098271,0.564263850380796,4,"Not significant"
"Unstim / P3C4","GLUD1","P00367","P00367","DHE3_HUMAN","Glutamate dehydrogenase 1, mitochondrial","P00367_K171_M1_17","GlyGly (K)",1.64781828528695,0.665833619713775,0.571918876041353,6,"Not significant"
"Unstim / P3C4","ZFC3H1","O60293","O60293","ZC3H1_HUMAN","Zinc finger C3H1 domain-containing protein","O60293_K687_M1_17","GlyGly (K)",0.0993428006234369,0.666133335602605,0.572829982348246,6,"Not significant"
"Unstim / P3C4","GAPDH","P04406","P04406","G3P_HUMAN","Glyceraldehyde-3-phosphate dehydrogenase","P04406_K3_M2_17","GlyGly (K)",0.433953124215704,0.666283749106221,0.573279740454996,4,"Not significant"
"Unstim / P3C4","DNAJB11","Q9UBS4","Q9UBS4","DJB11_HUMAN","DnaJ homolog subfamily B member 11","Q9UBS4_K328_M1_17","GlyGly (K)",0.283310052521185,0.666725269969396,0.5747184437042,6,"Not significant"
"Unstim / P3C4","ZNF326","Q5BKZ1","Q5BKZ1","ZN326_HUMAN","DBIRD complex subunit ZNF326","Q5BKZ1_K442_M1_17","GlyGly (K)",0.288741563414158,0.666828182405603,0.575105059845711,6,"Not significant"
"Unstim / P3C4","DNAJB11","Q9UBS4","Q9UBS4","DJB11_HUMAN","DnaJ homolog subfamily B member 11","Q9UBS4_K66_M1_17","GlyGly (K)",0.791405403962556,0.667869021199998,0.578114361020682,6,"Not significant"
"Unstim / P3C4","CAPG","P40121","P40121","CAPG_HUMAN","Macrophage-capping protein","P40121_K253_M1_17","GlyGly (K)",-0.348927429794355,0.668066299600319,0.578753600852636,6,"Not significant"
"Unstim / P3C4","CAP1","Q01518","Q01518","CAP1_HUMAN","Adenylyl cyclase-associated protein 1","Q01518_K100_M1_17","GlyGly (K)",-1.49412502064008,0.668216847791852,0.579222829310887,6,"Not significant"
"Unstim / P3C4","RPL27","P61353","P61353","RL27_HUMAN","Large ribosomal subunit protein eL27","P61353_K69_M2_17","GlyGly (K)",-0.54368693878061,0.668722209589144,0.581135410417942,4,"Not significant"
"Unstim / P3C4","PGD","P52209","P52209","6PGD_HUMAN","6-phosphogluconate dehydrogenase, decarboxylating","P52209_K119_M2_17","GlyGly (K)",-0.171656115442388,0.669629887920993,0.583807018825964,6,"Not significant"
"Unstim / P3C4","PGD","P52209","P52209","6PGD_HUMAN","6-phosphogluconate dehydrogenase, decarboxylating","P52209_K117_M2_17","GlyGly (K)",-0.171656115442388,0.669629887920993,0.583807018825964,6,"Not significant"
"Unstim / P3C4","LRRC8B","Q6P9F7","Q6P9F7","LRC8B_HUMAN","Volume-regulated anion channel subunit LRRC8B","Q6P9F7_K588_M1_17","GlyGly (K)",-0.116648185126102,0.671489232846795,0.589462544579892,6,"Not significant"
"Unstim / P3C4","HSPA5","P11021","P11021","BIP_HUMAN","Endoplasmic reticulum chaperone BiP","P11021_K81_M1_17","GlyGly (K)",-0.452037994904037,0.671810368471752,0.590491358926618,6,"Not significant"
"Unstim / P3C4","PDIA3","P30101","P30101","PDIA3_HUMAN","Protein disulfide-isomerase A3","P30101_K61_M1_17","GlyGly (K)",0.292723811768868,0.672416269876518,0.59238852198405,6,"Not significant"
"Unstim / P3C4","SUMO3","P55854","P55854","SUMO3_HUMAN","Small ubiquitin-related modifier 3","P55854_K20_M1_17","GlyGly (K)",-1.49431233562658,0.672839227026562,0.59363834611545,6,"Not significant"
"Unstim / P3C4","PDIA6","Q15084","Q15084","PDIA6_HUMAN","Protein disulfide-isomerase A6","Q15084_K373_M1_17","GlyGly (K)",-0.155821541877219,0.673530156093271,0.595771762794574,6,"Not significant"
"Unstim / P3C4","MYO1E","Q12965","Q12965","MYO1E_HUMAN","Unconventional myosin-Ie","Q12965_K679_M1_17","GlyGly (K)",0.27034955985997,0.673625204257632,0.596063411357858,6,"Not significant"
"Unstim / P3C4","UGGT1","Q9NYU2","Q9NYU2","UGGG1_HUMAN","UDP-glucose:glycoprotein glucosyltransferase 1","Q9NYU2_K930_M1_17","GlyGly (K)",0.321016642818717,0.673627768024668,0.596077854375066,6,"Not significant"
"Unstim / P3C4","RNH1","P13489","P13489","RINI_HUMAN","Ribonuclease inhibitor","P13489_K287_M1_17","GlyGly (K)",0.145118271446893,0.674314912176778,0.598217042069339,6,"Not significant"
"Unstim / P3C4","RAB44","Q7Z6P3","Q7Z6P3","RAB44_HUMAN","Ras-related protein Rab-44","Q7Z6P3_K880_M1_17","GlyGly (K)",0.165331099588037,0.675574691017687,0.60170299125643,6,"Not significant"
"Unstim / P3C4","ACTN4","O43707","O43707","ACTN4_HUMAN","Alpha-actinin-4","O43707_K233_M1_17","GlyGly (K)",-0.196540492064142,0.676085446103869,0.603176634739736,6,"Not significant"
"Unstim / P3C4","RNASE2","P10153","P10153","RNAS2_HUMAN","Non-secretory ribonuclease","P10153_K93_M1_17","GlyGly (K)",1.14053611656458,0.676759504194722,0.605070263100997,6,"Not significant"
"Unstim / P3C4","MYO1E","Q12965","Q12965","MYO1E_HUMAN","Unconventional myosin-Ie","Q12965_K883_M2_17","GlyGly (K)",0.235959149069949,0.678209100699303,0.609639326362337,6,"Not significant"
"Unstim / P3C4","MYO1E","Q12965","Q12965","MYO1E_HUMAN","Unconventional myosin-Ie","Q12965_K882_M2_17","GlyGly (K)",0.235959149069949,0.678209100699303,0.609639326362337,6,"Not significant"
"Unstim / P3C4","PRSS1","P07477","P07477","TRY1_HUMAN","Serine protease 1","P07477_K102_M1_17","GlyGly (K)",0.371177202903988,0.679639505592988,0.614002785377519,6,"Not significant"
"Unstim / P3C4","PKM","P14618","P14618","KPYM_HUMAN","Pyruvate kinase PKM","P14618_K322_M1_17","GlyGly (K)",0.30001332463779,0.679927332301307,0.614837292665853,6,"Not significant"
"Unstim / P3C4","ANXA2","P07355","P07355","ANXA2_HUMAN","Annexin A2","P07355_K49_M1_17","GlyGly (K)",1.65189015398772,0.680302836434999,0.615919449083047,5,"Not significant"
"Unstim / P3C4","ACTB","Cont_P60712;P60709","Cont_P60712;P60709","ACTB_BOVIN;ACTB_HUMAN","Actin, cytoplasmic 1;Actin, cytoplasmic 1","Cont_P60712_K284_M1_17","GlyGly (K)",0.156932794819814,0.68245181713417,0.622360230898071,6,"Not significant"
"Unstim / P3C4","ACTB","Cont_P60712;P60709","Cont_P60712;P60709","ACTB_BOVIN;ACTB_HUMAN","Actin, cytoplasmic 1;Actin, cytoplasmic 1","P60709_K284_M1_17","GlyGly (K)",0.156932794819814,0.68245181713417,0.622360230898071,6,"Not significant"
"Unstim / P3C4","TGFB1","P01137","P01137","TGFB1_HUMAN","Transforming growth factor beta-1 proprotein","P01137_K291_M1_17","GlyGly (K)",0.329934696857628,0.684617828706903,0.628783933909673,6,"Not significant"
"Unstim / P3C4","INF2","Q27J81","Q27J81","INF2_HUMAN","Inverted formin-2","Q27J81_K966_M1_17","GlyGly (K)",0.386267787848709,0.685054930345093,0.63018107252056,6,"Not significant"
"Unstim / P3C4","ALB","Cont_P02769","Cont_P02769","ALBU_BOVIN","Albumin","Cont_P02769_K580_M1_17","GlyGly (K)",0.339670330822273,0.687792766292665,0.639248317551421,6,"Not significant"
"Unstim / P3C4","AK2","P54819","P54819","KAD2_HUMAN","Adenylate kinase 2, mitochondrial","P54819_K65_M2_17","GlyGly (K)",-0.471725949433962,0.689401095878388,0.644656944643689,5,"Not significant"
"Unstim / P3C4","TOP2B","Q02880","Q02880","TOP2B_HUMAN","DNA topoisomerase 2-beta","Q02880_K251_M2_17","GlyGly (K)",-1.38681210686175,0.689872226385904,0.645912355141459,5,"Not significant"
"Unstim / P3C4","AHNAK","Q09666","Q09666","AHNK_HUMAN","Neuroblast differentiation-associated protein AHNAK","Q09666_K4559_M1_17","GlyGly (K)",0.246121472218281,0.690430429806982,0.647537928434613,6,"Not significant"
"Unstim / P3C4","ITGAV","P06756","P06756","ITAV_HUMAN","Integrin alpha-V","P06756_K134_M1_17","GlyGly (K)",0.0991044588486903,0.691498227286772,0.650768851948896,6,"Not significant"
"Unstim / P3C4","PARK7","Q99497","Q99497","PARK7_HUMAN","Parkinson disease protein 7","Q99497_K12_M1_17","GlyGly (K)",0.189447424823589,0.692239075789969,0.65284420398137,6,"Not significant"
"Unstim / P3C4","YWHAB","P31946","P31946","1433B_HUMAN","14-3-3 protein beta/alpha","P31946_K160_M1_17","GlyGly (K)",0.242301701906377,0.692653082588989,0.654202743258159,6,"Not significant"
"Unstim / P3C4","HELZ2","Q9BYK8","Q9BYK8","HELZ2_HUMAN","Helicase with zinc finger domain 2","Q9BYK8_K2077_M1_17","GlyGly (K)",1.0859382178397,0.693846925660833,0.657665308533631,6,"Not significant"
"Unstim / P3C4","LRRFIP2","Q9Y608","Q9Y608","LRRF2_HUMAN","Leucine-rich repeat flightless-interacting protein 2","Q9Y608_K14_M1_17","GlyGly (K)",-0.823476758385352,0.694209666197663,0.658700110680753,6,"Not significant"
"Unstim / P3C4","RPL21","P46778","P46778","RL21_HUMAN","Large ribosomal subunit protein eL21","P46778_K122_M1_17","GlyGly (K)",0.142114915701488,0.694966107377004,0.661053865625814,6,"Not significant"
"Unstim / P3C4","HSPA1A;HSPA1B","P0DMV8;P0DMV9","P0DMV8;P0DMV9","HS71A_HUMAN;HS71B_HUMAN","Heat shock 70 kDa protein 1A;Heat shock 70 kDa protein 1B","P0DMV8_K128_M1_17","GlyGly (K)",0.348604141684856,0.695158187210321,0.661906897680043,6,"Not significant"
"Unstim / P3C4","HSPA1A;HSPA1B","P0DMV8;P0DMV9","P0DMV8;P0DMV9","HS71A_HUMAN;HS71B_HUMAN","Heat shock 70 kDa protein 1A;Heat shock 70 kDa protein 1B","P0DMV9_K128_M1_17","GlyGly (K)",0.348604141684856,0.695158187210321,0.661906897680043,6,"Not significant"
"Unstim / P3C4","HMGA1","P17096","P17096","HMGA1_HUMAN","High mobility group protein HMG-I/HMG-Y","P17096_K18_M2_17","GlyGly (K)",1.24354057938174,0.696351980588758,0.665986855510828,4,"Not significant"
"Unstim / P3C4","PRSS1","Cont_P00760","Cont_P00760","TRY1_BOVIN","Serine protease 1","Cont_P00760_K114_M1_17","GlyGly (K)",0.675503118423457,0.697577314295671,0.670037227138539,6,"Not significant"
"Unstim / P3C4","TXNDC12","O95881","O95881","TXD12_HUMAN","Thioredoxin domain-containing protein 12","O95881_K123_M1_17","GlyGly (K)",-0.316116630323816,0.698919106769905,0.674239447325315,6,"Not significant"
"Unstim / P3C4","HP1BP3","Q5SSJ5","Q5SSJ5","HP1B3_HUMAN","Heterochromatin protein 1-binding protein 3","Q5SSJ5_K258_M1_17","GlyGly (K)",-0.654630658782818,0.699082281069756,0.674902798817449,6,"Not significant"
"Unstim / P3C4","ANPEP","P15144","P15144","AMPN_HUMAN","Aminopeptidase N","P15144_K641_M1_17","GlyGly (K)",-0.655899508773618,0.699285453405814,0.675598075397321,6,"Not significant"
"Unstim / P3C4","ARL8B","Q9NVJ2","Q9NVJ2","ARL8B_HUMAN","ADP-ribosylation factor-like protein 8B","Q9NVJ2_K117_M1_17","GlyGly (K)",-0.38896890376339,0.701449537745834,0.682711880391416,6,"Not significant"
"Unstim / P3C4","XIRP1","Q702N8","Q702N8","XIRP1_HUMAN","Xin actin-binding repeat-containing protein 1","Q702N8_K230_M2_17","GlyGly (K)",-1.11632931021505,0.701860687584764,0.684038956511011,5,"Not significant"
"Unstim / P3C4","ACAA2","P42765","P42765","THIM_HUMAN","3-ketoacyl-CoA thiolase, mitochondrial","P42765_K312_M1_17","GlyGly (K)",0.603571204400728,0.702183736535092,0.684996263996099,6,"Not significant"
"Unstim / P3C4","KRT1","Cont_P04264;P04264","Cont_P04264;P04264","K2C1_HUMAN","Keratin, type II cytoskeletal 1;Keratin, type II cytoskeletal 1","Cont_P04264_K395_M1_17","GlyGly (K)",0.957495265852471,0.702658176742022,0.686532582525248,6,"Not significant"
"Unstim / P3C4","KRT1","Cont_P04264;P04264","Cont_P04264;P04264","K2C1_HUMAN","Keratin, type II cytoskeletal 1;Keratin, type II cytoskeletal 1","P04264_K395_M1_17","GlyGly (K)",0.957495265852471,0.702658176742022,0.686532582525248,6,"Not significant"
"Unstim / P3C4","AHNAK","Q09666","Q09666","AHNK_HUMAN","Neuroblast differentiation-associated protein AHNAK","Q09666_K3488_M2_17","GlyGly (K)",0.366622323687344,0.703096359108291,0.688110557408151,6,"Not significant"
"Unstim / P3C4","AHNAK","Q09666","Q09666","AHNK_HUMAN","Neuroblast differentiation-associated protein AHNAK","Q09666_K3481_M2_17","GlyGly (K)",0.366622323687344,0.703096359108291,0.688110557408151,6,"Not significant"
"Unstim / P3C4","SQOR","Q9Y6N5","Q9Y6N5","SQOR_HUMAN","Sulfide:quinone oxidoreductase, mitochondrial","Q9Y6N5_K320_M1_17","GlyGly (K)",0.461909154616907,0.704257770667605,0.691531198978332,6,"Not significant"
"Unstim / P3C4","HMGB2","P26583","P26583","HMGB2_HUMAN","High mobility group protein B2","P26583_K59_M2_17","GlyGly (K)",0.390480800782484,0.705149678700848,0.694712902318083,6,"Not significant"
"Unstim / P3C4","HMGB2","P26583","P26583","HMGB2_HUMAN","High mobility group protein B2","P26583_K57_M2_17","GlyGly (K)",0.390480800782484,0.705149678700848,0.694712902318083,6,"Not significant"
"Unstim / P3C4","LGALS1","P09382","P09382","LEG1_HUMAN","Galectin-1","P09382_K37_M1_17","GlyGly (K)",0.225489000814064,0.706243806075648,0.698134202765893,6,"Not significant"
"Unstim / P3C4","SSBP1","Q04837","Q04837","SSBP_HUMAN","Single-stranded DNA-binding protein, mitochondrial","Q04837_K145_M1_17","GlyGly (K)",-0.106742668954633,0.706805933683784,0.699677434234235,6,"Not significant"
"Unstim / P3C4","APEX1","P27695","P27695","APEX1_HUMAN","DNA-(apurinic or apyrimidinic site) endonuclease","P27695_K58_M2_17","GlyGly (K)",-0.214673045792902,0.708273688627312,0.704535531537895,6,"Not significant"
"Unstim / P3C4","PHGDH","O43175","O43175","SERA_HUMAN","D-3-phosphoglycerate dehydrogenase","O43175_K58_M1_17","GlyGly (K)",0.0745305738195953,0.709180592056687,0.707631258190412,6,"Not significant"
"Unstim / P3C4","ELOC","Q15369","Q15369","ELOC_HUMAN","Elongin-C","Q15369_K72_M1_17","GlyGly (K)",-0.11064639573771,0.710167004272664,0.710966281137323,6,"Not significant"
"Unstim / P3C4","PML","P29590","P29590","PML_HUMAN","Protein PML","P29590_K209_M1_17","GlyGly (K)",0.259865252192161,0.711706774270586,0.716045262120286,6,"Not significant"
"Unstim / P3C4","HSPD1","P10809","P10809","CH60_HUMAN","60 kDa heat shock protein, mitochondrial","P10809_K389_M2_17","GlyGly (K)",0.225131196481947,0.712718183810922,0.71947485319234,6,"Not significant"
"Unstim / P3C4","HSPD1","P10809","P10809","CH60_HUMAN","60 kDa heat shock protein, mitochondrial","P10809_K387_M2_17","GlyGly (K)",0.225131196481947,0.712718183810922,0.71947485319234,6,"Not significant"
"Unstim / P3C4","MRRF","Q96E11","Q96E11","RRFM_HUMAN","Ribosome-recycling factor, mitochondrial","Q96E11_K160_M1_17","GlyGly (K)",-0.795419946940983,0.716065128115946,0.730665797354232,6,"Not significant"
"Unstim / P3C4","MATK","P42679","P42679","MATK_HUMAN","Megakaryocyte-associated tyrosine-protein kinase","P42679_K116_M1_17","GlyGly (K)",0.775356581176815,0.71634865443644,0.731525175362959,6,"Not significant"
"Unstim / P3C4","EEF2","P13639","P13639","EF2_HUMAN","Elongation factor 2","P13639_K498_M1_17","GlyGly (K)",-0.149079007149668,0.717340605936637,0.734635648385145,6,"Not significant"
"Unstim / P3C4","RAB1A","P62820","P62820","RAB1A_HUMAN","Ras-related protein Rab-1A","P62820_K140_M1_17","GlyGly (K)",0.273904761023806,0.718093175465193,0.737280782844015,6,"Not significant"
"Unstim / P3C4","AHNAK","Q09666","Q09666","AHNK_HUMAN","Neuroblast differentiation-associated protein AHNAK","Q09666_K5744_M2_17","GlyGly (K)",0.451232831817111,0.720050323155527,0.743418330869842,6,"Not significant"
"Unstim / P3C4","HINT1","P49773","P49773","HINT1_HUMAN","Adenosine 5'-monophosphoramidase HINT1","P49773_K30_M1_17","GlyGly (K)",-0.709845012460449,0.720326062256109,0.744329972241078,6,"Not significant"
"Unstim / P3C4","PFDN4","Q9NQP4","Q9NQP4","PFD4_HUMAN","Prefoldin subunit 4","Q9NQP4_K6_M2_17","GlyGly (K)",0.163720916073827,0.720532738908328,0.745042051606622,4,"Not significant"
"Unstim / P3C4","CAP1","Q01518","Q01518","CAP1_HUMAN","Adenylyl cyclase-associated protein 1","Q01518_K149_M1_17","GlyGly (K)",-0.509271492164181,0.720855878775471,0.746161938901047,6,"Not significant"
"Unstim / P3C4","BASP1","P80723","P80723","BASP1_HUMAN","Brain acid soluble protein 1","P80723_K150_M1_17","GlyGly (K)",0.209169986144055,0.721517979970753,0.748423828732903,6,"Not significant"
"Unstim / P3C4","UBR7","Q8N806","Q8N806","UBR7_HUMAN","Putative E3 ubiquitin-protein ligase UBR7","Q8N806_K384_M1_17","GlyGly (K)",0.474233610706983,0.723754738088422,0.756349895928528,4,"Not significant"
"Unstim / P3C4","HYOU1","Q9Y4L1","Q9Y4L1","HYOU1_HUMAN","Hypoxia up-regulated protein 1","Q9Y4L1_K463_M1_17","GlyGly (K)",0.312791821954874,0.725093996998811,0.760949298176692,6,"Not significant"
"Unstim / P3C4","H1-3","P16402","P16402","H13_HUMAN","Histone H1.3","P16402_K35_M1_17","GlyGly (K)",-0.267365221872474,0.725256409539803,0.761470384816261,6,"Not significant"
"Unstim / P3C4","AHNAK","Q09666","Q09666","AHNK_HUMAN","Neuroblast differentiation-associated protein AHNAK","Q09666_K4559_M2_17","GlyGly (K)",0.107832817132278,0.725912814840759,0.763891315463657,6,"Not significant"
"Unstim / P3C4","AHNAK","Q09666","Q09666","AHNK_HUMAN","Neuroblast differentiation-associated protein AHNAK","Q09666_K4556_M2_17","GlyGly (K)",0.107832817132278,0.725912814840759,0.763891315463657,6,"Not significant"
"Unstim / P3C4","HSPA5","P11021","P11021","BIP_HUMAN","Endoplasmic reticulum chaperone BiP","P11021_K573_M1_17","GlyGly (K)",-0.339728153990798,0.725982553225601,0.764207141119169,6,"Not significant"
"Unstim / P3C4","ECH1","Q13011","Q13011","ECH1_HUMAN","Delta(3,5)-Delta(2,4)-dienoyl-CoA isomerase, mitochondrial","Q13011_K161_M1_17","GlyGly (K)",-0.668734938872114,0.726953507971452,0.76746225730102,6,"Not significant"
"Unstim / P3C4","ACTC1","P68032","P68032","ACTC_HUMAN","Actin, alpha cardiac muscle 1","P68032_K217_M2_17","GlyGly (K)",0.152285605806151,0.727022058047977,0.767667745922835,6,"Not significant"
"Unstim / P3C4","ACTC1","P68032","P68032","ACTC_HUMAN","Actin, alpha cardiac muscle 1","P68032_K215_M2_17","GlyGly (K)",0.152285605806151,0.727022058047977,0.767667745922835,6,"Not significant"
"Unstim / P3C4","MSN","P26038","P26038","MOES_HUMAN","Moesin","P26038_K438_M2_17","GlyGly (K)",0.528047060895349,0.727867397194872,0.770673634423669,6,"Not significant"
"Unstim / P3C4","MSN","P26038","P26038","MOES_HUMAN","Moesin","P26038_K437_M2_17","GlyGly (K)",0.528047060895349,0.727867397194872,0.770673634423669,6,"Not significant"
"Unstim / P3C4","HSPA1L","P34931","P34931","HS71L_HUMAN","Heat shock 70 kDa protein 1-like","P34931_K130_M1_17","GlyGly (K)",-0.271136146637653,0.728232420022244,0.771962411605795,6,"Not significant"
"Unstim / P3C4","HGS","O14964","O14964","HGS_HUMAN","Hepatocyte growth factor-regulated tyrosine kinase substrate","O14964_K56_M1_17","GlyGly (K)",-0.244212686249853,0.728284405852569,0.772239469249327,6,"Not significant"
"Unstim / P3C4","HSP90B1","P14625","P14625","ENPL_HUMAN","Endoplasmin","P14625_K708_M2_17","GlyGly (K)",0.621523417395874,0.728789988524239,0.774062334507673,5,"Not significant"
"Unstim / P3C4","MACROH2A1","O75367","O75367","H2AY_HUMAN","Core histone macro-H2A.1","O75367_K282_M1_17","GlyGly (K)",0.636470133743414,0.730005608601976,0.77806373927671,6,"Not significant"
"Unstim / P3C4","H2BC21","Q16778","Q16778","H2B2E_HUMAN","Histone H2B type 2-E","Q16778_K58_M1_17","GlyGly (K)",-0.262061009578209,0.730686098699324,0.78063065198975,6,"Not significant"
"Unstim / P3C4","XPOT","O43592","O43592","XPOT_HUMAN","Exportin-T","O43592_K316_M1_17","GlyGly (K)",-0.317488503289398,0.731434220413245,0.783465826506076,6,"Not significant"
"Unstim / P3C4","AHNAK","Q09666","Q09666","AHNK_HUMAN","Neuroblast differentiation-associated protein AHNAK","Q09666_K171_M1_17","GlyGly (K)",-0.0568230014463726,0.731464319321541,0.78359275179717,6,"Not significant"
"Unstim / P3C4","MCEE","Q96PE7","Q96PE7","MCEE_HUMAN","Methylmalonyl-CoA epimerase, mitochondrial","Q96PE7_K156_M1_17","GlyGly (K)",-0.414480263207871,0.732255339751436,0.786520576233158,6,"Not significant"
"Unstim / P3C4","LMNB1","P20700","P20700","LMNB1_HUMAN","Lamin-B1","P20700_K332_M1_17","GlyGly (K)",0.653085794567723,0.732389423617261,0.787031076616007,5,"Not significant"
"Unstim / P3C4","ACTB","Cont_P60712;P60709","Cont_P60712;P60709","ACTB_BOVIN;ACTB_HUMAN","Actin, cytoplasmic 1;Actin, cytoplasmic 1","Cont_P60712_K215_M1_17","GlyGly (K)",-0.506944571770323,0.732455255897551,0.787313721762879,6,"Not significant"
"Unstim / P3C4","ACTB","Cont_P60712;P60709","Cont_P60712;P60709","ACTB_BOVIN;ACTB_HUMAN","Actin, cytoplasmic 1;Actin, cytoplasmic 1","P60709_K215_M1_17","GlyGly (K)",-0.506944571770323,0.732455255897551,0.787313721762879,6,"Not significant"
"Unstim / P3C4","ACTC1","P68032","P68032","ACTC_HUMAN","Actin, alpha cardiac muscle 1","P68032_K70_M1_17","GlyGly (K)",0.140761195255575,0.733596170920849,0.791547333759206,6,"Not significant"
"Unstim / P3C4","AHNAK","Q09666","Q09666","AHNK_HUMAN","Neuroblast differentiation-associated protein AHNAK","Q09666_K4687_M2_17","GlyGly (K)",-0.161708763534135,0.734401618036272,0.794541351236183,4,"Not significant"
"Unstim / P3C4","CAP1","Q01518","Q01518","CAP1_HUMAN","Adenylyl cyclase-associated protein 1","Q01518_K304_M1_17","GlyGly (K)",0.343845555072922,0.734549541191156,0.794979176184117,6,"Not significant"
"Unstim / P3C4","ATP5F1A","P25705","P25705","ATPA_HUMAN","ATP synthase subunit alpha, mitochondrial","P25705_K161_M1_17","GlyGly (K)",-0.157561289178705,0.735034986557783,0.796416541814861,6,"Not significant"
"Unstim / P3C4","TMSB10","P63313","P63313","TYB10_HUMAN","Thymosin beta-10","P63313_K32_M1_17","GlyGly (K)",0.14863806218175,0.735326019353628,0.797413574174996,6,"Not significant"
"Unstim / P3C4","HNRNPA3","P51991","P51991","ROA3_HUMAN","Heterogeneous nuclear ribonucleoprotein A3","P51991_K151_M2_17","GlyGly (K)",-0.206671106754025,0.736472835769578,0.801266771792802,6,"Not significant"
"Unstim / P3C4","HNRNPA3","P51991","P51991","ROA3_HUMAN","Heterogeneous nuclear ribonucleoprotein A3","P51991_K148_M2_17","GlyGly (K)",-0.206671106754025,0.736472835769578,0.801266771792802,6,"Not significant"
"Unstim / P3C4","RNH1","P13489","P13489","RINI_HUMAN","Ribonuclease inhibitor","P13489_K86_M1_17","GlyGly (K)",0.109899729704641,0.736579573396505,0.801640990721039,6,"Not significant"
"Unstim / P3C4","VCP","P55072","P55072","TERA_HUMAN","Transitional endoplasmic reticulum ATPase","P55072_K426_M1_17","GlyGly (K)",0.0660469007922589,0.736805234052578,0.802434453935952,6,"Not significant"
"Unstim / P3C4","GSN","P06396","P06396","GELS_HUMAN","Gelsolin","P06396_K373_M2_17","GlyGly (K)",-0.0866497907086626,0.738828964605422,0.809987077273665,4,"Not significant"
"Unstim / P3C4","HSPA9","P38646","P38646","GRP75_HUMAN","Stress-70 protein, mitochondrial","P38646_K485_M1_17","GlyGly (K)",-0.354788582595004,0.73893877354317,0.810282993810886,6,"Not significant"
"Unstim / P3C4","SMCHD1","A6NHR9","A6NHR9","SMHD1_HUMAN","Structural maintenance of chromosomes flexible hinge domain-containing protein 1","A6NHR9_K1798_M2_17","GlyGly (K)",0.561822361320718,0.738992771691936,0.810460313648647,4,"Not significant"
"Unstim / P3C4","RUVBL2","Q9Y230","Q9Y230","RUVB2_HUMAN","RuvB-like 2","Q9Y230_K115_M1_17","GlyGly (K)",-0.301876219362618,0.739837719159386,0.813585129918625,6,"Not significant"
"Unstim / P3C4","LSM7","Q9UK45","Q9UK45","LSM7_HUMAN","U6 snRNA-associated Sm-like protein LSm7","Q9UK45_K8_M2_17","GlyGly (K)",0.155824436695095,0.741038550479307,0.81804910783996,5,"Not significant"
"Unstim / P3C4","CNDP2","Q96KP4","Q96KP4","CNDP2_HUMAN","Cytosolic non-specific dipeptidase","Q96KP4_K402_M1_17","GlyGly (K)",0.0507491965963775,0.74137067407399,0.819419274816422,6,"Not significant"
"Unstim / P3C4","CD81","P60033","P60033","CD81_HUMAN","CD81 antigen","P60033_K144_M1_17","GlyGly (K)",0.50309938225447,0.741994511665493,0.821630999432807,6,"Not significant"
"Unstim / P3C4","CAMK1","Q14012","Q14012","KCC1A_HUMAN","Calcium/calmodulin-dependent protein kinase type 1","Q14012_K304_M1_17","GlyGly (K)",0.0722006251440764,0.742521907399008,0.823517711016041,6,"Not significant"
"Unstim / P3C4","TMPO","P42166","P42166","LAP2A_HUMAN","Lamina-associated polypeptide 2, isoform alpha","P42166_K15_M1_17","GlyGly (K)",-0.362473247901537,0.742638691203077,0.823924561618877,6,"Not significant"
"Unstim / P3C4","OSBPL8","Q9BZF1","Q9BZF1","OSBL8_HUMAN","Oxysterol-binding protein-related protein 8","Q9BZF1_K482_M1_17","GlyGly (K)",0.192093022761048,0.743569359464376,0.827222884393986,6,"Not significant"
"Unstim / P3C4","AHNAK","Q09666","Q09666","AHNK_HUMAN","Neuroblast differentiation-associated protein AHNAK","Q09666_K4761_M1_17","GlyGly (K)",-0.122209292406965,0.743918241685228,0.828810350975272,6,"Not significant"
"Unstim / P3C4","SND1","Q7KZF4","Q7KZF4","SND1_HUMAN","Staphylococcal nuclease domain-containing protein 1","Q7KZF4_K93_M1_17","GlyGly (K)",0.470654961840715,0.743971996200967,0.829023447685042,6,"Not significant"
"Unstim / P3C4","HNRNPA2B1","P22626","P22626","ROA2_HUMAN","Heterogeneous nuclear ribonucleoproteins A2/B1","P22626_K104_M1_17","GlyGly (K)",0.424053937141129,0.744586050035258,0.831312826358496,6,"Not significant"
"Unstim / P3C4","PDIA3","P30101","P30101","PDIA3_HUMAN","Protein disulfide-isomerase A3","P30101_K252_M1_17","GlyGly (K)",-0.268571418848889,0.744834084177407,0.83217177165281,6,"Not significant"
"Unstim / P3C4","PCMT1","P22061","P22061","PIMT_HUMAN","Protein-L-isoaspartate(D-aspartate) O-methyltransferase","P22061_K27_M2_17","GlyGly (K)",0.13448423971088,0.744931281854384,0.832547047770621,5,"Not significant"
"Unstim / P3C4","P4HB","P07237","P07237","PDIA1_HUMAN","Protein disulfide-isomerase","P07237_K415_M2_17","GlyGly (K)",-0.0697644084741443,0.745661493750793,0.835438996306961,6,"Not significant"
"Unstim / P3C4","GSS","P48637","P48637","GSHB_HUMAN","Glutathione synthetase","P48637_K293_M1_17","GlyGly (K)",0.0792808314480831,0.745828168087718,0.836234981931883,6,"Not significant"
"Unstim / P3C4","RALA","P11233","P11233","RALA_HUMAN","Ras-related protein Ral-A","P11233_K128_M1_17","GlyGly (K)",0.461354621716548,0.746680957094734,0.839633839301024,4,"Not significant"
"Unstim / P3C4","TOP1","P11387","P11387","TOP1_HUMAN","DNA topoisomerase 1","P11387_K252_M1_17","GlyGly (K)",0.165421855225663,0.747034416254914,0.840931856674239,4,"Not significant"
"Unstim / P3C4","CANX","P27824","P27824","CALX_HUMAN","Calnexin","P27824_K384_M1_17","GlyGly (K)",-0.244148515946059,0.747704062185217,0.843243522047047,6,"Not significant"
"Unstim / P3C4","AHNAK","Q09666","Q09666","AHNK_HUMAN","Neuroblast differentiation-associated protein AHNAK","Q09666_K696_M1_17","GlyGly (K)",-0.137344034829026,0.748230848076153,0.845306449037979,5,"Not significant"
"Unstim / P3C4","RPS14","P62263","P62263","RS14_HUMAN","Small ribosomal subunit protein uS11","P62263_K125_M1_17","GlyGly (K)",0.0844915783962488,0.750181326019948,0.852653682496211,6,"Not significant"
"Unstim / P3C4","ACTB","Cont_P60712;P60709","Cont_P60712;P60709","ACTB_BOVIN;ACTB_HUMAN","Actin, cytoplasmic 1;Actin, cytoplasmic 1","Cont_P60712_K50_M1_17","GlyGly (K)",0.200930059758591,0.750868378468179,0.855140740270821,6,"Not significant"
"Unstim / P3C4","ACTB","Cont_P60712;P60709","Cont_P60712;P60709","ACTB_BOVIN;ACTB_HUMAN","Actin, cytoplasmic 1;Actin, cytoplasmic 1","P60709_K50_M1_17","GlyGly (K)",0.200930059758591,0.750868378468179,0.855140740270821,6,"Not significant"
"Unstim / P3C4","RAB3GAP1","Q15042","Q15042","RB3GP_HUMAN","Rab3 GTPase-activating protein catalytic subunit","Q15042_K744_M1_17","GlyGly (K)",-0.322066151781277,0.751255684204893,0.856639010336728,6,"Not significant"
"Unstim / P3C4","MDH2","P40926","P40926","MDHM_HUMAN","Malate dehydrogenase, mitochondrial","P40926_K239_M2_17","GlyGly (K)",-0.106951421359056,0.751322085329625,0.856998075082214,6,"Not significant"
"Unstim / P3C4","GPI","P06744","P06744","G6PI_HUMAN","Glucose-6-phosphate isomerase","P06744_K211_M1_17","GlyGly (K)",0.149191774874691,0.751340876507873,0.857145152776282,6,"Not significant"
"Unstim / P3C4","NRGN","Q92686","Q92686","NEUG_HUMAN","Neurogranin","Q92686_K11_M1_17","GlyGly (K)",0.396468613415318,0.751517600716234,0.857766011808908,6,"Not significant"
"Unstim / P3C4","STIP1","P31948","P31948","STIP1_HUMAN","Stress-induced-phosphoprotein 1","P31948_K100_M1_17","GlyGly (K)",-0.198947605939243,0.751526917172053,0.857826407525855,6,"Not significant"
"Unstim / P3C4","NDRG1","Q92597","Q92597","NDRG1_HUMAN","Protein NDRG1","Q92597_K285_M1_17","GlyGly (K)",-0.394882856878026,0.751632569028993,0.858157550096216,6,"Not significant"
"Unstim / P3C4","SAMHD1","Q9Y3Z3","Q9Y3Z3","SAMH1_HUMAN","Deoxynucleoside triphosphate triphosphohydrolase SAMHD1","Q9Y3Z3_K354_M1_17","GlyGly (K)",0.0552949851756366,0.753007361898727,0.86381229430995,6,"Not significant"
"Unstim / P3C4","TUBB3","Q13509","Q13509","TBB3_HUMAN","Tubulin beta-3 chain","Q13509_K324_M1_17","GlyGly (K)",-0.299952637312071,0.753474384402808,0.865591194545971,6,"Not significant"
"Unstim / P3C4","TMSB4X","P62328","P62328","TYB4_HUMAN","Thymosin beta-4","P62328_K15_M2_17","GlyGly (K)",-0.0798303714143664,0.753547672768902,0.86601583848955,6,"Not significant"
"Unstim / P3C4","CNTRL","Q7Z7A1","Q7Z7A1","CNTRL_HUMAN","Centriolin","Q7Z7A1_K546_M1_17","GlyGly (K)",0.0667729829234917,0.753895278314244,0.867208309807715,6,"Not significant"
"Unstim / P3C4","NCL","P19338","P19338","NUCL_HUMAN","Nucleolin","P19338_K297_M1_17","GlyGly (K)",0.0564971276090503,0.75417303605086,0.868236323517651,6,"Not significant"
"Unstim / P3C4","IMP4","Q96G21","Q96G21","IMP4_HUMAN","U3 small nucleolar ribonucleoprotein protein IMP4","Q96G21_K129_M1_17","GlyGly (K)",0.176038080117936,0.754248960764197,0.868553052962169,6,"Not significant"
"Unstim / P3C4","PLCG2","P16885","P16885","PLCG2_HUMAN","1-phosphatidylinositol 4,5-bisphosphate phosphodiesterase gamma-2","P16885_K60_M1_17","GlyGly (K)",0.341519258630294,0.756241538633554,0.876435527577711,6,"Not significant"
"Unstim / P3C4","RPLP1","P05386","P05386","RLA1_HUMAN","Large ribosomal subunit protein P1","P05386_K92_M1_17","GlyGly (K)",0.244408605845488,0.75745173375263,0.880990261464711,6,"Not significant"
"Unstim / P3C4","TMPO","P42166","P42166","LAP2A_HUMAN","Lamina-associated polypeptide 2, isoform alpha","P42166_K17_M1_17","GlyGly (K)",0.057747349404686,0.75790454343537,0.882614235574037,6,"Not significant"
"Unstim / P3C4","FLOT2","Q14254","Q14254","FLOT2_HUMAN","Flotillin-2","Q14254_K356_M2_17","GlyGly (K)",0.319213849554165,0.757957208679361,0.882842724413989,5,"Not significant"
"Unstim / P3C4","H2BC21","Q16778","Q16778","H2B2E_HUMAN","Histone H2B type 2-E","Q16778_K58_M2_17","GlyGly (K)",0.123920828745227,0.758119284724967,0.883374013565022,6,"Not significant"
"Unstim / P3C4","H2BC21","Q16778","Q16778","H2B2E_HUMAN","Histone H2B type 2-E","Q16778_K47_M2_17","GlyGly (K)",0.123920828745227,0.758119284724967,0.883374013565022,6,"Not significant"
"Unstim / P3C4","CLTC","Q00610","Q00610","CLH1_HUMAN","Clathrin heavy chain 1","Q00610_K951_M1_17","GlyGly (K)",0.0478419272265377,0.759976451713789,0.890726834962407,6,"Not significant"
"Unstim / P3C4","SPN","P16150","P16150","LEUK_HUMAN","Leukosialin","P16150_K350_M1_17","GlyGly (K)",0.300359478266651,0.760103377172464,0.891210574942853,6,"Not significant"
"Unstim / P3C4","PPIB","P23284","P23284","PPIB_HUMAN","Peptidyl-prolyl cis-trans isomerase B","P23284_K84_M1_17","GlyGly (K)",-0.150184522473846,0.760258508066023,0.892064015924686,6,"Not significant"
"Unstim / P3C4","UBB;UBC","P0CG47;P0CG48","P0CG47;P0CG48","UBB_HUMAN;UBC_HUMAN","Polyubiquitin-B;Polyubiquitin-C","P0CG47_K87_M1_17","GlyGly (K)",-0.30726792775656,0.760631301256364,0.893669583953067,5,"Not significant"
"Unstim / P3C4","UBB;UBC","P0CG47;P0CG48","P0CG47;P0CG48","UBB_HUMAN;UBC_HUMAN","Polyubiquitin-B;Polyubiquitin-C","P0CG47_K163_M1_17","GlyGly (K)",-0.30726792775656,0.760631301256364,0.893669583953067,5,"Not significant"
"Unstim / P3C4","UBB;UBC","P0CG47;P0CG48","P0CG47;P0CG48","UBB_HUMAN;UBC_HUMAN","Polyubiquitin-B;Polyubiquitin-C","P0CG48_K87_M1_17","GlyGly (K)",-0.30726792775656,0.760631301256364,0.893669583953067,5,"Not significant"
"Unstim / P3C4","UBB;UBC","P0CG47;P0CG48","P0CG47;P0CG48","UBB_HUMAN;UBC_HUMAN","Polyubiquitin-B;Polyubiquitin-C","P0CG48_K163_M1_17","GlyGly (K)",-0.30726792775656,0.760631301256364,0.893669583953067,5,"Not significant"
"Unstim / P3C4","UBB;UBC","P0CG47;P0CG48","P0CG47;P0CG48","UBB_HUMAN;UBC_HUMAN","Polyubiquitin-B;Polyubiquitin-C","P0CG48_K239_M1_17","GlyGly (K)",-0.30726792775656,0.760631301256364,0.893669583953067,5,"Not significant"
"Unstim / P3C4","UBB;UBC","P0CG47;P0CG48","P0CG47;P0CG48","UBB_HUMAN;UBC_HUMAN","Polyubiquitin-B;Polyubiquitin-C","P0CG48_K315_M1_17","GlyGly (K)",-0.30726792775656,0.760631301256364,0.893669583953067,5,"Not significant"
"Unstim / P3C4","UBB;UBC","P0CG47;P0CG48","P0CG47;P0CG48","UBB_HUMAN;UBC_HUMAN","Polyubiquitin-B;Polyubiquitin-C","P0CG48_K391_M1_17","GlyGly (K)",-0.30726792775656,0.760631301256364,0.893669583953067,5,"Not significant"
"Unstim / P3C4","UBB;UBC","P0CG47;P0CG48","P0CG47;P0CG48","UBB_HUMAN;UBC_HUMAN","Polyubiquitin-B;Polyubiquitin-C","P0CG48_K467_M1_17","GlyGly (K)",-0.30726792775656,0.760631301256364,0.893669583953067,5,"Not significant"
"Unstim / P3C4","UBB;UBC","P0CG47;P0CG48","P0CG47;P0CG48","UBB_HUMAN;UBC_HUMAN","Polyubiquitin-B;Polyubiquitin-C","P0CG48_K543_M1_17","GlyGly (K)",-0.30726792775656,0.760631301256364,0.893669583953067,5,"Not significant"
"Unstim / P3C4","UBB;UBC","P0CG47;P0CG48","P0CG47;P0CG48","UBB_HUMAN;UBC_HUMAN","Polyubiquitin-B;Polyubiquitin-C","P0CG48_K619_M1_17","GlyGly (K)",-0.30726792775656,0.760631301256364,0.893669583953067,5,"Not significant"
"Unstim / P3C4","CSRP1","P21291","P21291","CSRP1_HUMAN","Cysteine and glycine-rich protein 1","P21291_K173_M2_17","GlyGly (K)",-0.293349618139602,0.762019305611317,0.899276691905039,4,"Not significant"
"Unstim / P3C4","SNRPA1","P09661","P09661","RU2A_HUMAN","U2 small nuclear ribonucleoprotein A'","P09661_K205_M1_17","GlyGly (K)",0.0431682914678557,0.762601170166809,0.901581068247805,6,"Not significant"
"Unstim / P3C4","H4C1","P62805","P62805","H4_HUMAN","Histone H4","P62805_K60_M1_17","GlyGly (K)",-0.0622164196147695,0.763300652699076,0.904632785954589,6,"Not significant"
"Unstim / P3C4","RAP2B","P61225","P61225","RAP2B_HUMAN","Ras-related protein Rap-2b","P61225_K5_M1_17","GlyGly (K)",-0.0990568849640706,0.763493120988909,0.905504667405104,6,"Not significant"
"Unstim / P3C4","SF3B2","Q13435","Q13435","SF3B2_HUMAN","Splicing factor 3B subunit 2","Q13435_K770_M1_17","GlyGly (K)",-0.249369964557223,0.763538422248989,0.905745014649936,6,"Not significant"
"Unstim / P3C4","HSP90AA1","P07900","P07900","HS90A_HUMAN","Heat shock protein HSP 90-alpha","P07900_K100_M1_17","GlyGly (K)",0.258851731556819,0.763598018199986,0.905921367915748,6,"Not significant"
"Unstim / P3C4","TFRC","P02786","P02786","TFR1_HUMAN","Transferrin receptor protein 1","P02786_K134_M1_17","GlyGly (K)",-0.167160585818784,0.766103355341213,0.915798245241468,6,"Not significant"
"Unstim / P3C4","HSPA2","P54652","P54652","HSP72_HUMAN","Heat shock-related 70 kDa protein 2","P54652_K139_M2_17","GlyGly (K)",0.230716769657455,0.766532774268834,0.91761363843804,5,"Not significant"
"Unstim / P3C4","MTHFD1","P11586","P11586","C1TC_HUMAN","C-1-tetrahydrofolate synthase, cytoplasmic","P11586_K370_M1_17","GlyGly (K)",0.115943269526695,0.766714764593822,0.918378446231326,6,"Not significant"
"Unstim / P3C4","AK2","P54819","P54819","KAD2_HUMAN","Adenylate kinase 2, mitochondrial","P54819_K119_M2_17","GlyGly (K)",0.0450898623675053,0.766758044861924,0.918618901105329,4,"Not significant"
"Unstim / P3C4","BLMH","Q13867","Q13867","BLMH_HUMAN","Bleomycin hydrolase","Q13867_K244_M1_17","GlyGly (K)",0.0299811405779585,0.767200315403817,0.9201705369284,6,"Not significant"
"Unstim / P3C4","ARHGDIA","P52565","P52565","GDIR1_HUMAN","Rho GDP-dissociation inhibitor 1","P52565_K33_M1_17","GlyGly (K)",0.0418678014753416,0.767204776493263,0.920212581515279,6,"Not significant"
"Unstim / P3C4","GAPDH","P04406","P04406","G3P_HUMAN","Glyceraldehyde-3-phosphate dehydrogenase","P04406_K139_M1_17","GlyGly (K)",0.161205570629989,0.767452656468287,0.921123584593541,6,"Not significant"
"Unstim / P3C4","RNH1","P13489","P13489","RINI_HUMAN","Ribonuclease inhibitor","P13489_K283_M2_17","GlyGly (K)",-0.0455155494160762,0.767614610446101,0.921744729023897,5,"Not significant"
"Unstim / P3C4","DEF6","Q9H4E7","Q9H4E7","DEFI6_HUMAN","Differentially expressed in FDCP 6 homolog","Q9H4E7_K254_M1_17","GlyGly (K)",0.157411039135948,0.768477581476626,0.925514056266213,6,"Not significant"
"Unstim / P3C4","SRP19","P09132","P09132","SRP19_HUMAN","Signal recognition particle 19 kDa protein","P09132_K39_M1_17","GlyGly (K)",-0.0433994622413504,0.76862482968201,0.926345696144684,6,"Not significant"
"Unstim / P3C4","HSPA5","P11021","P11021","BIP_HUMAN","Endoplasmic reticulum chaperone BiP","P11021_K185_M1_17","GlyGly (K)",0.16837289739574,0.768661487028277,0.926489054878076,6,"Not significant"
"Unstim / P3C4","XRCC6","P12956","P12956","XRCC6_HUMAN","X-ray repair cross-complementing protein 6","P12956_K351_M1_17","GlyGly (K)",0.0971318268331332,0.76901707859179,0.9280309838057,6,"Not significant"
"Unstim / P3C4","C6orf47","O95873","O95873","CF047_HUMAN","Uncharacterized protein C6orf47","O95873_K147_M1_17","GlyGly (K)",-0.148559182897437,0.770151919994067,0.932779871327112,6,"Not significant"
"Unstim / P3C4","PKM","P14618","P14618","KPYM_HUMAN","Pyruvate kinase PKM","P14618_K125_M1_17","GlyGly (K)",-0.0415550575271813,0.77050115202707,0.934325939819942,6,"Not significant"
"Unstim / P3C4","AHNAK","Q09666","Q09666","AHNK_HUMAN","Neuroblast differentiation-associated protein AHNAK","Q09666_K4351_M2_17","GlyGly (K)",0.0881599459431123,0.77073399110476,0.93527679570535,6,"Not significant"
"Unstim / P3C4","AHNAK","Q09666","Q09666","AHNK_HUMAN","Neuroblast differentiation-associated protein AHNAK","Q09666_K4342_M2_17","GlyGly (K)",0.0881599459431123,0.77073399110476,0.93527679570535,6,"Not significant"
"Unstim / P3C4","ITGB5","P18084","P18084","ITB5_HUMAN","Integrin beta-5","P18084_K170_M1_17","GlyGly (K)",0.0328809343446974,0.77164404575025,0.939202141209905,6,"Not significant"
"Unstim / P3C4","MCM3AP","O60318","O60318","GANP_HUMAN","Germinal-center associated nuclear protein","O60318_K1813_M1_17","GlyGly (K)",-0.0612964869010006,0.772025499946134,0.940853390157879,6,"Not significant"
"Unstim / P3C4","ACTR2","P61160","P61160","ARP2_HUMAN","Actin-related protein 2","P61160_K46_M2_17","GlyGly (K)",-0.0544927103616195,0.772862656149844,0.94412930983107,5,"Not significant"
"Unstim / P3C4","ANXA6","P08133","P08133","ANXA6_HUMAN","Annexin A6","P08133_K113_M2_17","GlyGly (K)",0.116554541267576,0.773032497386458,0.944880750347685,6,"Not significant"
"Unstim / P3C4","ANXA6","P08133","P08133","ANXA6_HUMAN","Annexin A6","P08133_K102_M2_17","GlyGly (K)",0.116554541267576,0.773032497386458,0.944880750347685,6,"Not significant"
"Unstim / P3C4","RAB1A","P62820","P62820","RAB1A_HUMAN","Ras-related protein Rab-1A","P62820_K156_M1_17","GlyGly (K)",0.0297097273148933,0.774050110884577,0.949474173303193,6,"Not significant"
"Unstim / P3C4","LMNA","P02545","P02545","LMNA_HUMAN","Prelamin-A/C","P02545_K171_M1_17","GlyGly (K)",-0.0191741412621748,0.774158029441662,0.949956856663705,6,"Not significant"
"Unstim / P3C4","TLK1","Q9UKI8","Q9UKI8","TLK1_HUMAN","Serine/threonine-protein kinase tousled-like 1","Q9UKI8_K404_M1_17","GlyGly (K)",0.0259649342752641,0.774461814934984,0.951089983368523,6,"Not significant"
"Unstim / P3C4","HSPA9","P38646","P38646","GRP75_HUMAN","Stress-70 protein, mitochondrial","P38646_K288_M1_17","GlyGly (K)",-0.0278404305321872,0.774635785289868,0.951850760618344,6,"Not significant"
"Unstim / P3C4","ACTB","Cont_P60712;P60709","Cont_P60712;P60709","ACTB_BOVIN;ACTB_HUMAN","Actin, cytoplasmic 1;Actin, cytoplasmic 1","Cont_P60712_K18_M1_17","GlyGly (K)",0.0210841444850371,0.774639469760413,0.951883938640837,6,"Not significant"
"Unstim / P3C4","ACTB","Cont_P60712;P60709","Cont_P60712;P60709","ACTB_BOVIN;ACTB_HUMAN","Actin, cytoplasmic 1;Actin, cytoplasmic 1","P60709_K18_M1_17","GlyGly (K)",0.0210841444850371,0.774639469760413,0.951883938640837,6,"Not significant"
"Unstim / P3C4","SUMF1","Q8NBK3","Q8NBK3","SUMF1_HUMAN","Formylglycine-generating enzyme","Q8NBK3_K90_M1_17","GlyGly (K)",0.0516377705775552,0.774915473097381,0.953132898043067,6,"Not significant"
"Unstim / P3C4","EEF1D","P29692","P29692","EF1D_HUMAN","Elongation factor 1-delta","P29692_K17_M1_17","GlyGly (K)",0.130601212469711,0.775322128205544,0.954556601573226,4,"Not significant"
"Unstim / P3C4","HSP90B1","P14625","P14625","ENPL_HUMAN","Endoplasmin","P14625_K702_M2_17","GlyGly (K)",0.0964785325794562,0.776213562325121,0.95869752198191,6,"Not significant"
"Unstim / P3C4","SUMO2","P61956","P61956","SUMO2_HUMAN","Small ubiquitin-related modifier 2","P61956_K11_M1_17","GlyGly (K)",-0.0286201732371504,0.776371615394631,0.959248455545063,6,"Not significant"
"Unstim / P3C4","STIP1","P31948","P31948","STIP1_HUMAN","Stress-induced-phosphoprotein 1","P31948_K415_M1_17","GlyGly (K)",-0.0229545345309277,0.776507020493198,0.960016539476607,6,"Not significant"
"Unstim / P3C4","ETFB","P38117","P38117","ETFB_HUMAN","Electron transfer flavoprotein subunit beta","P38117_K23_M1_17","GlyGly (K)",-0.0169412759914518,0.776535271585495,0.960329828442222,6,"Not significant"
"Unstim / P3C4","GRPEL1","Q9HAV7","Q9HAV7","GRPE1_HUMAN","GrpE protein homolog 1, mitochondrial","Q9HAV7_K153_M1_17","GlyGly (K)",-0.057897659530701,0.776733912529656,0.961263025295828,6,"Not significant"
"Unstim / P3C4","ATXN2L","Q8WWM7","Q8WWM7","ATX2L_HUMAN","Ataxin-2-like protein","Q8WWM7_K3_M1_17","GlyGly (K)",0.0178420069234032,0.776874906728555,0.961906127483904,6,"Not significant"
"Unstim / P3C4","RPS9","P46781","P46781","RS9_HUMAN","Small ribosomal subunit protein uS4","P46781_K101_M1_17","GlyGly (K)",0.0491027947349042,0.778535626959189,0.968661982216671,6,"Not significant"
"Unstim / P3C4","ATP2A2","P16615","P16615","AT2A2_HUMAN","Sarcoplasmic/endoplasmic reticulum calcium ATPase 2","P16615_K352_M1_17","GlyGly (K)",-0.0568385633728897,0.77900315302296,0.970940000169519,6,"Not significant"
"Unstim / P3C4","GAA","P10253","P10253","LYAG_HUMAN","Lysosomal alpha-glucosidase","P10253_K849_M1_17","GlyGly (K)",0.0694064324847864,0.779433729623161,0.972655616241357,6,"Not significant"
"Unstim / P3C4","SUMF1","Q8NBK3","Q8NBK3","SUMF1_HUMAN","Formylglycine-generating enzyme","Q8NBK3_K109_M1_17","GlyGly (K)",-0.0309441842651002,0.780355894437295,0.976700303046795,6,"Not significant"
"Unstim / P3C4","MATR3","P43243","P43243","MATR3_HUMAN","Matrin-3","P43243_K132_M1_17","GlyGly (K)",-0.0317792352449023,0.781278660243393,0.980723290747914,6,"Not significant"
"Unstim / P3C4","UBE2N","P61088","P61088","UBE2N_HUMAN","Ubiquitin-conjugating enzyme E2 N","P61088_K10_M1_17","GlyGly (K)",0.00911945226054688,0.781625232891219,0.982146537168685,6,"Not significant"
"Unstim / P3C4","RPS3","P23396","P23396","RS3_HUMAN","Small ribosomal subunit protein uS3","P23396_K214_M1_17","GlyGly (K)",0.0179616694655503,0.78199284198572,0.983614742273728,6,"Not significant"
"Unstim / P3C4","S100A4","P26447","P26447","S10A4_HUMAN","Protein S100-A4","P26447_K7_M1_17","GlyGly (K)",-0.0151010259287569,0.782046193364332,0.983900674764513,6,"Not significant"
"Unstim / P3C4","IGF2BP2","Q9Y6M1","Q9Y6M1","IF2B2_HUMAN","Insulin-like growth factor 2 mRNA-binding protein 2","Q9Y6M1_K530_M1_17","GlyGly (K)",0.0365927737808014,0.782577354630109,0.986127893859815,6,"Not significant"
"Unstim / P3C4","SUGT1","Q9Y2Z0","Q9Y2Z0","SGT1_HUMAN","Protein SGT1 homolog","Q9Y2Z0_K70_M2_17","GlyGly (K)",0.015266936700773,0.782738747904913,0.98691043136597,6,"Not significant"
"Unstim / P3C4","SUGT1","Q9Y2Z0","Q9Y2Z0","SGT1_HUMAN","Protein SGT1 homolog","Q9Y2Z0_K69_M2_17","GlyGly (K)",0.015266936700773,0.782738747904913,0.98691043136597,6,"Not significant"
"Unstim / P3C4","RAB12","Q6IQ22","Q6IQ22","RAB12_HUMAN","Ras-related protein Rab-12","Q6IQ22_K127_M1_17","GlyGly (K)",0.0128162046790835,0.782797253502527,0.987253386418342,6,"Not significant"
"Unstim / P3C4","NELFA","Q9H3P2","Q9H3P2","NELFA_HUMAN","Negative elongation factor A","Q9H3P2_K288_M1_17","GlyGly (K)",0.0257981225593245,0.782954580543743,0.987934896357168,6,"Not significant"
"Unstim / P3C4","AARS1","P49588","P49588","SYAC_HUMAN","Alanine--tRNA ligase, cytoplasmic","P49588_K898_M1_17","GlyGly (K)",-0.00285080263471402,0.783300598394349,0.989391728795074,6,"Not significant"
"Unstim / P3C4","CAP1","Q01518","Q01518","CAP1_HUMAN","Adenylyl cyclase-associated protein 1","Q01518_K328_M1_17","GlyGly (K)",-0.011777560571333,0.78375303661217,0.991526772681193,6,"Not significant"
"Unstim / P3C4","NUCB1","Q02818","Q02818","NUCB1_HUMAN","Nucleobindin-1","Q02818_K439_M1_17","GlyGly (K)",-0.0227808679121218,0.78375303661217,0.991547447276583,6,"Not significant"
"Unstim / P3C4","HSP90AA1","P07900","P07900","HS90A_HUMAN","Heat shock protein HSP 90-alpha","P07900_K436_M2_17","GlyGly (K)",0.00233033116180825,0.783987087031019,0.992552538793213,6,"Not significant"
"Unstim / P3C4","HSP90AA1","P07900","P07900","HS90A_HUMAN","Heat shock protein HSP 90-alpha","P07900_K435_M2_17","GlyGly (K)",0.00233033116180825,0.783987087031019,0.992552538793213,6,"Not significant"
"Unstim / P3C4","IDH3B","O43837","O43837","IDH3B_HUMAN","Isocitrate dehydrogenase [NAD] subunit beta, mitochondrial","O43837_K105_M1_17","GlyGly (K)",-0.0179981259917095,0.784145629990057,0.99331333676412,6,"Not significant"
"Unstim / P3C4","RIDA","P52758","P52758","RIDA_HUMAN","2-iminobutanoate/2-iminopropanoate deaminase","P52758_K67_M2_17","GlyGly (K)",0.00763727352232148,0.78414932504065,0.993339757209422,5,"Not significant"
"Unstim / P3C4","TPI1","P60174","P60174","TPIS_HUMAN","Triosephosphate isomerase","P60174_K85_M1_17","GlyGly (K)",-0.00293206629357822,0.784491727255548,0.995053780157641,6,"Not significant"
"Unstim / P3C4","HSPA1L","P34931","P34931","HS71L_HUMAN","Heat shock 70 kDa protein 1-like","P34931_K332_M1_17","GlyGly (K)",-0.00521007948070484,0.784668622958711,0.995897606953736,6,"Not significant"
"Unstim / P3C4","ZFYVE16","Q7Z3T8","Q7Z3T8","ZFY16_HUMAN","Zinc finger FYVE domain-containing protein 16","Q7Z3T8_K279_M2_17","GlyGly (K)",-0.00151112208265596,0.784914982982042,0.997116455546159,6,"Not significant"
"Unstim / P3C4","ACADM","P11310","P11310","ACADM_HUMAN","Medium-chain specific acyl-CoA dehydrogenase, mitochondrial","P11310_K69_M1_17","GlyGly (K)",-0.00184373710045225,0.785391737449234,0.999307858723609,6,"Not significant"
"Unstim / P3C4","HSPA8","P11142","P11142","HSP7C_HUMAN","Heat shock cognate 71 kDa protein","P11142_K88_M1_17","GlyGly (K)",-0.000932215946019614,0.785402491814,0.999374793764082,6,"Not significant"
