"Comparison (group1/group2)","Genes","UniProtIds","ProteinGroups","ProteinNames","ProteinDescriptions","Group","PTM.ModificationTitle","AVG Log2 Ratio","Qvalue","Pvalue","# of Ratios","Significance"
"LPS+Nigericin / Nigericin","GTPBP4","Q9BZE4","Q9BZE4","GTPB4_HUMAN","GTP-binding protein 4","Q9BZE4_Y58_M1_28","Phospho (STY)",-0.67207279998497,0.450724790443332,0.00887307083805181,4,"Not significant"
"LPS+Nigericin / Nigericin","ACTBL2","Q562R1","Q562R1","ACTBL_HUMAN","Beta-actin-like protein 2","Q562R1_Y54_M1_28","Phospho (STY)",-3.0391108334553,0.451287710708068,0.00955258978529103,6,"Not significant"
"LPS+Nigericin / Nigericin","ARPP19","P56211","P56211","ARP19_HUMAN","cAMP-regulated phosphoprotein 19","P56211_T85_M1_28","Phospho (STY)",-3.05453222036167,0.453517518375483,0.0101362418817253,5,"Not significant"
"LPS+Nigericin / Nigericin","HK1","P19367","P19367","HXK1_HUMAN","Hexokinase-1","P19367_Y732_M2_28","Phospho (STY)",8.06635534632633,0.455649814786423,0.0104716437314941,6,"Not significant"
"LPS+Nigericin / Nigericin","CAP1","Q01518","Q01518","CAP1_HUMAN","Adenylyl cyclase-associated protein 1","Q01518_S394_M1_28","Phospho (STY)",1.92451139441729,0.456331498430182,0.0107039515146368,6,"Not significant"
"LPS+Nigericin / Nigericin","PRPF3","O43395","O43395","PRPF3_HUMAN","U4/U6 small nuclear ribonucleoprotein Prp3","O43395_T254_M2_28","Phospho (STY)",-10.2412466543021,0.470818471659076,0.0162732255101524,5,"Not significant"
"LPS+Nigericin / Nigericin","TACC3","Q9Y6A5","Q9Y6A5","TACC3_HUMAN","Transforming acidic coiled-coil-containing protein 3","Q9Y6A5_Y764_M1_28","Phospho (STY)",-0.795544447676598,0.485158434447311,0.0217622079395986,6,"Not significant"
"LPS+Nigericin / Nigericin","GAPDH","P04406","P04406","G3P_HUMAN","Glyceraldehyde-3-phosphate dehydrogenase","P04406_T75_M1_28","Phospho (STY)",-1.01979865585001,0.490245227451931,0.024873622537826,6,"Not significant"
"LPS+Nigericin / Nigericin","HSPE1","P61604","P61604","CH10_HUMAN","10 kDa heat shock protein, mitochondrial","P61604_S53_M2_28","Phospho (STY)",-0.86699933975127,0.512537164247645,0.0386397664128595,6,"Not significant"
"LPS+Nigericin / Nigericin","HSPE1","P61604","P61604","CH10_HUMAN","10 kDa heat shock protein, mitochondrial","P61604_S51_M2_28","Phospho (STY)",-0.86699933975127,0.512537164247645,0.0386397603652469,6,"Not significant"
"LPS+Nigericin / Nigericin","CANX","P27824","P27824","CALX_HUMAN","Calnexin","P27824_Y150_M2_28","Phospho (STY)",-0.890056616900481,0.519159910705046,0.0438406321013093,5,"Not significant"
"LPS+Nigericin / Nigericin","FLNA","P21333","P21333","FLNA_HUMAN","Filamin-A","P21333_S2279_M1_28","Phospho (STY)",-0.780209519686595,0.525006648747305,0.047943251923318,6,"Not significant"
"LPS+Nigericin / Nigericin","AHNAK","Q09666","Q09666","AHNK_HUMAN","Neuroblast differentiation-associated protein AHNAK","Q09666_S5190_M2_28","Phospho (STY)",0.457627349725464,0.525398962939454,0.0486741455983944,5,"Not significant"
"LPS+Nigericin / Nigericin","SOD2","P04179","P04179","SODM_HUMAN","Superoxide dismutase [Mn], mitochondrial","P04179_S106_M1_28","Phospho (STY)",1.52143640811047,0.528173048977793,0.0511760931632794,6,"Not significant"
"LPS+Nigericin / Nigericin","TUBB2A","Q13885","Q13885","TBB2A_HUMAN","Tubulin beta-2A chain","Q13885_S124_M2_28","Phospho (STY)",-1.93272168749714,0.544377458392286,0.0682204161457232,4,"Not significant"
"LPS+Nigericin / Nigericin","H2BC21","Q16778","Q16778","H2B2E_HUMAN","Histone H2B type 2-E","Q16778_Y38_M2_28","Phospho (STY)",6.98929820687186,0.546819908819072,0.0720045804086614,4,"Not significant"
"LPS+Nigericin / Nigericin","HSPA5","P11021","P11021","BIP_HUMAN","Endoplasmic reticulum chaperone BiP","P11021_T85_M3_28","Phospho (STY)",-7.15056726277588,0.548292826144257,0.0738870874280646,5,"Not significant"
"LPS+Nigericin / Nigericin","HSPD1","P10809","P10809","CH60_HUMAN","60 kDa heat shock protein, mitochondrial","P10809_T54_M1_28","Phospho (STY)",1.19623059394852,0.559744285078688,0.0876959612395988,6,"Not significant"
"LPS+Nigericin / Nigericin","COMT","P21964","P21964","COMT_HUMAN","Catechol O-methyltransferase","P21964_T163_M1_28","Phospho (STY)",-2.73591041682903,0.564094100289193,0.0943500266391479,5,"Not significant"
"LPS+Nigericin / Nigericin","PDIA3","P30101","P30101","PDIA3_HUMAN","Protein disulfide-isomerase A3","P30101_Y467_M1_28","Phospho (STY)",-0.405892956966238,0.566959694033638,0.0982107381856071,6,"Not significant"
"LPS+Nigericin / Nigericin","CAT","P04040","P04040","CATA_HUMAN","Catalase","P04040_Y308_M1_28","Phospho (STY)",-0.693892762632642,0.567691774401321,0.0998611585480798,6,"Not significant"
"LPS+Nigericin / Nigericin","HMGA1","P17096","P17096","HMGA1_HUMAN","High mobility group protein HMG-I/HMG-Y","P17096_S44_M2_28","Phospho (STY)",-0.442890433267508,0.570092396692489,0.10315954061927,6,"Not significant"
"LPS+Nigericin / Nigericin","ATXN2L","Q8WWM7","Q8WWM7","ATX2L_HUMAN","Ataxin-2-like protein","Q8WWM7_T182_M1_28","Phospho (STY)",-1.80197770913595,0.572220170130119,0.106405626390845,6,"Not significant"
"LPS+Nigericin / Nigericin","DDX3X","O00571","O00571","DDX3X_HUMAN","ATP-dependent RNA helicase DDX3X","O00571_Y266_M1_28","Phospho (STY)",-3.94325024259185,0.573781756679342,0.108788956539407,4,"Not significant"
"LPS+Nigericin / Nigericin","FABP5","Q01469","Q01469","FABP5_HUMAN","Fatty acid-binding protein 5","Q01469_T90_M2_28","Phospho (STY)",-0.922954533297149,0.581831091364646,0.122860027377395,4,"Not significant"
"LPS+Nigericin / Nigericin","ERP29","P30040","P30040","ERP29_HUMAN","Endoplasmic reticulum resident protein 29","P30040_Y151_M1_28","Phospho (STY)",-0.342290883846845,0.582616539670852,0.124583484132043,6,"Not significant"
"LPS+Nigericin / Nigericin","HSP90B1","P14625","P14625","ENPL_HUMAN","Endoplasmin","P14625_S643_M2_28","Phospho (STY)",0.613161777945514,0.585107102687036,0.129280812957435,4,"Not significant"
"LPS+Nigericin / Nigericin","ACTB","Cont_P60712;P60709","Cont_P60712;P60709","ACTB_BOVIN;ACTB_HUMAN","Actin, cytoplasmic 1;Actin, cytoplasmic 1","Cont_P60712_Y294_M2_28","Phospho (STY)",0.275828205844003,0.58657173483629,0.131910396318898,4,"Not significant"
"LPS+Nigericin / Nigericin","ACTB","Cont_P60712;P60709","Cont_P60712;P60709","ACTB_BOVIN;ACTB_HUMAN","Actin, cytoplasmic 1;Actin, cytoplasmic 1","P60709_Y294_M2_28","Phospho (STY)",0.275828205844003,0.58657173483629,0.131910396318898,4,"Not significant"
"LPS+Nigericin / Nigericin","TUBB5;TUBB","Cont_Q2KJD0;P07437","Cont_Q2KJD0;P07437","TBB5_BOVIN;TBB5_HUMAN","Tubulin beta-5 chain;Tubulin beta chain","Cont_Q2KJD0_Y281_M3_28","Phospho (STY)",-0.594695572958566,0.58871626339458,0.136268429699224,5,"Not significant"
"LPS+Nigericin / Nigericin","TUBB5;TUBB","Cont_Q2KJD0;P07437","Cont_Q2KJD0;P07437","TBB5_BOVIN;TBB5_HUMAN","Tubulin beta-5 chain;Tubulin beta chain","P07437_Y281_M3_28","Phospho (STY)",-0.594695572958566,0.58871626339458,0.136268429699224,5,"Not significant"
"LPS+Nigericin / Nigericin","GM2A","P17900","P17900","SAP3_HUMAN","Ganglioside GM2 activator","P17900_Y145_M1_28","Phospho (STY)",-2.26002587581726,0.590332397715826,0.13965535971923,4,"Not significant"
"LPS+Nigericin / Nigericin","THRAP3","Q9Y2W1","Q9Y2W1","TR150_HUMAN","Thyroid hormone receptor-associated protein 3","Q9Y2W1_S248_M1_28","Phospho (STY)",1.12409035448131,0.590948002323484,0.141136163668514,6,"Not significant"
"LPS+Nigericin / Nigericin","HMGB1","P09429","P09429","HMGB1_HUMAN","High mobility group protein B1","P09429_S121_M1_28","Phospho (STY)",0.776756665217558,0.592746227236013,0.143974654190403,6,"Not significant"
"LPS+Nigericin / Nigericin","EIF1AX","P47813","P47813","IF1AX_HUMAN","Eukaryotic translation initiation factor 1A, X-chromosomal","P47813_S74_M2_28","Phospho (STY)",-0.851893280132995,0.59487738140829,0.147404575135248,5,"Not significant"
"LPS+Nigericin / Nigericin","HSP90AA1","P07900","P07900","HS90A_HUMAN","Heat shock protein HSP 90-alpha","P07900_S442_M1_28","Phospho (STY)",-0.627922359240469,0.596561021877753,0.151818898968955,6,"Not significant"
"LPS+Nigericin / Nigericin","H4C1","P62805","P62805","H4_HUMAN","Histone H4","P62805_T81_M1_28","Phospho (STY)",-0.306170801928105,0.599060661622168,0.1564608093216,6,"Not significant"
"LPS+Nigericin / Nigericin","GSN","Cont_Q3SX14","Cont_Q3SX14","GELS_BOVIN","Gelsolin","Cont_Q3SX14_Y320_M2_28","Phospho (STY)",-11.8954123273847,0.603121480649919,0.187693465274856,6,"Not significant"
"LPS+Nigericin / Nigericin","ABCC3","O15438","O15438","MRP3_HUMAN","ATP-binding cassette sub-family C member 3","O15438_S273_M1_28","Phospho (STY)",-0.294517287668569,0.603121480649919,0.168459588771512,5,"Not significant"
"LPS+Nigericin / Nigericin","MCM3AP","O60318","O60318","GANP_HUMAN","Germinal-center associated nuclear protein","O60318_T735_M1_28","Phospho (STY)",-5.45197966827583,0.603121480649919,0.187267401635616,5,"Not significant"
"LPS+Nigericin / Nigericin","CUTA","O60888","O60888","CUTA_HUMAN","Protein CutA","O60888_T125_M1_28","Phospho (STY)",-10.2399530385431,0.603121480649919,0.185429358895879,6,"Not significant"
"LPS+Nigericin / Nigericin","ANXA5","P08758","P08758","ANXA5_HUMAN","Annexin A5","P08758_T74_M1_28","Phospho (STY)",-1.09706923326148,0.603121480649919,0.170245758055276,5,"Not significant"
"LPS+Nigericin / Nigericin","HSPA5","P11021","P11021","BIP_HUMAN","Endoplasmic reticulum chaperone BiP","P11021_S86_M3_28","Phospho (STY)",-6.57165379535698,0.603121480649919,0.188443420447621,6,"Not significant"
"LPS+Nigericin / Nigericin","ATP5F1A","P25705","P25705","ATPA_HUMAN","ATP synthase subunit alpha, mitochondrial","P25705_Y321_M2_28","Phospho (STY)",-1.40840797939881,0.603121480649919,0.168426263388911,5,"Not significant"
"LPS+Nigericin / Nigericin","CSTF2","P33240","P33240","CSTF2_HUMAN","Cleavage stimulation factor subunit 2","P33240_T548_M1_28","Phospho (STY)",3.15089306850078,0.603121480649919,0.187945616023232,6,"Not significant"
"LPS+Nigericin / Nigericin","HSPA2","P54652","P54652","HSP72_HUMAN","Heat shock-related 70 kDa protein 2","P54652_S142_M2_28","Phospho (STY)",5.8104667140001,0.603121480649919,0.18593040395555,6,"Not significant"
"LPS+Nigericin / Nigericin","CORO7","P57737","P57737","CORO7_HUMAN","Coronin-7","P57737_T540_M1_28","Phospho (STY)",-4.06297866799717,0.603121480649919,0.187333074138643,5,"Not significant"
"LPS+Nigericin / Nigericin","CLTC","Q00610","Q00610","CLH1_HUMAN","Clathrin heavy chain 1","Q00610_T235_M1_28","Phospho (STY)",-1.55184317999643,0.603121480649919,0.182979708913187,6,"Not significant"
"LPS+Nigericin / Nigericin","RBM39","Q14498","Q14498","RBM39_HUMAN","RNA-binding protein 39","Q14498_S136_M1_28","Phospho (STY)",-0.76642396757196,0.603121480649919,0.165281746651621,6,"Not significant"
"LPS+Nigericin / Nigericin","PLEKHO2","Q8TD55","Q8TD55","PKHO2_HUMAN","Pleckstrin homology domain-containing family O member 2","Q8TD55_S390_M2_28","Phospho (STY)",0.592509419769489,0.603121480649919,0.173190399294513,5,"Not significant"
"LPS+Nigericin / Nigericin","HINT2","Q9BX68","Q9BX68","HINT2_HUMAN","Adenosine 5'-monophosphoramidase HINT2","Q9BX68_S101_M1_28","Phospho (STY)",0.995072098605394,0.603121480649919,0.191146738496043,6,"Not significant"
"LPS+Nigericin / Nigericin","EEF1A1","Cont_P68103;P68104","Cont_P68103;P68104","EF1A1_BOVIN;EF1A1_HUMAN","Elongation factor 1-alpha 1","Cont_P68103_Y357_M1_28","Phospho (STY)",0.645335671630999,0.603202993881853,0.198906642229131,6,"Not significant"
"LPS+Nigericin / Nigericin","EEF1A1","Cont_P68103;P68104","Cont_P68103;P68104","EF1A1_BOVIN;EF1A1_HUMAN","Elongation factor 1-alpha 1","P68104_Y357_M1_28","Phospho (STY)",0.645335671630999,0.603202993881853,0.198906642229131,6,"Not significant"
"LPS+Nigericin / Nigericin","ATP2C1","P98194","P98194","AT2C1_HUMAN","Calcium-transporting ATPase type 2C member 1","P98194_S36_M1_28","Phospho (STY)",0.580972974450754,0.603202993881853,0.199365822613257,6,"Not significant"
"LPS+Nigericin / Nigericin","DARS1","P14868","P14868","SYDC_HUMAN","Aspartate--tRNA ligase, cytoplasmic","P14868_T220_M1_28","Phospho (STY)",-6.03553976110507,0.603550712088835,0.202385402210684,5,"Not significant"
"LPS+Nigericin / Nigericin","EIF5B","O60841","O60841","IF2P_HUMAN","Eukaryotic translation initiation factor 5B","O60841_T642_M1_28","Phospho (STY)",5.68512044417798,0.603639789382026,0.203225654722425,6,"Not significant"
"LPS+Nigericin / Nigericin","H1-5","P16401","P16401","H15_HUMAN","Histone H1.5","P16401_S2_M2_28","Phospho (STY)",3.23651521973645,0.603722288652649,0.204090465871966,6,"Not significant"
"LPS+Nigericin / Nigericin","ILF2","Q12905","Q12905","ILF2_HUMAN","Interleukin enhancer-binding factor 2","Q12905_Y338_M1_28","Phospho (STY)",-6.33308952918435,0.604316063081654,0.206711444859932,5,"Not significant"
"LPS+Nigericin / Nigericin","CHMP4B","Q9H444","Q9H444","CHM4B_HUMAN","Charged multivesicular body protein 4b","Q9H444_Y75_M3_28","Phospho (STY)",-2.24417861251506,0.604775469236266,0.209339881954574,4,"Not significant"
"LPS+Nigericin / Nigericin","AHNAK","Q09666","Q09666","AHNK_HUMAN","Neuroblast differentiation-associated protein AHNAK","Q09666_S2580_M1_28","Phospho (STY)",0.840531148391574,0.605215896427428,0.212078429264504,6,"Not significant"
"LPS+Nigericin / Nigericin","AHNAK","Q09666","Q09666","AHNK_HUMAN","Neuroblast differentiation-associated protein AHNAK","Q09666_S4002_M1_28","Phospho (STY)",0.840531148391574,0.605215896427428,0.212078429264504,6,"Not significant"
"LPS+Nigericin / Nigericin","AHNAK","Q09666","Q09666","AHNK_HUMAN","Neuroblast differentiation-associated protein AHNAK","Q09666_S4258_M1_28","Phospho (STY)",0.840531148391574,0.605215896427428,0.212078429264504,6,"Not significant"
"LPS+Nigericin / Nigericin","AHNAK","Q09666","Q09666","AHNK_HUMAN","Neuroblast differentiation-associated protein AHNAK","Q09666_S4460_M1_28","Phospho (STY)",0.840531148391574,0.605215896427428,0.212078429264504,6,"Not significant"
"LPS+Nigericin / Nigericin","HNRNPA1","P09651","P09651","ROA1_HUMAN","Heterogeneous nuclear ribonucleoprotein A1","P09651_S2_M2_28","Phospho (STY)",6.10447968309837,0.605290855935159,0.212664069200235,6,"Not significant"
"LPS+Nigericin / Nigericin","GM2A","P17900","P17900","SAP3_HUMAN","Ganglioside GM2 activator","P17900_Y168_M1_28","Phospho (STY)",4.2626503890189,0.606832939068731,0.218563254855421,6,"Not significant"
"LPS+Nigericin / Nigericin","PRSS1","Cont_P00760","Cont_P00760","TRY1_BOVIN","Serine protease 1","Cont_P00760_Y99_M2_28","Phospho (STY)",-1.47168697887329,0.606963853196942,0.219571516708386,6,"Not significant"
"LPS+Nigericin / Nigericin","NONO","Q15233","Q15233","NONO_HUMAN","Non-POU domain-containing octamer-binding protein","Q15233_T418_M2_28","Phospho (STY)",9.91064362694257,0.607164852501337,0.220491567763302,5,"Not significant"
"LPS+Nigericin / Nigericin","MSI2","Q96DH6","Q96DH6","MSI2H_HUMAN","RNA-binding protein Musashi homolog 2","Q96DH6_S74_M1_28","Phospho (STY)",0.91314744606708,0.607605839214703,0.221887174822931,4,"Not significant"
"LPS+Nigericin / Nigericin","HSPA2","P54652","P54652","HSP72_HUMAN","Heat shock-related 70 kDa protein 2","P54652_Y614_M1_28","Phospho (STY)",-0.347237005379029,0.607839973181297,0.222985947766967,6,"Not significant"
"LPS+Nigericin / Nigericin","PYCARD","Q9ULZ3","Q9ULZ3","ASC_HUMAN","Apoptosis-associated speck-like protein containing a CARD","Q9ULZ3_T16_M1_28","Phospho (STY)",-0.897475283391007,0.607993959402322,0.223368584318874,6,"Not significant"
"LPS+Nigericin / Nigericin","TXNDC12","O95881","O95881","TXD12_HUMAN","Thioredoxin domain-containing protein 12","O95881_S121_M1_28","Phospho (STY)",-0.618601972950199,0.608465606753595,0.22490059098139,6,"Not significant"
"LPS+Nigericin / Nigericin","ANXA2","P07355","P07355","ANXA2_HUMAN","Annexin A2","P07355_Y147_M1_28","Phospho (STY)",-0.366212106493302,0.609797468374623,0.229566333595239,6,"Not significant"
"LPS+Nigericin / Nigericin","LSP1","P33241","P33241","LSP1_HUMAN","Lymphocyte-specific protein 1","P33241_S189_M1_28","Phospho (STY)",-0.441341405948315,0.609884664955115,0.229881393235098,6,"Not significant"
"LPS+Nigericin / Nigericin","HSPA5","P11021","P11021","BIP_HUMAN","Endoplasmic reticulum chaperone BiP","P11021_T445_M2_28","Phospho (STY)",0.48572773509012,0.610801266085581,0.233342422004139,6,"Not significant"
"LPS+Nigericin / Nigericin","HSPA8","P11142","P11142","HSP7C_HUMAN","Heat shock cognate 71 kDa protein","P11142_T66_M2_28","Phospho (STY)",-0.572543561298069,0.611418105799219,0.235833037071302,6,"Not significant"
"LPS+Nigericin / Nigericin","HSPA8","P11142","P11142","HSP7C_HUMAN","Heat shock cognate 71 kDa protein","P11142_T64_M2_28","Phospho (STY)",-0.572543561298069,0.611418105799219,0.235833037071302,6,"Not significant"
"LPS+Nigericin / Nigericin","PTPN6","P29350","P29350","PTN6_HUMAN","Tyrosine-protein phosphatase non-receptor type 6","P29350_S285_M2_28","Phospho (STY)",7.83450820848466,0.61232235888191,0.239096627827158,5,"Not significant"
"LPS+Nigericin / Nigericin","HLA-H","P01893","P01893","HLAH_HUMAN","Putative HLA class I histocompatibility antigen, alpha chain H","P01893_S48_M1_28","Phospho (STY)",1.24697645616644,0.612490937868565,0.239622217866453,5,"Not significant"
"LPS+Nigericin / Nigericin","UGGT1","Q9NYU2","Q9NYU2","UGGG1_HUMAN","UDP-glucose:glycoprotein glucosyltransferase 1","Q9NYU2_S931_M1_28","Phospho (STY)",-0.240986485510697,0.613212544045775,0.24252796954898,6,"Not significant"
"LPS+Nigericin / Nigericin","PLEC","Q15149","Q15149","PLEC_HUMAN","Plectin","Q15149_Y4112_M1_28","Phospho (STY)",-6.05787999030751,0.613219684864918,0.242794133227044,6,"Not significant"
"LPS+Nigericin / Nigericin","POLR3E","Q9NVU0","Q9NVU0","RPC5_HUMAN","DNA-directed RNA polymerase III subunit RPC5","Q9NVU0_Y404_M1_28","Phospho (STY)",4.32822036273155,0.613231451234784,0.242975343941525,6,"Not significant"
"LPS+Nigericin / Nigericin","RTRAF","Q9Y224","Q9Y224","RTRAF_HUMAN","RNA transcription, translation and transport factor protein","Q9Y224_T114_M1_28","Phospho (STY)",-4.92291024366822,0.613422711921763,0.243737924344889,6,"Not significant"
"LPS+Nigericin / Nigericin","IL1B","P01584","P01584","IL1B_HUMAN","Interleukin-1 beta","P01584_S35_M1_28","Phospho (STY)",1.87872314034651,0.61423589543042,0.246802826764188,6,"Not significant"
"LPS+Nigericin / Nigericin","GSN","Cont_Q3SX14","Cont_Q3SX14","GELS_BOVIN","Gelsolin","Cont_Q3SX14_Y320_M1_28","Phospho (STY)",-0.356543136100256,0.615037464802732,0.249050090349991,6,"Not significant"
"LPS+Nigericin / Nigericin","ACTC1","P68032","P68032","ACTC_HUMAN","Actin, alpha cardiac muscle 1","P68032_Y220_M2_28","Phospho (STY)",3.52029259581793,0.615546841491705,0.25050938274792,6,"Not significant"
"LPS+Nigericin / Nigericin","P4HB","P07237","P07237","PDIA1_HUMAN","Protein disulfide-isomerase","P07237_Y414_M2_28","Phospho (STY)",-4.85625219383392,0.616221226552952,0.252436042295674,6,"Not significant"
"LPS+Nigericin / Nigericin","PDS5B","Q9NTI5","Q9NTI5","PDS5B_HUMAN","Sister chromatid cohesion protein PDS5 homolog B","Q9NTI5_S1358_M1_28","Phospho (STY)",0.881954518792512,0.616288637254929,0.252772184878685,6,"Not significant"
"LPS+Nigericin / Nigericin","RAC2","P15153","P15153","RAC2_HUMAN","Ras-related C3 botulinum toxin substrate 2","P15153_Y72_M1_28","Phospho (STY)",1.33003435646052,0.616467723640074,0.253169151766811,6,"Not significant"
"LPS+Nigericin / Nigericin","APOA2","Cont_P81644","Cont_P81644","APOA2_BOVIN","Apolipoprotein A-II","Cont_P81644_Y64_M1_28","Phospho (STY)",0.827375629503543,0.61648564381007,0.253232530064408,6,"Not significant"
"LPS+Nigericin / Nigericin","MRPS36","P82909","P82909","KGD4_HUMAN","Alpha-ketoglutarate dehydrogenase component 4","P82909_Y84_M1_28","Phospho (STY)",0.862065638831271,0.616597794105551,0.253439965406919,6,"Not significant"
"LPS+Nigericin / Nigericin","HSPA2","P54652","P54652","HSP72_HUMAN","Heat shock-related 70 kDa protein 2","P54652_Y108_M1_28","Phospho (STY)",1.63870935529602,0.616634556117953,0.253630568364636,6,"Not significant"
"LPS+Nigericin / Nigericin","HSP90AB1","P08238","P08238","HS90B_HUMAN","Heat shock protein HSP 90-beta","P08238_S67_M1_28","Phospho (STY)",-1.01319507972646,0.618722664034707,0.258430598072807,6,"Not significant"
"LPS+Nigericin / Nigericin","DYNLRB1","Q9NP97","Q9NP97","DLRB1_HUMAN","Dynein light chain roadblock-type 1","Q9NP97_Y86_M1_28","Phospho (STY)",2.11045503843197,0.618934420406979,0.258932122849786,6,"Not significant"
"LPS+Nigericin / Nigericin","HPCAL1","P37235","P37235","HPCL1_HUMAN","Hippocalcin-like protein 1","P37235_T158_M1_28","Phospho (STY)",0.893203821898917,0.619449212770974,0.260491128947942,6,"Not significant"
"LPS+Nigericin / Nigericin","NPM1","P06748","P06748","NPM_HUMAN","Nucleophosmin","P06748_Y67_M1_28","Phospho (STY)",0.68947061297764,0.620085817113925,0.261971697289765,6,"Not significant"
"LPS+Nigericin / Nigericin","HSPA9","P38646","P38646","GRP75_HUMAN","Stress-70 protein, mitochondrial","P38646_T504_M1_28","Phospho (STY)",0.608242464070859,0.620113555948336,0.262052483859544,6,"Not significant"
"LPS+Nigericin / Nigericin","HSPA8","P11142","P11142","HSP7C_HUMAN","Heat shock cognate 71 kDa protein","P11142_S329_M1_28","Phospho (STY)",-0.932180643749706,0.621718975843577,0.265614029456861,6,"Not significant"
"LPS+Nigericin / Nigericin","S100A9","P06702","P06702","S10A9_HUMAN","Protein S100-A9","P06702_T113_M1_28","Phospho (STY)",-0.602191234425805,0.624132292481139,0.271678957750684,6,"Not significant"
"LPS+Nigericin / Nigericin","ACTB","Cont_P60712;P60709","Cont_P60712;P60709","ACTB_BOVIN;ACTB_HUMAN","Actin, cytoplasmic 1;Actin, cytoplasmic 1","Cont_P60712_Y240_M2_28","Phospho (STY)",0.927785182292521,0.62534857739973,0.275153557241751,4,"Not significant"
"LPS+Nigericin / Nigericin","ACTB","Cont_P60712;P60709","Cont_P60712;P60709","ACTB_BOVIN;ACTB_HUMAN","Actin, cytoplasmic 1;Actin, cytoplasmic 1","P60709_Y240_M2_28","Phospho (STY)",0.927785182292521,0.62534857739973,0.275153557241751,4,"Not significant"
"LPS+Nigericin / Nigericin","LMNA","P02545","P02545","LMNA_HUMAN","Prelamin-A/C","P02545_S22_M1_28","Phospho (STY)",-0.208687224714538,0.625682978656173,0.276168704065899,5,"Not significant"
"LPS+Nigericin / Nigericin","HEATR1","Q9H583","Q9H583","HEAT1_HUMAN","HEAT repeat-containing protein 1","Q9H583_S156_M1_28","Phospho (STY)",0.290529731753827,0.626388179887864,0.278140935977315,6,"Not significant"
"LPS+Nigericin / Nigericin","GNA11","P29992","P29992","GNA11_HUMAN","Guanine nucleotide-binding protein subunit alpha-11","P29992_Y172_M1_28","Phospho (STY)",-0.186456902746656,0.62648749992103,0.278327317252879,6,"Not significant"
"LPS+Nigericin / Nigericin","ARGLU1","Q9NWB6","Q9NWB6","ARGL1_HUMAN","Arginine and glutamate-rich protein 1","Q9NWB6_S77_M1_28","Phospho (STY)",1.79216959169139,0.626903236218027,0.279176811225798,5,"Not significant"
"LPS+Nigericin / Nigericin","HSPA5","P11021","P11021","BIP_HUMAN","Endoplasmic reticulum chaperone BiP","P11021_Y175_M1_28","Phospho (STY)",0.692137266017267,0.628260873709503,0.283819298867178,6,"Not significant"
"LPS+Nigericin / Nigericin","HMGA1","P17096","P17096","HMGA1_HUMAN","High mobility group protein HMG-I/HMG-Y","P17096_S44_M1_28","Phospho (STY)",0.628230345150263,0.629104910449413,0.28599283196494,6,"Not significant"
"LPS+Nigericin / Nigericin","KDM6B","O15054","O15054","KDM6B_HUMAN","Lysine-specific demethylase 6B","O15054_S1025_M1_28","Phospho (STY)",-1.7640960425258,0.629716091475843,0.287955557856361,6,"Not significant"
"LPS+Nigericin / Nigericin","OSBPL8","Q9BZF1","Q9BZF1","OSBL8_HUMAN","Oxysterol-binding protein-related protein 8","Q9BZF1_S421_M1_28","Phospho (STY)",-0.871247145268296,0.629723830291277,0.287986890194728,6,"Not significant"
"LPS+Nigericin / Nigericin","ALDOA","P04075","P04075","ALDOA_HUMAN","Fructose-bisphosphate aldolase A","P04075_S160_M1_28","Phospho (STY)",1.50194831561977,0.629914258559488,0.288346686880203,4,"Not significant"
"LPS+Nigericin / Nigericin","POTEI","P0CG38","P0CG38","POTEI_HUMAN","POTE ankyrin domain family member I","P0CG38_Y918_M2_28","Phospho (STY)",0.287781138462546,0.629922110888076,0.288500836462853,6,"Not significant"
"LPS+Nigericin / Nigericin","ACTB","Cont_P60712;P60709","Cont_P60712;P60709","ACTB_BOVIN;ACTB_HUMAN","Actin, cytoplasmic 1;Actin, cytoplasmic 1","Cont_P60712_Y218_M1_28","Phospho (STY)",-0.216614603889754,0.630849103787272,0.291310418414061,6,"Not significant"
"LPS+Nigericin / Nigericin","ACTB","Cont_P60712;P60709","Cont_P60712;P60709","ACTB_BOVIN;ACTB_HUMAN","Actin, cytoplasmic 1;Actin, cytoplasmic 1","P60709_Y218_M1_28","Phospho (STY)",-0.216614603889754,0.630849103787272,0.291310418414061,6,"Not significant"
"LPS+Nigericin / Nigericin","PRSS1","P07477","P07477","TRY1_HUMAN","Serine protease 1","P07477_Y99_M1_28","Phospho (STY)",0.37422178815826,0.631521662552707,0.293256592575281,6,"Not significant"
"LPS+Nigericin / Nigericin","PTPRC","P08575","P08575","PTPRC_HUMAN","Receptor-type tyrosine-protein phosphatase C","P08575_S975_M1_28","Phospho (STY)",-0.322089307634734,0.631750378992473,0.293835149400029,6,"Not significant"
"LPS+Nigericin / Nigericin","PRSS1","P07477","P07477","TRY1_HUMAN","Serine protease 1","P07477_T103_M1_28","Phospho (STY)",-2.60563147542867,0.631804638456135,0.294033777337612,6,"Not significant"
"LPS+Nigericin / Nigericin","XIRP1","Q702N8","Q702N8","XIRP1_HUMAN","Xin actin-binding repeat-containing protein 1","Q702N8_S1349_M1_28","Phospho (STY)",2.01550480578817,0.632361091663353,0.295411549790971,5,"Not significant"
"LPS+Nigericin / Nigericin","YTHDC1","Q96MU7","Q96MU7","YTDC1_HUMAN","YTH domain-containing protein 1","Q96MU7_S308_M1_28","Phospho (STY)",-0.580557659098519,0.632894084125482,0.296702898761747,6,"Not significant"
"LPS+Nigericin / Nigericin","PRSS1","Cont_P00760","Cont_P00760","TRY1_BOVIN","Serine protease 1","Cont_P00760_Y229_M1_28","Phospho (STY)",-1.58579603558022,0.633972537254186,0.372053975153418,4,"Not significant"
"LPS+Nigericin / Nigericin","ACTB","Cont_P60712;P60709","Cont_P60712;P60709","ACTB_BOVIN;ACTB_HUMAN","Actin, cytoplasmic 1;Actin, cytoplasmic 1","Cont_P60712_Y294_M1_28","Phospho (STY)",-3.66918319036132,0.633972537254186,0.42104224755616,6,"Not significant"
"LPS+Nigericin / Nigericin","ACTB","Cont_P60712;P60709","Cont_P60712;P60709","ACTB_BOVIN;ACTB_HUMAN","Actin, cytoplasmic 1;Actin, cytoplasmic 1","P60709_Y294_M1_28","Phospho (STY)",-3.66918319036132,0.633972537254186,0.42104224755616,6,"Not significant"
"LPS+Nigericin / Nigericin","ACTB","Cont_P60712;P60709","Cont_P60712;P60709","ACTB_BOVIN;ACTB_HUMAN","Actin, cytoplasmic 1;Actin, cytoplasmic 1","Cont_P60712_S232_M2_28","Phospho (STY)",-1.31822635442429,0.633972537254186,0.412580417858587,5,"Not significant"
"LPS+Nigericin / Nigericin","ACTB","Cont_P60712;P60709","Cont_P60712;P60709","ACTB_BOVIN;ACTB_HUMAN","Actin, cytoplasmic 1;Actin, cytoplasmic 1","P60709_S232_M2_28","Phospho (STY)",-1.31822635442429,0.633972537254186,0.412580417858587,5,"Not significant"
"LPS+Nigericin / Nigericin","EEF1A1","Cont_P68103;P68104","Cont_P68103;P68104","EF1A1_BOVIN;EF1A1_HUMAN","Elongation factor 1-alpha 1","Cont_P68103_Y418_M2_28","Phospho (STY)",-7.25948970152835,0.633972537254186,0.423013952551915,6,"Not significant"
"LPS+Nigericin / Nigericin","EEF1A1","Cont_P68103;P68104","Cont_P68103;P68104","EF1A1_BOVIN;EF1A1_HUMAN","Elongation factor 1-alpha 1","P68104_Y418_M2_28","Phospho (STY)",-7.25948970152835,0.633972537254186,0.423013952551915,6,"Not significant"
"LPS+Nigericin / Nigericin","STX7","O15400","O15400","STX7_HUMAN","Syntaxin-7","O15400_T98_M1_28","Phospho (STY)",-6.94856039943881,0.633972537254186,0.422597836282439,6,"Not significant"
"LPS+Nigericin / Nigericin","ARL6IP5","O75915","O75915","PRAF3_HUMAN","PRA1 family protein 3","O75915_T160_M1_28","Phospho (STY)",-0.717663497145691,0.633972537254186,0.417997370403204,6,"Not significant"
"LPS+Nigericin / Nigericin","ERLIN2","O94905","O94905","ERLN2_HUMAN","Erlin-2","O94905_S243_M1_28","Phospho (STY)",0.713276740118732,0.633972537254186,0.356523599159969,6,"Not significant"
"LPS+Nigericin / Nigericin","TXNDC12","O95881","O95881","TXD12_HUMAN","Thioredoxin domain-containing protein 12","O95881_S53_M1_28","Phospho (STY)",-0.349079980879725,0.633972537254186,0.413592778479958,6,"Not significant"
"LPS+Nigericin / Nigericin","PGK1","P00558","P00558","PGK1_HUMAN","Phosphoglycerate kinase 1","P00558_S115_M1_28","Phospho (STY)",-3.1399683571884,0.633972537254186,0.402587369069973,6,"Not significant"
"LPS+Nigericin / Nigericin","GNAI2","P04899","P04899","GNAI2_HUMAN","Guanine nucleotide-binding protein G(i) subunit alpha-2","P04899_Y74_M1_28","Phospho (STY)",5.56780596405834,0.633972537254186,0.418964967766392,5,"Not significant"
"LPS+Nigericin / Nigericin","ITGB2","P05107","P05107","ITB2_HUMAN","Integrin beta-2","P05107_Y382_M2_28","Phospho (STY)",1.22417860976397,0.633972537254186,0.311163821284038,6,"Not significant"
"LPS+Nigericin / Nigericin","RPLP2","P05387","P05387","RLA2_HUMAN","Large ribosomal subunit protein P2","P05387_S44_M1_28","Phospho (STY)",-1.07591329437488,0.633972537254186,0.402521664318689,6,"Not significant"
"LPS+Nigericin / Nigericin","ITGB1","P05556","P05556","ITB1_HUMAN","Integrin beta-1","P05556_T112_M2_28","Phospho (STY)",9.99739991789196,0.633972537254186,0.422733104889901,6,"Not significant"
"LPS+Nigericin / Nigericin","ITGB1","P05556","P05556","ITB1_HUMAN","Integrin beta-1","P05556_T102_M2_28","Phospho (STY)",9.99739991789196,0.633972537254186,0.422733104889901,6,"Not significant"
"LPS+Nigericin / Nigericin","S100A9","P06702","P06702","S10A9_HUMAN","Protein S100-A9","P06702_Y22_M2_28","Phospho (STY)",0.355581718983275,0.633972537254186,0.414633046166799,4,"Not significant"
"LPS+Nigericin / Nigericin","ENO1","P06733","P06733","ENOA_HUMAN","Alpha-enolase","P06733_Y200_M1_28","Phospho (STY)",-8.44962705341492,0.633972537254186,0.42323597948395,6,"Not significant"
"LPS+Nigericin / Nigericin","GPX1","P07203","P07203","GPX1_HUMAN","Glutathione peroxidase 1","P07203_S95_M1_28","Phospho (STY)",-3.21941848225097,0.633972537254186,0.426809428296422,6,"Not significant"
"LPS+Nigericin / Nigericin","GPX1","P07203","P07203","GPX1_HUMAN","Glutathione peroxidase 1","P07203_S47_M2_28","Phospho (STY)",2.06447783650757,0.633972537254186,0.35846648416379,5,"Not significant"
"LPS+Nigericin / Nigericin","P4HB","P07237","P07237","PDIA1_HUMAN","Protein disulfide-isomerase","P07237_Y393_M1_28","Phospho (STY)",-0.415779239395619,0.633972537254186,0.314650965913197,6,"Not significant"
"LPS+Nigericin / Nigericin","P4HB","P07237","P07237","PDIA1_HUMAN","Protein disulfide-isomerase","P07237_S357_M1_28","Phospho (STY)",-0.521253612486041,0.633972537254186,0.361557376001207,6,"Not significant"
"LPS+Nigericin / Nigericin","ANXA6","P08133","P08133","ANXA6_HUMAN","Annexin A6","P08133_T356_M1_28","Phospho (STY)",7.69173162241448,0.633972537254186,0.423023913903116,6,"Not significant"
"LPS+Nigericin / Nigericin","VIM","P08670","P08670","VIME_HUMAN","Vimentin","P08670_S430_M1_28","Phospho (STY)",1.51502038777172,0.633972537254186,0.419215259412817,5,"Not significant"
"LPS+Nigericin / Nigericin","RPSA","P08865","P08865","RSSA_HUMAN","Small ribosomal subunit protein uS2","P08865_T144_M2_28","Phospho (STY)",-7.8113954367981,0.633972537254186,0.423145865432581,6,"Not significant"
"LPS+Nigericin / Nigericin","H2AC11;H2AC12;H2AC14","P0C0S8;Q96KK5;Q99878","P0C0S8;Q96KK5;Q99878","H2A1_HUMAN;H2A1H_HUMAN;H2A1J_HUMAN","Histone H2A type 1;Histone H2A type 1-H;Histone H2A type 1-J","P0C0S8_T121_M2_28","Phospho (STY)",10.6510861929856,0.633972537254186,0.422601157439912,6,"Not significant"
"LPS+Nigericin / Nigericin","H2AC11;H2AC12;H2AC14","P0C0S8;Q96KK5;Q99878","P0C0S8;Q96KK5;Q99878","H2A1_HUMAN;H2A1H_HUMAN;H2A1J_HUMAN","Histone H2A type 1;Histone H2A type 1-H;Histone H2A type 1-J","Q96KK5_T121_M2_28","Phospho (STY)",10.6510861929856,0.633972537254186,0.422601157439912,6,"Not significant"
"LPS+Nigericin / Nigericin","H2AC11;H2AC12;H2AC14","P0C0S8;Q96KK5;Q99878","P0C0S8;Q96KK5;Q99878","H2A1_HUMAN;H2A1H_HUMAN;H2A1J_HUMAN","Histone H2A type 1;Histone H2A type 1-H;Histone H2A type 1-J","Q99878_T121_M2_28","Phospho (STY)",10.6510861929856,0.633972537254186,0.422601157439912,6,"Not significant"
"LPS+Nigericin / Nigericin","H2AC11;H2AC12;H2AC14","P0C0S8;Q96KK5;Q99878","P0C0S8;Q96KK5;Q99878","H2A1_HUMAN;H2A1H_HUMAN;H2A1J_HUMAN","Histone H2A type 1;Histone H2A type 1-H;Histone H2A type 1-J","P0C0S8_T102_M1_28","Phospho (STY)",-4.87444847595335,0.633972537254186,0.425003771685555,6,"Not significant"
"LPS+Nigericin / Nigericin","H2AC11;H2AC12;H2AC14","P0C0S8;Q96KK5;Q99878","P0C0S8;Q96KK5;Q99878","H2A1_HUMAN;H2A1H_HUMAN;H2A1J_HUMAN","Histone H2A type 1;Histone H2A type 1-H;Histone H2A type 1-J","Q96KK5_T102_M1_28","Phospho (STY)",-4.87444847595335,0.633972537254186,0.425003771685555,6,"Not significant"
"LPS+Nigericin / Nigericin","H2AC11;H2AC12;H2AC14","P0C0S8;Q96KK5;Q99878","P0C0S8;Q96KK5;Q99878","H2A1_HUMAN;H2A1H_HUMAN;H2A1J_HUMAN","Histone H2A type 1;Histone H2A type 1-H;Histone H2A type 1-J","Q99878_T102_M1_28","Phospho (STY)",-4.87444847595335,0.633972537254186,0.425003771685555,6,"Not significant"
"LPS+Nigericin / Nigericin","SPP1","P10451","P10451","OSTP_HUMAN","Osteopontin","P10451_S310_M1_28","Phospho (STY)",-0.415410705157918,0.633972537254186,0.316701930979331,5,"Not significant"
"LPS+Nigericin / Nigericin","SPP1","P10451","P10451","OSTP_HUMAN","Osteopontin","P10451_S303_M1_28","Phospho (STY)",-0.70389559934193,0.633972537254186,0.395076333230851,6,"Not significant"
"LPS+Nigericin / Nigericin","HSPD1","P10809","P10809","CH60_HUMAN","60 kDa heat shock protein, mitochondrial","P10809_Y223_M2_28","Phospho (STY)",-11.9769433814274,0.633972537254186,0.422623072167947,6,"Not significant"
"LPS+Nigericin / Nigericin","HSPD1","P10809","P10809","CH60_HUMAN","60 kDa heat shock protein, mitochondrial","P10809_T422_M1_28","Phospho (STY)",-10.0841197481659,0.633972537254186,0.422664935872906,6,"Not significant"
"LPS+Nigericin / Nigericin","HSPD1","P10809","P10809","CH60_HUMAN","60 kDa heat shock protein, mitochondrial","P10809_Y90_M2_28","Phospho (STY)",6.20916458981555,0.633972537254186,0.422718658095488,6,"Not significant"
"LPS+Nigericin / Nigericin","PCNA","P12004","P12004","PCNA_HUMAN","Proliferating cell nuclear antigen","P12004_Y133_M2_28","Phospho (STY)",-3.92410561847794,0.633972537254186,0.415413421114469,6,"Not significant"
"LPS+Nigericin / Nigericin","XRCC6","P12956","P12956","XRCC6_HUMAN","X-ray repair cross-complementing protein 6","P12956_Y559_M1_28","Phospho (STY)",-3.95700670555766,0.633972537254186,0.41231115808858,6,"Not significant"
"LPS+Nigericin / Nigericin","RNH1","P13489","P13489","RINI_HUMAN","Ribonuclease inhibitor","P13489_S50_M1_28","Phospho (STY)",1.04814068482198,0.633972537254186,0.331527521270217,6,"Not significant"
"LPS+Nigericin / Nigericin","P4HA1","P13674","P13674","P4HA1_HUMAN","Prolyl 4-hydroxylase subunit alpha-1","P13674_S149_M1_28","Phospho (STY)",1.03812965157355,0.633972537254186,0.41417765125944,6,"Not significant"
"LPS+Nigericin / Nigericin","P4HA1","P13674","P13674","P4HA1_HUMAN","Prolyl 4-hydroxylase subunit alpha-1","P13674_S345_M1_28","Phospho (STY)",-1.15430079529602,0.633972537254186,0.333205498719274,6,"Not significant"
"LPS+Nigericin / Nigericin","GYS1","P13807","P13807","GYS1_HUMAN","Glycogen [starch] synthase, muscle","P13807_Y405_M1_28","Phospho (STY)",1.36623864142076,0.633972537254186,0.322340464793088,6,"Not significant"
"LPS+Nigericin / Nigericin","MTHFD2","P13995","P13995","MTDC_HUMAN","Bifunctional methylenetetrahydrofolate dehydrogenase/cyclohydrolase, mitochondrial","P13995_T284_M1_28","Phospho (STY)",-1.77335470104804,0.633972537254186,0.308891730424257,6,"Not significant"
"LPS+Nigericin / Nigericin","PRKCSH","P14314","P14314","GLU2B_HUMAN","Glucosidase 2 subunit beta","P14314_S478_M1_28","Phospho (STY)",-0.476738576358601,0.633972537254186,0.432344390800245,5,"Not significant"
"LPS+Nigericin / Nigericin","PRKCSH","P14314","P14314","GLU2B_HUMAN","Glucosidase 2 subunit beta","P14314_T489_M1_28","Phospho (STY)",0.848714870984058,0.633972537254186,0.356200125754255,5,"Not significant"
"LPS+Nigericin / Nigericin","HCLS1","P14317","P14317","HCLS1_HUMAN","Hematopoietic lineage cell-specific protein","P14317_S275_M1_28","Phospho (STY)",3.48878613976132,0.633972537254186,0.392866350745044,6,"Not significant"
"LPS+Nigericin / Nigericin","FOSL2","P15408","P15408","FOSL2_HUMAN","Fos-related antigen 2","P15408_S200_M1_28","Phospho (STY)",0.94410296135451,0.633972537254186,0.304896708560577,6,"Not significant"
"LPS+Nigericin / Nigericin","CREB1","P16220","P16220","CREB1_HUMAN","Cyclic AMP-responsive element-binding protein 1","P16220_S257_M1_28","Phospho (STY)",1.93043193874711,0.633972537254186,0.328767891074963,5,"Not significant"
"LPS+Nigericin / Nigericin","H1-3","P16402","P16402","H13_HUMAN","Histone H1.3","P16402_S37_M1_28","Phospho (STY)",12.7611959905426,0.633972537254186,0.422630473266285,6,"Not significant"
"LPS+Nigericin / Nigericin","PLCG2","P16885","P16885","PLCG2_HUMAN","1-phosphatidylinositol 4,5-bisphosphate phosphodiesterase gamma-2","P16885_T57_M1_28","Phospho (STY)",-4.48230780528554,0.633972537254186,0.420149056988181,6,"Not significant"
"LPS+Nigericin / Nigericin","JUND","P17535","P17535","JUND_HUMAN","Transcription factor JunD","P17535_S100_M1_28","Phospho (STY)",1.21414800937627,0.633972537254186,0.355924598469252,6,"Not significant"
"LPS+Nigericin / Nigericin","PSMC3","P17980","P17980","PRS6A_HUMAN","26S proteasome regulatory subunit 6A","P17980_S281_M2_28","Phospho (STY)",4.10900088498237,0.633972537254186,0.430853777203491,6,"Not significant"
"LPS+Nigericin / Nigericin","ATP5PF","P18859","P18859","ATP5J_HUMAN","ATP synthase-coupling factor 6, mitochondrial","P18859_T92_M1_28","Phospho (STY)",-4.69900442021791,0.633972537254186,0.421267927803606,6,"Not significant"
"LPS+Nigericin / Nigericin","RAB4A","P20338","P20338","RAB4A_HUMAN","Ras-related protein Rab-4A","P20338_Y61_M1_28","Phospho (STY)",7.04469848437545,0.633972537254186,0.422770731164682,6,"Not significant"
"LPS+Nigericin / Nigericin","LMNB1","P20700","P20700","LMNB1_HUMAN","Lamin-B1","P20700_T506_M2_28","Phospho (STY)",0.60373880821365,0.633972537254186,0.414383626624998,4,"Not significant"
"LPS+Nigericin / Nigericin","COMT","P21964","P21964","COMT_HUMAN","Catechol O-methyltransferase","P21964_Y82_M1_28","Phospho (STY)",-0.243232575244761,0.633972537254186,0.401129444553454,6,"Not significant"
"LPS+Nigericin / Nigericin","SCP2","P22307","P22307","SCP2_HUMAN","Sterol carrier protein 2","P22307_T473_M1_28","Phospho (STY)",-9.37301224441381,0.633972537254186,0.422651762832509,6,"Not significant"
"LPS+Nigericin / Nigericin","MYH9","P35579","P35579","MYH9_HUMAN","Myosin-9","P35579_S1376_M1_28","Phospho (STY)",-0.205749207757473,0.633972537254186,0.400448588556033,6,"Not significant"
"LPS+Nigericin / Nigericin","MYH9","P35579","P35579","MYH9_HUMAN","Myosin-9","P35579_S957_M1_28","Phospho (STY)",-5.00888339794868,0.633972537254186,0.423187294183886,6,"Not significant"
"LPS+Nigericin / Nigericin","PSMC2","P35998","P35998","PRS7_HUMAN","26S proteasome regulatory subunit 7","P35998_S68_M2_28","Phospho (STY)",4.5091728750524,0.633972537254186,0.423408401178933,5,"Not significant"
"LPS+Nigericin / Nigericin","HSPA9","P38646","P38646","GRP75_HUMAN","Stress-70 protein, mitochondrial","P38646_Y243_M1_28","Phospho (STY)",-6.22361859277398,0.633972537254186,0.423154003217711,6,"Not significant"
"LPS+Nigericin / Nigericin","CCT6A","P40227","P40227","TCPZ_HUMAN","T-complex protein 1 subunit zeta","P40227_T57_M1_28","Phospho (STY)",9.87495834569858,0.633972537254186,0.422665677454466,6,"Not significant"
"LPS+Nigericin / Nigericin","MDH2","P40926","P40926","MDHM_HUMAN","Malate dehydrogenase, mitochondrial","P40926_Y80_M1_28","Phospho (STY)",8.43767026191225,0.633972537254186,0.422686316605496,6,"Not significant"
"LPS+Nigericin / Nigericin","HNRNPM","P52272","P52272","HNRPM_HUMAN","Heterogeneous nuclear ribonucleoprotein M","P52272_Y100_M2_28","Phospho (STY)",4.98471003539608,0.633972537254186,0.423351245884762,6,"Not significant"
"LPS+Nigericin / Nigericin","ACLY","P53396","P53396","ACLY_HUMAN","ATP-citrate synthase","P53396_S947_M1_28","Phospho (STY)",-1.37821926150611,0.633972537254186,0.392854040631889,6,"Not significant"
"LPS+Nigericin / Nigericin","HSPA2","P54652","P54652","HSP72_HUMAN","Heat shock-related 70 kDa protein 2","P54652_Y135_M1_28","Phospho (STY)",6.57253679498327,0.633972537254186,0.422975247187627,6,"Not significant"
"LPS+Nigericin / Nigericin","ADAR","P55265","P55265","DSRAD_HUMAN","Double-stranded RNA-specific adenosine deaminase","P55265_Y306_M1_28","Phospho (STY)",0.479666666698708,0.633972537254186,0.400902142431321,6,"Not significant"
"LPS+Nigericin / Nigericin","CORO7","P57737","P57737","CORO7_HUMAN","Coronin-7","P57737_T540_M2_28","Phospho (STY)",-1.14589053291574,0.633972537254186,0.362917458500936,4,"Not significant"
"LPS+Nigericin / Nigericin","B2M","P61769","P61769","B2MG_HUMAN","Beta-2-microglobulin","P61769_Y46_M1_28","Phospho (STY)",-1.64096356077257,0.633972537254186,0.419722556789841,5,"Not significant"
"LPS+Nigericin / Nigericin","HNRNPK","P61978","P61978","HNRPK_HUMAN","Heterogeneous nuclear ribonucleoprotein K","P61978_Y72_M2_28","Phospho (STY)",-1.38677562067384,0.633972537254186,0.391725074013295,6,"Not significant"
"LPS+Nigericin / Nigericin","PPP2R2A","P63151","P63151","2ABA_HUMAN","Serine/threonine-protein phosphatase 2A 55 kDa regulatory subunit B alpha isoform","P63151_Y440_M2_28","Phospho (STY)",4.82285749231836,0.633972537254186,0.420929380637413,6,"Not significant"
"LPS+Nigericin / Nigericin","MRPS36","P82909","P82909","KGD4_HUMAN","Alpha-ketoglutarate dehydrogenase component 4","P82909_Y84_M2_28","Phospho (STY)",8.45127468157173,0.633972537254186,0.423114990581363,6,"Not significant"
"LPS+Nigericin / Nigericin","DAB2","P98082","P98082","DAB2_HUMAN","Disabled homolog 2","P98082_Y50_M1_28","Phospho (STY)",5.81453877016472,0.633972537254186,0.423623384028351,6,"Not significant"
"LPS+Nigericin / Nigericin","CAP1","Q01518","Q01518","CAP1_HUMAN","Adenylyl cyclase-associated protein 1","Q01518_Y153_M1_28","Phospho (STY)",-3.28630588423073,0.633972537254186,0.420458168444765,6,"Not significant"
"LPS+Nigericin / Nigericin","CAP1","Q01518","Q01518","CAP1_HUMAN","Adenylyl cyclase-associated protein 1","Q01518_Y354_M2_28","Phospho (STY)",0.311054056008286,0.633972537254186,0.382500982975,6,"Not significant"
"LPS+Nigericin / Nigericin","CAP1","Q01518","Q01518","CAP1_HUMAN","Adenylyl cyclase-associated protein 1","Q01518_Y419_M2_28","Phospho (STY)",11.3271788339984,0.633972537254186,0.422659922571854,6,"Not significant"
"LPS+Nigericin / Nigericin","SRSF1","Q07955","Q07955","SRSF1_HUMAN","Serine/arginine-rich splicing factor 1","Q07955_S199_M1_28","Phospho (STY)",-0.601758428215419,0.633972537254186,0.386881884452973,4,"Not significant"
"LPS+Nigericin / Nigericin","AHNAK","Q09666","Q09666","AHNK_HUMAN","Neuroblast differentiation-associated protein AHNAK","Q09666_S216_M1_28","Phospho (STY)",1.54343573990735,0.633972537254186,0.380999858575306,6,"Not significant"
"LPS+Nigericin / Nigericin","AHNAK","Q09666","Q09666","AHNK_HUMAN","Neuroblast differentiation-associated protein AHNAK","Q09666_S2397_M1_28","Phospho (STY)",3.01626279221259,0.633972537254186,0.391971542470547,6,"Not significant"
"LPS+Nigericin / Nigericin","AHNAK","Q09666","Q09666","AHNK_HUMAN","Neuroblast differentiation-associated protein AHNAK","Q09666_S1088_M1_28","Phospho (STY)",-8.07985147630343,0.633972537254186,0.423070703540014,6,"Not significant"
"LPS+Nigericin / Nigericin","BST1","Q10588","Q10588","BST1_HUMAN","ADP-ribosyl cyclase/cyclic ADP-ribose hydrolase 2","Q10588_Y200_M2_28","Phospho (STY)",3.37577349588946,0.633972537254186,0.434948517922135,5,"Not significant"
"LPS+Nigericin / Nigericin","HNRNPD","Q14103","Q14103","HNRPD_HUMAN","Heterogeneous nuclear ribonucleoprotein D0","Q14103_T229_M1_28","Phospho (STY)",0.997919435887771,0.633972537254186,0.313129429459106,6,"Not significant"
"LPS+Nigericin / Nigericin","FKBP8","Q14318","Q14318","FKBP8_HUMAN","Peptidyl-prolyl cis-trans isomerase FKBP8","Q14318_Y322_M2_28","Phospho (STY)",0.457287897109943,0.633972537254186,0.422542518344424,5,"Not significant"
"LPS+Nigericin / Nigericin","MVP","Q14764","Q14764","MVP_HUMAN","Major vault protein","Q14764_Y100_M2_28","Phospho (STY)",-0.428379884624457,0.633972537254186,0.401844276978261,6,"Not significant"
"LPS+Nigericin / Nigericin","PEA15","Q15121","Q15121","PEA15_HUMAN","Astrocytic phosphoprotein PEA-15","Q15121_Y4_M1_28","Phospho (STY)",2.76611563695547,0.633972537254186,0.396993997848655,6,"Not significant"
"LPS+Nigericin / Nigericin","NONO","Q15233","Q15233","NONO_HUMAN","Non-POU domain-containing octamer-binding protein","Q15233_Y158_M2_28","Phospho (STY)",-4.83309561855645,0.633972537254186,0.419174966615465,6,"Not significant"
"LPS+Nigericin / Nigericin","PWP2","Q15269","Q15269","PWP2_HUMAN","Periodic tryptophan protein 2 homolog","Q15269_S772_M1_28","Phospho (STY)",0.436638630534542,0.633972537254186,0.369775693311456,6,"Not significant"
"LPS+Nigericin / Nigericin","SF3B3","Q15393","Q15393","SF3B3_HUMAN","Splicing factor 3B subunit 3","Q15393_Y807_M2_28","Phospho (STY)",4.80730731830317,0.633972537254186,0.425645286279553,6,"Not significant"
"LPS+Nigericin / Nigericin","ZYX","Q15942","Q15942","ZYX_HUMAN","Zyxin","Q15942_S281_M1_28","Phospho (STY)",0.446333602944086,0.633972537254186,0.353947653615641,5,"Not significant"
"LPS+Nigericin / Nigericin","DPYSL2","Q16555","Q16555","DPYL2_HUMAN","Dihydropyrimidinase-related protein 2","Q16555_T555_M1_28","Phospho (STY)",-0.348751291868159,0.633972537254186,0.342133521170172,6,"Not significant"
"LPS+Nigericin / Nigericin","H2BC21","Q16778","Q16778","H2B2E_HUMAN","Histone H2B type 2-E","Q16778_S57_M1_28","Phospho (STY)",-9.11047730606047,0.633972537254186,0.422700726832143,5,"Not significant"
"LPS+Nigericin / Nigericin","ATP6V1F","Q16864","Q16864","VATF_HUMAN","V-type proton ATPase subunit F","Q16864_S104_M2_28","Phospho (STY)",1.50520025958986,0.633972537254186,0.363411393960615,6,"Not significant"
"LPS+Nigericin / Nigericin","ATP6V1F","Q16864","Q16864","VATF_HUMAN","V-type proton ATPase subunit F","Q16864_Y98_M2_28","Phospho (STY)",1.50520025958986,0.633972537254186,0.363411402708642,6,"Not significant"
"LPS+Nigericin / Nigericin","ACTBL2","Q562R1","Q562R1","ACTBL_HUMAN","Beta-actin-like protein 2","Q562R1_Y295_M2_28","Phospho (STY)",-11.4500380827963,0.633972537254186,0.422664403511903,6,"Not significant"
"LPS+Nigericin / Nigericin","HP1BP3","Q5SSJ5","Q5SSJ5","HP1B3_HUMAN","Heterochromatin protein 1-binding protein 3","Q5SSJ5_Y379_M2_28","Phospho (STY)",2.9102553538554,0.633972537254186,0.4079257036927,6,"Not significant"
"LPS+Nigericin / Nigericin","HP1BP3","Q5SSJ5","Q5SSJ5","HP1B3_HUMAN","Heterochromatin protein 1-binding protein 3","Q5SSJ5_Y344_M2_28","Phospho (STY)",2.2088905605457,0.633972537254186,0.434035627087708,6,"Not significant"
"LPS+Nigericin / Nigericin","PRPF8","Q6P2Q9","Q6P2Q9","PRP8_HUMAN","Pre-mRNA-processing-splicing factor 8","Q6P2Q9_Y1991_M1_28","Phospho (STY)",5.3313160278986,0.633972537254186,0.418168926060141,6,"Not significant"
"LPS+Nigericin / Nigericin","ZC3H14","Q6PJT7","Q6PJT7","ZC3HE_HUMAN","Zinc finger CCCH domain-containing protein 14","Q6PJT7_S515_M1_28","Phospho (STY)",0.843091860846125,0.633972537254186,0.406592804111688,6,"Not significant"
"LPS+Nigericin / Nigericin","XIRP1","Q702N8","Q702N8","XIRP1_HUMAN","Xin actin-binding repeat-containing protein 1","Q702N8_S295_M1_28","Phospho (STY)",0.852270201287952,0.633972537254186,0.42467529386163,6,"Not significant"
"LPS+Nigericin / Nigericin","HS2ST1","Q7LGA3","Q7LGA3","HS2ST_HUMAN","Heparan sulfate 2-O-sulfotransferase 1","Q7LGA3_Y102_M1_28","Phospho (STY)",-7.75910578392485,0.633972537254186,0.422353036447302,6,"Not significant"
"LPS+Nigericin / Nigericin","NUFIP2","Q7Z417","Q7Z417","NUFP2_HUMAN","FMR1-interacting protein NUFIP2","Q7Z417_S107_M2_28","Phospho (STY)",2.9512046512893,0.633972537254186,0.413895377491149,6,"Not significant"
"LPS+Nigericin / Nigericin","RAB44","Q7Z6P3","Q7Z6P3","RAB44_HUMAN","Ras-related protein Rab-44","Q7Z6P3_S509_M1_28","Phospho (STY)",1.04447014809647,0.633972537254186,0.401985234430103,6,"Not significant"
"LPS+Nigericin / Nigericin","TBC1D1","Q86TI0","Q86TI0","TBCD1_HUMAN","TBC1 domain family member 1","Q86TI0_S503_M1_28","Phospho (STY)",3.42504928847571,0.633972537254186,0.411884806877394,6,"Not significant"
"LPS+Nigericin / Nigericin","MTDH","Q86UE4","Q86UE4","LYRIC_HUMAN","Protein LYRIC","Q86UE4_S251_M1_28","Phospho (STY)",3.54618468993404,0.633972537254186,0.417750870585481,6,"Not significant"
"LPS+Nigericin / Nigericin","LILRB1","Q8NHL6","Q8NHL6","LIRB1_HUMAN","Leukocyte immunoglobulin-like receptor subfamily B member 1","Q8NHL6_S579_M1_28","Phospho (STY)",1.51741756554242,0.633972537254186,0.422416875005428,6,"Not significant"
"LPS+Nigericin / Nigericin","THOC2","Q8NI27","Q8NI27","THOC2_HUMAN","THO complex subunit 2","Q8NI27_Y54_M2_28","Phospho (STY)",0.625214661865127,0.633972537254186,0.411398046026906,6,"Not significant"
"LPS+Nigericin / Nigericin","DTX3L","Q8TDB6","Q8TDB6","DTX3L_HUMAN","E3 ubiquitin-protein ligase DTX3L","Q8TDB6_S9_M1_28","Phospho (STY)",0.819970538560292,0.633972537254186,0.388201536873034,5,"Not significant"
"LPS+Nigericin / Nigericin","AKT1S1","Q96B36","Q96B36","AKTS1_HUMAN","Proline-rich AKT1 substrate 1","Q96B36_Y46_M1_28","Phospho (STY)",1.62507706719375,0.633972537254186,0.398792525092154,5,"Not significant"
"LPS+Nigericin / Nigericin","AIDA","Q96BJ3","Q96BJ3","AIDA_HUMAN","Axin interactor, dorsalization-associated protein","Q96BJ3_Y104_M1_28","Phospho (STY)",-6.88916917351136,0.633972537254186,0.42377653295063,6,"Not significant"
"LPS+Nigericin / Nigericin","TUBB2B","Q9BVA1","Q9BVA1","TBB2B_HUMAN","Tubulin beta-2B chain","Q9BVA1_Y59_M1_28","Phospho (STY)",-7.77998471529386,0.633972537254186,0.422835790130217,6,"Not significant"
"LPS+Nigericin / Nigericin","RAB1B","Q9H0U4","Q9H0U4","RAB1B_HUMAN","Ras-related protein Rab-1B","Q9H0U4_S142_M1_28","Phospho (STY)",-0.24843816874446,0.633972537254186,0.399353574335157,6,"Not significant"
"LPS+Nigericin / Nigericin","LMAN2L","Q9H0V9","Q9H0V9","LMA2L_HUMAN","VIP36-like protein","Q9H0V9_Y134_M2_28","Phospho (STY)",6.51319463046889,0.633972537254186,0.422526859169683,6,"Not significant"
"LPS+Nigericin / Nigericin","ESF1","Q9H501","Q9H501","ESF1_HUMAN","ESF1 homolog","Q9H501_S371_M1_28","Phospho (STY)",6.49077953246953,0.633972537254186,0.422650386080842,6,"Not significant"
"LPS+Nigericin / Nigericin","CCDC86","Q9H6F5","Q9H6F5","CCD86_HUMAN","Coiled-coil domain-containing protein 86","Q9H6F5_S18_M1_28","Phospho (STY)",0.33460401661428,0.633972537254186,0.408748509000445,6,"Not significant"
"LPS+Nigericin / Nigericin","ECHDC1","Q9NTX5","Q9NTX5","ECHD1_HUMAN","Ethylmalonyl-CoA decarboxylase","Q9NTX5_T288_M1_28","Phospho (STY)",-8.02926705134716,0.633972537254186,0.423065993613865,6,"Not significant"
"LPS+Nigericin / Nigericin","QPCTL","Q9NXS2","Q9NXS2","QPCTL_HUMAN","Glutaminyl-peptide cyclotransferase-like protein","Q9NXS2_T216_M1_28","Phospho (STY)",0.644564013324052,0.633972537254186,0.37972659316749,6,"Not significant"
"LPS+Nigericin / Nigericin","BCLAF1","Q9NYF8","Q9NYF8","BCLF1_HUMAN","Bcl-2-associated transcription factor 1","Q9NYF8_S531_M1_28","Phospho (STY)",0.341284855684199,0.633972537254186,0.421181255081294,6,"Not significant"
"LPS+Nigericin / Nigericin","FAM120A","Q9NZB2","Q9NZB2","F120A_HUMAN","Constitutive coactivator of PPAR-gamma-like protein 1","Q9NZB2_Y1020_M2_28","Phospho (STY)",-4.59676533273343,0.633972537254186,0.421450648331556,6,"Not significant"
"LPS+Nigericin / Nigericin","NUP50","Q9UKX7","Q9UKX7","NUP50_HUMAN","Nuclear pore complex protein Nup50","Q9UKX7_S115_M1_28","Phospho (STY)",0.61539642007289,0.633972537254186,0.383387461216405,4,"Not significant"
"LPS+Nigericin / Nigericin","THRAP3","Q9Y2W1","Q9Y2W1","TR150_HUMAN","Thyroid hormone receptor-associated protein 3","Q9Y2W1_S253_M2_28","Phospho (STY)",-7.1120583850472,0.633972537254186,0.422195925271214,6,"Not significant"
"LPS+Nigericin / Nigericin","GPSM3","Q9Y4H4","Q9Y4H4","GPSM3_HUMAN","G-protein-signaling modulator 3","Q9Y4H4_S56_M1_28","Phospho (STY)",0.628090101246873,0.633972537254186,0.362742982862616,5,"Not significant"
"LPS+Nigericin / Nigericin","HSPA5","P11021","P11021","BIP_HUMAN","Endoplasmic reticulum chaperone BiP","P11021_T481_M2_28","Phospho (STY)",0.49812359911443,0.633972537254186,0.30981630777248,5,"Not significant"
"LPS+Nigericin / Nigericin","RPL22","P35268","P35268","RL22_HUMAN","Large ribosomal subunit protein eL22","P35268_S66_M1_28","Phospho (STY)",1.22439866205771,0.633972537254186,0.387408544452114,5,"Not significant"
"LPS+Nigericin / Nigericin","THRAP3","Q9Y2W1","Q9Y2W1","TR150_HUMAN","Thyroid hormone receptor-associated protein 3","Q9Y2W1_S682_M1_28","Phospho (STY)",0.983832019172586,0.633972537254186,0.327290331573546,4,"Not significant"
"LPS+Nigericin / Nigericin","CHMP4B","Q9H444","Q9H444","CHM4B_HUMAN","Charged multivesicular body protein 4b","Q9H444_T21_M1_28","Phospho (STY)",0.444935216476198,0.634077125370329,0.436476046556294,6,"Not significant"
"LPS+Nigericin / Nigericin","TPI1","P60174","P60174","TPIS_HUMAN","Triosephosphate isomerase","P60174_Y68_M1_28","Phospho (STY)",1.238726406113,0.634128189222172,0.437788410233128,6,"Not significant"
"LPS+Nigericin / Nigericin","PCBP1","Q15365","Q15365","PCBP1_HUMAN","Poly(rC)-binding protein 1","Q15365_S190_M1_28","Phospho (STY)",1.49746552995793,0.634128189222172,0.437849361987903,5,"Not significant"
"LPS+Nigericin / Nigericin","TUBB6","Q9BUF5","Q9BUF5","TBB6_HUMAN","Tubulin beta-6 chain","Q9BUF5_Y281_M1_28","Phospho (STY)",0.695664480835649,0.634440941977349,0.440130592493681,5,"Not significant"
"LPS+Nigericin / Nigericin","GGH","Q92820","Q92820","GGH_HUMAN","Gamma-glutamyl hydrolase","Q92820_T30_M1_28","Phospho (STY)",2.33325463515967,0.634621920745731,0.44137939999802,6,"Not significant"
"LPS+Nigericin / Nigericin","SH3KBP1","Q96B97","Q96B97","SH3K1_HUMAN","SH3 domain-containing kinase-binding protein 1","Q96B97_S230_M1_28","Phospho (STY)",1.53200210515186,0.634872089755649,0.44276872674138,6,"Not significant"
"LPS+Nigericin / Nigericin","ACADM","P11310","P11310","ACADM_HUMAN","Medium-chain specific acyl-CoA dehydrogenase, mitochondrial","P11310_T220_M1_28","Phospho (STY)",0.551066813667673,0.634993839234258,0.443839150916275,6,"Not significant"
"LPS+Nigericin / Nigericin","PLAUR","Q03405","Q03405","UPAR_HUMAN","Urokinase plasminogen activator surface receptor","Q03405_Y109_M1_28","Phospho (STY)",0.207744480299055,0.635154872772166,0.44447170296801,6,"Not significant"
"LPS+Nigericin / Nigericin","UBXN7","O94888","O94888","UBXN7_HUMAN","UBX domain-containing protein 7","O94888_Y468_M2_28","Phospho (STY)",-2.10749023720649,0.635298700158919,0.445198559944915,6,"Not significant"
"LPS+Nigericin / Nigericin","AHNAK","Q09666","Q09666","AHNK_HUMAN","Neuroblast differentiation-associated protein AHNAK","Q09666_S93_M1_28","Phospho (STY)",1.07879897277493,0.635298700158919,0.445214248860946,6,"Not significant"
"LPS+Nigericin / Nigericin","RPLP1","P05386","P05386","RLA1_HUMAN","Large ribosomal subunit protein P1","P05386_S83_M2_28","Phospho (STY)",0.957188802176541,0.635660601901528,0.446836901100897,6,"Not significant"
"LPS+Nigericin / Nigericin","SOD2","P04179","P04179","SODM_HUMAN","Superoxide dismutase [Mn], mitochondrial","P04179_Y69_M2_28","Phospho (STY)",3.69351783388972,0.636138503745061,0.448614125220167,4,"Not significant"
"LPS+Nigericin / Nigericin","ACTC1","P68032","P68032","ACTC_HUMAN","Actin, alpha cardiac muscle 1","P68032_Y242_M1_28","Phospho (STY)",0.383120471364044,0.636362345784449,0.449917370759971,5,"Not significant"
"LPS+Nigericin / Nigericin","PEA15","Q15121","Q15121","PEA15_HUMAN","Astrocytic phosphoprotein PEA-15","Q15121_S104_M1_28","Phospho (STY)",0.96701679876977,0.637610777474749,0.454667250094137,4,"Not significant"
"LPS+Nigericin / Nigericin","AHNAK","Q09666","Q09666","AHNK_HUMAN","Neuroblast differentiation-associated protein AHNAK","Q09666_S2600_M1_28","Phospho (STY)",0.993965147742861,0.637769506989563,0.455482411977562,6,"Not significant"
"LPS+Nigericin / Nigericin","AHNAK","Q09666","Q09666","AHNK_HUMAN","Neuroblast differentiation-associated protein AHNAK","Q09666_S2728_M1_28","Phospho (STY)",0.993965147742861,0.637769506989563,0.455482411977562,6,"Not significant"
"LPS+Nigericin / Nigericin","AHNAK","Q09666","Q09666","AHNK_HUMAN","Neuroblast differentiation-associated protein AHNAK","Q09666_S4150_M1_28","Phospho (STY)",0.993965147742861,0.637769506989563,0.455482411977562,6,"Not significant"
"LPS+Nigericin / Nigericin","AHNAK","Q09666","Q09666","AHNK_HUMAN","Neuroblast differentiation-associated protein AHNAK","Q09666_S4278_M1_28","Phospho (STY)",0.993965147742861,0.637769506989563,0.455482411977562,6,"Not significant"
"LPS+Nigericin / Nigericin","PGLS","O95336","O95336","6PGL_HUMAN","6-phosphogluconolactonase","O95336_T249_M1_28","Phospho (STY)",2.15727219322062,0.637810161563567,0.455552439741056,6,"Not significant"
"LPS+Nigericin / Nigericin","ZYX","Q15942","Q15942","ZYX_HUMAN","Zyxin","Q15942_S344_M1_28","Phospho (STY)",2.31696819365563,0.638005723008524,0.456419900119659,6,"Not significant"
"LPS+Nigericin / Nigericin","PMPCA","Q10713","Q10713","MPPA_HUMAN","Mitochondrial-processing peptidase subunit alpha","Q10713_Y270_M1_28","Phospho (STY)",-0.184490070760563,0.638511187334427,0.458289973771932,6,"Not significant"
"LPS+Nigericin / Nigericin","GCC2","Q8IWJ2","Q8IWJ2","GCC2_HUMAN","GRIP and coiled-coil domain-containing protein 2","Q8IWJ2_S1080_M2_28","Phospho (STY)",1.08773743860283,0.63974983282713,0.462565246766029,6,"Not significant"
"LPS+Nigericin / Nigericin","GCC2","Q8IWJ2","Q8IWJ2","GCC2_HUMAN","GRIP and coiled-coil domain-containing protein 2","Q8IWJ2_T1077_M2_28","Phospho (STY)",1.08773743860283,0.63974983282713,0.462565246766029,6,"Not significant"
"LPS+Nigericin / Nigericin","HCLS1","P14317","P14317","HCLS1_HUMAN","Hematopoietic lineage cell-specific protein","P14317_S275_M2_28","Phospho (STY)",-0.342816816618152,0.639872665451177,0.463075965689199,5,"Not significant"
"LPS+Nigericin / Nigericin","BTF3","P20290","P20290","BTF3_HUMAN","Transcription factor BTF3","P20290_T110_M2_28","Phospho (STY)",2.85085895762303,0.639902477638616,0.463208830142562,4,"Not significant"
"LPS+Nigericin / Nigericin","WDFY3","Q8IZQ1","Q8IZQ1","WDFY3_HUMAN","WD repeat and FYVE domain-containing protein 3","Q8IZQ1_S1315_M1_28","Phospho (STY)",1.05543699326847,0.640202837383479,0.464578598149369,6,"Not significant"
"LPS+Nigericin / Nigericin","CNK3/IPCEF1","G9CGD6","G9CGD6","CNIPF_HUMAN","CNK3/IPCEF1 fusion protein","G9CGD6_S123_M1_28","Phospho (STY)",0.536426232860524,0.640614114163028,0.465925602435224,6,"Not significant"
"LPS+Nigericin / Nigericin","RARS1","P54136","P54136","SYRC_HUMAN","Arginine--tRNA ligase, cytoplasmic","P54136_S177_M1_28","Phospho (STY)",3.01447137233706,0.641265045787359,0.468197719831716,5,"Not significant"
"LPS+Nigericin / Nigericin","KARS1","Q15046","Q15046","SYK_HUMAN","Lysine--tRNA ligase","Q15046_T411_M1_28","Phospho (STY)",-0.293861130042162,0.642344293335815,0.471886644136461,6,"Not significant"
"LPS+Nigericin / Nigericin","PDIA3","P30101","P30101","PDIA3_HUMAN","Protein disulfide-isomerase A3","P30101_Y364_M1_28","Phospho (STY)",2.25329624154668,0.642527677335653,0.472455535708677,6,"Not significant"
"LPS+Nigericin / Nigericin","VAMP3","Q15836","Q15836","VAMP3_HUMAN","Vesicle-associated membrane protein 3","Q15836_T18_M1_28","Phospho (STY)",0.492388605394244,0.642748322576416,0.473154524370484,6,"Not significant"
"LPS+Nigericin / Nigericin","ACAT1","P24752","P24752","THIL_HUMAN","Acetyl-CoA acetyltransferase, mitochondrial","P24752_S420_M1_28","Phospho (STY)",0.365878610591055,0.643570967113302,0.475789860358265,6,"Not significant"
"LPS+Nigericin / Nigericin","LSP1","P33241","P33241","LSP1_HUMAN","Lymphocyte-specific protein 1","P33241_S252_M1_28","Phospho (STY)",1.17921633770187,0.643976428379238,0.476894089464181,6,"Not significant"
"LPS+Nigericin / Nigericin","TFAM","Q00059","Q00059","TFAM_HUMAN","Transcription factor A, mitochondrial","Q00059_Y200_M1_28","Phospho (STY)",-0.280622882512233,0.644113729345222,0.477376039466676,6,"Not significant"
"LPS+Nigericin / Nigericin","PER1","O15534","O15534","PER1_HUMAN","Period circadian protein homolog 1","O15534_S1186_M1_28","Phospho (STY)",-2.75831126771275,0.644521238026011,0.478833462510464,6,"Not significant"
"LPS+Nigericin / Nigericin","ACOT8","O14734","O14734","ACOT8_HUMAN","Acyl-coenzyme A thioesterase 8","O14734_T301_M1_28","Phospho (STY)",0.695107013030457,0.644696789200346,0.502254034735532,6,"Not significant"
"LPS+Nigericin / Nigericin","ACTN4","O43707","O43707","ACTN4_HUMAN","Alpha-actinin-4","O43707_Y878_M1_28","Phospho (STY)",0.420677282344845,0.644696789200346,0.490369362338287,6,"Not significant"
"LPS+Nigericin / Nigericin","RP2","O75695","O75695","XRP2_HUMAN","Protein XRP2","O75695_S219_M1_28","Phospho (STY)",-0.330756786550319,0.644696789200346,0.502496466680683,6,"Not significant"
"LPS+Nigericin / Nigericin","NFATC1","O95644","O95644","NFAC1_HUMAN","Nuclear factor of activated T-cells, cytoplasmic 1","O95644_S158_M2_28","Phospho (STY)",-5.06602995573425,0.644696789200346,0.495082472781057,4,"Not significant"
"LPS+Nigericin / Nigericin","HNRNPA1","P09651","P09651","ROA1_HUMAN","Heterogeneous nuclear ribonucleoprotein A1","P09651_Y62_M2_28","Phospho (STY)",-1.46009062631695,0.644696789200346,0.501278210468105,6,"Not significant"
"LPS+Nigericin / Nigericin","HSPA5","P11021","P11021","BIP_HUMAN","Endoplasmic reticulum chaperone BiP","P11021_Y127_M2_28","Phospho (STY)",-0.521107999464044,0.644696789200346,0.483117386470638,6,"Not significant"
"LPS+Nigericin / Nigericin","HNRNPA2B1","P22626","P22626","ROA2_HUMAN","Heterogeneous nuclear ribonucleoproteins A2/B1","P22626_T159_M1_28","Phospho (STY)",0.654209792087094,0.644696789200346,0.481240081441769,6,"Not significant"
"LPS+Nigericin / Nigericin","CANX","P27824","P27824","CALX_HUMAN","Calnexin","P27824_S583_M1_28","Phospho (STY)",-0.224982633406044,0.644696789200346,0.500632201508643,6,"Not significant"
"LPS+Nigericin / Nigericin","LAP3","P28838","P28838","AMPL_HUMAN","Cytosol aminopeptidase","P28838_Y87_M2_28","Phospho (STY)",5.40582247459095,0.644696789200346,0.499103604054013,5,"Not significant"
"LPS+Nigericin / Nigericin","DNAJA1","P31689","P31689","DNJA1_HUMAN","DnaJ homolog subfamily A member 1","P31689_T284_M1_28","Phospho (STY)",7.7959371340573,0.644696789200346,0.500041995378138,5,"Not significant"
"LPS+Nigericin / Nigericin","RPL4","P36578","P36578","RL4_HUMAN","Large ribosomal subunit protein uL4","P36578_Y161_M1_28","Phospho (STY)",-0.359882643204015,0.644696789200346,0.491593636289921,6,"Not significant"
"LPS+Nigericin / Nigericin","ATP5PO","P48047","P48047","ATPO_HUMAN","ATP synthase subunit O, mitochondrial","P48047_S163_M1_28","Phospho (STY)",-9.30007924198968,0.644696789200346,0.500211274509008,4,"Not significant"
"LPS+Nigericin / Nigericin","IDH3G","P51553","P51553","IDH3G_HUMAN","Isocitrate dehydrogenase [NAD] subunit gamma, mitochondrial","P51553_Y51_M2_28","Phospho (STY)",-6.5965773204178,0.644696789200346,0.500625033717404,5,"Not significant"
"LPS+Nigericin / Nigericin","SUMO3","P55854","P55854","SUMO3_HUMAN","Small ubiquitin-related modifier 3","P55854_T12_M1_28","Phospho (STY)",1.14943489508651,0.644696789200346,0.486598276134136,6,"Not significant"
"LPS+Nigericin / Nigericin","H2BC12L","P57053","P57053","H2BFS_HUMAN","Histone H2B type F-S","P57053_Y84_M2_28","Phospho (STY)",-0.227860379235619,0.644696789200346,0.490426821592783,6,"Not significant"
"LPS+Nigericin / Nigericin","AHNAK","Q09666","Q09666","AHNK_HUMAN","Neuroblast differentiation-associated protein AHNAK","Q09666_S3611_M1_28","Phospho (STY)",0.67555920619473,0.644696789200346,0.483924906900878,6,"Not significant"
"LPS+Nigericin / Nigericin","AHNAK","Q09666","Q09666","AHNK_HUMAN","Neuroblast differentiation-associated protein AHNAK","Q09666_S135_M1_28","Phospho (STY)",0.487479946110119,0.644696789200346,0.491369432701942,6,"Not significant"
"LPS+Nigericin / Nigericin","TRIP12","Q14669","Q14669","TRIPC_HUMAN","E3 ubiquitin-protein ligase TRIP12","Q14669_T758_M1_28","Phospho (STY)",-0.686809165002244,0.644696789200346,0.493779174872287,6,"Not significant"
"LPS+Nigericin / Nigericin","RRS1","Q15050","Q15050","RRS1_HUMAN","Ribosome biogenesis regulatory protein homolog","Q15050_T56_M2_28","Phospho (STY)",0.142276983952452,0.644696789200346,0.480597443674923,6,"Not significant"
"LPS+Nigericin / Nigericin","MRPL52","Q86TS9","Q86TS9","RM52_HUMAN","Large ribosomal subunit protein mL52","Q86TS9_S81_M2_28","Phospho (STY)",0.515089081849667,0.644696789200346,0.48912783150253,6,"Not significant"
"LPS+Nigericin / Nigericin","MRPL52","Q86TS9","Q86TS9","RM52_HUMAN","Large ribosomal subunit protein mL52","Q86TS9_T72_M2_28","Phospho (STY)",0.515089081849667,0.644696789200346,0.48912783150253,6,"Not significant"
"LPS+Nigericin / Nigericin","GOLGA1","Q92805","Q92805","GOGA1_HUMAN","Golgin subfamily A member 1","Q92805_T518_M1_28","Phospho (STY)",0.356132928874962,0.644696789200346,0.491173139171032,6,"Not significant"
"LPS+Nigericin / Nigericin","ACAD9","Q9H845","Q9H845","ACAD9_HUMAN","Complex I assembly factor ACAD9, mitochondrial","Q9H845_Y165_M1_28","Phospho (STY)",-0.287937395077144,0.644696789200346,0.482230224810278,6,"Not significant"
"LPS+Nigericin / Nigericin","SRRM2","Q9UQ35","Q9UQ35","SRRM2_HUMAN","Serine/arginine repetitive matrix protein 2","Q9UQ35_S2272_M1_28","Phospho (STY)",0.617420625848387,0.644696789200346,0.480109366837828,6,"Not significant"
"LPS+Nigericin / Nigericin","THRAP3","Q9Y2W1","Q9Y2W1","TR150_HUMAN","Thyroid hormone receptor-associated protein 3","Q9Y2W1_S248_M2_28","Phospho (STY)",-8.03497390935343,0.644696789200346,0.500257206661761,4,"Not significant"
"LPS+Nigericin / Nigericin","NPM1","P06748","P06748","NPM_HUMAN","Nucleophosmin","P06748_S70_M1_28","Phospho (STY)",-0.862653879934372,0.644696789200346,0.4803525284269,5,"Not significant"
"LPS+Nigericin / Nigericin","RPL17","P18621","P18621","RL17_HUMAN","Large ribosomal subunit protein uL22","P18621_S100_M1_28","Phospho (STY)",6.24414733954804,0.644696789200346,0.500121279245667,4,"Not significant"
"LPS+Nigericin / Nigericin","TPI1","P60174","P60174","TPIS_HUMAN","Triosephosphate isomerase","P60174_Y48_M2_28","Phospho (STY)",9.14149524633174,0.644696789200346,0.500169128150165,4,"Not significant"
"LPS+Nigericin / Nigericin","NONO","Q15233","Q15233","NONO_HUMAN","Non-POU domain-containing octamer-binding protein","Q15233_Y158_M1_28","Phospho (STY)",-4.93347601740269,0.644696789200346,0.499803512255995,4,"Not significant"
"LPS+Nigericin / Nigericin","MAP1S","Q66K74","Q66K74","MAP1S_HUMAN","Microtubule-associated protein 1S","Q66K74_S759_M1_28","Phospho (STY)",0.983960238432187,0.644696789200346,0.501197411407702,4,"Not significant"
"LPS+Nigericin / Nigericin","SRP68","Q9UHB9","Q9UHB9","SRP68_HUMAN","Signal recognition particle subunit SRP68","Q9UHB9_S506_M1_28","Phospho (STY)",-4.28528404820757,0.644764271610972,0.503850257687487,4,"Not significant"
"LPS+Nigericin / Nigericin","STMN1","P16949","P16949","STMN1_HUMAN","Stathmin","P16949_S25_M1_28","Phospho (STY)",0.960090908103713,0.644781426200171,0.504312619092263,6,"Not significant"
"LPS+Nigericin / Nigericin","ALDOA","P04075","P04075","ALDOA_HUMAN","Fructose-bisphosphate aldolase A","P04075_S176_M1_28","Phospho (STY)",-0.141200579687844,0.644795085219945,0.504495608567301,6,"Not significant"
"LPS+Nigericin / Nigericin","CAP2","P40123","P40123","CAP2_HUMAN","Adenylyl cyclase-associated protein 2","P40123_T274_M1_28","Phospho (STY)",-0.172302126780712,0.644815918396895,0.504623951365477,6,"Not significant"
"LPS+Nigericin / Nigericin","H1-5","P16401","P16401","H15_HUMAN","Histone H1.5","P16401_S2_M1_28","Phospho (STY)",0.431923291389792,0.645085276101593,0.506735888690697,5,"Not significant"
"LPS+Nigericin / Nigericin","TKT","P29401","P29401","TKT_HUMAN","Transketolase","P29401_T287_M1_28","Phospho (STY)",0.446484626082128,0.645087564244057,0.50676412531978,6,"Not significant"
"LPS+Nigericin / Nigericin","POTEF","A5A3E0","A5A3E0","POTEF_HUMAN","POTE ankyrin domain family member F","A5A3E0_T929_M1_28","Phospho (STY)",-0.511448174136282,0.645818534096493,0.509795491320574,6,"Not significant"
"LPS+Nigericin / Nigericin","AHNAK","Q09666","Q09666","AHNK_HUMAN","Neuroblast differentiation-associated protein AHNAK","Q09666_S5448_M1_28","Phospho (STY)",0.426121561616631,0.646375762432572,0.511805658002013,6,"Not significant"
"LPS+Nigericin / Nigericin","HSPA1A;HSPA1B","P0DMV8;P0DMV9","P0DMV8;P0DMV9","HS71A_HUMAN;HS71B_HUMAN","Heat shock 70 kDa protein 1A;Heat shock 70 kDa protein 1B","P0DMV8_Y611_M1_28","Phospho (STY)",0.626276467089321,0.647038731414002,0.514239403072831,5,"Not significant"
"LPS+Nigericin / Nigericin","HSPA1A;HSPA1B","P0DMV8;P0DMV9","P0DMV8;P0DMV9","HS71A_HUMAN;HS71B_HUMAN","Heat shock 70 kDa protein 1A;Heat shock 70 kDa protein 1B","P0DMV9_Y611_M1_28","Phospho (STY)",0.626276467089321,0.647038731414002,0.514239403072831,5,"Not significant"
"LPS+Nigericin / Nigericin","TOR1AIP1","Q5JTV8","Q5JTV8","TOIP1_HUMAN","Torsin-1A-interacting protein 1","Q5JTV8_S143_M1_28","Phospho (STY)",0.867319799282289,0.647488055675783,0.516035285903273,6,"Not significant"
"LPS+Nigericin / Nigericin","PNP","P00491","P00491","PNPH_HUMAN","Purine nucleoside phosphorylase","P00491_Y50_M2_28","Phospho (STY)",1.17773926357877,0.647711869190214,0.516886111605756,6,"Not significant"
"LPS+Nigericin / Nigericin","MYH9","P35579","P35579","MYH9_HUMAN","Myosin-9","P35579_T1208_M1_28","Phospho (STY)",-0.308299371360499,0.648859041893181,0.520834059830017,6,"Not significant"
"LPS+Nigericin / Nigericin","LAT2","Q9GZY6","Q9GZY6","NTAL_HUMAN","Linker for activation of T-cells family member 2","Q9GZY6_S44_M1_28","Phospho (STY)",1.05248362320536,0.648869959115457,0.520857310879017,6,"Not significant"
"LPS+Nigericin / Nigericin","C1QBP","Q07021","Q07021","C1QBP_HUMAN","Complement component 1 Q subcomponent-binding protein, mitochondrial","Q07021_T101_M1_28","Phospho (STY)",0.986974183577453,0.649790551384363,0.524017977910435,6,"Not significant"
"LPS+Nigericin / Nigericin","PRKAR1A","P10644","P10644","KAP0_HUMAN","cAMP-dependent protein kinase type I-alpha regulatory subunit","P10644_S83_M1_28","Phospho (STY)",0.31340059031337,0.649962928514392,0.524658502071314,6,"Not significant"
"LPS+Nigericin / Nigericin","AHNAK","Q09666","Q09666","AHNK_HUMAN","Neuroblast differentiation-associated protein AHNAK","Q09666_S3159_M1_28","Phospho (STY)",0.450545096083387,0.649989548733644,0.524715979493763,6,"Not significant"
"LPS+Nigericin / Nigericin","AHNAK","Q09666","Q09666","AHNK_HUMAN","Neuroblast differentiation-associated protein AHNAK","Q09666_S3941_M1_28","Phospho (STY)",0.450545096083387,0.649989548733644,0.524715979493763,6,"Not significant"
"LPS+Nigericin / Nigericin","MAPRE1","Q15691","Q15691","MARE1_HUMAN","Microtubule-associated protein RP/EB family member 1","Q15691_Y217_M1_28","Phospho (STY)",-0.298773782303888,0.650894045918911,0.527139337751953,6,"Not significant"
"LPS+Nigericin / Nigericin","DDX46","Q7L014","Q7L014","DDX46_HUMAN","Probable ATP-dependent RNA helicase DDX46","Q7L014_T877_M1_28","Phospho (STY)",0.491713689975464,0.651031964326322,0.527575571922619,6,"Not significant"
"LPS+Nigericin / Nigericin","P4HB","P07237","P07237","PDIA1_HUMAN","Protein disulfide-isomerase","P07237_T277_M1_28","Phospho (STY)",-1.00701190344116,0.651832639113635,0.529869691307069,6,"Not significant"
"LPS+Nigericin / Nigericin","AHCY","P23526","P23526","SAHH_HUMAN","Adenosylhomocysteinase","P23526_Y7_M1_28","Phospho (STY)",0.258058450052922,0.65293230204847,0.532893691130117,6,"Not significant"
"LPS+Nigericin / Nigericin","RPS3","P23396","P23396","RS3_HUMAN","Small ribosomal subunit protein uS3","P23396_S209_M1_28","Phospho (STY)",-1.00065540964955,0.653214548870938,0.533831095403758,6,"Not significant"
"LPS+Nigericin / Nigericin","RAB11B","Q15907","Q15907","RB11B_HUMAN","Ras-related protein Rab-11B","Q15907_T59_M1_28","Phospho (STY)",-0.183891181714213,0.653302268300094,0.534049861811918,6,"Not significant"
"LPS+Nigericin / Nigericin","FABP5","Q01469","Q01469","FABP5_HUMAN","Fatty acid-binding protein 5","Q01469_Y22_M1_28","Phospho (STY)",-0.517679669764897,0.654002037480485,0.536231235885173,6,"Not significant"
"LPS+Nigericin / Nigericin","LAP3","P28838","P28838","AMPL_HUMAN","Cytosol aminopeptidase","P28838_T70_M1_28","Phospho (STY)",-0.28171177014515,0.654011299722688,0.536295579057444,5,"Not significant"
"LPS+Nigericin / Nigericin","NCL","P19338","P19338","NUCL_HUMAN","Nucleolin","P19338_S563_M1_28","Phospho (STY)",0.413184834573372,0.654364180577134,0.537386314184354,6,"Not significant"
"LPS+Nigericin / Nigericin","HSPA1A;HSPA1B","P0DMV8;P0DMV9","P0DMV8;P0DMV9","HS71A_HUMAN;HS71B_HUMAN","Heat shock 70 kDa protein 1A;Heat shock 70 kDa protein 1B","P0DMV8_Y15_M1_28","Phospho (STY)",0.49128594310535,0.654502005197159,0.537705846323793,6,"Not significant"
"LPS+Nigericin / Nigericin","HSPA1A;HSPA1B","P0DMV8;P0DMV9","P0DMV8;P0DMV9","HS71A_HUMAN;HS71B_HUMAN","Heat shock 70 kDa protein 1A;Heat shock 70 kDa protein 1B","P0DMV9_Y15_M1_28","Phospho (STY)",0.49128594310535,0.654502005197159,0.537705846323793,6,"Not significant"
"LPS+Nigericin / Nigericin","TAGLN2","P37802","P37802","TAGL2_HUMAN","Transgelin-2","P37802_Y70_M1_28","Phospho (STY)",0.678828393073087,0.654726664850753,0.538618608256447,6,"Not significant"
"LPS+Nigericin / Nigericin","ATP6V0A1","Q93050","Q93050","VPP1_HUMAN","V-type proton ATPase 116 kDa subunit a 1","Q93050_T82_M1_28","Phospho (STY)",0.226030058135234,0.655029330806688,0.539535541623508,6,"Not significant"
"LPS+Nigericin / Nigericin","AHNAK","Q09666","Q09666","AHNK_HUMAN","Neuroblast differentiation-associated protein AHNAK","Q09666_S5731_M1_28","Phospho (STY)",-1.68587805423698,0.65524912555477,0.54022355754526,4,"Not significant"
"LPS+Nigericin / Nigericin","SLC30A1","Q9Y6M5","Q9Y6M5","ZNT1_HUMAN","Proton-coupled zinc antiporter SLC30A1","Q9Y6M5_T483_M1_28","Phospho (STY)",1.43810484047953,0.655743830498034,0.541595328386412,6,"Not significant"
"LPS+Nigericin / Nigericin","RBM47","A0AV96","A0AV96","RBM47_HUMAN","RNA-binding protein 47","A0AV96_T433_M1_28","Phospho (STY)",0.665435362751751,0.655764849017782,0.541678801466009,6,"Not significant"
"LPS+Nigericin / Nigericin","ACTBL2","Q562R1","Q562R1","ACTBL_HUMAN","Beta-actin-like protein 2","Q562R1_Y167_M1_28","Phospho (STY)",-0.363412269233247,0.655905293596908,0.542065381876731,5,"Not significant"
"LPS+Nigericin / Nigericin","ACLY","P53396","P53396","ACLY_HUMAN","ATP-citrate synthase","P53396_Y704_M1_28","Phospho (STY)",-0.239600340391868,0.655947987168771,0.542180733256628,6,"Not significant"
"LPS+Nigericin / Nigericin","M6PR","P20645","P20645","MPRD_HUMAN","Cation-dependent mannose-6-phosphate receptor","P20645_S42_M1_28","Phospho (STY)",0.824435934269224,0.657040138788118,0.545377114823071,6,"Not significant"
"LPS+Nigericin / Nigericin","SVIL","O95425","O95425","SVIL_HUMAN","Supervillin","O95425_S245_M1_28","Phospho (STY)",0.723746364493888,0.65770391079543,0.547345741192328,4,"Not significant"
"LPS+Nigericin / Nigericin","VIM","P08670","P08670","VIME_HUMAN","Vimentin","P08670_T327_M1_28","Phospho (STY)",0.390403768896083,0.657821968901231,0.547712376996836,6,"Not significant"
"LPS+Nigericin / Nigericin","GLRX5","Q86SX6","Q86SX6","GLRX5_HUMAN","Glutaredoxin-related protein 5, mitochondrial","Q86SX6_T61_M2_28","Phospho (STY)",-0.281244658572767,0.6579611350208,0.548229710099048,6,"Not significant"
"LPS+Nigericin / Nigericin","ACTB","Cont_P60712;P60709","Cont_P60712;P60709","ACTB_BOVIN;ACTB_HUMAN","Actin, cytoplasmic 1;Actin, cytoplasmic 1","Cont_P60712_S271_M1_28","Phospho (STY)",0.247141879824048,0.65869212043483,0.550479723122774,6,"Not significant"
"LPS+Nigericin / Nigericin","ACTB","Cont_P60712;P60709","Cont_P60712;P60709","ACTB_BOVIN;ACTB_HUMAN","Actin, cytoplasmic 1;Actin, cytoplasmic 1","P60709_S271_M1_28","Phospho (STY)",0.247141879824048,0.65869212043483,0.550479723122774,6,"Not significant"
"LPS+Nigericin / Nigericin","RAB12","Q6IQ22","Q6IQ22","RAB12_HUMAN","Ras-related protein Rab-12","Q6IQ22_Y143_M2_28","Phospho (STY)",0.472032647042988,0.659136178143705,0.551766289725654,6,"Not significant"
"LPS+Nigericin / Nigericin","STK10","O94804","O94804","STK10_HUMAN","Serine/threonine-protein kinase 10","O94804_S438_M1_28","Phospho (STY)",1.03532953393635,0.659322215201215,0.552321683773597,6,"Not significant"
"LPS+Nigericin / Nigericin","AHNAK","Q09666","Q09666","AHNK_HUMAN","Neuroblast differentiation-associated protein AHNAK","Q09666_S758_M1_28","Phospho (STY)",0.42120368453477,0.659642934173455,0.5533457562926,6,"Not significant"
"LPS+Nigericin / Nigericin","RCSD1","Q6JBY9","Q6JBY9","CPZIP_HUMAN","CapZ-interacting protein","Q6JBY9_S120_M1_28","Phospho (STY)",-0.411958175701151,0.659926587251104,0.554171007438549,5,"Not significant"
"LPS+Nigericin / Nigericin","CAP1","Q01518","Q01518","CAP1_HUMAN","Adenylyl cyclase-associated protein 1","Q01518_S308_M1_28","Phospho (STY)",0.713866956174245,0.660826863076975,0.556695745045472,5,"Not significant"
"LPS+Nigericin / Nigericin","EIF5A","P63241","P63241","IF5A1_HUMAN","Eukaryotic translation initiation factor 5A-1","P63241_T65_M1_28","Phospho (STY)",0.649696886018946,0.661826891847766,0.559660911880681,6,"Not significant"
"LPS+Nigericin / Nigericin","AHNAK","Q09666","Q09666","AHNK_HUMAN","Neuroblast differentiation-associated protein AHNAK","Q09666_S1452_M1_28","Phospho (STY)",0.529329075693033,0.661841263244081,0.55982414245288,6,"Not significant"
"LPS+Nigericin / Nigericin","HNRNPA2B1","P22626","P22626","ROA2_HUMAN","Heterogeneous nuclear ribonucleoproteins A2/B1","P22626_S29_M1_28","Phospho (STY)",0.42912834550605,0.661983238582143,0.560297806099387,6,"Not significant"
"LPS+Nigericin / Nigericin","CALR","P27797","P27797","CALR_HUMAN","Calreticulin","P27797_Y172_M3_28","Phospho (STY)",-0.285890960140652,0.662617558505375,0.562025579593478,6,"Not significant"
"LPS+Nigericin / Nigericin","RRBP1","Q9P2E9","Q9P2E9","RRBP1_HUMAN","Ribosome-binding protein 1","Q9P2E9_Y1219_M2_28","Phospho (STY)",-0.331955419836443,0.662725039213489,0.562369183783258,6,"Not significant"
"LPS+Nigericin / Nigericin","ACTC1","P68032","P68032","ACTC_HUMAN","Actin, alpha cardiac muscle 1","P68032_Y296_M1_28","Phospho (STY)",-0.665687190559401,0.662844727056942,0.562715570001266,6,"Not significant"
"LPS+Nigericin / Nigericin","TNF","P01375","P01375","TNFA_HUMAN","Tumor necrosis factor","P01375_S71_M1_28","Phospho (STY)",0.178754795269605,0.663280531132028,0.564202073745724,6,"Not significant"
"LPS+Nigericin / Nigericin","PAXX","Q9BUH6","Q9BUH6","PAXX_HUMAN","Protein PAXX","Q9BUH6_S152_M1_28","Phospho (STY)",0.753916015313739,0.663434033870166,0.564751433157222,6,"Not significant"
"LPS+Nigericin / Nigericin","TSC22D1","Q15714","Q15714","T22D1_HUMAN","TSC22 domain family protein 1","Q15714_S1018_M1_28","Phospho (STY)",-0.276161840805758,0.663552903700491,0.565121737654727,6,"Not significant"
"LPS+Nigericin / Nigericin","RAB44","Q7Z6P3","Q7Z6P3","RAB44_HUMAN","Ras-related protein Rab-44","Q7Z6P3_T874_M1_28","Phospho (STY)",-0.174562700849012,0.663605054492856,0.565279100094821,6,"Not significant"
"LPS+Nigericin / Nigericin","HSPA5","P11021","P11021","BIP_HUMAN","Endoplasmic reticulum chaperone BiP","P11021_S354_M1_28","Phospho (STY)",-0.0544452463747876,0.663663420007439,0.565424728938135,5,"Not significant"
"LPS+Nigericin / Nigericin","EEF1A1","Cont_P68103;P68104","Cont_P68103;P68104","EF1A1_BOVIN;EF1A1_HUMAN","Elongation factor 1-alpha 1","Cont_P68103_Y357_M2_28","Phospho (STY)",-0.271666541774314,0.664218340470326,0.567093246266108,6,"Not significant"
"LPS+Nigericin / Nigericin","EEF1A1","Cont_P68103;P68104","Cont_P68103;P68104","EF1A1_BOVIN;EF1A1_HUMAN","Elongation factor 1-alpha 1","P68104_Y357_M2_28","Phospho (STY)",-0.271666541774314,0.664218340470326,0.567093246266108,6,"Not significant"
"LPS+Nigericin / Nigericin","PARK7","Q99497","Q99497","PARK7_HUMAN","Parkinson disease protein 7","Q99497_T110_M1_28","Phospho (STY)",0.407916390415913,0.664586802467126,0.568329521239979,6,"Not significant"
"LPS+Nigericin / Nigericin","RTRAF","Q9Y224","Q9Y224","RTRAF_HUMAN","RNA transcription, translation and transport factor protein","Q9Y224_T235_M1_28","Phospho (STY)",0.449262686084584,0.664688085902852,0.568702269372017,6,"Not significant"
"LPS+Nigericin / Nigericin","TRA2B","P62995","P62995","TRA2B_HUMAN","Transformer-2 protein homolog beta","P62995_T201_M1_28","Phospho (STY)",0.572851730446839,0.664809972664022,0.569068662434841,5,"Not significant"
"LPS+Nigericin / Nigericin","AHNAK","Q09666","Q09666","AHNK_HUMAN","Neuroblast differentiation-associated protein AHNAK","Q09666_S5279_M1_28","Phospho (STY)",0.675759565481028,0.665341721737233,0.570562062612213,6,"Not significant"
"LPS+Nigericin / Nigericin","HNRNPU","Q00839","Q00839","HNRPU_HUMAN","Heterogeneous nuclear ribonucleoprotein U","Q00839_Y350_M1_28","Phospho (STY)",-0.311162520108621,0.665961738698566,0.572353235574809,6,"Not significant"
"LPS+Nigericin / Nigericin","RPS23","P62266","P62266","RS23_HUMAN","Small ribosomal subunit protein uS12","P62266_T82_M1_28","Phospho (STY)",-0.248230231311684,0.666458695475314,0.573794948934691,6,"Not significant"
"LPS+Nigericin / Nigericin","KIF5B","P33176","P33176","KINH_HUMAN","Kinesin-1 heavy chain","P33176_Y29_M1_28","Phospho (STY)",-0.172438327751703,0.667934928739581,0.578362493644035,5,"Not significant"
"LPS+Nigericin / Nigericin","BRD2","P25440","P25440","BRD2_HUMAN","Bromodomain-containing protein 2","P25440_T6_M1_28","Phospho (STY)",0.471657766112817,0.668886885447879,0.581504757665865,6,"Not significant"
"LPS+Nigericin / Nigericin","HCFC1","P51610","P51610","HCFC1_HUMAN","Host cell factor 1","P51610_S1507_M1_28","Phospho (STY)",0.184338254403592,0.669033111479777,0.581927966821011,6,"Not significant"
"LPS+Nigericin / Nigericin","COPB2","P35606","P35606","COPB2_HUMAN","Coatomer subunit beta'","P35606_S859_M1_28","Phospho (STY)",0.886923749334892,0.669143588886127,0.582174407015979,4,"Not significant"
"LPS+Nigericin / Nigericin","PREB","Q9HCU5","Q9HCU5","PREB_HUMAN","Prolactin regulatory element-binding protein","Q9HCU5_Y281_M1_28","Phospho (STY)",-0.259947872454303,0.669475430055721,0.583426513935325,6,"Not significant"
"LPS+Nigericin / Nigericin","TUBB8","Q3ZCM7","Q3ZCM7","TBB8_HUMAN","Tubulin beta-8 chain","Q3ZCM7_Y281_M2_28","Phospho (STY)",-0.631954658047665,0.669944916656352,0.584692885693793,4,"Not significant"
"LPS+Nigericin / Nigericin","ZNF638","Q14966","Q14966","ZN638_HUMAN","Zinc finger protein 638","Q14966_T1664_M2_28","Phospho (STY)",0.863954092328145,0.670658363449729,0.586902290394292,6,"Not significant"
"LPS+Nigericin / Nigericin","PDIA6","Q15084","Q15084","PDIA6_HUMAN","Protein disulfide-isomerase A6","Q15084_S375_M1_28","Phospho (STY)",-0.0878885118609952,0.671015942701563,0.587948817854338,6,"Not significant"
"LPS+Nigericin / Nigericin","ACTB","Cont_P60712;P60709","Cont_P60712;P60709","ACTB_BOVIN;ACTB_HUMAN","Actin, cytoplasmic 1;Actin, cytoplasmic 1","Cont_P60712_Y69_M2_28","Phospho (STY)",1.43139903190726,0.671081510507107,0.58814843534673,6,"Not significant"
"LPS+Nigericin / Nigericin","ACTB","Cont_P60712;P60709","Cont_P60712;P60709","ACTB_BOVIN;ACTB_HUMAN","Actin, cytoplasmic 1;Actin, cytoplasmic 1","P60709_Y69_M2_28","Phospho (STY)",1.43139903190726,0.671081510507107,0.58814843534673,6,"Not significant"
"LPS+Nigericin / Nigericin","ACO2","Q99798","Q99798","ACON_HUMAN","Aconitate hydratase, mitochondrial","Q99798_Y544_M1_28","Phospho (STY)",-0.192001627994667,0.672014758024921,0.591159279795219,6,"Not significant"
"LPS+Nigericin / Nigericin","ACLY","P53396","P53396","ACLY_HUMAN","ATP-citrate synthase","P53396_Y1006_M1_28","Phospho (STY)",0.817883004536471,0.672837461631609,0.593626627672551,6,"Not significant"
"LPS+Nigericin / Nigericin","PTGS1","P23219","P23219","PGH1_HUMAN","Prostaglandin G/H synthase 1","P23219_Y543_M2_28","Phospho (STY)",-0.823491689622056,0.673751646687008,0.596430110401308,6,"Not significant"
"LPS+Nigericin / Nigericin","NHP2","Q9NX24","Q9NX24","NHP2_HUMAN","H/ACA ribonucleoprotein complex subunit 2","Q9NX24_Y24_M1_28","Phospho (STY)",0.201407464074506,0.674055660109513,0.597482685090384,6,"Not significant"
"LPS+Nigericin / Nigericin","ARID1A","O14497","O14497","ARI1A_HUMAN","AT-rich interactive domain-containing protein 1A","O14497_S363_M1_28","Phospho (STY)",0.364085325370815,0.67474220605962,0.599384532540798,6,"Not significant"
"LPS+Nigericin / Nigericin","HSPE1","P61604","P61604","CH10_HUMAN","10 kDa heat shock protein, mitochondrial","P61604_S37_M1_28","Phospho (STY)",1.18648805420627,0.675092701150113,0.60048187903505,5,"Not significant"
"LPS+Nigericin / Nigericin","ACTBL2","Q562R1","Q562R1","ACTBL_HUMAN","Beta-actin-like protein 2","Q562R1_Y241_M1_28","Phospho (STY)",-0.501283306307935,0.675147390276117,0.600565714867441,6,"Not significant"
"LPS+Nigericin / Nigericin","PCBP2","Q15366","Q15366","PCBP2_HUMAN","Poly(rC)-binding protein 2","Q15366_S107_M1_28","Phospho (STY)",0.472356001489913,0.675666565192591,0.601942523356957,4,"Not significant"
"LPS+Nigericin / Nigericin","RNH1","P13489","P13489","RINI_HUMAN","Ribonuclease inhibitor","P13489_Y151_M1_28","Phospho (STY)",0.347743776514592,0.677013698907933,0.605842510748829,6,"Not significant"
"LPS+Nigericin / Nigericin","AHNAK","Q09666","Q09666","AHNK_HUMAN","Neuroblast differentiation-associated protein AHNAK","Q09666_S135_M2_28","Phospho (STY)",0.947239239597546,0.677400853868142,0.606968416229478,6,"Not significant"
"LPS+Nigericin / Nigericin","SRRM2","Q9UQ35","Q9UQ35","SRRM2_HUMAN","Serine/arginine repetitive matrix protein 2","Q9UQ35_S2398_M1_28","Phospho (STY)",0.293339448741991,0.677803576727165,0.60812435447779,5,"Not significant"
"LPS+Nigericin / Nigericin","CSN1S1","Cont_P02662","Cont_P02662","CASA1_BOVIN","Alpha-S1-casein","Cont_P02662_S130_M1_28","Phospho (STY)",-0.727961406265094,0.677959803446323,0.608622850214023,5,"Not significant"
"LPS+Nigericin / Nigericin","MACROH2A1","O75367","O75367","H2AY_HUMAN","Core histone macro-H2A.1","O75367_S305_M1_28","Phospho (STY)",-0.174164874216134,0.678202329969062,0.609583771460277,6,"Not significant"
"LPS+Nigericin / Nigericin","SPN","P16150","P16150","LEUK_HUMAN","Leukosialin","P16150_S355_M1_28","Phospho (STY)",0.635983592593838,0.678690451625002,0.610959974768744,6,"Not significant"
"LPS+Nigericin / Nigericin","PDIA4","P13667","P13667","PDIA4_HUMAN","Protein disulfide-isomerase A4","P13667_Y595_M1_28","Phospho (STY)",0.362105323248963,0.679125339399262,0.612322479879824,6,"Not significant"
"LPS+Nigericin / Nigericin","LDHA","P00338","P00338","LDHA_HUMAN","L-lactate dehydrogenase A chain","P00338_Y83_M1_28","Phospho (STY)",-0.416769756626702,0.679454520461535,0.613436166308413,6,"Not significant"
"LPS+Nigericin / Nigericin","HSP90B1","P14625","P14625","ENPL_HUMAN","Endoplasmin","P14625_T709_M1_28","Phospho (STY)",1.57698798230791,0.679635633438732,0.613963656465953,5,"Not significant"
"LPS+Nigericin / Nigericin","SLTM","Q9NWH9","Q9NWH9","SLTM_HUMAN","SAFB-like transcription modulator","Q9NWH9_S553_M1_28","Phospho (STY)",0.326829901596072,0.679899966374494,0.614794663492606,5,"Not significant"
"LPS+Nigericin / Nigericin","RPL23A","P62750","P62750","RL23A_HUMAN","Large ribosomal subunit protein uL23","P62750_T95_M1_28","Phospho (STY)",0.682039321422712,0.679949911278001,0.614892207425404,6,"Not significant"
"LPS+Nigericin / Nigericin","HSPA9","P38646","P38646","GRP75_HUMAN","Stress-70 protein, mitochondrial","P38646_S378_M1_28","Phospho (STY)",-0.732268782528662,0.680189468294163,0.615608707631387,6,"Not significant"
"LPS+Nigericin / Nigericin","ACAT2","Q9BWD1","Q9BWD1","THIC_HUMAN","Acetyl-CoA acetyltransferase, cytosolic","Q9BWD1_T275_M1_28","Phospho (STY)",0.337306602422659,0.681859020719277,0.620476570898162,6,"Not significant"
"LPS+Nigericin / Nigericin","PARK7","Q99497","Q99497","PARK7_HUMAN","Parkinson disease protein 7","Q99497_T19_M1_28","Phospho (STY)",0.303395464320049,0.682712821635437,0.623104439360417,6,"Not significant"
"LPS+Nigericin / Nigericin","PRKDC","P78527","P78527","PRKDC_HUMAN","DNA-dependent protein kinase catalytic subunit","P78527_T4060_M1_28","Phospho (STY)",-0.253792904996331,0.683598836963679,0.625828123934691,6,"Not significant"
"LPS+Nigericin / Nigericin","RAB4B","P61018","P61018","RAB4B_HUMAN","Ras-related protein Rab-4B","P61018_T56_M1_28","Phospho (STY)",0.770311875198718,0.68368299914034,0.62612776233275,6,"Not significant"
"LPS+Nigericin / Nigericin","SAMHD1","Q9Y3Z3","Q9Y3Z3","SAMH1_HUMAN","Deoxynucleoside triphosphate triphosphohydrolase SAMHD1","Q9Y3Z3_T592_M1_28","Phospho (STY)",-0.618331341555335,0.684103018252483,0.627296546123187,6,"Not significant"
"LPS+Nigericin / Nigericin","ITGB2","P05107","P05107","ITB2_HUMAN","Integrin beta-2","P05107_T256_M1_28","Phospho (STY)",0.0979293249834048,0.686060468869005,0.633346188803997,6,"Not significant"
"LPS+Nigericin / Nigericin","PDIA6","Q15084","Q15084","PDIA6_HUMAN","Protein disulfide-isomerase A6","Q15084_T223_M1_28","Phospho (STY)",0.103595480003955,0.686164323562028,0.633855734282175,5,"Not significant"
"LPS+Nigericin / Nigericin","ENO1","P06733","P06733","ENOA_HUMAN","Alpha-enolase","P06733_T85_M1_28","Phospho (STY)",-0.543091332496051,0.686551403345823,0.635053835373442,6,"Not significant"
"LPS+Nigericin / Nigericin","TARS1","P26639","P26639","SYTC_HUMAN","Threonine--tRNA ligase 1, cytoplasmic","P26639_S110_M1_28","Phospho (STY)",1.18352094564759,0.686843663503523,0.636056479374555,5,"Not significant"
"LPS+Nigericin / Nigericin","TUFM","P49411","P49411","EFTU_HUMAN","Elongation factor Tu, mitochondrial","P49411_S238_M1_28","Phospho (STY)",0.262528594666272,0.686843663503523,0.636053638810695,4,"Not significant"
"LPS+Nigericin / Nigericin","CAP1","Q01518","Q01518","CAP1_HUMAN","Adenylyl cyclase-associated protein 1","Q01518_S62_M1_28","Phospho (STY)",0.255738345975602,0.687601671329608,0.638542803461121,6,"Not significant"
"LPS+Nigericin / Nigericin","DDX17","Q92841","Q92841","DDX17_HUMAN","Probable ATP-dependent RNA helicase DDX17","Q92841_Y519_M1_28","Phospho (STY)",0.348680086281159,0.688608806734157,0.641801176841474,6,"Not significant"
"LPS+Nigericin / Nigericin","AHNAK","Q09666","Q09666","AHNK_HUMAN","Neuroblast differentiation-associated protein AHNAK","Q09666_S2798_M1_28","Phospho (STY)",-0.87860965776473,0.690217234389741,0.646940485879568,6,"Not significant"
"LPS+Nigericin / Nigericin","MYH9","P35579","P35579","MYH9_HUMAN","Myosin-9","P35579_T1414_M1_28","Phospho (STY)",-0.0703575482949709,0.690953891406001,0.649164458540731,5,"Not significant"
"LPS+Nigericin / Nigericin","RNH1","P13489","P13489","RINI_HUMAN","Ribonuclease inhibitor","P13489_Y151_M2_28","Phospho (STY)",-1.3000262219605,0.693403892165218,0.656328566674207,5,"Not significant"
"LPS+Nigericin / Nigericin","HSPA2","P54652","P54652","HSP72_HUMAN","Heat shock-related 70 kDa protein 2","P54652_Y184_M1_28","Phospho (STY)",0.163821615709849,0.694654626833383,0.660046408934411,6,"Not significant"
"LPS+Nigericin / Nigericin","DNM1L","O00429","O00429","DNM1L_HUMAN","Dynamin-1-like protein","O00429_S71_M1_28","Phospho (STY)",0.231580338172362,0.695158187210321,0.661886547412018,6,"Not significant"
"LPS+Nigericin / Nigericin","TCP1","P17987","P17987","TCPA_HUMAN","T-complex protein 1 subunit alpha","P17987_Y214_M1_28","Phospho (STY)",-0.910188967841476,0.696646849681517,0.66697722015632,6,"Not significant"
"LPS+Nigericin / Nigericin","ADGRE5","P48960","P48960","AGRE5_HUMAN","Adhesion G protein-coupled receptor E5","P48960_Y352_M1_28","Phospho (STY)",0.12214861503599,0.697116089658993,0.668574569551292,6,"Not significant"
"LPS+Nigericin / Nigericin","HNRNPD","Q14103","Q14103","HNRPD_HUMAN","Heterogeneous nuclear ribonucleoprotein D0","Q14103_Y201_M1_28","Phospho (STY)",0.711266243657494,0.697483375460615,0.669694534867174,6,"Not significant"
"LPS+Nigericin / Nigericin","AHNAK","Q09666","Q09666","AHNK_HUMAN","Neuroblast differentiation-associated protein AHNAK","Q09666_S5752_M1_28","Phospho (STY)",0.500586704663903,0.697982626838406,0.671492994114462,5,"Not significant"
"LPS+Nigericin / Nigericin","PCMT1","P22061","P22061","PIMT_HUMAN","Protein-L-isoaspartate(D-aspartate) O-methyltransferase","P22061_T25_M1_28","Phospho (STY)",0.565935271940468,0.698006538756822,0.671575270827241,6,"Not significant"
"LPS+Nigericin / Nigericin","HNRNPA0","Q13151","Q13151","ROA0_HUMAN","Heterogeneous nuclear ribonucleoprotein A0","Q13151_Y145_M1_28","Phospho (STY)",0.554517205049027,0.69870000034484,0.673599833615172,6,"Not significant"
"LPS+Nigericin / Nigericin","LMNA","P02545","P02545","LMNA_HUMAN","Prelamin-A/C","P02545_S392_M1_28","Phospho (STY)",0.1770849313919,0.698919106769905,0.674243591877338,6,"Not significant"
"LPS+Nigericin / Nigericin","TUBB1","Q9H4B7","Q9H4B7","TBB1_HUMAN","Tubulin beta-1 chain","Q9H4B7_S78_M1_28","Phospho (STY)",-0.63702522396349,0.699376256386876,0.675959465650477,5,"Not significant"
"LPS+Nigericin / Nigericin","ZMPSTE24","O75844","O75844","FACE1_HUMAN","CAAX prenyl protease 1 homolog","O75844_Y45_M3_28","Phospho (STY)",-1.1878454800047,0.699542355668879,0.67639012084184,5,"Not significant"
"LPS+Nigericin / Nigericin","H1-2","P16403","P16403","H12_HUMAN","Histone H1.2","P16403_T31_M2_28","Phospho (STY)",-0.204551139462878,0.699707945545114,0.676956808738176,5,"Not significant"
"LPS+Nigericin / Nigericin","RAB5C","P51148","P51148","RAB5C_HUMAN","Ras-related protein Rab-5C","P51148_S124_M1_28","Phospho (STY)",-0.0730586004188905,0.699893330640233,0.677560247275734,6,"Not significant"
"LPS+Nigericin / Nigericin","HSPA8","P11142","P11142","HSP7C_HUMAN","Heat shock cognate 71 kDa protein","P11142_T462_M1_28","Phospho (STY)",-0.122570575305284,0.700315204742143,0.678909149910445,6,"Not significant"
"LPS+Nigericin / Nigericin","HDGFL2","Q7Z4V5","Q7Z4V5","HDGR2_HUMAN","Hepatoma-derived growth factor-related protein 2","Q7Z4V5_Y40_M1_28","Phospho (STY)",0.587486481203017,0.701009728719078,0.681197542630569,6,"Not significant"
"LPS+Nigericin / Nigericin","ZMPSTE24","O75844","O75844","FACE1_HUMAN","CAAX prenyl protease 1 homolog","O75844_Y45_M1_28","Phospho (STY)",-0.237710651471598,0.701109335112825,0.681551393189061,5,"Not significant"
"LPS+Nigericin / Nigericin","ACTBL2","Q562R1","Q562R1","ACTBL_HUMAN","Beta-actin-like protein 2","Q562R1_S273_M1_28","Phospho (STY)",1.0966270293397,0.701761671698047,0.683745083196716,4,"Not significant"
"LPS+Nigericin / Nigericin","NIBAN2","Q96TA1","Q96TA1","NIBA2_HUMAN","Protein Niban 2","Q96TA1_S665_M1_28","Phospho (STY)",0.355481417915556,0.701936875314494,0.68422343105979,6,"Not significant"
"LPS+Nigericin / Nigericin","ATP6V1C1","P21283","P21283","VATC1_HUMAN","V-type proton ATPase subunit C 1","P21283_Y181_M1_28","Phospho (STY)",0.209511300717145,0.703022178194981,0.687804971871231,6,"Not significant"
"LPS+Nigericin / Nigericin","SRRT","Q9BXP5","Q9BXP5","SRRT_HUMAN","Serrate RNA effector molecule homolog","Q9BXP5_T544_M1_28","Phospho (STY)",0.482617316007133,0.703544633517577,0.689633197825025,4,"Not significant"
"LPS+Nigericin / Nigericin","RPLP0","P05388","P05388","RLA0_HUMAN","Large ribosomal subunit protein uL10","P05388_T122_M1_28","Phospho (STY)",-0.224051261552354,0.704015298323881,0.690924019780458,6,"Not significant"
"LPS+Nigericin / Nigericin","CAP1","Q01518","Q01518","CAP1_HUMAN","Adenylyl cyclase-associated protein 1","Q01518_Y43_M1_28","Phospho (STY)",-0.18244402682513,0.705871122120143,0.69702007882163,4,"Not significant"
"LPS+Nigericin / Nigericin","EEF1D","P29692","P29692","EF1D_HUMAN","Elongation factor 1-delta","P29692_S133_M1_28","Phospho (STY)",0.327532419734849,0.705989835807294,0.697479859062902,6,"Not significant"
"LPS+Nigericin / Nigericin","HSPE1","P61604","P61604","CH10_HUMAN","10 kDa heat shock protein, mitochondrial","P61604_Y76_M2_28","Phospho (STY)",0.234637209907493,0.706630851481596,0.699160598036847,4,"Not significant"
"LPS+Nigericin / Nigericin","PTPRE","P23469","P23469","PTPRE_HUMAN","Receptor-type tyrosine-protein phosphatase epsilon","P23469_Y165_M1_28","Phospho (STY)",0.179704986471652,0.706698986153985,0.699347746927006,6,"Not significant"
"LPS+Nigericin / Nigericin","PRPF40A","O75400","O75400","PR40A_HUMAN","Pre-mRNA-processing factor 40 homolog A","O75400_Y221_M1_28","Phospho (STY)",0.862373463057366,0.707103173049641,0.700520243908959,6,"Not significant"
"LPS+Nigericin / Nigericin","H1-5","P16401","P16401","H15_HUMAN","Histone H1.5","P16401_T39_M1_28","Phospho (STY)",0.191060857663156,0.708260526919136,0.704454128435434,6,"Not significant"
"LPS+Nigericin / Nigericin","ACIN1","Q9UKV3","Q9UKV3","ACINU_HUMAN","Apoptotic chromatin condensation inducer in the nucleus","Q9UKV3_S1004_M1_28","Phospho (STY)",0.111005787539381,0.708273688627312,0.704559420001633,6,"Not significant"
"LPS+Nigericin / Nigericin","RCSD1","Q6JBY9","Q6JBY9","CPZIP_HUMAN","CapZ-interacting protein","Q6JBY9_S216_M1_28","Phospho (STY)",0.444333261469027,0.708628458168679,0.705746526381503,6,"Not significant"
"LPS+Nigericin / Nigericin","G3BP1","Q13283","Q13283","G3BP1_HUMAN","Ras GTPase-activating protein-binding protein 1","Q13283_S232_M1_28","Phospho (STY)",0.418653340158505,0.708654086577129,0.705813752519607,5,"Not significant"
"LPS+Nigericin / Nigericin","NAP1L4","Q99733","Q99733","NP1L4_HUMAN","Nucleosome assembly protein 1-like 4","Q99733_T28_M1_28","Phospho (STY)",0.571869318397255,0.708683220766525,0.706016291692482,6,"Not significant"
"LPS+Nigericin / Nigericin","MYH9","P35579","P35579","MYH9_HUMAN","Myosin-9","P35579_T1414_M2_28","Phospho (STY)",0.581397359182312,0.708793763671373,0.706341523119699,4,"Not significant"
"LPS+Nigericin / Nigericin","DDX17","Q92841","Q92841","DDX17_HUMAN","Probable ATP-dependent RNA helicase DDX17","Q92841_S466_M1_28","Phospho (STY)",0.178962085362673,0.709033875920692,0.707124760105727,6,"Not significant"
"LPS+Nigericin / Nigericin","AHNAK","Q09666","Q09666","AHNK_HUMAN","Neuroblast differentiation-associated protein AHNAK","Q09666_S4130_M1_28","Phospho (STY)",0.236500870656852,0.709421705986551,0.70850605863356,6,"Not significant"
"LPS+Nigericin / Nigericin","AHNAK","Q09666","Q09666","AHNK_HUMAN","Neuroblast differentiation-associated protein AHNAK","Q09666_S4594_M1_28","Phospho (STY)",0.236500870656852,0.709421705986551,0.70850605863356,6,"Not significant"
"LPS+Nigericin / Nigericin","HDGF","P51858","P51858","HDGF_HUMAN","Hepatoma-derived growth factor","P51858_S165_M1_28","Phospho (STY)",0.546467714361724,0.711365888223128,0.714906348669125,6,"Not significant"
"LPS+Nigericin / Nigericin","CAPZA1","P52907","P52907","CAZA1_HUMAN","F-actin-capping protein subunit alpha-1","P52907_T22_M1_28","Phospho (STY)",0.21251915053062,0.711630078087487,0.715706019075057,6,"Not significant"
"LPS+Nigericin / Nigericin","VDAC2","P45880","P45880","VDAC2_HUMAN","Voltage-dependent anion-selective channel protein 2","P45880_T269_M1_28","Phospho (STY)",-0.0876305332848484,0.711767588629818,0.716240483796379,6,"Not significant"
"LPS+Nigericin / Nigericin","SP100","P23497","P23497","SP100_HUMAN","Nuclear autoantigen Sp-100","P23497_S18_M1_28","Phospho (STY)",-0.17407074186977,0.712961294467455,0.720234585836158,6,"Not significant"
"LPS+Nigericin / Nigericin","ACTB","Cont_P60712;P60709","Cont_P60712;P60709","ACTB_BOVIN;ACTB_HUMAN","Actin, cytoplasmic 1;Actin, cytoplasmic 1","Cont_P60712_Y53_M1_28","Phospho (STY)",0.188906905881411,0.713017338634072,0.720490393979668,6,"Not significant"
"LPS+Nigericin / Nigericin","ACTB","Cont_P60712;P60709","Cont_P60712;P60709","ACTB_BOVIN;ACTB_HUMAN","Actin, cytoplasmic 1;Actin, cytoplasmic 1","P60709_Y53_M1_28","Phospho (STY)",0.188906905881411,0.713017338634072,0.720490393979668,6,"Not significant"
"LPS+Nigericin / Nigericin","SRSF1","Q07955","Q07955","SRSF1_HUMAN","Serine/arginine-rich splicing factor 1","Q07955_Y149_M1_28","Phospho (STY)",0.405810123566234,0.713252050965117,0.721248319911415,6,"Not significant"
"LPS+Nigericin / Nigericin","HSPB1","P04792","P04792","HSPB1_HUMAN","Heat shock protein beta-1","P04792_S82_M1_28","Phospho (STY)",0.216639016129223,0.713459925669038,0.721996524475031,6,"Not significant"
"LPS+Nigericin / Nigericin","PRR14","Q9BWN1","Q9BWN1","PRR14_HUMAN","Proline-rich protein 14","Q9BWN1_S514_M1_28","Phospho (STY)",-0.173983312405415,0.713459925669038,0.7219833745932,5,"Not significant"
"LPS+Nigericin / Nigericin","ABI1","Q8IZP0","Q8IZP0","ABI1_HUMAN","Abl interactor 1","Q8IZP0_Y198_M1_28","Phospho (STY)",0.139871643379748,0.713485311362489,0.722096216159249,6,"Not significant"
"LPS+Nigericin / Nigericin","GLOD4","Q9HC38","Q9HC38","GLOD4_HUMAN","Glyoxalase domain-containing protein 4","Q9HC38_T242_M1_28","Phospho (STY)",0.241559650564503,0.713557370509838,0.722382497248752,6,"Not significant"
"LPS+Nigericin / Nigericin","LRRC8B","Q6P9F7","Q6P9F7","LRC8B_HUMAN","Volume-regulated anion channel subunit LRRC8B","Q6P9F7_S589_M1_28","Phospho (STY)",-0.0522190861228212,0.714261618305564,0.724548844513576,6,"Not significant"
"LPS+Nigericin / Nigericin","AHNAK","Q09666","Q09666","AHNK_HUMAN","Neuroblast differentiation-associated protein AHNAK","Q09666_T376_M1_28","Phospho (STY)",-0.274767825667283,0.714502459047786,0.725277369581422,6,"Not significant"
"LPS+Nigericin / Nigericin","DDX18","Q9NVP1","Q9NVP1","DDX18_HUMAN","ATP-dependent RNA helicase DDX18","Q9NVP1_T260_M2_28","Phospho (STY)",-0.312126734588204,0.718073286667743,0.737108941962512,6,"Not significant"
"LPS+Nigericin / Nigericin","DDX18","Q9NVP1","Q9NVP1","DDX18_HUMAN","ATP-dependent RNA helicase DDX18","Q9NVP1_S258_M2_28","Phospho (STY)",-0.312126734588204,0.718073286667743,0.737108941962512,6,"Not significant"
"LPS+Nigericin / Nigericin","HSPA1A;HSPA1B","P0DMV8;P0DMV9","P0DMV8;P0DMV9","HS71A_HUMAN;HS71B_HUMAN","Heat shock 70 kDa protein 1A;Heat shock 70 kDa protein 1B","P0DMV8_T66_M1_28","Phospho (STY)",-0.687208985218619,0.718684019531949,0.739281997344,6,"Not significant"
"LPS+Nigericin / Nigericin","HSPA1A;HSPA1B","P0DMV8;P0DMV9","P0DMV8;P0DMV9","HS71A_HUMAN;HS71B_HUMAN","Heat shock 70 kDa protein 1A;Heat shock 70 kDa protein 1B","P0DMV9_T66_M1_28","Phospho (STY)",-0.687208985218619,0.718684019531949,0.739281997344,6,"Not significant"
"LPS+Nigericin / Nigericin","PPP6R3","Q5H9R7","Q5H9R7","PP6R3_HUMAN","Serine/threonine-protein phosphatase 6 regulatory subunit 3","Q5H9R7_T171_M1_28","Phospho (STY)",0.34465161056447,0.719023001015115,0.740255270317489,6,"Not significant"
"LPS+Nigericin / Nigericin","EVL","Q9UI08","Q9UI08","EVL_HUMAN","Ena/VASP-like protein","Q9UI08_S331_M1_28","Phospho (STY)",0.476609757191792,0.71989246291594,0.742942522052023,5,"Not significant"
"LPS+Nigericin / Nigericin","MSN","P26038","P26038","MOES_HUMAN","Moesin","P26038_S576_M1_28","Phospho (STY)",-0.527322374277294,0.720010671494521,0.74331223849239,6,"Not significant"
"LPS+Nigericin / Nigericin","PCM1","Q15154","Q15154","PCM1_HUMAN","Pericentriolar material 1 protein","Q15154_S65_M1_28","Phospho (STY)",0.382419258264357,0.720160202024986,0.743771302917004,6,"Not significant"
"LPS+Nigericin / Nigericin","STAT1","P42224","P42224","STAT1_HUMAN","Signal transducer and activator of transcription 1-alpha/beta","P42224_Y701_M1_28","Phospho (STY)",0.314485372987191,0.720162408897186,0.743813076923754,6,"Not significant"
"LPS+Nigericin / Nigericin","SLC25A24","Q6NUK1","Q6NUK1","SCMC1_HUMAN","Mitochondrial adenyl nucleotide antiporter SLC25A24","Q6NUK1_Y404_M1_28","Phospho (STY)",0.497989802259017,0.720286959949878,0.744225357173343,6,"Not significant"
"LPS+Nigericin / Nigericin","HSPA1A;HSPA1B","P0DMV8;P0DMV9","P0DMV8;P0DMV9","HS71A_HUMAN;HS71B_HUMAN","Heat shock 70 kDa protein 1A;Heat shock 70 kDa protein 1B","P0DMV8_Y137_M1_28","Phospho (STY)",-0.780115791199356,0.720468467678898,0.744840507045587,5,"Not significant"
"LPS+Nigericin / Nigericin","HSPA1A;HSPA1B","P0DMV8;P0DMV9","P0DMV8;P0DMV9","HS71A_HUMAN;HS71B_HUMAN","Heat shock 70 kDa protein 1A;Heat shock 70 kDa protein 1B","P0DMV9_Y137_M1_28","Phospho (STY)",-0.780115791199356,0.720468467678898,0.744840507045587,5,"Not significant"
"LPS+Nigericin / Nigericin","NDUFB4","O95168","O95168","NDUB4_HUMAN","NADH dehydrogenase [ubiquinone] 1 beta subcomplex subunit 4","O95168_Y6_M1_28","Phospho (STY)",0.198608195003078,0.720625173620425,0.745355863828996,6,"Not significant"
"LPS+Nigericin / Nigericin","NACA","E9PAV3;Q13765","E9PAV3;Q13765","NACAM_HUMAN;NACA_HUMAN","Nascent polypeptide-associated complex subunit alpha, muscle-specific form;Nascent polypeptide-associated complex subunit alpha","E9PAV3_Y1983_M1_28","Phospho (STY)",-0.126767238695642,0.721582533636851,0.748649172817944,6,"Not significant"
"LPS+Nigericin / Nigericin","NACA","E9PAV3;Q13765","E9PAV3;Q13765","NACAM_HUMAN;NACA_HUMAN","Nascent polypeptide-associated complex subunit alpha, muscle-specific form;Nascent polypeptide-associated complex subunit alpha","Q13765_Y120_M1_28","Phospho (STY)",-0.126767238695642,0.721582533636851,0.748649172817944,6,"Not significant"
"LPS+Nigericin / Nigericin","H2AX","P16104","P16104","H2AX_HUMAN","Histone H2AX","P16104_T102_M1_28","Phospho (STY)",-0.691419867229486,0.721728413587755,0.749345340159981,6,"Not significant"
"LPS+Nigericin / Nigericin","BAK1","Q16611","Q16611","BAK_HUMAN","Bcl-2 homologous antagonist/killer","Q16611_S3_M1_28","Phospho (STY)",-0.0953220719327649,0.72263544803071,0.752420900106796,6,"Not significant"
"LPS+Nigericin / Nigericin","POTEI","P0CG38","P0CG38","POTEI_HUMAN","POTE ankyrin domain family member I","P0CG38_S971_M1_28","Phospho (STY)",0.0692638779893387,0.723211712257382,0.754455058969068,6,"Not significant"
"LPS+Nigericin / Nigericin","PNKP","Q96T60","Q96T60","PNKP_HUMAN","Bifunctional polynucleotide phosphatase/kinase","Q96T60_T157_M1_28","Phospho (STY)",-0.362186071466575,0.724515682397056,0.758986088965337,6,"Not significant"
"LPS+Nigericin / Nigericin","ACTR3","P61158","P61158","ARP3_HUMAN","Actin-related protein 3","P61158_Y184_M1_28","Phospho (STY)",-0.25485519658218,0.725369928808572,0.762006825838137,6,"Not significant"
"LPS+Nigericin / Nigericin","BASP1","P80723","P80723","BASP1_HUMAN","Brain acid soluble protein 1","P80723_T162_M1_28","Phospho (STY)",0.357386665608672,0.725912814840759,0.763886020949803,5,"Not significant"
"LPS+Nigericin / Nigericin","AHNAK","Q09666","Q09666","AHNK_HUMAN","Neuroblast differentiation-associated protein AHNAK","Q09666_S2252_M1_28","Phospho (STY)",0.183370351457065,0.727618144584708,0.769747576949374,6,"Not significant"
"LPS+Nigericin / Nigericin","AHNAK","Q09666","Q09666","AHNK_HUMAN","Neuroblast differentiation-associated protein AHNAK","Q09666_S4069_M1_28","Phospho (STY)",0.183370351457065,0.727618144584708,0.769747576949374,6,"Not significant"
"LPS+Nigericin / Nigericin","CAP1","Q01518","Q01518","CAP1_HUMAN","Adenylyl cyclase-associated protein 1","Q01518_T78_M1_28","Phospho (STY)",0.118043155780536,0.727651880482052,0.769877749463679,6,"Not significant"
"LPS+Nigericin / Nigericin","HADHB","P55084","P55084","ECHB_HUMAN","Trifunctional enzyme subunit beta, mitochondrial","P55084_S262_M1_28","Phospho (STY)",-0.0857703351698489,0.727884065621897,0.770730045258672,6,"Not significant"
"LPS+Nigericin / Nigericin","MDH2","P40926","P40926","MDHM_HUMAN","Malate dehydrogenase, mitochondrial","P40926_T204_M2_28","Phospho (STY)",-0.671303198581097,0.727963277087591,0.771025725445424,6,"Not significant"
"LPS+Nigericin / Nigericin","POLR2B","P30876","P30876","RPB2_HUMAN","DNA-directed RNA polymerase II subunit RPB2","P30876_Y1029_M2_28","Phospho (STY)",-0.200107410355638,0.728239312752165,0.772018180216534,5,"Not significant"
"LPS+Nigericin / Nigericin","RAB18","Q9NP72","Q9NP72","RAB18_HUMAN","Ras-related protein Rab-18","Q9NP72_T49_M1_28","Phospho (STY)",-0.660025149199808,0.728843205450346,0.774213216594409,6,"Not significant"
"LPS+Nigericin / Nigericin","CAP1","Cont_Q3SYV4","Cont_Q3SYV4","CAP1_BOVIN","Adenylyl cyclase-associated protein 1","Cont_Q3SYV4_T89_M1_28","Phospho (STY)",0.112008908258407,0.729412463562095,0.776030945127733,5,"Not significant"
"LPS+Nigericin / Nigericin","GSTP1","P09211","P09211","GSTP1_HUMAN","Glutathione S-transferase P","P09211_Y199_M1_28","Phospho (STY)",0.38487367735264,0.729645188288258,0.776907892980912,6,"Not significant"
"LPS+Nigericin / Nigericin","RPSA","P08865","P08865","RSSA_HUMAN","Small ribosomal subunit protein uS2","P08865_T144_M1_28","Phospho (STY)",-0.080885722255025,0.730085753288418,0.778391908300636,6,"Not significant"
"LPS+Nigericin / Nigericin","RAB14","P61106","P61106","RAB14_HUMAN","Ras-related protein Rab-14","P61106_S56_M1_28","Phospho (STY)",-0.642700149067885,0.730121937539379,0.778652331111677,6,"Not significant"
"LPS+Nigericin / Nigericin","CAPZB","P47756","P47756","CAPZB_HUMAN","F-actin-capping protein subunit beta","P47756_S34_M2_28","Phospho (STY)",0.222304001063793,0.730674865404477,0.780572190240258,4,"Not significant"
"LPS+Nigericin / Nigericin","CALM1;CALM2;CALM3","P0DP23;P0DP24;P0DP25","P0DP23;P0DP24;P0DP25","CALM1_HUMAN;CALM2_HUMAN;CALM3_HUMAN","Calmodulin-1;Calmodulin-2;Calmodulin-3","P0DP23_Y100_M1_28","Phospho (STY)",0.33576221944019,0.730928301864677,0.781603711008343,6,"Not significant"
"LPS+Nigericin / Nigericin","CALM1;CALM2;CALM3","P0DP23;P0DP24;P0DP25","P0DP23;P0DP24;P0DP25","CALM1_HUMAN;CALM2_HUMAN;CALM3_HUMAN","Calmodulin-1;Calmodulin-2;Calmodulin-3","P0DP24_Y100_M1_28","Phospho (STY)",0.33576221944019,0.730928301864677,0.781603711008343,6,"Not significant"
"LPS+Nigericin / Nigericin","CALM1;CALM2;CALM3","P0DP23;P0DP24;P0DP25","P0DP23;P0DP24;P0DP25","CALM1_HUMAN;CALM2_HUMAN;CALM3_HUMAN","Calmodulin-1;Calmodulin-2;Calmodulin-3","P0DP25_Y100_M1_28","Phospho (STY)",0.33576221944019,0.730928301864677,0.781603711008343,6,"Not significant"
"LPS+Nigericin / Nigericin","MIA2","Q96PC5","Q96PC5","MIA2_HUMAN","Melanoma inhibitory activity protein 2","Q96PC5_Y1039_M2_28","Phospho (STY)",-0.121118221725208,0.732000181935542,0.785464918776376,6,"Not significant"
"LPS+Nigericin / Nigericin","RPS20","P60866","P60866","RS20_HUMAN","Small ribosomal subunit protein uS10","P60866_T9_M2_28","Phospho (STY)",-0.0455886755525098,0.732651474189745,0.788045797643343,6,"Not significant"
"LPS+Nigericin / Nigericin","RPS20","P60866","P60866","RS20_HUMAN","Small ribosomal subunit protein uS10","P60866_T6_M2_28","Phospho (STY)",-0.0455886755525098,0.732651474189745,0.788045797643343,6,"Not significant"
"LPS+Nigericin / Nigericin","GLO1","Q04760","Q04760","LGUL_HUMAN","Lactoylglutathione lyase","Q04760_S8_M1_28","Phospho (STY)",-0.0769328314368509,0.735017301661457,0.796356697809108,6,"Not significant"
"LPS+Nigericin / Nigericin","PNISR","Q8TF01","Q8TF01","PNISR_HUMAN","Arginine/serine-rich protein PNISR","Q8TF01_S211_M1_28","Phospho (STY)",0.174613916646713,0.736274094580768,0.800665519694134,6,"Not significant"
"LPS+Nigericin / Nigericin","CLPX","O76031","O76031","CLPX_HUMAN","ATP-dependent Clp protease ATP-binding subunit clpX-like, mitochondrial","O76031_S365_M1_28","Phospho (STY)",-0.0692454495065521,0.73647978812767,0.801319671428479,6,"Not significant"
"LPS+Nigericin / Nigericin","BSG","P35613","P35613","BASI_HUMAN","Basigin","P35613_T141_M1_28","Phospho (STY)",0.0693169660082672,0.736870241222273,0.802671017850396,6,"Not significant"
"LPS+Nigericin / Nigericin","RAB5B","P61020","P61020","RAB5B_HUMAN","Ras-related protein Rab-5B","P61020_S184_M1_28","Phospho (STY)",-0.0830783573119676,0.737547009752754,0.805266519567419,6,"Not significant"
"LPS+Nigericin / Nigericin","UHRF2","Q96PU4","Q96PU4","UHRF2_HUMAN","E3 ubiquitin-protein ligase UHRF2","Q96PU4_S301_M2_28","Phospho (STY)",-0.553593909522082,0.737812616663597,0.806229868216289,6,"Not significant"
"LPS+Nigericin / Nigericin","EEF2","P13639","P13639","EF2_HUMAN","Elongation factor 2","P13639_Y730_M2_28","Phospho (STY)",-0.389032979559542,0.738755222492357,0.809688778406369,6,"Not significant"
"LPS+Nigericin / Nigericin","PDIA3","P30101","P30101","PDIA3_HUMAN","Protein disulfide-isomerase A3","P30101_Y95_M1_28","Phospho (STY)",-0.525563599167936,0.739109672208696,0.810902754854767,6,"Not significant"
"LPS+Nigericin / Nigericin","CYB5B","O43169","O43169","CYB5B_HUMAN","Cytochrome b5 type B","O43169_S37_M1_28","Phospho (STY)",0.152854127514335,0.739623445359475,0.812786624782993,6,"Not significant"
"LPS+Nigericin / Nigericin","DNM2","P50570","P50570","DYN2_HUMAN","Dynamin-2","P50570_Y231_M1_28","Phospho (STY)",0.113039828740238,0.740997437037274,0.817940767319667,6,"Not significant"
"LPS+Nigericin / Nigericin","GAPDH","P04406","P04406","G3P_HUMAN","Glyceraldehyde-3-phosphate dehydrogenase","P04406_S125_M2_28","Phospho (STY)",-0.112791165940793,0.742507630811004,0.823470656642212,6,"Not significant"
"LPS+Nigericin / Nigericin","GAPDH","P04406","P04406","G3P_HUMAN","Glyceraldehyde-3-phosphate dehydrogenase","P04406_S122_M2_28","Phospho (STY)",-0.112791165940793,0.742507630811004,0.823470656642212,6,"Not significant"
"LPS+Nigericin / Nigericin","VDAC3","Q9Y277","Q9Y277","VDAC3_HUMAN","Voltage-dependent anion-selective channel protein 3","Q9Y277_Y67_M1_28","Phospho (STY)",-0.0455938966881599,0.74314667664366,0.825750647467412,6,"Not significant"
"LPS+Nigericin / Nigericin","H1-4","P10412","P10412","H14_HUMAN","Histone H1.4","P10412_S2_M1_28","Phospho (STY)",-0.135402665121073,0.743201855208617,0.825958214411485,6,"Not significant"
"LPS+Nigericin / Nigericin","PRSS1","P07477","P07477","TRY1_HUMAN","Serine protease 1","P07477_T103_M2_28","Phospho (STY)",-0.0452793279135205,0.743400745357678,0.826756427467927,6,"Not significant"
"LPS+Nigericin / Nigericin","PRSS1","P07477","P07477","TRY1_HUMAN","Serine protease 1","P07477_Y99_M2_28","Phospho (STY)",-0.0452793279135205,0.743400745357678,0.826756427467927,6,"Not significant"
"LPS+Nigericin / Nigericin","MYO1E","Q12965","Q12965","MYO1E_HUMAN","Unconventional myosin-Ie","Q12965_T865_M1_28","Phospho (STY)",-0.0566074424446738,0.743827661908408,0.82837845713664,6,"Not significant"
"LPS+Nigericin / Nigericin","RALY","Q9UKM9","Q9UKM9","RALY_HUMAN","RNA-binding protein Raly","Q9UKM9_S135_M1_28","Phospho (STY)",0.203212155589126,0.743887668448344,0.828685222061605,6,"Not significant"
"LPS+Nigericin / Nigericin","UGP2","Q16851","Q16851","UGPA_HUMAN","UTP--glucose-1-phosphate uridylyltransferase","Q16851_S200_M1_28","Phospho (STY)",0.0886788695784635,0.744275256756618,0.830271558704363,6,"Not significant"
"LPS+Nigericin / Nigericin","FAM3C","Q92520","Q92520","FAM3C_HUMAN","Protein FAM3C","Q92520_S75_M1_28","Phospho (STY)",-0.234927643379142,0.744724874692468,0.831779290270405,6,"Not significant"
"LPS+Nigericin / Nigericin","LMNA","P02545","P02545","LMNA_HUMAN","Prelamin-A/C","P02545_S390_M1_28","Phospho (STY)",0.0827151315530808,0.744968064242303,0.832693296792145,6,"Not significant"
"LPS+Nigericin / Nigericin","GOT2","P00505","P00505","AATM_HUMAN","Aspartate aminotransferase, mitochondrial","P00505_S317_M2_28","Phospho (STY)",-0.127987440513381,0.745102579528734,0.833272140779537,6,"Not significant"
"LPS+Nigericin / Nigericin","GOT2","P00505","P00505","AATM_HUMAN","Aspartate aminotransferase, mitochondrial","P00505_Y316_M2_28","Phospho (STY)",-0.127987440513381,0.745102579528734,0.833272140779537,6,"Not significant"
"LPS+Nigericin / Nigericin","HEXB","P07686","P07686","HEXB_HUMAN","Beta-hexosaminidase subunit beta","P07686_Y550_M1_28","Phospho (STY)",0.070141266566377,0.745167257747495,0.833501766814648,6,"Not significant"
"LPS+Nigericin / Nigericin","LNPK","Q9C0E8","Q9C0E8","LNP_HUMAN","Endoplasmic reticulum junction formation protein lunapark","Q9C0E8_S194_M1_28","Phospho (STY)",-0.197054813269375,0.746036946014285,0.837098832396864,6,"Not significant"
"LPS+Nigericin / Nigericin","P4HB","P07237","P07237","PDIA1_HUMAN","Protein disulfide-isomerase","P07237_Y116_M2_28","Phospho (STY)",0.039670883992323,0.746092519442449,0.837465743864978,6,"Not significant"
"LPS+Nigericin / Nigericin","RBM15","Q96T37","Q96T37","RBM15_HUMAN","RNA-binding protein 15","Q96T37_S294_M1_28","Phospho (STY)",0.103500583948085,0.747349269123927,0.84189468659322,6,"Not significant"
"LPS+Nigericin / Nigericin","RAB37","Q96AX2","Q96AX2","RAB37_HUMAN","Ras-related protein Rab-37","Q96AX2_T73_M1_28","Phospho (STY)",-0.181888685690829,0.748038563584066,0.844697840918667,6,"Not significant"
"LPS+Nigericin / Nigericin","HIVEP3","Q5T1R4","Q5T1R4","ZEP3_HUMAN","Transcription factor HIVEP3","Q5T1R4_Y1015_M1_28","Phospho (STY)",0.0929216449388605,0.748502100600198,0.846362939677179,4,"Not significant"
"LPS+Nigericin / Nigericin","ATP5F1B","P06576","P06576","ATPB_HUMAN","ATP synthase subunit beta, mitochondrial","P06576_T116_M1_28","Phospho (STY)",-0.0681276152896091,0.748571018646513,0.846551410722888,6,"Not significant"
"LPS+Nigericin / Nigericin","CANX","P27824","P27824","CALX_HUMAN","Calnexin","P27824_Y393_M2_28","Phospho (STY)",0.0851668209166282,0.748676122314962,0.847088757740139,6,"Not significant"
"LPS+Nigericin / Nigericin","TCOF1","Q13428","Q13428","TCOF_HUMAN","Treacle protein","Q13428_S503_M1_28","Phospho (STY)",0.0986964415322275,0.748703621798369,0.847144799035582,5,"Not significant"
"LPS+Nigericin / Nigericin","RPL10L","Q96L21","Q96L21","RL10L_HUMAN","Ribosomal protein uL16-like","Q96L21_Y57_M2_28","Phospho (STY)",-0.427076008929349,0.748804315505769,0.847447569277702,6,"Not significant"
"LPS+Nigericin / Nigericin","ANXA1","P04083","P04083","ANXA1_HUMAN","Annexin A1","P04083_S46_M1_28","Phospho (STY)",0.0650137981120806,0.749874584343867,0.851320611026609,4,"Not significant"
"LPS+Nigericin / Nigericin","NUP85","Q9BW27","Q9BW27","NUP85_HUMAN","Nuclear pore complex protein Nup85","Q9BW27_T579_M2_28","Phospho (STY)",-0.390488859353159,0.749884547984909,0.851428939944504,4,"Not significant"
"LPS+Nigericin / Nigericin","TPI1","P60174","P60174","TPIS_HUMAN","Triosephosphate isomerase","P60174_S21_M1_28","Phospho (STY)",-0.329797866733018,0.750667574600297,0.854466924668329,5,"Not significant"
"LPS+Nigericin / Nigericin","SRSF9","Q13242","Q13242","SRSF9_HUMAN","Serine/arginine-rich splicing factor 9","Q13242_S211_M1_28","Phospho (STY)",-0.114174656958048,0.751815644237522,0.85880556714725,6,"Not significant"
"LPS+Nigericin / Nigericin","GRHPR","Q9UBQ7","Q9UBQ7","GRHPR_HUMAN","Glyoxylate reductase/hydroxypyruvate reductase","Q9UBQ7_S60_M1_28","Phospho (STY)",-0.0695990153151786,0.752283659958564,0.860556330241653,6,"Not significant"
"LPS+Nigericin / Nigericin","S100A8","P05109","P05109","S10A8_HUMAN","Protein S100-A8","P05109_T62_M1_28","Phospho (STY)",0.33571780326371,0.752366007127979,0.861043461542976,6,"Not significant"
"LPS+Nigericin / Nigericin","ENO2","P09104","P09104","ENOG_HUMAN","Gamma-enolase","P09104_S221_M1_28","Phospho (STY)",-0.0907193447586562,0.753166955448795,0.864407754842519,6,"Not significant"
"LPS+Nigericin / Nigericin","STOML2","Q9UJZ1","Q9UJZ1","STML2_HUMAN","Stomatin-like protein 2, mitochondrial","Q9UJZ1_S189_M1_28","Phospho (STY)",-0.18271008351396,0.753993838767194,0.867625452294543,6,"Not significant"
"LPS+Nigericin / Nigericin","TLN1","Q9Y490","Q9Y490","TLN1_HUMAN","Talin-1","Q9Y490_T1663_M1_28","Phospho (STY)",0.06379891327525,0.754203739410714,0.868331845787093,6,"Not significant"
"LPS+Nigericin / Nigericin","AHNAK","Q09666","Q09666","AHNK_HUMAN","Neuroblast differentiation-associated protein AHNAK","Q09666_S4092_M1_28","Phospho (STY)",-0.284949506796531,0.754257493921644,0.868581183921576,5,"Not significant"
"LPS+Nigericin / Nigericin","RAB9B","Q9NP90","Q9NP90","RAB9B_HUMAN","Ras-related protein Rab-9B","Q9NP90_Y108_M1_28","Phospho (STY)",-0.378875892966266,0.754677139713166,0.870095443434939,5,"Not significant"
"LPS+Nigericin / Nigericin","HSP90B1","P14625","P14625","ENPL_HUMAN","Endoplasmin","P14625_S607_M1_28","Phospho (STY)",-0.0913243733323008,0.754934938011382,0.871082305670845,6,"Not significant"
"LPS+Nigericin / Nigericin","BROX","Q5VW32","Q5VW32","BROX_HUMAN","BRO1 domain-containing protein BROX","Q5VW32_Y331_M1_28","Phospho (STY)",-0.0456562754840372,0.755081668639083,0.871812685473448,5,"Not significant"
"LPS+Nigericin / Nigericin","DRG2","P55039","P55039","DRG2_HUMAN","Developmentally-regulated GTP-binding protein 2","P55039_Y210_M1_28","Phospho (STY)",0.0596130608464334,0.755443786894826,0.873315725697407,6,"Not significant"
"LPS+Nigericin / Nigericin","ALCAM","Q13740","Q13740","CD166_HUMAN","CD166 antigen","Q13740_Y284_M1_28","Phospho (STY)",-0.0600347627834666,0.756219815985627,0.876356871362814,6,"Not significant"
"LPS+Nigericin / Nigericin","GLUD1","P00367","P00367","DHE3_HUMAN","Glutamate dehydrogenase 1, mitochondrial","P00367_Y170_M1_28","Phospho (STY)",-0.337569805321905,0.756684801081375,0.878011402587145,6,"Not significant"
"LPS+Nigericin / Nigericin","AHNAK","Q09666","Q09666","AHNK_HUMAN","Neuroblast differentiation-associated protein AHNAK","Q09666_S1158_M1_28","Phospho (STY)",0.0659267359884996,0.756900600713879,0.878728697715278,6,"Not significant"
"LPS+Nigericin / Nigericin","IFI16","Q16666","Q16666","IF16_HUMAN","Gamma-interferon-inducible protein 16","Q16666_S153_M1_28","Phospho (STY)",-0.153019420353359,0.757948703394769,0.882785882227664,5,"Not significant"
"LPS+Nigericin / Nigericin","CHCHD3","Q9NX63","Q9NX63","MIC19_HUMAN","MICOS complex subunit MIC19","Q9NX63_S50_M1_28","Phospho (STY)",-0.0949977840415792,0.758864874027999,0.886258064935302,5,"Not significant"
"LPS+Nigericin / Nigericin","POTEI","P0CG38","P0CG38","POTEI_HUMAN","POTE ankyrin domain family member I","P0CG38_Y918_M1_28","Phospho (STY)",-0.158195194293385,0.759185296328278,0.887489222553446,6,"Not significant"
"LPS+Nigericin / Nigericin","EEF1A1P5","Q5VTE0","Q5VTE0","EF1A3_HUMAN","Putative elongation factor 1-alpha-like 3","Q5VTE0_Y357_M1_28","Phospho (STY)",0.0337108775998552,0.761213841800713,0.896094364917776,6,"Not significant"
"LPS+Nigericin / Nigericin","RPL21","P46778","P46778","RL21_HUMAN","Large ribosomal subunit protein eL21","P46778_T124_M1_28","Phospho (STY)",0.0551985376044464,0.761241822525531,0.896234954495301,6,"Not significant"
"LPS+Nigericin / Nigericin","ALDOA","P04075","P04075","ALDOA_HUMAN","Fructose-bisphosphate aldolase A","P04075_T119_M1_28","Phospho (STY)",-0.12629409776358,0.763246166068073,0.90441345967929,6,"Not significant"
"LPS+Nigericin / Nigericin","SSBP1","Q04837","Q04837","SSBP_HUMAN","Single-stranded DNA-binding protein, mitochondrial","Q04837_T144_M2_28","Phospho (STY)",-0.0656795466305453,0.764215467297144,0.908096054704888,4,"Not significant"
"LPS+Nigericin / Nigericin","SSBP1","Q04837","Q04837","SSBP_HUMAN","Single-stranded DNA-binding protein, mitochondrial","Q04837_S141_M2_28","Phospho (STY)",-0.0656795466305453,0.764215467297144,0.908096054704888,4,"Not significant"
"LPS+Nigericin / Nigericin","SNRPD2","P62316","P62316","SMD2_HUMAN","Small nuclear ribonucleoprotein Sm D2","P62316_S2_M1_28","Phospho (STY)",0.0309583558107218,0.764303442020162,0.908435082383657,6,"Not significant"
"LPS+Nigericin / Nigericin","SEC22B","O75396","O75396","SC22B_HUMAN","Vesicle-trafficking protein SEC22b","O75396_S137_M2_28","Phospho (STY)",0.257327250973424,0.764512155692617,0.909330789755952,5,"Not significant"
"LPS+Nigericin / Nigericin","EEF2","P13639","P13639","EF2_HUMAN","Elongation factor 2","P13639_Y634_M1_28","Phospho (STY)",0.0574534985028886,0.764542368010985,0.909545389978599,5,"Not significant"
"LPS+Nigericin / Nigericin","P4HB","P07237","P07237","PDIA1_HUMAN","Protein disulfide-isomerase","P07237_T319_M1_28","Phospho (STY)",0.0286394996527049,0.764878103711737,0.91081499919883,5,"Not significant"
"LPS+Nigericin / Nigericin","PGK1","P00558","P00558","PGK1_HUMAN","Phosphoglycerate kinase 1","P00558_Y324_M1_28","Phospho (STY)",-0.117338355942382,0.765640682303588,0.913792885311684,6,"Not significant"
"LPS+Nigericin / Nigericin","ECH1","Q13011","Q13011","ECH1_HUMAN","Delta(3,5)-Delta(2,4)-dienoyl-CoA isomerase, mitochondrial","Q13011_S244_M2_28","Phospho (STY)",-0.243838098009637,0.765822566163789,0.914603566201443,5,"Not significant"
"LPS+Nigericin / Nigericin","ECH1","Q13011","Q13011","ECH1_HUMAN","Delta(3,5)-Delta(2,4)-dienoyl-CoA isomerase, mitochondrial","Q13011_S240_M2_28","Phospho (STY)",-0.243838098009637,0.765822566163789,0.914603566201443,5,"Not significant"
"LPS+Nigericin / Nigericin","YWHAZ","Cont_P63103;P63104","Cont_P63103;P63104","1433Z_BOVIN;1433Z_HUMAN","14-3-3 protein zeta/delta","Cont_P63103_S145_M1_28","Phospho (STY)",0.0542038544327349,0.766280524978363,0.916537692038697,5,"Not significant"
"LPS+Nigericin / Nigericin","YWHAZ","Cont_P63103;P63104","Cont_P63103;P63104","1433Z_BOVIN;1433Z_HUMAN","14-3-3 protein zeta/delta","P63104_S145_M1_28","Phospho (STY)",0.0542038544327349,0.766280524978363,0.916537692038697,5,"Not significant"
"LPS+Nigericin / Nigericin","PSMC3","P17980","P17980","PRS6A_HUMAN","26S proteasome regulatory subunit 6A","P17980_Y158_M1_28","Phospho (STY)",-0.0348527715692052,0.766912093058418,0.919167936484119,6,"Not significant"
"LPS+Nigericin / Nigericin","AHCTF1","Q8WYP5","Q8WYP5","ELYS_HUMAN","Protein ELYS","Q8WYP5_T1436_M1_28","Phospho (STY)",-0.070126090083445,0.767572276913666,0.921555740299557,5,"Not significant"
"LPS+Nigericin / Nigericin","ALDOA","P04075","P04075","ALDOA_HUMAN","Fructose-bisphosphate aldolase A","P04075_S160_M2_28","Phospho (STY)",-0.207814863070926,0.768021402146884,0.923662993015172,6,"Not significant"
"LPS+Nigericin / Nigericin","ALDOA","P04075","P04075","ALDOA_HUMAN","Fructose-bisphosphate aldolase A","P04075_T158_M2_28","Phospho (STY)",-0.207814863070926,0.768021402146884,0.923662993015172,6,"Not significant"
"LPS+Nigericin / Nigericin","CTSV","O60911","O60911","CATL2_HUMAN","Cathepsin L2","O60911_Y125_M1_28","Phospho (STY)",-0.144978414440327,0.7689717900793,0.927735235846874,6,"Not significant"
"LPS+Nigericin / Nigericin","RBM14","Q96PK6","Q96PK6","RBM14_HUMAN","RNA-binding protein 14","Q96PK6_T206_M1_28","Phospho (STY)",0.0482011432977301,0.769060838198779,0.928218397323703,6,"Not significant"
"LPS+Nigericin / Nigericin","AHNAK","Q09666","Q09666","AHNK_HUMAN","Neuroblast differentiation-associated protein AHNAK","Q09666_S5573_M1_28","Phospho (STY)",-0.050077632955186,0.769632825046202,0.930593120196062,5,"Not significant"
"LPS+Nigericin / Nigericin","RPL31","P62899","P62899","RL31_HUMAN","Large ribosomal subunit protein eL31","P62899_S15_M1_28","Phospho (STY)",-0.188815863009356,0.769693176992767,0.930870538609246,6,"Not significant"
"LPS+Nigericin / Nigericin","ACTBL2","Q562R1","Q562R1","ACTBL_HUMAN","Beta-actin-like protein 2","Q562R1_Y295_M1_28","Phospho (STY)",0.0709018659682257,0.770076099751699,0.932545741974451,6,"Not significant"
"LPS+Nigericin / Nigericin","RPLP1","P05386","P05386","RLA1_HUMAN","Large ribosomal subunit protein P1","P05386_S58_M1_28","Phospho (STY)",-0.0148632660036628,0.770146785398402,0.932755735407044,6,"Not significant"
"LPS+Nigericin / Nigericin","MYL6","P60660","P60660","MYL6_HUMAN","Myosin light polypeptide 6","P60660_Y29_M1_28","Phospho (STY)",-0.183733901351967,0.770153009206163,0.932803341777124,6,"Not significant"
"LPS+Nigericin / Nigericin","CCAR2","Q8N163","Q8N163","CCAR2_HUMAN","Cell cycle and apoptosis regulator protein 2","Q8N163_Y100_M1_28","Phospho (STY)",-0.0388495225075676,0.770468906091609,0.934129598185257,6,"Not significant"
"LPS+Nigericin / Nigericin","MMP14","P50281","P50281","MMP14_HUMAN","Matrix metalloproteinase-14","P50281_T412_M1_28","Phospho (STY)",0.0882919764014592,0.771219282230634,0.937527539896741,6,"Not significant"
"LPS+Nigericin / Nigericin","RPL18","Q07020","Q07020","RL18_HUMAN","Large ribosomal subunit protein eL18","Q07020_T136_M1_28","Phospho (STY)",-0.0206521633352114,0.771971027085246,0.94067185321108,6,"Not significant"
"LPS+Nigericin / Nigericin","PARK7","Q99497","Q99497","PARK7_HUMAN","Parkinson disease protein 7","Q99497_S85_M2_28","Phospho (STY)",0.0670287356431324,0.772532908787796,0.942823468169732,6,"Not significant"
"LPS+Nigericin / Nigericin","PARK7","Q99497","Q99497","PARK7_HUMAN","Parkinson disease protein 7","Q99497_S83_M2_28","Phospho (STY)",0.0670287356431324,0.772532908787796,0.942823468169732,6,"Not significant"
"LPS+Nigericin / Nigericin","ACAA2","P42765","P42765","THIM_HUMAN","3-ketoacyl-CoA thiolase, mitochondrial","P42765_Y20_M1_28","Phospho (STY)",-0.0288526740376721,0.772760816051341,0.943732702182058,6,"Not significant"
"LPS+Nigericin / Nigericin","NDRG1","Q92597","Q92597","NDRG1_HUMAN","Protein NDRG1","Q92597_T281_M1_28","Phospho (STY)",0.0569038864240867,0.77379823737495,0.948318191560188,5,"Not significant"
"LPS+Nigericin / Nigericin","PLAUR","Q03405","Q03405","UPAR_HUMAN","Urokinase plasminogen activator surface receptor","Q03405_S139_M2_28","Phospho (STY)",0.134334910091502,0.774511645853417,0.951326706309255,4,"Not significant"
"LPS+Nigericin / Nigericin","SMAP2","Q8WU79","Q8WU79","SMAP2_HUMAN","Stromal membrane-associated protein 2","Q8WU79_S240_M1_28","Phospho (STY)",-0.0304223683965739,0.774541671458413,0.951465891686944,4,"Not significant"
"LPS+Nigericin / Nigericin","EEF1A1","Cont_P68103;P68104","Cont_P68103;P68104","EF1A1_BOVIN;EF1A1_HUMAN","Elongation factor 1-alpha 1","Cont_P68103_T242_M1_28","Phospho (STY)",0.0298440867072211,0.774623394322582,0.951802499770783,5,"Not significant"
"LPS+Nigericin / Nigericin","EEF1A1","Cont_P68103;P68104","Cont_P68103;P68104","EF1A1_BOVIN;EF1A1_HUMAN","Elongation factor 1-alpha 1","P68104_T242_M1_28","Phospho (STY)",0.0298440867072211,0.774623394322582,0.951802499770783,5,"Not significant"
"LPS+Nigericin / Nigericin","OS9","Q13438","Q13438","OS9_HUMAN","Protein OS-9","Q13438_T546_M1_28","Phospho (STY)",0.0157893479138673,0.77599027754965,0.957655353764988,6,"Not significant"
"LPS+Nigericin / Nigericin","SND1","Q7KZF4","Q7KZF4","SND1_HUMAN","Staphylococcal nuclease domain-containing protein 1","Q7KZF4_Y178_M2_28","Phospho (STY)",0.0157214929377878,0.775997553369722,0.957743865776838,6,"Not significant"
"LPS+Nigericin / Nigericin","ACTC1","P68032","P68032","ACTC_HUMAN","Actin, alpha cardiac muscle 1","P68032_Y220_M1_28","Phospho (STY)",0.0228962261617897,0.776196782585394,0.958613850129985,6,"Not significant"
"LPS+Nigericin / Nigericin","HSPA5","P11021","P11021","BIP_HUMAN","Endoplasmic reticulum chaperone BiP","P11021_T166_M1_28","Phospho (STY)",-0.0106683228017394,0.7765146877936,0.960077506463474,4,"Not significant"
"LPS+Nigericin / Nigericin","WDFY3","Q8IZQ1","Q8IZQ1","WDFY3_HUMAN","WD repeat and FYVE domain-containing protein 3","Q8IZQ1_S1980_M1_28","Phospho (STY)",-0.0426054983961275,0.776556075965613,0.960477241889115,6,"Not significant"
"LPS+Nigericin / Nigericin","ALDOA","P04075","P04075","ALDOA_HUMAN","Fructose-bisphosphate aldolase A","P04075_Y174_M1_28","Phospho (STY)",-0.0477298432688536,0.77694361835461,0.962303842930435,6,"Not significant"
"LPS+Nigericin / Nigericin","PCNA","P12004","P12004","PCNA_HUMAN","Proliferating cell nuclear antigen","P12004_Y133_M1_28","Phospho (STY)",-0.0548061061697342,0.777897215053066,0.966027553077323,6,"Not significant"
"LPS+Nigericin / Nigericin","CEP170","Q5SW79","Q5SW79","CE170_HUMAN","Centrosomal protein of 170 kDa","Q5SW79_Y91_M2_28","Phospho (STY)",0.0803994437740466,0.778535982394841,0.968703592237636,6,"Not significant"
"LPS+Nigericin / Nigericin","GPI","P06744","P06744","G6PI_HUMAN","Glucose-6-phosphate isomerase","P06744_Y183_M1_28","Phospho (STY)",-0.0182458096830053,0.77941550599338,0.972594767586653,6,"Not significant"
"LPS+Nigericin / Nigericin","NUP153","P49790","P49790","NU153_HUMAN","Nuclear pore complex protein Nup153","P49790_S240_M1_28","Phospho (STY)",0.0112174523137437,0.779446700059493,0.972708487195587,6,"Not significant"
"LPS+Nigericin / Nigericin","SDHAF2","Q9NX18","Q9NX18","SDHF2_HUMAN","Succinate dehydrogenase assembly factor 2, mitochondrial","Q9NX18_Y160_M1_28","Phospho (STY)",0.00610029879597744,0.779687692585205,0.973690721693332,6,"Not significant"
"LPS+Nigericin / Nigericin","NOLC1","Q14978","Q14978","NOLC1_HUMAN","Nucleolar and coiled-body phosphoprotein 1","Q14978_S698_M1_28","Phospho (STY)",0.0374296454244599,0.779770973617631,0.974171351886075,6,"Not significant"
"LPS+Nigericin / Nigericin","MMP9","P14780","P14780","MMP9_HUMAN","Matrix metalloproteinase-9","P14780_S66_M1_28","Phospho (STY)",-0.0095067195125813,0.78036346052366,0.976741058304592,6,"Not significant"
"LPS+Nigericin / Nigericin","ALDOC","P09972","P09972","ALDOC_HUMAN","Fructose-bisphosphate aldolase C","P09972_S160_M2_28","Phospho (STY)",0.0513302096642379,0.780397115636021,0.976933157996691,6,"Not significant"
"LPS+Nigericin / Nigericin","BCLAF1","Q9NYF8","Q9NYF8","BCLF1_HUMAN","Bcl-2-associated transcription factor 1","Q9NYF8_S177_M1_28","Phospho (STY)",-0.0123298236428008,0.780852929054688,0.978900485759669,5,"Not significant"
"LPS+Nigericin / Nigericin","EZR","P15311","P15311","EZRI_HUMAN","Ezrin","P15311_S366_M1_28","Phospho (STY)",0.0127497555865149,0.780953157241352,0.979347374363117,6,"Not significant"
"LPS+Nigericin / Nigericin","PPAN","Q9NQ55","Q9NQ55","SSF1_HUMAN","Suppressor of SWI4 1 homolog","Q9NQ55_S359_M1_28","Phospho (STY)",-0.0159513934120663,0.781471286986797,0.981467707762826,6,"Not significant"
"LPS+Nigericin / Nigericin","RPL23","P62829","P62829","RL23_HUMAN","Large ribosomal subunit protein uL14","P62829_Y38_M2_28","Phospho (STY)",0.0254027721558333,0.781509626995038,0.981673487670173,6,"Not significant"
"LPS+Nigericin / Nigericin","ACLY","P53396","P53396","ACLY_HUMAN","ATP-citrate synthase","P53396_Y704_M2_28","Phospho (STY)",-0.0269605835575895,0.781630176982801,0.982164766619602,6,"Not significant"
"LPS+Nigericin / Nigericin","EZR","P15311","P15311","EZRI_HUMAN","Ezrin","P15311_T235_M1_28","Phospho (STY)",0.0230325347887853,0.781780865772918,0.982796426234217,6,"Not significant"
"LPS+Nigericin / Nigericin","FGR","P09769","P09769","FGR_HUMAN","Tyrosine-protein kinase Fgr","P09769_T14_M1_28","Phospho (STY)",-0.0406473123629779,0.782221191733022,0.984680989132611,6,"Not significant"
"LPS+Nigericin / Nigericin","CAP1","Q01518","Q01518","CAP1_HUMAN","Adenylyl cyclase-associated protein 1","Q01518_S102_M1_28","Phospho (STY)",-0.00594497391487476,0.783580030422297,0.990652653551905,4,"Not significant"
"LPS+Nigericin / Nigericin","ACAD9","Q9H845","Q9H845","ACAD9_HUMAN","Complex I assembly factor ACAD9, mitochondrial","Q9H845_Y165_M2_28","Phospho (STY)",0.0239786974037493,0.783693693667955,0.991144309603581,6,"Not significant"
"LPS+Nigericin / Nigericin","PPP1CA","P62136","P62136","PP1A_HUMAN","Serine/threonine-protein phosphatase PP1-alpha catalytic subunit","P62136_Y114_M1_28","Phospho (STY)",-0.0114302503062903,0.784211447205121,0.993646471553811,6,"Not significant"
"LPS+Nigericin / Nigericin","CCT8","P50990","P50990","TCPQ_HUMAN","T-complex protein 1 subunit theta","P50990_Y468_M1_28","Phospho (STY)",-0.00448517297582733,0.784403540757108,0.994490142925591,6,"Not significant"
"LPS+Nigericin / Nigericin","TFRC","P02786","P02786","TFR1_HUMAN","Transferrin receptor protein 1","P02786_S132_M2_28","Phospho (STY)",-0.000899908958908226,0.785094280174928,0.997844334555636,5,"Not significant"
"LPS+Nigericin / Nigericin","PTMA","P06454","P06454","PTMA_HUMAN","Prothymosin alpha","P06454_S2_M1_28","Phospho (STY)",-0.000657316046294672,0.785381958368858,0.999116334263046,6,"Not significant"
