"Comparison (group1/group2)","Genes","UniProtIds","ProteinGroups","ProteinNames","ProteinDescriptions","Group","PTM.ModificationTitle","AVG Log2 Ratio","Qvalue","Pvalue","# of Ratios","Significance"
"Unstim / Nigericin","P4HB","P07237","P07237","PDIA1_HUMAN","Protein disulfide-isomerase","P07237_T244_M1_19","HexNAc (ST)",-1.08455837445146,0.416583721846147,0.0031505568183862,6,"Not significant"
"Unstim / Nigericin","CHMP4B","Q9H444","Q9H444","CHM4B_HUMAN","Charged multivesicular body protein 4b","Q9H444_T21_M1_19","HexNAc (ST)",1.08330961463621,0.417534666456652,0.00331051912164442,6,"Not significant"
"Unstim / Nigericin","CD22","P20273","P20273","CD22_HUMAN","B-cell receptor CD22","P20273_T291_M1_19","HexNAc (ST)",2.60672803864329,0.427369501163205,0.00458161846250354,5,"Not significant"
"Unstim / Nigericin","MAP1B","P46821","P46821","MAP1B_HUMAN","Microtubule-associated protein 1B","P46821_S1501_M2_19","HexNAc (ST)",0.684444434966073,0.451425601549999,0.00972873021368614,6,"Not significant"
"Unstim / Nigericin","ZYX","Q15942","Q15942","ZYX_HUMAN","Zyxin","Q15942_T220_M2_19","HexNAc (ST)",4.64800359858926,0.45279690694322,0.0100241567624741,4,"Not significant"
"Unstim / Nigericin","ZYX","Q15942","Q15942","ZYX_HUMAN","Zyxin","Q15942_S218_M2_19","HexNAc (ST)",4.64800359858926,0.45279690694322,0.0100241567624741,4,"Not significant"
"Unstim / Nigericin","TUBB4B","P68371","P68371","TBB4B_HUMAN","Tubulin beta-4B chain","P68371_S322_M1_19","HexNAc (ST)",-1.36011026113563,0.458341341819572,0.0118043028782991,6,"Not significant"
"Unstim / Nigericin","AHNAK","Q09666","Q09666","AHNK_HUMAN","Neuroblast differentiation-associated protein AHNAK","Q09666_S2454_M1_19","HexNAc (ST)",1.16608656920413,0.461714706577827,0.0122832787792575,6,"Not significant"
"Unstim / Nigericin","MACROH2A1","O75367","O75367","H2AY_HUMAN","Core histone macro-H2A.1","O75367_T57_M1_19","HexNAc (ST)",-1.73030225358542,0.466692846841321,0.0140845687644154,6,"Not significant"
"Unstim / Nigericin","MYH9","P35579","P35579","MYH9_HUMAN","Myosin-9","P35579_T1276_M1_19","HexNAc (ST)",-1.01159094660682,0.46706047635987,0.0142327490387814,5,"Not significant"
"Unstim / Nigericin","FUBP3","Q96I24","Q96I24","FUBP3_HUMAN","Far upstream element-binding protein 3","Q96I24_T79_M2_19","HexNAc (ST)",1.17279942190203,0.46706047635987,0.0142296157590984,6,"Not significant"
"Unstim / Nigericin","FUBP3","Q96I24","Q96I24","FUBP3_HUMAN","Far upstream element-binding protein 3","Q96I24_T76_M2_19","HexNAc (ST)",1.17279942190203,0.46706047635987,0.0142296157590984,6,"Not significant"
"Unstim / Nigericin","ACTN4","O43707","O43707","ACTN4_HUMAN","Alpha-actinin-4","O43707_T222_M1_19","HexNAc (ST)",2.4833889281928,0.469834286793537,0.0155491179488388,6,"Not significant"
"Unstim / Nigericin","RPL8","P62917","P62917","RL8_HUMAN","Large ribosomal subunit protein uL2","P62917_S138_M3_19","HexNAc (ST)",0.71765342591314,0.469834286793537,0.0154804832202399,5,"Not significant"
"Unstim / Nigericin","VIM","P08670","P08670","VIME_HUMAN","Vimentin","P08670_S205_M1_19","HexNAc (ST)",2.53972747599746,0.471065011167476,0.0165033100836046,6,"Not significant"
"Unstim / Nigericin","RPL8","P62917","P62917","RL8_HUMAN","Large ribosomal subunit protein uL2","P62917_T135_M3_19","HexNAc (ST)",0.849677382270589,0.482616641558667,0.0210647867080734,6,"Not significant"
"Unstim / Nigericin","CAPG","P40121","P40121","CAPG_HUMAN","Macrophage-capping protein","P40121_S255_M2_19","HexNAc (ST)",0.821355038849995,0.48699374611823,0.0228237963050405,6,"Not significant"
"Unstim / Nigericin","ACTN1","P12814","P12814","ACTN1_HUMAN","Alpha-actinin-1","P12814_T50_M1_19","HexNAc (ST)",0.93638294074431,0.490059931053846,0.0242986143996444,6,"Not significant"
"Unstim / Nigericin","NPM1","P06748","P06748","NPM_HUMAN","Nucleophosmin","P06748_T75_M3_19","HexNAc (ST)",-1.20433469104061,0.491179054636132,0.0251971061686586,5,"Not significant"
"Unstim / Nigericin","KTN1","Q86UP2","Q86UP2","KTN1_HUMAN","Kinectin","Q86UP2_S312_M1_19","HexNAc (ST)",2.46966355103294,0.491501951029982,0.0253247755924759,6,"Not significant"
"Unstim / Nigericin","MAP4","P27816","P27816","MAP4_HUMAN","Microtubule-associated protein 4","P27816_T354_M1_19","HexNAc (ST)",-8.51665456751162,0.492571413406962,0.0258827157431988,6,"Not significant"
"Unstim / Nigericin","HMGB1","P09429","P09429","HMGB1_HUMAN","High mobility group protein B1","P09429_S121_M1_19","HexNAc (ST)",1.25481441255907,0.496871471893208,0.0281978012280165,6,"Not significant"
"Unstim / Nigericin","ACTBL2","Q562R1","Q562R1","ACTBL_HUMAN","Beta-actin-like protein 2","Q562R1_T107_M2_19","HexNAc (ST)",-0.750765096589872,0.497461661985005,0.0289066606653492,6,"Not significant"
"Unstim / Nigericin","ACTBL2","Q562R1","Q562R1","ACTBL_HUMAN","Beta-actin-like protein 2","Q562R1_T90_M2_19","HexNAc (ST)",-0.750765096589872,0.497461661985005,0.0289066606653492,6,"Not significant"
"Unstim / Nigericin","CAP1","Q01518","Q01518","CAP1_HUMAN","Adenylyl cyclase-associated protein 1","Q01518_S338_M2_19","HexNAc (ST)",0.705119841204303,0.49933437682549,0.0298047426657153,6,"Not significant"
"Unstim / Nigericin","GRIPAP1","Q4V328","Q4V328","GRAP1_HUMAN","GRIP1-associated protein 1","Q4V328_S105_M1_19","HexNAc (ST)",-1.28631758948395,0.502454274557475,0.0313262205197273,6,"Not significant"
"Unstim / Nigericin","TRIP4","Q15650","Q15650","TRIP4_HUMAN","Activating signal cointegrator 1","Q15650_T327_M1_19","HexNAc (ST)",1.47055671485863,0.502901549557892,0.0316062849499536,6,"Not significant"
"Unstim / Nigericin","HSPD1","P10809","P10809","CH60_HUMAN","60 kDa heat shock protein, mitochondrial","P10809_T173_M2_19","HexNAc (ST)",-7.27531941766902,0.508339388779343,0.0352094785658441,4,"Not significant"
"Unstim / Nigericin","AHNAK","Q09666","Q09666","AHNK_HUMAN","Neuroblast differentiation-associated protein AHNAK","Q09666_S4789_M2_19","HexNAc (ST)",-0.563559894939605,0.508961134085704,0.0357251659826603,4,"Not significant"
"Unstim / Nigericin","HSPA1A;HSPA1B","P0DMV8;P0DMV9","P0DMV8;P0DMV9","HS71A_HUMAN;HS71B_HUMAN","Heat shock 70 kDa protein 1A;Heat shock 70 kDa protein 1B","P0DMV8_S537_M1_19","HexNAc (ST)",1.08264267855459,0.509139381288066,0.0359246877118593,6,"Not significant"
"Unstim / Nigericin","HSPA1A;HSPA1B","P0DMV8;P0DMV9","P0DMV8;P0DMV9","HS71A_HUMAN;HS71B_HUMAN","Heat shock 70 kDa protein 1A;Heat shock 70 kDa protein 1B","P0DMV9_S537_M1_19","HexNAc (ST)",1.08264267855459,0.509139381288066,0.0359246877118593,6,"Not significant"
"Unstim / Nigericin","VAPA","Q9P0L0","Q9P0L0","VAPA_HUMAN","Vesicle-associated membrane protein-associated protein A","Q9P0L0_T35_M1_19","HexNAc (ST)",1.69948966099655,0.509955484855663,0.0365081881199319,6,"Not significant"
"Unstim / Nigericin","DSTN","P60981","P60981","DEST_HUMAN","Destrin","P60981_T65_M2_19","HexNAc (ST)",0.813331147221298,0.513682732713839,0.0395063334876087,6,"Not significant"
"Unstim / Nigericin","DSTN","P60981","P60981","DEST_HUMAN","Destrin","P60981_T63_M2_19","HexNAc (ST)",0.813331147221298,0.513682732713839,0.0395063334876087,6,"Not significant"
"Unstim / Nigericin","SPRY2","O43597","O43597","SPY2_HUMAN","Protein sprouty homolog 2","O43597_S167_M1_19","HexNAc (ST)",-0.595954949320148,0.523012201851922,0.0465140067558085,6,"Not significant"
"Unstim / Nigericin","SEC16A","O15027","O15027","SC16A_HUMAN","Protein transport protein Sec16A","O15027_S331_M1_19","HexNAc (ST)",1.69550398856652,0.524406436229449,0.0474159587070649,6,"Not significant"
"Unstim / Nigericin","SCP2","P22307","P22307","SCP2_HUMAN","Sterol carrier protein 2","P22307_T526_M1_19","HexNAc (ST)",-0.588286827367789,0.525398962939454,0.0486712075882602,6,"Not significant"
"Unstim / Nigericin","ENO1","P06733","P06733","ENOA_HUMAN","Alpha-enolase","P06733_T205_M1_19","HexNAc (ST)",1.36898981797488,0.52689133749754,0.0501432891104689,6,"Not significant"
"Unstim / Nigericin","AK1","P00568","P00568","KAD1_HUMAN","Adenylate kinase isoenzyme 1","P00568_T126_M2_19","HexNAc (ST)",1.22819080349308,0.527250777350866,0.0503658685643988,6,"Not significant"
"Unstim / Nigericin","AK1","P00568","P00568","KAD1_HUMAN","Adenylate kinase isoenzyme 1","P00568_T124_M2_19","HexNAc (ST)",1.22819080349308,0.527250777350866,0.0503658685643988,6,"Not significant"
"Unstim / Nigericin","ILK","Q13418","Q13418","ILK_HUMAN","Integrin-linked protein kinase","Q13418_S47_M1_19","HexNAc (ST)",-1.5114953053238,0.528636884775997,0.0515090459242597,6,"Not significant"
"Unstim / Nigericin","STMN1","P16949","P16949","STMN1_HUMAN","Stathmin","P16949_S46_M1_19","HexNAc (ST)",1.11467093459649,0.531214113457267,0.0542608457276949,6,"Not significant"
"Unstim / Nigericin","ANXA6","P08133","P08133","ANXA6_HUMAN","Annexin A6","P08133_S49_M2_19","HexNAc (ST)",-1.55358442413732,0.532428427700594,0.056074086064542,5,"Not significant"
"Unstim / Nigericin","ACTB","Cont_P60712;P60709","Cont_P60712;P60709","ACTB_BOVIN;ACTB_HUMAN","Actin, cytoplasmic 1;Actin, cytoplasmic 1","Cont_P60712_T106_M1_19","HexNAc (ST)",1.07368761386312,0.534444033955087,0.0581257105151653,6,"Not significant"
"Unstim / Nigericin","ACTB","Cont_P60712;P60709","Cont_P60712;P60709","ACTB_BOVIN;ACTB_HUMAN","Actin, cytoplasmic 1;Actin, cytoplasmic 1","P60709_T106_M1_19","HexNAc (ST)",1.07368761386312,0.534444033955087,0.0581257105151653,6,"Not significant"
"Unstim / Nigericin","EIF4A1","P60842","P60842","IF4A1_HUMAN","Eukaryotic initiation factor 4A-I","P60842_T377_M1_19","HexNAc (ST)",0.981054062375079,0.536022998591977,0.0599411307517855,6,"Not significant"
"Unstim / Nigericin","S100A9","P06702","P06702","S10A9_HUMAN","Protein S100-A9","P06702_T31_M1_19","HexNAc (ST)",0.974781864409192,0.537967333289349,0.0618845046903393,6,"Not significant"
"Unstim / Nigericin","EEA1","Q15075","Q15075","EEA1_HUMAN","Early endosome antigen 1","Q15075_T560_M1_19","HexNAc (ST)",2.18217927816488,0.538242935372499,0.0621758208588697,6,"Not significant"
"Unstim / Nigericin","FIP1L1","Q6UN15","Q6UN15","FIP1_HUMAN","Pre-mRNA 3'-end-processing factor FIP1","Q6UN15_S324_M3_19","HexNAc (ST)",1.30091581132108,0.538242935372499,0.0621716236842383,6,"Not significant"
"Unstim / Nigericin","FIP1L1","Q6UN15","Q6UN15","FIP1_HUMAN","Pre-mRNA 3'-end-processing factor FIP1","Q6UN15_T322_M3_19","HexNAc (ST)",1.30091581132108,0.538242935372499,0.0621716236842383,6,"Not significant"
"Unstim / Nigericin","FIP1L1","Q6UN15","Q6UN15","FIP1_HUMAN","Pre-mRNA 3'-end-processing factor FIP1","Q6UN15_T320_M3_19","HexNAc (ST)",1.30091581132108,0.538242935372499,0.0621716236842383,6,"Not significant"
"Unstim / Nigericin","RNH1","P13489","P13489","RINI_HUMAN","Ribonuclease inhibitor","P13489_S84_M2_19","HexNAc (ST)",1.22415856676763,0.542651573808518,0.0658093035611868,6,"Not significant"
"Unstim / Nigericin","RNH1","P13489","P13489","RINI_HUMAN","Ribonuclease inhibitor","P13489_T82_M2_19","HexNAc (ST)",1.22415856676763,0.542651573808518,0.0658093035611868,6,"Not significant"
"Unstim / Nigericin","NCF2","P19878","P19878","NCF2_HUMAN","Neutrophil cytosol factor 2","P19878_T233_M1_19","HexNAc (ST)",1.79978927918585,0.543882372613215,0.0676824325627082,6,"Not significant"
"Unstim / Nigericin","TLN1","Q9Y490","Q9Y490","TLN1_HUMAN","Talin-1","Q9Y490_T2281_M2_19","HexNAc (ST)",0.816597074499559,0.546780700510908,0.0719104012163423,6,"Not significant"
"Unstim / Nigericin","TLN1","Q9Y490","Q9Y490","TLN1_HUMAN","Talin-1","Q9Y490_S2279_M2_19","HexNAc (ST)",0.816597074499559,0.546780700510908,0.0719104012163423,6,"Not significant"
"Unstim / Nigericin","MAP3K7","O43318","O43318","M3K7_HUMAN","Mitogen-activated protein kinase kinase kinase 7","O43318_T538_M1_19","HexNAc (ST)",1.84701898040267,0.549647731052523,0.075127507710088,6,"Not significant"
"Unstim / Nigericin","CAP1","Q01518","Q01518","CAP1_HUMAN","Adenylyl cyclase-associated protein 1","Q01518_T345_M1_19","HexNAc (ST)",-8.84162481918453,0.551494429090858,0.0773093277923306,4,"Not significant"
"Unstim / Nigericin","STX8","Q9UNK0","Q9UNK0","STX8_HUMAN","Syntaxin-8","Q9UNK0_S96_M1_19","HexNAc (ST)",1.44467035780949,0.552272834025193,0.0779343559519437,6,"Not significant"
"Unstim / Nigericin","ARHGAP31","Q2M1Z3","Q2M1Z3","RHG31_HUMAN","Rho GTPase-activating protein 31","Q2M1Z3_S1178_M1_19","HexNAc (ST)",0.94991242663001,0.554064177753144,0.079651039127436,5,"Not significant"
"Unstim / Nigericin","HIVEP3","Q5T1R4","Q5T1R4","ZEP3_HUMAN","Transcription factor HIVEP3","Q5T1R4_T1401_M1_19","HexNAc (ST)",1.44683626851366,0.554569487849519,0.080824798421655,6,"Not significant"
"Unstim / Nigericin","PSMB1","P20618","P20618","PSB1_HUMAN","Proteasome subunit beta type-1","P20618_S237_M1_19","HexNAc (ST)",0.93790862533767,0.555027818319066,0.0814355385041991,6,"Not significant"
"Unstim / Nigericin","ADA","P00813","P00813","ADA_HUMAN","Adenosine deaminase","P00813_T212_M1_19","HexNAc (ST)",1.10911914404346,0.555428820964303,0.0826309789271801,6,"Not significant"
"Unstim / Nigericin","AHNAK","Q09666","Q09666","AHNK_HUMAN","Neuroblast differentiation-associated protein AHNAK","Q09666_S1542_M1_19","HexNAc (ST)",-0.499317649989792,0.555504359587465,0.0827027485344469,6,"Not significant"
"Unstim / Nigericin","YBX1","P67809","P67809","YBOX1_HUMAN","Y-box-binding protein 1","P67809_T108_M1_19","HexNAc (ST)",2.28178899909337,0.555575217808964,0.0828542401483272,6,"Not significant"
"Unstim / Nigericin","AHNAK","Q09666","Q09666","AHNK_HUMAN","Neuroblast differentiation-associated protein AHNAK","Q09666_S2580_M1_19","HexNAc (ST)",0.771740252342464,0.555575217808964,0.0828989266637585,6,"Not significant"
"Unstim / Nigericin","AHNAK","Q09666","Q09666","AHNK_HUMAN","Neuroblast differentiation-associated protein AHNAK","Q09666_S4002_M1_19","HexNAc (ST)",0.771740252342464,0.555575217808964,0.0828989266637585,6,"Not significant"
"Unstim / Nigericin","AHNAK","Q09666","Q09666","AHNK_HUMAN","Neuroblast differentiation-associated protein AHNAK","Q09666_S4258_M1_19","HexNAc (ST)",0.771740252342464,0.555575217808964,0.0828989266637585,6,"Not significant"
"Unstim / Nigericin","AHNAK","Q09666","Q09666","AHNK_HUMAN","Neuroblast differentiation-associated protein AHNAK","Q09666_S4460_M1_19","HexNAc (ST)",0.771740252342464,0.555575217808964,0.0828989266637585,6,"Not significant"
"Unstim / Nigericin","AHNAK","Q09666","Q09666","AHNK_HUMAN","Neuroblast differentiation-associated protein AHNAK","Q09666_T4564_M1_19","HexNAc (ST)",1.09660808836818,0.556175224321923,0.0833183278822322,6,"Not significant"
"Unstim / Nigericin","ENO1","P06733","P06733","ENOA_HUMAN","Alpha-enolase","P06733_S249_M1_19","HexNAc (ST)",1.76087022389606,0.556604607267625,0.0837388370797304,5,"Not significant"
"Unstim / Nigericin","PPT1","P50897","P50897","PPT1_HUMAN","Palmitoyl-protein thioesterase 1","P50897_S199_M1_19","HexNAc (ST)",2.06091080674643,0.556604607267625,0.0844587042659549,6,"Not significant"
"Unstim / Nigericin","PDHB","P11177","P11177","ODPB_HUMAN","Pyruvate dehydrogenase E1 component subunit beta, mitochondrial","P11177_S70_M1_19","HexNAc (ST)",0.617293687748353,0.557429331395977,0.0853837442866474,6,"Not significant"
"Unstim / Nigericin","RAB11FIP1","Q6WKZ4","Q6WKZ4","RFIP1_HUMAN","Rab11 family-interacting protein 1","Q6WKZ4_S300_M1_19","HexNAc (ST)",0.513823909160796,0.559312998166279,0.0872422268409257,6,"Not significant"
"Unstim / Nigericin","AHNAK","Q09666","Q09666","AHNK_HUMAN","Neuroblast differentiation-associated protein AHNAK","Q09666_S5151_M1_19","HexNAc (ST)",1.31101640082567,0.559744285078688,0.0876608648018917,6,"Not significant"
"Unstim / Nigericin","XRCC5","P13010","P13010","XRCC5_HUMAN","X-ray repair cross-complementing protein 5","P13010_T293_M1_19","HexNAc (ST)",0.884546044973218,0.561394177909478,0.0902915681630801,4,"Not significant"
"Unstim / Nigericin","HSPA5","P11021","P11021","BIP_HUMAN","Endoplasmic reticulum chaperone BiP","P11021_T648_M2_19","HexNAc (ST)",0.783390740459761,0.562031842007027,0.0911744006914668,4,"Not significant"
"Unstim / Nigericin","RAP1A","P62834","P62834","RAP1A_HUMAN","Ras-related protein Rap-1A","P62834_T106_M1_19","HexNAc (ST)",0.864048182415955,0.563766917388653,0.0934157929489769,6,"Not significant"
"Unstim / Nigericin","MACROH2A1","O75367","O75367","H2AY_HUMAN","Core histone macro-H2A.1","O75367_T290_M1_19","HexNAc (ST)",-0.735837298995992,0.564889289013206,0.0958107021488931,6,"Not significant"
"Unstim / Nigericin","FUBP3","Q96I24","Q96I24","FUBP3_HUMAN","Far upstream element-binding protein 3","Q96I24_T192_M2_19","HexNAc (ST)",0.813129398291101,0.565409900210005,0.096478795629269,5,"Not significant"
"Unstim / Nigericin","AHNAK","Q09666","Q09666","AHNK_HUMAN","Neuroblast differentiation-associated protein AHNAK","Q09666_S2205_M1_19","HexNAc (ST)",0.775101456462532,0.569371575103186,0.102389477769022,6,"Not significant"
"Unstim / Nigericin","AHNAK","Q09666","Q09666","AHNK_HUMAN","Neuroblast differentiation-associated protein AHNAK","Q09666_S4130_M1_19","HexNAc (ST)",1.22904617306149,0.570092396692489,0.10321726780885,6,"Not significant"
"Unstim / Nigericin","AHNAK","Q09666","Q09666","AHNK_HUMAN","Neuroblast differentiation-associated protein AHNAK","Q09666_S4594_M1_19","HexNAc (ST)",1.22904617306149,0.570092396692489,0.10321726780885,6,"Not significant"
"Unstim / Nigericin","FUBP3","Q96I24","Q96I24","FUBP3_HUMAN","Far upstream element-binding protein 3","Q96I24_T192_M1_19","HexNAc (ST)",1.15159098698531,0.572023943222632,0.105985281331983,6,"Not significant"
"Unstim / Nigericin","PRSS1","Cont_P00760","Cont_P00760","TRY1_BOVIN","Serine protease 1","Cont_P00760_S169_M2_19","HexNAc (ST)",1.80970705560373,0.572220170130119,0.106299048856819,6,"Not significant"
"Unstim / Nigericin","HNRNPA3","P51991","P51991","ROA3_HUMAN","Heterogeneous nuclear ribonucleoprotein A3","P51991_T137_M1_19","HexNAc (ST)",-0.823736286456555,0.572220170130119,0.106387852438121,6,"Not significant"
"Unstim / Nigericin","VDAC1","P21796","P21796","VDAC1_HUMAN","Voltage-dependent anion-selective channel protein 1","P21796_T217_M1_19","HexNAc (ST)",-7.99044436639474,0.572293786467875,0.10647310241031,4,"Not significant"
"Unstim / Nigericin","PLOD3","O60568","O60568","PLOD3_HUMAN","Multifunctional procollagen lysine hydroxylase and glycosyltransferase LH3","O60568_S209_M1_19","HexNAc (ST)",-1.06638277733731,0.573797605861441,0.108844075962739,6,"Not significant"
"Unstim / Nigericin","TAGLN2","P37802","P37802","TAGL2_HUMAN","Transgelin-2","P37802_T60_M1_19","HexNAc (ST)",0.723104286110355,0.575159677439387,0.111116060254033,6,"Not significant"
"Unstim / Nigericin","MSN","P26038","P26038","MOES_HUMAN","Moesin","P26038_S440_M1_19","HexNAc (ST)",1.73569255013915,0.576019448629842,0.112565325603315,6,"Not significant"
"Unstim / Nigericin","GLO1","Q04760","Q04760","LGUL_HUMAN","Lactoylglutathione lyase","Q04760_S137_M1_19","HexNAc (ST)",1.029758932953,0.577717833514269,0.115803928236225,6,"Not significant"
"Unstim / Nigericin","NCL","P19338","P19338","NUCL_HUMAN","Nucleolin","P19338_S319_M1_19","HexNAc (ST)",1.05579102424915,0.578690469287597,0.117349319894428,6,"Not significant"
"Unstim / Nigericin","RTN4","Q9NQC3","Q9NQC3","RTN4_HUMAN","Reticulon-4","Q9NQC3_T70_M2_19","HexNAc (ST)",-0.997721931683675,0.580833252042547,0.12083782679315,6,"Not significant"
"Unstim / Nigericin","RPL8","P62917","P62917","RL8_HUMAN","Large ribosomal subunit protein uL2","P62917_T111_M1_19","HexNAc (ST)",0.970376899545933,0.581177547762337,0.121730495057723,6,"Not significant"
"Unstim / Nigericin","CLIC1","O00299","O00299","CLIC1_HUMAN","Chloride intracellular channel protein 1","O00299_T198_M1_19","HexNAc (ST)",0.56424198012389,0.582115880345934,0.123675393536179,6,"Not significant"
"Unstim / Nigericin","CGREF1","Q99674","Q99674","CGRE1_HUMAN","Cell growth regulator with EF hand domain protein 1","Q99674_S159_M1_19","HexNAc (ST)",-0.564222420490655,0.583562954321915,0.126335934245306,6,"Not significant"
"Unstim / Nigericin","QKI","Q96PU8","Q96PU8","QKI_HUMAN","KH domain-containing RNA-binding protein QKI","Q96PU8_T14_M1_19","HexNAc (ST)",1.23869984562941,0.586860468586314,0.132208221725086,6,"Not significant"
"Unstim / Nigericin","AHNAK","Q09666","Q09666","AHNK_HUMAN","Neuroblast differentiation-associated protein AHNAK","Q09666_S1324_M1_19","HexNAc (ST)",1.00265486723563,0.590782633432503,0.14053352279547,6,"Not significant"
"Unstim / Nigericin","TCIRG1","Q13488","Q13488","VPP3_HUMAN","V-type proton ATPase 116 kDa subunit a 3","Q13488_T66_M1_19","HexNAc (ST)",1.86016220779863,0.591281330926782,0.141671915777771,4,"Not significant"
"Unstim / Nigericin","DDX5","P17844","P17844","DDX5_HUMAN","Probable ATP-dependent RNA helicase DDX5","P17844_T436_M2_19","HexNAc (ST)",0.484824371445369,0.592878014839103,0.144141153550724,6,"Not significant"
"Unstim / Nigericin","PSMC4","P43686","P43686","PRS6B_HUMAN","26S proteasome regulatory subunit 6B","P43686_S129_M1_19","HexNAc (ST)",0.360338258608744,0.593013564770985,0.144358638598859,6,"Not significant"
"Unstim / Nigericin","CCT3","P49368","P49368","TCPG_HUMAN","T-complex protein 1 subunit gamma","P49368_T430_M2_19","HexNAc (ST)",0.493182410403112,0.593111957022268,0.144510683656021,6,"Not significant"
"Unstim / Nigericin","CCT3","P49368","P49368","TCPG_HUMAN","T-complex protein 1 subunit gamma","P49368_S426_M2_19","HexNAc (ST)",0.493182410403112,0.593111957022268,0.144510683656021,6,"Not significant"
"Unstim / Nigericin","ANP32A","P39687","P39687","AN32A_HUMAN","Acidic leucine-rich nuclear phosphoprotein 32 family member A","P39687_S117_M1_19","HexNAc (ST)",0.774110473629204,0.594631014795614,0.147098492769678,5,"Not significant"
"Unstim / Nigericin","P4HA1","P13674","P13674","P4HA1_HUMAN","Prolyl 4-hydroxylase subunit alpha-1","P13674_S345_M1_19","HexNAc (ST)",-2.15045972934232,0.59463807902394,0.147146780075613,6,"Not significant"
"Unstim / Nigericin","CDC123","O75794","O75794","CD123_HUMAN","Cell division cycle protein 123 homolog","O75794_T315_M2_19","HexNAc (ST)",-0.447772328240616,0.596514006819561,0.151748001643555,6,"Not significant"
"Unstim / Nigericin","CALR","P27797","P27797","CALR_HUMAN","Calreticulin","P27797_S53_M2_19","HexNAc (ST)",0.61396109268351,0.596573048249569,0.151861564333607,5,"Not significant"
"Unstim / Nigericin","CALR","P27797","P27797","CALR_HUMAN","Calreticulin","P27797_S52_M2_19","HexNAc (ST)",0.61396109268351,0.596573048249569,0.151861564333607,5,"Not significant"
"Unstim / Nigericin","ACTN4","O43707","O43707","ACTN4_HUMAN","Alpha-actinin-4","O43707_T519_M1_19","HexNAc (ST)",7.41790097343803,0.603121480649919,0.19066769011266,6,"Not significant"
"Unstim / Nigericin","MYO1B","O43795","O43795","MYO1B_HUMAN","Unconventional myosin-Ib","O43795_S145_M1_19","HexNAc (ST)",-0.986233224790531,0.603121480649919,0.172187355770655,6,"Not significant"
"Unstim / Nigericin","CDC123","O75794","O75794","CD123_HUMAN","Cell division cycle protein 123 homolog","O75794_T315_M1_19","HexNAc (ST)",9.05979640867706,0.603121480649919,0.184031572439874,6,"Not significant"
"Unstim / Nigericin","GAPDH","P04406","P04406","G3P_HUMAN","Glyceraldehyde-3-phosphate dehydrogenase","P04406_T211_M2_19","HexNAc (ST)",0.616883451874437,0.603121480649919,0.178650960848972,6,"Not significant"
"Unstim / Nigericin","GAPDH","P04406","P04406","G3P_HUMAN","Glyceraldehyde-3-phosphate dehydrogenase","P04406_S210_M2_19","HexNAc (ST)",0.616883451874437,0.603121480649919,0.178650960848972,6,"Not significant"
"Unstim / Nigericin","ICAM1","P05362","P05362","ICAM1_HUMAN","Intercellular adhesion molecule 1","P05362_T448_M1_19","HexNAc (ST)",-0.387335804312872,0.603121480649919,0.172768608693819,4,"Not significant"
"Unstim / Nigericin","P4HB","P07237","P07237","PDIA1_HUMAN","Protein disulfide-isomerase","P07237_S357_M1_19","HexNAc (ST)",-0.362786037686926,0.603121480649919,0.168770305620924,6,"Not significant"
"Unstim / Nigericin","HSPA8","P11142","P11142","HSP7C_HUMAN","Heat shock cognate 71 kDa protein","P11142_T462_M1_19","HexNAc (ST)",-7.01537034853508,0.603121480649919,0.190618898491124,6,"Not significant"
"Unstim / Nigericin","LCP1","P13796","P13796","PLSL_HUMAN","Plastin-2","P13796_S323_M1_19","HexNAc (ST)",0.643681665507333,0.603121480649919,0.172341026815811,6,"Not significant"
"Unstim / Nigericin","NCL","P19338","P19338","NUCL_HUMAN","Nucleolin","P19338_S532_M2_19","HexNAc (ST)",7.99315528081863,0.603121480649919,0.184749437014356,5,"Not significant"
"Unstim / Nigericin","CFL1","P23528","P23528","COF1_HUMAN","Cofilin-1","P23528_T129_M1_19","HexNAc (ST)",0.899823406216693,0.603121480649919,0.19314480925874,6,"Not significant"
"Unstim / Nigericin","HMGB2","P26583","P26583","HMGB2_HUMAN","High mobility group protein B2","P26583_S58_M1_19","HexNAc (ST)",2.82691265663038,0.603121480649919,0.187403485944693,6,"Not significant"
"Unstim / Nigericin","STIP1","P31948","P31948","STIP1_HUMAN","Stress-induced-phosphoprotein 1","P31948_T405_M1_19","HexNAc (ST)",-6.92046551260101,0.603121480649919,0.187638896518419,5,"Not significant"
"Unstim / Nigericin","MATR3","P43243","P43243","MATR3_HUMAN","Matrin-3","P43243_S276_M2_19","HexNAc (ST)",0.895864825376858,0.603121480649919,0.181155791661949,6,"Not significant"
"Unstim / Nigericin","MATR3","P43243","P43243","MATR3_HUMAN","Matrin-3","P43243_S275_M2_19","HexNAc (ST)",0.895864825376858,0.603121480649919,0.181155791661949,6,"Not significant"
"Unstim / Nigericin","SERPINB8","P50452","P50452","SPB8_HUMAN","Serpin B8","P50452_S276_M1_19","HexNAc (ST)",1.63962456781816,0.603121480649919,0.183647292081037,6,"Not significant"
"Unstim / Nigericin","CCT8","P50990","P50990","TCPQ_HUMAN","T-complex protein 1 subunit theta","P50990_S150_M1_19","HexNAc (ST)",-5.72452780862181,0.603121480649919,0.188325501999934,6,"Not significant"
"Unstim / Nigericin","TMSB4X","P62328","P62328","TYB4_HUMAN","Thymosin beta-4","P62328_S2_M1_19","HexNAc (ST)",0.996642579184931,0.603121480649919,0.170210550677399,6,"Not significant"
"Unstim / Nigericin","TMSB4X","P62328","P62328","TYB4_HUMAN","Thymosin beta-4","P62328_S31_M1_19","HexNAc (ST)",0.588542552135839,0.603121480649919,0.168782329381848,6,"Not significant"
"Unstim / Nigericin","BASP1","P80723","P80723","BASP1_HUMAN","Brain acid soluble protein 1","P80723_S40_M1_19","HexNAc (ST)",-0.804660571916196,0.603121480649919,0.194827378998262,6,"Not significant"
"Unstim / Nigericin","TOP2B","Q02880","Q02880","TOP2B_HUMAN","DNA topoisomerase 2-beta","Q02880_T97_M1_19","HexNAc (ST)",-0.152671659258262,0.603121480649919,0.187977527913723,6,"Not significant"
"Unstim / Nigericin","NOTCH2","Q04721","Q04721","NOTC2_HUMAN","Neurogenic locus notch homolog protein 2","Q04721_T78_M1_19","HexNAc (ST)",0.604512587536596,0.603121480649919,0.173641836004597,6,"Not significant"
"Unstim / Nigericin","AHNAK","Q09666","Q09666","AHNK_HUMAN","Neuroblast differentiation-associated protein AHNAK","Q09666_T490_M1_19","HexNAc (ST)",1.13297984329186,0.603121480649919,0.175553557312316,6,"Not significant"
"Unstim / Nigericin","AHNAK","Q09666","Q09666","AHNK_HUMAN","Neuroblast differentiation-associated protein AHNAK","Q09666_S3894_M1_19","HexNAc (ST)",1.5258369375633,0.603121480649919,0.182437796047283,6,"Not significant"
"Unstim / Nigericin","AHNAK","Q09666","Q09666","AHNK_HUMAN","Neuroblast differentiation-associated protein AHNAK","Q09666_S3672_M1_19","HexNAc (ST)",1.01624436117277,0.603121480649919,0.17285304525788,6,"Not significant"
"Unstim / Nigericin","TRIP12","Q14669","Q14669","TRIPC_HUMAN","E3 ubiquitin-protein ligase TRIP12","Q14669_T758_M1_19","HexNAc (ST)",0.808587144402008,0.603121480649919,0.167300910222238,6,"Not significant"
"Unstim / Nigericin","LARP4","Q71RC2","Q71RC2","LARP4_HUMAN","La-related protein 4","Q71RC2_T168_M2_19","HexNAc (ST)",3.08514846881332,0.603121480649919,0.180765923112969,6,"Not significant"
"Unstim / Nigericin","LARP4","Q71RC2","Q71RC2","LARP4_HUMAN","La-related protein 4","Q71RC2_T167_M2_19","HexNAc (ST)",3.08514846881332,0.603121480649919,0.180765923112969,6,"Not significant"
"Unstim / Nigericin","SP140L","Q9H930","Q9H930","SP14L_HUMAN","Nuclear body protein SP140-like protein","Q9H930_T71_M1_19","HexNAc (ST)",0.656150314586501,0.603121480649919,0.189524616621181,6,"Not significant"
"Unstim / Nigericin","TJP2","Q9UDY2","Q9UDY2","ZO2_HUMAN","Tight junction protein ZO-2","Q9UDY2_T757_M1_19","HexNAc (ST)",-0.212392869101892,0.603121480649919,0.177764457800358,6,"Not significant"
"Unstim / Nigericin","TPM4","P67936","P67936","TPM4_HUMAN","Tropomyosin alpha-4 chain","P67936_S87_M1_19","HexNAc (ST)",0.418423769211382,0.603121480649919,0.167682139229897,5,"Not significant"
"Unstim / Nigericin","GLRX5","Q86SX6","Q86SX6","GLRX5_HUMAN","Glutaredoxin-related protein 5, mitochondrial","Q86SX6_S70_M2_19","HexNAc (ST)",0.443924476943198,0.603121480649919,0.17911923814498,5,"Not significant"
"Unstim / Nigericin","PSMC2","P35998","P35998","PRS7_HUMAN","26S proteasome regulatory subunit 7","P35998_T193_M1_19","HexNAc (ST)",-1.47687126975994,0.603202993881853,0.198615704978408,6,"Not significant"
"Unstim / Nigericin","DPYSL2","Q16555","Q16555","DPYL2_HUMAN","Dihydropyrimidinase-related protein 2","Q16555_S421_M3_19","HexNAc (ST)",0.459158365313272,0.603202993881853,0.198791300107309,5,"Not significant"
"Unstim / Nigericin","EIPR1","Q53HC9","Q53HC9","EIPR1_HUMAN","EARP and GARP complex-interacting protein 1","Q53HC9_S36_M2_19","HexNAc (ST)",2.5414282536597,0.603202993881853,0.199741469003299,6,"Not significant"
"Unstim / Nigericin","EIPR1","Q53HC9","Q53HC9","EIPR1_HUMAN","EARP and GARP complex-interacting protein 1","Q53HC9_T34_M2_19","HexNAc (ST)",2.5414282536597,0.603202993881853,0.199741469003299,6,"Not significant"
"Unstim / Nigericin","CHTOP","Q9Y3Y2","Q9Y3Y2","CHTOP_HUMAN","Chromatin target of PRMT1 protein","Q9Y3Y2_T212_M1_19","HexNAc (ST)",0.512913103046511,0.603202993881853,0.196107848838715,5,"Not significant"
"Unstim / Nigericin","AHNAK","Q09666","Q09666","AHNK_HUMAN","Neuroblast differentiation-associated protein AHNAK","Q09666_S4684_M1_19","HexNAc (ST)",7.5397657212932,0.603693191549469,0.20374011763792,6,"Not significant"
"Unstim / Nigericin","MYCBPAP","Q8TBZ2","Q8TBZ2","MYBPP_HUMAN","MYCBP-associated protein","Q8TBZ2_S582_M3_19","HexNAc (ST)",0.604680413025885,0.603830474471766,0.204720554847905,6,"Not significant"
"Unstim / Nigericin","MYCBPAP","Q8TBZ2","Q8TBZ2","MYBPP_HUMAN","MYCBP-associated protein","Q8TBZ2_T580_M3_19","HexNAc (ST)",0.604680413025885,0.603830474471766,0.204720537587939,6,"Not significant"
"Unstim / Nigericin","CANX","P27824","P27824","CALX_HUMAN","Calnexin","P27824_T143_M1_19","HexNAc (ST)",3.83815783829057,0.604316063081654,0.206815666283885,6,"Not significant"
"Unstim / Nigericin","IQGAP1","P46940","P46940","IQGA1_HUMAN","Ras GTPase-activating-like protein IQGAP1","P46940_T857_M1_19","HexNAc (ST)",0.513109728302084,0.604746507534166,0.20927088627563,6,"Not significant"
"Unstim / Nigericin","BCAS2","O75934","O75934","SPF27_HUMAN","Pre-mRNA-splicing factor SPF27","O75934_T4_M1_19","HexNAc (ST)",7.42284177204299,0.605199000273341,0.211761755360465,6,"Not significant"
"Unstim / Nigericin","MACROH2A1","O75367","O75367","H2AY_HUMAN","Core histone macro-H2A.1","O75367_S16_M1_19","HexNAc (ST)",-0.368977403163272,0.605290855935159,0.212472754969642,6,"Not significant"
"Unstim / Nigericin","CAMK1","Q14012","Q14012","KCC1A_HUMAN","Calcium/calmodulin-dependent protein kinase type 1","Q14012_S62_M1_19","HexNAc (ST)",4.59087252896126,0.605290855935159,0.212677144583663,6,"Not significant"
"Unstim / Nigericin","LYRM7","Q5U5X0","Q5U5X0","LYRM7_HUMAN","Complex III assembly factor LYRM7","Q5U5X0_T101_M1_19","HexNAc (ST)",0.361260963343971,0.605954797991265,0.21516457726983,6,"Not significant"
"Unstim / Nigericin","IPMK","Q8NFU5","Q8NFU5","IPMK_HUMAN","Inositol polyphosphate multikinase","Q8NFU5_S229_M1_19","HexNAc (ST)",0.491510442761445,0.60625245209263,0.216800233606968,6,"Not significant"
"Unstim / Nigericin","MIX23","Q4VC31","Q4VC31","MIX23_HUMAN","Protein MIX23","Q4VC31_S114_M1_19","HexNAc (ST)",-3.98606403593427,0.606499803949079,0.217549511651164,6,"Not significant"
"Unstim / Nigericin","WDFY3","Q8IZQ1","Q8IZQ1","WDFY3_HUMAN","WD repeat and FYVE domain-containing protein 3","Q8IZQ1_S1980_M2_19","HexNAc (ST)",8.3341030080608,0.606509997487739,0.217671698843107,6,"Not significant"
"Unstim / Nigericin","CAPZA1","P52907","P52907","CAZA1_HUMAN","F-actin-capping protein subunit alpha-1","P52907_S95_M1_19","HexNAc (ST)",-1.4697393521841,0.606901628930107,0.219159738778171,6,"Not significant"
"Unstim / Nigericin","QKI","Q96PU8","Q96PU8","QKI_HUMAN","KH domain-containing RNA-binding protein QKI","Q96PU8_T156_M1_19","HexNAc (ST)",2.81583902810623,0.608414122136667,0.224701766681697,6,"Not significant"
"Unstim / Nigericin","CHMP4B","Q9H444","Q9H444","CHM4B_HUMAN","Charged multivesicular body protein 4b","Q9H444_S87_M2_19","HexNAc (ST)",-9.88033009786726,0.60876165882207,0.226036721262829,6,"Not significant"
"Unstim / Nigericin","AHNAK","Q09666","Q09666","AHNK_HUMAN","Neuroblast differentiation-associated protein AHNAK","Q09666_S2542_M1_19","HexNAc (ST)",0.730494621545865,0.608993596302432,0.22695909555287,6,"Not significant"
"Unstim / Nigericin","HSPA8","P11142","P11142","HSP7C_HUMAN","Heat shock cognate 71 kDa protein","P11142_T586_M1_19","HexNAc (ST)",-1.48653125067677,0.609404751342605,0.228291090019578,6,"Not significant"
"Unstim / Nigericin","OSTF1","Q92882","Q92882","OSTF1_HUMAN","Osteoclast-stimulating factor 1","Q92882_S187_M1_19","HexNAc (ST)",2.63265697206015,0.609797468374623,0.229556407930585,6,"Not significant"
"Unstim / Nigericin","RNH1","P13489","P13489","RINI_HUMAN","Ribonuclease inhibitor","P13489_S50_M1_19","HexNAc (ST)",1.14316398786096,0.609828463202554,0.229725889662291,5,"Not significant"
"Unstim / Nigericin","H2AX","P16104","P16104","H2AX_HUMAN","Histone H2AX","P16104_T102_M1_19","HexNAc (ST)",0.449983317074735,0.609934046665194,0.230332220004422,6,"Not significant"
"Unstim / Nigericin","VIM","P08670","P08670","VIME_HUMAN","Vimentin","P08670_S278_M1_19","HexNAc (ST)",3.24488587080654,0.60998385841217,0.230590157635264,6,"Not significant"
"Unstim / Nigericin","PHB1","P35232","P35232","PHB1_HUMAN","Prohibitin 1","P35232_S218_M1_19","HexNAc (ST)",-1.19680172668746,0.610063509873628,0.230899841734922,5,"Not significant"
"Unstim / Nigericin","NCL","P19338","P19338","NUCL_HUMAN","Nucleolin","P19338_S619_M1_19","HexNAc (ST)",2.61560301721907,0.610344847994761,0.232014001275563,6,"Not significant"
"Unstim / Nigericin","ACAT2","Q9BWD1","Q9BWD1","THIC_HUMAN","Acetyl-CoA acetyltransferase, cytosolic","Q9BWD1_T209_M1_19","HexNAc (ST)",-0.607163748150788,0.610801266085581,0.233338688679539,4,"Not significant"
"Unstim / Nigericin","ANXA6","P08133","P08133","ANXA6_HUMAN","Annexin A6","P08133_S121_M1_19","HexNAc (ST)",-2.46045414788163,0.612655986825053,0.240236513658496,6,"Not significant"
"Unstim / Nigericin","MRPL2","Q5T653","Q5T653","RM02_HUMAN","Large ribosomal subunit protein uL2m","Q5T653_T223_M2_19","HexNAc (ST)",-0.942813366220122,0.613067082282091,0.241713835907082,6,"Not significant"
"Unstim / Nigericin","ENO2","P09104","P09104","ENOG_HUMAN","Gamma-enolase","P09104_S221_M1_19","HexNAc (ST)",1.16686245794681,0.615708875229196,0.251060066266184,5,"Not significant"
"Unstim / Nigericin","ALDOA","Cont_P00883","Cont_P00883","ALDOA_RABIT","Fructose-bisphosphate aldolase A","Cont_P00883_S4_M1_19","HexNAc (ST)",1.42921432368394,0.616080348667233,0.25223797009517,6,"Not significant"
"Unstim / Nigericin","SCP2","P22307","P22307","SCP2_HUMAN","Sterol carrier protein 2","P22307_T473_M1_19","HexNAc (ST)",0.219579603466196,0.61745039312414,0.255652525975733,6,"Not significant"
"Unstim / Nigericin","RTRAF","Q9Y224","Q9Y224","RTRAF_HUMAN","RNA transcription, translation and transport factor protein","Q9Y224_T175_M1_19","HexNAc (ST)",2.40784398141614,0.619221748360544,0.259756865457923,6,"Not significant"
"Unstim / Nigericin","BSG","P35613","P35613","BASI_HUMAN","Basigin","P35613_T212_M1_19","HexNAc (ST)",1.59512935394891,0.619628521385791,0.260944187189272,6,"Not significant"
"Unstim / Nigericin","PSMC3","P17980","P17980","PRS6A_HUMAN","26S proteasome regulatory subunit 6A","P17980_S281_M1_19","HexNAc (ST)",1.20315426305727,0.619709766611885,0.26112065878437,4,"Not significant"
"Unstim / Nigericin","SNRPA1","P09661","P09661","RU2A_HUMAN","U2 small nuclear ribonucleoprotein A'","P09661_T16_M2_19","HexNAc (ST)",0.97830501937329,0.620215643068066,0.262243965292094,6,"Not significant"
"Unstim / Nigericin","SNRPA1","P09661","P09661","RU2A_HUMAN","U2 small nuclear ribonucleoprotein A'","P09661_T5_M2_19","HexNAc (ST)",0.97830501937329,0.620215643068066,0.262243965292094,6,"Not significant"
"Unstim / Nigericin","FBL","P22087","P22087","FBRL_HUMAN","rRNA 2'-O-methyltransferase fibrillarin","P22087_T298_M1_19","HexNAc (ST)",5.24944211824072,0.62082508658085,0.263470581933901,6,"Not significant"
"Unstim / Nigericin","TMED10","P49755","P49755","TMEDA_HUMAN","Transmembrane emp24 domain-containing protein 10","P49755_T114_M1_19","HexNAc (ST)",-1.16613566153674,0.621090417019827,0.264190368505066,6,"Not significant"
"Unstim / Nigericin","PHF2","O75151","O75151","PHF2_HUMAN","Lysine-specific demethylase PHF2","O75151_S929_M2_19","HexNAc (ST)",-0.502714841404541,0.624132292481139,0.271712796151902,6,"Not significant"
"Unstim / Nigericin","LYSMD2","Q8IV50","Q8IV50","LYSM2_HUMAN","LysM and putative peptidoglycan-binding domain-containing protein 2","Q8IV50_T80_M1_19","HexNAc (ST)",-1.45614576936142,0.625386188124656,0.275232538057292,6,"Not significant"
"Unstim / Nigericin","RNASET2","O00584","O00584","RNT2_HUMAN","Ribonuclease T2","O00584_S103_M1_19","HexNAc (ST)",1.21176791416417,0.625682978656173,0.276133088737075,6,"Not significant"
"Unstim / Nigericin","SRRT","Q9BXP5","Q9BXP5","SRRT_HUMAN","Serrate RNA effector molecule homolog","Q9BXP5_S284_M1_19","HexNAc (ST)",2.7595145493309,0.628162303530492,0.283149621964158,6,"Not significant"
"Unstim / Nigericin","AHNAK","Q09666","Q09666","AHNK_HUMAN","Neuroblast differentiation-associated protein AHNAK","Q09666_T1192_M2_19","HexNAc (ST)",1.79879444627353,0.628318611992754,0.28407775738284,5,"Not significant"
"Unstim / Nigericin","AHNAK","Q09666","Q09666","AHNK_HUMAN","Neuroblast differentiation-associated protein AHNAK","Q09666_T1986_M2_19","HexNAc (ST)",1.79879444627353,0.628318611992754,0.28407775738284,5,"Not significant"
"Unstim / Nigericin","RSF1","Q96T23","Q96T23","RSF1_HUMAN","Remodeling and spacing factor 1","Q96T23_T506_M2_19","HexNAc (ST)",1.86049233922005,0.62868331246738,0.2849745327574,6,"Not significant"
"Unstim / Nigericin","RSF1","Q96T23","Q96T23","RSF1_HUMAN","Remodeling and spacing factor 1","Q96T23_T499_M2_19","HexNAc (ST)",1.86049233922005,0.62868331246738,0.2849745327574,6,"Not significant"
"Unstim / Nigericin","ARHGDIA","P52565","P52565","GDIR1_HUMAN","Rho GDP-dissociation inhibitor 1","P52565_T160_M1_19","HexNAc (ST)",1.95081984773864,0.629656592161324,0.287671200393363,6,"Not significant"
"Unstim / Nigericin","TOP1","P11387","P11387","TOP1_HUMAN","DNA topoisomerase 1","P11387_T258_M2_19","HexNAc (ST)",-0.908918028877086,0.630172628747289,0.289243382842576,6,"Not significant"
"Unstim / Nigericin","ITGB1","P05556","P05556","ITB1_HUMAN","Integrin beta-1","P05556_T112_M1_19","HexNAc (ST)",0.727722569452902,0.631681825044418,0.293544598798845,6,"Not significant"
"Unstim / Nigericin","CDC42","P60953","P60953","CDC42_HUMAN","Cell division control protein 42 homolog","P60953_T161_M1_19","HexNAc (ST)",-4.13436210093111,0.633195518043695,0.297699620978905,6,"Not significant"
"Unstim / Nigericin","TUBA4A","Cont_P81948;P68366","Cont_P81948;P68366","TBA4A_BOVIN;TBA4A_HUMAN","Tubulin alpha-4A chain","Cont_P81948_T73_M1_19","HexNAc (ST)",-0.325338611883355,0.633972537254186,0.303236089397561,6,"Not significant"
"Unstim / Nigericin","TUBA4A","Cont_P81948;P68366","Cont_P81948;P68366","TBA4A_BOVIN;TBA4A_HUMAN","Tubulin alpha-4A chain","P68366_T73_M1_19","HexNAc (ST)",-0.325338611883355,0.633972537254186,0.303236089397561,6,"Not significant"
"Unstim / Nigericin","BCKDK","O14874","O14874","BCKD_HUMAN","[3-methyl-2-oxobutanoate dehydrogenase [lipoamide]] kinase, mitochondrial","O14874_S90_M1_19","HexNAc (ST)",6.84659302595587,0.633972537254186,0.420939050953481,6,"Not significant"
"Unstim / Nigericin","ACOX3","O15254","O15254","ACOX3_HUMAN","Peroxisomal acyl-coenzyme A oxidase 3","O15254_T235_M1_19","HexNAc (ST)",0.546040809159943,0.633972537254186,0.413634365060949,6,"Not significant"
"Unstim / Nigericin","HNRNPR","O43390","O43390","HNRPR_HUMAN","Heterogeneous nuclear ribonucleoprotein R","O43390_T270_M1_19","HexNAc (ST)",2.54084826694459,0.633972537254186,0.363826788776267,5,"Not significant"
"Unstim / Nigericin","CTSV","O60911","O60911","CATL2_HUMAN","Cathepsin L2","O60911_S142_M2_19","HexNAc (ST)",-4.72064604267126,0.633972537254186,0.430570434502665,6,"Not significant"
"Unstim / Nigericin","SEC22B","O75396","O75396","SC22B_HUMAN","Vesicle-trafficking protein SEC22b","O75396_S137_M2_19","HexNAc (ST)",3.8036596098178,0.633972537254186,0.407710552162083,6,"Not significant"
"Unstim / Nigericin","ERLIN2","O94905","O94905","ERLN2_HUMAN","Erlin-2","O94905_T277_M1_19","HexNAc (ST)",7.3255595688087,0.633972537254186,0.421597713252056,6,"Not significant"
"Unstim / Nigericin","CA2","P00918","P00918","CAH2_HUMAN","Carbonic anhydrase 2","P00918_S73_M1_19","HexNAc (ST)",0.518374963203273,0.633972537254186,0.308406342807063,6,"Not significant"
"Unstim / Nigericin","FTL","P02792","P02792","FRIL_HUMAN","Ferritin light chain","P02792_T150_M1_19","HexNAc (ST)",1.39267813954794,0.633972537254186,0.38827450662651,6,"Not significant"
"Unstim / Nigericin","CYBB","P04839","P04839","CY24B_HUMAN","Cytochrome b-245 heavy chain","P04839_T509_M1_19","HexNAc (ST)",5.25844494373631,0.633972537254186,0.421257063729738,6,"Not significant"
"Unstim / Nigericin","ATP1A1","P05023","P05023","AT1A1_HUMAN","Sodium/potassium-transporting ATPase subunit alpha-1","P05023_S675_M2_19","HexNAc (ST)",2.17777095131946,0.633972537254186,0.398787563198952,6,"Not significant"
"Unstim / Nigericin","GPI","P06744","P06744","G6PI_HUMAN","Glucose-6-phosphate isomerase","P06744_S532_M1_19","HexNAc (ST)",5.51788554463009,0.633972537254186,0.426828714472504,6,"Not significant"
"Unstim / Nigericin","ITGAV","P06756","P06756","ITAV_HUMAN","Integrin alpha-V","P06756_T586_M2_19","HexNAc (ST)",-0.635600849591396,0.633972537254186,0.303042962482836,6,"Not significant"
"Unstim / Nigericin","ITGAV","P06756","P06756","ITAV_HUMAN","Integrin alpha-V","P06756_T583_M2_19","HexNAc (ST)",-0.635600849591396,0.633972537254186,0.303042962482836,6,"Not significant"
"Unstim / Nigericin","P4HB","P07237","P07237","PDIA1_HUMAN","Protein disulfide-isomerase","P07237_T296_M1_19","HexNAc (ST)",-1.34712713744931,0.633972537254186,0.334862441830399,4,"Not significant"
"Unstim / Nigericin","ALDOC","P09972","P09972","ALDOC_HUMAN","Fructose-bisphosphate aldolase C","P09972_S160_M2_19","HexNAc (ST)",-0.589101405896111,0.633972537254186,0.366005958238507,6,"Not significant"
"Unstim / Nigericin","ALDOC","P09972","P09972","ALDOC_HUMAN","Fructose-bisphosphate aldolase C","P09972_T158_M2_19","HexNAc (ST)",-0.589101405896111,0.633972537254186,0.366005958238507,6,"Not significant"
"Unstim / Nigericin","H2AC11;H2AC12;H2AC14","P0C0S8;Q96KK5;Q99878","P0C0S8;Q96KK5;Q99878","H2A1_HUMAN;H2A1H_HUMAN;H2A1J_HUMAN","Histone H2A type 1;Histone H2A type 1-H;Histone H2A type 1-J","P0C0S8_T60_M1_19","HexNAc (ST)",1.05520710066035,0.633972537254186,0.39705790925041,6,"Not significant"
"Unstim / Nigericin","H2AC11;H2AC12;H2AC14","P0C0S8;Q96KK5;Q99878","P0C0S8;Q96KK5;Q99878","H2A1_HUMAN;H2A1H_HUMAN;H2A1J_HUMAN","Histone H2A type 1;Histone H2A type 1-H;Histone H2A type 1-J","Q96KK5_T60_M1_19","HexNAc (ST)",1.05520710066035,0.633972537254186,0.39705790925041,6,"Not significant"
"Unstim / Nigericin","H2AC11;H2AC12;H2AC14","P0C0S8;Q96KK5;Q99878","P0C0S8;Q96KK5;Q99878","H2A1_HUMAN;H2A1H_HUMAN;H2A1J_HUMAN","Histone H2A type 1;Histone H2A type 1-H;Histone H2A type 1-J","Q99878_T60_M1_19","HexNAc (ST)",1.05520710066035,0.633972537254186,0.39705790925041,6,"Not significant"
"Unstim / Nigericin","HSPA5","P11021","P11021","BIP_HUMAN","Endoplasmic reticulum chaperone BiP","P11021_T184_M1_19","HexNAc (ST)",-0.27657615116077,0.633972537254186,0.320718187245799,6,"Not significant"
"Unstim / Nigericin","HSPA5","P11021","P11021","BIP_HUMAN","Endoplasmic reticulum chaperone BiP","P11021_S571_M1_19","HexNAc (ST)",-0.842723854731613,0.633972537254186,0.338076791033165,6,"Not significant"
"Unstim / Nigericin","HSPA8","P11142","P11142","HSP7C_HUMAN","Heat shock cognate 71 kDa protein","P11142_T125_M1_19","HexNAc (ST)",0.562477043207644,0.633972537254186,0.331059285947885,4,"Not significant"
"Unstim / Nigericin","TOP1","P11387","P11387","TOP1_HUMAN","DNA topoisomerase 1","P11387_T258_M1_19","HexNAc (ST)",-6.95216378745992,0.633972537254186,0.421736505020187,6,"Not significant"
"Unstim / Nigericin","HSP90B1","P14625","P14625","ENPL_HUMAN","Endoplasmin","P14625_S607_M1_19","HexNAc (ST)",8.05588571861993,0.633972537254186,0.421821321197007,6,"Not significant"
"Unstim / Nigericin","HSP90B1","P14625","P14625","ENPL_HUMAN","Endoplasmin","P14625_T155_M1_19","HexNAc (ST)",5.69792760727228,0.633972537254186,0.42059293981203,6,"Not significant"
"Unstim / Nigericin","CD44","P16070","P16070","CD44_HUMAN","CD44 antigen","P16070_S686_M1_19","HexNAc (ST)",8.1540969756599,0.633972537254186,0.422536616513635,6,"Not significant"
"Unstim / Nigericin","PECAM1","P16284","P16284","PECA1_HUMAN","Platelet endothelial cell adhesion molecule","P16284_T533_M1_19","HexNAc (ST)",-0.287748404053764,0.633972537254186,0.409415869130551,6,"Not significant"
"Unstim / Nigericin","H1-3","P16402","P16402","H13_HUMAN","Histone H1.3","P16402_S56_M2_19","HexNAc (ST)",-7.09265717058285,0.633972537254186,0.422841183295577,6,"Not significant"
"Unstim / Nigericin","PGAM1","P18669","P18669","PGAM1_HUMAN","Phosphoglycerate mutase 1","P18669_T159_M1_19","HexNAc (ST)",0.500147665940504,0.633972537254186,0.387863611629875,6,"Not significant"
"Unstim / Nigericin","RAB4A","P20338","P20338","RAB4A_HUMAN","Ras-related protein Rab-4A","P20338_T69_M1_19","HexNAc (ST)",0.333112397470681,0.633972537254186,0.320621340396745,6,"Not significant"
"Unstim / Nigericin","LMNB1","P20700","P20700","LMNB1_HUMAN","Lamin-B1","P20700_T188_M1_19","HexNAc (ST)",-0.0905804142181968,0.633972537254186,0.383622010112821,6,"Not significant"
"Unstim / Nigericin","SFPQ","P23246","P23246","SFPQ_HUMAN","Splicing factor, proline- and glutamine-rich","P23246_S521_M1_19","HexNAc (ST)",1.376883592926,0.633972537254186,0.360388990994839,6,"Not significant"
"Unstim / Nigericin","CPT2","P23786","P23786","CPT2_HUMAN","Carnitine O-palmitoyltransferase 2, mitochondrial","P23786_S66_M1_19","HexNAc (ST)",-5.45734630557328,0.633972537254186,0.424054580211694,6,"Not significant"
"Unstim / Nigericin","ATP5F1A","P25705","P25705","ATPA_HUMAN","ATP synthase subunit alpha, mitochondrial","P25705_S325_M1_19","HexNAc (ST)",-0.787959720156872,0.633972537254186,0.385755970019036,6,"Not significant"
"Unstim / Nigericin","CALR","P27797","P27797","CALR_HUMAN","Calreticulin","P27797_T173_M2_19","HexNAc (ST)",6.42975125207247,0.633972537254186,0.419219051815938,5,"Not significant"
"Unstim / Nigericin","CANX","P27824","P27824","CALX_HUMAN","Calnexin","P27824_S74_M1_19","HexNAc (ST)",4.39984842494297,0.633972537254186,0.430046733814582,5,"Not significant"
"Unstim / Nigericin","PDIA3","P30101","P30101","PDIA3_HUMAN","Protein disulfide-isomerase A3","P30101_T319_M2_19","HexNAc (ST)",-1.88860305190158,0.633972537254186,0.409826659779906,6,"Not significant"
"Unstim / Nigericin","HNRNPH1","P31943","P31943","HNRH1_HUMAN","Heterogeneous nuclear ribonucleoprotein H","P31943_T5_M1_19","HexNAc (ST)",0.664442030366725,0.633972537254186,0.368306070399345,6,"Not significant"
"Unstim / Nigericin","S100A11","P31949","P31949","S10AB_HUMAN","Protein S100-A11","P31949_S5_M1_19","HexNAc (ST)",0.690479990649739,0.633972537254186,0.383676657067493,6,"Not significant"
"Unstim / Nigericin","ACSL1","P33121","P33121","ACSL1_HUMAN","Long-chain-fatty-acid--CoA ligase 1","P33121_S247_M2_19","HexNAc (ST)",3.33219896340188,0.633972537254186,0.417954943698412,6,"Not significant"
"Unstim / Nigericin","ACSL1","P33121","P33121","ACSL1_HUMAN","Long-chain-fatty-acid--CoA ligase 1","P33121_T246_M2_19","HexNAc (ST)",3.33219896340188,0.633972537254186,0.417954943698412,6,"Not significant"
"Unstim / Nigericin","SHMT2","P34897","P34897","GLYM_HUMAN","Serine hydroxymethyltransferase, mitochondrial","P34897_S90_M1_19","HexNAc (ST)",-7.03223207156004,0.633972537254186,0.422396538874257,6,"Not significant"
"Unstim / Nigericin","NUP62","P37198","P37198","NUP62_HUMAN","Nuclear pore glycoprotein p62","P37198_T433_M1_19","HexNAc (ST)",0.700427212952586,0.633972537254186,0.326456227798936,6,"Not significant"
"Unstim / Nigericin","ATP6V1A","P38606","P38606","VATA_HUMAN","V-type proton ATPase catalytic subunit A","P38606_T504_M1_19","HexNAc (ST)",-1.52664282031448,0.633972537254186,0.314353265861235,5,"Not significant"
"Unstim / Nigericin","HSPA9","P38646","P38646","GRP75_HUMAN","Stress-70 protein, mitochondrial","P38646_T224_M2_19","HexNAc (ST)",-1.49664556643709,0.633972537254186,0.370553019528363,6,"Not significant"
"Unstim / Nigericin","HSPA9","P38646","P38646","GRP75_HUMAN","Stress-70 protein, mitochondrial","P38646_S212_M2_19","HexNAc (ST)",-1.49664556643709,0.633972537254186,0.370553019528363,6,"Not significant"
"Unstim / Nigericin","IDH3G","P51553","P51553","IDH3G_HUMAN","Isocitrate dehydrogenase [NAD] subunit gamma, mitochondrial","P51553_S75_M1_19","HexNAc (ST)",-0.732137841442663,0.633972537254186,0.341272887073557,6,"Not significant"
"Unstim / Nigericin","IDH3G","P51553","P51553","IDH3G_HUMAN","Isocitrate dehydrogenase [NAD] subunit gamma, mitochondrial","P51553_T58_M1_19","HexNAc (ST)",-1.37998520742487,0.633972537254186,0.346542283081474,4,"Not significant"
"Unstim / Nigericin","HSPA2","P54652","P54652","HSP72_HUMAN","Heat shock-related 70 kDa protein 2","P54652_T126_M1_19","HexNAc (ST)",-7.62003567349889,0.633972537254186,0.42267440538785,6,"Not significant"
"Unstim / Nigericin","AK2","P54819","P54819","KAD2_HUMAN","Adenylate kinase 2, mitochondrial","P54819_T89_M1_19","HexNAc (ST)",1.88730553355488,0.633972537254186,0.330512574323684,6,"Not significant"
"Unstim / Nigericin","VCP","P55072","P55072","TERA_HUMAN","Transitional endoplasmic reticulum ATPase","P55072_T623_M1_19","HexNAc (ST)",1.55081726203111,0.633972537254186,0.340817814598316,6,"Not significant"
"Unstim / Nigericin","MANF","P55145","P55145","MANF_HUMAN","Mesencephalic astrocyte-derived neurotrophic factor","P55145_T55_M1_19","HexNAc (ST)",8.13655462241003,0.633972537254186,0.422410965168941,6,"Not significant"
"Unstim / Nigericin","NAP1L1","P55209","P55209","NP1L1_HUMAN","Nucleosome assembly protein 1-like 1","P55209_T39_M1_19","HexNAc (ST)",-3.26464715634732,0.633972537254186,0.374026767219897,6,"Not significant"
"Unstim / Nigericin","MYL6","P60660","P60660","MYL6_HUMAN","Myosin light polypeptide 6","P60660_T76_M1_19","HexNAc (ST)",-1.12719317844634,0.633972537254186,0.320179207277492,6,"Not significant"
"Unstim / Nigericin","RAB8A","P61006","P61006","RAB8A_HUMAN","Ras-related protein Rab-8A","P61006_S111_M1_19","HexNAc (ST)",5.38407825818843,0.633972537254186,0.421199302821845,6,"Not significant"
"Unstim / Nigericin","RPL26","P61254","P61254","RL26_HUMAN","Large ribosomal subunit protein uL24","P61254_S46_M1_19","HexNAc (ST)",5.80668598458015,0.633972537254186,0.425067305471284,6,"Not significant"
"Unstim / Nigericin","RPS28","P62857","P62857","RS28_HUMAN","Small ribosomal subunit protein eS28","P62857_S61_M1_19","HexNAc (ST)",-3.74098620582595,0.633972537254186,0.433277486469654,6,"Not significant"
"Unstim / Nigericin","RPL31","P62899","P62899","RL31_HUMAN","Large ribosomal subunit protein eL31","P62899_T26_M1_19","HexNAc (ST)",-0.533104742859208,0.633972537254186,0.392288511922227,6,"Not significant"
"Unstim / Nigericin","PPIA","P62937","P62937","PPIA_HUMAN","Peptidyl-prolyl cis-trans isomerase A","P62937_T73_M2_19","HexNAc (ST)",6.18503798727015,0.633972537254186,0.423391951578652,5,"Not significant"
"Unstim / Nigericin","CLTC","Q00610","Q00610","CLH1_HUMAN","Clathrin heavy chain 1","Q00610_T339_M1_19","HexNAc (ST)",-4.8050275761005,0.633972537254186,0.405858056990396,6,"Not significant"
"Unstim / Nigericin","HNRNPU","Q00839","Q00839","HNRPU_HUMAN","Heterogeneous nuclear ribonucleoprotein U","Q00839_T474_M1_19","HexNAc (ST)",1.29243509710618,0.633972537254186,0.341166431687362,6,"Not significant"
"Unstim / Nigericin","HNRNPU","Q00839","Q00839","HNRPU_HUMAN","Heterogeneous nuclear ribonucleoprotein U","Q00839_S746_M1_19","HexNAc (ST)",-0.400810835639187,0.633972537254186,0.307616591549889,6,"Not significant"
"Unstim / Nigericin","AHNAK","Q09666","Q09666","AHNK_HUMAN","Neuroblast differentiation-associated protein AHNAK","Q09666_S909_M1_19","HexNAc (ST)",1.54198833138654,0.633972537254186,0.413074967266765,6,"Not significant"
"Unstim / Nigericin","AHNAK","Q09666","Q09666","AHNK_HUMAN","Neuroblast differentiation-associated protein AHNAK","Q09666_S3159_M1_19","HexNAc (ST)",0.431508377479164,0.633972537254186,0.419304357147595,6,"Not significant"
"Unstim / Nigericin","AHNAK","Q09666","Q09666","AHNK_HUMAN","Neuroblast differentiation-associated protein AHNAK","Q09666_S3941_M1_19","HexNAc (ST)",0.431508377479164,0.633972537254186,0.419304357147595,6,"Not significant"
"Unstim / Nigericin","AHNAK","Q09666","Q09666","AHNK_HUMAN","Neuroblast differentiation-associated protein AHNAK","Q09666_S2670_M1_19","HexNAc (ST)",9.19452573665668,0.633972537254186,0.422817674377506,6,"Not significant"
"Unstim / Nigericin","AHNAK","Q09666","Q09666","AHNK_HUMAN","Neuroblast differentiation-associated protein AHNAK","Q09666_S1414_M1_19","HexNAc (ST)",-8.00334788315186,0.633972537254186,0.422625436017581,6,"Not significant"
"Unstim / Nigericin","AHNAK","Q09666","Q09666","AHNK_HUMAN","Neuroblast differentiation-associated protein AHNAK","Q09666_S3182_M1_19","HexNAc (ST)",7.79899039431186,0.633972537254186,0.422489457572306,6,"Not significant"
"Unstim / Nigericin","AHNAK","Q09666","Q09666","AHNK_HUMAN","Neuroblast differentiation-associated protein AHNAK","Q09666_S3964_M1_19","HexNAc (ST)",7.79899039431186,0.633972537254186,0.422489457572306,6,"Not significant"
"Unstim / Nigericin","AHNAK","Q09666","Q09666","AHNK_HUMAN","Neuroblast differentiation-associated protein AHNAK","Q09666_S3746_M1_19","HexNAc (ST)",1.78328376330552,0.633972537254186,0.351570586597312,6,"Not significant"
"Unstim / Nigericin","AHNAK","Q09666","Q09666","AHNK_HUMAN","Neuroblast differentiation-associated protein AHNAK","Q09666_S2333_M1_19","HexNAc (ST)",1.52026962733281,0.633972537254186,0.344458285073797,6,"Not significant"
"Unstim / Nigericin","AHNAK","Q09666","Q09666","AHNK_HUMAN","Neuroblast differentiation-associated protein AHNAK","Q09666_T1472_M1_19","HexNAc (ST)",2.48781996903942,0.633972537254186,0.362030987975093,6,"Not significant"
"Unstim / Nigericin","AHNAK","Q09666","Q09666","AHNK_HUMAN","Neuroblast differentiation-associated protein AHNAK","Q09666_S4486_M1_19","HexNAc (ST)",4.38858525973977,0.633972537254186,0.402360654518756,6,"Not significant"
"Unstim / Nigericin","ELP6","Q0PNE2","Q0PNE2","ELP6_HUMAN","Elongator complex protein 6","Q0PNE2_S89_M1_19","HexNAc (ST)",-5.59103859211759,0.633972537254186,0.420754350544811,6,"Not significant"
"Unstim / Nigericin","TRIM28","Q13263","Q13263","TIF1B_HUMAN","Transcription intermediary factor 1-beta","Q13263_S784_M1_19","HexNAc (ST)",-4.80107829371861,0.633972537254186,0.424241536814636,5,"Not significant"
"Unstim / Nigericin","STX3","Q13277","Q13277","STX3_HUMAN","Syntaxin-3","Q13277_S97_M1_19","HexNAc (ST)",-2.36519860800117,0.633972537254186,0.394723817796141,6,"Not significant"
"Unstim / Nigericin","UBE2V1","Q13404","Q13404","UB2V1_HUMAN","Ubiquitin-conjugating enzyme E2 variant 1","Q13404_S66_M1_19","HexNAc (ST)",0.278674338605442,0.633972537254186,0.353300642156067,6,"Not significant"
"Unstim / Nigericin","ALCAM","Q13740","Q13740","CD166_HUMAN","CD166 antigen","Q13740_S64_M1_19","HexNAc (ST)",-3.99165778729691,0.633972537254186,0.358640378151909,6,"Not significant"
"Unstim / Nigericin","RUNX2","Q13950","Q13950","RUNX2_HUMAN","Runt-related transcription factor 2","Q13950_T135_M1_19","HexNAc (ST)",0.484554447932998,0.633972537254186,0.402818400265636,6,"Not significant"
"Unstim / Nigericin","UBAP2L","Q14157","Q14157","UBP2L_HUMAN","Ubiquitin-associated protein 2-like","Q14157_S604_M1_19","HexNAc (ST)",4.86807868199464,0.633972537254186,0.430336128461684,6,"Not significant"
"Unstim / Nigericin","FRG1","Q14331","Q14331","FRG1_HUMAN","Protein FRG1","Q14331_S121_M1_19","HexNAc (ST)",-4.08729144423707,0.633972537254186,0.427796461697147,6,"Not significant"
"Unstim / Nigericin","PTGES3","Q15185","Q15185","TEBP_HUMAN","Prostaglandin E synthase 3","Q15185_S64_M1_19","HexNAc (ST)",9.45587545443662,0.633972537254186,0.42235996009201,6,"Not significant"
"Unstim / Nigericin","TRIP10","Q15642","Q15642","CIP4_HUMAN","Cdc42-interacting protein 4","Q15642_S265_M1_19","HexNAc (ST)",5.75097569625556,0.633972537254186,0.425674693244728,6,"Not significant"
"Unstim / Nigericin","TRIP11","Q15643","Q15643","TRIPB_HUMAN","Thyroid receptor-interacting protein 11","Q15643_T1655_M1_19","HexNAc (ST)",6.97288470720593,0.633972537254186,0.423271973316216,6,"Not significant"
"Unstim / Nigericin","ZYX","Q15942","Q15942","ZYX_HUMAN","Zyxin","Q15942_T469_M2_19","HexNAc (ST)",7.52564435746878,0.633972537254186,0.420340954246055,6,"Not significant"
"Unstim / Nigericin","DPYSL2","Q16555","Q16555","DPYL2_HUMAN","Dihydropyrimidinase-related protein 2","Q16555_T419_M3_19","HexNAc (ST)",6.51161076565094,0.633972537254186,0.42104826383059,6,"Not significant"
"Unstim / Nigericin","HNRNPUL2","Q1KMD3","Q1KMD3","HNRL2_HUMAN","Heterogeneous nuclear ribonucleoprotein U-like protein 2","Q1KMD3_S543_M1_19","HexNAc (ST)",2.69518750495062,0.633972537254186,0.320905195457368,6,"Not significant"
"Unstim / Nigericin","PRPF8","Q6P2Q9","Q6P2Q9","PRP8_HUMAN","Pre-mRNA-processing-splicing factor 8","Q6P2Q9_T1841_M1_19","HexNAc (ST)",0.604421346259699,0.633972537254186,0.304434276493726,6,"Not significant"
"Unstim / Nigericin","PTRH1","Q86Y79","Q86Y79","PTH_HUMAN","Peptidyl-tRNA hydrolase","Q86Y79_S181_M1_19","HexNAc (ST)",0.86255231145732,0.633972537254186,0.404170702168953,6,"Not significant"
"Unstim / Nigericin","RHOT1","Q8IXI2","Q8IXI2","MIRO1_HUMAN","Mitochondrial Rho GTPase 1","Q8IXI2_S109_M1_19","HexNAc (ST)",0.142416496739298,0.633972537254186,0.324891250959668,6,"Not significant"
"Unstim / Nigericin","NDUFAF2","Q8N183","Q8N183","NDUF2_HUMAN","NADH dehydrogenase [ubiquinone] 1 alpha subcomplex assembly factor 2","Q8N183_S102_M1_19","HexNAc (ST)",1.57282416209098,0.633972537254186,0.425035412253187,6,"Not significant"
"Unstim / Nigericin","ARHGAP18","Q8N392","Q8N392","RHG18_HUMAN","Rho GTPase-activating protein 18","Q8N392_T327_M1_19","HexNAc (ST)",1.55825308121746,0.633972537254186,0.339789028625962,6,"Not significant"
"Unstim / Nigericin","LRRC8C","Q8TDW0","Q8TDW0","LRC8C_HUMAN","Volume-regulated anion channel subunit LRRC8C","Q8TDW0_T791_M1_19","HexNAc (ST)",5.41311858999414,0.633972537254186,0.338433288717926,6,"Not significant"
"Unstim / Nigericin","PSPC1","Q8WXF1","Q8WXF1","PSPC1_HUMAN","Paraspeckle component 1","Q8WXF1_S499_M2_19","HexNAc (ST)",-0.164473742998299,0.633972537254186,0.385325096652999,4,"Not significant"
"Unstim / Nigericin","IMP4","Q96G21","Q96G21","IMP4_HUMAN","U3 small nucleolar ribonucleoprotein protein IMP4","Q96G21_T134_M1_19","HexNAc (ST)",-0.306553178616999,0.633972537254186,0.351386629212215,6,"Not significant"
"Unstim / Nigericin","PARK7","Q99497","Q99497","PARK7_HUMAN","Parkinson disease protein 7","Q99497_S142_M1_19","HexNAc (ST)",1.38967579575433,0.633972537254186,0.323713035918056,4,"Not significant"
"Unstim / Nigericin","MAGT1","Q9H0U3","Q9H0U3","MAGT1_HUMAN","Magnesium transporter protein 1","Q9H0U3_S38_M2_19","HexNAc (ST)",0.618366126083546,0.633972537254186,0.336788430095265,5,"Not significant"
"Unstim / Nigericin","PNN","Q9H307","Q9H307","PININ_HUMAN","Pinin","Q9H307_T204_M1_19","HexNAc (ST)",-7.89145352194589,0.633972537254186,0.421433376162711,6,"Not significant"
"Unstim / Nigericin","SIAE","Q9HAT2","Q9HAT2","SIAE_HUMAN","Sialate O-acetylesterase","Q9HAT2_T403_M1_19","HexNAc (ST)",0.279205165086753,0.633972537254186,0.413579288183626,6,"Not significant"
"Unstim / Nigericin","RAB18","Q9NP72","Q9NP72","RAB18_HUMAN","Ras-related protein Rab-18","Q9NP72_T49_M2_19","HexNAc (ST)",-0.448858222615495,0.633972537254186,0.300929525772705,6,"Not significant"
"Unstim / Nigericin","MDN1","Q9NU22","Q9NU22","MDN1_HUMAN","Midasin","Q9NU22_S2818_M1_19","HexNAc (ST)",0.79963040906028,0.633972537254186,0.37787203680084,6,"Not significant"
"Unstim / Nigericin","ARL8B","Q9NVJ2","Q9NVJ2","ARL8B_HUMAN","ADP-ribosylation factor-like protein 8B","Q9NVJ2_S150_M1_19","HexNAc (ST)",-0.31603439705233,0.633972537254186,0.356347217188237,6,"Not significant"
"Unstim / Nigericin","NHP2","Q9NX24","Q9NX24","NHP2_HUMAN","H/ACA ribonucleoprotein complex subunit 2","Q9NX24_S40_M1_19","HexNAc (ST)",8.18005402565148,0.633972537254186,0.422409962729933,6,"Not significant"
"Unstim / Nigericin","NHP2","Q9NX24","Q9NX24","NHP2_HUMAN","H/ACA ribonucleoprotein complex subunit 2","Q9NX24_S40_M2_19","HexNAc (ST)",-9.0672013577851,0.633972537254186,0.421806572074429,5,"Not significant"
"Unstim / Nigericin","ACTR3B","Q9P1U1","Q9P1U1","ARP3B_HUMAN","Actin-related protein 3B","Q9P1U1_T74_M1_19","HexNAc (ST)",1.33783231698882,0.633972537254186,0.418491214706968,6,"Not significant"
"Unstim / Nigericin","CCDC9","Q9Y3X0","Q9Y3X0","CCDC9_HUMAN","Coiled-coil domain-containing protein 9","Q9Y3X0_S70_M1_19","HexNAc (ST)",-0.434005627099586,0.633972537254186,0.31999933281493,6,"Not significant"
"Unstim / Nigericin","NDUFB9","Q9Y6M9","Q9Y6M9","NDUB9_HUMAN","NADH dehydrogenase [ubiquinone] 1 beta subcomplex subunit 9","Q9Y6M9_T11_M2_19","HexNAc (ST)",2.59201591241401,0.633972537254186,0.345687821170125,6,"Not significant"
"Unstim / Nigericin","NDUFB9","Q9Y6M9","Q9Y6M9","NDUB9_HUMAN","NADH dehydrogenase [ubiquinone] 1 beta subcomplex subunit 9","Q9Y6M9_S6_M2_19","HexNAc (ST)",2.59201591241401,0.633972537254186,0.345687821170125,6,"Not significant"
"Unstim / Nigericin","FLG2","Cont_Q5D862;Q5D862","Cont_Q5D862;Q5D862","FILA2_HUMAN","Filaggrin-2","Cont_Q5D862_S7_M2_19","HexNAc (ST)",1.55726641989736,0.633972537254186,0.322941383758237,5,"Not significant"
"Unstim / Nigericin","FLG2","Cont_Q5D862;Q5D862","Cont_Q5D862;Q5D862","FILA2_HUMAN","Filaggrin-2","Q5D862_S7_M2_19","HexNAc (ST)",1.55726641989736,0.633972537254186,0.322941383758237,5,"Not significant"
"Unstim / Nigericin","GAA","P10253","P10253","LYAG_HUMAN","Lysosomal alpha-glucosidase","P10253_S142_M1_19","HexNAc (ST)",0.784375954436048,0.633972537254186,0.315717842643539,4,"Not significant"
"Unstim / Nigericin","LMNA","P02545","P02545","LMNA_HUMAN","Prelamin-A/C","P02545_S143_M1_19","HexNAc (ST)",-0.968133285598565,0.634128189222172,0.437131557844296,6,"Not significant"
"Unstim / Nigericin","PSAP","P07602","P07602","SAP_HUMAN","Prosaposin","P07602_T334_M1_19","HexNAc (ST)",0.839838753001205,0.634128189222172,0.437279531406255,6,"Not significant"
"Unstim / Nigericin","PTCD1","O75127","O75127","PTCD1_HUMAN","Pentatricopeptide repeat-containing protein 1, mitochondrial","O75127_T576_M1_19","HexNAc (ST)",0.349807286968739,0.634150719574563,0.43812228989732,6,"Not significant"
"Unstim / Nigericin","PPIA","P62937","P62937","PPIA_HUMAN","Peptidyl-prolyl cis-trans isomerase A","P62937_T93_M2_19","HexNAc (ST)",-1.21618992425463,0.634294966857487,0.439288167205821,6,"Not significant"
"Unstim / Nigericin","AK2","P54819","P54819","KAD2_HUMAN","Adenylate kinase 2, mitochondrial","P54819_S228_M1_19","HexNAc (ST)",1.01368044110316,0.634829821531489,0.442507135923785,5,"Not significant"
"Unstim / Nigericin","HSPA1A;HSPA1B","P0DMV8;P0DMV9","P0DMV8;P0DMV9","HS71A_HUMAN;HS71B_HUMAN","Heat shock 70 kDa protein 1A;Heat shock 70 kDa protein 1B","P0DMV8_S307_M1_19","HexNAc (ST)",0.606816705466377,0.63496161428459,0.443385347323378,6,"Not significant"
"Unstim / Nigericin","HSPA1A;HSPA1B","P0DMV8;P0DMV9","P0DMV8;P0DMV9","HS71A_HUMAN;HS71B_HUMAN","Heat shock 70 kDa protein 1A;Heat shock 70 kDa protein 1B","P0DMV9_S307_M1_19","HexNAc (ST)",0.606816705466377,0.63496161428459,0.443385347323378,6,"Not significant"
"Unstim / Nigericin","MATR3","P43243","P43243","MATR3_HUMAN","Matrin-3","P43243_T134_M1_19","HexNAc (ST)",0.839176482892678,0.635054522016062,0.444064276633274,6,"Not significant"
"Unstim / Nigericin","MYH9","P35579","P35579","MYH9_HUMAN","Myosin-9","P35579_T1313_M1_19","HexNAc (ST)",-4.09016710076703,0.635238015808089,0.444859398055845,6,"Not significant"
"Unstim / Nigericin","TMPO","P42166","P42166","LAP2A_HUMAN","Lamina-associated polypeptide 2, isoform alpha","P42166_S18_M2_19","HexNAc (ST)",-0.416975177055405,0.635238015808089,0.444811339649353,6,"Not significant"
"Unstim / Nigericin","ALDOA","P04075","P04075","ALDOA_HUMAN","Fructose-bisphosphate aldolase A","P04075_S160_M1_19","HexNAc (ST)",-0.377385792468449,0.635316482891335,0.445332549586626,6,"Not significant"
"Unstim / Nigericin","CCT8","P50990","P50990","TCPQ_HUMAN","T-complex protein 1 subunit theta","P50990_T71_M1_19","HexNAc (ST)",0.304270425707079,0.635528366661044,0.44619516464987,5,"Not significant"
"Unstim / Nigericin","NPM1","P06748","P06748","NPM_HUMAN","Nucleophosmin","P06748_S10_M1_19","HexNAc (ST)",1.18790914935316,0.636107090854517,0.448215498652392,6,"Not significant"
"Unstim / Nigericin","NRGN","Q92686","Q92686","NEUG_HUMAN","Neurogranin","Q92686_T5_M2_19","HexNAc (ST)",-2.76357149422019,0.636351572752973,0.449765518512433,6,"Not significant"
"Unstim / Nigericin","MYH9","P35579","P35579","MYH9_HUMAN","Myosin-9","P35579_S1677_M1_19","HexNAc (ST)",-2.65375912361042,0.636947501968796,0.452155384493304,6,"Not significant"
"Unstim / Nigericin","PER1","O15534","O15534","PER1_HUMAN","Period circadian protein homolog 1","O15534_S1186_M1_19","HexNAc (ST)",-0.426878186738735,0.638005723008524,0.456413504543491,6,"Not significant"
"Unstim / Nigericin","UBQLN1","Q9UMX0","Q9UMX0","UBQL1_HUMAN","Ubiquilin-1","Q9UMX0_S71_M2_19","HexNAc (ST)",1.66960897648711,0.638160219796231,0.456901822461153,5,"Not significant"
"Unstim / Nigericin","SUMO2","P61956","P61956","SUMO2_HUMAN","Small ubiquitin-related modifier 2","P61956_T12_M1_19","HexNAc (ST)",3.42093927443275,0.638222691700716,0.457219919297117,6,"Not significant"
"Unstim / Nigericin","NOP58","Q9Y2X3","Q9Y2X3","NOP58_HUMAN","Nucleolar protein 58","Q9Y2X3_T61_M2_19","HexNAc (ST)",-2.50324647617647,0.639476492600056,0.46163662067767,6,"Not significant"
"Unstim / Nigericin","NOP58","Q9Y2X3","Q9Y2X3","NOP58_HUMAN","Nucleolar protein 58","Q9Y2X3_T53_M2_19","HexNAc (ST)",-2.50324647617647,0.639476492600056,0.46163662067767,6,"Not significant"
"Unstim / Nigericin","ACAA1","P09110","P09110","THIK_HUMAN","3-ketoacyl-CoA thiolase, peroxisomal","P09110_S291_M1_19","HexNAc (ST)",-1.07083069517071,0.640008309570707,0.463791163933625,6,"Not significant"
"Unstim / Nigericin","RPS27A","P62979","P62979","RS27A_HUMAN","Ubiquitin-ribosomal protein eS31 fusion protein","P62979_S65_M2_19","HexNAc (ST)",-3.89499031289346,0.640299572754603,0.464940356411242,4,"Not significant"
"Unstim / Nigericin","NaN","Cont_P02081","Cont_P02081","HBBF_BOVIN","Hemoglobin fetal subunit beta","Cont_P02081_S12_M2_19","HexNAc (ST)",0.231865998275408,0.640399341528961,0.465267238591374,6,"Not significant"
"Unstim / Nigericin","NaN","Cont_P02081","Cont_P02081","HBBF_BOVIN","Hemoglobin fetal subunit beta","Cont_P02081_T11_M2_19","HexNAc (ST)",0.231865998275408,0.640399341528961,0.465267238591374,6,"Not significant"
"Unstim / Nigericin","TKT","P29401","P29401","TKT_HUMAN","Transketolase","P29401_S280_M1_19","HexNAc (ST)",0.43535474810267,0.641198002296904,0.46803114109269,5,"Not significant"
"Unstim / Nigericin","NF2","P35240","P35240","MERL_HUMAN","Merlin","P35240_S444_M1_19","HexNAc (ST)",0.341977894500657,0.641571399559909,0.46917900986033,6,"Not significant"
"Unstim / Nigericin","FKBP2","P26885","P26885","FKBP2_HUMAN","Peptidyl-prolyl cis-trans isomerase FKBP2","P26885_S108_M1_19","HexNAc (ST)",-0.690392016476916,0.642641237738762,0.472766537243768,6,"Not significant"
"Unstim / Nigericin","AHNAK","Q09666","Q09666","AHNK_HUMAN","Neuroblast differentiation-associated protein AHNAK","Q09666_S2775_M1_19","HexNAc (ST)",0.380112011048211,0.6430588364832,0.474178752093316,6,"Not significant"
"Unstim / Nigericin","HNRNPDL","O14979","O14979","HNRDL_HUMAN","Heterogeneous nuclear ribonucleoprotein D-like","O14979_S201_M1_19","HexNAc (ST)",-1.63090024955531,0.643215100033839,0.474574094061639,6,"Not significant"
"Unstim / Nigericin","RAB2A","P61019","P61019","RAB2A_HUMAN","Ras-related protein Rab-2A","P61019_S67_M1_19","HexNAc (ST)",0.230260700586438,0.643454255525868,0.475323308957305,6,"Not significant"
"Unstim / Nigericin","AARS1","P49588","P49588","SYAC_HUMAN","Alanine--tRNA ligase, cytoplasmic","P49588_T804_M1_19","HexNAc (ST)",2.30231652143727,0.643705388387022,0.476139980229882,6,"Not significant"
"Unstim / Nigericin","COL18A1","P39060","P39060","COIA1_HUMAN","Collagen alpha-1(XVIII) chain","P39060_S1377_M1_19","HexNAc (ST)",1.10280669525096,0.64391356053144,0.476709756074991,6,"Not significant"
"Unstim / Nigericin","HNRNPCL2","B2RXH8","B2RXH8","HNRC2_HUMAN","Heterogeneous nuclear ribonucleoprotein C-like 2","B2RXH8_S196_M1_19","HexNAc (ST)",7.68003725245403,0.644696789200346,0.498148021208628,5,"Not significant"
"Unstim / Nigericin","PRSS1","Cont_P00760","Cont_P00760","TRY1_BOVIN","Serine protease 1","Cont_P00760_S121_M1_19","HexNAc (ST)",4.56286584843003,0.644696789200346,0.495352171489648,4,"Not significant"
"Unstim / Nigericin","STK10","O94804","O94804","STK10_HUMAN","Serine/threonine-protein kinase 10","O94804_T58_M1_19","HexNAc (ST)",0.564580162986896,0.644696789200346,0.490360216605187,6,"Not significant"
"Unstim / Nigericin","P4HB","P07237","P07237","PDIA1_HUMAN","Protein disulfide-isomerase","P07237_T413_M1_19","HexNAc (ST)",0.134359459937169,0.644696789200346,0.491356605599631,6,"Not significant"
"Unstim / Nigericin","HSP90B1","P14625","P14625","ENPL_HUMAN","Endoplasmin","P14625_S447_M2_19","HexNAc (ST)",9.98549640158669,0.644696789200346,0.499753320211487,4,"Not significant"
"Unstim / Nigericin","H1-3","P16402","P16402","H13_HUMAN","Histone H1.3","P16402_S59_M2_19","HexNAc (ST)",-7.70514077321699,0.644696789200346,0.500139133297916,4,"Not significant"
"Unstim / Nigericin","EEF1G","P26641","P26641","EF1G_HUMAN","Elongation factor 1-gamma","P26641_T411_M2_19","HexNAc (ST)",-7.62527449215249,0.644696789200346,0.497873264372163,5,"Not significant"
"Unstim / Nigericin","TKT","P29401","P29401","TKT_HUMAN","Transketolase","P29401_S295_M2_19","HexNAc (ST)",-8.09266726783561,0.644696789200346,0.500582318944488,5,"Not significant"
"Unstim / Nigericin","RPS3A","P61247","P61247","RS3A_HUMAN","Small ribosomal subunit protein eS1","P61247_T106_M1_19","HexNAc (ST)",4.66178782868811,0.644696789200346,0.500725151280141,4,"Not significant"
"Unstim / Nigericin","GNB2","P62879","P62879","GBB2_HUMAN","Guanine nucleotide-binding protein G(I)/G(S)/G(T) subunit beta-2","P62879_T34_M2_19","HexNAc (ST)",4.40462055955401,0.644696789200346,0.497464129932605,5,"Not significant"
"Unstim / Nigericin","GNB2","P62879","P62879","GBB2_HUMAN","Guanine nucleotide-binding protein G(I)/G(S)/G(T) subunit beta-2","P62879_T31_M2_19","HexNAc (ST)",4.40462055955401,0.644696789200346,0.497464131947554,5,"Not significant"
"Unstim / Nigericin","NACC1","Q96RE7","Q96RE7","NACC1_HUMAN","Nucleus accumbens-associated protein 1","Q96RE7_S342_M1_19","HexNAc (ST)",0.829745304951243,0.644696789200346,0.502730142972276,6,"Not significant"
"Unstim / Nigericin","MED17","Q9NVC6","Q9NVC6","MED17_HUMAN","Mediator of RNA polymerase II transcription subunit 17","Q9NVC6_S152_M1_19","HexNAc (ST)",0.370477480472733,0.644696789200346,0.500860263367546,6,"Not significant"
"Unstim / Nigericin","PTRH2","Q9Y3E5","Q9Y3E5","PTH2_HUMAN","Peptidyl-tRNA hydrolase 2, mitochondrial","Q9Y3E5_T125_M1_19","HexNAc (ST)",-1.76837417726026,0.644696789200346,0.480805304805741,6,"Not significant"
"Unstim / Nigericin","P4HB","P07237","P07237","PDIA1_HUMAN","Protein disulfide-isomerase","P07237_T101_M1_19","HexNAc (ST)",-5.29652902597235,0.644696789200346,0.492072983783956,4,"Not significant"
"Unstim / Nigericin","LMNB1","P20700","P20700","LMNB1_HUMAN","Lamin-B1","P20700_T151_M1_19","HexNAc (ST)",-0.207673930836213,0.644945538641013,0.505600861719464,6,"Not significant"
"Unstim / Nigericin","QKI","Q96PU8","Q96PU8","QKI_HUMAN","KH domain-containing RNA-binding protein QKI","Q96PU8_T203_M1_19","HexNAc (ST)",2.1532022302013,0.645893450295423,0.510061662564493,6,"Not significant"
"Unstim / Nigericin","RPLP2","P05387","P05387","RLA2_HUMAN","Large ribosomal subunit protein P2","P05387_S44_M1_19","HexNAc (ST)",-0.523702650194198,0.647334116634877,0.515317775236985,6,"Not significant"
"Unstim / Nigericin","GALK1","P51570","P51570","GALK1_HUMAN","Galactokinase","P51570_S254_M1_19","HexNAc (ST)",0.1980358618194,0.649005714531896,0.521501638549083,6,"Not significant"
"Unstim / Nigericin","ERP44","Q9BS26","Q9BS26","ERP44_HUMAN","Endoplasmic reticulum resident protein 44","Q9BS26_T155_M1_19","HexNAc (ST)",-2.4784342617773,0.650202727236302,0.525213291406529,4,"Not significant"
"Unstim / Nigericin","POFUT2","Q9Y2G5","Q9Y2G5","OFUT2_HUMAN","GDP-fucose protein O-fucosyltransferase 2","Q9Y2G5_S282_M1_19","HexNAc (ST)",-1.37888483726186,0.651696455600624,0.52954557667819,6,"Not significant"
"Unstim / Nigericin","HNRNPU","Q00839","Q00839","HNRPU_HUMAN","Heterogeneous nuclear ribonucleoprotein U","Q00839_S585_M1_19","HexNAc (ST)",-0.501376008135033,0.653092913558253,0.533444057210152,6,"Not significant"
"Unstim / Nigericin","GPX1","P07203","P07203","GPX1_HUMAN","Glutathione peroxidase 1","P07203_S34_M2_19","HexNAc (ST)",-0.246331757314882,0.655340771887059,0.540486517843991,5,"Not significant"
"Unstim / Nigericin","CS","O75390","O75390","CISY_HUMAN","Citrate synthase, mitochondrial","O75390_S83_M2_19","HexNAc (ST)",-0.186738908610511,0.655765115236096,0.541687403672381,5,"Not significant"
"Unstim / Nigericin","UFL1","O94874","O94874","UFL1_HUMAN","E3 UFM1-protein ligase 1","O94874_S103_M1_19","HexNAc (ST)",-0.140627493614707,0.656495646361198,0.543881496046383,6,"Not significant"
"Unstim / Nigericin","PDIA3","P30101","P30101","PDIA3_HUMAN","Protein disulfide-isomerase A3","P30101_S424_M1_19","HexNAc (ST)",-0.843635761040255,0.658553518736809,0.550060532697,6,"Not significant"
"Unstim / Nigericin","ENO1","P06733","P06733","ENOA_HUMAN","Alpha-enolase","P06733_S268_M2_19","HexNAc (ST)",1.80934411645101,0.659642934173455,0.553358329671283,6,"Not significant"
"Unstim / Nigericin","PLXNB2","O15031","O15031","PLXB2_HUMAN","Plexin-B2","O15031_T1124_M2_19","HexNAc (ST)",0.440962744683759,0.659795549880249,0.55378379829564,6,"Not significant"
"Unstim / Nigericin","PLXNB2","O15031","O15031","PLXB2_HUMAN","Plexin-B2","O15031_T1117_M2_19","HexNAc (ST)",0.440962744683759,0.659795549880249,0.55378379829564,6,"Not significant"
"Unstim / Nigericin","ING1","Q9UK53","Q9UK53","ING1_HUMAN","Inhibitor of growth protein 1","Q9UK53_S236_M2_19","HexNAc (ST)",0.423543302172859,0.661258841154982,0.558052125228229,6,"Not significant"
"Unstim / Nigericin","ING1","Q9UK53","Q9UK53","ING1_HUMAN","Inhibitor of growth protein 1","Q9UK53_S224_M2_19","HexNAc (ST)",0.423543302172859,0.661258841154982,0.558052125228229,6,"Not significant"
"Unstim / Nigericin","HSPE1","P61604","P61604","CH10_HUMAN","10 kDa heat shock protein, mitochondrial","P61604_T79_M1_19","HexNAc (ST)",-0.915115174481214,0.661736273897917,0.559388663536177,6,"Not significant"
"Unstim / Nigericin","P4HB","P07237","P07237","PDIA1_HUMAN","Protein disulfide-isomerase","P07237_T117_M1_19","HexNAc (ST)",-0.120203537262665,0.66200732540392,0.560405662247832,6,"Not significant"
"Unstim / Nigericin","DPP3","Q9NY33","Q9NY33","DPP3_HUMAN","Dipeptidyl peptidase 3","Q9NY33_S692_M2_19","HexNAc (ST)",0.398366940673868,0.662946927007468,0.563049640397923,4,"Not significant"
"Unstim / Nigericin","ICAM1","P05362","P05362","ICAM1_HUMAN","Intercellular adhesion molecule 1","P05362_T341_M1_19","HexNAc (ST)",0.241624606140392,0.66347391013567,0.564882795670874,6,"Not significant"
"Unstim / Nigericin","PSPC1","Q8WXF1","Q8WXF1","PSPC1_HUMAN","Paraspeckle component 1","Q8WXF1_S493_M2_19","HexNAc (ST)",0.415594106881898,0.666178830520994,0.572962335849126,5,"Not significant"
"Unstim / Nigericin","GRPEL1","Q9HAV7","Q9HAV7","GRPE1_HUMAN","GrpE protein homolog 1, mitochondrial","Q9HAV7_T147_M2_19","HexNAc (ST)",-0.547313156584279,0.666725269969396,0.574739685059446,5,"Not significant"
"Unstim / Nigericin","PPP3R1","P63098","P63098","CANB1_HUMAN","Calcineurin subunit B type 1","P63098_S45_M1_19","HexNAc (ST)",0.417687417354516,0.66964025384565,0.583869263269297,6,"Not significant"
"Unstim / Nigericin","MAN2B1","O00754","O00754","MA2B1_HUMAN","Lysosomal alpha-mannosidase","O00754_S932_M1_19","HexNAc (ST)",-0.19137108457116,0.670284362885282,0.585734982748487,4,"Not significant"
"Unstim / Nigericin","EPRS1","P07814","P07814","SYEP_HUMAN","Bifunctional glutamate/proline--tRNA ligase","P07814_T1110_M1_19","HexNAc (ST)",1.98354034455543,0.670767358828073,0.58727799534783,5,"Not significant"
"Unstim / Nigericin","NOTCH2","Q04721","Q04721","NOTC2_HUMAN","Neurogenic locus notch homolog protein 2","Q04721_T696_M1_19","HexNAc (ST)",-0.189808634085972,0.670861234244874,0.587501260697618,6,"Not significant"
"Unstim / Nigericin","NUCB2","P80303","P80303","NUCB2_HUMAN","Nucleobindin-2","P80303_S124_M1_19","HexNAc (ST)",0.534312097720127,0.671378446653736,0.589098104028373,6,"Not significant"
"Unstim / Nigericin","AHNAK","Q09666","Q09666","AHNK_HUMAN","Neuroblast differentiation-associated protein AHNAK","Q09666_S1654_M1_19","HexNAc (ST)",0.243173108699378,0.673769697533867,0.596534138698401,6,"Not significant"
"Unstim / Nigericin","AHNAK","Q09666","Q09666","AHNK_HUMAN","Neuroblast differentiation-associated protein AHNAK","Q09666_S1856_M1_19","HexNAc (ST)",0.243173108699378,0.673769697533867,0.596534138698401,6,"Not significant"
"Unstim / Nigericin","AHNAK","Q09666","Q09666","AHNK_HUMAN","Neuroblast differentiation-associated protein AHNAK","Q09666_S1923_M1_19","HexNAc (ST)",0.243173108699378,0.673769697533867,0.596534138698401,6,"Not significant"
"Unstim / Nigericin","AHNAK","Q09666","Q09666","AHNK_HUMAN","Neuroblast differentiation-associated protein AHNAK","Q09666_S2118_M1_19","HexNAc (ST)",0.243173108699378,0.673769697533867,0.596534138698401,6,"Not significant"
"Unstim / Nigericin","LONP1","P36776","P36776","LONM_HUMAN","Lon protease homolog, mitochondrial","P36776_T582_M1_19","HexNAc (ST)",-0.291153415893387,0.673912357595204,0.596981442000232,6,"Not significant"
"Unstim / Nigericin","SIPA1L3","O60292","O60292","SI1L3_HUMAN","Signal-induced proliferation-associated 1-like protein 3","O60292_S851_M2_19","HexNAc (ST)",-0.619675333572457,0.674863633755193,0.599832956524259,6,"Not significant"
"Unstim / Nigericin","SIPA1L3","O60292","O60292","SI1L3_HUMAN","Signal-induced proliferation-associated 1-like protein 3","O60292_T850_M2_19","HexNAc (ST)",-0.619675333572457,0.674863633755193,0.599832968266723,6,"Not significant"
"Unstim / Nigericin","CS","O75390","O75390","CISY_HUMAN","Citrate synthase, mitochondrial","O75390_S97_M2_19","HexNAc (ST)",0.39758193553111,0.675883372723769,0.602568235289416,6,"Not significant"
"Unstim / Nigericin","HSPA2","P54652","P54652","HSP72_HUMAN","Heat shock-related 70 kDa protein 2","P54652_T465_M1_19","HexNAc (ST)",-0.608255578621527,0.676564895550573,0.604450037241985,6,"Not significant"
"Unstim / Nigericin","ACTR3","P61158","P61158","ARP3_HUMAN","Actin-related protein 3","P61158_S354_M2_19","HexNAc (ST)",0.155456042673773,0.677099103636971,0.60611925197224,6,"Not significant"
"Unstim / Nigericin","ACTR3","P61158","P61158","ARP3_HUMAN","Actin-related protein 3","P61158_S350_M2_19","HexNAc (ST)",0.155456042673773,0.677099103636971,0.60611925197224,6,"Not significant"
"Unstim / Nigericin","SLC25A1","P53007","P53007","TXTP_HUMAN","Tricarboxylate transport protein, mitochondrial","P53007_S94_M1_19","HexNAc (ST)",0.23468761779078,0.678579279229543,0.610564652885309,4,"Not significant"
"Unstim / Nigericin","CA2","P00918","P00918","CAH2_HUMAN","Carbonic anhydrase 2","P00918_S56_M2_19","HexNAc (ST)",-0.442792190370956,0.678661926736366,0.610862452985578,4,"Not significant"
"Unstim / Nigericin","CA2","P00918","P00918","CAH2_HUMAN","Carbonic anhydrase 2","P00918_T55_M2_19","HexNAc (ST)",-0.442792190370956,0.678661926736366,0.610862452985578,4,"Not significant"
"Unstim / Nigericin","CBLB","Q13191","Q13191","CBLB_HUMAN","E3 ubiquitin-protein ligase CBL-B","Q13191_T174_M1_19","HexNAc (ST)",0.121258531393107,0.678894308794415,0.611676007902831,6,"Not significant"
"Unstim / Nigericin","CD38","P28907","P28907","CD38_HUMAN","ADP-ribosyl cyclase/cyclic ADP-ribose hydrolase 1","P28907_T71_M1_19","HexNAc (ST)",0.590111864520164,0.680046356857213,0.615196003647203,6,"Not significant"
"Unstim / Nigericin","CAP1","Q01518","Q01518","CAP1_HUMAN","Adenylyl cyclase-associated protein 1","Q01518_S394_M1_19","HexNAc (ST)",0.826283087975042,0.680128877924389,0.615389703369807,6,"Not significant"
"Unstim / Nigericin","RENBP","P51606","P51606","RENBP_HUMAN","N-acylglucosamine 2-epimerase","P51606_S230_M1_19","HexNAc (ST)",0.797991349175042,0.681291469635239,0.618895746394231,6,"Not significant"
"Unstim / Nigericin","EIF4G2","P78344","P78344","IF4G2_HUMAN","Eukaryotic translation initiation factor 4 gamma 2","P78344_S272_M1_19","HexNAc (ST)",0.464391332796773,0.681703856061958,0.620042816941099,6,"Not significant"
"Unstim / Nigericin","ARPC4","P59998","P59998","ARPC4_HUMAN","Actin-related protein 2/3 complex subunit 4","P59998_S54_M1_19","HexNAc (ST)",0.29512561192945,0.682538285871945,0.622629575816126,4,"Not significant"
"Unstim / Nigericin","KRT14","Cont_P02533;P02533","Cont_P02533;P02533","K1C14_HUMAN","Keratin, type I cytoskeletal 14;Keratin, type I cytoskeletal 14","Cont_P02533_T310_M2_19","HexNAc (ST)",0.953333142215181,0.684291769535135,0.627821937279133,6,"Not significant"
"Unstim / Nigericin","KRT14","Cont_P02533;P02533","Cont_P02533;P02533","K1C14_HUMAN","Keratin, type I cytoskeletal 14;Keratin, type I cytoskeletal 14","Cont_P02533_T308_M2_19","HexNAc (ST)",0.953333142215181,0.684291769535135,0.627821937279133,6,"Not significant"
"Unstim / Nigericin","KRT14","Cont_P02533;P02533","Cont_P02533;P02533","K1C14_HUMAN","Keratin, type I cytoskeletal 14;Keratin, type I cytoskeletal 14","P02533_T310_M2_19","HexNAc (ST)",0.953333142215181,0.684291769535135,0.627821937279133,6,"Not significant"
"Unstim / Nigericin","KRT14","Cont_P02533;P02533","Cont_P02533;P02533","K1C14_HUMAN","Keratin, type I cytoskeletal 14;Keratin, type I cytoskeletal 14","P02533_T308_M2_19","HexNAc (ST)",0.953333142215181,0.684291769535135,0.627821937279133,6,"Not significant"
"Unstim / Nigericin","PRKCSH","P14314","P14314","GLU2B_HUMAN","Glucosidase 2 subunit beta","P14314_T287_M1_19","HexNAc (ST)",-0.200125494379014,0.684658812519923,0.628908273119849,5,"Not significant"
"Unstim / Nigericin","LRRFIP1","Q32MZ4","Q32MZ4","LRRF1_HUMAN","Leucine-rich repeat flightless-interacting protein 1","Q32MZ4_T587_M2_19","HexNAc (ST)",1.49712865662654,0.686138521479272,0.633715138134299,4,"Not significant"
"Unstim / Nigericin","P4HB","P07237","P07237","PDIA1_HUMAN","Protein disulfide-isomerase","P07237_T221_M1_19","HexNAc (ST)",-0.457026937991911,0.687272760455837,0.637399713462079,6,"Not significant"
"Unstim / Nigericin","SZT2","Q5T011","Q5T011","SZT2_HUMAN","KICSTOR complex protein SZT2","Q5T011_T1740_M2_19","HexNAc (ST)",-0.387793687423832,0.690825158871006,0.648784223961595,4,"Not significant"
"Unstim / Nigericin","AHNAK","Q09666","Q09666","AHNK_HUMAN","Neuroblast differentiation-associated protein AHNAK","Q09666_T4766_M1_19","HexNAc (ST)",-0.303532837819526,0.692111962837181,0.652475332419393,6,"Not significant"
"Unstim / Nigericin","OAT","P04181","P04181","OAT_HUMAN","Ornithine aminotransferase, mitochondrial","P04181_T33_M3_19","HexNAc (ST)",-1.11257739599146,0.693976678974772,0.657981409297152,6,"Not significant"
"Unstim / Nigericin","H1-5","P16401","P16401","H15_HUMAN","Histone H1.5","P16401_S61_M1_19","HexNAc (ST)",0.143057950980012,0.694744727291966,0.660287231108719,6,"Not significant"
"Unstim / Nigericin","GAA","P10253","P10253","LYAG_HUMAN","Lysosomal alpha-glucosidase","P10253_S688_M2_19","HexNAc (ST)",0.276843264366829,0.695154849196898,0.661696063304251,6,"Not significant"
"Unstim / Nigericin","PRKCSH","P14314","P14314","GLU2B_HUMAN","Glucosidase 2 subunit beta","P14314_S168_M1_19","HexNAc (ST)",-0.343199458864319,0.695171578114652,0.661973086737474,6,"Not significant"
"Unstim / Nigericin","CANX","P27824","P27824","CALX_HUMAN","Calnexin","P27824_S392_M1_19","HexNAc (ST)",0.188047161721065,0.695645389281553,0.663621173231303,6,"Not significant"
"Unstim / Nigericin","HSPD1","P10809","P10809","CH60_HUMAN","60 kDa heat shock protein, mitochondrial","P10809_T206_M2_19","HexNAc (ST)",0.638971416129708,0.696712610310489,0.667257227828334,6,"Not significant"
"Unstim / Nigericin","HSPD1","P10809","P10809","CH60_HUMAN","60 kDa heat shock protein, mitochondrial","P10809_T200_M2_19","HexNAc (ST)",0.638971416129708,0.696712610310489,0.667257227828334,6,"Not significant"
"Unstim / Nigericin","PDIA6","Q15084","Q15084","PDIA6_HUMAN","Protein disulfide-isomerase A6","Q15084_S230_M1_19","HexNAc (ST)",0.152328114279515,0.697982626838406,0.671493806153979,5,"Not significant"
"Unstim / Nigericin","KPNA1","P52294","P52294","IMA5_HUMAN","Importin subunit alpha-5","P52294_S353_M2_19","HexNAc (ST)",0.41696649371893,0.69799276632771,0.671537338341834,4,"Not significant"
"Unstim / Nigericin","AHNAK","Q09666","Q09666","AHNK_HUMAN","Neuroblast differentiation-associated protein AHNAK","Q09666_T788_M2_19","HexNAc (ST)",0.608056807034551,0.702053604331462,0.684513895028998,6,"Not significant"
"Unstim / Nigericin","HSPD1","P10809","P10809","CH60_HUMAN","60 kDa heat shock protein, mitochondrial","P10809_T206_M1_19","HexNAc (ST)",-0.770334886349486,0.702871146955974,0.68729056595658,6,"Not significant"
"Unstim / Nigericin","CPD","O75976","O75976","CBPD_HUMAN","Carboxypeptidase D","O75976_S628_M1_19","HexNAc (ST)",-0.349998748347713,0.703032319519531,0.687858128076635,5,"Not significant"
"Unstim / Nigericin","PTPRE","P23469","P23469","PTPRE_HUMAN","Receptor-type tyrosine-protein phosphatase epsilon","P23469_S187_M2_19","HexNAc (ST)",1.02716222633193,0.703566284584873,0.689711468899707,5,"Not significant"
"Unstim / Nigericin","PSMC3","P17980","P17980","PRS6A_HUMAN","26S proteasome regulatory subunit 6A","P17980_T247_M1_19","HexNAc (ST)",-0.169175758582975,0.704546880682303,0.69265381038407,6,"Not significant"
"Unstim / Nigericin","PRDX5","P30044","P30044","PRDX5_HUMAN","Peroxiredoxin-5, mitochondrial","P30044_S101_M2_19","HexNAc (ST)",0.936892224184799,0.704552246816872,0.692703195291459,6,"Not significant"
"Unstim / Nigericin","PRDX5","P30044","P30044","PRDX5_HUMAN","Peroxiredoxin-5, mitochondrial","P30044_T97_M2_19","HexNAc (ST)",0.936892224184799,0.704552246816872,0.692703195291459,6,"Not significant"
"Unstim / Nigericin","CANX","P27824","P27824","CALX_HUMAN","Calnexin","P27824_S74_M2_19","HexNAc (ST)",-0.325210625364811,0.70579698763869,0.696802566875843,4,"Not significant"
"Unstim / Nigericin","HLA-A","P04439","P04439","HLAA_HUMAN","HLA class I histocompatibility antigen, A alpha chain","P04439_S275_M1_19","HexNAc (ST)",-0.13121601819327,0.706125121926084,0.697842246014472,6,"Not significant"
"Unstim / Nigericin","ARHGAP45","Q92619","Q92619","HMHA1_HUMAN","Rho GTPase-activating protein 45","Q92619_T742_M1_19","HexNAc (ST)",0.430617362146481,0.706127772935192,0.697859813170942,6,"Not significant"
"Unstim / Nigericin","ATP5PD","O75947","O75947","ATP5H_HUMAN","ATP synthase subunit d, mitochondrial","O75947_T10_M1_19","HexNAc (ST)",-0.913350910818949,0.7081002593467,0.703849075509426,6,"Not significant"
"Unstim / Nigericin","SSB","P05455","P05455","LA_HUMAN","Lupus La protein","P05455_T302_M1_19","HexNAc (ST)",-0.363160670934354,0.710583757717297,0.712119904312995,6,"Not significant"
"Unstim / Nigericin","APEX1","P27695","P27695","APEX1_HUMAN","DNA-(apurinic or apyrimidinic site) endonuclease","P27695_T61_M1_19","HexNAc (ST)",0.957202123857505,0.710687936534656,0.712510177706815,5,"Not significant"
"Unstim / Nigericin","GSN","P06396","P06396","GELS_HUMAN","Gelsolin","P06396_S304_M1_19","HexNAc (ST)",-0.233477786608907,0.710907110879644,0.713325257129842,4,"Not significant"
"Unstim / Nigericin","RBMX","P38159","P38159","RBMX_HUMAN","RNA-binding motif protein, X chromosome","P38159_S58_M2_19","HexNAc (ST)",0.758020938066451,0.710976338257685,0.713542280211869,6,"Not significant"
"Unstim / Nigericin","RBMX","P38159","P38159","RBMX_HUMAN","RNA-binding motif protein, X chromosome","P38159_T55_M2_19","HexNAc (ST)",0.758020938066451,0.710976338257685,0.713542280211869,6,"Not significant"
"Unstim / Nigericin","GDI2","P50395","P50395","GDIB_HUMAN","Rab GDP dissociation inhibitor beta","P50395_T185_M1_19","HexNAc (ST)",-0.564917468440447,0.712395642451984,0.718357752110265,6,"Not significant"
"Unstim / Nigericin","PKM","P14618","P14618","KPYM_HUMAN","Pyruvate kinase PKM","P14618_S222_M2_19","HexNAc (ST)",0.198681489862129,0.71313314144864,0.720793312210827,5,"Not significant"
"Unstim / Nigericin","MX2","P20592","P20592","MX2_HUMAN","Interferon-induced GTP-binding protein Mx2","P20592_T366_M1_19","HexNAc (ST)",-0.836111524900254,0.714285441998323,0.724607577954451,6,"Not significant"
"Unstim / Nigericin","ATP5F1B","P06576","P06576","ATPB_HUMAN","ATP synthase subunit beta, mitochondrial","P06576_S253_M1_19","HexNAc (ST)",0.559360741128577,0.716011359459158,0.730409426679087,6,"Not significant"
"Unstim / Nigericin","TMSB10","P63313","P63313","TYB10_HUMAN","Thymosin beta-10","P63313_T28_M1_19","HexNAc (ST)",0.146617309253334,0.716414795265716,0.731725726173803,6,"Not significant"
"Unstim / Nigericin","SLC25A24","Q6NUK1","Q6NUK1","SCMC1_HUMAN","Mitochondrial adenyl nucleotide antiporter SLC25A24","Q6NUK1_S208_M1_19","HexNAc (ST)",-0.286256034859528,0.718522891280655,0.738593232720906,6,"Not significant"
"Unstim / Nigericin","HBB","Cont_P02070","Cont_P02070","HBB_BOVIN","Hemoglobin subunit beta","Cont_P02070_T11_M1_19","HexNAc (ST)",0.754710934494886,0.720021795917541,0.743330325687042,6,"Not significant"
"Unstim / Nigericin","AHNAK","Q09666","Q09666","AHNK_HUMAN","Neuroblast differentiation-associated protein AHNAK","Q09666_S2926_M1_19","HexNAc (ST)",0.764356173289987,0.7200792379869,0.743505180710952,6,"Not significant"
"Unstim / Nigericin","DYNC1I2","Q13409","Q13409","DC1I2_HUMAN","Cytoplasmic dynein 1 intermediate chain 2","Q13409_S590_M1_19","HexNAc (ST)",-0.412727038653089,0.721476584383776,0.748264163696282,6,"Not significant"
"Unstim / Nigericin","HSPA9","P38646","P38646","GRP75_HUMAN","Stress-70 protein, mitochondrial","P38646_T504_M1_19","HexNAc (ST)",0.0772959167065137,0.721832055968826,0.749788289784238,6,"Not significant"
"Unstim / Nigericin","GSN","P06396","P06396","GELS_HUMAN","Gelsolin","P06396_S537_M1_19","HexNAc (ST)",0.120492317820307,0.722335189620533,0.75133245669403,6,"Not significant"
"Unstim / Nigericin","CLTC","Q00610","Q00610","CLH1_HUMAN","Clathrin heavy chain 1","Q00610_S460_M1_19","HexNAc (ST)",-0.471580410116663,0.722484307914315,0.751979685526545,6,"Not significant"
"Unstim / Nigericin","HSP90AA1","P07900","P07900","HS90A_HUMAN","Heat shock protein HSP 90-alpha","P07900_T624_M1_19","HexNAc (ST)",0.798918074237959,0.72335916478716,0.754952010151781,4,"Not significant"
"Unstim / Nigericin","PDIA3","P30101","P30101","PDIA3_HUMAN","Protein disulfide-isomerase A3","P30101_T212_M2_19","HexNAc (ST)",-0.187746069992281,0.72440499755603,0.758561657518978,6,"Not significant"
"Unstim / Nigericin","PDIA3","P30101","P30101","PDIA3_HUMAN","Protein disulfide-isomerase A3","P30101_S209_M2_19","HexNAc (ST)",-0.187746069992281,0.72440499755603,0.758561657518978,6,"Not significant"
"Unstim / Nigericin","RGPD2","P0DJD1","P0DJD1","RGPD2_HUMAN","RANBP2-like and GRIP domain-containing protein 2","P0DJD1_S1067_M1_19","HexNAc (ST)",-0.0984357410932745,0.725003530595866,0.760643453497654,6,"Not significant"
"Unstim / Nigericin","TUBB4B","P68371","P68371","TBB4B_HUMAN","Tubulin beta-4B chain","P68371_S172_M1_19","HexNAc (ST)",-0.341205314793562,0.725004874193871,0.760667160659081,6,"Not significant"
"Unstim / Nigericin","AHNAK","Q09666","Q09666","AHNK_HUMAN","Neuroblast differentiation-associated protein AHNAK","Q09666_S5214_M1_19","HexNAc (ST)",0.342540922356333,0.728609189903058,0.773317653449427,6,"Not significant"
"Unstim / Nigericin","OSBPL8","Q9BZF1","Q9BZF1","OSBL8_HUMAN","Oxysterol-binding protein-related protein 8","Q9BZF1_T491_M1_19","HexNAc (ST)",-0.346289752676693,0.729104252073542,0.775054743847168,6,"Not significant"
"Unstim / Nigericin","HSPA5","P11021","P11021","BIP_HUMAN","Endoplasmic reticulum chaperone BiP","P11021_T203_M2_19","HexNAc (ST)",-0.0972720518940308,0.729113309832659,0.775102349903579,6,"Not significant"
"Unstim / Nigericin","HSPA5","P11021","P11021","BIP_HUMAN","Endoplasmic reticulum chaperone BiP","P11021_T189_M2_19","HexNAc (ST)",-0.0972720518940308,0.729113309832659,0.775102349903579,6,"Not significant"
"Unstim / Nigericin","H2BC21","Q16778","Q16778","H2B2E_HUMAN","Histone H2B type 2-E","Q16778_S39_M2_19","HexNAc (ST)",0.453460913212752,0.729717352058728,0.777208115595369,6,"Not significant"
"Unstim / Nigericin","H2BC21","Q16778","Q16778","H2B2E_HUMAN","Histone H2B type 2-E","Q16778_S37_M2_19","HexNAc (ST)",0.453460913212752,0.729717352058728,0.777208115595369,6,"Not significant"
"Unstim / Nigericin","RPS6","P62753","P62753","RS6_HUMAN","Small ribosomal subunit protein eS6","P62753_T128_M2_19","HexNAc (ST)",-0.643279317467612,0.73009060598231,0.778430672825777,6,"Not significant"
"Unstim / Nigericin","CPNE8","Q86YQ8","Q86YQ8","CPNE8_HUMAN","Copine-8","Q86YQ8_S356_M1_19","HexNAc (ST)",-0.438689942543038,0.730908581700806,0.781525314047518,6,"Not significant"
"Unstim / Nigericin","HSP90AB1","P08238","P08238","HS90B_HUMAN","Heat shock protein HSP 90-beta","P08238_S615_M2_19","HexNAc (ST)",0.151933227302873,0.731238569345361,0.782814774068035,4,"Not significant"
"Unstim / Nigericin","TMSB4X","P62328","P62328","TYB4_HUMAN","Thymosin beta-4","P62328_S16_M1_19","HexNAc (ST)",0.595752149424931,0.73335690244836,0.790756992700845,6,"Not significant"
"Unstim / Nigericin","GRPEL1","Q9HAV7","Q9HAV7","GRPE1_HUMAN","GrpE protein homolog 1, mitochondrial","Q9HAV7_T74_M1_19","HexNAc (ST)",0.273777691395793,0.733900505827349,0.792607487627429,6,"Not significant"
"Unstim / Nigericin","DNTTIP1","Q9H147","Q9H147","TDIF1_HUMAN","Deoxynucleotidyltransferase terminal-interacting protein 1","Q9H147_S217_M1_19","HexNAc (ST)",0.244102107292714,0.73491145382477,0.79607705539295,6,"Not significant"
"Unstim / Nigericin","GAA","P10253","P10253","LYAG_HUMAN","Lysosomal alpha-glucosidase","P10253_T884_M1_19","HexNAc (ST)",0.140036730056163,0.735066982507295,0.796520077740113,6,"Not significant"
"Unstim / Nigericin","CAP1","Q01518","Q01518","CAP1_HUMAN","Adenylyl cyclase-associated protein 1","Q01518_T315_M1_19","HexNAc (ST)",-0.17977801481363,0.735362795266533,0.797537117127937,6,"Not significant"
"Unstim / Nigericin","GLUD1","P00367","P00367","DHE3_HUMAN","Glutamate dehydrogenase 1, mitochondrial","P00367_S166_M1_19","HexNAc (ST)",0.201963240262261,0.737952638431573,0.806948320645224,6,"Not significant"
"Unstim / Nigericin","UQCRC1","P31930","P31930","QCR1_HUMAN","Cytochrome b-c1 complex subunit 1, mitochondrial","P31930_S446_M1_19","HexNAc (ST)",0.371775162454907,0.738498003703297,0.808829980518533,6,"Not significant"
"Unstim / Nigericin","HSPA8","P11142","P11142","HSP7C_HUMAN","Heat shock cognate 71 kDa protein","P11142_S85_M1_19","HexNAc (ST)",0.250594571147297,0.739657670670434,0.812899583773752,6,"Not significant"
"Unstim / Nigericin","TMPO","P42166","P42166","LAP2A_HUMAN","Lamina-associated polypeptide 2, isoform alpha","P42166_T26_M1_19","HexNAc (ST)",-0.145629965085937,0.740013169232271,0.814262678889173,6,"Not significant"
"Unstim / Nigericin","NUP54","Q7Z3B4","Q7Z3B4","NUP54_HUMAN","Nucleoporin p54","Q7Z3B4_S319_M1_19","HexNAc (ST)",0.0906404122006476,0.740269611217994,0.815286955152116,6,"Not significant"
"Unstim / Nigericin","MYO18A","Q92614","Q92614","MY18A_HUMAN","Unconventional myosin-XVIIIa","Q92614_T1661_M1_19","HexNAc (ST)",0.410598457981528,0.741427608041545,0.819633388984651,6,"Not significant"
"Unstim / Nigericin","OLA1","Q9NTK5","Q9NTK5","OLA1_HUMAN","Obg-like ATPase 1","Q9NTK5_S22_M2_19","HexNAc (ST)",-0.200760280359091,0.741444562869264,0.819703339828376,6,"Not significant"
"Unstim / Nigericin","OLA1","Q9NTK5","Q9NTK5","OLA1_HUMAN","Obg-like ATPase 1","Q9NTK5_T21_M2_19","HexNAc (ST)",-0.200760280359091,0.741444562869264,0.819703339828376,6,"Not significant"
"Unstim / Nigericin","PPIA","P62937","P62937","PPIA_HUMAN","Peptidyl-prolyl cis-trans isomerase A","P62937_T119_M2_19","HexNAc (ST)",-0.0939975588872967,0.742907485754205,0.824914929164879,6,"Not significant"
"Unstim / Nigericin","PPIA","P62937","P62937","PPIA_HUMAN","Peptidyl-prolyl cis-trans isomerase A","P62937_T116_M2_19","HexNAc (ST)",-0.0939975588872967,0.742907485754205,0.824914929164879,6,"Not significant"
"Unstim / Nigericin","ALDOC","P09972","P09972","ALDOC_HUMAN","Fructose-bisphosphate aldolase C","P09972_T97_M1_19","HexNAc (ST)",0.319113917078778,0.743106191805928,0.825604731370015,6,"Not significant"
"Unstim / Nigericin","MYL6","P60660","P60660","MYL6_HUMAN","Myosin light polypeptide 6","P60660_T85_M1_19","HexNAc (ST)",0.112181394964638,0.743630504858916,0.827532140157102,6,"Not significant"
"Unstim / Nigericin","TSC22D1","Q15714","Q15714","T22D1_HUMAN","TSC22 domain family protein 1","Q15714_S1018_M1_19","HexNAc (ST)",0.125724688602535,0.745102579528734,0.833305838081858,6,"Not significant"
"Unstim / Nigericin","UTP14A","Q9BVJ6","Q9BVJ6","UT14A_HUMAN","U3 small nucleolar RNA-associated protein 14 homolog A","Q9BVJ6_T182_M2_19","HexNAc (ST)",0.103943935363113,0.745260802926548,0.833866892966799,6,"Not significant"
"Unstim / Nigericin","UTP14A","Q9BVJ6","Q9BVJ6","UT14A_HUMAN","U3 small nucleolar RNA-associated protein 14 homolog A","Q9BVJ6_S176_M2_19","HexNAc (ST)",0.103943935363113,0.745260802926548,0.833866892966799,6,"Not significant"
"Unstim / Nigericin","SLC25A5","P05141","P05141","ADT2_HUMAN","ADP/ATP translocase 2","P05141_S22_M2_19","HexNAc (ST)",-0.456876836567142,0.747249256124022,0.841589707349799,5,"Not significant"
"Unstim / Nigericin","MYH9","P35579","P35579","MYH9_HUMAN","Myosin-9","P35579_S1457_M2_19","HexNAc (ST)",0.102364720085124,0.747268259305574,0.841687406308488,6,"Not significant"
"Unstim / Nigericin","H4C1","P62805","P62805","H4_HUMAN","Histone H4","P62805_T83_M2_19","HexNAc (ST)",-0.179691166090711,0.748821693391802,0.847505226627019,6,"Not significant"
"Unstim / Nigericin","H4C1","P62805","P62805","H4_HUMAN","Histone H4","P62805_T81_M2_19","HexNAc (ST)",-0.179691166090711,0.748821693391802,0.847505226627019,6,"Not significant"
"Unstim / Nigericin","VAMP2","P63027","P63027","VAMP2_HUMAN","Vesicle-associated membrane protein 2","P63027_T35_M1_19","HexNAc (ST)",-0.405146547613534,0.749593728294579,0.850411882428665,6,"Not significant"
"Unstim / Nigericin","VDAC1","P21796","P21796","VDAC1_HUMAN","Voltage-dependent anion-selective channel protein 1","P21796_T250_M2_19","HexNAc (ST)",0.0453285469678862,0.749709607168655,0.850764650230261,6,"Not significant"
"Unstim / Nigericin","ERP44","Q9BS26","Q9BS26","ERP44_HUMAN","Endoplasmic reticulum resident protein 44","Q9BS26_S353_M1_19","HexNAc (ST)",0.0317458042726946,0.751909182426439,0.859190764033039,6,"Not significant"
"Unstim / Nigericin","STX5","Q13190","Q13190","STX5_HUMAN","Syntaxin-5","Q13190_S320_M1_19","HexNAc (ST)",0.0796019985434264,0.752691059222558,0.862460886812878,6,"Not significant"
"Unstim / Nigericin","TGFB1","P01137","P01137","TGFB1_HUMAN","Transforming growth factor beta-1 proprotein","P01137_S380_M1_19","HexNAc (ST)",0.0974957116824854,0.752926727362726,0.863376153274672,6,"Not significant"
"Unstim / Nigericin","FRG1","Q14331","Q14331","FRG1_HUMAN","Protein FRG1","Q14331_S121_M2_19","HexNAc (ST)",0.0964206545573288,0.754066288051551,0.867906951145512,6,"Not significant"
"Unstim / Nigericin","FRG1","Q14331","Q14331","FRG1_HUMAN","Protein FRG1","Q14331_S111_M2_19","HexNAc (ST)",0.0964206545573288,0.754066288051551,0.867906951145512,6,"Not significant"
"Unstim / Nigericin","HSPD1","P10809","P10809","CH60_HUMAN","60 kDa heat shock protein, mitochondrial","P10809_T54_M1_19","HexNAc (ST)",0.120348648418623,0.754991942096493,0.87133794636454,6,"Not significant"
"Unstim / Nigericin","TAMM41","Q96BW9","Q96BW9","TAM41_HUMAN","Phosphatidate cytidylyltransferase, mitochondrial","Q96BW9_S218_M1_19","HexNAc (ST)",-0.301219508004719,0.757335340394163,0.88042892095422,6,"Not significant"
"Unstim / Nigericin","AHNAK","Q09666","Q09666","AHNK_HUMAN","Neuroblast differentiation-associated protein AHNAK","Q09666_S5653_M1_19","HexNAc (ST)",0.112086827401679,0.75759086216958,0.881499276878906,4,"Not significant"
"Unstim / Nigericin","MACROH2A1","O75367","O75367","H2AY_HUMAN","Core histone macro-H2A.1","O75367_S260_M1_19","HexNAc (ST)",-0.064409411458292,0.757658548451676,0.881752346550546,6,"Not significant"
"Unstim / Nigericin","AHNAK","Q09666","Q09666","AHNK_HUMAN","Neuroblast differentiation-associated protein AHNAK","Q09666_S758_M1_19","HexNAc (ST)",0.0463748369999987,0.757701973548084,0.881925053919818,6,"Not significant"
"Unstim / Nigericin","ETFA","P13804","P13804","ETFA_HUMAN","Electron transfer flavoprotein subunit alpha, mitochondrial","P13804_S133_M1_19","HexNAc (ST)",-0.31501304805556,0.758012903817524,0.883019456541828,6,"Not significant"
"Unstim / Nigericin","PDIA3","P30101","P30101","PDIA3_HUMAN","Protein disulfide-isomerase A3","P30101_T248_M1_19","HexNAc (ST)",-0.101888659321916,0.758315112938615,0.884096664607985,6,"Not significant"
"Unstim / Nigericin","RHOC","P08134","P08134","RHOC_HUMAN","Rho-related GTP-binding protein RhoC","P08134_T100_M1_19","HexNAc (ST)",-0.0435208727349149,0.759148184347473,0.887355391341705,6,"Not significant"
"Unstim / Nigericin","RAC2","P15153","P15153","RAC2_HUMAN","Ras-related C3 botulinum toxin substrate 2","P15153_T138_M1_19","HexNAc (ST)",0.305640017631811,0.759430431883383,0.888640863005628,6,"Not significant"
"Unstim / Nigericin","SRSF1","Q07955","Q07955","SRSF1_HUMAN","Serine/arginine-rich splicing factor 1","Q07955_S2_M1_19","HexNAc (ST)",0.191028307967267,0.760410086930117,0.892812106939515,6,"Not significant"
"Unstim / Nigericin","VDAC3","Q9Y277","Q9Y277","VDAC3_HUMAN","Voltage-dependent anion-selective channel protein 3","Q9Y277_T72_M1_19","HexNAc (ST)",0.220033453545732,0.761113389242013,0.895688250097817,6,"Not significant"
"Unstim / Nigericin","LETM1","O95202","O95202","LETM1_HUMAN","Mitochondrial proton/calcium exchanger protein","O95202_S580_M1_19","HexNAc (ST)",-0.0591421170429044,0.761556318132347,0.897454745286295,6,"Not significant"
"Unstim / Nigericin","RAB5B","P61020","P61020","RAB5B_HUMAN","Ras-related protein Rab-5B","P61020_S184_M1_19","HexNAc (ST)",-0.150511261054134,0.761584229288306,0.897566693886491,6,"Not significant"
"Unstim / Nigericin","TMPO","P42166","P42166","LAP2A_HUMAN","Lamina-associated polypeptide 2, isoform alpha","P42166_T12_M1_19","HexNAc (ST)",-0.14177846458072,0.762264952236425,0.900302554481484,6,"Not significant"
"Unstim / Nigericin","AHNAK","Q09666","Q09666","AHNK_HUMAN","Neuroblast differentiation-associated protein AHNAK","Q09666_S886_M1_19","HexNAc (ST)",0.0628103539143825,0.762489082382128,0.901182713927016,6,"Not significant"
"Unstim / Nigericin","AHNAK","Q09666","Q09666","AHNK_HUMAN","Neuroblast differentiation-associated protein AHNAK","Q09666_S1721_M1_19","HexNAc (ST)",0.0628103539143825,0.762489082382128,0.901182713927016,6,"Not significant"
"Unstim / Nigericin","AHNAK","Q09666","Q09666","AHNK_HUMAN","Neuroblast differentiation-associated protein AHNAK","Q09666_S2057_M1_19","HexNAc (ST)",0.0628103539143825,0.762489082382128,0.901182713927016,6,"Not significant"
"Unstim / Nigericin","AHNAK","Q09666","Q09666","AHNK_HUMAN","Neuroblast differentiation-associated protein AHNAK","Q09666_S2519_M1_19","HexNAc (ST)",0.0628103539143825,0.762489082382128,0.901182713927016,6,"Not significant"
"Unstim / Nigericin","AHNAK","Q09666","Q09666","AHNK_HUMAN","Neuroblast differentiation-associated protein AHNAK","Q09666_S2903_M1_19","HexNAc (ST)",0.0628103539143825,0.762489082382128,0.901182713927016,6,"Not significant"
"Unstim / Nigericin","PSMC3","P17980","P17980","PRS6A_HUMAN","26S proteasome regulatory subunit 6A","P17980_T293_M2_19","HexNAc (ST)",-0.134703027197658,0.763098104731725,0.90374814760512,6,"Not significant"
"Unstim / Nigericin","PSMC3","P17980","P17980","PRS6A_HUMAN","26S proteasome regulatory subunit 6A","P17980_S281_M2_19","HexNAc (ST)",-0.134703027197658,0.763098104731725,0.90374814760512,6,"Not significant"
"Unstim / Nigericin","CAPG","P40121","P40121","CAPG_HUMAN","Macrophage-capping protein","P40121_T212_M1_19","HexNAc (ST)",0.103256122113517,0.763364486114042,0.904917780109131,6,"Not significant"
"Unstim / Nigericin","ENO1","P06733","P06733","ENOA_HUMAN","Alpha-enolase","P06733_T229_M1_19","HexNAc (ST)",-0.21662440812723,0.763749182859596,0.906491957052826,5,"Not significant"
"Unstim / Nigericin","AHNAK","Q09666","Q09666","AHNK_HUMAN","Neuroblast differentiation-associated protein AHNAK","Q09666_S845_M2_19","HexNAc (ST)",0.239401282849561,0.764435069409215,0.908942137335448,6,"Not significant"
"Unstim / Nigericin","AHNAK","Q09666","Q09666","AHNK_HUMAN","Neuroblast differentiation-associated protein AHNAK","Q09666_T839_M2_19","HexNAc (ST)",0.239401282849561,0.764435069409215,0.908942137335448,6,"Not significant"
"Unstim / Nigericin","SOD1","P00441","P00441","SODC_HUMAN","Superoxide dismutase [Cu-Zn]","P00441_T3_M1_19","HexNAc (ST)",0.0520576133259563,0.765290091847049,0.912291840658135,6,"Not significant"
"Unstim / Nigericin","GAA","P10253","P10253","LYAG_HUMAN","Lysosomal alpha-glucosidase","P10253_T700_M2_19","HexNAc (ST)",0.0678076923696399,0.76570820049381,0.91398839555898,5,"Not significant"
"Unstim / Nigericin","SQOR","Q9Y6N5","Q9Y6N5","SQOR_HUMAN","Sulfide:quinone oxidoreductase, mitochondrial","Q9Y6N5_S299_M1_19","HexNAc (ST)",-0.0530928237066673,0.765708746696886,0.913995690288261,6,"Not significant"
"Unstim / Nigericin","ATP6V1E1","P36543","P36543","VATE1_HUMAN","V-type proton ATPase subunit E 1","P36543_S73_M1_19","HexNAc (ST)",-0.0524763426424478,0.765960850034977,0.915221861454962,6,"Not significant"
"Unstim / Nigericin","TAP1","Q03518","Q03518","TAP1_HUMAN","Antigen peptide transporter 1","Q03518_T376_M1_19","HexNAc (ST)",0.0484865705480155,0.766835415509417,0.918916644927843,6,"Not significant"
"Unstim / Nigericin","ITGB1","P05556","P05556","ITB1_HUMAN","Integrin beta-1","P05556_T199_M2_19","HexNAc (ST)",0.229638870644768,0.767488710021525,0.921242982687853,4,"Not significant"
"Unstim / Nigericin","ACTR3","P61158","P61158","ARP3_HUMAN","Actin-related protein 3","P61158_T369_M1_19","HexNAc (ST)",-0.10062538157113,0.76899841801311,0.927871661688312,6,"Not significant"
"Unstim / Nigericin","TRIM28","Q13263","Q13263","TIF1B_HUMAN","Transcription intermediary factor 1-beta","Q13263_S756_M2_19","HexNAc (ST)",0.0543359031825238,0.76951666542722,0.92993313235339,6,"Not significant"
"Unstim / Nigericin","HNRNPD","Q14103","Q14103","HNRPD_HUMAN","Heterogeneous nuclear ribonucleoprotein D0","Q14103_S190_M2_19","HexNAc (ST)",-0.131691814502449,0.769621149677443,0.930485146946872,5,"Not significant"
"Unstim / Nigericin","DMAP1","Q9NPF5","Q9NPF5","DMAP1_HUMAN","DNA methyltransferase 1-associated protein 1","Q9NPF5_T237_M1_19","HexNAc (ST)",0.038127185368201,0.769838567980536,0.931353324363018,6,"Not significant"
"Unstim / Nigericin","AHNAK","Q09666","Q09666","AHNK_HUMAN","Neuroblast differentiation-associated protein AHNAK","Q09666_S1298_M1_19","HexNAc (ST)",-0.0509386611644152,0.770423119241889,0.933922080175375,6,"Not significant"
"Unstim / Nigericin","AHNAK","Q09666","Q09666","AHNK_HUMAN","Neuroblast differentiation-associated protein AHNAK","Q09666_S2092_M1_19","HexNAc (ST)",-0.0509386611644152,0.770423119241889,0.933922080175375,6,"Not significant"
"Unstim / Nigericin","AHNAK","Q09666","Q09666","AHNK_HUMAN","Neuroblast differentiation-associated protein AHNAK","Q09666_S2287_M1_19","HexNAc (ST)",-0.0509386611644152,0.770423119241889,0.933922080175375,6,"Not significant"
"Unstim / Nigericin","ITGAX","P20702","P20702","ITAX_HUMAN","Integrin alpha-X","P20702_S266_M1_19","HexNAc (ST)",0.0310802116211976,0.772852800137721,0.944087135136087,6,"Not significant"
"Unstim / Nigericin","HSPA5","P11021","P11021","BIP_HUMAN","Endoplasmic reticulum chaperone BiP","P11021_T137_M1_19","HexNAc (ST)",-0.0427666493501679,0.773277126120931,0.94596388306429,6,"Not significant"
"Unstim / Nigericin","RPS8","P62241","P62241","RS8_HUMAN","Small ribosomal subunit protein eS8","P62241_T130_M1_19","HexNAc (ST)",0.122383449056304,0.77543765827075,0.95505829885605,6,"Not significant"
"Unstim / Nigericin","HAX1","O00165","O00165","HAX1_HUMAN","HCLS1-associated protein X-1","O00165_S2_M1_19","HexNAc (ST)",-0.0177021062900003,0.775997553369722,0.957760681157313,6,"Not significant"
"Unstim / Nigericin","AKAP9","Q99996","Q99996","AKAP9_HUMAN","A-kinase anchor protein 9","Q99996_T740_M1_19","HexNAc (ST)",0.0893312748642139,0.778095639311603,0.96687568698484,6,"Not significant"
"Unstim / Nigericin","DNAJB14","Q8TBM8","Q8TBM8","DJB14_HUMAN","DnaJ homolog subfamily B member 14","Q8TBM8_S160_M1_19","HexNAc (ST)",-0.0342107376729769,0.778147770707404,0.967121114382237,6,"Not significant"
"Unstim / Nigericin","ELOB","Q15370","Q15370","ELOB_HUMAN","Elongin-B","Q15370_T56_M1_19","HexNAc (ST)",-0.0797684914940179,0.779356997285604,0.972286817383921,4,"Not significant"
"Unstim / Nigericin","M6PR","P20645","P20645","MPRD_HUMAN","Cation-dependent mannose-6-phosphate receptor","P20645_S42_M1_19","HexNAc (ST)",-0.0708574450532287,0.779538398283403,0.973074106080913,6,"Not significant"
"Unstim / Nigericin","NDUFS8","O00217","O00217","NDUS8_HUMAN","NADH dehydrogenase [ubiquinone] iron-sulfur protein 8, mitochondrial","O00217_T127_M1_19","HexNAc (ST)",0.0696110185478743,0.779788905339319,0.974229277232426,6,"Not significant"
"Unstim / Nigericin","CALR","P27797","P27797","CALR_HUMAN","Calreticulin","P27797_T173_M1_19","HexNAc (ST)",0.015061360803933,0.780365394228351,0.976760174035262,4,"Not significant"
"Unstim / Nigericin","RUVBL2","Q9Y230","Q9Y230","RUVB2_HUMAN","RuvB-like 2","Q9Y230_T194_M1_19","HexNAc (ST)",-0.00831047901053661,0.781429747741892,0.981309049499076,6,"Not significant"
"Unstim / Nigericin","PRSS1","P07477","P07477","TRY1_HUMAN","Serine protease 1","P07477_T103_M1_19","HexNAc (ST)",0.00583424373699227,0.782186591454352,0.984409038808454,6,"Not significant"
"Unstim / Nigericin","EIF4A1","P60842","P60842","IF4A1_HUMAN","Eukaryotic initiation factor 4A-I","P60842_S342_M2_19","HexNAc (ST)",-0.010101573779212,0.782542594849777,0.986003577702233,5,"Not significant"
"Unstim / Nigericin","NOLC1","Q14978","Q14978","NOLC1_HUMAN","Nucleolar and coiled-body phosphoprotein 1","Q14978_T610_M1_19","HexNAc (ST)",0.0360363661211234,0.782849530727727,0.987436457970126,4,"Not significant"
"Unstim / Nigericin","NCL","P19338","P19338","NUCL_HUMAN","Nucleolin","P19338_T305_M1_19","HexNAc (ST)",-0.00240329116762927,0.785381958368858,0.999114696029666,6,"Not significant"
