"Comparison (group1/group2)","Genes","UniProtIds","ProteinGroups","ProteinNames","ProteinDescriptions","Group","PTM.ModificationTitle","AVG Log2 Ratio","Qvalue","Pvalue","# of Ratios","Significance"
"Unstim / LPS","ACIN1","Q9UKV3","Q9UKV3","ACINU_HUMAN","Apoptotic chromatin condensation inducer in the nucleus","Q9UKV3_S1004_M1_28","Phospho (STY)",0.501157136402765,0.452294700052726,0.00997451522788633,6,"Not significant"
"Unstim / LPS","RP2","O75695","O75695","XRP2_HUMAN","Protein XRP2","O75695_S219_M1_28","Phospho (STY)",0.985051288293387,0.457428033202722,0.0111200105822448,5,"Not significant"
"Unstim / LPS","CCDC86","Q9H6F5","Q9H6F5","CCD86_HUMAN","Coiled-coil domain-containing protein 86","Q9H6F5_S18_M1_28","Phospho (STY)",0.686814346176735,0.457549915588405,0.0111635577178388,6,"Not significant"
"Unstim / LPS","DDX18","Q9NVP1","Q9NVP1","DDX18_HUMAN","ATP-dependent RNA helicase DDX18","Q9NVP1_T260_M2_28","Phospho (STY)",-0.687136330904613,0.468342409666528,0.0149725795036968,4,"Not significant"
"Unstim / LPS","DDX18","Q9NVP1","Q9NVP1","DDX18_HUMAN","ATP-dependent RNA helicase DDX18","Q9NVP1_S258_M2_28","Phospho (STY)",-0.687136330904613,0.468342409666528,0.0149725795036968,4,"Not significant"
"Unstim / LPS","ACADM","P11310","P11310","ACADM_HUMAN","Medium-chain specific acyl-CoA dehydrogenase, mitochondrial","P11310_T220_M1_28","Phospho (STY)",1.18648562703406,0.470960838292933,0.0163592791234321,6,"Not significant"
"Unstim / LPS","ABI1","Q8IZP0","Q8IZP0","ABI1_HUMAN","Abl interactor 1","Q8IZP0_Y198_M1_28","Phospho (STY)",0.444655473305869,0.485158434447311,0.0217762243484827,6,"Not significant"
"Unstim / LPS","CAP1","Q01518","Q01518","CAP1_HUMAN","Adenylyl cyclase-associated protein 1","Q01518_S394_M1_28","Phospho (STY)",1.30850472132083,0.49156743242018,0.0253404740140367,6,"Not significant"
"Unstim / LPS","SNRPD2","P62316","P62316","SMD2_HUMAN","Small nuclear ribonucleoprotein Sm D2","P62316_S2_M1_28","Phospho (STY)",0.455583977032717,0.496484673922215,0.0276327529031836,6,"Not significant"
"Unstim / LPS","GOT2","P00505","P00505","AATM_HUMAN","Aspartate aminotransferase, mitochondrial","P00505_S317_M2_28","Phospho (STY)",1.03601063000993,0.49804230535067,0.0290539021244573,6,"Not significant"
"Unstim / LPS","GOT2","P00505","P00505","AATM_HUMAN","Aspartate aminotransferase, mitochondrial","P00505_Y316_M2_28","Phospho (STY)",1.03601063000993,0.49804230535067,0.0290539021244573,6,"Not significant"
"Unstim / LPS","VIM","P08670","P08670","VIME_HUMAN","Vimentin","P08670_T327_M1_28","Phospho (STY)",-0.390664933358424,0.501295205354499,0.0307564306728131,6,"Not significant"
"Unstim / LPS","SLTM","Q9NWH9","Q9NWH9","SLTM_HUMAN","SAFB-like transcription modulator","Q9NWH9_S553_M1_28","Phospho (STY)",1.00541553060194,0.510824272824688,0.037130356520929,5,"Not significant"
"Unstim / LPS","JUND","P17535","P17535","JUND_HUMAN","Transcription factor JunD","P17535_S100_M1_28","Phospho (STY)",-0.900251389789358,0.511479588087247,0.03780603240164,6,"Not significant"
"Unstim / LPS","STK10","O94804","O94804","STK10_HUMAN","Serine/threonine-protein kinase 10","O94804_S438_M1_28","Phospho (STY)",1.13723245399189,0.519217943057987,0.0438744956140596,6,"Not significant"
"Unstim / LPS","HSPA5","P11021","P11021","BIP_HUMAN","Endoplasmic reticulum chaperone BiP","P11021_S365_M2_28","Phospho (STY)",-2.29543777946499,0.520118471870469,0.0443605112780305,5,"Not significant"
"Unstim / LPS","COPB2","P35606","P35606","COPB2_HUMAN","Coatomer subunit beta'","P35606_S859_M1_28","Phospho (STY)",0.648606634510694,0.521419953198243,0.0455098873513268,4,"Not significant"
"Unstim / LPS","KIF5B","P33176","P33176","KINH_HUMAN","Kinesin-1 heavy chain","P33176_Y29_M1_28","Phospho (STY)",0.531129929444481,0.52329240601817,0.0467891451273561,5,"Not significant"
"Unstim / LPS","CCDC86","Q9H6F5","Q9H6F5","CCD86_HUMAN","Coiled-coil domain-containing protein 86","Q9H6F5_S47_M1_28","Phospho (STY)",0.647909716589515,0.525063492792278,0.0480526674680046,5,"Not significant"
"Unstim / LPS","GPSM3","Q9Y4H4","Q9Y4H4","GPSM3_HUMAN","G-protein-signaling modulator 3","Q9Y4H4_S54_M1_28","Phospho (STY)",-1.474602772951,0.525398962939454,0.0487010017362973,6,"Not significant"
"Unstim / LPS","POLR3E","Q9NVU0","Q9NVU0","RPC5_HUMAN","DNA-directed RNA polymerase III subunit RPC5","Q9NVU0_Y404_M1_28","Phospho (STY)",-2.23457455023774,0.52671039042448,0.0499723513552196,6,"Not significant"
"Unstim / LPS","IFI16","Q16666","Q16666","IF16_HUMAN","Gamma-interferon-inducible protein 16","Q16666_S153_M1_28","Phospho (STY)",0.908521110463614,0.528425984728028,0.0513630132121396,6,"Not significant"
"Unstim / LPS","CCAR2","Q8N163","Q8N163","CCAR2_HUMAN","Cell cycle and apoptosis regulator protein 2","Q8N163_Y100_M1_28","Phospho (STY)",0.752488912316326,0.532572458613978,0.0563627000632441,6,"Not significant"
"Unstim / LPS","PCM1","Q15154","Q15154","PCM1_HUMAN","Pericentriolar material 1 protein","Q15154_S65_M1_28","Phospho (STY)",0.632811556025223,0.53616174719406,0.0601196766528489,6,"Not significant"
"Unstim / LPS","HSPB1","P04792","P04792","HSPB1_HUMAN","Heat shock protein beta-1","P04792_S82_M1_28","Phospho (STY)",-0.485996941221024,0.536996848635801,0.0606889729096727,6,"Not significant"
"Unstim / LPS","CAP1","Cont_Q3SYV4","Cont_Q3SYV4","CAP1_BOVIN","Adenylyl cyclase-associated protein 1","Cont_Q3SYV4_T89_M1_28","Phospho (STY)",0.545471246176672,0.537179900737341,0.060806632686879,6,"Not significant"
"Unstim / LPS","ACTN4","O43707","O43707","ACTN4_HUMAN","Alpha-actinin-4","O43707_Y878_M1_28","Phospho (STY)",0.337118720885067,0.540364504914664,0.0639875820563024,6,"Not significant"
"Unstim / LPS","H2AC11;H2AC12;H2AC14","P0C0S8;Q96KK5;Q99878","P0C0S8;Q96KK5;Q99878","H2A1_HUMAN;H2A1H_HUMAN;H2A1J_HUMAN","Histone H2A type 1;Histone H2A type 1-H;Histone H2A type 1-J","P0C0S8_T102_M1_28","Phospho (STY)",-0.262000657574821,0.542509376757099,0.0656837186036728,6,"Not significant"
"Unstim / LPS","H2AC11;H2AC12;H2AC14","P0C0S8;Q96KK5;Q99878","P0C0S8;Q96KK5;Q99878","H2A1_HUMAN;H2A1H_HUMAN;H2A1J_HUMAN","Histone H2A type 1;Histone H2A type 1-H;Histone H2A type 1-J","Q96KK5_T102_M1_28","Phospho (STY)",-0.262000657574821,0.542509376757099,0.0656837186036728,6,"Not significant"
"Unstim / LPS","H2AC11;H2AC12;H2AC14","P0C0S8;Q96KK5;Q99878","P0C0S8;Q96KK5;Q99878","H2A1_HUMAN;H2A1H_HUMAN;H2A1J_HUMAN","Histone H2A type 1;Histone H2A type 1-H;Histone H2A type 1-J","Q99878_T102_M1_28","Phospho (STY)",-0.262000657574821,0.542509376757099,0.0656837186036728,6,"Not significant"
"Unstim / LPS","HK1","P19367","P19367","HXK1_HUMAN","Hexokinase-1","P19367_Y732_M2_28","Phospho (STY)",0.286921347217068,0.546630790072725,0.0709973278434078,6,"Not significant"
"Unstim / LPS","MMP9","P14780","P14780","MMP9_HUMAN","Matrix metalloproteinase-9","P14780_S66_M1_28","Phospho (STY)",0.465986926753587,0.546780700510908,0.0717110943155306,6,"Not significant"
"Unstim / LPS","CAP1","Q01518","Q01518","CAP1_HUMAN","Adenylyl cyclase-associated protein 1","Q01518_S62_M1_28","Phospho (STY)",0.912297172463842,0.548506697559726,0.0741203429674692,6,"Not significant"
"Unstim / LPS","PTPRE","P23469","P23469","PTPRE_HUMAN","Receptor-type tyrosine-protein phosphatase epsilon","P23469_Y165_M1_28","Phospho (STY)",1.37500441643053,0.548612331217474,0.0743357247346153,6,"Not significant"
"Unstim / LPS","RALY","Q9UKM9","Q9UKM9","RALY_HUMAN","RNA-binding protein Raly","Q9UKM9_S135_M1_28","Phospho (STY)",0.597938129714749,0.557597288811653,0.0854931068105889,6,"Not significant"
"Unstim / LPS","RPL21","P46778","P46778","RL21_HUMAN","Large ribosomal subunit protein eL21","P46778_T124_M1_28","Phospho (STY)",0.754799281715676,0.558618822016196,0.0865035637387658,6,"Not significant"
"Unstim / LPS","PRSS1","Cont_P00760","Cont_P00760","TRY1_BOVIN","Serine protease 1","Cont_P00760_Y229_M1_28","Phospho (STY)",-4.89208802737776,0.56027014609382,0.0884303837793369,5,"Not significant"
"Unstim / LPS","MYH9","P35579","P35579","MYH9_HUMAN","Myosin-9","P35579_T1414_M1_28","Phospho (STY)",-0.351420232281711,0.56095439768352,0.0897167781513137,5,"Not significant"
"Unstim / LPS","LMNB1","P20700","P20700","LMNB1_HUMAN","Lamin-B1","P20700_T506_M2_28","Phospho (STY)",-0.324001932333578,0.564222181963891,0.0944958901232005,5,"Not significant"
"Unstim / LPS","PEA15","Q15121","Q15121","PEA15_HUMAN","Astrocytic phosphoprotein PEA-15","Q15121_Y4_M1_28","Phospho (STY)",-0.256231126973704,0.566306973253318,0.0972315477202922,5,"Not significant"
"Unstim / LPS","HEXB","P07686","P07686","HEXB_HUMAN","Beta-hexosaminidase subunit beta","P07686_Y550_M1_28","Phospho (STY)",0.628754349620752,0.567221595465526,0.099179627190018,6,"Not significant"
"Unstim / LPS","MYL6","P60660","P60660","MYL6_HUMAN","Myosin light polypeptide 6","P60660_S57_M1_28","Phospho (STY)",-1.29755306394576,0.568105891850065,0.100472675802627,5,"Not significant"
"Unstim / LPS","YTHDC1","Q96MU7","Q96MU7","YTDC1_HUMAN","YTH domain-containing protein 1","Q96MU7_S308_M1_28","Phospho (STY)",0.624284958430554,0.569704363590486,0.102707211268941,6,"Not significant"
"Unstim / LPS","ARID1A","O14497","O14497","ARI1A_HUMAN","AT-rich interactive domain-containing protein 1A","O14497_S363_M1_28","Phospho (STY)",0.811765951579467,0.572023943222632,0.106003656392019,6,"Not significant"
"Unstim / LPS","PMPCA","Q10713","Q10713","MPPA_HUMAN","Mitochondrial-processing peptidase subunit alpha","Q10713_Y270_M1_28","Phospho (STY)",0.574300818241219,0.572190829421152,0.106205129518007,6,"Not significant"
"Unstim / LPS","DDX17","Q92841","Q92841","DDX17_HUMAN","Probable ATP-dependent RNA helicase DDX17","Q92841_Y519_M1_28","Phospho (STY)",1.3028121028598,0.575768543450765,0.11206775887581,6,"Not significant"
"Unstim / LPS","PER1","O15534","O15534","PER1_HUMAN","Period circadian protein homolog 1","O15534_S1186_M1_28","Phospho (STY)",1.61328060375204,0.576339554943073,0.113319429658246,6,"Not significant"
"Unstim / LPS","ECHDC1","Q9NTX5","Q9NTX5","ECHD1_HUMAN","Ethylmalonyl-CoA decarboxylase","Q9NTX5_T288_M1_28","Phospho (STY)",0.840677860137694,0.577030341501192,0.114640820309532,6,"Not significant"
"Unstim / LPS","PPAN","Q9NQ55","Q9NQ55","SSF1_HUMAN","Suppressor of SWI4 1 homolog","Q9NQ55_S359_M1_28","Phospho (STY)",0.797451648876666,0.578577567213227,0.117129772899283,6,"Not significant"
"Unstim / LPS","ERLIN2","O94905","O94905","ERLN2_HUMAN","Erlin-2","O94905_S243_M1_28","Phospho (STY)",1.24034099098842,0.580139966159567,0.119540675245154,6,"Not significant"
"Unstim / LPS","RBM14","Q96PK6","Q96PK6","RBM14_HUMAN","RNA-binding protein 14","Q96PK6_T206_M1_28","Phospho (STY)",0.681944651514028,0.580392078399557,0.120166442929211,6,"Not significant"
"Unstim / LPS","MACROH2A1","O75367","O75367","H2AY_HUMAN","Core histone macro-H2A.1","O75367_S305_M1_28","Phospho (STY)",0.564807142932458,0.580931777363005,0.121210782451558,6,"Not significant"
"Unstim / LPS","UGP2","Q16851","Q16851","UGPA_HUMAN","UTP--glucose-1-phosphate uridylyltransferase","Q16851_S200_M1_28","Phospho (STY)",0.191332615270922,0.583152831869932,0.125557743494318,6,"Not significant"
"Unstim / LPS","HSPA1A;HSPA1B","P0DMV8;P0DMV9","P0DMV8;P0DMV9","HS71A_HUMAN;HS71B_HUMAN","Heat shock 70 kDa protein 1A;Heat shock 70 kDa protein 1B","P0DMV8_Y611_M1_28","Phospho (STY)",-0.555502464954317,0.584260592218183,0.12791982080874,5,"Not significant"
"Unstim / LPS","HSPA1A;HSPA1B","P0DMV8;P0DMV9","P0DMV8;P0DMV9","HS71A_HUMAN;HS71B_HUMAN","Heat shock 70 kDa protein 1A;Heat shock 70 kDa protein 1B","P0DMV9_Y611_M1_28","Phospho (STY)",-0.555502464954317,0.584260592218183,0.12791982080874,5,"Not significant"
"Unstim / LPS","DNM1L","O00429","O00429","DNM1L_HUMAN","Dynamin-1-like protein","O00429_S71_M1_28","Phospho (STY)",0.659771102540453,0.58443834260304,0.128229735811268,6,"Not significant"
"Unstim / LPS","TNF","P01375","P01375","TNFA_HUMAN","Tumor necrosis factor","P01375_S71_M1_28","Phospho (STY)",0.931965779219785,0.586604569548222,0.131960776098287,4,"Not significant"
"Unstim / LPS","TAGLN2","P37802","P37802","TAGL2_HUMAN","Transgelin-2","P37802_Y70_M1_28","Phospho (STY)",-0.624916890050461,0.587535081903964,0.133617447659937,6,"Not significant"
"Unstim / LPS","RPL18","Q07020","Q07020","RL18_HUMAN","Large ribosomal subunit protein eL18","Q07020_T136_M1_28","Phospho (STY)",0.420912661786438,0.587582321812412,0.133860046127785,6,"Not significant"
"Unstim / LPS","WDFY3","Q8IZQ1","Q8IZQ1","WDFY3_HUMAN","WD repeat and FYVE domain-containing protein 3","Q8IZQ1_S1315_M1_28","Phospho (STY)",3.11485600664895,0.588134417767128,0.134956434823435,6,"Not significant"
"Unstim / LPS","DRG2","P55039","P55039","DRG2_HUMAN","Developmentally-regulated GTP-binding protein 2","P55039_Y210_M1_28","Phospho (STY)",0.726867619067764,0.588668368146736,0.136204870258164,6,"Not significant"
"Unstim / LPS","CLPX","O76031","O76031","CLPX_HUMAN","ATP-dependent Clp protease ATP-binding subunit clpX-like, mitochondrial","O76031_S365_M1_28","Phospho (STY)",0.813338090574084,0.58943176792772,0.137867380013107,6,"Not significant"
"Unstim / LPS","RAB12","Q6IQ22","Q6IQ22","RAB12_HUMAN","Ras-related protein Rab-12","Q6IQ22_Y143_M2_28","Phospho (STY)",1.20644789951831,0.590109164260307,0.139425104705383,6,"Not significant"
"Unstim / LPS","CAP2","P40123","P40123","CAP2_HUMAN","Adenylyl cyclase-associated protein 2","P40123_T274_M1_28","Phospho (STY)",0.334765231306188,0.590238098868622,0.139496123468795,6,"Not significant"
"Unstim / LPS","BRD2","P25440","P25440","BRD2_HUMAN","Bromodomain-containing protein 2","P25440_T6_M1_28","Phospho (STY)",0.257454708576231,0.590377290859224,0.139765594528604,6,"Not significant"
"Unstim / LPS","TRA2B","P62995","P62995","TRA2B_HUMAN","Transformer-2 protein homolog beta","P62995_T201_M1_28","Phospho (STY)",0.822661842800978,0.591281330926782,0.141741677934086,6,"Not significant"
"Unstim / LPS","ANXA1","P04083","P04083","ANXA1_HUMAN","Annexin A1","P04083_S46_M1_28","Phospho (STY)",0.134229677604389,0.592090514496011,0.143071988804241,5,"Not significant"
"Unstim / LPS","PRSS1","Cont_P00760","Cont_P00760","TRY1_BOVIN","Serine protease 1","Cont_P00760_S89_M1_28","Phospho (STY)",0.651104342651796,0.594826059839986,0.147361086319027,5,"Not significant"
"Unstim / LPS","IL1B","P01584","P01584","IL1B_HUMAN","Interleukin-1 beta","P01584_S35_M1_28","Phospho (STY)",-2.33263225758496,0.595211561342185,0.148087381344198,6,"Not significant"
"Unstim / LPS","RAB5B","P61020","P61020","RAB5B_HUMAN","Ras-related protein Rab-5B","P61020_S184_M1_28","Phospho (STY)",1.08950150672065,0.59525693003568,0.148163093882763,6,"Not significant"
"Unstim / LPS","RAB5C","P51148","P51148","RAB5C_HUMAN","Ras-related protein Rab-5C","P51148_S124_M1_28","Phospho (STY)",0.509237447524583,0.597105970172634,0.152936972505808,6,"Not significant"
"Unstim / LPS","ZMPSTE24","O75844","O75844","FACE1_HUMAN","CAAX prenyl protease 1 homolog","O75844_Y45_M1_28","Phospho (STY)",0.474144759105694,0.598545160978783,0.1555358806219,6,"Not significant"
"Unstim / LPS","STMN1","P16949","P16949","STMN1_HUMAN","Stathmin","P16949_S25_M1_28","Phospho (STY)",-0.520371088184265,0.598768135162746,0.155917290842119,6,"Not significant"
"Unstim / LPS","ECH1","Q13011","Q13011","ECH1_HUMAN","Delta(3,5)-Delta(2,4)-dienoyl-CoA isomerase, mitochondrial","Q13011_S244_M2_28","Phospho (STY)",0.255209806826537,0.599933214200189,0.157617155273544,5,"Not significant"
"Unstim / LPS","ECH1","Q13011","Q13011","ECH1_HUMAN","Delta(3,5)-Delta(2,4)-dienoyl-CoA isomerase, mitochondrial","Q13011_S240_M2_28","Phospho (STY)",0.255209806826537,0.599933214200189,0.157617155273544,5,"Not significant"
"Unstim / LPS","HADHB","P55084","P55084","ECHB_HUMAN","Trifunctional enzyme subunit beta, mitochondrial","P55084_S262_M1_28","Phospho (STY)",0.521629952617323,0.600875867980353,0.159178161467097,6,"Not significant"
"Unstim / LPS","CSTB","P04080","P04080","CYTB_HUMAN","Cystatin-B","P04080_S45_M1_28","Phospho (STY)",0.457481417856891,0.601031039800212,0.159588672251369,5,"Not significant"
"Unstim / LPS","XIRP1","Q702N8","Q702N8","XIRP1_HUMAN","Xin actin-binding repeat-containing protein 1","Q702N8_S295_M1_28","Phospho (STY)",-0.365082494150152,0.601174875913064,0.159942287810392,5,"Not significant"
"Unstim / LPS","ZC3H14","Q6PJT7","Q6PJT7","ZC3HE_HUMAN","Zinc finger CCCH domain-containing protein 14","Q6PJT7_S515_M1_28","Phospho (STY)",0.533261741979207,0.601580582396577,0.160800942030865,6,"Not significant"
"Unstim / LPS","NDUFB4","O95168","O95168","NDUB4_HUMAN","NADH dehydrogenase [ubiquinone] 1 beta subcomplex subunit 4","O95168_Y6_M1_28","Phospho (STY)",0.370863538046896,0.602263171675465,0.162565444804716,6,"Not significant"
"Unstim / LPS","NONO","Q15233","Q15233","NONO_HUMAN","Non-POU domain-containing octamer-binding protein","Q15233_T418_M2_28","Phospho (STY)",-0.181605216958058,0.602586285032394,0.163018601403116,6,"Not significant"
"Unstim / LPS","PLXNB2","O15031","O15031","PLXB2_HUMAN","Plexin-B2","O15031_T822_M2_28","Phospho (STY)",1.11272544988789,0.603121480649919,0.184632033620667,6,"Not significant"
"Unstim / LPS","ALDOA","P04075","P04075","ALDOA_HUMAN","Fructose-bisphosphate aldolase A","P04075_T119_M1_28","Phospho (STY)",-1.57955582793871,0.603121480649919,0.16702180275278,6,"Not significant"
"Unstim / LPS","RPLP1","P05386","P05386","RLA1_HUMAN","Large ribosomal subunit protein P1","P05386_S83_M2_28","Phospho (STY)",-2.94293868930034,0.603121480649919,0.17795978799389,6,"Not significant"
"Unstim / LPS","PTMA","P06454","P06454","PTMA_HUMAN","Prothymosin alpha","P06454_S2_M1_28","Phospho (STY)",-1.25525827302308,0.603121480649919,0.182102488481181,6,"Not significant"
"Unstim / LPS","HSPA1A;HSPA1B","P0DMV8;P0DMV9","P0DMV8;P0DMV9","HS71A_HUMAN;HS71B_HUMAN","Heat shock 70 kDa protein 1A;Heat shock 70 kDa protein 1B","P0DMV8_T66_M1_28","Phospho (STY)",0.998385965501224,0.603121480649919,0.185035602046232,6,"Not significant"
"Unstim / LPS","HSPA1A;HSPA1B","P0DMV8;P0DMV9","P0DMV8;P0DMV9","HS71A_HUMAN;HS71B_HUMAN","Heat shock 70 kDa protein 1A;Heat shock 70 kDa protein 1B","P0DMV9_T66_M1_28","Phospho (STY)",0.998385965501224,0.603121480649919,0.185035602046232,6,"Not significant"
"Unstim / LPS","HSPD1","P10809","P10809","CH60_HUMAN","60 kDa heat shock protein, mitochondrial","P10809_T54_M1_28","Phospho (STY)",0.631685642888672,0.603121480649919,0.187239227059285,6,"Not significant"
"Unstim / LPS","HSPD1","P10809","P10809","CH60_HUMAN","60 kDa heat shock protein, mitochondrial","P10809_Y90_M2_28","Phospho (STY)",6.06546591564626,0.603121480649919,0.190986245631363,6,"Not significant"
"Unstim / LPS","PLCG2","P16885","P16885","PLCG2_HUMAN","1-phosphatidylinositol 4,5-bisphosphate phosphodiesterase gamma-2","P16885_T57_M1_28","Phospho (STY)",7.48816471112874,0.603121480649919,0.189664792606787,6,"Not significant"
"Unstim / LPS","HMGA1","P17096","P17096","HMGA1_HUMAN","High mobility group protein HMG-I/HMG-Y","P17096_S44_M1_28","Phospho (STY)",0.567176201082756,0.603121480649919,0.185191554191925,6,"Not significant"
"Unstim / LPS","ADGRE5","P48960","P48960","AGRE5_HUMAN","Adhesion G protein-coupled receptor E5","P48960_Y352_M1_28","Phospho (STY)",-0.86343595654065,0.603121480649919,0.17905874160128,6,"Not significant"
"Unstim / LPS","HNRNPM","P52272","P52272","HNRPM_HUMAN","Heterogeneous nuclear ribonucleoprotein M","P52272_Y100_M2_28","Phospho (STY)",6.73685016288831,0.603121480649919,0.183346869326798,6,"Not significant"
"Unstim / LPS","AHNAK","Q09666","Q09666","AHNK_HUMAN","Neuroblast differentiation-associated protein AHNAK","Q09666_S758_M1_28","Phospho (STY)",0.272628644570931,0.603121480649919,0.178700693179939,6,"Not significant"
"Unstim / LPS","AHNAK","Q09666","Q09666","AHNK_HUMAN","Neuroblast differentiation-associated protein AHNAK","Q09666_S4092_M1_28","Phospho (STY)",-6.40018371888695,0.603121480649919,0.189852043416102,6,"Not significant"
"Unstim / LPS","HS2ST1","Q7LGA3","Q7LGA3","HS2ST_HUMAN","Heparan sulfate 2-O-sulfotransferase 1","Q7LGA3_Y102_M1_28","Phospho (STY)",9.2878239330651,0.603121480649919,0.190063521618865,6,"Not significant"
"Unstim / LPS","RAB37","Q96AX2","Q96AX2","RAB37_HUMAN","Ras-related protein Rab-37","Q96AX2_T73_M1_28","Phospho (STY)",0.873558212334072,0.603121480649919,0.173281590987975,6,"Not significant"
"Unstim / LPS","AIDA","Q96BJ3","Q96BJ3","AIDA_HUMAN","Axin interactor, dorsalization-associated protein","Q96BJ3_Y104_M1_28","Phospho (STY)",0.988821027522947,0.603121480649919,0.188067425786228,6,"Not significant"
"Unstim / LPS","ACAD9","Q9H845","Q9H845","ACAD9_HUMAN","Complex I assembly factor ACAD9, mitochondrial","Q9H845_Y165_M1_28","Phospho (STY)",8.05063418074719,0.603121480649919,0.183625010985569,6,"Not significant"
"Unstim / LPS","BCLAF1","Q9NYF8","Q9NYF8","BCLF1_HUMAN","Bcl-2-associated transcription factor 1","Q9NYF8_S531_M1_28","Phospho (STY)",0.379432263486714,0.603121480649919,0.184164273201128,6,"Not significant"
"Unstim / LPS","RPL17","P18621","P18621","RL17_HUMAN","Large ribosomal subunit protein uL22","P18621_S100_M1_28","Phospho (STY)",-0.198450903556629,0.603121480649919,0.180831219901069,5,"Not significant"
"Unstim / LPS","ACTC1","P68032","P68032","ACTC_HUMAN","Actin, alpha cardiac muscle 1","P68032_T231_M1_28","Phospho (STY)",0.867435951613657,0.603121480649919,0.166208273007868,5,"Not significant"
"Unstim / LPS","SMAP2","Q8WU79","Q8WU79","SMAP2_HUMAN","Stromal membrane-associated protein 2","Q8WU79_S240_M1_28","Phospho (STY)",-0.445968064785775,0.603121480649919,0.185356028571217,4,"Not significant"
"Unstim / LPS","HNRNPA3","P51991","P51991","ROA3_HUMAN","Heterogeneous nuclear ribonucleoprotein A3","P51991_S358_M1_28","Phospho (STY)",0.522680623712297,0.603121480649919,0.191777211758573,6,"Not significant"
"Unstim / LPS","RCSD1","Q6JBY9","Q6JBY9","CPZIP_HUMAN","CapZ-interacting protein","Q6JBY9_S177_M1_28","Phospho (STY)",-1.37695273876322,0.603121480649919,0.173447291019368,4,"Not significant"
"Unstim / LPS","ALDOA","P04075","P04075","ALDOA_HUMAN","Fructose-bisphosphate aldolase A","P04075_S160_M2_28","Phospho (STY)",-4.14823382049159,0.603202993881853,0.19822200018386,6,"Not significant"
"Unstim / LPS","ALDOA","P04075","P04075","ALDOA_HUMAN","Fructose-bisphosphate aldolase A","P04075_T158_M2_28","Phospho (STY)",-4.14823382049159,0.603202993881853,0.19822200018386,6,"Not significant"
"Unstim / LPS","EZR","P15311","P15311","EZRI_HUMAN","Ezrin","P15311_T235_M1_28","Phospho (STY)",0.416192154962014,0.603202993881853,0.197414168488623,6,"Not significant"
"Unstim / LPS","DDX46","Q7L014","Q7L014","DDX46_HUMAN","Probable ATP-dependent RNA helicase DDX46","Q7L014_T877_M1_28","Phospho (STY)",0.884362318704576,0.603202993881853,0.196233227684018,5,"Not significant"
"Unstim / LPS","DDX17","Q92841","Q92841","DDX17_HUMAN","Probable ATP-dependent RNA helicase DDX17","Q92841_S466_M1_28","Phospho (STY)",0.365806713808523,0.603202993881853,0.199117279207112,6,"Not significant"
"Unstim / LPS","DHX9","Q08211","Q08211","DHX9_HUMAN","ATP-dependent RNA helicase A","Q08211_T1060_M1_28","Phospho (STY)",-4.77382290516016,0.603202993881853,0.197196503973432,5,"Not significant"
"Unstim / LPS","ACLY","P53396","P53396","ACLY_HUMAN","ATP-citrate synthase","P53396_S947_M1_28","Phospho (STY)",9.35238922018575,0.603523718300149,0.200787031233662,6,"Not significant"
"Unstim / LPS","TXNDC12","O95881","O95881","TXD12_HUMAN","Thioredoxin domain-containing protein 12","O95881_S121_M1_28","Phospho (STY)",-0.363199721029624,0.603526448284182,0.201519202984585,6,"Not significant"
"Unstim / LPS","LTA4H","P09960","P09960","LKHA4_HUMAN","Leukotriene A-4 hydrolase","P09960_Y82_M2_28","Phospho (STY)",-6.23294260902112,0.603526448284182,0.201495152823435,6,"Not significant"
"Unstim / LPS","PCMT1","P22061","P22061","PIMT_HUMAN","Protein-L-isoaspartate(D-aspartate) O-methyltransferase","P22061_T25_M1_28","Phospho (STY)",1.99071931113891,0.603526448284182,0.20127721443163,5,"Not significant"
"Unstim / LPS","MVP","Q14764","Q14764","MVP_HUMAN","Major vault protein","Q14764_Y100_M2_28","Phospho (STY)",-5.63914859784598,0.603526448284182,0.202284810756966,6,"Not significant"
"Unstim / LPS","OSBPL8","Q9BZF1","Q9BZF1","OSBL8_HUMAN","Oxysterol-binding protein-related protein 8","Q9BZF1_S421_M1_28","Phospho (STY)",-0.454083002441694,0.603526448284182,0.202166682845712,6,"Not significant"
"Unstim / LPS","PRKDC","P78527","P78527","PRKDC_HUMAN","DNA-dependent protein kinase catalytic subunit","P78527_T4060_M1_28","Phospho (STY)",1.06873124306674,0.603536114519207,0.202339911213514,6,"Not significant"
"Unstim / LPS","THOC2","Q8NI27","Q8NI27","THOC2_HUMAN","THO complex subunit 2","Q8NI27_Y54_M2_28","Phospho (STY)",1.07618373786884,0.603615043083975,0.202835315614319,6,"Not significant"
"Unstim / LPS","ADAR","P55265","P55265","DSRAD_HUMAN","Double-stranded RNA-specific adenosine deaminase","P55265_Y306_M1_28","Phospho (STY)",0.426327833811559,0.604908948918486,0.209897396413239,6,"Not significant"
"Unstim / LPS","HSPA2","P54652","P54652","HSP72_HUMAN","Heat shock-related 70 kDa protein 2","P54652_Y135_M1_28","Phospho (STY)",5.56776646890095,0.60515511987449,0.21155584018205,6,"Not significant"
"Unstim / LPS","THRAP3","Q9Y2W1","Q9Y2W1","TR150_HUMAN","Thyroid hormone receptor-associated protein 3","Q9Y2W1_S248_M1_28","Phospho (STY)",0.696317584117741,0.605386967383896,0.213125832305875,6,"Not significant"
"Unstim / LPS","AHNAK","Q09666","Q09666","AHNK_HUMAN","Neuroblast differentiation-associated protein AHNAK","Q09666_S4348_M1_28","Phospho (STY)",0.267858247445613,0.605806071887667,0.214621556166887,4,"Not significant"
"Unstim / LPS","PSMC3","P17980","P17980","PRS6A_HUMAN","26S proteasome regulatory subunit 6A","P17980_Y158_M1_28","Phospho (STY)",-0.392247186297937,0.60625245209263,0.216786836892982,6,"Not significant"
"Unstim / LPS","ACTB","Cont_P60712;P60709","Cont_P60712;P60709","ACTB_BOVIN;ACTB_HUMAN","Actin, cytoplasmic 1;Actin, cytoplasmic 1","Cont_P60712_Y53_M1_28","Phospho (STY)",-0.744131068172502,0.606352745340926,0.217042146567375,6,"Not significant"
"Unstim / LPS","ACTB","Cont_P60712;P60709","Cont_P60712;P60709","ACTB_BOVIN;ACTB_HUMAN","Actin, cytoplasmic 1;Actin, cytoplasmic 1","P60709_Y53_M1_28","Phospho (STY)",-0.744131068172502,0.606352745340926,0.217042146567375,6,"Not significant"
"Unstim / LPS","ANXA6","P08133","P08133","ANXA6_HUMAN","Annexin A6","P08133_T356_M1_28","Phospho (STY)",-7.45669258357321,0.606713077707328,0.218256323352815,6,"Not significant"
"Unstim / LPS","RPS2","P15880","P15880","RS2_HUMAN","Small ribosomal subunit protein uS5","P15880_Y248_M1_28","Phospho (STY)",-8.64021703808602,0.607310062530357,0.22125474551497,5,"Not significant"
"Unstim / LPS","ATP5F1B","P06576","P06576","ATPB_HUMAN","ATP synthase subunit beta, mitochondrial","P06576_T116_M1_28","Phospho (STY)",0.596397127436821,0.607400239620472,0.221522399406011,5,"Not significant"
"Unstim / LPS","TKT","P29401","P29401","TKT_HUMAN","Transketolase","P29401_T287_M1_28","Phospho (STY)",0.535157909309695,0.608414122136667,0.224691294050531,6,"Not significant"
"Unstim / LPS","PSMC2","P35998","P35998","PRS7_HUMAN","26S proteasome regulatory subunit 7","P35998_S68_M2_28","Phospho (STY)",-5.71385680400146,0.608537253667882,0.225179461904678,6,"Not significant"
"Unstim / LPS","HSPA5","P11021","P11021","BIP_HUMAN","Endoplasmic reticulum chaperone BiP","P11021_S354_M1_28","Phospho (STY)",2.24731017263999,0.60867790798189,0.225554941306558,6,"Not significant"
"Unstim / LPS","HPCAL1","P37235","P37235","HPCL1_HUMAN","Hippocalcin-like protein 1","P37235_T158_M1_28","Phospho (STY)",2.71085022050033,0.608993596302432,0.227035497507076,6,"Not significant"
"Unstim / LPS","CAP1","Q01518","Q01518","CAP1_HUMAN","Adenylyl cyclase-associated protein 1","Q01518_Y43_M1_28","Phospho (STY)",0.507584851729654,0.609163135613709,0.227374692144432,5,"Not significant"
"Unstim / LPS","ATP6V0A1","Q93050","Q93050","VPP1_HUMAN","V-type proton ATPase 116 kDa subunit a 1","Q93050_T82_M1_28","Phospho (STY)",0.635511179091489,0.610180830789993,0.23144240208269,6,"Not significant"
"Unstim / LPS","LMNA","P02545","P02545","LMNA_HUMAN","Prelamin-A/C","P02545_S390_M1_28","Phospho (STY)",0.368677003171612,0.611201966731178,0.23472285116246,6,"Not significant"
"Unstim / LPS","LIMA1","Q9UHB6","Q9UHB6","LIMA1_HUMAN","LIM domain and actin-binding protein 1","Q9UHB6_S490_M1_28","Phospho (STY)",0.957457130890155,0.611875725554705,0.2375432515761,4,"Not significant"
"Unstim / LPS","MDH2","P40926","P40926","MDHM_HUMAN","Malate dehydrogenase, mitochondrial","P40926_Y80_M1_28","Phospho (STY)",-0.168146716469556,0.61232235888191,0.239132328833445,6,"Not significant"
"Unstim / LPS","GRHPR","Q9UBQ7","Q9UBQ7","GRHPR_HUMAN","Glyoxylate reductase/hydroxypyruvate reductase","Q9UBQ7_S60_M1_28","Phospho (STY)",0.414803328842435,0.612504383109983,0.23970072050783,6,"Not significant"
"Unstim / LPS","TUBB6","Q9BUF5","Q9BUF5","TBB6_HUMAN","Tubulin beta-6 chain","Q9BUF5_Y281_M1_28","Phospho (STY)",-0.493970859450905,0.613077061472124,0.241982782281761,6,"Not significant"
"Unstim / LPS","RCSD1","Q6JBY9","Q6JBY9","CPZIP_HUMAN","CapZ-interacting protein","Q6JBY9_S120_M1_28","Phospho (STY)",-0.188843376238187,0.613580542494137,0.244580494166001,5,"Not significant"
"Unstim / LPS","TACC3","Q9Y6A5","Q9Y6A5","TACC3_HUMAN","Transforming acidic coiled-coil-containing protein 3","Q9Y6A5_Y764_M1_28","Phospho (STY)",2.98200226203051,0.614341008394348,0.247057574941413,6,"Not significant"
"Unstim / LPS","ATP5PF","P18859","P18859","ATP5J_HUMAN","ATP synthase-coupling factor 6, mitochondrial","P18859_T92_M1_28","Phospho (STY)",-0.432890410479273,0.614768246539922,0.248222527483486,6,"Not significant"
"Unstim / LPS","OS9","Q13438","Q13438","OS9_HUMAN","Protein OS-9","Q13438_T546_M1_28","Phospho (STY)",0.603817251995852,0.615782961266994,0.251272477940724,6,"Not significant"
"Unstim / LPS","PPP1CA","P62136","P62136","PP1A_HUMAN","Serine/threonine-protein phosphatase PP1-alpha catalytic subunit","P62136_Y114_M1_28","Phospho (STY)",2.95347948025869,0.615912410666364,0.251595779893149,6,"Not significant"
"Unstim / LPS","RPS20","P60866","P60866","RS20_HUMAN","Small ribosomal subunit protein uS10","P60866_T9_M2_28","Phospho (STY)",0.248818945817755,0.618009514796986,0.257081375822388,6,"Not significant"
"Unstim / LPS","RPS20","P60866","P60866","RS20_HUMAN","Small ribosomal subunit protein uS10","P60866_T6_M2_28","Phospho (STY)",0.248818945817755,0.618009514796986,0.257081375822388,6,"Not significant"
"Unstim / LPS","C1QBP","Q07021","Q07021","C1QBP_HUMAN","Complement component 1 Q subcomponent-binding protein, mitochondrial","Q07021_T101_M1_28","Phospho (STY)",-0.83113498351179,0.618326132659941,0.257617985069209,6,"Not significant"
"Unstim / LPS","AHNAK","Q09666","Q09666","AHNK_HUMAN","Neuroblast differentiation-associated protein AHNAK","Q09666_S3326_M1_28","Phospho (STY)",-0.976726022915866,0.619035242685227,0.25918873264964,5,"Not significant"
"Unstim / LPS","PLAUR","Q03405","Q03405","UPAR_HUMAN","Urokinase plasminogen activator surface receptor","Q03405_Y109_M1_28","Phospho (STY)",-0.236799089562668,0.620106315642256,0.262038443441878,6,"Not significant"
"Unstim / LPS","HMGA1","P17096","P17096","HMGA1_HUMAN","High mobility group protein HMG-I/HMG-Y","P17096_S44_M2_28","Phospho (STY)",-0.86302967186082,0.620443782835833,0.262629651024477,5,"Not significant"
"Unstim / LPS","SUMO3","P55854","P55854","SUMO3_HUMAN","Small ubiquitin-related modifier 3","P55854_T12_M1_28","Phospho (STY)",-0.981240055794544,0.620446464103683,0.262639120447775,6,"Not significant"
"Unstim / LPS","HSPA2","P54652","P54652","HSP72_HUMAN","Heat shock-related 70 kDa protein 2","P54652_Y184_M1_28","Phospho (STY)",0.23961255353982,0.620883875565191,0.263638647172146,6,"Not significant"
"Unstim / LPS","SLC30A1","Q9Y6M5","Q9Y6M5","ZNT1_HUMAN","Proton-coupled zinc antiporter SLC30A1","Q9Y6M5_T483_M1_28","Phospho (STY)",1.2788259049227,0.621591250758564,0.265308714855363,6,"Not significant"
"Unstim / LPS","ATP2C1","P98194","P98194","AT2C1_HUMAN","Calcium-transporting ATPase type 2C member 1","P98194_S36_M1_28","Phospho (STY)",0.631086944421685,0.622293009392156,0.267120924815457,5,"Not significant"
"Unstim / LPS","DTX3L","Q8TDB6","Q8TDB6","DTX3L_HUMAN","E3 ubiquitin-protein ligase DTX3L","Q8TDB6_S9_M1_28","Phospho (STY)",0.387693173308655,0.622561463283044,0.267704337005545,5,"Not significant"
"Unstim / LPS","RAB14","P61106","P61106","RAB14_HUMAN","Ras-related protein Rab-14","P61106_S56_M1_28","Phospho (STY)",-7.74457253179092,0.623215491356261,0.26896287087799,6,"Not significant"
"Unstim / LPS","HCLS1","P14317","P14317","HCLS1_HUMAN","Hematopoietic lineage cell-specific protein","P14317_S275_M1_28","Phospho (STY)",-2.29830993334876,0.623630617371418,0.270121762447059,6,"Not significant"
"Unstim / LPS","MATR3","P43243","P43243","MATR3_HUMAN","Matrin-3","P43243_Y779_M1_28","Phospho (STY)",0.255460490045659,0.623726648011817,0.270442489691106,5,"Not significant"
"Unstim / LPS","RAB11B","Q15907","Q15907","RB11B_HUMAN","Ras-related protein Rab-11B","Q15907_T59_M1_28","Phospho (STY)",0.337078699028369,0.624675192246219,0.273429543808101,6,"Not significant"
"Unstim / LPS","WDFY3","Q8IZQ1","Q8IZQ1","WDFY3_HUMAN","WD repeat and FYVE domain-containing protein 3","Q8IZQ1_S1980_M1_28","Phospho (STY)",-0.306295568107507,0.624690850426059,0.273526139843719,6,"Not significant"
"Unstim / LPS","HSPA1A;HSPA1B","P0DMV8;P0DMV9","P0DMV8;P0DMV9","HS71A_HUMAN;HS71B_HUMAN","Heat shock 70 kDa protein 1A;Heat shock 70 kDa protein 1B","P0DMV8_Y15_M1_28","Phospho (STY)",0.378189845835892,0.625560836086156,0.275783591569377,6,"Not significant"
"Unstim / LPS","HSPA1A;HSPA1B","P0DMV8;P0DMV9","P0DMV8;P0DMV9","HS71A_HUMAN;HS71B_HUMAN","Heat shock 70 kDa protein 1A;Heat shock 70 kDa protein 1B","P0DMV9_Y15_M1_28","Phospho (STY)",0.378189845835892,0.625560836086156,0.275783591569377,6,"Not significant"
"Unstim / LPS","GM2A","P17900","P17900","SAP3_HUMAN","Ganglioside GM2 activator","P17900_Y168_M1_28","Phospho (STY)",-0.319464039967292,0.625682978656173,0.276338792698745,6,"Not significant"
"Unstim / LPS","GGH","Q92820","Q92820","GGH_HUMAN","Gamma-glutamyl hydrolase","Q92820_T30_M1_28","Phospho (STY)",0.233818269066798,0.626195731484302,0.277579760738531,6,"Not significant"
"Unstim / LPS","ZNF318","Q5VUA4","Q5VUA4","ZN318_HUMAN","Zinc finger protein 318","Q5VUA4_T598_M1_28","Phospho (STY)",-4.76369051175898,0.626344803479471,0.278006581367712,5,"Not significant"
"Unstim / LPS","NIBAN2","Q96TA1","Q96TA1","NIBA2_HUMAN","Protein Niban 2","Q96TA1_S665_M1_28","Phospho (STY)",-0.795021227645728,0.627144104478239,0.279822601731843,6,"Not significant"
"Unstim / LPS","GSN","Cont_Q3SX14","Cont_Q3SX14","GELS_BOVIN","Gelsolin","Cont_Q3SX14_Y320_M1_28","Phospho (STY)",0.311418058365359,0.627661210222268,0.281870119383379,6,"Not significant"
"Unstim / LPS","FGR","P09769","P09769","FGR_HUMAN","Tyrosine-protein kinase Fgr","P09769_T14_M1_28","Phospho (STY)",-0.787394828660526,0.628022844525246,0.282783195054695,6,"Not significant"
"Unstim / LPS","NPM1","P06748","P06748","NPM_HUMAN","Nucleophosmin","P06748_Y67_M1_28","Phospho (STY)",-0.317661288357521,0.628173494662053,0.283358688586091,6,"Not significant"
"Unstim / LPS","CNK3/IPCEF1","G9CGD6","G9CGD6","CNIPF_HUMAN","CNK3/IPCEF1 fusion protein","G9CGD6_S123_M1_28","Phospho (STY)",-3.30019661119919,0.628271670912543,0.283953491920294,6,"Not significant"
"Unstim / LPS","H4C1","P62805","P62805","H4_HUMAN","Histone H4","P62805_T81_M1_28","Phospho (STY)",0.302275834848537,0.628857634878674,0.285469734568178,6,"Not significant"
"Unstim / LPS","UBE2I","P63279","P63279","UBC9_HUMAN","SUMO-conjugating enzyme UBC9","P63279_Y87_M1_28","Phospho (STY)",-0.471250856913662,0.629225069230031,0.286303171426543,6,"Not significant"
"Unstim / LPS","FAM3C","Q92520","Q92520","FAM3C_HUMAN","Protein FAM3C","Q92520_S75_M1_28","Phospho (STY)",2.48068919104,0.629921673059371,0.288451311766141,6,"Not significant"
"Unstim / LPS","TUBB4B","P68371","P68371","TBB4B_HUMAN","Tubulin beta-4B chain","P68371_Y106_M1_28","Phospho (STY)",-0.590875648443249,0.630921712925228,0.291703870000398,4,"Not significant"
"Unstim / LPS","MIA2","Q96PC5","Q96PC5","MIA2_HUMAN","Melanoma inhibitory activity protein 2","Q96PC5_S1144_M1_28","Phospho (STY)",0.622344562628739,0.630936392144048,0.29172071150555,5,"Not significant"
"Unstim / LPS","SPP1","P10451","P10451","OSTP_HUMAN","Osteopontin","P10451_S303_M1_28","Phospho (STY)",0.908573072889181,0.631050574066811,0.291982209382388,6,"Not significant"
"Unstim / LPS","PREB","Q9HCU5","Q9HCU5","PREB_HUMAN","Prolactin regulatory element-binding protein","Q9HCU5_Y281_M1_28","Phospho (STY)",0.941146107212118,0.6317987467881,0.294012089500156,6,"Not significant"
"Unstim / LPS","CORO7","P57737","P57737","CORO7_HUMAN","Coronin-7","P57737_T540_M1_28","Phospho (STY)",-4.58363725840268,0.632113593264408,0.294737467998467,6,"Not significant"
"Unstim / LPS","GPI","P06744","P06744","G6PI_HUMAN","Glucose-6-phosphate isomerase","P06744_Y183_M1_28","Phospho (STY)",-0.820253403134067,0.632815249030523,0.296398421340055,6,"Not significant"
"Unstim / LPS","STX7","O15400","O15400","STX7_HUMAN","Syntaxin-7","O15400_T98_M1_28","Phospho (STY)",-1.79155384275656,0.633481422814334,0.298474607541979,6,"Not significant"
"Unstim / LPS","POTEF","A5A3E0","A5A3E0","POTEF_HUMAN","POTE ankyrin domain family member F","A5A3E0_T929_M1_28","Phospho (STY)",0.405899906185683,0.633972537254186,0.376825425682619,5,"Not significant"
"Unstim / LPS","ACTB","Cont_P60712;P60709","Cont_P60712;P60709","ACTB_BOVIN;ACTB_HUMAN","Actin, cytoplasmic 1;Actin, cytoplasmic 1","Cont_P60712_Y294_M1_28","Phospho (STY)",3.91287994586944,0.633972537254186,0.356765688731487,6,"Not significant"
"Unstim / LPS","ACTB","Cont_P60712;P60709","Cont_P60712;P60709","ACTB_BOVIN;ACTB_HUMAN","Actin, cytoplasmic 1;Actin, cytoplasmic 1","P60709_Y294_M1_28","Phospho (STY)",3.91287994586944,0.633972537254186,0.356765688731487,6,"Not significant"
"Unstim / LPS","ACTB","Cont_P60712;P60709","Cont_P60712;P60709","ACTB_BOVIN;ACTB_HUMAN","Actin, cytoplasmic 1;Actin, cytoplasmic 1","Cont_P60712_Y240_M2_28","Phospho (STY)",-4.26252926150794,0.633972537254186,0.418890380191962,6,"Not significant"
"Unstim / LPS","ACTB","Cont_P60712;P60709","Cont_P60712;P60709","ACTB_BOVIN;ACTB_HUMAN","Actin, cytoplasmic 1;Actin, cytoplasmic 1","P60709_Y240_M2_28","Phospho (STY)",-4.26252926150794,0.633972537254186,0.418890380191962,6,"Not significant"
"Unstim / LPS","ACTB","Cont_P60712;P60709","Cont_P60712;P60709","ACTB_BOVIN;ACTB_HUMAN","Actin, cytoplasmic 1;Actin, cytoplasmic 1","Cont_P60712_S271_M1_28","Phospho (STY)",3.39282669369164,0.633972537254186,0.429994583051285,6,"Not significant"
"Unstim / LPS","ACTB","Cont_P60712;P60709","Cont_P60712;P60709","ACTB_BOVIN;ACTB_HUMAN","Actin, cytoplasmic 1;Actin, cytoplasmic 1","P60709_S271_M1_28","Phospho (STY)",3.39282669369164,0.633972537254186,0.429994583051285,6,"Not significant"
"Unstim / LPS","EEF1A1","Cont_P68103;P68104","Cont_P68103;P68104","EF1A1_BOVIN;EF1A1_HUMAN","Elongation factor 1-alpha 1","Cont_P68103_Y357_M2_28","Phospho (STY)",-8.56923366282153,0.633972537254186,0.42252000401414,6,"Not significant"
"Unstim / LPS","EEF1A1","Cont_P68103;P68104","Cont_P68103;P68104","EF1A1_BOVIN;EF1A1_HUMAN","Elongation factor 1-alpha 1","P68104_Y357_M2_28","Phospho (STY)",-8.56923366282153,0.633972537254186,0.42252000401414,6,"Not significant"
"Unstim / LPS","APOA2","Cont_P81644","Cont_P81644","APOA2_BOVIN","Apolipoprotein A-II","Cont_P81644_Y64_M1_28","Phospho (STY)",-7.82410767659186,0.633972537254186,0.32569005544339,6,"Not significant"
"Unstim / LPS","A1BG","Cont_Q2KJF1","Cont_Q2KJF1","A1BG_BOVIN","Alpha-1B-glycoprotein","Cont_Q2KJF1_T234_M2_28","Phospho (STY)",2.85512568596629,0.633972537254186,0.410002815098439,5,"Not significant"
"Unstim / LPS","GSN","Cont_Q3SX14","Cont_Q3SX14","GELS_BOVIN","Gelsolin","Cont_Q3SX14_Y320_M2_28","Phospho (STY)",10.3492863888079,0.633972537254186,0.422645715912032,6,"Not significant"
"Unstim / LPS","PRPF3","O43395","O43395","PRPF3_HUMAN","U4/U6 small nuclear ribonucleoprotein Prp3","O43395_T254_M2_28","Phospho (STY)",7.42008658707937,0.633972537254186,0.422953761021092,5,"Not significant"
"Unstim / LPS","SEC22B","O75396","O75396","SC22B_HUMAN","Vesicle-trafficking protein SEC22b","O75396_S137_M2_28","Phospho (STY)",7.08229869690855,0.633972537254186,0.422172940918039,6,"Not significant"
"Unstim / LPS","PRPF40A","O75400","O75400","PR40A_HUMAN","Pre-mRNA-processing factor 40 homolog A","O75400_Y221_M1_28","Phospho (STY)",0.144951857188146,0.633972537254186,0.422428890106614,6,"Not significant"
"Unstim / LPS","PGLS","O95336","O95336","6PGL_HUMAN","6-phosphogluconolactonase","O95336_T249_M1_28","Phospho (STY)",0.770409717070938,0.633972537254186,0.311495381938573,6,"Not significant"
"Unstim / LPS","SVIL","O95425","O95425","SVIL_HUMAN","Supervillin","O95425_S245_M1_28","Phospho (STY)",0.368760945730341,0.633972537254186,0.413897159235958,6,"Not significant"
"Unstim / LPS","PNP","P00491","P00491","PNPH_HUMAN","Purine nucleoside phosphorylase","P00491_Y50_M2_28","Phospho (STY)",2.92162930644331,0.633972537254186,0.306104717496207,6,"Not significant"
"Unstim / LPS","ALDOA","P04075","P04075","ALDOA_HUMAN","Fructose-bisphosphate aldolase A","P04075_S160_M1_28","Phospho (STY)",3.25071577751959,0.633972537254186,0.422849818350878,5,"Not significant"
"Unstim / LPS","GAPDH","P04406","P04406","G3P_HUMAN","Glyceraldehyde-3-phosphate dehydrogenase","P04406_T75_M1_28","Phospho (STY)",-0.269829949305395,0.633972537254186,0.322754557305723,6,"Not significant"
"Unstim / LPS","S100A8","P05109","P05109","S10A8_HUMAN","Protein S100-A8","P05109_T62_M1_28","Phospho (STY)",-3.11613408202094,0.633972537254186,0.42774224221496,6,"Not significant"
"Unstim / LPS","RPLP1","P05386","P05386","RLA1_HUMAN","Large ribosomal subunit protein P1","P05386_S58_M1_28","Phospho (STY)",-0.410084001349632,0.633972537254186,0.358636667176115,6,"Not significant"
"Unstim / LPS","RPLP2","P05387","P05387","RLA2_HUMAN","Large ribosomal subunit protein P2","P05387_S44_M1_28","Phospho (STY)",-1.57105145229867,0.633972537254186,0.334976028108572,6,"Not significant"
"Unstim / LPS","GPX1","P07203","P07203","GPX1_HUMAN","Glutathione peroxidase 1","P07203_S47_M2_28","Phospho (STY)",-2.98772298453365,0.633972537254186,0.425787489937142,6,"Not significant"
"Unstim / LPS","P4HB","P07237","P07237","PDIA1_HUMAN","Protein disulfide-isomerase","P07237_Y414_M2_28","Phospho (STY)",-4.38012106048971,0.633972537254186,0.424282066794434,6,"Not significant"
"Unstim / LPS","P4HB","P07237","P07237","PDIA1_HUMAN","Protein disulfide-isomerase","P07237_Y116_M2_28","Phospho (STY)",-0.174810550998754,0.633972537254186,0.368787117775722,6,"Not significant"
"Unstim / LPS","PRSS1","P07477","P07477","TRY1_HUMAN","Serine protease 1","P07477_Y99_M1_28","Phospho (STY)",0.485971337538696,0.633972537254186,0.339002427064067,6,"Not significant"
"Unstim / LPS","HSP90AB1","P08238","P08238","HS90B_HUMAN","Heat shock protein HSP 90-beta","P08238_S67_M1_28","Phospho (STY)",-10.7087612536937,0.633972537254186,0.422643703679898,6,"Not significant"
"Unstim / LPS","RPSA","P08865","P08865","RSSA_HUMAN","Small ribosomal subunit protein uS2","P08865_T144_M2_28","Phospho (STY)",-8.24292325928433,0.633972537254186,0.423253340894403,6,"Not significant"
"Unstim / LPS","RPSA","P08865","P08865","RSSA_HUMAN","Small ribosomal subunit protein uS2","P08865_T144_M1_28","Phospho (STY)",0.320837792823601,0.633972537254186,0.37238705819645,6,"Not significant"
"Unstim / LPS","HSPA1A;HSPA1B","P0DMV8;P0DMV9","P0DMV8;P0DMV9","HS71A_HUMAN;HS71B_HUMAN","Heat shock 70 kDa protein 1A;Heat shock 70 kDa protein 1B","P0DMV8_Y137_M1_28","Phospho (STY)",-4.67212384674152,0.633972537254186,0.4146880651407,5,"Not significant"
"Unstim / LPS","HSPA1A;HSPA1B","P0DMV8;P0DMV9","P0DMV8;P0DMV9","HS71A_HUMAN;HS71B_HUMAN","Heat shock 70 kDa protein 1A;Heat shock 70 kDa protein 1B","P0DMV9_Y137_M1_28","Phospho (STY)",-4.67212384674152,0.633972537254186,0.4146880651407,5,"Not significant"
"Unstim / LPS","H1-4","P10412","P10412","H14_HUMAN","Histone H1.4","P10412_S2_M1_28","Phospho (STY)",0.679845077747375,0.633972537254186,0.434478626807667,6,"Not significant"
"Unstim / LPS","HSPA5","P11021","P11021","BIP_HUMAN","Endoplasmic reticulum chaperone BiP","P11021_S86_M3_28","Phospho (STY)",-3.34771671931061,0.633972537254186,0.418743561048002,6,"Not significant"
"Unstim / LPS","HSPA8","P11142","P11142","HSP7C_HUMAN","Heat shock cognate 71 kDa protein","P11142_S329_M1_28","Phospho (STY)",1.23072118689541,0.633972537254186,0.348431928840571,6,"Not significant"
"Unstim / LPS","XRCC6","P12956","P12956","XRCC6_HUMAN","X-ray repair cross-complementing protein 6","P12956_Y559_M1_28","Phospho (STY)",-4.89918398108711,0.633972537254186,0.423871331852363,6,"Not significant"
"Unstim / LPS","RNH1","P13489","P13489","RINI_HUMAN","Ribonuclease inhibitor","P13489_Y151_M1_28","Phospho (STY)",-0.311236818496314,0.633972537254186,0.40058999565254,6,"Not significant"
"Unstim / LPS","P4HA1","P13674","P13674","P4HA1_HUMAN","Prolyl 4-hydroxylase subunit alpha-1","P13674_S345_M1_28","Phospho (STY)",-2.24566111461194,0.633972537254186,0.347029943495148,6,"Not significant"
"Unstim / LPS","GYS1","P13807","P13807","GYS1_HUMAN","Glycogen [starch] synthase, muscle","P13807_Y405_M1_28","Phospho (STY)",-0.346803267878028,0.633972537254186,0.384572656791644,6,"Not significant"
"Unstim / LPS","HSP90B1","P14625","P14625","ENPL_HUMAN","Endoplasmin","P14625_S607_M1_28","Phospho (STY)",0.95473355104007,0.633972537254186,0.368065290076511,6,"Not significant"
"Unstim / LPS","RAC2","P15153","P15153","RAC2_HUMAN","Ras-related C3 botulinum toxin substrate 2","P15153_Y72_M1_28","Phospho (STY)",4.7943855107562,0.633972537254186,0.416149347359497,6,"Not significant"
"Unstim / LPS","FOSL2","P15408","P15408","FOSL2_HUMAN","Fos-related antigen 2","P15408_S200_M1_28","Phospho (STY)",-0.511632183109048,0.633972537254186,0.424273777991573,5,"Not significant"
"Unstim / LPS","H1-5","P16401","P16401","H15_HUMAN","Histone H1.5","P16401_T39_M1_28","Phospho (STY)",-12.2333121460179,0.633972537254186,0.422659888439918,6,"Not significant"
"Unstim / LPS","H1-3","P16402","P16402","H13_HUMAN","Histone H1.3","P16402_S37_M1_28","Phospho (STY)",0.144951849150621,0.633972537254186,0.422428747962444,6,"Not significant"
"Unstim / LPS","TCP1","P17987","P17987","TCPA_HUMAN","T-complex protein 1 subunit alpha","P17987_Y214_M1_28","Phospho (STY)",-3.27028131303961,0.633972537254186,0.393679774107114,5,"Not significant"
"Unstim / LPS","FLNA","P21333","P21333","FLNA_HUMAN","Filamin-A","P21333_S2279_M1_28","Phospho (STY)",0.391657966029896,0.633972537254186,0.308697825563881,6,"Not significant"
"Unstim / LPS","AHCY","P23526","P23526","SAHH_HUMAN","Adenosylhomocysteinase","P23526_Y7_M1_28","Phospho (STY)",-7.54385615734097,0.633972537254186,0.423197267098579,6,"Not significant"
"Unstim / LPS","ATP5F1A","P25705","P25705","ATPA_HUMAN","ATP synthase subunit alpha, mitochondrial","P25705_Y321_M2_28","Phospho (STY)",0.445107309134815,0.633972537254186,0.361418520025395,6,"Not significant"
"Unstim / LPS","CANX","P27824","P27824","CALX_HUMAN","Calnexin","P27824_S583_M1_28","Phospho (STY)",0.425535528980561,0.633972537254186,0.317018640875245,6,"Not significant"
"Unstim / LPS","POLR2B","P30876","P30876","RPB2_HUMAN","DNA-directed RNA polymerase II subunit RPB2","P30876_Y1029_M2_28","Phospho (STY)",6.41898298091259,0.633972537254186,0.319221459720647,6,"Not significant"
"Unstim / LPS","LSP1","P33241","P33241","LSP1_HUMAN","Lymphocyte-specific protein 1","P33241_S252_M1_28","Phospho (STY)",-0.23152695656051,0.633972537254186,0.358903764744411,6,"Not significant"
"Unstim / LPS","BSG","P35613","P35613","BASI_HUMAN","Basigin","P35613_T141_M1_28","Phospho (STY)",0.241090909124764,0.633972537254186,0.339604433913905,6,"Not significant"
"Unstim / LPS","RPL4","P36578","P36578","RL4_HUMAN","Large ribosomal subunit protein uL4","P36578_Y161_M1_28","Phospho (STY)",-0.35034702679666,0.633972537254186,0.347852007114569,6,"Not significant"
"Unstim / LPS","HSPA9","P38646","P38646","GRP75_HUMAN","Stress-70 protein, mitochondrial","P38646_Y243_M1_28","Phospho (STY)",4.32168259360592,0.633972537254186,0.422898483212544,6,"Not significant"
"Unstim / LPS","MDH2","P40926","P40926","MDHM_HUMAN","Malate dehydrogenase, mitochondrial","P40926_T204_M2_28","Phospho (STY)",2.28007540454991,0.633972537254186,0.384653612128674,6,"Not significant"
"Unstim / LPS","STAT1","P42224","P42224","STAT1_HUMAN","Signal transducer and activator of transcription 1-alpha/beta","P42224_Y701_M1_28","Phospho (STY)",0.325035179014921,0.633972537254186,0.433768664865804,6,"Not significant"
"Unstim / LPS","VDAC2","P45880","P45880","VDAC2_HUMAN","Voltage-dependent anion-selective channel protein 2","P45880_T269_M1_28","Phospho (STY)",0.352100868920982,0.633972537254186,0.428146298587717,6,"Not significant"
"Unstim / LPS","ACLY","P53396","P53396","ACLY_HUMAN","ATP-citrate synthase","P53396_Y704_M1_28","Phospho (STY)",0.238206812866566,0.633972537254186,0.362348098103766,6,"Not significant"
"Unstim / LPS","HSPA2","P54652","P54652","HSP72_HUMAN","Heat shock-related 70 kDa protein 2","P54652_S142_M2_28","Phospho (STY)",4.22332610507272,0.633972537254186,0.417630454204996,6,"Not significant"
"Unstim / LPS","ACTR3","P61158","P61158","ARP3_HUMAN","Actin-related protein 3","P61158_Y184_M1_28","Phospho (STY)",0.543008789888742,0.633972537254186,0.326180092390333,6,"Not significant"
"Unstim / LPS","HSPE1","P61604","P61604","CH10_HUMAN","10 kDa heat shock protein, mitochondrial","P61604_S51_M2_28","Phospho (STY)",-2.94237003104038,0.633972537254186,0.420075676339944,6,"Not significant"
"Unstim / LPS","HSPE1","P61604","P61604","CH10_HUMAN","10 kDa heat shock protein, mitochondrial","P61604_S37_M1_28","Phospho (STY)",1.56468733761056,0.633972537254186,0.362388550210788,5,"Not significant"
"Unstim / LPS","HNRNPK","P61978","P61978","HNRPK_HUMAN","Heterogeneous nuclear ribonucleoprotein K","P61978_Y72_M2_28","Phospho (STY)",-0.60419857524688,0.633972537254186,0.354566610242978,6,"Not significant"
"Unstim / LPS","RPL31","P62899","P62899","RL31_HUMAN","Large ribosomal subunit protein eL31","P62899_S15_M1_28","Phospho (STY)",-9.30116295929196,0.633972537254186,0.422542164325179,6,"Not significant"
"Unstim / LPS","ACTC1","P68032","P68032","ACTC_HUMAN","Actin, alpha cardiac muscle 1","P68032_Y296_M1_28","Phospho (STY)",0.323589385805589,0.633972537254186,0.309729684923078,6,"Not significant"
"Unstim / LPS","BASP1","P80723","P80723","BASP1_HUMAN","Brain acid soluble protein 1","P80723_T162_M1_28","Phospho (STY)",-1.55161376643817,0.633972537254186,0.421296079315178,5,"Not significant"
"Unstim / LPS","MRPS36","P82909","P82909","KGD4_HUMAN","Alpha-ketoglutarate dehydrogenase component 4","P82909_Y84_M1_28","Phospho (STY)",0.510769664434524,0.633972537254186,0.390652737906074,6,"Not significant"
"Unstim / LPS","MRPS36","P82909","P82909","KGD4_HUMAN","Alpha-ketoglutarate dehydrogenase component 4","P82909_Y84_M2_28","Phospho (STY)",8.5199728599332,0.633972537254186,0.422937051650542,6,"Not significant"
"Unstim / LPS","DAB2","P98082","P98082","DAB2_HUMAN","Disabled homolog 2","P98082_Y50_M1_28","Phospho (STY)",-7.76248595382081,0.633972537254186,0.422347305983066,6,"Not significant"
"Unstim / LPS","CLTC","Q00610","Q00610","CLH1_HUMAN","Clathrin heavy chain 1","Q00610_T235_M1_28","Phospho (STY)",0.298618961291354,0.633972537254186,0.374895437739088,6,"Not significant"
"Unstim / LPS","CAP1","Q01518","Q01518","CAP1_HUMAN","Adenylyl cyclase-associated protein 1","Q01518_Y354_M2_28","Phospho (STY)",9.47144718505512,0.633972537254186,0.422651519488984,6,"Not significant"
"Unstim / LPS","CAP1","Q01518","Q01518","CAP1_HUMAN","Adenylyl cyclase-associated protein 1","Q01518_Y419_M2_28","Phospho (STY)",-11.9123394667145,0.633972537254186,0.422645183752184,6,"Not significant"
"Unstim / LPS","GLO1","Q04760","Q04760","LGUL_HUMAN","Lactoylglutathione lyase","Q04760_S8_M1_28","Phospho (STY)",-5.38607770624476,0.633972537254186,0.423809704703783,6,"Not significant"
"Unstim / LPS","AHNAK","Q09666","Q09666","AHNK_HUMAN","Neuroblast differentiation-associated protein AHNAK","Q09666_S1452_M1_28","Phospho (STY)",0.440523909771615,0.633972537254186,0.379197354426659,6,"Not significant"
"Unstim / LPS","AHNAK","Q09666","Q09666","AHNK_HUMAN","Neuroblast differentiation-associated protein AHNAK","Q09666_T5729_M1_28","Phospho (STY)",-1.94198945081392,0.633972537254186,0.303862305089034,6,"Not significant"
"Unstim / LPS","AHNAK","Q09666","Q09666","AHNK_HUMAN","Neuroblast differentiation-associated protein AHNAK","Q09666_S5731_M1_28","Phospho (STY)",2.22953279580862,0.633972537254186,0.342955124718734,4,"Not significant"
"Unstim / LPS","AHNAK","Q09666","Q09666","AHNK_HUMAN","Neuroblast differentiation-associated protein AHNAK","Q09666_S1088_M1_28","Phospho (STY)",-8.68216460753863,0.633972537254186,0.42261867348776,6,"Not significant"
"Unstim / LPS","AHNAK","Q09666","Q09666","AHNK_HUMAN","Neuroblast differentiation-associated protein AHNAK","Q09666_T376_M1_28","Phospho (STY)",-0.858318357495999,0.633972537254186,0.328157357090119,6,"Not significant"
"Unstim / LPS","HNRNPA0","Q13151","Q13151","ROA0_HUMAN","Heterogeneous nuclear ribonucleoprotein A0","Q13151_Y145_M1_28","Phospho (STY)",0.780982634975726,0.633972537254186,0.30083261626806,6,"Not significant"
"Unstim / LPS","FKBP8","Q14318","Q14318","FKBP8_HUMAN","Peptidyl-prolyl cis-trans isomerase FKBP8","Q14318_Y322_M2_28","Phospho (STY)",4.86390831600322,0.633972537254186,0.414117196206287,6,"Not significant"
"Unstim / LPS","TRIP12","Q14669","Q14669","TRIPC_HUMAN","E3 ubiquitin-protein ligase TRIP12","Q14669_T758_M1_28","Phospho (STY)",-0.976383970676221,0.633972537254186,0.326314042950786,6,"Not significant"
"Unstim / LPS","KARS1","Q15046","Q15046","SYK_HUMAN","Lysine--tRNA ligase","Q15046_T411_M1_28","Phospho (STY)",-4.07580213734326,0.633972537254186,0.427523697202966,6,"Not significant"
"Unstim / LPS","PLEC","Q15149","Q15149","PLEC_HUMAN","Plectin","Q15149_Y4112_M1_28","Phospho (STY)",-6.84708207190128,0.633972537254186,0.420261622293336,6,"Not significant"
"Unstim / LPS","NONO","Q15233","Q15233","NONO_HUMAN","Non-POU domain-containing octamer-binding protein","Q15233_Y158_M2_28","Phospho (STY)",-0.302490302522095,0.633972537254186,0.312510613362166,6,"Not significant"
"Unstim / LPS","ZYX","Q15942","Q15942","ZYX_HUMAN","Zyxin","Q15942_S344_M1_28","Phospho (STY)",-1.78600225891884,0.633972537254186,0.308350173659152,6,"Not significant"
"Unstim / LPS","ACTBL2","Q562R1","Q562R1","ACTBL_HUMAN","Beta-actin-like protein 2","Q562R1_Y295_M2_28","Phospho (STY)",2.47016597775868,0.633972537254186,0.308253179981961,6,"Not significant"
"Unstim / LPS","ACTBL2","Q562R1","Q562R1","ACTBL_HUMAN","Beta-actin-like protein 2","Q562R1_Y295_M1_28","Phospho (STY)",2.75238434371088,0.633972537254186,0.389721413180563,6,"Not significant"
"Unstim / LPS","ACTBL2","Q562R1","Q562R1","ACTBL_HUMAN","Beta-actin-like protein 2","Q562R1_Y54_M1_28","Phospho (STY)",-0.84043823168888,0.633972537254186,0.399466690371698,6,"Not significant"
"Unstim / LPS","TOR1AIP1","Q5JTV8","Q5JTV8","TOIP1_HUMAN","Torsin-1A-interacting protein 1","Q5JTV8_S143_M1_28","Phospho (STY)",0.136331378633641,0.633972537254186,0.395777694516969,6,"Not significant"
"Unstim / LPS","HP1BP3","Q5SSJ5","Q5SSJ5","HP1B3_HUMAN","Heterochromatin protein 1-binding protein 3","Q5SSJ5_Y379_M2_28","Phospho (STY)",-2.03388501536859,0.633972537254186,0.430332708403838,6,"Not significant"
"Unstim / LPS","BROX","Q5VW32","Q5VW32","BROX_HUMAN","BRO1 domain-containing protein BROX","Q5VW32_Y331_M1_28","Phospho (STY)",0.291421493706648,0.633972537254186,0.347305201253721,6,"Not significant"
"Unstim / LPS","RCSD1","Q6JBY9","Q6JBY9","CPZIP_HUMAN","CapZ-interacting protein","Q6JBY9_S216_M1_28","Phospho (STY)",-0.684811880372775,0.633972537254186,0.334209409301446,6,"Not significant"
"Unstim / LPS","SLC25A24","Q6NUK1","Q6NUK1","SCMC1_HUMAN","Mitochondrial adenyl nucleotide antiporter SLC25A24","Q6NUK1_Y404_M1_28","Phospho (STY)",-1.49090758113545,0.633972537254186,0.338316266950068,6,"Not significant"
"Unstim / LPS","SND1","Q7KZF4","Q7KZF4","SND1_HUMAN","Staphylococcal nuclease domain-containing protein 1","Q7KZF4_Y178_M2_28","Phospho (STY)",-1.10953070006182,0.633972537254186,0.426657183812394,6,"Not significant"
"Unstim / LPS","RAB44","Q7Z6P3","Q7Z6P3","RAB44_HUMAN","Ras-related protein Rab-44","Q7Z6P3_T874_M1_28","Phospho (STY)",0.777617179393579,0.633972537254186,0.314606418808336,6,"Not significant"
"Unstim / LPS","RAB44","Q7Z6P3","Q7Z6P3","RAB44_HUMAN","Ras-related protein Rab-44","Q7Z6P3_S509_M1_28","Phospho (STY)",0.223632928424167,0.633972537254186,0.407301264669353,6,"Not significant"
"Unstim / LPS","GLRX5","Q86SX6","Q86SX6","GLRX5_HUMAN","Glutaredoxin-related protein 5, mitochondrial","Q86SX6_T61_M2_28","Phospho (STY)",5.75703099480582,0.633972537254186,0.378585483700358,6,"Not significant"
"Unstim / LPS","TBC1D1","Q86TI0","Q86TI0","TBCD1_HUMAN","TBC1 domain family member 1","Q86TI0_S503_M1_28","Phospho (STY)",4.36184036600139,0.633972537254186,0.414117882477245,6,"Not significant"
"Unstim / LPS","MRPL52","Q86TS9","Q86TS9","RM52_HUMAN","Large ribosomal subunit protein mL52","Q86TS9_S81_M2_28","Phospho (STY)",-0.73062446349298,0.633972537254186,0.314899349047862,6,"Not significant"
"Unstim / LPS","MRPL52","Q86TS9","Q86TS9","RM52_HUMAN","Large ribosomal subunit protein mL52","Q86TS9_T72_M2_28","Phospho (STY)",-0.73062446349298,0.633972537254186,0.314899349047862,6,"Not significant"
"Unstim / LPS","PNISR","Q8TF01","Q8TF01","PNISR_HUMAN","Arginine/serine-rich protein PNISR","Q8TF01_S211_M1_28","Phospho (STY)",0.456099921434999,0.633972537254186,0.321539996355926,6,"Not significant"
"Unstim / LPS","GOLGA1","Q92805","Q92805","GOGA1_HUMAN","Golgin subfamily A member 1","Q92805_T518_M1_28","Phospho (STY)",3.02281922828001,0.633972537254186,0.42414445775332,6,"Not significant"
"Unstim / LPS","RPL10L","Q96L21","Q96L21","RL10L_HUMAN","Ribosomal protein uL16-like","Q96L21_Y57_M2_28","Phospho (STY)",7.53636211113555,0.633972537254186,0.422720630051715,6,"Not significant"
"Unstim / LPS","MIA2","Q96PC5","Q96PC5","MIA2_HUMAN","Melanoma inhibitory activity protein 2","Q96PC5_Y1039_M2_28","Phospho (STY)",0.492435925713913,0.633972537254186,0.345728071586902,6,"Not significant"
"Unstim / LPS","UHRF2","Q96PU4","Q96PU4","UHRF2_HUMAN","E3 ubiquitin-protein ligase UHRF2","Q96PU4_S301_M2_28","Phospho (STY)",7.13424984649362,0.633972537254186,0.422425630981112,5,"Not significant"
"Unstim / LPS","ACO2","Q99798","Q99798","ACON_HUMAN","Aconitate hydratase, mitochondrial","Q99798_Y544_M1_28","Phospho (STY)",-3.16334477063152,0.633972537254186,0.429879699023626,6,"Not significant"
"Unstim / LPS","TUBB2B","Q9BVA1","Q9BVA1","TBB2B_HUMAN","Tubulin beta-2B chain","Q9BVA1_Y59_M1_28","Phospho (STY)",0.501613633820633,0.633972537254186,0.357926827248834,6,"Not significant"
"Unstim / LPS","LMAN2L","Q9H0V9","Q9H0V9","LMA2L_HUMAN","VIP36-like protein","Q9H0V9_Y134_M2_28","Phospho (STY)",-7.77787079270911,0.633972537254186,0.422901616029058,6,"Not significant"
"Unstim / LPS","CHMP4B","Q9H444","Q9H444","CHM4B_HUMAN","Charged multivesicular body protein 4b","Q9H444_T21_M1_28","Phospho (STY)",-8.72058828681771,0.633972537254186,0.422635569201096,6,"Not significant"
"Unstim / LPS","ESF1","Q9H501","Q9H501","ESF1_HUMAN","ESF1 homolog","Q9H501_S371_M1_28","Phospho (STY)",4.63867488576922,0.633972537254186,0.420825436212134,6,"Not significant"
"Unstim / LPS","HEATR1","Q9H583","Q9H583","HEAT1_HUMAN","HEAT repeat-containing protein 1","Q9H583_S156_M1_28","Phospho (STY)",-6.70562330475958,0.633972537254186,0.422303698731477,6,"Not significant"
"Unstim / LPS","ACAD9","Q9H845","Q9H845","ACAD9_HUMAN","Complex I assembly factor ACAD9, mitochondrial","Q9H845_Y165_M2_28","Phospho (STY)",-6.12445233538912,0.633972537254186,0.424232204342443,6,"Not significant"
"Unstim / LPS","SDHAF2","Q9NX18","Q9NX18","SDHF2_HUMAN","Succinate dehydrogenase assembly factor 2, mitochondrial","Q9NX18_Y160_M1_28","Phospho (STY)",-0.575885557018455,0.633972537254186,0.435011851753216,6,"Not significant"
"Unstim / LPS","BCLAF1","Q9NYF8","Q9NYF8","BCLF1_HUMAN","Bcl-2-associated transcription factor 1","Q9NYF8_S177_M1_28","Phospho (STY)",1.56965470578034,0.633972537254186,0.419875867053627,5,"Not significant"
"Unstim / LPS","RRBP1","Q9P2E9","Q9P2E9","RRBP1_HUMAN","Ribosome-binding protein 1","Q9P2E9_Y1219_M2_28","Phospho (STY)",0.136356488478081,0.633972537254186,0.344850946314346,6,"Not significant"
"Unstim / LPS","SRRM2","Q9UQ35","Q9UQ35","SRRM2_HUMAN","Serine/arginine repetitive matrix protein 2","Q9UQ35_S2426_M1_28","Phospho (STY)",1.42625027825895,0.633972537254186,0.392959359550433,5,"Not significant"
"Unstim / LPS","RTRAF","Q9Y224","Q9Y224","RTRAF_HUMAN","RNA transcription, translation and transport factor protein","Q9Y224_T114_M1_28","Phospho (STY)",-4.07822988979754,0.633972537254186,0.434223162662902,6,"Not significant"
"Unstim / LPS","RTRAF","Q9Y224","Q9Y224","RTRAF_HUMAN","RNA transcription, translation and transport factor protein","Q9Y224_T235_M1_28","Phospho (STY)",-0.261270026199868,0.633972537254186,0.389524673325284,6,"Not significant"
"Unstim / LPS","THRAP3","Q9Y2W1","Q9Y2W1","TR150_HUMAN","Thyroid hormone receptor-associated protein 3","Q9Y2W1_S253_M2_28","Phospho (STY)",7.14203008862881,0.633972537254186,0.423067307800227,6,"Not significant"
"Unstim / LPS","UBE2J1","Q9Y385","Q9Y385","UB2J1_HUMAN","Ubiquitin-conjugating enzyme E2 J1","Q9Y385_S266_M1_28","Phospho (STY)",0.270392759139106,0.633972537254186,0.306989032925979,5,"Not significant"
"Unstim / LPS","GPSM3","Q9Y4H4","Q9Y4H4","GPSM3_HUMAN","G-protein-signaling modulator 3","Q9Y4H4_S56_M1_28","Phospho (STY)",-0.585103729287802,0.633972537254186,0.324749956192102,6,"Not significant"
"Unstim / LPS","SOD2","P04179","P04179","SODM_HUMAN","Superoxide dismutase [Mn], mitochondrial","P04179_Y69_M2_28","Phospho (STY)",-2.26516651836561,0.633972537254186,0.424659995469668,5,"Not significant"
"Unstim / LPS","HSPA5","P11021","P11021","BIP_HUMAN","Endoplasmic reticulum chaperone BiP","P11021_T481_M2_28","Phospho (STY)",-1.25674149422188,0.633972537254186,0.375316430183057,4,"Not significant"
"Unstim / LPS","COMT","P21964","P21964","COMT_HUMAN","Catechol O-methyltransferase","P21964_T163_M1_28","Phospho (STY)",1.32200544369901,0.633972537254186,0.426901072574628,6,"Not significant"
"Unstim / LPS","HNRNPK","P61978","P61978","HNRPK_HUMAN","Heterogeneous nuclear ribonucleoprotein K","P61978_T70_M2_28","Phospho (STY)",-0.60419857524688,0.633972537254186,0.35456660494543,6,"Not significant"
"Unstim / LPS","PRR14","Q9BWN1","Q9BWN1","PRR14_HUMAN","Proline-rich protein 14","Q9BWN1_S514_M1_28","Phospho (STY)",4.79469994131083,0.633972537254186,0.406612620327417,5,"Not significant"
"Unstim / LPS","IRF2BPL","Q9H1B7","Q9H1B7","I2BPL_HUMAN","Probable E3 ubiquitin-protein ligase IRF2BPL","Q9H1B7_S547_M1_28","Phospho (STY)",0.517180110436836,0.633972537254186,0.340681232659903,6,"Not significant"
"Unstim / LPS","NCF2","P19878","P19878","NCF2_HUMAN","Neutrophil cytosol factor 2","P19878_T233_M1_28","Phospho (STY)",-0.359415060441241,0.633972537254186,0.356742194922322,6,"Not significant"
"Unstim / LPS","CORO7","P57737","P57737","CORO7_HUMAN","Coronin-7","P57737_T536_M2_28","Phospho (STY)",-4.2961816479244,0.633972537254186,0.342722403621156,4,"Not significant"
"Unstim / LPS","PDLIM2","Q96JY6","Q96JY6","PDLI2_HUMAN","PDZ and LIM domain protein 2","Q96JY6_S197_M1_28","Phospho (STY)",0.51551616327633,0.633972537254186,0.335480609348417,5,"Not significant"
"Unstim / LPS","ACIN1","Q9UKV3","Q9UKV3","ACINU_HUMAN","Apoptotic chromatin condensation inducer in the nucleus","Q9UKV3_S410_M1_28","Phospho (STY)",-7.16617162514949,0.633972537254186,0.420957221032261,5,"Not significant"
"Unstim / LPS","NDUFA9","Q16795","Q16795","NDUA9_HUMAN","NADH dehydrogenase [ubiquinone] 1 alpha subcomplex subunit 9, mitochondrial","Q16795_S219_M2_28","Phospho (STY)",-0.339957802842405,0.633972537254186,0.327794260579501,5,"Not significant"
"Unstim / LPS","HNRNPA1","P09651","P09651","ROA1_HUMAN","Heterogeneous nuclear ribonucleoprotein A1","P09651_S6_M1_28","Phospho (STY)",1.39858176598307,0.633972537254186,0.316569847213294,6,"Not significant"
"Unstim / LPS","RAB1B","Q9H0U4","Q9H0U4","RAB1B_HUMAN","Ras-related protein Rab-1B","Q9H0U4_T49_M1_28","Phospho (STY)",0.555701413288241,0.633972537254186,0.342837567586128,4,"Not significant"
"Unstim / LPS","NHP2","Q9NX24","Q9NX24","NHP2_HUMAN","H/ACA ribonucleoprotein complex subunit 2","Q9NX24_Y24_M1_28","Phospho (STY)",0.290487328197166,0.634128189222172,0.436894974829592,6,"Not significant"
"Unstim / LPS","PLEKHO2","Q8TD55","Q8TD55","PKHO2_HUMAN","Pleckstrin homology domain-containing family O member 2","Q8TD55_S390_M2_28","Phospho (STY)",0.543572614907484,0.634214295742394,0.438631459675338,5,"Not significant"
"Unstim / LPS","HIBADH","P31937","P31937","3HIDH_HUMAN","3-hydroxyisobutyrate dehydrogenase, mitochondrial","P31937_Y113_M1_28","Phospho (STY)",0.595837039989879,0.634294966857487,0.439273126992535,4,"Not significant"
"Unstim / LPS","AHNAK","Q09666","Q09666","AHNK_HUMAN","Neuroblast differentiation-associated protein AHNAK","Q09666_S5573_M1_28","Phospho (STY)",-0.346085961470324,0.634530408949784,0.440810082926942,5,"Not significant"
"Unstim / LPS","CANX","P27824","P27824","CALX_HUMAN","Calnexin","P27824_Y150_M2_28","Phospho (STY)",2.20992277545029,0.634787542708482,0.442193358074788,6,"Not significant"
"Unstim / LPS","CTSV","O60911","O60911","CATL2_HUMAN","Cathepsin L2","O60911_Y125_M1_28","Phospho (STY)",0.920337215330497,0.634872089755649,0.442886738972992,6,"Not significant"
"Unstim / LPS","LILRB1","Q8NHL6","Q8NHL6","LIRB1_HUMAN","Leukocyte immunoglobulin-like receptor subfamily B member 1","Q8NHL6_S579_M1_28","Phospho (STY)",0.49789958933419,0.634985041749315,0.443547840637248,6,"Not significant"
"Unstim / LPS","GPX1","P07203","P07203","GPX1_HUMAN","Glutathione peroxidase 1","P07203_S95_M1_28","Phospho (STY)",2.39722266017833,0.635374624355577,0.445467440409635,6,"Not significant"
"Unstim / LPS","HSPA8","P11142","P11142","HSP7C_HUMAN","Heat shock cognate 71 kDa protein","P11142_T66_M2_28","Phospho (STY)",0.588614918524245,0.63545116957152,0.445730642980298,6,"Not significant"
"Unstim / LPS","HSPA8","P11142","P11142","HSP7C_HUMAN","Heat shock cognate 71 kDa protein","P11142_T64_M2_28","Phospho (STY)",0.588614918524245,0.63545116957152,0.445730642980298,6,"Not significant"
"Unstim / LPS","M6PR","P20645","P20645","MPRD_HUMAN","Cation-dependent mannose-6-phosphate receptor","P20645_S42_M1_28","Phospho (STY)",2.40671883085119,0.63556323743455,0.446419534680692,6,"Not significant"
"Unstim / LPS","DNM2","P50570","P50570","DYN2_HUMAN","Dynamin-2","P50570_Y231_M1_28","Phospho (STY)",0.261546457205879,0.635660601901528,0.446834285570014,6,"Not significant"
"Unstim / LPS","SSB","P05455","P05455","LA_HUMAN","Lupus La protein","P05455_S366_M1_28","Phospho (STY)",1.59935638581122,0.635914493124842,0.447656086722807,5,"Not significant"
"Unstim / LPS","H2AC11;H2AC12;H2AC14","P0C0S8;Q96KK5;Q99878","P0C0S8;Q96KK5;Q99878","H2A1_HUMAN;H2A1H_HUMAN;H2A1J_HUMAN","Histone H2A type 1;Histone H2A type 1-H;Histone H2A type 1-J","P0C0S8_T121_M2_28","Phospho (STY)",-0.123228556370251,0.636138503745061,0.448673453641362,6,"Not significant"
"Unstim / LPS","H2AC11;H2AC12;H2AC14","P0C0S8;Q96KK5;Q99878","P0C0S8;Q96KK5;Q99878","H2A1_HUMAN;H2A1H_HUMAN;H2A1J_HUMAN","Histone H2A type 1;Histone H2A type 1-H;Histone H2A type 1-J","Q96KK5_T121_M2_28","Phospho (STY)",-0.123228556370251,0.636138503745061,0.448673453641362,6,"Not significant"
"Unstim / LPS","H2AC11;H2AC12;H2AC14","P0C0S8;Q96KK5;Q99878","P0C0S8;Q96KK5;Q99878","H2A1_HUMAN;H2A1H_HUMAN;H2A1J_HUMAN","Histone H2A type 1;Histone H2A type 1-H;Histone H2A type 1-J","Q99878_T121_M2_28","Phospho (STY)",-0.123228556370251,0.636138503745061,0.448673453641362,6,"Not significant"
"Unstim / LPS","EEF1D","P29692","P29692","EF1D_HUMAN","Elongation factor 1-delta","P29692_S133_M1_28","Phospho (STY)",0.673216332518776,0.636396464282837,0.450096560010733,6,"Not significant"
"Unstim / LPS","PDIA3","P30101","P30101","PDIA3_HUMAN","Protein disulfide-isomerase A3","P30101_Y364_M1_28","Phospho (STY)",3.74121712364715,0.636589238394176,0.450828864089298,6,"Not significant"
"Unstim / LPS","COMT","P21964","P21964","COMT_HUMAN","Catechol O-methyltransferase","P21964_Y82_M1_28","Phospho (STY)",0.260172425534351,0.636788622663958,0.451440734502452,6,"Not significant"
"Unstim / LPS","GOLGA2","Q08379","Q08379","GOGA2_HUMAN","Golgin subfamily A member 2","Q08379_Y846_M1_28","Phospho (STY)",-0.370929752372528,0.636888791391536,0.451913107165316,5,"Not significant"
"Unstim / LPS","TUBB5;TUBB","Cont_Q2KJD0;P07437","Cont_Q2KJD0;P07437","TBB5_BOVIN;TBB5_HUMAN","Tubulin beta-5 chain;Tubulin beta chain","Cont_Q2KJD0_Y281_M3_28","Phospho (STY)",0.293993080145808,0.637323473537119,0.453476043177673,6,"Not significant"
"Unstim / LPS","TUBB5;TUBB","Cont_Q2KJD0;P07437","Cont_Q2KJD0;P07437","TBB5_BOVIN;TBB5_HUMAN","Tubulin beta-5 chain;Tubulin beta chain","P07437_Y281_M3_28","Phospho (STY)",0.293993080145808,0.637323473537119,0.453476043177673,6,"Not significant"
"Unstim / LPS","HNRNPD","Q14103","Q14103","HNRPD_HUMAN","Heterogeneous nuclear ribonucleoprotein D0","Q14103_Y201_M1_28","Phospho (STY)",2.01209688498548,0.637659077742824,0.454912388553444,6,"Not significant"
"Unstim / LPS","MAPRE1","Q15691","Q15691","MARE1_HUMAN","Microtubule-associated protein RP/EB family member 1","Q15691_Y217_M1_28","Phospho (STY)",0.443667946086476,0.638102968576751,0.456747708161359,6,"Not significant"
"Unstim / LPS","CAP1","Q01518","Q01518","CAP1_HUMAN","Adenylyl cyclase-associated protein 1","Q01518_T78_M1_28","Phospho (STY)",0.271409978113848,0.638421593139437,0.457933727954377,6,"Not significant"
"Unstim / LPS","AK2","P54819","P54819","KAD2_HUMAN","Adenylate kinase 2, mitochondrial","P54819_T215_M2_28","Phospho (STY)",2.06440870897118,0.638450482169413,0.458003461925352,6,"Not significant"
"Unstim / LPS","LAP3","P28838","P28838","AMPL_HUMAN","Cytosol aminopeptidase","P28838_Y87_M2_28","Phospho (STY)",-0.0841708658853443,0.639514140274308,0.461705254374357,4,"Not significant"
"Unstim / LPS","MAP1S","Q66K74","Q66K74","MAP1S_HUMAN","Microtubule-associated protein 1S","Q66K74_S759_M1_28","Phospho (STY)",0.305825962593758,0.640799315910306,0.466520957542354,6,"Not significant"
"Unstim / LPS","ACTBL2","Q562R1","Q562R1","ACTBL_HUMAN","Beta-actin-like protein 2","Q562R1_Y167_M1_28","Phospho (STY)",-0.560198445390514,0.642345447293809,0.471897675678307,6,"Not significant"
"Unstim / LPS","PEA15","Q15121","Q15121","PEA15_HUMAN","Astrocytic phosphoprotein PEA-15","Q15121_S104_M1_28","Phospho (STY)",-0.455508041276075,0.642688174618076,0.472957990931443,5,"Not significant"
"Unstim / LPS","PRKCSH","P14314","P14314","GLU2B_HUMAN","Glucosidase 2 subunit beta","P14314_S478_M1_28","Phospho (STY)",-0.340115419476698,0.643492304452735,0.475459932574222,5,"Not significant"
"Unstim / LPS","RAB1B","Q9H0U4","Q9H0U4","RAB1B_HUMAN","Ras-related protein Rab-1B","Q9H0U4_S142_M1_28","Phospho (STY)",0.371195953161981,0.643551623341524,0.475699410652795,6,"Not significant"
"Unstim / LPS","PDIA4","P13667","P13667","PDIA4_HUMAN","Protein disulfide-isomerase A4","P13667_Y595_M1_28","Phospho (STY)",-0.188227132128495,0.64384294413954,0.476519369998904,6,"Not significant"
"Unstim / LPS","PDIA3","P30101","P30101","PDIA3_HUMAN","Protein disulfide-isomerase A3","P30101_Y467_M1_28","Phospho (STY)",-0.941811988732794,0.644300605520544,0.478095170642327,5,"Not significant"
"Unstim / LPS","PRSS1","Cont_P00760","Cont_P00760","TRY1_BOVIN","Serine protease 1","Cont_P00760_S101_M2_28","Phospho (STY)",-10.1175705081779,0.644696789200346,0.500042163302046,4,"Not significant"
"Unstim / LPS","ACOT8","O14734","O14734","ACOT8_HUMAN","Acyl-coenzyme A thioesterase 8","O14734_T301_M1_28","Phospho (STY)",0.132506812524486,0.644696789200346,0.482023270799471,6,"Not significant"
"Unstim / LPS","ITGB2","P05107","P05107","ITB2_HUMAN","Integrin beta-2","P05107_T256_M1_28","Phospho (STY)",-0.336434429782656,0.644696789200346,0.501283270832145,6,"Not significant"
"Unstim / LPS","HSPA5","P11021","P11021","BIP_HUMAN","Endoplasmic reticulum chaperone BiP","P11021_T85_M3_28","Phospho (STY)",-3.875128603174,0.644696789200346,0.500193992462298,5,"Not significant"
"Unstim / LPS","DARS1","P14868","P14868","SYDC_HUMAN","Aspartate--tRNA ligase, cytoplasmic","P14868_T220_M1_28","Phospho (STY)",-0.977429404459921,0.644696789200346,0.502798212733269,5,"Not significant"
"Unstim / LPS","NCL","P19338","P19338","NUCL_HUMAN","Nucleolin","P19338_S563_M1_28","Phospho (STY)",0.306262884682408,0.644696789200346,0.479369546071728,6,"Not significant"
"Unstim / LPS","EIF2S2","P20042","P20042","IF2B_HUMAN","Eukaryotic translation initiation factor 2 subunit 2","P20042_S2_M1_28","Phospho (STY)",0.343951834055046,0.644696789200346,0.485519496360754,4,"Not significant"
"Unstim / LPS","CALR","P27797","P27797","CALR_HUMAN","Calreticulin","P27797_Y172_M3_28","Phospho (STY)",-4.62337879220127,0.644696789200346,0.496465174189352,5,"Not significant"
"Unstim / LPS","PTPN6","P29350","P29350","PTN6_HUMAN","Tyrosine-protein phosphatase non-receptor type 6","P29350_S285_M2_28","Phospho (STY)",-8.24986989118437,0.644696789200346,0.499814373206985,4,"Not significant"
"Unstim / LPS","EIF1AX","P47813","P47813","IF1AX_HUMAN","Eukaryotic translation initiation factor 1A, X-chromosomal","P47813_S74_M2_28","Phospho (STY)",3.10714257441225,0.644696789200346,0.497858576230551,5,"Not significant"
"Unstim / LPS","HSPE1","P61604","P61604","CH10_HUMAN","10 kDa heat shock protein, mitochondrial","P61604_S53_M2_28","Phospho (STY)",-3.46393031874445,0.644696789200346,0.496872117416327,5,"Not significant"
"Unstim / LPS","ACTC1","P68032","P68032","ACTC_HUMAN","Actin, alpha cardiac muscle 1","P68032_Y220_M2_28","Phospho (STY)",0.855508454828608,0.644696789200346,0.489560901320544,6,"Not significant"
"Unstim / LPS","PLAUR","Q03405","Q03405","UPAR_HUMAN","Urokinase plasminogen activator surface receptor","Q03405_T149_M2_28","Phospho (STY)",1.62530199916154,0.644696789200346,0.492551522296055,5,"Not significant"
"Unstim / LPS","AHNAK","Q09666","Q09666","AHNK_HUMAN","Neuroblast differentiation-associated protein AHNAK","Q09666_S3611_M1_28","Phospho (STY)",0.342188331266301,0.644696789200346,0.489680696068139,6,"Not significant"
"Unstim / LPS","AHNAK","Q09666","Q09666","AHNK_HUMAN","Neuroblast differentiation-associated protein AHNAK","Q09666_S2580_M1_28","Phospho (STY)",-0.506578673812107,0.644696789200346,0.500079278672807,6,"Not significant"
"Unstim / LPS","AHNAK","Q09666","Q09666","AHNK_HUMAN","Neuroblast differentiation-associated protein AHNAK","Q09666_S4002_M1_28","Phospho (STY)",-0.506578673812107,0.644696789200346,0.500079278672807,6,"Not significant"
"Unstim / LPS","AHNAK","Q09666","Q09666","AHNK_HUMAN","Neuroblast differentiation-associated protein AHNAK","Q09666_S4258_M1_28","Phospho (STY)",-0.506578673812107,0.644696789200346,0.500079278672807,6,"Not significant"
"Unstim / LPS","AHNAK","Q09666","Q09666","AHNK_HUMAN","Neuroblast differentiation-associated protein AHNAK","Q09666_S4460_M1_28","Phospho (STY)",-0.506578673812107,0.644696789200346,0.500079278672807,6,"Not significant"
"Unstim / LPS","SRSF9","Q13242","Q13242","SRSF9_HUMAN","Serine/arginine-rich splicing factor 9","Q13242_S211_M1_28","Phospho (STY)",0.525882130989269,0.644696789200346,0.47928671287658,6,"Not significant"
"Unstim / LPS","SKIC2","Q15477","Q15477","SKI2_HUMAN","Superkiller complex protein 2","Q15477_S840_M1_28","Phospho (STY)",5.30073594665899,0.644696789200346,0.497000707280767,5,"Not significant"
"Unstim / LPS","H2BC21","Q16778","Q16778","H2B2E_HUMAN","Histone H2B type 2-E","Q16778_S57_M1_28","Phospho (STY)",-8.23110440035421,0.644696789200346,0.499932769988433,4,"Not significant"
"Unstim / LPS","NUFIP2","Q7Z417","Q7Z417","NUFP2_HUMAN","FMR1-interacting protein NUFIP2","Q7Z417_S107_M2_28","Phospho (STY)",5.01237965226503,0.644696789200346,0.500227583546307,5,"Not significant"
"Unstim / LPS","CES1","P23141","P23141","EST1_HUMAN","Liver carboxylesterase 1","P23141_Y118_M2_28","Phospho (STY)",7.60205957218175,0.644696789200346,0.500308914984729,4,"Not significant"
"Unstim / LPS","ACTC1","P68032","P68032","ACTC_HUMAN","Actin, alpha cardiac muscle 1","P68032_Y242_M1_28","Phospho (STY)",-6.91352769083448,0.644696789200346,0.50106804944502,4,"Not significant"
"Unstim / LPS","SOD2","P04179","P04179","SODM_HUMAN","Superoxide dismutase [Mn], mitochondrial","P04179_Y33_M2_28","Phospho (STY)",10.5841480669603,0.644696789200346,0.500009995730944,4,"Not significant"
"Unstim / LPS","NAP1L4","Q99733","Q99733","NP1L4_HUMAN","Nucleosome assembly protein 1-like 4","Q99733_T28_M1_28","Phospho (STY)",-0.467768043559749,0.644764271610972,0.503962590944297,6,"Not significant"
"Unstim / LPS","HDGF","P51858","P51858","HDGF_HUMAN","Hepatoma-derived growth factor","P51858_S165_M1_28","Phospho (STY)",0.516392206536627,0.644781426200171,0.504313970320053,6,"Not significant"
"Unstim / LPS","BTF3","P20290","P20290","BTF3_HUMAN","Transcription factor BTF3","P20290_T110_M2_28","Phospho (STY)",-1.31409323465487,0.644869337119653,0.504982881982482,4,"Not significant"
"Unstim / LPS","AHNAK","Q09666","Q09666","AHNK_HUMAN","Neuroblast differentiation-associated protein AHNAK","Q09666_S5190_M2_28","Phospho (STY)",-5.1599232106763,0.644947817966416,0.505644885662073,5,"Not significant"
"Unstim / LPS","EZR","P15311","P15311","EZRI_HUMAN","Ezrin","P15311_S366_M1_28","Phospho (STY)",-0.21839611468973,0.645038380268494,0.506353177802678,6,"Not significant"
"Unstim / LPS","HSPA2","P54652","P54652","HSP72_HUMAN","Heat shock-related 70 kDa protein 2","P54652_Y614_M1_28","Phospho (STY)",-0.398900351635346,0.64555015524152,0.508715214089091,6,"Not significant"
"Unstim / LPS","EIF5B","O60841","O60841","IF2P_HUMAN","Eukaryotic translation initiation factor 5B","O60841_T642_M1_28","Phospho (STY)",-3.88814656920185,0.645673464462798,0.509290319542331,5,"Not significant"
"Unstim / LPS","XIRP1","Q702N8","Q702N8","XIRP1_HUMAN","Xin actin-binding repeat-containing protein 1","Q702N8_S1349_M1_28","Phospho (STY)",-0.197023363038667,0.645736208449069,0.509503595443527,6,"Not significant"
"Unstim / LPS","ENO1","P06733","P06733","ENOA_HUMAN","Alpha-enolase","P06733_T85_M1_28","Phospho (STY)",0.235325574945831,0.646375762432572,0.511792900312833,6,"Not significant"
"Unstim / LPS","SRRT","Q9BXP5","Q9BXP5","SRRT_HUMAN","Serrate RNA effector molecule homolog","Q9BXP5_T544_M1_28","Phospho (STY)",-0.708212222523349,0.646406210940479,0.511914430531203,5,"Not significant"
"Unstim / LPS","RBM15","Q96T37","Q96T37","RBM15_HUMAN","RNA-binding protein 15","Q96T37_S294_M1_28","Phospho (STY)",0.212100491620584,0.64646726939717,0.512138650820166,5,"Not significant"
"Unstim / LPS","ALDOA","P04075","P04075","ALDOA_HUMAN","Fructose-bisphosphate aldolase A","P04075_Y174_M1_28","Phospho (STY)",0.907624524192726,0.64656214600123,0.512604626604099,6,"Not significant"
"Unstim / LPS","RARS1","P54136","P54136","SYRC_HUMAN","Arginine--tRNA ligase, cytoplasmic","P54136_S177_M1_28","Phospho (STY)",0.373927419377565,0.646586883648715,0.512688794451741,6,"Not significant"
"Unstim / LPS","AHNAK","Q09666","Q09666","AHNK_HUMAN","Neuroblast differentiation-associated protein AHNAK","Q09666_S93_M1_28","Phospho (STY)",0.743682021627433,0.646888788701618,0.51362911449849,6,"Not significant"
"Unstim / LPS","TF","P02787","P02787","TRFE_HUMAN","Serotransferrin","P02787_Y257_M1_28","Phospho (STY)",-0.148373826708463,0.648010868614266,0.517824307491596,5,"Not significant"
"Unstim / LPS","LAT2","Q9GZY6","Q9GZY6","NTAL_HUMAN","Linker for activation of T-cells family member 2","Q9GZY6_S44_M1_28","Phospho (STY)",0.316600650391777,0.648801671300496,0.520677550297946,6,"Not significant"
"Unstim / LPS","RPL23A","P62750","P62750","RL23A_HUMAN","Large ribosomal subunit protein uL23","P62750_T95_M1_28","Phospho (STY)",0.987968670941947,0.648866776775951,0.52085348664741,6,"Not significant"
"Unstim / LPS","EEF2","P13639","P13639","EF2_HUMAN","Elongation factor 2","P13639_Y730_M2_28","Phospho (STY)",1.03128976332579,0.649222220403295,0.522097786613826,6,"Not significant"
"Unstim / LPS","HSPA9","P38646","P38646","GRP75_HUMAN","Stress-70 protein, mitochondrial","P38646_S378_M1_28","Phospho (STY)",0.391928515908189,0.649302982965476,0.522360650971098,6,"Not significant"
"Unstim / LPS","P4HB","P07237","P07237","PDIA1_HUMAN","Protein disulfide-isomerase","P07237_T277_M1_28","Phospho (STY)",-2.07941660785955,0.649593216472772,0.523174946183058,6,"Not significant"
"Unstim / LPS","HNRNPA1","P09651","P09651","ROA1_HUMAN","Heterogeneous nuclear ribonucleoprotein A1","P09651_S2_M2_28","Phospho (STY)",2.09481331333799,0.649779257811238,0.523978793543078,6,"Not significant"
"Unstim / LPS","CD44","P16070","P16070","CD44_HUMAN","CD44 antigen","P16070_S706_M1_28","Phospho (STY)",0.436277830243564,0.651668777438705,0.529414746528712,6,"Not significant"
"Unstim / LPS","RAB18","Q9NP72","Q9NP72","RAB18_HUMAN","Ras-related protein Rab-18","Q9NP72_T49_M1_28","Phospho (STY)",-0.112034186556823,0.651743247681804,0.529629862900543,6,"Not significant"
"Unstim / LPS","P4HB","P07237","P07237","PDIA1_HUMAN","Protein disulfide-isomerase","P07237_T319_M1_28","Phospho (STY)",0.922463355905543,0.651891382854835,0.530034480425425,4,"Not significant"
"Unstim / LPS","B2M","P61769","P61769","B2MG_HUMAN","Beta-2-microglobulin","P61769_Y46_M1_28","Phospho (STY)",1.23462855203057,0.653974217728576,0.53613650161526,6,"Not significant"
"Unstim / LPS","HSP90AA1","P07900","P07900","HS90A_HUMAN","Heat shock protein HSP 90-alpha","P07900_S442_M1_28","Phospho (STY)",-0.21345008301712,0.654463779033885,0.537585832006194,5,"Not significant"
"Unstim / LPS","PLEK","P08567","P08567","PLEK_HUMAN","Pleckstrin","P08567_S117_M1_28","Phospho (STY)",0.474378108641574,0.654698416739638,0.538508550235618,4,"Not significant"
"Unstim / LPS","MSN","P26038","P26038","MOES_HUMAN","Moesin","P26038_S576_M1_28","Phospho (STY)",-0.35397454986653,0.654726664850753,0.538606675815245,6,"Not significant"
"Unstim / LPS","HNRNPU","Q00839","Q00839","HNRPU_HUMAN","Heterogeneous nuclear ribonucleoprotein U","Q00839_Y350_M1_28","Phospho (STY)",0.742949973201454,0.656084291541953,0.542594651732244,6,"Not significant"
"Unstim / LPS","POFUT2","Q9Y2G5","Q9Y2G5","OFUT2_HUMAN","GDP-fucose protein O-fucosyltransferase 2","Q9Y2G5_S282_M2_28","Phospho (STY)",0.210935898279488,0.656247217174814,0.543021487747188,5,"Not significant"
"Unstim / LPS","MYO1E","Q12965","Q12965","MYO1E_HUMAN","Unconventional myosin-Ie","Q12965_T865_M1_28","Phospho (STY)",0.984771463180895,0.657683568750493,0.547259043774855,5,"Not significant"
"Unstim / LPS","DBN1","Q16643","Q16643","DREB_HUMAN","Drebrin","Q16643_S142_M1_28","Phospho (STY)",0.26625832448388,0.65781859159606,0.54770256159979,6,"Not significant"
"Unstim / LPS","ACTC1","P68032","P68032","ACTC_HUMAN","Actin, alpha cardiac muscle 1","P68032_Y296_M3_28","Phospho (STY)",-0.128174528415119,0.658054045602902,0.548463363106286,5,"Not significant"
"Unstim / LPS","TUBB2A","Q13885","Q13885","TBB2A_HUMAN","Tubulin beta-2A chain","Q13885_S124_M2_28","Phospho (STY)",-0.629914459511049,0.658429523441694,0.549629395209349,6,"Not significant"
"Unstim / LPS","H2BC21","Q16778","Q16778","H2B2E_HUMAN","Histone H2B type 2-E","Q16778_Y38_M2_28","Phospho (STY)",2.55144135287673,0.658795287818984,0.550797255801232,4,"Not significant"
"Unstim / LPS","PPP2R2A","P63151","P63151","2ABA_HUMAN","Serine/threonine-protein phosphatase 2A 55 kDa regulatory subunit B alpha isoform","P63151_Y440_M2_28","Phospho (STY)",0.13925960066465,0.659046183067146,0.551513603229374,6,"Not significant"
"Unstim / LPS","ACAA2","P42765","P42765","THIM_HUMAN","3-ketoacyl-CoA thiolase, mitochondrial","P42765_Y20_M1_28","Phospho (STY)",0.188659346318575,0.659120947586671,0.551726114039376,6,"Not significant"
"Unstim / LPS","PDIA3","P30101","P30101","PDIA3_HUMAN","Protein disulfide-isomerase A3","P30101_T319_M2_28","Phospho (STY)",-0.682353553658886,0.659329105595651,0.552334229687808,4,"Not significant"
"Unstim / LPS","FAM120A","Q9NZB2","Q9NZB2","F120A_HUMAN","Constitutive coactivator of PPAR-gamma-like protein 1","Q9NZB2_Y1020_M2_28","Phospho (STY)",-0.0974214755723276,0.6596427931534,0.553278509749897,6,"Not significant"
"Unstim / LPS","AHNAK","Q09666","Q09666","AHNK_HUMAN","Neuroblast differentiation-associated protein AHNAK","Q09666_S4130_M1_28","Phospho (STY)",0.356177355496691,0.660864412160829,0.556851406152987,6,"Not significant"
"Unstim / LPS","AHNAK","Q09666","Q09666","AHNK_HUMAN","Neuroblast differentiation-associated protein AHNAK","Q09666_S4594_M1_28","Phospho (STY)",0.356177355496691,0.660864412160829,0.556851406152987,6,"Not significant"
"Unstim / LPS","ISCU","Q9H1K1","Q9H1K1","ISCU_HUMAN","Iron-sulfur cluster assembly enzyme ISCU","Q9H1K1_S97_M1_28","Phospho (STY)",-0.0613320049212576,0.662701457979248,0.5623096828054,4,"Not significant"
"Unstim / LPS","PDIA6","Q15084","Q15084","PDIA6_HUMAN","Protein disulfide-isomerase A6","Q15084_T223_M1_28","Phospho (STY)",0.822474511398523,0.662740907528587,0.562422449516849,5,"Not significant"
"Unstim / LPS","UQCRC2","P22695","P22695","QCR2_HUMAN","Cytochrome b-c1 complex subunit 2, mitochondrial","P22695_Y71_M1_28","Phospho (STY)",0.391024489204939,0.663826972872344,0.565910251145018,5,"Not significant"
"Unstim / LPS","GLOD4","Q9HC38","Q9HC38","GLOD4_HUMAN","Glyoxalase domain-containing protein 4","Q9HC38_T242_M1_28","Phospho (STY)",-0.312979295112557,0.664096471850804,0.566747291296226,6,"Not significant"
"Unstim / LPS","GAPDH","P04406","P04406","G3P_HUMAN","Glyceraldehyde-3-phosphate dehydrogenase","P04406_S125_M2_28","Phospho (STY)",-0.352441341128025,0.664306066277388,0.567322629118919,6,"Not significant"
"Unstim / LPS","GAPDH","P04406","P04406","G3P_HUMAN","Glyceraldehyde-3-phosphate dehydrogenase","P04406_S122_M2_28","Phospho (STY)",-0.352441341128025,0.664306066277388,0.567322629118919,6,"Not significant"
"Unstim / LPS","LDHA","P00338","P00338","LDHA_HUMAN","L-lactate dehydrogenase A chain","P00338_Y83_M1_28","Phospho (STY)",-0.892407104986463,0.664602864529156,0.568487017019403,6,"Not significant"
"Unstim / LPS","HNRNPA2B1","P22626","P22626","ROA2_HUMAN","Heterogeneous nuclear ribonucleoproteins A2/B1","P22626_S29_M1_28","Phospho (STY)",-0.668143024062054,0.665003586558755,0.569643275926724,6,"Not significant"
"Unstim / LPS","AHNAK","Q09666","Q09666","AHNK_HUMAN","Neuroblast differentiation-associated protein AHNAK","Q09666_S5448_M1_28","Phospho (STY)",0.259046788922471,0.667022761009265,0.575668337345536,6,"Not significant"
"Unstim / LPS","PRSS1","P07477","P07477","TRY1_HUMAN","Serine protease 1","P07477_T103_M1_28","Phospho (STY)",-1.1422766201639,0.667297279396676,0.576602188105597,6,"Not significant"
"Unstim / LPS","P4HB","P07237","P07237","PDIA1_HUMAN","Protein disulfide-isomerase","P07237_Y393_M1_28","Phospho (STY)",0.224310236386421,0.668044482879166,0.578709605283571,6,"Not significant"
"Unstim / LPS","TSC22D1","Q15714","Q15714","T22D1_HUMAN","TSC22 domain family protein 1","Q15714_S1018_M1_28","Phospho (STY)",-0.219607998628841,0.668519526149852,0.580511530543264,6,"Not significant"
"Unstim / LPS","ACTB","Cont_P60712;P60709","Cont_P60712;P60709","ACTB_BOVIN;ACTB_HUMAN","Actin, cytoplasmic 1;Actin, cytoplasmic 1","Cont_P60712_S232_M2_28","Phospho (STY)",-2.01616026919992,0.669833993315036,0.584360921565602,5,"Not significant"
"Unstim / LPS","ACTB","Cont_P60712;P60709","Cont_P60712;P60709","ACTB_BOVIN;ACTB_HUMAN","Actin, cytoplasmic 1;Actin, cytoplasmic 1","P60709_S232_M2_28","Phospho (STY)",-2.01616026919992,0.669833993315036,0.584360921565602,5,"Not significant"
"Unstim / LPS","PCBP2","Q15366","Q15366","PCBP2_HUMAN","Poly(rC)-binding protein 2","Q15366_S141_M2_28","Phospho (STY)",0.261577725152674,0.670430589092057,0.586231103755373,5,"Not significant"
"Unstim / LPS","GNAI2","P04899","P04899","GNAI2_HUMAN","Guanine nucleotide-binding protein G(i) subunit alpha-2","P04899_Y74_M1_28","Phospho (STY)",1.50963571724262,0.67138743880069,0.589145457237751,6,"Not significant"
"Unstim / LPS","RBM47","A0AV96","A0AV96","RBM47_HUMAN","RNA-binding protein 47","A0AV96_T433_M1_28","Phospho (STY)",1.88933945022315,0.6713932444366,0.589168892437899,5,"Not significant"
"Unstim / LPS","AHNAK","Q09666","Q09666","AHNK_HUMAN","Neuroblast differentiation-associated protein AHNAK","Q09666_S2600_M1_28","Phospho (STY)",0.664267902660666,0.671890605317767,0.590741931291476,6,"Not significant"
"Unstim / LPS","AHNAK","Q09666","Q09666","AHNK_HUMAN","Neuroblast differentiation-associated protein AHNAK","Q09666_S2728_M1_28","Phospho (STY)",0.664267902660666,0.671890605317767,0.590741931291476,6,"Not significant"
"Unstim / LPS","AHNAK","Q09666","Q09666","AHNK_HUMAN","Neuroblast differentiation-associated protein AHNAK","Q09666_S4150_M1_28","Phospho (STY)",0.664267902660666,0.671890605317767,0.590741931291476,6,"Not significant"
"Unstim / LPS","AHNAK","Q09666","Q09666","AHNK_HUMAN","Neuroblast differentiation-associated protein AHNAK","Q09666_S4278_M1_28","Phospho (STY)",0.664267902660666,0.671890605317767,0.590741931291476,6,"Not significant"
"Unstim / LPS","BAK1","Q16611","Q16611","BAK_HUMAN","Bcl-2 homologous antagonist/killer","Q16611_S3_M1_28","Phospho (STY)",0.366780367733179,0.672116625905408,0.591503031854436,6,"Not significant"
"Unstim / LPS","HMGA1","P17096","P17096","HMGA1_HUMAN","High mobility group protein HMG-I/HMG-Y","P17096_S49_M1_28","Phospho (STY)",0.447130953901859,0.672354628367343,0.592226132185186,5,"Not significant"
"Unstim / LPS","SF3B3","Q15393","Q15393","SF3B3_HUMAN","Splicing factor 3B subunit 3","Q15393_Y807_M2_28","Phospho (STY)",-0.0965159899117738,0.672634809293803,0.592955857861098,6,"Not significant"
"Unstim / LPS","HNRNPA1","P09651","P09651","ROA1_HUMAN","Heterogeneous nuclear ribonucleoprotein A1","P09651_Y62_M2_28","Phospho (STY)",-1.01777801452144,0.672958512542612,0.594010825920779,6,"Not significant"
"Unstim / LPS","CAP1","Q01518","Q01518","CAP1_HUMAN","Adenylyl cyclase-associated protein 1","Q01518_Y153_M1_28","Phospho (STY)",-0.825231340480282,0.673091363719582,0.594407236353044,6,"Not significant"
"Unstim / LPS","NPM1","P06748","P06748","NPM_HUMAN","Nucleophosmin","P06748_S70_M1_28","Phospho (STY)",0.775754211691812,0.676794129879051,0.605176138363418,5,"Not significant"
"Unstim / LPS","ABCC3","O15438","O15438","MRP3_HUMAN","ATP-binding cassette sub-family C member 3","O15438_S273_M1_28","Phospho (STY)",0.162596626713871,0.676808405220814,0.605200349064061,5,"Not significant"
"Unstim / LPS","DNAJC5","Q9H3Z4","Q9H3Z4","DNJC5_HUMAN","DnaJ homolog subfamily C member 5","Q9H3Z4_S10_M1_28","Phospho (STY)",0.173901840890274,0.677329233829584,0.606718471149984,6,"Not significant"
"Unstim / LPS","H1-2","P16403","P16403","H12_HUMAN","Histone H1.2","P16403_T31_M2_28","Phospho (STY)",0.446942129629111,0.677526886121947,0.607284992017779,5,"Not significant"
"Unstim / LPS","BASP1","P80723","P80723","BASP1_HUMAN","Brain acid soluble protein 1","P80723_T36_M1_28","Phospho (STY)",0.690117201137333,0.678730210477415,0.611047553768282,4,"Not significant"
"Unstim / LPS","NACA","E9PAV3;Q13765","E9PAV3;Q13765","NACAM_HUMAN;NACA_HUMAN","Nascent polypeptide-associated complex subunit alpha, muscle-specific form;Nascent polypeptide-associated complex subunit alpha","E9PAV3_Y1983_M1_28","Phospho (STY)",-0.117236733501244,0.678809275460073,0.611357485213982,6,"Not significant"
"Unstim / LPS","NACA","E9PAV3;Q13765","E9PAV3;Q13765","NACAM_HUMAN;NACA_HUMAN","Nascent polypeptide-associated complex subunit alpha, muscle-specific form;Nascent polypeptide-associated complex subunit alpha","Q13765_Y120_M1_28","Phospho (STY)",-0.117236733501244,0.678809275460073,0.611357485213982,6,"Not significant"
"Unstim / LPS","ZNF638","Q14966","Q14966","ZN638_HUMAN","Zinc finger protein 638","Q14966_T1664_M2_28","Phospho (STY)",0.80323953167627,0.679404903834116,0.613189749117451,5,"Not significant"
"Unstim / LPS","PRKAR1A","P10644","P10644","KAP0_HUMAN","cAMP-dependent protein kinase type I-alpha regulatory subunit","P10644_S83_M1_28","Phospho (STY)",-0.208860247066492,0.680707309620417,0.617152679772516,6,"Not significant"
"Unstim / LPS","SP100","P23497","P23497","SP100_HUMAN","Nuclear autoantigen Sp-100","P23497_S18_M1_28","Phospho (STY)",-0.200180833960797,0.681827929243783,0.620393622482399,6,"Not significant"
"Unstim / LPS","POTEI","P0CG38","P0CG38","POTEI_HUMAN","POTE ankyrin domain family member I","P0CG38_Y918_M2_28","Phospho (STY)",-1.17817735667948,0.681886827252264,0.620529055889561,5,"Not significant"
"Unstim / LPS","MYH9","P35579","P35579","MYH9_HUMAN","Myosin-9","P35579_S1376_M1_28","Phospho (STY)",-0.238514804021932,0.68245031771723,0.622328990943676,5,"Not significant"
"Unstim / LPS","ILF2","Q12905","Q12905","ILF2_HUMAN","Interleukin enhancer-binding factor 2","Q12905_Y338_M1_28","Phospho (STY)",1.54395978010203,0.682819226878329,0.62336919465866,5,"Not significant"
"Unstim / LPS","ACAT1","P24752","P24752","THIL_HUMAN","Acetyl-CoA acetyltransferase, mitochondrial","P24752_S420_M1_28","Phospho (STY)",0.4058957917635,0.683345564034266,0.625043942090156,4,"Not significant"
"Unstim / LPS","TLN1","Q9Y490","Q9Y490","TLN1_HUMAN","Talin-1","Q9Y490_S955_M2_28","Phospho (STY)",0.569316109618024,0.683349131220844,0.625057728817145,6,"Not significant"
"Unstim / LPS","HP1BP3","Q5SSJ5","Q5SSJ5","HP1B3_HUMAN","Heterochromatin protein 1-binding protein 3","Q5SSJ5_Y344_M2_28","Phospho (STY)",-0.879082200289396,0.683366994069742,0.625099796970194,6,"Not significant"
"Unstim / LPS","ITGB1","P05556","P05556","ITB1_HUMAN","Integrin beta-1","P05556_T112_M2_28","Phospho (STY)",-0.758557961508688,0.683627249224241,0.625944361528353,6,"Not significant"
"Unstim / LPS","ITGB1","P05556","P05556","ITB1_HUMAN","Integrin beta-1","P05556_T102_M2_28","Phospho (STY)",-0.758557961508688,0.683627249224241,0.625944361528353,6,"Not significant"
"Unstim / LPS","AHNAK","Q09666","Q09666","AHNK_HUMAN","Neuroblast differentiation-associated protein AHNAK","Q09666_S2397_M1_28","Phospho (STY)",0.430194810688233,0.684188327718811,0.627529871739782,6,"Not significant"
"Unstim / LPS","MYH9","P35579","P35579","MYH9_HUMAN","Myosin-9","P35579_S957_M1_28","Phospho (STY)",-0.193443803767026,0.684219769340148,0.627605574342135,6,"Not significant"
"Unstim / LPS","DDX46","Q7L014","Q7L014","DDX46_HUMAN","Probable ATP-dependent RNA helicase DDX46","Q7L014_T423_M1_28","Phospho (STY)",1.46744992031864,0.686133330189215,0.633686849265136,4,"Not significant"
"Unstim / LPS","SPN","P16150","P16150","LEUK_HUMAN","Leukosialin","P16150_S355_M1_28","Phospho (STY)",-0.126684070285373,0.686683015606236,0.635480467529683,6,"Not significant"
"Unstim / LPS","LCP1","P13796","P13796","PLSL_HUMAN","Plastin-2","P13796_S5_M1_28","Phospho (STY)",-0.266547446809283,0.687272760455837,0.637387653015974,5,"Not significant"
"Unstim / LPS","ACTBL2","Q562R1","Q562R1","ACTBL_HUMAN","Beta-actin-like protein 2","Q562R1_Y241_M1_28","Phospho (STY)",0.682121795064919,0.688794846493391,0.642526861903466,6,"Not significant"
"Unstim / LPS","SRRM2","Q9UQ35","Q9UQ35","SRRM2_HUMAN","Serine/arginine repetitive matrix protein 2","Q9UQ35_S2398_M1_28","Phospho (STY)",0.179449756533686,0.691220732643602,0.649985462058429,4,"Not significant"
"Unstim / LPS","GCC2","Q8IWJ2","Q8IWJ2","GCC2_HUMAN","GRIP and coiled-coil domain-containing protein 2","Q8IWJ2_S1080_M2_28","Phospho (STY)",0.253697127879848,0.691305137438236,0.650260394760739,6,"Not significant"
"Unstim / LPS","GCC2","Q8IWJ2","Q8IWJ2","GCC2_HUMAN","GRIP and coiled-coil domain-containing protein 2","Q8IWJ2_T1077_M2_28","Phospho (STY)",0.253697127879848,0.691305137438236,0.650260394760739,6,"Not significant"
"Unstim / LPS","HSPA8","P11142","P11142","HSP7C_HUMAN","Heat shock cognate 71 kDa protein","P11142_T462_M1_28","Phospho (STY)",0.339089022602078,0.691334490718891,0.650375992927822,6,"Not significant"
"Unstim / LPS","AHNAK","Q09666","Q09666","AHNK_HUMAN","Neuroblast differentiation-associated protein AHNAK","Q09666_S1158_M1_28","Phospho (STY)",0.154967462072953,0.69162367135683,0.651122852957133,6,"Not significant"
"Unstim / LPS","CHCHD3","Q9NX63","Q9NX63","MIC19_HUMAN","MICOS complex subunit MIC19","Q9NX63_S50_M1_28","Phospho (STY)",-0.162312229249324,0.692192596815418,0.652711051211465,6,"Not significant"
"Unstim / LPS","G3BP1","Q13283","Q13283","G3BP1_HUMAN","Ras GTPase-activating protein-binding protein 1","Q13283_S232_M1_28","Phospho (STY)",0.139377504469502,0.693276287378285,0.656015929812813,6,"Not significant"
"Unstim / LPS","HSPA5","P11021","P11021","BIP_HUMAN","Endoplasmic reticulum chaperone BiP","P11021_Y127_M2_28","Phospho (STY)",0.705044937152114,0.693903927782169,0.657795080753485,6,"Not significant"
"Unstim / LPS","VAMP3","Q15836","Q15836","VAMP3_HUMAN","Vesicle-associated membrane protein 3","Q15836_T18_M1_28","Phospho (STY)",-0.15636010682715,0.694047107644102,0.658211409091234,6,"Not significant"
"Unstim / LPS","SCP2","P22307","P22307","SCP2_HUMAN","Sterol carrier protein 2","P22307_T473_M1_28","Phospho (STY)",0.156482081878002,0.694052993286792,0.65823196348128,6,"Not significant"
"Unstim / LPS","TLN1","Q9Y490","Q9Y490","TLN1_HUMAN","Talin-1","Q9Y490_S955_M1_28","Phospho (STY)",-0.651825380769778,0.697406760060208,0.669493343928031,4,"Not significant"
"Unstim / LPS","SSBP1","Q04837","Q04837","SSBP_HUMAN","Single-stranded DNA-binding protein, mitochondrial","Q04837_T144_M2_28","Phospho (STY)",-0.63449429025241,0.698688111344684,0.673482125815946,4,"Not significant"
"Unstim / LPS","SSBP1","Q04837","Q04837","SSBP_HUMAN","Single-stranded DNA-binding protein, mitochondrial","Q04837_S141_M2_28","Phospho (STY)",-0.63449429025241,0.698688111344684,0.673482125815946,4,"Not significant"
"Unstim / LPS","ENO1","P06733","P06733","ENOA_HUMAN","Alpha-enolase","P06733_Y200_M1_28","Phospho (STY)",-1.0521820136721,0.69874977147185,0.673767488862935,6,"Not significant"
"Unstim / LPS","TFRC","P02786","P02786","TFR1_HUMAN","Transferrin receptor protein 1","P02786_S132_M2_28","Phospho (STY)",-0.0497672724413151,0.698988255903393,0.674584201553385,4,"Not significant"
"Unstim / LPS","IARS1","P41252","P41252","SYIC_HUMAN","Isoleucine--tRNA ligase, cytoplasmic","P41252_S823_M2_28","Phospho (STY)",-0.0497671774560949,0.698988255903393,0.67458363290409,4,"Not significant"
"Unstim / LPS","ACTB","Cont_P60712;P60709","Cont_P60712;P60709","ACTB_BOVIN;ACTB_HUMAN","Actin, cytoplasmic 1;Actin, cytoplasmic 1","Cont_P60712_Y69_M2_28","Phospho (STY)",1.02118248116596,0.699005796330685,0.674650153481174,6,"Not significant"
"Unstim / LPS","ACTB","Cont_P60712;P60709","Cont_P60712;P60709","ACTB_BOVIN;ACTB_HUMAN","Actin, cytoplasmic 1;Actin, cytoplasmic 1","P60709_Y69_M2_28","Phospho (STY)",1.02118248116596,0.699005796330685,0.674650153481174,6,"Not significant"
"Unstim / LPS","ACTB","Cont_P60712;P60709","Cont_P60712;P60709","ACTB_BOVIN;ACTB_HUMAN","Actin, cytoplasmic 1;Actin, cytoplasmic 1","Cont_P60712_Y294_M2_28","Phospho (STY)",0.0971664968559713,0.699154022509195,0.675122215764153,6,"Not significant"
"Unstim / LPS","ACTB","Cont_P60712;P60709","Cont_P60712;P60709","ACTB_BOVIN;ACTB_HUMAN","Actin, cytoplasmic 1;Actin, cytoplasmic 1","P60709_Y294_M2_28","Phospho (STY)",0.0971664968559713,0.699154022509195,0.675122215764153,6,"Not significant"
"Unstim / LPS","ACLY","P53396","P53396","ACLY_HUMAN","ATP-citrate synthase","P53396_Y704_M2_28","Phospho (STY)",0.0749582655837617,0.699168448257328,0.675179002463893,6,"Not significant"
"Unstim / LPS","MTDH","Q86UE4","Q86UE4","LYRIC_HUMAN","Protein LYRIC","Q86UE4_S251_M1_28","Phospho (STY)",-0.66643161587171,0.699907266113487,0.677624736205918,6,"Not significant"
"Unstim / LPS","FABP5","Q01469","Q01469","FABP5_HUMAN","Fatty acid-binding protein 5","Q01469_Y22_M1_28","Phospho (STY)",-0.429263274864891,0.700047270436018,0.678108571343149,6,"Not significant"
"Unstim / LPS","PPP6R3","Q5H9R7","Q5H9R7","PP6R3_HUMAN","Serine/threonine-protein phosphatase 6 regulatory subunit 3","Q5H9R7_T171_M1_28","Phospho (STY)",0.131209382580316,0.700619559133876,0.679802266416747,6,"Not significant"
"Unstim / LPS","GSTP1","P09211","P09211","GSTP1_HUMAN","Glutathione S-transferase P","P09211_Y199_M1_28","Phospho (STY)",1.1591349216131,0.700918996136791,0.680873475600088,5,"Not significant"
"Unstim / LPS","MMP14","P50281","P50281","MMP14_HUMAN","Matrix metalloproteinase-14","P50281_T412_M1_28","Phospho (STY)",-0.318054243459052,0.701773756525863,0.683794393720154,6,"Not significant"
"Unstim / LPS","ZYX","Q15942","Q15942","ZYX_HUMAN","Zyxin","Q15942_S143_M1_28","Phospho (STY)",-0.224437208488276,0.704046475680038,0.690996831731193,5,"Not significant"
"Unstim / LPS","KDM6B","O15054","O15054","KDM6B_HUMAN","Lysine-specific demethylase 6B","O15054_S1025_M1_28","Phospho (STY)",0.717480747119105,0.704469420906818,0.69235596457124,6,"Not significant"
"Unstim / LPS","HNRNPD","Q14103","Q14103","HNRPD_HUMAN","Heterogeneous nuclear ribonucleoprotein D0","Q14103_T229_M1_28","Phospho (STY)",0.157328233029245,0.704906663219148,0.693837827089412,6,"Not significant"
"Unstim / LPS","NUP153","P49790","P49790","NU153_HUMAN","Nuclear pore complex protein Nup153","P49790_S240_M1_28","Phospho (STY)",0.376764681709071,0.705047007103968,0.694293066901399,4,"Not significant"
"Unstim / LPS","HNRNPUL1","Q9BUJ2","Q9BUJ2","HNRL1_HUMAN","Heterogeneous nuclear ribonucleoprotein U-like protein 1","Q9BUJ2_S417_M1_28","Phospho (STY)",1.08205797884811,0.705078972580356,0.694516341026059,4,"Not significant"
"Unstim / LPS","TPI1","P60174","P60174","TPIS_HUMAN","Triosephosphate isomerase","P60174_S21_M1_28","Phospho (STY)",-0.412253263684968,0.707398187900701,0.701534482636784,6,"Not significant"
"Unstim / LPS","TUBB6","Q9BUF5","Q9BUF5","TBB6_HUMAN","Tubulin beta-6 chain","Q9BUF5_Y106_M2_28","Phospho (STY)",-0.912367949202213,0.710664864026088,0.71241166066727,5,"Not significant"
"Unstim / LPS","LRRC8B","Q6P9F7","Q6P9F7","LRC8B_HUMAN","Volume-regulated anion channel subunit LRRC8B","Q6P9F7_S589_M1_28","Phospho (STY)",-0.0840821452708116,0.711241777948504,0.71445315379809,6,"Not significant"
"Unstim / LPS","CAP1","Q01518","Q01518","CAP1_HUMAN","Adenylyl cyclase-associated protein 1","Q01518_S308_M1_28","Phospho (STY)",-0.284413366632406,0.711481457706869,0.715219435090449,5,"Not significant"
"Unstim / LPS","HDGFL2","Q7Z4V5","Q7Z4V5","HDGR2_HUMAN","Hepatoma-derived growth factor-related protein 2","Q7Z4V5_Y40_M1_28","Phospho (STY)",-0.327106382253723,0.711571896196626,0.715500410027679,6,"Not significant"
"Unstim / LPS","SOD1","P00441","P00441","SODC_HUMAN","Superoxide dismutase [Cu-Zn]","P00441_T55_M1_28","Phospho (STY)",-0.370950892628086,0.711736304773078,0.716134061682857,4,"Not significant"
"Unstim / LPS","YWHAZ","Cont_P63103;P63104","Cont_P63103;P63104","1433Z_BOVIN;1433Z_HUMAN","14-3-3 protein zeta/delta","Cont_P63103_S145_M1_28","Phospho (STY)",-0.30213112698852,0.712359274440947,0.718240943297023,5,"Not significant"
"Unstim / LPS","YWHAZ","Cont_P63103;P63104","Cont_P63103;P63104","1433Z_BOVIN;1433Z_HUMAN","14-3-3 protein zeta/delta","P63104_S145_M1_28","Phospho (STY)",-0.30213112698852,0.712359274440947,0.718240943297023,5,"Not significant"
"Unstim / LPS","RBM39","Q14498","Q14498","RBM39_HUMAN","RNA-binding protein 39","Q14498_S136_M1_28","Phospho (STY)",0.194019980256163,0.713515798763162,0.722257611818893,6,"Not significant"
"Unstim / LPS","ATP6V1C1","P21283","P21283","VATC1_HUMAN","V-type proton ATPase subunit C 1","P21283_Y181_M1_28","Phospho (STY)",0.0922821495643623,0.714242464085563,0.724458038273092,6,"Not significant"
"Unstim / LPS","ATP6V1F","Q16864","Q16864","VATF_HUMAN","V-type proton ATPase subunit F","Q16864_S104_M2_28","Phospho (STY)",-0.589524657580933,0.714409847139862,0.725006729623505,6,"Not significant"
"Unstim / LPS","ATP6V1F","Q16864","Q16864","VATF_HUMAN","V-type proton ATPase subunit F","Q16864_Y98_M2_28","Phospho (STY)",-0.589524657580933,0.714409847139862,0.7250067467755,6,"Not significant"
"Unstim / LPS","RPLP0","P05388","P05388","RLA0_HUMAN","Large ribosomal subunit protein uL10","P05388_T122_M1_28","Phospho (STY)",-0.533248318492827,0.715458205103019,0.72857574840897,6,"Not significant"
"Unstim / LPS","EIF5","P55010","P55010","IF5_HUMAN","Eukaryotic translation initiation factor 5","P55010_Y56_M2_28","Phospho (STY)",-0.859764407570732,0.715823819260877,0.729781654162001,4,"Not significant"
"Unstim / LPS","PRSS1","P07477","P07477","TRY1_HUMAN","Serine protease 1","P07477_T103_M2_28","Phospho (STY)",0.164519699692202,0.716161516259184,0.731001400946335,6,"Not significant"
"Unstim / LPS","PRSS1","P07477","P07477","TRY1_HUMAN","Serine protease 1","P07477_Y99_M2_28","Phospho (STY)",0.164519699692202,0.716161516259184,0.731001400946335,6,"Not significant"
"Unstim / LPS","TLN1","Q9Y490","Q9Y490","TLN1_HUMAN","Talin-1","Q9Y490_T1663_M1_28","Phospho (STY)",0.164443624322501,0.716455270088499,0.731911204550828,6,"Not significant"
"Unstim / LPS","GLUD1","P00367","P00367","DHE3_HUMAN","Glutamate dehydrogenase 1, mitochondrial","P00367_Y170_M1_28","Phospho (STY)",0.39076620747047,0.716838282718606,0.733053266550484,6,"Not significant"
"Unstim / LPS","CEP170","Q5SW79","Q5SW79","CE170_HUMAN","Centrosomal protein of 170 kDa","Q5SW79_Y91_M2_28","Phospho (STY)",-0.785367865195608,0.717669134075133,0.735762078307426,6,"Not significant"
"Unstim / LPS","H2BC12L","P57053","P57053","H2BFS_HUMAN","Histone H2B type F-S","P57053_Y84_M2_28","Phospho (STY)",-0.778551419947874,0.718345397642889,0.738127456444157,6,"Not significant"
"Unstim / LPS","RNH1","P13489","P13489","RINI_HUMAN","Ribonuclease inhibitor","P13489_Y151_M2_28","Phospho (STY)",-0.854558249058905,0.718670926626464,0.739193424984567,5,"Not significant"
"Unstim / LPS","PPIA","P62937","P62937","PPIA_HUMAN","Peptidyl-prolyl cis-trans isomerase A","P62937_T107_M2_28","Phospho (STY)",-0.539174672744972,0.718670926626464,0.739197097284602,6,"Not significant"
"Unstim / LPS","TUBB1","Q9H4B7","Q9H4B7","TBB1_HUMAN","Tubulin beta-1 chain","Q9H4B7_S78_M1_28","Phospho (STY)",0.548493829916109,0.719765785262913,0.742567688217575,5,"Not significant"
"Unstim / LPS","PDIA3","P30101","P30101","PDIA3_HUMAN","Protein disulfide-isomerase A3","P30101_Y95_M1_28","Phospho (STY)",-0.8174643214812,0.720766584858881,0.745787498154879,5,"Not significant"
"Unstim / LPS","ENO2","P09104","P09104","ENOG_HUMAN","Gamma-enolase","P09104_S221_M1_28","Phospho (STY)",0.0710724239313397,0.721546000099185,0.748499028152894,6,"Not significant"
"Unstim / LPS","AHNAK","Q09666","Q09666","AHNK_HUMAN","Neuroblast differentiation-associated protein AHNAK","Q09666_S5752_M1_28","Phospho (STY)",0.155721093811122,0.721584140733545,0.748656387106482,6,"Not significant"
"Unstim / LPS","SRRM2","Q9UQ35","Q9UQ35","SRRM2_HUMAN","Serine/arginine repetitive matrix protein 2","Q9UQ35_T1043_M1_28","Phospho (STY)",-0.249482298570048,0.722536357411622,0.752097895593299,5,"Not significant"
"Unstim / LPS","HNRNPA2B1","P22626","P22626","ROA2_HUMAN","Heterogeneous nuclear ribonucleoproteins A2/B1","P22626_T159_M1_28","Phospho (STY)",-0.506274459916757,0.722740263139363,0.752825052697382,6,"Not significant"
"Unstim / LPS","HSPA2","P54652","P54652","HSP72_HUMAN","Heat shock-related 70 kDa protein 2","P54652_Y108_M1_28","Phospho (STY)",-0.49360138862981,0.724067570576621,0.757415702468921,6,"Not significant"
"Unstim / LPS","P4HA1","P13674","P13674","P4HA1_HUMAN","Prolyl 4-hydroxylase subunit alpha-1","P13674_S149_M1_28","Phospho (STY)",-0.330309503156871,0.724973817662887,0.760544947296908,6,"Not significant"
"Unstim / LPS","CAP1","Q01518","Q01518","CAP1_HUMAN","Adenylyl cyclase-associated protein 1","Q01518_S338_M1_28","Phospho (STY)",0.32183594612094,0.72511534283036,0.761008907925126,4,"Not significant"
"Unstim / LPS","ANXA2","P07355","P07355","ANXA2_HUMAN","Annexin A2","P07355_Y147_M1_28","Phospho (STY)",-0.0932857060456125,0.725962820096731,0.764122750511478,6,"Not significant"
"Unstim / LPS","PWP2","Q15269","Q15269","PWP2_HUMAN","Periodic tryptophan protein 2 homolog","Q15269_S772_M1_28","Phospho (STY)",0.187525956010343,0.7266642420432,0.766562083242839,6,"Not significant"
"Unstim / LPS","POTEI","P0CG38","P0CG38","POTEI_HUMAN","POTE ankyrin domain family member I","P0CG38_Y918_M1_28","Phospho (STY)",-0.349414632324508,0.727832393076531,0.770566549278341,6,"Not significant"
"Unstim / LPS","MTHFD2","P13995","P13995","MTDC_HUMAN","Bifunctional methylenetetrahydrofolate dehydrogenase/cyclohydrolase, mitochondrial","P13995_T284_M1_28","Phospho (STY)",0.660610518776376,0.728393528694178,0.772642194207713,6,"Not significant"
"Unstim / LPS","MYH9","P35579","P35579","MYH9_HUMAN","Myosin-9","P35579_T1208_M1_28","Phospho (STY)",-0.0683867920289527,0.728609189903058,0.773349259983475,6,"Not significant"
"Unstim / LPS","PDIA6","Q15084","Q15084","PDIA6_HUMAN","Protein disulfide-isomerase A6","Q15084_S375_M1_28","Phospho (STY)",-0.0807867444803484,0.729490086662692,0.77632186186757,6,"Not significant"
"Unstim / LPS","POTEI","P0CG38","P0CG38","POTEI_HUMAN","POTE ankyrin domain family member I","P0CG38_S971_M1_28","Phospho (STY)",0.364083666176271,0.730381428467419,0.779567357131759,6,"Not significant"
"Unstim / LPS","ACLY","P53396","P53396","ACLY_HUMAN","ATP-citrate synthase","P53396_Y1006_M1_28","Phospho (STY)",0.629854715010073,0.730394082892764,0.779634044826456,6,"Not significant"
"Unstim / LPS","ACTB","Cont_P60712;P60709","Cont_P60712;P60709","ACTB_BOVIN;ACTB_HUMAN","Actin, cytoplasmic 1;Actin, cytoplasmic 1","Cont_P60712_Y218_M1_28","Phospho (STY)",0.186903157819417,0.731191265737319,0.782643327433679,6,"Not significant"
"Unstim / LPS","ACTB","Cont_P60712;P60709","Cont_P60712;P60709","ACTB_BOVIN;ACTB_HUMAN","Actin, cytoplasmic 1;Actin, cytoplasmic 1","P60709_Y218_M1_28","Phospho (STY)",0.186903157819417,0.731191265737319,0.782643327433679,6,"Not significant"
"Unstim / LPS","SOD2","P04179","P04179","SODM_HUMAN","Superoxide dismutase [Mn], mitochondrial","P04179_S106_M1_28","Phospho (STY)",0.125510166721009,0.731274246188178,0.782985255395345,6,"Not significant"
"Unstim / LPS","GM2A","P17900","P17900","SAP3_HUMAN","Ganglioside GM2 activator","P17900_Y145_M1_28","Phospho (STY)",-0.245966211648731,0.73206796739504,0.78575236350582,5,"Not significant"
"Unstim / LPS","SH3KBP1","Q96B97","Q96B97","SH3K1_HUMAN","SH3 domain-containing kinase-binding protein 1","Q96B97_S230_M1_28","Phospho (STY)",-0.170531311990802,0.732959645740358,0.789243465913524,6,"Not significant"
"Unstim / LPS","H2AX","P16104","P16104","H2AX_HUMAN","Histone H2AX","P16104_T102_M1_28","Phospho (STY)",-0.193875358617764,0.732975884260591,0.789330195448402,6,"Not significant"
"Unstim / LPS","RNH1","P13489","P13489","RINI_HUMAN","Ribonuclease inhibitor","P13489_S50_M1_28","Phospho (STY)",0.0947744128831708,0.733138741651872,0.789970581877734,6,"Not significant"
"Unstim / LPS","HSPD1","P10809","P10809","CH60_HUMAN","60 kDa heat shock protein, mitochondrial","P10809_T422_M1_28","Phospho (STY)",-0.45332652451999,0.733236924086588,0.790365224557656,5,"Not significant"
"Unstim / LPS","PGK1","P00558","P00558","PGK1_HUMAN","Phosphoglycerate kinase 1","P00558_S115_M1_28","Phospho (STY)",-0.10931620970493,0.733293969890929,0.790557521018392,6,"Not significant"
"Unstim / LPS","RRS1","Q15050","Q15050","RRS1_HUMAN","Ribosome biogenesis regulatory protein homolog","Q15050_T56_M2_28","Phospho (STY)",-0.429846644935438,0.733764485743806,0.792064922150115,6,"Not significant"
"Unstim / LPS","DNAJA1","P31689","P31689","DNJA1_HUMAN","DnaJ homolog subfamily A member 1","P31689_T284_M1_28","Phospho (STY)",-0.0875594907362622,0.734708837239442,0.795507227509206,6,"Not significant"
"Unstim / LPS","LMNA","P02545","P02545","LMNA_HUMAN","Prelamin-A/C","P02545_S22_M1_28","Phospho (STY)",0.120732588534957,0.735924654019873,0.799601425816117,4,"Not significant"
"Unstim / LPS","S100A9","P06702","P06702","S10A9_HUMAN","Protein S100-A9","P06702_T113_M1_28","Phospho (STY)",-0.237216644529219,0.735943645542934,0.799653814372602,6,"Not significant"
"Unstim / LPS","HMGB1","P09429","P09429","HMGB1_HUMAN","High mobility group protein B1","P09429_S121_M1_28","Phospho (STY)",-0.149339480439327,0.736339436108096,0.800876588560835,6,"Not significant"
"Unstim / LPS","HINT2","Q9BX68","Q9BX68","HINT2_HUMAN","Adenosine 5'-monophosphoramidase HINT2","Q9BX68_S101_M1_28","Phospho (STY)",-0.50681174998814,0.736572875499947,0.801594509176725,6,"Not significant"
"Unstim / LPS","HSPA5","P11021","P11021","BIP_HUMAN","Endoplasmic reticulum chaperone BiP","P11021_Y175_M1_28","Phospho (STY)",-0.117168563054084,0.736898316010841,0.80276982519411,5,"Not significant"
"Unstim / LPS","AHNAK","Q09666","Q09666","AHNK_HUMAN","Neuroblast differentiation-associated protein AHNAK","Q09666_S3159_M1_28","Phospho (STY)",0.12414123332702,0.737022980674508,0.803210667044553,6,"Not significant"
"Unstim / LPS","AHNAK","Q09666","Q09666","AHNK_HUMAN","Neuroblast differentiation-associated protein AHNAK","Q09666_S3941_M1_28","Phospho (STY)",0.12414123332702,0.737022980674508,0.803210667044553,6,"Not significant"
"Unstim / LPS","SRSF1","Q07955","Q07955","SRSF1_HUMAN","Serine/arginine-rich splicing factor 1","Q07955_Y149_M1_28","Phospho (STY)",0.213536448237175,0.737330571771781,0.804517576924043,6,"Not significant"
"Unstim / LPS","AHNAK","Q09666","Q09666","AHNK_HUMAN","Neuroblast differentiation-associated protein AHNAK","Q09666_S210_M1_28","Phospho (STY)",0.0354034392974238,0.737427959304441,0.804823168441749,6,"Not significant"
"Unstim / LPS","PNKP","Q96T60","Q96T60","PNKP_HUMAN","Bifunctional polynucleotide phosphatase/kinase","Q96T60_T157_M1_28","Phospho (STY)",-0.393686251055829,0.737660812427755,0.805672820999728,6,"Not significant"
"Unstim / LPS","HSPD1","P10809","P10809","CH60_HUMAN","60 kDa heat shock protein, mitochondrial","P10809_Y223_M2_28","Phospho (STY)",-0.0450718945895334,0.73785992023466,0.806437155253898,6,"Not significant"
"Unstim / LPS","EEF1A1","Cont_P68103;P68104","Cont_P68103;P68104","EF1A1_BOVIN;EF1A1_HUMAN","Elongation factor 1-alpha 1","Cont_P68103_Y357_M1_28","Phospho (STY)",-0.0561858590329142,0.738257439216472,0.807976636348686,6,"Not significant"
"Unstim / LPS","EEF1A1","Cont_P68103;P68104","Cont_P68103;P68104","EF1A1_BOVIN;EF1A1_HUMAN","Elongation factor 1-alpha 1","P68104_Y357_M1_28","Phospho (STY)",-0.0561858590329142,0.738257439216472,0.807976636348686,6,"Not significant"
"Unstim / LPS","ACTC1","P68032","P68032","ACTC_HUMAN","Actin, alpha cardiac muscle 1","P68032_Y220_M1_28","Phospho (STY)",0.152578706418338,0.738692003956158,0.809395440667282,6,"Not significant"
"Unstim / LPS","RAB10","P61026","P61026","RAB10_HUMAN","Ras-related protein Rab-10","P61026_T174_M1_28","Phospho (STY)",0.18066911365375,0.73951900832146,0.812400124540719,4,"Not significant"
"Unstim / LPS","IDH3G","P51553","P51553","IDH3G_HUMAN","Isocitrate dehydrogenase [NAD] subunit gamma, mitochondrial","P51553_Y51_M2_28","Phospho (STY)",0.553625405253016,0.740768263454728,0.817108705239015,4,"Not significant"
"Unstim / LPS","PTPRC","P08575","P08575","PTPRC_HUMAN","Receptor-type tyrosine-protein phosphatase C","P08575_S975_M1_28","Phospho (STY)",0.093701558953455,0.741706287972089,0.820631103948366,6,"Not significant"
"Unstim / LPS","PARK7","Q99497","Q99497","PARK7_HUMAN","Parkinson disease protein 7","Q99497_S85_M2_28","Phospho (STY)",0.137024885667808,0.741996476825841,0.821637798570756,6,"Not significant"
"Unstim / LPS","PARK7","Q99497","Q99497","PARK7_HUMAN","Parkinson disease protein 7","Q99497_S83_M2_28","Phospho (STY)",0.137024885667808,0.741996476825841,0.821637798570756,6,"Not significant"
"Unstim / LPS","SRRM2","Q9UQ35","Q9UQ35","SRRM2_HUMAN","Serine/arginine repetitive matrix protein 2","Q9UQ35_S2272_M1_28","Phospho (STY)",0.136096163063075,0.742297693280515,0.822689177799807,6,"Not significant"
"Unstim / LPS","ALDOC","P09972","P09972","ALDOC_HUMAN","Fructose-bisphosphate aldolase C","P09972_S160_M2_28","Phospho (STY)",-0.0440104329659162,0.742348430593703,0.822874342142972,6,"Not significant"
"Unstim / LPS","GNA11","P29992","P29992","GNA11_HUMAN","Guanine nucleotide-binding protein subunit alpha-11","P29992_Y172_M1_28","Phospho (STY)",0.104415149201332,0.742848490628875,0.824706964887905,6,"Not significant"
"Unstim / LPS","DDX3X","O00571","O00571","DDX3X_HUMAN","ATP-dependent RNA helicase DDX3X","O00571_Y266_M1_28","Phospho (STY)",-0.364053034064305,0.743212672413057,0.826025149296652,5,"Not significant"
"Unstim / LPS","CFL1","P23528","P23528","COF1_HUMAN","Cofilin-1","P23528_T129_M1_28","Phospho (STY)",-0.332401159353891,0.743327792775562,0.826510730089415,4,"Not significant"
"Unstim / LPS","VDAC3","Q9Y277","Q9Y277","VDAC3_HUMAN","Voltage-dependent anion-selective channel protein 3","Q9Y277_Y67_M1_28","Phospho (STY)",0.273385555664764,0.743889974199825,0.828695028301656,6,"Not significant"
"Unstim / LPS","PGK1","P00558","P00558","PGK1_HUMAN","Phosphoglycerate kinase 1","P00558_Y324_M1_28","Phospho (STY)",-0.145063857542792,0.744183504245525,0.82987105827804,6,"Not significant"
"Unstim / LPS","RAB4B","P61018","P61018","RAB4B_HUMAN","Ras-related protein Rab-4B","P61018_T56_M1_28","Phospho (STY)",-0.479407149576889,0.744183504245525,0.82989470349572,6,"Not significant"
"Unstim / LPS","PRSS1","Cont_P00760","Cont_P00760","TRY1_BOVIN","Serine protease 1","Cont_P00760_Y99_M2_28","Phospho (STY)",0.422528474477618,0.744215835750011,0.830002125034714,6,"Not significant"
"Unstim / LPS","HNRNPH1","P31943","P31943","HNRH1_HUMAN","Heterogeneous nuclear ribonucleoprotein H","P31943_S104_M1_28","Phospho (STY)",-0.181396899172677,0.74423290049881,0.830086457458142,5,"Not significant"
"Unstim / LPS","CUTA","O60888","O60888","CUTA_HUMAN","Protein CutA","O60888_T125_M1_28","Phospho (STY)",-0.479064964440536,0.744369504066037,0.83058656307772,6,"Not significant"
"Unstim / LPS","BST1","Q10588","Q10588","BST1_HUMAN","ADP-ribosyl cyclase/cyclic ADP-ribose hydrolase 2","Q10588_Y200_M2_28","Phospho (STY)",-0.0794884538714019,0.744385428146027,0.830633838497322,5,"Not significant"
"Unstim / LPS","CALM1;CALM2;CALM3","P0DP23;P0DP24;P0DP25","P0DP23;P0DP24;P0DP25","CALM1_HUMAN;CALM2_HUMAN;CALM3_HUMAN","Calmodulin-1;Calmodulin-2;Calmodulin-3","P0DP23_Y100_M1_28","Phospho (STY)",0.154309490823043,0.744487194543669,0.83090859233535,6,"Not significant"
"Unstim / LPS","CALM1;CALM2;CALM3","P0DP23;P0DP24;P0DP25","P0DP23;P0DP24;P0DP25","CALM1_HUMAN;CALM2_HUMAN;CALM3_HUMAN","Calmodulin-1;Calmodulin-2;Calmodulin-3","P0DP24_Y100_M1_28","Phospho (STY)",0.154309490823043,0.744487194543669,0.83090859233535,6,"Not significant"
"Unstim / LPS","CALM1;CALM2;CALM3","P0DP23;P0DP24;P0DP25","P0DP23;P0DP24;P0DP25","CALM1_HUMAN;CALM2_HUMAN;CALM3_HUMAN","Calmodulin-1;Calmodulin-2;Calmodulin-3","P0DP25_Y100_M1_28","Phospho (STY)",0.154309490823043,0.744487194543669,0.83090859233535,6,"Not significant"
"Unstim / LPS","MYL6","P60660","P60660","MYL6_HUMAN","Myosin light polypeptide 6","P60660_Y29_M1_28","Phospho (STY)",0.449598736497184,0.744805161513761,0.832026338884918,6,"Not significant"
"Unstim / LPS","PDS5B","Q9NTI5","Q9NTI5","PDS5B_HUMAN","Sister chromatid cohesion protein PDS5 homolog B","Q9NTI5_S1358_M1_28","Phospho (STY)",0.150244275231673,0.745589236987853,0.835209032660265,6,"Not significant"
"Unstim / LPS","PYCARD","Q9ULZ3","Q9ULZ3","ASC_HUMAN","Apoptosis-associated speck-like protein containing a CARD","Q9ULZ3_T16_M1_28","Phospho (STY)",0.336570869561316,0.745922971136156,0.836673053934438,6,"Not significant"
"Unstim / LPS","CCT6A","P40227","P40227","TCPZ_HUMAN","T-complex protein 1 subunit zeta","P40227_T57_M1_28","Phospho (STY)",0.460288443464397,0.746514206442361,0.839049470288459,5,"Not significant"
"Unstim / LPS","RCSD1","Q6JBY9","Q6JBY9","CPZIP_HUMAN","CapZ-interacting protein","Q6JBY9_S108_M1_28","Phospho (STY)",-0.112728274185095,0.746883239763089,0.840333259329906,6,"Not significant"
"Unstim / LPS","STOML2","Q9UJZ1","Q9UJZ1","STML2_HUMAN","Stomatin-like protein 2, mitochondrial","Q9UJZ1_S189_M1_28","Phospho (STY)",-0.159271432122415,0.747026322349461,0.840883823164362,6,"Not significant"
"Unstim / LPS","ALCAM","Q13740","Q13740","CD166_HUMAN","CD166 antigen","Q13740_Y284_M1_28","Phospho (STY)",0.137098798266999,0.747480120792328,0.84252314704542,6,"Not significant"
"Unstim / LPS","AKT1S1","Q96B36","Q96B36","AKTS1_HUMAN","Proline-rich AKT1 substrate 1","Q96B36_Y46_M1_28","Phospho (STY)",0.122047476052692,0.747704062185217,0.843248015462889,5,"Not significant"
"Unstim / LPS","TPI1","P60174","P60174","TPIS_HUMAN","Triosephosphate isomerase","P60174_Y68_M1_28","Phospho (STY)",-0.429647645307316,0.748605553168771,0.846706081649599,6,"Not significant"
"Unstim / LPS","HSPA9","P38646","P38646","GRP75_HUMAN","Stress-70 protein, mitochondrial","P38646_T504_M1_28","Phospho (STY)",-0.180079417083688,0.749131032416781,0.848717946127207,6,"Not significant"
"Unstim / LPS","CAPZA1","P52907","P52907","CAZA1_HUMAN","F-actin-capping protein subunit alpha-1","P52907_T22_M1_28","Phospho (STY)",-0.0383888379172662,0.74966284830706,0.850601034507652,6,"Not significant"
"Unstim / LPS","UGGT1","Q9NYU2","Q9NYU2","UGGG1_HUMAN","UDP-glucose:glycoprotein glucosyltransferase 1","Q9NYU2_S931_M1_28","Phospho (STY)",-0.134944446394473,0.750065811984203,0.852134072271169,6,"Not significant"
"Unstim / LPS","P4HB","P07237","P07237","PDIA1_HUMAN","Protein disulfide-isomerase","P07237_S357_M1_28","Phospho (STY)",0.182495095510143,0.750842940284098,0.855021373597333,6,"Not significant"
"Unstim / LPS","EVL","Q9UI08","Q9UI08","EVL_HUMAN","Ena/VASP-like protein","Q9UI08_S331_M1_28","Phospho (STY)",0.0389189014932578,0.751187824036121,0.856416456207972,6,"Not significant"
"Unstim / LPS","TFAM","Q00059","Q00059","TFAM_HUMAN","Transcription factor A, mitochondrial","Q00059_Y200_M1_28","Phospho (STY)",-0.0845131511304709,0.751797144821316,0.85869202623113,6,"Not significant"
"Unstim / LPS","LAP3","P28838","P28838","AMPL_HUMAN","Cytosol aminopeptidase","P28838_T70_M1_28","Phospho (STY)",-0.0854660021268938,0.751840508241674,0.858896478994858,6,"Not significant"
"Unstim / LPS","ATXN2L","Q8WWM7","Q8WWM7","ATX2L_HUMAN","Ataxin-2-like protein","Q8WWM7_T182_M1_28","Phospho (STY)",0.193656369805767,0.752199950234177,0.860247774531419,6,"Not significant"
"Unstim / LPS","HNRNPA1","P09651","P09651","ROA1_HUMAN","Heterogeneous nuclear ribonucleoprotein A1","P09651_S22_M1_28","Phospho (STY)",0.347320481629072,0.752577503946034,0.861979710428771,5,"Not significant"
"Unstim / LPS","PAXX","Q9BUH6","Q9BUH6","PAXX_HUMAN","Protein PAXX","Q9BUH6_S152_M1_28","Phospho (STY)",-0.0367320831897907,0.752743897206923,0.862652272550126,6,"Not significant"
"Unstim / LPS","NUP85","Q9BW27","Q9BW27","NUP85_HUMAN","Nuclear pore complex protein Nup85","Q9BW27_T579_M2_28","Phospho (STY)",-0.0202450584839215,0.752793444503244,0.862866596960975,5,"Not significant"
"Unstim / LPS","ZMPSTE24","O75844","O75844","FACE1_HUMAN","CAAX prenyl protease 1 homolog","O75844_Y45_M3_28","Phospho (STY)",-0.289093473295625,0.753926699933875,0.867375375568952,6,"Not significant"
"Unstim / LPS","AHNAK","Q09666","Q09666","AHNK_HUMAN","Neuroblast differentiation-associated protein AHNAK","Q09666_S135_M2_28","Phospho (STY)",0.337428329692665,0.754207254669134,0.868372296782233,6,"Not significant"
"Unstim / LPS","RBBP6","Q7Z6E9","Q7Z6E9","RBBP6_HUMAN","E3 ubiquitin-protein ligase RBBP6","Q7Z6E9_S1179_M1_28","Phospho (STY)",0.116889031605875,0.754878932805297,0.870864573930568,5,"Not significant"
"Unstim / LPS","TCOF1","Q13428","Q13428","TCOF_HUMAN","Treacle protein","Q13428_S503_M1_28","Phospho (STY)",-0.037298115773129,0.755097148538188,0.871903047699196,5,"Not significant"
"Unstim / LPS","AHNAK","Q09666","Q09666","AHNK_HUMAN","Neuroblast differentiation-associated protein AHNAK","Q09666_S2798_M1_28","Phospho (STY)",0.175054611513739,0.755356493549026,0.872851081218768,6,"Not significant"
"Unstim / LPS","TUBB8","Q3ZCM7","Q3ZCM7","TBB8_HUMAN","Tubulin beta-8 chain","Q3ZCM7_Y281_M2_28","Phospho (STY)",-0.168009459076876,0.756576980479098,0.87765363109768,6,"Not significant"
"Unstim / LPS","CSTF2","P33240","P33240","CSTF2_HUMAN","Cleavage stimulation factor subunit 2","P33240_S524_M1_28","Phospho (STY)",0.0776620979086393,0.756897721125039,0.878714976783614,6,"Not significant"
"Unstim / LPS","ACAT2","Q9BWD1","Q9BWD1","THIC_HUMAN","Acetyl-CoA acetyltransferase, cytosolic","Q9BWD1_T275_M1_28","Phospho (STY)",0.103784720529074,0.757563504228647,0.881373715957453,6,"Not significant"
"Unstim / LPS","EEF2","P13639","P13639","EF2_HUMAN","Elongation factor 2","P13639_Y634_M1_28","Phospho (STY)",0.0652760556539164,0.758073159363877,0.883223469078829,5,"Not significant"
"Unstim / LPS","AHNAK","Q09666","Q09666","AHNK_HUMAN","Neuroblast differentiation-associated protein AHNAK","Q09666_S216_M1_28","Phospho (STY)",0.0851101598294835,0.758643441604003,0.885316897980851,6,"Not significant"
"Unstim / LPS","CANX","P27824","P27824","CALX_HUMAN","Calnexin","P27824_Y393_M2_28","Phospho (STY)",0.125677273462853,0.759583668334695,0.889228855756549,6,"Not significant"
"Unstim / LPS","RRBP1","Q9P2E9","Q9P2E9","RRBP1_HUMAN","Ribosome-binding protein 1","Q9P2E9_S154_M2_28","Phospho (STY)",-0.27241447452216,0.76019616583864,0.891739476036055,5,"Not significant"
"Unstim / LPS","AHNAK","Q09666","Q09666","AHNK_HUMAN","Neuroblast differentiation-associated protein AHNAK","Q09666_S5279_M1_28","Phospho (STY)",0.233959741765652,0.761841716846513,0.89859519045667,6,"Not significant"
"Unstim / LPS","PARK7","Q99497","Q99497","PARK7_HUMAN","Parkinson disease protein 7","Q99497_T110_M1_28","Phospho (STY)",-0.0375021087156555,0.762489082382128,0.901158694996461,6,"Not significant"
"Unstim / LPS","PSMC3","P17980","P17980","PRS6A_HUMAN","26S proteasome regulatory subunit 6A","P17980_S281_M2_28","Phospho (STY)",-0.0352923929437759,0.762619472612843,0.901663940919784,6,"Not significant"
"Unstim / LPS","PCNA","P12004","P12004","PCNA_HUMAN","Proliferating cell nuclear antigen","P12004_Y133_M2_28","Phospho (STY)",-0.0810318417812455,0.762645150127345,0.901737682958001,6,"Not significant"
"Unstim / LPS","ARGLU1","Q9NWB6","Q9NWB6","ARGL1_HUMAN","Arginine and glutamate-rich protein 1","Q9NWB6_S77_M1_28","Phospho (STY)",0.115972252018555,0.762935071829084,0.903017824696082,6,"Not significant"
"Unstim / LPS","PARK7","Q99497","Q99497","PARK7_HUMAN","Parkinson disease protein 7","Q99497_T19_M1_28","Phospho (STY)",-0.0377683419617371,0.764290890661141,0.908414288899177,6,"Not significant"
"Unstim / LPS","AHNAK","Q09666","Q09666","AHNK_HUMAN","Neuroblast differentiation-associated protein AHNAK","Q09666_S135_M1_28","Phospho (STY)",0.0381662909016813,0.764337919907189,0.908573029658078,6,"Not significant"
"Unstim / LPS","ARL6IP5","O75915","O75915","PRAF3_HUMAN","PRA1 family protein 3","O75915_T160_M1_28","Phospho (STY)",0.123503431502185,0.764778401407066,0.910400170902681,6,"Not significant"
"Unstim / LPS","RPS23","P62266","P62266","RS23_HUMAN","Small ribosomal subunit protein uS12","P62266_T82_M1_28","Phospho (STY)",0.043680867699753,0.765303600266252,0.912362651944784,6,"Not significant"
"Unstim / LPS","CAT","P04040","P04040","CATA_HUMAN","Catalase","P04040_Y308_M1_28","Phospho (STY)",0.0446222924664745,0.766020649053275,0.915449947183105,6,"Not significant"
"Unstim / LPS","H1-5","P16401","P16401","H15_HUMAN","Histone H1.5","P16401_S2_M2_28","Phospho (STY)",0.159218416659439,0.767084177259747,0.919716243378494,5,"Not significant"
"Unstim / LPS","AKAP13","Q12802","Q12802","AKP13_HUMAN","A-kinase anchor protein 13","Q12802_S441_M2_28","Phospho (STY)",0.0551557077261837,0.767256996570289,0.92041743712284,5,"Not significant"
"Unstim / LPS","EIF5A","P63241","P63241","IF5A1_HUMAN","Eukaryotic translation initiation factor 5A-1","P63241_T65_M1_28","Phospho (STY)",-0.037183704715352,0.768240139207951,0.924612396714782,6,"Not significant"
"Unstim / LPS","POTEF","A5A3E0","A5A3E0","POTEF_HUMAN","POTE ankyrin domain family member F","A5A3E0_Y918_M1_28","Phospho (STY)",0.0983642524724077,0.768321154106034,0.924880410276726,4,"Not significant"
"Unstim / LPS","CSTF2","P33240","P33240","CSTF2_HUMAN","Cleavage stimulation factor subunit 2","P33240_T548_M1_28","Phospho (STY)",0.0756089315741936,0.7685672822506,0.926019590315959,6,"Not significant"
"Unstim / LPS","AHNAK","Q09666","Q09666","AHNK_HUMAN","Neuroblast differentiation-associated protein AHNAK","Q09666_S2252_M1_28","Phospho (STY)",-0.0429400267354975,0.7685672822506,0.926023875089835,6,"Not significant"
"Unstim / LPS","AHNAK","Q09666","Q09666","AHNK_HUMAN","Neuroblast differentiation-associated protein AHNAK","Q09666_S4069_M1_28","Phospho (STY)",-0.0429400267354975,0.7685672822506,0.926023875089835,6,"Not significant"
"Unstim / LPS","SAMHD1","Q9Y3Z3","Q9Y3Z3","SAMH1_HUMAN","Deoxynucleoside triphosphate triphosphohydrolase SAMHD1","Q9Y3Z3_T592_M1_28","Phospho (STY)",0.0774313301208378,0.768848027099947,0.927268017187253,6,"Not significant"
"Unstim / LPS","NOLC1","Q14978","Q14978","NOLC1_HUMAN","Nucleolar and coiled-body phosphoprotein 1","Q14978_S698_M1_28","Phospho (STY)",-0.049895865774786,0.768900288142687,0.927468306612207,5,"Not significant"
"Unstim / LPS","EEF1A1","Cont_P68103;P68104","Cont_P68103;P68104","EF1A1_BOVIN;EF1A1_HUMAN","Elongation factor 1-alpha 1","Cont_P68103_Y418_M2_28","Phospho (STY)",-0.0257818405168655,0.770423119241889,0.933919515166122,4,"Not significant"
"Unstim / LPS","EEF1A1","Cont_P68103;P68104","Cont_P68103;P68104","EF1A1_BOVIN;EF1A1_HUMAN","Elongation factor 1-alpha 1","P68104_Y418_M2_28","Phospho (STY)",-0.0257818405168655,0.770423119241889,0.933919515166122,4,"Not significant"
"Unstim / LPS","TXNDC12","O95881","O95881","TXD12_HUMAN","Thioredoxin domain-containing protein 12","O95881_S53_M1_28","Phospho (STY)",0.17308618999438,0.770952593298122,0.936556668517949,6,"Not significant"
"Unstim / LPS","CCT8","P50990","P50990","TCPQ_HUMAN","T-complex protein 1 subunit theta","P50990_Y468_M1_28","Phospho (STY)",0.051979127695874,0.771331762735403,0.938143303072703,6,"Not significant"
"Unstim / LPS","HMOX2","P30519","P30519","HMOX2_HUMAN","Heme oxygenase 2","P30519_Y157_M1_28","Phospho (STY)",0.0388213599077227,0.771753603649231,0.939829701944993,4,"Not significant"
"Unstim / LPS","CREB1","P16220","P16220","CREB1_HUMAN","Cyclic AMP-responsive element-binding protein 1","P16220_S257_M1_28","Phospho (STY)",-0.0349713694720683,0.77194104951841,0.940573399134122,4,"Not significant"
"Unstim / LPS","UBXN7","O94888","O94888","UBXN7_HUMAN","UBX domain-containing protein 7","O94888_Y468_M2_28","Phospho (STY)",0.133363871864303,0.772025499946134,0.940859416805755,6,"Not significant"
"Unstim / LPS","QPCTL","Q9NXS2","Q9NXS2","QPCTL_HUMAN","Glutaminyl-peptide cyclotransferase-like protein","Q9NXS2_T216_M1_28","Phospho (STY)",0.0817442938039995,0.772033239392609,0.940891400717303,6,"Not significant"
"Unstim / LPS","ARPP19","P56211","P56211","ARP19_HUMAN","cAMP-regulated phosphoprotein 19","P56211_T85_M1_28","Phospho (STY)",-0.0403363825142799,0.772801662176808,0.943864821524162,5,"Not significant"
"Unstim / LPS","ITGB2","P05107","P05107","ITB2_HUMAN","Integrin beta-2","P05107_Y382_M2_28","Phospho (STY)",0.133035896795964,0.774461814934984,0.951109665516815,6,"Not significant"
"Unstim / LPS","HLA-H","P01893","P01893","HLAH_HUMAN","Putative HLA class I histocompatibility antigen, alpha chain H","P01893_S48_M1_28","Phospho (STY)",0.128402505147282,0.774491049515415,0.951203656413535,4,"Not significant"
"Unstim / LPS","ANXA5","P08758","P08758","ANXA5_HUMAN","Annexin A5","P08758_T74_M1_28","Phospho (STY)",0.0955965864516957,0.775548223215685,0.955575300993977,5,"Not significant"
"Unstim / LPS","TMSB4X","P62328","P62328","TYB4_HUMAN","Thymosin beta-4","P62328_S31_M1_28","Phospho (STY)",-0.0165567634688188,0.775852853881281,0.957059322827243,4,"Not significant"
"Unstim / LPS","HNRNPA2B1","P22626","P22626","ROA2_HUMAN","Heterogeneous nuclear ribonucleoproteins A2/B1","P22626_S189_M1_28","Phospho (STY)",-0.094225592606094,0.776119225394449,0.958298512420689,5,"Not significant"
"Unstim / LPS","EEF1A1","Cont_P68103;P68104","Cont_P68103;P68104","EF1A1_BOVIN;EF1A1_HUMAN","Elongation factor 1-alpha 1","Cont_P68103_T242_M1_28","Phospho (STY)",0.0372997015868286,0.777911717336265,0.966079051077016,4,"Not significant"
"Unstim / LPS","EEF1A1","Cont_P68103;P68104","Cont_P68103;P68104","EF1A1_BOVIN;EF1A1_HUMAN","Elongation factor 1-alpha 1","P68104_T242_M1_28","Phospho (STY)",0.0372997015868286,0.777911717336265,0.966079051077016,4,"Not significant"
"Unstim / LPS","RAB4A","P20338","P20338","RAB4A_HUMAN","Ras-related protein Rab-4A","P20338_Y61_M1_28","Phospho (STY)",-0.0111112624802481,0.778140915523114,0.96708580232938,6,"Not significant"
"Unstim / LPS","NUCB1","Q02818","Q02818","NUCB1_HUMAN","Nucleobindin-1","Q02818_S86_M1_28","Phospho (STY)",-0.0305428772605772,0.7781952764098,0.967316640033399,4,"Not significant"
"Unstim / LPS","PRKCSH","P14314","P14314","GLU2B_HUMAN","Glucosidase 2 subunit beta","P14314_T489_M1_28","Phospho (STY)",0.00662027464258638,0.778816603168799,0.97013083300541,4,"Not significant"
"Unstim / LPS","AHNAK","Q09666","Q09666","AHNK_HUMAN","Neuroblast differentiation-associated protein AHNAK","Q09666_T1192_M1_28","Phospho (STY)",0.0801865497604823,0.779087031872924,0.971289656744918,5,"Not significant"
"Unstim / LPS","AHNAK","Q09666","Q09666","AHNK_HUMAN","Neuroblast differentiation-associated protein AHNAK","Q09666_T1986_M1_28","Phospho (STY)",0.0801865497604823,0.779087031872924,0.971289656744918,5,"Not significant"
"Unstim / LPS","EEF1A1P5","Q5VTE0","Q5VTE0","EF1A3_HUMAN","Putative elongation factor 1-alpha-like 3","Q5VTE0_Y357_M1_28","Phospho (STY)",0.00991070760313334,0.779913501254891,0.974750428390837,6,"Not significant"
"Unstim / LPS","RPS3","P23396","P23396","RS3_HUMAN","Small ribosomal subunit protein uS3","P23396_S209_M1_28","Phospho (STY)",-0.0509968819801114,0.780307744522705,0.976512941123608,6,"Not significant"
"Unstim / LPS","PTGS1","P23219","P23219","PGH1_HUMAN","Prostaglandin G/H synthase 1","P23219_Y543_M2_28","Phospho (STY)",-0.0328588317275254,0.780428781869004,0.977102383011708,6,"Not significant"
"Unstim / LPS","PCNA","P12004","P12004","PCNA_HUMAN","Proliferating cell nuclear antigen","P12004_Y133_M1_28","Phospho (STY)",-0.0172154448892284,0.781619068766551,0.982121968138723,6,"Not significant"
"Unstim / LPS","GAPDH","P04406","P04406","G3P_HUMAN","Glyceraldehyde-3-phosphate dehydrogenase","P04406_T153_M1_28","Phospho (STY)",-0.0109659712022688,0.78183428919778,0.982994022005063,4,"Not significant"
"Unstim / LPS","DYNLRB1","Q9NP97","Q9NP97","DLRB1_HUMAN","Dynein light chain roadblock-type 1","Q9NP97_Y86_M1_28","Phospho (STY)",0.0217978813564915,0.782631504117647,0.986383574450439,6,"Not significant"
"Unstim / LPS","RPL23","P62829","P62829","RL23_HUMAN","Large ribosomal subunit protein uL14","P62829_Y38_M2_28","Phospho (STY)",-0.0148003580868419,0.78286454538708,0.987484126809753,6,"Not significant"
"Unstim / LPS","PRPF8","Q6P2Q9","Q6P2Q9","PRP8_HUMAN","Pre-mRNA-processing-splicing factor 8","Q6P2Q9_Y1991_M1_28","Phospho (STY)",-0.00357109053651688,0.783101220484176,0.988504387329265,6,"Not significant"
"Unstim / LPS","LNPK","Q9C0E8","Q9C0E8","LNP_HUMAN","Endoplasmic reticulum junction formation protein lunapark","Q9C0E8_S194_M1_28","Phospho (STY)",0.00959367921434087,0.783380120241392,0.98982732693029,6,"Not significant"
"Unstim / LPS","HCFC1","P51610","P51610","HCFC1_HUMAN","Host cell factor 1","P51610_S1507_M1_28","Phospho (STY)",-0.0114400819936394,0.783444620831635,0.990043182329465,4,"Not significant"
"Unstim / LPS","ITGA5","P08648","P08648","ITA5_HUMAN","Integrin alpha-5","P08648_S127_M1_28","Phospho (STY)",0.0063258888157759,0.783722925960978,0.991358623024065,5,"Not significant"
"Unstim / LPS","CYB5B","O43169","O43169","CYB5B_HUMAN","Cytochrome b5 type B","O43169_S37_M1_28","Phospho (STY)",0.011131216157872,0.783729175409125,0.991398911308994,6,"Not significant"
"Unstim / LPS","RAB1A","P62820","P62820","RAB1A_HUMAN","Ras-related protein Rab-1A","P62820_S145_M2_28","Phospho (STY)",0.000463054712613342,0.785008653411201,0.997516277784019,5,"Not significant"
