"Comparison (group1/group2)","Genes","UniProtIds","ProteinGroups","ProteinNames","ProteinDescriptions","Group","PTM.ModificationTitle","AVG Log2 Ratio","Qvalue","Pvalue","# of Ratios","Significance"
"P3C4+Nigericin / Nigericin","MSN","P26038","P26038","MOES_HUMAN","Moesin","P26038_K438_M2_17","GlyGly (K)",-7.20179889368971,0.402783260240171,0.00223482394124482,6,"Not significant"
"P3C4+Nigericin / Nigericin","MSN","P26038","P26038","MOES_HUMAN","Moesin","P26038_K437_M2_17","GlyGly (K)",-7.20179889368971,0.402783260240171,0.00223482394124482,6,"Not significant"
"P3C4+Nigericin / Nigericin","TOP1","P11387","P11387","TOP1_HUMAN","DNA topoisomerase 1","P11387_K252_M1_17","GlyGly (K)",-8.64551508532712,0.413184445737917,0.00277743416786586,5,"Not significant"
"P3C4+Nigericin / Nigericin","RPL19","P84098","P84098","RL19_HUMAN","Large ribosomal subunit protein eL19","P84098_K20_M2_17","GlyGly (K)",1.22243475104822,0.437885963148615,0.00626258881081701,4,"Not significant"
"P3C4+Nigericin / Nigericin","INF2","Q27J81","Q27J81","INF2_HUMAN","Inverted formin-2","Q27J81_K966_M1_17","GlyGly (K)",-0.815189736456795,0.457974612825466,0.0115396199145209,6,"Not significant"
"P3C4+Nigericin / Nigericin","BTN2A1","Q7KYR7","Q7KYR7","BT2A1_HUMAN","Butyrophilin subfamily 2 member A1","Q7KYR7_K311_M1_17","GlyGly (K)",-6.43062793371791,0.464399835403665,0.0130994278372236,6,"Not significant"
"P3C4+Nigericin / Nigericin","PKM","P14618","P14618","KPYM_HUMAN","Pyruvate kinase PKM","P14618_K322_M1_17","GlyGly (K)",-0.784509870112282,0.465438610918628,0.0135896220760987,6,"Not significant"
"P3C4+Nigericin / Nigericin","AK2","P54819","P54819","KAD2_HUMAN","Adenylate kinase 2, mitochondrial","P54819_K119_M2_17","GlyGly (K)",-1.05866392500732,0.478575491851677,0.0198478673912749,5,"Not significant"
"P3C4+Nigericin / Nigericin","TXN","P10599","P10599","THIO_HUMAN","Thioredoxin","P10599_K96_M2_17","GlyGly (K)",-0.930543108704578,0.486749787367375,0.0224359796473453,6,"Not significant"
"P3C4+Nigericin / Nigericin","TXN","P10599","P10599","THIO_HUMAN","Thioredoxin","P10599_K94_M2_17","GlyGly (K)",-0.930543108704578,0.486749787367375,0.0224359796473453,6,"Not significant"
"P3C4+Nigericin / Nigericin","SYNCRIP","O60506","O60506","HNRPQ_HUMAN","Heterogeneous nuclear ribonucleoprotein Q","O60506_K363_M2_17","GlyGly (K)",-8.73153349747592,0.488930242247112,0.023791322904661,5,"Not significant"
"P3C4+Nigericin / Nigericin","HSP90AA1","P07900","P07900","HS90A_HUMAN","Heat shock protein HSP 90-alpha","P07900_K436_M2_17","GlyGly (K)",-0.351060859036062,0.496871471893208,0.0282192517225509,6,"Not significant"
"P3C4+Nigericin / Nigericin","HSP90AA1","P07900","P07900","HS90A_HUMAN","Heat shock protein HSP 90-alpha","P07900_K435_M2_17","GlyGly (K)",-0.351060859036062,0.496871471893208,0.0282192517225509,6,"Not significant"
"P3C4+Nigericin / Nigericin","HINT1","P49773","P49773","HINT1_HUMAN","Adenosine 5'-monophosphoramidase HINT1","P49773_K30_M1_17","GlyGly (K)",-2.4125940609784,0.499176998367798,0.0295827976780008,6,"Not significant"
"P3C4+Nigericin / Nigericin","AHNAK","Q09666","Q09666","AHNK_HUMAN","Neuroblast differentiation-associated protein AHNAK","Q09666_K4687_M2_17","GlyGly (K)",7.19941144261069,0.512434105466536,0.0386035111603874,4,"Not significant"
"P3C4+Nigericin / Nigericin","SQOR","Q9Y6N5","Q9Y6N5","SQOR_HUMAN","Sulfide:quinone oxidoreductase, mitochondrial","Q9Y6N5_K320_M1_17","GlyGly (K)",-2.68060485973448,0.513230200906203,0.0391618289941221,6,"Not significant"
"P3C4+Nigericin / Nigericin","PPP1R10","Q96QC0","Q96QC0","PP1RA_HUMAN","Serine/threonine-protein phosphatase 1 regulatory subunit 10","Q96QC0_K458_M1_17","GlyGly (K)",0.887969050171298,0.514429658721987,0.0403207191024549,6,"Not significant"
"P3C4+Nigericin / Nigericin","VCP","P55072","P55072","TERA_HUMAN","Transitional endoplasmic reticulum ATPase","P55072_K426_M1_17","GlyGly (K)",-0.8932116759027,0.519766287679415,0.0441599731100272,6,"Not significant"
"P3C4+Nigericin / Nigericin","CNDP2","Q96KP4","Q96KP4","CNDP2_HUMAN","Cytosolic non-specific dipeptidase","Q96KP4_K402_M1_17","GlyGly (K)",-0.55963383474691,0.525016439434155,0.0479687727541513,6,"Not significant"
"P3C4+Nigericin / Nigericin","MRE11","P49959","P49959","MRE11_HUMAN","Double-strand break repair protein MRE11","P49959_K28_M1_17","GlyGly (K)",-2.10048558544524,0.53002442522894,0.0526879531807798,6,"Not significant"
"P3C4+Nigericin / Nigericin","RNH1","P13489","P13489","RINI_HUMAN","Ribonuclease inhibitor","P13489_K287_M1_17","GlyGly (K)",-0.693316294000576,0.530108992862191,0.0527720203493632,6,"Not significant"
"P3C4+Nigericin / Nigericin","ATP5F1A","P25705","P25705","ATPA_HUMAN","ATP synthase subunit alpha, mitochondrial","P25705_K316_M1_17","GlyGly (K)",-0.64191037619482,0.535000851886307,0.0588417688994042,6,"Not significant"
"P3C4+Nigericin / Nigericin","BLMH","Q13867","Q13867","BLMH_HUMAN","Bleomycin hydrolase","Q13867_K244_M1_17","GlyGly (K)",-0.584262884877374,0.535000851886307,0.0588857250961723,6,"Not significant"
"P3C4+Nigericin / Nigericin","SOD2","P04179","P04179","SODM_HUMAN","Superoxide dismutase [Mn], mitochondrial","P04179_K75_M1_17","GlyGly (K)",2.46825351877099,0.53530218428688,0.0592475320932414,6,"Not significant"
"P3C4+Nigericin / Nigericin","PPP1R12A","O14974","O14974","MYPT1_HUMAN","Protein phosphatase 1 regulatory subunit 12A","O14974_K945_M1_17","GlyGly (K)",1.1174474348747,0.535364570473636,0.0594837156605025,6,"Not significant"
"P3C4+Nigericin / Nigericin","FGA","Cont_P02672","Cont_P02672","FIBA_BOVIN","Fibrinogen alpha chain","Cont_P02672_K543_M1_17","GlyGly (K)",0.909648738333748,0.53616174719406,0.0600737523500011,6,"Not significant"
"P3C4+Nigericin / Nigericin","PGD","P52209","P52209","6PGD_HUMAN","6-phosphogluconate dehydrogenase, decarboxylating","P52209_K119_M2_17","GlyGly (K)",-0.383982973930758,0.537455950621992,0.0613948056343028,6,"Not significant"
"P3C4+Nigericin / Nigericin","PGD","P52209","P52209","6PGD_HUMAN","6-phosphogluconate dehydrogenase, decarboxylating","P52209_K117_M2_17","GlyGly (K)",-0.383982973930758,0.537455950621992,0.0613948056343028,6,"Not significant"
"P3C4+Nigericin / Nigericin","RPL27","P61353","P61353","RL27_HUMAN","Large ribosomal subunit protein eL27","P61353_K69_M2_17","GlyGly (K)",1.14373364746803,0.542777915175322,0.0659829646680579,5,"Not significant"
"P3C4+Nigericin / Nigericin","HSP90AB1","P08238","P08238","HS90B_HUMAN","Heat shock protein HSP 90-beta","P08238_K624_M1_17","GlyGly (K)",-1.12671476095616,0.544775544332336,0.0690425188197007,6,"Not significant"
"P3C4+Nigericin / Nigericin","SRRT","Q9BXP5","Q9BXP5","SRRT_HUMAN","Serrate RNA effector molecule homolog","Q9BXP5_K391_M1_17","GlyGly (K)",-0.201605826067232,0.548612331217474,0.0743342527293033,6,"Not significant"
"P3C4+Nigericin / Nigericin","ACTB","Cont_P60712;P60709","Cont_P60712;P60709","ACTB_BOVIN;ACTB_HUMAN","Actin, cytoplasmic 1;Actin, cytoplasmic 1","Cont_P60712_K284_M1_17","GlyGly (K)",-0.369158971693453,0.550751305577405,0.0763122505238272,6,"Not significant"
"P3C4+Nigericin / Nigericin","ACTB","Cont_P60712;P60709","Cont_P60712;P60709","ACTB_BOVIN;ACTB_HUMAN","Actin, cytoplasmic 1;Actin, cytoplasmic 1","P60709_K284_M1_17","GlyGly (K)",-0.369158971693453,0.550751305577405,0.0763122505238272,6,"Not significant"
"P3C4+Nigericin / Nigericin","MOV10","Q9HCE1","Q9HCE1","MOV10_HUMAN","Helicase MOV-10","Q9HCE1_K952_M1_17","GlyGly (K)",-0.877498055206013,0.556604607267625,0.0844459630189884,6,"Not significant"
"P3C4+Nigericin / Nigericin","TXNDC12","O95881","O95881","TXD12_HUMAN","Thioredoxin domain-containing protein 12","O95881_K123_M1_17","GlyGly (K)",-1.89032930920814,0.560615693460583,0.0891604150942611,6,"Not significant"
"P3C4+Nigericin / Nigericin","ACADM","P11310","P11310","ACADM_HUMAN","Medium-chain specific acyl-CoA dehydrogenase, mitochondrial","P11310_K217_M1_17","GlyGly (K)",-0.74712596510496,0.561806014409321,0.0907465781959225,6,"Not significant"
"P3C4+Nigericin / Nigericin","GSS","P48637","P48637","GSHB_HUMAN","Glutathione synthetase","P48637_K293_M1_17","GlyGly (K)",-0.555249674580489,0.567042646621581,0.0984550520062516,6,"Not significant"
"P3C4+Nigericin / Nigericin","TOP2B","Q02880","Q02880","TOP2B_HUMAN","DNA topoisomerase 2-beta","Q02880_K104_M1_17","GlyGly (K)",-1.4017649185968,0.569255740703786,0.101980857922149,6,"Not significant"
"P3C4+Nigericin / Nigericin","MLLT1","Q03111","Q03111","ENL_HUMAN","Protein ENL","Q03111_K269_M2_17","GlyGly (K)",0.31107904717569,0.571942046700995,0.105575149858753,5,"Not significant"
"P3C4+Nigericin / Nigericin","NOP2","P46087","P46087","NOP2_HUMAN","Probable 28S rRNA (cytosine(4447)-C(5))-methyltransferase","P46087_K649_M2_17","GlyGly (K)",-0.202972637305332,0.576752063832689,0.113910826553604,5,"Not significant"
"P3C4+Nigericin / Nigericin","RPS27A","P62979","P62979","RS27A_HUMAN","Ubiquitin-ribosomal protein eS31 fusion protein","P62979_K48_M1_17","GlyGly (K)",-0.446870286031156,0.576797251842411,0.114023602121165,6,"Not significant"
"P3C4+Nigericin / Nigericin","HNRNPM","P52272","P52272","HNRPM_HUMAN","Heterogeneous nuclear ribonucleoprotein M","P52272_K221_M2_17","GlyGly (K)",-0.775056566459872,0.576924086475931,0.114509724967067,6,"Not significant"
"P3C4+Nigericin / Nigericin","HNRNPM","P52272","P52272","HNRPM_HUMAN","Heterogeneous nuclear ribonucleoprotein M","P52272_K219_M2_17","GlyGly (K)",-0.775056566459872,0.576924086475931,0.114509724967067,6,"Not significant"
"P3C4+Nigericin / Nigericin","SAMHD1","Q9Y3Z3","Q9Y3Z3","SAMH1_HUMAN","Deoxynucleoside triphosphate triphosphohydrolase SAMHD1","Q9Y3Z3_K354_M1_17","GlyGly (K)",-0.691719520864437,0.581679321218231,0.122348552084891,6,"Not significant"
"P3C4+Nigericin / Nigericin","ANXA6","P08133","P08133","ANXA6_HUMAN","Annexin A6","P08133_K483_M1_17","GlyGly (K)",-6.08634006285721,0.582904619344033,0.125126442421573,5,"Not significant"
"P3C4+Nigericin / Nigericin","BAG3","O95817","O95817","BAG3_HUMAN","BAG family molecular chaperone regulator 3","O95817_K460_M1_17","GlyGly (K)",5.91713485729968,0.583124895276747,0.125495586164459,6,"Not significant"
"P3C4+Nigericin / Nigericin","CANX","P27824","P27824","CALX_HUMAN","Calnexin","P27824_K384_M1_17","GlyGly (K)",-0.933958737694158,0.583531473863461,0.126271394174657,6,"Not significant"
"P3C4+Nigericin / Nigericin","ATP5F1A","P25705","P25705","ATPA_HUMAN","ATP synthase subunit alpha, mitochondrial","P25705_K175_M1_17","GlyGly (K)",-0.386566869468122,0.585083671372994,0.129153747181084,6,"Not significant"
"P3C4+Nigericin / Nigericin","GPI","P06744","P06744","G6PI_HUMAN","Glucose-6-phosphate isomerase","P06744_K194_M1_17","GlyGly (K)",-1.13814051679691,0.588300207338146,0.135250075225995,6,"Not significant"
"P3C4+Nigericin / Nigericin","IMP4","Q96G21","Q96G21","IMP4_HUMAN","U3 small nucleolar ribonucleoprotein protein IMP4","Q96G21_K129_M1_17","GlyGly (K)",3.52891411532883,0.588300207338146,0.135186344244773,6,"Not significant"
"P3C4+Nigericin / Nigericin","C6orf47","O95873","O95873","CF047_HUMAN","Uncharacterized protein C6orf47","O95873_K147_M1_17","GlyGly (K)",-2.60280395165562,0.588427652137788,0.135622209740202,6,"Not significant"
"P3C4+Nigericin / Nigericin","MTHFD1","P11586","P11586","C1TC_HUMAN","C-1-tetrahydrofolate synthase, cytoplasmic","P11586_K370_M1_17","GlyGly (K)",-1.08857609790746,0.592701598475161,0.143893508094508,6,"Not significant"
"P3C4+Nigericin / Nigericin","CSTB","P04080","P04080","CYTB_HUMAN","Cystatin-B","P04080_K39_M1_17","GlyGly (K)",-0.356557430963802,0.59280606374323,0.144051727079217,6,"Not significant"
"P3C4+Nigericin / Nigericin","RPL4","P36578","P36578","RL4_HUMAN","Large ribosomal subunit protein uL4","P36578_K157_M1_17","GlyGly (K)",-1.1504267322681,0.593858344542271,0.145797358551306,6,"Not significant"
"P3C4+Nigericin / Nigericin","GRPEL1","Q9HAV7","Q9HAV7","GRPE1_HUMAN","GrpE protein homolog 1, mitochondrial","Q9HAV7_K153_M1_17","GlyGly (K)",-1.23259826844765,0.594983829201135,0.147804893151902,6,"Not significant"
"P3C4+Nigericin / Nigericin","RPL38","P63173","P63173","RL38_HUMAN","Large ribosomal subunit protein eL38","P63173_K9_M1_17","GlyGly (K)",-0.509268892380843,0.598229895103108,0.154947416345934,6,"Not significant"
"P3C4+Nigericin / Nigericin","TMPO","P42166","P42166","LAP2A_HUMAN","Lamina-associated polypeptide 2, isoform alpha","P42166_K15_M1_17","GlyGly (K)",-1.05230882001952,0.598448445843094,0.155365874719238,6,"Not significant"
"P3C4+Nigericin / Nigericin","SUB1","P53999","P53999","TCP4_HUMAN","Activated RNA polymerase II transcriptional coactivator p15","P53999_K114_M1_17","GlyGly (K)",-5.46960495992663,0.598717714622885,0.155708119677608,6,"Not significant"
"P3C4+Nigericin / Nigericin","PGRMC2","O15173","O15173","PGRC2_HUMAN","Membrane-associated progesterone receptor component 2","O15173_K217_M2_17","GlyGly (K)",0.494819494696128,0.598778155036735,0.156102855470219,6,"Not significant"
"P3C4+Nigericin / Nigericin","STIP1","P31948","P31948","STIP1_HUMAN","Stress-induced-phosphoprotein 1","P31948_K100_M1_17","GlyGly (K)",2.15963688948447,0.599189602751667,0.156662713776185,6,"Not significant"
"P3C4+Nigericin / Nigericin","ATXN2L","Q8WWM7","Q8WWM7","ATX2L_HUMAN","Ataxin-2-like protein","Q8WWM7_K186_M1_17","GlyGly (K)",-1.60768920601213,0.59973198466851,0.15739713181841,6,"Not significant"
"P3C4+Nigericin / Nigericin","MTF1","Q14872","Q14872","MTF1_HUMAN","Metal regulatory transcription factor 1","Q14872_K627_M1_17","GlyGly (K)",1.4217120930197,0.602820456834874,0.163526812218493,6,"Not significant"
"P3C4+Nigericin / Nigericin","POTEF","A5A3E0","A5A3E0","POTEF_HUMAN","POTE ankyrin domain family member F","A5A3E0_K938_M1_17","GlyGly (K)",-7.72894859225396,0.603121480649919,0.184057617100035,6,"Not significant"
"P3C4+Nigericin / Nigericin","PSMD14","O00487","O00487","PSDE_HUMAN","26S proteasome non-ATPase regulatory subunit 14","O00487_K43_M2_17","GlyGly (K)",0.71829255426771,0.603121480649919,0.185376068917874,5,"Not significant"
"P3C4+Nigericin / Nigericin","TGFB1","P01137","P01137","TGFB1_HUMAN","Transforming growth factor beta-1 proprotein","P01137_K291_M1_17","GlyGly (K)",-0.699240601808565,0.603121480649919,0.190866738485676,6,"Not significant"
"P3C4+Nigericin / Nigericin","ANXA1","P04083","P04083","ANXA1_HUMAN","Annexin A1","P04083_K53_M1_17","GlyGly (K)",10.403234071047,0.603121480649919,0.187189031108168,6,"Not significant"
"P3C4+Nigericin / Nigericin","ITGB1","P05556","P05556","ITB1_HUMAN","Integrin beta-1","P05556_K163_M1_17","GlyGly (K)",-0.446188146351273,0.603121480649919,0.192300164960054,6,"Not significant"
"P3C4+Nigericin / Nigericin","HSP90AA1","P07900","P07900","HS90A_HUMAN","Heat shock protein HSP 90-alpha","P07900_K534_M1_17","GlyGly (K)",-7.37170165922431,0.603121480649919,0.18382559348719,6,"Not significant"
"P3C4+Nigericin / Nigericin","HSP90AB1","P08238","P08238","HS90B_HUMAN","Heat shock protein HSP 90-beta","P08238_K607_M1_17","GlyGly (K)",10.0373337496914,0.603121480649919,0.183566459443728,6,"Not significant"
"P3C4+Nigericin / Nigericin","ALDOC","P09972","P09972","ALDOC_HUMAN","Fructose-bisphosphate aldolase C","P09972_K153_M1_17","GlyGly (K)",-9.92829414851188,0.603121480649919,0.185052976699149,6,"Not significant"
"P3C4+Nigericin / Nigericin","HSPD1","P10809","P10809","CH60_HUMAN","60 kDa heat shock protein, mitochondrial","P10809_K389_M2_17","GlyGly (K)",-0.378900560687483,0.603121480649919,0.188736746785763,6,"Not significant"
"P3C4+Nigericin / Nigericin","HSPD1","P10809","P10809","CH60_HUMAN","60 kDa heat shock protein, mitochondrial","P10809_K387_M2_17","GlyGly (K)",-0.378900560687483,0.603121480649919,0.188736746785763,6,"Not significant"
"P3C4+Nigericin / Nigericin","ACADM","P11310","P11310","ACADM_HUMAN","Medium-chain specific acyl-CoA dehydrogenase, mitochondrial","P11310_K69_M1_17","GlyGly (K)",6.59080798442593,0.603121480649919,0.183887867973844,6,"Not significant"
"P3C4+Nigericin / Nigericin","ANXA8","P13928","P13928","ANXA8_HUMAN","Annexin A8","P13928_K112_M1_17","GlyGly (K)",8.85737670021651,0.603121480649919,0.18905555316528,6,"Not significant"
"P3C4+Nigericin / Nigericin","PKM","P14618","P14618","KPYM_HUMAN","Pyruvate kinase PKM","P14618_K151_M1_17","GlyGly (K)",-5.95228191410751,0.603121480649919,0.184695355245063,6,"Not significant"
"P3C4+Nigericin / Nigericin","TCP1","P17987","P17987","TCPA_HUMAN","T-complex protein 1 subunit alpha","P17987_K43_M1_17","GlyGly (K)",-0.500697974979376,0.603121480649919,0.186446257236476,6,"Not significant"
"P3C4+Nigericin / Nigericin","PGAM1","P18669","P18669","PGAM1_HUMAN","Phosphoglycerate mutase 1","P18669_K138_M1_17","GlyGly (K)",3.676041464903,0.603121480649919,0.192993828644626,6,"Not significant"
"P3C4+Nigericin / Nigericin","APEX1","P27695","P27695","APEX1_HUMAN","DNA-(apurinic or apyrimidinic site) endonuclease","P27695_K58_M2_17","GlyGly (K)",-0.495485246375112,0.603121480649919,0.179448390988939,6,"Not significant"
"P3C4+Nigericin / Nigericin","PML","P29590","P29590","PML_HUMAN","Protein PML","P29590_K209_M1_17","GlyGly (K)",-0.884281389481538,0.603121480649919,0.184728838741944,6,"Not significant"
"P3C4+Nigericin / Nigericin","HSPA9","P38646","P38646","GRP75_HUMAN","Stress-70 protein, mitochondrial","P38646_K76_M1_17","GlyGly (K)",12.6299704818398,0.603121480649919,0.185898756516722,6,"Not significant"
"P3C4+Nigericin / Nigericin","CAPG","P40121","P40121","CAPG_HUMAN","Macrophage-capping protein","P40121_K115_M1_17","GlyGly (K)",6.96927497368491,0.603121480649919,0.185143104708835,6,"Not significant"
"P3C4+Nigericin / Nigericin","WAS","P42768","P42768","WASP_HUMAN","Actin nucleation-promoting factor WAS","P42768_K235_M1_17","GlyGly (K)",5.07821938577285,0.603121480649919,0.178371399904052,6,"Not significant"
"P3C4+Nigericin / Nigericin","NSF","P46459","P46459","NSF_HUMAN","Vesicle-fusing ATPase","P46459_K283_M1_17","GlyGly (K)",-0.318085171345576,0.603121480649919,0.173674385135405,6,"Not significant"
"P3C4+Nigericin / Nigericin","ARHGDIA","P52565","P52565","GDIR1_HUMAN","Rho GDP-dissociation inhibitor 1","P52565_K167_M1_17","GlyGly (K)",1.59432670176468,0.603121480649919,0.168974723319205,6,"Not significant"
"P3C4+Nigericin / Nigericin","RAB14","P61106","P61106","RAB14_HUMAN","Ras-related protein Rab-14","P61106_K61_M2_17","GlyGly (K)",-0.560419111504431,0.603121480649919,0.170274946850407,6,"Not significant"
"P3C4+Nigericin / Nigericin","RAB14","P61106","P61106","RAB14_HUMAN","Ras-related protein Rab-14","P61106_K59_M2_17","GlyGly (K)",-0.560419111504431,0.603121480649919,0.170274946850407,6,"Not significant"
"P3C4+Nigericin / Nigericin","RAP1B","P61224","P61224","RAP1B_HUMAN","Ras-related protein Rap-1b","P61224_K42_M1_17","GlyGly (K)",-0.97122567182881,0.603121480649919,0.176962329661847,6,"Not significant"
"P3C4+Nigericin / Nigericin","WDR5","P61964","P61964","WDR5_HUMAN","WD repeat-containing protein 5","P61964_K165_M1_17","GlyGly (K)",-0.329675434038836,0.603121480649919,0.17791181937763,6,"Not significant"
"P3C4+Nigericin / Nigericin","RAB11B","Q15907","Q15907","RB11B_HUMAN","Ras-related protein Rab-11B","Q15907_K41_M1_17","GlyGly (K)",-1.0442615659262,0.603121480649919,0.165978253138441,6,"Not significant"
"P3C4+Nigericin / Nigericin","HP1BP3","Q5SSJ5","Q5SSJ5","HP1B3_HUMAN","Heterochromatin protein 1-binding protein 3","Q5SSJ5_K258_M1_17","GlyGly (K)",7.18763644933634,0.603121480649919,0.184604989927164,6,"Not significant"
"P3C4+Nigericin / Nigericin","HP1BP3","Q5SSJ5","Q5SSJ5","HP1B3_HUMAN","Heterochromatin protein 1-binding protein 3","Q5SSJ5_K33_M1_17","GlyGly (K)",-1.84817201165984,0.603121480649919,0.168230365170633,5,"Not significant"
"P3C4+Nigericin / Nigericin","RAB44","Q7Z6P3","Q7Z6P3","RAB44_HUMAN","Ras-related protein Rab-44","Q7Z6P3_K880_M1_17","GlyGly (K)",-0.689529999830509,0.603121480649919,0.189838046724873,6,"Not significant"
"P3C4+Nigericin / Nigericin","TM9SF3","Q9HD45","Q9HD45","TM9S3_HUMAN","Transmembrane 9 superfamily member 3","Q9HD45_K114_M1_17","GlyGly (K)",-4.89192851932415,0.603121480649919,0.187921908912149,6,"Not significant"
"P3C4+Nigericin / Nigericin","DNAJB11","Q9UBS4","Q9UBS4","DJB11_HUMAN","DnaJ homolog subfamily B member 11","Q9UBS4_K328_M1_17","GlyGly (K)",-0.456400400656479,0.603121480649919,0.170203756256396,6,"Not significant"
"P3C4+Nigericin / Nigericin","CD2AP","Q9Y5K6","Q9Y5K6","CD2AP_HUMAN","CD2-associated protein","Q9Y5K6_K557_M1_17","GlyGly (K)",-4.47881791407964,0.603121480649919,0.187302447975967,6,"Not significant"
"P3C4+Nigericin / Nigericin","AGRN","O00468","O00468","AGRIN_HUMAN","Agrin","O00468_K1863_M1_17","GlyGly (K)",-0.671999811750977,0.603202993881853,0.199389776249991,6,"Not significant"
"P3C4+Nigericin / Nigericin","SRP19","P09132","P09132","SRP19_HUMAN","Signal recognition particle 19 kDa protein","P09132_K39_M1_17","GlyGly (K)",0.421133919255865,0.603202993881853,0.196527589673955,6,"Not significant"
"P3C4+Nigericin / Nigericin","ACTB","Cont_P60712;P60709","Cont_P60712;P60709","ACTB_BOVIN;ACTB_HUMAN","Actin, cytoplasmic 1;Actin, cytoplasmic 1","Cont_P60712_K50_M1_17","GlyGly (K)",-1.30372658841219,0.603207088307491,0.200049894878346,6,"Not significant"
"P3C4+Nigericin / Nigericin","ACTB","Cont_P60712;P60709","Cont_P60712;P60709","ACTB_BOVIN;ACTB_HUMAN","Actin, cytoplasmic 1;Actin, cytoplasmic 1","P60709_K50_M1_17","GlyGly (K)",-1.30372658841219,0.603207088307491,0.200049894878346,6,"Not significant"
"P3C4+Nigericin / Nigericin","ACTN1","P12814","P12814","ACTN1_HUMAN","Alpha-actinin-1","P12814_K420_M1_17","GlyGly (K)",5.17134699447006,0.603446985831798,0.20062786549381,6,"Not significant"
"P3C4+Nigericin / Nigericin","PPIB","P23284","P23284","PPIB_HUMAN","Peptidyl-prolyl cis-trans isomerase B","P23284_K84_M1_17","GlyGly (K)",-9.13293034015915,0.603615043083975,0.202826012199651,6,"Not significant"
"P3C4+Nigericin / Nigericin","AARS1","P49588","P49588","SYAC_HUMAN","Alanine--tRNA ligase, cytoplasmic","P49588_K898_M1_17","GlyGly (K)",-1.06051454640869,0.603741242186471,0.204131356228044,6,"Not significant"
"P3C4+Nigericin / Nigericin","GALK1","P51570","P51570","GALK1_HUMAN","Galactokinase","P51570_K252_M1_17","GlyGly (K)",3.90904751122551,0.603994040808535,0.205092469743612,6,"Not significant"
"P3C4+Nigericin / Nigericin","XIRP1","Q702N8","Q702N8","XIRP1_HUMAN","Xin actin-binding repeat-containing protein 1","Q702N8_K230_M2_17","GlyGly (K)",4.91234594285349,0.604149165971082,0.205486955154755,6,"Not significant"
"P3C4+Nigericin / Nigericin","CCT2","P78371","P78371","TCPB_HUMAN","T-complex protein 1 subunit beta","P78371_K120_M1_17","GlyGly (K)",6.82723364308348,0.604316063081654,0.206405357433837,6,"Not significant"
"P3C4+Nigericin / Nigericin","HSPA9","P38646","P38646","GRP75_HUMAN","Stress-70 protein, mitochondrial","P38646_K485_M1_17","GlyGly (K)",-4.97144070825424,0.604971705964017,0.21001624223632,6,"Not significant"
"P3C4+Nigericin / Nigericin","LRRFIP2","Q9Y608","Q9Y608","LRRF2_HUMAN","Leucine-rich repeat flightless-interacting protein 2","Q9Y608_K577_M1_17","GlyGly (K)",4.67910957263565,0.605043898694828,0.210842830602018,6,"Not significant"
"P3C4+Nigericin / Nigericin","ATP5F1B","P06576","P06576","ATPB_HUMAN","ATP synthase subunit beta, mitochondrial","P06576_K432_M1_17","GlyGly (K)",2.08207889506659,0.605054223301234,0.21135656804596,6,"Not significant"
"P3C4+Nigericin / Nigericin","H2BC21","Q16778","Q16778","H2B2E_HUMAN","Histone H2B type 2-E","Q16778_K58_M2_17","GlyGly (K)",-0.620255140994448,0.606030087823053,0.215935327402113,6,"Not significant"
"P3C4+Nigericin / Nigericin","H2BC21","Q16778","Q16778","H2B2E_HUMAN","Histone H2B type 2-E","Q16778_K47_M2_17","GlyGly (K)",-0.620255140994448,0.606030087823053,0.215935327402113,6,"Not significant"
"P3C4+Nigericin / Nigericin","ATG16L1","Q676U5","Q676U5","A16L1_HUMAN","Autophagy-related protein 16-1","Q676U5_K266_M1_17","GlyGly (K)",5.96453124541474,0.606030087823053,0.216050011035059,6,"Not significant"
"P3C4+Nigericin / Nigericin","CAP1","Q01518","Q01518","CAP1_HUMAN","Adenylyl cyclase-associated protein 1","Q01518_K304_M1_17","GlyGly (K)",-3.0387168548822,0.606241181693605,0.216473873759554,6,"Not significant"
"P3C4+Nigericin / Nigericin","MATR3","P43243","P43243","MATR3_HUMAN","Matrin-3","P43243_K132_M1_17","GlyGly (K)",-0.779531075719019,0.606963853196942,0.219480297732266,6,"Not significant"
"P3C4+Nigericin / Nigericin","HYOU1","Q9Y4L1","Q9Y4L1","HYOU1_HUMAN","Hypoxia up-regulated protein 1","Q9Y4L1_K463_M1_17","GlyGly (K)",-4.31425676162088,0.606963853196942,0.219437389414842,6,"Not significant"
"P3C4+Nigericin / Nigericin","MMP9","P14780","P14780","MMP9_HUMAN","Matrix metalloproteinase-9","P14780_K65_M1_17","GlyGly (K)",-0.495387436351349,0.60767948238059,0.222458033025011,6,"Not significant"
"P3C4+Nigericin / Nigericin","HSPA9","P38646","P38646","GRP75_HUMAN","Stress-70 protein, mitochondrial","P38646_K206_M1_17","GlyGly (K)",-0.914700605650455,0.608414122136667,0.224694945801393,6,"Not significant"
"P3C4+Nigericin / Nigericin","HSPA1L","P34931","P34931","HS71L_HUMAN","Heat shock 70 kDa protein 1-like","P34931_K332_M1_17","GlyGly (K)",-0.412538729504992,0.609114870386368,0.227216510756575,6,"Not significant"
"P3C4+Nigericin / Nigericin","MATK","P42679","P42679","MATK_HUMAN","Megakaryocyte-associated tyrosine-protein kinase","P42679_K116_M1_17","GlyGly (K)",-1.04034248737924,0.609673168982506,0.229161940337749,6,"Not significant"
"P3C4+Nigericin / Nigericin","GAPDH","P04406","P04406","G3P_HUMAN","Glyceraldehyde-3-phosphate dehydrogenase","P04406_K66_M1_17","GlyGly (K)",-0.164565787286616,0.610344847994761,0.23197969271372,6,"Not significant"
"P3C4+Nigericin / Nigericin","TARDBP","Q13148","Q13148","TADBP_HUMAN","TAR DNA-binding protein 43","Q13148_K79_M1_17","GlyGly (K)",3.31594174588354,0.610344847994761,0.232037657644181,6,"Not significant"
"P3C4+Nigericin / Nigericin","UBR7","Q8N806","Q8N806","UBR7_HUMAN","Putative E3 ubiquitin-protein ligase UBR7","Q8N806_K384_M1_17","GlyGly (K)",-2.65813921733727,0.610935496548487,0.233678518116377,5,"Not significant"
"P3C4+Nigericin / Nigericin","JUNB","P17275","P17275","JUNB_HUMAN","Transcription factor JunB","P17275_K304_M1_17","GlyGly (K)",-1.04195572275129,0.611863142187183,0.236977907243206,6,"Not significant"
"P3C4+Nigericin / Nigericin","DEF6","Q9H4E7","Q9H4E7","DEFI6_HUMAN","Differentially expressed in FDCP 6 homolog","Q9H4E7_K254_M1_17","GlyGly (K)",-2.12066432927109,0.611875725554705,0.237487638124874,6,"Not significant"
"P3C4+Nigericin / Nigericin","BRD2","P25440","P25440","BRD2_HUMAN","Bromodomain-containing protein 2","P25440_K10_M1_17","GlyGly (K)",-0.817258617443247,0.612418328711939,0.239329244098721,6,"Not significant"
"P3C4+Nigericin / Nigericin","H1-3","P16402","P16402","H13_HUMAN","Histone H1.3","P16402_K35_M1_17","GlyGly (K)",-0.884331381060863,0.612420365212941,0.23944858747244,6,"Not significant"
"P3C4+Nigericin / Nigericin","HSPA8","P11142","P11142","HSP7C_HUMAN","Heat shock cognate 71 kDa protein","P11142_K583_M1_17","GlyGly (K)",-1.04522822735466,0.612915173869569,0.241395435709946,6,"Not significant"
"P3C4+Nigericin / Nigericin","ATXN2L","Q8WWM7","Q8WWM7","ATX2L_HUMAN","Ataxin-2-like protein","Q8WWM7_K3_M1_17","GlyGly (K)",1.27760511840913,0.613212544045775,0.242599258604066,6,"Not significant"
"P3C4+Nigericin / Nigericin","HCLS1","P14317","P14317","HCLS1_HUMAN","Hematopoietic lineage cell-specific protein","P14317_K273_M1_17","GlyGly (K)",-0.394552358245262,0.613958220848818,0.245855245698645,6,"Not significant"
"P3C4+Nigericin / Nigericin","TUBB6","Q9BUF5","Q9BUF5","TBB6_HUMAN","Tubulin beta-6 chain","Q9BUF5_K122_M1_17","GlyGly (K)",-0.391988345186872,0.614119122287093,0.246385615304697,6,"Not significant"
"P3C4+Nigericin / Nigericin","HNRNPU","Q00839","Q00839","HNRPU_HUMAN","Heterogeneous nuclear ribonucleoprotein U","Q00839_K436_M1_17","GlyGly (K)",-4.26996218643582,0.614919342206164,0.248791773235497,6,"Not significant"
"P3C4+Nigericin / Nigericin","THRAP3","Q9Y2W1","Q9Y2W1","TR150_HUMAN","Thyroid hormone receptor-associated protein 3","Q9Y2W1_K252_M1_17","GlyGly (K)",0.845435757757227,0.615452763382615,0.250211507386631,6,"Not significant"
"P3C4+Nigericin / Nigericin","LMNA","P02545","P02545","LMNA_HUMAN","Prelamin-A/C","P02545_K144_M1_17","GlyGly (K)",-0.86956412485962,0.615546841491705,0.250498558738791,6,"Not significant"
"P3C4+Nigericin / Nigericin","HLA-F","P30511","P30511","HLAF_HUMAN","HLA class I histocompatibility antigen, alpha chain F","P30511_K142_M1_17","GlyGly (K)",-2.72052354796491,0.6176072367315,0.256209515996218,6,"Not significant"
"P3C4+Nigericin / Nigericin","ANXA6","P08133","P08133","ANXA6_HUMAN","Annexin A6","P08133_K113_M2_17","GlyGly (K)",-2.25751834446069,0.617658622642868,0.256585017519343,6,"Not significant"
"P3C4+Nigericin / Nigericin","ANXA6","P08133","P08133","ANXA6_HUMAN","Annexin A6","P08133_K102_M2_17","GlyGly (K)",-2.25751834446069,0.617658622642868,0.256585017519343,6,"Not significant"
"P3C4+Nigericin / Nigericin","MACROH2A1","O75367","O75367","H2AY_HUMAN","Core histone macro-H2A.1","O75367_K236_M2_17","GlyGly (K)",-0.511471290635649,0.61858486097046,0.258091780247141,6,"Not significant"
"P3C4+Nigericin / Nigericin","MACROH2A1","O75367","O75367","H2AY_HUMAN","Core histone macro-H2A.1","O75367_K233_M2_17","GlyGly (K)",-0.511471290635649,0.61858486097046,0.258091780247141,6,"Not significant"
"P3C4+Nigericin / Nigericin","HSPA1A;HSPA1B","P0DMV8;P0DMV9","P0DMV8;P0DMV9","HS71A_HUMAN;HS71B_HUMAN","Heat shock 70 kDa protein 1A;Heat shock 70 kDa protein 1B","P0DMV8_K128_M1_17","GlyGly (K)",-1.22376560655963,0.619137248797864,0.259408058837001,6,"Not significant"
"P3C4+Nigericin / Nigericin","HSPA1A;HSPA1B","P0DMV8;P0DMV9","P0DMV8;P0DMV9","HS71A_HUMAN;HS71B_HUMAN","Heat shock 70 kDa protein 1A;Heat shock 70 kDa protein 1B","P0DMV9_K128_M1_17","GlyGly (K)",-1.22376560655963,0.619137248797864,0.259408058837001,6,"Not significant"
"P3C4+Nigericin / Nigericin","XRN2","Q9H0D6","Q9H0D6","XRN2_HUMAN","5'-3' exoribonuclease 2","Q9H0D6_K533_M1_17","GlyGly (K)",1.14966162837563,0.619137248797864,0.259451545046059,6,"Not significant"
"P3C4+Nigericin / Nigericin","SQOR","Q9Y6N5","Q9Y6N5","SQOR_HUMAN","Sulfide:quinone oxidoreductase, mitochondrial","Q9Y6N5_K280_M1_17","GlyGly (K)",-0.709864813541928,0.620204938192055,0.262229144764103,6,"Not significant"
"P3C4+Nigericin / Nigericin","ITGAM","P11215","P11215","ITAM_HUMAN","Integrin alpha-M","P11215_K912_M1_17","GlyGly (K)",-0.424082335009139,0.623543915781,0.269858269870342,6,"Not significant"
"P3C4+Nigericin / Nigericin","HSPD1","P10809","P10809","CH60_HUMAN","60 kDa heat shock protein, mitochondrial","P10809_K180_M1_17","GlyGly (K)",-0.494363994724465,0.624376624247492,0.272550776234964,6,"Not significant"
"P3C4+Nigericin / Nigericin","MRRF","Q96E11","Q96E11","RRFM_HUMAN","Ribosome-recycling factor, mitochondrial","Q96E11_K160_M1_17","GlyGly (K)",6.12623143030043,0.624486625391405,0.272946223097172,6,"Not significant"
"P3C4+Nigericin / Nigericin","RPS3","P23396","P23396","RS3_HUMAN","Small ribosomal subunit protein uS3","P23396_K214_M1_17","GlyGly (K)",-0.813035072220802,0.626562357436278,0.278514171911632,6,"Not significant"
"P3C4+Nigericin / Nigericin","MRPL40","Q9NQ50","Q9NQ50","RM40_HUMAN","Large ribosomal subunit protein mL40","Q9NQ50_K163_M1_17","GlyGly (K)",0.998704748767108,0.628173494662053,0.283514727864268,6,"Not significant"
"P3C4+Nigericin / Nigericin","CLTC","Q00610","Q00610","CLH1_HUMAN","Clathrin heavy chain 1","Q00610_K951_M1_17","GlyGly (K)",-0.8513908552007,0.629706740987774,0.287844556657606,6,"Not significant"
"P3C4+Nigericin / Nigericin","BASP1","P80723","P80723","BASP1_HUMAN","Brain acid soluble protein 1","P80723_K97_M2_17","GlyGly (K)",0.115631766676796,0.629751792116995,0.28811530777778,4,"Not significant"
"P3C4+Nigericin / Nigericin","GLO1","Q04760","Q04760","LGUL_HUMAN","Lactoylglutathione lyase","Q04760_K28_M1_17","GlyGly (K)",-1.8183569653874,0.62993891846376,0.288535250831751,6,"Not significant"
"P3C4+Nigericin / Nigericin","TPI1","P60174","P60174","TPIS_HUMAN","Triosephosphate isomerase","P60174_K85_M1_17","GlyGly (K)",-0.375678054119999,0.630252679567258,0.289433031022023,6,"Not significant"
"P3C4+Nigericin / Nigericin","ATP5F1D","P30049","P30049","ATPD_HUMAN","ATP synthase subunit delta, mitochondrial","P30049_K136_M1_17","GlyGly (K)",-1.02683710032329,0.631099542247075,0.292165322466691,6,"Not significant"
"P3C4+Nigericin / Nigericin","UBE2N","P61088","P61088","UBE2N_HUMAN","Ubiquitin-conjugating enzyme E2 N","P61088_K10_M1_17","GlyGly (K)",-0.548981957437994,0.633936479705631,0.299640119075612,6,"Not significant"
"P3C4+Nigericin / Nigericin","POTEF","A5A3E0","A5A3E0","POTEF_HUMAN","POTE ankyrin domain family member F","A5A3E0_K813_M1_17","GlyGly (K)",-7.55531292926992,0.633972537254186,0.422758075956727,6,"Not significant"
"P3C4+Nigericin / Nigericin","PRSS1","Cont_P00760","Cont_P00760","TRY1_BOVIN","Serine protease 1","Cont_P00760_K114_M1_17","GlyGly (K)",1.74105596262924,0.633972537254186,0.37539037716731,6,"Not significant"
"P3C4+Nigericin / Nigericin","ALB","Cont_P02769","Cont_P02769","ALBU_BOVIN","Albumin","Cont_P02769_K587_M1_17","GlyGly (K)",-1.57578243513532,0.633972537254186,0.33511524279726,6,"Not significant"
"P3C4+Nigericin / Nigericin","KRT1","Cont_P04264;P04264","Cont_P04264;P04264","K2C1_HUMAN","Keratin, type II cytoskeletal 1;Keratin, type II cytoskeletal 1","Cont_P04264_K395_M1_17","GlyGly (K)",5.78616407513178,0.633972537254186,0.424664658195243,6,"Not significant"
"P3C4+Nigericin / Nigericin","KRT1","Cont_P04264;P04264","Cont_P04264;P04264","K2C1_HUMAN","Keratin, type II cytoskeletal 1;Keratin, type II cytoskeletal 1","P04264_K395_M1_17","GlyGly (K)",5.78616407513178,0.633972537254186,0.424664658195243,6,"Not significant"
"P3C4+Nigericin / Nigericin","KRT2","Cont_P35908;P35908","Cont_P35908;P35908","K22E_HUMAN","Keratin, type II cytoskeletal 2 epidermal;Keratin, type II cytoskeletal 2 epidermal","Cont_P35908_K267_M1_17","GlyGly (K)",1.67216102158089,0.633972537254186,0.411121192314367,6,"Not significant"
"P3C4+Nigericin / Nigericin","KRT2","Cont_P35908;P35908","Cont_P35908;P35908","K22E_HUMAN","Keratin, type II cytoskeletal 2 epidermal;Keratin, type II cytoskeletal 2 epidermal","P35908_K267_M1_17","GlyGly (K)",1.67216102158089,0.633972537254186,0.411121192314367,6,"Not significant"
"P3C4+Nigericin / Nigericin","ACTB","Cont_P60712;P60709","Cont_P60712;P60709","ACTB_BOVIN;ACTB_HUMAN","Actin, cytoplasmic 1;Actin, cytoplasmic 1","Cont_P60712_K18_M1_17","GlyGly (K)",-0.248219183667595,0.633972537254186,0.381103989701267,6,"Not significant"
"P3C4+Nigericin / Nigericin","ACTB","Cont_P60712;P60709","Cont_P60712;P60709","ACTB_BOVIN;ACTB_HUMAN","Actin, cytoplasmic 1;Actin, cytoplasmic 1","P60709_K18_M1_17","GlyGly (K)",-0.248219183667595,0.633972537254186,0.381103989701267,6,"Not significant"
"P3C4+Nigericin / Nigericin","CAP1","Cont_Q3SYV4","Cont_Q3SYV4","CAP1_BOVIN","Adenylyl cyclase-associated protein 1","Cont_Q3SYV4_K272_M1_17","GlyGly (K)",-6.14832538673237,0.633972537254186,0.424383117489343,6,"Not significant"
"P3C4+Nigericin / Nigericin","GPI","Cont_Q3ZBD7","Cont_Q3ZBD7","G6PI_BOVIN","Glucose-6-phosphate isomerase","Cont_Q3ZBD7_K550_M1_17","GlyGly (K)",-0.456691851667107,0.633972537254186,0.304395723689799,6,"Not significant"
"P3C4+Nigericin / Nigericin","SNAP23","O00161","O00161","SNP23_HUMAN","Synaptosomal-associated protein 23","O00161_K167_M1_17","GlyGly (K)",2.01064718316785,0.633972537254186,0.360966487619816,6,"Not significant"
"P3C4+Nigericin / Nigericin","EIF5B","O60841","O60841","IF2P_HUMAN","Eukaryotic translation initiation factor 5B","O60841_K644_M1_17","GlyGly (K)",3.04408792875019,0.633972537254186,0.402390069506879,6,"Not significant"
"P3C4+Nigericin / Nigericin","MACROH2A1","O75367","O75367","H2AY_HUMAN","Core histone macro-H2A.1","O75367_K18_M1_17","GlyGly (K)",-0.604121728817884,0.633972537254186,0.315866030280404,6,"Not significant"
"P3C4+Nigericin / Nigericin","SOD1","P00441","P00441","SODC_HUMAN","Superoxide dismutase [Cu-Zn]","P00441_K4_M2_17","GlyGly (K)",0.458871858382921,0.633972537254186,0.418681450690922,5,"Not significant"
"P3C4+Nigericin / Nigericin","ANXA1","P04083","P04083","ANXA1_HUMAN","Annexin A1","P04083_K214_M1_17","GlyGly (K)",7.95580799355511,0.633972537254186,0.422971461528747,6,"Not significant"
"P3C4+Nigericin / Nigericin","GAPDH","P04406","P04406","G3P_HUMAN","Glyceraldehyde-3-phosphate dehydrogenase","P04406_K186_M1_17","GlyGly (K)",-5.01192062445135,0.633972537254186,0.417778567303556,6,"Not significant"
"P3C4+Nigericin / Nigericin","ATP1A1","P05023","P05023","AT1A1_HUMAN","Sodium/potassium-transporting ATPase subunit alpha-1","P05023_K177_M1_17","GlyGly (K)",8.52638248514513,0.633972537254186,0.422564524226174,6,"Not significant"
"P3C4+Nigericin / Nigericin","ITGB2","P05107","P05107","ITB2_HUMAN","Integrin beta-2","P05107_K742_M2_17","GlyGly (K)",0.725022979541627,0.633972537254186,0.392548978564142,4,"Not significant"
"P3C4+Nigericin / Nigericin","RPLP1","P05386","P05386","RLA1_HUMAN","Large ribosomal subunit protein P1","P05386_K92_M1_17","GlyGly (K)",-1.74798795711447,0.633972537254186,0.388420302654847,6,"Not significant"
"P3C4+Nigericin / Nigericin","RPLP2","P05387","P05387","RLA2_HUMAN","Large ribosomal subunit protein P2","P05387_K94_M1_17","GlyGly (K)",-7.86862210397598,0.633972537254186,0.421330172426919,6,"Not significant"
"P3C4+Nigericin / Nigericin","ITGB1","P05556","P05556","ITB1_HUMAN","Integrin beta-1","P05556_K190_M1_17","GlyGly (K)",-8.89679243122243,0.633972537254186,0.422799200904485,6,"Not significant"
"P3C4+Nigericin / Nigericin","ATP5F1B","P06576","P06576","ATPB_HUMAN","ATP synthase subunit beta, mitochondrial","P06576_K480_M1_17","GlyGly (K)",-1.30001237005285,0.633972537254186,0.366664187881346,6,"Not significant"
"P3C4+Nigericin / Nigericin","ITGAV","P06756","P06756","ITAV_HUMAN","Integrin alpha-V","P06756_K134_M1_17","GlyGly (K)",-0.241882822629959,0.633972537254186,0.321584924409852,6,"Not significant"
"P3C4+Nigericin / Nigericin","GPX1","P07203","P07203","GPX1_HUMAN","Glutathione peroxidase 1","P07203_K166_M1_17","GlyGly (K)",1.76657078579016,0.633972537254186,0.398796721508311,6,"Not significant"
"P3C4+Nigericin / Nigericin","P4HB","P07237","P07237","PDIA1_HUMAN","Protein disulfide-isomerase","P07237_K263_M1_17","GlyGly (K)",9.37731919428333,0.633972537254186,0.422874696722614,6,"Not significant"
"P3C4+Nigericin / Nigericin","P4HB","P07237","P07237","PDIA1_HUMAN","Protein disulfide-isomerase","P07237_K285_M2_17","GlyGly (K)",6.40197221453287,0.633972537254186,0.422932935614407,6,"Not significant"
"P3C4+Nigericin / Nigericin","P4HB","P07237","P07237","PDIA1_HUMAN","Protein disulfide-isomerase","P07237_K283_M2_17","GlyGly (K)",6.40197221453287,0.633972537254186,0.422932935614407,6,"Not significant"
"P3C4+Nigericin / Nigericin","ANXA2","P07355","P07355","ANXA2_HUMAN","Annexin A2","P07355_K49_M2_17","GlyGly (K)",4.7850001828693,0.633972537254186,0.430373960538093,6,"Not significant"
"P3C4+Nigericin / Nigericin","ANXA2","P07355","P07355","ANXA2_HUMAN","Annexin A2","P07355_K47_M2_17","GlyGly (K)",4.7850001828693,0.633972537254186,0.430373960538093,6,"Not significant"
"P3C4+Nigericin / Nigericin","HSP90AA1","P07900","P07900","HS90A_HUMAN","Heat shock protein HSP 90-alpha","P07900_K100_M1_17","GlyGly (K)",6.69180607331025,0.633972537254186,0.422914676772112,6,"Not significant"
"P3C4+Nigericin / Nigericin","HSP90AA1","P07900","P07900","HS90A_HUMAN","Heat shock protein HSP 90-alpha","P07900_K443_M1_17","GlyGly (K)",-0.640803439536745,0.633972537254186,0.432290911952152,6,"Not significant"
"P3C4+Nigericin / Nigericin","SRPRA","P08240","P08240","SRPRA_HUMAN","Signal recognition particle receptor subunit alpha","P08240_K206_M1_17","GlyGly (K)",-7.23763806702678,0.633972537254186,0.388135312321352,6,"Not significant"
"P3C4+Nigericin / Nigericin","GSTP1","P09211","P09211","GSTP1_HUMAN","Glutathione S-transferase P","P09211_K191_M1_17","GlyGly (K)",7.06328343930257,0.633972537254186,0.421117428434288,6,"Not significant"
"P3C4+Nigericin / Nigericin","HMGB1","P09429","P09429","HMGB1_HUMAN","High mobility group protein B1","P09429_K141_M1_17","GlyGly (K)",2.30906745607476,0.633972537254186,0.413461897163353,5,"Not significant"
"P3C4+Nigericin / Nigericin","LTA4H","P09960","P09960","LKHA4_HUMAN","Leukotriene A-4 hydrolase","P09960_K83_M1_17","GlyGly (K)",3.59377864052682,0.633972537254186,0.41715693216563,6,"Not significant"
"P3C4+Nigericin / Nigericin","HSPA1A;HSPA1B","P0DMV8;P0DMV9","P0DMV8;P0DMV9","HS71A_HUMAN;HS71B_HUMAN","Heat shock 70 kDa protein 1A;Heat shock 70 kDa protein 1B","P0DMV8_K25_M1_17","GlyGly (K)",-1.9350634110908,0.633972537254186,0.340425504284883,6,"Not significant"
"P3C4+Nigericin / Nigericin","HSPA1A;HSPA1B","P0DMV8;P0DMV9","P0DMV8;P0DMV9","HS71A_HUMAN;HS71B_HUMAN","Heat shock 70 kDa protein 1A;Heat shock 70 kDa protein 1B","P0DMV9_K25_M1_17","GlyGly (K)",-1.9350634110908,0.633972537254186,0.340425504284883,6,"Not significant"
"P3C4+Nigericin / Nigericin","HSPD1","P10809","P10809","CH60_HUMAN","60 kDa heat shock protein, mitochondrial","P10809_K218_M1_17","GlyGly (K)",-12.0171619362079,0.633972537254186,0.422620446428081,6,"Not significant"
"P3C4+Nigericin / Nigericin","HSPD1","P10809","P10809","CH60_HUMAN","60 kDa heat shock protein, mitochondrial","P10809_K387_M1_17","GlyGly (K)",2.89127192553016,0.633972537254186,0.408981238771876,6,"Not significant"
"P3C4+Nigericin / Nigericin","HSPD1","P10809","P10809","CH60_HUMAN","60 kDa heat shock protein, mitochondrial","P10809_K314_M1_17","GlyGly (K)",-0.307868770023118,0.633972537254186,0.366261704537303,6,"Not significant"
"P3C4+Nigericin / Nigericin","SLC2A3","P11169","P11169","GTR3_HUMAN","Solute carrier family 2, facilitated glucose transporter member 3","P11169_K243_M1_17","GlyGly (K)",2.81305241312854,0.633972537254186,0.396668047228739,6,"Not significant"
"P3C4+Nigericin / Nigericin","ACTN1","P12814","P12814","ACTN1_HUMAN","Alpha-actinin-1","P12814_K649_M1_17","GlyGly (K)",1.01849585832698,0.633972537254186,0.412096027147417,6,"Not significant"
"P3C4+Nigericin / Nigericin","PEPD","P12955","P12955","PEPD_HUMAN","Xaa-Pro dipeptidase","P12955_K17_M1_17","GlyGly (K)",-0.410319227714523,0.633972537254186,0.302687749359073,6,"Not significant"
"P3C4+Nigericin / Nigericin","XRCC5","P13010","P13010","XRCC5_HUMAN","X-ray repair cross-complementing protein 5","P13010_K291_M1_17","GlyGly (K)",-1.35888127322056,0.633972537254186,0.312840254486236,5,"Not significant"
"P3C4+Nigericin / Nigericin","EEF2","P13639","P13639","EF2_HUMAN","Elongation factor 2","P13639_K498_M1_17","GlyGly (K)",-0.39504348004179,0.633972537254186,0.366239182482791,6,"Not significant"
"P3C4+Nigericin / Nigericin","HSP90B1","P14625","P14625","ENPL_HUMAN","Endoplasmin","P14625_K708_M2_17","GlyGly (K)",-0.372656254983771,0.633972537254186,0.378414264604172,4,"Not significant"
"P3C4+Nigericin / Nigericin","UQCRB","P14927","P14927","QCR7_HUMAN","Cytochrome b-c1 complex subunit 7","P14927_K45_M1_17","GlyGly (K)",-4.20891288079256,0.633972537254186,0.41793872652743,6,"Not significant"
"P3C4+Nigericin / Nigericin","BRAF","P15056","P15056","BRAF_HUMAN","Serine/threonine-protein kinase B-raf","P15056_K680_M1_17","GlyGly (K)",4.7976346799735,0.633972537254186,0.421324510418306,6,"Not significant"
"P3C4+Nigericin / Nigericin","SPN","P16150","P16150","LEUK_HUMAN","Leukosialin","P16150_K350_M1_17","GlyGly (K)",7.93362615917875,0.633972537254186,0.422949561850851,6,"Not significant"
"P3C4+Nigericin / Nigericin","H1-5","P16401","P16401","H15_HUMAN","Histone H1.5","P16401_K37_M1_17","GlyGly (K)",-8.17001452081235,0.633972537254186,0.423239571752446,6,"Not significant"
"P3C4+Nigericin / Nigericin","ATP2A2","P16615","P16615","AT2A2_HUMAN","Sarcoplasmic/endoplasmic reticulum calcium ATPase 2","P16615_K7_M1_17","GlyGly (K)",-5.99041874171857,0.633972537254186,0.42126982570707,6,"Not significant"
"P3C4+Nigericin / Nigericin","PLCG2","P16885","P16885","PLCG2_HUMAN","1-phosphatidylinositol 4,5-bisphosphate phosphodiesterase gamma-2","P16885_K60_M1_17","GlyGly (K)",-0.296193869609178,0.633972537254186,0.384076913876308,6,"Not significant"
"P3C4+Nigericin / Nigericin","RPL17","P18621","P18621","RL17_HUMAN","Large ribosomal subunit protein uL22","P18621_K105_M1_17","GlyGly (K)",4.12198485734163,0.633972537254186,0.42098682793215,6,"Not significant"
"P3C4+Nigericin / Nigericin","COMT","P21964","P21964","COMT_HUMAN","Catechol O-methyltransferase","P21964_K95_M2_17","GlyGly (K)",-1.47314119322004,0.633972537254186,0.366661331229965,6,"Not significant"
"P3C4+Nigericin / Nigericin","COMT","P21964","P21964","COMT_HUMAN","Catechol O-methyltransferase","P21964_K86_M2_17","GlyGly (K)",-1.47314119322004,0.633972537254186,0.366661331229965,6,"Not significant"
"P3C4+Nigericin / Nigericin","TGM2","P21980","P21980","TGM2_HUMAN","Protein-glutamine gamma-glutamyltransferase 2","P21980_K527_M1_17","GlyGly (K)",4.54340045079923,0.633972537254186,0.425433797225907,6,"Not significant"
"P3C4+Nigericin / Nigericin","HNRNPA2B1","P22626","P22626","ROA2_HUMAN","Heterogeneous nuclear ribonucleoproteins A2/B1","P22626_K173_M1_17","GlyGly (K)",-6.52087609445504,0.633972537254186,0.421587042476051,6,"Not significant"
"P3C4+Nigericin / Nigericin","HNRNPA2B1","P22626","P22626","ROA2_HUMAN","Heterogeneous nuclear ribonucleoproteins A2/B1","P22626_K104_M1_17","GlyGly (K)",-1.80776305346994,0.633972537254186,0.349815872805298,6,"Not significant"
"P3C4+Nigericin / Nigericin","HNRNPA2B1","P22626","P22626","ROA2_HUMAN","Heterogeneous nuclear ribonucleoproteins A2/B1","P22626_K168_M1_17","GlyGly (K)",2.75666874561436,0.633972537254186,0.434883655502586,6,"Not significant"
"P3C4+Nigericin / Nigericin","ATP5F1A","P25705","P25705","ATPA_HUMAN","ATP synthase subunit alpha, mitochondrial","P25705_K161_M1_17","GlyGly (K)",-4.90377773094833,0.633972537254186,0.426680015107904,6,"Not significant"
"P3C4+Nigericin / Nigericin","FKBP2","P26885","P26885","FKBP2_HUMAN","Peptidyl-prolyl cis-trans isomerase FKBP2","P26885_K59_M1_17","GlyGly (K)",-1.58231014779195,0.633972537254186,0.355564036931762,6,"Not significant"
"P3C4+Nigericin / Nigericin","CALR","P27797","P27797","CALR_HUMAN","Calreticulin","P27797_K164_M1_17","GlyGly (K)",2.6760044906937,0.633972537254186,0.418827569470904,6,"Not significant"
"P3C4+Nigericin / Nigericin","EEF1D","P29692","P29692","EF1D_HUMAN","Elongation factor 1-delta","P29692_K117_M1_17","GlyGly (K)",-6.69183967832428,0.633972537254186,0.422053931704108,6,"Not significant"
"P3C4+Nigericin / Nigericin","PDIA3","P30101","P30101","PDIA3_HUMAN","Protein disulfide-isomerase A3","P30101_K305_M1_17","GlyGly (K)",-3.42861457170577,0.633972537254186,0.42251166683291,6,"Not significant"
"P3C4+Nigericin / Nigericin","HSPA1L","P34931","P34931","HS71L_HUMAN","Heat shock 70 kDa protein 1-like","P34931_K130_M1_17","GlyGly (K)",-1.65592829968389,0.633972537254186,0.314427777272195,6,"Not significant"
"P3C4+Nigericin / Nigericin","MYH9","P35579","P35579","MYH9_HUMAN","Myosin-9","P35579_K682_M1_17","GlyGly (K)",-5.73205417911884,0.633972537254186,0.424029881535234,6,"Not significant"
"P3C4+Nigericin / Nigericin","PSMC2","P35998","P35998","PRS7_HUMAN","26S proteasome regulatory subunit 7","P35998_K84_M1_17","GlyGly (K)",-0.315854986780129,0.633972537254186,0.371952015752141,6,"Not significant"
"P3C4+Nigericin / Nigericin","CUX1","P39880","P39880","CUX1_HUMAN","Homeobox protein cut-like 1","P39880_K272_M1_17","GlyGly (K)",-5.04130233989661,0.633972537254186,0.424804579538011,6,"Not significant"
"P3C4+Nigericin / Nigericin","CAPG","P40121","P40121","CAPG_HUMAN","Macrophage-capping protein","P40121_K253_M1_17","GlyGly (K)",3.88025483235661,0.633972537254186,0.431792619860304,6,"Not significant"
"P3C4+Nigericin / Nigericin","CAP2","P40123","P40123","CAP2_HUMAN","Adenylyl cyclase-associated protein 2","P40123_K320_M2_17","GlyGly (K)",-1.66250199423142,0.633972537254186,0.343949633757677,4,"Not significant"
"P3C4+Nigericin / Nigericin","MDH2","P40926","P40926","MDHM_HUMAN","Malate dehydrogenase, mitochondrial","P40926_K91_M1_17","GlyGly (K)",-0.795075519494491,0.633972537254186,0.428575460393199,6,"Not significant"
"P3C4+Nigericin / Nigericin","HADHA","P40939","P40939","ECHA_HUMAN","Trifunctional enzyme subunit alpha, mitochondrial","P40939_K267_M1_17","GlyGly (K)",-0.83753538497357,0.633972537254186,0.307533479852401,6,"Not significant"
"P3C4+Nigericin / Nigericin","LRPPRC","P42704","P42704","LPPRC_HUMAN","Leucine-rich PPR motif-containing protein, mitochondrial","P42704_K155_M1_17","GlyGly (K)",2.6545168800517,0.633972537254186,0.43509598435261,6,"Not significant"
"P3C4+Nigericin / Nigericin","GPD2","P43304","P43304","GPDM_HUMAN","Glycerol-3-phosphate dehydrogenase, mitochondrial","P43304_K303_M1_17","GlyGly (K)",2.81392411363075,0.633972537254186,0.419936210465245,6,"Not significant"
"P3C4+Nigericin / Nigericin","CRKL","P46109","P46109","CRKL_HUMAN","Crk-like protein","P46109_K253_M1_17","GlyGly (K)",-3.08105154691647,0.633972537254186,0.423886864875647,6,"Not significant"
"P3C4+Nigericin / Nigericin","RPL21","P46778","P46778","RL21_HUMAN","Large ribosomal subunit protein eL21","P46778_K122_M1_17","GlyGly (K)",-0.418095691363022,0.633972537254186,0.39104226217353,5,"Not significant"
"P3C4+Nigericin / Nigericin","RPS9","P46781","P46781","RS9_HUMAN","Small ribosomal subunit protein uS4","P46781_K101_M1_17","GlyGly (K)",1.89322910587185,0.633972537254186,0.332379816482472,6,"Not significant"
"P3C4+Nigericin / Nigericin","VASP","P50552","P50552","VASP_HUMAN","Vasodilator-stimulated phosphoprotein","P50552_K240_M1_17","GlyGly (K)",-1.54971954054022,0.633972537254186,0.3155775526654,6,"Not significant"
"P3C4+Nigericin / Nigericin","HSD17B4","P51659","P51659","DHB4_HUMAN","Peroxisomal multifunctional enzyme type 2","P51659_K614_M1_17","GlyGly (K)",-6.22221972588256,0.633972537254186,0.416689216187795,6,"Not significant"
"P3C4+Nigericin / Nigericin","HNRNPA3","P51991","P51991","ROA3_HUMAN","Heterogeneous nuclear ribonucleoprotein A3","P51991_K151_M2_17","GlyGly (K)",-0.249584724070315,0.633972537254186,0.377499834492938,6,"Not significant"
"P3C4+Nigericin / Nigericin","HNRNPA3","P51991","P51991","ROA3_HUMAN","Heterogeneous nuclear ribonucleoprotein A3","P51991_K148_M2_17","GlyGly (K)",-0.249584724070315,0.633972537254186,0.377499834492938,6,"Not significant"
"P3C4+Nigericin / Nigericin","AK2","P54819","P54819","KAD2_HUMAN","Adenylate kinase 2, mitochondrial","P54819_K229_M1_17","GlyGly (K)",3.38463410689243,0.633972537254186,0.425014236088203,6,"Not significant"
"P3C4+Nigericin / Nigericin","EIF3B","P55884","P55884","EIF3B_HUMAN","Eukaryotic translation initiation factor 3 subunit B","P55884_K552_M2_17","GlyGly (K)",0.433798884606272,0.633972537254186,0.338887437559578,5,"Not significant"
"P3C4+Nigericin / Nigericin","CD81","P60033","P60033","CD81_HUMAN","CD81 antigen","P60033_K144_M1_17","GlyGly (K)",6.65978604817355,0.633972537254186,0.422919876387504,6,"Not significant"
"P3C4+Nigericin / Nigericin","CDC42","P60953","P60953","CDC42_HUMAN","Cell division control protein 42 homolog","P60953_K166_M2_17","GlyGly (K)",-4.6501236879116,0.633972537254186,0.424704873196188,5,"Not significant"
"P3C4+Nigericin / Nigericin","SUMO2","P61956","P61956","SUMO2_HUMAN","Small ubiquitin-related modifier 2","P61956_K11_M2_17","GlyGly (K)",0.389217718554766,0.633972537254186,0.391361640684974,4,"Not significant"
"P3C4+Nigericin / Nigericin","SUMO2","P61956","P61956","SUMO2_HUMAN","Small ubiquitin-related modifier 2","P61956_K11_M1_17","GlyGly (K)",3.18822056113337,0.633972537254186,0.414786061431697,6,"Not significant"
"P3C4+Nigericin / Nigericin","TMSB4X","P62328","P62328","TYB4_HUMAN","Thymosin beta-4","P62328_K32_M2_17","GlyGly (K)",-3.35503752966748,0.633972537254186,0.435385950017123,6,"Not significant"
"P3C4+Nigericin / Nigericin","TMSB4X","P62328","P62328","TYB4_HUMAN","Thymosin beta-4","P62328_K26_M2_17","GlyGly (K)",-3.35503752966748,0.633972537254186,0.435385950017123,6,"Not significant"
"P3C4+Nigericin / Nigericin","RPS6","P62753","P62753","RS6_HUMAN","Small ribosomal subunit protein eS6","P62753_K119_M1_17","GlyGly (K)",-0.490807460861618,0.633972537254186,0.32244451317853,6,"Not significant"
"P3C4+Nigericin / Nigericin","RAB1A","P62820","P62820","RAB1A_HUMAN","Ras-related protein Rab-1A","P62820_K140_M1_17","GlyGly (K)",-0.480824147049379,0.633972537254186,0.299956223331698,6,"Not significant"
"P3C4+Nigericin / Nigericin","RPL30","P62888","P62888","RL30_HUMAN","Large ribosomal subunit protein eL30","P62888_K87_M1_17","GlyGly (K)",7.20418048762678,0.633972537254186,0.422509668006796,6,"Not significant"
"P3C4+Nigericin / Nigericin","ACTC1","P68032","P68032","ACTC_HUMAN","Actin, alpha cardiac muscle 1","P68032_K217_M2_17","GlyGly (K)",-0.669345298539835,0.633972537254186,0.31893077904493,6,"Not significant"
"P3C4+Nigericin / Nigericin","ACTC1","P68032","P68032","ACTC_HUMAN","Actin, alpha cardiac muscle 1","P68032_K215_M2_17","GlyGly (K)",-0.669345298539835,0.633972537254186,0.31893077904493,6,"Not significant"
"P3C4+Nigericin / Nigericin","PRKDC","P78527","P78527","PRKDC_HUMAN","DNA-dependent protein kinase catalytic subunit","P78527_K4070_M1_17","GlyGly (K)",-0.461878097228415,0.633972537254186,0.406172059684621,6,"Not significant"
"P3C4+Nigericin / Nigericin","PRKDC","P78527","P78527","PRKDC_HUMAN","DNA-dependent protein kinase catalytic subunit","P78527_K1422_M1_17","GlyGly (K)",-1.55554868477182,0.633972537254186,0.363716240649984,6,"Not significant"
"P3C4+Nigericin / Nigericin","CAP1","Q01518","Q01518","CAP1_HUMAN","Adenylyl cyclase-associated protein 1","Q01518_K100_M1_17","GlyGly (K)",2.36464561606162,0.633972537254186,0.435175993502534,6,"Not significant"
"P3C4+Nigericin / Nigericin","TOP2B","Q02880","Q02880","TOP2B_HUMAN","DNA topoisomerase 2-beta","Q02880_K251_M2_17","GlyGly (K)",-0.374423691110226,0.633972537254186,0.302013663271342,6,"Not significant"
"P3C4+Nigericin / Nigericin","KHDRBS1","Q07666","Q07666","KHDR1_HUMAN","KH domain-containing, RNA-binding, signal transduction-associated protein 1","Q07666_K96_M1_17","GlyGly (K)",6.92756156796068,0.633972537254186,0.423606623517904,6,"Not significant"
"P3C4+Nigericin / Nigericin","AHNAK","Q09666","Q09666","AHNK_HUMAN","Neuroblast differentiation-associated protein AHNAK","Q09666_K2773_M2_17","GlyGly (K)",-5.93560031862755,0.633972537254186,0.425222660968629,5,"Not significant"
"P3C4+Nigericin / Nigericin","AHNAK","Q09666","Q09666","AHNK_HUMAN","Neuroblast differentiation-associated protein AHNAK","Q09666_K4351_M2_17","GlyGly (K)",1.48807039927728,0.633972537254186,0.390736777240817,6,"Not significant"
"P3C4+Nigericin / Nigericin","AHNAK","Q09666","Q09666","AHNK_HUMAN","Neuroblast differentiation-associated protein AHNAK","Q09666_K4342_M2_17","GlyGly (K)",1.48807039927728,0.633972537254186,0.390736777240817,6,"Not significant"
"P3C4+Nigericin / Nigericin","FCHO2","Q0JRZ9","Q0JRZ9","FCHO2_HUMAN","F-BAR domain only protein 2","Q0JRZ9_K103_M2_17","GlyGly (K)",-1.74019567045821,0.633972537254186,0.356506263644668,6,"Not significant"
"P3C4+Nigericin / Nigericin","FCHO2","Q0JRZ9","Q0JRZ9","FCHO2_HUMAN","F-BAR domain only protein 2","Q0JRZ9_K99_M2_17","GlyGly (K)",-1.74019567045821,0.633972537254186,0.356506263644668,6,"Not significant"
"P3C4+Nigericin / Nigericin","APOBR","Q0VD83","Q0VD83","APOBR_HUMAN","Apolipoprotein B receptor","Q0VD83_K933_M1_17","GlyGly (K)",2.57302682102879,0.633972537254186,0.388383633449083,6,"Not significant"
"P3C4+Nigericin / Nigericin","MYO1E","Q12965","Q12965","MYO1E_HUMAN","Unconventional myosin-Ie","Q12965_K883_M2_17","GlyGly (K)",-0.37188419690162,0.633972537254186,0.321957632361922,6,"Not significant"
"P3C4+Nigericin / Nigericin","MYO1E","Q12965","Q12965","MYO1E_HUMAN","Unconventional myosin-Ie","Q12965_K882_M2_17","GlyGly (K)",-0.37188419690162,0.633972537254186,0.321957632361922,6,"Not significant"
"P3C4+Nigericin / Nigericin","CBX3","Q13185","Q13185","CBX3_HUMAN","Chromobox protein homolog 3","Q13185_K34_M1_17","GlyGly (K)",1.74290035909219,0.633972537254186,0.433302311762577,6,"Not significant"
"P3C4+Nigericin / Nigericin","SF3B2","Q13435","Q13435","SF3B2_HUMAN","Splicing factor 3B subunit 2","Q13435_K770_M1_17","GlyGly (K)",-4.59013689252211,0.633972537254186,0.42522426578816,6,"Not significant"
"P3C4+Nigericin / Nigericin","TUBB3","Q13509","Q13509","TBB3_HUMAN","Tubulin beta-3 chain","Q13509_K103_M1_17","GlyGly (K)",-4.2420271197156,0.633972537254186,0.420961393659219,6,"Not significant"
"P3C4+Nigericin / Nigericin","TUBB3","Q13509","Q13509","TBB3_HUMAN","Tubulin beta-3 chain","Q13509_K324_M1_17","GlyGly (K)",-0.290290482087193,0.633972537254186,0.425840140536987,6,"Not significant"
"P3C4+Nigericin / Nigericin","CAMK2D","Q13557","Q13557","KCC2D_HUMAN","Calcium/calmodulin-dependent protein kinase type II subunit delta","Q13557_K22_M1_17","GlyGly (K)",-0.320479289381049,0.633972537254186,0.372666897348229,6,"Not significant"
"P3C4+Nigericin / Nigericin","ALCAM","Q13740","Q13740","CD166_HUMAN","CD166 antigen","Q13740_K60_M1_17","GlyGly (K)",-0.468310631828007,0.633972537254186,0.372340796278116,6,"Not significant"
"P3C4+Nigericin / Nigericin","CAMK1","Q14012","Q14012","KCC1A_HUMAN","Calcium/calmodulin-dependent protein kinase type 1","Q14012_K304_M1_17","GlyGly (K)",-0.674246743358282,0.633972537254186,0.390386388035833,6,"Not significant"
"P3C4+Nigericin / Nigericin","DBN1","Q16643","Q16643","DREB_HUMAN","Drebrin","Q16643_K165_M1_17","GlyGly (K)",2.50955296571984,0.633972537254186,0.431350192414842,6,"Not significant"
"P3C4+Nigericin / Nigericin","H2BC21","Q16778","Q16778","H2B2E_HUMAN","Histone H2B type 2-E","Q16778_K58_M1_17","GlyGly (K)",-2.43819675521419,0.633972537254186,0.398578498207573,6,"Not significant"
"P3C4+Nigericin / Nigericin","IMMT","Q16891","Q16891","MIC60_HUMAN","MICOS complex subunit MIC60","Q16891_K110_M1_17","GlyGly (K)",-7.38830835372397,0.633972537254186,0.422659040739154,6,"Not significant"
"P3C4+Nigericin / Nigericin","HSP90AA4P","Q58FG1","Q58FG1","HS904_HUMAN","Putative heat shock protein HSP 90-alpha A4","Q58FG1_K289_M1_17","GlyGly (K)",1.40231370175307,0.633972537254186,0.339732552071559,6,"Not significant"
"P3C4+Nigericin / Nigericin","RAB12","Q6IQ22","Q6IQ22","RAB12_HUMAN","Ras-related protein Rab-12","Q6IQ22_K127_M1_17","GlyGly (K)",-0.504525394501326,0.633972537254186,0.33188054147386,6,"Not significant"
"P3C4+Nigericin / Nigericin","SUMF1","Q8NBK3","Q8NBK3","SUMF1_HUMAN","Formylglycine-generating enzyme","Q8NBK3_K90_M1_17","GlyGly (K)",4.02269930356371,0.633972537254186,0.424420111927556,6,"Not significant"
"P3C4+Nigericin / Nigericin","HM13","Q8TCT9","Q8TCT9","HM13_HUMAN","Minor histocompatibility antigen H13","Q8TCT9_K61_M1_17","GlyGly (K)",-1.3667858315896,0.633972537254186,0.39187872390008,6,"Not significant"
"P3C4+Nigericin / Nigericin","NRGN","Q92686","Q92686","NEUG_HUMAN","Neurogranin","Q92686_K11_M1_17","GlyGly (K)",3.02758412051378,0.633972537254186,0.417648973929071,6,"Not significant"
"P3C4+Nigericin / Nigericin","HDAC2","Q92769","Q92769","HDAC2_HUMAN","Histone deacetylase 2","Q92769_K362_M1_17","GlyGly (K)",3.79206332649996,0.633972537254186,0.431749992062281,6,"Not significant"
"P3C4+Nigericin / Nigericin","SYMPK","Q92797","Q92797","SYMPK_HUMAN","Symplekin","Q92797_K1109_M1_17","GlyGly (K)",-0.348500660811749,0.633972537254186,0.391108076452189,6,"Not significant"
"P3C4+Nigericin / Nigericin","OSTF1","Q92882","Q92882","OSTF1_HUMAN","Osteoclast-stimulating factor 1","Q92882_K190_M1_17","GlyGly (K)",1.67867826938822,0.633972537254186,0.380723744389515,6,"Not significant"
"P3C4+Nigericin / Nigericin","AIDA","Q96BJ3","Q96BJ3","AIDA_HUMAN","Axin interactor, dorsalization-associated protein","Q96BJ3_K106_M1_17","GlyGly (K)",-6.77677193160341,0.633972537254186,0.424041993280137,6,"Not significant"
"P3C4+Nigericin / Nigericin","RPL10L","Q96L21","Q96L21","RL10L_HUMAN","Ribosomal protein uL16-like","Q96L21_K187_M1_17","GlyGly (K)",1.3693512442875,0.633972537254186,0.355104713249857,6,"Not significant"
"P3C4+Nigericin / Nigericin","PARK7","Q99497","Q99497","PARK7_HUMAN","Parkinson disease protein 7","Q99497_K148_M1_17","GlyGly (K)",2.95555992170714,0.633972537254186,0.400852660448769,6,"Not significant"
"P3C4+Nigericin / Nigericin","SH3GL1","Q99961","Q99961","SH3G1_HUMAN","Endophilin-A2","Q99961_K239_M1_17","GlyGly (K)",0.401038889593826,0.633972537254186,0.376940583593113,6,"Not significant"
"P3C4+Nigericin / Nigericin","DDX50","Q9BQ39","Q9BQ39","DDX50_HUMAN","ATP-dependent RNA helicase DDX50","Q9BQ39_K213_M1_17","GlyGly (K)",2.95294638877189,0.633972537254186,0.419911726048247,6,"Not significant"
"P3C4+Nigericin / Nigericin","ACAT2","Q9BWD1","Q9BWD1","THIC_HUMAN","Acetyl-CoA acetyltransferase, cytosolic","Q9BWD1_K200_M1_17","GlyGly (K)",5.77507453008953,0.633972537254186,0.423417619977216,6,"Not significant"
"P3C4+Nigericin / Nigericin","CADM1","Q9BY67","Q9BY67","CADM1_HUMAN","Cell adhesion molecule 1","Q9BY67_K108_M1_17","GlyGly (K)",-4.84576434985782,0.633972537254186,0.421228271628106,6,"Not significant"
"P3C4+Nigericin / Nigericin","HELZ2","Q9BYK8","Q9BYK8","HELZ2_HUMAN","Helicase with zinc finger domain 2","Q9BYK8_K2077_M1_17","GlyGly (K)",-5.65271226207677,0.633972537254186,0.422987604129098,6,"Not significant"
"P3C4+Nigericin / Nigericin","POTEKP","Q9BYX7","Q9BYX7","ACTBM_HUMAN","Putative beta-actin-like protein 3","Q9BYX7_K238_M1_17","GlyGly (K)",1.91292448533407,0.633972537254186,0.321650285191767,6,"Not significant"
"P3C4+Nigericin / Nigericin","ECHDC1","Q9NTX5","Q9NTX5","ECHD1_HUMAN","Ethylmalonyl-CoA decarboxylase","Q9NTX5_K301_M1_17","GlyGly (K)",-8.02696683393219,0.633972537254186,0.423068352374362,6,"Not significant"
"P3C4+Nigericin / Nigericin","POLR3E","Q9NVU0","Q9NVU0","RPC5_HUMAN","DNA-directed RNA polymerase III subunit RPC5","Q9NVU0_K410_M1_17","GlyGly (K)",3.10287228455026,0.633972537254186,0.409064787481198,6,"Not significant"
"P3C4+Nigericin / Nigericin","CTTNBP2NL","Q9P2B4","Q9P2B4","CT2NL_HUMAN","CTTNBP2 N-terminal-like protein","Q9P2B4_K8_M1_17","GlyGly (K)",-3.80968499007266,0.633972537254186,0.430682666344783,6,"Not significant"
"P3C4+Nigericin / Nigericin","SEC63","Q9UGP8","Q9UGP8","SEC63_HUMAN","Translocation protein SEC63 homolog","Q9UGP8_K368_M1_17","GlyGly (K)",0.395329635524879,0.633972537254186,0.369556892987268,6,"Not significant"
"P3C4+Nigericin / Nigericin","LIMA1","Q9UHB6","Q9UHB6","LIMA1_HUMAN","LIM domain and actin-binding protein 1","Q9UHB6_K250_M1_17","GlyGly (K)",-2.93436063112327,0.633972537254186,0.420845151304998,6,"Not significant"
"P3C4+Nigericin / Nigericin","TLK1","Q9UKI8","Q9UKI8","TLK1_HUMAN","Serine/threonine-protein kinase tousled-like 1","Q9UKI8_K404_M1_17","GlyGly (K)",-1.56432147825482,0.633972537254186,0.344341475474989,6,"Not significant"
"P3C4+Nigericin / Nigericin","PA2G4","Q9UQ80","Q9UQ80","PA2G4_HUMAN","Proliferation-associated protein 2G4","Q9UQ80_K158_M2_17","GlyGly (K)",0.861220549286151,0.633972537254186,0.389219825503441,5,"Not significant"
"P3C4+Nigericin / Nigericin","SUGT1","Q9Y2Z0","Q9Y2Z0","SGT1_HUMAN","Protein SGT1 homolog","Q9Y2Z0_K70_M2_17","GlyGly (K)",-1.44015199375349,0.633972537254186,0.368268979238126,6,"Not significant"
"P3C4+Nigericin / Nigericin","SUGT1","Q9Y2Z0","Q9Y2Z0","SGT1_HUMAN","Protein SGT1 homolog","Q9Y2Z0_K69_M2_17","GlyGly (K)",-1.44015199375349,0.633972537254186,0.368268979238126,6,"Not significant"
"P3C4+Nigericin / Nigericin","HYOU1","Q9Y4L1","Q9Y4L1","HYOU1_HUMAN","Hypoxia up-regulated protein 1","Q9Y4L1_K170_M1_17","GlyGly (K)",-1.49621712197221,0.633972537254186,0.342691437310482,6,"Not significant"
"P3C4+Nigericin / Nigericin","CLIC4","Q9Y696","Q9Y696","CLIC4_HUMAN","Chloride intracellular channel protein 4","Q9Y696_K238_M1_17","GlyGly (K)",2.1697044254776,0.633972537254186,0.432835097133764,6,"Not significant"
"P3C4+Nigericin / Nigericin","EIF2AK2","P19525","P19525","E2AK2_HUMAN","Interferon-induced, double-stranded RNA-activated protein kinase","P19525_K388_M2_17","GlyGly (K)",-3.40197493313264,0.633972537254186,0.395852008469856,4,"Not significant"
"P3C4+Nigericin / Nigericin","LMNA","P02545","P02545","LMNA_HUMAN","Prelamin-A/C","P02545_K201_M1_17","GlyGly (K)",-3.0469252887731,0.634128189222172,0.437614954587334,6,"Not significant"
"P3C4+Nigericin / Nigericin","DNM2","P50570","P50570","DYN2_HUMAN","Dynamin-2","P50570_K414_M1_17","GlyGly (K)",-3.49016619447025,0.634787542708482,0.442169250186633,6,"Not significant"
"P3C4+Nigericin / Nigericin","FECH","P22830","P22830","HEMH_HUMAN","Ferrochelatase, mitochondrial","P22830_K57_M1_17","GlyGly (K)",-1.39104344234511,0.634789609775086,0.442235855042023,6,"Not significant"
"P3C4+Nigericin / Nigericin","SYNCRIP","O60506","O60506","HNRPQ_HUMAN","Heterogeneous nuclear ribonucleoprotein Q","O60506_K407_M1_17","GlyGly (K)",-3.24311271942158,0.634823014092415,0.442414494483295,6,"Not significant"
"P3C4+Nigericin / Nigericin","MCEE","Q96PE7","Q96PE7","MCEE_HUMAN","Methylmalonyl-CoA epimerase, mitochondrial","Q96PE7_K156_M1_17","GlyGly (K)",3.30487080490208,0.634823014092415,0.442426430253757,6,"Not significant"
"P3C4+Nigericin / Nigericin","CAP1","Q01518","Q01518","CAP1_HUMAN","Adenylyl cyclase-associated protein 1","Q01518_K155_M1_17","GlyGly (K)",-2.90110778893017,0.634943023394286,0.443349163407471,6,"Not significant"
"P3C4+Nigericin / Nigericin","AHNAK","Q09666","Q09666","AHNK_HUMAN","Neuroblast differentiation-associated protein AHNAK","Q09666_K171_M1_17","GlyGly (K)",-0.35335842532297,0.635456691689795,0.445754304178909,6,"Not significant"
"P3C4+Nigericin / Nigericin","ACSL1","P33121","P33121","ACSL1_HUMAN","Long-chain-fatty-acid--CoA ligase 1","P33121_K386_M1_17","GlyGly (K)",-0.942218865025568,0.63589216609675,0.447550762926941,6,"Not significant"
"P3C4+Nigericin / Nigericin","RNASE2","P10153","P10153","RNAS2_HUMAN","Non-secretory ribonuclease","P10153_K93_M1_17","GlyGly (K)",-2.45931722551347,0.635893032249126,0.447575281894891,6,"Not significant"
"P3C4+Nigericin / Nigericin","PDIA6","Q15084","Q15084","PDIA6_HUMAN","Protein disulfide-isomerase A6","Q15084_K373_M1_17","GlyGly (K)",-0.180761990874919,0.635967387120515,0.447801362300438,6,"Not significant"
"P3C4+Nigericin / Nigericin","ADAM10","O14672","O14672","ADA10_HUMAN","Disintegrin and metalloproteinase domain-containing protein 10","O14672_K591_M2_17","GlyGly (K)",1.73600391748384,0.636170661573618,0.448888813619717,6,"Not significant"
"P3C4+Nigericin / Nigericin","ADAM10","O14672","O14672","ADA10_HUMAN","Disintegrin and metalloproteinase domain-containing protein 10","O14672_K588_M2_17","GlyGly (K)",1.73600391748384,0.636170661573618,0.448888813619717,6,"Not significant"
"P3C4+Nigericin / Nigericin","ANPEP","P15144","P15144","AMPN_HUMAN","Aminopeptidase N","P15144_K641_M1_17","GlyGly (K)",-1.17505473782719,0.636772558855693,0.451410516210988,6,"Not significant"
"P3C4+Nigericin / Nigericin","CAT","P04040","P04040","CATA_HUMAN","Catalase","P04040_K499_M1_17","GlyGly (K)",-1.15850596922783,0.636797087990072,0.451583411102867,6,"Not significant"
"P3C4+Nigericin / Nigericin","AHSG","Cont_P12763","Cont_P12763","FETUA_BOVIN","Alpha-2-HS-glycoprotein","Cont_P12763_K333_M1_17","GlyGly (K)",1.23334830475929,0.637310095835385,0.453364712552754,6,"Not significant"
"P3C4+Nigericin / Nigericin","DNAJB11","Q9UBS4","Q9UBS4","DJB11_HUMAN","DnaJ homolog subfamily B member 11","Q9UBS4_K66_M1_17","GlyGly (K)",-2.07562800554727,0.637317311498963,0.453418874491724,6,"Not significant"
"P3C4+Nigericin / Nigericin","TMSB4X","P62328","P62328","TYB4_HUMAN","Thymosin beta-4","P62328_K15_M2_17","GlyGly (K)",0.405414538659891,0.637659077742824,0.454878191078662,6,"Not significant"
"P3C4+Nigericin / Nigericin","AHNAK","Q09666","Q09666","AHNK_HUMAN","Neuroblast differentiation-associated protein AHNAK","Q09666_K4898_M1_17","GlyGly (K)",-0.39377253341507,0.639226356050831,0.460800711268219,6,"Not significant"
"P3C4+Nigericin / Nigericin","VIM","P08670","P08670","VIME_HUMAN","Vimentin","P08670_K104_M1_17","GlyGly (K)",1.3398215853619,0.639712618964915,0.462442881662787,6,"Not significant"
"P3C4+Nigericin / Nigericin","ALB","Cont_P02769","Cont_P02769","ALBU_BOVIN","Albumin","Cont_P02769_K580_M1_17","GlyGly (K)",-0.301453432084963,0.641206641943666,0.468048670397488,6,"Not significant"
"P3C4+Nigericin / Nigericin","SOD2","P04179","P04179","SODM_HUMAN","Superoxide dismutase [Mn], mitochondrial","P04179_K114_M1_17","GlyGly (K)",-0.387645704439706,0.642136191038341,0.471192205554503,6,"Not significant"
"P3C4+Nigericin / Nigericin","RAB14","P61106","P61106","RAB14_HUMAN","Ras-related protein Rab-14","P61106_K156_M2_17","GlyGly (K)",-1.11697236852906,0.642319282183458,0.471732914046243,6,"Not significant"
"P3C4+Nigericin / Nigericin","RAB14","P61106","P61106","RAB14_HUMAN","Ras-related protein Rab-14","P61106_K140_M2_17","GlyGly (K)",-1.11697236852906,0.642319282183458,0.471732914046243,6,"Not significant"
"P3C4+Nigericin / Nigericin","ECH1","Q13011","Q13011","ECH1_HUMAN","Delta(3,5)-Delta(2,4)-dienoyl-CoA isomerase, mitochondrial","Q13011_K161_M1_17","GlyGly (K)",-0.959432847115331,0.643128317959724,0.474405938582962,6,"Not significant"
"P3C4+Nigericin / Nigericin","P4HB","P07237","P07237","PDIA1_HUMAN","Protein disulfide-isomerase","P07237_K366_M1_17","GlyGly (K)",-0.277256608551435,0.643570967113302,0.475781754652876,6,"Not significant"
"P3C4+Nigericin / Nigericin","HSPA9","P38646","P38646","GRP75_HUMAN","Stress-70 protein, mitochondrial","P38646_K498_M1_17","GlyGly (K)",-0.158433300791018,0.643784762819159,0.47632122991858,6,"Not significant"
"P3C4+Nigericin / Nigericin","IGF2BP2","Q9Y6M1","Q9Y6M1","IF2B2_HUMAN","Insulin-like growth factor 2 mRNA-binding protein 2","Q9Y6M1_K530_M1_17","GlyGly (K)",-1.08264412773026,0.644151329461247,0.477547734933543,6,"Not significant"
"P3C4+Nigericin / Nigericin","PIPSL","A2A3N6","A2A3N6","PIPSL_HUMAN","Putative PIP5K1A and PSMD4-like protein","A2A3N6_K637_M1_17","GlyGly (K)",5.79134850374172,0.644696789200346,0.502436233853227,4,"Not significant"
"P3C4+Nigericin / Nigericin","LAMTOR5","O43504","O43504","LTOR5_HUMAN","Ragulator complex protein LAMTOR5","O43504_K14_M1_17","GlyGly (K)",0.35862931221018,0.644696789200346,0.486268471573333,6,"Not significant"
"P3C4+Nigericin / Nigericin","SOD2","P04179","P04179","SODM_HUMAN","Superoxide dismutase [Mn], mitochondrial","P04179_K68_M1_17","GlyGly (K)",-0.739575792412482,0.644696789200346,0.490004009347624,6,"Not significant"
"P3C4+Nigericin / Nigericin","ANXA5","P08758","P08758","ANXA5_HUMAN","Annexin A5","P08758_K70_M1_17","GlyGly (K)",-1.08810143773518,0.644696789200346,0.490357052431172,6,"Not significant"
"P3C4+Nigericin / Nigericin","HSPD1","P10809","P10809","CH60_HUMAN","60 kDa heat shock protein, mitochondrial","P10809_K91_M2_17","GlyGly (K)",-4.29579729803931,0.644696789200346,0.487664293821962,4,"Not significant"
"P3C4+Nigericin / Nigericin","HSPA5","P11021","P11021","BIP_HUMAN","Endoplasmic reticulum chaperone BiP","P11021_K185_M1_17","GlyGly (K)",-1.21072076538539,0.644696789200346,0.49401538393431,6,"Not significant"
"P3C4+Nigericin / Nigericin","MDH2","P40926","P40926","MDHM_HUMAN","Malate dehydrogenase, mitochondrial","P40926_K241_M2_17","GlyGly (K)",-9.22219102718006,0.644696789200346,0.499681504866239,4,"Not significant"
"P3C4+Nigericin / Nigericin","HSPA2","P54652","P54652","HSP72_HUMAN","Heat shock-related 70 kDa protein 2","P54652_K139_M2_17","GlyGly (K)",6.80652744929533,0.644696789200346,0.499491201490098,4,"Not significant"
"P3C4+Nigericin / Nigericin","HSPA2","P54652","P54652","HSP72_HUMAN","Heat shock-related 70 kDa protein 2","P54652_K109_M2_17","GlyGly (K)",-1.82974837561384,0.644696789200346,0.497846951693648,6,"Not significant"
"P3C4+Nigericin / Nigericin","RPS27A","P62979","P62979","RS27A_HUMAN","Ubiquitin-ribosomal protein eS31 fusion protein","P62979_K11_M1_17","GlyGly (K)",-0.356401265443771,0.644696789200346,0.491680431330196,6,"Not significant"
"P3C4+Nigericin / Nigericin","HNRNPU","Q00839","Q00839","HNRPU_HUMAN","Heterogeneous nuclear ribonucleoprotein U","Q00839_K494_M2_17","GlyGly (K)",-4.62273386280355,0.644696789200346,0.49751821181445,5,"Not significant"
"P3C4+Nigericin / Nigericin","SSBP1","Q04837","Q04837","SSBP_HUMAN","Single-stranded DNA-binding protein, mitochondrial","Q04837_K122_M1_17","GlyGly (K)",4.93480340057556,0.644696789200346,0.503020697829967,4,"Not significant"
"P3C4+Nigericin / Nigericin","AHNAK","Q09666","Q09666","AHNK_HUMAN","Neuroblast differentiation-associated protein AHNAK","Q09666_K3176_M2_17","GlyGly (K)",8.25919622736012,0.644696789200346,0.499652985242768,4,"Not significant"
"P3C4+Nigericin / Nigericin","AHNAK","Q09666","Q09666","AHNK_HUMAN","Neuroblast differentiation-associated protein AHNAK","Q09666_K3958_M2_17","GlyGly (K)",8.25919622736012,0.644696789200346,0.499652985242768,4,"Not significant"
"P3C4+Nigericin / Nigericin","AHNAK","Q09666","Q09666","AHNK_HUMAN","Neuroblast differentiation-associated protein AHNAK","Q09666_K696_M1_17","GlyGly (K)",6.91025882177951,0.644696789200346,0.50103150640905,4,"Not significant"
"P3C4+Nigericin / Nigericin","AHNAK","Q09666","Q09666","AHNK_HUMAN","Neuroblast differentiation-associated protein AHNAK","Q09666_K4559_M1_17","GlyGly (K)",0.4286016760798,0.644696789200346,0.499278701782206,6,"Not significant"
"P3C4+Nigericin / Nigericin","FLOT2","Q14254","Q14254","FLOT2_HUMAN","Flotillin-2","Q14254_K356_M2_17","GlyGly (K)",4.19834785883734,0.644696789200346,0.493843187361462,5,"Not significant"
"P3C4+Nigericin / Nigericin","RAB3GAP1","Q15042","Q15042","RB3GP_HUMAN","Rab3 GTPase-activating protein catalytic subunit","Q15042_K744_M1_17","GlyGly (K)",-2.92779255067244,0.644696789200346,0.502891631160478,5,"Not significant"
"P3C4+Nigericin / Nigericin","NONO","Q15233","Q15233","NONO_HUMAN","Non-POU domain-containing octamer-binding protein","Q15233_K467_M1_17","GlyGly (K)",-0.96967512044113,0.644696789200346,0.490623083306741,6,"Not significant"
"P3C4+Nigericin / Nigericin","NDRG1","Q92597","Q92597","NDRG1_HUMAN","Protein NDRG1","Q92597_K285_M1_17","GlyGly (K)",-0.561077793991249,0.644696789200346,0.487717756234621,6,"Not significant"
"P3C4+Nigericin / Nigericin","CHMP4B","Q9H444","Q9H444","CHM4B_HUMAN","Charged multivesicular body protein 4b","Q9H444_K77_M1_17","GlyGly (K)",-1.31926713771409,0.644696789200346,0.490339067065158,6,"Not significant"
"P3C4+Nigericin / Nigericin","PRSS1","Cont_P00760","Cont_P00760","TRY1_BOVIN","Serine protease 1","Cont_P00760_K112_M2_17","GlyGly (K)",-10.4130053518519,0.644696789200346,0.500001301195961,5,"Not significant"
"P3C4+Nigericin / Nigericin","MYH9","P35579","P35579","MYH9_HUMAN","Myosin-9","P35579_K14_M1_17","GlyGly (K)",5.62591378958967,0.644696789200346,0.498283627435392,4,"Not significant"
"P3C4+Nigericin / Nigericin","AK2","P54819","P54819","KAD2_HUMAN","Adenylate kinase 2, mitochondrial","P54819_K65_M2_17","GlyGly (K)",-6.0858854981721,0.644696789200346,0.499087944362121,5,"Not significant"
"P3C4+Nigericin / Nigericin","RAB2A","P61019","P61019","RAB2A_HUMAN","Ras-related protein Rab-2A","P61019_K170_M1_17","GlyGly (K)",3.27378026803218,0.644696789200346,0.492043278684011,4,"Not significant"
"P3C4+Nigericin / Nigericin","HYPK","Q9NX55","Q9NX55","HYPK_HUMAN","Huntingtin-interacting protein K","Q9NX55_K83_M2_17","GlyGly (K)",5.99290521122633,0.644696789200346,0.500542205049043,4,"Not significant"
"P3C4+Nigericin / Nigericin","RAVER1","Q8IY67","Q8IY67","RAVR1_HUMAN","Ribonucleoprotein PTB-binding 1","Q8IY67_K434_M1_17","GlyGly (K)",-1.74939497168794,0.644879862023691,0.505061592999154,6,"Not significant"
"P3C4+Nigericin / Nigericin","CHD4","Q14839","Q14839","CHD4_HUMAN","Chromodomain-helicase-DNA-binding protein 4","Q14839_K1572_M2_17","GlyGly (K)",3.9680138872786,0.64503111978715,0.506248043978676,4,"Not significant"
"P3C4+Nigericin / Nigericin","HSP90B1","P14625","P14625","ENPL_HUMAN","Endoplasmin","P14625_K702_M2_17","GlyGly (K)",3.66738754590978,0.645210200840803,0.507629577343006,4,"Not significant"
"P3C4+Nigericin / Nigericin","DDX21","Q9NR30","Q9NR30","DDX21_HUMAN","Nucleolar RNA helicase 2","Q9NR30_K236_M1_17","GlyGly (K)",-1.04500117140561,0.645650865363308,0.509098864397438,6,"Not significant"
"P3C4+Nigericin / Nigericin","AHNAK","Q09666","Q09666","AHNK_HUMAN","Neuroblast differentiation-associated protein AHNAK","Q09666_K2578_M1_17","GlyGly (K)",0.259343348814732,0.646954364154868,0.513931967960524,6,"Not significant"
"P3C4+Nigericin / Nigericin","AHNAK","Q09666","Q09666","AHNK_HUMAN","Neuroblast differentiation-associated protein AHNAK","Q09666_K4000_M1_17","GlyGly (K)",0.259343348814732,0.646954364154868,0.513931967960524,6,"Not significant"
"P3C4+Nigericin / Nigericin","AHNAK","Q09666","Q09666","AHNK_HUMAN","Neuroblast differentiation-associated protein AHNAK","Q09666_K4256_M1_17","GlyGly (K)",0.259343348814732,0.646954364154868,0.513931967960524,6,"Not significant"
"P3C4+Nigericin / Nigericin","AHNAK","Q09666","Q09666","AHNK_HUMAN","Neuroblast differentiation-associated protein AHNAK","Q09666_K4458_M1_17","GlyGly (K)",0.259343348814732,0.646954364154868,0.513931967960524,6,"Not significant"
"P3C4+Nigericin / Nigericin","FCER1G","P30273","P30273","FCERG_HUMAN","High affinity immunoglobulin epsilon receptor subunit gamma","P30273_K52_M2_17","GlyGly (K)",-1.02673830086625,0.64701955939155,0.514150983236333,6,"Not significant"
"P3C4+Nigericin / Nigericin","TMEM109","Q9BVC6","Q9BVC6","TM109_HUMAN","Voltage-gated monoatomic cation channel TMEM109","Q9BVC6_K46_M1_17","GlyGly (K)",-0.105651953209272,0.6478724166944,0.517446903445177,6,"Not significant"
"P3C4+Nigericin / Nigericin","NCL","P19338","P19338","NUCL_HUMAN","Nucleolin","P19338_K297_M2_17","GlyGly (K)",-0.666256851061004,0.647894302414503,0.517515896335309,6,"Not significant"
"P3C4+Nigericin / Nigericin","NCL","P19338","P19338","NUCL_HUMAN","Nucleolin","P19338_K295_M2_17","GlyGly (K)",-0.666256851061004,0.647894302414503,0.517515896335309,6,"Not significant"
"P3C4+Nigericin / Nigericin","POTEKP","Q9BYX7","Q9BYX7","ACTBM_HUMAN","Putative beta-actin-like protein 3","Q9BYX7_K68_M1_17","GlyGly (K)",-0.348558252484023,0.648186635955973,0.518493103982358,6,"Not significant"
"P3C4+Nigericin / Nigericin","EEA1","Q15075","Q15075","EEA1_HUMAN","Early endosome antigen 1","Q15075_K813_M1_17","GlyGly (K)",0.604869953865598,0.648218739828758,0.518593926184203,6,"Not significant"
"P3C4+Nigericin / Nigericin","CAP1","Q01518","Q01518","CAP1_HUMAN","Adenylyl cyclase-associated protein 1","Q01518_K328_M1_17","GlyGly (K)",0.488750858904423,0.648565565813272,0.519845557610203,6,"Not significant"
"P3C4+Nigericin / Nigericin","ACTC1","P68032","P68032","ACTC_HUMAN","Actin, alpha cardiac muscle 1","P68032_K293_M1_17","GlyGly (K)",1.40046969440192,0.649220834420704,0.522082956696632,6,"Not significant"
"P3C4+Nigericin / Nigericin","HSPA5","P11021","P11021","BIP_HUMAN","Endoplasmic reticulum chaperone BiP","P11021_K81_M1_17","GlyGly (K)",-0.203123682986289,0.649224604693539,0.522147111455816,6,"Not significant"
"P3C4+Nigericin / Nigericin","UGGT1","Q9NYU2","Q9NYU2","UGGG1_HUMAN","UDP-glucose:glycoprotein glucosyltransferase 1","Q9NYU2_K319_M1_17","GlyGly (K)",-0.868193764891432,0.649618852054633,0.523432937638338,6,"Not significant"
"P3C4+Nigericin / Nigericin","TRIM56","Q9BRZ2","Q9BRZ2","TRI56_HUMAN","E3 ubiquitin-protein ligase TRIM56","Q9BRZ2_K98_M1_17","GlyGly (K)",0.259638576713955,0.650247050012282,0.525371524868961,6,"Not significant"
"P3C4+Nigericin / Nigericin","ATP2A2","P16615","P16615","AT2A2_HUMAN","Sarcoplasmic/endoplasmic reticulum calcium ATPase 2","P16615_K352_M1_17","GlyGly (K)",-1.7177140949439,0.650547791228205,0.526187941242577,6,"Not significant"
"P3C4+Nigericin / Nigericin","GLIPR1","P48060","P48060","GLIP1_HUMAN","Glioma pathogenesis-related protein 1","P48060_K200_M1_17","GlyGly (K)",0.953506921567017,0.650961481706961,0.527331617448317,6,"Not significant"
"P3C4+Nigericin / Nigericin","UGGT1","Q9NYU2","Q9NYU2","UGGG1_HUMAN","UDP-glucose:glycoprotein glucosyltransferase 1","Q9NYU2_K930_M1_17","GlyGly (K)",-0.307398081804657,0.651065650292549,0.527657680649142,6,"Not significant"
"P3C4+Nigericin / Nigericin","DOCK8","Q8NF50","Q8NF50","DOCK8_HUMAN","Dedicator of cytokinesis protein 8","Q8NF50_K224_M1_17","GlyGly (K)",0.676787749145308,0.651522129742654,0.528960458288587,6,"Not significant"
"P3C4+Nigericin / Nigericin","LRRC8B","Q6P9F7","Q6P9F7","LRC8B_HUMAN","Volume-regulated anion channel subunit LRRC8B","Q6P9F7_K588_M1_17","GlyGly (K)",-0.0909579986501425,0.651774991494709,0.529725630619323,6,"Not significant"
"P3C4+Nigericin / Nigericin","NRDC","O43847","O43847","NRDC_HUMAN","Nardilysin","O43847_K623_M1_17","GlyGly (K)",-2.05765147784013,0.652935005395257,0.532905980960783,4,"Not significant"
"P3C4+Nigericin / Nigericin","RAB1B","Q9H0U4","Q9H0U4","RAB1B_HUMAN","Ras-related protein Rab-1B","Q9H0U4_K58_M2_17","GlyGly (K)",0.511252477645343,0.654550458024508,0.537866594177564,6,"Not significant"
"P3C4+Nigericin / Nigericin","RAB1B","Q9H0U4","Q9H0U4","RAB1B_HUMAN","Ras-related protein Rab-1B","Q9H0U4_K55_M2_17","GlyGly (K)",0.511252477645343,0.654550458024508,0.537866594177564,6,"Not significant"
"P3C4+Nigericin / Nigericin","CBX1","P83916","P83916","CBX1_HUMAN","Chromobox protein homolog 1","P83916_K25_M1_17","GlyGly (K)",-1.34739890071996,0.654860402845949,0.539053578272714,4,"Not significant"
"P3C4+Nigericin / Nigericin","DDX20","Q9UHI6","Q9UHI6","DDX20_HUMAN","Probable ATP-dependent RNA helicase DDX20","Q9UHI6_K582_M2_17","GlyGly (K)",0.19264562960888,0.655848708030906,0.541928877034974,4,"Not significant"
"P3C4+Nigericin / Nigericin","ATP5F1C","P36542","P36542","ATPG_HUMAN","ATP synthase subunit gamma, mitochondrial","P36542_K115_M1_17","GlyGly (K)",-0.467004186209801,0.655922493122823,0.542124975666989,6,"Not significant"
"P3C4+Nigericin / Nigericin","ACTC1","P68032","P68032","ACTC_HUMAN","Actin, alpha cardiac muscle 1","P68032_K217_M1_17","GlyGly (K)",-0.89112390066816,0.656393392181826,0.543574800280726,4,"Not significant"
"P3C4+Nigericin / Nigericin","FBLL1","A6NHQ2","A6NHQ2","FBLL1_HUMAN","rRNA/tRNA 2'-O-methyltransferase fibrillarin-like protein 1","A6NHQ2_K170_M1_17","GlyGly (K)",-0.716902014956523,0.656503098075082,0.543891966738187,6,"Not significant"
"P3C4+Nigericin / Nigericin","FASN","P49327","P49327","FAS_HUMAN","Fatty acid synthase","P49327_K787_M1_17","GlyGly (K)",0.872836828527642,0.657682809106749,0.547252344844538,6,"Not significant"
"P3C4+Nigericin / Nigericin","LRRFIP2","Q9Y608","Q9Y608","LRRF2_HUMAN","Leucine-rich repeat flightless-interacting protein 2","Q9Y608_K14_M1_17","GlyGly (K)",-0.268612161354121,0.658272291679326,0.549213487321966,6,"Not significant"
"P3C4+Nigericin / Nigericin","ENO1","P06733","P06733","ENOA_HUMAN","Alpha-enolase","P06733_K221_M1_17","GlyGly (K)",-0.257146935158036,0.65920160159393,0.551954834519633,6,"Not significant"
"P3C4+Nigericin / Nigericin","AHNAK","Q09666","Q09666","AHNK_HUMAN","Neuroblast differentiation-associated protein AHNAK","Q09666_K4489_M1_17","GlyGly (K)",0.218946270998175,0.660106614723583,0.554730408163565,4,"Not significant"
"P3C4+Nigericin / Nigericin","EEF1D","P29692","P29692","EF1D_HUMAN","Elongation factor 1-delta","P29692_K59_M1_17","GlyGly (K)",-0.240076699059284,0.660518175740084,0.555806471751714,6,"Not significant"
"P3C4+Nigericin / Nigericin","ARPC4","P59998","P59998","ARPC4_HUMAN","Actin-related protein 2/3 complex subunit 4","P59998_K44_M1_17","GlyGly (K)",-0.79737986407814,0.66101122481898,0.557355191639666,6,"Not significant"
"P3C4+Nigericin / Nigericin","SLC25A5","P05141","P05141","ADT2_HUMAN","ADP/ATP translocase 2","P05141_K10_M1_17","GlyGly (K)",-0.269067791396497,0.661440651888318,0.558585824605695,6,"Not significant"
"P3C4+Nigericin / Nigericin","CKAP4","Q07065","Q07065","CKAP4_HUMAN","Cytoskeleton-associated protein 4","Q07065_K161_M1_17","GlyGly (K)",0.275225887337154,0.661592778969417,0.559048024646533,6,"Not significant"
"P3C4+Nigericin / Nigericin","PFN1","P07737","P07737","PROF1_HUMAN","Profilin-1","P07737_K116_M1_17","GlyGly (K)",0.423383841921653,0.663069524193517,0.563445856863783,6,"Not significant"
"P3C4+Nigericin / Nigericin","ALB","Cont_P02769","Cont_P02769","ALBU_BOVIN","Albumin","Cont_P02769_K463_M1_17","GlyGly (K)",0.884704965470783,0.663091567936229,0.563569478681559,6,"Not significant"
"P3C4+Nigericin / Nigericin","VDAC1","P21796","P21796","VDAC1_HUMAN","Voltage-dependent anion-selective channel protein 1","P21796_K256_M1_17","GlyGly (K)",-0.833372910984196,0.663830116273679,0.56594205988446,6,"Not significant"
"P3C4+Nigericin / Nigericin","ACAA2","P42765","P42765","THIM_HUMAN","3-ketoacyl-CoA thiolase, mitochondrial","P42765_K312_M1_17","GlyGly (K)",-0.664276012493444,0.665003586558755,0.569648904716604,6,"Not significant"
"P3C4+Nigericin / Nigericin","LMNA","P02545","P02545","LMNA_HUMAN","Prelamin-A/C","P02545_K171_M1_17","GlyGly (K)",0.260333366555418,0.665706478456125,0.571662402942935,6,"Not significant"
"P3C4+Nigericin / Nigericin","LMNB1","P20700","P20700","LMNB1_HUMAN","Lamin-B1","P20700_K332_M1_17","GlyGly (K)",0.819143325201225,0.667019536896189,0.575651510404575,5,"Not significant"
"P3C4+Nigericin / Nigericin","ACTB","Cont_P60712;P60709","Cont_P60712;P60709","ACTB_BOVIN;ACTB_HUMAN","Actin, cytoplasmic 1;Actin, cytoplasmic 1","Cont_P60712_K315_M1_17","GlyGly (K)",-0.46592596884911,0.667156488801532,0.576151788644288,6,"Not significant"
"P3C4+Nigericin / Nigericin","ACTB","Cont_P60712;P60709","Cont_P60712;P60709","ACTB_BOVIN;ACTB_HUMAN","Actin, cytoplasmic 1;Actin, cytoplasmic 1","P60709_K315_M1_17","GlyGly (K)",-0.46592596884911,0.667156488801532,0.576151788644288,6,"Not significant"
"P3C4+Nigericin / Nigericin","HSPA2","P54652","P54652","HSP72_HUMAN","Heat shock-related 70 kDa protein 2","P54652_K113_M2_17","GlyGly (K)",-1.24787970479338,0.668309135166269,0.579610254240649,5,"Not significant"
"P3C4+Nigericin / Nigericin","BASP1","P80723","P80723","BASP1_HUMAN","Brain acid soluble protein 1","P80723_K150_M1_17","GlyGly (K)",0.780332527647001,0.668493619629322,0.580370310031593,6,"Not significant"
"P3C4+Nigericin / Nigericin","ZMPSTE24","O75844","O75844","FACE1_HUMAN","CAAX prenyl protease 1 homolog","O75844_K325_M1_17","GlyGly (K)",-0.360390601225275,0.669090216557158,0.582035390660148,6,"Not significant"
"P3C4+Nigericin / Nigericin","RPS2","P15880","P15880","RS2_HUMAN","Small ribosomal subunit protein uS5","P15880_K246_M2_17","GlyGly (K)",0.486509456461958,0.670254013939297,0.585664210760688,4,"Not significant"
"P3C4+Nigericin / Nigericin","RTN4","Q9NQC3","Q9NQC3","RTN4_HUMAN","Reticulon-4","Q9NQC3_K58_M1_17","GlyGly (K)",0.838980516424225,0.670539132794068,0.586561403677499,6,"Not significant"
"P3C4+Nigericin / Nigericin","HSPA5","P11021","P11021","BIP_HUMAN","Endoplasmic reticulum chaperone BiP","P11021_K573_M1_17","GlyGly (K)",-0.118374944316617,0.671484390450917,0.589445906182803,6,"Not significant"
"P3C4+Nigericin / Nigericin","NACA4P","Q9BZK3","Q9BZK3","NACP4_HUMAN","Putative nascent polypeptide-associated complex subunit alpha-like protein","Q9BZK3_K199_M1_17","GlyGly (K)",-0.327269686245005,0.67213805682725,0.591565771030791,6,"Not significant"
"P3C4+Nigericin / Nigericin","PSMC2","P35998","P35998","PRS7_HUMAN","26S proteasome regulatory subunit 7","P35998_K66_M1_17","GlyGly (K)",-0.604877097851285,0.673922209829126,0.59699860926051,6,"Not significant"
"P3C4+Nigericin / Nigericin","EHD1","Q9H4M9","Q9H4M9","EHD1_HUMAN","EH domain-containing protein 1","Q9H4M9_K13_M1_17","GlyGly (K)",-1.32934364708697,0.675949325146208,0.602813054346393,6,"Not significant"
"P3C4+Nigericin / Nigericin","PITRM1","Q5JRX3","Q5JRX3","PREP_HUMAN","Presequence protease, mitochondrial","Q5JRX3_K820_M1_17","GlyGly (K)",-0.643785733495583,0.676598273484938,0.604628365227901,6,"Not significant"
"P3C4+Nigericin / Nigericin","CAP1","Q01518","Q01518","CAP1_HUMAN","Adenylyl cyclase-associated protein 1","Q01518_K149_M1_17","GlyGly (K)",-1.17954297231349,0.677002887057642,0.605809550866287,6,"Not significant"
"P3C4+Nigericin / Nigericin","RUVBL2","Q9Y230","Q9Y230","RUVB2_HUMAN","RuvB-like 2","Q9Y230_K115_M1_17","GlyGly (K)",1.13078736398398,0.67744601611709,0.607088727451739,6,"Not significant"
"P3C4+Nigericin / Nigericin","HGS","O14964","O14964","HGS_HUMAN","Hepatocyte growth factor-regulated tyrosine kinase substrate","O14964_K56_M1_17","GlyGly (K)",0.442596949101348,0.678760757924286,0.611222677022493,6,"Not significant"
"P3C4+Nigericin / Nigericin","TMEM245","Q9H330","Q9H330","TM245_HUMAN","Transmembrane protein 245","Q9H330_K436_M2_17","GlyGly (K)",-1.37486725323929,0.679096299946709,0.612263431668454,5,"Not significant"
"P3C4+Nigericin / Nigericin","CNBP","P62633","P62633","CNBP_HUMAN","CCHC-type zinc finger nucleic acid binding protein","P62633_K103_M1_17","GlyGly (K)",0.539665376825219,0.679503525887622,0.613565029755824,6,"Not significant"
"P3C4+Nigericin / Nigericin","RALA","P11233","P11233","RALA_HUMAN","Ras-related protein Ral-A","P11233_K128_M1_17","GlyGly (K)",-1.62961778324156,0.679819070594669,0.61458742963769,5,"Not significant"
"P3C4+Nigericin / Nigericin","AK2","P54819","P54819","KAD2_HUMAN","Adenylate kinase 2, mitochondrial","P54819_K121_M1_17","GlyGly (K)",1.19737912700331,0.680485432352744,0.61652422490559,6,"Not significant"
"P3C4+Nigericin / Nigericin","RPL14","P50914","P50914","RL14_HUMAN","Large ribosomal subunit protein eL14","P50914_K23_M1_17","GlyGly (K)",-0.659285026547202,0.680516699288009,0.616628870278444,6,"Not significant"
"P3C4+Nigericin / Nigericin","PDIA3","P30101","P30101","PDIA3_HUMAN","Protein disulfide-isomerase A3","P30101_K61_M1_17","GlyGly (K)",-0.399405037518529,0.681588190907662,0.619779382301003,6,"Not significant"
"P3C4+Nigericin / Nigericin","MCM3AP","O60318","O60318","GANP_HUMAN","Germinal-center associated nuclear protein","O60318_K1813_M1_17","GlyGly (K)",-0.502938563876952,0.682560749772127,0.622714881269062,6,"Not significant"
"P3C4+Nigericin / Nigericin","CFL1","P23528","P23528","COF1_HUMAN","Cofilin-1","P23528_K53_M1_17","GlyGly (K)",0.211030381836484,0.682742226577552,0.623166370686811,6,"Not significant"
"P3C4+Nigericin / Nigericin","HNRNPAB","Q99729","Q99729","ROAA_HUMAN","Heterogeneous nuclear ribonucleoprotein A/B","Q99729_K190_M1_17","GlyGly (K)",-1.28893195800457,0.683152157077482,0.62440734663729,6,"Not significant"
"P3C4+Nigericin / Nigericin","P4HB","P07237","P07237","PDIA1_HUMAN","Protein disulfide-isomerase","P07237_K415_M2_17","GlyGly (K)",-0.0981488586468697,0.683646256721195,0.625991673553877,6,"Not significant"
"P3C4+Nigericin / Nigericin","PRDX5","P30044","P30044","PRDX5_HUMAN","Peroxiredoxin-5, mitochondrial","P30044_K102_M1_17","GlyGly (K)",0.792625862585561,0.68392090553805,0.626742768810448,6,"Not significant"
"P3C4+Nigericin / Nigericin","DHRS9","Q9BPW9","Q9BPW9","DHRS9_HUMAN","Dehydrogenase/reductase SDR family member 9","Q9BPW9_K180_M1_17","GlyGly (K)",0.748354765719727,0.684205286464734,0.627568483646732,6,"Not significant"
"P3C4+Nigericin / Nigericin","MACROH2A1","O75367","O75367","H2AY_HUMAN","Core histone macro-H2A.1","O75367_K282_M1_17","GlyGly (K)",0.26104392550257,0.684838395417131,0.629571248949918,6,"Not significant"
"P3C4+Nigericin / Nigericin","PDIA3","P30101","P30101","PDIA3_HUMAN","Protein disulfide-isomerase A3","P30101_K252_M1_17","GlyGly (K)",-0.503435543065897,0.684949838099609,0.629940156938064,6,"Not significant"
"P3C4+Nigericin / Nigericin","PPA1","Q15181","Q15181","IPYR_HUMAN","Inorganic pyrophosphatase","Q15181_K282_M1_17","GlyGly (K)",0.274061297726494,0.685212302844375,0.63066579627045,6,"Not significant"
"P3C4+Nigericin / Nigericin","ANP32B","Q92688","Q92688","AN32B_HUMAN","Acidic leucine-rich nuclear phosphoprotein 32 family member B","Q92688_K116_M1_17","GlyGly (K)",-0.271203597324767,0.685599345887635,0.631885856028695,6,"Not significant"
"P3C4+Nigericin / Nigericin","LSM7","Q9UK45","Q9UK45","LSM7_HUMAN","U6 snRNA-associated Sm-like protein LSm7","Q9UK45_K8_M2_17","GlyGly (K)",0.241480308134508,0.686100193052768,0.633513854425167,5,"Not significant"
"P3C4+Nigericin / Nigericin","SHTN1","A0MZ66","A0MZ66","SHOT1_HUMAN","Shootin-1","A0MZ66_K169_M1_17","GlyGly (K)",0.450875587586346,0.68673434871713,0.635602868431504,6,"Not significant"
"P3C4+Nigericin / Nigericin","EEF1A1","Cont_P68103;P68104","Cont_P68103;P68104","EF1A1_BOVIN;EF1A1_HUMAN","Elongation factor 1-alpha 1","Cont_P68103_K408_M1_17","GlyGly (K)",0.315074165169057,0.686811395261312,0.63578200155977,6,"Not significant"
"P3C4+Nigericin / Nigericin","EEF1A1","Cont_P68103;P68104","Cont_P68103;P68104","EF1A1_BOVIN;EF1A1_HUMAN","Elongation factor 1-alpha 1","P68104_K408_M1_17","GlyGly (K)",0.315074165169057,0.686811395261312,0.63578200155977,6,"Not significant"
"P3C4+Nigericin / Nigericin","SUMF1","Q8NBK3","Q8NBK3","SUMF1_HUMAN","Formylglycine-generating enzyme","Q8NBK3_K109_M1_17","GlyGly (K)",-1.11315781232443,0.688205144637078,0.640544253940611,6,"Not significant"
"P3C4+Nigericin / Nigericin","HSPA6","P17066","P17066","HSP76_HUMAN","Heat shock 70 kDa protein 6","P17066_K58_M1_17","GlyGly (K)",-0.742334056604921,0.68858289016095,0.641753646581763,6,"Not significant"
"P3C4+Nigericin / Nigericin","CHI3L1","P36222","P36222","CH3L1_HUMAN","Chitinase-3-like protein 1","P36222_K91_M1_17","GlyGly (K)",-0.254166063714712,0.689766503035627,0.645651905922199,6,"Not significant"
"P3C4+Nigericin / Nigericin","PHGDH","O43175","O43175","SERA_HUMAN","D-3-phosphoglycerate dehydrogenase","O43175_K58_M1_17","GlyGly (K)",-0.144148317477096,0.690123298999,0.646621260842487,6,"Not significant"
"P3C4+Nigericin / Nigericin","YWHAB","P31946","P31946","1433B_HUMAN","14-3-3 protein beta/alpha","P31946_K160_M1_17","GlyGly (K)",-0.147452528066507,0.690690159648217,0.648412552844643,6,"Not significant"
"P3C4+Nigericin / Nigericin","SSBP1","Q04837","Q04837","SSBP_HUMAN","Single-stranded DNA-binding protein, mitochondrial","Q04837_K145_M1_17","GlyGly (K)",-0.228076327894982,0.692119526376813,0.652488847295366,6,"Not significant"
"P3C4+Nigericin / Nigericin","COPG1","Q9Y678","Q9Y678","COPG1_HUMAN","Coatomer subunit gamma-1","Q9Y678_K497_M1_17","GlyGly (K)",0.518030336646642,0.692348412052022,0.653159405775944,6,"Not significant"
"P3C4+Nigericin / Nigericin","IL1B","P01584","P01584","IL1B_HUMAN","Interleukin-1 beta","P01584_K171_M1_17","GlyGly (K)",0.66031390824284,0.69245639463769,0.653577770967675,6,"Not significant"
"P3C4+Nigericin / Nigericin","RBM25","P49756","P49756","RBM25_HUMAN","RNA-binding protein 25","P49756_K261_M1_17","GlyGly (K)",-0.774166874080557,0.692476477806446,0.653629370941382,6,"Not significant"
"P3C4+Nigericin / Nigericin","DR1","Q01658","Q01658","NC2B_HUMAN","Protein Dr1","Q01658_K103_M1_17","GlyGly (K)",-0.159585865625415,0.694112583729832,0.658429813942442,6,"Not significant"
"P3C4+Nigericin / Nigericin","MYO1F","O00160","O00160","MYO1F_HUMAN","Unconventional myosin-If","O00160_K141_M1_17","GlyGly (K)",-0.423236354982528,0.694979692712288,0.6610814133734,6,"Not significant"
"P3C4+Nigericin / Nigericin","ACTB","Cont_P60712;P60709","Cont_P60712;P60709","ACTB_BOVIN;ACTB_HUMAN","Actin, cytoplasmic 1;Actin, cytoplasmic 1","Cont_P60712_K215_M1_17","GlyGly (K)",-0.262339415138584,0.695044625367511,0.66136897645408,6,"Not significant"
"P3C4+Nigericin / Nigericin","ACTB","Cont_P60712;P60709","Cont_P60712;P60709","ACTB_BOVIN;ACTB_HUMAN","Actin, cytoplasmic 1;Actin, cytoplasmic 1","P60709_K215_M1_17","GlyGly (K)",-0.262339415138584,0.695044625367511,0.66136897645408,6,"Not significant"
"P3C4+Nigericin / Nigericin","TMSB4X","P62328","P62328","TYB4_HUMAN","Thymosin beta-4","P62328_K15_M1_17","GlyGly (K)",0.699218805279681,0.696683597366303,0.667103019196673,6,"Not significant"
"P3C4+Nigericin / Nigericin","ALDOA","P04075","P04075","ALDOA_HUMAN","Fructose-bisphosphate aldolase A","P04075_K153_M1_17","GlyGly (K)",0.231742884913062,0.697423367870327,0.669543074266072,6,"Not significant"
"P3C4+Nigericin / Nigericin","NCF2","P19878","P19878","NCF2_HUMAN","Neutrophil cytosol factor 2","P19878_K92_M1_17","GlyGly (K)",0.868552571692979,0.697870254476118,0.671114568214825,6,"Not significant"
"P3C4+Nigericin / Nigericin","HSPA9","P38646","P38646","GRP75_HUMAN","Stress-70 protein, mitochondrial","P38646_K595_M1_17","GlyGly (K)",-0.162717551326246,0.699149497850305,0.675103148105835,6,"Not significant"
"P3C4+Nigericin / Nigericin","GPI","P06744","P06744","G6PI_HUMAN","Glucose-6-phosphate isomerase","P06744_K211_M1_17","GlyGly (K)",-0.475652884231738,0.700590876558768,0.679691731194631,6,"Not significant"
"P3C4+Nigericin / Nigericin","GAA","P10253","P10253","LYAG_HUMAN","Lysosomal alpha-glucosidase","P10253_K849_M1_17","GlyGly (K)",0.368004136970811,0.700637213445983,0.679895082478671,6,"Not significant"
"P3C4+Nigericin / Nigericin","HMBS","P08397","P08397","HEM3_HUMAN","Porphobilinogen deaminase","P08397_K157_M1_17","GlyGly (K)",-0.153683431302902,0.700940761059263,0.68099356626559,6,"Not significant"
"P3C4+Nigericin / Nigericin","VMA21","Q3ZAQ7","Q3ZAQ7","VMA21_HUMAN","Vacuolar ATPase assembly integral membrane protein VMA21","Q3ZAQ7_K6_M1_17","GlyGly (K)",-0.461769680197256,0.701259099403832,0.682098265053947,6,"Not significant"
"P3C4+Nigericin / Nigericin","MYO1E","Q12965","Q12965","MYO1E_HUMAN","Unconventional myosin-Ie","Q12965_K679_M1_17","GlyGly (K)",-0.761780804683237,0.701861695087203,0.684041361255334,6,"Not significant"
"P3C4+Nigericin / Nigericin","PTGES3","Q15185","Q15185","TEBP_HUMAN","Prostaglandin E synthase 3","Q15185_K67_M2_17","GlyGly (K)",-0.344277980247751,0.702364633817452,0.685614328485048,6,"Not significant"
"P3C4+Nigericin / Nigericin","PTGES3","Q15185","Q15185","TEBP_HUMAN","Prostaglandin E synthase 3","Q15185_K65_M2_17","GlyGly (K)",-0.344277980247751,0.702364633817452,0.685614328485048,6,"Not significant"
"P3C4+Nigericin / Nigericin","PHB1","P35232","P35232","PHB1_HUMAN","Prohibitin 1","P35232_K208_M1_17","GlyGly (K)",-0.477442399300353,0.704895995686021,0.693789933726583,6,"Not significant"
"P3C4+Nigericin / Nigericin","HSD17B7","P56937","P56937","DHB7_HUMAN","3-keto-steroid reductase/17-beta-hydroxysteroid dehydrogenase 7","P56937_K197_M2_17","GlyGly (K)",0.0923012374569781,0.705069627127177,0.694435436046979,5,"Not significant"
"P3C4+Nigericin / Nigericin","GLUD1","P00367","P00367","DHE3_HUMAN","Glutamate dehydrogenase 1, mitochondrial","P00367_K171_M1_17","GlyGly (K)",-0.930072506905448,0.706279920370508,0.698195529872873,6,"Not significant"
"P3C4+Nigericin / Nigericin","ACTC1","P68032","P68032","ACTC_HUMAN","Actin, alpha cardiac muscle 1","P68032_K70_M1_17","GlyGly (K)",-0.240062407846539,0.708560944830733,0.705553222697836,6,"Not significant"
"P3C4+Nigericin / Nigericin","RAP2B","P61225","P61225","RAP2B_HUMAN","Ras-related protein Rap-2b","P61225_K5_M1_17","GlyGly (K)",-0.21149797742293,0.708763616967667,0.706255193649442,6,"Not significant"
"P3C4+Nigericin / Nigericin","NSMAF","Q92636","Q92636","FAN_HUMAN","Protein FAN","Q92636_K161_M1_17","GlyGly (K)",-0.441400514013128,0.708896078924286,0.706654978586934,6,"Not significant"
"P3C4+Nigericin / Nigericin","PSME3","P61289","P61289","PSME3_HUMAN","Proteasome activator complex subunit 3","P61289_K123_M2_17","GlyGly (K)",0.147606375008889,0.709298748370114,0.707970800004505,6,"Not significant"
"P3C4+Nigericin / Nigericin","PSME3","P61289","P61289","PSME3_HUMAN","Proteasome activator complex subunit 3","P61289_K121_M2_17","GlyGly (K)",0.147606375008889,0.709298748370114,0.707970800004505,6,"Not significant"
"P3C4+Nigericin / Nigericin","HNRNPAB","Q99729","Q99729","ROAA_HUMAN","Heterogeneous nuclear ribonucleoprotein A/B","Q99729_K169_M1_17","GlyGly (K)",0.125236732990943,0.710656812240007,0.712375443632475,6,"Not significant"
"P3C4+Nigericin / Nigericin","ANXA7","P20073","P20073","ANXA7_HUMAN","Annexin A7","P20073_K196_M2_17","GlyGly (K)",-0.271023331738419,0.71113279767797,0.714015865991132,4,"Not significant"
"P3C4+Nigericin / Nigericin","CANX","P27824","P27824","CALX_HUMAN","Calnexin","P27824_K571_M2_17","GlyGly (K)",0.0158432581990431,0.711190058119164,0.714213061181483,6,"Not significant"
"P3C4+Nigericin / Nigericin","PRSS1","P07477","P07477","TRY1_HUMAN","Serine protease 1","P07477_K102_M1_17","GlyGly (K)",0.339904818579472,0.71470434135694,0.725989137010558,6,"Not significant"
"P3C4+Nigericin / Nigericin","DYNLRB1","Q9NP97","Q9NP97","DLRB1_HUMAN","Dynein light chain roadblock-type 1","Q9NP97_K75_M1_17","GlyGly (K)",0.416093773041623,0.71499268356809,0.726856867446877,5,"Not significant"
"P3C4+Nigericin / Nigericin","ITGB5","P18084","P18084","ITB5_HUMAN","Integrin beta-5","P18084_K170_M1_17","GlyGly (K)",0.141907003387365,0.715212281810762,0.727594715656065,6,"Not significant"
"P3C4+Nigericin / Nigericin","GOLGA2","Q08379","Q08379","GOGA2_HUMAN","Golgin subfamily A member 2","Q08379_K280_M1_17","GlyGly (K)",0.140997657200846,0.716676096899414,0.732546002594738,6,"Not significant"
"P3C4+Nigericin / Nigericin","UQCRC1","P31930","P31930","QCR1_HUMAN","Cytochrome b-c1 complex subunit 1, mitochondrial","P31930_K447_M1_17","GlyGly (K)",-0.790106184036725,0.717905480585572,0.736520591144049,6,"Not significant"
"P3C4+Nigericin / Nigericin","HNRNPH1","P31943","P31943","HNRH1_HUMAN","Heterogeneous nuclear ribonucleoprotein H","P31943_K35_M1_17","GlyGly (K)",-0.171045932404743,0.718030303578856,0.73699009247975,6,"Not significant"
"P3C4+Nigericin / Nigericin","ETFB","P38117","P38117","ETFB_HUMAN","Electron transfer flavoprotein subunit beta","P38117_K23_M1_17","GlyGly (K)",-0.0794174996276367,0.71913843221442,0.740633626526114,6,"Not significant"
"P3C4+Nigericin / Nigericin","PARK7","Q99497","Q99497","PARK7_HUMAN","Parkinson disease protein 7","Q99497_K12_M1_17","GlyGly (K)",-0.774135465739891,0.719545028131262,0.741956077799129,6,"Not significant"
"P3C4+Nigericin / Nigericin","NUCB1","Q02818","Q02818","NUCB1_HUMAN","Nucleobindin-1","Q02818_K439_M1_17","GlyGly (K)",0.111332889292842,0.719733038413394,0.742462393620269,6,"Not significant"
"P3C4+Nigericin / Nigericin","TMSB4X","P62328","P62328","TYB4_HUMAN","Thymosin beta-4","P62328_K32_M1_17","GlyGly (K)",0.597515810755252,0.720113559512548,0.743596702734224,6,"Not significant"
"P3C4+Nigericin / Nigericin","S100A4","P26447","P26447","S10A4_HUMAN","Protein S100-A4","P26447_K7_M1_17","GlyGly (K)",0.328577974732688,0.721437904393921,0.748096494501061,6,"Not significant"
"P3C4+Nigericin / Nigericin","SUMO3","P55854","P55854","SUMO3_HUMAN","Small ubiquitin-related modifier 3","P55854_K20_M1_17","GlyGly (K)",0.512049577800333,0.721676051821622,0.749029503506557,6,"Not significant"
"P3C4+Nigericin / Nigericin","HNRNPA3","P51991","P51991","ROA3_HUMAN","Heterogeneous nuclear ribonucleoprotein A3","P51991_K118_M1_17","GlyGly (K)",0.137978883363152,0.722282239689373,0.751173822735718,6,"Not significant"
"P3C4+Nigericin / Nigericin","AHNAK","Q09666","Q09666","AHNK_HUMAN","Neuroblast differentiation-associated protein AHNAK","Q09666_K5747_M2_17","GlyGly (K)",0.795924373101442,0.722596569313532,0.752311741881893,5,"Not significant"
"P3C4+Nigericin / Nigericin","RAB13","P51153","P51153","RAB13_HUMAN","Ras-related protein Rab-13","P51153_K56_M2_17","GlyGly (K)",-0.727179886647504,0.723671985132804,0.756165104797129,5,"Not significant"
"P3C4+Nigericin / Nigericin","PLIN2","Q99541","Q99541","PLIN2_HUMAN","Perilipin-2","Q99541_K153_M2_17","GlyGly (K)",-0.631596904568958,0.725301358816341,0.76173650007672,6,"Not significant"
"P3C4+Nigericin / Nigericin","PLIN2","Q99541","Q99541","PLIN2_HUMAN","Perilipin-2","Q99541_K151_M2_17","GlyGly (K)",-0.631596904568958,0.725301358816341,0.76173650007672,6,"Not significant"
"P3C4+Nigericin / Nigericin","TMSB4X","P62328","P62328","TYB4_HUMAN","Thymosin beta-4","P62328_K26_M1_17","GlyGly (K)",0.134458772118663,0.726232979417004,0.764990833485659,6,"Not significant"
"P3C4+Nigericin / Nigericin","RPL13","P26373","P26373","RL13_HUMAN","Large ribosomal subunit protein eL13","P26373_K145_M1_17","GlyGly (K)",-0.175794615063544,0.727055335732438,0.767785584837484,6,"Not significant"
"P3C4+Nigericin / Nigericin","AHNAK","Q09666","Q09666","AHNK_HUMAN","Neuroblast differentiation-associated protein AHNAK","Q09666_K4761_M1_17","GlyGly (K)",-0.115971264225239,0.727414751412674,0.768977309040545,6,"Not significant"
"P3C4+Nigericin / Nigericin","RAB35","Q15286","Q15286","RAB35_HUMAN","Ras-related protein Rab-35","Q15286_K10_M1_17","GlyGly (K)",-0.521170965786052,0.727458377582499,0.769131567966673,6,"Not significant"
"P3C4+Nigericin / Nigericin","AHNAK","Q09666","Q09666","AHNK_HUMAN","Neuroblast differentiation-associated protein AHNAK","Q09666_K4559_M2_17","GlyGly (K)",-0.124687891616546,0.727651880482052,0.769891036329897,6,"Not significant"
"P3C4+Nigericin / Nigericin","AHNAK","Q09666","Q09666","AHNK_HUMAN","Neuroblast differentiation-associated protein AHNAK","Q09666_K4556_M2_17","GlyGly (K)",-0.124687891616546,0.727651880482052,0.769891036329897,6,"Not significant"
"P3C4+Nigericin / Nigericin","NCL","P19338","P19338","NUCL_HUMAN","Nucleolin","P19338_K537_M1_17","GlyGly (K)",0.147104917501737,0.727981013203403,0.771073660908157,6,"Not significant"
"P3C4+Nigericin / Nigericin","GAPDH","P04406","P04406","G3P_HUMAN","Glyceraldehyde-3-phosphate dehydrogenase","P04406_K3_M2_17","GlyGly (K)",0.106307998457159,0.728044253504779,0.771352617862917,6,"Not significant"
"P3C4+Nigericin / Nigericin","ALDOA","P04075","P04075","ALDOA_HUMAN","Fructose-bisphosphate aldolase A","P04075_K289_M1_17","GlyGly (K)",0.302490685900869,0.730956984687626,0.781723161980894,6,"Not significant"
"P3C4+Nigericin / Nigericin","LRRFIP1","Q32MZ4","Q32MZ4","LRRF1_HUMAN","Leucine-rich repeat flightless-interacting protein 1","Q32MZ4_K580_M2_17","GlyGly (K)",0.200228590423693,0.731206792641334,0.782698657694941,6,"Not significant"
"P3C4+Nigericin / Nigericin","LRRFIP1","Q32MZ4","Q32MZ4","LRRF1_HUMAN","Leucine-rich repeat flightless-interacting protein 1","Q32MZ4_K579_M2_17","GlyGly (K)",0.200228590423693,0.731206792641334,0.782698657694941,6,"Not significant"
"P3C4+Nigericin / Nigericin","GPX1","P07203","P07203","GPX1_HUMAN","Glutathione peroxidase 1","P07203_K88_M1_17","GlyGly (K)",-0.0668073582057256,0.73124570157016,0.782882892455429,6,"Not significant"
"P3C4+Nigericin / Nigericin","GAPDH","P04406","P04406","G3P_HUMAN","Glyceraldehyde-3-phosphate dehydrogenase","P04406_K139_M1_17","GlyGly (K)",-0.585097324328111,0.731615792360342,0.784062819340126,6,"Not significant"
"P3C4+Nigericin / Nigericin","RPS14","P62263","P62263","RS14_HUMAN","Small ribosomal subunit protein uS11","P62263_K125_M1_17","GlyGly (K)",-0.288882723902709,0.731821350106445,0.784835919051779,6,"Not significant"
"P3C4+Nigericin / Nigericin","HSPA13","P48723","P48723","HSP13_HUMAN","Heat shock 70 kDa protein 13","P48723_K396_M1_17","GlyGly (K)",0.132529821150717,0.732732128075478,0.788300355222327,6,"Not significant"
"P3C4+Nigericin / Nigericin","HSPA2","P54652","P54652","HSP72_HUMAN","Heat shock-related 70 kDa protein 2","P54652_K461_M1_17","GlyGly (K)",0.263020908566266,0.732867751849819,0.788914674180859,6,"Not significant"
"P3C4+Nigericin / Nigericin","EEF1A1","Cont_P68103;P68104","Cont_P68103;P68104","EF1A1_BOVIN;EF1A1_HUMAN","Elongation factor 1-alpha 1","Cont_P68103_K100_M1_17","GlyGly (K)",-0.156872537091898,0.733897927028505,0.792600689550854,6,"Not significant"
"P3C4+Nigericin / Nigericin","EEF1A1","Cont_P68103;P68104","Cont_P68103;P68104","EF1A1_BOVIN;EF1A1_HUMAN","Elongation factor 1-alpha 1","P68104_K100_M1_17","GlyGly (K)",-0.156872537091898,0.733897927028505,0.792600689550854,6,"Not significant"
"P3C4+Nigericin / Nigericin","AHNAK","Q09666","Q09666","AHNK_HUMAN","Neuroblast differentiation-associated protein AHNAK","Q09666_K3488_M2_17","GlyGly (K)",0.485062979254167,0.734526328014993,0.794894033743584,6,"Not significant"
"P3C4+Nigericin / Nigericin","AHNAK","Q09666","Q09666","AHNK_HUMAN","Neuroblast differentiation-associated protein AHNAK","Q09666_K3481_M2_17","GlyGly (K)",0.485062979254167,0.734526328014993,0.794894033743584,6,"Not significant"
"P3C4+Nigericin / Nigericin","EEA1","Q15075","Q15075","EEA1_HUMAN","Early endosome antigen 1","Q15075_K1055_M1_17","GlyGly (K)",-0.2467387593101,0.735430340801422,0.797900834616338,6,"Not significant"
"P3C4+Nigericin / Nigericin","RNH1","P13489","P13489","RINI_HUMAN","Ribonuclease inhibitor","P13489_K86_M1_17","GlyGly (K)",0.306619519847902,0.73575261459993,0.799042249794571,6,"Not significant"
"P3C4+Nigericin / Nigericin","PKM","P14618","P14618","KPYM_HUMAN","Pyruvate kinase PKM","P14618_K125_M1_17","GlyGly (K)",0.193520335152501,0.736468248800493,0.80123268654903,6,"Not significant"
"P3C4+Nigericin / Nigericin","MTHFD1","P11586","P11586","C1TC_HUMAN","C-1-tetrahydrofolate synthase, cytoplasmic","P11586_K760_M1_17","GlyGly (K)",-0.129187045596421,0.737948091155233,0.806915647742476,6,"Not significant"
"P3C4+Nigericin / Nigericin","RNH1","P13489","P13489","RINI_HUMAN","Ribonuclease inhibitor","P13489_K283_M2_17","GlyGly (K)",0.111643214521711,0.738693028462393,0.809418679785548,5,"Not significant"
"P3C4+Nigericin / Nigericin","ARL8B","Q9NVJ2","Q9NVJ2","ARL8B_HUMAN","ADP-ribosylation factor-like protein 8B","Q9NVJ2_K117_M1_17","GlyGly (K)",-0.226321453852573,0.7396887852576,0.812991482394198,6,"Not significant"
"P3C4+Nigericin / Nigericin","TPI1","P60174","P60174","TPIS_HUMAN","Triosephosphate isomerase","P60174_K131_M1_17","GlyGly (K)",0.185709885612997,0.740162367926349,0.81485352654815,6,"Not significant"
"P3C4+Nigericin / Nigericin","IFIT3","O14879","O14879","IFIT3_HUMAN","Interferon-induced protein with tetratricopeptide repeats 3","O14879_K254_M2_17","GlyGly (K)",0.102890235973097,0.740379590702562,0.815732893153034,5,"Not significant"
"P3C4+Nigericin / Nigericin","TMSB10","P63313","P63313","TYB10_HUMAN","Thymosin beta-10","P63313_K32_M1_17","GlyGly (K)",0.230414073646473,0.740902874744944,0.817564319543258,6,"Not significant"
"P3C4+Nigericin / Nigericin","IDH3B","O43837","O43837","IDH3B_HUMAN","Isocitrate dehydrogenase [NAD] subunit beta, mitochondrial","O43837_K105_M1_17","GlyGly (K)",0.354941546544975,0.742066877420772,0.821900487338965,6,"Not significant"
"P3C4+Nigericin / Nigericin","INPP5D","Q92835","Q92835","SHIP1_HUMAN","Phosphatidylinositol 3,4,5-trisphosphate 5-phosphatase 1","Q92835_K568_M1_17","GlyGly (K)",0.36693598024302,0.742181132865757,0.822379986772241,6,"Not significant"
"P3C4+Nigericin / Nigericin","BASP1","P80723","P80723","BASP1_HUMAN","Brain acid soluble protein 1","P80723_K102_M2_17","GlyGly (K)",0.0349931183748632,0.742500109726689,0.823401729815394,6,"Not significant"
"P3C4+Nigericin / Nigericin","RAB1B","Q9H0U4","Q9H0U4","RAB1B_HUMAN","Ras-related protein Rab-1B","Q9H0U4_K137_M1_17","GlyGly (K)",-0.0737910234360776,0.744183504245525,0.829886280000724,6,"Not significant"
"P3C4+Nigericin / Nigericin","H4C1","P62805","P62805","H4_HUMAN","Histone H4","P62805_K60_M1_17","GlyGly (K)",-0.221962319785897,0.744196105207154,0.8299314729992,6,"Not significant"
"P3C4+Nigericin / Nigericin","NSUN2","Q08J23","Q08J23","NSUN2_HUMAN","RNA cytosine C(5)-methyltransferase NSUN2","Q08J23_K338_M1_17","GlyGly (K)",0.45050448380315,0.744494495636318,0.83098987866525,6,"Not significant"
"P3C4+Nigericin / Nigericin","CANX","P27824","P27824","CALX_HUMAN","Calnexin","P27824_K398_M1_17","GlyGly (K)",0.210953558000442,0.744805161513761,0.832046544487418,6,"Not significant"
"P3C4+Nigericin / Nigericin","VDAC1","P21796","P21796","VDAC1_HUMAN","Voltage-dependent anion-selective channel protein 1","P21796_K200_M2_17","GlyGly (K)",-0.088744143857523,0.745574421779069,0.835127534106318,5,"Not significant"
"P3C4+Nigericin / Nigericin","HMGB2","P26583","P26583","HMGB2_HUMAN","High mobility group protein B2","P26583_K59_M2_17","GlyGly (K)",0.182533389825783,0.74669249251868,0.83966629107462,6,"Not significant"
"P3C4+Nigericin / Nigericin","HMGB2","P26583","P26583","HMGB2_HUMAN","High mobility group protein B2","P26583_K57_M2_17","GlyGly (K)",0.182533389825783,0.74669249251868,0.83966629107462,6,"Not significant"
"P3C4+Nigericin / Nigericin","HNRNPD","Q14103","Q14103","HNRPD_HUMAN","Heterogeneous nuclear ribonucleoprotein D0","Q14103_K218_M1_17","GlyGly (K)",0.337739738637033,0.746751968869549,0.839969985304123,6,"Not significant"
"P3C4+Nigericin / Nigericin","OSBPL8","Q9BZF1","Q9BZF1","OSBL8_HUMAN","Oxysterol-binding protein-related protein 8","Q9BZF1_K482_M1_17","GlyGly (K)",-0.203042142645479,0.746845015679483,0.840217878422511,6,"Not significant"
"P3C4+Nigericin / Nigericin","AHNAK","Q09666","Q09666","AHNK_HUMAN","Neuroblast differentiation-associated protein AHNAK","Q09666_K1652_M1_17","GlyGly (K)",0.196443193817892,0.749029775161162,0.848355794460604,5,"Not significant"
"P3C4+Nigericin / Nigericin","AHNAK","Q09666","Q09666","AHNK_HUMAN","Neuroblast differentiation-associated protein AHNAK","Q09666_K1854_M1_17","GlyGly (K)",0.196443193817892,0.749029775161162,0.848355794460604,5,"Not significant"
"P3C4+Nigericin / Nigericin","AHNAK","Q09666","Q09666","AHNK_HUMAN","Neuroblast differentiation-associated protein AHNAK","Q09666_K1921_M1_17","GlyGly (K)",0.196443193817892,0.749029775161162,0.848355794460604,5,"Not significant"
"P3C4+Nigericin / Nigericin","AHNAK","Q09666","Q09666","AHNK_HUMAN","Neuroblast differentiation-associated protein AHNAK","Q09666_K2116_M1_17","GlyGly (K)",0.196443193817892,0.749029775161162,0.848355794460604,5,"Not significant"
"P3C4+Nigericin / Nigericin","PDCD6","O75340","O75340","PDCD6_HUMAN","Programmed cell death protein 6","O75340_K90_M2_17","GlyGly (K)",-0.44720989619154,0.749408694492018,0.84965249682969,4,"Not significant"
"P3C4+Nigericin / Nigericin","GSPT2","Q8IYD1","Q8IYD1","ERF3B_HUMAN","Eukaryotic peptide chain release factor GTP-binding subunit ERF3B","Q8IYD1_K57_M1_17","GlyGly (K)",0.10135405629334,0.749658031024698,0.850568251386277,6,"Not significant"
"P3C4+Nigericin / Nigericin","HSPA8","P11142","P11142","HSP7C_HUMAN","Heat shock cognate 71 kDa protein","P11142_K88_M1_17","GlyGly (K)",0.105156724181618,0.750960431900724,0.855512992213032,6,"Not significant"
"P3C4+Nigericin / Nigericin","ACTR2","P61160","P61160","ARP2_HUMAN","Actin-related protein 2","P61160_K106_M1_17","GlyGly (K)",-0.199067946574268,0.752383565492782,0.861090337331597,6,"Not significant"
"P3C4+Nigericin / Nigericin","TMEM30A","Q9NV96","Q9NV96","CC50A_HUMAN","Cell cycle control protein 50A","Q9NV96_K155_M1_17","GlyGly (K)",0.134373445152834,0.753277369117505,0.864735987092788,6,"Not significant"
"P3C4+Nigericin / Nigericin","LMNA","P02545","P02545","LMNA_HUMAN","Prelamin-A/C","P02545_K597_M1_17","GlyGly (K)",-0.0717397984504407,0.753770432405547,0.86660688947365,6,"Not significant"
"P3C4+Nigericin / Nigericin","NELFA","Q9H3P2","Q9H3P2","NELFA_HUMAN","Negative elongation factor A","Q9H3P2_K288_M1_17","GlyGly (K)",0.257004765735998,0.755549519376838,0.873680870054484,6,"Not significant"
"P3C4+Nigericin / Nigericin","SRSF7","Q16629","Q16629","SRSF7_HUMAN","Serine/arginine-rich splicing factor 7","Q16629_K24_M1_17","GlyGly (K)",-0.344657660429716,0.755760584096732,0.87454656528691,6,"Not significant"
"P3C4+Nigericin / Nigericin","AHNAK","Q09666","Q09666","AHNK_HUMAN","Neuroblast differentiation-associated protein AHNAK","Q09666_K3157_M2_17","GlyGly (K)",0.061347854742255,0.756097500140021,0.87586702861175,5,"Not significant"
"P3C4+Nigericin / Nigericin","AHNAK","Q09666","Q09666","AHNK_HUMAN","Neuroblast differentiation-associated protein AHNAK","Q09666_K3939_M2_17","GlyGly (K)",0.061347854742255,0.756097500140021,0.87586702861175,5,"Not significant"
"P3C4+Nigericin / Nigericin","CNTRL","Q7Z7A1","Q7Z7A1","CNTRL_HUMAN","Centriolin","Q7Z7A1_K546_M1_17","GlyGly (K)",-0.318539365469776,0.756167109879426,0.876179537024016,6,"Not significant"
"P3C4+Nigericin / Nigericin","NCL","P19338","P19338","NUCL_HUMAN","Nucleolin","P19338_K362_M1_17","GlyGly (K)",-0.262121761123695,0.757137547851063,0.879587846278653,6,"Not significant"
"P3C4+Nigericin / Nigericin","STX3","Q13277","Q13277","STX3_HUMAN","Syntaxin-3","Q13277_K58_M2_17","GlyGly (K)",0.100171161057331,0.75752975882844,0.881276805325555,4,"Not significant"
"P3C4+Nigericin / Nigericin","FADD","Q13158","Q13158","FADD_HUMAN","FAS-associated death domain protein","Q13158_K110_M1_17","GlyGly (K)",0.0958664009646761,0.758001806435199,0.882998439633016,6,"Not significant"
"P3C4+Nigericin / Nigericin","HP1BP3","Q5SSJ5","Q5SSJ5","HP1B3_HUMAN","Heterochromatin protein 1-binding protein 3","Q5SSJ5_K334_M1_17","GlyGly (K)",0.176750127837297,0.758251292914861,0.883817085907345,6,"Not significant"
"P3C4+Nigericin / Nigericin","DNAJC13","O75165","O75165","DJC13_HUMAN","DnaJ homolog subfamily C member 13","O75165_K599_M1_17","GlyGly (K)",0.21494622133609,0.758627379309775,0.885206013390736,6,"Not significant"
"P3C4+Nigericin / Nigericin","HSPE1","P61604","P61604","CH10_HUMAN","10 kDa heat shock protein, mitochondrial","P61604_K80_M1_17","GlyGly (K)",-0.290412135480466,0.760909878674116,0.894777318325077,6,"Not significant"
"P3C4+Nigericin / Nigericin","HSPA1A;HSPA1B","P0DMV8;P0DMV9","P0DMV8;P0DMV9","HS71A_HUMAN;HS71B_HUMAN","Heat shock 70 kDa protein 1A;Heat shock 70 kDa protein 1B","P0DMV8_K573_M1_17","GlyGly (K)",-0.267101076537588,0.761074249395093,0.895557519620516,6,"Not significant"
"P3C4+Nigericin / Nigericin","HSPA1A;HSPA1B","P0DMV8;P0DMV9","P0DMV8;P0DMV9","HS71A_HUMAN;HS71B_HUMAN","Heat shock 70 kDa protein 1A;Heat shock 70 kDa protein 1B","P0DMV9_K573_M1_17","GlyGly (K)",-0.267101076537588,0.761074249395093,0.895557519620516,6,"Not significant"
"P3C4+Nigericin / Nigericin","ACTN4","O43707","O43707","ACTN4_HUMAN","Alpha-actinin-4","O43707_K233_M1_17","GlyGly (K)",0.110773678969707,0.761410663978628,0.896999680208188,6,"Not significant"
"P3C4+Nigericin / Nigericin","MYO1G","B0I1T2","B0I1T2","MYO1G_HUMAN","Unconventional myosin-Ig","B0I1T2_K544_M1_17","GlyGly (K)",-0.201867918473515,0.761627262693344,0.897748485076529,6,"Not significant"
"P3C4+Nigericin / Nigericin","IMPDH2","P12268","P12268","IMDH2_HUMAN","Inosine-5'-monophosphate dehydrogenase 2","P12268_K492_M1_17","GlyGly (K)",-0.273540878033252,0.761797954311684,0.898441630100012,6,"Not significant"
"P3C4+Nigericin / Nigericin","LGALS1","P09382","P09382","LEG1_HUMAN","Galectin-1","P09382_K37_M1_17","GlyGly (K)",0.0922830398325157,0.762135624443553,0.89979975176419,6,"Not significant"
"P3C4+Nigericin / Nigericin","UBB;UBC","P0CG47;P0CG48","P0CG47;P0CG48","UBB_HUMAN;UBC_HUMAN","Polyubiquitin-B;Polyubiquitin-C","P0CG47_K87_M1_17","GlyGly (K)",0.0913244331600835,0.762566809647707,0.901441058799831,4,"Not significant"
"P3C4+Nigericin / Nigericin","UBB;UBC","P0CG47;P0CG48","P0CG47;P0CG48","UBB_HUMAN;UBC_HUMAN","Polyubiquitin-B;Polyubiquitin-C","P0CG47_K163_M1_17","GlyGly (K)",0.0913244331600835,0.762566809647707,0.901441058799831,4,"Not significant"
"P3C4+Nigericin / Nigericin","UBB;UBC","P0CG47;P0CG48","P0CG47;P0CG48","UBB_HUMAN;UBC_HUMAN","Polyubiquitin-B;Polyubiquitin-C","P0CG48_K87_M1_17","GlyGly (K)",0.0913244331600835,0.762566809647707,0.901441058799831,4,"Not significant"
"P3C4+Nigericin / Nigericin","UBB;UBC","P0CG47;P0CG48","P0CG47;P0CG48","UBB_HUMAN;UBC_HUMAN","Polyubiquitin-B;Polyubiquitin-C","P0CG48_K163_M1_17","GlyGly (K)",0.0913244331600835,0.762566809647707,0.901441058799831,4,"Not significant"
"P3C4+Nigericin / Nigericin","UBB;UBC","P0CG47;P0CG48","P0CG47;P0CG48","UBB_HUMAN;UBC_HUMAN","Polyubiquitin-B;Polyubiquitin-C","P0CG48_K239_M1_17","GlyGly (K)",0.0913244331600835,0.762566809647707,0.901441058799831,4,"Not significant"
"P3C4+Nigericin / Nigericin","UBB;UBC","P0CG47;P0CG48","P0CG47;P0CG48","UBB_HUMAN;UBC_HUMAN","Polyubiquitin-B;Polyubiquitin-C","P0CG48_K315_M1_17","GlyGly (K)",0.0913244331600835,0.762566809647707,0.901441058799831,4,"Not significant"
"P3C4+Nigericin / Nigericin","UBB;UBC","P0CG47;P0CG48","P0CG47;P0CG48","UBB_HUMAN;UBC_HUMAN","Polyubiquitin-B;Polyubiquitin-C","P0CG48_K391_M1_17","GlyGly (K)",0.0913244331600835,0.762566809647707,0.901441058799831,4,"Not significant"
"P3C4+Nigericin / Nigericin","UBB;UBC","P0CG47;P0CG48","P0CG47;P0CG48","UBB_HUMAN;UBC_HUMAN","Polyubiquitin-B;Polyubiquitin-C","P0CG48_K467_M1_17","GlyGly (K)",0.0913244331600835,0.762566809647707,0.901441058799831,4,"Not significant"
"P3C4+Nigericin / Nigericin","UBB;UBC","P0CG47;P0CG48","P0CG47;P0CG48","UBB_HUMAN;UBC_HUMAN","Polyubiquitin-B;Polyubiquitin-C","P0CG48_K543_M1_17","GlyGly (K)",0.0913244331600835,0.762566809647707,0.901441058799831,4,"Not significant"
"P3C4+Nigericin / Nigericin","UBB;UBC","P0CG47;P0CG48","P0CG47;P0CG48","UBB_HUMAN;UBC_HUMAN","Polyubiquitin-B;Polyubiquitin-C","P0CG48_K619_M1_17","GlyGly (K)",0.0913244331600835,0.762566809647707,0.901441058799831,4,"Not significant"
"P3C4+Nigericin / Nigericin","KRT10","Cont_P13645;P13645","Cont_P13645;P13645","K1C10_HUMAN","Keratin, type I cytoskeletal 10;Keratin, type I cytoskeletal 10","Cont_P13645_K362_M1_17","GlyGly (K)",0.0495135158197877,0.762617393434419,0.901657965253103,4,"Not significant"
"P3C4+Nigericin / Nigericin","KRT10","Cont_P13645;P13645","Cont_P13645;P13645","K1C10_HUMAN","Keratin, type I cytoskeletal 10;Keratin, type I cytoskeletal 10","P13645_K362_M1_17","GlyGly (K)",0.0495135158197877,0.762617393434419,0.901657965253103,4,"Not significant"
"P3C4+Nigericin / Nigericin","VPS4B","O75351","O75351","VPS4B_HUMAN","Vacuolar protein sorting-associated protein 4B","O75351_K155_M1_17","GlyGly (K)",0.240153617125451,0.76343509341816,0.905244629610644,6,"Not significant"
"P3C4+Nigericin / Nigericin","SNRPA1","P09661","P09661","RU2A_HUMAN","U2 small nuclear ribonucleoprotein A'","P09661_K205_M1_17","GlyGly (K)",-0.0693146221039433,0.764905227442615,0.910922561101841,6,"Not significant"
"P3C4+Nigericin / Nigericin","XRCC6","P12956","P12956","XRCC6_HUMAN","X-ray repair cross-complementing protein 6","P12956_K351_M1_17","GlyGly (K)",0.120891510801358,0.765023557838797,0.911353346932714,6,"Not significant"
"P3C4+Nigericin / Nigericin","PGD","P52209","P52209","6PGD_HUMAN","6-phosphogluconate dehydrogenase, decarboxylating","P52209_K38_M1_17","GlyGly (K)",-0.217222233412355,0.766257144793152,0.916404848148924,6,"Not significant"
"P3C4+Nigericin / Nigericin","HMGA1","P17096","P17096","HMGA1_HUMAN","High mobility group protein HMG-I/HMG-Y","P17096_K18_M2_17","GlyGly (K)",-0.0492158154825497,0.76815568031152,0.924269000842642,5,"Not significant"
"P3C4+Nigericin / Nigericin","IFIT3","O14879","O14879","IFIT3_HUMAN","Interferon-induced protein with tetratricopeptide repeats 3","O14879_K373_M1_17","GlyGly (K)",-0.0540037916833036,0.768400546062495,0.92517404882314,6,"Not significant"
"P3C4+Nigericin / Nigericin","XPOT","O43592","O43592","XPOT_HUMAN","Exportin-T","O43592_K316_M1_17","GlyGly (K)",0.196945570757933,0.768849985347975,0.92729675052628,6,"Not significant"
"P3C4+Nigericin / Nigericin","TYW1B;TYW1","Q6NUM6;Q9NV66","Q6NUM6;Q9NV66","TYW1B_HUMAN;TYW1_HUMAN","S-adenosyl-L-methionine-dependent tRNA 4-demethylwyosine synthase TYW1B;S-adenosyl-L-methionine-dependent tRNA 4-demethylwyosine synthase TYW1","Q6NUM6_K414_M1_17","GlyGly (K)",0.131987482923897,0.770561231683708,0.934570773003181,6,"Not significant"
"P3C4+Nigericin / Nigericin","TYW1B;TYW1","Q6NUM6;Q9NV66","Q6NUM6;Q9NV66","TYW1B_HUMAN;TYW1_HUMAN","S-adenosyl-L-methionine-dependent tRNA 4-demethylwyosine synthase TYW1B;S-adenosyl-L-methionine-dependent tRNA 4-demethylwyosine synthase TYW1","Q9NV66_K478_M1_17","GlyGly (K)",0.131987482923897,0.770561231683708,0.934570773003181,6,"Not significant"
"P3C4+Nigericin / Nigericin","AHNAK","Q09666","Q09666","AHNK_HUMAN","Neuroblast differentiation-associated protein AHNAK","Q09666_K1408_M2_17","GlyGly (K)",-0.0747253145634221,0.770708502176156,0.935149887722521,4,"Not significant"
"P3C4+Nigericin / Nigericin","ELOC","Q15369","Q15369","ELOC_HUMAN","Elongin-C","Q15369_K72_M1_17","GlyGly (K)",0.0355413543508173,0.772083001034685,0.941109443302063,6,"Not significant"
"P3C4+Nigericin / Nigericin","CAPZB","P47756","P47756","CAPZB_HUMAN","F-actin-capping protein subunit beta","P47756_K168_M1_17","GlyGly (K)",0.0858726630573745,0.772566885900366,0.942947447183217,6,"Not significant"
"P3C4+Nigericin / Nigericin","YBX1","P67809","P67809","YBOX1_HUMAN","Y-box-binding protein 1","P67809_K98_M1_17","GlyGly (K)",-0.154797261342775,0.7725869328322,0.943047362733718,6,"Not significant"
"P3C4+Nigericin / Nigericin","ARHGDIA","P52565","P52565","GDIR1_HUMAN","Rho GDP-dissociation inhibitor 1","P52565_K33_M1_17","GlyGly (K)",0.154049854912826,0.772626116594712,0.943205677169818,6,"Not significant"
"P3C4+Nigericin / Nigericin","NCL","P19338","P19338","NUCL_HUMAN","Nucleolin","P19338_K297_M1_17","GlyGly (K)",-0.0505254257943074,0.77298626845122,0.944669508000102,6,"Not significant"
"P3C4+Nigericin / Nigericin","YWHAQ","P27348","P27348","1433T_HUMAN","14-3-3 protein theta","P27348_K103_M1_17","GlyGly (K)",-0.0206364856743229,0.773021897990823,0.944830076203355,6,"Not significant"
"P3C4+Nigericin / Nigericin","NUDC","Q9Y266","Q9Y266","NUDC_HUMAN","Nuclear migration protein nudC","Q9Y266_K275_M1_17","GlyGly (K)",-0.123240365841165,0.773246991540524,0.945789093223138,6,"Not significant"
"P3C4+Nigericin / Nigericin","AK2","P54819","P54819","KAD2_HUMAN","Adenylate kinase 2, mitochondrial","P54819_K164_M1_17","GlyGly (K)",0.1356301456423,0.773916408159977,0.94879070660548,6,"Not significant"
"P3C4+Nigericin / Nigericin","TFRC","P02786","P02786","TFR1_HUMAN","Transferrin receptor protein 1","P02786_K134_M1_17","GlyGly (K)",-0.102133382949048,0.774941368318344,0.953240598049731,6,"Not significant"
"P3C4+Nigericin / Nigericin","CYRIB","Q9NUQ9","Q9NUQ9","CYRIB_HUMAN","CYFIP-related Rac1 interactor B","Q9NUQ9_K286_M2_17","GlyGly (K)",-0.0240373584706849,0.776550190613549,0.960417315851959,4,"Not significant"
"P3C4+Nigericin / Nigericin","H2AC4;H2AC25","P04908;Q7L7L0","P04908;Q7L7L0","H2A1B_HUMAN;H2A3_HUMAN","Histone H2A type 1-B/E;Histone H2A type 3","P04908_K96_M1_17","GlyGly (K)",-0.0729752651299882,0.77669212734089,0.961058109797564,6,"Not significant"
"P3C4+Nigericin / Nigericin","H2AC4;H2AC25","P04908;Q7L7L0","P04908;Q7L7L0","H2A1B_HUMAN;H2A3_HUMAN","Histone H2A type 1-B/E;Histone H2A type 3","Q7L7L0_K96_M1_17","GlyGly (K)",-0.0729752651299882,0.77669212734089,0.961058109797564,6,"Not significant"
"P3C4+Nigericin / Nigericin","RAB1A","P62820","P62820","RAB1A_HUMAN","Ras-related protein Rab-1A","P62820_K156_M1_17","GlyGly (K)",-0.0262574698143149,0.77924520654805,0.97189945248661,6,"Not significant"
"P3C4+Nigericin / Nigericin","H4C1","P62805","P62805","H4_HUMAN","Histone H4","P62805_K80_M1_17","GlyGly (K)",-0.0105333421698646,0.780395873684023,0.976926804067956,6,"Not significant"
"P3C4+Nigericin / Nigericin","TPD52L2","O43399","O43399","TPD54_HUMAN","Tumor protein D54","O43399_K15_M1_17","GlyGly (K)",0.0364938351261012,0.781079449628336,0.979817565691346,6,"Not significant"
"P3C4+Nigericin / Nigericin","ZFC3H1","O60293","O60293","ZC3H1_HUMAN","Zinc finger C3H1 domain-containing protein","O60293_K687_M1_17","GlyGly (K)",-0.0268102388029521,0.781659452463669,0.982299651214866,6,"Not significant"
"P3C4+Nigericin / Nigericin","TPI1","P60174","P60174","TPIS_HUMAN","Triosephosphate isomerase","P60174_K238_M1_17","GlyGly (K)",-0.0179062350679307,0.781817503443421,0.982939845255662,6,"Not significant"
"P3C4+Nigericin / Nigericin","HYOU1","Q9Y4L1","Q9Y4L1","HYOU1_HUMAN","Hypoxia up-regulated protein 1","Q9Y4L1_K774_M1_17","GlyGly (K)",0.0433583782269112,0.782138910512631,0.984206336152542,5,"Not significant"
"P3C4+Nigericin / Nigericin","STIP1","P31948","P31948","STIP1_HUMAN","Stress-induced-phosphoprotein 1","P31948_K415_M1_17","GlyGly (K)",-0.0101752556843952,0.783435146628577,0.990010406077553,6,"Not significant"
"P3C4+Nigericin / Nigericin","HSPA9","P38646","P38646","GRP75_HUMAN","Stress-70 protein, mitochondrial","P38646_K288_M1_17","GlyGly (K)",0.0125690099579113,0.783473558871048,0.990114682921311,6,"Not significant"
"P3C4+Nigericin / Nigericin","CAST","P20810","P20810","ICAL_HUMAN","Calpastatin","P20810_K283_M1_17","GlyGly (K)",0.0143003029565175,0.783534811990052,0.990406115527497,6,"Not significant"
"P3C4+Nigericin / Nigericin","SND1","Q7KZF4","Q7KZF4","SND1_HUMAN","Staphylococcal nuclease domain-containing protein 1","Q7KZF4_K93_M1_17","GlyGly (K)",-0.0236782574256661,0.783690808742954,0.991127815464639,6,"Not significant"
"P3C4+Nigericin / Nigericin","ZNF326","Q5BKZ1","Q5BKZ1","ZN326_HUMAN","DBIRD complex subunit ZNF326","Q5BKZ1_K442_M1_17","GlyGly (K)",0.0217594143747705,0.78384228414784,0.991908773167262,6,"Not significant"
"P3C4+Nigericin / Nigericin","F5","Cont_Q28107","Cont_Q28107","FA5_BOVIN","Coagulation factor V","Cont_Q28107_K564_M1_17","GlyGly (K)",-0.0213269618891703,0.783865073077603,0.992005004379751,6,"Not significant"
"P3C4+Nigericin / Nigericin","TMPO","P42166","P42166","LAP2A_HUMAN","Lamina-associated polypeptide 2, isoform alpha","P42166_K17_M1_17","GlyGly (K)",0.0142932084624175,0.783917000378359,0.992274899953759,6,"Not significant"
"P3C4+Nigericin / Nigericin","RPL14","P50914","P50914","RL14_HUMAN","Large ribosomal subunit protein eL14","P50914_K160_M1_17","GlyGly (K)",-0.00890804122154002,0.784410222553173,0.994518526611486,6,"Not significant"
"P3C4+Nigericin / Nigericin","MYO18A","Q92614","Q92614","MY18A_HUMAN","Unconventional myosin-XVIIIa","Q92614_K1662_M1_17","GlyGly (K)",0.00897100592797583,0.784513176019181,0.995262788237692,6,"Not significant"
"P3C4+Nigericin / Nigericin","ACTR2","P61160","P61160","ARP2_HUMAN","Actin-related protein 2","P61160_K46_M2_17","GlyGly (K)",0.00211213366991264,0.785061581006454,0.997690821047207,5,"Not significant"
