"Comparison (group1/group2)","Genes","UniProtIds","ProteinGroups","ProteinNames","ProteinDescriptions","Group","PTM.ModificationTitle","AVG Log2 Ratio","Qvalue","Pvalue","# of Ratios","Significance"
"Unstim / Nigericin","RAB12","Q6IQ22","Q6IQ22","RAB12_HUMAN","Ras-related protein Rab-12","Q6IQ22_K127_M1_17","GlyGly (K)",-2.0944249623096,0.386612793499888,0.00124007514178193,6,"Not significant"
"Unstim / Nigericin","HSPD1","P10809","P10809","CH60_HUMAN","60 kDa heat shock protein, mitochondrial","P10809_K387_M1_17","GlyGly (K)",1.00070641901391,0.400982862512031,0.00182963513048269,6,"Not significant"
"Unstim / Nigericin","SYMPK","Q92797","Q92797","SYMPK_HUMAN","Symplekin","Q92797_K1109_M1_17","GlyGly (K)",-1.08092903611545,0.402730299463422,0.002169614533937,6,"Not significant"
"Unstim / Nigericin","ZFC3H1","O60293","O60293","ZC3H1_HUMAN","Zinc finger C3H1 domain-containing protein","O60293_K687_M1_17","GlyGly (K)",2.49008025396311,0.413184445737917,0.00275846544362256,6,"Not significant"
"Unstim / Nigericin","ITGB1","P05556","P05556","ITB1_HUMAN","Integrin beta-1","P05556_K163_M1_17","GlyGly (K)",-1.08411557503182,0.416551907460092,0.00296711439804926,6,"Not significant"
"Unstim / Nigericin","P4HB","P07237","P07237","PDIA1_HUMAN","Protein disulfide-isomerase","P07237_K285_M2_17","GlyGly (K)",0.952421415694026,0.416583721846147,0.0031247566993629,6,"Not significant"
"Unstim / Nigericin","P4HB","P07237","P07237","PDIA1_HUMAN","Protein disulfide-isomerase","P07237_K283_M2_17","GlyGly (K)",0.952421415694026,0.416583721846147,0.0031247566993629,6,"Not significant"
"Unstim / Nigericin","RPS2","P15880","P15880","RS2_HUMAN","Small ribosomal subunit protein uS5","P15880_K246_M2_17","GlyGly (K)",1.0974897295146,0.416583721846147,0.00314787141401178,4,"Not significant"
"Unstim / Nigericin","P4HB","P07237","P07237","PDIA1_HUMAN","Protein disulfide-isomerase","P07237_K263_M1_17","GlyGly (K)",-1.08658751829719,0.424836415925893,0.00427663068828543,6,"Not significant"
"Unstim / Nigericin","EEF1A1","Cont_P68103;P68104","Cont_P68103;P68104","EF1A1_BOVIN;EF1A1_HUMAN","Elongation factor 1-alpha 1","Cont_P68103_K408_M1_17","GlyGly (K)",2.71981310268687,0.427983420722044,0.00478475418214291,6,"Not significant"
"Unstim / Nigericin","EEF1A1","Cont_P68103;P68104","Cont_P68103;P68104","EF1A1_BOVIN;EF1A1_HUMAN","Elongation factor 1-alpha 1","P68104_K408_M1_17","GlyGly (K)",2.71981310268687,0.427983420722044,0.00478475418214291,6,"Not significant"
"Unstim / Nigericin","NCL","P19338","P19338","NUCL_HUMAN","Nucleolin","P19338_K537_M1_17","GlyGly (K)",1.59170782081958,0.43918906441548,0.00641777578310512,6,"Not significant"
"Unstim / Nigericin","RNH1","P13489","P13489","RINI_HUMAN","Ribonuclease inhibitor","P13489_K287_M1_17","GlyGly (K)",0.897582849135313,0.453758939624412,0.010154701246706,6,"Not significant"
"Unstim / Nigericin","GPX1","P07203","P07203","GPX1_HUMAN","Glutathione peroxidase 1","P07203_K88_M1_17","GlyGly (K)",-0.498741614474134,0.455840609465651,0.0105492283428257,6,"Not significant"
"Unstim / Nigericin","HNRNPA2B1","P22626","P22626","ROA2_HUMAN","Heterogeneous nuclear ribonucleoproteins A2/B1","P22626_K168_M1_17","GlyGly (K)",0.766444215010761,0.456331498430182,0.0106518659295011,6,"Not significant"
"Unstim / Nigericin","HCLS1","P14317","P14317","HCLS1_HUMAN","Hematopoietic lineage cell-specific protein","P14317_K273_M1_17","GlyGly (K)",-1.09269200189546,0.456917245648839,0.0110193996797557,6,"Not significant"
"Unstim / Nigericin","CAPG","P40121","P40121","CAPG_HUMAN","Macrophage-capping protein","P40121_K115_M1_17","GlyGly (K)",-1.09272221256338,0.457030884373413,0.0110654249198947,6,"Not significant"
"Unstim / Nigericin","APOBR","Q0VD83","Q0VD83","APOBR_HUMAN","Apolipoprotein B receptor","Q0VD83_K933_M1_17","GlyGly (K)",1.07427756442339,0.463309699095886,0.0126317406584209,6,"Not significant"
"Unstim / Nigericin","CAMK2D","Q13557","Q13557","KCC2D_HUMAN","Calcium/calmodulin-dependent protein kinase type II subunit delta","Q13557_K22_M1_17","GlyGly (K)",-1.09422013553782,0.465293029960165,0.0134809234853097,6,"Not significant"
"Unstim / Nigericin","ELOC","Q15369","Q15369","ELOC_HUMAN","Elongin-C","Q15369_K72_M1_17","GlyGly (K)",1.18828813762044,0.466270877126979,0.0138688540451085,6,"Not significant"
"Unstim / Nigericin","CNDP2","Q96KP4","Q96KP4","CNDP2_HUMAN","Cytosolic non-specific dipeptidase","Q96KP4_K402_M1_17","GlyGly (K)",0.875584851642115,0.46763304278044,0.0145955428908913,6,"Not significant"
"Unstim / Nigericin","AHNAK","Q09666","Q09666","AHNK_HUMAN","Neuroblast differentiation-associated protein AHNAK","Q09666_K2578_M1_17","GlyGly (K)",0.982594966721823,0.468342409666528,0.0149498752783896,6,"Not significant"
"Unstim / Nigericin","AHNAK","Q09666","Q09666","AHNK_HUMAN","Neuroblast differentiation-associated protein AHNAK","Q09666_K4000_M1_17","GlyGly (K)",0.982594966721823,0.468342409666528,0.0149498752783896,6,"Not significant"
"Unstim / Nigericin","AHNAK","Q09666","Q09666","AHNK_HUMAN","Neuroblast differentiation-associated protein AHNAK","Q09666_K4256_M1_17","GlyGly (K)",0.982594966721823,0.468342409666528,0.0149498752783896,6,"Not significant"
"Unstim / Nigericin","AHNAK","Q09666","Q09666","AHNK_HUMAN","Neuroblast differentiation-associated protein AHNAK","Q09666_K4458_M1_17","GlyGly (K)",0.982594966721823,0.468342409666528,0.0149498752783896,6,"Not significant"
"Unstim / Nigericin","PGD","P52209","P52209","6PGD_HUMAN","6-phosphogluconate dehydrogenase, decarboxylating","P52209_K119_M2_17","GlyGly (K)",0.590321906640144,0.470213479008756,0.0157834734243666,6,"Not significant"
"Unstim / Nigericin","PGD","P52209","P52209","6PGD_HUMAN","6-phosphogluconate dehydrogenase, decarboxylating","P52209_K117_M2_17","GlyGly (K)",0.590321906640144,0.470213479008756,0.0157834734243666,6,"Not significant"
"Unstim / Nigericin","DOCK8","Q8NF50","Q8NF50","DOCK8_HUMAN","Dedicator of cytokinesis protein 8","Q8NF50_K224_M1_17","GlyGly (K)",2.13346266660897,0.470818471659076,0.016139408943473,6,"Not significant"
"Unstim / Nigericin","HGS","O14964","O14964","HGS_HUMAN","Hepatocyte growth factor-regulated tyrosine kinase substrate","O14964_K56_M1_17","GlyGly (K)",2.11614025782846,0.472373002513956,0.017254970699384,6,"Not significant"
"Unstim / Nigericin","PSMC2","P35998","P35998","PRS7_HUMAN","26S proteasome regulatory subunit 7","P35998_K84_M1_17","GlyGly (K)",-1.09645055293304,0.472787250078574,0.0175035184429615,6,"Not significant"
"Unstim / Nigericin","ATP5F1C","P36542","P36542","ATPG_HUMAN","ATP synthase subunit gamma, mitochondrial","P36542_K115_M1_17","GlyGly (K)",-3.24716761506759,0.472787250078574,0.0175585203062617,6,"Not significant"
"Unstim / Nigericin","MRE11","P49959","P49959","MRE11_HUMAN","Double-strand break repair protein MRE11","P49959_K28_M1_17","GlyGly (K)",-6.60293694649513,0.472787250078574,0.0175574193123778,6,"Not significant"
"Unstim / Nigericin","CALR","P27797","P27797","CALR_HUMAN","Calreticulin","P27797_K164_M1_17","GlyGly (K)",-0.895752651231247,0.474479974500485,0.0182776493743916,6,"Not significant"
"Unstim / Nigericin","HSP90AA4P","Q58FG1","Q58FG1","HS904_HUMAN","Putative heat shock protein HSP 90-alpha A4","Q58FG1_K289_M1_17","GlyGly (K)",2.56233691016213,0.47744524356002,0.0192833052450773,6,"Not significant"
"Unstim / Nigericin","SEC63","Q9UGP8","Q9UGP8","SEC63_HUMAN","Translocation protein SEC63 homolog","Q9UGP8_K368_M1_17","GlyGly (K)",0.814094068145466,0.487685650988775,0.023286639218111,6,"Not significant"
"Unstim / Nigericin","THRAP3","Q9Y2W1","Q9Y2W1","TR150_HUMAN","Thyroid hormone receptor-associated protein 3","Q9Y2W1_K252_M1_17","GlyGly (K)",1.77498435433771,0.488679669720913,0.0235422552967459,6,"Not significant"
"Unstim / Nigericin","GSTP1","P09211","P09211","GSTP1_HUMAN","Glutathione S-transferase P","P09211_K191_M1_17","GlyGly (K)",0.806824411466904,0.488822591945018,0.0237543291467712,6,"Not significant"
"Unstim / Nigericin","RAB1B","Q9H0U4","Q9H0U4","RAB1B_HUMAN","Ras-related protein Rab-1B","Q9H0U4_K137_M1_17","GlyGly (K)",-0.5600777405746,0.488822591945018,0.0235846150405662,6,"Not significant"
"Unstim / Nigericin","BRD2","P25440","P25440","BRD2_HUMAN","Bromodomain-containing protein 2","P25440_K10_M1_17","GlyGly (K)",0.452278082073591,0.490059931053846,0.0241865588502569,6,"Not significant"
"Unstim / Nigericin","SH3GL1","Q99961","Q99961","SH3G1_HUMAN","Endophilin-A2","Q99961_K239_M1_17","GlyGly (K)",0.785012921020846,0.491179054636132,0.0251828959472737,6,"Not significant"
"Unstim / Nigericin","HP1BP3","Q5SSJ5","Q5SSJ5","HP1B3_HUMAN","Heterochromatin protein 1-binding protein 3","Q5SSJ5_K33_M1_17","GlyGly (K)",-6.72116110504171,0.491572982748979,0.0253473294432644,6,"Not significant"
"Unstim / Nigericin","HSPA9","P38646","P38646","GRP75_HUMAN","Stress-70 protein, mitochondrial","P38646_K206_M1_17","GlyGly (K)",-11.3355467279651,0.494221588800971,0.0264493628547964,6,"Not significant"
"Unstim / Nigericin","LMNA","P02545","P02545","LMNA_HUMAN","Prelamin-A/C","P02545_K171_M1_17","GlyGly (K)",0.718027767663409,0.496484673922215,0.0277245113857156,6,"Not significant"
"Unstim / Nigericin","ANXA1","P04083","P04083","ANXA1_HUMAN","Annexin A1","P04083_K53_M1_17","GlyGly (K)",9.85296746445185,0.496969557080463,0.0285438967965748,6,"Not significant"
"Unstim / Nigericin","SOD1","P00441","P00441","SODC_HUMAN","Superoxide dismutase [Cu-Zn]","P00441_K4_M2_17","GlyGly (K)",0.557823224544936,0.498113151417881,0.029132485383738,6,"Not significant"
"Unstim / Nigericin","P4HB","P07237","P07237","PDIA1_HUMAN","Protein disulfide-isomerase","P07237_K366_M1_17","GlyGly (K)",-0.703068521265911,0.49847795953796,0.0293189077839036,6,"Not significant"
"Unstim / Nigericin","GAPDH","P04406","P04406","G3P_HUMAN","Glyceraldehyde-3-phosphate dehydrogenase","P04406_K66_M1_17","GlyGly (K)",1.17454986438621,0.501542752725432,0.0309305577173854,6,"Not significant"
"Unstim / Nigericin","GALK1","P51570","P51570","GALK1_HUMAN","Galactokinase","P51570_K252_M1_17","GlyGly (K)",-1.10488862414265,0.508555167868799,0.0353493400958604,6,"Not significant"
"Unstim / Nigericin","WDR5","P61964","P61964","WDR5_HUMAN","WD repeat-containing protein 5","P61964_K165_M1_17","GlyGly (K)",0.656971838312295,0.508555167868799,0.0353667172654809,6,"Not significant"
"Unstim / Nigericin","CAPZB","P47756","P47756","CAPZB_HUMAN","F-actin-capping protein subunit beta","P47756_K168_M1_17","GlyGly (K)",-5.44669585208835,0.50870732837914,0.0355083015921285,6,"Not significant"
"Unstim / Nigericin","HMBS","P08397","P08397","HEM3_HUMAN","Porphobilinogen deaminase","P08397_K157_M1_17","GlyGly (K)",1.20959095003327,0.508876516431676,0.0356807035998968,6,"Not significant"
"Unstim / Nigericin","RPL10L","Q96L21","Q96L21","RL10L_HUMAN","Ribosomal protein uL16-like","Q96L21_K187_M1_17","GlyGly (K)",3.13623402637285,0.514004808129624,0.0399434962585421,6,"Not significant"
"Unstim / Nigericin","EIF3B","P55884","P55884","EIF3B_HUMAN","Eukaryotic translation initiation factor 3 subunit B","P55884_K552_M2_17","GlyGly (K)",0.957528948416436,0.51560226835531,0.0412760432198863,5,"Not significant"
"Unstim / Nigericin","RAVER1","Q8IY67","Q8IY67","RAVR1_HUMAN","Ribonucleoprotein PTB-binding 1","Q8IY67_K434_M1_17","GlyGly (K)",2.85345571908368,0.518432699179493,0.0433368335887835,6,"Not significant"
"Unstim / Nigericin","ALCAM","Q13740","Q13740","CD166_HUMAN","CD166 antigen","Q13740_K60_M1_17","GlyGly (K)",-1.70171944916842,0.52329240601817,0.04681679127506,6,"Not significant"
"Unstim / Nigericin","PTGES3","Q15185","Q15185","TEBP_HUMAN","Prostaglandin E synthase 3","Q15185_K67_M2_17","GlyGly (K)",1.00670162119922,0.52329240601817,0.0467765651198914,6,"Not significant"
"Unstim / Nigericin","PTGES3","Q15185","Q15185","TEBP_HUMAN","Prostaglandin E synthase 3","Q15185_K65_M2_17","GlyGly (K)",1.00670162119922,0.52329240601817,0.0467765651198914,6,"Not significant"
"Unstim / Nigericin","SNAP23","O00161","O00161","SNP23_HUMAN","Synaptosomal-associated protein 23","O00161_K167_M1_17","GlyGly (K)",0.719400780744539,0.524210056262218,0.0472760220592878,6,"Not significant"
"Unstim / Nigericin","SLC2A3","P11169","P11169","GTR3_HUMAN","Solute carrier family 2, facilitated glucose transporter member 3","P11169_K243_M1_17","GlyGly (K)",0.548772534046505,0.525398962939454,0.0486436927400694,6,"Not significant"
"Unstim / Nigericin","H4C1","P62805","P62805","H4_HUMAN","Histone H4","P62805_K80_M1_17","GlyGly (K)",0.666142736098906,0.525398962939454,0.0488496281990717,6,"Not significant"
"Unstim / Nigericin","DR1","Q01658","Q01658","NC2B_HUMAN","Protein Dr1","Q01658_K103_M1_17","GlyGly (K)",-0.923478809381554,0.525638568119529,0.0492320911806293,6,"Not significant"
"Unstim / Nigericin","CLIC4","Q9Y696","Q9Y696","CLIC4_HUMAN","Chloride intracellular channel protein 4","Q9Y696_K238_M1_17","GlyGly (K)",-0.595792053207216,0.52671039042448,0.049964541329929,6,"Not significant"
"Unstim / Nigericin","RPL17","P18621","P18621","RL17_HUMAN","Large ribosomal subunit protein uL22","P18621_K105_M1_17","GlyGly (K)",-0.919947120735072,0.527910297665089,0.0509059965113139,6,"Not significant"
"Unstim / Nigericin","TARDBP","Q13148","Q13148","TADBP_HUMAN","TAR DNA-binding protein 43","Q13148_K79_M1_17","GlyGly (K)",-0.570002863116122,0.528173048977793,0.051182260696169,6,"Not significant"
"Unstim / Nigericin","TGM2","P21980","P21980","TGM2_HUMAN","Protein-glutamine gamma-glutamyltransferase 2","P21980_K527_M1_17","GlyGly (K)",-0.644591967814971,0.529600274328878,0.0523645860038481,6,"Not significant"
"Unstim / Nigericin","LRPPRC","P42704","P42704","LPPRC_HUMAN","Leucine-rich PPR motif-containing protein, mitochondrial","P42704_K155_M1_17","GlyGly (K)",-0.914376419187014,0.530744976269559,0.0537152058195383,6,"Not significant"
"Unstim / Nigericin","SUMF1","Q8NBK3","Q8NBK3","SUMF1_HUMAN","Formylglycine-generating enzyme","Q8NBK3_K90_M1_17","GlyGly (K)",6.27961516959608,0.531547971545142,0.0545276056349746,6,"Not significant"
"Unstim / Nigericin","ACAT2","Q9BWD1","Q9BWD1","THIC_HUMAN","Acetyl-CoA acetyltransferase, cytosolic","Q9BWD1_K200_M1_17","GlyGly (K)",-0.572996828883356,0.531713347694726,0.054854612973763,6,"Not significant"
"Unstim / Nigericin","ANXA7","P20073","P20073","ANXA7_HUMAN","Annexin A7","P20073_K196_M2_17","GlyGly (K)",-0.923525316548862,0.532572458613978,0.05643574447743,4,"Not significant"
"Unstim / Nigericin","XRCC5","P13010","P13010","XRCC5_HUMAN","X-ray repair cross-complementing protein 5","P13010_K291_M1_17","GlyGly (K)",1.37037318398992,0.533397026004427,0.0572320239580088,5,"Not significant"
"Unstim / Nigericin","AQR","O60306","O60306","AQR_HUMAN","RNA helicase aquarius","O60306_K44_M1_17","GlyGly (K)",0.894278898740874,0.534444033955087,0.0581888685278418,5,"Not significant"
"Unstim / Nigericin","DBN1","Q16643","Q16643","DREB_HUMAN","Drebrin","Q16643_K165_M1_17","GlyGly (K)",0.603183803730495,0.535672153781735,0.0596201482177076,6,"Not significant"
"Unstim / Nigericin","HINT1","P49773","P49773","HINT1_HUMAN","Adenosine 5'-monophosphoramidase HINT1","P49773_K30_M1_17","GlyGly (K)",-2.05394415300181,0.535853695355752,0.059685209844956,6,"Not significant"
"Unstim / Nigericin","BRAF","P15056","P15056","BRAF_HUMAN","Serine/threonine-protein kinase B-raf","P15056_K680_M1_17","GlyGly (K)",-0.543229097433053,0.537830900799321,0.0617816170257931,6,"Not significant"
"Unstim / Nigericin","AK2","P54819","P54819","KAD2_HUMAN","Adenylate kinase 2, mitochondrial","P54819_K229_M1_17","GlyGly (K)",0.575784253361028,0.539841391073839,0.0635626699554665,6,"Not significant"
"Unstim / Nigericin","ATXN2L","Q8WWM7","Q8WWM7","ATX2L_HUMAN","Ataxin-2-like protein","Q8WWM7_K3_M1_17","GlyGly (K)",2.50636379805441,0.539841391073839,0.0636209281080253,6,"Not significant"
"Unstim / Nigericin","RNH1","P13489","P13489","RINI_HUMAN","Ribonuclease inhibitor","P13489_K86_M1_17","GlyGly (K)",1.22415856676763,0.542651573808518,0.0658093035611868,6,"Not significant"
"Unstim / Nigericin","ACTB","Cont_P60712;P60709","Cont_P60712;P60709","ACTB_BOVIN;ACTB_HUMAN","Actin, cytoplasmic 1;Actin, cytoplasmic 1","Cont_P60712_K315_M1_17","GlyGly (K)",0.735754893492363,0.543467556000121,0.0669292953311573,6,"Not significant"
"Unstim / Nigericin","ACTB","Cont_P60712;P60709","Cont_P60712;P60709","ACTB_BOVIN;ACTB_HUMAN","Actin, cytoplasmic 1;Actin, cytoplasmic 1","P60709_K315_M1_17","GlyGly (K)",0.735754893492363,0.543467556000121,0.0669292953311573,6,"Not significant"
"Unstim / Nigericin","JUNB","P17275","P17275","JUNB_HUMAN","Transcription factor JunB","P17275_K304_M1_17","GlyGly (K)",1.00244519915801,0.543679668497984,0.0673842102517953,6,"Not significant"
"Unstim / Nigericin","GSPT2","Q8IYD1","Q8IYD1","ERF3B_HUMAN","Eukaryotic peptide chain release factor GTP-binding subunit ERF3B","Q8IYD1_K57_M1_17","GlyGly (K)",1.3049353685306,0.544527149612071,0.068647833093502,6,"Not significant"
"Unstim / Nigericin","SHTN1","A0MZ66","A0MZ66","SHOT1_HUMAN","Shootin-1","A0MZ66_K169_M1_17","GlyGly (K)",1.85671691530316,0.546656012064982,0.0713150094235036,6,"Not significant"
"Unstim / Nigericin","RPS27A","P62979","P62979","RS27A_HUMAN","Ubiquitin-ribosomal protein eS31 fusion protein","P62979_K11_M1_17","GlyGly (K)",1.7624196035907,0.546656012064982,0.0712393905938987,6,"Not significant"
"Unstim / Nigericin","MRPL40","Q9NQ50","Q9NQ50","RM40_HUMAN","Large ribosomal subunit protein mL40","Q9NQ50_K163_M1_17","GlyGly (K)",0.59155451055762,0.548131716366631,0.0736981672914859,6,"Not significant"
"Unstim / Nigericin","AARS1","P49588","P49588","SYAC_HUMAN","Alanine--tRNA ligase, cytoplasmic","P49588_K898_M1_17","GlyGly (K)",0.895937003405212,0.551494429090858,0.0773206933758515,6,"Not significant"
"Unstim / Nigericin","RPL38","P63173","P63173","RL38_HUMAN","Large ribosomal subunit protein eL38","P63173_K9_M1_17","GlyGly (K)",0.491578534319367,0.554186197016336,0.0799823959477747,6,"Not significant"
"Unstim / Nigericin","APEX1","P27695","P27695","APEX1_HUMAN","DNA-(apurinic or apyrimidinic site) endonuclease","P27695_K58_M2_17","GlyGly (K)",1.18532665468186,0.555299670585511,0.0824402432119455,6,"Not significant"
"Unstim / Nigericin","YBX1","P67809","P67809","YBOX1_HUMAN","Y-box-binding protein 1","P67809_K98_M1_17","GlyGly (K)",2.28178899909337,0.555575217808964,0.0828542549534853,6,"Not significant"
"Unstim / Nigericin","STIP1","P31948","P31948","STIP1_HUMAN","Stress-induced-phosphoprotein 1","P31948_K415_M1_17","GlyGly (K)",1.45930051705112,0.561310825615142,0.0902609982558899,6,"Not significant"
"Unstim / Nigericin","AHNAK","Q09666","Q09666","AHNK_HUMAN","Neuroblast differentiation-associated protein AHNAK","Q09666_K1652_M1_17","GlyGly (K)",1.14765923825052,0.561704726920321,0.0905765913763563,5,"Not significant"
"Unstim / Nigericin","AHNAK","Q09666","Q09666","AHNK_HUMAN","Neuroblast differentiation-associated protein AHNAK","Q09666_K1854_M1_17","GlyGly (K)",1.14765923825052,0.561704726920321,0.0905765913763563,5,"Not significant"
"Unstim / Nigericin","AHNAK","Q09666","Q09666","AHNK_HUMAN","Neuroblast differentiation-associated protein AHNAK","Q09666_K1921_M1_17","GlyGly (K)",1.14765923825052,0.561704726920321,0.0905765913763563,5,"Not significant"
"Unstim / Nigericin","AHNAK","Q09666","Q09666","AHNK_HUMAN","Neuroblast differentiation-associated protein AHNAK","Q09666_K2116_M1_17","GlyGly (K)",1.14765923825052,0.561704726920321,0.0905765913763563,5,"Not significant"
"Unstim / Nigericin","RAB11B","Q15907","Q15907","RB11B_HUMAN","Ras-related protein Rab-11B","Q15907_K41_M1_17","GlyGly (K)",-0.524505340349585,0.563391407311873,0.0928171754195606,6,"Not significant"
"Unstim / Nigericin","RPS27A","P62979","P62979","RS27A_HUMAN","Ubiquitin-ribosomal protein eS31 fusion protein","P62979_K48_M1_17","GlyGly (K)",1.13022677409116,0.56375974381359,0.0933633522089919,6,"Not significant"
"Unstim / Nigericin","LGALS1","P09382","P09382","LEG1_HUMAN","Galectin-1","P09382_K37_M1_17","GlyGly (K)",2.07143334184685,0.566959694033638,0.0981848168339427,6,"Not significant"
"Unstim / Nigericin","VCP","P55072","P55072","TERA_HUMAN","Transitional endoplasmic reticulum ATPase","P55072_K426_M1_17","GlyGly (K)",-0.58449417453127,0.568105891850065,0.100485952091544,6,"Not significant"
"Unstim / Nigericin","PKM","P14618","P14618","KPYM_HUMAN","Pyruvate kinase PKM","P14618_K151_M1_17","GlyGly (K)",1.28171819312478,0.570535483458266,0.103728496898466,6,"Not significant"
"Unstim / Nigericin","GRPEL1","Q9HAV7","Q9HAV7","GRPE1_HUMAN","GrpE protein homolog 1, mitochondrial","Q9HAV7_K153_M1_17","GlyGly (K)",-1.55323272109885,0.570535483458266,0.103823280170572,6,"Not significant"
"Unstim / Nigericin","SUMO2","P61956","P61956","SUMO2_HUMAN","Small ubiquitin-related modifier 2","P61956_K11_M2_17","GlyGly (K)",0.468825812775561,0.571520050858095,0.104936314640814,4,"Not significant"
"Unstim / Nigericin","SSBP1","Q04837","Q04837","SSBP_HUMAN","Single-stranded DNA-binding protein, mitochondrial","Q04837_K145_M1_17","GlyGly (K)",-0.490122034693478,0.573049923275131,0.107568570814057,6,"Not significant"
"Unstim / Nigericin","NSF","P46459","P46459","NSF_HUMAN","Vesicle-fusing ATPase","P46459_K283_M1_17","GlyGly (K)",0.87755145697169,0.57432422436698,0.109935199157695,6,"Not significant"
"Unstim / Nigericin","ADAM10","O14672","O14672","ADA10_HUMAN","Disintegrin and metalloproteinase domain-containing protein 10","O14672_K591_M2_17","GlyGly (K)",-0.58731234633866,0.575294836962643,0.111333909643811,6,"Not significant"
"Unstim / Nigericin","ADAM10","O14672","O14672","ADA10_HUMAN","Disintegrin and metalloproteinase domain-containing protein 10","O14672_K588_M2_17","GlyGly (K)",-0.58731234633866,0.575294836962643,0.111333909643811,6,"Not significant"
"Unstim / Nigericin","BLMH","Q13867","Q13867","BLMH_HUMAN","Bleomycin hydrolase","Q13867_K244_M1_17","GlyGly (K)",0.594493287836601,0.576698520998979,0.113742632478347,6,"Not significant"
"Unstim / Nigericin","TUBB6","Q9BUF5","Q9BUF5","TBB6_HUMAN","Tubulin beta-6 chain","Q9BUF5_K122_M1_17","GlyGly (K)",-0.634001184292653,0.578301990761901,0.116734164238356,6,"Not significant"
"Unstim / Nigericin","ATP5F1B","P06576","P06576","ATPB_HUMAN","ATP synthase subunit beta, mitochondrial","P06576_K432_M1_17","GlyGly (K)",2.86594310409484,0.579626320499762,0.118878833043748,6,"Not significant"
"Unstim / Nigericin","H1-3","P16402","P16402","H13_HUMAN","Histone H1.3","P16402_K35_M1_17","GlyGly (K)",-1.55314445523787,0.581933193835369,0.123270349015516,6,"Not significant"
"Unstim / Nigericin","PPA1","Q15181","Q15181","IPYR_HUMAN","Inorganic pyrophosphatase","Q15181_K282_M1_17","GlyGly (K)",0.877111584546695,0.582067530830177,0.123603374177594,6,"Not significant"
"Unstim / Nigericin","AHNAK","Q09666","Q09666","AHNK_HUMAN","Neuroblast differentiation-associated protein AHNAK","Q09666_K4559_M2_17","GlyGly (K)",0.99683465446369,0.582069882337753,0.123612130243737,6,"Not significant"
"Unstim / Nigericin","AHNAK","Q09666","Q09666","AHNK_HUMAN","Neuroblast differentiation-associated protein AHNAK","Q09666_K4556_M2_17","GlyGly (K)",0.99683465446369,0.582069882337753,0.123612130243737,6,"Not significant"
"Unstim / Nigericin","ANXA6","P08133","P08133","ANXA6_HUMAN","Annexin A6","P08133_K483_M1_17","GlyGly (K)",-6.94783478938977,0.582198906464341,0.123783276385773,5,"Not significant"
"Unstim / Nigericin","H2BC21","Q16778","Q16778","H2B2E_HUMAN","Histone H2B type 2-E","Q16778_K58_M2_17","GlyGly (K)",-0.912201173433376,0.582790792806329,0.124819337905719,6,"Not significant"
"Unstim / Nigericin","H2BC21","Q16778","Q16778","H2B2E_HUMAN","Histone H2B type 2-E","Q16778_K47_M2_17","GlyGly (K)",-0.912201173433376,0.582790792806329,0.124819337905719,6,"Not significant"
"Unstim / Nigericin","AHNAK","Q09666","Q09666","AHNK_HUMAN","Neuroblast differentiation-associated protein AHNAK","Q09666_K4559_M1_17","GlyGly (K)",1.2648033031922,0.583252667458895,0.125738275494241,6,"Not significant"
"Unstim / Nigericin","AHNAK","Q09666","Q09666","AHNK_HUMAN","Neuroblast differentiation-associated protein AHNAK","Q09666_K3488_M2_17","GlyGly (K)",2.78090999433284,0.584444225968472,0.128237204842513,6,"Not significant"
"Unstim / Nigericin","AHNAK","Q09666","Q09666","AHNK_HUMAN","Neuroblast differentiation-associated protein AHNAK","Q09666_K3481_M2_17","GlyGly (K)",2.78090999433284,0.584444225968472,0.128237204842513,6,"Not significant"
"Unstim / Nigericin","PFN1","P07737","P07737","PROF1_HUMAN","Profilin-1","P07737_K116_M1_17","GlyGly (K)",1.12332692159347,0.588350972112045,0.135295211718191,6,"Not significant"
"Unstim / Nigericin","HYPK","Q9NX55","Q9NX55","HYPK_HUMAN","Huntingtin-interacting protein K","Q9NX55_K83_M2_17","GlyGly (K)",0.671719327973449,0.58953778958877,0.138426664432783,5,"Not significant"
"Unstim / Nigericin","UBR7","Q8N806","Q8N806","UBR7_HUMAN","Putative E3 ubiquitin-protein ligase UBR7","Q8N806_K384_M1_17","GlyGly (K)",1.74566663527297,0.590020672386445,0.13932218342398,4,"Not significant"
"Unstim / Nigericin","ENO1","P06733","P06733","ENOA_HUMAN","Alpha-enolase","P06733_K221_M1_17","GlyGly (K)",0.991872844145737,0.590739750175051,0.14038023451171,6,"Not significant"
"Unstim / Nigericin","AHNAK","Q09666","Q09666","AHNK_HUMAN","Neuroblast differentiation-associated protein AHNAK","Q09666_K4687_M2_17","GlyGly (K)",8.21827231620258,0.593084351478413,0.144442913989174,4,"Not significant"
"Unstim / Nigericin","ANXA1","P04083","P04083","ANXA1_HUMAN","Annexin A1","P04083_K214_M1_17","GlyGly (K)",-0.522959687807885,0.59463807902394,0.147152630391137,6,"Not significant"
"Unstim / Nigericin","HSPA5","P11021","P11021","BIP_HUMAN","Endoplasmic reticulum chaperone BiP","P11021_K573_M1_17","GlyGly (K)",-1.06466075181414,0.594983671926928,0.147759443704392,6,"Not significant"
"Unstim / Nigericin","RPL30","P62888","P62888","RL30_HUMAN","Large ribosomal subunit protein eL30","P62888_K87_M1_17","GlyGly (K)",-0.596668965904328,0.595328254569286,0.148496616135719,6,"Not significant"
"Unstim / Nigericin","TPI1","P60174","P60174","TPIS_HUMAN","Triosephosphate isomerase","P60174_K131_M1_17","GlyGly (K)",1.18569183858022,0.596661471966246,0.1520034056022,6,"Not significant"
"Unstim / Nigericin","PIPSL","A2A3N6","A2A3N6","PIPSL_HUMAN","Putative PIP5K1A and PSMD4-like protein","A2A3N6_K637_M1_17","GlyGly (K)",-0.55430975661966,0.596688750732532,0.152051668436875,4,"Not significant"
"Unstim / Nigericin","UBE2N","P61088","P61088","UBE2N_HUMAN","Ubiquitin-conjugating enzyme E2 N","P61088_K10_M1_17","GlyGly (K)",0.990022629596893,0.596688750732532,0.152053488287516,6,"Not significant"
"Unstim / Nigericin","SUB1","P53999","P53999","TCP4_HUMAN","Activated RNA polymerase II transcriptional coactivator p15","P53999_K114_M1_17","GlyGly (K)",-5.5819255018829,0.598421417647722,0.155281469485431,6,"Not significant"
"Unstim / Nigericin","PHGDH","O43175","O43175","SERA_HUMAN","D-3-phosphoglycerate dehydrogenase","O43175_K58_M1_17","GlyGly (K)",0.280324709821085,0.599421171371405,0.156927433992977,6,"Not significant"
"Unstim / Nigericin","AK2","P54819","P54819","KAD2_HUMAN","Adenylate kinase 2, mitochondrial","P54819_K119_M2_17","GlyGly (K)",-0.685661975463282,0.599761712532584,0.157412576189545,4,"Not significant"
"Unstim / Nigericin","TMSB4X","P62328","P62328","TYB4_HUMAN","Thymosin beta-4","P62328_K26_M1_17","GlyGly (K)",0.593524733219446,0.6003784473807,0.158319172338939,6,"Not significant"
"Unstim / Nigericin","LRRFIP1","Q32MZ4","Q32MZ4","LRRF1_HUMAN","Leucine-rich repeat flightless-interacting protein 1","Q32MZ4_K580_M2_17","GlyGly (K)",1.13831564106316,0.600757652986175,0.158960510499343,6,"Not significant"
"Unstim / Nigericin","LRRFIP1","Q32MZ4","Q32MZ4","LRRF1_HUMAN","Leucine-rich repeat flightless-interacting protein 1","Q32MZ4_K579_M2_17","GlyGly (K)",1.13831564106316,0.600757652986175,0.158960510499343,6,"Not significant"
"Unstim / Nigericin","PA2G4","Q9UQ80","Q9UQ80","PA2G4_HUMAN","Proliferation-associated protein 2G4","Q9UQ80_K158_M2_17","GlyGly (K)",1.00026099002446,0.602188340396042,0.162169734836999,5,"Not significant"
"Unstim / Nigericin","TPD52L2","O43399","O43399","TPD54_HUMAN","Tumor protein D54","O43399_K15_M1_17","GlyGly (K)",-5.94607384477966,0.602245826477505,0.162490192084092,6,"Not significant"
"Unstim / Nigericin","SNRPA1","P09661","P09661","RU2A_HUMAN","U2 small nuclear ribonucleoprotein A'","P09661_K205_M1_17","GlyGly (K)",0.659421060357583,0.602861991879499,0.163557540002321,6,"Not significant"
"Unstim / Nigericin","ACTN4","O43707","O43707","ACTN4_HUMAN","Alpha-actinin-4","O43707_K233_M1_17","GlyGly (K)",0.971668614390131,0.603121480649919,0.167574707662056,6,"Not significant"
"Unstim / Nigericin","ZMPSTE24","O75844","O75844","FACE1_HUMAN","CAAX prenyl protease 1 homolog","O75844_K325_M1_17","GlyGly (K)",-0.560167499412357,0.603121480649919,0.189657552911596,6,"Not significant"
"Unstim / Nigericin","PRSS1","P07477","P07477","TRY1_HUMAN","Serine protease 1","P07477_K102_M1_17","GlyGly (K)",-0.537627322434996,0.603121480649919,0.19301783075735,6,"Not significant"
"Unstim / Nigericin","HSP90AA1","P07900","P07900","HS90A_HUMAN","Heat shock protein HSP 90-alpha","P07900_K534_M1_17","GlyGly (K)",-8.24024027626866,0.603121480649919,0.1830800242471,6,"Not significant"
"Unstim / Nigericin","HSP90AA1","P07900","P07900","HS90A_HUMAN","Heat shock protein HSP 90-alpha","P07900_K436_M2_17","GlyGly (K)",0.394849995169705,0.603121480649919,0.189673057819224,6,"Not significant"
"Unstim / Nigericin","HSP90AA1","P07900","P07900","HS90A_HUMAN","Heat shock protein HSP 90-alpha","P07900_K435_M2_17","GlyGly (K)",0.394849995169705,0.603121480649919,0.189673057819224,6,"Not significant"
"Unstim / Nigericin","ALDOC","P09972","P09972","ALDOC_HUMAN","Fructose-bisphosphate aldolase C","P09972_K153_M1_17","GlyGly (K)",-9.89935633115745,0.603121480649919,0.185058669873496,6,"Not significant"
"Unstim / Nigericin","YWHAQ","P27348","P27348","1433T_HUMAN","14-3-3 protein theta","P27348_K103_M1_17","GlyGly (K)",-0.482960846208201,0.603121480649919,0.174989145540647,6,"Not significant"
"Unstim / Nigericin","TMPO","P42166","P42166","LAP2A_HUMAN","Lamina-associated polypeptide 2, isoform alpha","P42166_K17_M1_17","GlyGly (K)",-6.08126323637728,0.603121480649919,0.18594296972425,6,"Not significant"
"Unstim / Nigericin","GSS","P48637","P48637","GSHB_HUMAN","Glutathione synthetase","P48637_K293_M1_17","GlyGly (K)",0.598355390043306,0.603121480649919,0.173843049551131,6,"Not significant"
"Unstim / Nigericin","VASP","P50552","P50552","VASP_HUMAN","Vasodilator-stimulated phosphoprotein","P50552_K240_M1_17","GlyGly (K)",-5.34270411787498,0.603121480649919,0.174977825915749,6,"Not significant"
"Unstim / Nigericin","HNRNPM","P52272","P52272","HNRPM_HUMAN","Heterogeneous nuclear ribonucleoprotein M","P52272_K221_M2_17","GlyGly (K)",0.707905197051935,0.603121480649919,0.182698742251893,6,"Not significant"
"Unstim / Nigericin","HNRNPM","P52272","P52272","HNRPM_HUMAN","Heterogeneous nuclear ribonucleoprotein M","P52272_K219_M2_17","GlyGly (K)",0.707905197051935,0.603121480649919,0.182698742251893,6,"Not significant"
"Unstim / Nigericin","TMSB10","P63313","P63313","TYB10_HUMAN","Thymosin beta-10","P63313_K32_M1_17","GlyGly (K)",1.71751841438792,0.603121480649919,0.170594498678654,6,"Not significant"
"Unstim / Nigericin","CCT2","P78371","P78371","TCPB_HUMAN","T-complex protein 1 subunit beta","P78371_K120_M1_17","GlyGly (K)",7.02420728997065,0.603121480649919,0.183089911949288,6,"Not significant"
"Unstim / Nigericin","BASP1","P80723","P80723","BASP1_HUMAN","Brain acid soluble protein 1","P80723_K150_M1_17","GlyGly (K)",1.62257528763548,0.603121480649919,0.195211514396433,6,"Not significant"
"Unstim / Nigericin","ECH1","Q13011","Q13011","ECH1_HUMAN","Delta(3,5)-Delta(2,4)-dienoyl-CoA isomerase, mitochondrial","Q13011_K161_M1_17","GlyGly (K)",-1.88260073790589,0.603121480649919,0.170761702861169,6,"Not significant"
"Unstim / Nigericin","NONO","Q15233","Q15233","NONO_HUMAN","Non-POU domain-containing octamer-binding protein","Q15233_K467_M1_17","GlyGly (K)",-4.40932250057537,0.603121480649919,0.189996743665605,6,"Not significant"
"Unstim / Nigericin","BTN2A1","Q7KYR7","Q7KYR7","BT2A1_HUMAN","Butyrophilin subfamily 2 member A1","Q7KYR7_K311_M1_17","GlyGly (K)",1.27122508740739,0.603121480649919,0.192964140018147,6,"Not significant"
"Unstim / Nigericin","IMP4","Q96G21","Q96G21","IMP4_HUMAN","U3 small nucleolar ribonucleoprotein protein IMP4","Q96G21_K129_M1_17","GlyGly (K)",3.80849439137044,0.603121480649919,0.195228780036323,6,"Not significant"
"Unstim / Nigericin","TM9SF3","Q9HD45","Q9HD45","TM9S3_HUMAN","Transmembrane 9 superfamily member 3","Q9HD45_K114_M1_17","GlyGly (K)",-5.14212404326791,0.603121480649919,0.186407245753621,6,"Not significant"
"Unstim / Nigericin","HYOU1","Q9Y4L1","Q9Y4L1","HYOU1_HUMAN","Hypoxia up-regulated protein 1","Q9Y4L1_K170_M1_17","GlyGly (K)",-4.55573578825054,0.603121480649919,0.192390858139766,6,"Not significant"
"Unstim / Nigericin","ATP5F1A","P25705","P25705","ATPA_HUMAN","ATP synthase subunit alpha, mitochondrial","P25705_K175_M1_17","GlyGly (K)",-0.87823020481146,0.603202993881853,0.199914358716625,6,"Not significant"
"Unstim / Nigericin","HSPA9","P38646","P38646","GRP75_HUMAN","Stress-70 protein, mitochondrial","P38646_K288_M1_17","GlyGly (K)",-10.0184090568907,0.603202993881853,0.199250646632235,6,"Not significant"
"Unstim / Nigericin","TMEM109","Q9BVC6","Q9BVC6","TM109_HUMAN","Voltage-gated monoatomic cation channel TMEM109","Q9BVC6_K46_M1_17","GlyGly (K)",9.03308580893168,0.603202993881853,0.196129793786289,6,"Not significant"
"Unstim / Nigericin","RPS9","P46781","P46781","RS9_HUMAN","Small ribosomal subunit protein uS4","P46781_K101_M1_17","GlyGly (K)",4.38419197577793,0.603207088307491,0.200023204737076,6,"Not significant"
"Unstim / Nigericin","MYO1F","O00160","O00160","MYO1F_HUMAN","Unconventional myosin-If","O00160_K141_M1_17","GlyGly (K)",-2.62443379674711,0.603526448284182,0.201642785501044,6,"Not significant"
"Unstim / Nigericin","NCL","P19338","P19338","NUCL_HUMAN","Nucleolin","P19338_K297_M1_17","GlyGly (K)",0.666822515871181,0.603526448284182,0.201093482131855,6,"Not significant"
"Unstim / Nigericin","EEF2","P13639","P13639","EF2_HUMAN","Elongation factor 2","P13639_K498_M1_17","GlyGly (K)",0.857639237161197,0.60409501143501,0.205336647411744,6,"Not significant"
"Unstim / Nigericin","TMSB4X","P62328","P62328","TYB4_HUMAN","Thymosin beta-4","P62328_K32_M1_17","GlyGly (K)",4.07103136872344,0.604416217482606,0.207403992835064,6,"Not significant"
"Unstim / Nigericin","VIM","P08670","P08670","VIME_HUMAN","Vimentin","P08670_K104_M1_17","GlyGly (K)",2.67082296752668,0.605611673993958,0.213783290610988,6,"Not significant"
"Unstim / Nigericin","RAB1B","Q9H0U4","Q9H0U4","RAB1B_HUMAN","Ras-related protein Rab-1B","Q9H0U4_K58_M2_17","GlyGly (K)",-8.81865993856605,0.606843562945112,0.21862571220875,6,"Not significant"
"Unstim / Nigericin","RAB1B","Q9H0U4","Q9H0U4","RAB1B_HUMAN","Ras-related protein Rab-1B","Q9H0U4_K55_M2_17","GlyGly (K)",-8.81865993856605,0.606843562945112,0.21862571220875,6,"Not significant"
"Unstim / Nigericin","HNRNPA2B1","P22626","P22626","ROA2_HUMAN","Heterogeneous nuclear ribonucleoproteins A2/B1","P22626_K173_M1_17","GlyGly (K)",2.8683181507056,0.607749741167404,0.222689425780808,6,"Not significant"
"Unstim / Nigericin","GSN","P06396","P06396","GELS_HUMAN","Gelsolin","P06396_K373_M2_17","GlyGly (K)",-6.50686219499797,0.608948757135477,0.226796154126437,5,"Not significant"
"Unstim / Nigericin","HSPA8","P11142","P11142","HSP7C_HUMAN","Heat shock cognate 71 kDa protein","P11142_K583_M1_17","GlyGly (K)",-1.48653125067677,0.609404751342605,0.228291090019578,6,"Not significant"
"Unstim / Nigericin","ACTN1","P12814","P12814","ACTN1_HUMAN","Alpha-actinin-1","P12814_K420_M1_17","GlyGly (K)",6.88235013971977,0.60941025147297,0.228348849893403,6,"Not significant"
"Unstim / Nigericin","ANXA6","P08133","P08133","ANXA6_HUMAN","Annexin A6","P08133_K113_M2_17","GlyGly (K)",-2.82637181630933,0.60952805672426,0.228605447971647,6,"Not significant"
"Unstim / Nigericin","ANXA6","P08133","P08133","ANXA6_HUMAN","Annexin A6","P08133_K102_M2_17","GlyGly (K)",-2.82637181630933,0.60952805672426,0.228605447971647,6,"Not significant"
"Unstim / Nigericin","OSTF1","Q92882","Q92882","OSTF1_HUMAN","Osteoclast-stimulating factor 1","Q92882_K190_M1_17","GlyGly (K)",2.63265697206015,0.609797468374623,0.229556407930585,6,"Not significant"
"Unstim / Nigericin","IFIT3","O14879","O14879","IFIT3_HUMAN","Interferon-induced protein with tetratricopeptide repeats 3","O14879_K373_M1_17","GlyGly (K)",0.757913623457157,0.611296690028527,0.234970253919396,5,"Not significant"
"Unstim / Nigericin","ACTR2","P61160","P61160","ARP2_HUMAN","Actin-related protein 2","P61160_K106_M1_17","GlyGly (K)",0.907414803295248,0.611629495096152,0.23644857997265,6,"Not significant"
"Unstim / Nigericin","AHNAK","Q09666","Q09666","AHNK_HUMAN","Neuroblast differentiation-associated protein AHNAK","Q09666_K4351_M2_17","GlyGly (K)",2.47840661936245,0.611969676655046,0.238064277976901,6,"Not significant"
"Unstim / Nigericin","AHNAK","Q09666","Q09666","AHNK_HUMAN","Neuroblast differentiation-associated protein AHNAK","Q09666_K4342_M2_17","GlyGly (K)",2.47840661936245,0.611969676655046,0.238064277976901,6,"Not significant"
"Unstim / Nigericin","FCHO2","Q0JRZ9","Q0JRZ9","FCHO2_HUMAN","F-BAR domain only protein 2","Q0JRZ9_K103_M2_17","GlyGly (K)",-4.71632084231688,0.612269780931549,0.238986140746674,6,"Not significant"
"Unstim / Nigericin","FCHO2","Q0JRZ9","Q0JRZ9","FCHO2_HUMAN","F-BAR domain only protein 2","Q0JRZ9_K99_M2_17","GlyGly (K)",-4.71632084231688,0.612269780931549,0.238986140746674,6,"Not significant"
"Unstim / Nigericin","PPP1R12A","O14974","O14974","MYPT1_HUMAN","Protein phosphatase 1 regulatory subunit 12A","O14974_K945_M1_17","GlyGly (K)",0.608880677636067,0.613488714350708,0.243974224459873,6,"Not significant"
"Unstim / Nigericin","AHNAK","Q09666","Q09666","AHNK_HUMAN","Neuroblast differentiation-associated protein AHNAK","Q09666_K4761_M1_17","GlyGly (K)",1.05725133245011,0.614279230264222,0.246884891103001,6,"Not significant"
"Unstim / Nigericin","RNH1","P13489","P13489","RINI_HUMAN","Ribonuclease inhibitor","P13489_K283_M2_17","GlyGly (K)",0.395742100258997,0.615452763382615,0.250141704996941,4,"Not significant"
"Unstim / Nigericin","F5","Cont_Q28107","Cont_Q28107","FA5_BOVIN","Coagulation factor V","Cont_Q28107_K564_M1_17","GlyGly (K)",1.34687624885258,0.615506271701736,0.250356472359698,6,"Not significant"
"Unstim / Nigericin","AK2","P54819","P54819","KAD2_HUMAN","Adenylate kinase 2, mitochondrial","P54819_K164_M1_17","GlyGly (K)",2.35836303964051,0.6155272266002,0.25045400649101,6,"Not significant"
"Unstim / Nigericin","CNBP","P62633","P62633","CNBP_HUMAN","CCHC-type zinc finger nucleic acid binding protein","P62633_K103_M1_17","GlyGly (K)",3.10431951325182,0.616334940434241,0.252888664730276,6,"Not significant"
"Unstim / Nigericin","MCM3AP","O60318","O60318","GANP_HUMAN","Germinal-center associated nuclear protein","O60318_K1813_M1_17","GlyGly (K)",2.38952342130497,0.616940404039993,0.254391525668714,6,"Not significant"
"Unstim / Nigericin","SRRT","Q9BXP5","Q9BXP5","SRRT_HUMAN","Serrate RNA effector molecule homolog","Q9BXP5_K391_M1_17","GlyGly (K)",-0.648148048247643,0.617267074443686,0.255113022462586,6,"Not significant"
"Unstim / Nigericin","NACA4P","Q9BZK3","Q9BZK3","NACP4_HUMAN","Putative nascent polypeptide-associated complex subunit alpha-like protein","Q9BZK3_K199_M1_17","GlyGly (K)",-0.669572343272572,0.617498722938235,0.255825483547413,6,"Not significant"
"Unstim / Nigericin","SQOR","Q9Y6N5","Q9Y6N5","SQOR_HUMAN","Sulfide:quinone oxidoreductase, mitochondrial","Q9Y6N5_K320_M1_17","GlyGly (K)",-0.889694932558385,0.618885351682832,0.258866726665887,6,"Not significant"
"Unstim / Nigericin","FKBP2","P26885","P26885","FKBP2_HUMAN","Peptidyl-prolyl cis-trans isomerase FKBP2","P26885_K59_M1_17","GlyGly (K)",-2.93337222493925,0.619139618659458,0.259529883392124,6,"Not significant"
"Unstim / Nigericin","AK2","P54819","P54819","KAD2_HUMAN","Adenylate kinase 2, mitochondrial","P54819_K121_M1_17","GlyGly (K)",5.15141497862662,0.619314160772054,0.260171798823074,6,"Not significant"
"Unstim / Nigericin","ATP5F1B","P06576","P06576","ATPB_HUMAN","ATP synthase subunit beta, mitochondrial","P06576_K480_M1_17","GlyGly (K)",-1.5585979363233,0.620152602523434,0.2620992644573,6,"Not significant"
"Unstim / Nigericin","DNAJB11","Q9UBS4","Q9UBS4","DJB11_HUMAN","DnaJ homolog subfamily B member 11","Q9UBS4_K66_M1_17","GlyGly (K)",1.95978712826539,0.620759544696457,0.263389378640881,6,"Not significant"
"Unstim / Nigericin","HMGB2","P26583","P26583","HMGB2_HUMAN","High mobility group protein B2","P26583_K59_M2_17","GlyGly (K)",2.25677099276149,0.622483220557419,0.267491535902678,6,"Not significant"
"Unstim / Nigericin","HMGB2","P26583","P26583","HMGB2_HUMAN","High mobility group protein B2","P26583_K57_M2_17","GlyGly (K)",2.25677099276149,0.622483220557419,0.267491535902678,6,"Not significant"
"Unstim / Nigericin","YWHAB","P31946","P31946","1433B_HUMAN","14-3-3 protein beta/alpha","P31946_K160_M1_17","GlyGly (K)",0.849789550060463,0.62324557434531,0.269016972084423,6,"Not significant"
"Unstim / Nigericin","GPI","P06744","P06744","G6PI_HUMAN","Glucose-6-phosphate isomerase","P06744_K211_M1_17","GlyGly (K)",0.822726102057693,0.623585867050922,0.269969666821598,6,"Not significant"
"Unstim / Nigericin","RAB35","Q15286","Q15286","RAB35_HUMAN","Ras-related protein Rab-35","Q15286_K10_M1_17","GlyGly (K)",-9.7369358651,0.625071092469646,0.274317885540946,6,"Not significant"
"Unstim / Nigericin","SYNCRIP","O60506","O60506","HNRPQ_HUMAN","Heterogeneous nuclear ribonucleoprotein Q","O60506_K363_M2_17","GlyGly (K)",-1.30621859000605,0.625682978656173,0.276357472742676,5,"Not significant"
"Unstim / Nigericin","STIP1","P31948","P31948","STIP1_HUMAN","Stress-induced-phosphoprotein 1","P31948_K100_M1_17","GlyGly (K)",2.48165973424105,0.626111172798462,0.277343850542878,6,"Not significant"
"Unstim / Nigericin","MATK","P42679","P42679","MATK_HUMAN","Megakaryocyte-associated tyrosine-protein kinase","P42679_K116_M1_17","GlyGly (K)",-1.33582736539968,0.626111172798462,0.277296377922905,6,"Not significant"
"Unstim / Nigericin","S100A4","P26447","P26447","S10A4_HUMAN","Protein S100-A4","P26447_K7_M1_17","GlyGly (K)",1.28718759223542,0.626545194726508,0.27846401605955,6,"Not significant"
"Unstim / Nigericin","NDRG1","Q92597","Q92597","NDRG1_HUMAN","Protein NDRG1","Q92597_K285_M1_17","GlyGly (K)",-1.28568546448531,0.628260873709503,0.28388628976709,6,"Not significant"
"Unstim / Nigericin","PCMT1","P22061","P22061","PIMT_HUMAN","Protein-L-isoaspartate(D-aspartate) O-methyltransferase","P22061_K27_M2_17","GlyGly (K)",1.62775602216838,0.628492039820663,0.284384119318779,4,"Not significant"
"Unstim / Nigericin","INF2","Q27J81","Q27J81","INF2_HUMAN","Inverted formin-2","Q27J81_K966_M1_17","GlyGly (K)",1.323770163223,0.629044780003972,0.285834053290358,6,"Not significant"
"Unstim / Nigericin","ACTN1","P12814","P12814","ACTN1_HUMAN","Alpha-actinin-1","P12814_K649_M1_17","GlyGly (K)",2.00173694042435,0.629462771032577,0.286979002637667,6,"Not significant"
"Unstim / Nigericin","ARHGDIA","P52565","P52565","GDIR1_HUMAN","Rho GDP-dissociation inhibitor 1","P52565_K167_M1_17","GlyGly (K)",1.95081984773864,0.629656592161324,0.287671200393363,6,"Not significant"
"Unstim / Nigericin","STX3","Q13277","Q13277","STX3_HUMAN","Syntaxin-3","Q13277_K58_M2_17","GlyGly (K)",0.513577869994676,0.63147675987192,0.293128820253308,4,"Not significant"
"Unstim / Nigericin","SYNCRIP","O60506","O60506","HNRPQ_HUMAN","Heterogeneous nuclear ribonucleoprotein Q","O60506_K407_M1_17","GlyGly (K)",1.93109895286394,0.63370620965429,0.298981444748255,6,"Not significant"
"Unstim / Nigericin","POTEF","A5A3E0","A5A3E0","POTEF_HUMAN","POTE ankyrin domain family member F","A5A3E0_K813_M1_17","GlyGly (K)",-8.12967851572176,0.633972537254186,0.422083012643805,6,"Not significant"
"Unstim / Nigericin","MYO1G","B0I1T2","B0I1T2","MYO1G_HUMAN","Unconventional myosin-Ig","B0I1T2_K544_M1_17","GlyGly (K)",-8.65644036641706,0.633972537254186,0.34006981899325,6,"Not significant"
"Unstim / Nigericin","FGA","Cont_P02672","Cont_P02672","FIBA_BOVIN","Fibrinogen alpha chain","Cont_P02672_K543_M1_17","GlyGly (K)",9.52850500288179,0.633972537254186,0.422378055685744,6,"Not significant"
"Unstim / Nigericin","ALB","Cont_P02769","Cont_P02769","ALBU_BOVIN","Albumin","Cont_P02769_K587_M1_17","GlyGly (K)",-1.23856930760877,0.633972537254186,0.43421405428371,5,"Not significant"
"Unstim / Nigericin","KRT1","Cont_P04264;P04264","Cont_P04264;P04264","K2C1_HUMAN","Keratin, type II cytoskeletal 1;Keratin, type II cytoskeletal 1","Cont_P04264_K395_M1_17","GlyGly (K)",6.30063985449921,0.633972537254186,0.424954332842855,6,"Not significant"
"Unstim / Nigericin","KRT1","Cont_P04264;P04264","Cont_P04264;P04264","K2C1_HUMAN","Keratin, type II cytoskeletal 1;Keratin, type II cytoskeletal 1","P04264_K395_M1_17","GlyGly (K)",6.30063985449921,0.633972537254186,0.424954332842855,6,"Not significant"
"Unstim / Nigericin","AHSG","Cont_P12763","Cont_P12763","FETUA_BOVIN","Alpha-2-HS-glycoprotein","Cont_P12763_K333_M1_17","GlyGly (K)",-6.68797380302236,0.633972537254186,0.424057021207332,6,"Not significant"
"Unstim / Nigericin","KRT10","Cont_P13645;P13645","Cont_P13645;P13645","K1C10_HUMAN","Keratin, type I cytoskeletal 10;Keratin, type I cytoskeletal 10","Cont_P13645_K362_M1_17","GlyGly (K)",-0.562794817137069,0.633972537254186,0.362587318605699,4,"Not significant"
"Unstim / Nigericin","KRT10","Cont_P13645;P13645","Cont_P13645;P13645","K1C10_HUMAN","Keratin, type I cytoskeletal 10;Keratin, type I cytoskeletal 10","P13645_K362_M1_17","GlyGly (K)",-0.562794817137069,0.633972537254186,0.362587318605699,4,"Not significant"
"Unstim / Nigericin","GPI","Cont_Q3ZBD7","Cont_Q3ZBD7","G6PI_BOVIN","Glucose-6-phosphate isomerase","Cont_Q3ZBD7_K550_M1_17","GlyGly (K)",5.51911763810013,0.633972537254186,0.426607287547649,6,"Not significant"
"Unstim / Nigericin","AGRN","O00468","O00468","AGRIN_HUMAN","Agrin","O00468_K1863_M1_17","GlyGly (K)",-0.37601003272699,0.633972537254186,0.371811516195337,6,"Not significant"
"Unstim / Nigericin","PGRMC2","O15173","O15173","PGRC2_HUMAN","Membrane-associated progesterone receptor component 2","O15173_K217_M2_17","GlyGly (K)",5.00674327710218,0.633972537254186,0.425154347425314,6,"Not significant"
"Unstim / Nigericin","VPS4B","O75351","O75351","VPS4B_HUMAN","Vacuolar protein sorting-associated protein 4B","O75351_K155_M1_17","GlyGly (K)",1.93206254174296,0.633972537254186,0.327893860121763,6,"Not significant"
"Unstim / Nigericin","MACROH2A1","O75367","O75367","H2AY_HUMAN","Core histone macro-H2A.1","O75367_K18_M1_17","GlyGly (K)",-0.378117835400945,0.633972537254186,0.384062776513422,6,"Not significant"
"Unstim / Nigericin","MACROH2A1","O75367","O75367","H2AY_HUMAN","Core histone macro-H2A.1","O75367_K282_M1_17","GlyGly (K)",6.53136339873202,0.633972537254186,0.421332245477659,6,"Not significant"
"Unstim / Nigericin","BAG3","O95817","O95817","BAG3_HUMAN","BAG family molecular chaperone regulator 3","O95817_K460_M1_17","GlyGly (K)",4.74422652963938,0.633972537254186,0.427555341214638,6,"Not significant"
"Unstim / Nigericin","TXNDC12","O95881","O95881","TXD12_HUMAN","Thioredoxin domain-containing protein 12","O95881_K123_M1_17","GlyGly (K)",-0.756134563203175,0.633972537254186,0.314444908435083,6,"Not significant"
"Unstim / Nigericin","TGFB1","P01137","P01137","TGFB1_HUMAN","Transforming growth factor beta-1 proprotein","P01137_K291_M1_17","GlyGly (K)",-0.559804416319709,0.633972537254186,0.342554466105897,6,"Not significant"
"Unstim / Nigericin","LMNA","P02545","P02545","LMNA_HUMAN","Prelamin-A/C","P02545_K144_M1_17","GlyGly (K)",0.356116624403537,0.633972537254186,0.314964308881256,6,"Not significant"
"Unstim / Nigericin","CSTB","P04080","P04080","CYTB_HUMAN","Cystatin-B","P04080_K39_M1_17","GlyGly (K)",0.43375362413328,0.633972537254186,0.311477184978586,5,"Not significant"
"Unstim / Nigericin","GAPDH","P04406","P04406","G3P_HUMAN","Glyceraldehyde-3-phosphate dehydrogenase","P04406_K186_M1_17","GlyGly (K)",-5.39646746858764,0.633972537254186,0.414908941260914,6,"Not significant"
"Unstim / Nigericin","ATP1A1","P05023","P05023","AT1A1_HUMAN","Sodium/potassium-transporting ATPase subunit alpha-1","P05023_K177_M1_17","GlyGly (K)",8.76750974931538,0.633972537254186,0.421940550309836,6,"Not significant"
"Unstim / Nigericin","ITGAV","P06756","P06756","ITAV_HUMAN","Integrin alpha-V","P06756_K134_M1_17","GlyGly (K)",0.261164642375442,0.633972537254186,0.313748834610158,6,"Not significant"
"Unstim / Nigericin","GPX1","P07203","P07203","GPX1_HUMAN","Glutathione peroxidase 1","P07203_K166_M1_17","GlyGly (K)",2.50640866662585,0.633972537254186,0.367582640413943,6,"Not significant"
"Unstim / Nigericin","ANXA2","P07355","P07355","ANXA2_HUMAN","Annexin A2","P07355_K49_M2_17","GlyGly (K)",5.45451524195782,0.633972537254186,0.308147972945977,6,"Not significant"
"Unstim / Nigericin","ANXA2","P07355","P07355","ANXA2_HUMAN","Annexin A2","P07355_K47_M2_17","GlyGly (K)",5.45451524195782,0.633972537254186,0.308147972945977,6,"Not significant"
"Unstim / Nigericin","HSP90AA1","P07900","P07900","HS90A_HUMAN","Heat shock protein HSP 90-alpha","P07900_K100_M1_17","GlyGly (K)",11.0364575005136,0.633972537254186,0.422680304996943,6,"Not significant"
"Unstim / Nigericin","HSP90AB1","P08238","P08238","HS90B_HUMAN","Heat shock protein HSP 90-beta","P08238_K607_M1_17","GlyGly (K)",9.75499351368804,0.633972537254186,0.422261076264475,6,"Not significant"
"Unstim / Nigericin","HSP90AB1","P08238","P08238","HS90B_HUMAN","Heat shock protein HSP 90-beta","P08238_K624_M1_17","GlyGly (K)",2.58755140448368,0.633972537254186,0.381564866749894,6,"Not significant"
"Unstim / Nigericin","ANXA5","P08758","P08758","ANXA5_HUMAN","Annexin A5","P08758_K70_M1_17","GlyGly (K)",-1.10232676422258,0.633972537254186,0.412251512613394,6,"Not significant"
"Unstim / Nigericin","HSPD1","P10809","P10809","CH60_HUMAN","60 kDa heat shock protein, mitochondrial","P10809_K218_M1_17","GlyGly (K)",-12.5803511887024,0.633972537254186,0.422590428849077,6,"Not significant"
"Unstim / Nigericin","HSPA5","P11021","P11021","BIP_HUMAN","Endoplasmic reticulum chaperone BiP","P11021_K81_M1_17","GlyGly (K)",-0.78254122786781,0.633972537254186,0.322325843625224,6,"Not significant"
"Unstim / Nigericin","ACADM","P11310","P11310","ACADM_HUMAN","Medium-chain specific acyl-CoA dehydrogenase, mitochondrial","P11310_K69_M1_17","GlyGly (K)",6.06471321786881,0.633972537254186,0.420871145627256,6,"Not significant"
"Unstim / Nigericin","MTHFD1","P11586","P11586","C1TC_HUMAN","C-1-tetrahydrofolate synthase, cytoplasmic","P11586_K760_M1_17","GlyGly (K)",5.58835357445152,0.633972537254186,0.425996687254104,6,"Not significant"
"Unstim / Nigericin","IMPDH2","P12268","P12268","IMDH2_HUMAN","Inosine-5'-monophosphate dehydrogenase 2","P12268_K492_M1_17","GlyGly (K)",-6.19941004145481,0.633972537254186,0.419218975923198,6,"Not significant"
"Unstim / Nigericin","PEPD","P12955","P12955","PEPD_HUMAN","Xaa-Pro dipeptidase","P12955_K17_M1_17","GlyGly (K)",-0.757965820527442,0.633972537254186,0.339210517781776,6,"Not significant"
"Unstim / Nigericin","XRCC6","P12956","P12956","XRCC6_HUMAN","X-ray repair cross-complementing protein 6","P12956_K351_M1_17","GlyGly (K)",1.33911281675237,0.633972537254186,0.349938101988579,6,"Not significant"
"Unstim / Nigericin","ANXA8","P13928","P13928","ANXA8_HUMAN","Annexin A8","P13928_K112_M1_17","GlyGly (K)",7.6825017640978,0.633972537254186,0.422390019381888,6,"Not significant"
"Unstim / Nigericin","PKM","P14618","P14618","KPYM_HUMAN","Pyruvate kinase PKM","P14618_K322_M1_17","GlyGly (K)",-0.443265935157293,0.633972537254186,0.316694635030925,6,"Not significant"
"Unstim / Nigericin","HSP90B1","P14625","P14625","ENPL_HUMAN","Endoplasmin","P14625_K702_M2_17","GlyGly (K)",2.66016844276532,0.633972537254186,0.431871638072884,5,"Not significant"
"Unstim / Nigericin","SPN","P16150","P16150","LEUK_HUMAN","Leukosialin","P16150_K350_M1_17","GlyGly (K)",8.78637647497702,0.633972537254186,0.42307804338861,6,"Not significant"
"Unstim / Nigericin","H1-5","P16401","P16401","H15_HUMAN","Histone H1.5","P16401_K37_M1_17","GlyGly (K)",1.29158537244175,0.633972537254186,0.414231112617532,6,"Not significant"
"Unstim / Nigericin","ATP2A2","P16615","P16615","AT2A2_HUMAN","Sarcoplasmic/endoplasmic reticulum calcium ATPase 2","P16615_K7_M1_17","GlyGly (K)",-5.81941913386844,0.633972537254186,0.422044877745749,5,"Not significant"
"Unstim / Nigericin","PLCG2","P16885","P16885","PLCG2_HUMAN","1-phosphatidylinositol 4,5-bisphosphate phosphodiesterase gamma-2","P16885_K60_M1_17","GlyGly (K)",6.76706945949652,0.633972537254186,0.424479485445855,6,"Not significant"
"Unstim / Nigericin","PGAM1","P18669","P18669","PGAM1_HUMAN","Phosphoglycerate mutase 1","P18669_K138_M1_17","GlyGly (K)",4.51870462601314,0.633972537254186,0.325213201011286,6,"Not significant"
"Unstim / Nigericin","NCL","P19338","P19338","NUCL_HUMAN","Nucleolin","P19338_K297_M2_17","GlyGly (K)",2.21410218566164,0.633972537254186,0.405537089585106,6,"Not significant"
"Unstim / Nigericin","NCL","P19338","P19338","NUCL_HUMAN","Nucleolin","P19338_K295_M2_17","GlyGly (K)",2.21410218566164,0.633972537254186,0.405537089585106,6,"Not significant"
"Unstim / Nigericin","FECH","P22830","P22830","HEMH_HUMAN","Ferrochelatase, mitochondrial","P22830_K57_M1_17","GlyGly (K)",1.31046133868399,0.633972537254186,0.363871874199694,6,"Not significant"
"Unstim / Nigericin","RPS3","P23396","P23396","RS3_HUMAN","Small ribosomal subunit protein uS3","P23396_K214_M1_17","GlyGly (K)",0.415155483572096,0.633972537254186,0.402798443937361,6,"Not significant"
"Unstim / Nigericin","CFL1","P23528","P23528","COF1_HUMAN","Cofilin-1","P23528_K53_M1_17","GlyGly (K)",7.8257136700962,0.633972537254186,0.423185059411313,6,"Not significant"
"Unstim / Nigericin","ATP5F1A","P25705","P25705","ATPA_HUMAN","ATP synthase subunit alpha, mitochondrial","P25705_K161_M1_17","GlyGly (K)",-5.11766797941387,0.633972537254186,0.424852476031905,6,"Not significant"
"Unstim / Nigericin","CANX","P27824","P27824","CALX_HUMAN","Calnexin","P27824_K384_M1_17","GlyGly (K)",-0.837346972741073,0.633972537254186,0.335176842849399,6,"Not significant"
"Unstim / Nigericin","EEF1D","P29692","P29692","EF1D_HUMAN","Elongation factor 1-delta","P29692_K117_M1_17","GlyGly (K)",-7.46639995875933,0.633972537254186,0.420495253933806,6,"Not significant"
"Unstim / Nigericin","PRDX5","P30044","P30044","PRDX5_HUMAN","Peroxiredoxin-5, mitochondrial","P30044_K102_M1_17","GlyGly (K)",-8.47372107904294,0.633972537254186,0.422092783991667,6,"Not significant"
"Unstim / Nigericin","PDIA3","P30101","P30101","PDIA3_HUMAN","Protein disulfide-isomerase A3","P30101_K305_M1_17","GlyGly (K)",-3.48464685557279,0.633972537254186,0.421000513286646,6,"Not significant"
"Unstim / Nigericin","PDIA3","P30101","P30101","PDIA3_HUMAN","Protein disulfide-isomerase A3","P30101_K252_M1_17","GlyGly (K)",-1.16476060786026,0.633972537254186,0.351470003423118,6,"Not significant"
"Unstim / Nigericin","PDIA3","P30101","P30101","PDIA3_HUMAN","Protein disulfide-isomerase A3","P30101_K61_M1_17","GlyGly (K)",-0.420696963608748,0.633972537254186,0.35942346640176,6,"Not significant"
"Unstim / Nigericin","HNRNPH1","P31943","P31943","HNRH1_HUMAN","Heterogeneous nuclear ribonucleoprotein H","P31943_K35_M1_17","GlyGly (K)",8.14406539842253,0.633972537254186,0.422980285072817,6,"Not significant"
"Unstim / Nigericin","HSPA1L","P34931","P34931","HS71L_HUMAN","Heat shock 70 kDa protein 1-like","P34931_K130_M1_17","GlyGly (K)",-1.52977771988296,0.633972537254186,0.329755815395766,6,"Not significant"
"Unstim / Nigericin","MYH9","P35579","P35579","MYH9_HUMAN","Myosin-9","P35579_K682_M1_17","GlyGly (K)",-4.74499621981728,0.633972537254186,0.431359486348364,6,"Not significant"
"Unstim / Nigericin","CHI3L1","P36222","P36222","CH3L1_HUMAN","Chitinase-3-like protein 1","P36222_K91_M1_17","GlyGly (K)",7.58938988703452,0.633972537254186,0.423299906873043,6,"Not significant"
"Unstim / Nigericin","RPL4","P36578","P36578","RL4_HUMAN","Large ribosomal subunit protein uL4","P36578_K157_M1_17","GlyGly (K)",-1.17570231069542,0.633972537254186,0.336314963532752,6,"Not significant"
"Unstim / Nigericin","HSPA9","P38646","P38646","GRP75_HUMAN","Stress-70 protein, mitochondrial","P38646_K595_M1_17","GlyGly (K)",4.66379479943691,0.633972537254186,0.42298770194462,6,"Not significant"
"Unstim / Nigericin","CUX1","P39880","P39880","CUX1_HUMAN","Homeobox protein cut-like 1","P39880_K272_M1_17","GlyGly (K)",-4.80144461684589,0.633972537254186,0.426990497181476,6,"Not significant"
"Unstim / Nigericin","CAPG","P40121","P40121","CAPG_HUMAN","Macrophage-capping protein","P40121_K253_M1_17","GlyGly (K)",-0.538347345330675,0.633972537254186,0.333876045050214,6,"Not significant"
"Unstim / Nigericin","MDH2","P40926","P40926","MDHM_HUMAN","Malate dehydrogenase, mitochondrial","P40926_K241_M2_17","GlyGly (K)",1.15579418784917,0.633972537254186,0.418699724220817,4,"Not significant"
"Unstim / Nigericin","WAS","P42768","P42768","WASP_HUMAN","Actin nucleation-promoting factor WAS","P42768_K235_M1_17","GlyGly (K)",4.81912769395176,0.633972537254186,0.421385529834424,6,"Not significant"
"Unstim / Nigericin","CRKL","P46109","P46109","CRKL_HUMAN","Crk-like protein","P46109_K253_M1_17","GlyGly (K)",-3.58837183274124,0.633972537254186,0.40888478540886,6,"Not significant"
"Unstim / Nigericin","DNM2","P50570","P50570","DYN2_HUMAN","Dynamin-2","P50570_K414_M1_17","GlyGly (K)",-3.89400369238087,0.633972537254186,0.433103436701314,6,"Not significant"
"Unstim / Nigericin","HSD17B4","P51659","P51659","DHB4_HUMAN","Peroxisomal multifunctional enzyme type 2","P51659_K614_M1_17","GlyGly (K)",-5.66663188219337,0.633972537254186,0.419151604507331,6,"Not significant"
"Unstim / Nigericin","HNRNPA3","P51991","P51991","ROA3_HUMAN","Heterogeneous nuclear ribonucleoprotein A3","P51991_K118_M1_17","GlyGly (K)",4.2315327272033,0.633972537254186,0.423209298337968,6,"Not significant"
"Unstim / Nigericin","ARHGDIA","P52565","P52565","GDIR1_HUMAN","Rho GDP-dissociation inhibitor 1","P52565_K33_M1_17","GlyGly (K)",-7.69141650568906,0.633972537254186,0.421619577191427,6,"Not significant"
"Unstim / Nigericin","CD81","P60033","P60033","CD81_HUMAN","CD81 antigen","P60033_K144_M1_17","GlyGly (K)",6.86042668460611,0.633972537254186,0.423594409440121,6,"Not significant"
"Unstim / Nigericin","TPI1","P60174","P60174","TPIS_HUMAN","Triosephosphate isomerase","P60174_K238_M1_17","GlyGly (K)",1.09770426585972,0.633972537254186,0.352132434165815,6,"Not significant"
"Unstim / Nigericin","RAP1B","P61224","P61224","RAP1B_HUMAN","Ras-related protein Rap-1b","P61224_K42_M1_17","GlyGly (K)",-0.496624245720537,0.633972537254186,0.414806959942168,6,"Not significant"
"Unstim / Nigericin","PSME3","P61289","P61289","PSME3_HUMAN","Proteasome activator complex subunit 3","P61289_K123_M2_17","GlyGly (K)",5.41992665460278,0.633972537254186,0.425445184166176,6,"Not significant"
"Unstim / Nigericin","PSME3","P61289","P61289","PSME3_HUMAN","Proteasome activator complex subunit 3","P61289_K121_M2_17","GlyGly (K)",5.41992665460278,0.633972537254186,0.425445184166176,6,"Not significant"
"Unstim / Nigericin","TMSB4X","P62328","P62328","TYB4_HUMAN","Thymosin beta-4","P62328_K32_M2_17","GlyGly (K)",-3.75145783505957,0.633972537254186,0.425500024847501,6,"Not significant"
"Unstim / Nigericin","TMSB4X","P62328","P62328","TYB4_HUMAN","Thymosin beta-4","P62328_K26_M2_17","GlyGly (K)",-3.75145783505957,0.633972537254186,0.425500024847501,6,"Not significant"
"Unstim / Nigericin","H4C1","P62805","P62805","H4_HUMAN","Histone H4","P62805_K60_M1_17","GlyGly (K)",-1.15835062028356,0.633972537254186,0.308062773406661,6,"Not significant"
"Unstim / Nigericin","PRKDC","P78527","P78527","PRKDC_HUMAN","DNA-dependent protein kinase catalytic subunit","P78527_K4070_M1_17","GlyGly (K)",0.410311744211281,0.633972537254186,0.339699783401662,6,"Not significant"
"Unstim / Nigericin","BASP1","P80723","P80723","BASP1_HUMAN","Brain acid soluble protein 1","P80723_K102_M2_17","GlyGly (K)",2.55427092890023,0.633972537254186,0.431358764685793,6,"Not significant"
"Unstim / Nigericin","CLTC","Q00610","Q00610","CLH1_HUMAN","Clathrin heavy chain 1","Q00610_K951_M1_17","GlyGly (K)",0.552373655520602,0.633972537254186,0.325645490063411,6,"Not significant"
"Unstim / Nigericin","HNRNPU","Q00839","Q00839","HNRPU_HUMAN","Heterogeneous nuclear ribonucleoprotein U","Q00839_K436_M1_17","GlyGly (K)",-1.58040985371302,0.633972537254186,0.386540262955256,6,"Not significant"
"Unstim / Nigericin","CAP1","Q01518","Q01518","CAP1_HUMAN","Adenylyl cyclase-associated protein 1","Q01518_K100_M1_17","GlyGly (K)",3.04100511932627,0.633972537254186,0.426278674166199,6,"Not significant"
"Unstim / Nigericin","CAP1","Q01518","Q01518","CAP1_HUMAN","Adenylyl cyclase-associated protein 1","Q01518_K328_M1_17","GlyGly (K)",1.10373451596902,0.633972537254186,0.418856441654941,6,"Not significant"
"Unstim / Nigericin","CAP1","Q01518","Q01518","CAP1_HUMAN","Adenylyl cyclase-associated protein 1","Q01518_K304_M1_17","GlyGly (K)",1.7532719787233,0.633972537254186,0.388081321559987,6,"Not significant"
"Unstim / Nigericin","NUCB1","Q02818","Q02818","NUCB1_HUMAN","Nucleobindin-1","Q02818_K439_M1_17","GlyGly (K)",6.97602607666363,0.633972537254186,0.421633097653873,6,"Not significant"
"Unstim / Nigericin","TOP2B","Q02880","Q02880","TOP2B_HUMAN","DNA topoisomerase 2-beta","Q02880_K251_M2_17","GlyGly (K)",5.54628964758979,0.633972537254186,0.424168802565392,6,"Not significant"
"Unstim / Nigericin","GLO1","Q04760","Q04760","LGUL_HUMAN","Lactoylglutathione lyase","Q04760_K28_M1_17","GlyGly (K)",-1.20460221353399,0.633972537254186,0.378854950335126,6,"Not significant"
"Unstim / Nigericin","KHDRBS1","Q07666","Q07666","KHDR1_HUMAN","KH domain-containing, RNA-binding, signal transduction-associated protein 1","Q07666_K96_M1_17","GlyGly (K)",0.400301136274869,0.633972537254186,0.365560987992926,6,"Not significant"
"Unstim / Nigericin","NSUN2","Q08J23","Q08J23","NSUN2_HUMAN","RNA cytosine C(5)-methyltransferase NSUN2","Q08J23_K338_M1_17","GlyGly (K)",-4.3997017551624,0.633972537254186,0.412929193350175,6,"Not significant"
"Unstim / Nigericin","AHNAK","Q09666","Q09666","AHNK_HUMAN","Neuroblast differentiation-associated protein AHNAK","Q09666_K2773_M2_17","GlyGly (K)",-5.82447022191187,0.633972537254186,0.425734789179367,6,"Not significant"
"Unstim / Nigericin","MYO1E","Q12965","Q12965","MYO1E_HUMAN","Unconventional myosin-Ie","Q12965_K679_M1_17","GlyGly (K)",-2.38664622616049,0.633972537254186,0.420437562120525,6,"Not significant"
"Unstim / Nigericin","FADD","Q13158","Q13158","FADD_HUMAN","FAS-associated death domain protein","Q13158_K110_M1_17","GlyGly (K)",0.557088920263071,0.633972537254186,0.411935619492441,6,"Not significant"
"Unstim / Nigericin","TUBB3","Q13509","Q13509","TBB3_HUMAN","Tubulin beta-3 chain","Q13509_K103_M1_17","GlyGly (K)",-4.81932434382367,0.633972537254186,0.413943016955048,6,"Not significant"
"Unstim / Nigericin","DDX39B","Q13838","Q13838","DX39B_HUMAN","Spliceosome RNA helicase DDX39B","Q13838_K33_M2_17","GlyGly (K)",-6.54797886601016,0.633972537254186,0.423420075181209,5,"Not significant"
"Unstim / Nigericin","FLOT2","Q14254","Q14254","FLOT2_HUMAN","Flotillin-2","Q14254_K356_M2_17","GlyGly (K)",4.34811597052813,0.633972537254186,0.428102836838588,6,"Not significant"
"Unstim / Nigericin","CHD4","Q14839","Q14839","CHD4_HUMAN","Chromodomain-helicase-DNA-binding protein 4","Q14839_K1572_M2_17","GlyGly (K)",5.79267813839565,0.633972537254186,0.304059063543187,4,"Not significant"
"Unstim / Nigericin","EEA1","Q15075","Q15075","EEA1_HUMAN","Early endosome antigen 1","Q15075_K1055_M1_17","GlyGly (K)",1.59023936185665,0.633972537254186,0.331009323132665,6,"Not significant"
"Unstim / Nigericin","EEA1","Q15075","Q15075","EEA1_HUMAN","Early endosome antigen 1","Q15075_K813_M1_17","GlyGly (K)",2.51101430320217,0.633972537254186,0.305382911944911,6,"Not significant"
"Unstim / Nigericin","SRSF7","Q16629","Q16629","SRSF7_HUMAN","Serine/arginine-rich splicing factor 7","Q16629_K24_M1_17","GlyGly (K)",2.15255919435049,0.633972537254186,0.407796336925906,6,"Not significant"
"Unstim / Nigericin","ZNF326","Q5BKZ1","Q5BKZ1","ZN326_HUMAN","DBIRD complex subunit ZNF326","Q5BKZ1_K442_M1_17","GlyGly (K)",-6.08047398681286,0.633972537254186,0.422891972555781,6,"Not significant"
"Unstim / Nigericin","PITRM1","Q5JRX3","Q5JRX3","PREP_HUMAN","Presequence protease, mitochondrial","Q5JRX3_K820_M1_17","GlyGly (K)",1.40995002190537,0.633972537254186,0.330464493666247,6,"Not significant"
"Unstim / Nigericin","HP1BP3","Q5SSJ5","Q5SSJ5","HP1B3_HUMAN","Heterochromatin protein 1-binding protein 3","Q5SSJ5_K258_M1_17","GlyGly (K)",6.88934071393776,0.633972537254186,0.424107146378361,6,"Not significant"
"Unstim / Nigericin","ATG16L1","Q676U5","Q676U5","A16L1_HUMAN","Autophagy-related protein 16-1","Q676U5_K266_M1_17","GlyGly (K)",6.81160549817812,0.633972537254186,0.423514134348438,6,"Not significant"
"Unstim / Nigericin","XIRP1","Q702N8","Q702N8","XIRP1_HUMAN","Xin actin-binding repeat-containing protein 1","Q702N8_K230_M2_17","GlyGly (K)",4.90754760509976,0.633972537254186,0.421774529877402,6,"Not significant"
"Unstim / Nigericin","CNTRL","Q7Z7A1","Q7Z7A1","CNTRL_HUMAN","Centriolin","Q7Z7A1_K546_M1_17","GlyGly (K)",-4.2736982762392,0.633972537254186,0.415916120277092,6,"Not significant"
"Unstim / Nigericin","ATXN2L","Q8WWM7","Q8WWM7","ATX2L_HUMAN","Ataxin-2-like protein","Q8WWM7_K186_M1_17","GlyGly (K)",1.06970595466251,0.633972537254186,0.411442288234024,6,"Not significant"
"Unstim / Nigericin","NRGN","Q92686","Q92686","NEUG_HUMAN","Neurogranin","Q92686_K11_M1_17","GlyGly (K)",8.55758369237937,0.633972537254186,0.422443991247399,6,"Not significant"
"Unstim / Nigericin","HDAC2","Q92769","Q92769","HDAC2_HUMAN","Histone deacetylase 2","Q92769_K362_M1_17","GlyGly (K)",2.84293270002875,0.633972537254186,0.412267000105286,6,"Not significant"
"Unstim / Nigericin","INPP5D","Q92835","Q92835","SHIP1_HUMAN","Phosphatidylinositol 3,4,5-trisphosphate 5-phosphatase 1","Q92835_K568_M1_17","GlyGly (K)",-6.23754545353109,0.633972537254186,0.424760337462984,6,"Not significant"
"Unstim / Nigericin","AIDA","Q96BJ3","Q96BJ3","AIDA_HUMAN","Axin interactor, dorsalization-associated protein","Q96BJ3_K106_M1_17","GlyGly (K)",1.15979298849587,0.633972537254186,0.341034818730946,6,"Not significant"
"Unstim / Nigericin","MRRF","Q96E11","Q96E11","RRFM_HUMAN","Ribosome-recycling factor, mitochondrial","Q96E11_K160_M1_17","GlyGly (K)",4.81749493700723,0.633972537254186,0.42454948857018,6,"Not significant"
"Unstim / Nigericin","MCEE","Q96PE7","Q96PE7","MCEE_HUMAN","Methylmalonyl-CoA epimerase, mitochondrial","Q96PE7_K156_M1_17","GlyGly (K)",4.33061181860591,0.633972537254186,0.420610646776082,6,"Not significant"
"Unstim / Nigericin","PPP1R10","Q96QC0","Q96QC0","PP1RA_HUMAN","Serine/threonine-protein phosphatase 1 regulatory subunit 10","Q96QC0_K458_M1_17","GlyGly (K)",5.50696225257065,0.633972537254186,0.421437039316985,6,"Not significant"
"Unstim / Nigericin","PARK7","Q99497","Q99497","PARK7_HUMAN","Parkinson disease protein 7","Q99497_K12_M1_17","GlyGly (K)",-10.7565628925473,0.633972537254186,0.422585077805682,6,"Not significant"
"Unstim / Nigericin","PARK7","Q99497","Q99497","PARK7_HUMAN","Parkinson disease protein 7","Q99497_K148_M1_17","GlyGly (K)",4.61428605434958,0.633972537254186,0.414232164314544,6,"Not significant"
"Unstim / Nigericin","PLIN2","Q99541","Q99541","PLIN2_HUMAN","Perilipin-2","Q99541_K153_M2_17","GlyGly (K)",-8.40408702042015,0.633972537254186,0.421643451326763,6,"Not significant"
"Unstim / Nigericin","PLIN2","Q99541","Q99541","PLIN2_HUMAN","Perilipin-2","Q99541_K151_M2_17","GlyGly (K)",-8.40408702042015,0.633972537254186,0.421643451326763,6,"Not significant"
"Unstim / Nigericin","HNRNPAB","Q99729","Q99729","ROAA_HUMAN","Heterogeneous nuclear ribonucleoprotein A/B","Q99729_K190_M1_17","GlyGly (K)",-6.31846731799082,0.633972537254186,0.424714862020135,6,"Not significant"
"Unstim / Nigericin","HNRNPAB","Q99729","Q99729","ROAA_HUMAN","Heterogeneous nuclear ribonucleoprotein A/B","Q99729_K169_M1_17","GlyGly (K)",4.25839692874436,0.633972537254186,0.40807442702215,6,"Not significant"
"Unstim / Nigericin","TRIM56","Q9BRZ2","Q9BRZ2","TRI56_HUMAN","E3 ubiquitin-protein ligase TRIM56","Q9BRZ2_K98_M1_17","GlyGly (K)",4.07858478734342,0.633972537254186,0.396352369594912,6,"Not significant"
"Unstim / Nigericin","POTEKP","Q9BYX7","Q9BYX7","ACTBM_HUMAN","Putative beta-actin-like protein 3","Q9BYX7_K238_M1_17","GlyGly (K)",4.1726482797709,0.633972537254186,0.414665771912938,6,"Not significant"
"Unstim / Nigericin","DYNLRB1","Q9NP97","Q9NP97","DLRB1_HUMAN","Dynein light chain roadblock-type 1","Q9NP97_K75_M1_17","GlyGly (K)",2.84560141025543,0.633972537254186,0.355664632321474,4,"Not significant"
"Unstim / Nigericin","RTN4","Q9NQC3","Q9NQC3","RTN4_HUMAN","Reticulon-4","Q9NQC3_K58_M1_17","GlyGly (K)",-7.39136376219219,0.633972537254186,0.421559563328322,6,"Not significant"
"Unstim / Nigericin","ECHDC1","Q9NTX5","Q9NTX5","ECHD1_HUMAN","Ethylmalonyl-CoA decarboxylase","Q9NTX5_K301_M1_17","GlyGly (K)",-7.91680451654484,0.633972537254186,0.423185917423488,6,"Not significant"
"Unstim / Nigericin","POLR3E","Q9NVU0","Q9NVU0","RPC5_HUMAN","DNA-directed RNA polymerase III subunit RPC5","Q9NVU0_K410_M1_17","GlyGly (K)",2.54301532048392,0.633972537254186,0.370263419790425,6,"Not significant"
"Unstim / Nigericin","LIMA1","Q9UHB6","Q9UHB6","LIMA1_HUMAN","LIM domain and actin-binding protein 1","Q9UHB6_K250_M1_17","GlyGly (K)",-2.90141164756075,0.633972537254186,0.42216764465726,6,"Not significant"
"Unstim / Nigericin","RUVBL2","Q9Y230","Q9Y230","RUVB2_HUMAN","RuvB-like 2","Q9Y230_K115_M1_17","GlyGly (K)",-0.86502751286066,0.633972537254186,0.367955689082016,6,"Not significant"
"Unstim / Nigericin","SUGT1","Q9Y2Z0","Q9Y2Z0","SGT1_HUMAN","Protein SGT1 homolog","Q9Y2Z0_K70_M2_17","GlyGly (K)",1.22681099985854,0.633972537254186,0.396578084940367,6,"Not significant"
"Unstim / Nigericin","SUGT1","Q9Y2Z0","Q9Y2Z0","SGT1_HUMAN","Protein SGT1 homolog","Q9Y2Z0_K69_M2_17","GlyGly (K)",1.22681099985854,0.633972537254186,0.396578084940367,6,"Not significant"
"Unstim / Nigericin","HYOU1","Q9Y4L1","Q9Y4L1","HYOU1_HUMAN","Hypoxia up-regulated protein 1","Q9Y4L1_K774_M1_17","GlyGly (K)",-6.36332914047457,0.633972537254186,0.417422300330383,5,"Not significant"
"Unstim / Nigericin","LRRFIP2","Q9Y608","Q9Y608","LRRF2_HUMAN","Leucine-rich repeat flightless-interacting protein 2","Q9Y608_K14_M1_17","GlyGly (K)",1.74539706943694,0.633972537254186,0.402309766916193,6,"Not significant"
"Unstim / Nigericin","UBB;UBC","P0CG47;P0CG48","P0CG47;P0CG48","UBB_HUMAN;UBC_HUMAN","Polyubiquitin-B;Polyubiquitin-C","P0CG47_K87_M1_17","GlyGly (K)",11.3148900766194,0.633972537254186,0.422690740814527,5,"Not significant"
"Unstim / Nigericin","UBB;UBC","P0CG47;P0CG48","P0CG47;P0CG48","UBB_HUMAN;UBC_HUMAN","Polyubiquitin-B;Polyubiquitin-C","P0CG47_K163_M1_17","GlyGly (K)",11.3148900766194,0.633972537254186,0.422690740814527,5,"Not significant"
"Unstim / Nigericin","UBB;UBC","P0CG47;P0CG48","P0CG47;P0CG48","UBB_HUMAN;UBC_HUMAN","Polyubiquitin-B;Polyubiquitin-C","P0CG48_K87_M1_17","GlyGly (K)",11.3148900766194,0.633972537254186,0.422690740814527,5,"Not significant"
"Unstim / Nigericin","UBB;UBC","P0CG47;P0CG48","P0CG47;P0CG48","UBB_HUMAN;UBC_HUMAN","Polyubiquitin-B;Polyubiquitin-C","P0CG48_K163_M1_17","GlyGly (K)",11.3148900766194,0.633972537254186,0.422690740814527,5,"Not significant"
"Unstim / Nigericin","UBB;UBC","P0CG47;P0CG48","P0CG47;P0CG48","UBB_HUMAN;UBC_HUMAN","Polyubiquitin-B;Polyubiquitin-C","P0CG48_K239_M1_17","GlyGly (K)",11.3148900766194,0.633972537254186,0.422690740814527,5,"Not significant"
"Unstim / Nigericin","UBB;UBC","P0CG47;P0CG48","P0CG47;P0CG48","UBB_HUMAN;UBC_HUMAN","Polyubiquitin-B;Polyubiquitin-C","P0CG48_K315_M1_17","GlyGly (K)",11.3148900766194,0.633972537254186,0.422690740814527,5,"Not significant"
"Unstim / Nigericin","UBB;UBC","P0CG47;P0CG48","P0CG47;P0CG48","UBB_HUMAN;UBC_HUMAN","Polyubiquitin-B;Polyubiquitin-C","P0CG48_K391_M1_17","GlyGly (K)",11.3148900766194,0.633972537254186,0.422690740814527,5,"Not significant"
"Unstim / Nigericin","UBB;UBC","P0CG47;P0CG48","P0CG47;P0CG48","UBB_HUMAN;UBC_HUMAN","Polyubiquitin-B;Polyubiquitin-C","P0CG48_K467_M1_17","GlyGly (K)",11.3148900766194,0.633972537254186,0.422690740814527,5,"Not significant"
"Unstim / Nigericin","UBB;UBC","P0CG47;P0CG48","P0CG47;P0CG48","UBB_HUMAN;UBC_HUMAN","Polyubiquitin-B;Polyubiquitin-C","P0CG48_K543_M1_17","GlyGly (K)",11.3148900766194,0.633972537254186,0.422690740814527,5,"Not significant"
"Unstim / Nigericin","UBB;UBC","P0CG47;P0CG48","P0CG47;P0CG48","UBB_HUMAN;UBC_HUMAN","Polyubiquitin-B;Polyubiquitin-C","P0CG48_K619_M1_17","GlyGly (K)",11.3148900766194,0.633972537254186,0.422690740814527,5,"Not significant"
"Unstim / Nigericin","KRT2","Cont_P35908;P35908","Cont_P35908;P35908","K22E_HUMAN","Keratin, type II cytoskeletal 2 epidermal;Keratin, type II cytoskeletal 2 epidermal","Cont_P35908_K267_M1_17","GlyGly (K)",4.33213611655324,0.634077125370329,0.436464547022789,6,"Not significant"
"Unstim / Nigericin","KRT2","Cont_P35908;P35908","Cont_P35908;P35908","K22E_HUMAN","Keratin, type II cytoskeletal 2 epidermal;Keratin, type II cytoskeletal 2 epidermal","P35908_K267_M1_17","GlyGly (K)",4.33213611655324,0.634077125370329,0.436464547022789,6,"Not significant"
"Unstim / Nigericin","PDIA6","Q15084","Q15084","PDIA6_HUMAN","Protein disulfide-isomerase A6","Q15084_K373_M1_17","GlyGly (K)",-0.261008090374218,0.634157174505821,0.438176070460828,6,"Not significant"
"Unstim / Nigericin","HSPA9","P38646","P38646","GRP75_HUMAN","Stress-70 protein, mitochondrial","P38646_K485_M1_17","GlyGly (K)",1.84424956902345,0.63472784199146,0.44188114584811,6,"Not significant"
"Unstim / Nigericin","GAPDH","P04406","P04406","G3P_HUMAN","Glyceraldehyde-3-phosphate dehydrogenase","P04406_K3_M2_17","GlyGly (K)",0.674773565873832,0.635031051536994,0.44402615961548,5,"Not significant"
"Unstim / Nigericin","TYW1B;TYW1","Q6NUM6;Q9NV66","Q6NUM6;Q9NV66","TYW1B_HUMAN;TYW1_HUMAN","S-adenosyl-L-methionine-dependent tRNA 4-demethylwyosine synthase TYW1B;S-adenosyl-L-methionine-dependent tRNA 4-demethylwyosine synthase TYW1","Q6NUM6_K414_M1_17","GlyGly (K)",-2.48877406122084,0.635298700158919,0.4452257208669,6,"Not significant"
"Unstim / Nigericin","TYW1B;TYW1","Q6NUM6;Q9NV66","Q6NUM6;Q9NV66","TYW1B_HUMAN;TYW1_HUMAN","S-adenosyl-L-methionine-dependent tRNA 4-demethylwyosine synthase TYW1B;S-adenosyl-L-methionine-dependent tRNA 4-demethylwyosine synthase TYW1","Q9NV66_K478_M1_17","GlyGly (K)",-2.48877406122084,0.635298700158919,0.4452257208669,6,"Not significant"
"Unstim / Nigericin","MTFR1","Q15390","Q15390","MTFR1_HUMAN","Mitochondrial fission regulator 1","Q15390_K261_M2_17","GlyGly (K)",2.3955223981708,0.635920702355209,0.447675120464884,5,"Not significant"
"Unstim / Nigericin","XPOT","O43592","O43592","XPOT_HUMAN","Exportin-T","O43592_K316_M1_17","GlyGly (K)",1.20353813885153,0.636081277651646,0.44807958460459,6,"Not significant"
"Unstim / Nigericin","TXN","P10599","P10599","THIO_HUMAN","Thioredoxin","P10599_K96_M2_17","GlyGly (K)",2.66495957168367,0.637186942328566,0.452688963793005,6,"Not significant"
"Unstim / Nigericin","TXN","P10599","P10599","THIO_HUMAN","Thioredoxin","P10599_K94_M2_17","GlyGly (K)",2.66495957168367,0.637186942328566,0.452688963793005,6,"Not significant"
"Unstim / Nigericin","ITGB5","P18084","P18084","ITB5_HUMAN","Integrin beta-5","P18084_K170_M1_17","GlyGly (K)",-0.387945757505472,0.637351115676177,0.453688789702003,6,"Not significant"
"Unstim / Nigericin","NUDC","Q9Y266","Q9Y266","NUDC_HUMAN","Nuclear migration protein nudC","Q9Y266_K275_M1_17","GlyGly (K)",-2.09119754318981,0.638213898322896,0.45718034327274,6,"Not significant"
"Unstim / Nigericin","NCL","P19338","P19338","NUCL_HUMAN","Nucleolin","P19338_K362_M1_17","GlyGly (K)",-2.09153202450337,0.638291549907077,0.457413084224641,6,"Not significant"
"Unstim / Nigericin","COMT","P21964","P21964","COMT_HUMAN","Catechol O-methyltransferase","P21964_K95_M2_17","GlyGly (K)",3.21277266896331,0.63837918508945,0.457800639291744,6,"Not significant"
"Unstim / Nigericin","COMT","P21964","P21964","COMT_HUMAN","Catechol O-methyltransferase","P21964_K86_M2_17","GlyGly (K)",3.21277266896331,0.63837918508945,0.457800639291744,6,"Not significant"
"Unstim / Nigericin","MTF1","Q14872","Q14872","MTF1_HUMAN","Metal regulatory transcription factor 1","Q14872_K627_M1_17","GlyGly (K)",2.10787938959545,0.638809202448571,0.45925916413062,6,"Not significant"
"Unstim / Nigericin","DAZAP1","Q96EP5","Q96EP5","DAZP1_HUMAN","DAZ-associated protein 1","Q96EP5_K59_M2_17","GlyGly (K)",-0.517168146641753,0.638975184702652,0.459852174907661,4,"Not significant"
"Unstim / Nigericin","GAA","P10253","P10253","LYAG_HUMAN","Lysosomal alpha-glucosidase","P10253_K849_M1_17","GlyGly (K)",-1.1078021966846,0.639376665841732,0.46124853842552,6,"Not significant"
"Unstim / Nigericin","PKM","P14618","P14618","KPYM_HUMAN","Pyruvate kinase PKM","P14618_K125_M1_17","GlyGly (K)",0.645402881495527,0.63974983282713,0.462518207796469,6,"Not significant"
"Unstim / Nigericin","SRPRA","P08240","P08240","SRPRA_HUMAN","Signal recognition particle receptor subunit alpha","P08240_K206_M1_17","GlyGly (K)",-2.45693464285572,0.639881690246403,0.463103832004849,6,"Not significant"
"Unstim / Nigericin","TOP2B","Q02880","Q02880","TOP2B_HUMAN","DNA topoisomerase 2-beta","Q02880_K104_M1_17","GlyGly (K)",0.261224467324287,0.64142348214308,0.468574592365175,6,"Not significant"
"Unstim / Nigericin","GLIPR1","P48060","P48060","GLIP1_HUMAN","Glioma pathogenesis-related protein 1","P48060_K200_M1_17","GlyGly (K)",-2.30284634897321,0.641472294766882,0.46872381939509,6,"Not significant"
"Unstim / Nigericin","IL1B","P01584","P01584","IL1B_HUMAN","Interleukin-1 beta","P01584_K171_M1_17","GlyGly (K)",1.02792100862777,0.641571399559909,0.469161644543691,6,"Not significant"
"Unstim / Nigericin","LTA4H","P09960","P09960","LKHA4_HUMAN","Leukotriene A-4 hydrolase","P09960_K83_M1_17","GlyGly (K)",0.319380789548721,0.641947427630103,0.470517802766448,6,"Not significant"
"Unstim / Nigericin","CFL1","P23528","P23528","COF1_HUMAN","Cofilin-1","P23528_K96_M2_17","GlyGly (K)",5.50488014170252,0.642214738967816,0.471429354004791,4,"Not significant"
"Unstim / Nigericin","CAMK1","Q14012","Q14012","KCC1A_HUMAN","Calcium/calmodulin-dependent protein kinase type 1","Q14012_K304_M1_17","GlyGly (K)",0.265966775474,0.642958159292544,0.473733827129035,6,"Not significant"
"Unstim / Nigericin","ANPEP","P15144","P15144","AMPN_HUMAN","Aminopeptidase N","P15144_K641_M1_17","GlyGly (K)",-1.11307212338257,0.642975645265063,0.473850116157264,6,"Not significant"
"Unstim / Nigericin","GPD2","P43304","P43304","GPDM_HUMAN","Glycerol-3-phosphate dehydrogenase, mitochondrial","P43304_K303_M1_17","GlyGly (K)",-0.321942694361766,0.64384294413954,0.476527226655452,6,"Not significant"
"Unstim / Nigericin","HSPD1","P10809","P10809","CH60_HUMAN","60 kDa heat shock protein, mitochondrial","P10809_K91_M2_17","GlyGly (K)",-4.46454218858627,0.644696789200346,0.485829015120551,5,"Not significant"
"Unstim / Nigericin","HSP90B1","P14625","P14625","ENPL_HUMAN","Endoplasmin","P14625_K708_M2_17","GlyGly (K)",3.4376504390787,0.644696789200346,0.494853845784304,4,"Not significant"
"Unstim / Nigericin","HNRNPA2B1","P22626","P22626","ROA2_HUMAN","Heterogeneous nuclear ribonucleoproteins A2/B1","P22626_K104_M1_17","GlyGly (K)",2.02518749542606,0.644696789200346,0.495369134248802,6,"Not significant"
"Unstim / Nigericin","RAB13","P51153","P51153","RAB13_HUMAN","Ras-related protein Rab-13","P51153_K56_M2_17","GlyGly (K)",0.991730901045972,0.644696789200346,0.487435887896373,5,"Not significant"
"Unstim / Nigericin","HSPA2","P54652","P54652","HSP72_HUMAN","Heat shock-related 70 kDa protein 2","P54652_K139_M2_17","GlyGly (K)",6.43238905010161,0.644696789200346,0.497685433759223,4,"Not significant"
"Unstim / Nigericin","HNRNPU","Q00839","Q00839","HNRPU_HUMAN","Heterogeneous nuclear ribonucleoprotein U","Q00839_K494_M2_17","GlyGly (K)",-4.50409863138314,0.644696789200346,0.498669630495079,4,"Not significant"
"Unstim / Nigericin","AHNAK","Q09666","Q09666","AHNK_HUMAN","Neuroblast differentiation-associated protein AHNAK","Q09666_K3157_M2_17","GlyGly (K)",10.4238689480256,0.644696789200346,0.500077895021417,4,"Not significant"
"Unstim / Nigericin","AHNAK","Q09666","Q09666","AHNK_HUMAN","Neuroblast differentiation-associated protein AHNAK","Q09666_K3939_M2_17","GlyGly (K)",10.4238689480256,0.644696789200346,0.500077895021417,4,"Not significant"
"Unstim / Nigericin","TUBB3","Q13509","Q13509","TBB3_HUMAN","Tubulin beta-3 chain","Q13509_K324_M1_17","GlyGly (K)",1.70635289331877,0.644696789200346,0.492113124411456,6,"Not significant"
"Unstim / Nigericin","DDX50","Q9BQ39","Q9BQ39","DDX50_HUMAN","ATP-dependent RNA helicase DDX50","Q9BQ39_K213_M1_17","GlyGly (K)",-0.314929519200474,0.644696789200346,0.481932278593428,6,"Not significant"
"Unstim / Nigericin","DDX21","Q9NR30","Q9NR30","DDX21_HUMAN","Nucleolar RNA helicase 2","Q9NR30_K236_M1_17","GlyGly (K)",0.991736448652558,0.644696789200346,0.482216475190362,6,"Not significant"
"Unstim / Nigericin","SAMHD1","Q9Y3Z3","Q9Y3Z3","SAMH1_HUMAN","Deoxynucleoside triphosphate triphosphohydrolase SAMHD1","Q9Y3Z3_K354_M1_17","GlyGly (K)",-0.23570392740262,0.644696789200346,0.489283875770733,6,"Not significant"
"Unstim / Nigericin","PRSS1","Cont_P00760","Cont_P00760","TRY1_BOVIN","Serine protease 1","Cont_P00760_K112_M2_17","GlyGly (K)",-10.4734521979355,0.644696789200346,0.499991714216836,5,"Not significant"
"Unstim / Nigericin","AK2","P54819","P54819","KAD2_HUMAN","Adenylate kinase 2, mitochondrial","P54819_K65_M2_17","GlyGly (K)",-6.66597230476839,0.644696789200346,0.497518068987882,5,"Not significant"
"Unstim / Nigericin","BASP1","P80723","P80723","BASP1_HUMAN","Brain acid soluble protein 1","P80723_K97_M2_17","GlyGly (K)",3.02877330622612,0.644764271610972,0.50401952055194,4,"Not significant"
"Unstim / Nigericin","FBLL1","A6NHQ2","A6NHQ2","FBLL1_HUMAN","rRNA/tRNA 2'-O-methyltransferase fibrillarin-like protein 1","A6NHQ2_K170_M1_17","GlyGly (K)",-0.925961839262292,0.645099140507336,0.506903117996472,6,"Not significant"
"Unstim / Nigericin","MMP9","P14780","P14780","MMP9_HUMAN","Matrix metalloproteinase-9","P14780_K65_M1_17","GlyGly (K)",-0.20721153215523,0.645556591501268,0.508789607422128,6,"Not significant"
"Unstim / Nigericin","ATP5F1A","P25705","P25705","ATPA_HUMAN","ATP synthase subunit alpha, mitochondrial","P25705_K316_M1_17","GlyGly (K)",-0.24982000783906,0.645595856081797,0.508904081443758,6,"Not significant"
"Unstim / Nigericin","ATP5F1D","P30049","P30049","ATPD_HUMAN","ATP synthase subunit delta, mitochondrial","P30049_K136_M1_17","GlyGly (K)",0.4895567179621,0.646079286894697,0.510632873888656,6,"Not significant"
"Unstim / Nigericin","SMCHD1","A6NHR9","A6NHR9","SMHD1_HUMAN","Structural maintenance of chromosomes flexible hinge domain-containing protein 1","A6NHR9_K1798_M2_17","GlyGly (K)",3.82783887129634,0.646262040463272,0.511273298908534,4,"Not significant"
"Unstim / Nigericin","SOD2","P04179","P04179","SODM_HUMAN","Superoxide dismutase [Mn], mitochondrial","P04179_K114_M1_17","GlyGly (K)",0.287926617739925,0.646709670200322,0.513190482139652,6,"Not significant"
"Unstim / Nigericin","ANP32B","Q92688","Q92688","AN32B_HUMAN","Acidic leucine-rich nuclear phosphoprotein 32 family member B","Q92688_K116_M1_17","GlyGly (K)",0.301455616372259,0.646721075802971,0.513228828839541,6,"Not significant"
"Unstim / Nigericin","ALDOA","P04075","P04075","ALDOA_HUMAN","Fructose-bisphosphate aldolase A","P04075_K153_M1_17","GlyGly (K)",0.631954241345984,0.647499117827855,0.516265862015431,6,"Not significant"
"Unstim / Nigericin","SOD2","P04179","P04179","SODM_HUMAN","Superoxide dismutase [Mn], mitochondrial","P04179_K68_M1_17","GlyGly (K)",0.708874958931833,0.647573280439535,0.516487164764287,6,"Not significant"
"Unstim / Nigericin","HSPA1A;HSPA1B","P0DMV8;P0DMV9","P0DMV8;P0DMV9","HS71A_HUMAN;HS71B_HUMAN","Heat shock 70 kDa protein 1A;Heat shock 70 kDa protein 1B","P0DMV8_K128_M1_17","GlyGly (K)",-0.487708501461437,0.649084582677841,0.521732878495816,6,"Not significant"
"Unstim / Nigericin","HSPA1A;HSPA1B","P0DMV8;P0DMV9","P0DMV8;P0DMV9","HS71A_HUMAN;HS71B_HUMAN","Heat shock 70 kDa protein 1A;Heat shock 70 kDa protein 1B","P0DMV9_K128_M1_17","GlyGly (K)",-0.487708501461437,0.649084582677841,0.521732878495816,6,"Not significant"
"Unstim / Nigericin","NELFA","Q9H3P2","Q9H3P2","NELFA_HUMAN","Negative elongation factor A","Q9H3P2_K288_M1_17","GlyGly (K)",1.98501399042201,0.649084582677841,0.521740453643436,6,"Not significant"
"Unstim / Nigericin","ALB","Cont_P02769","Cont_P02769","ALBU_BOVIN","Albumin","Cont_P02769_K463_M1_17","GlyGly (K)",1.0786007933215,0.649860238121844,0.524227932225828,6,"Not significant"
"Unstim / Nigericin","RAB1A","P62820","P62820","RAB1A_HUMAN","Ras-related protein Rab-1A","P62820_K140_M1_17","GlyGly (K)",-0.434424697218139,0.651922437749793,0.530137130670407,6,"Not significant"
"Unstim / Nigericin","ZFYVE16","Q7Z3T8","Q7Z3T8","ZFY16_HUMAN","Zinc finger FYVE domain-containing protein 16","Q7Z3T8_K279_M2_17","GlyGly (K)",0.372333096255066,0.652153569988117,0.530739001292132,5,"Not significant"
"Unstim / Nigericin","HSPD1","P10809","P10809","CH60_HUMAN","60 kDa heat shock protein, mitochondrial","P10809_K314_M1_17","GlyGly (K)",-0.187656075812311,0.652235070864989,0.531016280128902,6,"Not significant"
"Unstim / Nigericin","PGD","P52209","P52209","6PGD_HUMAN","6-phosphogluconate dehydrogenase, decarboxylating","P52209_K38_M1_17","GlyGly (K)",-1.82199562416816,0.653458681863386,0.534556540826051,6,"Not significant"
"Unstim / Nigericin","KRT73","Cont_Q86Y46;Q86Y46","Cont_Q86Y46;Q86Y46","K2C73_HUMAN","Keratin, type II cytoskeletal 73;Keratin, type II cytoskeletal 73","Cont_Q86Y46_K137_M2_17","GlyGly (K)",1.30027630681834,0.654821864593542,0.538899853568434,6,"Not significant"
"Unstim / Nigericin","KRT73","Cont_Q86Y46;Q86Y46","Cont_Q86Y46;Q86Y46","K2C73_HUMAN","Keratin, type II cytoskeletal 73;Keratin, type II cytoskeletal 73","Q86Y46_K137_M2_17","GlyGly (K)",1.30027630681834,0.654821864593542,0.538899853568434,6,"Not significant"
"Unstim / Nigericin","ACAA2","P42765","P42765","THIM_HUMAN","3-ketoacyl-CoA thiolase, mitochondrial","P42765_K312_M1_17","GlyGly (K)",0.885048059066646,0.654959457443059,0.539319144282272,6,"Not significant"
"Unstim / Nigericin","ACTC1","P68032","P68032","ACTC_HUMAN","Actin, alpha cardiac muscle 1","P68032_K217_M1_17","GlyGly (K)",0.360645385642776,0.656247217174814,0.542958375731579,4,"Not significant"
"Unstim / Nigericin","RPLP1","P05386","P05386","RLA1_HUMAN","Large ribosomal subunit protein P1","P05386_K92_M1_17","GlyGly (K)",0.770597100439173,0.656432749227103,0.543701249907928,6,"Not significant"
"Unstim / Nigericin","CAT","P04040","P04040","CATA_HUMAN","Catalase","P04040_K499_M1_17","GlyGly (K)",-0.915515184835378,0.658390176818257,0.549547046607007,6,"Not significant"
"Unstim / Nigericin","CAST","P20810","P20810","ICAL_HUMAN","Calpastatin","P20810_K283_M1_17","GlyGly (K)",0.680384182689517,0.658480085684128,0.549846456542698,6,"Not significant"
"Unstim / Nigericin","FCER1G","P30273","P30273","FCERG_HUMAN","High affinity immunoglobulin epsilon receptor subunit gamma","P30273_K52_M2_17","GlyGly (K)",0.474119669033305,0.658698812299862,0.550528699360928,6,"Not significant"
"Unstim / Nigericin","HSPA1A;HSPA1B","P0DMV8;P0DMV9","P0DMV8;P0DMV9","HS71A_HUMAN;HS71B_HUMAN","Heat shock 70 kDa protein 1A;Heat shock 70 kDa protein 1B","P0DMV8_K25_M1_17","GlyGly (K)",-0.976151214673474,0.662428123451034,0.56149419272918,6,"Not significant"
"Unstim / Nigericin","HSPA1A;HSPA1B","P0DMV8;P0DMV9","P0DMV8;P0DMV9","HS71A_HUMAN;HS71B_HUMAN","Heat shock 70 kDa protein 1A;Heat shock 70 kDa protein 1B","P0DMV9_K25_M1_17","GlyGly (K)",-0.976151214673474,0.662428123451034,0.56149419272918,6,"Not significant"
"Unstim / Nigericin","HSPD1","P10809","P10809","CH60_HUMAN","60 kDa heat shock protein, mitochondrial","P10809_K389_M2_17","GlyGly (K)",0.35302572683861,0.666566605282017,0.574133609116755,6,"Not significant"
"Unstim / Nigericin","HSPD1","P10809","P10809","CH60_HUMAN","60 kDa heat shock protein, mitochondrial","P10809_K387_M2_17","GlyGly (K)",0.35302572683861,0.666566605282017,0.574133609116755,6,"Not significant"
"Unstim / Nigericin","IGF2BP2","Q9Y6M1","Q9Y6M1","IF2B2_HUMAN","Insulin-like growth factor 2 mRNA-binding protein 2","Q9Y6M1_K530_M1_17","GlyGly (K)",-0.849368538793745,0.666945011356295,0.575460598649366,6,"Not significant"
"Unstim / Nigericin","RPL27","P61353","P61353","RL27_HUMAN","Large ribosomal subunit protein eL27","P61353_K69_M2_17","GlyGly (K)",0.401454435614099,0.667083229966783,0.575829237191523,4,"Not significant"
"Unstim / Nigericin","TLK1","Q9UKI8","Q9UKI8","TLK1_HUMAN","Serine/threonine-protein kinase tousled-like 1","Q9UKI8_K404_M1_17","GlyGly (K)",-0.643773793305774,0.667257105373229,0.576514895238786,6,"Not significant"
"Unstim / Nigericin","LMNA","P02545","P02545","LMNA_HUMAN","Prelamin-A/C","P02545_K201_M1_17","GlyGly (K)",-1.38635311378667,0.667391695881387,0.57687216664091,6,"Not significant"
"Unstim / Nigericin","NSMAF","Q92636","Q92636","FAN_HUMAN","Protein FAN","Q92636_K161_M1_17","GlyGly (K)",-0.879015831750317,0.667564583975429,0.577343624657074,6,"Not significant"
"Unstim / Nigericin","AHNAK","Q09666","Q09666","AHNK_HUMAN","Neuroblast differentiation-associated protein AHNAK","Q09666_K4898_M1_17","GlyGly (K)",0.685328736035377,0.668239401376021,0.579347623274861,6,"Not significant"
"Unstim / Nigericin","LAMTOR5","O43504","O43504","LTOR5_HUMAN","Ragulator complex protein LAMTOR5","O43504_K14_M1_17","GlyGly (K)",0.279463638643667,0.668662288879335,0.580978716817756,6,"Not significant"
"Unstim / Nigericin","CAP1","Q01518","Q01518","CAP1_HUMAN","Adenylyl cyclase-associated protein 1","Q01518_K149_M1_17","GlyGly (K)",1.49521157553167,0.668990059120321,0.581760908112976,6,"Not significant"
"Unstim / Nigericin","NRDC","O43847","O43847","NRDC_HUMAN","Nardilysin","O43847_K623_M1_17","GlyGly (K)",-1.5170471299041,0.669181125285676,0.582394785557274,5,"Not significant"
"Unstim / Nigericin","CAP1","Cont_Q3SYV4","Cont_Q3SYV4","CAP1_BOVIN","Adenylyl cyclase-associated protein 1","Cont_Q3SYV4_K272_M1_17","GlyGly (K)",1.5496506022774,0.669833993315036,0.584364829318767,6,"Not significant"
"Unstim / Nigericin","CKAP4","Q07065","Q07065","CKAP4_HUMAN","Cytoskeleton-associated protein 4","Q07065_K161_M1_17","GlyGly (K)",0.152305941880696,0.671257669060614,0.588704148629445,6,"Not significant"
"Unstim / Nigericin","MYO1E","Q12965","Q12965","MYO1E_HUMAN","Unconventional myosin-Ie","Q12965_K883_M2_17","GlyGly (K)",0.198105219183036,0.671272234385811,0.588753092950315,6,"Not significant"
"Unstim / Nigericin","MYO1E","Q12965","Q12965","MYO1E_HUMAN","Unconventional myosin-Ie","Q12965_K882_M2_17","GlyGly (K)",0.198105219183036,0.671272234385811,0.588753092950315,6,"Not significant"
"Unstim / Nigericin","RPL14","P50914","P50914","RL14_HUMAN","Large ribosomal subunit protein eL14","P50914_K23_M1_17","GlyGly (K)",1.20394071345308,0.671436693525731,0.589312538529877,6,"Not significant"
"Unstim / Nigericin","RPL14","P50914","P50914","RL14_HUMAN","Large ribosomal subunit protein eL14","P50914_K160_M1_17","GlyGly (K)",0.962540367085783,0.671909016637507,0.59086627608074,6,"Not significant"
"Unstim / Nigericin","GAPDH","P04406","P04406","G3P_HUMAN","Glyceraldehyde-3-phosphate dehydrogenase","P04406_K139_M1_17","GlyGly (K)",0.791603829083522,0.672591251906684,0.592868361597226,6,"Not significant"
"Unstim / Nigericin","HSPA6","P17066","P17066","HSP76_HUMAN","Heat shock 70 kDa protein 6","P17066_K58_M1_17","GlyGly (K)",0.55309238278167,0.672699318835462,0.593221512927972,6,"Not significant"
"Unstim / Nigericin","PHB1","P35232","P35232","PHB1_HUMAN","Prohibitin 1","P35232_K208_M1_17","GlyGly (K)",-0.613990416863646,0.672699318835462,0.593190732950355,6,"Not significant"
"Unstim / Nigericin","TMSB4X","P62328","P62328","TYB4_HUMAN","Thymosin beta-4","P62328_K15_M2_17","GlyGly (K)",0.1725621452655,0.673076469545097,0.594354716904301,6,"Not significant"
"Unstim / Nigericin","RAP2B","P61225","P61225","RAP2B_HUMAN","Ras-related protein Rap-2b","P61225_K5_M1_17","GlyGly (K)",-0.464266646682737,0.673752367952782,0.596435928113222,6,"Not significant"
"Unstim / Nigericin","NCF2","P19878","P19878","NCF2_HUMAN","Neutrophil cytosol factor 2","P19878_K92_M1_17","GlyGly (K)",1.22373973522906,0.675013094235373,0.600230717839668,6,"Not significant"
"Unstim / Nigericin","SOD2","P04179","P04179","SODM_HUMAN","Superoxide dismutase [Mn], mitochondrial","P04179_K75_M1_17","GlyGly (K)",1.30331005161617,0.675170948505311,0.600642138627576,6,"Not significant"
"Unstim / Nigericin","SND1","Q7KZF4","Q7KZF4","SND1_HUMAN","Staphylococcal nuclease domain-containing protein 1","Q7KZF4_K93_M1_17","GlyGly (K)",1.41503028718781,0.675211750486016,0.600848331150022,6,"Not significant"
"Unstim / Nigericin","HSPA2","P54652","P54652","HSP72_HUMAN","Heat shock-related 70 kDa protein 2","P54652_K461_M1_17","GlyGly (K)",-0.608255578621527,0.676564895550573,0.604450037241985,6,"Not significant"
"Unstim / Nigericin","HSPA8","P11142","P11142","HSP7C_HUMAN","Heat shock cognate 71 kDa protein","P11142_K88_M1_17","GlyGly (K)",0.525983517898451,0.677350885316132,0.606810699335517,6,"Not significant"
"Unstim / Nigericin","HMGA1","P17096","P17096","HMGA1_HUMAN","High mobility group protein HMG-I/HMG-Y","P17096_K18_M2_17","GlyGly (K)",1.77782718797313,0.677423391697735,0.607033569704159,5,"Not significant"
"Unstim / Nigericin","IDH3B","O43837","O43837","IDH3B_HUMAN","Isocitrate dehydrogenase [NAD] subunit beta, mitochondrial","O43837_K105_M1_17","GlyGly (K)",1.36731443747925,0.678202329969062,0.609614294155479,6,"Not significant"
"Unstim / Nigericin","ALDOA","P04075","P04075","ALDOA_HUMAN","Fructose-bisphosphate aldolase A","P04075_K289_M1_17","GlyGly (K)",-0.950140996966375,0.678993901217522,0.611973268280998,6,"Not significant"
"Unstim / Nigericin","HP1BP3","Q5SSJ5","Q5SSJ5","HP1B3_HUMAN","Heterochromatin protein 1-binding protein 3","Q5SSJ5_K334_M1_17","GlyGly (K)",0.807749586811644,0.679641053130698,0.61401170319806,6,"Not significant"
"Unstim / Nigericin","ETFB","P38117","P38117","ETFB_HUMAN","Electron transfer flavoprotein subunit beta","P38117_K23_M1_17","GlyGly (K)",-0.152710283384131,0.681452956250874,0.619326638169998,6,"Not significant"
"Unstim / Nigericin","RBM25","P49756","P49756","RBM25_HUMAN","RNA-binding protein 25","P49756_K261_M1_17","GlyGly (K)",0.677017297107961,0.682231083414624,0.621715014610556,6,"Not significant"
"Unstim / Nigericin","HSPA1A;HSPA1B","P0DMV8;P0DMV9","P0DMV8;P0DMV9","HS71A_HUMAN;HS71B_HUMAN","Heat shock 70 kDa protein 1A;Heat shock 70 kDa protein 1B","P0DMV8_K573_M1_17","GlyGly (K)",1.22319732548586,0.682252063352242,0.621808970935841,6,"Not significant"
"Unstim / Nigericin","HSPA1A;HSPA1B","P0DMV8;P0DMV9","P0DMV8;P0DMV9","HS71A_HUMAN;HS71B_HUMAN","Heat shock 70 kDa protein 1A;Heat shock 70 kDa protein 1B","P0DMV9_K573_M1_17","GlyGly (K)",1.22319732548586,0.682252063352242,0.621808970935841,6,"Not significant"
"Unstim / Nigericin","ACTR2","P61160","P61160","ARP2_HUMAN","Actin-related protein 2","P61160_K46_M2_17","GlyGly (K)",-0.458720001115565,0.682818398256401,0.623346019459799,5,"Not significant"
"Unstim / Nigericin","HP1BP3","Q5SSJ5","Q5SSJ5","HP1B3_HUMAN","Heterochromatin protein 1-binding protein 3","Q5SSJ5_K29_M2_17","GlyGly (K)",-0.281265415741765,0.684112232171792,0.627356476069008,4,"Not significant"
"Unstim / Nigericin","EHD1","Q9H4M9","Q9H4M9","EHD1_HUMAN","EH domain-containing protein 1","Q9H4M9_K13_M1_17","GlyGly (K)",0.735298795570664,0.684440810819565,0.628298863372041,6,"Not significant"
"Unstim / Nigericin","TMEM30A","Q9NV96","Q9NV96","CC50A_HUMAN","Cell cycle control protein 50A","Q9NV96_K155_M1_17","GlyGly (K)",0.370262481746025,0.684601007989326,0.628749938231672,6,"Not significant"
"Unstim / Nigericin","LRRFIP2","Q9Y608","Q9Y608","LRRF2_HUMAN","Leucine-rich repeat flightless-interacting protein 2","Q9Y608_K577_M1_17","GlyGly (K)",0.257934087097979,0.685525576692529,0.631631941382479,6,"Not significant"
"Unstim / Nigericin","LRRC8B","Q6P9F7","Q6P9F7","LRC8B_HUMAN","Volume-regulated anion channel subunit LRRC8B","Q6P9F7_K588_M1_17","GlyGly (K)",-0.106011716372728,0.685649644015478,0.632032107073904,6,"Not significant"
"Unstim / Nigericin","ACTC1","P68032","P68032","ACTC_HUMAN","Actin, alpha cardiac muscle 1","P68032_K70_M1_17","GlyGly (K)",0.296285962058889,0.689310953646215,0.64418210071857,6,"Not significant"
"Unstim / Nigericin","CBX3","Q13185","Q13185","CBX3_HUMAN","Chromobox protein homolog 3","Q13185_K34_M1_17","GlyGly (K)",1.14977280572693,0.69028462765972,0.647137472733482,6,"Not significant"
"Unstim / Nigericin","ACTB","Cont_P60712;P60709","Cont_P60712;P60709","ACTB_BOVIN;ACTB_HUMAN","Actin, cytoplasmic 1;Actin, cytoplasmic 1","Cont_P60712_K18_M1_17","GlyGly (K)",0.17900968888186,0.691077682014735,0.649525132708092,6,"Not significant"
"Unstim / Nigericin","ACTB","Cont_P60712;P60709","Cont_P60712;P60709","ACTB_BOVIN;ACTB_HUMAN","Actin, cytoplasmic 1;Actin, cytoplasmic 1","P60709_K18_M1_17","GlyGly (K)",0.17900968888186,0.691077682014735,0.649525132708092,6,"Not significant"
"Unstim / Nigericin","MTHFD1","P11586","P11586","C1TC_HUMAN","C-1-tetrahydrofolate synthase, cytoplasmic","P11586_K370_M1_17","GlyGly (K)",-0.341633990309298,0.69149652691136,0.65076185131563,6,"Not significant"
"Unstim / Nigericin","RAB14","P61106","P61106","RAB14_HUMAN","Ras-related protein Rab-14","P61106_K156_M2_17","GlyGly (K)",-0.705179157264122,0.691655302142924,0.651198382920293,6,"Not significant"
"Unstim / Nigericin","RAB14","P61106","P61106","RAB14_HUMAN","Ras-related protein Rab-14","P61106_K140_M2_17","GlyGly (K)",-0.705179157264122,0.691655302142924,0.651198382920293,6,"Not significant"
"Unstim / Nigericin","TOP1","P11387","P11387","TOP1_HUMAN","DNA topoisomerase 1","P11387_K252_M1_17","GlyGly (K)",-0.326506580078027,0.692571072093062,0.653996923754914,5,"Not significant"
"Unstim / Nigericin","VDAC1","P21796","P21796","VDAC1_HUMAN","Voltage-dependent anion-selective channel protein 1","P21796_K256_M1_17","GlyGly (K)",0.401215973612951,0.692780620849153,0.654617143650197,6,"Not significant"
"Unstim / Nigericin","ACTC1","P68032","P68032","ACTC_HUMAN","Actin, alpha cardiac muscle 1","P68032_K293_M1_17","GlyGly (K)",1.01514466809776,0.69443333764199,0.659445862305327,6,"Not significant"
"Unstim / Nigericin","DHRS9","Q9BPW9","Q9BPW9","DHRS9_HUMAN","Dehydrogenase/reductase SDR family member 9","Q9BPW9_K180_M1_17","GlyGly (K)",0.665648226944358,0.695512202186564,0.66314992693846,6,"Not significant"
"Unstim / Nigericin","CANX","P27824","P27824","CALX_HUMAN","Calnexin","P27824_K398_M1_17","GlyGly (K)",-0.560001679386471,0.696068014809141,0.664887902002035,6,"Not significant"
"Unstim / Nigericin","RPS6","P62753","P62753","RS6_HUMAN","Small ribosomal subunit protein eS6","P62753_K119_M1_17","GlyGly (K)",0.157487489632307,0.696512264912048,0.666480676244937,6,"Not significant"
"Unstim / Nigericin","HNRNPA3","P51991","P51991","ROA3_HUMAN","Heterogeneous nuclear ribonucleoprotein A3","P51991_K151_M2_17","GlyGly (K)",0.435989847810621,0.699447828389704,0.676150243919067,6,"Not significant"
"Unstim / Nigericin","HNRNPA3","P51991","P51991","ROA3_HUMAN","Heterogeneous nuclear ribonucleoprotein A3","P51991_K148_M2_17","GlyGly (K)",0.435989847810621,0.699447828389704,0.676150243919067,6,"Not significant"
"Unstim / Nigericin","TCP1","P17987","P17987","TCPA_HUMAN","T-complex protein 1 subunit alpha","P17987_K43_M1_17","GlyGly (K)",0.174274399100558,0.699875417970789,0.677521671325205,6,"Not significant"
"Unstim / Nigericin","MDH2","P40926","P40926","MDHM_HUMAN","Malate dehydrogenase, mitochondrial","P40926_K239_M2_17","GlyGly (K)",-0.255394089425701,0.701195448409518,0.68185009601358,5,"Not significant"
"Unstim / Nigericin","HNRNPD","Q14103","Q14103","HNRPD_HUMAN","Heterogeneous nuclear ribonucleoprotein D0","Q14103_K218_M1_17","GlyGly (K)",0.779183046516882,0.703391183972483,0.689145749255462,6,"Not significant"
"Unstim / Nigericin","COPG1","Q9Y678","Q9Y678","COPG1_HUMAN","Coatomer subunit gamma-1","Q9Y678_K497_M1_17","GlyGly (K)",0.280079590393498,0.704051464111458,0.691003892554446,6,"Not significant"
"Unstim / Nigericin","EEF1D","P29692","P29692","EF1D_HUMAN","Elongation factor 1-delta","P29692_K59_M1_17","GlyGly (K)",-0.0913394213719094,0.704999171935291,0.694132153560253,6,"Not significant"
"Unstim / Nigericin","ACSL1","P33121","P33121","ACSL1_HUMAN","Long-chain-fatty-acid--CoA ligase 1","P33121_K386_M1_17","GlyGly (K)",-0.595532015546952,0.7055820671677,0.696090643483126,6,"Not significant"
"Unstim / Nigericin","LSM7","Q9UK45","Q9UK45","LSM7_HUMAN","U6 snRNA-associated Sm-like protein LSm7","Q9UK45_K8_M2_17","GlyGly (K)",-0.254840696323591,0.707388612385013,0.701490789002978,5,"Not significant"
"Unstim / Nigericin","ACTB","Cont_P60712;P60709","Cont_P60712;P60709","ACTB_BOVIN;ACTB_HUMAN","Actin, cytoplasmic 1;Actin, cytoplasmic 1","Cont_P60712_K284_M1_17","GlyGly (K)",0.119522683561008,0.708532804907279,0.705479420556544,6,"Not significant"
"Unstim / Nigericin","ACTB","Cont_P60712;P60709","Cont_P60712;P60709","ACTB_BOVIN;ACTB_HUMAN","Actin, cytoplasmic 1;Actin, cytoplasmic 1","P60709_K284_M1_17","GlyGly (K)",0.119522683561008,0.708532804907279,0.705479420556544,6,"Not significant"
"Unstim / Nigericin","GPI","P06744","P06744","G6PI_HUMAN","Glucose-6-phosphate isomerase","P06744_K194_M1_17","GlyGly (K)",-0.305264649393647,0.709909949374952,0.710146790486656,6,"Not significant"
"Unstim / Nigericin","SLC25A5","P05141","P05141","ADT2_HUMAN","ADP/ATP translocase 2","P05141_K10_M1_17","GlyGly (K)",0.198761513189863,0.710158342542647,0.710930256158053,6,"Not significant"
"Unstim / Nigericin","HM13","Q8TCT9","Q8TCT9","HM13_HUMAN","Minor histocompatibility antigen H13","Q8TCT9_K61_M1_17","GlyGly (K)",0.435379250698001,0.710656108784789,0.712369275571745,6,"Not significant"
"Unstim / Nigericin","CTTNBP2NL","Q9P2B4","Q9P2B4","CT2NL_HUMAN","CTTNBP2 N-terminal-like protein","Q9P2B4_K8_M1_17","GlyGly (K)",0.827114000764336,0.712063110802305,0.717272436138454,6,"Not significant"
"Unstim / Nigericin","HYOU1","Q9Y4L1","Q9Y4L1","HYOU1_HUMAN","Hypoxia up-regulated protein 1","Q9Y4L1_K463_M1_17","GlyGly (K)",-0.411584386242127,0.71298280832371,0.720343389237445,6,"Not significant"
"Unstim / Nigericin","SUMF1","Q8NBK3","Q8NBK3","SUMF1_HUMAN","Formylglycine-generating enzyme","Q8NBK3_K109_M1_17","GlyGly (K)",0.531467632216585,0.714615218557949,0.725728242298434,6,"Not significant"
"Unstim / Nigericin","RALA","P11233","P11233","RALA_HUMAN","Ras-related protein Ral-A","P11233_K128_M1_17","GlyGly (K)",-0.901479967698857,0.715047247012386,0.727070747571003,4,"Not significant"
"Unstim / Nigericin","ITGAM","P11215","P11215","ITAM_HUMAN","Integrin alpha-M","P11215_K912_M1_17","GlyGly (K)",-0.109399308081792,0.717847481217517,0.736216455473951,6,"Not significant"
"Unstim / Nigericin","RAB3GAP1","Q15042","Q15042","RB3GP_HUMAN","Rab3 GTPase-activating protein catalytic subunit","Q15042_K744_M1_17","GlyGly (K)",-0.714300254410076,0.71996974856496,0.743163070874607,5,"Not significant"
"Unstim / Nigericin","ACTC1","P68032","P68032","ACTC_HUMAN","Actin, alpha cardiac muscle 1","P68032_K217_M2_17","GlyGly (K)",-0.149325193724242,0.719998666466131,0.743283240782384,6,"Not significant"
"Unstim / Nigericin","ACTC1","P68032","P68032","ACTC_HUMAN","Actin, alpha cardiac muscle 1","P68032_K215_M2_17","GlyGly (K)",-0.149325193724242,0.719998666466131,0.743283240782384,6,"Not significant"
"Unstim / Nigericin","AHNAK","Q09666","Q09666","AHNK_HUMAN","Neuroblast differentiation-associated protein AHNAK","Q09666_K171_M1_17","GlyGly (K)",0.0751109040030716,0.720762448752148,0.745767145058472,6,"Not significant"
"Unstim / Nigericin","P4HB","P07237","P07237","PDIA1_HUMAN","Protein disulfide-isomerase","P07237_K415_M2_17","GlyGly (K)",0.117359304979598,0.721496186817498,0.748353340313342,6,"Not significant"
"Unstim / Nigericin","PPIB","P23284","P23284","PPIB_HUMAN","Peptidyl-prolyl cis-trans isomerase B","P23284_K84_M1_17","GlyGly (K)",-0.363999341318211,0.723796752050268,0.756528902710763,6,"Not significant"
"Unstim / Nigericin","UGGT1","Q9NYU2","Q9NYU2","UGGG1_HUMAN","UDP-glucose:glycoprotein glucosyltransferase 1","Q9NYU2_K319_M1_17","GlyGly (K)",0.260095473893913,0.724496468782718,0.758928976589445,6,"Not significant"
"Unstim / Nigericin","ALB","Cont_P02769","Cont_P02769","ALBU_BOVIN","Albumin","Cont_P02769_K580_M1_17","GlyGly (K)",0.208766479314165,0.725476158726767,0.76245711149174,6,"Not significant"
"Unstim / Nigericin","HSPA1L","P34931","P34931","HS71L_HUMAN","Heat shock 70 kDa protein 1-like","P34931_K332_M1_17","GlyGly (K)",-0.142039010038864,0.727468298460519,0.769152123027386,6,"Not significant"
"Unstim / Nigericin","HSPA5","P11021","P11021","BIP_HUMAN","Endoplasmic reticulum chaperone BiP","P11021_K185_M1_17","GlyGly (K)",-0.489063460085091,0.72898317749617,0.774696628807001,6,"Not significant"
"Unstim / Nigericin","OSBPL8","Q9BZF1","Q9BZF1","OSBL8_HUMAN","Oxysterol-binding protein-related protein 8","Q9BZF1_K482_M1_17","GlyGly (K)",-0.346289752676693,0.729104252073542,0.775054743847168,6,"Not significant"
"Unstim / Nigericin","EIF5B","O60841","O60841","IF2P_HUMAN","Eukaryotic translation initiation factor 5B","O60841_K644_M1_17","GlyGly (K)",0.134417403823522,0.729487953231455,0.776311717738169,6,"Not significant"
"Unstim / Nigericin","RPS14","P62263","P62263","RS14_HUMAN","Small ribosomal subunit protein uS11","P62263_K125_M1_17","GlyGly (K)",0.242562550522947,0.730213516431111,0.778945318497356,6,"Not significant"
"Unstim / Nigericin","PARP14","Q460N5","Q460N5","PAR14_HUMAN","Protein mono-ADP-ribosyltransferase PARP14","Q460N5_K1027_M2_17","GlyGly (K)",0.246746564880963,0.731029271580056,0.782009541682476,4,"Not significant"
"Unstim / Nigericin","POTEKP","Q9BYX7","Q9BYX7","ACTBM_HUMAN","Putative beta-actin-like protein 3","Q9BYX7_K68_M1_17","GlyGly (K)",-0.267613970494517,0.731274246188178,0.782976668886279,6,"Not significant"
"Unstim / Nigericin","ATP2A2","P16615","P16615","AT2A2_HUMAN","Sarcoplasmic/endoplasmic reticulum calcium ATPase 2","P16615_K352_M1_17","GlyGly (K)",-0.564984404251862,0.731608383706343,0.784037254684546,6,"Not significant"
"Unstim / Nigericin","MDH2","P40926","P40926","MDHM_HUMAN","Malate dehydrogenase, mitochondrial","P40926_K91_M1_17","GlyGly (K)",-0.237623463882465,0.731831732660988,0.784862805654126,6,"Not significant"
"Unstim / Nigericin","LMNA","P02545","P02545","LMNA_HUMAN","Prelamin-A/C","P02545_K597_M1_17","GlyGly (K)",-0.0313408954328824,0.732205165487783,0.786209850305538,6,"Not significant"
"Unstim / Nigericin","CHMP4B","Q9H444","Q9H444","CHM4B_HUMAN","Charged multivesicular body protein 4b","Q9H444_K77_M1_17","GlyGly (K)",0.351810217112871,0.732653192521366,0.788049531616254,6,"Not significant"
"Unstim / Nigericin","ACTB","Cont_P60712;P60709","Cont_P60712;P60709","ACTB_BOVIN;ACTB_HUMAN","Actin, cytoplasmic 1;Actin, cytoplasmic 1","Cont_P60712_K50_M1_17","GlyGly (K)",-0.240222252608886,0.732812611355992,0.788599360612043,6,"Not significant"
"Unstim / Nigericin","ACTB","Cont_P60712;P60709","Cont_P60712;P60709","ACTB_BOVIN;ACTB_HUMAN","Actin, cytoplasmic 1;Actin, cytoplasmic 1","P60709_K50_M1_17","GlyGly (K)",-0.240222252608886,0.732812611355992,0.788599360612043,6,"Not significant"
"Unstim / Nigericin","TMSB4X","P62328","P62328","TYB4_HUMAN","Thymosin beta-4","P62328_K15_M1_17","GlyGly (K)",0.595752149424931,0.73335690244836,0.790756992700845,6,"Not significant"
"Unstim / Nigericin","RNASE2","P10153","P10153","RNAS2_HUMAN","Non-secretory ribonuclease","P10153_K93_M1_17","GlyGly (K)",0.516521178870797,0.733886556456729,0.792536507860517,6,"Not significant"
"Unstim / Nigericin","TFRC","P02786","P02786","TFR1_HUMAN","Transferrin receptor protein 1","P02786_K134_M1_17","GlyGly (K)",-0.558941058446858,0.734772374751285,0.795689188677373,6,"Not significant"
"Unstim / Nigericin","HSPA9","P38646","P38646","GRP75_HUMAN","Stress-70 protein, mitochondrial","P38646_K498_M1_17","GlyGly (K)",0.0642002178016231,0.735087589504789,0.796601242607384,6,"Not significant"
"Unstim / Nigericin","RAB44","Q7Z6P3","Q7Z6P3","RAB44_HUMAN","Ras-related protein Rab-44","Q7Z6P3_K880_M1_17","GlyGly (K)",-0.100023675685155,0.736138699021954,0.800253961105184,6,"Not significant"
"Unstim / Nigericin","RAB14","P61106","P61106","RAB14_HUMAN","Ras-related protein Rab-14","P61106_K61_M2_17","GlyGly (K)",-0.0789391478977163,0.736791050140313,0.802358071702264,6,"Not significant"
"Unstim / Nigericin","RAB14","P61106","P61106","RAB14_HUMAN","Ras-related protein Rab-14","P61106_K59_M2_17","GlyGly (K)",-0.0789391478977163,0.736791050140313,0.802358071702264,6,"Not significant"
"Unstim / Nigericin","GLUD1","P00367","P00367","DHE3_HUMAN","Glutamate dehydrogenase 1, mitochondrial","P00367_K171_M1_17","GlyGly (K)",0.563870063397671,0.736998674772878,0.803089863274041,6,"Not significant"
"Unstim / Nigericin","RPLP2","P05387","P05387","RLA2_HUMAN","Large ribosomal subunit protein P2","P05387_K94_M1_17","GlyGly (K)",-0.559882916742503,0.737050686867769,0.80340456176504,6,"Not significant"
"Unstim / Nigericin","ARPC4","P59998","P59998","ARPC4_HUMAN","Actin-related protein 2/3 complex subunit 4","P59998_K44_M1_17","GlyGly (K)",0.294962107504784,0.737659999534721,0.805668414160094,6,"Not significant"
"Unstim / Nigericin","C6orf47","O95873","O95873","CF047_HUMAN","Uncharacterized protein C6orf47","O95873_K147_M1_17","GlyGly (K)",-0.358739721889276,0.737868424941247,0.806522318113787,6,"Not significant"
"Unstim / Nigericin","XRN2","Q9H0D6","Q9H0D6","XRN2_HUMAN","5'-3' exoribonuclease 2","Q9H0D6_K533_M1_17","GlyGly (K)",0.411742147111788,0.738316233524063,0.808142808135498,5,"Not significant"
"Unstim / Nigericin","SF3B2","Q13435","Q13435","SF3B2_HUMAN","Splicing factor 3B subunit 2","Q13435_K770_M1_17","GlyGly (K)",0.514031068629155,0.739151598030393,0.811060119396252,6,"Not significant"
"Unstim / Nigericin","CD2AP","Q9Y5K6","Q9Y5K6","CD2AP_HUMAN","CD2-associated protein","Q9Y5K6_K557_M1_17","GlyGly (K)",0.447550331422212,0.740369642062642,0.815681029016244,6,"Not significant"
"Unstim / Nigericin","MYO18A","Q92614","Q92614","MY18A_HUMAN","Unconventional myosin-XVIIIa","Q92614_K1662_M1_17","GlyGly (K)",0.410598457981528,0.741427608041545,0.819633388984651,6,"Not significant"
"Unstim / Nigericin","CADM1","Q9BY67","Q9BY67","CADM1_HUMAN","Cell adhesion molecule 1","Q9BY67_K108_M1_17","GlyGly (K)",0.498306920244604,0.741706287972089,0.820633843102265,6,"Not significant"
"Unstim / Nigericin","GOLGA2","Q08379","Q08379","GOGA2_HUMAN","Golgin subfamily A member 2","Q08379_K280_M1_17","GlyGly (K)",-0.139901043458421,0.74190352569196,0.821282793298528,6,"Not significant"
"Unstim / Nigericin","SRP19","P09132","P09132","SRP19_HUMAN","Signal recognition particle 19 kDa protein","P09132_K39_M1_17","GlyGly (K)",0.104602925617101,0.744593555951636,0.831364024279841,6,"Not significant"
"Unstim / Nigericin","SUMO2","P61956","P61956","SUMO2_HUMAN","Small ubiquitin-related modifier 2","P61956_K11_M1_17","GlyGly (K)",0.123764190354358,0.746047165422988,0.837136201951621,6,"Not significant"
"Unstim / Nigericin","HSPA2","P54652","P54652","HSP72_HUMAN","Heat shock-related 70 kDa protein 2","P54652_K109_M2_17","GlyGly (K)",-0.372412194316133,0.746319636077344,0.838321646425665,6,"Not significant"
"Unstim / Nigericin","UQCRC1","P31930","P31930","QCR1_HUMAN","Cytochrome b-c1 complex subunit 1, mitochondrial","P31930_K447_M1_17","GlyGly (K)",0.31301909037271,0.747646024558758,0.843050188857423,6,"Not significant"
"Unstim / Nigericin","DEF6","Q9H4E7","Q9H4E7","DEFI6_HUMAN","Differentially expressed in FDCP 6 homolog","Q9H4E7_K254_M1_17","GlyGly (K)",-0.268581077932966,0.747886964317494,0.844112222209337,6,"Not significant"
"Unstim / Nigericin","CAP2","P40123","P40123","CAP2_HUMAN","Adenylyl cyclase-associated protein 2","P40123_K320_M2_17","GlyGly (K)",0.377704042489729,0.749656606813479,0.850556980561773,4,"Not significant"
"Unstim / Nigericin","CAP1","Q01518","Q01518","CAP1_HUMAN","Adenylyl cyclase-associated protein 1","Q01518_K155_M1_17","GlyGly (K)",-0.344485517355241,0.750239789246846,0.852904223022207,6,"Not significant"
"Unstim / Nigericin","RPL13","P26373","P26373","RL13_HUMAN","Large ribosomal subunit protein eL13","P26373_K145_M1_17","GlyGly (K)",-0.0772429989324604,0.754501293395102,0.869476078749752,6,"Not significant"
"Unstim / Nigericin","HELZ2","Q9BYK8","Q9BYK8","HELZ2_HUMAN","Helicase with zinc finger domain 2","Q9BYK8_K2077_M1_17","GlyGly (K)",-0.349819337304101,0.754996525266614,0.871405162512508,6,"Not significant"
"Unstim / Nigericin","RAB1A","P62820","P62820","RAB1A_HUMAN","Ras-related protein Rab-1A","P62820_K156_M1_17","GlyGly (K)",0.128401056776537,0.755010782257979,0.871523358812769,6,"Not significant"
"Unstim / Nigericin","VMA21","Q3ZAQ7","Q3ZAQ7","VMA21_HUMAN","Vacuolar ATPase assembly integral membrane protein VMA21","Q3ZAQ7_K6_M1_17","GlyGly (K)",-0.167241955632298,0.755791405885028,0.87470307665557,6,"Not significant"
"Unstim / Nigericin","EEF1A1","Cont_P68103;P68104","Cont_P68103;P68104","EF1A1_BOVIN;EF1A1_HUMAN","Elongation factor 1-alpha 1","Cont_P68103_K100_M1_17","GlyGly (K)",-0.0739021965574818,0.755829541719373,0.874875036033947,6,"Not significant"
"Unstim / Nigericin","EEF1A1","Cont_P68103;P68104","Cont_P68103;P68104","EF1A1_BOVIN;EF1A1_HUMAN","Elongation factor 1-alpha 1","P68104_K100_M1_17","GlyGly (K)",-0.0739021965574818,0.755829541719373,0.874875036033947,6,"Not significant"
"Unstim / Nigericin","MSN","P26038","P26038","MOES_HUMAN","Moesin","P26038_K438_M2_17","GlyGly (K)",-0.164296769318603,0.757145788021066,0.879622148574836,6,"Not significant"
"Unstim / Nigericin","MSN","P26038","P26038","MOES_HUMAN","Moesin","P26038_K437_M2_17","GlyGly (K)",-0.164296769318603,0.757145788021066,0.879622148574836,6,"Not significant"
"Unstim / Nigericin","DNAJB11","Q9UBS4","Q9UBS4","DJB11_HUMAN","DnaJ homolog subfamily B member 11","Q9UBS4_K328_M1_17","GlyGly (K)",0.0657371940346946,0.758472554808419,0.884700469261355,6,"Not significant"
"Unstim / Nigericin","HSPA13","P48723","P48723","HSP13_HUMAN","Heat shock 70 kDa protein 13","P48723_K396_M1_17","GlyGly (K)",0.0869646404562532,0.758637995630676,0.885244323422466,6,"Not significant"
"Unstim / Nigericin","UQCRB","P14927","P14927","QCR7_HUMAN","Cytochrome b-c1 complex subunit 7","P14927_K45_M1_17","GlyGly (K)",0.281920280321255,0.759713941267629,0.889728729283726,6,"Not significant"
"Unstim / Nigericin","HSPA4","P34932","P34932","HSP74_HUMAN","Heat shock 70 kDa protein 4","P34932_K219_M2_17","GlyGly (K)",0.121894278379826,0.759779759975349,0.889944015774631,5,"Not significant"
"Unstim / Nigericin","HLA-F","P30511","P30511","HLAF_HUMAN","HLA class I histocompatibility antigen, alpha chain F","P30511_K142_M1_17","GlyGly (K)",-0.21216665902018,0.759816581959653,0.890180220035409,6,"Not significant"
"Unstim / Nigericin","DNAJC13","O75165","O75165","DJC13_HUMAN","DnaJ homolog subfamily C member 13","O75165_K599_M1_17","GlyGly (K)",-0.258307846309059,0.760559494953825,0.893366313578832,6,"Not significant"
"Unstim / Nigericin","ACADM","P11310","P11310","ACADM_HUMAN","Medium-chain specific acyl-CoA dehydrogenase, mitochondrial","P11310_K217_M1_17","GlyGly (K)",0.053048989310777,0.761055948275125,0.895476739350817,6,"Not significant"
"Unstim / Nigericin","HSPA2","P54652","P54652","HSP72_HUMAN","Heat shock-related 70 kDa protein 2","P54652_K113_M2_17","GlyGly (K)",0.211444308188941,0.761371636311438,0.896797431743013,5,"Not significant"
"Unstim / Nigericin","SSBP1","Q04837","Q04837","SSBP_HUMAN","Single-stranded DNA-binding protein, mitochondrial","Q04837_K122_M1_17","GlyGly (K)",-0.10046694433825,0.761831400220424,0.898559644496522,4,"Not significant"
"Unstim / Nigericin","TPI1","P60174","P60174","TPIS_HUMAN","Triosephosphate isomerase","P60174_K85_M1_17","GlyGly (K)",0.0567323048124254,0.762697516450365,0.902078077031331,6,"Not significant"
"Unstim / Nigericin","MOV10","Q9HCE1","Q9HCE1","MOV10_HUMAN","Helicase MOV-10","Q9HCE1_K952_M1_17","GlyGly (K)",0.0421993031827652,0.763531599134772,0.905719374891913,6,"Not significant"
"Unstim / Nigericin","MATR3","P43243","P43243","MATR3_HUMAN","Matrin-3","P43243_K132_M1_17","GlyGly (K)",-0.127683925759379,0.76556273105403,0.913495789974308,6,"Not significant"
"Unstim / Nigericin","SQOR","Q9Y6N5","Q9Y6N5","SQOR_HUMAN","Sulfide:quinone oxidoreductase, mitochondrial","Q9Y6N5_K280_M1_17","GlyGly (K)",-0.0530928237066673,0.765708746696886,0.913995640593497,6,"Not significant"
"Unstim / Nigericin","SUMO3","P55854","P55854","SUMO3_HUMAN","Small ubiquitin-related modifier 3","P55854_K20_M1_17","GlyGly (K)",0.19979136427511,0.765960850034977,0.915230221316244,6,"Not significant"
"Unstim / Nigericin","ITGB1","P05556","P05556","ITB1_HUMAN","Integrin beta-1","P05556_K190_M1_17","GlyGly (K)",0.229181816177202,0.766257962102996,0.916410617002646,6,"Not significant"
"Unstim / Nigericin","AHNAK","Q09666","Q09666","AHNK_HUMAN","Neuroblast differentiation-associated protein AHNAK","Q09666_K696_M1_17","GlyGly (K)",-0.0181288192648246,0.766968779241959,0.919297698587008,5,"Not significant"
"Unstim / Nigericin","H2AC4;H2AC25","P04908;Q7L7L0","P04908;Q7L7L0","H2A1B_HUMAN;H2A3_HUMAN","Histone H2A type 1-B/E;Histone H2A type 3","P04908_K96_M1_17","GlyGly (K)",0.113805404496409,0.770356301373936,0.93354855501393,6,"Not significant"
"Unstim / Nigericin","H2AC4;H2AC25","P04908;Q7L7L0","P04908;Q7L7L0","H2A1B_HUMAN;H2A3_HUMAN","Histone H2A type 1-B/E;Histone H2A type 3","Q7L7L0_K96_M1_17","GlyGly (K)",0.113805404496409,0.770356301373936,0.93354855501393,6,"Not significant"
"Unstim / Nigericin","MACROH2A1","O75367","O75367","H2AY_HUMAN","Core histone macro-H2A.1","O75367_K236_M2_17","GlyGly (K)",-0.0247585364918933,0.770917146632892,0.936287229255834,6,"Not significant"
"Unstim / Nigericin","MACROH2A1","O75367","O75367","H2AY_HUMAN","Core histone macro-H2A.1","O75367_K233_M2_17","GlyGly (K)",-0.0247585364918933,0.770917146632892,0.936287229255834,6,"Not significant"
"Unstim / Nigericin","POTEF","A5A3E0","A5A3E0","POTEF_HUMAN","POTE ankyrin domain family member F","A5A3E0_K938_M1_17","GlyGly (K)",0.142849874195262,0.771038876782647,0.936934029179852,6,"Not significant"
"Unstim / Nigericin","IMMT","Q16891","Q16891","MIC60_HUMAN","MICOS complex subunit MIC60","Q16891_K110_M1_17","GlyGly (K)",0.164680042839465,0.771668894443945,0.939275219816337,6,"Not significant"
"Unstim / Nigericin","UGGT1","Q9NYU2","Q9NYU2","UGGG1_HUMAN","UDP-glucose:glycoprotein glucosyltransferase 1","Q9NYU2_K930_M1_17","GlyGly (K)",-0.0352680866202988,0.773065471910251,0.945070588008293,6,"Not significant"
"Unstim / Nigericin","AHNAK","Q09666","Q09666","AHNK_HUMAN","Neuroblast differentiation-associated protein AHNAK","Q09666_K1408_M2_17","GlyGly (K)",0.055852580952905,0.77329990640806,0.946142219061802,4,"Not significant"
"Unstim / Nigericin","PRKDC","P78527","P78527","PRKDC_HUMAN","DNA-dependent protein kinase catalytic subunit","P78527_K1422_M1_17","GlyGly (K)",-0.0648238542377109,0.77374580933633,0.9480956108398,6,"Not significant"
"Unstim / Nigericin","HADHA","P40939","P40939","ECHA_HUMAN","Trifunctional enzyme subunit alpha, mitochondrial","P40939_K267_M1_17","GlyGly (K)",0.0320565974366854,0.774928570231633,0.953172459352424,6,"Not significant"
"Unstim / Nigericin","TMPO","P42166","P42166","LAP2A_HUMAN","Lamina-associated polypeptide 2, isoform alpha","P42166_K15_M1_17","GlyGly (K)",-0.0919686976625225,0.775017005162822,0.953528596832556,6,"Not significant"
"Unstim / Nigericin","CANX","P27824","P27824","CALX_HUMAN","Calnexin","P27824_K571_M2_17","GlyGly (K)",-0.00257674443665169,0.775481940597921,0.955212565114179,6,"Not significant"
"Unstim / Nigericin","HMGB1","P09429","P09429","HMGB1_HUMAN","High mobility group protein B1","P09429_K141_M1_17","GlyGly (K)",-0.0457374874568784,0.775836749299054,0.956962556121471,5,"Not significant"
"Unstim / Nigericin","PRSS1","Cont_P00760","Cont_P00760","TRY1_BOVIN","Serine protease 1","Cont_P00760_K114_M1_17","GlyGly (K)",0.0867125721250562,0.776600554521045,0.960622020113302,6,"Not significant"
"Unstim / Nigericin","HSPE1","P61604","P61604","CH10_HUMAN","10 kDa heat shock protein, mitochondrial","P61604_K80_M1_17","GlyGly (K)",-0.103541407483888,0.776885197109641,0.961989741255556,6,"Not significant"
"Unstim / Nigericin","ACTB","Cont_P60712;P60709","Cont_P60712;P60709","ACTB_BOVIN;ACTB_HUMAN","Actin, cytoplasmic 1;Actin, cytoplasmic 1","Cont_P60712_K215_M1_17","GlyGly (K)",-0.0606477666958213,0.77759611354032,0.96471158173712,6,"Not significant"
"Unstim / Nigericin","ACTB","Cont_P60712;P60709","Cont_P60712;P60709","ACTB_BOVIN;ACTB_HUMAN","Actin, cytoplasmic 1;Actin, cytoplasmic 1","P60709_K215_M1_17","GlyGly (K)",-0.0606477666958213,0.77759611354032,0.96471158173712,6,"Not significant"
"Unstim / Nigericin","PML","P29590","P29590","PML_HUMAN","Protein PML","P29590_K209_M1_17","GlyGly (K)",-0.023624633108976,0.778269872386866,0.967658151779008,6,"Not significant"
"Unstim / Nigericin","HSP90AA1","P07900","P07900","HS90A_HUMAN","Heat shock protein HSP 90-alpha","P07900_K443_M1_17","GlyGly (K)",-0.0298266742533925,0.779306631057042,0.972135413839694,6,"Not significant"
"Unstim / Nigericin","ANXA6","P08133","P08133","ANXA6_HUMAN","Annexin A6","P08133_K483_M2_17","GlyGly (K)",-0.0559032573566975,0.779599778332408,0.973308937045414,6,"Not significant"
"Unstim / Nigericin","PSMC2","P35998","P35998","PRS7_HUMAN","26S proteasome regulatory subunit 7","P35998_K66_M1_17","GlyGly (K)",0.0359186096829055,0.779599778332408,0.973299132195413,6,"Not significant"
"Unstim / Nigericin","RPL21","P46778","P46778","RL21_HUMAN","Large ribosomal subunit protein eL21","P46778_K122_M1_17","GlyGly (K)",0.0132996807767839,0.779732954077376,0.97395371708489,6,"Not significant"
"Unstim / Nigericin","FASN","P49327","P49327","FAS_HUMAN","Fatty acid synthase","P49327_K787_M1_17","GlyGly (K)",-0.0556375473630988,0.78041113544658,0.977043021696396,6,"Not significant"
"Unstim / Nigericin","H2BC21","Q16778","Q16778","H2B2E_HUMAN","Histone H2B type 2-E","Q16778_K58_M1_17","GlyGly (K)",-0.0362637358015097,0.780852929054688,0.978920357781093,6,"Not significant"
"Unstim / Nigericin","HSPA9","P38646","P38646","GRP75_HUMAN","Stress-70 protein, mitochondrial","P38646_K76_M1_17","GlyGly (K)",0.0127516213166196,0.781069649748471,0.979762448119233,6,"Not significant"
"Unstim / Nigericin","ARL8B","Q9NVJ2","Q9NVJ2","ARL8B_HUMAN","ADP-ribosylation factor-like protein 8B","Q9NVJ2_K117_M1_17","GlyGly (K)",0.0187265913745556,0.781278660243393,0.980685911565318,6,"Not significant"
"Unstim / Nigericin","HSPD1","P10809","P10809","CH60_HUMAN","60 kDa heat shock protein, mitochondrial","P10809_K180_M1_17","GlyGly (K)",-0.00694658540516309,0.781835094293801,0.982999223758306,6,"Not significant"
"Unstim / Nigericin","LMNB1","P20700","P20700","LMNB1_HUMAN","Lamin-B1","P20700_K332_M1_17","GlyGly (K)",-0.0434335736087112,0.782227981706187,0.98471548336086,4,"Not significant"
