"Comparison (group1/group2)","Genes","UniProtIds","ProteinGroups","ProteinNames","ProteinDescriptions","Group","PTM.ModificationTitle","AVG Log2 Ratio","Qvalue","Pvalue","# of Ratios","Significance"
"Unstim / LPS","XRCC5","P13010","P13010","XRCC5_HUMAN","X-ray repair cross-complementing protein 5","P13010_K291_M1_17","GlyGly (K)",2.92864524228674,0.424836415925893,0.00432474539700954,5,"Not significant"
"Unstim / LPS","GPX1","P07203","P07203","GPX1_HUMAN","Glutathione peroxidase 1","P07203_K88_M1_17","GlyGly (K)",-0.420849246000422,0.441273801197187,0.00682833683129978,6,"Not significant"
"Unstim / LPS","EEF1A1","Cont_P68103;P68104","Cont_P68103;P68104","EF1A1_BOVIN;EF1A1_HUMAN","Elongation factor 1-alpha 1","Cont_P68103_K408_M1_17","GlyGly (K)",2.53921458896641,0.464287690520274,0.0128898410352063,6,"Not significant"
"Unstim / LPS","EEF1A1","Cont_P68103;P68104","Cont_P68103;P68104","EF1A1_BOVIN;EF1A1_HUMAN","Elongation factor 1-alpha 1","P68104_K408_M1_17","GlyGly (K)",2.53921458896641,0.464287690520274,0.0128898410352063,6,"Not significant"
"Unstim / LPS","GPI","P06744","P06744","G6PI_HUMAN","Glucose-6-phosphate isomerase","P06744_K211_M1_17","GlyGly (K)",8.72252315726995,0.48020992902664,0.0202100768643118,6,"Not significant"
"Unstim / LPS","VDAC1","P21796","P21796","VDAC1_HUMAN","Voltage-dependent anion-selective channel protein 1","P21796_K256_M1_17","GlyGly (K)",2.73639141503629,0.481621325180682,0.0208025594675215,6,"Not significant"
"Unstim / LPS","PKM","P14618","P14618","KPYM_HUMAN","Pyruvate kinase PKM","P14618_K151_M1_17","GlyGly (K)",7.79235512395475,0.50870732837914,0.035560957489341,6,"Not significant"
"Unstim / LPS","ZNF326","Q5BKZ1","Q5BKZ1","ZN326_HUMAN","DBIRD complex subunit ZNF326","Q5BKZ1_K442_M1_17","GlyGly (K)",-7.96962568767243,0.512047432077964,0.0383629216459263,6,"Not significant"
"Unstim / LPS","RNH1","P13489","P13489","RINI_HUMAN","Ribonuclease inhibitor","P13489_K287_M1_17","GlyGly (K)",0.521114998419684,0.513682732713839,0.0394840293531143,6,"Not significant"
"Unstim / LPS","WDR5","P61964","P61964","WDR5_HUMAN","WD repeat-containing protein 5","P61964_K165_M1_17","GlyGly (K)",0.630996148443241,0.514429658721987,0.0403955370782017,6,"Not significant"
"Unstim / LPS","RAVER1","Q8IY67","Q8IY67","RAVR1_HUMAN","Ribonucleoprotein PTB-binding 1","Q8IY67_K434_M1_17","GlyGly (K)",2.57181806260347,0.522374256284084,0.0461570224817472,6,"Not significant"
"Unstim / LPS","RPL10L","Q96L21","Q96L21","RL10L_HUMAN","Ribosomal protein uL16-like","Q96L21_K187_M1_17","GlyGly (K)",5.5721695293294,0.52329240601817,0.0468522481902609,6,"Not significant"
"Unstim / LPS","IFIT3","O14879","O14879","IFIT3_HUMAN","Interferon-induced protein with tetratricopeptide repeats 3","O14879_K373_M1_17","GlyGly (K)",-1.04890213519991,0.52671039042448,0.0499557136905715,5,"Not significant"
"Unstim / LPS","POLR3E","Q9NVU0","Q9NVU0","RPC5_HUMAN","DNA-directed RNA polymerase III subunit RPC5","Q9NVU0_K410_M1_17","GlyGly (K)",-2.23457455023774,0.52671039042448,0.0499723513552196,6,"Not significant"
"Unstim / LPS","RTN4","Q9NQC3","Q9NQC3","RTN4_HUMAN","Reticulon-4","Q9NQC3_K58_M1_17","GlyGly (K)",-8.11235905651444,0.530844131216744,0.0537994629183246,6,"Not significant"
"Unstim / LPS","PIPSL","A2A3N6","A2A3N6","PIPSL_HUMAN","Putative PIP5K1A and PSMD4-like protein","A2A3N6_K637_M1_17","GlyGly (K)",0.368466157342278,0.53308520111682,0.05691637435893,5,"Not significant"
"Unstim / LPS","DOCK8","Q8NF50","Q8NF50","DOCK8_HUMAN","Dedicator of cytokinesis protein 8","Q8NF50_K224_M1_17","GlyGly (K)",0.889178883692925,0.539841391073839,0.0634988314332624,6,"Not significant"
"Unstim / LPS","ACTB","Cont_P60712;P60709","Cont_P60712;P60709","ACTB_BOVIN;ACTB_HUMAN","Actin, cytoplasmic 1;Actin, cytoplasmic 1","Cont_P60712_K315_M1_17","GlyGly (K)",2.06226556476664,0.540818940716006,0.0643170449492922,6,"Not significant"
"Unstim / LPS","ACTB","Cont_P60712;P60709","Cont_P60712;P60709","ACTB_BOVIN;ACTB_HUMAN","Actin, cytoplasmic 1;Actin, cytoplasmic 1","P60709_K315_M1_17","GlyGly (K)",2.06226556476664,0.540818940716006,0.0643170449492922,6,"Not significant"
"Unstim / LPS","HADHA","P40939","P40939","ECHA_HUMAN","Trifunctional enzyme subunit alpha, mitochondrial","P40939_K267_M1_17","GlyGly (K)",0.756367365475289,0.54438548495761,0.0684432165463192,6,"Not significant"
"Unstim / LPS","MMP9","P14780","P14780","MMP9_HUMAN","Matrix metalloproteinase-9","P14780_K65_M1_17","GlyGly (K)",0.465986926753587,0.546780700510908,0.0717110943155306,6,"Not significant"
"Unstim / LPS","BRD2","P25440","P25440","BRD2_HUMAN","Bromodomain-containing protein 2","P25440_K10_M1_17","GlyGly (K)",0.309087008597867,0.547803393821376,0.073302778694658,6,"Not significant"
"Unstim / LPS","NCL","P19338","P19338","NUCL_HUMAN","Nucleolin","P19338_K537_M1_17","GlyGly (K)",0.615213538191227,0.548727664034476,0.0744535394022161,6,"Not significant"
"Unstim / LPS","RPL21","P46778","P46778","RL21_HUMAN","Large ribosomal subunit protein eL21","P46778_K122_M1_17","GlyGly (K)",0.754799281715676,0.558618822016196,0.0865035472637607,6,"Not significant"
"Unstim / LPS","CAPZB","P47756","P47756","CAPZB_HUMAN","F-actin-capping protein subunit beta","P47756_K168_M1_17","GlyGly (K)",-5.90679578977656,0.560680994131015,0.0892630770106058,6,"Not significant"
"Unstim / LPS","BASP1","P80723","P80723","BASP1_HUMAN","Brain acid soluble protein 1","P80723_K150_M1_17","GlyGly (K)",2.89666622431165,0.561475832832099,0.0904180916514734,6,"Not significant"
"Unstim / LPS","ADAM10","O14672","O14672","ADA10_HUMAN","Disintegrin and metalloproteinase domain-containing protein 10","O14672_K591_M2_17","GlyGly (K)",0.270903977793673,0.561973771820616,0.0909879406498038,6,"Not significant"
"Unstim / LPS","ADAM10","O14672","O14672","ADA10_HUMAN","Disintegrin and metalloproteinase domain-containing protein 10","O14672_K588_M2_17","GlyGly (K)",0.270903977793673,0.561973771820616,0.0909879406498038,6,"Not significant"
"Unstim / LPS","HMBS","P08397","P08397","HEM3_HUMAN","Porphobilinogen deaminase","P08397_K157_M1_17","GlyGly (K)",0.655550592501565,0.563406019877826,0.0928554572875756,6,"Not significant"
"Unstim / LPS","ALDOA","P04075","P04075","ALDOA_HUMAN","Fructose-bisphosphate aldolase A","P04075_K289_M1_17","GlyGly (K)",-2.12957568270624,0.563759497495357,0.0933345098695093,6,"Not significant"
"Unstim / LPS","HSPA8","P11142","P11142","HSP7C_HUMAN","Heat shock cognate 71 kDa protein","P11142_K583_M1_17","GlyGly (K)",-1.97935772957954,0.567748506544271,0.099919939123088,6,"Not significant"
"Unstim / LPS","CNDP2","Q96KP4","Q96KP4","CNDP2_HUMAN","Cytosolic non-specific dipeptidase","Q96KP4_K402_M1_17","GlyGly (K)",0.421579956621237,0.569643609979711,0.102669349877253,6,"Not significant"
"Unstim / LPS","TPD52L2","O43399","O43399","TPD54_HUMAN","Tumor protein D54","O43399_K15_M1_17","GlyGly (K)",-7.88255812721764,0.574553935826716,0.110269811976496,6,"Not significant"
"Unstim / LPS","ECHDC1","Q9NTX5","Q9NTX5","ECHD1_HUMAN","Ethylmalonyl-CoA decarboxylase","Q9NTX5_K301_M1_17","GlyGly (K)",0.840677860137694,0.577030341501192,0.114640820309532,6,"Not significant"
"Unstim / LPS","BLMH","Q13867","Q13867","BLMH_HUMAN","Bleomycin hydrolase","Q13867_K244_M1_17","GlyGly (K)",0.589006750584124,0.577128540226926,0.114791320088873,6,"Not significant"
"Unstim / LPS","ACTB","Cont_P60712;P60709","Cont_P60712;P60709","ACTB_BOVIN;ACTB_HUMAN","Actin, cytoplasmic 1;Actin, cytoplasmic 1","Cont_P60712_K284_M1_17","GlyGly (K)",1.79239593196291,0.578654530010075,0.117239198706591,6,"Not significant"
"Unstim / LPS","ACTB","Cont_P60712;P60709","Cont_P60712;P60709","ACTB_BOVIN;ACTB_HUMAN","Actin, cytoplasmic 1;Actin, cytoplasmic 1","P60709_K284_M1_17","GlyGly (K)",1.79239593196291,0.578654530010075,0.117239198706591,6,"Not significant"
"Unstim / LPS","ACTR2","P61160","P61160","ARP2_HUMAN","Actin-related protein 2","P61160_K106_M1_17","GlyGly (K)",1.15579425476412,0.583211336840384,0.125603474403878,6,"Not significant"
"Unstim / LPS","ATP5F1B","P06576","P06576","ATPB_HUMAN","ATP synthase subunit beta, mitochondrial","P06576_K432_M1_17","GlyGly (K)",2.38080149735026,0.583252667458895,0.125665246207891,6,"Not significant"
"Unstim / LPS","ATP5F1D","P30049","P30049","ATPD_HUMAN","ATP synthase subunit delta, mitochondrial","P30049_K136_M1_17","GlyGly (K)",2.35092453125126,0.583252667458895,0.125777507076021,6,"Not significant"
"Unstim / LPS","RPS14","P62263","P62263","RS14_HUMAN","Small ribosomal subunit protein uS11","P62263_K125_M1_17","GlyGly (K)",0.739057066061848,0.584227319719449,0.127741033942908,6,"Not significant"
"Unstim / LPS","LMNA","P02545","P02545","LMNA_HUMAN","Prelamin-A/C","P02545_K597_M1_17","GlyGly (K)",0.279386035255725,0.586686352153134,0.132058052337096,6,"Not significant"
"Unstim / LPS","MDH2","P40926","P40926","MDHM_HUMAN","Malate dehydrogenase, mitochondrial","P40926_K241_M2_17","GlyGly (K)",10.1882739724768,0.588043579070431,0.134691147148667,4,"Not significant"
"Unstim / LPS","RPL30","P62888","P62888","RL30_HUMAN","Large ribosomal subunit protein eL30","P62888_K87_M1_17","GlyGly (K)",0.273276608328022,0.588121302281028,0.134888851406789,6,"Not significant"
"Unstim / LPS","PSMC2","P35998","P35998","PRS7_HUMAN","26S proteasome regulatory subunit 7","P35998_K84_M1_17","GlyGly (K)",-0.266171359235635,0.588427652137788,0.135547234607217,6,"Not significant"
"Unstim / LPS","RPS6","P62753","P62753","RS6_HUMAN","Small ribosomal subunit protein eS6","P62753_K119_M1_17","GlyGly (K)",0.356443805200861,0.589415958711223,0.137667000293653,6,"Not significant"
"Unstim / LPS","AHNAK","Q09666","Q09666","AHNK_HUMAN","Neuroblast differentiation-associated protein AHNAK","Q09666_K1652_M1_17","GlyGly (K)",0.605677430175652,0.59205278091433,0.142909609129428,4,"Not significant"
"Unstim / LPS","AHNAK","Q09666","Q09666","AHNK_HUMAN","Neuroblast differentiation-associated protein AHNAK","Q09666_K1854_M1_17","GlyGly (K)",0.605677430175652,0.59205278091433,0.142909609129428,4,"Not significant"
"Unstim / LPS","AHNAK","Q09666","Q09666","AHNK_HUMAN","Neuroblast differentiation-associated protein AHNAK","Q09666_K1921_M1_17","GlyGly (K)",0.605677430175652,0.59205278091433,0.142909609129428,4,"Not significant"
"Unstim / LPS","AHNAK","Q09666","Q09666","AHNK_HUMAN","Neuroblast differentiation-associated protein AHNAK","Q09666_K2116_M1_17","GlyGly (K)",0.605677430175652,0.59205278091433,0.142909609129428,4,"Not significant"
"Unstim / LPS","TMEM30A","Q9NV96","Q9NV96","CC50A_HUMAN","Cell cycle control protein 50A","Q9NV96_K155_M1_17","GlyGly (K)",1.07644540970258,0.594323044508925,0.146518143553555,6,"Not significant"
"Unstim / LPS","ZFC3H1","O60293","O60293","ZC3H1_HUMAN","Zinc finger C3H1 domain-containing protein","O60293_K687_M1_17","GlyGly (K)",1.67403684550139,0.595211561342185,0.148056025410395,6,"Not significant"
"Unstim / LPS","TMSB4X","P62328","P62328","TYB4_HUMAN","Thymosin beta-4","P62328_K15_M2_17","GlyGly (K)",0.342609163840957,0.595986217316281,0.15013166989654,6,"Not significant"
"Unstim / LPS","UGGT1","Q9NYU2","Q9NYU2","UGGG1_HUMAN","UDP-glucose:glycoprotein glucosyltransferase 1","Q9NYU2_K319_M1_17","GlyGly (K)",1.03546802311454,0.598768135162746,0.155853006083577,6,"Not significant"
"Unstim / LPS","PGD","P52209","P52209","6PGD_HUMAN","6-phosphogluconate dehydrogenase, decarboxylating","P52209_K119_M2_17","GlyGly (K)",0.245459753921263,0.599127408319639,0.156583816827874,6,"Not significant"
"Unstim / LPS","PGD","P52209","P52209","6PGD_HUMAN","6-phosphogluconate dehydrogenase, decarboxylating","P52209_K117_M2_17","GlyGly (K)",0.245459753921263,0.599127408319639,0.156583816827874,6,"Not significant"
"Unstim / LPS","ACTC1","P68032","P68032","ACTC_HUMAN","Actin, alpha cardiac muscle 1","P68032_K70_M1_17","GlyGly (K)",1.19946271915714,0.599248363134515,0.15674815588229,6,"Not significant"
"Unstim / LPS","ACADM","P11310","P11310","ACADM_HUMAN","Medium-chain specific acyl-CoA dehydrogenase, mitochondrial","P11310_K217_M1_17","GlyGly (K)",0.859924171830638,0.601455833790313,0.160634446904606,6,"Not significant"
"Unstim / LPS","FCER1G","P30273","P30273","FCERG_HUMAN","High affinity immunoglobulin epsilon receptor subunit gamma","P30273_K52_M2_17","GlyGly (K)",1.06768001347524,0.602379062511396,0.162691946832695,6,"Not significant"
"Unstim / LPS","F5","Cont_Q28107","Cont_Q28107","FA5_BOVIN","Coagulation factor V","Cont_Q28107_K564_M1_17","GlyGly (K)",1.5703086157377,0.603121480649919,0.166240437675747,6,"Not significant"
"Unstim / LPS","AGRN","O00468","O00468","AGRIN_HUMAN","Agrin","O00468_K1863_M1_17","GlyGly (K)",0.335958584426724,0.603121480649919,0.18393212512511,6,"Not significant"
"Unstim / LPS","XPOT","O43592","O43592","XPOT_HUMAN","Exportin-T","O43592_K316_M1_17","GlyGly (K)",7.59097128645865,0.603121480649919,0.19396002915337,6,"Not significant"
"Unstim / LPS","MACROH2A1","O75367","O75367","H2AY_HUMAN","Core histone macro-H2A.1","O75367_K236_M2_17","GlyGly (K)",0.441383263177962,0.603121480649919,0.189521934780148,6,"Not significant"
"Unstim / LPS","MACROH2A1","O75367","O75367","H2AY_HUMAN","Core histone macro-H2A.1","O75367_K233_M2_17","GlyGly (K)",0.441383263177962,0.603121480649919,0.189521934780148,6,"Not significant"
"Unstim / LPS","SOD1","P00441","P00441","SODC_HUMAN","Superoxide dismutase [Cu-Zn]","P00441_K4_M2_17","GlyGly (K)",-10.7335529481912,0.603121480649919,0.183836060599061,6,"Not significant"
"Unstim / LPS","SOD2","P04179","P04179","SODM_HUMAN","Superoxide dismutase [Mn], mitochondrial","P04179_K114_M1_17","GlyGly (K)",1.16343074055614,0.603121480649919,0.187727071578089,6,"Not significant"
"Unstim / LPS","HSPA1A;HSPA1B","P0DMV8;P0DMV9","P0DMV8;P0DMV9","HS71A_HUMAN;HS71B_HUMAN","Heat shock 70 kDa protein 1A;Heat shock 70 kDa protein 1B","P0DMV8_K25_M1_17","GlyGly (K)",-1.62794048441854,0.603121480649919,0.177827095650186,6,"Not significant"
"Unstim / LPS","HSPA1A;HSPA1B","P0DMV8;P0DMV9","P0DMV8;P0DMV9","HS71A_HUMAN;HS71B_HUMAN","Heat shock 70 kDa protein 1A;Heat shock 70 kDa protein 1B","P0DMV9_K25_M1_17","GlyGly (K)",-1.62794048441854,0.603121480649919,0.177827095650186,6,"Not significant"
"Unstim / LPS","HNRNPA2B1","P22626","P22626","ROA2_HUMAN","Heterogeneous nuclear ribonucleoproteins A2/B1","P22626_K173_M1_17","GlyGly (K)",9.86029462169545,0.603121480649919,0.184710825475675,6,"Not significant"
"Unstim / LPS","EEF1D","P29692","P29692","EF1D_HUMAN","Elongation factor 1-delta","P29692_K117_M1_17","GlyGly (K)",-9.32948256304203,0.603121480649919,0.184725146826664,6,"Not significant"
"Unstim / LPS","HSPA9","P38646","P38646","GRP75_HUMAN","Stress-70 protein, mitochondrial","P38646_K206_M1_17","GlyGly (K)",-11.3687379375994,0.603121480649919,0.188414986977749,6,"Not significant"
"Unstim / LPS","CAPG","P40121","P40121","CAPG_HUMAN","Macrophage-capping protein","P40121_K115_M1_17","GlyGly (K)",-0.266883229780738,0.603121480649919,0.171185493629219,6,"Not significant"
"Unstim / LPS","AARS1","P49588","P49588","SYAC_HUMAN","Alanine--tRNA ligase, cytoplasmic","P49588_K898_M1_17","GlyGly (K)",0.925205302458871,0.603121480649919,0.164749918099811,6,"Not significant"
"Unstim / LPS","MRE11","P49959","P49959","MRE11_HUMAN","Double-strand break repair protein MRE11","P49959_K28_M1_17","GlyGly (K)",-6.3212089384239,0.603121480649919,0.186153314725954,6,"Not significant"
"Unstim / LPS","GALK1","P51570","P51570","GALK1_HUMAN","Galactokinase","P51570_K252_M1_17","GlyGly (K)",-5.57219367137131,0.603121480649919,0.182528516697259,6,"Not significant"
"Unstim / LPS","PRKDC","P78527","P78527","PRKDC_HUMAN","DNA-dependent protein kinase catalytic subunit","P78527_K4070_M1_17","GlyGly (K)",0.408122963153138,0.603121480649919,0.185182494075566,6,"Not significant"
"Unstim / LPS","CAP1","Q01518","Q01518","CAP1_HUMAN","Adenylyl cyclase-associated protein 1","Q01518_K100_M1_17","GlyGly (K)",-7.38635911448345,0.603121480649919,0.182246639122138,6,"Not significant"
"Unstim / LPS","TOP2B","Q02880","Q02880","TOP2B_HUMAN","DNA topoisomerase 2-beta","Q02880_K104_M1_17","GlyGly (K)",1.05910720326348,0.603121480649919,0.189495549047907,6,"Not significant"
"Unstim / LPS","INPP5D","Q92835","Q92835","SHIP1_HUMAN","Phosphatidylinositol 3,4,5-trisphosphate 5-phosphatase 1","Q92835_K568_M1_17","GlyGly (K)",-6.73214576984277,0.603121480649919,0.185737935624896,6,"Not significant"
"Unstim / LPS","AIDA","Q96BJ3","Q96BJ3","AIDA_HUMAN","Axin interactor, dorsalization-associated protein","Q96BJ3_K106_M1_17","GlyGly (K)",0.988821027522947,0.603121480649919,0.188067425786228,6,"Not significant"
"Unstim / LPS","IMP4","Q96G21","Q96G21","IMP4_HUMAN","U3 small nucleolar ribonucleoprotein protein IMP4","Q96G21_K129_M1_17","GlyGly (K)",3.94953288694899,0.603121480649919,0.193011944022556,6,"Not significant"
"Unstim / LPS","RAB1B","Q9H0U4","Q9H0U4","RAB1B_HUMAN","Ras-related protein Rab-1B","Q9H0U4_K58_M2_17","GlyGly (K)",-8.7992116984756,0.603121480649919,0.18516696134032,6,"Not significant"
"Unstim / LPS","RAB1B","Q9H0U4","Q9H0U4","RAB1B_HUMAN","Ras-related protein Rab-1B","Q9H0U4_K55_M2_17","GlyGly (K)",-8.7992116984756,0.603121480649919,0.18516696134032,6,"Not significant"
"Unstim / LPS","PA2G4","Q9UQ80","Q9UQ80","PA2G4_HUMAN","Proliferation-associated protein 2G4","Q9UQ80_K158_M2_17","GlyGly (K)",0.853150450619726,0.603121480649919,0.190066478894266,4,"Not significant"
"Unstim / LPS","HYOU1","Q9Y4L1","Q9Y4L1","HYOU1_HUMAN","Hypoxia up-regulated protein 1","Q9Y4L1_K170_M1_17","GlyGly (K)",-3.38415522736027,0.603121480649919,0.178780713164738,6,"Not significant"
"Unstim / LPS","HSPA4","P34932","P34932","HSP74_HUMAN","Heat shock 70 kDa protein 4","P34932_K219_M2_17","GlyGly (K)",8.1536859740155,0.603121480649919,0.193253935851248,5,"Not significant"
"Unstim / LPS","GPD2","P43304","P43304","GPDM_HUMAN","Glycerol-3-phosphate dehydrogenase, mitochondrial","P43304_K303_M1_17","GlyGly (K)",-3.90426779835429,0.603202993881853,0.198158542710623,6,"Not significant"
"Unstim / LPS","H4C1","P62805","P62805","H4_HUMAN","Histone H4","P62805_K80_M1_17","GlyGly (K)",-4.9180404769345,0.603202993881853,0.198459092648689,6,"Not significant"
"Unstim / LPS","H2BC21","Q16778","Q16778","H2B2E_HUMAN","Histone H2B type 2-E","Q16778_K58_M1_17","GlyGly (K)",2.21633444443825,0.603202993881853,0.198687927063301,6,"Not significant"
"Unstim / LPS","HNRNPAB","Q99729","Q99729","ROAA_HUMAN","Heterogeneous nuclear ribonucleoprotein A/B","Q99729_K190_M1_17","GlyGly (K)",-8.68234524631337,0.603202993881853,0.19990047521987,6,"Not significant"
"Unstim / LPS","HYOU1","Q9Y4L1","Q9Y4L1","HYOU1_HUMAN","Hypoxia up-regulated protein 1","Q9Y4L1_K463_M1_17","GlyGly (K)",2.78636538274777,0.603222068131335,0.200135870780819,6,"Not significant"
"Unstim / LPS","LTA4H","P09960","P09960","LKHA4_HUMAN","Leukotriene A-4 hydrolase","P09960_K83_M1_17","GlyGly (K)",-6.23294260902112,0.603526448284182,0.201495166562607,6,"Not significant"
"Unstim / LPS","ENO1","P06733","P06733","ENOA_HUMAN","Alpha-enolase","P06733_K221_M1_17","GlyGly (K)",1.00294446973839,0.604620987922233,0.208517168100389,6,"Not significant"
"Unstim / LPS","ALCAM","Q13740","Q13740","CD166_HUMAN","CD166 antigen","Q13740_K60_M1_17","GlyGly (K)",-1.19044911361917,0.604809487604657,0.209526959430619,6,"Not significant"
"Unstim / LPS","PITRM1","Q5JRX3","Q5JRX3","PREP_HUMAN","Presequence protease, mitochondrial","Q5JRX3_K820_M1_17","GlyGly (K)",3.23261771824521,0.604809487604657,0.209396581317539,6,"Not significant"
"Unstim / LPS","MRPL40","Q9NQ50","Q9NQ50","RM40_HUMAN","Large ribosomal subunit protein mL40","Q9NQ50_K163_M1_17","GlyGly (K)",-0.207731023638609,0.604809487604657,0.209401720925586,6,"Not significant"
"Unstim / LPS","SUMF1","Q8NBK3","Q8NBK3","SUMF1_HUMAN","Formylglycine-generating enzyme","Q8NBK3_K90_M1_17","GlyGly (K)",1.45983776089365,0.605954797991265,0.215330713329161,6,"Not significant"
"Unstim / LPS","MACROH2A1","O75367","O75367","H2AY_HUMAN","Core histone macro-H2A.1","O75367_K18_M1_17","GlyGly (K)",0.698158798734112,0.606509200078007,0.217610675811999,6,"Not significant"
"Unstim / LPS","MDH2","P40926","P40926","MDHM_HUMAN","Malate dehydrogenase, mitochondrial","P40926_K157_M2_17","GlyGly (K)",1.71905613687875,0.60739705118636,0.22146035583188,4,"Not significant"
"Unstim / LPS","FCHO2","Q0JRZ9","Q0JRZ9","FCHO2_HUMAN","F-BAR domain only protein 2","Q0JRZ9_K103_M2_17","GlyGly (K)",-4.72944587840826,0.608023144140545,0.223609343369216,6,"Not significant"
"Unstim / LPS","FCHO2","Q0JRZ9","Q0JRZ9","FCHO2_HUMAN","F-BAR domain only protein 2","Q0JRZ9_K99_M2_17","GlyGly (K)",-4.72944587840826,0.608023144140545,0.223609343369216,6,"Not significant"
"Unstim / LPS","VCP","P55072","P55072","TERA_HUMAN","Transitional endoplasmic reticulum ATPase","P55072_K426_M1_17","GlyGly (K)",-0.556484540069482,0.608116789298723,0.223987788935799,6,"Not significant"
"Unstim / LPS","CANX","P27824","P27824","CALX_HUMAN","Calnexin","P27824_K398_M1_17","GlyGly (K)",-1.00682888517736,0.608600988452945,0.225399786114188,6,"Not significant"
"Unstim / LPS","ACTN1","P12814","P12814","ACTN1_HUMAN","Alpha-actinin-1","P12814_K420_M1_17","GlyGly (K)",7.59461278190945,0.609158104935837,0.227312819341093,6,"Not significant"
"Unstim / LPS","MYO1F","O00160","O00160","MYO1F_HUMAN","Unconventional myosin-If","O00160_K141_M1_17","GlyGly (K)",-1.05360350335407,0.609596639556032,0.228979159410057,6,"Not significant"
"Unstim / LPS","MYO1E","Q12965","Q12965","MYO1E_HUMAN","Unconventional myosin-Ie","Q12965_K883_M2_17","GlyGly (K)",0.589881781365031,0.60966259669337,0.229123194622122,6,"Not significant"
"Unstim / LPS","MYO1E","Q12965","Q12965","MYO1E_HUMAN","Unconventional myosin-Ie","Q12965_K882_M2_17","GlyGly (K)",0.589881781365031,0.60966259669337,0.229123194622122,6,"Not significant"
"Unstim / LPS","HSPA1A;HSPA1B","P0DMV8;P0DMV9","P0DMV8;P0DMV9","HS71A_HUMAN;HS71B_HUMAN","Heat shock 70 kDa protein 1A;Heat shock 70 kDa protein 1B","P0DMV8_K128_M1_17","GlyGly (K)",1.43659153901611,0.609673168982506,0.22921470234245,6,"Not significant"
"Unstim / LPS","HSPA1A;HSPA1B","P0DMV8;P0DMV9","P0DMV8;P0DMV9","HS71A_HUMAN;HS71B_HUMAN","Heat shock 70 kDa protein 1A;Heat shock 70 kDa protein 1B","P0DMV9_K128_M1_17","GlyGly (K)",1.43659153901611,0.609673168982506,0.22921470234245,6,"Not significant"
"Unstim / LPS","JUNB","P17275","P17275","JUNB_HUMAN","Transcription factor JunB","P17275_K304_M1_17","GlyGly (K)",0.401819530770379,0.609863323701266,0.229823748269946,6,"Not significant"
"Unstim / LPS","DBN1","Q16643","Q16643","DREB_HUMAN","Drebrin","Q16643_K165_M1_17","GlyGly (K)",-2.92258027903022,0.610011656052992,0.230671096860088,6,"Not significant"
"Unstim / LPS","P4HB","P07237","P07237","PDIA1_HUMAN","Protein disulfide-isomerase","P07237_K263_M1_17","GlyGly (K)",-0.268049934603525,0.610378504210393,0.232586230581624,6,"Not significant"
"Unstim / LPS","ALB","Cont_P02769","Cont_P02769","ALBU_BOVIN","Albumin","Cont_P02769_K463_M1_17","GlyGly (K)",7.67062468923104,0.611103818368677,0.234234391717306,6,"Not significant"
"Unstim / LPS","LGALS1","P09382","P09382","LEG1_HUMAN","Galectin-1","P09382_K37_M1_17","GlyGly (K)",0.81518792287356,0.611844648052027,0.236806613645492,6,"Not significant"
"Unstim / LPS","NSF","P46459","P46459","NSF_HUMAN","Vesicle-fusing ATPase","P46459_K283_M1_17","GlyGly (K)",0.484168987832796,0.611875725554705,0.237204894326928,6,"Not significant"
"Unstim / LPS","MLLT1","Q03111","Q03111","ENL_HUMAN","Protein ENL","Q03111_K262_M2_17","GlyGly (K)",-12.3977325452743,0.612049110718093,0.238384789391258,4,"Not significant"
"Unstim / LPS","RPS3","P23396","P23396","RS3_HUMAN","Small ribosomal subunit protein uS3","P23396_K214_M1_17","GlyGly (K)",0.673017825160558,0.612905466578415,0.241115361727638,6,"Not significant"
"Unstim / LPS","CAT","P04040","P04040","CATA_HUMAN","Catalase","P04040_K499_M1_17","GlyGly (K)",-1.36650438693946,0.613119163529106,0.242293148389007,6,"Not significant"
"Unstim / LPS","HSPD1","P10809","P10809","CH60_HUMAN","60 kDa heat shock protein, mitochondrial","P10809_K180_M1_17","GlyGly (K)",1.17936713484648,0.613873497677289,0.245435956137968,6,"Not significant"
"Unstim / LPS","LAMTOR5","O43504","O43504","LTOR5_HUMAN","Ragulator complex protein LAMTOR5","O43504_K14_M1_17","GlyGly (K)",-0.575072220685272,0.614645868811693,0.247872138722362,6,"Not significant"
"Unstim / LPS","DDX39B","Q13838","Q13838","DX39B_HUMAN","Spliceosome RNA helicase DDX39B","Q13838_K33_M2_17","GlyGly (K)",0.305235302768491,0.616093503452852,0.252270223355378,4,"Not significant"
"Unstim / LPS","ANXA1","P04083","P04083","ANXA1_HUMAN","Annexin A1","P04083_K214_M1_17","GlyGly (K)",-8.57498952333774,0.616695268026169,0.253787208008523,6,"Not significant"
"Unstim / LPS","ITGB1","P05556","P05556","ITB1_HUMAN","Integrin beta-1","P05556_K163_M1_17","GlyGly (K)",-0.268518267000346,0.618026174050357,0.257114741629713,6,"Not significant"
"Unstim / LPS","FECH","P22830","P22830","HEMH_HUMAN","Ferrochelatase, mitochondrial","P22830_K57_M1_17","GlyGly (K)",2.12558783208737,0.618440209025454,0.257809534793689,6,"Not significant"
"Unstim / LPS","CAP1","Q01518","Q01518","CAP1_HUMAN","Adenylyl cyclase-associated protein 1","Q01518_K304_M1_17","GlyGly (K)",9.43375380525885,0.619261673517672,0.259986154609865,6,"Not significant"
"Unstim / LPS","SAMHD1","Q9Y3Z3","Q9Y3Z3","SAMH1_HUMAN","Deoxynucleoside triphosphate triphosphohydrolase SAMHD1","Q9Y3Z3_K354_M1_17","GlyGly (K)",0.350200153481895,0.620085817113925,0.261985102060416,6,"Not significant"
"Unstim / LPS","RNH1","P13489","P13489","RINI_HUMAN","Ribonuclease inhibitor","P13489_K283_M2_17","GlyGly (K)",-0.274186781090477,0.620529862732885,0.262840978286735,5,"Not significant"
"Unstim / LPS","EIF3B","P55884","P55884","EIF3B_HUMAN","Eukaryotic translation initiation factor 3 subunit B","P55884_K552_M2_17","GlyGly (K)",0.217126041484192,0.621213827527519,0.264449684802336,5,"Not significant"
"Unstim / LPS","ANXA6","P08133","P08133","ANXA6_HUMAN","Annexin A6","P08133_K483_M1_17","GlyGly (K)",-5.2478037141747,0.62208465949859,0.266550190052853,4,"Not significant"
"Unstim / LPS","NACA4P","Q9BZK3","Q9BZK3","NACP4_HUMAN","Putative nascent polypeptide-associated complex subunit alpha-like protein","Q9BZK3_K199_M1_17","GlyGly (K)",0.736762615272946,0.622293009392156,0.267129777864405,6,"Not significant"
"Unstim / LPS","EIF5B","O60841","O60841","IF2P_HUMAN","Eukaryotic translation initiation factor 5B","O60841_K644_M1_17","GlyGly (K)",-4.35656030894144,0.623193825255964,0.26894086619823,6,"Not significant"
"Unstim / LPS","ARL8B","Q9NVJ2","Q9NVJ2","ARL8B_HUMAN","ADP-ribosylation factor-like protein 8B","Q9NVJ2_K117_M1_17","GlyGly (K)",1.00669642458482,0.623264199456136,0.269101252844069,6,"Not significant"
"Unstim / LPS","RPL13","P26373","P26373","RL13_HUMAN","Large ribosomal subunit protein eL13","P26373_K145_M1_17","GlyGly (K)",-0.258518167967003,0.624694145702423,0.273539129238024,6,"Not significant"
"Unstim / LPS","MOV10","Q9HCE1","Q9HCE1","MOV10_HUMAN","Helicase MOV-10","Q9HCE1_K952_M1_17","GlyGly (K)",0.757346658232283,0.625970464042991,0.276970935954204,6,"Not significant"
"Unstim / LPS","H1-5","P16401","P16401","H15_HUMAN","Histone H1.5","P16401_K37_M1_17","GlyGly (K)",1.92015015540852,0.628529283177558,0.28448143701117,6,"Not significant"
"Unstim / LPS","THRAP3","Q9Y2W1","Q9Y2W1","TR150_HUMAN","Thyroid hormone receptor-associated protein 3","Q9Y2W1_K252_M1_17","GlyGly (K)",0.835006908336478,0.628529283177558,0.284466236135636,6,"Not significant"
"Unstim / LPS","EEF1A1","Cont_P68103;P68104","Cont_P68103;P68104","EF1A1_BOVIN;EF1A1_HUMAN","Elongation factor 1-alpha 1","Cont_P68103_K100_M1_17","GlyGly (K)",-0.271309459324735,0.628796394817659,0.285321910551641,6,"Not significant"
"Unstim / LPS","EEF1A1","Cont_P68103;P68104","Cont_P68103;P68104","EF1A1_BOVIN;EF1A1_HUMAN","Elongation factor 1-alpha 1","P68104_K100_M1_17","GlyGly (K)",-0.271309459324735,0.628796394817659,0.285321910551641,6,"Not significant"
"Unstim / LPS","DHRS9","Q9BPW9","Q9BPW9","DHRS9_HUMAN","Dehydrogenase/reductase SDR family member 9","Q9BPW9_K180_M1_17","GlyGly (K)",1.85161828637608,0.629225069230031,0.28637438753958,6,"Not significant"
"Unstim / LPS","HSD17B4","P51659","P51659","DHB4_HUMAN","Peroxisomal multifunctional enzyme type 2","P51659_K614_M1_17","GlyGly (K)",-0.350726630053883,0.629715247190862,0.287910378820889,6,"Not significant"
"Unstim / LPS","HSP90AA1","P07900","P07900","HS90A_HUMAN","Heat shock protein HSP 90-alpha","P07900_K443_M1_17","GlyGly (K)",-0.788976096270422,0.630936392144048,0.291719093153811,6,"Not significant"
"Unstim / LPS","HYOU1","Q9Y4L1","Q9Y4L1","HYOU1_HUMAN","Hypoxia up-regulated protein 1","Q9Y4L1_K774_M1_17","GlyGly (K)",-0.818968517971782,0.63094608164586,0.291738077321894,5,"Not significant"
"Unstim / LPS","DDX21","Q9NR30","Q9NR30","DDX21_HUMAN","Nucleolar RNA helicase 2","Q9NR30_K236_M1_17","GlyGly (K)",2.20132319764739,0.63181990231182,0.294102558588286,6,"Not significant"
"Unstim / LPS","TMSB4X","P62328","P62328","TYB4_HUMAN","Thymosin beta-4","P62328_K32_M1_17","GlyGly (K)",1.80924368379687,0.632361091663353,0.295411592930365,6,"Not significant"
"Unstim / LPS","TMPO","P42166","P42166","LAP2A_HUMAN","Lamina-associated polypeptide 2, isoform alpha","P42166_K17_M1_17","GlyGly (K)",-5.53900148435373,0.632783779469742,0.296176820415019,6,"Not significant"
"Unstim / LPS","GPI","P06744","P06744","G6PI_HUMAN","Glucose-6-phosphate isomerase","P06744_K194_M1_17","GlyGly (K)",-0.820253403134067,0.632815249030523,0.296398421340055,6,"Not significant"
"Unstim / LPS","AHNAK","Q09666","Q09666","AHNK_HUMAN","Neuroblast differentiation-associated protein AHNAK","Q09666_K696_M1_17","GlyGly (K)",-0.301104076176058,0.633025889648102,0.297131455491215,5,"Not significant"
"Unstim / LPS","MYO1G","B0I1T2","B0I1T2","MYO1G_HUMAN","Unconventional myosin-Ig","B0I1T2_K544_M1_17","GlyGly (K)",0.119063148764003,0.633972537254186,0.412922749411477,6,"Not significant"
"Unstim / LPS","AHSG","Cont_P12763","Cont_P12763","FETUA_BOVIN","Alpha-2-HS-glycoprotein","Cont_P12763_K333_M1_17","GlyGly (K)",-6.75476263312531,0.633972537254186,0.422761686767921,6,"Not significant"
"Unstim / LPS","GPI","Cont_Q3ZBD7","Cont_Q3ZBD7","G6PI_BOVIN","Glucose-6-phosphate isomerase","Cont_Q3ZBD7_K550_M1_17","GlyGly (K)",6.31366422730153,0.633972537254186,0.422990893762843,6,"Not significant"
"Unstim / LPS","HGS","O14964","O14964","HGS_HUMAN","Hepatocyte growth factor-regulated tyrosine kinase substrate","O14964_K56_M1_17","GlyGly (K)",1.07408548994739,0.633972537254186,0.300791142241495,6,"Not significant"
"Unstim / LPS","PPP1R12A","O14974","O14974","MYPT1_HUMAN","Protein phosphatase 1 regulatory subunit 12A","O14974_K945_M1_17","GlyGly (K)",-3.02588118788108,0.633972537254186,0.415202717083491,6,"Not significant"
"Unstim / LPS","PGRMC2","O15173","O15173","PGRC2_HUMAN","Membrane-associated progesterone receptor component 2","O15173_K217_M2_17","GlyGly (K)",5.16665718632258,0.633972537254186,0.423860132797633,6,"Not significant"
"Unstim / LPS","PHGDH","O43175","O43175","SERA_HUMAN","D-3-phosphoglycerate dehydrogenase","O43175_K58_M1_17","GlyGly (K)",-0.302506869140925,0.633972537254186,0.354799248316693,6,"Not significant"
"Unstim / LPS","IDH3B","O43837","O43837","IDH3B_HUMAN","Isocitrate dehydrogenase [NAD] subunit beta, mitochondrial","O43837_K105_M1_17","GlyGly (K)",6.3631136449421,0.633972537254186,0.423325863963387,6,"Not significant"
"Unstim / LPS","MCM3AP","O60318","O60318","GANP_HUMAN","Germinal-center associated nuclear protein","O60318_K1813_M1_17","GlyGly (K)",1.24985587676402,0.633972537254186,0.379317881310091,6,"Not significant"
"Unstim / LPS","SYNCRIP","O60506","O60506","HNRPQ_HUMAN","Heterogeneous nuclear ribonucleoprotein Q","O60506_K407_M1_17","GlyGly (K)",1.51609991361067,0.633972537254186,0.366044165707026,6,"Not significant"
"Unstim / LPS","VPS4B","O75351","O75351","VPS4B_HUMAN","Vacuolar protein sorting-associated protein 4B","O75351_K155_M1_17","GlyGly (K)",1.61536636221025,0.633972537254186,0.373737045496701,6,"Not significant"
"Unstim / LPS","MACROH2A1","O75367","O75367","H2AY_HUMAN","Core histone macro-H2A.1","O75367_K282_M1_17","GlyGly (K)",5.86562787380403,0.633972537254186,0.423806809589399,6,"Not significant"
"Unstim / LPS","TGFB1","P01137","P01137","TGFB1_HUMAN","Transforming growth factor beta-1 proprotein","P01137_K291_M1_17","GlyGly (K)",0.862438075866345,0.633972537254186,0.327503205734347,6,"Not significant"
"Unstim / LPS","LMNA","P02545","P02545","LMNA_HUMAN","Prelamin-A/C","P02545_K201_M1_17","GlyGly (K)",2.26174974920393,0.633972537254186,0.431180596093837,6,"Not significant"
"Unstim / LPS","GAPDH","P04406","P04406","G3P_HUMAN","Glyceraldehyde-3-phosphate dehydrogenase","P04406_K66_M1_17","GlyGly (K)",0.614080833238108,0.633972537254186,0.413749216156999,6,"Not significant"
"Unstim / LPS","ATP1A1","P05023","P05023","AT1A1_HUMAN","Sodium/potassium-transporting ATPase subunit alpha-1","P05023_K177_M1_17","GlyGly (K)",8.12439632013772,0.633972537254186,0.422438108528964,6,"Not significant"
"Unstim / LPS","RPLP1","P05386","P05386","RLA1_HUMAN","Large ribosomal subunit protein P1","P05386_K92_M1_17","GlyGly (K)",1.36536527679223,0.633972537254186,0.357876920728889,6,"Not significant"
"Unstim / LPS","ATP5F1B","P06576","P06576","ATPB_HUMAN","ATP synthase subunit beta, mitochondrial","P06576_K480_M1_17","GlyGly (K)",-1.21291978592795,0.633972537254186,0.398283170798557,6,"Not significant"
"Unstim / LPS","ITGAV","P06756","P06756","ITAV_HUMAN","Integrin alpha-V","P06756_K134_M1_17","GlyGly (K)",0.27702345302716,0.633972537254186,0.301558772049492,6,"Not significant"
"Unstim / LPS","ANXA2","P07355","P07355","ANXA2_HUMAN","Annexin A2","P07355_K49_M1_17","GlyGly (K)",-1.31962797501936,0.633972537254186,0.367580112839397,4,"Not significant"
"Unstim / LPS","PRSS1","P07477","P07477","TRY1_HUMAN","Serine protease 1","P07477_K102_M1_17","GlyGly (K)",-0.451112186454642,0.633972537254186,0.394867308484931,6,"Not significant"
"Unstim / LPS","HSP90AA1","P07900","P07900","HS90A_HUMAN","Heat shock protein HSP 90-alpha","P07900_K100_M1_17","GlyGly (K)",11.0839428981125,0.633972537254186,0.422674368828178,6,"Not significant"
"Unstim / LPS","HSP90AA1","P07900","P07900","HS90A_HUMAN","Heat shock protein HSP 90-alpha","P07900_K534_M1_17","GlyGly (K)",-8.05820619685373,0.633972537254186,0.421084845873596,6,"Not significant"
"Unstim / LPS","HSP90AA1","P07900","P07900","HS90A_HUMAN","Heat shock protein HSP 90-alpha","P07900_K436_M2_17","GlyGly (K)",0.217164164198545,0.633972537254186,0.387951461641062,6,"Not significant"
"Unstim / LPS","HSP90AA1","P07900","P07900","HS90A_HUMAN","Heat shock protein HSP 90-alpha","P07900_K435_M2_17","GlyGly (K)",0.217164164198545,0.633972537254186,0.387951461641062,6,"Not significant"
"Unstim / LPS","HSP90AB1","P08238","P08238","HS90B_HUMAN","Heat shock protein HSP 90-beta","P08238_K624_M1_17","GlyGly (K)",2.66950677394377,0.633972537254186,0.377364780480017,6,"Not significant"
"Unstim / LPS","SNRPA1","P09661","P09661","RU2A_HUMAN","U2 small nuclear ribonucleoprotein A'","P09661_K205_M1_17","GlyGly (K)",0.36863456761173,0.633972537254186,0.331988815483549,6,"Not significant"
"Unstim / LPS","HSPA1A;HSPA1B","P0DMV8;P0DMV9","P0DMV8;P0DMV9","HS71A_HUMAN;HS71B_HUMAN","Heat shock 70 kDa protein 1A;Heat shock 70 kDa protein 1B","P0DMV8_K573_M1_17","GlyGly (K)",4.61783963308298,0.633972537254186,0.418608217783818,6,"Not significant"
"Unstim / LPS","HSPA1A;HSPA1B","P0DMV8;P0DMV9","P0DMV8;P0DMV9","HS71A_HUMAN;HS71B_HUMAN","Heat shock 70 kDa protein 1A;Heat shock 70 kDa protein 1B","P0DMV9_K573_M1_17","GlyGly (K)",4.61783963308298,0.633972537254186,0.418608217783818,6,"Not significant"
"Unstim / LPS","RNASE2","P10153","P10153","RNAS2_HUMAN","Non-secretory ribonuclease","P10153_K93_M1_17","GlyGly (K)",3.626138842857,0.633972537254186,0.401356078994834,6,"Not significant"
"Unstim / LPS","TXN","P10599","P10599","THIO_HUMAN","Thioredoxin","P10599_K96_M2_17","GlyGly (K)",3.07839269575201,0.633972537254186,0.435197410114231,6,"Not significant"
"Unstim / LPS","TXN","P10599","P10599","THIO_HUMAN","Thioredoxin","P10599_K94_M2_17","GlyGly (K)",3.07839269575201,0.633972537254186,0.435197410114231,6,"Not significant"
"Unstim / LPS","HSPD1","P10809","P10809","CH60_HUMAN","60 kDa heat shock protein, mitochondrial","P10809_K387_M1_17","GlyGly (K)",-3.32429634131508,0.633972537254186,0.421976262331635,6,"Not significant"
"Unstim / LPS","HSPD1","P10809","P10809","CH60_HUMAN","60 kDa heat shock protein, mitochondrial","P10809_K314_M1_17","GlyGly (K)",0.248974117086339,0.633972537254186,0.348146261600808,6,"Not significant"
"Unstim / LPS","SLC2A3","P11169","P11169","GTR3_HUMAN","Solute carrier family 2, facilitated glucose transporter member 3","P11169_K243_M1_17","GlyGly (K)",-0.125558570414627,0.633972537254186,0.379709436148474,6,"Not significant"
"Unstim / LPS","ITGAM","P11215","P11215","ITAM_HUMAN","Integrin alpha-M","P11215_K912_M1_17","GlyGly (K)",0.337802709521919,0.633972537254186,0.309725006388396,6,"Not significant"
"Unstim / LPS","MTHFD1","P11586","P11586","C1TC_HUMAN","C-1-tetrahydrofolate synthase, cytoplasmic","P11586_K760_M1_17","GlyGly (K)",5.73569220096709,0.633972537254186,0.425204819555343,6,"Not significant"
"Unstim / LPS","IMPDH2","P12268","P12268","IMDH2_HUMAN","Inosine-5'-monophosphate dehydrogenase 2","P12268_K492_M1_17","GlyGly (K)",-5.4622851549857,0.633972537254186,0.421502362821507,6,"Not significant"
"Unstim / LPS","EEF2","P13639","P13639","EF2_HUMAN","Elongation factor 2","P13639_K498_M1_17","GlyGly (K)",0.64034837047343,0.633972537254186,0.307462709095065,6,"Not significant"
"Unstim / LPS","ANXA8","P13928","P13928","ANXA8_HUMAN","Annexin A8","P13928_K112_M1_17","GlyGly (K)",7.91646827466713,0.633972537254186,0.422108261840268,6,"Not significant"
"Unstim / LPS","HCLS1","P14317","P14317","HCLS1_HUMAN","Hematopoietic lineage cell-specific protein","P14317_K273_M1_17","GlyGly (K)",-7.84495831635828,0.633972537254186,0.422426406042365,6,"Not significant"
"Unstim / LPS","PKM","P14618","P14618","KPYM_HUMAN","Pyruvate kinase PKM","P14618_K322_M1_17","GlyGly (K)",-9.56448420993505,0.633972537254186,0.422701722982485,6,"Not significant"
"Unstim / LPS","ANPEP","P15144","P15144","AMPN_HUMAN","Aminopeptidase N","P15144_K641_M1_17","GlyGly (K)",9.40353749244067,0.633972537254186,0.422467488337645,6,"Not significant"
"Unstim / LPS","ATP2A2","P16615","P16615","AT2A2_HUMAN","Sarcoplasmic/endoplasmic reticulum calcium ATPase 2","P16615_K7_M1_17","GlyGly (K)",-0.486386840979378,0.633972537254186,0.358308381657849,5,"Not significant"
"Unstim / LPS","PLCG2","P16885","P16885","PLCG2_HUMAN","1-phosphatidylinositol 4,5-bisphosphate phosphodiesterase gamma-2","P16885_K60_M1_17","GlyGly (K)",7.76447667889498,0.633972537254186,0.42270345706478,6,"Not significant"
"Unstim / LPS","ITGB5","P18084","P18084","ITB5_HUMAN","Integrin beta-5","P18084_K170_M1_17","GlyGly (K)",-10.4605846182605,0.633972537254186,0.422697592903634,6,"Not significant"
"Unstim / LPS","RPL17","P18621","P18621","RL17_HUMAN","Large ribosomal subunit protein uL22","P18621_K105_M1_17","GlyGly (K)",-0.119417934227384,0.633972537254186,0.4223297240975,6,"Not significant"
"Unstim / LPS","PGAM1","P18669","P18669","PGAM1_HUMAN","Phosphoglycerate mutase 1","P18669_K138_M1_17","GlyGly (K)",2.34714227311746,0.633972537254186,0.391809730324928,6,"Not significant"
"Unstim / LPS","ANXA7","P20073","P20073","ANXA7_HUMAN","Annexin A7","P20073_K196_M2_17","GlyGly (K)",-0.513904114115123,0.633972537254186,0.417978733675108,5,"Not significant"
"Unstim / LPS","CAST","P20810","P20810","ICAL_HUMAN","Calpastatin","P20810_K283_M1_17","GlyGly (K)",1.4294937470641,0.633972537254186,0.389767214104498,6,"Not significant"
"Unstim / LPS","COMT","P21964","P21964","COMT_HUMAN","Catechol O-methyltransferase","P21964_K95_M2_17","GlyGly (K)",5.33824866160646,0.633972537254186,0.423468958852211,6,"Not significant"
"Unstim / LPS","COMT","P21964","P21964","COMT_HUMAN","Catechol O-methyltransferase","P21964_K86_M2_17","GlyGly (K)",5.33824866160646,0.633972537254186,0.423468958852211,6,"Not significant"
"Unstim / LPS","HNRNPA2B1","P22626","P22626","ROA2_HUMAN","Heterogeneous nuclear ribonucleoproteins A2/B1","P22626_K104_M1_17","GlyGly (K)",3.21660830940145,0.633972537254186,0.430106118687906,6,"Not significant"
"Unstim / LPS","HNRNPA2B1","P22626","P22626","ROA2_HUMAN","Heterogeneous nuclear ribonucleoproteins A2/B1","P22626_K168_M1_17","GlyGly (K)",-2.0551663452434,0.633972537254186,0.434686752182812,6,"Not significant"
"Unstim / LPS","CFL1","P23528","P23528","COF1_HUMAN","Cofilin-1","P23528_K53_M1_17","GlyGly (K)",8.30962633767578,0.633972537254186,0.422699749427021,6,"Not significant"
"Unstim / LPS","ATP5F1A","P25705","P25705","ATPA_HUMAN","ATP synthase subunit alpha, mitochondrial","P25705_K316_M1_17","GlyGly (K)",0.445107309134815,0.633972537254186,0.361418510248516,6,"Not significant"
"Unstim / LPS","ATP5F1A","P25705","P25705","ATPA_HUMAN","ATP synthase subunit alpha, mitochondrial","P25705_K161_M1_17","GlyGly (K)",-3.66625779162608,0.633972537254186,0.431952534982294,6,"Not significant"
"Unstim / LPS","S100A4","P26447","P26447","S10A4_HUMAN","Protein S100-A4","P26447_K7_M1_17","GlyGly (K)",-0.571276330995284,0.633972537254186,0.363404172462144,6,"Not significant"
"Unstim / LPS","YWHAQ","P27348","P27348","1433T_HUMAN","14-3-3 protein theta","P27348_K103_M1_17","GlyGly (K)",-3.33058280507025,0.633972537254186,0.429883768197626,6,"Not significant"
"Unstim / LPS","CANX","P27824","P27824","CALX_HUMAN","Calnexin","P27824_K571_M2_17","GlyGly (K)",0.0555244160256149,0.633972537254186,0.37404028050497,5,"Not significant"
"Unstim / LPS","PRDX5","P30044","P30044","PRDX5_HUMAN","Peroxiredoxin-5, mitochondrial","P30044_K102_M1_17","GlyGly (K)",-9.00636102820623,0.633972537254186,0.422672731041595,6,"Not significant"
"Unstim / LPS","PDIA3","P30101","P30101","PDIA3_HUMAN","Protein disulfide-isomerase A3","P30101_K305_M1_17","GlyGly (K)",-0.130353266076516,0.633972537254186,0.424014540040532,6,"Not significant"
"Unstim / LPS","UQCRC1","P31930","P31930","QCR1_HUMAN","Cytochrome b-c1 complex subunit 1, mitochondrial","P31930_K447_M1_17","GlyGly (K)",1.43289173351146,0.633972537254186,0.322416922590726,6,"Not significant"
"Unstim / LPS","HNRNPH1","P31943","P31943","HNRH1_HUMAN","Heterogeneous nuclear ribonucleoprotein H","P31943_K35_M1_17","GlyGly (K)",8.82684542550781,0.633972537254186,0.422465794953296,6,"Not significant"
"Unstim / LPS","HSPA1L","P34931","P34931","HS71L_HUMAN","Heat shock 70 kDa protein 1-like","P34931_K332_M1_17","GlyGly (K)",-0.707211283120194,0.633972537254186,0.354586191360116,6,"Not significant"
"Unstim / LPS","ATP5F1C","P36542","P36542","ATPG_HUMAN","ATP synthase subunit gamma, mitochondrial","P36542_K115_M1_17","GlyGly (K)",-1.94782261088226,0.633972537254186,0.337374191789426,6,"Not significant"
"Unstim / LPS","HSPA9","P38646","P38646","GRP75_HUMAN","Stress-70 protein, mitochondrial","P38646_K288_M1_17","GlyGly (K)",0.48300282539072,0.633972537254186,0.332474061657428,6,"Not significant"
"Unstim / LPS","HSPA9","P38646","P38646","GRP75_HUMAN","Stress-70 protein, mitochondrial","P38646_K595_M1_17","GlyGly (K)",5.43311892532379,0.633972537254186,0.416508741703073,6,"Not significant"
"Unstim / LPS","CAPG","P40121","P40121","CAPG_HUMAN","Macrophage-capping protein","P40121_K253_M1_17","GlyGly (K)",-5.70775662567508,0.633972537254186,0.419862655192398,6,"Not significant"
"Unstim / LPS","MATK","P42679","P42679","MATK_HUMAN","Megakaryocyte-associated tyrosine-protein kinase","P42679_K116_M1_17","GlyGly (K)",-1.2121151975136,0.633972537254186,0.308258491166308,6,"Not significant"
"Unstim / LPS","LRPPRC","P42704","P42704","LPPRC_HUMAN","Leucine-rich PPR motif-containing protein, mitochondrial","P42704_K155_M1_17","GlyGly (K)",-0.760486035509507,0.633972537254186,0.33346151934094,6,"Not significant"
"Unstim / LPS","CRKL","P46109","P46109","CRKL_HUMAN","Crk-like protein","P46109_K253_M1_17","GlyGly (K)",-4.47207970036315,0.633972537254186,0.422554782049134,6,"Not significant"
"Unstim / LPS","RPS9","P46781","P46781","RS9_HUMAN","Small ribosomal subunit protein uS4","P46781_K101_M1_17","GlyGly (K)",1.59804440927234,0.633972537254186,0.322329829654213,6,"Not significant"
"Unstim / LPS","GSS","P48637","P48637","GSHB_HUMAN","Glutathione synthetase","P48637_K293_M1_17","GlyGly (K)",0.374236525373797,0.633972537254186,0.367113493444221,6,"Not significant"
"Unstim / LPS","VASP","P50552","P50552","VASP_HUMAN","Vasodilator-stimulated phosphoprotein","P50552_K240_M1_17","GlyGly (K)",-5.19738930307462,0.633972537254186,0.422275345537533,6,"Not significant"
"Unstim / LPS","RPL14","P50914","P50914","RL14_HUMAN","Large ribosomal subunit protein eL14","P50914_K23_M1_17","GlyGly (K)",3.57588531548824,0.633972537254186,0.410770862901993,6,"Not significant"
"Unstim / LPS","RPL14","P50914","P50914","RL14_HUMAN","Large ribosomal subunit protein eL14","P50914_K160_M1_17","GlyGly (K)",1.83523496836566,0.633972537254186,0.424294698920551,6,"Not significant"
"Unstim / LPS","SUB1","P53999","P53999","TCP4_HUMAN","Activated RNA polymerase II transcriptional coactivator p15","P53999_K114_M1_17","GlyGly (K)",-3.68561182249215,0.633972537254186,0.41524727793913,6,"Not significant"
"Unstim / LPS","AK2","P54819","P54819","KAD2_HUMAN","Adenylate kinase 2, mitochondrial","P54819_K119_M2_17","GlyGly (K)",-0.498059892265814,0.633972537254186,0.30143650592594,5,"Not significant"
"Unstim / LPS","CD81","P60033","P60033","CD81_HUMAN","CD81 antigen","P60033_K144_M1_17","GlyGly (K)",7.70083264135236,0.633972537254186,0.422122020803482,6,"Not significant"
"Unstim / LPS","TMSB4X","P62328","P62328","TYB4_HUMAN","Thymosin beta-4","P62328_K32_M2_17","GlyGly (K)",-3.06162537966553,0.633972537254186,0.415593865077199,6,"Not significant"
"Unstim / LPS","TMSB4X","P62328","P62328","TYB4_HUMAN","Thymosin beta-4","P62328_K26_M2_17","GlyGly (K)",-3.06162537966553,0.633972537254186,0.415593865077199,6,"Not significant"
"Unstim / LPS","H4C1","P62805","P62805","H4_HUMAN","Histone H4","P62805_K60_M1_17","GlyGly (K)",0.510294284067471,0.633972537254186,0.368827217622542,6,"Not significant"
"Unstim / LPS","RAB1A","P62820","P62820","RAB1A_HUMAN","Ras-related protein Rab-1A","P62820_K140_M1_17","GlyGly (K)",0.876843343387502,0.633972537254186,0.404412152113302,6,"Not significant"
"Unstim / LPS","TMSB10","P63313","P63313","TYB10_HUMAN","Thymosin beta-10","P63313_K32_M1_17","GlyGly (K)",0.841302375506072,0.633972537254186,0.331904625314799,6,"Not significant"
"Unstim / LPS","YBX1","P67809","P67809","YBOX1_HUMAN","Y-box-binding protein 1","P67809_K98_M1_17","GlyGly (K)",0.701873441507437,0.633972537254186,0.399454833299713,6,"Not significant"
"Unstim / LPS","ACTC1","P68032","P68032","ACTC_HUMAN","Actin, alpha cardiac muscle 1","P68032_K217_M2_17","GlyGly (K)",0.608971333919382,0.633972537254186,0.339842282414423,6,"Not significant"
"Unstim / LPS","ACTC1","P68032","P68032","ACTC_HUMAN","Actin, alpha cardiac muscle 1","P68032_K215_M2_17","GlyGly (K)",0.608971333919382,0.633972537254186,0.339842282414423,6,"Not significant"
"Unstim / LPS","CCT2","P78371","P78371","TCPB_HUMAN","T-complex protein 1 subunit beta","P78371_K120_M1_17","GlyGly (K)",-0.644975772428754,0.633972537254186,0.374110517789114,6,"Not significant"
"Unstim / LPS","BASP1","P80723","P80723","BASP1_HUMAN","Brain acid soluble protein 1","P80723_K102_M2_17","GlyGly (K)",2.84675743273428,0.633972537254186,0.417133533251294,6,"Not significant"
"Unstim / LPS","CLTC","Q00610","Q00610","CLH1_HUMAN","Clathrin heavy chain 1","Q00610_K951_M1_17","GlyGly (K)",0.36797587704058,0.633972537254186,0.353535397791773,6,"Not significant"
"Unstim / LPS","DR1","Q01658","Q01658","NC2B_HUMAN","Protein Dr1","Q01658_K103_M1_17","GlyGly (K)",-0.120083060187781,0.633972537254186,0.414794488937983,6,"Not significant"
"Unstim / LPS","SSBP1","Q04837","Q04837","SSBP_HUMAN","Single-stranded DNA-binding protein, mitochondrial","Q04837_K145_M1_17","GlyGly (K)",-4.44130561892368,0.633972537254186,0.412221056209698,6,"Not significant"
"Unstim / LPS","KHDRBS1","Q07666","Q07666","KHDR1_HUMAN","KH domain-containing, RNA-binding, signal transduction-associated protein 1","Q07666_K96_M1_17","GlyGly (K)",0.144951733500296,0.633972537254186,0.422429149705723,6,"Not significant"
"Unstim / LPS","AHNAK","Q09666","Q09666","AHNK_HUMAN","Neuroblast differentiation-associated protein AHNAK","Q09666_K3157_M2_17","GlyGly (K)",-1.1637715401281,0.633972537254186,0.422032154924428,4,"Not significant"
"Unstim / LPS","AHNAK","Q09666","Q09666","AHNK_HUMAN","Neuroblast differentiation-associated protein AHNAK","Q09666_K3939_M2_17","GlyGly (K)",-1.1637715401281,0.633972537254186,0.422032154924428,4,"Not significant"
"Unstim / LPS","AHNAK","Q09666","Q09666","AHNK_HUMAN","Neuroblast differentiation-associated protein AHNAK","Q09666_K2773_M2_17","GlyGly (K)",-5.01235509314696,0.633972537254186,0.424365643692573,6,"Not significant"
"Unstim / LPS","AHNAK","Q09666","Q09666","AHNK_HUMAN","Neuroblast differentiation-associated protein AHNAK","Q09666_K4559_M2_17","GlyGly (K)",0.39846933461463,0.633972537254186,0.357259680758651,6,"Not significant"
"Unstim / LPS","AHNAK","Q09666","Q09666","AHNK_HUMAN","Neuroblast differentiation-associated protein AHNAK","Q09666_K4556_M2_17","GlyGly (K)",0.39846933461463,0.633972537254186,0.357259680758651,6,"Not significant"
"Unstim / LPS","AHNAK","Q09666","Q09666","AHNK_HUMAN","Neuroblast differentiation-associated protein AHNAK","Q09666_K3488_M2_17","GlyGly (K)",0.918895917319072,0.633972537254186,0.355385757620848,6,"Not significant"
"Unstim / LPS","AHNAK","Q09666","Q09666","AHNK_HUMAN","Neuroblast differentiation-associated protein AHNAK","Q09666_K3481_M2_17","GlyGly (K)",0.918895917319072,0.633972537254186,0.355385757620848,6,"Not significant"
"Unstim / LPS","APOBR","Q0VD83","Q0VD83","APOBR_HUMAN","Apolipoprotein B receptor","Q0VD83_K933_M1_17","GlyGly (K)",0.457737222534693,0.633972537254186,0.323465402076039,6,"Not significant"
"Unstim / LPS","MYO1E","Q12965","Q12965","MYO1E_HUMAN","Unconventional myosin-Ie","Q12965_K679_M1_17","GlyGly (K)",-2.0949127628087,0.633972537254186,0.323329788236287,6,"Not significant"
"Unstim / LPS","TARDBP","Q13148","Q13148","TADBP_HUMAN","TAR DNA-binding protein 43","Q13148_K79_M1_17","GlyGly (K)",-3.88462172655986,0.633972537254186,0.424775383909297,6,"Not significant"
"Unstim / LPS","SF3B2","Q13435","Q13435","SF3B2_HUMAN","Splicing factor 3B subunit 2","Q13435_K770_M1_17","GlyGly (K)",4.49627628822,0.633972537254186,0.420329229330963,6,"Not significant"
"Unstim / LPS","TUBB3","Q13509","Q13509","TBB3_HUMAN","Tubulin beta-3 chain","Q13509_K103_M1_17","GlyGly (K)",-9.141181158142,0.633972537254186,0.422745130303297,6,"Not significant"
"Unstim / LPS","CAMK2D","Q13557","Q13557","KCC2D_HUMAN","Calcium/calmodulin-dependent protein kinase type II subunit delta","Q13557_K22_M1_17","GlyGly (K)",-1.82228147252633,0.633972537254186,0.401687982717377,6,"Not significant"
"Unstim / LPS","CAMK1","Q14012","Q14012","KCC1A_HUMAN","Calcium/calmodulin-dependent protein kinase type 1","Q14012_K304_M1_17","GlyGly (K)",0.619459961414752,0.633972537254186,0.41711849047441,6,"Not significant"
"Unstim / LPS","FLOT2","Q14254","Q14254","FLOT2_HUMAN","Flotillin-2","Q14254_K356_M2_17","GlyGly (K)",4.70835105073279,0.633972537254186,0.423736607245438,6,"Not significant"
"Unstim / LPS","CHD4","Q14839","Q14839","CHD4_HUMAN","Chromodomain-helicase-DNA-binding protein 4","Q14839_K1572_M2_17","GlyGly (K)",5.4390267976526,0.633972537254186,0.305414649264319,4,"Not significant"
"Unstim / LPS","RAB3GAP1","Q15042","Q15042","RB3GP_HUMAN","Rab3 GTPase-activating protein catalytic subunit","Q15042_K744_M1_17","GlyGly (K)",2.88250553240121,0.633972537254186,0.411376440824936,5,"Not significant"
"Unstim / LPS","RAB35","Q15286","Q15286","RAB35_HUMAN","Ras-related protein Rab-35","Q15286_K10_M1_17","GlyGly (K)",-7.31728485037735,0.633972537254186,0.416785977974234,6,"Not significant"
"Unstim / LPS","RAB11B","Q15907","Q15907","RB11B_HUMAN","Ras-related protein Rab-11B","Q15907_K41_M1_17","GlyGly (K)",0.727976852080404,0.633972537254186,0.339127481206954,6,"Not significant"
"Unstim / LPS","HP1BP3","Q5SSJ5","Q5SSJ5","HP1B3_HUMAN","Heterochromatin protein 1-binding protein 3","Q5SSJ5_K33_M1_17","GlyGly (K)",-7.66016405917189,0.633972537254186,0.344626664487177,6,"Not significant"
"Unstim / LPS","HP1BP3","Q5SSJ5","Q5SSJ5","HP1B3_HUMAN","Heterochromatin protein 1-binding protein 3","Q5SSJ5_K334_M1_17","GlyGly (K)",1.82956556865628,0.633972537254186,0.392689454598987,6,"Not significant"
"Unstim / LPS","TYW1B;TYW1","Q6NUM6;Q9NV66","Q6NUM6;Q9NV66","TYW1B_HUMAN;TYW1_HUMAN","S-adenosyl-L-methionine-dependent tRNA 4-demethylwyosine synthase TYW1B;S-adenosyl-L-methionine-dependent tRNA 4-demethylwyosine synthase TYW1","Q6NUM6_K414_M1_17","GlyGly (K)",-2.53097468996904,0.633972537254186,0.40912128425734,6,"Not significant"
"Unstim / LPS","TYW1B;TYW1","Q6NUM6;Q9NV66","Q6NUM6;Q9NV66","TYW1B_HUMAN;TYW1_HUMAN","S-adenosyl-L-methionine-dependent tRNA 4-demethylwyosine synthase TYW1B;S-adenosyl-L-methionine-dependent tRNA 4-demethylwyosine synthase TYW1","Q9NV66_K478_M1_17","GlyGly (K)",-2.53097468996904,0.633972537254186,0.40912128425734,6,"Not significant"
"Unstim / LPS","CNTRL","Q7Z7A1","Q7Z7A1","CNTRL_HUMAN","Centriolin","Q7Z7A1_K546_M1_17","GlyGly (K)",-4.25651052085161,0.633972537254186,0.413932906812536,6,"Not significant"
"Unstim / LPS","MYO18A","Q92614","Q92614","MY18A_HUMAN","Unconventional myosin-XVIIIa","Q92614_K1662_M1_17","GlyGly (K)",2.99463669115869,0.633972537254186,0.387275869684078,6,"Not significant"
"Unstim / LPS","NSMAF","Q92636","Q92636","FAN_HUMAN","Protein FAN","Q92636_K161_M1_17","GlyGly (K)",-1.07008926191585,0.633972537254186,0.399467435567788,6,"Not significant"
"Unstim / LPS","ANP32B","Q92688","Q92688","AN32B_HUMAN","Acidic leucine-rich nuclear phosphoprotein 32 family member B","Q92688_K116_M1_17","GlyGly (K)",0.144951844259061,0.633972537254186,0.422429100031553,6,"Not significant"
"Unstim / LPS","HDAC2","Q92769","Q92769","HDAC2_HUMAN","Histone deacetylase 2","Q92769_K362_M1_17","GlyGly (K)",-1.27145755600897,0.633972537254186,0.377470824770655,6,"Not significant"
"Unstim / LPS","SYMPK","Q92797","Q92797","SYMPK_HUMAN","Symplekin","Q92797_K1109_M1_17","GlyGly (K)",-0.657350237070258,0.633972537254186,0.345418764599722,6,"Not significant"
"Unstim / LPS","MRRF","Q96E11","Q96E11","RRFM_HUMAN","Ribosome-recycling factor, mitochondrial","Q96E11_K160_M1_17","GlyGly (K)",-1.61168948719909,0.633972537254186,0.329737642856144,6,"Not significant"
"Unstim / LPS","DAZAP1","Q96EP5","Q96EP5","DAZP1_HUMAN","DAZ-associated protein 1","Q96EP5_K59_M2_17","GlyGly (K)",0.300179450476036,0.633972537254186,0.332291359847608,4,"Not significant"
"Unstim / LPS","PPP1R10","Q96QC0","Q96QC0","PP1RA_HUMAN","Serine/threonine-protein phosphatase 1 regulatory subunit 10","Q96QC0_K458_M1_17","GlyGly (K)",5.33094137026497,0.633972537254186,0.422561598102873,6,"Not significant"
"Unstim / LPS","PARK7","Q99497","Q99497","PARK7_HUMAN","Parkinson disease protein 7","Q99497_K12_M1_17","GlyGly (K)",0.354636161364926,0.633972537254186,0.31022788273272,6,"Not significant"
"Unstim / LPS","PARK7","Q99497","Q99497","PARK7_HUMAN","Parkinson disease protein 7","Q99497_K148_M1_17","GlyGly (K)",3.96524451016813,0.633972537254186,0.423653924622115,6,"Not significant"
"Unstim / LPS","PLIN2","Q99541","Q99541","PLIN2_HUMAN","Perilipin-2","Q99541_K153_M2_17","GlyGly (K)",-7.08104218446147,0.633972537254186,0.421181161880174,6,"Not significant"
"Unstim / LPS","PLIN2","Q99541","Q99541","PLIN2_HUMAN","Perilipin-2","Q99541_K151_M2_17","GlyGly (K)",-7.08104218446147,0.633972537254186,0.421181161880174,6,"Not significant"
"Unstim / LPS","HNRNPAB","Q99729","Q99729","ROAA_HUMAN","Heterogeneous nuclear ribonucleoprotein A/B","Q99729_K169_M1_17","GlyGly (K)",3.70317411243718,0.633972537254186,0.418163983928925,6,"Not significant"
"Unstim / LPS","SH3GL1","Q99961","Q99961","SH3G1_HUMAN","Endophilin-A2","Q99961_K239_M1_17","GlyGly (K)",0.144951890729688,0.633972537254186,0.422428969094405,6,"Not significant"
"Unstim / LPS","DDX50","Q9BQ39","Q9BQ39","DDX50_HUMAN","ATP-dependent RNA helicase DDX50","Q9BQ39_K213_M1_17","GlyGly (K)",-4.69731549559262,0.633972537254186,0.423328838579996,6,"Not significant"
"Unstim / LPS","TRIM56","Q9BRZ2","Q9BRZ2","TRI56_HUMAN","E3 ubiquitin-protein ligase TRIM56","Q9BRZ2_K98_M1_17","GlyGly (K)",3.17593973697191,0.633972537254186,0.417978645044994,6,"Not significant"
"Unstim / LPS","TUBB6","Q9BUF5","Q9BUF5","TBB6_HUMAN","Tubulin beta-6 chain","Q9BUF5_K122_M1_17","GlyGly (K)",0.855188861213904,0.633972537254186,0.365456182449447,6,"Not significant"
"Unstim / LPS","CADM1","Q9BY67","Q9BY67","CADM1_HUMAN","Cell adhesion molecule 1","Q9BY67_K108_M1_17","GlyGly (K)",-1.4189410417914,0.633972537254186,0.412713117840922,6,"Not significant"
"Unstim / LPS","HELZ2","Q9BYK8","Q9BYK8","HELZ2_HUMAN","Helicase with zinc finger domain 2","Q9BYK8_K2077_M1_17","GlyGly (K)",5.8976050682623,0.633972537254186,0.418872557991146,6,"Not significant"
"Unstim / LPS","WDR33","Q9C0J8","Q9C0J8","WDR33_HUMAN","pre-mRNA 3' end processing protein WDR33","Q9C0J8_K536_M1_17","GlyGly (K)",-1.85981377703537,0.633972537254186,0.393066160424216,6,"Not significant"
"Unstim / LPS","TM9SF3","Q9HD45","Q9HD45","TM9S3_HUMAN","Transmembrane 9 superfamily member 3","Q9HD45_K114_M1_17","GlyGly (K)",-3.34316142299967,0.633972537254186,0.41092109955191,6,"Not significant"
"Unstim / LPS","DNAJB11","Q9UBS4","Q9UBS4","DJB11_HUMAN","DnaJ homolog subfamily B member 11","Q9UBS4_K328_M1_17","GlyGly (K)",-2.67093778889362,0.633972537254186,0.401499670262206,6,"Not significant"
"Unstim / LPS","LIMA1","Q9UHB6","Q9UHB6","LIMA1_HUMAN","LIM domain and actin-binding protein 1","Q9UHB6_K250_M1_17","GlyGly (K)",-0.312539755177041,0.633972537254186,0.320608415276065,6,"Not significant"
"Unstim / LPS","LSM7","Q9UK45","Q9UK45","LSM7_HUMAN","U6 snRNA-associated Sm-like protein LSm7","Q9UK45_K8_M2_17","GlyGly (K)",-7.7029814613354,0.633972537254186,0.422101840043942,5,"Not significant"
"Unstim / LPS","RUVBL2","Q9Y230","Q9Y230","RUVB2_HUMAN","RuvB-like 2","Q9Y230_K115_M1_17","GlyGly (K)",1.47358938885812,0.633972537254186,0.398338146160197,6,"Not significant"
"Unstim / LPS","CD2AP","Q9Y5K6","Q9Y5K6","CD2AP_HUMAN","CD2-associated protein","Q9Y5K6_K557_M1_17","GlyGly (K)",5.59939318695245,0.633972537254186,0.418638347484575,6,"Not significant"
"Unstim / LPS","COPG1","Q9Y678","Q9Y678","COPG1_HUMAN","Coatomer subunit gamma-1","Q9Y678_K497_M1_17","GlyGly (K)",-3.16544464148804,0.633972537254186,0.351106416466023,6,"Not significant"
"Unstim / LPS","SQOR","Q9Y6N5","Q9Y6N5","SQOR_HUMAN","Sulfide:quinone oxidoreductase, mitochondrial","Q9Y6N5_K280_M1_17","GlyGly (K)",-5.79649220199485,0.633972537254186,0.420803325223431,6,"Not significant"
"Unstim / LPS","AQR","O60306","O60306","AQR_HUMAN","RNA helicase aquarius","O60306_K44_M1_17","GlyGly (K)",0.448159410601037,0.633972537254186,0.302899052602989,5,"Not significant"
"Unstim / LPS","AK2","P54819","P54819","KAD2_HUMAN","Adenylate kinase 2, mitochondrial","P54819_K65_M2_17","GlyGly (K)",0.144951817457341,0.633972537254186,0.422429104544343,6,"Not significant"
"Unstim / LPS","RIDA","P52758","P52758","RIDA_HUMAN","2-iminobutanoate/2-iminopropanoate deaminase","P52758_K67_M2_17","GlyGly (K)",-0.55107188973346,0.633972537254186,0.359062761880419,4,"Not significant"
"Unstim / LPS","ERLIN2","O94905","O94905","ERLN2_HUMAN","Erlin-2","O94905_K273_M2_17","GlyGly (K)",-7.05352587710797,0.633972537254186,0.422825893533661,5,"Not significant"
"Unstim / LPS","RAB14","P61106","P61106","RAB14_HUMAN","Ras-related protein Rab-14","P61106_K61_M2_17","GlyGly (K)",0.238375108389933,0.634608217781663,0.441324521282325,6,"Not significant"
"Unstim / LPS","RAB14","P61106","P61106","RAB14_HUMAN","Ras-related protein Rab-14","P61106_K59_M2_17","GlyGly (K)",0.238375108389933,0.634608217781663,0.441324521282325,6,"Not significant"
"Unstim / LPS","FKBP2","P26885","P26885","FKBP2_HUMAN","Peptidyl-prolyl cis-trans isomerase FKBP2","P26885_K59_M1_17","GlyGly (K)",-0.756960234916346,0.634900677682631,0.443168683485056,6,"Not significant"
"Unstim / LPS","NCL","P19338","P19338","NUCL_HUMAN","Nucleolin","P19338_K362_M1_17","GlyGly (K)",-2.55429440788179,0.634985041749315,0.443524456136723,6,"Not significant"
"Unstim / LPS","LMNA","P02545","P02545","LMNA_HUMAN","Prelamin-A/C","P02545_K171_M1_17","GlyGly (K)",-0.469373099896707,0.634993356395281,0.443675266908435,6,"Not significant"
"Unstim / LPS","VMA21","Q3ZAQ7","Q3ZAQ7","VMA21_HUMAN","Vacuolar ATPase assembly integral membrane protein VMA21","Q3ZAQ7_K6_M1_17","GlyGly (K)",1.13761375740834,0.63501908124766,0.444000281410397,6,"Not significant"
"Unstim / LPS","CNBP","P62633","P62633","CNBP_HUMAN","CCHC-type zinc finger nucleic acid binding protein","P62633_K103_M1_17","GlyGly (K)",1.08017032066274,0.635102519533922,0.44424562747086,6,"Not significant"
"Unstim / LPS","YWHAB","P31946","P31946","1433B_HUMAN","14-3-3 protein beta/alpha","P31946_K160_M1_17","GlyGly (K)",0.475262966896507,0.635410724612989,0.445622167754937,6,"Not significant"
"Unstim / LPS","RNH1","P13489","P13489","RINI_HUMAN","Ribonuclease inhibitor","P13489_K86_M1_17","GlyGly (K)",0.287805695675737,0.635510170709625,0.44613115477097,6,"Not significant"
"Unstim / LPS","APEX1","P27695","P27695","APEX1_HUMAN","DNA-(apurinic or apyrimidinic site) endonuclease","P27695_K58_M2_17","GlyGly (K)",0.340710109242349,0.636364053402673,0.449947871769558,5,"Not significant"
"Unstim / LPS","ACTR2","P61160","P61160","ARP2_HUMAN","Actin-related protein 2","P61160_K46_M2_17","GlyGly (K)",-0.592472611508904,0.63716655404598,0.452649751284491,5,"Not significant"
"Unstim / LPS","P4HB","P07237","P07237","PDIA1_HUMAN","Protein disulfide-isomerase","P07237_K285_M2_17","GlyGly (K)",0.114366899327905,0.637621828790037,0.454742317607564,6,"Not significant"
"Unstim / LPS","P4HB","P07237","P07237","PDIA1_HUMAN","Protein disulfide-isomerase","P07237_K283_M2_17","GlyGly (K)",0.114366899327905,0.637621828790037,0.454742317607564,6,"Not significant"
"Unstim / LPS","LMNA","P02545","P02545","LMNA_HUMAN","Prelamin-A/C","P02545_K144_M1_17","GlyGly (K)",0.309406002276716,0.638051150688015,0.456623312339474,6,"Not significant"
"Unstim / LPS","NELFA","Q9H3P2","Q9H3P2","NELFA_HUMAN","Negative elongation factor A","Q9H3P2_K288_M1_17","GlyGly (K)",-0.911966623216601,0.639335463632563,0.461054341857553,6,"Not significant"
"Unstim / LPS","VIM","P08670","P08670","VIME_HUMAN","Vimentin","P08670_K104_M1_17","GlyGly (K)",-0.524329547414102,0.639418718333388,0.461440421625805,6,"Not significant"
"Unstim / LPS","ACAA2","P42765","P42765","THIM_HUMAN","3-ketoacyl-CoA thiolase, mitochondrial","P42765_K312_M1_17","GlyGly (K)",1.16362292137505,0.639700074833885,0.462395290686698,6,"Not significant"
"Unstim / LPS","LRRFIP2","Q9Y608","Q9Y608","LRRF2_HUMAN","Leucine-rich repeat flightless-interacting protein 2","Q9Y608_K14_M1_17","GlyGly (K)",1.30521899079246,0.640499961143679,0.465545564880797,6,"Not significant"
"Unstim / LPS","HSPA9","P38646","P38646","GRP75_HUMAN","Stress-70 protein, mitochondrial","P38646_K485_M1_17","GlyGly (K)",1.63578862122163,0.640659373890657,0.466156871523464,6,"Not significant"
"Unstim / LPS","UBE2N","P61088","P61088","UBE2N_HUMAN","Ubiquitin-conjugating enzyme E2 N","P61088_K10_M1_17","GlyGly (K)",0.323092086018172,0.641766558726488,0.469919948698879,6,"Not significant"
"Unstim / LPS","NUDC","Q9Y266","Q9Y266","NUDC_HUMAN","Nuclear migration protein nudC","Q9Y266_K275_M1_17","GlyGly (K)",-0.136898459691364,0.643311558595066,0.474870621099917,6,"Not significant"
"Unstim / LPS","XRN2","Q9H0D6","Q9H0D6","XRN2_HUMAN","5'-3' exoribonuclease 2","Q9H0D6_K533_M1_17","GlyGly (K)",2.01239603360939,0.643650021142209,0.475977309473523,5,"Not significant"
"Unstim / LPS","ALB","Cont_P02769","Cont_P02769","ALBU_BOVIN","Albumin","Cont_P02769_K580_M1_17","GlyGly (K)",0.572742208158406,0.644696789200346,0.49300518506964,6,"Not significant"
"Unstim / LPS","KRT2","Cont_P35908;P35908","Cont_P35908;P35908","K22E_HUMAN","Keratin, type II cytoskeletal 2 epidermal;Keratin, type II cytoskeletal 2 epidermal","Cont_P35908_K267_M1_17","GlyGly (K)",2.54153988776052,0.644696789200346,0.489793816599334,6,"Not significant"
"Unstim / LPS","KRT2","Cont_P35908;P35908","Cont_P35908;P35908","K22E_HUMAN","Keratin, type II cytoskeletal 2 epidermal;Keratin, type II cytoskeletal 2 epidermal","P35908_K267_M1_17","GlyGly (K)",2.54153988776052,0.644696789200346,0.489793816599334,6,"Not significant"
"Unstim / LPS","SOD2","P04179","P04179","SODM_HUMAN","Superoxide dismutase [Mn], mitochondrial","P04179_K75_M1_17","GlyGly (K)",-1.02097322556305,0.644696789200346,0.502911493588678,6,"Not significant"
"Unstim / LPS","GAPDH","P04406","P04406","G3P_HUMAN","Glyceraldehyde-3-phosphate dehydrogenase","P04406_K186_M1_17","GlyGly (K)",0.111912212936088,0.644696789200346,0.486479595090279,6,"Not significant"
"Unstim / LPS","KIF5B","P33176","P33176","KINH_HUMAN","Kinesin-1 heavy chain","P33176_K402_M2_17","GlyGly (K)",2.83870959900457,0.644696789200346,0.483978835566048,4,"Not significant"
"Unstim / LPS","MYH9","P35579","P35579","MYH9_HUMAN","Myosin-9","P35579_K682_M1_17","GlyGly (K)",1.42185854528516,0.644696789200346,0.493868156351517,6,"Not significant"
"Unstim / LPS","RPL4","P36578","P36578","RL4_HUMAN","Large ribosomal subunit protein uL4","P36578_K157_M1_17","GlyGly (K)",-0.862525542445174,0.644696789200346,0.497158842229016,6,"Not significant"
"Unstim / LPS","CUX1","P39880","P39880","CUX1_HUMAN","Homeobox protein cut-like 1","P39880_K272_M1_17","GlyGly (K)",-0.138076481842151,0.644696789200346,0.485937938001611,6,"Not significant"
"Unstim / LPS","MDH2","P40926","P40926","MDHM_HUMAN","Malate dehydrogenase, mitochondrial","P40926_K91_M1_17","GlyGly (K)",0.635955099606344,0.644696789200346,0.491090702756657,6,"Not significant"
"Unstim / LPS","PGD","P52209","P52209","6PGD_HUMAN","6-phosphogluconate dehydrogenase, decarboxylating","P52209_K38_M1_17","GlyGly (K)",-2.25844578271492,0.644696789200346,0.490103877527026,6,"Not significant"
"Unstim / LPS","RPS27A","P62979","P62979","RS27A_HUMAN","Ubiquitin-ribosomal protein eS31 fusion protein","P62979_K48_M1_17","GlyGly (K)",0.296615006721677,0.644696789200346,0.49968216952952,6,"Not significant"
"Unstim / LPS","BASP1","P80723","P80723","BASP1_HUMAN","Brain acid soluble protein 1","P80723_K97_M2_17","GlyGly (K)",3.3450093543736,0.644696789200346,0.495383913254525,4,"Not significant"
"Unstim / LPS","CAP1","Q01518","Q01518","CAP1_HUMAN","Adenylyl cyclase-associated protein 1","Q01518_K155_M1_17","GlyGly (K)",1.27760654257034,0.644696789200346,0.481763711997321,6,"Not significant"
"Unstim / LPS","PRSS1","Cont_P00760","Cont_P00760","TRY1_BOVIN","Serine protease 1","Cont_P00760_K112_M2_17","GlyGly (K)",-10.3159536524046,0.644696789200346,0.499967424744071,5,"Not significant"
"Unstim / LPS","MLLT1","Q03111","Q03111","ENL_HUMAN","Protein ENL","Q03111_K269_M1_17","GlyGly (K)",11.9436628715317,0.644696789200346,0.499983256362741,4,"Not significant"
"Unstim / LPS","ARL8B","Q9NVJ2","Q9NVJ2","ARL8B_HUMAN","ADP-ribosylation factor-like protein 8B","Q9NVJ2_K165_M2_17","GlyGly (K)",-7.92155672777152,0.644696789200346,0.499766716561005,4,"Not significant"
"Unstim / LPS","HYPK","Q9NX55","Q9NX55","HYPK_HUMAN","Huntingtin-interacting protein K","Q9NX55_K83_M2_17","GlyGly (K)",-0.138037878931567,0.644696789200346,0.48557899285759,6,"Not significant"
"Unstim / LPS","GSN","P06396","P06396","GELS_HUMAN","Gelsolin","P06396_K373_M2_17","GlyGly (K)",-5.76446825468398,0.644731757094146,0.503559569927349,4,"Not significant"
"Unstim / LPS","KRT10","Cont_P13645;P13645","Cont_P13645;P13645","K1C10_HUMAN","Keratin, type I cytoskeletal 10;Keratin, type I cytoskeletal 10","Cont_P13645_K362_M1_17","GlyGly (K)",-3.25680074521498,0.644895252252955,0.50523078143385,4,"Not significant"
"Unstim / LPS","KRT10","Cont_P13645;P13645","Cont_P13645;P13645","K1C10_HUMAN","Keratin, type I cytoskeletal 10;Keratin, type I cytoskeletal 10","P13645_K362_M1_17","GlyGly (K)",-3.25680074521498,0.644895252252955,0.50523078143385,4,"Not significant"
"Unstim / LPS","HP1BP3","Q5SSJ5","Q5SSJ5","HP1B3_HUMAN","Heterochromatin protein 1-binding protein 3","Q5SSJ5_K29_M2_17","GlyGly (K)",0.552521072766859,0.645408289330486,0.508327568704205,4,"Not significant"
"Unstim / LPS","C6orf47","O95873","O95873","CF047_HUMAN","Uncharacterized protein C6orf47","O95873_K147_M1_17","GlyGly (K)",2.04565740737612,0.645658431475914,0.509175259415835,6,"Not significant"
"Unstim / LPS","NDRG1","Q92597","Q92597","NDRG1_HUMAN","Protein NDRG1","Q92597_K285_M1_17","GlyGly (K)",-1.01928840226677,0.646376289498537,0.511827767824888,6,"Not significant"
"Unstim / LPS","HINT1","P49773","P49773","HINT1_HUMAN","Adenosine 5'-monophosphoramidase HINT1","P49773_K30_M1_17","GlyGly (K)",-2.20064243889052,0.646728390648489,0.513260672523985,6,"Not significant"
"Unstim / LPS","SRP19","P09132","P09132","SRP19_HUMAN","Signal recognition particle 19 kDa protein","P09132_K39_M1_17","GlyGly (K)",0.366917863161195,0.647188999377849,0.514690166417364,6,"Not significant"
"Unstim / LPS","ELOC","Q15369","Q15369","ELOC_HUMAN","Elongin-C","Q15369_K72_M1_17","GlyGly (K)",-0.135065901698487,0.647465092290934,0.515868024272496,6,"Not significant"
"Unstim / LPS","EEF1D","P29692","P29692","EF1D_HUMAN","Elongation factor 1-delta","P29692_K59_M1_17","GlyGly (K)",-0.24331059919545,0.647479296439893,0.515978057081037,6,"Not significant"
"Unstim / LPS","ACTN4","O43707","O43707","ACTN4_HUMAN","Alpha-actinin-4","O43707_K233_M1_17","GlyGly (K)",0.424183872497463,0.648534750637284,0.519675825909583,6,"Not significant"
"Unstim / LPS","NONO","Q15233","Q15233","NONO_HUMAN","Non-POU domain-containing octamer-binding protein","Q15233_K467_M1_17","GlyGly (K)",0.425618391409534,0.648692572968395,0.52033145363417,6,"Not significant"
"Unstim / LPS","GOLGA2","Q08379","Q08379","GOGA2_HUMAN","Golgin subfamily A member 2","Q08379_K280_M1_17","GlyGly (K)",0.415052479066189,0.650664175349561,0.526425989300255,6,"Not significant"
"Unstim / LPS","KRT80","Cont_Q6KB66;Q6KB66","Cont_Q6KB66;Q6KB66","K2C80_HUMAN","Keratin, type II cytoskeletal 80;Keratin, type II cytoskeletal 80","Cont_Q6KB66_K365_M2_17","GlyGly (K)",-0.749633619314471,0.651149255340805,0.527824903364649,4,"Not significant"
"Unstim / LPS","KRT80","Cont_Q6KB66;Q6KB66","Cont_Q6KB66;Q6KB66","K2C80_HUMAN","Keratin, type II cytoskeletal 80;Keratin, type II cytoskeletal 80","Q6KB66_K365_M2_17","GlyGly (K)",-0.749633619314471,0.651149255340805,0.527824903364649,4,"Not significant"
"Unstim / LPS","HSPA9","P38646","P38646","GRP75_HUMAN","Stress-70 protein, mitochondrial","P38646_K76_M1_17","GlyGly (K)",0.373568913097709,0.65162650118603,0.529273344129998,6,"Not significant"
"Unstim / LPS","GAPDH","P04406","P04406","G3P_HUMAN","Glyceraldehyde-3-phosphate dehydrogenase","P04406_K139_M1_17","GlyGly (K)",0.725826939197738,0.652190976541672,0.530919005200287,6,"Not significant"
"Unstim / LPS","AHNAK","Q09666","Q09666","AHNK_HUMAN","Neuroblast differentiation-associated protein AHNAK","Q09666_K4761_M1_17","GlyGly (K)",0.408938620332367,0.652340778963387,0.531316242831589,6,"Not significant"
"Unstim / LPS","NCL","P19338","P19338","NUCL_HUMAN","Nucleolin","P19338_K297_M2_17","GlyGly (K)",1.20815243138537,0.654592993641721,0.53799714411531,6,"Not significant"
"Unstim / LPS","NCL","P19338","P19338","NUCL_HUMAN","Nucleolin","P19338_K295_M2_17","GlyGly (K)",1.20815243138537,0.654592993641721,0.53799714411531,6,"Not significant"
"Unstim / LPS","SRPRA","P08240","P08240","SRPRA_HUMAN","Signal recognition particle receptor subunit alpha","P08240_K206_M1_17","GlyGly (K)",-1.87743176958739,0.655062362533646,0.539665711098207,6,"Not significant"
"Unstim / LPS","ATP2A2","P16615","P16615","AT2A2_HUMAN","Sarcoplasmic/endoplasmic reticulum calcium ATPase 2","P16615_K352_M1_17","GlyGly (K)",1.57970969136567,0.655398268929859,0.540746020707384,6,"Not significant"
"Unstim / LPS","KRT73","Cont_Q86Y46;Q86Y46","Cont_Q86Y46;Q86Y46","K2C73_HUMAN","Keratin, type II cytoskeletal 73;Keratin, type II cytoskeletal 73","Cont_Q86Y46_K137_M2_17","GlyGly (K)",1.2584911083135,0.657421339918473,0.546480731332141,6,"Not significant"
"Unstim / LPS","KRT73","Cont_Q86Y46;Q86Y46","Cont_Q86Y46;Q86Y46","K2C73_HUMAN","Keratin, type II cytoskeletal 73;Keratin, type II cytoskeletal 73","Q86Y46_K137_M2_17","GlyGly (K)",1.2584911083135,0.657421339918473,0.546480731332141,6,"Not significant"
"Unstim / LPS","HSPA5","P11021","P11021","BIP_HUMAN","Endoplasmic reticulum chaperone BiP","P11021_K573_M1_17","GlyGly (K)",-0.454818768180774,0.657877112493269,0.547890517261413,6,"Not significant"
"Unstim / LPS","HSPD1","P10809","P10809","CH60_HUMAN","60 kDa heat shock protein, mitochondrial","P10809_K389_M2_17","GlyGly (K)",0.426290742412427,0.658388012900794,0.549538193697879,6,"Not significant"
"Unstim / LPS","HSPD1","P10809","P10809","CH60_HUMAN","60 kDa heat shock protein, mitochondrial","P10809_K387_M2_17","GlyGly (K)",0.426290742412427,0.658388012900794,0.549538193697879,6,"Not significant"
"Unstim / LPS","HNRNPU","Q00839","Q00839","HNRPU_HUMAN","Heterogeneous nuclear ribonucleoprotein U","Q00839_K436_M1_17","GlyGly (K)",-0.777501394771084,0.659264541106414,0.552155515524544,6,"Not significant"
"Unstim / LPS","GSN","P06396","P06396","GELS_HUMAN","Gelsolin","P06396_K530_M1_17","GlyGly (K)",0.235615973274631,0.660560387202719,0.555881907296582,4,"Not significant"
"Unstim / LPS","ARPC4","P59998","P59998","ARPC4_HUMAN","Actin-related protein 2/3 complex subunit 4","P59998_K44_M1_17","GlyGly (K)",0.759926245245537,0.660625071897401,0.556163449744434,6,"Not significant"
"Unstim / LPS","GSPT2","Q8IYD1","Q8IYD1","ERF3B_HUMAN","Eukaryotic peptide chain release factor GTP-binding subunit ERF3B","Q8IYD1_K57_M1_17","GlyGly (K)",0.195839320191623,0.660884986867746,0.556926878123262,6,"Not significant"
"Unstim / LPS","HSPA9","P38646","P38646","GRP75_HUMAN","Stress-70 protein, mitochondrial","P38646_K265_M2_17","GlyGly (K)",0.386337436171789,0.660962241409691,0.557261048158591,5,"Not significant"
"Unstim / LPS","ATXN2L","Q8WWM7","Q8WWM7","ATX2L_HUMAN","Ataxin-2-like protein","Q8WWM7_K3_M1_17","GlyGly (K)",0.233652871438101,0.665197685950396,0.57020392442787,6,"Not significant"
"Unstim / LPS","INF2","Q27J81","Q27J81","INF2_HUMAN","Inverted formin-2","Q27J81_K966_M1_17","GlyGly (K)",0.491721731006803,0.665580798162792,0.571194452825836,6,"Not significant"
"Unstim / LPS","NRGN","Q92686","Q92686","NEUG_HUMAN","Neurogranin","Q92686_K11_M1_17","GlyGly (K)",1.63489842815913,0.66636232126016,0.573486839513766,6,"Not significant"
"Unstim / LPS","TOP1","P11387","P11387","TOP1_HUMAN","DNA topoisomerase 1","P11387_K252_M1_17","GlyGly (K)",0.619249945791762,0.66680089443686,0.574999793314238,5,"Not significant"
"Unstim / LPS","SMCHD1","A6NHR9","A6NHR9","SMHD1_HUMAN","Structural maintenance of chromosomes flexible hinge domain-containing protein 1","A6NHR9_K1798_M2_17","GlyGly (K)",1.95641083291064,0.668393567422537,0.579865527157248,4,"Not significant"
"Unstim / LPS","RPL27","P61353","P61353","RL27_HUMAN","Large ribosomal subunit protein eL27","P61353_K69_M2_17","GlyGly (K)",-0.362501228070693,0.669155572140865,0.582206437110886,5,"Not significant"
"Unstim / LPS","SHTN1","A0MZ66","A0MZ66","SHOT1_HUMAN","Shootin-1","A0MZ66_K169_M1_17","GlyGly (K)",-0.252212676439988,0.669215716254583,0.582578728205068,6,"Not significant"
"Unstim / LPS","HSPA8","P11142","P11142","HSP7C_HUMAN","Heat shock cognate 71 kDa protein","P11142_K88_M1_17","GlyGly (K)",0.574872653676587,0.670822093861283,0.587411873881615,6,"Not significant"
"Unstim / LPS","GLO1","Q04760","Q04760","LGUL_HUMAN","Lactoylglutathione lyase","Q04760_K28_M1_17","GlyGly (K)",-0.940807626822983,0.671681895802117,0.590192558214927,6,"Not significant"
"Unstim / LPS","RBM25","P49756","P49756","RBM25_HUMAN","RNA-binding protein 25","P49756_K261_M1_17","GlyGly (K)",0.776415568739165,0.671860060103584,0.590639995848563,6,"Not significant"
"Unstim / LPS","CAP1","Q01518","Q01518","CAP1_HUMAN","Adenylyl cyclase-associated protein 1","Q01518_K149_M1_17","GlyGly (K)",-0.825231340480282,0.673091363719582,0.594407236353044,6,"Not significant"
"Unstim / LPS","TGM2","P21980","P21980","TGM2_HUMAN","Protein-glutamine gamma-glutamyltransferase 2","P21980_K527_M1_17","GlyGly (K)",0.10378292823146,0.673701178819572,0.596261589886915,6,"Not significant"
"Unstim / LPS","WAS","P42768","P42768","WASP_HUMAN","Actin nucleation-promoting factor WAS","P42768_K235_M1_17","GlyGly (K)",-0.811477401391487,0.674120399025382,0.597657572184526,6,"Not significant"
"Unstim / LPS","ANXA6","P08133","P08133","ANXA6_HUMAN","Annexin A6","P08133_K483_M2_17","GlyGly (K)",-0.163522236123004,0.677216678108977,0.60637408297964,5,"Not significant"
"Unstim / LPS","HMGA1","P17096","P17096","HMGA1_HUMAN","High mobility group protein HMG-I/HMG-Y","P17096_K18_M2_17","GlyGly (K)",1.77501770551734,0.67723590338409,0.60647804864286,5,"Not significant"
"Unstim / LPS","RAB1A","P62820","P62820","RAB1A_HUMAN","Ras-related protein Rab-1A","P62820_K156_M1_17","GlyGly (K)",0.265209741435675,0.67783286220243,0.60823443290056,6,"Not significant"
"Unstim / LPS","STIP1","P31948","P31948","STIP1_HUMAN","Stress-induced-phosphoprotein 1","P31948_K100_M1_17","GlyGly (K)",-0.418332894264448,0.677928826081056,0.608527541019756,6,"Not significant"
"Unstim / LPS","ANXA5","P08758","P08758","ANXA5_HUMAN","Annexin A5","P08758_K70_M1_17","GlyGly (K)",0.671329185064036,0.678020319442246,0.608781510679292,6,"Not significant"
"Unstim / LPS","AK2","P54819","P54819","KAD2_HUMAN","Adenylate kinase 2, mitochondrial","P54819_K121_M1_17","GlyGly (K)",0.681804275332859,0.678220661632035,0.609666401856837,6,"Not significant"
"Unstim / LPS","CDC42","P60953","P60953","CDC42_HUMAN","Cell division control protein 42 homolog","P60953_K163_M2_17","GlyGly (K)",-0.540049514044352,0.678815136294834,0.611370693960509,4,"Not significant"
"Unstim / LPS","PDIA3","P30101","P30101","PDIA3_HUMAN","Protein disulfide-isomerase A3","P30101_K252_M1_17","GlyGly (K)",0.711277125447727,0.679119200505767,0.612311662512282,6,"Not significant"
"Unstim / LPS","H2AC4;H2AC25","P04908;Q7L7L0","P04908;Q7L7L0","H2A1B_HUMAN;H2A3_HUMAN","Histone H2A type 1-B/E;Histone H2A type 3","P04908_K96_M1_17","GlyGly (K)",0.644441710049054,0.680990411951251,0.618107761959495,6,"Not significant"
"Unstim / LPS","H2AC4;H2AC25","P04908;Q7L7L0","P04908;Q7L7L0","H2A1B_HUMAN;H2A3_HUMAN","Histone H2A type 1-B/E;Histone H2A type 3","Q7L7L0_K96_M1_17","GlyGly (K)",0.644441710049054,0.680990411951251,0.618107761959495,6,"Not significant"
"Unstim / LPS","SRSF7","Q16629","Q16629","SRSF7_HUMAN","Serine/arginine-rich splicing factor 7","Q16629_K24_M1_17","GlyGly (K)",0.967192668628962,0.681452956250874,0.619328146123601,6,"Not significant"
"Unstim / LPS","AHNAK","Q09666","Q09666","AHNK_HUMAN","Neuroblast differentiation-associated protein AHNAK","Q09666_K4559_M1_17","GlyGly (K)",0.266483106628112,0.683397432725831,0.625192677120823,6,"Not significant"
"Unstim / LPS","SOD2","P04179","P04179","SODM_HUMAN","Superoxide dismutase [Mn], mitochondrial","P04179_K68_M1_17","GlyGly (K)",-0.351428032726592,0.683663470085869,0.626059907711386,6,"Not significant"
"Unstim / LPS","PML","P29590","P29590","PML_HUMAN","Protein PML","P29590_K209_M1_17","GlyGly (K)",0.335289224731614,0.683663470085869,0.626052152109277,6,"Not significant"
"Unstim / LPS","HSPA2","P54652","P54652","HSP72_HUMAN","Heat shock-related 70 kDa protein 2","P54652_K113_M2_17","GlyGly (K)",0.780480001379341,0.684030644926391,0.62704509279594,5,"Not significant"
"Unstim / LPS","EHD1","Q9H4M9","Q9H4M9","EHD1_HUMAN","EH domain-containing protein 1","Q9H4M9_K13_M1_17","GlyGly (K)",0.74607914527563,0.684347358446018,0.628021936185022,6,"Not significant"
"Unstim / LPS","GPX1","P07203","P07203","GPX1_HUMAN","Glutathione peroxidase 1","P07203_K166_M1_17","GlyGly (K)",0.785086815484771,0.684713726892873,0.629106553641246,6,"Not significant"
"Unstim / LPS","TPI1","P60174","P60174","TPIS_HUMAN","Triosephosphate isomerase","P60174_K131_M1_17","GlyGly (K)",0.43149502472338,0.685123443033779,0.630401035805894,6,"Not significant"
"Unstim / LPS","TPI1","P60174","P60174","TPIS_HUMAN","Triosephosphate isomerase","P60174_K85_M1_17","GlyGly (K)",-0.195624880991642,0.686060468869005,0.633345301715397,6,"Not significant"
"Unstim / LPS","OSBPL8","Q9BZF1","Q9BZF1","OSBL8_HUMAN","Oxysterol-binding protein-related protein 8","Q9BZF1_K482_M1_17","GlyGly (K)",0.560394068365276,0.686545257240137,0.635019060880993,6,"Not significant"
"Unstim / LPS","ARHGDIA","P52565","P52565","GDIR1_HUMAN","Rho GDP-dissociation inhibitor 1","P52565_K33_M1_17","GlyGly (K)",0.153157478460184,0.688709668359816,0.642148621775824,6,"Not significant"
"Unstim / LPS","SUMF1","Q8NBK3","Q8NBK3","SUMF1_HUMAN","Formylglycine-generating enzyme","Q8NBK3_K109_M1_17","GlyGly (K)",0.6449277676215,0.688737168253459,0.64223961391458,6,"Not significant"
"Unstim / LPS","CAP2","P40123","P40123","CAP2_HUMAN","Adenylyl cyclase-associated protein 2","P40123_K320_M2_17","GlyGly (K)",-1.15296982159906,0.688751223979454,0.64234654493004,4,"Not significant"
"Unstim / LPS","GSTP1","P09211","P09211","GSTP1_HUMAN","Glutathione S-transferase P","P09211_K191_M1_17","GlyGly (K)",0.0895693109057866,0.691197346834443,0.649916020508986,6,"Not significant"
"Unstim / LPS","ACTN1","P12814","P12814","ACTN1_HUMAN","Alpha-actinin-1","P12814_K649_M1_17","GlyGly (K)",0.536947970119502,0.691565400268405,0.650942348832761,6,"Not significant"
"Unstim / LPS","MTF1","Q14872","Q14872","MTF1_HUMAN","Metal regulatory transcription factor 1","Q14872_K627_M1_17","GlyGly (K)",-0.62634590101753,0.692348090644887,0.653157772733936,6,"Not significant"
"Unstim / LPS","GLUD1","P00367","P00367","DHE3_HUMAN","Glutamate dehydrogenase 1, mitochondrial","P00367_K171_M1_17","GlyGly (K)",1.13953355287478,0.692733245160167,0.654439413761678,6,"Not significant"
"Unstim / LPS","PKM","P14618","P14618","KPYM_HUMAN","Pyruvate kinase PKM","P14618_K125_M1_17","GlyGly (K)",0.384508948548049,0.694454430301998,0.659496671662827,6,"Not significant"
"Unstim / LPS","AHNAK","Q09666","Q09666","AHNK_HUMAN","Neuroblast differentiation-associated protein AHNAK","Q09666_K4687_M2_17","GlyGly (K)",0.284194344057372,0.695171578114652,0.661961533328765,5,"Not significant"
"Unstim / LPS","NCF2","P19878","P19878","NCF2_HUMAN","Neutrophil cytosol factor 2","P19878_K92_M1_17","GlyGly (K)",0.927626079897228,0.696030252868742,0.664787729611647,6,"Not significant"
"Unstim / LPS","ATP5F1A","P25705","P25705","ATPA_HUMAN","ATP synthase subunit alpha, mitochondrial","P25705_K175_M1_17","GlyGly (K)",-0.307820474576703,0.696030252868742,0.664788232952463,6,"Not significant"
"Unstim / LPS","DNM2","P50570","P50570","DYN2_HUMAN","Dynamin-2","P50570_K414_M1_17","GlyGly (K)",-0.165308529400847,0.696273439939562,0.665691223178497,6,"Not significant"
"Unstim / LPS","HMGB2","P26583","P26583","HMGB2_HUMAN","High mobility group protein B2","P26583_K59_M2_17","GlyGly (K)",0.436919717488084,0.696292434432158,0.66583925865084,6,"Not significant"
"Unstim / LPS","HMGB2","P26583","P26583","HMGB2_HUMAN","High mobility group protein B2","P26583_K57_M2_17","GlyGly (K)",0.436919717488084,0.696292434432158,0.66583925865084,6,"Not significant"
"Unstim / LPS","CLIC4","Q9Y696","Q9Y696","CLIC4_HUMAN","Chloride intracellular channel protein 4","Q9Y696_K238_M1_17","GlyGly (K)",0.0979806904682871,0.696398394938261,0.666140453306083,6,"Not significant"
"Unstim / LPS","AK2","P54819","P54819","KAD2_HUMAN","Adenylate kinase 2, mitochondrial","P54819_K164_M1_17","GlyGly (K)",0.673072341646165,0.69669034478573,0.667157463515874,6,"Not significant"
"Unstim / LPS","LRRFIP2","Q9Y608","Q9Y608","LRRF2_HUMAN","Leucine-rich repeat flightless-interacting protein 2","Q9Y608_K577_M1_17","GlyGly (K)",-0.179155979620822,0.697055594407151,0.668259792467965,6,"Not significant"
"Unstim / LPS","PARP14","Q460N5","Q460N5","PAR14_HUMAN","Protein mono-ADP-ribosyltransferase PARP14","Q460N5_K1027_M2_17","GlyGly (K)",-0.324520952957545,0.697096719522694,0.668487718307061,5,"Not significant"
"Unstim / LPS","TMPO","P42166","P42166","LAP2A_HUMAN","Lamina-associated polypeptide 2, isoform alpha","P42166_K15_M1_17","GlyGly (K)",1.06663122735659,0.697579341967743,0.670062817446011,6,"Not significant"
"Unstim / LPS","TPI1","P60174","P60174","TPIS_HUMAN","Triosephosphate isomerase","P60174_K238_M1_17","GlyGly (K)",0.362613699620355,0.698813105354719,0.673896243886928,6,"Not significant"
"Unstim / LPS","CHMP4B","Q9H444","Q9H444","CHM4B_HUMAN","Charged multivesicular body protein 4b","Q9H444_K77_M1_17","GlyGly (K)",-0.4871033700068,0.698967147424949,0.6744465228235,6,"Not significant"
"Unstim / LPS","FGA","Cont_P02672","Cont_P02672","FIBA_BOVIN","Fibrinogen alpha chain","Cont_P02672_K543_M1_17","GlyGly (K)",-0.654990951879025,0.699365544331404,0.675924933964175,6,"Not significant"
"Unstim / LPS","HNRNPA3","P51991","P51991","ROA3_HUMAN","Heterogeneous nuclear ribonucleoprotein A3","P51991_K151_M2_17","GlyGly (K)",-0.341156877901481,0.699936141224984,0.677713606175622,6,"Not significant"
"Unstim / LPS","HNRNPA3","P51991","P51991","ROA3_HUMAN","Heterogeneous nuclear ribonucleoprotein A3","P51991_K148_M2_17","GlyGly (K)",-0.341156877901481,0.699936141224984,0.677713606175622,6,"Not significant"
"Unstim / LPS","HSPA6","P17066","P17066","HSP76_HUMAN","Heat shock 70 kDa protein 6","P17066_K58_M1_17","GlyGly (K)",0.389098578858947,0.701218468521895,0.681911167333526,6,"Not significant"
"Unstim / LPS","P4HB","P07237","P07237","PDIA1_HUMAN","Protein disulfide-isomerase","P07237_K415_M2_17","GlyGly (K)",-0.181241039156416,0.7049695885647,0.69400439691306,5,"Not significant"
"Unstim / LPS","GAPDH","P04406","P04406","G3P_HUMAN","Glyceraldehyde-3-phosphate dehydrogenase","P04406_K3_M2_17","GlyGly (K)",0.278256928161092,0.70676328535868,0.699532762373806,5,"Not significant"
"Unstim / LPS","POTEKP","Q9BYX7","Q9BYX7","ACTBM_HUMAN","Putative beta-actin-like protein 3","Q9BYX7_K68_M1_17","GlyGly (K)",0.63137006445709,0.707237870872665,0.701008492415696,6,"Not significant"
"Unstim / LPS","MTHFD1","P11586","P11586","C1TC_HUMAN","C-1-tetrahydrofolate synthase, cytoplasmic","P11586_K370_M1_17","GlyGly (K)",0.431538056355646,0.707513261579539,0.70191352990548,6,"Not significant"
"Unstim / LPS","MSN","P26038","P26038","MOES_HUMAN","Moesin","P26038_K438_M2_17","GlyGly (K)",-0.487799495275583,0.70910499554318,0.707385323784119,6,"Not significant"
"Unstim / LPS","MSN","P26038","P26038","MOES_HUMAN","Moesin","P26038_K437_M2_17","GlyGly (K)",-0.487799495275583,0.70910499554318,0.707385323784119,6,"Not significant"
"Unstim / LPS","TMSB4X","P62328","P62328","TYB4_HUMAN","Thymosin beta-4","P62328_K15_M1_17","GlyGly (K)",0.884780958031309,0.709501222604751,0.708706713715648,6,"Not significant"
"Unstim / LPS","ANXA1","P04083","P04083","ANXA1_HUMAN","Annexin A1","P04083_K53_M1_17","GlyGly (K)",0.312845902079743,0.711016229459874,0.713684472228592,6,"Not significant"
"Unstim / LPS","LRRC8B","Q6P9F7","Q6P9F7","LRC8B_HUMAN","Volume-regulated anion channel subunit LRRC8B","Q6P9F7_K588_M1_17","GlyGly (K)",-0.0840821452708116,0.711241777948504,0.71445315379809,6,"Not significant"
"Unstim / LPS","HMGB1","P09429","P09429","HMGB1_HUMAN","High mobility group protein B1","P09429_K141_M1_17","GlyGly (K)",-0.086675828520125,0.712033265403599,0.717191090717644,5,"Not significant"
"Unstim / LPS","HSP90B1","P14625","P14625","ENPL_HUMAN","Endoplasmin","P14625_K708_M1_17","GlyGly (K)",0.15843330103046,0.713160457712668,0.720921273971009,4,"Not significant"
"Unstim / LPS","HNRNPA3","P51991","P51991","ROA3_HUMAN","Heterogeneous nuclear ribonucleoprotein A3","P51991_K118_M1_17","GlyGly (K)",-0.498859299353403,0.714793323851138,0.726293495218665,6,"Not significant"
"Unstim / LPS","FADD","Q13158","Q13158","FADD_HUMAN","FAS-associated death domain protein","Q13158_K110_M1_17","GlyGly (K)",-0.173964880272821,0.715634089087249,0.72922858203625,6,"Not significant"
"Unstim / LPS","ZMPSTE24","O75844","O75844","FACE1_HUMAN","CAAX prenyl protease 1 homolog","O75844_K325_M1_17","GlyGly (K)",-0.254253592374011,0.715665872389492,0.729337732779487,6,"Not significant"
"Unstim / LPS","CKAP4","Q07065","Q07065","CKAP4_HUMAN","Cytoskeleton-associated protein 4","Q07065_K161_M1_17","GlyGly (K)",-0.174302581554194,0.716728509043762,0.732679261257423,6,"Not significant"
"Unstim / LPS","HNRNPU","Q00839","Q00839","HNRPU_HUMAN","Heterogeneous nuclear ribonucleoprotein U","Q00839_K494_M2_17","GlyGly (K)",0.0990156299671652,0.717807325059726,0.736088050262765,4,"Not significant"
"Unstim / LPS","ECH1","Q13011","Q13011","ECH1_HUMAN","Delta(3,5)-Delta(2,4)-dienoyl-CoA isomerase, mitochondrial","Q13011_K161_M1_17","GlyGly (K)",-0.765374491620838,0.718374229330133,0.738221200454138,6,"Not significant"
"Unstim / LPS","TCP1","P17987","P17987","TCPA_HUMAN","T-complex protein 1 subunit alpha","P17987_K43_M1_17","GlyGly (K)",-0.141143476690338,0.718713794596901,0.739367270334058,6,"Not significant"
"Unstim / LPS","ACSL1","P33121","P33121","ACSL1_HUMAN","Long-chain-fatty-acid--CoA ligase 1","P33121_K386_M1_17","GlyGly (K)",-0.735826120702745,0.719758037429168,0.742545723980045,6,"Not significant"
"Unstim / LPS","POTEKP","Q9BYX7","Q9BYX7","ACTBM_HUMAN","Putative beta-actin-like protein 3","Q9BYX7_K238_M1_17","GlyGly (K)",-0.505802395051764,0.719917441887498,0.743010123292245,6,"Not significant"
"Unstim / LPS","PDIA6","Q15084","Q15084","PDIA6_HUMAN","Protein disulfide-isomerase A6","Q15084_K373_M1_17","GlyGly (K)",-0.1054305582991,0.720274946516534,0.74418636762067,6,"Not significant"
"Unstim / LPS","SQOR","Q9Y6N5","Q9Y6N5","SQOR_HUMAN","Sulfide:quinone oxidoreductase, mitochondrial","Q9Y6N5_K320_M1_17","GlyGly (K)",0.305409494359072,0.720283573848166,0.744210734569723,6,"Not significant"
"Unstim / LPS","H2BC21","Q16778","Q16778","H2B2E_HUMAN","Histone H2B type 2-E","Q16778_K58_M2_17","GlyGly (K)",0.233824887045738,0.721232231594988,0.747464079830858,6,"Not significant"
"Unstim / LPS","H2BC21","Q16778","Q16778","H2B2E_HUMAN","Histone H2B type 2-E","Q16778_K47_M2_17","GlyGly (K)",0.233824887045738,0.721232231594988,0.747464079830858,6,"Not significant"
"Unstim / LPS","HNRNPD","Q14103","Q14103","HNRPD_HUMAN","Heterogeneous nuclear ribonucleoprotein D0","Q14103_K218_M1_17","GlyGly (K)",0.534558032620372,0.722350470271031,0.751409385040942,6,"Not significant"
"Unstim / LPS","SLC25A5","P05141","P05141","ADT2_HUMAN","ADP/ATP translocase 2","P05141_K10_M1_17","GlyGly (K)",-0.126454128869108,0.723487992834234,0.755451300894728,6,"Not significant"
"Unstim / LPS","SUMO2","P61956","P61956","SUMO2_HUMAN","Small ubiquitin-related modifier 2","P61956_K11_M1_17","GlyGly (K)",0.182747961980297,0.72446093838303,0.758830725567394,6,"Not significant"
"Unstim / LPS","CAP1","Q01518","Q01518","CAP1_HUMAN","Adenylyl cyclase-associated protein 1","Q01518_K328_M1_17","GlyGly (K)",-0.368745810429443,0.724485403156574,0.758879413599223,6,"Not significant"
"Unstim / LPS","RAB14","P61106","P61106","RAB14_HUMAN","Ras-related protein Rab-14","P61106_K156_M2_17","GlyGly (K)",-0.487674929315436,0.725654362279449,0.763004667353189,6,"Not significant"
"Unstim / LPS","RAB14","P61106","P61106","RAB14_HUMAN","Ras-related protein Rab-14","P61106_K140_M2_17","GlyGly (K)",-0.487674929315436,0.725654362279449,0.763004667353189,6,"Not significant"
"Unstim / LPS","ANXA2","P07355","P07355","ANXA2_HUMAN","Annexin A2","P07355_K49_M2_17","GlyGly (K)",0.548799942245327,0.725742097409403,0.763278981233914,6,"Not significant"
"Unstim / LPS","ANXA2","P07355","P07355","ANXA2_HUMAN","Annexin A2","P07355_K47_M2_17","GlyGly (K)",0.548799942245327,0.725742097409403,0.763278981233914,6,"Not significant"
"Unstim / LPS","CANX","P27824","P27824","CALX_HUMAN","Calnexin","P27824_K384_M1_17","GlyGly (K)",0.393811335198041,0.725912814840759,0.763900787877215,6,"Not significant"
"Unstim / LPS","CALR","P27797","P27797","CALR_HUMAN","Calreticulin","P27797_K164_M1_17","GlyGly (K)",0.0632820610417669,0.726530081460129,0.765963654921539,6,"Not significant"
"Unstim / LPS","ALDOA","P04075","P04075","ALDOA_HUMAN","Fructose-bisphosphate aldolase A","P04075_K153_M1_17","GlyGly (K)",0.253655513830151,0.727256874189722,0.768373577469856,6,"Not significant"
"Unstim / LPS","RAB12","Q6IQ22","Q6IQ22","RAB12_HUMAN","Ras-related protein Rab-12","Q6IQ22_K127_M1_17","GlyGly (K)",-0.256683381608949,0.727714590707653,0.770133039494609,6,"Not significant"
"Unstim / LPS","IMMT","Q16891","Q16891","MIC60_HUMAN","MICOS complex subunit MIC60","Q16891_K110_M1_17","GlyGly (K)",0.658421618933073,0.728450689219388,0.772764423766005,6,"Not significant"
"Unstim / LPS","PEPD","P12955","P12955","PEPD_HUMAN","Xaa-Pro dipeptidase","P12955_K17_M1_17","GlyGly (K)",0.33782331594994,0.728690856460833,0.773683543675177,6,"Not significant"
"Unstim / LPS","HSP90AA4P","Q58FG1","Q58FG1","HS904_HUMAN","Putative heat shock protein HSP 90-alpha A4","Q58FG1_K289_M1_17","GlyGly (K)",-0.0886066856080849,0.728729541945495,0.773834210381271,6,"Not significant"
"Unstim / LPS","POTEF","A5A3E0","A5A3E0","POTEF_HUMAN","POTE ankyrin domain family member F","A5A3E0_K938_M1_17","GlyGly (K)",0.577620318302384,0.729903925654379,0.777733180893527,6,"Not significant"
"Unstim / LPS","CAP1","Cont_Q3SYV4","Cont_Q3SYV4","CAP1_BOVIN","Adenylyl cyclase-associated protein 1","Cont_Q3SYV4_K272_M1_17","GlyGly (K)",-0.449180681821654,0.731039873678251,0.782104511269158,6,"Not significant"
"Unstim / LPS","ACADM","P11310","P11310","ACADM_HUMAN","Medium-chain specific acyl-CoA dehydrogenase, mitochondrial","P11310_K69_M1_17","GlyGly (K)",0.613134511265402,0.731419540673558,0.783432306585628,6,"Not significant"
"Unstim / LPS","HSPA2","P54652","P54652","HSP72_HUMAN","Heat shock-related 70 kDa protein 2","P54652_K109_M2_17","GlyGly (K)",-0.386791396764453,0.732087516634056,0.785834953256495,5,"Not significant"
"Unstim / LPS","POTEF","A5A3E0","A5A3E0","POTEF_HUMAN","POTE ankyrin domain family member F","A5A3E0_K813_M1_17","GlyGly (K)",-0.0996985673315269,0.732188927038759,0.786171759222515,6,"Not significant"
"Unstim / LPS","HSPA5","P11021","P11021","BIP_HUMAN","Endoplasmic reticulum chaperone BiP","P11021_K185_M1_17","GlyGly (K)",0.616148342417721,0.732455255897551,0.787300385943613,6,"Not significant"
"Unstim / LPS","ACTC1","P68032","P68032","ACTC_HUMAN","Actin, alpha cardiac muscle 1","P68032_K293_M1_17","GlyGly (K)",-0.412391743599061,0.73406834148364,0.793283317462184,6,"Not significant"
"Unstim / LPS","IL1B","P01584","P01584","IL1B_HUMAN","Interleukin-1 beta","P01584_K171_M1_17","GlyGly (K)",0.418937501282708,0.734513872733982,0.794843480070792,6,"Not significant"
"Unstim / LPS","HM13","Q8TCT9","Q8TCT9","HM13_HUMAN","Minor histocompatibility antigen H13","Q8TCT9_K61_M1_17","GlyGly (K)",0.302839157263658,0.734675349858396,0.795390351164563,6,"Not significant"
"Unstim / LPS","ACAT2","Q9BWD1","Q9BWD1","THIC_HUMAN","Acetyl-CoA acetyltransferase, cytosolic","Q9BWD1_K200_M1_17","GlyGly (K)",0.0736378163696656,0.734884764334208,0.796007470673192,6,"Not significant"
"Unstim / LPS","RAP2B","P61225","P61225","RAP2B_HUMAN","Ras-related protein Rap-2b","P61225_K5_M1_17","GlyGly (K)",0.252620760213522,0.735416551867619,0.797819759354433,6,"Not significant"
"Unstim / LPS","RPLP2","P05387","P05387","RLA2_HUMAN","Large ribosomal subunit protein P2","P05387_K94_M1_17","GlyGly (K)",-0.577672329337237,0.735564521221457,0.798354132086411,6,"Not significant"
"Unstim / LPS","PSME3","P61289","P61289","PSME3_HUMAN","Proteasome activator complex subunit 3","P61289_K123_M2_17","GlyGly (K)",0.566671806242405,0.735826060918951,0.799263594076748,6,"Not significant"
"Unstim / LPS","PSME3","P61289","P61289","PSME3_HUMAN","Proteasome activator complex subunit 3","P61289_K121_M2_17","GlyGly (K)",0.566671806242405,0.735826060918951,0.799263594076748,6,"Not significant"
"Unstim / LPS","HSP90B1","P14625","P14625","ENPL_HUMAN","Endoplasmin","P14625_K702_M2_17","GlyGly (K)",-0.3254315083423,0.736514847724336,0.801430628348873,6,"Not significant"
"Unstim / LPS","ACTB","Cont_P60712;P60709","Cont_P60712;P60709","ACTB_BOVIN;ACTB_HUMAN","Actin, cytoplasmic 1;Actin, cytoplasmic 1","Cont_P60712_K50_M1_17","GlyGly (K)",0.302491552615645,0.737106850496467,0.803596712915834,6,"Not significant"
"Unstim / LPS","ACTB","Cont_P60712;P60709","Cont_P60712;P60709","ACTB_BOVIN;ACTB_HUMAN","Actin, cytoplasmic 1;Actin, cytoplasmic 1","P60709_K50_M1_17","GlyGly (K)",0.302491552615645,0.737106850496467,0.803596712915834,6,"Not significant"
"Unstim / LPS","RAP1B","P61224","P61224","RAP1B_HUMAN","Ras-related protein Rap-1b","P61224_K42_M1_17","GlyGly (K)",-0.122647443669949,0.737167926336821,0.80388415229857,6,"Not significant"
"Unstim / LPS","EEA1","Q15075","Q15075","EEA1_HUMAN","Early endosome antigen 1","Q15075_K1055_M1_17","GlyGly (K)",-0.202734702430146,0.737652601493969,0.805618367433231,6,"Not significant"
"Unstim / LPS","PPA1","Q15181","Q15181","IPYR_HUMAN","Inorganic pyrophosphatase","Q15181_K282_M1_17","GlyGly (K)",0.083221087512731,0.737780136999524,0.806129851405107,6,"Not significant"
"Unstim / LPS","HSPD1","P10809","P10809","CH60_HUMAN","60 kDa heat shock protein, mitochondrial","P10809_K218_M1_17","GlyGly (K)",-0.0450718945895334,0.73785992023466,0.806437155253898,6,"Not significant"
"Unstim / LPS","NCL","P19338","P19338","NUCL_HUMAN","Nucleolin","P19338_K297_M1_17","GlyGly (K)",-0.111245292009635,0.737876609034076,0.806555773623179,6,"Not significant"
"Unstim / LPS","AHNAK","Q09666","Q09666","AHNK_HUMAN","Neuroblast differentiation-associated protein AHNAK","Q09666_K4351_M2_17","GlyGly (K)",0.267548813093169,0.738188394198983,0.807758281765288,6,"Not significant"
"Unstim / LPS","AHNAK","Q09666","Q09666","AHNK_HUMAN","Neuroblast differentiation-associated protein AHNAK","Q09666_K4342_M2_17","GlyGly (K)",0.267548813093169,0.738188394198983,0.807758281765288,6,"Not significant"
"Unstim / LPS","PSMC2","P35998","P35998","PRS7_HUMAN","26S proteasome regulatory subunit 7","P35998_K66_M1_17","GlyGly (K)",0.270263702403465,0.73841111830382,0.808607432159279,6,"Not significant"
"Unstim / LPS","TUBB3","Q13509","Q13509","TBB3_HUMAN","Tubulin beta-3 chain","Q13509_K324_M1_17","GlyGly (K)",-0.459764028362878,0.739039058073403,0.810675542124433,6,"Not significant"
"Unstim / LPS","HSPA1L","P34931","P34931","HS71L_HUMAN","Heat shock 70 kDa protein 1-like","P34931_K130_M1_17","GlyGly (K)",0.198315495481826,0.739105126788957,0.810884132088471,6,"Not significant"
"Unstim / LPS","SND1","Q7KZF4","Q7KZF4","SND1_HUMAN","Staphylococcal nuclease domain-containing protein 1","Q7KZF4_K93_M1_17","GlyGly (K)",0.521528993557676,0.739942312720442,0.814016903961821,6,"Not significant"
"Unstim / LPS","MCEE","Q96PE7","Q96PE7","MCEE_HUMAN","Methylmalonyl-CoA epimerase, mitochondrial","Q96PE7_K156_M1_17","GlyGly (K)",0.496516941972289,0.739942312720442,0.813996578121627,6,"Not significant"
"Unstim / LPS","BAG3","O95817","O95817","BAG3_HUMAN","BAG family molecular chaperone regulator 3","O95817_K460_M1_17","GlyGly (K)",-0.520031436947759,0.740041046295957,0.814347313113808,6,"Not significant"
"Unstim / LPS","HSPA13","P48723","P48723","HSP13_HUMAN","Heat shock 70 kDa protein 13","P48723_K396_M1_17","GlyGly (K)",0.140025754929007,0.740115298126608,0.814674372027189,6,"Not significant"
"Unstim / LPS","ARHGDIA","P52565","P52565","GDIR1_HUMAN","Rho GDP-dissociation inhibitor 1","P52565_K167_M1_17","GlyGly (K)",0.26069931077095,0.74053244469447,0.816259189907171,6,"Not significant"
"Unstim / LPS","BTN2A1","Q7KYR7","Q7KYR7","BT2A1_HUMAN","Butyrophilin subfamily 2 member A1","Q7KYR7_K311_M1_17","GlyGly (K)",0.209686519018377,0.740777983501071,0.817161125011023,6,"Not significant"
"Unstim / LPS","TLK1","Q9UKI8","Q9UKI8","TLK1_HUMAN","Serine/threonine-protein kinase tousled-like 1","Q9UKI8_K404_M1_17","GlyGly (K)",-0.0838664261385646,0.741143641662625,0.818492729045564,6,"Not significant"
"Unstim / LPS","RPS27A","P62979","P62979","RS27A_HUMAN","Ubiquitin-ribosomal protein eS31 fusion protein","P62979_K11_M1_17","GlyGly (K)",0.113165563662731,0.741390698444646,0.819520551597272,6,"Not significant"
"Unstim / LPS","KRT1","Cont_P04264;P04264","Cont_P04264;P04264","K2C1_HUMAN","Keratin, type II cytoskeletal 1;Keratin, type II cytoskeletal 1","Cont_P04264_K395_M1_17","GlyGly (K)",-0.50587664361802,0.741859266425169,0.821140043076192,6,"Not significant"
"Unstim / LPS","KRT1","Cont_P04264;P04264","Cont_P04264;P04264","K2C1_HUMAN","Keratin, type II cytoskeletal 1;Keratin, type II cytoskeletal 1","P04264_K395_M1_17","GlyGly (K)",-0.50587664361802,0.741859266425169,0.821140043076192,6,"Not significant"
"Unstim / LPS","ALDOC","P09972","P09972","ALDOC_HUMAN","Fructose-bisphosphate aldolase C","P09972_K153_M1_17","GlyGly (K)",-0.0440104329659162,0.742348430593703,0.822874342142972,6,"Not significant"
"Unstim / LPS","RAB44","Q7Z6P3","Q7Z6P3","RAB44_HUMAN","Ras-related protein Rab-44","Q7Z6P3_K880_M1_17","GlyGly (K)",0.100236947901139,0.742429823195682,0.823087873657525,6,"Not significant"
"Unstim / LPS","ACTB","Cont_P60712;P60709","Cont_P60712;P60709","ACTB_BOVIN;ACTB_HUMAN","Actin, cytoplasmic 1;Actin, cytoplasmic 1","Cont_P60712_K18_M1_17","GlyGly (K)",0.0796548641702666,0.742555556694778,0.823605144430343,6,"Not significant"
"Unstim / LPS","ACTB","Cont_P60712;P60709","Cont_P60712;P60709","ACTB_BOVIN;ACTB_HUMAN","Actin, cytoplasmic 1;Actin, cytoplasmic 1","P60709_K18_M1_17","GlyGly (K)",0.0796548641702666,0.742555556694778,0.823605144430343,6,"Not significant"
"Unstim / LPS","RPL38","P63173","P63173","RL38_HUMAN","Large ribosomal subunit protein eL38","P63173_K9_M1_17","GlyGly (K)",0.0262933196293899,0.742620058291927,0.823869637542043,6,"Not significant"
"Unstim / LPS","BRAF","P15056","P15056","BRAF_HUMAN","Serine/threonine-protein kinase B-raf","P15056_K680_M1_17","GlyGly (K)",-0.0739454476735816,0.742896490977837,0.824863876526747,6,"Not significant"
"Unstim / LPS","PHB1","P35232","P35232","PHB1_HUMAN","Prohibitin 1","P35232_K208_M1_17","GlyGly (K)",0.192268823676357,0.744056473006772,0.829325513162099,6,"Not significant"
"Unstim / LPS","EEF1D","P29692","P29692","EF1D_HUMAN","Elongation factor 1-delta","P29692_K17_M1_17","GlyGly (K)",-0.339361207604585,0.745421495402166,0.834437781679164,4,"Not significant"
"Unstim / LPS","UQCRB","P14927","P14927","QCR7_HUMAN","Cytochrome b-c1 complex subunit 7","P14927_K45_M1_17","GlyGly (K)",0.42444159968317,0.745692977582701,0.835602187369723,6,"Not significant"
"Unstim / LPS","SUGT1","Q9Y2Z0","Q9Y2Z0","SGT1_HUMAN","Protein SGT1 homolog","Q9Y2Z0_K70_M2_17","GlyGly (K)",-0.168513969316411,0.745942275123875,0.836729981666092,6,"Not significant"
"Unstim / LPS","SUGT1","Q9Y2Z0","Q9Y2Z0","SGT1_HUMAN","Protein SGT1 homolog","Q9Y2Z0_K69_M2_17","GlyGly (K)",-0.168513969316411,0.745942275123875,0.836729981666092,6,"Not significant"
"Unstim / LPS","HNRNPM","P52272","P52272","HNRPM_HUMAN","Heterogeneous nuclear ribonucleoprotein M","P52272_K221_M2_17","GlyGly (K)",0.11107352037318,0.746176003273114,0.837727080448937,6,"Not significant"
"Unstim / LPS","HNRNPM","P52272","P52272","HNRPM_HUMAN","Heterogeneous nuclear ribonucleoprotein M","P52272_K219_M2_17","GlyGly (K)",0.11107352037318,0.746176003273114,0.837727080448937,6,"Not significant"
"Unstim / LPS","OSTF1","Q92882","Q92882","OSTF1_HUMAN","Osteoclast-stimulating factor 1","Q92882_K190_M1_17","GlyGly (K)",0.223446825079196,0.746411455808904,0.838695785541322,6,"Not significant"
"Unstim / LPS","NSUN2","Q08J23","Q08J23","NSUN2_HUMAN","RNA cytosine C(5)-methyltransferase NSUN2","Q08J23_K338_M1_17","GlyGly (K)",0.0402021170951162,0.747135747775866,0.841269051802926,6,"Not significant"
"Unstim / LPS","FASN","P49327","P49327","FAS_HUMAN","Fatty acid synthase","P49327_K787_M1_17","GlyGly (K)",-0.408491648886712,0.747716710311497,0.843278381695217,6,"Not significant"
"Unstim / LPS","STIP1","P31948","P31948","STIP1_HUMAN","Stress-induced-phosphoprotein 1","P31948_K415_M1_17","GlyGly (K)",0.12362025841574,0.747835338931793,0.843771319456665,6,"Not significant"
"Unstim / LPS","AHNAK","Q09666","Q09666","AHNK_HUMAN","Neuroblast differentiation-associated protein AHNAK","Q09666_K171_M1_17","GlyGly (K)",-0.0436442756849137,0.749237695433938,0.849150952695274,6,"Not significant"
"Unstim / LPS","CSTB","P04080","P04080","CYTB_HUMAN","Cystatin-B","P04080_K39_M1_17","GlyGly (K)",-0.0489575729417446,0.74940352148179,0.849634186482138,4,"Not significant"
"Unstim / LPS","MATR3","P43243","P43243","MATR3_HUMAN","Matrin-3","P43243_K132_M1_17","GlyGly (K)",-0.22787182606403,0.749643367000954,0.850520060834175,6,"Not significant"
"Unstim / LPS","UGGT1","Q9NYU2","Q9NYU2","UGGG1_HUMAN","UDP-glucose:glycoprotein glucosyltransferase 1","Q9NYU2_K930_M1_17","GlyGly (K)",-0.134944446394473,0.750065811984203,0.852134072271169,6,"Not significant"
"Unstim / LPS","SRRT","Q9BXP5","Q9BXP5","SRRT_HUMAN","Serrate RNA effector molecule homolog","Q9BXP5_K391_M1_17","GlyGly (K)",0.113464045800138,0.751290200552488,0.856740741356438,6,"Not significant"
"Unstim / LPS","DEF6","Q9H4E7","Q9H4E7","DEFI6_HUMAN","Differentially expressed in FDCP 6 homolog","Q9H4E7_K254_M1_17","GlyGly (K)",-0.239039925481496,0.75211778183434,0.859915292693546,6,"Not significant"
"Unstim / LPS","LRRFIP1","Q32MZ4","Q32MZ4","LRRF1_HUMAN","Leucine-rich repeat flightless-interacting protein 1","Q32MZ4_K580_M2_17","GlyGly (K)",-0.0752468122278935,0.752133626433273,0.85996812111876,6,"Not significant"
"Unstim / LPS","LRRFIP1","Q32MZ4","Q32MZ4","LRRF1_HUMAN","Leucine-rich repeat flightless-interacting protein 1","Q32MZ4_K579_M2_17","GlyGly (K)",-0.0752468122278935,0.752133626433273,0.85996812111876,6,"Not significant"
"Unstim / LPS","ATXN2L","Q8WWM7","Q8WWM7","ATX2L_HUMAN","Ataxin-2-like protein","Q8WWM7_K186_M1_17","GlyGly (K)",0.193656369805767,0.752199950234177,0.860247809165034,6,"Not significant"
"Unstim / LPS","SYNCRIP","O60506","O60506","HNRPQ_HUMAN","Heterogeneous nuclear ribonucleoprotein Q","O60506_K363_M2_17","GlyGly (K)",0.386104916426152,0.752338476150965,0.860827018077069,6,"Not significant"
"Unstim / LPS","HSPA5","P11021","P11021","BIP_HUMAN","Endoplasmic reticulum chaperone BiP","P11021_K81_M1_17","GlyGly (K)",-0.151978130629769,0.752434610123692,0.861334215255624,6,"Not significant"
"Unstim / LPS","HSPA2","P54652","P54652","HSP72_HUMAN","Heat shock-related 70 kDa protein 2","P54652_K461_M1_17","GlyGly (K)",-0.16526865530935,0.752823946254066,0.862956210638771,6,"Not significant"
"Unstim / LPS","PFN1","P07737","P07737","PROF1_HUMAN","Profilin-1","P07737_K116_M1_17","GlyGly (K)",-0.0538710824318949,0.753050255164902,0.863954276828391,6,"Not significant"
"Unstim / LPS","NUCB1","Q02818","Q02818","NUCB1_HUMAN","Nucleobindin-1","Q02818_K439_M1_17","GlyGly (K)",-0.360909554961601,0.754360378785964,0.869060760838601,6,"Not significant"
"Unstim / LPS","PPIB","P23284","P23284","PPIB_HUMAN","Peptidyl-prolyl cis-trans isomerase B","P23284_K84_M1_17","GlyGly (K)",0.179843908624768,0.755400890304526,0.873054905895851,6,"Not significant"
"Unstim / LPS","TFRC","P02786","P02786","TFR1_HUMAN","Transferrin receptor protein 1","P02786_K134_M1_17","GlyGly (K)",-0.236551072674995,0.75690629332529,0.878748984767566,6,"Not significant"
"Unstim / LPS","TXNDC12","O95881","O95881","TXD12_HUMAN","Thioredoxin domain-containing protein 12","O95881_K123_M1_17","GlyGly (K)",-0.167894688018102,0.758067874667926,0.883199872613726,6,"Not significant"
"Unstim / LPS","PDIA3","P30101","P30101","PDIA3_HUMAN","Protein disulfide-isomerase A3","P30101_K61_M1_17","GlyGly (K)",-0.135477529296647,0.758086159754741,0.883256308505306,6,"Not significant"
"Unstim / LPS","PRSS1","Cont_P00760","Cont_P00760","TRY1_BOVIN","Serine protease 1","Cont_P00760_K114_M1_17","GlyGly (K)",0.236272314470623,0.758927114520509,0.886486461900483,6,"Not significant"
"Unstim / LPS","AHNAK","Q09666","Q09666","AHNK_HUMAN","Neuroblast differentiation-associated protein AHNAK","Q09666_K2578_M1_17","GlyGly (K)",0.0347948673447746,0.759198059741454,0.887601705226955,6,"Not significant"
"Unstim / LPS","AHNAK","Q09666","Q09666","AHNK_HUMAN","Neuroblast differentiation-associated protein AHNAK","Q09666_K4000_M1_17","GlyGly (K)",0.0347948673447746,0.759198059741454,0.887601705226955,6,"Not significant"
"Unstim / LPS","AHNAK","Q09666","Q09666","AHNK_HUMAN","Neuroblast differentiation-associated protein AHNAK","Q09666_K4256_M1_17","GlyGly (K)",0.0347948673447746,0.759198059741454,0.887601705226955,6,"Not significant"
"Unstim / LPS","AHNAK","Q09666","Q09666","AHNK_HUMAN","Neuroblast differentiation-associated protein AHNAK","Q09666_K4458_M1_17","GlyGly (K)",0.0347948673447746,0.759198059741454,0.887601705226955,6,"Not significant"
"Unstim / LPS","ABI1","Q8IZP0","Q8IZP0","ABI1_HUMAN","Abl interactor 1","Q8IZP0_K199_M1_17","GlyGly (K)",0.32714998305105,0.759331632742238,0.888094987522081,4,"Not significant"
"Unstim / LPS","GAA","P10253","P10253","LYAG_HUMAN","Lysosomal alpha-glucosidase","P10253_K849_M1_17","GlyGly (K)",0.278923253617299,0.76019616583864,0.89175933157516,6,"Not significant"
"Unstim / LPS","GLIPR1","P48060","P48060","GLIP1_HUMAN","Glioma pathogenesis-related protein 1","P48060_K200_M1_17","GlyGly (K)",-0.0317783047452443,0.760393373913897,0.89269572789569,6,"Not significant"
"Unstim / LPS","SUMO3","P55854","P55854","SUMO3_HUMAN","Small ubiquitin-related modifier 3","P55854_K20_M1_17","GlyGly (K)",-0.290366875518571,0.760863992821041,0.894544490764248,6,"Not significant"
"Unstim / LPS","HSP90AB1","P08238","P08238","HS90B_HUMAN","Heat shock protein HSP 90-beta","P08238_K607_M1_17","GlyGly (K)",-0.28160150326995,0.761627262693344,0.897745326271196,6,"Not significant"
"Unstim / LPS","XRCC6","P12956","P12956","XRCC6_HUMAN","X-ray repair cross-complementing protein 6","P12956_K351_M1_17","GlyGly (K)",0.110095915588,0.761747301574506,0.898244526842445,6,"Not significant"
"Unstim / LPS","AHNAK","Q09666","Q09666","AHNK_HUMAN","Neuroblast differentiation-associated protein AHNAK","Q09666_K1408_M2_17","GlyGly (K)",-0.0212292945473412,0.762692071721975,0.902039404472055,4,"Not significant"
"Unstim / LPS","IGF2BP2","Q9Y6M1","Q9Y6M1","IF2B2_HUMAN","Insulin-like growth factor 2 mRNA-binding protein 2","Q9Y6M1_K530_M1_17","GlyGly (K)",0.254124940965051,0.763287526177867,0.904560829916463,6,"Not significant"
"Unstim / LPS","MSN","P26038","P26038","MOES_HUMAN","Moesin","P26038_K411_M2_17","GlyGly (K)",0.132830204845871,0.763626875087718,0.906025805545581,6,"Not significant"
"Unstim / LPS","P4HB","P07237","P07237","PDIA1_HUMAN","Protein disulfide-isomerase","P07237_K366_M1_17","GlyGly (K)",0.0246260903600695,0.766412703065796,0.917160236159351,6,"Not significant"
"Unstim / LPS","ATG16L1","Q676U5","Q676U5","A16L1_HUMAN","Autophagy-related protein 16-1","Q676U5_K266_M1_17","GlyGly (K)",-0.225293903827964,0.766489110824204,0.917475938797093,6,"Not significant"
"Unstim / LPS","H1-3","P16402","P16402","H13_HUMAN","Histone H1.3","P16402_K35_M1_17","GlyGly (K)",-0.115671018521544,0.767323797288191,0.920650575490105,6,"Not significant"
"Unstim / LPS","HLA-F","P30511","P30511","HLAF_HUMAN","HLA class I histocompatibility antigen, alpha chain F","P30511_K142_M1_17","GlyGly (K)",0.178059414751978,0.768346193338023,0.924958460712565,6,"Not significant"
"Unstim / LPS","ACTB","Cont_P60712;P60709","Cont_P60712;P60709","ACTB_BOVIN;ACTB_HUMAN","Actin, cytoplasmic 1;Actin, cytoplasmic 1","Cont_P60712_K215_M1_17","GlyGly (K)",-0.136988381509911,0.7690013520921,0.927942191604692,6,"Not significant"
"Unstim / LPS","ACTB","Cont_P60712;P60709","Cont_P60712;P60709","ACTB_BOVIN;ACTB_HUMAN","Actin, cytoplasmic 1;Actin, cytoplasmic 1","P60709_K215_M1_17","GlyGly (K)",-0.136988381509911,0.7690013520921,0.927942191604692,6,"Not significant"
"Unstim / LPS","HSPA9","P38646","P38646","GRP75_HUMAN","Stress-70 protein, mitochondrial","P38646_K498_M1_17","GlyGly (K)",-0.0273441309611471,0.769485255375091,0.929790953025511,6,"Not significant"
"Unstim / LPS","SEC63","Q9UGP8","Q9UGP8","SEC63_HUMAN","Translocation protein SEC63 homolog","Q9UGP8_K368_M1_17","GlyGly (K)",0.0177396373265725,0.769496651712634,0.929817241846262,6,"Not significant"
"Unstim / LPS","CHI3L1","P36222","P36222","CH3L1_HUMAN","Chitinase-3-like protein 1","P36222_K91_M1_17","GlyGly (K)",-0.147833205302905,0.769585622744768,0.9302982267486,6,"Not significant"
"Unstim / LPS","FBLL1","A6NHQ2","A6NHQ2","FBLL1_HUMAN","rRNA/tRNA 2'-O-methyltransferase fibrillarin-like protein 1","A6NHQ2_K170_M1_17","GlyGly (K)",-0.121526703899281,0.769655709640617,0.930763190975242,6,"Not significant"
"Unstim / LPS","PTGES3","Q15185","Q15185","TEBP_HUMAN","Prostaglandin E synthase 3","Q15185_K67_M2_17","GlyGly (K)",0.018564548404082,0.770772868991882,0.935390537815533,6,"Not significant"
"Unstim / LPS","PTGES3","Q15185","Q15185","TEBP_HUMAN","Prostaglandin E synthase 3","Q15185_K65_M2_17","GlyGly (K)",0.018564548404082,0.770772868991882,0.935390537815533,6,"Not significant"
"Unstim / LPS","DNAJC13","O75165","O75165","DJC13_HUMAN","DnaJ homolog subfamily C member 13","O75165_K599_M1_17","GlyGly (K)",-0.150906837888451,0.770852065338801,0.935943672318345,6,"Not significant"
"Unstim / LPS","AK2","P54819","P54819","KAD2_HUMAN","Adenylate kinase 2, mitochondrial","P54819_K229_M1_17","GlyGly (K)",-0.0204129113728569,0.770936576669334,0.936404462595314,6,"Not significant"
"Unstim / LPS","DNAJB11","Q9UBS4","Q9UBS4","DJB11_HUMAN","DnaJ homolog subfamily B member 11","Q9UBS4_K66_M1_17","GlyGly (K)",-0.0607122625004628,0.771522545521563,0.938829120551196,6,"Not significant"
"Unstim / LPS","CTTNBP2NL","Q9P2B4","Q9P2B4","CT2NL_HUMAN","CTTNBP2 N-terminal-like protein","Q9P2B4_K8_M1_17","GlyGly (K)",-0.161392776327523,0.771610746675685,0.93909411701562,6,"Not significant"
"Unstim / LPS","PRKDC","P78527","P78527","PRKDC_HUMAN","DNA-dependent protein kinase catalytic subunit","P78527_K1422_M1_17","GlyGly (K)",-0.0455390527388448,0.773931090735772,0.948894587906495,6,"Not significant"
"Unstim / LPS","TMSB4X","P62328","P62328","TYB4_HUMAN","Thymosin beta-4","P62328_K26_M1_17","GlyGly (K)",-0.0146377393680206,0.775565853575749,0.955725810170456,6,"Not significant"
"Unstim / LPS","GRPEL1","Q9HAV7","Q9HAV7","GRPE1_HUMAN","GrpE protein homolog 1, mitochondrial","Q9HAV7_K153_M1_17","GlyGly (K)",-0.093548819219319,0.776250995449927,0.958826758768809,6,"Not significant"
"Unstim / LPS","ETFB","P38117","P38117","ETFB_HUMAN","Electron transfer flavoprotein subunit beta","P38117_K23_M1_17","GlyGly (K)",-0.0266661745704134,0.776270006542829,0.958889243307159,6,"Not significant"
"Unstim / LPS","TMEM109","Q9BVC6","Q9BVC6","TM109_HUMAN","Voltage-gated monoatomic cation channel TMEM109","Q9BVC6_K46_M1_17","GlyGly (K)",-0.0524112142843998,0.777038502506572,0.962675414221987,6,"Not significant"
"Unstim / LPS","ANXA6","P08133","P08133","ANXA6_HUMAN","Annexin A6","P08133_K113_M2_17","GlyGly (K)",-0.0821830250768661,0.777177756712978,0.963289245530313,6,"Not significant"
"Unstim / LPS","ANXA6","P08133","P08133","ANXA6_HUMAN","Annexin A6","P08133_K102_M2_17","GlyGly (K)",-0.0821830250768661,0.777177756712978,0.963289245530313,6,"Not significant"
"Unstim / LPS","HSP90B1","P14625","P14625","ENPL_HUMAN","Endoplasmin","P14625_K708_M2_17","GlyGly (K)",-0.0710083588505313,0.777396680389652,0.964081697696179,4,"Not significant"
"Unstim / LPS","HSPE1","P61604","P61604","CH10_HUMAN","10 kDa heat shock protein, mitochondrial","P61604_K80_M1_17","GlyGly (K)",0.0808858713303026,0.778852026864317,0.970281090016713,6,"Not significant"
"Unstim / LPS","HP1BP3","Q5SSJ5","Q5SSJ5","HP1B3_HUMAN","Heterochromatin protein 1-binding protein 3","Q5SSJ5_K258_M1_17","GlyGly (K)",0.0774077963626911,0.779107135837005,0.971406230745988,6,"Not significant"
"Unstim / LPS","XIRP1","Q702N8","Q702N8","XIRP1_HUMAN","Xin actin-binding repeat-containing protein 1","Q702N8_K230_M2_17","GlyGly (K)",0.060424996871048,0.78040317981261,0.976992527563529,6,"Not significant"
"Unstim / LPS","TOP2B","Q02880","Q02880","TOP2B_HUMAN","DNA topoisomerase 2-beta","Q02880_K251_M2_17","GlyGly (K)",-0.0591665865241487,0.780569738465405,0.977766614182602,6,"Not significant"
"Unstim / LPS","DYNLRB1","Q9NP97","Q9NP97","DLRB1_HUMAN","Dynein light chain roadblock-type 1","Q9NP97_K75_M1_17","GlyGly (K)",0.0259651834223581,0.781391539695096,0.981174515078441,4,"Not significant"
"Unstim / LPS","SNAP23","O00161","O00161","SNP23_HUMAN","Synaptosomal-associated protein 23","O00161_K167_M1_17","GlyGly (K)",-0.00603696034442461,0.781744178926134,0.982594483744868,6,"Not significant"
"Unstim / LPS","EEA1","Q15075","Q15075","EEA1_HUMAN","Early endosome antigen 1","Q15075_K813_M1_17","GlyGly (K)",0.0213406501781285,0.781815597130078,0.982932623316814,6,"Not significant"
"Unstim / LPS","CBX3","Q13185","Q13185","CBX3_HUMAN","Chromobox protein homolog 3","Q13185_K34_M1_17","GlyGly (K)",0.0329683346970193,0.782910458642008,0.98769871122833,6,"Not significant"
"Unstim / LPS","ITGB1","P05556","P05556","ITB1_HUMAN","Integrin beta-1","P05556_K190_M1_17","GlyGly (K)",-0.0250362486811524,0.783616166354249,0.990784032238638,6,"Not significant"
"Unstim / LPS","RAB1B","Q9H0U4","Q9H0U4","RAB1B_HUMAN","Ras-related protein Rab-1B","Q9H0U4_K137_M1_17","GlyGly (K)",0.00126392866440408,0.7846650835522,0.9958385170991,6,"Not significant"
"Unstim / LPS","SPN","P16150","P16150","LEUK_HUMAN","Leukosialin","P16150_K350_M1_17","GlyGly (K)",-0.00331737670312968,0.785312674667738,0.99877871160278,6,"Not significant"
"Unstim / LPS","AHNAK","Q09666","Q09666","AHNK_HUMAN","Neuroblast differentiation-associated protein AHNAK","Q09666_K4898_M1_17","GlyGly (K)",0.00153479502812667,0.785332504084274,0.998875647542503,6,"Not significant"
