"Comparison (group1/group2)","Genes","UniProtIds","ProteinGroups","ProteinNames","ProteinDescriptions","Group","PTM.ModificationTitle","AVG Log2 Ratio","Qvalue","Pvalue","# of Ratios","Significance"
"P3C4+Nigericin / Nigericin","LDHA","P00338","P00338","LDHA_HUMAN","L-lactate dehydrogenase A chain","P00338_Y83_M1_28","Phospho (STY)",-11.3591689358571,0.30182747366023,0.00027431408073702,6,"Not significant"
"P3C4+Nigericin / Nigericin","ERP29","P30040","P30040","ERP29_HUMAN","Endoplasmic reticulum resident protein 29","P30040_Y151_M1_28","Phospho (STY)",-0.990618446338338,0.429516412546928,0.00490986455056667,5,"Not significant"
"P3C4+Nigericin / Nigericin","CAP1","Q01518","Q01518","CAP1_HUMAN","Adenylyl cyclase-associated protein 1","Q01518_S394_M1_28","Phospho (STY)",1.68623589609035,0.441284047768155,0.0068711358214911,6,"Not significant"
"P3C4+Nigericin / Nigericin","H4C1","P62805","P62805","H4_HUMAN","Histone H4","P62805_T81_M1_28","Phospho (STY)",-1.00916356105337,0.451425601549999,0.00972038394989076,6,"Not significant"
"P3C4+Nigericin / Nigericin","HSPA5","P11021","P11021","BIP_HUMAN","Endoplasmic reticulum chaperone BiP","P11021_T166_M1_28","Phospho (STY)",-5.37921299356359,0.456326045565457,0.010626640221174,4,"Not significant"
"P3C4+Nigericin / Nigericin","CTSC","P53634","P53634","CATC_HUMAN","Dipeptidyl peptidase 1","P53634_T445_M1_28","Phospho (STY)",-0.528566889169147,0.48862986000903,0.0235237849400257,4,"Not significant"
"P3C4+Nigericin / Nigericin","NACA","E9PAV3;Q13765","E9PAV3;Q13765","NACAM_HUMAN;NACA_HUMAN","Nascent polypeptide-associated complex subunit alpha, muscle-specific form;Nascent polypeptide-associated complex subunit alpha","E9PAV3_Y1983_M1_28","Phospho (STY)",-0.529591842797411,0.49710287865856,0.0287471927213982,6,"Not significant"
"P3C4+Nigericin / Nigericin","NACA","E9PAV3;Q13765","E9PAV3;Q13765","NACAM_HUMAN;NACA_HUMAN","Nascent polypeptide-associated complex subunit alpha, muscle-specific form;Nascent polypeptide-associated complex subunit alpha","Q13765_Y120_M1_28","Phospho (STY)",-0.529591842797411,0.49710287865856,0.0287471927213982,6,"Not significant"
"P3C4+Nigericin / Nigericin","EZR","P15311","P15311","EZRI_HUMAN","Ezrin","P15311_T235_M1_28","Phospho (STY)",-0.372847342157984,0.502930845796275,0.0316838831948602,6,"Not significant"
"P3C4+Nigericin / Nigericin","ANXA6","P08133","P08133","ANXA6_HUMAN","Annexin A6","P08133_T356_M1_28","Phospho (STY)",8.71751412941502,0.504359282167346,0.03246265834594,6,"Not significant"
"P3C4+Nigericin / Nigericin","CAT","P04040","P04040","CATA_HUMAN","Catalase","P04040_Y308_M1_28","Phospho (STY)",-1.04819271779519,0.509397420629166,0.0362408808890514,6,"Not significant"
"P3C4+Nigericin / Nigericin","GAPDH","P04406","P04406","G3P_HUMAN","Glyceraldehyde-3-phosphate dehydrogenase","P04406_S125_M2_28","Phospho (STY)",-1.406021432778,0.513041145345146,0.0390855513904293,6,"Not significant"
"P3C4+Nigericin / Nigericin","GAPDH","P04406","P04406","G3P_HUMAN","Glyceraldehyde-3-phosphate dehydrogenase","P04406_S122_M2_28","Phospho (STY)",-1.406021432778,0.513041145345146,0.0390855513904293,6,"Not significant"
"P3C4+Nigericin / Nigericin","HK1","P19367","P19367","HXK1_HUMAN","Hexokinase-1","P19367_Y732_M2_28","Phospho (STY)",7.85508151589762,0.52329240601817,0.0467520386081325,6,"Not significant"
"P3C4+Nigericin / Nigericin","PTPRC","P08575","P08575","PTPRC_HUMAN","Receptor-type tyrosine-protein phosphatase C","P08575_S975_M1_28","Phospho (STY)",-0.73740226039222,0.530844131216744,0.0537965134777609,6,"Not significant"
"P3C4+Nigericin / Nigericin","H1-3","P16402","P16402","H13_HUMAN","Histone H1.3","P16402_S37_M1_28","Phospho (STY)",0.905018511774653,0.530987223255175,0.0539290929954625,6,"Not significant"
"P3C4+Nigericin / Nigericin","CAP2","P40123","P40123","CAP2_HUMAN","Adenylyl cyclase-associated protein 2","P40123_T274_M1_28","Phospho (STY)",-0.302269636993928,0.531713347694726,0.0548532723940624,6,"Not significant"
"P3C4+Nigericin / Nigericin","CAP1","Q01518","Q01518","CAP1_HUMAN","Adenylyl cyclase-associated protein 1","Q01518_T78_M1_28","Phospho (STY)",-0.515412812629108,0.534649273452102,0.0585508972872634,6,"Not significant"
"P3C4+Nigericin / Nigericin","ATP5F1A","P25705","P25705","ATPA_HUMAN","ATP synthase subunit alpha, mitochondrial","P25705_Y321_M2_28","Phospho (STY)",-0.64191037619482,0.535000851886307,0.0588417742455987,6,"Not significant"
"P3C4+Nigericin / Nigericin","POLR2B","P30876","P30876","RPB2_HUMAN","DNA-directed RNA polymerase II subunit RPB2","P30876_Y1029_M2_28","Phospho (STY)",-1.11927587758245,0.541872264690033,0.0653041764379379,5,"Not significant"
"P3C4+Nigericin / Nigericin","ACTC1","P68032","P68032","ACTC_HUMAN","Actin, alpha cardiac muscle 1","P68032_Y220_M2_28","Phospho (STY)",4.14222988252035,0.543001123055582,0.066333390944312,6,"Not significant"
"P3C4+Nigericin / Nigericin","ACAA2","P42765","P42765","THIM_HUMAN","3-ketoacyl-CoA thiolase, mitochondrial","P42765_Y20_M1_28","Phospho (STY)",-0.587560448904977,0.543930993304137,0.0678008083045896,6,"Not significant"
"P3C4+Nigericin / Nigericin","H1-2","P16403","P16403","H12_HUMAN","Histone H1.2","P16403_T31_M2_28","Phospho (STY)",-0.951579897191449,0.546701242444251,0.0716099806639447,5,"Not significant"
"P3C4+Nigericin / Nigericin","CAP1","Cont_Q3SYV4","Cont_Q3SYV4","CAP1_BOVIN","Adenylyl cyclase-associated protein 1","Cont_Q3SYV4_T89_M1_28","Phospho (STY)",-0.333907353460978,0.546780700510908,0.0718813305977019,5,"Not significant"
"P3C4+Nigericin / Nigericin","FLNA","P21333","P21333","FLNA_HUMAN","Filamin-A","P21333_S2279_M1_28","Phospho (STY)",-1.40288635451472,0.547512628338201,0.0730616797252859,6,"Not significant"
"P3C4+Nigericin / Nigericin","EIF1AX","P47813","P47813","IF1AX_HUMAN","Eukaryotic translation initiation factor 1A, X-chromosomal","P47813_S74_M2_28","Phospho (STY)",-0.963594847357081,0.549108960967027,0.0747409944215888,5,"Not significant"
"P3C4+Nigericin / Nigericin","H2BC21","Q16778","Q16778","H2B2E_HUMAN","Histone H2B type 2-E","Q16778_Y38_M2_28","Phospho (STY)",6.27106948758137,0.552653752425058,0.0783913783507245,5,"Not significant"
"P3C4+Nigericin / Nigericin","RDX","P35241","P35241","RADI_HUMAN","Radixin","P35241_T10_M2_28","Phospho (STY)",-0.502235207896374,0.555168261301719,0.0815133762742323,6,"Not significant"
"P3C4+Nigericin / Nigericin","GRHPR","Q9UBQ7","Q9UBQ7","GRHPR_HUMAN","Glyoxylate reductase/hydroxypyruvate reductase","Q9UBQ7_S60_M1_28","Phospho (STY)",-0.83205913777489,0.556604607267625,0.0838062213679248,6,"Not significant"
"P3C4+Nigericin / Nigericin","RBM39","Q14498","Q14498","RBM39_HUMAN","RNA-binding protein 39","Q14498_S136_M1_28","Phospho (STY)",-1.19983843690573,0.557158461868193,0.0850562319609926,6,"Not significant"
"P3C4+Nigericin / Nigericin","HSPD1","P10809","P10809","CH60_HUMAN","60 kDa heat shock protein, mitochondrial","P10809_T54_M1_28","Phospho (STY)",0.942951280294041,0.561050541184824,0.0899723693316044,6,"Not significant"
"P3C4+Nigericin / Nigericin","MYO1E","Q12965","Q12965","MYO1E_HUMAN","Unconventional myosin-Ie","Q12965_T865_M1_28","Phospho (STY)",-0.715356462201587,0.563766917388653,0.0934347469360329,6,"Not significant"
"P3C4+Nigericin / Nigericin","ACLY","P53396","P53396","ACLY_HUMAN","ATP-citrate synthase","P53396_Y704_M1_28","Phospho (STY)",-0.63145327176221,0.569470390953023,0.102462898407908,6,"Not significant"
"P3C4+Nigericin / Nigericin","P4HA1","P13674","P13674","P4HA1_HUMAN","Prolyl 4-hydroxylase subunit alpha-1","P13674_S345_M1_28","Phospho (STY)",-1.82510953957641,0.571727835909956,0.105078737933294,6,"Not significant"
"P3C4+Nigericin / Nigericin","EEF1A1P5","Q5VTE0","Q5VTE0","EF1A3_HUMAN","Putative elongation factor 1-alpha-like 3","Q5VTE0_Y357_M1_28","Phospho (STY)",-0.347083266202714,0.572161168337628,0.106159367514818,6,"Not significant"
"P3C4+Nigericin / Nigericin","GSN","Cont_Q3SX14","Cont_Q3SX14","GELS_BOVIN","Gelsolin","Cont_Q3SX14_Y320_M1_28","Phospho (STY)",-0.467412698469729,0.572762385428435,0.10715563262149,6,"Not significant"
"P3C4+Nigericin / Nigericin","PYCARD","Q9ULZ3","Q9ULZ3","ASC_HUMAN","Apoptosis-associated speck-like protein containing a CARD","Q9ULZ3_T16_M1_28","Phospho (STY)",-1.83254991724016,0.573515793299745,0.108412548768594,6,"Not significant"
"P3C4+Nigericin / Nigericin","PGLS","O95336","O95336","6PGL_HUMAN","6-phosphogluconolactonase","O95336_T249_M1_28","Phospho (STY)",1.76596315012193,0.576019448629842,0.11254719062885,6,"Not significant"
"P3C4+Nigericin / Nigericin","RNH1","P13489","P13489","RINI_HUMAN","Ribonuclease inhibitor","P13489_S290_M2_28","Phospho (STY)",8.98086181732107,0.576155981641014,0.112976435364266,4,"Not significant"
"P3C4+Nigericin / Nigericin","RARS1","P54136","P54136","SYRC_HUMAN","Arginine--tRNA ligase, cytoplasmic","P54136_S177_M1_28","Phospho (STY)",0.569415307766467,0.577472916013594,0.115186628189059,6,"Not significant"
"P3C4+Nigericin / Nigericin","AHCTF1","Q8WYP5","Q8WYP5","ELYS_HUMAN","Protein ELYS","Q8WYP5_T1436_M1_28","Phospho (STY)",5.75924879082182,0.581726583854011,0.122462092613583,4,"Not significant"
"P3C4+Nigericin / Nigericin","COMT","P21964","P21964","COMT_HUMAN","Catechol O-methyltransferase","P21964_Y82_M1_28","Phospho (STY)",-0.528594430078342,0.582085490660258,0.123646588086279,6,"Not significant"
"P3C4+Nigericin / Nigericin","RAB44","Q7Z6P3","Q7Z6P3","RAB44_HUMAN","Ras-related protein Rab-44","Q7Z6P3_T874_M1_28","Phospho (STY)",-0.543033601367609,0.583538411540899,0.12629058481651,6,"Not significant"
"P3C4+Nigericin / Nigericin","HADHB","P55084","P55084","ECHB_HUMAN","Trifunctional enzyme subunit beta, mitochondrial","P55084_S262_M1_28","Phospho (STY)",-0.537284837477462,0.584227319719449,0.127896230127395,6,"Not significant"
"P3C4+Nigericin / Nigericin","DDX17","Q92841","Q92841","DDX17_HUMAN","Probable ATP-dependent RNA helicase DDX17","Q92841_S466_M1_28","Phospho (STY)",-0.479609236731385,0.586460134916407,0.131609844856348,6,"Not significant"
"P3C4+Nigericin / Nigericin","FABP5","Q01469","Q01469","FABP5_HUMAN","Fatty acid-binding protein 5","Q01469_T90_M2_28","Phospho (STY)",-0.694344983171169,0.587350481527662,0.13334640076406,4,"Not significant"
"P3C4+Nigericin / Nigericin","GPI","P06744","P06744","G6PI_HUMAN","Glucose-6-phosphate isomerase","P06744_Y183_M1_28","Phospho (STY)",-1.13814051679691,0.588300207338146,0.135250075225995,6,"Not significant"
"P3C4+Nigericin / Nigericin","MTDH","Q86UE4","Q86UE4","LYRIC_HUMAN","Protein LYRIC","Q86UE4_S251_M1_28","Phospho (STY)",2.73093168341882,0.588427652137788,0.135542680966738,6,"Not significant"
"P3C4+Nigericin / Nigericin","BAK1","Q16611","Q16611","BAK_HUMAN","Bcl-2 homologous antagonist/killer","Q16611_S3_M1_28","Phospho (STY)",-0.391088641535376,0.589059365708728,0.136966509579468,6,"Not significant"
"P3C4+Nigericin / Nigericin","RPSA","P08865","P08865","RSSA_HUMAN","Small ribosomal subunit protein uS2","P08865_T144_M1_28","Phospho (STY)",-0.329508744970248,0.589164952721216,0.137243682167187,6,"Not significant"
"P3C4+Nigericin / Nigericin","GNAI2","P04899","P04899","GNAI2_HUMAN","Guanine nucleotide-binding protein G(i) subunit alpha-2","P04899_Y74_M1_28","Phospho (STY)",0.551386495854736,0.589415958711223,0.137662500860234,5,"Not significant"
"P3C4+Nigericin / Nigericin","RPS20","P60866","P60866","RS20_HUMAN","Small ribosomal subunit protein uS10","P60866_T9_M2_28","Phospho (STY)",-0.321952431594228,0.589640669406129,0.138483126662063,6,"Not significant"
"P3C4+Nigericin / Nigericin","RPS20","P60866","P60866","RS20_HUMAN","Small ribosomal subunit protein uS10","P60866_T6_M2_28","Phospho (STY)",-0.321952431594228,0.589640669406129,0.138483126662063,6,"Not significant"
"P3C4+Nigericin / Nigericin","TNF","P01375","P01375","TNFA_HUMAN","Tumor necrosis factor","P01375_S71_M1_28","Phospho (STY)",-0.680808913661497,0.589694332029168,0.138593643878892,5,"Not significant"
"P3C4+Nigericin / Nigericin","COMT","P21964","P21964","COMT_HUMAN","Catechol O-methyltransferase","P21964_T163_M1_28","Phospho (STY)",-5.90111412942792,0.589840793561396,0.138851098033602,4,"Not significant"
"P3C4+Nigericin / Nigericin","SMAP2","Q8WU79","Q8WU79","SMAP2_HUMAN","Stromal membrane-associated protein 2","Q8WU79_S240_M1_28","Phospho (STY)",-2.10767900173533,0.590343175241386,0.139682791220685,5,"Not significant"
"P3C4+Nigericin / Nigericin","TACC3","Q9Y6A5","Q9Y6A5","TACC3_HUMAN","Transforming acidic coiled-coil-containing protein 3","Q9Y6A5_Y764_M1_28","Phospho (STY)",-0.570045804522576,0.594404860877025,0.146663846419983,6,"Not significant"
"P3C4+Nigericin / Nigericin","GPSM3","Q9Y4H4","Q9Y4H4","GPSM3_HUMAN","G-protein-signaling modulator 3","Q9Y4H4_S56_M1_28","Phospho (STY)",0.608884293124675,0.59440715707418,0.146703212510808,4,"Not significant"
"P3C4+Nigericin / Nigericin","HSP90AB1","P08238","P08238","HS90B_HUMAN","Heat shock protein HSP 90-beta","P08238_S67_M1_28","Phospho (STY)",-1.49977293764849,0.594737371872054,0.147298623672597,6,"Not significant"
"P3C4+Nigericin / Nigericin","THRAP3","Q9Y2W1","Q9Y2W1","TR150_HUMAN","Thyroid hormone receptor-associated protein 3","Q9Y2W1_S253_M2_28","Phospho (STY)",1.66098592728914,0.59556569067136,0.149332426385719,6,"Not significant"
"P3C4+Nigericin / Nigericin","PRSS1","Cont_P00760","Cont_P00760","TRY1_BOVIN","Serine protease 1","Cont_P00760_Y99_M2_28","Phospho (STY)",-2.38887805024431,0.596044323601815,0.1501924063201,6,"Not significant"
"P3C4+Nigericin / Nigericin","RBM14","Q96PK6","Q96PK6","RBM14_HUMAN","RNA-binding protein 14","Q96PK6_T206_M1_28","Phospho (STY)",-0.637480924695232,0.597412512234981,0.153696176169914,6,"Not significant"
"P3C4+Nigericin / Nigericin","ARL6IP5","O75915","O75915","PRAF3_HUMAN","PRA1 family protein 3","O75915_T160_M1_28","Phospho (STY)",-1.15323853646067,0.598084927066102,0.15470497529986,6,"Not significant"
"P3C4+Nigericin / Nigericin","SNRPD2","P62316","P62316","SMD2_HUMAN","Small nuclear ribonucleoprotein Sm D2","P62316_S2_M1_28","Phospho (STY)",-0.463136045391066,0.59943616600013,0.156958833640151,6,"Not significant"
"P3C4+Nigericin / Nigericin","CLPX","O76031","O76031","CLPX_HUMAN","ATP-dependent Clp protease ATP-binding subunit clpX-like, mitochondrial","O76031_S365_M1_28","Phospho (STY)",-0.35353782193448,0.602205229211789,0.16219363064126,6,"Not significant"
"P3C4+Nigericin / Nigericin","TUBB5;TUBB","Cont_Q2KJD0;P07437","Cont_Q2KJD0;P07437","TBB5_BOVIN;TBB5_HUMAN","Tubulin beta-5 chain;Tubulin beta chain","Cont_Q2KJD0_Y281_M3_28","Phospho (STY)",-0.699162814116635,0.603121480649919,0.177228888891177,6,"Not significant"
"P3C4+Nigericin / Nigericin","TUBB5;TUBB","Cont_Q2KJD0;P07437","Cont_Q2KJD0;P07437","TBB5_BOVIN;TBB5_HUMAN","Tubulin beta-5 chain;Tubulin beta chain","P07437_Y281_M3_28","Phospho (STY)",-0.699162814116635,0.603121480649919,0.177228888891177,6,"Not significant"
"P3C4+Nigericin / Nigericin","GSN","Cont_Q3SX14","Cont_Q3SX14","GELS_BOVIN","Gelsolin","Cont_Q3SX14_Y320_M2_28","Phospho (STY)",-11.9746440672493,0.603121480649919,0.187689587269418,6,"Not significant"
"P3C4+Nigericin / Nigericin","MCM3AP","O60318","O60318","GANP_HUMAN","Germinal-center associated nuclear protein","O60318_T735_M1_28","Phospho (STY)",1.33311295937341,0.603121480649919,0.191686796632412,5,"Not significant"
"P3C4+Nigericin / Nigericin","CUTA","O60888","O60888","CUTA_HUMAN","Protein CutA","O60888_T125_M1_28","Phospho (STY)",-9.75672174416296,0.603121480649919,0.185519536082898,5,"Not significant"
"P3C4+Nigericin / Nigericin","RPLP2","P05387","P05387","RLA2_HUMAN","Large ribosomal subunit protein P2","P05387_S44_M1_28","Phospho (STY)",-5.41510089823495,0.603121480649919,0.182710107310462,6,"Not significant"
"P3C4+Nigericin / Nigericin","P4HB","P07237","P07237","PDIA1_HUMAN","Protein disulfide-isomerase","P07237_Y116_M2_28","Phospho (STY)",-1.58644873041069,0.603121480649919,0.177043214440518,6,"Not significant"
"P3C4+Nigericin / Nigericin","ALDOC","P09972","P09972","ALDOC_HUMAN","Fructose-bisphosphate aldolase C","P09972_S160_M2_28","Phospho (STY)",-9.92829414851188,0.603121480649919,0.185052976699149,6,"Not significant"
"P3C4+Nigericin / Nigericin","HSPA5","P11021","P11021","BIP_HUMAN","Endoplasmic reticulum chaperone BiP","P11021_S86_M3_28","Phospho (STY)",-6.49821197402201,0.603121480649919,0.188594419971109,6,"Not significant"
"P3C4+Nigericin / Nigericin","STAT1","P42224","P42224","STAT1_HUMAN","Signal transducer and activator of transcription 1-alpha/beta","P42224_Y701_M1_28","Phospho (STY)",-0.554822023924983,0.603121480649919,0.173935654163588,6,"Not significant"
"P3C4+Nigericin / Nigericin","CAPZA1","P52907","P52907","CAZA1_HUMAN","F-actin-capping protein subunit alpha-1","P52907_T22_M1_28","Phospho (STY)",-0.374704841615159,0.603121480649919,0.182754625884547,6,"Not significant"
"P3C4+Nigericin / Nigericin","ACLY","P53396","P53396","ACLY_HUMAN","ATP-citrate synthase","P53396_S947_M1_28","Phospho (STY)",-8.47201274547904,0.603121480649919,0.189693915884538,6,"Not significant"
"P3C4+Nigericin / Nigericin","ACTC1","P68032","P68032","ACTC_HUMAN","Actin, alpha cardiac muscle 1","P68032_Y220_M1_28","Phospho (STY)",-0.779776728231431,0.603121480649919,0.189134264857848,6,"Not significant"
"P3C4+Nigericin / Nigericin","PRKDC","P78527","P78527","PRKDC_HUMAN","DNA-dependent protein kinase catalytic subunit","P78527_T4060_M1_28","Phospho (STY)",-1.06239616956766,0.603121480649919,0.187818827944212,6,"Not significant"
"P3C4+Nigericin / Nigericin","MRPS36","P82909","P82909","KGD4_HUMAN","Alpha-ketoglutarate dehydrogenase component 4","P82909_Y84_M1_28","Phospho (STY)",-0.595901028816666,0.603121480649919,0.195318547197749,6,"Not significant"
"P3C4+Nigericin / Nigericin","CAP1","Q01518","Q01518","CAP1_HUMAN","Adenylyl cyclase-associated protein 1","Q01518_S62_M1_28","Phospho (STY)",-0.383838926023546,0.603121480649919,0.17391766718054,5,"Not significant"
"P3C4+Nigericin / Nigericin","AHNAK","Q09666","Q09666","AHNK_HUMAN","Neuroblast differentiation-associated protein AHNAK","Q09666_S4092_M1_28","Phospho (STY)",-5.92313986220552,0.603121480649919,0.186202191420686,6,"Not significant"
"P3C4+Nigericin / Nigericin","HNRNPD","Q14103","Q14103","HNRPD_HUMAN","Heterogeneous nuclear ribonucleoprotein D0","Q14103_Y201_M1_28","Phospho (STY)",-0.636679365662499,0.603121480649919,0.166289430975486,6,"Not significant"
"P3C4+Nigericin / Nigericin","RAB11B","Q15907","Q15907","RB11B_HUMAN","Ras-related protein Rab-11B","Q15907_T59_M1_28","Phospho (STY)",-0.472993912292124,0.603121480649919,0.168571948501334,6,"Not significant"
"P3C4+Nigericin / Nigericin","MIA2","Q96PC5","Q96PC5","MIA2_HUMAN","Melanoma inhibitory activity protein 2","Q96PC5_Y1039_M2_28","Phospho (STY)",4.71325042352889,0.603121480649919,0.194176494907725,6,"Not significant"
"P3C4+Nigericin / Nigericin","TLN1","Q9Y490","Q9Y490","TLN1_HUMAN","Talin-1","Q9Y490_T1663_M1_28","Phospho (STY)",-0.335355457400794,0.603121480649919,0.173308822874654,6,"Not significant"
"P3C4+Nigericin / Nigericin","ACLY","P53396","P53396","ACLY_HUMAN","ATP-citrate synthase","P53396_Y704_M2_28","Phospho (STY)",-5.1529664308794,0.603202993881853,0.197387348334351,5,"Not significant"
"P3C4+Nigericin / Nigericin","MYO1E","Q12965","Q12965","MYO1E_HUMAN","Unconventional myosin-Ie","Q12965_S912_M1_28","Phospho (STY)",-0.649704687215321,0.603202993881853,0.199051779314294,6,"Not significant"
"P3C4+Nigericin / Nigericin","ACTR3","P61158","P61158","ARP3_HUMAN","Actin-related protein 3","P61158_Y184_M1_28","Phospho (STY)",-1.64503597292979,0.603526448284182,0.201573016609327,6,"Not significant"
"P3C4+Nigericin / Nigericin","HPCAL1","P37235","P37235","HPCL1_HUMAN","Hippocalcin-like protein 1","P37235_T158_M1_28","Phospho (STY)",1.10513075192339,0.603560623239385,0.202493981799687,6,"Not significant"
"P3C4+Nigericin / Nigericin","MYH9","P35579","P35579","MYH9_HUMAN","Myosin-9","P35579_T1208_M1_28","Phospho (STY)",-0.638368923532606,0.604237809055336,0.205905080817926,6,"Not significant"
"P3C4+Nigericin / Nigericin","ILF2","Q12905","Q12905","ILF2_HUMAN","Interleukin enhancer-binding factor 2","Q12905_Y338_M1_28","Phospho (STY)",-6.28980490861168,0.604316063081654,0.206823615464781,6,"Not significant"
"P3C4+Nigericin / Nigericin","CHMP4B","Q9H444","Q9H444","CHM4B_HUMAN","Charged multivesicular body protein 4b","Q9H444_Y75_M3_28","Phospho (STY)",-3.83210198112834,0.604809487604657,0.20950150440628,4,"Not significant"
"P3C4+Nigericin / Nigericin","P4HB","P07237","P07237","PDIA1_HUMAN","Protein disulfide-isomerase","P07237_T277_M1_28","Phospho (STY)",-6.76341950313001,0.605043898694828,0.210311811743808,6,"Not significant"
"P3C4+Nigericin / Nigericin","GNA11","P29992","P29992","GNA11_HUMAN","Guanine nucleotide-binding protein subunit alpha-11","P29992_Y172_M1_28","Phospho (STY)",-0.453463556179415,0.605043898694828,0.211211825775839,6,"Not significant"
"P3C4+Nigericin / Nigericin","MAPRE1","Q15691","Q15691","MARE1_HUMAN","Microtubule-associated protein RP/EB family member 1","Q15691_Y217_M1_28","Phospho (STY)",-0.431435222916639,0.605215896427428,0.211969393514894,6,"Not significant"
"P3C4+Nigericin / Nigericin","DNM1L","O00429","O00429","DNM1L_HUMAN","Dynamin-1-like protein","O00429_S71_M1_28","Phospho (STY)",-0.279958193520535,0.605260802615784,0.212350326644655,6,"Not significant"
"P3C4+Nigericin / Nigericin","HSPA5","P11021","P11021","BIP_HUMAN","Endoplasmic reticulum chaperone BiP","P11021_S354_M1_28","Phospho (STY)",-0.855144582557843,0.605290855935159,0.21259904024304,6,"Not significant"
"P3C4+Nigericin / Nigericin","ACTBL2","Q562R1","Q562R1","ACTBL_HUMAN","Beta-actin-like protein 2","Q562R1_Y167_M1_28","Phospho (STY)",-1.22830861175398,0.605904805364276,0.214887505283453,4,"Not significant"
"P3C4+Nigericin / Nigericin","RPL21","P46778","P46778","RL21_HUMAN","Large ribosomal subunit protein eL21","P46778_T124_M1_28","Phospho (STY)",-0.999026125083167,0.606030087823053,0.215666502777212,6,"Not significant"
"P3C4+Nigericin / Nigericin","RAB37","Q96AX2","Q96AX2","RAB37_HUMAN","Ras-related protein Rab-37","Q96AX2_T73_M1_28","Phospho (STY)",-1.56445690780153,0.60625245209263,0.216724340411637,6,"Not significant"
"P3C4+Nigericin / Nigericin","S100A9","P06702","P06702","S10A9_HUMAN","Protein S100-A9","P06702_Y22_M2_28","Phospho (STY)",0.363170780503363,0.60724667775806,0.220890212419303,4,"Not significant"
"P3C4+Nigericin / Nigericin","MMP9","P14780","P14780","MMP9_HUMAN","Matrix metalloproteinase-9","P14780_S66_M1_28","Phospho (STY)",-0.495387436351349,0.60767948238059,0.222458033025011,6,"Not significant"
"P3C4+Nigericin / Nigericin","GOT2","P00505","P00505","AATM_HUMAN","Aspartate aminotransferase, mitochondrial","P00505_S317_M2_28","Phospho (STY)",-0.859218121017295,0.609902983874625,0.229951060761777,6,"Not significant"
"P3C4+Nigericin / Nigericin","GOT2","P00505","P00505","AATM_HUMAN","Aspartate aminotransferase, mitochondrial","P00505_Y316_M2_28","Phospho (STY)",-0.859218121017295,0.609902983874625,0.229951060761777,6,"Not significant"
"P3C4+Nigericin / Nigericin","BRD2","P25440","P25440","BRD2_HUMAN","Bromodomain-containing protein 2","P25440_T6_M1_28","Phospho (STY)",-0.526015711179892,0.609915814378596,0.230246091985728,6,"Not significant"
"P3C4+Nigericin / Nigericin","ABCC3","O15438","O15438","MRP3_HUMAN","ATP-binding cassette sub-family C member 3","O15438_S273_M1_28","Phospho (STY)",-0.417480130466166,0.610041720225536,0.230777520281553,5,"Not significant"
"P3C4+Nigericin / Nigericin","STK10","O94804","O94804","STK10_HUMAN","Serine/threonine-protein kinase 10","O94804_S438_M1_28","Phospho (STY)",-0.801146310194787,0.611875725554705,0.237451981531837,6,"Not significant"
"P3C4+Nigericin / Nigericin","DRG2","P55039","P55039","DRG2_HUMAN","Developmentally-regulated GTP-binding protein 2","P55039_Y210_M1_28","Phospho (STY)",-0.606500337560782,0.6125268305526,0.239764778743328,6,"Not significant"
"P3C4+Nigericin / Nigericin","TF","P02787","P02787","TRFE_HUMAN","Serotransferrin","P02787_Y257_M1_28","Phospho (STY)",-0.287510975349997,0.612636066011173,0.240198266701759,6,"Not significant"
"P3C4+Nigericin / Nigericin","LSP1","P33241","P33241","LSP1_HUMAN","Lymphocyte-specific protein 1","P33241_S189_M1_28","Phospho (STY)",-0.325980785333907,0.612902846833777,0.240964921788129,6,"Not significant"
"P3C4+Nigericin / Nigericin","RAB5C","P51148","P51148","RAB5C_HUMAN","Ras-related protein Rab-5C","P51148_S124_M1_28","Phospho (STY)",-0.491047984068406,0.613114230711445,0.242230875218741,6,"Not significant"
"P3C4+Nigericin / Nigericin","TXNDC12","O95881","O95881","TXD12_HUMAN","Thioredoxin domain-containing protein 12","O95881_S121_M1_28","Phospho (STY)",-0.411582919828989,0.613212544045775,0.242541954094651,6,"Not significant"
"P3C4+Nigericin / Nigericin","ANXA2","P07355","P07355","ANXA2_HUMAN","Annexin A2","P07355_Y147_M1_28","Phospho (STY)",-0.397830010593962,0.613212544045775,0.242669454867007,6,"Not significant"
"P3C4+Nigericin / Nigericin","SSBP1","Q04837","Q04837","SSBP_HUMAN","Single-stranded DNA-binding protein, mitochondrial","Q04837_T144_M2_28","Phospho (STY)",-0.759723881917251,0.613896630194027,0.245690415106577,5,"Not significant"
"P3C4+Nigericin / Nigericin","SSBP1","Q04837","Q04837","SSBP_HUMAN","Single-stranded DNA-binding protein, mitochondrial","Q04837_S141_M2_28","Phospho (STY)",-0.759723881917251,0.613896630194027,0.245690415106577,5,"Not significant"
"P3C4+Nigericin / Nigericin","SF3B3","Q15393","Q15393","SF3B3_HUMAN","Splicing factor 3B subunit 3","Q15393_Y807_M2_28","Phospho (STY)",-0.394539262253603,0.613958220848818,0.245848676548716,6,"Not significant"
"P3C4+Nigericin / Nigericin","RRS1","Q15050","Q15050","RRS1_HUMAN","Ribosome biogenesis regulatory protein homolog","Q15050_T56_M2_28","Phospho (STY)",-1.69360078463682,0.615279386917228,0.249594792362138,5,"Not significant"
"P3C4+Nigericin / Nigericin","ENO1","P06733","P06733","ENOA_HUMAN","Alpha-enolase","P06733_T85_M1_28","Phospho (STY)",-1.0223839918254,0.615415867616668,0.250063158637771,6,"Not significant"
"P3C4+Nigericin / Nigericin","RPL23A","P62750","P62750","RL23A_HUMAN","Large ribosomal subunit protein uL23","P62750_T95_M1_28","Phospho (STY)",-2.23558592765533,0.616940404039993,0.25441803593341,6,"Not significant"
"P3C4+Nigericin / Nigericin","RPS23","P62266","P62266","RS23_HUMAN","Small ribosomal subunit protein uS12","P62266_T82_M1_28","Phospho (STY)",-0.578385707744399,0.617020325720918,0.254537156608524,6,"Not significant"
"P3C4+Nigericin / Nigericin","CCAR2","Q8N163","Q8N163","CCAR2_HUMAN","Cell cycle and apoptosis regulator protein 2","Q8N163_Y100_M1_28","Phospho (STY)",-0.633989535291973,0.617327020834734,0.255442639929889,6,"Not significant"
"P3C4+Nigericin / Nigericin","ZMPSTE24","O75844","O75844","FACE1_HUMAN","CAAX prenyl protease 1 homolog","O75844_Y45_M1_28","Phospho (STY)",-0.85442633541588,0.61745039312414,0.255646306221788,6,"Not significant"
"P3C4+Nigericin / Nigericin","PRSS1","P07477","P07477","TRY1_HUMAN","Serine protease 1","P07477_T103_M1_28","Phospho (STY)",-3.97502579350258,0.617538326105908,0.25589961815256,6,"Not significant"
"P3C4+Nigericin / Nigericin","ATP6V0A1","Q93050","Q93050","VPP1_HUMAN","V-type proton ATPase 116 kDa subunit a 1","Q93050_T82_M1_28","Phospho (STY)",-0.592581945189652,0.617646477691993,0.25648254629397,6,"Not significant"
"P3C4+Nigericin / Nigericin","RAB5B","P61020","P61020","RAB5B_HUMAN","Ras-related protein Rab-5B","P61020_S184_M1_28","Phospho (STY)",-0.46588723709991,0.618047042786506,0.257178886694097,6,"Not significant"
"P3C4+Nigericin / Nigericin","PRKCSH","P14314","P14314","GLU2B_HUMAN","Glucosidase 2 subunit beta","P14314_S478_M1_28","Phospho (STY)",-0.218548271913826,0.618152545042591,0.257305551027624,6,"Not significant"
"P3C4+Nigericin / Nigericin","SRSF1","Q07955","Q07955","SRSF1_HUMAN","Serine/arginine-rich splicing factor 1","Q07955_Y149_M1_28","Phospho (STY)",-0.761807864148195,0.618245244238915,0.257483383529225,6,"Not significant"
"P3C4+Nigericin / Nigericin","ACTC1","P68032","P68032","ACTC_HUMAN","Actin, alpha cardiac muscle 1","P68032_T231_M1_28","Phospho (STY)",-0.487803468140955,0.619221748360544,0.259765985729482,4,"Not significant"
"P3C4+Nigericin / Nigericin","DTX3L","Q8TDB6","Q8TDB6","DTX3L_HUMAN","E3 ubiquitin-protein ligase DTX3L","Q8TDB6_S9_M1_28","Phospho (STY)",-0.864788230543089,0.620178256630981,0.262183876340022,5,"Not significant"
"P3C4+Nigericin / Nigericin","UQCRC2","P22695","P22695","QCR2_HUMAN","Cytochrome b-c1 complex subunit 2, mitochondrial","P22695_Y71_M1_28","Phospho (STY)",-0.811815667673333,0.620386774818256,0.262535661425781,6,"Not significant"
"P3C4+Nigericin / Nigericin","MSI2","Q96DH6","Q96DH6","MSI2H_HUMAN","RNA-binding protein Musashi homolog 2","Q96DH6_S74_M1_28","Phospho (STY)",0.957489517941207,0.620419255972017,0.262583408148322,4,"Not significant"
"P3C4+Nigericin / Nigericin","HLA-H","P01893","P01893","HLAH_HUMAN","Putative HLA class I histocompatibility antigen, alpha chain H","P01893_S48_M1_28","Phospho (STY)",1.16934551934131,0.622780314898382,0.268132504896113,6,"Not significant"
"P3C4+Nigericin / Nigericin","ARGLU1","Q9NWB6","Q9NWB6","ARGL1_HUMAN","Arginine and glutamate-rich protein 1","Q9NWB6_S77_M1_28","Phospho (STY)",0.685084366486249,0.623030818293002,0.268627464375159,5,"Not significant"
"P3C4+Nigericin / Nigericin","MTHFD2","P13995","P13995","MTDC_HUMAN","Bifunctional methylenetetrahydrofolate dehydrogenase/cyclohydrolase, mitochondrial","P13995_T284_M1_28","Phospho (STY)",-2.09573894578096,0.623725211793203,0.27043429504263,6,"Not significant"
"P3C4+Nigericin / Nigericin","SOD2","P04179","P04179","SODM_HUMAN","Superoxide dismutase [Mn], mitochondrial","P04179_S106_M1_28","Phospho (STY)",0.81612841934441,0.624352298214791,0.272448260515329,6,"Not significant"
"P3C4+Nigericin / Nigericin","POFUT2","Q9Y2G5","Q9Y2G5","OFUT2_HUMAN","GDP-fucose protein O-fucosyltransferase 2","Q9Y2G5_S282_M2_28","Phospho (STY)",0.759321567464863,0.624948409431378,0.274044621062786,4,"Not significant"
"P3C4+Nigericin / Nigericin","RALY","Q9UKM9","Q9UKM9","RALY_HUMAN","RNA-binding protein Raly","Q9UKM9_S135_M1_28","Phospho (STY)",-0.368349071458029,0.62517871694715,0.27462615761823,6,"Not significant"
"P3C4+Nigericin / Nigericin","HSPA9","P38646","P38646","GRP75_HUMAN","Stress-70 protein, mitochondrial","P38646_T504_M1_28","Phospho (STY)",-0.905016937813678,0.625965265740351,0.276961885901126,6,"Not significant"
"P3C4+Nigericin / Nigericin","NUFIP2","Q7Z417","Q7Z417","NUFP2_HUMAN","FMR1-interacting protein NUFIP2","Q7Z417_S107_M2_28","Phospho (STY)",0.275197575761142,0.626518604360457,0.27840052983901,6,"Not significant"
"P3C4+Nigericin / Nigericin","UBE2J1","Q9Y385","Q9Y385","UB2J1_HUMAN","Ubiquitin-conjugating enzyme E2 J1","Q9Y385_S184_M1_28","Phospho (STY)",-0.831139619638655,0.626702152622596,0.278852470877773,5,"Not significant"
"P3C4+Nigericin / Nigericin","RP2","O75695","O75695","XRP2_HUMAN","Protein XRP2","O75695_S219_M1_28","Phospho (STY)",-0.619199381577934,0.628745260234628,0.285159605822394,5,"Not significant"
"P3C4+Nigericin / Nigericin","KIF5B","P33176","P33176","KINH_HUMAN","Kinesin-1 heavy chain","P33176_Y29_M1_28","Phospho (STY)",-0.443642098611383,0.62987167635844,0.288274348551047,5,"Not significant"
"P3C4+Nigericin / Nigericin","SVIL","O95425","O95425","SVIL_HUMAN","Supervillin","O95425_S245_M1_28","Phospho (STY)",-0.229747991877238,0.63009760735146,0.289087730846838,4,"Not significant"
"P3C4+Nigericin / Nigericin","GYS1","P13807","P13807","GYS1_HUMAN","Glycogen [starch] synthase, muscle","P13807_Y405_M1_28","Phospho (STY)",0.920177916756012,0.631352011789957,0.292812450362883,6,"Not significant"
"P3C4+Nigericin / Nigericin","ALDOA","P04075","P04075","ALDOA_HUMAN","Fructose-bisphosphate aldolase A","P04075_T119_M1_28","Phospho (STY)",-1.547931727922,0.631919745124971,0.294398455878737,6,"Not significant"
"P3C4+Nigericin / Nigericin","PDHA1","P08559","P08559","ODPA_HUMAN","Pyruvate dehydrogenase E1 component subunit alpha, somatic form, mitochondrial","P08559_Y289_M1_28","Phospho (STY)",-1.14215395593526,0.632998127568766,0.29703167957055,4,"Not significant"
"P3C4+Nigericin / Nigericin","ACTB","Cont_P60712;P60709","Cont_P60712;P60709","ACTB_BOVIN;ACTB_HUMAN","Actin, cytoplasmic 1;Actin, cytoplasmic 1","Cont_P60712_Y294_M2_28","Phospho (STY)",6.3775965963474,0.633972537254186,0.423044151192681,5,"Not significant"
"P3C4+Nigericin / Nigericin","ACTB","Cont_P60712;P60709","Cont_P60712;P60709","ACTB_BOVIN;ACTB_HUMAN","Actin, cytoplasmic 1;Actin, cytoplasmic 1","P60709_Y294_M2_28","Phospho (STY)",6.3775965963474,0.633972537254186,0.423044151192681,5,"Not significant"
"P3C4+Nigericin / Nigericin","ACTB","Cont_P60712;P60709","Cont_P60712;P60709","ACTB_BOVIN;ACTB_HUMAN","Actin, cytoplasmic 1;Actin, cytoplasmic 1","Cont_P60712_Y240_M2_28","Phospho (STY)",5.33413204210384,0.633972537254186,0.420990669587131,5,"Not significant"
"P3C4+Nigericin / Nigericin","ACTB","Cont_P60712;P60709","Cont_P60712;P60709","ACTB_BOVIN;ACTB_HUMAN","Actin, cytoplasmic 1;Actin, cytoplasmic 1","P60709_Y240_M2_28","Phospho (STY)",5.33413204210384,0.633972537254186,0.420990669587131,5,"Not significant"
"P3C4+Nigericin / Nigericin","EEF1A1","Cont_P68103;P68104","Cont_P68103;P68104","EF1A1_BOVIN;EF1A1_HUMAN","Elongation factor 1-alpha 1","Cont_P68103_Y418_M2_28","Phospho (STY)",-7.22685799509161,0.633972537254186,0.423071809736891,6,"Not significant"
"P3C4+Nigericin / Nigericin","EEF1A1","Cont_P68103;P68104","Cont_P68103;P68104","EF1A1_BOVIN;EF1A1_HUMAN","Elongation factor 1-alpha 1","P68104_Y418_M2_28","Phospho (STY)",-7.22685799509161,0.633972537254186,0.423071809736891,6,"Not significant"
"P3C4+Nigericin / Nigericin","EEF1A1","Cont_P68103;P68104","Cont_P68103;P68104","EF1A1_BOVIN;EF1A1_HUMAN","Elongation factor 1-alpha 1","Cont_P68103_Y357_M2_28","Phospho (STY)",-0.378557765176247,0.633972537254186,0.399460916084336,6,"Not significant"
"P3C4+Nigericin / Nigericin","EEF1A1","Cont_P68103;P68104","Cont_P68103;P68104","EF1A1_BOVIN;EF1A1_HUMAN","Elongation factor 1-alpha 1","P68104_Y357_M2_28","Phospho (STY)",-0.378557765176247,0.633972537254186,0.399460916084336,6,"Not significant"
"P3C4+Nigericin / Nigericin","APOA2","Cont_P81644","Cont_P81644","APOA2_BOVIN","Apolipoprotein A-II","Cont_P81644_Y64_M1_28","Phospho (STY)",0.424338296487389,0.633972537254186,0.406418850848521,6,"Not significant"
"P3C4+Nigericin / Nigericin","ATP2A1","O14983","O14983","AT2A1_HUMAN","Sarcoplasmic/endoplasmic reticulum calcium ATPase 1","O14983_T446_M2_28","Phospho (STY)",-0.745470734197214,0.633972537254186,0.427386956100348,4,"Not significant"
"P3C4+Nigericin / Nigericin","EIF5B","O60841","O60841","IF2P_HUMAN","Eukaryotic translation initiation factor 5B","O60841_T642_M1_28","Phospho (STY)",4.02596343868854,0.633972537254186,0.420728512946513,6,"Not significant"
"P3C4+Nigericin / Nigericin","CTSV","O60911","O60911","CATL2_HUMAN","Cathepsin L2","O60911_Y125_M1_28","Phospho (STY)",2.04504077069455,0.633972537254186,0.433893989371196,6,"Not significant"
"P3C4+Nigericin / Nigericin","TXNDC12","O95881","O95881","TXD12_HUMAN","Thioredoxin domain-containing protein 12","O95881_S53_M1_28","Phospho (STY)",6.83262132749181,0.633972537254186,0.423879868555612,6,"Not significant"
"P3C4+Nigericin / Nigericin","GLUD1","P00367","P00367","DHE3_HUMAN","Glutamate dehydrogenase 1, mitochondrial","P00367_Y170_M1_28","Phospho (STY)",-8.17735244132454,0.633972537254186,0.423021469862057,6,"Not significant"
"P3C4+Nigericin / Nigericin","ALDOA","P04075","P04075","ALDOA_HUMAN","Fructose-bisphosphate aldolase A","P04075_S176_M1_28","Phospho (STY)",-0.266048851164932,0.633972537254186,0.391335007326248,5,"Not significant"
"P3C4+Nigericin / Nigericin","ALDOA","P04075","P04075","ALDOA_HUMAN","Fructose-bisphosphate aldolase A","P04075_S160_M2_28","Phospho (STY)",-7.03596115212774,0.633972537254186,0.423126219107986,6,"Not significant"
"P3C4+Nigericin / Nigericin","ALDOA","P04075","P04075","ALDOA_HUMAN","Fructose-bisphosphate aldolase A","P04075_T158_M2_28","Phospho (STY)",-7.03596115212774,0.633972537254186,0.423126219107986,6,"Not significant"
"P3C4+Nigericin / Nigericin","GAPDH","P04406","P04406","G3P_HUMAN","Glyceraldehyde-3-phosphate dehydrogenase","P04406_T75_M1_28","Phospho (STY)",5.04408913178185,0.633972537254186,0.427691074089347,6,"Not significant"
"P3C4+Nigericin / Nigericin","ITGB2","P05107","P05107","ITB2_HUMAN","Integrin beta-2","P05107_Y382_M2_28","Phospho (STY)",-8.42537105468986,0.633972537254186,0.422451293555515,6,"Not significant"
"P3C4+Nigericin / Nigericin","ATP5F1B","P06576","P06576","ATPB_HUMAN","ATP synthase subunit beta, mitochondrial","P06576_T116_M1_28","Phospho (STY)",-0.520401772604273,0.633972537254186,0.350413516062852,5,"Not significant"
"P3C4+Nigericin / Nigericin","GPX1","P07203","P07203","GPX1_HUMAN","Glutathione peroxidase 1","P07203_S95_M1_28","Phospho (STY)",-3.17427881828101,0.633972537254186,0.428289990880775,6,"Not significant"
"P3C4+Nigericin / Nigericin","GPX1","P07203","P07203","GPX1_HUMAN","Glutathione peroxidase 1","P07203_S47_M2_28","Phospho (STY)",-2.9906950868336,0.633972537254186,0.429591093504883,6,"Not significant"
"P3C4+Nigericin / Nigericin","P4HB","P07237","P07237","PDIA1_HUMAN","Protein disulfide-isomerase","P07237_T319_M1_28","Phospho (STY)",-0.266161540276912,0.633972537254186,0.304256667214654,6,"Not significant"
"P3C4+Nigericin / Nigericin","PRSS1","P07477","P07477","TRY1_HUMAN","Serine protease 1","P07477_Y99_M1_28","Phospho (STY)",0.554269936949398,0.633972537254186,0.304157503788921,6,"Not significant"
"P3C4+Nigericin / Nigericin","RPSA","P08865","P08865","RSSA_HUMAN","Small ribosomal subunit protein uS2","P08865_T144_M2_28","Phospho (STY)",-7.65314241225401,0.633972537254186,0.423345450972987,6,"Not significant"
"P3C4+Nigericin / Nigericin","ENO2","P09104","P09104","ENOG_HUMAN","Gamma-enolase","P09104_S221_M1_28","Phospho (STY)",-0.352771601215103,0.633972537254186,0.421583624945509,6,"Not significant"
"P3C4+Nigericin / Nigericin","HMGB1","P09429","P09429","HMGB1_HUMAN","High mobility group protein B1","P09429_S121_M1_28","Phospho (STY)",6.4290638570494,0.633972537254186,0.420701989821953,6,"Not significant"
"P3C4+Nigericin / Nigericin","HNRNPA1","P09651","P09651","ROA1_HUMAN","Heterogeneous nuclear ribonucleoprotein A1","P09651_S2_M2_28","Phospho (STY)",0.402402952024031,0.633972537254186,0.37870388707816,6,"Not significant"
"P3C4+Nigericin / Nigericin","H2AC11;H2AC12;H2AC14","P0C0S8;Q96KK5;Q99878","P0C0S8;Q96KK5;Q99878","H2A1_HUMAN;H2A1H_HUMAN;H2A1J_HUMAN","Histone H2A type 1;Histone H2A type 1-H;Histone H2A type 1-J","P0C0S8_T102_M1_28","Phospho (STY)",-4.90350379670438,0.633972537254186,0.42473260638364,6,"Not significant"
"P3C4+Nigericin / Nigericin","H2AC11;H2AC12;H2AC14","P0C0S8;Q96KK5;Q99878","P0C0S8;Q96KK5;Q99878","H2A1_HUMAN;H2A1H_HUMAN;H2A1J_HUMAN","Histone H2A type 1;Histone H2A type 1-H;Histone H2A type 1-J","Q96KK5_T102_M1_28","Phospho (STY)",-4.90350379670438,0.633972537254186,0.42473260638364,6,"Not significant"
"P3C4+Nigericin / Nigericin","H2AC11;H2AC12;H2AC14","P0C0S8;Q96KK5;Q99878","P0C0S8;Q96KK5;Q99878","H2A1_HUMAN;H2A1H_HUMAN;H2A1J_HUMAN","Histone H2A type 1;Histone H2A type 1-H;Histone H2A type 1-J","Q99878_T102_M1_28","Phospho (STY)",-4.90350379670438,0.633972537254186,0.42473260638364,6,"Not significant"
"P3C4+Nigericin / Nigericin","HSPA1A;HSPA1B","P0DMV8;P0DMV9","P0DMV8;P0DMV9","HS71A_HUMAN;HS71B_HUMAN","Heat shock 70 kDa protein 1A;Heat shock 70 kDa protein 1B","P0DMV8_Y611_M1_28","Phospho (STY)",0.387761718786403,0.633972537254186,0.316639992177093,6,"Not significant"
"P3C4+Nigericin / Nigericin","HSPA1A;HSPA1B","P0DMV8;P0DMV9","P0DMV8;P0DMV9","HS71A_HUMAN;HS71B_HUMAN","Heat shock 70 kDa protein 1A;Heat shock 70 kDa protein 1B","P0DMV9_Y611_M1_28","Phospho (STY)",0.387761718786403,0.633972537254186,0.316639992177093,6,"Not significant"
"P3C4+Nigericin / Nigericin","PRKAR1A","P10644","P10644","KAP0_HUMAN","cAMP-dependent protein kinase type I-alpha regulatory subunit","P10644_S83_M1_28","Phospho (STY)",-0.314468703990931,0.633972537254186,0.333509384017534,6,"Not significant"
"P3C4+Nigericin / Nigericin","HSPD1","P10809","P10809","CH60_HUMAN","60 kDa heat shock protein, mitochondrial","P10809_Y223_M2_28","Phospho (STY)",-12.0171619362079,0.633972537254186,0.422620446428081,6,"Not significant"
"P3C4+Nigericin / Nigericin","HSPA5","P11021","P11021","BIP_HUMAN","Endoplasmic reticulum chaperone BiP","P11021_Y127_M2_28","Phospho (STY)",-0.613905770670184,0.633972537254186,0.401639051161751,6,"Not significant"
"P3C4+Nigericin / Nigericin","HSPA5","P11021","P11021","BIP_HUMAN","Endoplasmic reticulum chaperone BiP","P11021_Y175_M1_28","Phospho (STY)",6.08488362923421,0.633972537254186,0.416124887545685,6,"Not significant"
"P3C4+Nigericin / Nigericin","HSPA8","P11142","P11142","HSP7C_HUMAN","Heat shock cognate 71 kDa protein","P11142_T66_M2_28","Phospho (STY)",-0.42440989430265,0.633972537254186,0.358568024487164,6,"Not significant"
"P3C4+Nigericin / Nigericin","HSPA8","P11142","P11142","HSP7C_HUMAN","Heat shock cognate 71 kDa protein","P11142_T64_M2_28","Phospho (STY)",-0.42440989430265,0.633972537254186,0.358568024487164,6,"Not significant"
"P3C4+Nigericin / Nigericin","PCNA","P12004","P12004","PCNA_HUMAN","Proliferating cell nuclear antigen","P12004_Y133_M2_28","Phospho (STY)",-4.31095517660604,0.633972537254186,0.409085086978944,6,"Not significant"
"P3C4+Nigericin / Nigericin","RNH1","P13489","P13489","RINI_HUMAN","Ribonuclease inhibitor","P13489_S50_M1_28","Phospho (STY)",0.55657998865968,0.633972537254186,0.328491588395235,6,"Not significant"
"P3C4+Nigericin / Nigericin","PRKCSH","P14314","P14314","GLU2B_HUMAN","Glucosidase 2 subunit beta","P14314_T489_M1_28","Phospho (STY)",8.62371135759001,0.633972537254186,0.422607220633583,6,"Not significant"
"P3C4+Nigericin / Nigericin","HCLS1","P14317","P14317","HCLS1_HUMAN","Hematopoietic lineage cell-specific protein","P14317_S275_M2_28","Phospho (STY)",-0.385846800714187,0.633972537254186,0.338447933321043,5,"Not significant"
"P3C4+Nigericin / Nigericin","HSP90B1","P14625","P14625","ENPL_HUMAN","Endoplasmin","P14625_T709_M1_28","Phospho (STY)",-2.14643749310873,0.633972537254186,0.415267736216282,6,"Not significant"
"P3C4+Nigericin / Nigericin","RAC2","P15153","P15153","RAC2_HUMAN","Ras-related C3 botulinum toxin substrate 2","P15153_Y72_M1_28","Phospho (STY)",-4.27287404954965,0.633972537254186,0.42918194654538,6,"Not significant"
"P3C4+Nigericin / Nigericin","H2AX","P16104","P16104","H2AX_HUMAN","Histone H2AX","P16104_T102_M1_28","Phospho (STY)",-4.58814694804723,0.633972537254186,0.410374176869142,6,"Not significant"
"P3C4+Nigericin / Nigericin","GM2A","P17900","P17900","SAP3_HUMAN","Ganglioside GM2 activator","P17900_Y145_M1_28","Phospho (STY)",-0.58660610844117,0.633972537254186,0.390213322714396,5,"Not significant"
"P3C4+Nigericin / Nigericin","PSMC3","P17980","P17980","PRS6A_HUMAN","26S proteasome regulatory subunit 6A","P17980_Y158_M1_28","Phospho (STY)",-0.225090600534677,0.633972537254186,0.309004886591809,6,"Not significant"
"P3C4+Nigericin / Nigericin","ATP5PF","P18859","P18859","ATP5J_HUMAN","ATP synthase-coupling factor 6, mitochondrial","P18859_T92_M1_28","Phospho (STY)",-4.93825920199381,0.633972537254186,0.418918273649043,6,"Not significant"
"P3C4+Nigericin / Nigericin","RAB4A","P20338","P20338","RAB4A_HUMAN","Ras-related protein Rab-4A","P20338_Y61_M1_28","Phospho (STY)",7.85263124492731,0.633972537254186,0.422110928555243,6,"Not significant"
"P3C4+Nigericin / Nigericin","PCMT1","P22061","P22061","PIMT_HUMAN","Protein-L-isoaspartate(D-aspartate) O-methyltransferase","P22061_T25_M1_28","Phospho (STY)",-1.72313097015568,0.633972537254186,0.300435375760158,6,"Not significant"
"P3C4+Nigericin / Nigericin","ACAT1","P24752","P24752","THIL_HUMAN","Acetyl-CoA acetyltransferase, mitochondrial","P24752_S420_M1_28","Phospho (STY)",-0.74360914196376,0.633972537254186,0.318083442051241,6,"Not significant"
"P3C4+Nigericin / Nigericin","CSTF2","P33240","P33240","CSTF2_HUMAN","Cleavage stimulation factor subunit 2","P33240_T548_M1_28","Phospho (STY)",1.90660184402516,0.633972537254186,0.314663111145171,6,"Not significant"
"P3C4+Nigericin / Nigericin","MYH9","P35579","P35579","MYH9_HUMAN","Myosin-9","P35579_S957_M1_28","Phospho (STY)",-5.17924365306819,0.633972537254186,0.421815191671961,6,"Not significant"
"P3C4+Nigericin / Nigericin","PSMC2","P35998","P35998","PRS7_HUMAN","26S proteasome regulatory subunit 7","P35998_S68_M2_28","Phospho (STY)",-0.514864804283505,0.633972537254186,0.363245773495356,4,"Not significant"
"P3C4+Nigericin / Nigericin","RPL4","P36578","P36578","RL4_HUMAN","Large ribosomal subunit protein uL4","P36578_Y161_M1_28","Phospho (STY)",5.58927617399465,0.633972537254186,0.426468284546749,6,"Not significant"
"P3C4+Nigericin / Nigericin","HSPA9","P38646","P38646","GRP75_HUMAN","Stress-70 protein, mitochondrial","P38646_Y243_M1_28","Phospho (STY)",-6.18003218245692,0.633972537254186,0.423314226380102,6,"Not significant"
"P3C4+Nigericin / Nigericin","MDH2","P40926","P40926","MDHM_HUMAN","Malate dehydrogenase, mitochondrial","P40926_T204_M2_28","Phospho (STY)",-10.1492016680078,0.633972537254186,0.422637237559768,6,"Not significant"
"P3C4+Nigericin / Nigericin","VDAC2","P45880","P45880","VDAC2_HUMAN","Voltage-dependent anion-selective channel protein 2","P45880_T269_M1_28","Phospho (STY)",-0.22984861888021,0.633972537254186,0.402251703145774,6,"Not significant"
"P3C4+Nigericin / Nigericin","MMP14","P50281","P50281","MMP14_HUMAN","Matrix metalloproteinase-14","P50281_T412_M1_28","Phospho (STY)",-1.44907048237192,0.633972537254186,0.368719923977358,6,"Not significant"
"P3C4+Nigericin / Nigericin","DNM2","P50570","P50570","DYN2_HUMAN","Dynamin-2","P50570_Y231_M1_28","Phospho (STY)",-0.339022432092025,0.633972537254186,0.340632981989294,6,"Not significant"
"P3C4+Nigericin / Nigericin","HNRNPM","P52272","P52272","HNRPM_HUMAN","Heterogeneous nuclear ribonucleoprotein M","P52272_Y100_M2_28","Phospho (STY)",4.65391149679372,0.633972537254186,0.424542763060284,6,"Not significant"
"P3C4+Nigericin / Nigericin","HSPA2","P54652","P54652","HSP72_HUMAN","Heat shock-related 70 kDa protein 2","P54652_Y135_M1_28","Phospho (STY)",6.48824220914963,0.633972537254186,0.423759137709391,6,"Not significant"
"P3C4+Nigericin / Nigericin","H2BC12L","P57053","P57053","H2BFS_HUMAN","Histone H2B type F-S","P57053_Y84_M2_28","Phospho (STY)",-0.346995430745371,0.633972537254186,0.38982048413649,6,"Not significant"
"P3C4+Nigericin / Nigericin","RAB4B","P61018","P61018","RAB4B_HUMAN","Ras-related protein Rab-4B","P61018_T56_M1_28","Phospho (STY)",-8.01750695952436,0.633972537254186,0.422571710201525,6,"Not significant"
"P3C4+Nigericin / Nigericin","HSPE1","P61604","P61604","CH10_HUMAN","10 kDa heat shock protein, mitochondrial","P61604_Y76_M2_28","Phospho (STY)",-0.488350274590426,0.633972537254186,0.338103609475649,4,"Not significant"
"P3C4+Nigericin / Nigericin","RPL23","P62829","P62829","RL23_HUMAN","Large ribosomal subunit protein uL14","P62829_Y38_M2_28","Phospho (STY)",-1.22290277728534,0.633972537254186,0.434951062994343,6,"Not significant"
"P3C4+Nigericin / Nigericin","PPP2R2A","P63151","P63151","2ABA_HUMAN","Serine/threonine-protein phosphatase 2A 55 kDa regulatory subunit B alpha isoform","P63151_Y440_M2_28","Phospho (STY)",4.07625489006447,0.633972537254186,0.421520438946881,6,"Not significant"
"P3C4+Nigericin / Nigericin","ACTC1","P68032","P68032","ACTC_HUMAN","Actin, alpha cardiac muscle 1","P68032_Y296_M1_28","Phospho (STY)",-0.485200297549453,0.633972537254186,0.35387774524072,6,"Not significant"
"P3C4+Nigericin / Nigericin","DAB2","P98082","P98082","DAB2_HUMAN","Disabled homolog 2","P98082_Y50_M1_28","Phospho (STY)",7.00173639102201,0.633972537254186,0.423940156542457,6,"Not significant"
"P3C4+Nigericin / Nigericin","CLTC","Q00610","Q00610","CLH1_HUMAN","Clathrin heavy chain 1","Q00610_T235_M1_28","Phospho (STY)",-0.726546072584732,0.633972537254186,0.386487145794237,6,"Not significant"
"P3C4+Nigericin / Nigericin","HNRNPU","Q00839","Q00839","HNRPU_HUMAN","Heterogeneous nuclear ribonucleoprotein U","Q00839_Y350_M1_28","Phospho (STY)",-0.680665192761235,0.633972537254186,0.301852408121331,6,"Not significant"
"P3C4+Nigericin / Nigericin","CAP1","Q01518","Q01518","CAP1_HUMAN","Adenylyl cyclase-associated protein 1","Q01518_Y354_M2_28","Phospho (STY)",0.432377260338362,0.633972537254186,0.363849154601079,6,"Not significant"
"P3C4+Nigericin / Nigericin","RPL18","Q07020","Q07020","RL18_HUMAN","Large ribosomal subunit protein eL18","Q07020_T136_M1_28","Phospho (STY)",-0.396412497514063,0.633972537254186,0.305438447462127,6,"Not significant"
"P3C4+Nigericin / Nigericin","GOLGA2","Q08379","Q08379","GOGA2_HUMAN","Golgin subfamily A member 2","Q08379_Y846_M1_28","Phospho (STY)",-0.436571683517422,0.633972537254186,0.332262630509875,5,"Not significant"
"P3C4+Nigericin / Nigericin","AHNAK","Q09666","Q09666","AHNK_HUMAN","Neuroblast differentiation-associated protein AHNAK","Q09666_S2580_M1_28","Phospho (STY)",0.679272828749744,0.633972537254186,0.413996581839023,6,"Not significant"
"P3C4+Nigericin / Nigericin","AHNAK","Q09666","Q09666","AHNK_HUMAN","Neuroblast differentiation-associated protein AHNAK","Q09666_S4002_M1_28","Phospho (STY)",0.679272828749744,0.633972537254186,0.413996581839023,6,"Not significant"
"P3C4+Nigericin / Nigericin","AHNAK","Q09666","Q09666","AHNK_HUMAN","Neuroblast differentiation-associated protein AHNAK","Q09666_S4258_M1_28","Phospho (STY)",0.679272828749744,0.633972537254186,0.413996581839023,6,"Not significant"
"P3C4+Nigericin / Nigericin","AHNAK","Q09666","Q09666","AHNK_HUMAN","Neuroblast differentiation-associated protein AHNAK","Q09666_S4460_M1_28","Phospho (STY)",0.679272828749744,0.633972537254186,0.413996581839023,6,"Not significant"
"P3C4+Nigericin / Nigericin","AHNAK","Q09666","Q09666","AHNK_HUMAN","Neuroblast differentiation-associated protein AHNAK","Q09666_S135_M2_28","Phospho (STY)",-1.32462316592992,0.633972537254186,0.405569075450475,6,"Not significant"
"P3C4+Nigericin / Nigericin","AHNAK","Q09666","Q09666","AHNK_HUMAN","Neuroblast differentiation-associated protein AHNAK","Q09666_S5573_M1_28","Phospho (STY)",-0.504118730693433,0.633972537254186,0.391138749420457,5,"Not significant"
"P3C4+Nigericin / Nigericin","AHNAK","Q09666","Q09666","AHNK_HUMAN","Neuroblast differentiation-associated protein AHNAK","Q09666_S4130_M1_28","Phospho (STY)",-0.279836904394736,0.633972537254186,0.40728751076791,6,"Not significant"
"P3C4+Nigericin / Nigericin","AHNAK","Q09666","Q09666","AHNK_HUMAN","Neuroblast differentiation-associated protein AHNAK","Q09666_S4594_M1_28","Phospho (STY)",-0.279836904394736,0.633972537254186,0.40728751076791,6,"Not significant"
"P3C4+Nigericin / Nigericin","OS9","Q13438","Q13438","OS9_HUMAN","Protein OS-9","Q13438_T546_M1_28","Phospho (STY)",-0.179444812089686,0.633972537254186,0.399709690568451,6,"Not significant"
"P3C4+Nigericin / Nigericin","FKBP8","Q14318","Q14318","FKBP8_HUMAN","Peptidyl-prolyl cis-trans isomerase FKBP8","Q14318_Y322_M2_28","Phospho (STY)",0.431908676490692,0.633972537254186,0.419982815778586,5,"Not significant"
"P3C4+Nigericin / Nigericin","MVP","Q14764","Q14764","MVP_HUMAN","Major vault protein","Q14764_Y100_M2_28","Phospho (STY)",4.16591460708642,0.633972537254186,0.429123431369015,6,"Not significant"
"P3C4+Nigericin / Nigericin","PEA15","Q15121","Q15121","PEA15_HUMAN","Astrocytic phosphoprotein PEA-15","Q15121_Y4_M1_28","Phospho (STY)",0.339467619295271,0.633972537254186,0.34184453115026,5,"Not significant"
"P3C4+Nigericin / Nigericin","PLEC","Q15149","Q15149","PLEC_HUMAN","Plectin","Q15149_Y4112_M1_28","Phospho (STY)",-2.11775525412234,0.633972537254186,0.329097878051045,6,"Not significant"
"P3C4+Nigericin / Nigericin","SKIC2","Q15477","Q15477","SKI2_HUMAN","Superkiller complex protein 2","Q15477_S840_M1_28","Phospho (STY)",-0.741755806353333,0.633972537254186,0.424861709055823,4,"Not significant"
"P3C4+Nigericin / Nigericin","TSC22D1","Q15714","Q15714","T22D1_HUMAN","TSC22 domain family protein 1","Q15714_S1018_M1_28","Phospho (STY)",-0.373308701429716,0.633972537254186,0.415088513881014,6,"Not significant"
"P3C4+Nigericin / Nigericin","TUBB8","Q3ZCM7","Q3ZCM7","TBB8_HUMAN","Tubulin beta-8 chain","Q3ZCM7_Y281_M2_28","Phospho (STY)",-1.64859403841978,0.633972537254186,0.362897764107296,5,"Not significant"
"P3C4+Nigericin / Nigericin","ACTBL2","Q562R1","Q562R1","ACTBL_HUMAN","Beta-actin-like protein 2","Q562R1_Y54_M1_28","Phospho (STY)",-0.557641440690298,0.633972537254186,0.428595560625213,6,"Not significant"
"P3C4+Nigericin / Nigericin","BROX","Q5VW32","Q5VW32","BROX_HUMAN","BRO1 domain-containing protein BROX","Q5VW32_Y331_M1_28","Phospho (STY)",-0.758185604754512,0.633972537254186,0.310879664941635,6,"Not significant"
"P3C4+Nigericin / Nigericin","PRPF8","Q6P2Q9","Q6P2Q9","PRP8_HUMAN","Pre-mRNA-processing-splicing factor 8","Q6P2Q9_Y1991_M1_28","Phospho (STY)",5.48940745342204,0.633972537254186,0.421753699098402,6,"Not significant"
"P3C4+Nigericin / Nigericin","HS2ST1","Q7LGA3","Q7LGA3","HS2ST_HUMAN","Heparan sulfate 2-O-sulfotransferase 1","Q7LGA3_Y102_M1_28","Phospho (STY)",-7.67176475588875,0.633972537254186,0.42246446182292,6,"Not significant"
"P3C4+Nigericin / Nigericin","RBBP6","Q7Z6E9","Q7Z6E9","RBBP6_HUMAN","E3 ubiquitin-protein ligase RBBP6","Q7Z6E9_S1179_M1_28","Phospho (STY)",0.682446261845547,0.633972537254186,0.314820928473296,4,"Not significant"
"P3C4+Nigericin / Nigericin","MTDH","Q86UE4","Q86UE4","LYRIC_HUMAN","Protein LYRIC","Q86UE4_S489_M2_28","Phospho (STY)",0.633183070929512,0.633972537254186,0.302442886178347,4,"Not significant"
"P3C4+Nigericin / Nigericin","WDFY3","Q8IZQ1","Q8IZQ1","WDFY3_HUMAN","WD repeat and FYVE domain-containing protein 3","Q8IZQ1_S1980_M1_28","Phospho (STY)",-0.255280787816402,0.633972537254186,0.399952047196707,6,"Not significant"
"P3C4+Nigericin / Nigericin","THOC2","Q8NI27","Q8NI27","THOC2_HUMAN","THO complex subunit 2","Q8NI27_Y54_M2_28","Phospho (STY)",-1.44816070042924,0.633972537254186,0.368354473422445,6,"Not significant"
"P3C4+Nigericin / Nigericin","FAM3C","Q92520","Q92520","FAM3C_HUMAN","Protein FAM3C","Q92520_S75_M1_28","Phospho (STY)",-0.795279793940646,0.633972537254186,0.433752738024965,6,"Not significant"
"P3C4+Nigericin / Nigericin","DDX17","Q92841","Q92841","DDX17_HUMAN","Probable ATP-dependent RNA helicase DDX17","Q92841_Y519_M1_28","Phospho (STY)",-0.776532777066444,0.633972537254186,0.333535381266781,6,"Not significant"
"P3C4+Nigericin / Nigericin","AIDA","Q96BJ3","Q96BJ3","AIDA_HUMAN","Axin interactor, dorsalization-associated protein","Q96BJ3_Y104_M1_28","Phospho (STY)",-6.77677193160341,0.633972537254186,0.424041993280137,6,"Not significant"
"P3C4+Nigericin / Nigericin","RPL10L","Q96L21","Q96L21","RL10L_HUMAN","Ribosomal protein uL16-like","Q96L21_Y57_M2_28","Phospho (STY)",-8.23752525411451,0.633972537254186,0.422763406800691,6,"Not significant"
"P3C4+Nigericin / Nigericin","YTHDC1","Q96MU7","Q96MU7","YTDC1_HUMAN","YTH domain-containing protein 1","Q96MU7_S308_M1_28","Phospho (STY)",-0.581064244336226,0.633972537254186,0.303678964535067,6,"Not significant"
"P3C4+Nigericin / Nigericin","RBM15","Q96T37","Q96T37","RBM15_HUMAN","RNA-binding protein 15","Q96T37_S294_M1_28","Phospho (STY)",-0.387956921347249,0.633972537254186,0.404187393918878,6,"Not significant"
"P3C4+Nigericin / Nigericin","HNRNPUL1","Q9BUJ2","Q9BUJ2","HNRL1_HUMAN","Heterogeneous nuclear ribonucleoprotein U-like protein 1","Q9BUJ2_T412_M1_28","Phospho (STY)",-6.96278275961174,0.633972537254186,0.422534476381237,5,"Not significant"
"P3C4+Nigericin / Nigericin","TUBB2B","Q9BVA1","Q9BVA1","TBB2B_HUMAN","Tubulin beta-2B chain","Q9BVA1_Y59_M1_28","Phospho (STY)",-7.81270033515531,0.633972537254186,0.422796351804459,6,"Not significant"
"P3C4+Nigericin / Nigericin","HINT2","Q9BX68","Q9BX68","HINT2_HUMAN","Adenosine 5'-monophosphoramidase HINT2","Q9BX68_S101_M1_28","Phospho (STY)",-1.57852394785154,0.633972537254186,0.352395933600157,6,"Not significant"
"P3C4+Nigericin / Nigericin","OSBPL8","Q9BZF1","Q9BZF1","OSBL8_HUMAN","Oxysterol-binding protein-related protein 8","Q9BZF1_S421_M1_28","Phospho (STY)",-0.452596128534446,0.633972537254186,0.421874837999704,6,"Not significant"
"P3C4+Nigericin / Nigericin","CHMP4B","Q9H444","Q9H444","CHM4B_HUMAN","Charged multivesicular body protein 4b","Q9H444_T21_M1_28","Phospho (STY)",0.376639717788137,0.633972537254186,0.346575193977558,6,"Not significant"
"P3C4+Nigericin / Nigericin","ESF1","Q9H501","Q9H501","ESF1_HUMAN","ESF1 homolog","Q9H501_S371_M1_28","Phospho (STY)",-0.539215519253677,0.633972537254186,0.303244427591699,6,"Not significant"
"P3C4+Nigericin / Nigericin","ACAD9","Q9H845","Q9H845","ACAD9_HUMAN","Complex I assembly factor ACAD9, mitochondrial","Q9H845_Y165_M2_28","Phospho (STY)",-8.10711346108847,0.633972537254186,0.421995043024441,6,"Not significant"
"P3C4+Nigericin / Nigericin","ACAD9","Q9H845","Q9H845","ACAD9_HUMAN","Complex I assembly factor ACAD9, mitochondrial","Q9H845_Y165_M1_28","Phospho (STY)",-0.32457286744503,0.633972537254186,0.325159588396578,6,"Not significant"
"P3C4+Nigericin / Nigericin","PREB","Q9HCU5","Q9HCU5","PREB_HUMAN","Prolactin regulatory element-binding protein","Q9HCU5_Y281_M1_28","Phospho (STY)",-0.503474398153458,0.633972537254186,0.367295587354921,6,"Not significant"
"P3C4+Nigericin / Nigericin","ECHDC1","Q9NTX5","Q9NTX5","ECHD1_HUMAN","Ethylmalonyl-CoA decarboxylase","Q9NTX5_T288_M1_28","Phospho (STY)",-8.02696683393219,0.633972537254186,0.423068352374362,6,"Not significant"
"P3C4+Nigericin / Nigericin","POLR3E","Q9NVU0","Q9NVU0","RPC5_HUMAN","DNA-directed RNA polymerase III subunit RPC5","Q9NVU0_Y404_M1_28","Phospho (STY)",3.10287228455026,0.633972537254186,0.409064787481198,6,"Not significant"
"P3C4+Nigericin / Nigericin","SDHAF2","Q9NX18","Q9NX18","SDHF2_HUMAN","Succinate dehydrogenase assembly factor 2, mitochondrial","Q9NX18_Y160_M1_28","Phospho (STY)",-0.248707024807291,0.633972537254186,0.348367311002027,6,"Not significant"
"P3C4+Nigericin / Nigericin","FAM120A","Q9NZB2","Q9NZB2","F120A_HUMAN","Constitutive coactivator of PPAR-gamma-like protein 1","Q9NZB2_Y1020_M2_28","Phospho (STY)",-4.62944675853015,0.633972537254186,0.421078568289953,6,"Not significant"
"P3C4+Nigericin / Nigericin","SRRM2","Q9UQ35","Q9UQ35","SRRM2_HUMAN","Serine/arginine repetitive matrix protein 2","Q9UQ35_S2398_M1_28","Phospho (STY)",-0.357754479079144,0.633972537254186,0.309544398323315,6,"Not significant"
"P3C4+Nigericin / Nigericin","VDAC3","Q9Y277","Q9Y277","VDAC3_HUMAN","Voltage-dependent anion-selective channel protein 3","Q9Y277_Y67_M1_28","Phospho (STY)",-0.547516903941128,0.633972537254186,0.421519791243306,6,"Not significant"
"P3C4+Nigericin / Nigericin","THRAP3","Q9Y2W1","Q9Y2W1","TR150_HUMAN","Thyroid hormone receptor-associated protein 3","Q9Y2W1_S248_M1_28","Phospho (STY)",0.460916838233543,0.633972537254186,0.321649699440806,6,"Not significant"
"P3C4+Nigericin / Nigericin","POTEF","A5A3E0","A5A3E0","POTEF_HUMAN","POTE ankyrin domain family member F","A5A3E0_Y918_M1_28","Phospho (STY)",0.318723034973202,0.633972537254186,0.408809260526193,4,"Not significant"
"P3C4+Nigericin / Nigericin","PPIH","O43447","O43447","PPIH_HUMAN","Peptidyl-prolyl cis-trans isomerase H","O43447_S115_M1_28","Phospho (STY)",0.526951519910752,0.633972537254186,0.370409674386039,4,"Not significant"
"P3C4+Nigericin / Nigericin","ANXA1","P04083","P04083","ANXA1_HUMAN","Annexin A1","P04083_S46_M1_28","Phospho (STY)",-0.175979414083396,0.633972537254186,0.331672809760317,4,"Not significant"
"P3C4+Nigericin / Nigericin","RPL17","P18621","P18621","RL17_HUMAN","Large ribosomal subunit protein uL22","P18621_S100_M1_28","Phospho (STY)",4.26262449195861,0.633972537254186,0.418814797320582,5,"Not significant"
"P3C4+Nigericin / Nigericin","MYH9","P35579","P35579","MYH9_HUMAN","Myosin-9","P35579_T1414_M1_28","Phospho (STY)",-0.230308015340166,0.633972537254186,0.34540453719552,5,"Not significant"
"P3C4+Nigericin / Nigericin","HNRNPK","P61978","P61978","HNRPK_HUMAN","Heterogeneous nuclear ribonucleoprotein K","P61978_T70_M2_28","Phospho (STY)",-0.307662282768017,0.633972537254186,0.393933674848416,5,"Not significant"
"P3C4+Nigericin / Nigericin","ACTC1","P68032","P68032","ACTC_HUMAN","Actin, alpha cardiac muscle 1","P68032_Y242_M1_28","Phospho (STY)",3.36367691205896,0.633972537254186,0.416208580948274,5,"Not significant"
"P3C4+Nigericin / Nigericin","IFI16","Q16666","Q16666","IF16_HUMAN","Gamma-interferon-inducible protein 16","Q16666_S153_M1_28","Phospho (STY)",-1.30901862974159,0.633972537254186,0.409081366476933,5,"Not significant"
"P3C4+Nigericin / Nigericin","NOLC1","Q14978","Q14978","NOLC1_HUMAN","Nucleolar and coiled-body phosphoprotein 1","Q14978_S698_M1_28","Phospho (STY)",0.459102929174968,0.634128189222172,0.437489078606346,5,"Not significant"
"P3C4+Nigericin / Nigericin","GLRX5","Q86SX6","Q86SX6","GLRX5_HUMAN","Glutaredoxin-related protein 5, mitochondrial","Q86SX6_T61_M2_28","Phospho (STY)",-0.331265187175138,0.634128189222172,0.437699310672063,6,"Not significant"
"P3C4+Nigericin / Nigericin","HSPA2","P54652","P54652","HSP72_HUMAN","Heat shock-related 70 kDa protein 2","P54652_S142_M2_28","Phospho (STY)",-0.344707005187166,0.634167789483742,0.438353800251552,6,"Not significant"
"P3C4+Nigericin / Nigericin","ACTC1","P68032","P68032","ACTC_HUMAN","Actin, alpha cardiac muscle 1","P68032_Y296_M3_28","Phospho (STY)",-3.26950638965898,0.634440941977349,0.440123412953034,5,"Not significant"
"P3C4+Nigericin / Nigericin","M6PR","P20645","P20645","MPRD_HUMAN","Cation-dependent mannose-6-phosphate receptor","P20645_S42_M1_28","Phospho (STY)",-2.33947417213297,0.634576940328851,0.441083866481071,6,"Not significant"
"P3C4+Nigericin / Nigericin","PDIA3","P30101","P30101","PDIA3_HUMAN","Protein disulfide-isomerase A3","P30101_Y364_M1_28","Phospho (STY)",-3.13472282501162,0.634943023394286,0.443348540287808,6,"Not significant"
"P3C4+Nigericin / Nigericin","VIM","P08670","P08670","VIME_HUMAN","Vimentin","P08670_S430_M1_28","Phospho (STY)",0.609333321830315,0.635231614505837,0.444766365773646,6,"Not significant"
"P3C4+Nigericin / Nigericin","DPYSL2","Q16555","Q16555","DPYL2_HUMAN","Dihydropyrimidinase-related protein 2","Q16555_T555_M1_28","Phospho (STY)",2.07055173895496,0.63556323743455,0.446422381832213,6,"Not significant"
"P3C4+Nigericin / Nigericin","GLO1","Q04760","Q04760","LGUL_HUMAN","Lactoylglutathione lyase","Q04760_S8_M1_28","Phospho (STY)",-0.334430582876212,0.635841208490642,0.447392105126828,5,"Not significant"
"P3C4+Nigericin / Nigericin","B2M","P61769","P61769","B2MG_HUMAN","Beta-2-microglobulin","P61769_Y46_M1_28","Phospho (STY)",-1.42110394846816,0.636798472323696,0.451650082717351,6,"Not significant"
"P3C4+Nigericin / Nigericin","HSPA8","P11142","P11142","HSP7C_HUMAN","Heat shock cognate 71 kDa protein","P11142_S329_M1_28","Phospho (STY)",2.74970548842141,0.637241292328917,0.4530455810259,6,"Not significant"
"P3C4+Nigericin / Nigericin","PLAUR","Q03405","Q03405","UPAR_HUMAN","Urokinase plasminogen activator surface receptor","Q03405_T149_M2_28","Phospho (STY)",-3.57483839915663,0.637325884755176,0.453520940280232,5,"Not significant"
"P3C4+Nigericin / Nigericin","TCOF1","Q13428","Q13428","TCOF_HUMAN","Treacle protein","Q13428_S503_M1_28","Phospho (STY)",-0.289858103262161,0.637370318377919,0.453751952955528,5,"Not significant"
"P3C4+Nigericin / Nigericin","AHNAK","Q09666","Q09666","AHNK_HUMAN","Neuroblast differentiation-associated protein AHNAK","Q09666_S2600_M1_28","Phospho (STY)",-0.643125178928687,0.637729026607035,0.455349405212303,6,"Not significant"
"P3C4+Nigericin / Nigericin","AHNAK","Q09666","Q09666","AHNK_HUMAN","Neuroblast differentiation-associated protein AHNAK","Q09666_S2728_M1_28","Phospho (STY)",-0.643125178928687,0.637729026607035,0.455349405212303,6,"Not significant"
"P3C4+Nigericin / Nigericin","AHNAK","Q09666","Q09666","AHNK_HUMAN","Neuroblast differentiation-associated protein AHNAK","Q09666_S4150_M1_28","Phospho (STY)",-0.643125178928687,0.637729026607035,0.455349405212303,6,"Not significant"
"P3C4+Nigericin / Nigericin","AHNAK","Q09666","Q09666","AHNK_HUMAN","Neuroblast differentiation-associated protein AHNAK","Q09666_S4278_M1_28","Phospho (STY)",-0.643125178928687,0.637729026607035,0.455349405212303,6,"Not significant"
"P3C4+Nigericin / Nigericin","PPAN","Q9NQ55","Q9NQ55","SSF1_HUMAN","Suppressor of SWI4 1 homolog","Q9NQ55_S359_M1_28","Phospho (STY)",-0.707501686758127,0.637830895067852,0.45561941279707,5,"Not significant"
"P3C4+Nigericin / Nigericin","LNPK","Q9C0E8","Q9C0E8","LNP_HUMAN","Endoplasmic reticulum junction formation protein lunapark","Q9C0E8_S194_M1_28","Phospho (STY)",-0.886321534148369,0.63783739230422,0.45563364405683,6,"Not significant"
"P3C4+Nigericin / Nigericin","THRAP3","Q9Y2W1","Q9Y2W1","TR150_HUMAN","Thyroid hormone receptor-associated protein 3","Q9Y2W1_S248_M2_28","Phospho (STY)",1.08195529908803,0.638090066215712,0.456708523385189,5,"Not significant"
"P3C4+Nigericin / Nigericin","BST1","Q10588","Q10588","BST1_HUMAN","ADP-ribosyl cyclase/cyclic ADP-ribose hydrolase 2","Q10588_Y200_M2_28","Phospho (STY)",1.95893285958704,0.638502999326535,0.45822190732066,5,"Not significant"
"P3C4+Nigericin / Nigericin","RPSA","P08865","P08865","RSSA_HUMAN","Small ribosomal subunit protein uS2","P08865_T82_M2_28","Phospho (STY)",-0.385661707470159,0.638975184702652,0.4597980683502,5,"Not significant"
"P3C4+Nigericin / Nigericin","PRSS1","Cont_P00760","Cont_P00760","TRY1_BOVIN","Serine protease 1","Cont_P00760_S101_M2_28","Phospho (STY)",-10.0009521981651,0.639138457314633,0.460530018495566,4,"Not significant"
"P3C4+Nigericin / Nigericin","HNRNPA1","P09651","P09651","ROA1_HUMAN","Heterogeneous nuclear ribonucleoprotein A1","P09651_Y62_M2_28","Phospho (STY)",-1.73473506058051,0.640008309570707,0.463742034738487,6,"Not significant"
"P3C4+Nigericin / Nigericin","H1-5","P16401","P16401","H15_HUMAN","Histone H1.5","P16401_S2_M2_28","Phospho (STY)",-0.297306193762864,0.640188727462349,0.464462312223378,5,"Not significant"
"P3C4+Nigericin / Nigericin","THRAP3","Q9Y2W1","Q9Y2W1","TR150_HUMAN","Thyroid hormone receptor-associated protein 3","Q9Y2W1_S682_M1_28","Phospho (STY)",0.609744676548582,0.640188727462349,0.464446726493128,4,"Not significant"
"P3C4+Nigericin / Nigericin","PER1","O15534","O15534","PER1_HUMAN","Period circadian protein homolog 1","O15534_S1186_M1_28","Phospho (STY)",-3.06120895563962,0.640674148361681,0.466175501641381,6,"Not significant"
"P3C4+Nigericin / Nigericin","HNRNPA2B1","P22626","P22626","ROA2_HUMAN","Heterogeneous nuclear ribonucleoproteins A2/B1","P22626_S189_M1_28","Phospho (STY)",0.952122164477998,0.641384403152995,0.468466265601828,4,"Not significant"
"P3C4+Nigericin / Nigericin","ATXN2L","Q8WWM7","Q8WWM7","ATX2L_HUMAN","Ataxin-2-like protein","Q8WWM7_T182_M1_28","Phospho (STY)",-1.03166880886647,0.641624955946444,0.469351269066372,5,"Not significant"
"P3C4+Nigericin / Nigericin","AHCY","P23526","P23526","SAHH_HUMAN","Adenosylhomocysteinase","P23526_Y7_M1_28","Phospho (STY)",0.275829190657113,0.641677884041257,0.469496338705268,6,"Not significant"
"P3C4+Nigericin / Nigericin","RAB1B","Q9H0U4","Q9H0U4","RAB1B_HUMAN","Ras-related protein Rab-1B","Q9H0U4_S142_M1_28","Phospho (STY)",-0.150528637754187,0.641730621075997,0.469728321963811,6,"Not significant"
"P3C4+Nigericin / Nigericin","IL1B","P01584","P01584","IL1B_HUMAN","Interleukin-1 beta","P01584_S35_M1_28","Phospho (STY)",0.428390465520069,0.64237106721161,0.47198175723288,6,"Not significant"
"P3C4+Nigericin / Nigericin","HSPA2","P54652","P54652","HSP72_HUMAN","Heat shock-related 70 kDa protein 2","P54652_Y184_M1_28","Phospho (STY)",-0.175740420782989,0.643385206375882,0.4750088300456,6,"Not significant"
"P3C4+Nigericin / Nigericin","NUP85","Q9BW27","Q9BW27","NUP85_HUMAN","Nuclear pore complex protein Nup85","Q9BW27_T579_M2_28","Phospho (STY)",-3.732522603612,0.643794965461638,0.476364039877608,5,"Not significant"
"P3C4+Nigericin / Nigericin","GSTP1","P09211","P09211","GSTP1_HUMAN","Glutathione S-transferase P","P09211_Y199_M2_28","Phospho (STY)",-0.307357643897438,0.644113729345222,0.477343118063825,5,"Not significant"
"P3C4+Nigericin / Nigericin","PRPF3","O43395","O43395","PRPF3_HUMAN","U4/U6 small nuclear ribonucleoprotein Prp3","O43395_T254_M2_28","Phospho (STY)",-1.01030849524315,0.644696789200346,0.489053364670179,5,"Not significant"
"P3C4+Nigericin / Nigericin","NFATC1","O95644","O95644","NFAC1_HUMAN","Nuclear factor of activated T-cells, cytoplasmic 1","O95644_S158_M2_28","Phospho (STY)",-4.91407735411086,0.644696789200346,0.496167381597711,4,"Not significant"
"P3C4+Nigericin / Nigericin","HSPA1A;HSPA1B","P0DMV8;P0DMV9","P0DMV8;P0DMV9","HS71A_HUMAN;HS71B_HUMAN","Heat shock 70 kDa protein 1A;Heat shock 70 kDa protein 1B","P0DMV8_Y137_M1_28","Phospho (STY)",-4.39116037567211,0.644696789200346,0.49803546298595,4,"Not significant"
"P3C4+Nigericin / Nigericin","HSPA1A;HSPA1B","P0DMV8;P0DMV9","P0DMV8;P0DMV9","HS71A_HUMAN;HS71B_HUMAN","Heat shock 70 kDa protein 1A;Heat shock 70 kDa protein 1B","P0DMV9_Y137_M1_28","Phospho (STY)",-4.39116037567211,0.644696789200346,0.49803546298595,4,"Not significant"
"P3C4+Nigericin / Nigericin","SPP1","P10451","P10451","OSTP_HUMAN","Osteopontin","P10451_S310_M1_28","Phospho (STY)",-0.449759886448467,0.644696789200346,0.494010773443142,5,"Not significant"
"P3C4+Nigericin / Nigericin","TARS1","P26639","P26639","SYTC_HUMAN","Threonine--tRNA ligase 1, cytoplasmic","P26639_S110_M1_28","Phospho (STY)",-1.25571264459416,0.644696789200346,0.480064918364609,5,"Not significant"
"P3C4+Nigericin / Nigericin","LAP3","P28838","P28838","AMPL_HUMAN","Cytosol aminopeptidase","P28838_T70_M1_28","Phospho (STY)",6.56900929816517,0.644696789200346,0.500950401893589,4,"Not significant"
"P3C4+Nigericin / Nigericin","IDH3G","P51553","P51553","IDH3G_HUMAN","Isocitrate dehydrogenase [NAD] subunit gamma, mitochondrial","P51553_Y51_M2_28","Phospho (STY)",-6.56323796240752,0.644696789200346,0.500702819469588,4,"Not significant"
"P3C4+Nigericin / Nigericin","AHNAK","Q09666","Q09666","AHNK_HUMAN","Neuroblast differentiation-associated protein AHNAK","Q09666_T1192_M1_28","Phospho (STY)",-9.91441583298763,0.644696789200346,0.499849011896765,4,"Not significant"
"P3C4+Nigericin / Nigericin","AHNAK","Q09666","Q09666","AHNK_HUMAN","Neuroblast differentiation-associated protein AHNAK","Q09666_T1986_M1_28","Phospho (STY)",-9.91441583298763,0.644696789200346,0.499849011896765,4,"Not significant"
"P3C4+Nigericin / Nigericin","SRSF9","Q13242","Q13242","SRSF9_HUMAN","Serine/arginine-rich splicing factor 9","Q13242_S211_M1_28","Phospho (STY)",-0.515983661693195,0.644696789200346,0.500338945667876,6,"Not significant"
"P3C4+Nigericin / Nigericin","KARS1","Q15046","Q15046","SYK_HUMAN","Lysine--tRNA ligase","Q15046_T411_M1_28","Phospho (STY)",-0.470894390535545,0.644696789200346,0.486777775260237,5,"Not significant"
"P3C4+Nigericin / Nigericin","NONO","Q15233","Q15233","NONO_HUMAN","Non-POU domain-containing octamer-binding protein","Q15233_Y158_M2_28","Phospho (STY)",-2.34597880130747,0.644696789200346,0.49028417337915,6,"Not significant"
"P3C4+Nigericin / Nigericin","SLC25A24","Q6NUK1","Q6NUK1","SCMC1_HUMAN","Mitochondrial adenyl nucleotide antiporter SLC25A24","Q6NUK1_Y404_M1_28","Phospho (STY)",-2.22604694841232,0.644696789200346,0.487194282450181,6,"Not significant"
"P3C4+Nigericin / Nigericin","PNKP","Q96T60","Q96T60","PNKP_HUMAN","Bifunctional polynucleotide phosphatase/kinase","Q96T60_T157_M1_28","Phospho (STY)",-0.862243818367914,0.644696789200346,0.496389104750935,6,"Not significant"
"P3C4+Nigericin / Nigericin","RAB9B","Q9NP90","Q9NP90","RAB9B_HUMAN","Ras-related protein Rab-9B","Q9NP90_Y108_M1_28","Phospho (STY)",-7.93271745599528,0.644696789200346,0.500400823892644,4,"Not significant"
"P3C4+Nigericin / Nigericin","TOMM22","Q9NS69","Q9NS69","TOM22_HUMAN","Mitochondrial import receptor subunit TOM22 homolog","Q9NS69_S137_M2_28","Phospho (STY)",6.25302617827213,0.644696789200346,0.500430617578951,4,"Not significant"
"P3C4+Nigericin / Nigericin","TLN1","Q9Y490","Q9Y490","TLN1_HUMAN","Talin-1","Q9Y490_S955_M2_28","Phospho (STY)",10.0346875328358,0.644696789200346,0.499881678992491,4,"Not significant"
"P3C4+Nigericin / Nigericin","SOD2","P04179","P04179","SODM_HUMAN","Superoxide dismutase [Mn], mitochondrial","P04179_Y69_M2_28","Phospho (STY)",4.27235221621849,0.644696789200346,0.492330217596621,4,"Not significant"
"P3C4+Nigericin / Nigericin","RPL22","P35268","P35268","RL22_HUMAN","Large ribosomal subunit protein eL22","P35268_S66_M1_28","Phospho (STY)",0.949995222478696,0.644696789200346,0.500825068162934,5,"Not significant"
"P3C4+Nigericin / Nigericin","CAPZB","P47756","P47756","CAPZB_HUMAN","F-actin-capping protein subunit beta","P47756_S34_M2_28","Phospho (STY)",3.84047148427528,0.644696789200346,0.4954957060294,4,"Not significant"
"P3C4+Nigericin / Nigericin","ACTBL2","Q562R1","Q562R1","ACTBL_HUMAN","Beta-actin-like protein 2","Q562R1_S273_M1_28","Phospho (STY)",-4.20884680684965,0.644696789200346,0.492519425141025,5,"Not significant"
"P3C4+Nigericin / Nigericin","PTPRE","P23469","P23469","PTPRE_HUMAN","Receptor-type tyrosine-protein phosphatase epsilon","P23469_Y165_M1_28","Phospho (STY)",-0.248116999225916,0.645137062709942,0.507239040480693,6,"Not significant"
"P3C4+Nigericin / Nigericin","LMNA","P02545","P02545","LMNA_HUMAN","Prelamin-A/C","P02545_S390_M1_28","Phospho (STY)",-0.164400205670551,0.645170679586246,0.507376033963807,6,"Not significant"
"P3C4+Nigericin / Nigericin","HSPE1","P61604","P61604","CH10_HUMAN","10 kDa heat shock protein, mitochondrial","P61604_S53_M2_28","Phospho (STY)",-0.268906142096931,0.645287248578982,0.507951314132386,6,"Not significant"
"P3C4+Nigericin / Nigericin","HSPE1","P61604","P61604","CH10_HUMAN","10 kDa heat shock protein, mitochondrial","P61604_S51_M2_28","Phospho (STY)",-0.268906142096931,0.645287248578982,0.507951244297076,6,"Not significant"
"P3C4+Nigericin / Nigericin","HSPA9","P38646","P38646","GRP75_HUMAN","Stress-70 protein, mitochondrial","P38646_S378_M1_28","Phospho (STY)",-1.09432071665738,0.64544708863098,0.50841965153815,6,"Not significant"
"P3C4+Nigericin / Nigericin","MDH2","P40926","P40926","MDHM_HUMAN","Malate dehydrogenase, mitochondrial","P40926_Y80_M1_28","Phospho (STY)",0.327889670157636,0.645650865363308,0.509100103652382,6,"Not significant"
"P3C4+Nigericin / Nigericin","SCP2","P22307","P22307","SCP2_HUMAN","Sterol carrier protein 2","P22307_T496_M1_28","Phospho (STY)",-3.71774717346723,0.645844856064565,0.509908808620686,5,"Not significant"
"P3C4+Nigericin / Nigericin","UBXN7","O94888","O94888","UBXN7_HUMAN","UBX domain-containing protein 7","O94888_Y468_M2_28","Phospho (STY)",-1.50455599314683,0.646050539215054,0.510556545147953,6,"Not significant"
"P3C4+Nigericin / Nigericin","AHNAK","Q09666","Q09666","AHNK_HUMAN","Neuroblast differentiation-associated protein AHNAK","Q09666_S5190_M2_28","Phospho (STY)",0.259238182039823,0.646288640935946,0.51148572623227,6,"Not significant"
"P3C4+Nigericin / Nigericin","TFRC","P02786","P02786","TFR1_HUMAN","Transferrin receptor protein 1","P02786_S132_M2_28","Phospho (STY)",3.60717420229918,0.646460371502614,0.51210898852497,5,"Not significant"
"P3C4+Nigericin / Nigericin","ARID1A","O14497","O14497","ARI1A_HUMAN","AT-rich interactive domain-containing protein 1A","O14497_S363_M1_28","Phospho (STY)",-0.307860743109302,0.647273982525147,0.515081099163804,6,"Not significant"
"P3C4+Nigericin / Nigericin","ACLY","P53396","P53396","ACLY_HUMAN","ATP-citrate synthase","P53396_Y1006_M1_28","Phospho (STY)",1.01290286607882,0.647675447520737,0.516734455881569,6,"Not significant"
"P3C4+Nigericin / Nigericin","ITGA5","P08648","P08648","ITA5_HUMAN","Integrin alpha-5","P08648_S127_M1_28","Phospho (STY)",-0.402836008488,0.648107579451126,0.51816768889578,5,"Not significant"
"P3C4+Nigericin / Nigericin","WDFY3","Q8IZQ1","Q8IZQ1","WDFY3_HUMAN","WD repeat and FYVE domain-containing protein 3","Q8IZQ1_S1315_M1_28","Phospho (STY)",0.988175266024495,0.648773657806314,0.520541601837314,6,"Not significant"
"P3C4+Nigericin / Nigericin","TPI1","P60174","P60174","TPIS_HUMAN","Triosephosphate isomerase","P60174_Y68_M1_28","Phospho (STY)",-1.13415783885779,0.648930719160329,0.521235873636486,6,"Not significant"
"P3C4+Nigericin / Nigericin","ATP2C1","P98194","P98194","AT2C1_HUMAN","Calcium-transporting ATPase type 2C member 1","P98194_S36_M1_28","Phospho (STY)",0.186338876775486,0.649843732958273,0.524194377884891,6,"Not significant"
"P3C4+Nigericin / Nigericin","HSPE1","P61604","P61604","CH10_HUMAN","10 kDa heat shock protein, mitochondrial","P61604_S37_M1_28","Phospho (STY)",-1.74142434947855,0.64990573919781,0.524421785725539,4,"Not significant"
"P3C4+Nigericin / Nigericin","UGGT1","Q9NYU2","Q9NYU2","UGGG1_HUMAN","UDP-glucose:glycoprotein glucosyltransferase 1","Q9NYU2_S931_M1_28","Phospho (STY)",-0.307398081804657,0.651065650292549,0.527657680649142,6,"Not significant"
"P3C4+Nigericin / Nigericin","CSN1S1","Cont_P02662","Cont_P02662","CASA1_BOVIN","Alpha-S1-casein","Cont_P02662_S130_M1_28","Phospho (STY)",2.43430118343541,0.651613234310539,0.529250543838645,5,"Not significant"
"P3C4+Nigericin / Nigericin","LRRC8B","Q6P9F7","Q6P9F7","LRC8B_HUMAN","Volume-regulated anion channel subunit LRRC8B","Q6P9F7_S589_M1_28","Phospho (STY)",-0.0909579986501425,0.651774991494709,0.529725630619323,6,"Not significant"
"P3C4+Nigericin / Nigericin","UGP2","Q16851","Q16851","UGPA_HUMAN","UTP--glucose-1-phosphate uridylyltransferase","Q16851_S200_M1_28","Phospho (STY)",-0.199127808814788,0.6518846110209,0.530014932180079,6,"Not significant"
"P3C4+Nigericin / Nigericin","SLTM","Q9NWH9","Q9NWH9","SLTM_HUMAN","SAFB-like transcription modulator","Q9NWH9_S553_M1_28","Phospho (STY)",-0.348578333886127,0.653536377060489,0.534841698889998,5,"Not significant"
"P3C4+Nigericin / Nigericin","PTGS1","P23219","P23219","PGH1_HUMAN","Prostaglandin G/H synthase 1","P23219_Y543_M2_28","Phospho (STY)",-0.762102455405981,0.654642877972669,0.538123829785864,6,"Not significant"
"P3C4+Nigericin / Nigericin","RBM47","A0AV96","A0AV96","RBM47_HUMAN","RNA-binding protein 47","A0AV96_T433_M1_28","Phospho (STY)",-1.06448205126924,0.6553544690296,0.540518451183136,5,"Not significant"
"P3C4+Nigericin / Nigericin","NONO","Q15233","Q15233","NONO_HUMAN","Non-POU domain-containing octamer-binding protein","Q15233_T418_M2_28","Phospho (STY)",0.305773891557102,0.65567001057209,0.541415523293764,5,"Not significant"
"P3C4+Nigericin / Nigericin","RPLP1","P05386","P05386","RLA1_HUMAN","Large ribosomal subunit protein P1","P05386_S83_M2_28","Phospho (STY)",0.941070152065028,0.656306319211615,0.543316047446445,6,"Not significant"
"P3C4+Nigericin / Nigericin","HP1BP3","Q5SSJ5","Q5SSJ5","HP1B3_HUMAN","Heterochromatin protein 1-binding protein 3","Q5SSJ5_Y344_M2_28","Phospho (STY)",-0.268238090429971,0.656690235393337,0.544389003134962,6,"Not significant"
"P3C4+Nigericin / Nigericin","SH3KBP1","Q96B97","Q96B97","SH3K1_HUMAN","SH3 domain-containing kinase-binding protein 1","Q96B97_S230_M1_28","Phospho (STY)",1.19052224200557,0.656926169466778,0.545066379756932,6,"Not significant"
"P3C4+Nigericin / Nigericin","GOLGA1","Q92805","Q92805","GOGA1_HUMAN","Golgin subfamily A member 1","Q92805_T518_M1_28","Phospho (STY)",0.244812615445458,0.6573795715219,0.546337749685973,6,"Not significant"
"P3C4+Nigericin / Nigericin","CCT8","P50990","P50990","TCPQ_HUMAN","T-complex protein 1 subunit theta","P50990_Y468_M1_28","Phospho (STY)",-0.353700931979681,0.657941509582141,0.548148371125355,6,"Not significant"
"P3C4+Nigericin / Nigericin","AHNAK","Q09666","Q09666","AHNK_HUMAN","Neuroblast differentiation-associated protein AHNAK","Q09666_S216_M1_28","Phospho (STY)",1.10884058157486,0.658274535097588,0.549260489563128,5,"Not significant"
"P3C4+Nigericin / Nigericin","ZYX","Q15942","Q15942","ZYX_HUMAN","Zyxin","Q15942_S344_M1_28","Phospho (STY)",0.710426366172191,0.658621524473081,0.55025056914319,6,"Not significant"
"P3C4+Nigericin / Nigericin","HSPA1A;HSPA1B","P0DMV8;P0DMV9","P0DMV8;P0DMV9","HS71A_HUMAN;HS71B_HUMAN","Heat shock 70 kDa protein 1A;Heat shock 70 kDa protein 1B","P0DMV8_T66_M1_28","Phospho (STY)",-1.4975465360667,0.659073586034792,0.551560888786729,6,"Not significant"
"P3C4+Nigericin / Nigericin","HSPA1A;HSPA1B","P0DMV8;P0DMV9","P0DMV8;P0DMV9","HS71A_HUMAN;HS71B_HUMAN","Heat shock 70 kDa protein 1A;Heat shock 70 kDa protein 1B","P0DMV9_T66_M1_28","Phospho (STY)",-1.4975465360667,0.659073586034792,0.551560888786729,6,"Not significant"
"P3C4+Nigericin / Nigericin","DYNLRB1","Q9NP97","Q9NP97","DLRB1_HUMAN","Dynein light chain roadblock-type 1","Q9NP97_Y86_M1_28","Phospho (STY)",1.07611447311111,0.660171277819125,0.554976937586705,5,"Not significant"
"P3C4+Nigericin / Nigericin","NPM1","P06748","P06748","NPM_HUMAN","Nucleophosmin","P06748_Y67_M1_28","Phospho (STY)",0.482368263820683,0.660643988518991,0.556245178787836,6,"Not significant"
"P3C4+Nigericin / Nigericin","MRPS36","P82909","P82909","KGD4_HUMAN","Alpha-ketoglutarate dehydrogenase component 4","P82909_Y84_M2_28","Phospho (STY)",-0.260487246936677,0.661832443763143,0.559774359915202,6,"Not significant"
"P3C4+Nigericin / Nigericin","CAP1","Q01518","Q01518","CAP1_HUMAN","Adenylyl cyclase-associated protein 1","Q01518_S338_M1_28","Phospho (STY)",-0.361568599141715,0.661956257931993,0.560178666767926,5,"Not significant"
"P3C4+Nigericin / Nigericin","TRIP12","Q14669","Q14669","TRIPC_HUMAN","E3 ubiquitin-protein ligase TRIP12","Q14669_T758_M1_28","Phospho (STY)",-0.613981530598716,0.663222757502291,0.563954516751544,6,"Not significant"
"P3C4+Nigericin / Nigericin","HEATR1","Q9H583","Q9H583","HEAT1_HUMAN","HEAT repeat-containing protein 1","Q9H583_S156_M1_28","Phospho (STY)",0.260255425368531,0.66370867356909,0.565574562127123,6,"Not significant"
"P3C4+Nigericin / Nigericin","C1QBP","Q07021","Q07021","C1QBP_HUMAN","Complement component 1 Q subcomponent-binding protein, mitochondrial","Q07021_T101_M1_28","Phospho (STY)",0.892351450521353,0.665468561701985,0.570913779910445,6,"Not significant"
"P3C4+Nigericin / Nigericin","XIRP1","Q702N8","Q702N8","XIRP1_HUMAN","Xin actin-binding repeat-containing protein 1","Q702N8_S1349_M1_28","Phospho (STY)",0.759102354903553,0.666306399669875,0.573385740540606,5,"Not significant"
"P3C4+Nigericin / Nigericin","ACTB","Cont_P60712;P60709","Cont_P60712;P60709","ACTB_BOVIN;ACTB_HUMAN","Actin, cytoplasmic 1;Actin, cytoplasmic 1","Cont_P60712_S232_M2_28","Phospho (STY)",0.469305083290349,0.666391259864934,0.573619320076623,5,"Not significant"
"P3C4+Nigericin / Nigericin","ACTB","Cont_P60712;P60709","Cont_P60712;P60709","ACTB_BOVIN;ACTB_HUMAN","Actin, cytoplasmic 1;Actin, cytoplasmic 1","P60709_S232_M2_28","Phospho (STY)",0.469305083290349,0.666391259864934,0.573619320076623,5,"Not significant"
"P3C4+Nigericin / Nigericin","ACTB","Cont_P60712;P60709","Cont_P60712;P60709","ACTB_BOVIN;ACTB_HUMAN","Actin, cytoplasmic 1;Actin, cytoplasmic 1","Cont_P60712_S271_M1_28","Phospho (STY)",0.310803348055246,0.666828182405603,0.575117994813143,6,"Not significant"
"P3C4+Nigericin / Nigericin","ACTB","Cont_P60712;P60709","Cont_P60712;P60709","ACTB_BOVIN;ACTB_HUMAN","Actin, cytoplasmic 1;Actin, cytoplasmic 1","P60709_S271_M1_28","Phospho (STY)",0.310803348055246,0.666828182405603,0.575117994813143,6,"Not significant"
"P3C4+Nigericin / Nigericin","EIF2S2","P20042","P20042","IF2B_HUMAN","Eukaryotic translation initiation factor 2 subunit 2","P20042_S2_M1_28","Phospho (STY)",-0.477211537990242,0.668123950252188,0.578904993149818,4,"Not significant"
"P3C4+Nigericin / Nigericin","PARK7","Q99497","Q99497","PARK7_HUMAN","Parkinson disease protein 7","Q99497_T110_M1_28","Phospho (STY)",0.79109015097929,0.669430818299852,0.583332626737019,6,"Not significant"
"P3C4+Nigericin / Nigericin","DDX18","Q9NVP1","Q9NVP1","DDX18_HUMAN","ATP-dependent RNA helicase DDX18","Q9NVP1_T260_M2_28","Phospho (STY)",-0.554367037945899,0.66969321826194,0.584046683668479,6,"Not significant"
"P3C4+Nigericin / Nigericin","DDX18","Q9NVP1","Q9NVP1","DDX18_HUMAN","ATP-dependent RNA helicase DDX18","Q9NVP1_S258_M2_28","Phospho (STY)",-0.554367037945899,0.66969321826194,0.584046683668479,6,"Not significant"
"P3C4+Nigericin / Nigericin","RRBP1","Q9P2E9","Q9P2E9","RRBP1_HUMAN","Ribosome-binding protein 1","Q9P2E9_Y1219_M2_28","Phospho (STY)",-0.310984228104145,0.669947559761399,0.584719404602643,6,"Not significant"
"P3C4+Nigericin / Nigericin","HP1BP3","Q5SSJ5","Q5SSJ5","HP1B3_HUMAN","Heterochromatin protein 1-binding protein 3","Q5SSJ5_Y379_M2_28","Phospho (STY)",0.26050432069864,0.670166633942287,0.585374488792535,6,"Not significant"
"P3C4+Nigericin / Nigericin","SPP1","P10451","P10451","OSTP_HUMAN","Osteopontin","P10451_S303_M1_28","Phospho (STY)",-0.458255819568893,0.671594005381788,0.589907793094423,6,"Not significant"
"P3C4+Nigericin / Nigericin","ADAR","P55265","P55265","DSRAD_HUMAN","Double-stranded RNA-specific adenosine deaminase","P55265_Y306_M1_28","Phospho (STY)",-0.0948007584111581,0.673274099806488,0.594849337419227,6,"Not significant"
"P3C4+Nigericin / Nigericin","P4HB","P07237","P07237","PDIA1_HUMAN","Protein disulfide-isomerase","P07237_S427_M2_28","Phospho (STY)",-0.549366701994654,0.673335421332334,0.595150906730389,4,"Not significant"
"P3C4+Nigericin / Nigericin","VIM","P08670","P08670","VIME_HUMAN","Vimentin","P08670_S56_M1_28","Phospho (STY)",0.909225969802833,0.673625204257632,0.596062273042326,4,"Not significant"
"P3C4+Nigericin / Nigericin","RPLP0","P05388","P05388","RLA0_HUMAN","Large ribosomal subunit protein uL10","P05388_T122_M1_28","Phospho (STY)",-0.270366591785565,0.674923440502579,0.599970224667613,6,"Not significant"
"P3C4+Nigericin / Nigericin","SEC22B","O75396","O75396","SC22B_HUMAN","Vesicle-trafficking protein SEC22b","O75396_S137_M2_28","Phospho (STY)",0.803222980310871,0.675703015229611,0.602068976760563,6,"Not significant"
"P3C4+Nigericin / Nigericin","H2AC11;H2AC12;H2AC14","P0C0S8;Q96KK5;Q99878","P0C0S8;Q96KK5;Q99878","H2A1_HUMAN;H2A1H_HUMAN;H2A1J_HUMAN","Histone H2A type 1;Histone H2A type 1-H;Histone H2A type 1-J","P0C0S8_T121_M2_28","Phospho (STY)",0.260714325166269,0.675899013030742,0.602611633239072,6,"Not significant"
"P3C4+Nigericin / Nigericin","H2AC11;H2AC12;H2AC14","P0C0S8;Q96KK5;Q99878","P0C0S8;Q96KK5;Q99878","H2A1_HUMAN;H2A1H_HUMAN;H2A1J_HUMAN","Histone H2A type 1;Histone H2A type 1-H;Histone H2A type 1-J","Q96KK5_T121_M2_28","Phospho (STY)",0.260714325166269,0.675899013030742,0.602611633239072,6,"Not significant"
"P3C4+Nigericin / Nigericin","H2AC11;H2AC12;H2AC14","P0C0S8;Q96KK5;Q99878","P0C0S8;Q96KK5;Q99878","H2A1_HUMAN;H2A1H_HUMAN;H2A1J_HUMAN","Histone H2A type 1;Histone H2A type 1-H;Histone H2A type 1-J","Q99878_T121_M2_28","Phospho (STY)",0.260714325166269,0.675899013030742,0.602611633239072,6,"Not significant"
"P3C4+Nigericin / Nigericin","HNRNPA2B1","P22626","P22626","ROA2_HUMAN","Heterogeneous nuclear ribonucleoproteins A2/B1","P22626_S29_M1_28","Phospho (STY)",-0.483847882385238,0.675915060559686,0.602713911955291,6,"Not significant"
"P3C4+Nigericin / Nigericin","PDIA6","Q15084","Q15084","PDIA6_HUMAN","Protein disulfide-isomerase A6","Q15084_S375_M1_28","Phospho (STY)",-0.103936007596224,0.676082585868266,0.603168873031596,6,"Not significant"
"P3C4+Nigericin / Nigericin","CAP1","Q01518","Q01518","CAP1_HUMAN","Adenylyl cyclase-associated protein 1","Q01518_Y153_M1_28","Phospho (STY)",-1.17954297231349,0.677002887057642,0.605809550866287,6,"Not significant"
"P3C4+Nigericin / Nigericin","PNP","P00491","P00491","PNPH_HUMAN","Purine nucleoside phosphorylase","P00491_Y50_M2_28","Phospho (STY)",-0.246580373839163,0.678071028723691,0.608995367677221,5,"Not significant"
"P3C4+Nigericin / Nigericin","ZNF638","Q14966","Q14966","ZN638_HUMAN","Zinc finger protein 638","Q14966_T1664_M2_28","Phospho (STY)",-0.708673036184304,0.678197064978796,0.609497801148678,6,"Not significant"
"P3C4+Nigericin / Nigericin","TFAM","Q00059","Q00059","TFAM_HUMAN","Transcription factor A, mitochondrial","Q00059_Y200_M1_28","Phospho (STY)",-0.193033523264462,0.678583837802887,0.610631306012507,6,"Not significant"
"P3C4+Nigericin / Nigericin","JUND","P17535","P17535","JUND_HUMAN","Transcription factor JunD","P17535_S100_M1_28","Phospho (STY)",0.216082268122685,0.678730210477415,0.611052338937757,6,"Not significant"
"P3C4+Nigericin / Nigericin","ACIN1","Q9UKV3","Q9UKV3","ACINU_HUMAN","Apoptotic chromatin condensation inducer in the nucleus","Q9UKV3_S1004_M1_28","Phospho (STY)",-0.12998172457553,0.678855678210837,0.611557499158086,6,"Not significant"
"P3C4+Nigericin / Nigericin","NELFE","P18615","P18615","NELFE_HUMAN","Negative elongation factor E","P18615_S115_M1_28","Phospho (STY)",0.962107103828875,0.679412107718609,0.613238006498585,4,"Not significant"
"P3C4+Nigericin / Nigericin","CCDC86","Q9H6F5","Q9H6F5","CCD86_HUMAN","Coiled-coil domain-containing protein 86","Q9H6F5_S18_M1_28","Phospho (STY)",-0.179358697090861,0.679755288253359,0.614395168710307,6,"Not significant"
"P3C4+Nigericin / Nigericin","CALR","P27797","P27797","CALR_HUMAN","Calreticulin","P27797_Y172_M3_28","Phospho (STY)",-0.255346258008763,0.680629522320665,0.616962319282834,5,"Not significant"
"P3C4+Nigericin / Nigericin","HCFC1","P51610","P51610","HCFC1_HUMAN","Host cell factor 1","P51610_S1507_M1_28","Phospho (STY)",0.637067258783858,0.680819069920911,0.617452082899168,5,"Not significant"
"P3C4+Nigericin / Nigericin","EEF1A1","Cont_P68103;P68104","Cont_P68103;P68104","EF1A1_BOVIN;EF1A1_HUMAN","Elongation factor 1-alpha 1","Cont_P68103_Y357_M1_28","Phospho (STY)",0.206070452185908,0.680990411951251,0.618073546256215,6,"Not significant"
"P3C4+Nigericin / Nigericin","EEF1A1","Cont_P68103;P68104","Cont_P68103;P68104","EF1A1_BOVIN;EF1A1_HUMAN","Elongation factor 1-alpha 1","P68104_Y357_M1_28","Phospho (STY)",0.206070452185908,0.680990411951251,0.618073546256215,6,"Not significant"
"P3C4+Nigericin / Nigericin","NHP2","Q9NX24","Q9NX24","NHP2_HUMAN","H/ACA ribonucleoprotein complex subunit 2","Q9NX24_Y24_M1_28","Phospho (STY)",-0.13309368505494,0.681836963899681,0.62042176029228,6,"Not significant"
"P3C4+Nigericin / Nigericin","DDX3X","O00571","O00571","DDX3X_HUMAN","ATP-dependent RNA helicase DDX3X","O00571_Y266_M1_28","Phospho (STY)",-0.708281490212394,0.681934414083721,0.620706150713914,4,"Not significant"
"P3C4+Nigericin / Nigericin","PTMA","P06454","P06454","PTMA_HUMAN","Prothymosin alpha","P06454_S2_M1_28","Phospho (STY)",0.166865283949387,0.68232247802576,0.621990190123308,6,"Not significant"
"P3C4+Nigericin / Nigericin","NUP153","P49790","P49790","NU153_HUMAN","Nuclear pore complex protein Nup153","P49790_S240_M1_28","Phospho (STY)",-0.258775631724567,0.684753032570484,0.629226774861787,5,"Not significant"
"P3C4+Nigericin / Nigericin","VAMP3","Q15836","Q15836","VAMP3_HUMAN","Vesicle-associated membrane protein 3","Q15836_T18_M1_28","Phospho (STY)",-0.158227342289613,0.684852634191142,0.629595655972316,6,"Not significant"
"P3C4+Nigericin / Nigericin","RNH1","P13489","P13489","RINI_HUMAN","Ribonuclease inhibitor","P13489_Y151_M1_28","Phospho (STY)",0.130988311821072,0.686054357576614,0.633277615778209,6,"Not significant"
"P3C4+Nigericin / Nigericin","ATP6V1F","Q16864","Q16864","VATF_HUMAN","V-type proton ATPase subunit F","Q16864_S104_M2_28","Phospho (STY)",1.34654172926257,0.686107833402109,0.633617463954711,5,"Not significant"
"P3C4+Nigericin / Nigericin","CAP1","Q01518","Q01518","CAP1_HUMAN","Adenylyl cyclase-associated protein 1","Q01518_S308_M1_28","Phospho (STY)",-0.262170697048738,0.686135979234481,0.633706635375416,6,"Not significant"
"P3C4+Nigericin / Nigericin","HMGA1","P17096","P17096","HMGA1_HUMAN","High mobility group protein HMG-I/HMG-Y","P17096_S44_M2_28","Phospho (STY)",-0.205929050496992,0.68632954532968,0.634279147087368,6,"Not significant"
"P3C4+Nigericin / Nigericin","EEF2","P13639","P13639","EF2_HUMAN","Elongation factor 2","P13639_Y730_M2_28","Phospho (STY)",-0.828657232088688,0.68634893782868,0.634373494693916,6,"Not significant"
"P3C4+Nigericin / Nigericin","PLCG2","P16885","P16885","PLCG2_HUMAN","1-phosphatidylinositol 4,5-bisphosphate phosphodiesterase gamma-2","P16885_T57_M1_28","Phospho (STY)",1.19025677895446,0.687313418040305,0.637530519733287,6,"Not significant"
"P3C4+Nigericin / Nigericin","BSG","P35613","P35613","BASI_HUMAN","Basigin","P35613_T141_M1_28","Phospho (STY)",-0.114351677464065,0.687545060295391,0.638339748704607,6,"Not significant"
"P3C4+Nigericin / Nigericin","HSPA2","P54652","P54652","HSP72_HUMAN","Heat shock-related 70 kDa protein 2","P54652_Y108_M1_28","Phospho (STY)",0.747664572236481,0.687735214023838,0.638973418487308,6,"Not significant"
"P3C4+Nigericin / Nigericin","RAB12","Q6IQ22","Q6IQ22","RAB12_HUMAN","Ras-related protein Rab-12","Q6IQ22_Y143_M2_28","Phospho (STY)",-0.567743177985987,0.687789327088986,0.639228890666104,6,"Not significant"
"P3C4+Nigericin / Nigericin","YWHAZ","Cont_P63103;P63104","Cont_P63103;P63104","1433Z_BOVIN;1433Z_HUMAN","14-3-3 protein zeta/delta","Cont_P63103_S145_M1_28","Phospho (STY)",0.351521256498926,0.687792766292665,0.639262191202056,5,"Not significant"
"P3C4+Nigericin / Nigericin","YWHAZ","Cont_P63103;P63104","Cont_P63103;P63104","1433Z_BOVIN;1433Z_HUMAN","14-3-3 protein zeta/delta","P63104_S145_M1_28","Phospho (STY)",0.351521256498926,0.687792766292665,0.639262191202056,5,"Not significant"
"P3C4+Nigericin / Nigericin","NUP50","Q9UKX7","Q9UKX7","NUP50_HUMAN","Nuclear pore complex protein Nup50","Q9UKX7_S115_M1_28","Phospho (STY)",0.395916748313072,0.687926080210635,0.639719815326426,4,"Not significant"
"P3C4+Nigericin / Nigericin","ACTB","Cont_P60712;P60709","Cont_P60712;P60709","ACTB_BOVIN;ACTB_HUMAN","Actin, cytoplasmic 1;Actin, cytoplasmic 1","Cont_P60712_Y53_M1_28","Phospho (STY)",-0.224381079325143,0.688737168253459,0.642302283568508,6,"Not significant"
"P3C4+Nigericin / Nigericin","ACTB","Cont_P60712;P60709","Cont_P60712;P60709","ACTB_BOVIN;ACTB_HUMAN","Actin, cytoplasmic 1;Actin, cytoplasmic 1","P60709_Y53_M1_28","Phospho (STY)",-0.224381079325143,0.688737168253459,0.642302283568508,6,"Not significant"
"P3C4+Nigericin / Nigericin","POTEI","P0CG38","P0CG38","POTEI_HUMAN","POTE ankyrin domain family member I","P0CG38_Y918_M2_28","Phospho (STY)",-0.116236807955904,0.689036923193669,0.64337093175224,5,"Not significant"
"P3C4+Nigericin / Nigericin","AHNAK","Q09666","Q09666","AHNK_HUMAN","Neuroblast differentiation-associated protein AHNAK","Q09666_S2397_M1_28","Phospho (STY)",0.640936720503198,0.689354623778101,0.644377495897536,6,"Not significant"
"P3C4+Nigericin / Nigericin","ABI1","Q8IZP0","Q8IZP0","ABI1_HUMAN","Abl interactor 1","Q8IZP0_Y198_M1_28","Phospho (STY)",-0.31288589020229,0.689378663640626,0.644468073016131,6,"Not significant"
"P3C4+Nigericin / Nigericin","NIBAN2","Q96TA1","Q96TA1","NIBA2_HUMAN","Protein Niban 2","Q96TA1_S665_M1_28","Phospho (STY)",-0.294186532898088,0.689652819628452,0.645256212430397,6,"Not significant"
"P3C4+Nigericin / Nigericin","FABP5","Q01469","Q01469","FABP5_HUMAN","Fatty acid-binding protein 5","Q01469_Y22_M1_28","Phospho (STY)",0.742815218682128,0.690241166576604,0.646994310978535,6,"Not significant"
"P3C4+Nigericin / Nigericin","ARPP19","P56211","P56211","ARP19_HUMAN","cAMP-regulated phosphoprotein 19","P56211_T85_M1_28","Phospho (STY)",0.871081644958651,0.691021516401437,0.649397945715957,5,"Not significant"
"P3C4+Nigericin / Nigericin","UHRF2","Q96PU4","Q96PU4","UHRF2_HUMAN","E3 ubiquitin-protein ligase UHRF2","Q96PU4_S301_M2_28","Phospho (STY)",-1.14933008695944,0.692108887202796,0.65247136885794,6,"Not significant"
"P3C4+Nigericin / Nigericin","S100A9","P06702","P06702","S10A9_HUMAN","Protein S100-A9","P06702_T113_M1_28","Phospho (STY)",0.240446706613035,0.692437039215722,0.653469980571538,6,"Not significant"
"P3C4+Nigericin / Nigericin","ITGB2","P05107","P05107","ITB2_HUMAN","Integrin beta-2","P05107_T256_M1_28","Phospho (STY)",-0.0997938390735669,0.692441067708067,0.653517220974079,6,"Not significant"
"P3C4+Nigericin / Nigericin","TAGLN2","P37802","P37802","TAGL2_HUMAN","Transgelin-2","P37802_Y70_M1_28","Phospho (STY)",0.243650283384365,0.692974149661753,0.6551145118705,6,"Not significant"
"P3C4+Nigericin / Nigericin","GM2A","P17900","P17900","SAP3_HUMAN","Ganglioside GM2 activator","P17900_Y168_M1_28","Phospho (STY)",-0.246688396078235,0.693137195006464,0.655591260126179,6,"Not significant"
"P3C4+Nigericin / Nigericin","AHNAK","Q09666","Q09666","AHNK_HUMAN","Neuroblast differentiation-associated protein AHNAK","Q09666_S93_M1_28","Phospho (STY)",0.561094705386239,0.694258957654261,0.658898008558224,6,"Not significant"
"P3C4+Nigericin / Nigericin","HCLS1","P14317","P14317","HCLS1_HUMAN","Hematopoietic lineage cell-specific protein","P14317_S275_M1_28","Phospho (STY)",-0.59242115749174,0.69427025089125,0.65892427986013,6,"Not significant"
"P3C4+Nigericin / Nigericin","CREB1","P16220","P16220","CREB1_HUMAN","Cyclic AMP-responsive element-binding protein 1","P16220_S257_M1_28","Phospho (STY)",0.904692151958768,0.694652875154488,0.660024006960094,5,"Not significant"
"P3C4+Nigericin / Nigericin","XIRP1","Q702N8","Q702N8","XIRP1_HUMAN","Xin actin-binding repeat-containing protein 1","Q702N8_S295_M1_28","Phospho (STY)",0.199048130983724,0.694979430564331,0.661074450703579,6,"Not significant"
"P3C4+Nigericin / Nigericin","DARS1","P14868","P14868","SYDC_HUMAN","Aspartate--tRNA ligase, cytoplasmic","P14868_T220_M1_28","Phospho (STY)",-0.507410435569873,0.696372333348751,0.666051486233092,6,"Not significant"
"P3C4+Nigericin / Nigericin","STX7","O15400","O15400","STX7_HUMAN","Syntaxin-7","O15400_T98_M1_28","Phospho (STY)",-1.07095883410115,0.696683597366303,0.667105961388416,6,"Not significant"
"P3C4+Nigericin / Nigericin","RAB14","P61106","P61106","RAB14_HUMAN","Ras-related protein Rab-14","P61106_S56_M1_28","Phospho (STY)",-1.07393787268735,0.696897469258988,0.667731906216578,6,"Not significant"
"P3C4+Nigericin / Nigericin","H1-4","P10412","P10412","H14_HUMAN","Histone H1.4","P10412_S2_M1_28","Phospho (STY)",-0.280702857690291,0.698143035027493,0.671981374214687,6,"Not significant"
"P3C4+Nigericin / Nigericin","CCT6A","P40227","P40227","TCPZ_HUMAN","T-complex protein 1 subunit zeta","P40227_T57_M1_28","Phospho (STY)",0.168430038290686,0.698688111344684,0.673488273111727,6,"Not significant"
"P3C4+Nigericin / Nigericin","PDIA3","P30101","P30101","PDIA3_HUMAN","Protein disulfide-isomerase A3","P30101_Y467_M1_28","Phospho (STY)",-0.150639023275382,0.699746170769106,0.67708536105876,6,"Not significant"
"P3C4+Nigericin / Nigericin","POTEI","P0CG38","P0CG38","POTEI_HUMAN","POTE ankyrin domain family member I","P0CG38_Y918_M1_28","Phospho (STY)",-0.639593432063957,0.699793985320977,0.677277944553376,6,"Not significant"
"P3C4+Nigericin / Nigericin","P4HB","P07237","P07237","PDIA1_HUMAN","Protein disulfide-isomerase","P07237_Y414_M2_28","Phospho (STY)",-0.551970319797134,0.699873486456386,0.677488574391391,6,"Not significant"
"P3C4+Nigericin / Nigericin","SRRM2","Q9UQ35","Q9UQ35","SRRM2_HUMAN","Serine/arginine repetitive matrix protein 2","Q9UQ35_S2272_M1_28","Phospho (STY)",-0.326106388592141,0.700591957937025,0.679695296249547,6,"Not significant"
"P3C4+Nigericin / Nigericin","ACOT8","O14734","O14734","ACOT8_HUMAN","Acyl-coenzyme A thioesterase 8","O14734_T301_M1_28","Phospho (STY)",0.292358692102604,0.701531398666608,0.682925292998738,6,"Not significant"
"P3C4+Nigericin / Nigericin","ITGB1","P05556","P05556","ITB1_HUMAN","Integrin beta-1","P05556_T112_M2_28","Phospho (STY)",-0.164038111798928,0.701936875314494,0.684228908987753,6,"Not significant"
"P3C4+Nigericin / Nigericin","ITGB1","P05556","P05556","ITB1_HUMAN","Integrin beta-1","P05556_T102_M2_28","Phospho (STY)",-0.164038111798928,0.701936875314494,0.684228908987753,6,"Not significant"
"P3C4+Nigericin / Nigericin","TPI1","P60174","P60174","TPIS_HUMAN","Triosephosphate isomerase","P60174_Y48_M2_28","Phospho (STY)",-0.340943883098873,0.702154897870802,0.68480029234099,4,"Not significant"
"P3C4+Nigericin / Nigericin","DLST","P36957","P36957","ODO2_HUMAN","Dihydrolipoyllysine-residue succinyltransferase component of 2-oxoglutarate dehydrogenase complex, mitochondrial","P36957_T62_M1_28","Phospho (STY)",0.591283605581907,0.702305057356312,0.685476202609271,4,"Not significant"
"P3C4+Nigericin / Nigericin","HNRNPA2B1","P22626","P22626","ROA2_HUMAN","Heterogeneous nuclear ribonucleoproteins A2/B1","P22626_T159_M1_28","Phospho (STY)",-0.397562187877078,0.702433949357386,0.685890922362194,6,"Not significant"
"P3C4+Nigericin / Nigericin","CEP170","Q5SW79","Q5SW79","CE170_HUMAN","Centrosomal protein of 170 kDa","Q5SW79_Y91_M2_28","Phospho (STY)",0.630615469268665,0.702685633635471,0.686602678189813,6,"Not significant"
"P3C4+Nigericin / Nigericin","MAP1S","Q66K74","Q66K74","MAP1S_HUMAN","Microtubule-associated protein 1S","Q66K74_S759_M1_28","Phospho (STY)",-0.203360736574069,0.702871146955974,0.687290882277694,4,"Not significant"
"P3C4+Nigericin / Nigericin","ACO2","Q99798","Q99798","ACON_HUMAN","Aconitate hydratase, mitochondrial","Q99798_Y544_M1_28","Phospho (STY)",-0.164608077224628,0.703185890478969,0.688391753128681,6,"Not significant"
"P3C4+Nigericin / Nigericin","PDS5B","Q9NTI5","Q9NTI5","PDS5B_HUMAN","Sister chromatid cohesion protein PDS5 homolog B","Q9NTI5_S1358_M1_28","Phospho (STY)",0.159941506914725,0.703254616388676,0.688636081016004,6,"Not significant"
"P3C4+Nigericin / Nigericin","NAP1L4","Q99733","Q99733","NP1L4_HUMAN","Nucleosome assembly protein 1-like 4","Q99733_T28_M1_28","Phospho (STY)",-0.433963688544559,0.703330745213604,0.688985971897771,6,"Not significant"
"P3C4+Nigericin / Nigericin","MYL6","P60660","P60660","MYL6_HUMAN","Myosin light polypeptide 6","P60660_Y29_M1_28","Phospho (STY)",-0.936822173102328,0.705361762507861,0.69535255001412,6,"Not significant"
"P3C4+Nigericin / Nigericin","ZC3H14","Q6PJT7","Q6PJT7","ZC3HE_HUMAN","Zinc finger CCCH domain-containing protein 14","Q6PJT7_S515_M1_28","Phospho (STY)",-0.239148781231513,0.70716598661796,0.700710103615218,6,"Not significant"
"P3C4+Nigericin / Nigericin","TBC1D1","Q86TI0","Q86TI0","TBCD1_HUMAN","TBC1 domain family member 1","Q86TI0_S503_M1_28","Phospho (STY)",0.196353117370705,0.707781149305628,0.702839811008978,5,"Not significant"
"P3C4+Nigericin / Nigericin","CHCHD3","Q9NX63","Q9NX63","MIC19_HUMAN","MICOS complex subunit MIC19","Q9NX63_S50_M1_28","Phospho (STY)",-0.291741818399097,0.707983657040487,0.703438197285981,4,"Not significant"
"P3C4+Nigericin / Nigericin","FOSL2","P15408","P15408","FOSL2_HUMAN","Fos-related antigen 2","P15408_S200_M1_28","Phospho (STY)",0.154093185811756,0.708313337347353,0.704671791496573,6,"Not significant"
"P3C4+Nigericin / Nigericin","LAT2","Q9GZY6","Q9GZY6","NTAL_HUMAN","Linker for activation of T-cells family member 2","Q9GZY6_S44_M1_28","Phospho (STY)",0.268639337381008,0.708711222577402,0.706085308890915,5,"Not significant"
"P3C4+Nigericin / Nigericin","PLAUR","Q03405","Q03405","UPAR_HUMAN","Urokinase plasminogen activator surface receptor","Q03405_Y109_M1_28","Phospho (STY)",-0.0382008109104919,0.708963370720993,0.706876428998345,6,"Not significant"
"P3C4+Nigericin / Nigericin","AHNAK","Q09666","Q09666","AHNK_HUMAN","Neuroblast differentiation-associated protein AHNAK","Q09666_S135_M1_28","Phospho (STY)",0.434652616511272,0.709071462291553,0.707252105745302,6,"Not significant"
"P3C4+Nigericin / Nigericin","PPP1CA","P62136","P62136","PP1A_HUMAN","Serine/threonine-protein phosphatase PP1-alpha catalytic subunit","P62136_Y114_M1_28","Phospho (STY)",0.645945868576271,0.709541854861839,0.708819289454307,6,"Not significant"
"P3C4+Nigericin / Nigericin","ACTB","Cont_P60712;P60709","Cont_P60712;P60709","ACTB_BOVIN;ACTB_HUMAN","Actin, cytoplasmic 1;Actin, cytoplasmic 1","Cont_P60712_Y69_M2_28","Phospho (STY)",-0.588076291286359,0.70955140619452,0.708870695538831,6,"Not significant"
"P3C4+Nigericin / Nigericin","ACTB","Cont_P60712;P60709","Cont_P60712;P60709","ACTB_BOVIN;ACTB_HUMAN","Actin, cytoplasmic 1;Actin, cytoplasmic 1","P60709_Y69_M2_28","Phospho (STY)",-0.588076291286359,0.70955140619452,0.708870695538831,6,"Not significant"
"P3C4+Nigericin / Nigericin","KDM6B","O15054","O15054","KDM6B_HUMAN","Lysine-specific demethylase 6B","O15054_S1025_M1_28","Phospho (STY)",-0.562803349625529,0.709767901113,0.70959355448351,6,"Not significant"
"P3C4+Nigericin / Nigericin","H2AC11;H2AC12;H2AC14","P0C0S8;Q96KK5;Q99878","P0C0S8;Q96KK5;Q99878","H2A1_HUMAN;H2A1H_HUMAN;H2A1J_HUMAN","Histone H2A type 1;Histone H2A type 1-H;Histone H2A type 1-J","P0C0S8_Y58_M1_28","Phospho (STY)",-0.347911495023106,0.709767901113,0.709625461082103,6,"Not significant"
"P3C4+Nigericin / Nigericin","H2AC11;H2AC12;H2AC14","P0C0S8;Q96KK5;Q99878","P0C0S8;Q96KK5;Q99878","H2A1_HUMAN;H2A1H_HUMAN;H2A1J_HUMAN","Histone H2A type 1;Histone H2A type 1-H;Histone H2A type 1-J","Q96KK5_Y58_M1_28","Phospho (STY)",-0.347911495023106,0.709767901113,0.709625461082103,6,"Not significant"
"P3C4+Nigericin / Nigericin","H2AC11;H2AC12;H2AC14","P0C0S8;Q96KK5;Q99878","P0C0S8;Q96KK5;Q99878","H2A1_HUMAN;H2A1H_HUMAN;H2A1J_HUMAN","Histone H2A type 1;Histone H2A type 1-H;Histone H2A type 1-J","Q99878_Y58_M1_28","Phospho (STY)",-0.347911495023106,0.709767901113,0.709625461082103,6,"Not significant"
"P3C4+Nigericin / Nigericin","TKT","P29401","P29401","TKT_HUMAN","Transketolase","P29401_T287_M1_28","Phospho (STY)",-0.129725821059567,0.709845285962661,0.709959876061988,6,"Not significant"
"P3C4+Nigericin / Nigericin","ACTB","Cont_P60712;P60709","Cont_P60712;P60709","ACTB_BOVIN;ACTB_HUMAN","Actin, cytoplasmic 1;Actin, cytoplasmic 1","Cont_P60712_Y218_M1_28","Phospho (STY)",0.339698341468082,0.710106245809087,0.710754736687558,6,"Not significant"
"P3C4+Nigericin / Nigericin","ACTB","Cont_P60712;P60709","Cont_P60712;P60709","ACTB_BOVIN;ACTB_HUMAN","Actin, cytoplasmic 1;Actin, cytoplasmic 1","P60709_Y218_M1_28","Phospho (STY)",0.339698341468082,0.710106245809087,0.710754736687558,6,"Not significant"
"P3C4+Nigericin / Nigericin","AHNAK","Q09666","Q09666","AHNK_HUMAN","Neuroblast differentiation-associated protein AHNAK","Q09666_S5279_M1_28","Phospho (STY)",-0.200602480375237,0.71049191814054,0.711931607008825,6,"Not significant"
"P3C4+Nigericin / Nigericin","MRPL52","Q86TS9","Q86TS9","RM52_HUMAN","Large ribosomal subunit protein mL52","Q86TS9_S81_M2_28","Phospho (STY)",0.288778047110166,0.710718768423663,0.712673567922938,6,"Not significant"
"P3C4+Nigericin / Nigericin","MRPL52","Q86TS9","Q86TS9","RM52_HUMAN","Large ribosomal subunit protein mL52","Q86TS9_T72_M2_28","Phospho (STY)",0.288778047110166,0.710718768423663,0.712673567922938,6,"Not significant"
"P3C4+Nigericin / Nigericin","EEF2","P13639","P13639","EF2_HUMAN","Elongation factor 2","P13639_Y634_M1_28","Phospho (STY)",-0.142915909729843,0.710799650822159,0.712887795385053,4,"Not significant"
"P3C4+Nigericin / Nigericin","RTRAF","Q9Y224","Q9Y224","RTRAF_HUMAN","RNA transcription, translation and transport factor protein","Q9Y224_T114_M1_28","Phospho (STY)",-0.482309410118428,0.711045291998389,0.713779235990806,6,"Not significant"
"P3C4+Nigericin / Nigericin","LMAN2L","Q9H0V9","Q9H0V9","LMA2L_HUMAN","VIP36-like protein","Q9H0V9_Y134_M2_28","Phospho (STY)",0.144881981592946,0.711272563077618,0.7145526896846,6,"Not significant"
"P3C4+Nigericin / Nigericin","CANX","P27824","P27824","CALX_HUMAN","Calnexin","P27824_S583_M1_28","Phospho (STY)",-0.155601655717638,0.711652660341441,0.715796066207508,6,"Not significant"
"P3C4+Nigericin / Nigericin","HDGFL2","Q7Z4V5","Q7Z4V5","HDGR2_HUMAN","Hepatoma-derived growth factor-related protein 2","Q7Z4V5_Y40_M1_28","Phospho (STY)",0.37855564503139,0.711829180743871,0.716450597667809,6,"Not significant"
"P3C4+Nigericin / Nigericin","ATP6V1F","Q16864","Q16864","VATF_HUMAN","V-type proton ATPase subunit F","Q16864_Y98_M2_28","Phospho (STY)",0.790747051677117,0.712109580095447,0.717448995108293,6,"Not significant"
"P3C4+Nigericin / Nigericin","PEA15","Q15121","Q15121","PEA15_HUMAN","Astrocytic phosphoprotein PEA-15","Q15121_S104_M1_28","Phospho (STY)",0.595663913648818,0.71323880696791,0.721210945881925,4,"Not significant"
"P3C4+Nigericin / Nigericin","ACTBL2","Q562R1","Q562R1","ACTBL_HUMAN","Beta-actin-like protein 2","Q562R1_Y295_M1_28","Phospho (STY)",-0.407032606178338,0.713968721976823,0.723642520781293,6,"Not significant"
"P3C4+Nigericin / Nigericin","HNRNPD","Q14103","Q14103","HNRPD_HUMAN","Heterogeneous nuclear ribonucleoprotein D0","Q14103_T229_M1_28","Phospho (STY)",0.24209623040007,0.714084200997729,0.723998015686344,6,"Not significant"
"P3C4+Nigericin / Nigericin","GGH","Q92820","Q92820","GGH_HUMAN","Gamma-glutamyl hydrolase","Q92820_T30_M1_28","Phospho (STY)",-0.169443373276522,0.714495812096224,0.725236789792295,6,"Not significant"
"P3C4+Nigericin / Nigericin","PGK1","P00558","P00558","PGK1_HUMAN","Phosphoglycerate kinase 1","P00558_Y324_M1_28","Phospho (STY)",-0.317685635956828,0.714502459047786,0.725266110598847,6,"Not significant"
"P3C4+Nigericin / Nigericin","STOML2","Q9UJZ1","Q9UJZ1","STML2_HUMAN","Stomatin-like protein 2, mitochondrial","Q9UJZ1_S189_M1_28","Phospho (STY)",0.26772694725652,0.714637084259426,0.725806026444674,6,"Not significant"
"P3C4+Nigericin / Nigericin","HMGA1","P17096","P17096","HMGA1_HUMAN","High mobility group protein HMG-I/HMG-Y","P17096_S49_M1_28","Phospho (STY)",0.296436366383965,0.714695174109987,0.725956145568269,4,"Not significant"
"P3C4+Nigericin / Nigericin","TUBB3","Q13509","Q13509","TBB3_HUMAN","Tubulin beta-3 chain","Q13509_Y159_M2_28","Phospho (STY)",0.821730359430147,0.714697615804892,0.725975140724293,4,"Not significant"
"P3C4+Nigericin / Nigericin","AHNAK","Q09666","Q09666","AHNK_HUMAN","Neuroblast differentiation-associated protein AHNAK","Q09666_S1158_M1_28","Phospho (STY)",0.142067289421405,0.71495143330084,0.726763242469615,6,"Not significant"
"P3C4+Nigericin / Nigericin","HNRNPK","P61978","P61978","HNRPK_HUMAN","Heterogeneous nuclear ribonucleoprotein K","P61978_Y72_M2_28","Phospho (STY)",0.277113037530438,0.716414795265716,0.731721524122897,6,"Not significant"
"P3C4+Nigericin / Nigericin","DDX46","Q7L014","Q7L014","DDX46_HUMAN","Probable ATP-dependent RNA helicase DDX46","Q7L014_T877_M1_28","Phospho (STY)",0.274724883133407,0.716510953756992,0.732118328389221,6,"Not significant"
"P3C4+Nigericin / Nigericin","PNISR","Q8TF01","Q8TF01","PNISR_HUMAN","Arginine/serine-rich protein PNISR","Q8TF01_S211_M1_28","Phospho (STY)",-0.231841060304263,0.717061775098435,0.733767079981538,6,"Not significant"
"P3C4+Nigericin / Nigericin","STMN1","P16949","P16949","STMN1_HUMAN","Stathmin","P16949_S25_M1_28","Phospho (STY)",0.391146302456126,0.717076041065039,0.733815888345919,6,"Not significant"
"P3C4+Nigericin / Nigericin","AHNAK","Q09666","Q09666","AHNK_HUMAN","Neuroblast differentiation-associated protein AHNAK","Q09666_S3159_M1_28","Phospho (STY)",-0.145288237258503,0.717490008287437,0.73516146956855,6,"Not significant"
"P3C4+Nigericin / Nigericin","AHNAK","Q09666","Q09666","AHNK_HUMAN","Neuroblast differentiation-associated protein AHNAK","Q09666_S3941_M1_28","Phospho (STY)",-0.145288237258503,0.717490008287437,0.73516146956855,6,"Not significant"
"P3C4+Nigericin / Nigericin","HSPD1","P10809","P10809","CH60_HUMAN","60 kDa heat shock protein, mitochondrial","P10809_Y90_M2_28","Phospho (STY)",0.140356578852704,0.717856252855036,0.736250796480001,6,"Not significant"
"P3C4+Nigericin / Nigericin","KIAA2013","Q8IYS2","Q8IYS2","K2013_HUMAN","Uncharacterized protein KIAA2013","Q8IYS2_Y367_M1_28","Phospho (STY)",0.572071987393192,0.717995235297109,0.736863359048617,5,"Not significant"
"P3C4+Nigericin / Nigericin","PCM1","Q15154","Q15154","PCM1_HUMAN","Pericentriolar material 1 protein","Q15154_S65_M1_28","Phospho (STY)",0.406704462367374,0.71841276988412,0.738307215001282,6,"Not significant"
"P3C4+Nigericin / Nigericin","GPSM3","Q9Y4H4","Q9Y4H4","GPSM3_HUMAN","G-protein-signaling modulator 3","Q9Y4H4_S54_M1_28","Phospho (STY)",0.426045569876552,0.718416731327242,0.738322062508456,6,"Not significant"
"P3C4+Nigericin / Nigericin","P4HA1","P13674","P13674","P4HA1_HUMAN","Prolyl 4-hydroxylase subunit alpha-1","P13674_S149_M1_28","Phospho (STY)",-0.253348462852094,0.721204790069904,0.747368695363672,6,"Not significant"
"P3C4+Nigericin / Nigericin","HEXB","P07686","P07686","HEXB_HUMAN","Beta-hexosaminidase subunit beta","P07686_Y550_M1_28","Phospho (STY)",-0.0966858164935507,0.722447459657127,0.751820461805734,6,"Not significant"
"P3C4+Nigericin / Nigericin","RNH1","P13489","P13489","RINI_HUMAN","Ribonuclease inhibitor","P13489_Y151_M2_28","Phospho (STY)",0.541839246134962,0.723882343157301,0.756802831571464,5,"Not significant"
"P3C4+Nigericin / Nigericin","SAMHD1","Q9Y3Z3","Q9Y3Z3","SAMH1_HUMAN","Deoxynucleoside triphosphate triphosphohydrolase SAMHD1","Q9Y3Z3_T592_M1_28","Phospho (STY)",-0.302628375607651,0.724758670005358,0.759780105492202,6,"Not significant"
"P3C4+Nigericin / Nigericin","PLAUR","Q03405","Q03405","UPAR_HUMAN","Urokinase plasminogen activator surface receptor","Q03405_S139_M2_28","Phospho (STY)",-0.750966144904402,0.725265173538806,0.761651198252796,5,"Not significant"
"P3C4+Nigericin / Nigericin","AHNAK","Q09666","Q09666","AHNK_HUMAN","Neuroblast differentiation-associated protein AHNAK","Q09666_S1088_M1_28","Phospho (STY)",-0.69189706435396,0.726064630110121,0.764522078316578,6,"Not significant"
"P3C4+Nigericin / Nigericin","ERLIN2","O94905","O94905","ERLN2_HUMAN","Erlin-2","O94905_S243_M1_28","Phospho (STY)",-0.34225791496896,0.726341929574501,0.765326006706825,6,"Not significant"
"P3C4+Nigericin / Nigericin","LMNA","P02545","P02545","LMNA_HUMAN","Prelamin-A/C","P02545_S392_M1_28","Phospho (STY)",-0.0891636454834875,0.728299654404097,0.772325937110785,6,"Not significant"
"P3C4+Nigericin / Nigericin","AHNAK","Q09666","Q09666","AHNK_HUMAN","Neuroblast differentiation-associated protein AHNAK","Q09666_S2252_M1_28","Phospho (STY)",-0.114827030257779,0.728389289516112,0.772624990928443,6,"Not significant"
"P3C4+Nigericin / Nigericin","AHNAK","Q09666","Q09666","AHNK_HUMAN","Neuroblast differentiation-associated protein AHNAK","Q09666_S4069_M1_28","Phospho (STY)",-0.114827030257779,0.728389289516112,0.772624990928443,6,"Not significant"
"P3C4+Nigericin / Nigericin","EVL","Q9UI08","Q9UI08","EVL_HUMAN","Ena/VASP-like protein","Q9UI08_S331_M1_28","Phospho (STY)",0.181420346743229,0.73067557919985,0.780584111683952,5,"Not significant"
"P3C4+Nigericin / Nigericin","PWP2","Q15269","Q15269","PWP2_HUMAN","Periodic tryptophan protein 2 homolog","Q15269_S772_M1_28","Phospho (STY)",-0.172448236222546,0.732818191236144,0.788687392461679,6,"Not significant"
"P3C4+Nigericin / Nigericin","PRPF40A","O75400","O75400","PR40A_HUMAN","Pre-mRNA-processing factor 40 homolog A","O75400_Y221_M1_28","Phospho (STY)",0.621936691427774,0.733189249354277,0.790180846971885,5,"Not significant"
"P3C4+Nigericin / Nigericin","LILRB1","Q8NHL6","Q8NHL6","LIRB1_HUMAN","Leukocyte immunoglobulin-like receptor subfamily B member 1","Q8NHL6_S579_M1_28","Phospho (STY)",0.296844856617792,0.733533345853285,0.791317173910554,6,"Not significant"
"P3C4+Nigericin / Nigericin","TOR1AIP1","Q5JTV8","Q5JTV8","TOIP1_HUMAN","Torsin-1A-interacting protein 1","Q5JTV8_S143_M1_28","Phospho (STY)",0.131767570410073,0.73553482213849,0.798207070662745,6,"Not significant"
"P3C4+Nigericin / Nigericin","VIM","P08670","P08670","VIME_HUMAN","Vimentin","P08670_T327_M1_28","Phospho (STY)",-0.071062735146947,0.735566296774078,0.798361687377108,6,"Not significant"
"P3C4+Nigericin / Nigericin","EZR","P15311","P15311","EZRI_HUMAN","Ezrin","P15311_S366_M1_28","Phospho (STY)",-0.120902766315813,0.735685718208103,0.798843953558287,6,"Not significant"
"P3C4+Nigericin / Nigericin","HSP90B1","P14625","P14625","ENPL_HUMAN","Endoplasmin","P14625_S607_M1_28","Phospho (STY)",0.307919639763454,0.73718750282482,0.803958044935097,6,"Not significant"
"P3C4+Nigericin / Nigericin","PDIA4","P13667","P13667","PDIA4_HUMAN","Protein disulfide-isomerase A4","P13667_Y595_M1_28","Phospho (STY)",-0.251169143313896,0.737271723036851,0.804328291532228,6,"Not significant"
"P3C4+Nigericin / Nigericin","TUFM","P49411","P49411","EFTU_HUMAN","Elongation factor Tu, mitochondrial","P49411_S238_M1_28","Phospho (STY)",-0.129428999206046,0.737417428360257,0.80478732686126,4,"Not significant"
"P3C4+Nigericin / Nigericin","EEF1A1","Cont_P68103;P68104","Cont_P68103;P68104","EF1A1_BOVIN;EF1A1_HUMAN","Elongation factor 1-alpha 1","Cont_P68103_T242_M1_28","Phospho (STY)",-0.104428573585205,0.737713843193211,0.805834011409701,5,"Not significant"
"P3C4+Nigericin / Nigericin","EEF1A1","Cont_P68103;P68104","Cont_P68103;P68104","EF1A1_BOVIN;EF1A1_HUMAN","Elongation factor 1-alpha 1","P68104_T242_M1_28","Phospho (STY)",-0.104428573585205,0.737713843193211,0.805834011409701,5,"Not significant"
"P3C4+Nigericin / Nigericin","HSPA8","P11142","P11142","HSP7C_HUMAN","Heat shock cognate 71 kDa protein","P11142_T462_M1_28","Phospho (STY)",0.0899482925876258,0.737876609034076,0.806553712687943,6,"Not significant"
"P3C4+Nigericin / Nigericin","LSP1","P33241","P33241","LSP1_HUMAN","Lymphocyte-specific protein 1","P33241_S252_M1_28","Phospho (STY)",0.220692981075184,0.737934947246401,0.806847436777282,6,"Not significant"
"P3C4+Nigericin / Nigericin","SUMO3","P55854","P55854","SUMO3_HUMAN","Small ubiquitin-related modifier 3","P55854_T12_M1_28","Phospho (STY)",0.274770969880812,0.73798938834392,0.807075327042107,6,"Not significant"
"P3C4+Nigericin / Nigericin","HSPA1A;HSPA1B","P0DMV8;P0DMV9","P0DMV8;P0DMV9","HS71A_HUMAN;HS71B_HUMAN","Heat shock 70 kDa protein 1A;Heat shock 70 kDa protein 1B","P0DMV8_Y15_M1_28","Phospho (STY)",-0.101749876408976,0.738234261464359,0.807881811327032,6,"Not significant"
"P3C4+Nigericin / Nigericin","HSPA1A;HSPA1B","P0DMV8;P0DMV9","P0DMV8;P0DMV9","HS71A_HUMAN;HS71B_HUMAN","Heat shock 70 kDa protein 1A;Heat shock 70 kDa protein 1B","P0DMV9_Y15_M1_28","Phospho (STY)",-0.101749876408976,0.738234261464359,0.807881811327032,6,"Not significant"
"P3C4+Nigericin / Nigericin","SP100","P23497","P23497","SP100_HUMAN","Nuclear autoantigen Sp-100","P23497_S18_M1_28","Phospho (STY)",-0.220712408479005,0.738379594306033,0.808499973832738,6,"Not significant"
"P3C4+Nigericin / Nigericin","AHNAK","Q09666","Q09666","AHNK_HUMAN","Neuroblast differentiation-associated protein AHNAK","Q09666_S5448_M1_28","Phospho (STY)",-0.123806219912704,0.738577469526383,0.80911270977362,6,"Not significant"
"P3C4+Nigericin / Nigericin","PDIA3","P30101","P30101","PDIA3_HUMAN","Protein disulfide-isomerase A3","P30101_Y95_M1_28","Phospho (STY)",0.378176986502315,0.739551469090355,0.812503947118804,6,"Not significant"
"P3C4+Nigericin / Nigericin","MYH9","P35579","P35579","MYH9_HUMAN","Myosin-9","P35579_S1376_M1_28","Phospho (STY)",-0.119683826433813,0.739753285859112,0.813253350994626,5,"Not significant"
"P3C4+Nigericin / Nigericin","ACTB","Cont_P60712;P60709","Cont_P60712;P60709","ACTB_BOVIN;ACTB_HUMAN","Actin, cytoplasmic 1;Actin, cytoplasmic 1","Cont_P60712_T229_M2_28","Phospho (STY)",-0.107681340507281,0.740333776636277,0.815571140261063,4,"Not significant"
"P3C4+Nigericin / Nigericin","ACTB","Cont_P60712;P60709","Cont_P60712;P60709","ACTB_BOVIN;ACTB_HUMAN","Actin, cytoplasmic 1;Actin, cytoplasmic 1","P60709_T229_M2_28","Phospho (STY)",-0.107681340507281,0.740333776636277,0.815571140261063,4,"Not significant"
"P3C4+Nigericin / Nigericin","DNAJA1","P31689","P31689","DNJA1_HUMAN","DnaJ homolog subfamily A member 1","P31689_T284_M1_28","Phospho (STY)",-0.142020458128141,0.740540614675293,0.816291307680323,6,"Not significant"
"P3C4+Nigericin / Nigericin","GLOD4","Q9HC38","Q9HC38","GLOD4_HUMAN","Glyoxalase domain-containing protein 4","Q9HC38_T242_M1_28","Phospho (STY)",-0.101213934373991,0.740572023715291,0.816360086815209,6,"Not significant"
"P3C4+Nigericin / Nigericin","PAXX","Q9BUH6","Q9BUH6","PAXX_HUMAN","Protein PAXX","Q9BUH6_S152_M1_28","Phospho (STY)",0.223037874953053,0.741827131120653,0.821003238564901,6,"Not significant"
"P3C4+Nigericin / Nigericin","PCNA","P12004","P12004","PCNA_HUMAN","Proliferating cell nuclear antigen","P12004_Y133_M1_28","Phospho (STY)",-0.240707446819161,0.742411270419759,0.823053976623814,6,"Not significant"
"P3C4+Nigericin / Nigericin","CORO7","P57737","P57737","CORO7_HUMAN","Coronin-7","P57737_T540_M1_28","Phospho (STY)",-0.364717543009135,0.742656994603493,0.82399282317989,5,"Not significant"
"P3C4+Nigericin / Nigericin","CAP1","Q01518","Q01518","CAP1_HUMAN","Adenylyl cyclase-associated protein 1","Q01518_Y419_M2_28","Phospho (STY)",-0.13641635408241,0.743918241685228,0.828817607244851,6,"Not significant"
"P3C4+Nigericin / Nigericin","ALDOA","P04075","P04075","ALDOA_HUMAN","Fructose-bisphosphate aldolase A","P04075_Y174_M1_28","Phospho (STY)",0.162805398042398,0.744065793621075,0.829352373987696,6,"Not significant"
"P3C4+Nigericin / Nigericin","RAB18","Q9NP72","Q9NP72","RAB18_HUMAN","Ras-related protein Rab-18","Q9NP72_T49_M1_28","Phospho (STY)",0.500345113196824,0.745028294316493,0.833014156809031,5,"Not significant"
"P3C4+Nigericin / Nigericin","RPLP1","P05386","P05386","RLA1_HUMAN","Large ribosomal subunit protein P1","P05386_S58_M1_28","Phospho (STY)",-0.0802705857413919,0.745660908654545,0.835425028845185,6,"Not significant"
"P3C4+Nigericin / Nigericin","RPL31","P62899","P62899","RL31_HUMAN","Large ribosomal subunit protein eL31","P62899_S15_M1_28","Phospho (STY)",-0.459368488402771,0.745959993418806,0.836856412372262,6,"Not significant"
"P3C4+Nigericin / Nigericin","ACADM","P11310","P11310","ACADM_HUMAN","Medium-chain specific acyl-CoA dehydrogenase, mitochondrial","P11310_T220_M1_28","Phospho (STY)",-0.124003461994339,0.746427538815493,0.83875235488583,6,"Not significant"
"P3C4+Nigericin / Nigericin","AHNAK","Q09666","Q09666","AHNK_HUMAN","Neuroblast differentiation-associated protein AHNAK","Q09666_S539_M1_28","Phospho (STY)",0.392344447178664,0.748209669449206,0.84521127234752,5,"Not significant"
"P3C4+Nigericin / Nigericin","H1-5","P16401","P16401","H15_HUMAN","Histone H1.5","P16401_T39_M1_28","Phospho (STY)",0.11100696901919,0.748796046895423,0.847377785389374,6,"Not significant"
"P3C4+Nigericin / Nigericin","AHNAK","Q09666","Q09666","AHNK_HUMAN","Neuroblast differentiation-associated protein AHNAK","Q09666_S210_M1_28","Phospho (STY)",0.19756199469787,0.749658031024698,0.850572567247285,6,"Not significant"
"P3C4+Nigericin / Nigericin","POTEI","P0CG38","P0CG38","POTEI_HUMAN","POTE ankyrin domain family member I","P0CG38_S971_M1_28","Phospho (STY)",-0.0597310918591235,0.750166271778005,0.852557618679414,5,"Not significant"
"P3C4+Nigericin / Nigericin","NDRG1","Q92597","Q92597","NDRG1_HUMAN","Protein NDRG1","Q92597_T281_M1_28","Phospho (STY)",0.0888313612022382,0.750593870508191,0.854226713504072,5,"Not significant"
"P3C4+Nigericin / Nigericin","POTEF","A5A3E0","A5A3E0","POTEF_HUMAN","POTE ankyrin domain family member F","A5A3E0_T929_M1_28","Phospho (STY)",-0.0782320425199971,0.751445755806198,0.857493772570028,6,"Not significant"
"P3C4+Nigericin / Nigericin","ATP6V1C1","P21283","P21283","VATC1_HUMAN","V-type proton ATPase subunit C 1","P21283_Y181_M1_28","Phospho (STY)",-0.0827831914193571,0.751758476004512,0.858541926116131,6,"Not significant"
"P3C4+Nigericin / Nigericin","ACAT2","Q9BWD1","Q9BWD1","THIC_HUMAN","Acetyl-CoA acetyltransferase, cytosolic","Q9BWD1_T275_M1_28","Phospho (STY)",0.104253124050776,0.752356009872712,0.861006946096809,6,"Not significant"
"P3C4+Nigericin / Nigericin","P4HB","P07237","P07237","PDIA1_HUMAN","Protein disulfide-isomerase","P07237_S357_M1_28","Phospho (STY)",0.114497551009478,0.753162989448206,0.864394503477758,6,"Not significant"
"P3C4+Nigericin / Nigericin","PCBP2","Q15366","Q15366","PCBP2_HUMAN","Poly(rC)-binding protein 2","Q15366_S107_M1_28","Phospho (STY)",0.105723102413678,0.754677139713166,0.870094926433678,4,"Not significant"
"P3C4+Nigericin / Nigericin","NONO","Q15233","Q15233","NONO_HUMAN","Non-POU domain-containing octamer-binding protein","Q15233_Y158_M1_28","Phospho (STY)",-0.369410819432032,0.754946038032799,0.871120181764448,4,"Not significant"
"P3C4+Nigericin / Nigericin","AHNAK","Q09666","Q09666","AHNK_HUMAN","Neuroblast differentiation-associated protein AHNAK","Q09666_S5752_M1_28","Phospho (STY)",0.144409035052432,0.75506740364657,0.871764349882199,5,"Not significant"
"P3C4+Nigericin / Nigericin","TUBB2A","Q13885","Q13885","TBB2A_HUMAN","Tubulin beta-2A chain","Q13885_S124_M2_28","Phospho (STY)",-0.0149634496240239,0.755290244649596,0.872615824856942,4,"Not significant"
"P3C4+Nigericin / Nigericin","ENO1","P06733","P06733","ENOA_HUMAN","Alpha-enolase","P06733_Y200_M1_28","Phospho (STY)",-0.352846147551032,0.755359661302113,0.87286208739464,6,"Not significant"
"P3C4+Nigericin / Nigericin","HNRNPA1","P09651","P09651","ROA1_HUMAN","Heterogeneous nuclear ribonucleoprotein A1","P09651_S22_M1_28","Phospho (STY)",0.351424759671361,0.755750293305199,0.8744530228709,4,"Not significant"
"P3C4+Nigericin / Nigericin","EEF1D","P29692","P29692","EF1D_HUMAN","Elongation factor 1-delta","P29692_S133_M1_28","Phospho (STY)",0.139094901061913,0.75594257971585,0.875323969439877,6,"Not significant"
"P3C4+Nigericin / Nigericin","S100A8","P05109","P05109","S10A8_HUMAN","Protein S100-A8","P05109_T62_M1_28","Phospho (STY)",-0.28673900189535,0.756020175033392,0.875622190585451,6,"Not significant"
"P3C4+Nigericin / Nigericin","MACROH2A1","O75367","O75367","H2AY_HUMAN","Core histone macro-H2A.1","O75367_S305_M1_28","Phospho (STY)",0.0552173003035117,0.75722096345206,0.879961553508043,6,"Not significant"
"P3C4+Nigericin / Nigericin","PPP6R3","Q5H9R7","Q5H9R7","PP6R3_HUMAN","Serine/threonine-protein phosphatase 6 regulatory subunit 3","Q5H9R7_T171_M1_28","Phospho (STY)",0.124863216584291,0.757585722285794,0.881485215848399,6,"Not significant"
"P3C4+Nigericin / Nigericin","SRRT","Q9BXP5","Q9BXP5","SRRT_HUMAN","Serrate RNA effector molecule homolog","Q9BXP5_T544_M1_28","Phospho (STY)",-0.0831014995941238,0.758420842406414,0.884463285421605,4,"Not significant"
"P3C4+Nigericin / Nigericin","ACTN4","O43707","O43707","ACTN4_HUMAN","Alpha-actinin-4","O43707_Y878_M1_28","Phospho (STY)",-0.0626806807322578,0.759284431185147,0.887973522195023,6,"Not significant"
"P3C4+Nigericin / Nigericin","SLC30A1","Q9Y6M5","Q9Y6M5","ZNT1_HUMAN","Proton-coupled zinc antiporter SLC30A1","Q9Y6M5_T483_M1_28","Phospho (STY)",-0.234102190154534,0.759416320376344,0.888577051981672,6,"Not significant"
"P3C4+Nigericin / Nigericin","RTRAF","Q9Y224","Q9Y224","RTRAF_HUMAN","RNA transcription, translation and transport factor protein","Q9Y224_T235_M1_28","Phospho (STY)",0.108575124801831,0.759646666235622,0.889432145662345,6,"Not significant"
"P3C4+Nigericin / Nigericin","SPN","P16150","P16150","LEUK_HUMAN","Leukosialin","P16150_S355_M1_28","Phospho (STY)",-0.107763674077543,0.759855384928484,0.890301287523174,6,"Not significant"
"P3C4+Nigericin / Nigericin","EIF5A","P63241","P63241","IF5A1_HUMAN","Eukaryotic translation initiation factor 5A-1","P63241_T65_M1_28","Phospho (STY)",0.117674233597281,0.760103377172464,0.891214362241268,6,"Not significant"
"P3C4+Nigericin / Nigericin","QPCTL","Q9NXS2","Q9NXS2","QPCTL_HUMAN","Glutaminyl-peptide cyclotransferase-like protein","Q9NXS2_T216_M1_28","Phospho (STY)",-0.120278494010822,0.760553057176053,0.893283641795063,6,"Not significant"
"P3C4+Nigericin / Nigericin","MSN","P26038","P26038","MOES_HUMAN","Moesin","P26038_S576_M1_28","Phospho (STY)",-0.171537238569339,0.762634276268771,0.901710755985356,6,"Not significant"
"P3C4+Nigericin / Nigericin","COPB2","P35606","P35606","COPB2_HUMAN","Coatomer subunit beta'","P35606_S859_M1_28","Phospho (STY)",0.0584620966721662,0.762651745498016,0.901832642998358,5,"Not significant"
"P3C4+Nigericin / Nigericin","TUBB6","Q9BUF5","Q9BUF5","TBB6_HUMAN","Tubulin beta-6 chain","Q9BUF5_Y281_M1_28","Phospho (STY)",0.0694679921139983,0.762844500915927,0.902700529830343,6,"Not significant"
"P3C4+Nigericin / Nigericin","ZMPSTE24","O75844","O75844","FACE1_HUMAN","CAAX prenyl protease 1 homolog","O75844_Y45_M3_28","Phospho (STY)",-0.280441285193532,0.763204851973128,0.904235789238795,4,"Not significant"
"P3C4+Nigericin / Nigericin","H1-5","P16401","P16401","H15_HUMAN","Histone H1.5","P16401_S2_M1_28","Phospho (STY)",0.202239248935026,0.763459137419556,0.905396237029204,5,"Not significant"
"P3C4+Nigericin / Nigericin","ACTB","Cont_P60712;P60709","Cont_P60712;P60709","ACTB_BOVIN;ACTB_HUMAN","Actin, cytoplasmic 1;Actin, cytoplasmic 1","Cont_P60712_Y294_M1_28","Phospho (STY)",-0.23643350380398,0.763932896114523,0.90716027272848,6,"Not significant"
"P3C4+Nigericin / Nigericin","ACTB","Cont_P60712;P60709","Cont_P60712;P60709","ACTB_BOVIN;ACTB_HUMAN","Actin, cytoplasmic 1;Actin, cytoplasmic 1","P60709_Y294_M1_28","Phospho (STY)",-0.23643350380398,0.763932896114523,0.90716027272848,6,"Not significant"
"P3C4+Nigericin / Nigericin","HSP90AA1","P07900","P07900","HS90A_HUMAN","Heat shock protein HSP 90-alpha","P07900_S442_M1_28","Phospho (STY)",-0.0672552900328423,0.764169600857062,0.907943517932147,5,"Not significant"
"P3C4+Nigericin / Nigericin","SND1","Q7KZF4","Q7KZF4","SND1_HUMAN","Staphylococcal nuclease domain-containing protein 1","Q7KZF4_Y178_M2_28","Phospho (STY)",0.0299362937172408,0.766461017937827,0.917402150055436,6,"Not significant"
"P3C4+Nigericin / Nigericin","NCL","P19338","P19338","NUCL_HUMAN","Nucleolin","P19338_S563_M1_28","Phospho (STY)",0.0827180444170366,0.766780231965261,0.918720936199706,6,"Not significant"
"P3C4+Nigericin / Nigericin","PRSS1","P07477","P07477","TRY1_HUMAN","Serine protease 1","P07477_T103_M2_28","Phospho (STY)",-0.0183196886367553,0.767175919286466,0.920064298135164,6,"Not significant"
"P3C4+Nigericin / Nigericin","PRSS1","P07477","P07477","TRY1_HUMAN","Serine protease 1","P07477_Y99_M2_28","Phospho (STY)",-0.0183196886367553,0.767175919286466,0.920064298135164,6,"Not significant"
"P3C4+Nigericin / Nigericin","HNRNPH1","P31943","P31943","HNRH1_HUMAN","Heterogeneous nuclear ribonucleoprotein H","P31943_S104_M1_28","Phospho (STY)",0.0789367870230095,0.767177749170531,0.920090971736058,5,"Not significant"
"P3C4+Nigericin / Nigericin","CAP1","Q01518","Q01518","CAP1_HUMAN","Adenylyl cyclase-associated protein 1","Q01518_Y43_M1_28","Phospho (STY)",-0.0632528354434781,0.767750612719454,0.922355097172432,4,"Not significant"
"P3C4+Nigericin / Nigericin","GSTP1","P09211","P09211","GSTP1_HUMAN","Glutathione S-transferase P","P09211_Y199_M1_28","Phospho (STY)",-0.119810498552161,0.768037872439834,0.923770246924364,6,"Not significant"
"P3C4+Nigericin / Nigericin","PSMC3","P17980","P17980","PRS6A_HUMAN","26S proteasome regulatory subunit 6A","P17980_S281_M2_28","Phospho (STY)",-0.0339354085846416,0.768207145628953,0.924494524593518,6,"Not significant"
"P3C4+Nigericin / Nigericin","PARK7","Q99497","Q99497","PARK7_HUMAN","Parkinson disease protein 7","Q99497_T19_M1_28","Phospho (STY)",-0.0444497807789407,0.76833513688383,0.92492630381508,6,"Not significant"
"P3C4+Nigericin / Nigericin","GCC2","Q8IWJ2","Q8IWJ2","GCC2_HUMAN","GRIP and coiled-coil domain-containing protein 2","Q8IWJ2_S1080_M2_28","Phospho (STY)",0.0623412583548793,0.768830861440308,0.92720215069666,6,"Not significant"
"P3C4+Nigericin / Nigericin","GCC2","Q8IWJ2","Q8IWJ2","GCC2_HUMAN","GRIP and coiled-coil domain-containing protein 2","Q8IWJ2_T1077_M2_28","Phospho (STY)",0.0623412583548793,0.768830861440308,0.92720215069666,6,"Not significant"
"P3C4+Nigericin / Nigericin","AHNAK","Q09666","Q09666","AHNK_HUMAN","Neuroblast differentiation-associated protein AHNAK","Q09666_S2798_M1_28","Phospho (STY)",0.170111395610082,0.768983373268133,0.927786187162958,6,"Not significant"
"P3C4+Nigericin / Nigericin","AHNAK","Q09666","Q09666","AHNK_HUMAN","Neuroblast differentiation-associated protein AHNAK","Q09666_S758_M1_28","Phospho (STY)",-0.0259756062896385,0.769417459386197,0.929530692004463,6,"Not significant"
"P3C4+Nigericin / Nigericin","RPS3","P23396","P23396","RS3_HUMAN","Small ribosomal subunit protein uS3","P23396_S209_M1_28","Phospho (STY)",0.07436490918792,0.769720888274161,0.930977697197463,6,"Not significant"
"P3C4+Nigericin / Nigericin","HSPA2","P54652","P54652","HSP72_HUMAN","Heat shock-related 70 kDa protein 2","P54652_Y614_M1_28","Phospho (STY)",-0.0513566971479102,0.770343192366266,0.933472979772377,6,"Not significant"
"P3C4+Nigericin / Nigericin","HDGF","P51858","P51858","HDGF_HUMAN","Hepatoma-derived growth factor","P51858_S165_M1_28","Phospho (STY)",-0.0777718044709873,0.771024450056257,0.936865471290039,6,"Not significant"
"P3C4+Nigericin / Nigericin","ADGRE5","P48960","P48960","AGRE5_HUMAN","Adhesion G protein-coupled receptor E5","P48960_Y352_M1_28","Phospho (STY)",-0.0143212284096886,0.771487130373323,0.938725425811747,6,"Not significant"
"P3C4+Nigericin / Nigericin","P4HB","P07237","P07237","PDIA1_HUMAN","Protein disulfide-isomerase","P07237_Y393_M1_28","Phospho (STY)",-0.0506799455665047,0.77186883646181,0.940236986574276,6,"Not significant"
"P3C4+Nigericin / Nigericin","PARK7","Q99497","Q99497","PARK7_HUMAN","Parkinson disease protein 7","Q99497_S85_M2_28","Phospho (STY)",0.0434960519082887,0.772259831452154,0.941789105819312,6,"Not significant"
"P3C4+Nigericin / Nigericin","PARK7","Q99497","Q99497","PARK7_HUMAN","Parkinson disease protein 7","Q99497_S83_M2_28","Phospho (STY)",0.0434960519082887,0.772259831452154,0.941789105819312,6,"Not significant"
"P3C4+Nigericin / Nigericin","PRSS1","Cont_P00760","Cont_P00760","TRY1_BOVIN","Serine protease 1","Cont_P00760_Y229_M1_28","Phospho (STY)",0.104039244422492,0.772384315893673,0.942275533095216,5,"Not significant"
"P3C4+Nigericin / Nigericin","HSPB1","P04792","P04792","HSPB1_HUMAN","Heat shock protein beta-1","P04792_S82_M1_28","Phospho (STY)",0.0370601759964039,0.77326215656802,0.945891320112267,6,"Not significant"
"P3C4+Nigericin / Nigericin","AHNAK","Q09666","Q09666","AHNK_HUMAN","Neuroblast differentiation-associated protein AHNAK","Q09666_T376_M1_28","Phospho (STY)",-0.0315272097161592,0.773626288371441,0.947690867617311,6,"Not significant"
"P3C4+Nigericin / Nigericin","RAB44","Q7Z6P3","Q7Z6P3","RAB44_HUMAN","Ras-related protein Rab-44","Q7Z6P3_S509_M1_28","Phospho (STY)",-0.0497638886479729,0.773676830267071,0.947845052098907,6,"Not significant"
"P3C4+Nigericin / Nigericin","PGK1","P00558","P00558","PGK1_HUMAN","Phosphoglycerate kinase 1","P00558_S115_M1_28","Phospho (STY)",-0.109278380956797,0.775053721765297,0.953698125360487,6,"Not significant"
"P3C4+Nigericin / Nigericin","PRR14","Q9BWN1","Q9BWN1","PRR14_HUMAN","Proline-rich protein 14","Q9BWN1_S514_M1_28","Phospho (STY)",-0.0218337371369814,0.775502254559103,0.955350083386314,5,"Not significant"
"P3C4+Nigericin / Nigericin","RCSD1","Q6JBY9","Q6JBY9","CPZIP_HUMAN","CapZ-interacting protein","Q6JBY9_S216_M1_28","Phospho (STY)",0.0405295558204217,0.775876788885172,0.957173922302898,6,"Not significant"
"P3C4+Nigericin / Nigericin","G3BP1","Q13283","Q13283","G3BP1_HUMAN","Ras GTPase-activating protein-binding protein 1","Q13283_S232_M1_28","Phospho (STY)",0.0550371452475833,0.776247240861152,0.958798924325238,4,"Not significant"
"P3C4+Nigericin / Nigericin","CALM1;CALM2;CALM3","P0DP23;P0DP24;P0DP25","P0DP23;P0DP24;P0DP25","CALM1_HUMAN;CALM2_HUMAN;CALM3_HUMAN","Calmodulin-1;Calmodulin-2;Calmodulin-3","P0DP23_Y100_M1_28","Phospho (STY)",0.0365654391949583,0.7765146877936,0.960190934291714,6,"Not significant"
"P3C4+Nigericin / Nigericin","CALM1;CALM2;CALM3","P0DP23;P0DP24;P0DP25","P0DP23;P0DP24;P0DP25","CALM1_HUMAN;CALM2_HUMAN;CALM3_HUMAN","Calmodulin-1;Calmodulin-2;Calmodulin-3","P0DP24_Y100_M1_28","Phospho (STY)",0.0365654391949583,0.7765146877936,0.960190934291714,6,"Not significant"
"P3C4+Nigericin / Nigericin","CALM1;CALM2;CALM3","P0DP23;P0DP24;P0DP25","P0DP23;P0DP24;P0DP25","CALM1_HUMAN;CALM2_HUMAN;CALM3_HUMAN","Calmodulin-1;Calmodulin-2;Calmodulin-3","P0DP25_Y100_M1_28","Phospho (STY)",0.0365654391949583,0.7765146877936,0.960190934291714,6,"Not significant"
"P3C4+Nigericin / Nigericin","TRA2B","P62995","P62995","TRA2B_HUMAN","Transformer-2 protein homolog beta","P62995_T201_M1_28","Phospho (STY)",0.0241949768995329,0.7765146877936,0.960068745957505,5,"Not significant"
"P3C4+Nigericin / Nigericin","NDUFB4","O95168","O95168","NDUB4_HUMAN","NADH dehydrogenase [ubiquinone] 1 beta subcomplex subunit 4","O95168_Y6_M1_28","Phospho (STY)",0.0264026200185481,0.776604238628748,0.960637545217463,6,"Not significant"
"P3C4+Nigericin / Nigericin","FGR","P09769","P09769","FGR_HUMAN","Tyrosine-protein kinase Fgr","P09769_T14_M1_28","Phospho (STY)",-0.100562245255685,0.776885197109641,0.962006027055549,6,"Not significant"
"P3C4+Nigericin / Nigericin","AHNAK","Q09666","Q09666","AHNK_HUMAN","Neuroblast differentiation-associated protein AHNAK","Q09666_S1452_M1_28","Phospho (STY)",0.0290028050641993,0.777601079587518,0.964725322933005,6,"Not significant"
"P3C4+Nigericin / Nigericin","ALDOA","P04075","P04075","ALDOA_HUMAN","Fructose-bisphosphate aldolase A","P04075_S160_M1_28","Phospho (STY)",0.0594835120770068,0.77872739979763,0.969574044599167,5,"Not significant"
"P3C4+Nigericin / Nigericin","HMGA1","P17096","P17096","HMGA1_HUMAN","High mobility group protein HMG-I/HMG-Y","P17096_S44_M1_28","Phospho (STY)",-0.0222968865336607,0.778747574444972,0.969760656052328,6,"Not significant"
"P3C4+Nigericin / Nigericin","MYL6","P60660","P60660","MYL6_HUMAN","Myosin light polypeptide 6","P60660_Y86_M2_28","Phospho (STY)",-0.0191552707697333,0.778760034064923,0.969828852363133,4,"Not significant"
"P3C4+Nigericin / Nigericin","AHNAK","Q09666","Q09666","AHNK_HUMAN","Neuroblast differentiation-associated protein AHNAK","Q09666_S3611_M1_28","Phospho (STY)",-0.0226647298297701,0.77900315302296,0.970932012299809,6,"Not significant"
"P3C4+Nigericin / Nigericin","HSPA5","P11021","P11021","BIP_HUMAN","Endoplasmic reticulum chaperone BiP","P11021_S365_M2_28","Phospho (STY)",-0.0816670182714442,0.779166468695921,0.971605480604508,4,"Not significant"
"P3C4+Nigericin / Nigericin","XRCC6","P12956","P12956","XRCC6_HUMAN","X-ray repair cross-complementing protein 6","P12956_Y559_M1_28","Phospho (STY)",-0.0683015755090131,0.779446700059493,0.972723568742589,6,"Not significant"
"P3C4+Nigericin / Nigericin","BCLAF1","Q9NYF8","Q9NYF8","BCLF1_HUMAN","Bcl-2-associated transcription factor 1","Q9NYF8_S531_M1_28","Phospho (STY)",-0.0116427388436106,0.779704856254932,0.973794330948479,6,"Not significant"
"P3C4+Nigericin / Nigericin","ALCAM","Q13740","Q13740","CD166_HUMAN","CD166 antigen","Q13740_Y284_M1_28","Phospho (STY)",-0.00940058739582609,0.7809490678555,0.979319433735135,6,"Not significant"
"P3C4+Nigericin / Nigericin","H2BC21","Q16778","Q16778","H2B2E_HUMAN","Histone H2B type 2-E","Q16778_S57_M1_28","Phospho (STY)",-0.0550958497720179,0.781051660797612,0.979717067673193,6,"Not significant"
"P3C4+Nigericin / Nigericin","SCP2","P22307","P22307","SCP2_HUMAN","Sterol carrier protein 2","P22307_T473_M1_28","Phospho (STY)",-0.0545953079361183,0.781088943079208,0.979911539467875,6,"Not significant"
"P3C4+Nigericin / Nigericin","CYB5B","O43169","O43169","CYB5B_HUMAN","Cytochrome b5 type B","O43169_S37_M1_28","Phospho (STY)",-0.0134698315435218,0.781904812986531,0.983278018038264,6,"Not significant"
"P3C4+Nigericin / Nigericin","ACTBL2","Q562R1","Q562R1","ACTBL_HUMAN","Beta-actin-like protein 2","Q562R1_Y241_M1_28","Phospho (STY)",-0.0196015063736371,0.781998209457535,0.983666610895778,6,"Not significant"
"P3C4+Nigericin / Nigericin","AKT1S1","Q96B36","Q96B36","AKTS1_HUMAN","Proline-rich AKT1 substrate 1","Q96B36_Y46_M1_28","Phospho (STY)",-0.0329946901779791,0.782297998823035,0.984915054363644,5,"Not significant"
"P3C4+Nigericin / Nigericin","HSPA5","P11021","P11021","BIP_HUMAN","Endoplasmic reticulum chaperone BiP","P11021_T481_M2_28","Phospho (STY)",-0.0313484316974887,0.782542253808513,0.985998781571369,4,"Not significant"
"P3C4+Nigericin / Nigericin","TMSB10","P63313","P63313","TYB10_HUMAN","Thymosin beta-10","P63313_T31_M1_28","Phospho (STY)",0.0143877254130661,0.782723545847015,0.986850628314295,4,"Not significant"
"P3C4+Nigericin / Nigericin","CANX","P27824","P27824","CALX_HUMAN","Calnexin","P27824_Y393_M2_28","Phospho (STY)",0.00747629628795688,0.783219530981404,0.988901386171285,6,"Not significant"
"P3C4+Nigericin / Nigericin","HNRNPA0","Q13151","Q13151","ROA0_HUMAN","Heterogeneous nuclear ribonucleoprotein A0","Q13151_Y145_M1_28","Phospho (STY)",0.0134762665073247,0.783708052128692,0.991246014466315,6,"Not significant"
