"Comparison (group1/group2)","Genes","UniProtIds","ProteinGroups","ProteinNames","ProteinDescriptions","Group","PTM.ModificationTitle","AVG Log2 Ratio","Qvalue","Pvalue","# of Ratios","Significance"
"P3C4 / P3C4+Nigericin","NOTCH2","Q04721","Q04721","NOTC2_HUMAN","Neurogenic locus notch homolog protein 2","Q04721_T696_M1_19","HexNAc (ST)",-2.58852843529535,0.366488932517528,0.000810474028903895,6,"Not significant"
"P3C4 / P3C4+Nigericin","FUBP3","Q96I24","Q96I24","FUBP3_HUMAN","Far upstream element-binding protein 3","Q96I24_T192_M1_19","HexNAc (ST)",1.78737336139742,0.378292265949316,0.00103129587298092,6,"Not significant"
"P3C4 / P3C4+Nigericin","PPT1","P50897","P50897","PPT1_HUMAN","Palmitoyl-protein thioesterase 1","P50897_S199_M1_19","HexNAc (ST)",1.78770238305532,0.386612793499888,0.00118732792071743,6,"Not significant"
"P3C4 / P3C4+Nigericin","HSP90AB1","P08238","P08238","HS90B_HUMAN","Heat shock protein HSP 90-beta","P08238_T616_M1_19","HexNAc (ST)",1.18338549617799,0.424553436349978,0.00394949737288147,4,"Not significant"
"P3C4 / P3C4+Nigericin","PSMC4","P43686","P43686","PRS6B_HUMAN","26S proteasome regulatory subunit 6B","P43686_S129_M1_19","HexNAc (ST)",0.646085353550467,0.424836415925893,0.00416234216478107,6,"Not significant"
"P3C4 / P3C4+Nigericin","TLN1","Q9Y490","Q9Y490","TLN1_HUMAN","Talin-1","Q9Y490_T2281_M2_19","HexNAc (ST)",1.04535452343015,0.424836415925893,0.00416732930158086,6,"Not significant"
"P3C4 / P3C4+Nigericin","TLN1","Q9Y490","Q9Y490","TLN1_HUMAN","Talin-1","Q9Y490_S2279_M2_19","HexNAc (ST)",1.04535452343015,0.424836415925893,0.00416732930158086,6,"Not significant"
"P3C4 / P3C4+Nigericin","IPMK","Q8NFU5","Q8NFU5","IPMK_HUMAN","Inositol polyphosphate multikinase","Q8NFU5_S229_M1_19","HexNAc (ST)",0.766648344206746,0.42980983039321,0.00502039488878063,6,"Not significant"
"P3C4 / P3C4+Nigericin","LCP1","P13796","P13796","PLSL_HUMAN","Plastin-2","P13796_S323_M1_19","HexNAc (ST)",1.58878289803514,0.433774750324999,0.00584210654884763,6,"Not significant"
"P3C4 / P3C4+Nigericin","ENO2","P09104","P09104","ENOG_HUMAN","Gamma-enolase","P09104_S221_M1_19","HexNAc (ST)",1.41605799777041,0.435701540158905,0.00606021147875373,6,"Not significant"
"P3C4 / P3C4+Nigericin","AHNAK","Q09666","Q09666","AHNK_HUMAN","Neuroblast differentiation-associated protein AHNAK","Q09666_S2205_M1_19","HexNAc (ST)",1.16291147784662,0.446526298834045,0.00799363544046521,6,"Not significant"
"P3C4 / P3C4+Nigericin","S100A9","P06702","P06702","S10A9_HUMAN","Protein S100-A9","P06702_T31_M1_19","HexNAc (ST)",2.65569967169055,0.448187397492823,0.0083185968630041,6,"Not significant"
"P3C4 / P3C4+Nigericin","PTRH1","Q86Y79","Q86Y79","PTH_HUMAN","Peptidyl-tRNA hydrolase","Q86Y79_S181_M1_19","HexNAc (ST)",3.10319078756581,0.451116646741107,0.00932025713535299,6,"Not significant"
"P3C4 / P3C4+Nigericin","PRKCSH","P14314","P14314","GLU2B_HUMAN","Glucosidase 2 subunit beta","P14314_S168_M1_19","HexNAc (ST)",0.38257661560948,0.45196104398822,0.00990936923815113,6,"Not significant"
"P3C4 / P3C4+Nigericin","GLO1","Q04760","Q04760","LGUL_HUMAN","Lactoylglutathione lyase","Q04760_S137_M1_19","HexNAc (ST)",1.62304712058829,0.453994689611427,0.0102127470274058,6,"Not significant"
"P3C4 / P3C4+Nigericin","EEA1","Q15075","Q15075","EEA1_HUMAN","Early endosome antigen 1","Q15075_T560_M1_19","HexNAc (ST)",2.09371453495999,0.458299506782563,0.011789064809177,6,"Not significant"
"P3C4 / P3C4+Nigericin","KTN1","Q86UP2","Q86UP2","KTN1_HUMAN","Kinectin","Q86UP2_S312_M1_19","HexNAc (ST)",2.01382023160462,0.462060532031697,0.0123572597855466,6,"Not significant"
"P3C4 / P3C4+Nigericin","ACTB","Cont_P60712;P60709","Cont_P60712;P60709","ACTB_BOVIN;ACTB_HUMAN","Actin, cytoplasmic 1;Actin, cytoplasmic 1","Cont_P60712_T106_M1_19","HexNAc (ST)",1.56966432262022,0.464227573145319,0.0127822277673337,6,"Not significant"
"P3C4 / P3C4+Nigericin","ACTB","Cont_P60712;P60709","Cont_P60712;P60709","ACTB_BOVIN;ACTB_HUMAN","Actin, cytoplasmic 1;Actin, cytoplasmic 1","P60709_T106_M1_19","HexNAc (ST)",1.56966432262022,0.464227573145319,0.0127822277673337,6,"Not significant"
"P3C4 / P3C4+Nigericin","CHTOP","Q9Y3Y2","Q9Y3Y2","CHTOP_HUMAN","Chromatin target of PRMT1 protein","Q9Y3Y2_T212_M1_19","HexNAc (ST)",0.833962806848565,0.464399835403665,0.0132376402155644,6,"Not significant"
"P3C4 / P3C4+Nigericin","CA2","P00918","P00918","CAH2_HUMAN","Carbonic anhydrase 2","P00918_S73_M1_19","HexNAc (ST)",1.33248701906141,0.465102718829819,0.0133928462153681,6,"Not significant"
"P3C4 / P3C4+Nigericin","PDHB","P11177","P11177","ODPB_HUMAN","Pyruvate dehydrogenase E1 component subunit beta, mitochondrial","P11177_S70_M1_19","HexNAc (ST)",0.931738582583999,0.466016347321937,0.0137597187592327,6,"Not significant"
"P3C4 / P3C4+Nigericin","GAA","P10253","P10253","LYAG_HUMAN","Lysosomal alpha-glucosidase","P10253_S142_M1_19","HexNAc (ST)",1.25096788295971,0.468636568379314,0.0150518366854523,4,"Not significant"
"P3C4 / P3C4+Nigericin","RPL31","P62899","P62899","RL31_HUMAN","Large ribosomal subunit protein eL31","P62899_T26_M1_19","HexNAc (ST)",0.941370428849212,0.471677406231547,0.0170380121820607,6,"Not significant"
"P3C4 / P3C4+Nigericin","GALK1","P51570","P51570","GALK1_HUMAN","Galactokinase","P51570_S254_M1_19","HexNAc (ST)",1.08934295257401,0.474038400342166,0.0179458773836686,6,"Not significant"
"P3C4 / P3C4+Nigericin","RHOT1","Q8IXI2","Q8IXI2","MIRO1_HUMAN","Mitochondrial Rho GTPase 1","Q8IXI2_S109_M1_19","HexNAc (ST)",0.631944733305266,0.474985186394204,0.0185774809839475,6,"Not significant"
"P3C4 / P3C4+Nigericin","ACTN1","P12814","P12814","ACTN1_HUMAN","Alpha-actinin-1","P12814_T50_M1_19","HexNAc (ST)",1.230555124023,0.478002420873283,0.0193927752511706,6,"Not significant"
"P3C4 / P3C4+Nigericin","TJP2","Q9UDY2","Q9UDY2","ZO2_HUMAN","Tight junction protein ZO-2","Q9UDY2_T757_M1_19","HexNAc (ST)",1.100306902478,0.478002420873283,0.0193967694023557,6,"Not significant"
"P3C4 / P3C4+Nigericin","SEC16A","O15027","O15027","SC16A_HUMAN","Protein transport protein Sec16A","O15027_S331_M1_19","HexNAc (ST)",2.07840366699472,0.478014988509083,0.019398749206974,6,"Not significant"
"P3C4 / P3C4+Nigericin","ILK","Q13418","Q13418","ILK_HUMAN","Integrin-linked protein kinase","Q13418_S47_M1_19","HexNAc (ST)",2.62185929771155,0.480639737935568,0.0204241374834929,6,"Not significant"
"P3C4 / P3C4+Nigericin","TUBA4A","Cont_P81948;P68366","Cont_P81948;P68366","TBA4A_BOVIN;TBA4A_HUMAN","Tubulin alpha-4A chain","Cont_P81948_T73_M1_19","HexNAc (ST)",0.800390677351641,0.484686772748685,0.0216236218563584,6,"Not significant"
"P3C4 / P3C4+Nigericin","TUBA4A","Cont_P81948;P68366","Cont_P81948;P68366","TBA4A_BOVIN;TBA4A_HUMAN","Tubulin alpha-4A chain","P68366_T73_M1_19","HexNAc (ST)",0.800390677351641,0.484686772748685,0.0216236218563584,6,"Not significant"
"P3C4 / P3C4+Nigericin","STX8","Q9UNK0","Q9UNK0","STX8_HUMAN","Syntaxin-8","Q9UNK0_S96_M1_19","HexNAc (ST)",2.17457063414091,0.484686772748685,0.0216240786593203,6,"Not significant"
"P3C4 / P3C4+Nigericin","CLIC1","O00299","O00299","CLIC1_HUMAN","Chloride intracellular channel protein 1","O00299_S115_M1_19","HexNAc (ST)",0.821522259685742,0.486261871127147,0.0220663011654989,6,"Not significant"
"P3C4 / P3C4+Nigericin","PSMB1","P20618","P20618","PSB1_HUMAN","Proteasome subunit beta type-1","P20618_S237_M1_19","HexNAc (ST)",1.14579067484996,0.488822591945018,0.0237456484434456,6,"Not significant"
"P3C4 / P3C4+Nigericin","VIM","P08670","P08670","VIME_HUMAN","Vimentin","P08670_S205_M1_19","HexNAc (ST)",2.02298990620024,0.489582511532632,0.0240802015166958,6,"Not significant"
"P3C4 / P3C4+Nigericin","GLRX5","Q86SX6","Q86SX6","GLRX5_HUMAN","Glutaredoxin-related protein 5, mitochondrial","Q86SX6_S70_M2_19","HexNAc (ST)",0.578098752058834,0.489582511532632,0.0240487343717754,6,"Not significant"
"P3C4 / P3C4+Nigericin","PNN","Q9H307","Q9H307","PININ_HUMAN","Pinin","Q9H307_T204_M1_19","HexNAc (ST)",-8.26282722348944,0.490059931053846,0.0243370016231077,6,"Not significant"
"P3C4 / P3C4+Nigericin","PDIA6","Q15084","Q15084","PDIA6_HUMAN","Protein disulfide-isomerase A6","Q15084_S230_M1_19","HexNAc (ST)",0.646200719286516,0.495397470525129,0.027046032146663,5,"Not significant"
"P3C4 / P3C4+Nigericin","CCDC9","Q9Y3X0","Q9Y3X0","CCDC9_HUMAN","Coiled-coil domain-containing protein 9","Q9Y3X0_S115_M1_19","HexNAc (ST)",1.0509366428082,0.495397470525129,0.0271261499761405,6,"Not significant"
"P3C4 / P3C4+Nigericin","SP140L","Q9H930","Q9H930","SP14L_HUMAN","Nuclear body protein SP140-like protein","Q9H930_T71_M1_19","HexNAc (ST)",0.99062655645837,0.498249400056281,0.0291723074031034,6,"Not significant"
"P3C4 / P3C4+Nigericin","NUP62","P37198","P37198","NUP62_HUMAN","Nuclear pore glycoprotein p62","P37198_T433_M1_19","HexNAc (ST)",0.691581758268894,0.500758933543358,0.0304155242616604,6,"Not significant"
"P3C4 / P3C4+Nigericin","HNRNPR","O43390","O43390","HNRPR_HUMAN","Heterogeneous nuclear ribonucleoprotein R","O43390_T270_M1_19","HexNAc (ST)",3.96162819355442,0.503926305696175,0.0322925660847429,4,"Not significant"
"P3C4 / P3C4+Nigericin","DNAJB14","Q8TBM8","Q8TBM8","DJB14_HUMAN","DnaJ homolog subfamily B member 14","Q8TBM8_S160_M1_19","HexNAc (ST)",0.944409605589849,0.505008723423547,0.0329719846717798,6,"Not significant"
"P3C4 / P3C4+Nigericin","HSPA1A;HSPA1B","P0DMV8;P0DMV9","P0DMV8;P0DMV9","HS71A_HUMAN;HS71B_HUMAN","Heat shock 70 kDa protein 1A;Heat shock 70 kDa protein 1B","P0DMV8_S537_M1_19","HexNAc (ST)",1.11286527458949,0.506198232591893,0.0334899196505088,6,"Not significant"
"P3C4 / P3C4+Nigericin","HSPA1A;HSPA1B","P0DMV8;P0DMV9","P0DMV8;P0DMV9","HS71A_HUMAN;HS71B_HUMAN","Heat shock 70 kDa protein 1A;Heat shock 70 kDa protein 1B","P0DMV9_S537_M1_19","HexNAc (ST)",1.11286527458949,0.506198232591893,0.0334899196505088,6,"Not significant"
"P3C4 / P3C4+Nigericin","RAB11FIP1","Q6WKZ4","Q6WKZ4","RFIP1_HUMAN","Rab11 family-interacting protein 1","Q6WKZ4_S300_M1_19","HexNAc (ST)",1.16264931892903,0.506815206746199,0.0339498783330564,6,"Not significant"
"P3C4 / P3C4+Nigericin","RGPD2","P0DJD1","P0DJD1","RGPD2_HUMAN","RANBP2-like and GRIP domain-containing protein 2","P0DJD1_S1067_M1_19","HexNAc (ST)",0.485568469700759,0.508415086922899,0.0353011511453027,6,"Not significant"
"P3C4 / P3C4+Nigericin","HMGB2","P26583","P26583","HMGB2_HUMAN","High mobility group protein B2","P26583_S58_M1_19","HexNAc (ST)",1.89260999964209,0.509509901707923,0.0362849806809352,6,"Not significant"
"P3C4 / P3C4+Nigericin","PPIA","P62937","P62937","PPIA_HUMAN","Peptidyl-prolyl cis-trans isomerase A","P62937_T119_M2_19","HexNAc (ST)",0.563976287694402,0.511479588087247,0.0380343360681556,5,"Not significant"
"P3C4 / P3C4+Nigericin","PPIA","P62937","P62937","PPIA_HUMAN","Peptidyl-prolyl cis-trans isomerase A","P62937_T116_M2_19","HexNAc (ST)",0.563976287694402,0.511479588087247,0.0380343360681556,5,"Not significant"
"P3C4 / P3C4+Nigericin","TAGLN2","P37802","P37802","TAGL2_HUMAN","Transgelin-2","P37802_T60_M1_19","HexNAc (ST)",1.16517067425322,0.513311806800328,0.0392543671936542,6,"Not significant"
"P3C4 / P3C4+Nigericin","FUBP3","Q96I24","Q96I24","FUBP3_HUMAN","Far upstream element-binding protein 3","Q96I24_T79_M2_19","HexNAc (ST)",1.15573999415248,0.5137098976076,0.0397901315932677,6,"Not significant"
"P3C4 / P3C4+Nigericin","FUBP3","Q96I24","Q96I24","FUBP3_HUMAN","Far upstream element-binding protein 3","Q96I24_T76_M2_19","HexNAc (ST)",1.15573999415248,0.5137098976076,0.0397901315932677,6,"Not significant"
"P3C4 / P3C4+Nigericin","OSTF1","Q92882","Q92882","OSTF1_HUMAN","Osteoclast-stimulating factor 1","Q92882_S187_M1_19","HexNAc (ST)",1.73587539917803,0.514004808129624,0.0399500014915872,6,"Not significant"
"P3C4 / P3C4+Nigericin","CLIC1","O00299","O00299","CLIC1_HUMAN","Chloride intracellular channel protein 1","O00299_T198_M1_19","HexNAc (ST)",0.967585727116424,0.514223171183666,0.040168363534107,6,"Not significant"
"P3C4 / P3C4+Nigericin","HIVEP3","Q5T1R4","Q5T1R4","ZEP3_HUMAN","Transcription factor HIVEP3","Q5T1R4_T1401_M1_19","HexNAc (ST)",2.17239328714642,0.514429658721987,0.0402900790301579,6,"Not significant"
"P3C4 / P3C4+Nigericin","NDUFS8","O00217","O00217","NDUS8_HUMAN","NADH dehydrogenase [ubiquinone] iron-sulfur protein 8, mitochondrial","O00217_T127_M1_19","HexNAc (ST)",2.34987074409768,0.516529283492121,0.0418094696172744,6,"Not significant"
"P3C4 / P3C4+Nigericin","HSPA5","P11021","P11021","BIP_HUMAN","Endoplasmic reticulum chaperone BiP","P11021_T203_M2_19","HexNAc (ST)",0.430499710039511,0.518988383769398,0.0436735904133131,6,"Not significant"
"P3C4 / P3C4+Nigericin","HSPA5","P11021","P11021","BIP_HUMAN","Endoplasmic reticulum chaperone BiP","P11021_T189_M2_19","HexNAc (ST)",0.430499710039511,0.518988383769398,0.0436735904133131,6,"Not significant"
"P3C4 / P3C4+Nigericin","ARHGDIA","P52565","P52565","GDIR1_HUMAN","Rho GDP-dissociation inhibitor 1","P52565_T160_M1_19","HexNAc (ST)",0.836191010109367,0.519249473180336,0.0439048166141341,6,"Not significant"
"P3C4 / P3C4+Nigericin","EIF4A1","P60842","P60842","IF4A1_HUMAN","Eukaryotic initiation factor 4A-I","P60842_T377_M1_19","HexNAc (ST)",1.2466503561891,0.519294219198912,0.0439662018238051,6,"Not significant"
"P3C4 / P3C4+Nigericin","APEX1","P27695","P27695","APEX1_HUMAN","DNA-(apurinic or apyrimidinic site) endonuclease","P27695_T61_M1_19","HexNAc (ST)",3.6776884283477,0.520165346730318,0.0444201971350621,4,"Not significant"
"P3C4 / P3C4+Nigericin","ALDOA","Cont_P00883","Cont_P00883","ALDOA_RABIT","Fructose-bisphosphate aldolase A","Cont_P00883_S4_M1_19","HexNAc (ST)",0.847624385323785,0.523051317463736,0.0466000568565615,6,"Not significant"
"P3C4 / P3C4+Nigericin","FIP1L1","Q6UN15","Q6UN15","FIP1_HUMAN","Pre-mRNA 3'-end-processing factor FIP1","Q6UN15_S324_M3_19","HexNAc (ST)",1.22783796149233,0.52329240601817,0.0468101698895543,6,"Not significant"
"P3C4 / P3C4+Nigericin","FIP1L1","Q6UN15","Q6UN15","FIP1_HUMAN","Pre-mRNA 3'-end-processing factor FIP1","Q6UN15_T322_M3_19","HexNAc (ST)",1.22783796149233,0.52329240601817,0.0468101698895543,6,"Not significant"
"P3C4 / P3C4+Nigericin","FIP1L1","Q6UN15","Q6UN15","FIP1_HUMAN","Pre-mRNA 3'-end-processing factor FIP1","Q6UN15_T320_M3_19","HexNAc (ST)",1.22783796149233,0.52329240601817,0.0468101698895543,6,"Not significant"
"P3C4 / P3C4+Nigericin","ARHGAP31","Q2M1Z3","Q2M1Z3","RHG31_HUMAN","Rho GTPase-activating protein 31","Q2M1Z3_S1178_M1_19","HexNAc (ST)",1.12709389911231,0.524210056262218,0.04728497649985,6,"Not significant"
"P3C4 / P3C4+Nigericin","IQGAP1","P46940","P46940","IQGA1_HUMAN","Ras GTPase-activating-like protein IQGAP1","P46940_T857_M1_19","HexNAc (ST)",1.03622764607175,0.527602768372797,0.0505140667827003,6,"Not significant"
"P3C4 / P3C4+Nigericin","PSMB1","P20618","P20618","PSB1_HUMAN","Proteasome subunit beta type-1","P20618_S170_M1_19","HexNAc (ST)",1.50824630596606,0.527893471613924,0.050736936523105,5,"Not significant"
"P3C4 / P3C4+Nigericin","NDUFB9","Q9Y6M9","Q9Y6M9","NDUB9_HUMAN","NADH dehydrogenase [ubiquinone] 1 beta subcomplex subunit 9","Q9Y6M9_T11_M2_19","HexNAc (ST)",1.85957208385568,0.527958587800214,0.0509547201419664,6,"Not significant"
"P3C4 / P3C4+Nigericin","NDUFB9","Q9Y6M9","Q9Y6M9","NDUB9_HUMAN","NADH dehydrogenase [ubiquinone] 1 beta subcomplex subunit 9","Q9Y6M9_S6_M2_19","HexNAc (ST)",1.85957208385568,0.527958587800214,0.0509547201419664,6,"Not significant"
"P3C4 / P3C4+Nigericin","TRIP4","Q15650","Q15650","TRIP4_HUMAN","Activating signal cointegrator 1","Q15650_T327_M1_19","HexNAc (ST)",1.14184215184255,0.528624627442522,0.0514896291084894,6,"Not significant"
"P3C4 / P3C4+Nigericin","CCT8","P50990","P50990","TCPQ_HUMAN","T-complex protein 1 subunit theta","P50990_T71_M1_19","HexNAc (ST)",0.702746193800821,0.530108992862191,0.0527826541931788,6,"Not significant"
"P3C4 / P3C4+Nigericin","AHNAK","Q09666","Q09666","AHNK_HUMAN","Neuroblast differentiation-associated protein AHNAK","Q09666_S5151_M1_19","HexNAc (ST)",1.35506256775588,0.530195393078754,0.0529778151675177,6,"Not significant"
"P3C4 / P3C4+Nigericin","HSPA1A;HSPA1B","P0DMV8;P0DMV9","P0DMV8;P0DMV9","HS71A_HUMAN;HS71B_HUMAN","Heat shock 70 kDa protein 1A;Heat shock 70 kDa protein 1B","P0DMV8_S307_M1_19","HexNAc (ST)",-2.13752994848199,0.53024149294017,0.0531402742891045,6,"Not significant"
"P3C4 / P3C4+Nigericin","HSPA1A;HSPA1B","P0DMV8;P0DMV9","P0DMV8;P0DMV9","HS71A_HUMAN;HS71B_HUMAN","Heat shock 70 kDa protein 1A;Heat shock 70 kDa protein 1B","P0DMV9_S307_M1_19","HexNAc (ST)",-2.13752994848199,0.53024149294017,0.0531402742891045,6,"Not significant"
"P3C4 / P3C4+Nigericin","CMPK1","P30085","P30085","KCY_HUMAN","UMP-CMP kinase","P30085_S180_M1_19","HexNAc (ST)",-1.09380078690739,0.531713347694726,0.0547675274435727,5,"Not significant"
"P3C4 / P3C4+Nigericin","RNH1","P13489","P13489","RINI_HUMAN","Ribonuclease inhibitor","P13489_S50_M1_19","HexNAc (ST)",0.941112140072234,0.532342293817223,0.0559195843393492,5,"Not significant"
"P3C4 / P3C4+Nigericin","AK2","P54819","P54819","KAD2_HUMAN","Adenylate kinase 2, mitochondrial","P54819_T89_M1_19","HexNAc (ST)",2.22965996643014,0.533695963190807,0.057396041315483,6,"Not significant"
"P3C4 / P3C4+Nigericin","LARP4","Q71RC2","Q71RC2","LARP4_HUMAN","La-related protein 4","Q71RC2_T168_M2_19","HexNAc (ST)",0.593700060436431,0.536934241880289,0.0606289333268249,6,"Not significant"
"P3C4 / P3C4+Nigericin","LARP4","Q71RC2","Q71RC2","LARP4_HUMAN","La-related protein 4","Q71RC2_T167_M2_19","HexNAc (ST)",0.593700060436431,0.536934241880289,0.0606289333268249,6,"Not significant"
"P3C4 / P3C4+Nigericin","CCT3","P49368","P49368","TCPG_HUMAN","T-complex protein 1 subunit gamma","P49368_T430_M2_19","HexNAc (ST)",0.818909214955429,0.537051783680735,0.0607273718488537,6,"Not significant"
"P3C4 / P3C4+Nigericin","CCT3","P49368","P49368","TCPG_HUMAN","T-complex protein 1 subunit gamma","P49368_S426_M2_19","HexNAc (ST)",0.818909214955429,0.537051783680735,0.0607273718488537,6,"Not significant"
"P3C4 / P3C4+Nigericin","ALDOC","P09972","P09972","ALDOC_HUMAN","Fructose-bisphosphate aldolase C","P09972_S160_M2_19","HexNAc (ST)",0.303207327844309,0.537306390341289,0.0610927285132177,6,"Not significant"
"P3C4 / P3C4+Nigericin","ALDOC","P09972","P09972","ALDOC_HUMAN","Fructose-bisphosphate aldolase C","P09972_T158_M2_19","HexNAc (ST)",0.303207327844309,0.537306390341289,0.0610927285132177,6,"Not significant"
"P3C4 / P3C4+Nigericin","TMSB4X","P62328","P62328","TYB4_HUMAN","Thymosin beta-4","P62328_S2_M1_19","HexNAc (ST)",1.2398283767147,0.537375641780291,0.0612516085446845,6,"Not significant"
"P3C4 / P3C4+Nigericin","MYL6","P60660","P60660","MYL6_HUMAN","Myosin light polypeptide 6","P60660_T85_M1_19","HexNAc (ST)",0.802328444266511,0.538789540104708,0.062833537484452,6,"Not significant"
"P3C4 / P3C4+Nigericin","AK1","P00568","P00568","KAD1_HUMAN","Adenylate kinase isoenzyme 1","P00568_T126_M2_19","HexNAc (ST)",1.39419950080743,0.543001123055582,0.0664890569715834,6,"Not significant"
"P3C4 / P3C4+Nigericin","AK1","P00568","P00568","KAD1_HUMAN","Adenylate kinase isoenzyme 1","P00568_T124_M2_19","HexNAc (ST)",1.39419950080743,0.543001123055582,0.0664890569715834,6,"Not significant"
"P3C4 / P3C4+Nigericin","NCL","P19338","P19338","NUCL_HUMAN","Nucleolin","P19338_S619_M1_19","HexNAc (ST)",2.05347844746722,0.543498455992253,0.0670523357450208,6,"Not significant"
"P3C4 / P3C4+Nigericin","RUNX2","Q13950","Q13950","RUNX2_HUMAN","Runt-related transcription factor 2","Q13950_T135_M1_19","HexNAc (ST)",0.754255954576896,0.544245248428237,0.0681823145533061,6,"Not significant"
"P3C4 / P3C4+Nigericin","UTP14A","Q9BVJ6","Q9BVJ6","UT14A_HUMAN","U3 small nucleolar RNA-associated protein 14 homolog A","Q9BVJ6_T182_M2_19","HexNAc (ST)",0.909656536024934,0.54438548495761,0.0684562668454344,6,"Not significant"
"P3C4 / P3C4+Nigericin","UTP14A","Q9BVJ6","Q9BVJ6","UT14A_HUMAN","U3 small nucleolar RNA-associated protein 14 homolog A","Q9BVJ6_S176_M2_19","HexNAc (ST)",0.909656536024934,0.54438548495761,0.0684562668454344,6,"Not significant"
"P3C4 / P3C4+Nigericin","HNRNPA1","P09651","P09651","ROA1_HUMAN","Heterogeneous nuclear ribonucleoprotein A1","P09651_T64_M1_19","HexNAc (ST)",1.43931425026889,0.54438548495761,0.0684519973598845,5,"Not significant"
"P3C4 / P3C4+Nigericin","AHNAK","Q09666","Q09666","AHNK_HUMAN","Neuroblast differentiation-associated protein AHNAK","Q09666_S2454_M1_19","HexNAc (ST)",1.15150937816503,0.544527149612071,0.068669653981071,6,"Not significant"
"P3C4 / P3C4+Nigericin","AHNAK","Q09666","Q09666","AHNK_HUMAN","Neuroblast differentiation-associated protein AHNAK","Q09666_S758_M1_19","HexNAc (ST)",0.698849790341688,0.544746368133096,0.0688984353950857,6,"Not significant"
"P3C4 / P3C4+Nigericin","CD38","P28907","P28907","CD38_HUMAN","ADP-ribosyl cyclase/cyclic ADP-ribose hydrolase 1","P28907_T71_M1_19","HexNAc (ST)",0.491165108015897,0.545309771758658,0.0700460670942326,6,"Not significant"
"P3C4 / P3C4+Nigericin","AHNAK","Q09666","Q09666","AHNK_HUMAN","Neuroblast differentiation-associated protein AHNAK","Q09666_T4564_M1_19","HexNAc (ST)",1.15572290614541,0.545534067065754,0.0701260518011475,6,"Not significant"
"P3C4 / P3C4+Nigericin","PSAP","P07602","P07602","SAP_HUMAN","Prosaposin","P07602_T334_M1_19","HexNAc (ST)",1.01323703943081,0.546564554532251,0.0709710692124,6,"Not significant"
"P3C4 / P3C4+Nigericin","HMGB1","P09429","P09429","HMGB1_HUMAN","High mobility group protein B1","P09429_S121_M1_19","HexNAc (ST)",1.45853155655824,0.546957013905095,0.0720935366159005,6,"Not significant"
"P3C4 / P3C4+Nigericin","ING1","Q9UK53","Q9UK53","ING1_HUMAN","Inhibitor of growth protein 1","Q9UK53_S236_M2_19","HexNAc (ST)",1.3206249497043,0.547042381559892,0.0723005150782309,6,"Not significant"
"P3C4 / P3C4+Nigericin","ING1","Q9UK53","Q9UK53","ING1_HUMAN","Inhibitor of growth protein 1","Q9UK53_S224_M2_19","HexNAc (ST)",1.3206249497043,0.547042381559892,0.0723005150782309,6,"Not significant"
"P3C4 / P3C4+Nigericin","RNASET2","O00584","O00584","RNT2_HUMAN","Ribonuclease T2","O00584_S103_M1_19","HexNAc (ST)",1.22795204108446,0.547476288229854,0.0730304910838811,6,"Not significant"
"P3C4 / P3C4+Nigericin","FTL","P02792","P02792","FRIL_HUMAN","Ferritin light chain","P02792_T150_M1_19","HexNAc (ST)",1.40326801640631,0.547784416204172,0.073263181698333,6,"Not significant"
"P3C4 / P3C4+Nigericin","NCL","P19338","P19338","NUCL_HUMAN","Nucleolin","P19338_S319_M1_19","HexNAc (ST)",1.1859225765184,0.553691098084753,0.0792548424799136,6,"Not significant"
"P3C4 / P3C4+Nigericin","VAPA","Q9P0L0","Q9P0L0","VAPA_HUMAN","Vesicle-associated membrane protein-associated protein A","Q9P0L0_T35_M1_19","HexNAc (ST)",1.92653663007546,0.554390999809158,0.0803150653060976,6,"Not significant"
"P3C4 / P3C4+Nigericin","TOP1","P11387","P11387","TOP1_HUMAN","DNA topoisomerase 1","P11387_T258_M2_19","HexNAc (ST)",8.1381188215929,0.555560023748113,0.0827981549175235,4,"Not significant"
"P3C4 / P3C4+Nigericin","EIF4G2","P78344","P78344","IF4G2_HUMAN","Eukaryotic translation initiation factor 4 gamma 2","P78344_S272_M1_19","HexNAc (ST)",1.68664515767572,0.556175224321923,0.0833215753756524,6,"Not significant"
"P3C4 / P3C4+Nigericin","H4C1","P62805","P62805","H4_HUMAN","Histone H4","P62805_T83_M2_19","HexNAc (ST)",-1.32044950790348,0.557239995563747,0.0851576897847204,6,"Not significant"
"P3C4 / P3C4+Nigericin","H4C1","P62805","P62805","H4_HUMAN","Histone H4","P62805_T81_M2_19","HexNAc (ST)",-1.32044950790348,0.557239995563747,0.0851576897847204,6,"Not significant"
"P3C4 / P3C4+Nigericin","NF2","P35240","P35240","MERL_HUMAN","Merlin","P35240_S444_M1_19","HexNAc (ST)",0.614810648000315,0.558242901581467,0.0861062918788975,6,"Not significant"
"P3C4 / P3C4+Nigericin","GAA","P10253","P10253","LYAG_HUMAN","Lysosomal alpha-glucosidase","P10253_S688_M2_19","HexNAc (ST)",0.856568816636674,0.560073632245773,0.088174529332053,5,"Not significant"
"P3C4 / P3C4+Nigericin","ANP32A","P39687","P39687","AN32A_HUMAN","Acidic leucine-rich nuclear phosphoprotein 32 family member A","P39687_S117_M1_19","HexNAc (ST)",1.26974915801186,0.561095926029979,0.0900526189228605,6,"Not significant"
"P3C4 / P3C4+Nigericin","UBA1","P22314","P22314","UBA1_HUMAN","Ubiquitin-like modifier-activating enzyme 1","P22314_S803_M2_19","HexNAc (ST)",1.26996168197531,0.563010052176446,0.0923205402512598,5,"Not significant"
"P3C4 / P3C4+Nigericin","MATR3","P43243","P43243","MATR3_HUMAN","Matrin-3","P43243_T134_M1_19","HexNAc (ST)",0.807747985333864,0.563865276433783,0.0936667757070299,6,"Not significant"
"P3C4 / P3C4+Nigericin","ICAM1","P05362","P05362","ICAM1_HUMAN","Intercellular adhesion molecule 1","P05362_T341_M1_19","HexNAc (ST)",0.34161180365834,0.565334726142819,0.0963296306008978,6,"Not significant"
"P3C4 / P3C4+Nigericin","TOP2B","Q02880","Q02880","TOP2B_HUMAN","DNA topoisomerase 2-beta","Q02880_T97_M1_19","HexNAc (ST)",1.23911059511859,0.567438953828439,0.0994006335785144,6,"Not significant"
"P3C4 / P3C4+Nigericin","GNB2","P62879","P62879","GBB2_HUMAN","Guanine nucleotide-binding protein G(I)/G(S)/G(T) subunit beta-2","P62879_T31_M2_19","HexNAc (ST)",-1.02128659503656,0.567440629681556,0.0994224562040477,4,"Not significant"
"P3C4 / P3C4+Nigericin","PSMC3","P17980","P17980","PRS6A_HUMAN","26S proteasome regulatory subunit 6A","P17980_S281_M1_19","HexNAc (ST)",1.24601967668063,0.570535483458266,0.103740675852216,4,"Not significant"
"P3C4 / P3C4+Nigericin","UBA1","P22314","P22314","UBA1_HUMAN","Ubiquitin-like modifier-activating enzyme 1","P22314_T800_M2_19","HexNAc (ST)",0.690799464275167,0.571019355095749,0.104526272078944,4,"Not significant"
"P3C4 / P3C4+Nigericin","EIPR1","Q53HC9","Q53HC9","EIPR1_HUMAN","EARP and GARP complex-interacting protein 1","Q53HC9_S36_M2_19","HexNAc (ST)",1.04400592638009,0.573049923275131,0.107599162819597,6,"Not significant"
"P3C4 / P3C4+Nigericin","EIPR1","Q53HC9","Q53HC9","EIPR1_HUMAN","EARP and GARP complex-interacting protein 1","Q53HC9_T34_M2_19","HexNAc (ST)",1.04400592638009,0.573049923275131,0.107599162819597,6,"Not significant"
"P3C4 / P3C4+Nigericin","ADA","P00813","P00813","ADA_HUMAN","Adenosine deaminase","P00813_T212_M1_19","HexNAc (ST)",0.892686763320798,0.573097655590547,0.107685947856739,6,"Not significant"
"P3C4 / P3C4+Nigericin","TRIP12","Q14669","Q14669","TRIPC_HUMAN","E3 ubiquitin-protein ligase TRIP12","Q14669_T758_M1_19","HexNAc (ST)",0.833855809943556,0.57340305507442,0.108194788235159,6,"Not significant"
"P3C4 / P3C4+Nigericin","ACTR3","P61158","P61158","ARP3_HUMAN","Actin-related protein 3","P61158_S354_M2_19","HexNAc (ST)",0.445993042049407,0.573515793299745,0.108430828403695,6,"Not significant"
"P3C4 / P3C4+Nigericin","ACTR3","P61158","P61158","ARP3_HUMAN","Actin-related protein 3","P61158_S350_M2_19","HexNAc (ST)",0.445993042049407,0.573515793299745,0.108430828403695,6,"Not significant"
"P3C4 / P3C4+Nigericin","ALDOA","P04075","P04075","ALDOA_HUMAN","Fructose-bisphosphate aldolase A","P04075_S160_M1_19","HexNAc (ST)",0.892489678165857,0.574035379012781,0.109514693713816,6,"Not significant"
"P3C4 / P3C4+Nigericin","RPL8","P62917","P62917","RL8_HUMAN","Large ribosomal subunit protein uL2","P62917_T111_M1_19","HexNAc (ST)",2.23542768459502,0.577217560511755,0.114846989255743,6,"Not significant"
"P3C4 / P3C4+Nigericin","DHX15","O43143","O43143","DHX15_HUMAN","ATP-dependent RNA helicase DHX15","O43143_T498_M1_19","HexNAc (ST)",0.925637782618046,0.578602241464372,0.117201949018447,5,"Not significant"
"P3C4 / P3C4+Nigericin","HPCAL1","P37235","P37235","HPCL1_HUMAN","Hippocalcin-like protein 1","P37235_S165_M2_19","HexNAc (ST)",1.23808447542579,0.578690469287597,0.117370719130024,5,"Not significant"
"P3C4 / P3C4+Nigericin","PSPC1","Q8WXF1","Q8WXF1","PSPC1_HUMAN","Paraspeckle component 1","Q8WXF1_S499_M2_19","HexNAc (ST)",0.979387340251016,0.579360659474941,0.118469753204851,6,"Not significant"
"P3C4 / P3C4+Nigericin","PSPC1","Q8WXF1","Q8WXF1","PSPC1_HUMAN","Paraspeckle component 1","Q8WXF1_S493_M2_19","HexNAc (ST)",0.979387340251016,0.579360659474941,0.118469756806263,6,"Not significant"
"P3C4 / P3C4+Nigericin","GRPEL1","Q9HAV7","Q9HAV7","GRPE1_HUMAN","GrpE protein homolog 1, mitochondrial","Q9HAV7_T74_M1_19","HexNAc (ST)",-1.8878375394452,0.579371851280294,0.118500705787509,6,"Not significant"
"P3C4 / P3C4+Nigericin","ACOX3","O15254","O15254","ACOX3_HUMAN","Peroxisomal acyl-coenzyme A oxidase 3","O15254_T235_M1_19","HexNAc (ST)",1.03849629620988,0.579838613387007,0.119091489006473,6,"Not significant"
"P3C4 / P3C4+Nigericin","AHNAK","Q09666","Q09666","AHNK_HUMAN","Neuroblast differentiation-associated protein AHNAK","Q09666_S4130_M1_19","HexNAc (ST)",1.02798298363816,0.580307183660906,0.119892993894196,6,"Not significant"
"P3C4 / P3C4+Nigericin","AHNAK","Q09666","Q09666","AHNK_HUMAN","Neuroblast differentiation-associated protein AHNAK","Q09666_S4594_M1_19","HexNAc (ST)",1.02798298363816,0.580307183660906,0.119892993894196,6,"Not significant"
"P3C4 / P3C4+Nigericin","AHNAK","Q09666","Q09666","AHNK_HUMAN","Neuroblast differentiation-associated protein AHNAK","Q09666_S2775_M1_19","HexNAc (ST)",0.754335278126412,0.581502072019496,0.122164603855775,6,"Not significant"
"P3C4 / P3C4+Nigericin","PPP3R1","P63098","P63098","CANB1_HUMAN","Calcineurin subunit B type 1","P63098_S45_M1_19","HexNAc (ST)",-1.01958843415499,0.581834188770856,0.122937908470623,5,"Not significant"
"P3C4 / P3C4+Nigericin","CFL1","P23528","P23528","COF1_HUMAN","Cofilin-1","P23528_T129_M1_19","HexNAc (ST)",0.895825659123862,0.581930494019315,0.123216964658908,6,"Not significant"
"P3C4 / P3C4+Nigericin","AHNAK","Q09666","Q09666","AHNK_HUMAN","Neuroblast differentiation-associated protein AHNAK","Q09666_S1324_M1_19","HexNAc (ST)",1.00376847757757,0.582039422949469,0.123519554126342,6,"Not significant"
"P3C4 / P3C4+Nigericin","UTRN","P46939","P46939","UTRN_HUMAN","Utrophin","P46939_S1278_M1_19","HexNAc (ST)",-3.29698683049973,0.584522372706506,0.128351451138102,5,"Not significant"
"P3C4 / P3C4+Nigericin","AHNAK","Q09666","Q09666","AHNK_HUMAN","Neuroblast differentiation-associated protein AHNAK","Q09666_S3159_M1_19","HexNAc (ST)",0.745070067268838,0.585371188404458,0.129635403887411,6,"Not significant"
"P3C4 / P3C4+Nigericin","AHNAK","Q09666","Q09666","AHNK_HUMAN","Neuroblast differentiation-associated protein AHNAK","Q09666_S3941_M1_19","HexNAc (ST)",0.745070067268838,0.585371188404458,0.129635403887411,6,"Not significant"
"P3C4 / P3C4+Nigericin","AHNAK","Q09666","Q09666","AHNK_HUMAN","Neuroblast differentiation-associated protein AHNAK","Q09666_S2542_M1_19","HexNAc (ST)",0.697745479270505,0.586032899902905,0.130764285857836,6,"Not significant"
"P3C4 / P3C4+Nigericin","AHNAK","Q09666","Q09666","AHNK_HUMAN","Neuroblast differentiation-associated protein AHNAK","Q09666_S3894_M1_19","HexNAc (ST)",1.29247453025961,0.587738440583538,0.134174737314995,6,"Not significant"
"P3C4 / P3C4+Nigericin","GAPDH","P04406","P04406","G3P_HUMAN","Glyceraldehyde-3-phosphate dehydrogenase","P04406_T211_M2_19","HexNAc (ST)",0.920695725203416,0.589415958711223,0.13772508589094,6,"Not significant"
"P3C4 / P3C4+Nigericin","GAPDH","P04406","P04406","G3P_HUMAN","Glyceraldehyde-3-phosphate dehydrogenase","P04406_S210_M2_19","HexNAc (ST)",0.920695725203416,0.589415958711223,0.13772508589094,6,"Not significant"
"P3C4 / P3C4+Nigericin","CBLB","Q13191","Q13191","CBLB_HUMAN","E3 ubiquitin-protein ligase CBL-B","Q13191_T174_M1_19","HexNAc (ST)",0.5259164703619,0.589519481359051,0.138280320957344,6,"Not significant"
"P3C4 / P3C4+Nigericin","QKI","Q96PU8","Q96PU8","QKI_HUMAN","KH domain-containing RNA-binding protein QKI","Q96PU8_T14_M1_19","HexNAc (ST)",1.36553198300596,0.591152890505133,0.141470388534711,6,"Not significant"
"P3C4 / P3C4+Nigericin","NCL","P19338","P19338","NUCL_HUMAN","Nucleolin","P19338_S328_M1_19","HexNAc (ST)",3.13021831432405,0.592944404574806,0.144286287966045,4,"Not significant"
"P3C4 / P3C4+Nigericin","ELOB","Q15370","Q15370","ELOB_HUMAN","Elongin-B","Q15370_T56_M1_19","HexNAc (ST)",1.33130232237336,0.593245810254408,0.144696986027736,4,"Not significant"
"P3C4 / P3C4+Nigericin","S100A11","P31949","P31949","S10AB_HUMAN","Protein S100-A11","P31949_S5_M1_19","HexNAc (ST)",0.421743178057757,0.59463807902394,0.147129841857153,6,"Not significant"
"P3C4 / P3C4+Nigericin","RPS8","P62241","P62241","RS8_HUMAN","Small ribosomal subunit protein eS8","P62241_T130_M1_19","HexNAc (ST)",0.866513331096344,0.595283244968597,0.148189957264974,6,"Not significant"
"P3C4 / P3C4+Nigericin","DNTTIP1","Q9H147","Q9H147","TDIF1_HUMAN","Deoxynucleotidyltransferase terminal-interacting protein 1","Q9H147_S217_M1_19","HexNAc (ST)",1.06839538432099,0.596973787248837,0.152459886561138,5,"Not significant"
"P3C4 / P3C4+Nigericin","P4HB","P07237","P07237","PDIA1_HUMAN","Protein disulfide-isomerase","P07237_T296_M1_19","HexNAc (ST)",0.211251791542236,0.598545160978783,0.155458111051091,5,"Not significant"
"P3C4 / P3C4+Nigericin","RPLP2","P05387","P05387","RLA2_HUMAN","Large ribosomal subunit protein P2","P05387_S44_M1_19","HexNAc (ST)",0.30536432801495,0.60108718969464,0.159796591340623,6,"Not significant"
"P3C4 / P3C4+Nigericin","RTN4","Q9NQC3","Q9NQC3","RTN4_HUMAN","Reticulon-4","Q9NQC3_T70_M2_19","HexNAc (ST)",-0.365763817303348,0.60168011851143,0.161041519913057,6,"Not significant"
"P3C4 / P3C4+Nigericin","CYBB","P04839","P04839","CY24B_HUMAN","Cytochrome b-245 heavy chain","P04839_T509_M1_19","HexNAc (ST)",-0.468630872455598,0.602011744100985,0.161696053627978,6,"Not significant"
"P3C4 / P3C4+Nigericin","GSN","P06396","P06396","GELS_HUMAN","Gelsolin","P06396_S304_M1_19","HexNAc (ST)",0.512747777094505,0.602245826477505,0.162476959858611,6,"Not significant"
"P3C4 / P3C4+Nigericin","PER1","O15534","O15534","PER1_HUMAN","Period circadian protein homolog 1","O15534_S1186_M1_19","HexNAc (ST)",-0.552632145262701,0.603121480649919,0.194064661853105,6,"Not significant"
"P3C4 / P3C4+Nigericin","ENO1","P06733","P06733","ENOA_HUMAN","Alpha-enolase","P06733_T229_M1_19","HexNAc (ST)",0.854566734218826,0.603121480649919,0.185904977104248,5,"Not significant"
"P3C4 / P3C4+Nigericin","PECAM1","P16284","P16284","PECA1_HUMAN","Platelet endothelial cell adhesion molecule","P16284_T533_M1_19","HexNAc (ST)",1.1078921409352,0.603121480649919,0.17010037758491,6,"Not significant"
"P3C4 / P3C4+Nigericin","M6PR","P20645","P20645","MPRD_HUMAN","Cation-dependent mannose-6-phosphate receptor","P20645_S42_M1_19","HexNAc (ST)",5.78367767223518,0.603121480649919,0.185905285773466,6,"Not significant"
"P3C4 / P3C4+Nigericin","PDIA3","P30101","P30101","PDIA3_HUMAN","Protein disulfide-isomerase A3","P30101_S424_M1_19","HexNAc (ST)",-0.796158330797105,0.603121480649919,0.178116933623714,6,"Not significant"
"P3C4 / P3C4+Nigericin","MYH9","P35579","P35579","MYH9_HUMAN","Myosin-9","P35579_S1457_M2_19","HexNAc (ST)",-0.432289388390273,0.603121480649919,0.178879524643411,6,"Not significant"
"P3C4 / P3C4+Nigericin","HSPA9","P38646","P38646","GRP75_HUMAN","Stress-70 protein, mitochondrial","P38646_T224_M2_19","HexNAc (ST)",1.07079843851117,0.603121480649919,0.170562227962732,6,"Not significant"
"P3C4 / P3C4+Nigericin","HSPA9","P38646","P38646","GRP75_HUMAN","Stress-70 protein, mitochondrial","P38646_S212_M2_19","HexNAc (ST)",1.07079843851117,0.603121480649919,0.170562227962732,6,"Not significant"
"P3C4 / P3C4+Nigericin","VAMP2","P63027","P63027","VAMP2_HUMAN","Vesicle-associated membrane protein 2","P63027_T35_M1_19","HexNAc (ST)",6.12147660202123,0.603121480649919,0.185608292756845,6,"Not significant"
"P3C4 / P3C4+Nigericin","TAP1","Q03518","Q03518","TAP1_HUMAN","Antigen peptide transporter 1","Q03518_T376_M1_19","HexNAc (ST)",3.74915146503158,0.603121480649919,0.190899974606138,5,"Not significant"
"P3C4 / P3C4+Nigericin","AHNAK","Q09666","Q09666","AHNK_HUMAN","Neuroblast differentiation-associated protein AHNAK","Q09666_S2670_M1_19","HexNAc (ST)",0.326394090796605,0.603121480649919,0.177087443295083,6,"Not significant"
"P3C4 / P3C4+Nigericin","AHNAK","Q09666","Q09666","AHNK_HUMAN","Neuroblast differentiation-associated protein AHNAK","Q09666_T4766_M1_19","HexNAc (ST)",0.552233554954072,0.603121480649919,0.181202207062238,6,"Not significant"
"P3C4 / P3C4+Nigericin","AHNAK","Q09666","Q09666","AHNK_HUMAN","Neuroblast differentiation-associated protein AHNAK","Q09666_S2333_M1_19","HexNAc (ST)",3.95992446403765,0.603121480649919,0.180227164105057,6,"Not significant"
"P3C4 / P3C4+Nigericin","ELP6","Q0PNE2","Q0PNE2","ELP6_HUMAN","Elongator complex protein 6","Q0PNE2_S89_M1_19","HexNAc (ST)",-6.4143466394755,0.603121480649919,0.180562986447355,6,"Not significant"
"P3C4 / P3C4+Nigericin","MIX23","Q4VC31","Q4VC31","MIX23_HUMAN","Protein MIX23","Q4VC31_S114_M1_19","HexNAc (ST)",-3.71554969977899,0.603121480649919,0.18199470503043,6,"Not significant"
"P3C4 / P3C4+Nigericin","PRPF8","Q6P2Q9","Q6P2Q9","PRP8_HUMAN","Pre-mRNA-processing-splicing factor 8","Q6P2Q9_T1841_M1_19","HexNAc (ST)",0.589242689678985,0.603121480649919,0.18185766239473,6,"Not significant"
"P3C4 / P3C4+Nigericin","TAF15","Q92804","Q92804","RBP56_HUMAN","TATA-binding protein-associated factor 2N","Q92804_T279_M1_19","HexNAc (ST)",5.29758495614354,0.603121480649919,0.19406813788214,5,"Not significant"
"P3C4 / P3C4+Nigericin","SIAE","Q9HAT2","Q9HAT2","SIAE_HUMAN","Sialate O-acetylesterase","Q9HAT2_T403_M1_19","HexNAc (ST)",0.461816630173734,0.603121480649919,0.195101504482943,6,"Not significant"
"P3C4 / P3C4+Nigericin","MDN1","Q9NU22","Q9NU22","MDN1_HUMAN","Midasin","Q9NU22_S2818_M1_19","HexNAc (ST)",1.64047224648183,0.603121480649919,0.174017987468196,6,"Not significant"
"P3C4 / P3C4+Nigericin","RTRAF","Q9Y224","Q9Y224","RTRAF_HUMAN","RNA transcription, translation and transport factor protein","Q9Y224_T175_M1_19","HexNAc (ST)",5.11539456556177,0.603121480649919,0.178134242463017,6,"Not significant"
"P3C4 / P3C4+Nigericin","FLG2","Cont_Q5D862;Q5D862","Cont_Q5D862;Q5D862","FILA2_HUMAN","Filaggrin-2","Cont_Q5D862_S7_M2_19","HexNAc (ST)",5.6003002110452,0.603121480649919,0.182631568161466,6,"Not significant"
"P3C4 / P3C4+Nigericin","FLG2","Cont_Q5D862;Q5D862","Cont_Q5D862;Q5D862","FILA2_HUMAN","Filaggrin-2","Q5D862_S7_M2_19","HexNAc (ST)",5.6003002110452,0.603121480649919,0.182631568161466,6,"Not significant"
"P3C4 / P3C4+Nigericin","ANXA6","P08133","P08133","ANXA6_HUMAN","Annexin A6","P08133_S49_M2_19","HexNAc (ST)",-0.742064780065791,0.603121480649919,0.186360029268682,6,"Not significant"
"P3C4 / P3C4+Nigericin","NPC2","P61916","P61916","NPC2_HUMAN","NPC intracellular cholesterol transporter 2","P61916_S108_M1_19","HexNAc (ST)",4.8707908991973,0.603121480649919,0.195607566335968,5,"Not significant"
"P3C4 / P3C4+Nigericin","ALDOC","P09972","P09972","ALDOC_HUMAN","Fructose-bisphosphate aldolase C","P09972_T97_M1_19","HexNAc (ST)",-4.48488346302322,0.603202993881853,0.198692454715159,6,"Not significant"
"P3C4 / P3C4+Nigericin","GPX1","P07203","P07203","GPX1_HUMAN","Glutathione peroxidase 1","P07203_S34_M2_19","HexNAc (ST)",-7.06680859198478,0.603526448284182,0.201338397296926,5,"Not significant"
"P3C4 / P3C4+Nigericin","RHOC","P08134","P08134","RHOC_HUMAN","Rho-related GTP-binding protein RhoC","P08134_T100_M1_19","HexNAc (ST)",0.372778801160752,0.603615043083975,0.202765508382502,6,"Not significant"
"P3C4 / P3C4+Nigericin","RPL26","P61254","P61254","RL26_HUMAN","Large ribosomal subunit protein uL24","P61254_S46_M1_19","HexNAc (ST)",6.40860256797641,0.603615043083975,0.202887723506732,6,"Not significant"
"P3C4 / P3C4+Nigericin","MED17","Q9NVC6","Q9NVC6","MED17_HUMAN","Mediator of RNA polymerase II transcription subunit 17","Q9NVC6_S152_M1_19","HexNAc (ST)",0.648019223618407,0.603628000061256,0.203022776516358,6,"Not significant"
"P3C4 / P3C4+Nigericin","PHB1","P35232","P35232","PHB1_HUMAN","Prohibitin 1","P35232_S218_M1_19","HexNAc (ST)",-0.898751314624466,0.603631270446209,0.203159379305237,4,"Not significant"
"P3C4 / P3C4+Nigericin","HSPA9","P38646","P38646","GRP75_HUMAN","Stress-70 protein, mitochondrial","P38646_T504_M1_19","HexNAc (ST)",0.665553928552415,0.603984277680637,0.205044940726596,6,"Not significant"
"P3C4 / P3C4+Nigericin","LETM1","O95202","O95202","LETM1_HUMAN","Mitochondrial proton/calcium exchanger protein","O95202_S580_M1_19","HexNAc (ST)",0.286937183654371,0.603985540086401,0.205053234581302,6,"Not significant"
"P3C4 / P3C4+Nigericin","ERP44","Q9BS26","Q9BS26","ERP44_HUMAN","Endoplasmic reticulum resident protein 44","Q9BS26_S353_M1_19","HexNAc (ST)",0.419657560645744,0.604416217482606,0.20747498026015,6,"Not significant"
"P3C4 / P3C4+Nigericin","GDI2","P50395","P50395","GDIB_HUMAN","Rab GDP dissociation inhibitor beta","P50395_T185_M1_19","HexNAc (ST)",7.07516043748807,0.604600786711815,0.208498863941191,6,"Not significant"
"P3C4 / P3C4+Nigericin","PRDX5","P30044","P30044","PRDX5_HUMAN","Peroxiredoxin-5, mitochondrial","P30044_S101_M2_19","HexNAc (ST)",6.36453579122523,0.604809487604657,0.209521002425732,6,"Not significant"
"P3C4 / P3C4+Nigericin","PRDX5","P30044","P30044","PRDX5_HUMAN","Peroxiredoxin-5, mitochondrial","P30044_T97_M2_19","HexNAc (ST)",6.36453579122523,0.604809487604657,0.209521002425732,6,"Not significant"
"P3C4 / P3C4+Nigericin","TMSB10","P63313","P63313","TYB10_HUMAN","Thymosin beta-10","P63313_T28_M1_19","HexNAc (ST)",0.519877319585294,0.605043898694828,0.210421776119073,6,"Not significant"
"P3C4 / P3C4+Nigericin","NUCB2","P80303","P80303","NUCB2_HUMAN","Nucleobindin-2","P80303_S124_M1_19","HexNAc (ST)",1.061628778482,0.605043898694828,0.211283614077465,6,"Not significant"
"P3C4 / P3C4+Nigericin","AHNAK","Q09666","Q09666","AHNK_HUMAN","Neuroblast differentiation-associated protein AHNAK","Q09666_T490_M1_19","HexNAc (ST)",1.2701930183322,0.605290855935159,0.212588988857891,6,"Not significant"
"P3C4 / P3C4+Nigericin","AHNAK","Q09666","Q09666","AHNK_HUMAN","Neuroblast differentiation-associated protein AHNAK","Q09666_S886_M1_19","HexNAc (ST)",0.661051638841418,0.605290855935159,0.21275486085211,6,"Not significant"
"P3C4 / P3C4+Nigericin","AHNAK","Q09666","Q09666","AHNK_HUMAN","Neuroblast differentiation-associated protein AHNAK","Q09666_S1721_M1_19","HexNAc (ST)",0.661051638841418,0.605290855935159,0.21275486085211,6,"Not significant"
"P3C4 / P3C4+Nigericin","AHNAK","Q09666","Q09666","AHNK_HUMAN","Neuroblast differentiation-associated protein AHNAK","Q09666_S2057_M1_19","HexNAc (ST)",0.661051638841418,0.605290855935159,0.21275486085211,6,"Not significant"
"P3C4 / P3C4+Nigericin","AHNAK","Q09666","Q09666","AHNK_HUMAN","Neuroblast differentiation-associated protein AHNAK","Q09666_S2519_M1_19","HexNAc (ST)",0.661051638841418,0.605290855935159,0.21275486085211,6,"Not significant"
"P3C4 / P3C4+Nigericin","AHNAK","Q09666","Q09666","AHNK_HUMAN","Neuroblast differentiation-associated protein AHNAK","Q09666_S2903_M1_19","HexNAc (ST)",0.661051638841418,0.605290855935159,0.21275486085211,6,"Not significant"
"P3C4 / P3C4+Nigericin","OSBPL8","Q9BZF1","Q9BZF1","OSBL8_HUMAN","Oxysterol-binding protein-related protein 8","Q9BZF1_T491_M1_19","HexNAc (ST)",-0.335340632792263,0.605504293906667,0.213456459287017,6,"Not significant"
"P3C4 / P3C4+Nigericin","H1-3","P16402","P16402","H13_HUMAN","Histone H1.3","P16402_S56_M2_19","HexNAc (ST)",0.111372466541753,0.60565241741352,0.214205840495893,5,"Not significant"
"P3C4 / P3C4+Nigericin","GSN","P06396","P06396","GELS_HUMAN","Gelsolin","P06396_S537_M1_19","HexNAc (ST)",0.574972761593245,0.606667675386128,0.218095057303343,6,"Not significant"
"P3C4 / P3C4+Nigericin","RPS4X","P62701","P62701","RS4X_HUMAN","Small ribosomal subunit protein eS4, X isoform","P62701_T184_M2_19","HexNAc (ST)",8.14221251810658,0.606901628930107,0.219035713383315,5,"Not significant"
"P3C4 / P3C4+Nigericin","TMSB4X","P62328","P62328","TYB4_HUMAN","Thymosin beta-4","P62328_S16_M1_19","HexNAc (ST)",-6.29888769263338,0.607977497937549,0.223339485277738,6,"Not significant"
"P3C4 / P3C4+Nigericin","AHNAK","Q09666","Q09666","AHNK_HUMAN","Neuroblast differentiation-associated protein AHNAK","Q09666_S909_M1_19","HexNAc (ST)",-5.24803983955553,0.608757725924449,0.22590022373777,6,"Not significant"
"P3C4 / P3C4+Nigericin","AKAP9","Q99996","Q99996","AKAP9_HUMAN","A-kinase anchor protein 9","Q99996_T740_M1_19","HexNAc (ST)",-8.5420338999375,0.611215212155782,0.234769420804043,6,"Not significant"
"P3C4 / P3C4+Nigericin","TSC22D1","Q15714","Q15714","T22D1_HUMAN","TSC22 domain family protein 1","Q15714_S1018_M1_19","HexNAc (ST)",-0.544072498580358,0.611418105799219,0.235709140243836,6,"Not significant"
"P3C4 / P3C4+Nigericin","QKI","Q96PU8","Q96PU8","QKI_HUMAN","KH domain-containing RNA-binding protein QKI","Q96PU8_T156_M1_19","HexNAc (ST)",2.56377076940132,0.611624453891643,0.236383770597334,6,"Not significant"
"P3C4 / P3C4+Nigericin","ACTR3B","Q9P1U1","Q9P1U1","ARP3B_HUMAN","Actin-related protein 3B","Q9P1U1_T74_M1_19","HexNAc (ST)",2.38355517812998,0.612862799296546,0.240734099474166,6,"Not significant"
"P3C4 / P3C4+Nigericin","TMPO","P42166","P42166","LAP2A_HUMAN","Lamina-associated polypeptide 2, isoform alpha","P42166_T12_M1_19","HexNAc (ST)",1.67648245096558,0.613878789912812,0.245503269023662,6,"Not significant"
"P3C4 / P3C4+Nigericin","HSPA5","P11021","P11021","BIP_HUMAN","Endoplasmic reticulum chaperone BiP","P11021_T137_M1_19","HexNAc (ST)",1.000019336156,0.615144444018053,0.249284124342044,6,"Not significant"
"P3C4 / P3C4+Nigericin","HNRNPCL2","B2RXH8","B2RXH8","HNRC2_HUMAN","Heterogeneous nuclear ribonucleoprotein C-like 2","B2RXH8_S196_M1_19","HexNAc (ST)",0.522220619462223,0.616093503452852,0.25227698115716,6,"Not significant"
"P3C4 / P3C4+Nigericin","AHNAK","Q09666","Q09666","AHNK_HUMAN","Neuroblast differentiation-associated protein AHNAK","Q09666_S1298_M1_19","HexNAc (ST)",-0.342636346236722,0.616170142441939,0.252387844330574,6,"Not significant"
"P3C4 / P3C4+Nigericin","AHNAK","Q09666","Q09666","AHNK_HUMAN","Neuroblast differentiation-associated protein AHNAK","Q09666_S2092_M1_19","HexNAc (ST)",-0.342636346236722,0.616170142441939,0.252387844330574,6,"Not significant"
"P3C4 / P3C4+Nigericin","AHNAK","Q09666","Q09666","AHNK_HUMAN","Neuroblast differentiation-associated protein AHNAK","Q09666_S2287_M1_19","HexNAc (ST)",-0.342636346236722,0.616170142441939,0.252387844330574,6,"Not significant"
"P3C4 / P3C4+Nigericin","RSF1","Q96T23","Q96T23","RSF1_HUMAN","Remodeling and spacing factor 1","Q96T23_T506_M2_19","HexNAc (ST)",1.98178238009725,0.616753462939156,0.253907770670083,6,"Not significant"
"P3C4 / P3C4+Nigericin","RSF1","Q96T23","Q96T23","RSF1_HUMAN","Remodeling and spacing factor 1","Q96T23_T499_M2_19","HexNAc (ST)",1.98178238009725,0.616753462939156,0.253907770670083,6,"Not significant"
"P3C4 / P3C4+Nigericin","PRSS1","Cont_P00760","Cont_P00760","TRY1_BOVIN","Serine protease 1","Cont_P00760_S169_M2_19","HexNAc (ST)",0.869815663128006,0.616788800422696,0.254001926643062,6,"Not significant"
"P3C4 / P3C4+Nigericin","NOLC1","Q14978","Q14978","NOLC1_HUMAN","Nucleolar and coiled-body phosphoprotein 1","Q14978_T610_M1_19","HexNAc (ST)",0.304581698379618,0.61679436063,0.254015196553156,6,"Not significant"
"P3C4 / P3C4+Nigericin","AHNAK","Q09666","Q09666","AHNK_HUMAN","Neuroblast differentiation-associated protein AHNAK","Q09666_S3672_M1_19","HexNAc (ST)",0.756607875881562,0.616957844266801,0.254440128630845,6,"Not significant"
"P3C4 / P3C4+Nigericin","AHNAK","Q09666","Q09666","AHNK_HUMAN","Neuroblast differentiation-associated protein AHNAK","Q09666_S1414_M1_19","HexNAc (ST)",2.43596116716209,0.619794768676959,0.261226677803221,6,"Not significant"
"P3C4 / P3C4+Nigericin","P4HB","P07237","P07237","PDIA1_HUMAN","Protein disulfide-isomerase","P07237_T413_M1_19","HexNAc (ST)",0.339196437075496,0.620992356568018,0.263859550913476,6,"Not significant"
"P3C4 / P3C4+Nigericin","NCL","P19338","P19338","NUCL_HUMAN","Nucleolin","P19338_T305_M1_19","HexNAc (ST)",10.0808531252151,0.623264199456136,0.269086441687243,6,"Not significant"
"P3C4 / P3C4+Nigericin","CHMP4B","Q9H444","Q9H444","CHM4B_HUMAN","Charged multivesicular body protein 4b","Q9H444_T21_M1_19","HexNAc (ST)",0.506861473897766,0.623393524953108,0.269504270575249,6,"Not significant"
"P3C4 / P3C4+Nigericin","MATR3","P43243","P43243","MATR3_HUMAN","Matrin-3","P43243_S276_M2_19","HexNAc (ST)",0.462787004189772,0.624237688575607,0.271943364923113,6,"Not significant"
"P3C4 / P3C4+Nigericin","MATR3","P43243","P43243","MATR3_HUMAN","Matrin-3","P43243_S275_M2_19","HexNAc (ST)",0.462787004189772,0.624237688575607,0.271943364923113,6,"Not significant"
"P3C4 / P3C4+Nigericin","ACTR3","P61158","P61158","ARP3_HUMAN","Actin-related protein 3","P61158_T369_M1_19","HexNAc (ST)",0.276842571259122,0.626111172798462,0.277375072627069,6,"Not significant"
"P3C4 / P3C4+Nigericin","ARHGAP18","Q8N392","Q8N392","RHG18_HUMAN","Rho GTPase-activating protein 18","Q8N392_T327_M1_19","HexNAc (ST)",1.51481288331735,0.626373719627288,0.278132589048171,6,"Not significant"
"P3C4 / P3C4+Nigericin","P4HB","P07237","P07237","PDIA1_HUMAN","Protein disulfide-isomerase","P07237_S357_M1_19","HexNAc (ST)",0.492815613509366,0.627230070265003,0.280197767617584,6,"Not significant"
"P3C4 / P3C4+Nigericin","LMNB1","P20700","P20700","LMNB1_HUMAN","Lamin-B1","P20700_T188_M1_19","HexNAc (ST)",0.90154425607615,0.628610078396681,0.284769195049518,6,"Not significant"
"P3C4 / P3C4+Nigericin","ATP5F1A","P25705","P25705","ATPA_HUMAN","ATP synthase subunit alpha, mitochondrial","P25705_S325_M1_19","HexNAc (ST)",-0.877333033515079,0.629044780003972,0.285804997676873,6,"Not significant"
"P3C4 / P3C4+Nigericin","MAGT1","Q9H0U3","Q9H0U3","MAGT1_HUMAN","Magnesium transporter protein 1","Q9H0U3_S38_M2_19","HexNAc (ST)",0.476826646923652,0.629062377753696,0.285863326603464,6,"Not significant"
"P3C4 / P3C4+Nigericin","ZYX","Q15942","Q15942","ZYX_HUMAN","Zyxin","Q15942_T469_M2_19","HexNAc (ST)",0.502291175891362,0.631253833738417,0.292520226098645,6,"Not significant"
"P3C4 / P3C4+Nigericin","HBB","Cont_P02070","Cont_P02070","HBB_BOVIN","Hemoglobin subunit beta","Cont_P02070_T11_M1_19","HexNAc (ST)",-1.17478360909938,0.633972537254186,0.343095839440636,6,"Not significant"
"P3C4 / P3C4+Nigericin","HAX1","O00165","O00165","HAX1_HUMAN","HCLS1-associated protein X-1","O00165_S2_M1_19","HexNAc (ST)",0.247509783474201,0.633972537254186,0.381126810000049,6,"Not significant"
"P3C4 / P3C4+Nigericin","PLXNB2","O15031","O15031","PLXB2_HUMAN","Plexin-B2","O15031_T1124_M2_19","HexNAc (ST)",0.214948297695796,0.633972537254186,0.336024646307427,6,"Not significant"
"P3C4 / P3C4+Nigericin","PLXNB2","O15031","O15031","PLXB2_HUMAN","Plexin-B2","O15031_T1117_M2_19","HexNAc (ST)",0.214948297695796,0.633972537254186,0.336024646307427,6,"Not significant"
"P3C4 / P3C4+Nigericin","ACTN4","O43707","O43707","ACTN4_HUMAN","Alpha-actinin-4","O43707_T519_M1_19","HexNAc (ST)",5.12527968311804,0.633972537254186,0.423017483952348,6,"Not significant"
"P3C4 / P3C4+Nigericin","PTCD1","O75127","O75127","PTCD1_HUMAN","Pentatricopeptide repeat-containing protein 1, mitochondrial","O75127_T576_M1_19","HexNAc (ST)",6.21479141616132,0.633972537254186,0.422454934382413,6,"Not significant"
"P3C4 / P3C4+Nigericin","SEC22B","O75396","O75396","SC22B_HUMAN","Vesicle-trafficking protein SEC22b","O75396_S137_M2_19","HexNAc (ST)",2.10979391158964,0.633972537254186,0.347194067931924,6,"Not significant"
"P3C4 / P3C4+Nigericin","CDC123","O75794","O75794","CD123_HUMAN","Cell division cycle protein 123 homolog","O75794_T315_M2_19","HexNAc (ST)",7.88844539422671,0.633972537254186,0.422244090790799,6,"Not significant"
"P3C4 / P3C4+Nigericin","ATP5PD","O75947","O75947","ATP5H_HUMAN","ATP synthase subunit d, mitochondrial","O75947_T10_M1_19","HexNAc (ST)",-6.3078641415233,0.633972537254186,0.423043770112382,6,"Not significant"
"P3C4 / P3C4+Nigericin","ERLIN2","O94905","O94905","ERLN2_HUMAN","Erlin-2","O94905_T277_M1_19","HexNAc (ST)",-1.71470437919693,0.633972537254186,0.343610935163742,6,"Not significant"
"P3C4 / P3C4+Nigericin","GLUD1","P00367","P00367","DHE3_HUMAN","Glutamate dehydrogenase 1, mitochondrial","P00367_S166_M1_19","HexNAc (ST)",0.298884071703828,0.633972537254186,0.422606448999287,6,"Not significant"
"P3C4 / P3C4+Nigericin","ITGB1","P05556","P05556","ITB1_HUMAN","Integrin beta-1","P05556_T112_M1_19","HexNAc (ST)",0.85329067104511,0.633972537254186,0.409926845478843,6,"Not significant"
"P3C4 / P3C4+Nigericin","ATP5F1B","P06576","P06576","ATPB_HUMAN","ATP synthase subunit beta, mitochondrial","P06576_S253_M1_19","HexNAc (ST)",-6.8136129784856,0.633972537254186,0.423463804563176,6,"Not significant"
"P3C4 / P3C4+Nigericin","ENO1","P06733","P06733","ENOA_HUMAN","Alpha-enolase","P06733_T205_M1_19","HexNAc (ST)",5.49299036711941,0.633972537254186,0.407459728642699,6,"Not significant"
"P3C4 / P3C4+Nigericin","NPM1","P06748","P06748","NPM_HUMAN","Nucleophosmin","P06748_S10_M1_19","HexNAc (ST)",0.696198140292457,0.633972537254186,0.399318322818116,6,"Not significant"
"P3C4 / P3C4+Nigericin","P4HB","P07237","P07237","PDIA1_HUMAN","Protein disulfide-isomerase","P07237_T244_M1_19","HexNAc (ST)",-0.464827518164781,0.633972537254186,0.406869408487909,6,"Not significant"
"P3C4 / P3C4+Nigericin","H2AC11;H2AC12;H2AC14","P0C0S8;Q96KK5;Q99878","P0C0S8;Q96KK5;Q99878","H2A1_HUMAN;H2A1H_HUMAN;H2A1J_HUMAN","Histone H2A type 1;Histone H2A type 1-H;Histone H2A type 1-J","P0C0S8_T60_M1_19","HexNAc (ST)",1.56769821227395,0.633972537254186,0.367219335342185,6,"Not significant"
"P3C4 / P3C4+Nigericin","H2AC11;H2AC12;H2AC14","P0C0S8;Q96KK5;Q99878","P0C0S8;Q96KK5;Q99878","H2A1_HUMAN;H2A1H_HUMAN;H2A1J_HUMAN","Histone H2A type 1;Histone H2A type 1-H;Histone H2A type 1-J","Q96KK5_T60_M1_19","HexNAc (ST)",1.56769821227395,0.633972537254186,0.367219335342185,6,"Not significant"
"P3C4 / P3C4+Nigericin","H2AC11;H2AC12;H2AC14","P0C0S8;Q96KK5;Q99878","P0C0S8;Q96KK5;Q99878","H2A1_HUMAN;H2A1H_HUMAN;H2A1J_HUMAN","Histone H2A type 1;Histone H2A type 1-H;Histone H2A type 1-J","Q99878_T60_M1_19","HexNAc (ST)",1.56769821227395,0.633972537254186,0.367219335342185,6,"Not significant"
"P3C4 / P3C4+Nigericin","HSPD1","P10809","P10809","CH60_HUMAN","60 kDa heat shock protein, mitochondrial","P10809_T54_M1_19","HexNAc (ST)",0.400581001385998,0.633972537254186,0.410320132425482,6,"Not significant"
"P3C4 / P3C4+Nigericin","HSPD1","P10809","P10809","CH60_HUMAN","60 kDa heat shock protein, mitochondrial","P10809_T206_M1_19","HexNAc (ST)",7.01559294192949,0.633972537254186,0.422108363229883,6,"Not significant"
"P3C4 / P3C4+Nigericin","HSPA8","P11142","P11142","HSP7C_HUMAN","Heat shock cognate 71 kDa protein","P11142_T462_M1_19","HexNAc (ST)",4.64440834863558,0.633972537254186,0.423117605898192,6,"Not significant"
"P3C4 / P3C4+Nigericin","RNH1","P13489","P13489","RINI_HUMAN","Ribonuclease inhibitor","P13489_S84_M2_19","HexNAc (ST)",0.807639317215087,0.633972537254186,0.38945220894954,6,"Not significant"
"P3C4 / P3C4+Nigericin","RNH1","P13489","P13489","RINI_HUMAN","Ribonuclease inhibitor","P13489_T82_M2_19","HexNAc (ST)",0.807639317215087,0.633972537254186,0.38945220894954,6,"Not significant"
"P3C4 / P3C4+Nigericin","HSP90B1","P14625","P14625","ENPL_HUMAN","Endoplasmin","P14625_S607_M1_19","HexNAc (ST)",9.14822202281614,0.633972537254186,0.422385789686203,6,"Not significant"
"P3C4 / P3C4+Nigericin","RAC2","P15153","P15153","RAC2_HUMAN","Ras-related C3 botulinum toxin substrate 2","P15153_T138_M1_19","HexNAc (ST)",-6.8967953652592,0.633972537254186,0.423397787638253,6,"Not significant"
"P3C4 / P3C4+Nigericin","CD44","P16070","P16070","CD44_HUMAN","CD44 antigen","P16070_S686_M1_19","HexNAc (ST)",-5.18447222858433,0.633972537254186,0.432279102923395,6,"Not significant"
"P3C4 / P3C4+Nigericin","STMN1","P16949","P16949","STMN1_HUMAN","Stathmin","P16949_S46_M1_19","HexNAc (ST)",6.64620018591496,0.633972537254186,0.423165064027404,6,"Not significant"
"P3C4 / P3C4+Nigericin","DDX5","P17844","P17844","DDX5_HUMAN","Probable ATP-dependent RNA helicase DDX5","P17844_T436_M2_19","HexNAc (ST)",-7.23311906420807,0.633972537254186,0.421769321658761,6,"Not significant"
"P3C4 / P3C4+Nigericin","PSMC3","P17980","P17980","PRS6A_HUMAN","26S proteasome regulatory subunit 6A","P17980_T293_M2_19","HexNAc (ST)",3.78496525394828,0.633972537254186,0.331531991931764,6,"Not significant"
"P3C4 / P3C4+Nigericin","PSMC3","P17980","P17980","PRS6A_HUMAN","26S proteasome regulatory subunit 6A","P17980_S281_M2_19","HexNAc (ST)",3.78496525394828,0.633972537254186,0.331531991931764,6,"Not significant"
"P3C4 / P3C4+Nigericin","RAB4A","P20338","P20338","RAB4A_HUMAN","Ras-related protein Rab-4A","P20338_T69_M1_19","HexNAc (ST)",0.330238537904158,0.633972537254186,0.371169578286153,6,"Not significant"
"P3C4 / P3C4+Nigericin","MX2","P20592","P20592","MX2_HUMAN","Interferon-induced GTP-binding protein Mx2","P20592_T366_M1_19","HexNAc (ST)",6.7629463710782,0.633972537254186,0.423321457348994,5,"Not significant"
"P3C4 / P3C4+Nigericin","VDAC1","P21796","P21796","VDAC1_HUMAN","Voltage-dependent anion-selective channel protein 1","P21796_T250_M2_19","HexNAc (ST)",-4.95666294751501,0.633972537254186,0.420725630790995,6,"Not significant"
"P3C4 / P3C4+Nigericin","SFPQ","P23246","P23246","SFPQ_HUMAN","Splicing factor, proline- and glutamine-rich","P23246_S521_M1_19","HexNAc (ST)",6.60903140846105,0.633972537254186,0.423613976662792,6,"Not significant"
"P3C4 / P3C4+Nigericin","FKBP2","P26885","P26885","FKBP2_HUMAN","Peptidyl-prolyl cis-trans isomerase FKBP2","P26885_S108_M1_19","HexNAc (ST)",0.152287420919166,0.633972537254186,0.342756799969642,6,"Not significant"
"P3C4 / P3C4+Nigericin","CALR","P27797","P27797","CALR_HUMAN","Calreticulin","P27797_S53_M2_19","HexNAc (ST)",0.352332108373224,0.633972537254186,0.385835790391693,6,"Not significant"
"P3C4 / P3C4+Nigericin","CALR","P27797","P27797","CALR_HUMAN","Calreticulin","P27797_S52_M2_19","HexNAc (ST)",0.352332108373224,0.633972537254186,0.385835790391693,6,"Not significant"
"P3C4 / P3C4+Nigericin","CALR","P27797","P27797","CALR_HUMAN","Calreticulin","P27797_T173_M2_19","HexNAc (ST)",6.37940158104792,0.633972537254186,0.42315497893695,6,"Not significant"
"P3C4 / P3C4+Nigericin","TKT","P29401","P29401","TKT_HUMAN","Transketolase","P29401_S295_M2_19","HexNAc (ST)",9.21242565298224,0.633972537254186,0.422583477109809,6,"Not significant"
"P3C4 / P3C4+Nigericin","PDIA3","P30101","P30101","PDIA3_HUMAN","Protein disulfide-isomerase A3","P30101_S318_M2_19","HexNAc (ST)",3.28432010995478,0.633972537254186,0.391717748664475,6,"Not significant"
"P3C4 / P3C4+Nigericin","ACSL1","P33121","P33121","ACSL1_HUMAN","Long-chain-fatty-acid--CoA ligase 1","P33121_T384_M1_19","HexNAc (ST)",1.64664081136693,0.633972537254186,0.349934501653794,4,"Not significant"
"P3C4 / P3C4+Nigericin","MYH9","P35579","P35579","MYH9_HUMAN","Myosin-9","P35579_T1313_M1_19","HexNAc (ST)",-7.24927989010816,0.633972537254186,0.422769090680392,6,"Not significant"
"P3C4 / P3C4+Nigericin","LONP1","P36776","P36776","LONM_HUMAN","Lon protease homolog, mitochondrial","P36776_T582_M1_19","HexNAc (ST)",-0.308353015360541,0.633972537254186,0.432676093723799,6,"Not significant"
"P3C4 / P3C4+Nigericin","RBMX","P38159","P38159","RBMX_HUMAN","RNA-binding motif protein, X chromosome","P38159_S58_M2_19","HexNAc (ST)",-2.15571541506457,0.633972537254186,0.402465721439445,6,"Not significant"
"P3C4 / P3C4+Nigericin","RBMX","P38159","P38159","RBMX_HUMAN","RNA-binding motif protein, X chromosome","P38159_T55_M2_19","HexNAc (ST)",-2.15571541506457,0.633972537254186,0.402465721439445,6,"Not significant"
"P3C4 / P3C4+Nigericin","COL18A1","P39060","P39060","COIA1_HUMAN","Collagen alpha-1(XVIII) chain","P39060_S1377_M1_19","HexNAc (ST)",5.23812400598476,0.633972537254186,0.426355556861622,6,"Not significant"
"P3C4 / P3C4+Nigericin","TMPO","P42166","P42166","LAP2A_HUMAN","Lamina-associated polypeptide 2, isoform alpha","P42166_T26_M1_19","HexNAc (ST)",-0.571013541440277,0.633972537254186,0.31585512483949,5,"Not significant"
"P3C4 / P3C4+Nigericin","AARS1","P49588","P49588","SYAC_HUMAN","Alanine--tRNA ligase, cytoplasmic","P49588_T804_M1_19","HexNAc (ST)",-3.09377774572821,0.633972537254186,0.433250043694604,6,"Not significant"
"P3C4 / P3C4+Nigericin","TMED10","P49755","P49755","TMEDA_HUMAN","Transmembrane emp24 domain-containing protein 10","P49755_T114_M1_19","HexNAc (ST)",-0.806120105908662,0.633972537254186,0.368475580498151,6,"Not significant"
"P3C4 / P3C4+Nigericin","MANF","P55145","P55145","MANF_HUMAN","Mesencephalic astrocyte-derived neurotrophic factor","P55145_T55_M1_19","HexNAc (ST)",1.38711182641679,0.633972537254186,0.38682921537792,6,"Not significant"
"P3C4 / P3C4+Nigericin","NAP1L1","P55209","P55209","NP1L1_HUMAN","Nucleosome assembly protein 1-like 1","P55209_T39_M1_19","HexNAc (ST)",-0.470643683809973,0.633972537254186,0.394327678355172,6,"Not significant"
"P3C4 / P3C4+Nigericin","CDC42","P60953","P60953","CDC42_HUMAN","Cell division control protein 42 homolog","P60953_T161_M1_19","HexNAc (ST)",4.08635527703933,0.633972537254186,0.427027575888042,6,"Not significant"
"P3C4 / P3C4+Nigericin","RAB8A","P61006","P61006","RAB8A_HUMAN","Ras-related protein Rab-8A","P61006_S111_M1_19","HexNAc (ST)",5.60104352077402,0.633972537254186,0.41950488743041,6,"Not significant"
"P3C4 / P3C4+Nigericin","RAB2A","P61019","P61019","RAB2A_HUMAN","Ras-related protein Rab-2A","P61019_S67_M1_19","HexNAc (ST)",0.368830954115805,0.633972537254186,0.311809245401856,6,"Not significant"
"P3C4 / P3C4+Nigericin","SUMO2","P61956","P61956","SUMO2_HUMAN","Small ubiquitin-related modifier 2","P61956_T12_M1_19","HexNAc (ST)",3.40647145269807,0.633972537254186,0.428783514192409,6,"Not significant"
"P3C4 / P3C4+Nigericin","RPL8","P62917","P62917","RL8_HUMAN","Large ribosomal subunit protein uL2","P62917_T135_M3_19","HexNAc (ST)",-5.20763996027304,0.633972537254186,0.424929381158827,6,"Not significant"
"P3C4 / P3C4+Nigericin","PPIA","P62937","P62937","PPIA_HUMAN","Peptidyl-prolyl cis-trans isomerase A","P62937_T73_M2_19","HexNAc (ST)",3.75178645366823,0.633972537254186,0.419971486725203,5,"Not significant"
"P3C4 / P3C4+Nigericin","TUBB4B","P68371","P68371","TBB4B_HUMAN","Tubulin beta-4B chain","P68371_S172_M1_19","HexNAc (ST)",1.63783736887933,0.633972537254186,0.334794503393013,5,"Not significant"
"P3C4 / P3C4+Nigericin","BASP1","P80723","P80723","BASP1_HUMAN","Brain acid soluble protein 1","P80723_S40_M1_19","HexNAc (ST)",2.18037301499504,0.633972537254186,0.406781514773624,6,"Not significant"
"P3C4 / P3C4+Nigericin","HNRNPU","Q00839","Q00839","HNRPU_HUMAN","Heterogeneous nuclear ribonucleoprotein U","Q00839_S585_M1_19","HexNAc (ST)",0.652691050124157,0.633972537254186,0.433618410436198,6,"Not significant"
"P3C4 / P3C4+Nigericin","NOTCH2","Q04721","Q04721","NOTC2_HUMAN","Neurogenic locus notch homolog protein 2","Q04721_T78_M1_19","HexNAc (ST)",-0.310304477129004,0.633972537254186,0.392341245504632,6,"Not significant"
"P3C4 / P3C4+Nigericin","AHNAK","Q09666","Q09666","AHNK_HUMAN","Neuroblast differentiation-associated protein AHNAK","Q09666_S2926_M1_19","HexNAc (ST)",8.43177531220002,0.633972537254186,0.42218545668196,6,"Not significant"
"P3C4 / P3C4+Nigericin","AHNAK","Q09666","Q09666","AHNK_HUMAN","Neuroblast differentiation-associated protein AHNAK","Q09666_S4684_M1_19","HexNAc (ST)",1.17528711876164,0.633972537254186,0.427837179568815,6,"Not significant"
"P3C4 / P3C4+Nigericin","AHNAK","Q09666","Q09666","AHNK_HUMAN","Neuroblast differentiation-associated protein AHNAK","Q09666_S5214_M1_19","HexNAc (ST)",1.7593226464609,0.633972537254186,0.329275400097166,6,"Not significant"
"P3C4 / P3C4+Nigericin","AHNAK","Q09666","Q09666","AHNK_HUMAN","Neuroblast differentiation-associated protein AHNAK","Q09666_S2580_M1_19","HexNAc (ST)",0.564791691620099,0.633972537254186,0.352471294380901,6,"Not significant"
"P3C4 / P3C4+Nigericin","AHNAK","Q09666","Q09666","AHNK_HUMAN","Neuroblast differentiation-associated protein AHNAK","Q09666_S4002_M1_19","HexNAc (ST)",0.564791691620099,0.633972537254186,0.352471294380901,6,"Not significant"
"P3C4 / P3C4+Nigericin","AHNAK","Q09666","Q09666","AHNK_HUMAN","Neuroblast differentiation-associated protein AHNAK","Q09666_S4258_M1_19","HexNAc (ST)",0.564791691620099,0.633972537254186,0.352471294380901,6,"Not significant"
"P3C4 / P3C4+Nigericin","AHNAK","Q09666","Q09666","AHNK_HUMAN","Neuroblast differentiation-associated protein AHNAK","Q09666_S4460_M1_19","HexNAc (ST)",0.564791691620099,0.633972537254186,0.352471294380901,6,"Not significant"
"P3C4 / P3C4+Nigericin","AHNAK","Q09666","Q09666","AHNK_HUMAN","Neuroblast differentiation-associated protein AHNAK","Q09666_S3182_M1_19","HexNAc (ST)",-8.1035693178712,0.633972537254186,0.421787797618894,6,"Not significant"
"P3C4 / P3C4+Nigericin","AHNAK","Q09666","Q09666","AHNK_HUMAN","Neuroblast differentiation-associated protein AHNAK","Q09666_S3964_M1_19","HexNAc (ST)",-8.1035693178712,0.633972537254186,0.421787797618894,6,"Not significant"
"P3C4 / P3C4+Nigericin","AHNAK","Q09666","Q09666","AHNK_HUMAN","Neuroblast differentiation-associated protein AHNAK","Q09666_S845_M2_19","HexNAc (ST)",-3.96421810785811,0.633972537254186,0.427192624585069,6,"Not significant"
"P3C4 / P3C4+Nigericin","AHNAK","Q09666","Q09666","AHNK_HUMAN","Neuroblast differentiation-associated protein AHNAK","Q09666_T839_M2_19","HexNAc (ST)",-3.96421810785811,0.633972537254186,0.427192624585069,6,"Not significant"
"P3C4 / P3C4+Nigericin","UBE2V1","Q13404","Q13404","UB2V1_HUMAN","Ubiquitin-conjugating enzyme E2 variant 1","Q13404_S66_M1_19","HexNAc (ST)",-1.93926673764058,0.633972537254186,0.372093063195221,6,"Not significant"
"P3C4 / P3C4+Nigericin","CAMK1","Q14012","Q14012","KCC1A_HUMAN","Calcium/calmodulin-dependent protein kinase type 1","Q14012_S62_M1_19","HexNAc (ST)",3.39984031687241,0.633972537254186,0.42425037065937,6,"Not significant"
"P3C4 / P3C4+Nigericin","UBAP2L","Q14157","Q14157","UBP2L_HUMAN","Ubiquitin-associated protein 2-like","Q14157_S604_M1_19","HexNAc (ST)",4.80058151833555,0.633972537254186,0.425569340149966,6,"Not significant"
"P3C4 / P3C4+Nigericin","FRG1","Q14331","Q14331","FRG1_HUMAN","Protein FRG1","Q14331_S121_M1_19","HexNAc (ST)",-3.68221188111098,0.633972537254186,0.427590395555455,6,"Not significant"
"P3C4 / P3C4+Nigericin","FRG1","Q14331","Q14331","FRG1_HUMAN","Protein FRG1","Q14331_S121_M2_19","HexNAc (ST)",-3.94823265139801,0.633972537254186,0.422447361279298,6,"Not significant"
"P3C4 / P3C4+Nigericin","FRG1","Q14331","Q14331","FRG1_HUMAN","Protein FRG1","Q14331_S111_M2_19","HexNAc (ST)",-3.94823265139801,0.633972537254186,0.422447361279298,6,"Not significant"
"P3C4 / P3C4+Nigericin","SLC25A24","Q6NUK1","Q6NUK1","SCMC1_HUMAN","Mitochondrial adenyl nucleotide antiporter SLC25A24","Q6NUK1_S208_M1_19","HexNAc (ST)",-0.593966755221594,0.633972537254186,0.42904392757123,6,"Not significant"
"P3C4 / P3C4+Nigericin","NUP54","Q7Z3B4","Q7Z3B4","NUP54_HUMAN","Nucleoporin p54","Q7Z3B4_S319_M1_19","HexNAc (ST)",0.254431435168789,0.633972537254186,0.333916657305621,6,"Not significant"
"P3C4 / P3C4+Nigericin","CPNE8","Q86YQ8","Q86YQ8","CPNE8_HUMAN","Copine-8","Q86YQ8_S356_M1_19","HexNAc (ST)",5.20255820987878,0.633972537254186,0.424811446324616,6,"Not significant"
"P3C4 / P3C4+Nigericin","ARHGAP45","Q92619","Q92619","HMHA1_HUMAN","Rho GTPase-activating protein 45","Q92619_T742_M1_19","HexNAc (ST)",1.14331644075976,0.633972537254186,0.402699184886147,6,"Not significant"
"P3C4 / P3C4+Nigericin","NRGN","Q92686","Q92686","NEUG_HUMAN","Neurogranin","Q92686_T5_M2_19","HexNAc (ST)",-5.21173573410467,0.633972537254186,0.311777191819378,5,"Not significant"
"P3C4 / P3C4+Nigericin","TAMM41","Q96BW9","Q96BW9","TAM41_HUMAN","Phosphatidate cytidylyltransferase, mitochondrial","Q96BW9_S218_M1_19","HexNAc (ST)",4.24507150271448,0.633972537254186,0.397229855805017,6,"Not significant"
"P3C4 / P3C4+Nigericin","QKI","Q96PU8","Q96PU8","QKI_HUMAN","KH domain-containing RNA-binding protein QKI","Q96PU8_T203_M1_19","HexNAc (ST)",5.79178957925398,0.633972537254186,0.423253106494869,6,"Not significant"
"P3C4 / P3C4+Nigericin","CHMP4B","Q9H444","Q9H444","CHM4B_HUMAN","Charged multivesicular body protein 4b","Q9H444_S87_M2_19","HexNAc (ST)",-5.27959454577199,0.633972537254186,0.42501787748736,6,"Not significant"
"P3C4 / P3C4+Nigericin","DMAP1","Q9NPF5","Q9NPF5","DMAP1_HUMAN","DNA methyltransferase 1-associated protein 1","Q9NPF5_T237_M1_19","HexNAc (ST)",-0.33555062282828,0.633972537254186,0.370061846470871,6,"Not significant"
"P3C4 / P3C4+Nigericin","OLA1","Q9NTK5","Q9NTK5","OLA1_HUMAN","Obg-like ATPase 1","Q9NTK5_S22_M2_19","HexNAc (ST)",-1.16023934260776,0.633972537254186,0.386843356622308,6,"Not significant"
"P3C4 / P3C4+Nigericin","OLA1","Q9NTK5","Q9NTK5","OLA1_HUMAN","Obg-like ATPase 1","Q9NTK5_T21_M2_19","HexNAc (ST)",-1.16023934260776,0.633972537254186,0.386843356622308,6,"Not significant"
"P3C4 / P3C4+Nigericin","NHP2","Q9NX24","Q9NX24","NHP2_HUMAN","H/ACA ribonucleoprotein complex subunit 2","Q9NX24_S40_M2_19","HexNAc (ST)",-0.336176456622642,0.633972537254186,0.330169489230529,5,"Not significant"
"P3C4 / P3C4+Nigericin","RUVBL2","Q9Y230","Q9Y230","RUVB2_HUMAN","RuvB-like 2","Q9Y230_T194_M1_19","HexNAc (ST)",0.208352564282596,0.633972537254186,0.30379420584565,6,"Not significant"
"P3C4 / P3C4+Nigericin","NOP58","Q9Y2X3","Q9Y2X3","NOP58_HUMAN","Nucleolar protein 58","Q9Y2X3_T61_M2_19","HexNAc (ST)",1.63898432382096,0.633972537254186,0.384428944301004,6,"Not significant"
"P3C4 / P3C4+Nigericin","NOP58","Q9Y2X3","Q9Y2X3","NOP58_HUMAN","Nucleolar protein 58","Q9Y2X3_T53_M2_19","HexNAc (ST)",1.63898432382096,0.633972537254186,0.384428944301004,6,"Not significant"
"P3C4 / P3C4+Nigericin","SQOR","Q9Y6N5","Q9Y6N5","SQOR_HUMAN","Sulfide:quinone oxidoreductase, mitochondrial","Q9Y6N5_S299_M1_19","HexNAc (ST)",6.39218974600311,0.633972537254186,0.41738856878624,5,"Not significant"
"P3C4 / P3C4+Nigericin","CPD","O75976","O75976","CBPD_HUMAN","Carboxypeptidase D","O75976_S628_M1_19","HexNAc (ST)",0.69697820087073,0.633972537254186,0.344751719203582,6,"Not significant"
"P3C4 / P3C4+Nigericin","TPP1","O14773","O14773","TPP1_HUMAN","Tripeptidyl-peptidase 1","O14773_T50_M1_19","HexNAc (ST)",6.04377323346238,0.633972537254186,0.421986025679836,6,"Not significant"
"P3C4 / P3C4+Nigericin","PABPC1","P11940","P11940","PABP1_HUMAN","Polyadenylate-binding protein 1","P11940_S51_M1_19","HexNAc (ST)",7.52495687165486,0.633972537254186,0.422450653761537,6,"Not significant"
"P3C4 / P3C4+Nigericin","ACTB","Cont_P60712;P60709","Cont_P60712;P60709","ACTB_BOVIN;ACTB_HUMAN","Actin, cytoplasmic 1;Actin, cytoplasmic 1","Cont_P60712_S235_M2_19","HexNAc (ST)",-0.225735304834012,0.633972537254186,0.426874323001681,4,"Not significant"
"P3C4 / P3C4+Nigericin","ACTB","Cont_P60712;P60709","Cont_P60712;P60709","ACTB_BOVIN;ACTB_HUMAN","Actin, cytoplasmic 1;Actin, cytoplasmic 1","Cont_P60712_S234_M2_19","HexNAc (ST)",-0.225735304834012,0.633972537254186,0.426874323001681,4,"Not significant"
"P3C4 / P3C4+Nigericin","ACTB","Cont_P60712;P60709","Cont_P60712;P60709","ACTB_BOVIN;ACTB_HUMAN","Actin, cytoplasmic 1;Actin, cytoplasmic 1","P60709_S235_M2_19","HexNAc (ST)",-0.225735304834012,0.633972537254186,0.426874323001681,4,"Not significant"
"P3C4 / P3C4+Nigericin","ACTB","Cont_P60712;P60709","Cont_P60712;P60709","ACTB_BOVIN;ACTB_HUMAN","Actin, cytoplasmic 1;Actin, cytoplasmic 1","P60709_S234_M2_19","HexNAc (ST)",-0.225735304834012,0.633972537254186,0.426874323001681,4,"Not significant"
"P3C4 / P3C4+Nigericin","UQCRC1","P31930","P31930","QCR1_HUMAN","Cytochrome b-c1 complex subunit 1, mitochondrial","P31930_S446_M1_19","HexNAc (ST)",-3.79310744984035,0.63415338675328,0.438144146351819,6,"Not significant"
"P3C4 / P3C4+Nigericin","CAPG","P40121","P40121","CAPG_HUMAN","Macrophage-capping protein","P40121_S255_M2_19","HexNAc (ST)",0.258643055495677,0.634823014092415,0.442443111060606,5,"Not significant"
"P3C4 / P3C4+Nigericin","CS","O75390","O75390","CISY_HUMAN","Citrate synthase, mitochondrial","O75390_S97_M2_19","HexNAc (ST)",1.12157803233056,0.635275328890122,0.445053132786109,4,"Not significant"
"P3C4 / P3C4+Nigericin","DPP3","Q9NY33","Q9NY33","DPP3_HUMAN","Dipeptidyl peptidase 3","Q9NY33_S692_M2_19","HexNAc (ST)",1.66294789752185,0.635496893129595,0.446055197033257,6,"Not significant"
"P3C4 / P3C4+Nigericin","AHNAK","Q09666","Q09666","AHNK_HUMAN","Neuroblast differentiation-associated protein AHNAK","Q09666_T1192_M2_19","HexNAc (ST)",-2.06616202882377,0.635980308317628,0.447840281158155,6,"Not significant"
"P3C4 / P3C4+Nigericin","AHNAK","Q09666","Q09666","AHNK_HUMAN","Neuroblast differentiation-associated protein AHNAK","Q09666_T1986_M2_19","HexNAc (ST)",-2.06616202882377,0.635980308317628,0.447840281158155,6,"Not significant"
"P3C4 / P3C4+Nigericin","MYCBPAP","Q8TBZ2","Q8TBZ2","MYBPP_HUMAN","MYCBP-associated protein","Q8TBZ2_S582_M3_19","HexNAc (ST)",-0.264438052224686,0.636081277651646,0.448073582309424,6,"Not significant"
"P3C4 / P3C4+Nigericin","MYCBPAP","Q8TBZ2","Q8TBZ2","MYBPP_HUMAN","MYCBP-associated protein","Q8TBZ2_T580_M3_19","HexNAc (ST)",-0.264438052224686,0.636081277651646,0.448073595662343,6,"Not significant"
"P3C4 / P3C4+Nigericin","EIF4A1","P60842","P60842","IF4A1_HUMAN","Eukaryotic initiation factor 4A-I","P60842_S342_M2_19","HexNAc (ST)",-1.75591535745646,0.636326058683422,0.449535704695592,6,"Not significant"
"P3C4 / P3C4+Nigericin","ATP6V1E1","P36543","P36543","VATE1_HUMAN","V-type proton ATPase subunit E 1","P36543_S73_M1_19","HexNAc (ST)",-3.03778743913674,0.636520918611478,0.450472744041867,6,"Not significant"
"P3C4 / P3C4+Nigericin","HNRNPDL","O14979","O14979","HNRDL_HUMAN","Heterogeneous nuclear ribonucleoprotein D-like","O14979_S201_M1_19","HexNAc (ST)",-1.72893320296648,0.637160962128696,0.452635194916583,6,"Not significant"
"P3C4 / P3C4+Nigericin","STX3","Q13277","Q13277","STX3_HUMAN","Syntaxin-3","Q13277_S97_M1_19","HexNAc (ST)",-0.400745898072682,0.637282908994218,0.453261910609506,6,"Not significant"
"P3C4 / P3C4+Nigericin","ENO1","P06733","P06733","ENOA_HUMAN","Alpha-enolase","P06733_S268_M2_19","HexNAc (ST)",-0.409281809455282,0.637495128141139,0.454240403291992,6,"Not significant"
"P3C4 / P3C4+Nigericin","AHNAK","Q09666","Q09666","AHNK_HUMAN","Neuroblast differentiation-associated protein AHNAK","Q09666_T1472_M1_19","HexNAc (ST)",0.875499123042008,0.637717244933508,0.455083700782521,6,"Not significant"
"P3C4 / P3C4+Nigericin","HSPA8","P11142","P11142","HSP7C_HUMAN","Heat shock cognate 71 kDa protein","P11142_S85_M1_19","HexNAc (ST)",0.974293777088299,0.637729026607035,0.455254964897713,6,"Not significant"
"P3C4 / P3C4+Nigericin","HSPA8","P11142","P11142","HSP7C_HUMAN","Heat shock cognate 71 kDa protein","P11142_T586_M1_19","HexNAc (ST)",1.00116999495035,0.639246484682871,0.460830307745327,6,"Not significant"
"P3C4 / P3C4+Nigericin","PRSS1","Cont_P00760","Cont_P00760","TRY1_BOVIN","Serine protease 1","Cont_P00760_S170_M2_19","HexNAc (ST)",0.301162873040272,0.63974983282713,0.462560192789309,5,"Not significant"
"P3C4 / P3C4+Nigericin","AHNAK","Q09666","Q09666","AHNK_HUMAN","Neuroblast differentiation-associated protein AHNAK","Q09666_S1542_M1_19","HexNAc (ST)",-1.02945118939648,0.640643270586935,0.466035450880366,6,"Not significant"
"P3C4 / P3C4+Nigericin","TPM4","P67936","P67936","TPM4_HUMAN","Tropomyosin alpha-4 chain","P67936_S87_M1_19","HexNAc (ST)",-1.14268829173744,0.64064864430418,0.466119514759567,6,"Not significant"
"P3C4 / P3C4+Nigericin","LRRC8C","Q8TDW0","Q8TDW0","LRC8C_HUMAN","Volume-regulated anion channel subunit LRRC8C","Q8TDW0_T791_M1_19","HexNAc (ST)",-3.02286183642581,0.641049428144351,0.467567941710278,4,"Not significant"
"P3C4 / P3C4+Nigericin","KRT14","Cont_P02533;P02533","Cont_P02533;P02533","K1C14_HUMAN","Keratin, type I cytoskeletal 14;Keratin, type I cytoskeletal 14","Cont_P02533_T310_M2_19","HexNAc (ST)",-0.718264669704453,0.644696789200346,0.484442672996317,6,"Not significant"
"P3C4 / P3C4+Nigericin","KRT14","Cont_P02533;P02533","Cont_P02533;P02533","K1C14_HUMAN","Keratin, type I cytoskeletal 14;Keratin, type I cytoskeletal 14","Cont_P02533_T308_M2_19","HexNAc (ST)",-0.718264669704453,0.644696789200346,0.484442672996317,6,"Not significant"
"P3C4 / P3C4+Nigericin","KRT14","Cont_P02533;P02533","Cont_P02533;P02533","K1C14_HUMAN","Keratin, type I cytoskeletal 14;Keratin, type I cytoskeletal 14","P02533_T310_M2_19","HexNAc (ST)",-0.718264669704453,0.644696789200346,0.484442672996317,6,"Not significant"
"P3C4 / P3C4+Nigericin","KRT14","Cont_P02533;P02533","Cont_P02533;P02533","K1C14_HUMAN","Keratin, type I cytoskeletal 14;Keratin, type I cytoskeletal 14","P02533_T308_M2_19","HexNAc (ST)",-0.718264669704453,0.644696789200346,0.484442672996317,6,"Not significant"
"P3C4 / P3C4+Nigericin","EPRS1","P07814","P07814","SYEP_HUMAN","Bifunctional glutamate/proline--tRNA ligase","P07814_T1110_M1_19","HexNAc (ST)",4.93281951624835,0.644696789200346,0.500352788133674,4,"Not significant"
"P3C4 / P3C4+Nigericin","HSPD1","P10809","P10809","CH60_HUMAN","60 kDa heat shock protein, mitochondrial","P10809_S175_M2_19","HexNAc (ST)",5.84868276509137,0.644696789200346,0.503079216220421,4,"Not significant"
"P3C4 / P3C4+Nigericin","H1-3","P16402","P16402","H13_HUMAN","Histone H1.3","P16402_S59_M2_19","HexNAc (ST)",-8.74946666340246,0.644696789200346,0.500056649008246,4,"Not significant"
"P3C4 / P3C4+Nigericin","CPT2","P23786","P23786","CPT2_HUMAN","Carnitine O-palmitoyltransferase 2, mitochondrial","P23786_S66_M1_19","HexNAc (ST)",-0.234295942988385,0.644696789200346,0.498098551507684,6,"Not significant"
"P3C4 / P3C4+Nigericin","CAPG","P40121","P40121","CAPG_HUMAN","Macrophage-capping protein","P40121_T264_M1_19","HexNAc (ST)",-4.61175279605181,0.644696789200346,0.503087205368284,4,"Not significant"
"P3C4 / P3C4+Nigericin","AK2","P54819","P54819","KAD2_HUMAN","Adenylate kinase 2, mitochondrial","P54819_S228_M1_19","HexNAc (ST)",2.06526988508592,0.644696789200346,0.501551032614582,4,"Not significant"
"P3C4 / P3C4+Nigericin","MYL6","P60660","P60660","MYL6_HUMAN","Myosin light polypeptide 6","P60660_T76_M1_19","HexNAc (ST)",-0.17737308176114,0.644696789200346,0.496525573896412,6,"Not significant"
"P3C4 / P3C4+Nigericin","RPL8","P62917","P62917","RL8_HUMAN","Large ribosomal subunit protein uL2","P62917_S138_M3_19","HexNAc (ST)",-5.86090578968704,0.644696789200346,0.501542417135278,4,"Not significant"
"P3C4 / P3C4+Nigericin","PTGES3","Q15185","Q15185","TEBP_HUMAN","Prostaglandin E synthase 3","Q15185_S64_M1_19","HexNAc (ST)",0.392647634592545,0.644696789200346,0.491268985396152,6,"Not significant"
"P3C4 / P3C4+Nigericin","MRPL2","Q5T653","Q5T653","RM02_HUMAN","Large ribosomal subunit protein uL2m","Q5T653_T223_M2_19","HexNAc (ST)",-0.506141000704131,0.644696789200346,0.502452826897122,6,"Not significant"
"P3C4 / P3C4+Nigericin","LYRM7","Q5U5X0","Q5U5X0","LYRM7_HUMAN","Complex III assembly factor LYRM7","Q5U5X0_T101_M1_19","HexNAc (ST)",0.200581851367981,0.644696789200346,0.492123962467775,6,"Not significant"
"P3C4 / P3C4+Nigericin","MYO18A","Q92614","Q92614","MY18A_HUMAN","Unconventional myosin-XVIIIa","Q92614_T1661_M1_19","HexNAc (ST)",-0.847682530600486,0.644696789200346,0.498943456379469,6,"Not significant"
"P3C4 / P3C4+Nigericin","NT5DC2","Q9H857","Q9H857","NT5D2_HUMAN","5'-nucleotidase domain-containing protein 2","Q9H857_T305_M1_19","HexNAc (ST)",-10.5768101464048,0.644696789200346,0.499951346403906,4,"Not significant"
"P3C4 / P3C4+Nigericin","PDIA3","P30101","P30101","PDIA3_HUMAN","Protein disulfide-isomerase A3","P30101_S44_M1_19","HexNAc (ST)",5.06789408890962,0.644696789200346,0.498116779879529,4,"Not significant"
"P3C4 / P3C4+Nigericin","HSPA4","P34932","P34932","HSP74_HUMAN","Heat shock 70 kDa protein 4","P34932_T229_M2_19","HexNAc (ST)",-5.68560609976575,0.644696789200346,0.496251104858622,4,"Not significant"
"P3C4 / P3C4+Nigericin","TRIM28","Q13263","Q13263","TIF1B_HUMAN","Transcription intermediary factor 1-beta","Q13263_S784_M2_19","HexNAc (ST)",-4.02290272799674,0.644696789200346,0.499110122201187,5,"Not significant"
"P3C4 / P3C4+Nigericin","PRSS1","Cont_P00760","Cont_P00760","TRY1_BOVIN","Serine protease 1","Cont_P00760_S91_M1_19","HexNAc (ST)",-4.81411735603648,0.644733568353936,0.503567494899728,4,"Not significant"
"P3C4 / P3C4+Nigericin","H1-5","P16401","P16401","H15_HUMAN","Histone H1.5","P16401_S61_M1_19","HexNAc (ST)",0.121321610072269,0.645108355682062,0.50696999379213,6,"Not significant"
"P3C4 / P3C4+Nigericin","PTPRE","P23469","P23469","PTPRE_HUMAN","Receptor-type tyrosine-protein phosphatase epsilon","P23469_S187_M2_19","HexNAc (ST)",-3.07027909147278,0.64548458706688,0.508501785491342,4,"Not significant"
"P3C4 / P3C4+Nigericin","VIM","P08670","P08670","VIME_HUMAN","Vimentin","P08670_S278_M1_19","HexNAc (ST)",-0.66557326914376,0.646047208562924,0.510542879073091,6,"Not significant"
"P3C4 / P3C4+Nigericin","MAP3K7","O43318","O43318","M3K7_HUMAN","Mitogen-activated protein kinase kinase kinase 7","O43318_T538_M1_19","HexNAc (ST)",0.793345722872482,0.646079286894697,0.510629677584655,6,"Not significant"
"P3C4 / P3C4+Nigericin","IMP4","Q96G21","Q96G21","IMP4_HUMAN","U3 small nucleolar ribonucleoprotein protein IMP4","Q96G21_T134_M1_19","HexNAc (ST)",0.161090043070075,0.64663403162507,0.512963190166257,6,"Not significant"
"P3C4 / P3C4+Nigericin","TRIM28","Q13263","Q13263","TIF1B_HUMAN","Transcription intermediary factor 1-beta","Q13263_S784_M1_19","HexNAc (ST)",2.18965234044547,0.647124418901479,0.51445848162521,6,"Not significant"
"P3C4 / P3C4+Nigericin","ATP1A1","P05023","P05023","AT1A1_HUMAN","Sodium/potassium-transporting ATPase subunit alpha-1","P05023_S675_M2_19","HexNAc (ST)",-0.326143013231944,0.648103154855387,0.518152265013516,4,"Not significant"
"P3C4 / P3C4+Nigericin","GPI","P06744","P06744","G6PI_HUMAN","Glucose-6-phosphate isomerase","P06744_S532_M1_19","HexNAc (ST)",1.9731846207713,0.652664910786805,0.532235534894243,6,"Not significant"
"P3C4 / P3C4+Nigericin","POFUT2","Q9Y2G5","Q9Y2G5","OFUT2_HUMAN","GDP-fucose protein O-fucosyltransferase 2","Q9Y2G5_S282_M1_19","HexNAc (ST)",1.06749590892775,0.653461544360649,0.534567121424798,6,"Not significant"
"P3C4 / P3C4+Nigericin","XRCC5","P13010","P13010","XRCC5_HUMAN","X-ray repair cross-complementing protein 5","P13010_T293_M1_19","HexNAc (ST)",2.40159154211361,0.654352340053922,0.537321292023651,5,"Not significant"
"P3C4 / P3C4+Nigericin","P4HB","P07237","P07237","PDIA1_HUMAN","Protein disulfide-isomerase","P07237_T101_M1_19","HexNAc (ST)",1.90997399326442,0.6550543496822,0.53963052628224,5,"Not significant"
"P3C4 / P3C4+Nigericin","NaN","Cont_P02081","Cont_P02081","HBBF_BOVIN","Hemoglobin fetal subunit beta","Cont_P02081_S12_M2_19","HexNAc (ST)",0.188859189458477,0.655830235247333,0.541859165274565,6,"Not significant"
"P3C4 / P3C4+Nigericin","NaN","Cont_P02081","Cont_P02081","HBBF_BOVIN","Hemoglobin fetal subunit beta","Cont_P02081_T11_M2_19","HexNAc (ST)",0.188859189458477,0.655830235247333,0.541859165274565,6,"Not significant"
"P3C4 / P3C4+Nigericin","ACTN4","O43707","O43707","ACTN4_HUMAN","Alpha-actinin-4","O43707_T222_M1_19","HexNAc (ST)",0.647249854700476,0.655911156439521,0.542080311301246,6,"Not significant"
"P3C4 / P3C4+Nigericin","DYNC1I2","Q13409","Q13409","DC1I2_HUMAN","Cytoplasmic dynein 1 intermediate chain 2","Q13409_S590_M1_19","HexNAc (ST)",1.51274471184002,0.657531596988768,0.546813935160623,6,"Not significant"
"P3C4 / P3C4+Nigericin","TRIM28","Q13263","Q13263","TIF1B_HUMAN","Transcription intermediary factor 1-beta","Q13263_S756_M2_19","HexNAc (ST)",2.80372617832546,0.657738506281916,0.547401736017619,4,"Not significant"
"P3C4 / P3C4+Nigericin","P4HA1","P13674","P13674","P4HA1_HUMAN","Prolyl 4-hydroxylase subunit alpha-1","P13674_S345_M1_19","HexNAc (ST)",-0.697312566182714,0.660562493687827,0.555915500780838,6,"Not significant"
"P3C4 / P3C4+Nigericin","HNRNPU","Q00839","Q00839","HNRPU_HUMAN","Heterogeneous nuclear ribonucleoprotein U","Q00839_S746_M1_19","HexNAc (ST)",-0.144307660412165,0.663635970677015,0.565374778110539,6,"Not significant"
"P3C4 / P3C4+Nigericin","SERPINB8","P50452","P50452","SPB8_HUMAN","Serpin B8","P50452_S276_M1_19","HexNAc (ST)",1.4287737498117,0.66433957655691,0.567606539152647,6,"Not significant"
"P3C4 / P3C4+Nigericin","SCP2","P22307","P22307","SCP2_HUMAN","Sterol carrier protein 2","P22307_T473_M1_19","HexNAc (ST)",0.216652127833489,0.664572924905701,0.568298753398071,6,"Not significant"
"P3C4 / P3C4+Nigericin","CTSV","O60911","O60911","CATL2_HUMAN","Cathepsin L2","O60911_S142_M2_19","HexNAc (ST)",0.190131627279019,0.664602864529156,0.568472930243673,6,"Not significant"
"P3C4 / P3C4+Nigericin","PTRH2","Q9Y3E5","Q9Y3E5","PTH2_HUMAN","Peptidyl-tRNA hydrolase 2, mitochondrial","Q9Y3E5_T125_M1_19","HexNAc (ST)",0.322823223373465,0.665159828376446,0.569999071974127,6,"Not significant"
"P3C4 / P3C4+Nigericin","H2BC21","Q16778","Q16778","H2B2E_HUMAN","Histone H2B type 2-E","Q16778_S39_M2_19","HexNAc (ST)",-0.838968607350053,0.665445791586347,0.570850099682815,6,"Not significant"
"P3C4 / P3C4+Nigericin","H2BC21","Q16778","Q16778","H2B2E_HUMAN","Histone H2B type 2-E","Q16778_S37_M2_19","HexNAc (ST)",-0.838968607350053,0.665445791586347,0.570850099682815,6,"Not significant"
"P3C4 / P3C4+Nigericin","CAPZA1","P52907","P52907","CAZA1_HUMAN","F-actin-capping protein subunit alpha-1","P52907_S95_M1_19","HexNAc (ST)",-0.856189325922307,0.665960425700533,0.572325078439364,6,"Not significant"
"P3C4 / P3C4+Nigericin","CGREF1","Q99674","Q99674","CGRE1_HUMAN","Cell growth regulator with EF hand domain protein 1","Q99674_S159_M1_19","HexNAc (ST)",-0.482087187884168,0.670539132794068,0.586542136246845,6,"Not significant"
"P3C4 / P3C4+Nigericin","PLOD3","O60568","O60568","PLOD3_HUMAN","Multifunctional procollagen lysine hydroxylase and glycosyltransferase LH3","O60568_S209_M1_19","HexNAc (ST)",-0.176152661894135,0.670558719959412,0.586624188544864,6,"Not significant"
"P3C4 / P3C4+Nigericin","ARL8B","Q9NVJ2","Q9NVJ2","ARL8B_HUMAN","ADP-ribosylation factor-like protein 8B","Q9NVJ2_S150_M1_19","HexNAc (ST)",0.132017652999772,0.670686581872252,0.587023731310986,6,"Not significant"
"P3C4 / P3C4+Nigericin","CLTC","Q00610","Q00610","CLH1_HUMAN","Clathrin heavy chain 1","Q00610_T339_M1_19","HexNAc (ST)",-0.162824411385891,0.675821188818278,0.602326804956985,6,"Not significant"
"P3C4 / P3C4+Nigericin","HSP90B1","P14625","P14625","ENPL_HUMAN","Endoplasmin","P14625_T155_M1_19","HexNAc (ST)",1.70880073478663,0.677117763280353,0.606155234398466,5,"Not significant"
"P3C4 / P3C4+Nigericin","VDAC1","P21796","P21796","VDAC1_HUMAN","Voltage-dependent anion-selective channel protein 1","P21796_T217_M1_19","HexNAc (ST)",-1.61274820527856,0.680468994046713,0.616457589875228,5,"Not significant"
"P3C4 / P3C4+Nigericin","RENBP","P51606","P51606","RENBP_HUMAN","N-acylglucosamine 2-epimerase","P51606_S230_M1_19","HexNAc (ST)",-0.642804405657197,0.684263030277896,0.627707989942847,6,"Not significant"
"P3C4 / P3C4+Nigericin","CANX","P27824","P27824","CALX_HUMAN","Calnexin","P27824_S392_M1_19","HexNAc (ST)",0.125256433308735,0.685054798296988,0.630152064786479,6,"Not significant"
"P3C4 / P3C4+Nigericin","GRPEL1","Q9HAV7","Q9HAV7","GRPE1_HUMAN","GrpE protein homolog 1, mitochondrial","Q9HAV7_T147_M2_19","HexNAc (ST)",-0.567392296103274,0.685246183620667,0.630811396511024,6,"Not significant"
"P3C4 / P3C4+Nigericin","YBX1","P67809","P67809","YBOX1_HUMAN","Y-box-binding protein 1","P67809_T108_M1_19","HexNAc (ST)",1.51227592116586,0.685404425830348,0.631275621085173,5,"Not significant"
"P3C4 / P3C4+Nigericin","RAB18","Q9NP72","Q9NP72","RAB18_HUMAN","Ras-related protein Rab-18","Q9NP72_T49_M2_19","HexNAc (ST)",0.258021092143683,0.68600128902761,0.633093219398624,6,"Not significant"
"P3C4 / P3C4+Nigericin","SIPA1L3","O60292","O60292","SI1L3_HUMAN","Signal-induced proliferation-associated 1-like protein 3","O60292_S851_M2_19","HexNAc (ST)",0.263002603527873,0.687082161434837,0.636802553611719,6,"Not significant"
"P3C4 / P3C4+Nigericin","SIPA1L3","O60292","O60292","SI1L3_HUMAN","Signal-induced proliferation-associated 1-like protein 3","O60292_T850_M2_19","HexNAc (ST)",0.263002603527873,0.687082161434837,0.636802602252221,6,"Not significant"
"P3C4 / P3C4+Nigericin","CA2","P00918","P00918","CAH2_HUMAN","Carbonic anhydrase 2","P00918_S56_M2_19","HexNAc (ST)",-0.217007919824854,0.687382631451461,0.637691798692033,4,"Not significant"
"P3C4 / P3C4+Nigericin","CA2","P00918","P00918","CAH2_HUMAN","Carbonic anhydrase 2","P00918_T55_M2_19","HexNAc (ST)",-0.217007919824854,0.687382631451461,0.637691798692033,4,"Not significant"
"P3C4 / P3C4+Nigericin","VCP","P55072","P55072","TERA_HUMAN","Transitional endoplasmic reticulum ATPase","P55072_T623_M1_19","HexNAc (ST)",1.20203779058656,0.687987040284073,0.639905859771567,6,"Not significant"
"P3C4 / P3C4+Nigericin","CANX","P27824","P27824","CALX_HUMAN","Calnexin","P27824_T143_M1_19","HexNAc (ST)",-0.48732864869816,0.688737168253459,0.642273545578373,6,"Not significant"
"P3C4 / P3C4+Nigericin","SSB","P05455","P05455","LA_HUMAN","Lupus La protein","P05455_T302_M1_19","HexNAc (ST)",0.40462949924536,0.688873283225982,0.642860498442751,6,"Not significant"
"P3C4 / P3C4+Nigericin","TUBB4B","P68371","P68371","TBB4B_HUMAN","Tubulin beta-4B chain","P68371_S322_M1_19","HexNAc (ST)",0.22419888392481,0.689607546375857,0.645132272701194,6,"Not significant"
"P3C4 / P3C4+Nigericin","CAP1","Q01518","Q01518","CAP1_HUMAN","Adenylyl cyclase-associated protein 1","Q01518_S394_M1_19","HexNAc (ST)",1.17372052959221,0.690025365430627,0.646279825472526,6,"Not significant"
"P3C4 / P3C4+Nigericin","GRIPAP1","Q4V328","Q4V328","GRAP1_HUMAN","GRIP1-associated protein 1","Q4V328_S105_M1_19","HexNAc (ST)",-0.0991301296145865,0.690962499384243,0.649203773820372,6,"Not significant"
"P3C4 / P3C4+Nigericin","ACSL1","P33121","P33121","ACSL1_HUMAN","Long-chain-fatty-acid--CoA ligase 1","P33121_S247_M2_19","HexNAc (ST)",0.681925766674924,0.692617095817628,0.654121984620027,6,"Not significant"
"P3C4 / P3C4+Nigericin","ACSL1","P33121","P33121","ACSL1_HUMAN","Long-chain-fatty-acid--CoA ligase 1","P33121_T246_M2_19","HexNAc (ST)",0.681925766674924,0.692617095817628,0.654121984620027,6,"Not significant"
"P3C4 / P3C4+Nigericin","NACC1","Q96RE7","Q96RE7","NACC1_HUMAN","Nucleus accumbens-associated protein 1","Q96RE7_S342_M1_19","HexNAc (ST)",0.509311840182104,0.693834930359684,0.657633382308111,6,"Not significant"
"P3C4 / P3C4+Nigericin","DSTN","P60981","P60981","DEST_HUMAN","Destrin","P60981_T65_M2_19","HexNAc (ST)",0.461603033385412,0.694759274791837,0.660347264787935,6,"Not significant"
"P3C4 / P3C4+Nigericin","DSTN","P60981","P60981","DEST_HUMAN","Destrin","P60981_T63_M2_19","HexNAc (ST)",0.461603033385412,0.694759274791837,0.660347264787935,6,"Not significant"
"P3C4 / P3C4+Nigericin","CLTC","Q00610","Q00610","CLH1_HUMAN","Clathrin heavy chain 1","Q00610_S1019_M1_19","HexNAc (ST)",1.24479253951647,0.695539294004388,0.663309389968504,4,"Not significant"
"P3C4 / P3C4+Nigericin","SHMT2","P34897","P34897","GLYM_HUMAN","Serine hydroxymethyltransferase, mitochondrial","P34897_S90_M1_19","HexNAc (ST)",1.07234362587208,0.695740861018754,0.663992345195843,6,"Not significant"
"P3C4 / P3C4+Nigericin","RPS8","P62241","P62241","RS8_HUMAN","Small ribosomal subunit protein eS8","P62241_T107_M2_19","HexNAc (ST)",-0.229599887019285,0.696083072860448,0.664973059410968,4,"Not significant"
"P3C4 / P3C4+Nigericin","AHNAK","Q09666","Q09666","AHNK_HUMAN","Neuroblast differentiation-associated protein AHNAK","Q09666_S1654_M1_19","HexNAc (ST)",0.500218487534815,0.696087207426352,0.664989866622796,6,"Not significant"
"P3C4 / P3C4+Nigericin","AHNAK","Q09666","Q09666","AHNK_HUMAN","Neuroblast differentiation-associated protein AHNAK","Q09666_S1856_M1_19","HexNAc (ST)",0.500218487534815,0.696087207426352,0.664989866622796,6,"Not significant"
"P3C4 / P3C4+Nigericin","AHNAK","Q09666","Q09666","AHNK_HUMAN","Neuroblast differentiation-associated protein AHNAK","Q09666_S1923_M1_19","HexNAc (ST)",0.500218487534815,0.696087207426352,0.664989866622796,6,"Not significant"
"P3C4 / P3C4+Nigericin","AHNAK","Q09666","Q09666","AHNK_HUMAN","Neuroblast differentiation-associated protein AHNAK","Q09666_S2118_M1_19","HexNAc (ST)",0.500218487534815,0.696087207426352,0.664989866622796,6,"Not significant"
"P3C4 / P3C4+Nigericin","HSPA5","P11021","P11021","BIP_HUMAN","Endoplasmic reticulum chaperone BiP","P11021_T184_M1_19","HexNAc (ST)",0.0923714272143369,0.697942420388214,0.671311849927702,6,"Not significant"
"P3C4 / P3C4+Nigericin","FUBP3","Q96I24","Q96I24","FUBP3_HUMAN","Far upstream element-binding protein 3","Q96I24_T192_M2_19","HexNAc (ST)",0.193440309333871,0.69862674274459,0.673332003212713,5,"Not significant"
"P3C4 / P3C4+Nigericin","STIP1","P31948","P31948","STIP1_HUMAN","Stress-induced-phosphoprotein 1","P31948_T405_M1_19","HexNAc (ST)",1.02189579909914,0.700138598380968,0.678410705765179,5,"Not significant"
"P3C4 / P3C4+Nigericin","ETFA","P13804","P13804","ETFA_HUMAN","Electron transfer flavoprotein subunit alpha, mitochondrial","P13804_S133_M1_19","HexNAc (ST)",0.998337251199654,0.700681020842255,0.680016715986647,6,"Not significant"
"P3C4 / P3C4+Nigericin","HSPD1","P10809","P10809","CH60_HUMAN","60 kDa heat shock protein, mitochondrial","P10809_T206_M2_19","HexNAc (ST)",0.426424652998382,0.70141973907142,0.682622486340562,6,"Not significant"
"P3C4 / P3C4+Nigericin","HSPD1","P10809","P10809","CH60_HUMAN","60 kDa heat shock protein, mitochondrial","P10809_T200_M2_19","HexNAc (ST)",0.426424652998382,0.70141973907142,0.682622486340562,6,"Not significant"
"P3C4 / P3C4+Nigericin","ACTBL2","Q562R1","Q562R1","ACTBL_HUMAN","Beta-actin-like protein 2","Q562R1_T107_M2_19","HexNAc (ST)",-0.168227727856883,0.702702645784363,0.686656162648637,6,"Not significant"
"P3C4 / P3C4+Nigericin","ACTBL2","Q562R1","Q562R1","ACTBL_HUMAN","Beta-actin-like protein 2","Q562R1_T90_M2_19","HexNAc (ST)",-0.168227727856883,0.702702645784363,0.686656162648637,6,"Not significant"
"P3C4 / P3C4+Nigericin","AHNAK","Q09666","Q09666","AHNK_HUMAN","Neuroblast differentiation-associated protein AHNAK","Q09666_T788_M2_19","HexNAc (ST)",-0.604230486434094,0.703330745213604,0.688969739661846,6,"Not significant"
"P3C4 / P3C4+Nigericin","SOD1","P00441","P00441","SODC_HUMAN","Superoxide dismutase [Cu-Zn]","P00441_T3_M1_19","HexNAc (ST)",0.176275239734737,0.703478119859271,0.689394237803168,6,"Not significant"
"P3C4 / P3C4+Nigericin","HNRNPA3","P51991","P51991","ROA3_HUMAN","Heterogeneous nuclear ribonucleoprotein A3","P51991_T137_M1_19","HexNAc (ST)",-0.174505944620989,0.704238776600783,0.691439393206217,6,"Not significant"
"P3C4 / P3C4+Nigericin","SCP2","P22307","P22307","SCP2_HUMAN","Sterol carrier protein 2","P22307_T526_M1_19","HexNAc (ST)",-0.170915393173064,0.705763863571817,0.696688426781662,6,"Not significant"
"P3C4 / P3C4+Nigericin","BCAS2","O75934","O75934","SPF27_HUMAN","Pre-mRNA-splicing factor SPF27","O75934_T4_M1_19","HexNAc (ST)",-0.94429676326438,0.705965144627451,0.697325102830566,6,"Not significant"
"P3C4 / P3C4+Nigericin","ALCAM","Q13740","Q13740","CD166_HUMAN","CD166 antigen","Q13740_S64_M1_19","HexNAc (ST)",0.795186391214923,0.706063893350963,0.697678246177618,6,"Not significant"
"P3C4 / P3C4+Nigericin","CAPG","P40121","P40121","CAPG_HUMAN","Macrophage-capping protein","P40121_T212_M1_19","HexNAc (ST)",0.378441228603708,0.706537197257565,0.698896321748945,6,"Not significant"
"P3C4 / P3C4+Nigericin","MACROH2A1","O75367","O75367","H2AY_HUMAN","Core histone macro-H2A.1","O75367_S16_M1_19","HexNAc (ST)",0.0788157405945165,0.708273688627312,0.704567711334961,6,"Not significant"
"P3C4 / P3C4+Nigericin","LMNB1","P20700","P20700","LMNB1_HUMAN","Lamin-B1","P20700_T151_M1_19","HexNAc (ST)",0.0600942480207543,0.710738748600384,0.712720621208465,6,"Not significant"
"P3C4 / P3C4+Nigericin","PDIA3","P30101","P30101","PDIA3_HUMAN","Protein disulfide-isomerase A3","P30101_T248_M1_19","HexNAc (ST)",0.33158150704492,0.711229551370928,0.71437620438455,6,"Not significant"
"P3C4 / P3C4+Nigericin","ITGAX","P20702","P20702","ITAX_HUMAN","Integrin alpha-X","P20702_S266_M1_19","HexNAc (ST)",0.162819273420028,0.71313314144864,0.720831464949815,6,"Not significant"
"P3C4 / P3C4+Nigericin","STK10","O94804","O94804","STK10_HUMAN","Serine/threonine-protein kinase 10","O94804_T58_M1_19","HexNAc (ST)",-0.266616175375981,0.713591097214844,0.722489072724953,6,"Not significant"
"P3C4 / P3C4+Nigericin","MACROH2A1","O75367","O75367","H2AY_HUMAN","Core histone macro-H2A.1","O75367_T57_M1_19","HexNAc (ST)",0.460060686936041,0.713818107723856,0.723191087969475,6,"Not significant"
"P3C4 / P3C4+Nigericin","TMPO","P42166","P42166","LAP2A_HUMAN","Lamina-associated polypeptide 2, isoform alpha","P42166_S18_M2_19","HexNAc (ST)",-0.140142025900951,0.714611798533496,0.725684467290349,5,"Not significant"
"P3C4 / P3C4+Nigericin","TEP1","Q99973","Q99973","TEP1_HUMAN","Telomerase protein component 1","Q99973_S1926_M3_19","HexNAc (ST)",0.179955709807579,0.714621560915939,0.725745285762934,5,"Not significant"
"P3C4 / P3C4+Nigericin","HNRNPH1","P31943","P31943","HNRH1_HUMAN","Heterogeneous nuclear ribonucleoprotein H","P31943_T5_M1_19","HexNAc (ST)",0.283275083605615,0.714793323851138,0.726295220048738,6,"Not significant"
"P3C4 / P3C4+Nigericin","PSMC2","P35998","P35998","PRS7_HUMAN","26S proteasome regulatory subunit 7","P35998_T193_M1_19","HexNAc (ST)",0.400948413604799,0.715112650616,0.727306919353348,6,"Not significant"
"P3C4 / P3C4+Nigericin","HUWE1","Q7Z6Z7","Q7Z6Z7","HUWE1_HUMAN","E3 ubiquitin-protein ligase HUWE1","Q7Z6Z7_T2185_M2_19","HexNAc (ST)",0.0694644170961347,0.715286004872766,0.727853507322592,4,"Not significant"
"P3C4 / P3C4+Nigericin","NHP2","Q9NX24","Q9NX24","NHP2_HUMAN","H/ACA ribonucleoprotein complex subunit 2","Q9NX24_S40_M1_19","HexNAc (ST)",-0.203970960565907,0.716426299205662,0.731766268589184,4,"Not significant"
"P3C4 / P3C4+Nigericin","HDAC2","Q92769","Q92769","HDAC2_HUMAN","Histone deacetylase 2","Q92769_T356_M1_19","HexNAc (ST)",0.516524084177891,0.717254027031112,0.734296919368398,4,"Not significant"
"P3C4 / P3C4+Nigericin","ANXA6","P08133","P08133","ANXA6_HUMAN","Annexin A6","P08133_S121_M1_19","HexNAc (ST)",-0.814368937836896,0.717459061429374,0.735036992221684,5,"Not significant"
"P3C4 / P3C4+Nigericin","MACROH2A1","O75367","O75367","H2AY_HUMAN","Core histone macro-H2A.1","O75367_T290_M1_19","HexNAc (ST)",0.295103056200745,0.719224014885898,0.74085745453299,6,"Not significant"
"P3C4 / P3C4+Nigericin","DPYSL2","Q16555","Q16555","DPYL2_HUMAN","Dihydropyrimidinase-related protein 2","Q16555_S421_M3_19","HexNAc (ST)",-0.23095709676865,0.721659751475365,0.74899001916897,5,"Not significant"
"P3C4 / P3C4+Nigericin","DPYSL2","Q16555","Q16555","DPYL2_HUMAN","Dihydropyrimidinase-related protein 2","Q16555_T419_M3_19","HexNAc (ST)",-0.23095709676865,0.721659751475365,0.748990007296336,5,"Not significant"
"P3C4 / P3C4+Nigericin","HNRNPUL2","Q1KMD3","Q1KMD3","HNRL2_HUMAN","Heterogeneous nuclear ribonucleoprotein U-like protein 2","Q1KMD3_S543_M1_19","HexNAc (ST)",-0.133137197807857,0.721859046131873,0.749874962562691,6,"Not significant"
"P3C4 / P3C4+Nigericin","MACROH2A1","O75367","O75367","H2AY_HUMAN","Core histone macro-H2A.1","O75367_S260_M1_19","HexNAc (ST)",0.0993931407450818,0.72570499992907,0.763166327646113,6,"Not significant"
"P3C4 / P3C4+Nigericin","HSPD1","P10809","P10809","CH60_HUMAN","60 kDa heat shock protein, mitochondrial","P10809_T173_M2_19","HexNAc (ST)",0.740697315460335,0.726262854414639,0.765079470096488,5,"Not significant"
"P3C4 / P3C4+Nigericin","NDUFAF2","Q8N183","Q8N183","NDUF2_HUMAN","NADH dehydrogenase [ubiquinone] 1 alpha subcomplex assembly factor 2","Q8N183_S102_M1_19","HexNAc (ST)",-0.411541390264159,0.726562234831695,0.76608663334149,6,"Not significant"
"P3C4 / P3C4+Nigericin","LMNA","P02545","P02545","LMNA_HUMAN","Prelamin-A/C","P02545_S143_M1_19","HexNAc (ST)",0.670320657866914,0.727430227031421,0.769045301295533,6,"Not significant"
"P3C4 / P3C4+Nigericin","CCT8","P50990","P50990","TCPQ_HUMAN","T-complex protein 1 subunit theta","P50990_S150_M1_19","HexNAc (ST)",0.34696288075778,0.727854634244279,0.77065030791534,6,"Not significant"
"P3C4 / P3C4+Nigericin","AHNAK","Q09666","Q09666","AHNK_HUMAN","Neuroblast differentiation-associated protein AHNAK","Q09666_S3746_M1_19","HexNAc (ST)",0.625238567672932,0.728533476340677,0.772996735575678,6,"Not significant"
"P3C4 / P3C4+Nigericin","CANX","P27824","P27824","CALX_HUMAN","Calnexin","P27824_S74_M2_19","HexNAc (ST)",0.237874354265774,0.728799930395665,0.774099742234517,5,"Not significant"
"P3C4 / P3C4+Nigericin","HSPA2","P54652","P54652","HSP72_HUMAN","Heat shock-related 70 kDa protein 2","P54652_T465_M1_19","HexNAc (ST)",0.202857025336341,0.729180484602272,0.775287408549773,6,"Not significant"
"P3C4 / P3C4+Nigericin","HSPA1L","P34931","P34931","HS71L_HUMAN","Heat shock 70 kDa protein 1-like","P34931_S108_M1_19","HexNAc (ST)",-0.709282295979675,0.729786559063693,0.777366895099125,4,"Not significant"
"P3C4 / P3C4+Nigericin","FBL","P22087","P22087","FBRL_HUMAN","rRNA 2'-O-methyltransferase fibrillarin","P22087_T298_M1_19","HexNAc (ST)",0.636709715954344,0.72980459240685,0.777410788618065,6,"Not significant"
"P3C4 / P3C4+Nigericin","HSPA5","P11021","P11021","BIP_HUMAN","Endoplasmic reticulum chaperone BiP","P11021_S571_M1_19","HexNAc (ST)",-0.0498185516280092,0.730024296935629,0.778209286728988,6,"Not significant"
"P3C4 / P3C4+Nigericin","WDFY3","Q8IZQ1","Q8IZQ1","WDFY3_HUMAN","WD repeat and FYVE domain-containing protein 3","Q8IZQ1_S1980_M2_19","HexNAc (ST)",0.636999057269651,0.730100537535439,0.778509575750013,6,"Not significant"
"P3C4 / P3C4+Nigericin","HNRNPD","Q14103","Q14103","HNRPD_HUMAN","Heterogeneous nuclear ribonucleoprotein D0","Q14103_S190_M2_19","HexNAc (ST)",0.583606780892536,0.730860466074244,0.781224184234236,6,"Not significant"
"P3C4 / P3C4+Nigericin","GATD3B;GATD3","A0A0B4J2D5;P0DPI2","A0A0B4J2D5;P0DPI2","GAL3B_HUMAN;GAL3A_HUMAN","Putative glutamine amidotransferase-like class 1 domain-containing protein 3B, mitochondrial;Glutamine amidotransferase-like class 1 domain-containing protein 3, mitochondrial","A0A0B4J2D5_T118_M2_19","HexNAc (ST)",-0.144417116280157,0.730928301864677,0.78160200161829,4,"Not significant"
"P3C4 / P3C4+Nigericin","GATD3B;GATD3","A0A0B4J2D5;P0DPI2","A0A0B4J2D5;P0DPI2","GAL3B_HUMAN;GAL3A_HUMAN","Putative glutamine amidotransferase-like class 1 domain-containing protein 3B, mitochondrial;Glutamine amidotransferase-like class 1 domain-containing protein 3, mitochondrial","P0DPI2_T118_M2_19","HexNAc (ST)",-0.144417116280157,0.730928301864677,0.78160200161829,4,"Not significant"
"P3C4 / P3C4+Nigericin","CLTC","Q00610","Q00610","CLH1_HUMAN","Clathrin heavy chain 1","Q00610_S460_M1_19","HexNAc (ST)",0.576728089031362,0.73134090084094,0.783194641559473,6,"Not significant"
"P3C4 / P3C4+Nigericin","HSPA8","P11142","P11142","HSP7C_HUMAN","Heat shock cognate 71 kDa protein","P11142_T125_M1_19","HexNAc (ST)",0.624325266761314,0.731960217774961,0.785316433506749,5,"Not significant"
"P3C4 / P3C4+Nigericin","CDC123","O75794","O75794","CD123_HUMAN","Cell division cycle protein 123 homolog","O75794_T315_M1_19","HexNAc (ST)",0.66218323804132,0.73240139307873,0.787117783396455,5,"Not significant"
"P3C4 / P3C4+Nigericin","TMSB4X","P62328","P62328","TYB4_HUMAN","Thymosin beta-4","P62328_S31_M1_19","HexNAc (ST)",0.253733349872248,0.733271748290151,0.790465632420543,6,"Not significant"
"P3C4 / P3C4+Nigericin","ACAA1","P09110","P09110","THIK_HUMAN","3-ketoacyl-CoA thiolase, peroxisomal","P09110_S291_M1_19","HexNAc (ST)",-0.127848178140633,0.733282240663311,0.790518730678671,6,"Not significant"
"P3C4 / P3C4+Nigericin","TGFB1","P01137","P01137","TGFB1_HUMAN","Transforming growth factor beta-1 proprotein","P01137_S380_M1_19","HexNAc (ST)",-0.10073963577657,0.734526044136141,0.794883896045061,6,"Not significant"
"P3C4 / P3C4+Nigericin","STX5","Q13190","Q13190","STX5_HUMAN","Syntaxin-5","Q13190_S320_M1_19","HexNAc (ST)",0.543235898892686,0.734531375506712,0.794921143380971,6,"Not significant"
"P3C4 / P3C4+Nigericin","RPS28","P62857","P62857","RS28_HUMAN","Small ribosomal subunit protein eS28","P62857_S61_M1_19","HexNAc (ST)",0.112075726259317,0.737109916912639,0.803601189186115,6,"Not significant"
"P3C4 / P3C4+Nigericin","SNRPA1","P09661","P09661","RU2A_HUMAN","U2 small nuclear ribonucleoprotein A'","P09661_T16_M2_19","HexNAc (ST)",0.28067581354633,0.737772677184943,0.806031945463107,6,"Not significant"
"P3C4 / P3C4+Nigericin","SNRPA1","P09661","P09661","RU2A_HUMAN","U2 small nuclear ribonucleoprotein A'","P09661_T5_M2_19","HexNAc (ST)",0.28067581354633,0.737772677184943,0.806031945463107,6,"Not significant"
"P3C4 / P3C4+Nigericin","PKM","P14618","P14618","KPYM_HUMAN","Pyruvate kinase PKM","P14618_S222_M2_19","HexNAc (ST)",0.153565319885061,0.737773093641445,0.806046256426053,5,"Not significant"
"P3C4 / P3C4+Nigericin","SPRY2","O43597","O43597","SPY2_HUMAN","Protein sprouty homolog 2","O43597_S167_M1_19","HexNAc (ST)",-0.121089773274809,0.739199750681325,0.811281153346473,6,"Not significant"
"P3C4 / P3C4+Nigericin","BCKDK","O14874","O14874","BCKD_HUMAN","[3-methyl-2-oxobutanoate dehydrogenase [lipoamide]] kinase, mitochondrial","O14874_S90_M1_19","HexNAc (ST)",0.521940315911202,0.740100731765766,0.814620789211369,6,"Not significant"
"P3C4 / P3C4+Nigericin","LRRC59","Q96AG4","Q96AG4","LRC59_HUMAN","Leucine-rich repeat-containing protein 59","Q96AG4_S25_M1_19","HexNAc (ST)",0.485241877569047,0.740599073815794,0.816525243251434,5,"Not significant"
"P3C4 / P3C4+Nigericin","HNRNPU","Q00839","Q00839","HNRPU_HUMAN","Heterogeneous nuclear ribonucleoprotein U","Q00839_T474_M1_19","HexNAc (ST)",-0.371329321484819,0.741315295685343,0.819267628844237,6,"Not significant"
"P3C4 / P3C4+Nigericin","PLEKHO2","Q8TD55","Q8TD55","PKHO2_HUMAN","Pleckstrin homology domain-containing family O member 2","Q8TD55_S134_M1_19","HexNAc (ST)",-0.239580925339876,0.741699353802677,0.820595289831986,5,"Not significant"
"P3C4 / P3C4+Nigericin","NCL","P19338","P19338","NUCL_HUMAN","Nucleolin","P19338_S532_M2_19","HexNAc (ST)",0.484969103982851,0.74367907865692,0.827697663233492,6,"Not significant"
"P3C4 / P3C4+Nigericin","HSP90AA1","P07900","P07900","HS90A_HUMAN","Heat shock protein HSP 90-alpha","P07900_T624_M1_19","HexNAc (ST)",0.0889532301041565,0.745729452976662,0.835718513831253,4,"Not significant"
"P3C4 / P3C4+Nigericin","P4HB","P07237","P07237","PDIA1_HUMAN","Protein disulfide-isomerase","P07237_T221_M1_19","HexNAc (ST)",0.203042909021809,0.748221708752027,0.845268658816826,6,"Not significant"
"P3C4 / P3C4+Nigericin","PSMC3","P17980","P17980","PRS6A_HUMAN","26S proteasome regulatory subunit 6A","P17980_T247_M1_19","HexNAc (ST)",0.264018633084915,0.749125502124491,0.848697845672113,6,"Not significant"
"P3C4 / P3C4+Nigericin","UFL1","O94874","O94874","UFL1_HUMAN","E3 UFM1-protein ligase 1","O94874_S103_M1_19","HexNAc (ST)",0.206725347228368,0.749840181919431,0.851243685776547,6,"Not significant"
"P3C4 / P3C4+Nigericin","EEF1G","P26641","P26641","EF1G_HUMAN","Elongation factor 1-gamma","P26641_T411_M2_19","HexNAc (ST)",-0.0895095238496162,0.750294749963929,0.853111654801184,5,"Not significant"
"P3C4 / P3C4+Nigericin","HSPA9","P38646","P38646","GRP75_HUMAN","Stress-70 protein, mitochondrial","P38646_T592_M2_19","HexNAc (ST)",0.226785664262152,0.751327952797986,0.857044312753836,5,"Not significant"
"P3C4 / P3C4+Nigericin","VDAC3","Q9Y277","Q9Y277","VDAC3_HUMAN","Voltage-dependent anion-selective channel protein 3","Q9Y277_T72_M1_19","HexNAc (ST)",0.418215340299105,0.751840508241674,0.858904509609526,4,"Not significant"
"P3C4 / P3C4+Nigericin","CAP1","Q01518","Q01518","CAP1_HUMAN","Adenylyl cyclase-associated protein 1","Q01518_S338_M2_19","HexNAc (ST)",0.170376088542466,0.752344945019416,0.860862707760847,4,"Not significant"
"P3C4 / P3C4+Nigericin","PGAM1","P18669","P18669","PGAM1_HUMAN","Phosphoglycerate mutase 1","P18669_T159_M1_19","HexNAc (ST)",0.333764522744889,0.752538632028235,0.861751908782704,6,"Not significant"
"P3C4 / P3C4+Nigericin","CCT8","P50990","P50990","TCPQ_HUMAN","T-complex protein 1 subunit theta","P50990_S216_M1_19","HexNAc (ST)",0.100888484247678,0.753296936283905,0.864854574963605,5,"Not significant"
"P3C4 / P3C4+Nigericin","SRRT","Q9BXP5","Q9BXP5","SRRT_HUMAN","Serrate RNA effector molecule homolog","Q9BXP5_S284_M1_19","HexNAc (ST)",0.278832765764856,0.754800506737477,0.870568117720596,6,"Not significant"
"P3C4 / P3C4+Nigericin","MSN","P26038","P26038","MOES_HUMAN","Moesin","P26038_S440_M1_19","HexNAc (ST)",-0.237124347772981,0.755803773721301,0.874767151402219,6,"Not significant"
"P3C4 / P3C4+Nigericin","NCF2","P19878","P19878","NCF2_HUMAN","Neutrophil cytosol factor 2","P19878_T233_M1_19","HexNAc (ST)",0.109551528994857,0.758574601770265,0.885060681870686,6,"Not significant"
"P3C4 / P3C4+Nigericin","CCDC9","Q9Y3X0","Q9Y3X0","CCDC9_HUMAN","Coiled-coil domain-containing protein 9","Q9Y3X0_S70_M1_19","HexNAc (ST)",-0.0336038034655942,0.759421505333232,0.888609327681903,6,"Not significant"
"P3C4 / P3C4+Nigericin","TRIP11","Q15643","Q15643","TRIPB_HUMAN","Thyroid receptor-interacting protein 11","Q15643_T1655_M1_19","HexNAc (ST)",0.29689831842161,0.760306252994074,0.892244300815645,6,"Not significant"
"P3C4 / P3C4+Nigericin","H2AX","P16104","P16104","H2AX_HUMAN","Histone H2AX","P16104_T102_M1_19","HexNAc (ST)",-0.159511946766941,0.761720413945383,0.898122938420104,6,"Not significant"
"P3C4 / P3C4+Nigericin","IDH3G","P51553","P51553","IDH3G_HUMAN","Isocitrate dehydrogenase [NAD] subunit gamma, mitochondrial","P51553_S75_M1_19","HexNAc (ST)",0.0493054671402258,0.762539599113773,0.90130807092492,5,"Not significant"
"P3C4 / P3C4+Nigericin","MAP1B","P46821","P46821","MAP1B_HUMAN","Microtubule-associated protein 1B","P46821_S1501_M2_19","HexNAc (ST)",0.0464424616357515,0.764423428966883,0.908903125429379,6,"Not significant"
"P3C4 / P3C4+Nigericin","CANX","P27824","P27824","CALX_HUMAN","Calnexin","P27824_S74_M1_19","HexNAc (ST)",0.0536945230382014,0.76465152459209,0.909906556122622,6,"Not significant"
"P3C4 / P3C4+Nigericin","IDH3A","P50213","P50213","IDH3A_HUMAN","Isocitrate dehydrogenase [NAD] subunit alpha, mitochondrial","P50213_T101_M2_19","HexNAc (ST)",-0.0635556813365507,0.765764901852558,0.914354928607616,5,"Not significant"
"P3C4 / P3C4+Nigericin","RAB5B","P61020","P61020","RAB5B_HUMAN","Ras-related protein Rab-5B","P61020_S184_M1_19","HexNAc (ST)",0.138405893371531,0.765793216385328,0.914473690985528,6,"Not significant"
"P3C4 / P3C4+Nigericin","GAA","P10253","P10253","LYAG_HUMAN","Lysosomal alpha-glucosidase","P10253_T884_M1_19","HexNAc (ST)",0.0407602057252801,0.767115495180743,0.919855498789849,6,"Not significant"
"P3C4 / P3C4+Nigericin","LYSMD2","Q8IV50","Q8IV50","LYSM2_HUMAN","LysM and putative peptidoglycan-binding domain-containing protein 2","Q8IV50_T80_M1_19","HexNAc (ST)",0.0601796722412801,0.767403571916146,0.920968634285819,6,"Not significant"
"P3C4 / P3C4+Nigericin","PHF2","O75151","O75151","PHF2_HUMAN","Lysine-specific demethylase PHF2","O75151_S929_M2_19","HexNAc (ST)",0.0194525593538677,0.767519372527718,0.92132816003936,6,"Not significant"
"P3C4 / P3C4+Nigericin","PRSS1","P07477","P07477","TRY1_HUMAN","Serine protease 1","P07477_T103_M1_19","HexNAc (ST)",0.058961784695919,0.767985902353946,0.923429294883635,6,"Not significant"
"P3C4 / P3C4+Nigericin","MYO1B","O43795","O43795","MYO1B_HUMAN","Unconventional myosin-Ib","O43795_S145_M1_19","HexNAc (ST)",-0.0184926632373874,0.768971839571468,0.92775808479829,6,"Not significant"
"P3C4 / P3C4+Nigericin","GOLGA2","Q08379","Q08379","GOGA2_HUMAN","Golgin subfamily A member 2","Q08379_T959_M2_19","HexNAc (ST)",-0.199243073197209,0.769755866118587,0.931066157164252,4,"Not significant"
"P3C4 / P3C4+Nigericin","HSPE1","P61604","P61604","CH10_HUMAN","10 kDa heat shock protein, mitochondrial","P61604_T79_M1_19","HexNAc (ST)",0.152064418877255,0.770230250495553,0.933098170207997,6,"Not significant"
"P3C4 / P3C4+Nigericin","CAP1","Q01518","Q01518","CAP1_HUMAN","Adenylyl cyclase-associated protein 1","Q01518_T315_M1_19","HexNAc (ST)",-0.0336366671636749,0.770705024884467,0.935131187909096,6,"Not significant"
"P3C4 / P3C4+Nigericin","TOMM22","Q9NS69","Q9NS69","TOM22_HUMAN","Mitochondrial import receptor subunit TOM22 homolog","Q9NS69_S128_M2_19","HexNAc (ST)",-0.155886940305679,0.773077467149728,0.945218425836634,4,"Not significant"
"P3C4 / P3C4+Nigericin","ITGAV","P06756","P06756","ITAV_HUMAN","Integrin alpha-V","P06756_T586_M2_19","HexNAc (ST)",0.0256781283765052,0.773472474669318,0.946793973902714,6,"Not significant"
"P3C4 / P3C4+Nigericin","ITGAV","P06756","P06756","ITAV_HUMAN","Integrin alpha-V","P06756_T583_M2_19","HexNAc (ST)",0.0256781283765052,0.773472474669318,0.946793973902714,6,"Not significant"
"P3C4 / P3C4+Nigericin","HLA-A","P04439","P04439","HLAA_HUMAN","HLA class I histocompatibility antigen, A alpha chain","P04439_S275_M1_19","HexNAc (ST)",0.0157038408943373,0.774168920799999,0.950005928086577,6,"Not significant"
"P3C4 / P3C4+Nigericin","RAP1A","P62834","P62834","RAP1A_HUMAN","Ras-related protein Rap-1A","P62834_T106_M1_19","HexNAc (ST)",-0.0522245605824281,0.774220890527243,0.950283793065411,6,"Not significant"
"P3C4 / P3C4+Nigericin","MYH9","P35579","P35579","MYH9_HUMAN","Myosin-9","P35579_S1677_M1_19","HexNAc (ST)",0.0215701628100447,0.776207347341635,0.95867611060678,6,"Not significant"
"P3C4 / P3C4+Nigericin","AHNAK","Q09666","Q09666","AHNK_HUMAN","Neuroblast differentiation-associated protein AHNAK","Q09666_S4789_M2_19","HexNAc (ST)",0.022079844061119,0.777872870822104,0.965908824060122,5,"Not significant"
"P3C4 / P3C4+Nigericin","PDIA3","P30101","P30101","PDIA3_HUMAN","Protein disulfide-isomerase A3","P30101_T212_M2_19","HexNAc (ST)",0.00619353943031445,0.781082137087851,0.979865774518071,6,"Not significant"
"P3C4 / P3C4+Nigericin","PDIA3","P30101","P30101","PDIA3_HUMAN","Protein disulfide-isomerase A3","P30101_S209_M2_19","HexNAc (ST)",0.00619353943031445,0.781082137087851,0.979865774518071,6,"Not significant"
"P3C4 / P3C4+Nigericin","OAT","P04181","P04181","OAT_HUMAN","Ornithine aminotransferase, mitochondrial","P04181_T33_M3_19","HexNAc (ST)",0.0471493928457374,0.781727827223745,0.982538656252306,6,"Not significant"
"P3C4 / P3C4+Nigericin","TOP1","P11387","P11387","TOP1_HUMAN","DNA topoisomerase 1","P11387_T258_M1_19","HexNAc (ST)",0.0154110647359597,0.781957581460106,0.983491293342361,4,"Not significant"
"P3C4 / P3C4+Nigericin","SRSF1","Q07955","Q07955","SRSF1_HUMAN","Serine/arginine-rich splicing factor 1","Q07955_S2_M1_19","HexNAc (ST)",-0.0324865489057972,0.782372435584131,0.985332048889742,6,"Not significant"
"P3C4 / P3C4+Nigericin","PDIA6","Q15084","Q15084","PDIA6_HUMAN","Protein disulfide-isomerase A6","Q15084_T223_M2_19","HexNAc (ST)",-0.0106600965232633,0.78258440444183,0.986170880971952,4,"Not significant"
"P3C4 / P3C4+Nigericin","AHNAK","Q09666","Q09666","AHNK_HUMAN","Neuroblast differentiation-associated protein AHNAK","Q09666_S1042_M1_19","HexNAc (ST)",0.00488615449113077,0.782714117776648,0.986780700744685,5,"Not significant"
"P3C4 / P3C4+Nigericin","TRIP10","Q15642","Q15642","CIP4_HUMAN","Cdc42-interacting protein 4","Q15642_S265_M1_19","HexNAc (ST)",0.0325699090496448,0.782912354769285,0.987731337340211,6,"Not significant"
"P3C4 / P3C4+Nigericin","MAP4","P27816","P27816","MAP4_HUMAN","Microtubule-associated protein 4","P27816_T354_M1_19","HexNAc (ST)",0.00125399468292062,0.785431945461192,0.999466552094115,5,"Not significant"
