"Comparison (group1/group2)","Genes","UniProtIds","ProteinGroups","ProteinNames","ProteinDescriptions","Group","PTM.ModificationTitle","AVG Log2 Ratio","Qvalue","Pvalue","# of Ratios","Significance"
"Unstim / P3C4","RPL31","P62899","P62899","RL31_HUMAN","Large ribosomal subunit protein eL31","P62899_S15_M1_28","Phospho (STY)",-10.9609387221062,0.424836415925893,0.00407187495218314,6,"Not significant"
"Unstim / P3C4","XIRP1","Q702N8","Q702N8","XIRP1_HUMAN","Xin actin-binding repeat-containing protein 1","Q702N8_S1349_M1_28","Phospho (STY)",-1.07903340188318,0.424836415925893,0.00402625471753234,6,"Not significant"
"Unstim / P3C4","HSPB1","P04792","P04792","HSPB1_HUMAN","Heat shock protein beta-1","P04792_S82_M1_28","Phospho (STY)",-0.936349535392366,0.431180547416223,0.00526464285603826,6,"Not significant"
"Unstim / P3C4","ZYX","Q15942","Q15942","ZYX_HUMAN","Zyxin","Q15942_S344_M1_28","Phospho (STY)",-1.77643100873567,0.436655592918177,0.00614153467577169,6,"Not significant"
"Unstim / P3C4","PLAUR","Q03405","Q03405","UPAR_HUMAN","Urokinase plasminogen activator surface receptor","Q03405_Y109_M1_28","Phospho (STY)",-0.438507334820484,0.441420376588138,0.00689781698647246,6,"Not significant"
"Unstim / P3C4","RP2","O75695","O75695","XRP2_HUMAN","Protein XRP2","O75695_S219_M1_28","Phospho (STY)",1.46288840086951,0.441946810146674,0.00697867706187258,4,"Not significant"
"Unstim / P3C4","ADAR","P55265","P55265","DSRAD_HUMAN","Double-stranded RNA-specific adenosine deaminase","P55265_Y306_M1_28","Phospho (STY)",0.471113219375273,0.446849035562705,0.00803538999188614,6,"Not significant"
"Unstim / P3C4","PPAN","Q9NQ55","Q9NQ55","SSF1_HUMAN","Suppressor of SWI4 1 homolog","Q9NQ55_S359_M1_28","Phospho (STY)",0.974791897216829,0.446849035562705,0.00804034571616119,6,"Not significant"
"Unstim / P3C4","CORO7","P57737","P57737","CORO7_HUMAN","Coronin-7","P57737_T536_M2_28","Phospho (STY)",-4.86831103520339,0.470818471659076,0.0161903852040511,5,"Not significant"
"Unstim / P3C4","BRD2","P25440","P25440","BRD2_HUMAN","Bromodomain-containing protein 2","P25440_T6_M1_28","Phospho (STY)",-0.503653288026077,0.474929245492937,0.0184303248240938,6,"Not significant"
"Unstim / P3C4","XIRP1","Q702N8","Q702N8","XIRP1_HUMAN","Xin actin-binding repeat-containing protein 1","Q702N8_S295_M1_28","Phospho (STY)",-1.20942236090084,0.479405846892487,0.0200379219548053,5,"Not significant"
"Unstim / P3C4","MARCKS","P29966","P29966","MARCS_HUMAN","Myristoylated alanine-rich C-kinase substrate","P29966_S118_M1_28","Phospho (STY)",-1.54280926215691,0.480394512890908,0.0203029074656203,5,"Not significant"
"Unstim / P3C4","JUND","P17535","P17535","JUND_HUMAN","Transcription factor JunD","P17535_S100_M1_28","Phospho (STY)",-1.19171200925661,0.484242894280036,0.0214298269350272,6,"Not significant"
"Unstim / P3C4","EVL","Q9UI08","Q9UI08","EVL_HUMAN","Ena/VASP-like protein","Q9UI08_S331_M1_28","Phospho (STY)",-0.455948333993806,0.487152825395521,0.0230292256897578,6,"Not significant"
"Unstim / P3C4","STMN1","P16949","P16949","STMN1_HUMAN","Stathmin","P16949_S25_M1_28","Phospho (STY)",-0.906322689082222,0.501687230211613,0.0310525987703749,6,"Not significant"
"Unstim / P3C4","PRSS1","P07477","P07477","TRY1_HUMAN","Serine protease 1","P07477_T103_M1_28","Phospho (STY)",1.7842394774129,0.50604058253884,0.0333448509053615,6,"Not significant"
"Unstim / P3C4","TUBB6","Q9BUF5","Q9BUF5","TBB6_HUMAN","Tubulin beta-6 chain","Q9BUF5_Y281_M1_28","Phospho (STY)",-1.01382628356196,0.50754069506547,0.0344854932779178,6,"Not significant"
"Unstim / P3C4","CHMP4B","Q9H444","Q9H444","CHM4B_HUMAN","Charged multivesicular body protein 4b","Q9H444_Y75_M3_28","Phospho (STY)",-1.05010727461488,0.509184426366961,0.0361141501612686,4,"Not significant"
"Unstim / P3C4","PDIA3","P30101","P30101","PDIA3_HUMAN","Protein disulfide-isomerase A3","P30101_T319_M2_28","Phospho (STY)",-0.988626091149302,0.512177035284485,0.0384842648268684,4,"Not significant"
"Unstim / P3C4","IL1B","P01584","P01584","IL1B_HUMAN","Interleukin-1 beta","P01584_S35_M1_28","Phospho (STY)",-2.71470549669205,0.512974706513424,0.0390532724903587,6,"Not significant"
"Unstim / P3C4","PARK7","Q99497","Q99497","PARK7_HUMAN","Parkinson disease protein 7","Q99497_T19_M1_28","Phospho (STY)",-0.330878702326814,0.516249089476639,0.0416320873241821,6,"Not significant"
"Unstim / P3C4","HMGA1","P17096","P17096","HMGA1_HUMAN","High mobility group protein HMG-I/HMG-Y","P17096_S44_M1_28","Phospho (STY)",1.50532018030935,0.516982638807701,0.0421336220403289,6,"Not significant"
"Unstim / P3C4","MYH9","P35579","P35579","MYH9_HUMAN","Myosin-9","P35579_T1414_M1_28","Phospho (STY)",-0.488214932303602,0.517592805982025,0.0425427821995214,5,"Not significant"
"Unstim / P3C4","MSN","P26038","P26038","MOES_HUMAN","Moesin","P26038_S576_M1_28","Phospho (STY)",-1.94352556106374,0.517861233159633,0.0426584086645566,6,"Not significant"
"Unstim / P3C4","PEA15","Q15121","Q15121","PEA15_HUMAN","Astrocytic phosphoprotein PEA-15","Q15121_S104_M1_28","Phospho (STY)",-0.747162280418691,0.518012434836503,0.0428055663069683,6,"Not significant"
"Unstim / P3C4","PARK7","Q99497","Q99497","PARK7_HUMAN","Parkinson disease protein 7","Q99497_T110_M1_28","Phospho (STY)",-0.396744630847187,0.530717130176152,0.0533958377538344,6,"Not significant"
"Unstim / P3C4","HSPA1A;HSPA1B","P0DMV8;P0DMV9","P0DMV8;P0DMV9","HS71A_HUMAN;HS71B_HUMAN","Heat shock 70 kDa protein 1A;Heat shock 70 kDa protein 1B","P0DMV8_Y611_M1_28","Phospho (STY)",-0.706844018892062,0.532858007644615,0.056673478657223,6,"Not significant"
"Unstim / P3C4","HSPA1A;HSPA1B","P0DMV8;P0DMV9","P0DMV8;P0DMV9","HS71A_HUMAN;HS71B_HUMAN","Heat shock 70 kDa protein 1A;Heat shock 70 kDa protein 1B","P0DMV9_Y611_M1_28","Phospho (STY)",-0.706844018892062,0.532858007644615,0.056673478657223,6,"Not significant"
"Unstim / P3C4","SLTM","Q9NWH9","Q9NWH9","SLTM_HUMAN","SAFB-like transcription modulator","Q9NWH9_S553_M1_28","Phospho (STY)",0.737251317190508,0.534370167709195,0.0577763837270386,6,"Not significant"
"Unstim / P3C4","TUBB5;TUBB","Cont_Q2KJD0;P07437","Cont_Q2KJD0;P07437","TBB5_BOVIN;TBB5_HUMAN","Tubulin beta-5 chain;Tubulin beta chain","Cont_Q2KJD0_Y281_M3_28","Phospho (STY)",-0.307074641803497,0.534649273452102,0.0586007580811511,6,"Not significant"
"Unstim / P3C4","TUBB5;TUBB","Cont_Q2KJD0;P07437","Cont_Q2KJD0;P07437","TBB5_BOVIN;TBB5_HUMAN","Tubulin beta-5 chain;Tubulin beta chain","P07437_Y281_M3_28","Phospho (STY)",-0.307074641803497,0.534649273452102,0.0586007580811511,6,"Not significant"
"Unstim / P3C4","ANXA5","P08758","P08758","ANXA5_HUMAN","Annexin A5","P08758_T74_M1_28","Phospho (STY)",-1.20290353952,0.537375641780291,0.0613072647212987,5,"Not significant"
"Unstim / P3C4","PAXX","Q9BUH6","Q9BUH6","PAXX_HUMAN","Protein PAXX","Q9BUH6_S152_M1_28","Phospho (STY)",-0.514830238773053,0.537458212194185,0.0614136863834215,6,"Not significant"
"Unstim / P3C4","PSMC3","P17980","P17980","PRS6A_HUMAN","26S proteasome regulatory subunit 6A","P17980_Y158_M1_28","Phospho (STY)",-0.605331834940255,0.538732778650461,0.0627029557430796,6,"Not significant"
"Unstim / P3C4","MATR3","P43243","P43243","MATR3_HUMAN","Matrin-3","P43243_Y779_M1_28","Phospho (STY)",0.645136583053146,0.542990567587619,0.066236137193867,6,"Not significant"
"Unstim / P3C4","GPSM3","Q9Y4H4","Q9Y4H4","GPSM3_HUMAN","G-protein-signaling modulator 3","Q9Y4H4_S54_M1_28","Phospho (STY)",-1.44934072858814,0.546019472545875,0.0704296679653958,5,"Not significant"
"Unstim / P3C4","RCSD1","Q6JBY9","Q6JBY9","CPZIP_HUMAN","CapZ-interacting protein","Q6JBY9_S216_M1_28","Phospho (STY)",-1.29481726506119,0.546656012064982,0.071271964316275,6,"Not significant"
"Unstim / P3C4","STK10","O94804","O94804","STK10_HUMAN","Serine/threonine-protein kinase 10","O94804_S438_M1_28","Phospho (STY)",0.873229081949357,0.547593805941372,0.0731190041990489,6,"Not significant"
"Unstim / P3C4","IFI16","Q16666","Q16666","IF16_HUMAN","Gamma-interferon-inducible protein 16","Q16666_S153_M1_28","Phospho (STY)",0.778395459209286,0.550357923336131,0.0757925989307046,5,"Not significant"
"Unstim / P3C4","GOT2","P00505","P00505","AATM_HUMAN","Aspartate aminotransferase, mitochondrial","P00505_S317_M2_28","Phospho (STY)",0.628713342566488,0.550465993122584,0.0760291543955589,6,"Not significant"
"Unstim / P3C4","GOT2","P00505","P00505","AATM_HUMAN","Aspartate aminotransferase, mitochondrial","P00505_Y316_M2_28","Phospho (STY)",0.628713342566488,0.550465993122584,0.0760291543955589,6,"Not significant"
"Unstim / P3C4","SNRPD2","P62316","P62316","SMD2_HUMAN","Small nuclear ribonucleoprotein Sm D2","P62316_S2_M1_28","Phospho (STY)",0.303333214840275,0.554327997771794,0.0801032742044399,6,"Not significant"
"Unstim / P3C4","ACTN4","O43707","O43707","ACTN4_HUMAN","Alpha-actinin-4","O43707_Y878_M1_28","Phospho (STY)",0.136379081264757,0.558422893370498,0.0862633844206255,6,"Not significant"
"Unstim / P3C4","CAPZA1","P52907","P52907","CAZA1_HUMAN","F-actin-capping protein subunit alpha-1","P52907_T22_M1_28","Phospho (STY)",-0.622751271619671,0.561806014409321,0.0907790560453545,6,"Not significant"
"Unstim / P3C4","CLPX","O76031","O76031","CLPX_HUMAN","ATP-dependent Clp protease ATP-binding subunit clpX-like, mitochondrial","O76031_S365_M1_28","Phospho (STY)",1.32676881187308,0.562019273402863,0.0911082704238828,6,"Not significant"
"Unstim / P3C4","PEA15","Q15121","Q15121","PEA15_HUMAN","Astrocytic phosphoprotein PEA-15","Q15121_Y4_M1_28","Phospho (STY)",-0.507864227107021,0.562548161994439,0.0917267905438721,6,"Not significant"
"Unstim / P3C4","MYH9","P35579","P35579","MYH9_HUMAN","Myosin-9","P35579_T1208_M1_28","Phospho (STY)",-0.441851940416976,0.563712354297154,0.0932619776896349,6,"Not significant"
"Unstim / P3C4","ENO2","P09104","P09104","ENOG_HUMAN","Gamma-enolase","P09104_S221_M1_28","Phospho (STY)",-0.294560630780549,0.563769851196566,0.093477703710146,6,"Not significant"
"Unstim / P3C4","HNRNPA3","P51991","P51991","ROA3_HUMAN","Heterogeneous nuclear ribonucleoprotein A3","P51991_S358_M1_28","Phospho (STY)",0.767828698220173,0.567800874853919,0.100124646609642,6,"Not significant"
"Unstim / P3C4","RBM14","Q96PK6","Q96PK6","RBM14_HUMAN","RNA-binding protein 14","Q96PK6_T206_M1_28","Phospho (STY)",0.678344989571225,0.56901586456967,0.101522045988562,6,"Not significant"
"Unstim / P3C4","DDX18","Q9NVP1","Q9NVP1","DDX18_HUMAN","ATP-dependent RNA helicase DDX18","Q9NVP1_T260_M2_28","Phospho (STY)",-1.43177518714686,0.569291170718147,0.102282503297536,5,"Not significant"
"Unstim / P3C4","DDX18","Q9NVP1","Q9NVP1","DDX18_HUMAN","ATP-dependent RNA helicase DDX18","Q9NVP1_S258_M2_28","Phospho (STY)",-1.43177518714686,0.569291170718147,0.102282503297536,5,"Not significant"
"Unstim / P3C4","MYL6","P60660","P60660","MYL6_HUMAN","Myosin light polypeptide 6","P60660_S57_M1_28","Phospho (STY)",-1.59696847449574,0.569293406722293,0.102329425307133,4,"Not significant"
"Unstim / P3C4","CCDC86","Q9H6F5","Q9H6F5","CCD86_HUMAN","Coiled-coil domain-containing protein 86","Q9H6F5_S47_M1_28","Phospho (STY)",0.497249839442173,0.57008301162614,0.103136439184341,5,"Not significant"
"Unstim / P3C4","RCSD1","Q6JBY9","Q6JBY9","CPZIP_HUMAN","CapZ-interacting protein","Q6JBY9_S177_M1_28","Phospho (STY)",-1.75284313629677,0.57028106918486,0.103377385306038,4,"Not significant"
"Unstim / P3C4","DDX17","Q92841","Q92841","DDX17_HUMAN","Probable ATP-dependent RNA helicase DDX17","Q92841_Y519_M1_28","Phospho (STY)",1.45403798490444,0.57104177250101,0.104553185218492,6,"Not significant"
"Unstim / P3C4","PER1","O15534","O15534","PER1_HUMAN","Period circadian protein homolog 1","O15534_S1186_M1_28","Phospho (STY)",1.61284556329305,0.57340305507442,0.108188173508598,6,"Not significant"
"Unstim / P3C4","HCLS1","P14317","P14317","HCLS1_HUMAN","Hematopoietic lineage cell-specific protein","P14317_S275_M2_28","Phospho (STY)",-0.500724402971762,0.576977397475605,0.114547059870864,6,"Not significant"
"Unstim / P3C4","AHNAK","Q09666","Q09666","AHNK_HUMAN","Neuroblast differentiation-associated protein AHNAK","Q09666_S210_M1_28","Phospho (STY)",-0.290562301701039,0.57768582458006,0.115681235591807,5,"Not significant"
"Unstim / P3C4","CTSV","O60911","O60911","CATL2_HUMAN","Cathepsin L2","O60911_Y125_M1_28","Phospho (STY)",6.61145834938118,0.580867172996123,0.120988170633237,6,"Not significant"
"Unstim / P3C4","NCF2","P19878","P19878","NCF2_HUMAN","Neutrophil cytosol factor 2","P19878_T233_M1_28","Phospho (STY)",-0.811226948754794,0.584107617213908,0.127380469817652,6,"Not significant"
"Unstim / P3C4","TUBB4B","P68371","P68371","TBB4B_HUMAN","Tubulin beta-4B chain","P68371_T107_M2_28","Phospho (STY)",-0.645621720634538,0.584616027202557,0.128618360489565,4,"Not significant"
"Unstim / P3C4","GAPDH","P04406","P04406","G3P_HUMAN","Glyceraldehyde-3-phosphate dehydrogenase","P04406_S125_M2_28","Phospho (STY)",-1.00931530368032,0.585543274818932,0.129896393282466,6,"Not significant"
"Unstim / P3C4","GAPDH","P04406","P04406","G3P_HUMAN","Glyceraldehyde-3-phosphate dehydrogenase","P04406_S122_M2_28","Phospho (STY)",-1.00931530368032,0.585543274818932,0.129896393282466,6,"Not significant"
"Unstim / P3C4","MMP9","P14780","P14780","MMP9_HUMAN","Matrix metalloproteinase-9","P14780_S66_M1_28","Phospho (STY)",0.292748716119763,0.588121302281028,0.134850111854773,6,"Not significant"
"Unstim / P3C4","RAB11B","Q15907","Q15907","RB11B_HUMAN","Ras-related protein Rab-11B","Q15907_T59_M1_28","Phospho (STY)",0.426168305123678,0.589472048032909,0.137979540742612,6,"Not significant"
"Unstim / P3C4","NPM1","P06748","P06748","NPM_HUMAN","Nucleophosmin","P06748_Y67_M1_28","Phospho (STY)",-0.57022781978664,0.590530984263278,0.140032008464747,6,"Not significant"
"Unstim / P3C4","POLR3E","Q9NVU0","Q9NVU0","RPC5_HUMAN","DNA-directed RNA polymerase III subunit RPC5","Q9NVU0_Y404_M1_28","Phospho (STY)",-2.16333487070056,0.591630777891521,0.142082333559563,6,"Not significant"
"Unstim / P3C4","WDFY3","Q8IZQ1","Q8IZQ1","WDFY3_HUMAN","WD repeat and FYVE domain-containing protein 3","Q8IZQ1_S1980_M1_28","Phospho (STY)",-0.374437415016404,0.592218539617353,0.14324405087624,6,"Not significant"
"Unstim / P3C4","ABCC3","O15438","O15438","MRP3_HUMAN","ATP-binding cassette sub-family C member 3","O15438_S273_M1_28","Phospho (STY)",-0.475288503495488,0.594081567651451,0.146114464170651,4,"Not significant"
"Unstim / P3C4","CLTC","Q00610","Q00610","CLH1_HUMAN","Clathrin heavy chain 1","Q00610_T235_M1_28","Phospho (STY)",0.664088990919579,0.59558747110653,0.149355578704184,6,"Not significant"
"Unstim / P3C4","ACAT2","Q9BWD1","Q9BWD1","THIC_HUMAN","Acetyl-CoA acetyltransferase, cytosolic","Q9BWD1_T275_M1_28","Phospho (STY)",-0.879913165888179,0.59684779005483,0.152282726172732,6,"Not significant"
"Unstim / P3C4","YTHDC1","Q96MU7","Q96MU7","YTDC1_HUMAN","YTH domain-containing protein 1","Q96MU7_S308_M1_28","Phospho (STY)",0.460149625592673,0.597080641188572,0.152721972371171,6,"Not significant"
"Unstim / P3C4","XRCC6","P12956","P12956","XRCC6_HUMAN","X-ray repair cross-complementing protein 6","P12956_Y559_M1_28","Phospho (STY)",0.542133601189355,0.59817076226847,0.154795641219173,6,"Not significant"
"Unstim / P3C4","ZC3H14","Q6PJT7","Q6PJT7","ZC3HE_HUMAN","Zinc finger CCCH domain-containing protein 14","Q6PJT7_S515_M1_28","Phospho (STY)",0.546531379139824,0.598176602635363,0.154832325038605,6,"Not significant"
"Unstim / P3C4","RALY","Q9UKM9","Q9UKM9","RALY_HUMAN","RNA-binding protein Raly","Q9UKM9_S135_M1_28","Phospho (STY)",0.29124024102578,0.601758338526659,0.16126325865591,6,"Not significant"
"Unstim / P3C4","NIBAN2","Q96TA1","Q96TA1","NIBA2_HUMAN","Protein Niban 2","Q96TA1_S665_M1_28","Phospho (STY)",-1.03727638492133,0.60275149186122,0.163325082905817,6,"Not significant"
"Unstim / P3C4","CAP1","Cont_Q3SYV4","Cont_Q3SYV4","CAP1_BOVIN","Adenylyl cyclase-associated protein 1","Cont_Q3SYV4_T89_M1_28","Phospho (STY)",0.312264746168454,0.603121480649919,0.17116543893225,6,"Not significant"
"Unstim / P3C4","ARID1A","O14497","O14497","ARI1A_HUMAN","AT-rich interactive domain-containing protein 1A","O14497_S363_M1_28","Phospho (STY)",0.610180395634559,0.603121480649919,0.172758411869012,6,"Not significant"
"Unstim / P3C4","GLUD1","P00367","P00367","DHE3_HUMAN","Glutamate dehydrogenase 1, mitochondrial","P00367_Y170_M1_28","Phospho (STY)",9.04135124030389,0.603121480649919,0.18959980335397,6,"Not significant"
"Unstim / P3C4","S100A8","P05109","P05109","S10A8_HUMAN","Protein S100-A8","P05109_T62_M1_28","Phospho (STY)",-2.93625665743189,0.603121480649919,0.19077511019714,6,"Not significant"
"Unstim / P3C4","GPI","P06744","P06744","G6PI_HUMAN","Glucose-6-phosphate isomerase","P06744_Y183_M1_28","Phospho (STY)",-1.05715595680655,0.603121480649919,0.178971152871485,6,"Not significant"
"Unstim / P3C4","HSP90AA1","P07900","P07900","HS90A_HUMAN","Heat shock protein HSP 90-alpha","P07900_S442_M1_28","Phospho (STY)",-0.543583286423269,0.603121480649919,0.177532570041343,5,"Not significant"
"Unstim / P3C4","PRKCSH","P14314","P14314","GLU2B_HUMAN","Glucosidase 2 subunit beta","P14314_S478_M1_28","Phospho (STY)",0.483139282413077,0.603121480649919,0.164165462333762,5,"Not significant"
"Unstim / P3C4","HCLS1","P14317","P14317","HCLS1_HUMAN","Hematopoietic lineage cell-specific protein","P14317_S275_M1_28","Phospho (STY)",-1.53585103072064,0.603121480649919,0.1677286024947,6,"Not significant"
"Unstim / P3C4","HK1","P19367","P19367","HXK1_HUMAN","Hexokinase-1","P19367_Y732_M2_28","Phospho (STY)",1.04533313098866,0.603121480649919,0.164766098534828,6,"Not significant"
"Unstim / P3C4","PDIA3","P30101","P30101","PDIA3_HUMAN","Protein disulfide-isomerase A3","P30101_Y467_M1_28","Phospho (STY)",-8.62548007019313,0.603121480649919,0.184586903371344,6,"Not significant"
"Unstim / P3C4","HPCAL1","P37235","P37235","HPCL1_HUMAN","Hippocalcin-like protein 1","P37235_T158_M1_28","Phospho (STY)",8.92260356887077,0.603121480649919,0.1840993518132,5,"Not significant"
"Unstim / P3C4","DRG2","P55039","P55039","DRG2_HUMAN","Developmentally-regulated GTP-binding protein 2","P55039_Y210_M1_28","Phospho (STY)",0.57045767778346,0.603121480649919,0.183496765969734,6,"Not significant"
"Unstim / P3C4","RAB5B","P61020","P61020","RAB5B_HUMAN","Ras-related protein Rab-5B","P61020_S184_M1_28","Phospho (STY)",0.847712009326719,0.603121480649919,0.195273769228097,6,"Not significant"
"Unstim / P3C4","CAP1","Q01518","Q01518","CAP1_HUMAN","Adenylyl cyclase-associated protein 1","Q01518_S62_M1_28","Phospho (STY)",0.543990365638421,0.603121480649919,0.166410393557248,6,"Not significant"
"Unstim / P3C4","AKAP13","Q12802","Q12802","AKP13_HUMAN","A-kinase anchor protein 13","Q12802_S441_M2_28","Phospho (STY)",-0.537558284637215,0.603121480649919,0.193777499375671,5,"Not significant"
"Unstim / P3C4","RAB12","Q6IQ22","Q6IQ22","RAB12_HUMAN","Ras-related protein Rab-12","Q6IQ22_Y143_M2_28","Phospho (STY)",1.00913913086087,0.603121480649919,0.167957505800006,6,"Not significant"
"Unstim / P3C4","MRPL52","Q86TS9","Q86TS9","RM52_HUMAN","Large ribosomal subunit protein mL52","Q86TS9_S81_M2_28","Phospho (STY)",-0.969199678043548,0.603121480649919,0.189145987222276,6,"Not significant"
"Unstim / P3C4","MRPL52","Q86TS9","Q86TS9","RM52_HUMAN","Large ribosomal subunit protein mL52","Q86TS9_T72_M2_28","Phospho (STY)",-0.969199678043548,0.603121480649919,0.189145987222276,6,"Not significant"
"Unstim / P3C4","CHMP4B","Q9H444","Q9H444","CHM4B_HUMAN","Charged multivesicular body protein 4b","Q9H444_T21_M1_28","Phospho (STY)",-9.54302548538096,0.603121480649919,0.183717507704358,6,"Not significant"
"Unstim / P3C4","ACAD9","Q9H845","Q9H845","ACAD9_HUMAN","Complex I assembly factor ACAD9, mitochondrial","Q9H845_Y165_M2_28","Phospho (STY)",-8.18795945976689,0.603121480649919,0.195201334794837,6,"Not significant"
"Unstim / P3C4","SRRM2","Q9UQ35","Q9UQ35","SRRM2_HUMAN","Serine/arginine repetitive matrix protein 2","Q9UQ35_S2272_M1_28","Phospho (STY)",-0.545663413815157,0.603121480649919,0.179996648447966,6,"Not significant"
"Unstim / P3C4","SLC30A1","Q9Y6M5","Q9Y6M5","ZNT1_HUMAN","Proton-coupled zinc antiporter SLC30A1","Q9Y6M5_T483_M1_28","Phospho (STY)",1.90334212401208,0.603121480649919,0.182271280954576,6,"Not significant"
"Unstim / P3C4","PHACTR4","Q8IZ21","Q8IZ21","PHAR4_HUMAN","Phosphatase and actin regulator 4","Q8IZ21_S118_M1_28","Phospho (STY)",0.490760015030415,0.603121480649919,0.169449076501799,4,"Not significant"
"Unstim / P3C4","P4HB","P07237","P07237","PDIA1_HUMAN","Protein disulfide-isomerase","P07237_T85_M1_28","Phospho (STY)",-0.486677029019341,0.603121480649919,0.186061937061804,5,"Not significant"
"Unstim / P3C4","PLEC","Q15149","Q15149","PLEC_HUMAN","Plectin","Q15149_S4386_M1_28","Phospho (STY)",0.506296050336939,0.603121480649919,0.17602306460374,5,"Not significant"
"Unstim / P3C4","ALDOA","P04075","P04075","ALDOA_HUMAN","Fructose-bisphosphate aldolase A","P04075_S160_M2_28","Phospho (STY)",-4.41287422201852,0.603202993881853,0.199625336279204,6,"Not significant"
"Unstim / P3C4","ALDOA","P04075","P04075","ALDOA_HUMAN","Fructose-bisphosphate aldolase A","P04075_T158_M2_28","Phospho (STY)",-4.41287422201852,0.603202993881853,0.199625336279204,6,"Not significant"
"Unstim / P3C4","POTEI","P0CG38","P0CG38","POTEI_HUMAN","POTE ankyrin domain family member I","P0CG38_Y918_M1_28","Phospho (STY)",6.10614239893378,0.603202993881853,0.197252841407143,6,"Not significant"
"Unstim / P3C4","BTF3","P20290","P20290","BTF3_HUMAN","Transcription factor BTF3","P20290_T110_M2_28","Phospho (STY)",-2.93643297532417,0.603202993881853,0.197693810122964,5,"Not significant"
"Unstim / P3C4","RPS20","P60866","P60866","RS20_HUMAN","Small ribosomal subunit protein uS10","P60866_T9_M2_28","Phospho (STY)",-0.203755696242696,0.603202993881853,0.198657683744742,6,"Not significant"
"Unstim / P3C4","RPS20","P60866","P60866","RS20_HUMAN","Small ribosomal subunit protein uS10","P60866_T6_M2_28","Phospho (STY)",-0.203755696242696,0.603202993881853,0.198657683744742,6,"Not significant"
"Unstim / P3C4","BST1","Q10588","Q10588","BST1_HUMAN","ADP-ribosyl cyclase/cyclic ADP-ribose hydrolase 2","Q10588_Y200_M2_28","Phospho (STY)",-2.72527522266815,0.603202993881853,0.196417840901672,5,"Not significant"
"Unstim / P3C4","ACIN1","Q9UKV3","Q9UKV3","ACINU_HUMAN","Apoptotic chromatin condensation inducer in the nucleus","Q9UKV3_S1004_M1_28","Phospho (STY)",0.0834722392860068,0.603202993881853,0.19644902531647,6,"Not significant"
"Unstim / P3C4","ACLY","P53396","P53396","ACLY_HUMAN","ATP-citrate synthase","P53396_S947_M1_28","Phospho (STY)",8.42983187825365,0.603526448284182,0.201183517938511,6,"Not significant"
"Unstim / P3C4","FOSL2","P15408","P15408","FOSL2_HUMAN","Fos-related antigen 2","P15408_S200_M1_28","Phospho (STY)",-0.895478434032628,0.603615043083975,0.202861311524103,5,"Not significant"
"Unstim / P3C4","SPP1","P10451","P10451","OSTP_HUMAN","Osteopontin","P10451_S303_M1_28","Phospho (STY)",1.35996398442282,0.603781990099925,0.20434956867312,6,"Not significant"
"Unstim / P3C4","P4HA1","P13674","P13674","P4HA1_HUMAN","Prolyl 4-hydroxylase subunit alpha-1","P13674_S149_M1_28","Phospho (STY)",-1.29936750034758,0.603789792412415,0.20454210103492,6,"Not significant"
"Unstim / P3C4","LAP3","P28838","P28838","AMPL_HUMAN","Cytosol aminopeptidase","P28838_T70_M1_28","Phospho (STY)",-7.97770881385997,0.605043898694828,0.210570212963751,6,"Not significant"
"Unstim / P3C4","HSPA2","P54652","P54652","HSP72_HUMAN","Heat shock-related 70 kDa protein 2","P54652_Y135_M1_28","Phospho (STY)",5.62189451641853,0.605043898694828,0.211316493191291,6,"Not significant"
"Unstim / P3C4","ACO2","Q99798","Q99798","ACON_HUMAN","Aconitate hydratase, mitochondrial","Q99798_Y544_M1_28","Phospho (STY)",-0.717588912256712,0.605043898694828,0.210670358409676,6,"Not significant"
"Unstim / P3C4","TCOF1","Q13428","Q13428","TCOF_HUMAN","Treacle protein","Q13428_S503_M1_28","Phospho (STY)",-0.281281922239227,0.606000971227999,0.215479117323155,5,"Not significant"
"Unstim / P3C4","HSPA2","P54652","P54652","HSP72_HUMAN","Heat shock-related 70 kDa protein 2","P54652_Y614_M1_28","Phospho (STY)",-0.777476601567465,0.606030087823053,0.215752771564236,6,"Not significant"
"Unstim / P3C4","LDHA","P00338","P00338","LDHA_HUMAN","L-lactate dehydrogenase A chain","P00338_Y83_M1_28","Phospho (STY)",-1.45829467736867,0.60625245209263,0.216729234811075,6,"Not significant"
"Unstim / P3C4","RCSD1","Q6JBY9","Q6JBY9","CPZIP_HUMAN","CapZ-interacting protein","Q6JBY9_S108_M1_28","Phospho (STY)",-0.615539579495955,0.607164128913349,0.220313839880095,5,"Not significant"
"Unstim / P3C4","ILF2","Q12905","Q12905","ILF2_HUMAN","Interleukin enhancer-binding factor 2","Q12905_Y338_M1_28","Phospho (STY)",-1.77139595620493,0.607615222716289,0.222004786600614,4,"Not significant"
"Unstim / P3C4","HSPA5","P11021","P11021","BIP_HUMAN","Endoplasmic reticulum chaperone BiP","P11021_Y127_M2_28","Phospho (STY)",-0.947639371098795,0.607641287098091,0.222152865799166,6,"Not significant"
"Unstim / P3C4","SF3B3","Q15393","Q15393","SF3B3_HUMAN","Splicing factor 3B subunit 3","Q15393_Y807_M2_28","Phospho (STY)",-0.330352853861615,0.60841355812209,0.22466576367807,6,"Not significant"
"Unstim / P3C4","AHNAK","Q09666","Q09666","AHNK_HUMAN","Neuroblast differentiation-associated protein AHNAK","Q09666_T376_M1_28","Phospho (STY)",-1.03972503655326,0.608589211161942,0.225286487396113,6,"Not significant"
"Unstim / P3C4","RAB44","Q7Z6P3","Q7Z6P3","RAB44_HUMAN","Ras-related protein Rab-44","Q7Z6P3_T874_M1_28","Phospho (STY)",0.428342837099313,0.608948757135477,0.226750942921743,6,"Not significant"
"Unstim / P3C4","GLOD4","Q9HC38","Q9HC38","GLOD4_HUMAN","Glyoxalase domain-containing protein 4","Q9HC38_T242_M1_28","Phospho (STY)",-0.781131076632861,0.609233753426295,0.227563226553916,5,"Not significant"
"Unstim / P3C4","TNF","P01375","P01375","TNFA_HUMAN","Tumor necrosis factor","P01375_S71_M1_28","Phospho (STY)",0.586352669244238,0.609380608063459,0.227906854046023,4,"Not significant"
"Unstim / P3C4","PRSS1","Cont_P00760","Cont_P00760","TRY1_BOVIN","Serine protease 1","Cont_P00760_S89_M1_28","Phospho (STY)",0.48123014339962,0.609385022590736,0.227960742815161,4,"Not significant"
"Unstim / P3C4","PTGS1","P23219","P23219","PGH1_HUMAN","Prostaglandin G/H synthase 1","P23219_Y543_M2_28","Phospho (STY)",4.98250792218511,0.609863323701266,0.229832480666045,6,"Not significant"
"Unstim / P3C4","MYH9","P35579","P35579","MYH9_HUMAN","Myosin-9","P35579_S1376_M1_28","Phospho (STY)",-0.433206318212659,0.609908099723912,0.230083579056536,5,"Not significant"
"Unstim / P3C4","ADGRE5","P48960","P48960","AGRE5_HUMAN","Adhesion G protein-coupled receptor E5","P48960_Y352_M1_28","Phospho (STY)",-0.596781542326666,0.609983882379171,0.230618049852206,6,"Not significant"
"Unstim / P3C4","ATP6V0A1","Q93050","Q93050","VPP1_HUMAN","V-type proton ATPase 116 kDa subunit a 1","Q93050_T82_M1_28","Phospho (STY)",0.643537752844021,0.610252114583784,0.231643010301355,6,"Not significant"
"Unstim / P3C4","ANXA6","P08133","P08133","ANXA6_HUMAN","Annexin A6","P08133_T356_M1_28","Phospho (STY)",-6.99761764132748,0.610344847994761,0.232092086811149,6,"Not significant"
"Unstim / P3C4","PRSS1","Cont_P00760","Cont_P00760","TRY1_BOVIN","Serine protease 1","Cont_P00760_Y99_M2_28","Phospho (STY)",-2.35126527643449,0.611010555705983,0.23381772186327,6,"Not significant"
"Unstim / P3C4","ITGB2","P05107","P05107","ITB2_HUMAN","Integrin beta-2","P05107_Y382_M2_28","Phospho (STY)",-1.40059892923731,0.611863142187183,0.236868847893342,6,"Not significant"
"Unstim / P3C4","ACTB","Cont_P60712;P60709","Cont_P60712;P60709","ACTB_BOVIN;ACTB_HUMAN","Actin, cytoplasmic 1;Actin, cytoplasmic 1","Cont_P60712_S232_M2_28","Phospho (STY)",-2.42424633401755,0.611894028991836,0.23771201730889,6,"Not significant"
"Unstim / P3C4","ACTB","Cont_P60712;P60709","Cont_P60712;P60709","ACTB_BOVIN;ACTB_HUMAN","Actin, cytoplasmic 1;Actin, cytoplasmic 1","P60709_S232_M2_28","Phospho (STY)",-2.42424633401755,0.611894028991836,0.23771201730889,6,"Not significant"
"Unstim / P3C4","GPSM3","Q9Y4H4","Q9Y4H4","GPSM3_HUMAN","G-protein-signaling modulator 3","Q9Y4H4_S56_M1_28","Phospho (STY)",-0.55130162942477,0.612519945947103,0.239724831636565,6,"Not significant"
"Unstim / P3C4","ACTBL2","Q562R1","Q562R1","ACTBL_HUMAN","Beta-actin-like protein 2","Q562R1_Y295_M2_28","Phospho (STY)",12.1574185184379,0.612918729280653,0.241421389787249,6,"Not significant"
"Unstim / P3C4","VIM","P08670","P08670","VIME_HUMAN","Vimentin","P08670_T327_M1_28","Phospho (STY)",-0.492560743793956,0.613071946260425,0.241948868457483,6,"Not significant"
"Unstim / P3C4","PCBP1","Q15365","Q15365","PCBP1_HUMAN","Poly(rC)-binding protein 1","Q15365_S190_M1_28","Phospho (STY)",-0.530337218691893,0.613593753678076,0.2446534812011,4,"Not significant"
"Unstim / P3C4","GOLGA2","Q08379","Q08379","GOGA2_HUMAN","Golgin subfamily A member 2","Q08379_Y846_M1_28","Phospho (STY)",-0.399104488627089,0.613878789912812,0.245458374891202,5,"Not significant"
"Unstim / P3C4","ERLIN2","O94905","O94905","ERLN2_HUMAN","Erlin-2","O94905_S243_M1_28","Phospho (STY)",0.484128943857879,0.614698663088404,0.248009391340989,6,"Not significant"
"Unstim / P3C4","HNRNPA1","P09651","P09651","ROA1_HUMAN","Heterogeneous nuclear ribonucleoprotein A1","P09651_Y62_M2_28","Phospho (STY)",-2.44264538363392,0.615146255996365,0.249341814395316,6,"Not significant"
"Unstim / P3C4","CAP1","Q01518","Q01518","CAP1_HUMAN","Adenylyl cyclase-associated protein 1","Q01518_T78_M1_28","Phospho (STY)",0.461034762872349,0.615336649179172,0.249782681421158,6,"Not significant"
"Unstim / P3C4","PLXNB2","O15031","O15031","PLXB2_HUMAN","Plexin-B2","O15031_T822_M2_28","Phospho (STY)",1.5446668444252,0.616572323390051,0.253357081363514,5,"Not significant"
"Unstim / P3C4","TUBB4B","P68371","P68371","TBB4B_HUMAN","Tubulin beta-4B chain","P68371_Y106_M1_28","Phospho (STY)",-0.645378221766324,0.617631241747624,0.256409291243545,4,"Not significant"
"Unstim / P3C4","RPL18","Q07020","Q07020","RL18_HUMAN","Large ribosomal subunit protein eL18","Q07020_T136_M1_28","Phospho (STY)",0.354594359622014,0.618226361027268,0.257459352743828,6,"Not significant"
"Unstim / P3C4","FAM120A","Q9NZB2","Q9NZB2","F120A_HUMAN","Constitutive coactivator of PPAR-gamma-like protein 1","Q9NZB2_Y1020_M2_28","Phospho (STY)",-0.653594825757412,0.61862228856822,0.258211494065513,6,"Not significant"
"Unstim / P3C4","DYNLRB1","Q9NP97","Q9NP97","DLRB1_HUMAN","Dynein light chain roadblock-type 1","Q9NP97_Y86_M1_28","Phospho (STY)",-1.27119091235847,0.619221748360544,0.259767829092199,6,"Not significant"
"Unstim / P3C4","NUP85","Q9BW27","Q9BW27","NUP85_HUMAN","Nuclear pore complex protein Nup85","Q9BW27_T579_M2_28","Phospho (STY)",0.400618768563559,0.619651890406999,0.260968196382106,5,"Not significant"
"Unstim / P3C4","PRPF40A","O75400","O75400","PR40A_HUMAN","Pre-mRNA-processing factor 40 homolog A","O75400_Y221_M1_28","Phospho (STY)",0.273340950666435,0.620353340569071,0.262472441249157,6,"Not significant"
"Unstim / P3C4","THRAP3","Q9Y2W1","Q9Y2W1","TR150_HUMAN","Thyroid hormone receptor-associated protein 3","Q9Y2W1_S682_M1_28","Phospho (STY)",0.654460613557925,0.620623328752951,0.263051726730391,6,"Not significant"
"Unstim / P3C4","THRAP3","Q9Y2W1","Q9Y2W1","TR150_HUMAN","Thyroid hormone receptor-associated protein 3","Q9Y2W1_S248_M1_28","Phospho (STY)",0.530670996157497,0.621850751838659,0.266051293010503,6,"Not significant"
"Unstim / P3C4","EIF5A","P63241","P63241","IF5A1_HUMAN","Eukaryotic translation initiation factor 5A-1","P63241_T65_M1_28","Phospho (STY)",-0.501566347246135,0.62240136173517,0.267348140455924,6,"Not significant"
"Unstim / P3C4","DTX3L","Q8TDB6","Q8TDB6","DTX3L_HUMAN","E3 ubiquitin-protein ligase DTX3L","Q8TDB6_S9_M1_28","Phospho (STY)",0.553669507441453,0.622581122949494,0.267770102854336,5,"Not significant"
"Unstim / P3C4","RAB44","Q7Z6P3","Q7Z6P3","RAB44_HUMAN","Ras-related protein Rab-44","Q7Z6P3_S509_M1_28","Phospho (STY)",0.287276355655527,0.623439385579348,0.269617973379277,6,"Not significant"
"Unstim / P3C4","CAP2","P40123","P40123","CAP2_HUMAN","Adenylyl cyclase-associated protein 2","P40123_T274_M1_28","Phospho (STY)",0.480453345701113,0.623883734855126,0.270896426479773,6,"Not significant"
"Unstim / P3C4","PNP","P00491","P00491","PNPH_HUMAN","Purine nucleoside phosphorylase","P00491_Y50_M2_28","Phospho (STY)",4.66821845189541,0.623907620924973,0.270982324165866,6,"Not significant"
"Unstim / P3C4","RAB37","Q96AX2","Q96AX2","RAB37_HUMAN","Ras-related protein Rab-37","Q96AX2_T73_M1_28","Phospho (STY)",0.817703749895541,0.625104463254788,0.274433658240429,6,"Not significant"
"Unstim / P3C4","ZMPSTE24","O75844","O75844","FACE1_HUMAN","CAAX prenyl protease 1 homolog","O75844_Y45_M1_28","Phospho (STY)",0.348219263143055,0.625941170173977,0.276891568914067,6,"Not significant"
"Unstim / P3C4","CAP1","Q01518","Q01518","CAP1_HUMAN","Adenylyl cyclase-associated protein 1","Q01518_Y43_M1_28","Phospho (STY)",-0.145419454206274,0.626575249008756,0.278573684554253,4,"Not significant"
"Unstim / P3C4","H2AX","P16104","P16104","H2AX_HUMAN","Histone H2AX","P16104_T102_M1_28","Phospho (STY)",-2.90052025490989,0.627419561067515,0.28096300896599,6,"Not significant"
"Unstim / P3C4","MACROH2A1","O75367","O75367","H2AY_HUMAN","Core histone macro-H2A.1","O75367_S305_M1_28","Phospho (STY)",0.30551006214033,0.627967979332782,0.282624093824265,6,"Not significant"
"Unstim / P3C4","HSPD1","P10809","P10809","CH60_HUMAN","60 kDa heat shock protein, mitochondrial","P10809_Y223_M2_28","Phospho (STY)",-0.523069870081174,0.628023045885557,0.282801178791335,6,"Not significant"
"Unstim / P3C4","HNRNPK","P61978","P61978","HNRPK_HUMAN","Heterogeneous nuclear ribonucleoprotein K","P61978_Y72_M2_28","Phospho (STY)",-0.696411668715947,0.628794026746771,0.285258134280771,6,"Not significant"
"Unstim / P3C4","HNRNPK","P61978","P61978","HNRPK_HUMAN","Heterogeneous nuclear ribonucleoprotein K","P61978_T70_M2_28","Phospho (STY)",-0.696411668715947,0.628794026746771,0.285258198764661,6,"Not significant"
"Unstim / P3C4","DDX3X","O00571","O00571","DDX3X_HUMAN","ATP-dependent RNA helicase DDX3X","O00571_Y266_M1_28","Phospho (STY)",-1.43320670254979,0.629503572853896,0.287100931681982,4,"Not significant"
"Unstim / P3C4","BAK1","Q16611","Q16611","BAK_HUMAN","Bcl-2 homologous antagonist/killer","Q16611_S3_M1_28","Phospho (STY)",-0.476083497387714,0.629553840670316,0.28734603954242,6,"Not significant"
"Unstim / P3C4","EZR","P15311","P15311","EZRI_HUMAN","Ezrin","P15311_T235_M1_28","Phospho (STY)",0.341056185403439,0.629727468557587,0.288059219345768,6,"Not significant"
"Unstim / P3C4","RAB5C","P51148","P51148","RAB5C_HUMAN","Ras-related protein Rab-5C","P51148_S124_M1_28","Phospho (STY)",0.311522127545933,0.63023149063985,0.289373429570692,6,"Not significant"
"Unstim / P3C4","EEF1A1","Cont_P68103;P68104","Cont_P68103;P68104","EF1A1_BOVIN;EF1A1_HUMAN","Elongation factor 1-alpha 1","Cont_P68103_Y357_M1_28","Phospho (STY)",-0.219733297118545,0.630252679567258,0.289456477341558,6,"Not significant"
"Unstim / P3C4","EEF1A1","Cont_P68103;P68104","Cont_P68103;P68104","EF1A1_BOVIN;EF1A1_HUMAN","Elongation factor 1-alpha 1","P68104_Y357_M1_28","Phospho (STY)",-0.219733297118545,0.630252679567258,0.289456477341558,6,"Not significant"
"Unstim / P3C4","HSPA2","P54652","P54652","HSP72_HUMAN","Heat shock-related 70 kDa protein 2","P54652_S142_M2_28","Phospho (STY)",-2.20428952117719,0.630513679946159,0.290337657387261,6,"Not significant"
"Unstim / P3C4","TAGLN2","P37802","P37802","TAGL2_HUMAN","Transgelin-2","P37802_Y70_M1_28","Phospho (STY)",-0.613745240653953,0.630669908205248,0.290863017018394,6,"Not significant"
"Unstim / P3C4","TRA2B","P62995","P62995","TRA2B_HUMAN","Transformer-2 protein homolog beta","P62995_T201_M1_28","Phospho (STY)",0.458900270545793,0.630879298417003,0.29144111810001,6,"Not significant"
"Unstim / P3C4","ACTBL2","Q562R1","Q562R1","ACTBL_HUMAN","Beta-actin-like protein 2","Q562R1_Y54_M1_28","Phospho (STY)",-1.28147240643417,0.630907958867397,0.291606091256461,6,"Not significant"
"Unstim / P3C4","HNRNPA1","P09651","P09651","ROA1_HUMAN","Heterogeneous nuclear ribonucleoprotein A1","P09651_S6_M1_28","Phospho (STY)",1.5748705234319,0.631348034845281,0.292786743738168,5,"Not significant"
"Unstim / P3C4","RAB4A","P20338","P20338","RAB4A_HUMAN","Ras-related protein Rab-4A","P20338_Y61_M1_28","Phospho (STY)",-5.22086255290529,0.631759276410932,0.293872315523771,6,"Not significant"
"Unstim / P3C4","HSD17B7","P56937","P56937","DHB7_HUMAN","3-keto-steroid reductase/17-beta-hydroxysteroid dehydrogenase 7","P56937_Y198_M1_28","Phospho (STY)",0.561017371961849,0.632815249030523,0.296393554177293,4,"Not significant"
"Unstim / P3C4","ZYX","Q15942","Q15942","ZYX_HUMAN","Zyxin","Q15942_S281_M1_28","Phospho (STY)",-0.713559584049732,0.633033109754625,0.297177491224825,6,"Not significant"
"Unstim / P3C4","CCAR2","Q8N163","Q8N163","CCAR2_HUMAN","Cell cycle and apoptosis regulator protein 2","Q8N163_Y100_M1_28","Phospho (STY)",0.313695473750015,0.633111728461745,0.297457426239588,6,"Not significant"
"Unstim / P3C4","HNRNPA2B1","P22626","P22626","ROA2_HUMAN","Heterogeneous nuclear ribonucleoproteins A2/B1","P22626_S29_M1_28","Phospho (STY)",-0.887189880509115,0.633343075214873,0.298193294426146,6,"Not significant"
"Unstim / P3C4","ACTB","Cont_P60712;P60709","Cont_P60712;P60709","ACTB_BOVIN;ACTB_HUMAN","Actin, cytoplasmic 1;Actin, cytoplasmic 1","Cont_P60712_Y294_M2_28","Phospho (STY)",0.288521758057648,0.633972537254186,0.382990714397708,6,"Not significant"
"Unstim / P3C4","ACTB","Cont_P60712;P60709","Cont_P60712;P60709","ACTB_BOVIN;ACTB_HUMAN","Actin, cytoplasmic 1;Actin, cytoplasmic 1","P60709_Y294_M2_28","Phospho (STY)",0.288521758057648,0.633972537254186,0.382990714397708,6,"Not significant"
"Unstim / P3C4","ACTB","Cont_P60712;P60709","Cont_P60712;P60709","ACTB_BOVIN;ACTB_HUMAN","Actin, cytoplasmic 1;Actin, cytoplasmic 1","Cont_P60712_S271_M1_28","Phospho (STY)",4.11142404363724,0.633972537254186,0.414429735659735,6,"Not significant"
"Unstim / P3C4","ACTB","Cont_P60712;P60709","Cont_P60712;P60709","ACTB_BOVIN;ACTB_HUMAN","Actin, cytoplasmic 1;Actin, cytoplasmic 1","P60709_S271_M1_28","Phospho (STY)",4.11142404363724,0.633972537254186,0.414429735659735,6,"Not significant"
"Unstim / P3C4","APOA2","Cont_P81644","Cont_P81644","APOA2_BOVIN","Apolipoprotein A-II","Cont_P81644_Y64_M1_28","Phospho (STY)",-5.26166009778657,0.633972537254186,0.424684070333985,6,"Not significant"
"Unstim / P3C4","GSN","Cont_Q3SX14","Cont_Q3SX14","GELS_BOVIN","Gelsolin","Cont_Q3SX14_Y320_M2_28","Phospho (STY)",10.453051247802,0.633972537254186,0.42262522448482,6,"Not significant"
"Unstim / P3C4","NACA","E9PAV3;Q13765","E9PAV3;Q13765","NACAM_HUMAN;NACA_HUMAN","Nascent polypeptide-associated complex subunit alpha, muscle-specific form;Nascent polypeptide-associated complex subunit alpha","E9PAV3_Y1983_M1_28","Phospho (STY)",-0.55084824007214,0.633972537254186,0.336688425161682,6,"Not significant"
"Unstim / P3C4","NACA","E9PAV3;Q13765","E9PAV3;Q13765","NACAM_HUMAN;NACA_HUMAN","Nascent polypeptide-associated complex subunit alpha, muscle-specific form;Nascent polypeptide-associated complex subunit alpha","Q13765_Y120_M1_28","Phospho (STY)",-0.55084824007214,0.633972537254186,0.336688425161682,6,"Not significant"
"Unstim / P3C4","CNK3/IPCEF1","G9CGD6","G9CGD6","CNIPF_HUMAN","CNK3/IPCEF1 fusion protein","G9CGD6_S123_M1_28","Phospho (STY)",-0.401738522665303,0.633972537254186,0.407733604064109,6,"Not significant"
"Unstim / P3C4","STX7","O15400","O15400","STX7_HUMAN","Syntaxin-7","O15400_T98_M1_28","Phospho (STY)",6.89808043273743,0.633972537254186,0.363859406650751,6,"Not significant"
"Unstim / P3C4","PRPF3","O43395","O43395","PRPF3_HUMAN","U4/U6 small nuclear ribonucleoprotein Prp3","O43395_T254_M2_28","Phospho (STY)",7.98185547337694,0.633972537254186,0.42222534926012,6,"Not significant"
"Unstim / P3C4","EIF5B","O60841","O60841","IF2P_HUMAN","Eukaryotic translation initiation factor 5B","O60841_T642_M1_28","Phospho (STY)",-3.21927802436797,0.633972537254186,0.418088948232195,6,"Not significant"
"Unstim / P3C4","ARL6IP5","O75915","O75915","PRAF3_HUMAN","PRA1 family protein 3","O75915_T160_M1_28","Phospho (STY)",1.25133930008353,0.633972537254186,0.42119475794441,6,"Not significant"
"Unstim / P3C4","PGK1","P00558","P00558","PGK1_HUMAN","Phosphoglycerate kinase 1","P00558_S115_M1_28","Phospho (STY)",-4.35212447058674,0.633972537254186,0.423035432310821,6,"Not significant"
"Unstim / P3C4","PGK1","P00558","P00558","PGK1_HUMAN","Phosphoglycerate kinase 1","P00558_Y324_M1_28","Phospho (STY)",-0.307990393393432,0.633972537254186,0.390688512652719,6,"Not significant"
"Unstim / P3C4","CA2","P00918","P00918","CAH2_HUMAN","Carbonic anhydrase 2","P00918_Y40_M1_28","Phospho (STY)",-0.396169251498185,0.633972537254186,0.410271399488365,4,"Not significant"
"Unstim / P3C4","LMNA","P02545","P02545","LMNA_HUMAN","Prelamin-A/C","P02545_S390_M1_28","Phospho (STY)",0.210159514529519,0.633972537254186,0.409409297638135,6,"Not significant"
"Unstim / P3C4","LMNA","P02545","P02545","LMNA_HUMAN","Prelamin-A/C","P02545_S392_M1_28","Phospho (STY)",0.632197352599261,0.633972537254186,0.435013539560974,6,"Not significant"
"Unstim / P3C4","ALDOA","P04075","P04075","ALDOA_HUMAN","Fructose-bisphosphate aldolase A","P04075_T119_M1_28","Phospho (STY)",-1.4194466506499,0.633972537254186,0.345226538749535,6,"Not significant"
"Unstim / P3C4","GAPDH","P04406","P04406","G3P_HUMAN","Glyceraldehyde-3-phosphate dehydrogenase","P04406_T75_M1_28","Phospho (STY)",-0.362929933910982,0.633972537254186,0.421349447823524,6,"Not significant"
"Unstim / P3C4","GNAI2","P04899","P04899","GNAI2_HUMAN","Guanine nucleotide-binding protein G(i) subunit alpha-2","P04899_Y74_M1_28","Phospho (STY)",6.81433678621864,0.633972537254186,0.423396425758608,5,"Not significant"
"Unstim / P3C4","RPLP2","P05387","P05387","RLA2_HUMAN","Large ribosomal subunit protein P2","P05387_S44_M1_28","Phospho (STY)",4.51440535426301,0.633972537254186,0.424239552227971,6,"Not significant"
"Unstim / P3C4","RPLP0","P05388","P05388","RLA0_HUMAN","Large ribosomal subunit protein uL10","P05388_T122_M1_28","Phospho (STY)",4.75948226530124,0.633972537254186,0.420160265449146,6,"Not significant"
"Unstim / P3C4","SSB","P05455","P05455","LA_HUMAN","Lupus La protein","P05455_S366_M1_28","Phospho (STY)",1.96338606002901,0.633972537254186,0.407258165724256,5,"Not significant"
"Unstim / P3C4","ITGB1","P05556","P05556","ITB1_HUMAN","Integrin beta-1","P05556_T112_M2_28","Phospho (STY)",10.4423820102331,0.633972537254186,0.422773941378389,6,"Not significant"
"Unstim / P3C4","ITGB1","P05556","P05556","ITB1_HUMAN","Integrin beta-1","P05556_T102_M2_28","Phospho (STY)",10.4423820102331,0.633972537254186,0.422773941378389,6,"Not significant"
"Unstim / P3C4","ATP5F1B","P06576","P06576","ATPB_HUMAN","ATP synthase subunit beta, mitochondrial","P06576_T116_M1_28","Phospho (STY)",0.302227552619982,0.633972537254186,0.427902279434214,5,"Not significant"
"Unstim / P3C4","ENO1","P06733","P06733","ENOA_HUMAN","Alpha-enolase","P06733_Y200_M1_28","Phospho (STY)",-1.48844988908526,0.633972537254186,0.381512905834898,6,"Not significant"
"Unstim / P3C4","GPX1","P07203","P07203","GPX1_HUMAN","Glutathione peroxidase 1","P07203_S47_M2_28","Phospho (STY)",-3.87419170544655,0.633972537254186,0.426887333285962,6,"Not significant"
"Unstim / P3C4","P4HB","P07237","P07237","PDIA1_HUMAN","Protein disulfide-isomerase","P07237_Y393_M1_28","Phospho (STY)",-0.477672742473989,0.633972537254186,0.435586688983717,6,"Not significant"
"Unstim / P3C4","P4HB","P07237","P07237","PDIA1_HUMAN","Protein disulfide-isomerase","P07237_T277_M1_28","Phospho (STY)",4.07389475113135,0.633972537254186,0.418402129703769,6,"Not significant"
"Unstim / P3C4","P4HB","P07237","P07237","PDIA1_HUMAN","Protein disulfide-isomerase","P07237_Y116_M2_28","Phospho (STY)",-0.170515221215826,0.633972537254186,0.374635373700788,6,"Not significant"
"Unstim / P3C4","HEXB","P07686","P07686","HEXB_HUMAN","Beta-hexosaminidase subunit beta","P07686_Y550_M1_28","Phospho (STY)",0.220031488026908,0.633972537254186,0.398540352756189,6,"Not significant"
"Unstim / P3C4","RPSA","P08865","P08865","RSSA_HUMAN","Small ribosomal subunit protein uS2","P08865_T144_M2_28","Phospho (STY)",0.353579521805393,0.633972537254186,0.405682204867598,6,"Not significant"
"Unstim / P3C4","HNRNPA1","P09651","P09651","ROA1_HUMAN","Heterogeneous nuclear ribonucleoprotein A1","P09651_S2_M2_28","Phospho (STY)",7.34613236427376,0.633972537254186,0.422259343269656,6,"Not significant"
"Unstim / P3C4","FGR","P09769","P09769","FGR_HUMAN","Tyrosine-protein kinase Fgr","P09769_T14_M1_28","Phospho (STY)",-6.09842224932663,0.633972537254186,0.419765748055893,6,"Not significant"
"Unstim / P3C4","ALDOC","P09972","P09972","ALDOC_HUMAN","Fructose-bisphosphate aldolase C","P09972_S160_M2_28","Phospho (STY)",-10.6107280729902,0.633972537254186,0.422623707088978,6,"Not significant"
"Unstim / P3C4","H2AC11;H2AC12;H2AC14","P0C0S8;Q96KK5;Q99878","P0C0S8;Q96KK5;Q99878","H2A1_HUMAN;H2A1H_HUMAN;H2A1J_HUMAN","Histone H2A type 1;Histone H2A type 1-H;Histone H2A type 1-J","P0C0S8_T102_M1_28","Phospho (STY)",-5.57809916428263,0.633972537254186,0.417951390958501,6,"Not significant"
"Unstim / P3C4","H2AC11;H2AC12;H2AC14","P0C0S8;Q96KK5;Q99878","P0C0S8;Q96KK5;Q99878","H2A1_HUMAN;H2A1H_HUMAN;H2A1J_HUMAN","Histone H2A type 1;Histone H2A type 1-H;Histone H2A type 1-J","Q96KK5_T102_M1_28","Phospho (STY)",-5.57809916428263,0.633972537254186,0.417951390958501,6,"Not significant"
"Unstim / P3C4","H2AC11;H2AC12;H2AC14","P0C0S8;Q96KK5;Q99878","P0C0S8;Q96KK5;Q99878","H2A1_HUMAN;H2A1H_HUMAN;H2A1J_HUMAN","Histone H2A type 1;Histone H2A type 1-H;Histone H2A type 1-J","Q99878_T102_M1_28","Phospho (STY)",-5.57809916428263,0.633972537254186,0.417951390958501,6,"Not significant"
"Unstim / P3C4","HSPD1","P10809","P10809","CH60_HUMAN","60 kDa heat shock protein, mitochondrial","P10809_T54_M1_28","Phospho (STY)",0.323188963922613,0.633972537254186,0.412548445826432,6,"Not significant"
"Unstim / P3C4","HSPA5","P11021","P11021","BIP_HUMAN","Endoplasmic reticulum chaperone BiP","P11021_S354_M1_28","Phospho (STY)",0.919305785928875,0.633972537254186,0.413094275877547,6,"Not significant"
"Unstim / P3C4","ACADM","P11310","P11310","ACADM_HUMAN","Medium-chain specific acyl-CoA dehydrogenase, mitochondrial","P11310_T220_M1_28","Phospho (STY)",-0.166692069761985,0.633972537254186,0.33957995025538,5,"Not significant"
"Unstim / P3C4","PCNA","P12004","P12004","PCNA_HUMAN","Proliferating cell nuclear antigen","P12004_Y133_M1_28","Phospho (STY)",-0.419129312125048,0.633972537254186,0.40648704712709,6,"Not significant"
"Unstim / P3C4","RNH1","P13489","P13489","RINI_HUMAN","Ribonuclease inhibitor","P13489_S50_M1_28","Phospho (STY)",-0.686084904467961,0.633972537254186,0.34980284679798,6,"Not significant"
"Unstim / P3C4","RNH1","P13489","P13489","RINI_HUMAN","Ribonuclease inhibitor","P13489_Y151_M1_28","Phospho (STY)",-0.446726390157346,0.633972537254186,0.36179708570593,6,"Not significant"
"Unstim / P3C4","RNH1","P13489","P13489","RINI_HUMAN","Ribonuclease inhibitor","P13489_Y151_M2_28","Phospho (STY)",6.27148994933113,0.633972537254186,0.423403143947839,6,"Not significant"
"Unstim / P3C4","P4HA1","P13674","P13674","P4HA1_HUMAN","Prolyl 4-hydroxylase subunit alpha-1","P13674_S345_M1_28","Phospho (STY)",-1.90423771990294,0.633972537254186,0.303322661298695,6,"Not significant"
"Unstim / P3C4","MTHFD2","P13995","P13995","MTDC_HUMAN","Bifunctional methylenetetrahydrofolate dehydrogenase/cyclohydrolase, mitochondrial","P13995_T284_M1_28","Phospho (STY)",7.39691075727154,0.633972537254186,0.422364929152916,6,"Not significant"
"Unstim / P3C4","RAC2","P15153","P15153","RAC2_HUMAN","Ras-related C3 botulinum toxin substrate 2","P15153_Y72_M1_28","Phospho (STY)",-1.12643202930561,0.633972537254186,0.338304388973641,6,"Not significant"
"Unstim / P3C4","EZR","P15311","P15311","EZRI_HUMAN","Ezrin","P15311_S366_M1_28","Phospho (STY)",-0.295666506126843,0.633972537254186,0.304390329999377,6,"Not significant"
"Unstim / P3C4","H1-5","P16401","P16401","H15_HUMAN","Histone H1.5","P16401_T39_M1_28","Phospho (STY)",-12.1263582477379,0.633972537254186,0.422676183019421,6,"Not significant"
"Unstim / P3C4","HMGA1","P17096","P17096","HMGA1_HUMAN","High mobility group protein HMG-I/HMG-Y","P17096_S44_M2_28","Phospho (STY)",-0.516599910749952,0.633972537254186,0.350073827089102,5,"Not significant"
"Unstim / P3C4","PSMC3","P17980","P17980","PRS6A_HUMAN","26S proteasome regulatory subunit 6A","P17980_S281_M2_28","Phospho (STY)",-0.35094395506226,0.633972537254186,0.332573147083862,6,"Not significant"
"Unstim / P3C4","ATP5PF","P18859","P18859","ATP5J_HUMAN","ATP synthase-coupling factor 6, mitochondrial","P18859_T92_M1_28","Phospho (STY)",-4.68086223323755,0.633972537254186,0.423763164302756,6,"Not significant"
"Unstim / P3C4","M6PR","P20645","P20645","MPRD_HUMAN","Cation-dependent mannose-6-phosphate receptor","P20645_S42_M1_28","Phospho (STY)",2.83665929747901,0.633972537254186,0.423977093183512,6,"Not significant"
"Unstim / P3C4","RPS3","P23396","P23396","RS3_HUMAN","Small ribosomal subunit protein uS3","P23396_S209_M1_28","Phospho (STY)",-1.24821332790904,0.633972537254186,0.30151873610293,5,"Not significant"
"Unstim / P3C4","PTPRE","P23469","P23469","PTPRE_HUMAN","Receptor-type tyrosine-protein phosphatase epsilon","P23469_Y165_M1_28","Phospho (STY)",0.356264304386985,0.633972537254186,0.385249281833031,6,"Not significant"
"Unstim / P3C4","SP100","P23497","P23497","SP100_HUMAN","Nuclear autoantigen Sp-100","P23497_S18_M1_28","Phospho (STY)",-0.308048209252373,0.633972537254186,0.407139989076878,6,"Not significant"
"Unstim / P3C4","ATP5F1A","P25705","P25705","ATPA_HUMAN","ATP synthase subunit alpha, mitochondrial","P25705_Y321_M2_28","Phospho (STY)",0.691291002656502,0.633972537254186,0.321201845779105,5,"Not significant"
"Unstim / P3C4","PTPN6","P29350","P29350","PTN6_HUMAN","Tyrosine-protein phosphatase non-receptor type 6","P29350_S285_M2_28","Phospho (STY)",-7.34334056390783,0.633972537254186,0.421965556894185,5,"Not significant"
"Unstim / P3C4","GNA11","P29992","P29992","GNA11_HUMAN","Guanine nucleotide-binding protein subunit alpha-11","P29992_Y172_M1_28","Phospho (STY)",0.559567744062354,0.633972537254186,0.335044683517444,6,"Not significant"
"Unstim / P3C4","POLR2B","P30876","P30876","RPB2_HUMAN","DNA-directed RNA polymerase II subunit RPB2","P30876_Y1029_M2_28","Phospho (STY)",3.58840787838472,0.633972537254186,0.346803822431009,6,"Not significant"
"Unstim / P3C4","LSP1","P33241","P33241","LSP1_HUMAN","Lymphocyte-specific protein 1","P33241_S252_M1_28","Phospho (STY)",-0.314351476765189,0.633972537254186,0.370780557357347,6,"Not significant"
"Unstim / P3C4","PSMC2","P35998","P35998","PRS7_HUMAN","26S proteasome regulatory subunit 7","P35998_S68_M2_28","Phospho (STY)",-4.45856065846746,0.633972537254186,0.409074982571883,6,"Not significant"
"Unstim / P3C4","HSPA9","P38646","P38646","GRP75_HUMAN","Stress-70 protein, mitochondrial","P38646_Y243_M1_28","Phospho (STY)",4.58747581009472,0.633972537254186,0.419505416963674,6,"Not significant"
"Unstim / P3C4","MDH2","P40926","P40926","MDHM_HUMAN","Malate dehydrogenase, mitochondrial","P40926_Y80_M1_28","Phospho (STY)",-8.05261198969064,0.633972537254186,0.423112635612025,6,"Not significant"
"Unstim / P3C4","TUFM","P49411","P49411","EFTU_HUMAN","Elongation factor Tu, mitochondrial","P49411_S238_M1_28","Phospho (STY)",0.391271752454104,0.633972537254186,0.352932584566684,5,"Not significant"
"Unstim / P3C4","NUP153","P49790","P49790","NU153_HUMAN","Nuclear pore complex protein Nup153","P49790_S240_M1_28","Phospho (STY)",-0.619746224341004,0.633972537254186,0.431905102571217,5,"Not significant"
"Unstim / P3C4","HNRNPM","P52272","P52272","HNRPM_HUMAN","Heterogeneous nuclear ribonucleoprotein M","P52272_Y100_M2_28","Phospho (STY)",1.41477250688628,0.633972537254186,0.371347036925155,6,"Not significant"
"Unstim / P3C4","ACLY","P53396","P53396","ACLY_HUMAN","ATP-citrate synthase","P53396_Y704_M2_28","Phospho (STY)",-5.71712332399498,0.633972537254186,0.423769956428884,6,"Not significant"
"Unstim / P3C4","HSPA2","P54652","P54652","HSP72_HUMAN","Heat shock-related 70 kDa protein 2","P54652_Y108_M1_28","Phospho (STY)",7.84036484953548,0.633972537254186,0.422781222799392,6,"Not significant"
"Unstim / P3C4","AK2","P54819","P54819","KAD2_HUMAN","Adenylate kinase 2, mitochondrial","P54819_T215_M2_28","Phospho (STY)",2.54209119404715,0.633972537254186,0.425310636046615,5,"Not significant"
"Unstim / P3C4","H2BC12L","P57053","P57053","H2BFS_HUMAN","Histone H2B type F-S","P57053_Y84_M2_28","Phospho (STY)",5.6904012176988,0.633972537254186,0.423898793472258,6,"Not significant"
"Unstim / P3C4","CORO7","P57737","P57737","CORO7_HUMAN","Coronin-7","P57737_T540_M1_28","Phospho (STY)",-4.20752224266887,0.633972537254186,0.42074791818253,6,"Not significant"
"Unstim / P3C4","TPI1","P60174","P60174","TPIS_HUMAN","Triosephosphate isomerase","P60174_S21_M1_28","Phospho (STY)",1.45762151944233,0.633972537254186,0.40725536159822,5,"Not significant"
"Unstim / P3C4","RAB14","P61106","P61106","RAB14_HUMAN","Ras-related protein Rab-14","P61106_S56_M1_28","Phospho (STY)",-7.41257274932319,0.633972537254186,0.328895618077943,6,"Not significant"
"Unstim / P3C4","HSPE1","P61604","P61604","CH10_HUMAN","10 kDa heat shock protein, mitochondrial","P61604_S53_M2_28","Phospho (STY)",-0.25909623155347,0.633972537254186,0.395810820261312,6,"Not significant"
"Unstim / P3C4","HSPE1","P61604","P61604","CH10_HUMAN","10 kDa heat shock protein, mitochondrial","P61604_S51_M2_28","Phospho (STY)",-0.25909623155347,0.633972537254186,0.395810848409156,6,"Not significant"
"Unstim / P3C4","TMSB4X","P62328","P62328","TYB4_HUMAN","Thymosin beta-4","P62328_S31_M1_28","Phospho (STY)",-0.300434976800502,0.633972537254186,0.377689339945039,5,"Not significant"
"Unstim / P3C4","PPP2R2A","P63151","P63151","2ABA_HUMAN","Serine/threonine-protein phosphatase 2A 55 kDa regulatory subunit B alpha isoform","P63151_Y440_M2_28","Phospho (STY)",-5.01027386538217,0.633972537254186,0.416514205867955,6,"Not significant"
"Unstim / P3C4","ACTC1","P68032","P68032","ACTC_HUMAN","Actin, alpha cardiac muscle 1","P68032_Y296_M1_28","Phospho (STY)",-0.143768769147805,0.633972537254186,0.390883786424732,6,"Not significant"
"Unstim / P3C4","ACTC1","P68032","P68032","ACTC_HUMAN","Actin, alpha cardiac muscle 1","P68032_Y296_M3_28","Phospho (STY)",0.259159917751044,0.633972537254186,0.422946431786598,6,"Not significant"
"Unstim / P3C4","PRKDC","P78527","P78527","PRKDC_HUMAN","DNA-dependent protein kinase catalytic subunit","P78527_T4060_M1_28","Phospho (STY)",0.554395887551046,0.633972537254186,0.380469966619476,6,"Not significant"
"Unstim / P3C4","MRPS36","P82909","P82909","KGD4_HUMAN","Alpha-ketoglutarate dehydrogenase component 4","P82909_Y84_M2_28","Phospho (STY)",8.84167138301408,0.633972537254186,0.422726960282934,6,"Not significant"
"Unstim / P3C4","DAB2","P98082","P98082","DAB2_HUMAN","Disabled homolog 2","P98082_Y50_M1_28","Phospho (STY)",-7.91163563393,0.633972537254186,0.423032148659054,6,"Not significant"
"Unstim / P3C4","CAP1","Q01518","Q01518","CAP1_HUMAN","Adenylyl cyclase-associated protein 1","Q01518_Y354_M2_28","Phospho (STY)",9.59039506670564,0.633972537254186,0.422608551614916,6,"Not significant"
"Unstim / P3C4","AHNAK","Q09666","Q09666","AHNK_HUMAN","Neuroblast differentiation-associated protein AHNAK","Q09666_S2580_M1_28","Phospho (STY)",-0.615293422047311,0.633972537254186,0.407011773351489,6,"Not significant"
"Unstim / P3C4","AHNAK","Q09666","Q09666","AHNK_HUMAN","Neuroblast differentiation-associated protein AHNAK","Q09666_S4002_M1_28","Phospho (STY)",-0.615293422047311,0.633972537254186,0.407011773351489,6,"Not significant"
"Unstim / P3C4","AHNAK","Q09666","Q09666","AHNK_HUMAN","Neuroblast differentiation-associated protein AHNAK","Q09666_S4258_M1_28","Phospho (STY)",-0.615293422047311,0.633972537254186,0.407011773351489,6,"Not significant"
"Unstim / P3C4","AHNAK","Q09666","Q09666","AHNK_HUMAN","Neuroblast differentiation-associated protein AHNAK","Q09666_S4460_M1_28","Phospho (STY)",-0.615293422047311,0.633972537254186,0.407011773351489,6,"Not significant"
"Unstim / P3C4","AHNAK","Q09666","Q09666","AHNK_HUMAN","Neuroblast differentiation-associated protein AHNAK","Q09666_S135_M2_28","Phospho (STY)",3.63111703897125,0.633972537254186,0.424305167641367,6,"Not significant"
"Unstim / P3C4","AHNAK","Q09666","Q09666","AHNK_HUMAN","Neuroblast differentiation-associated protein AHNAK","Q09666_S1158_M1_28","Phospho (STY)",-7.97981793765626,0.633972537254186,0.422503842514809,6,"Not significant"
"Unstim / P3C4","AHNAK","Q09666","Q09666","AHNK_HUMAN","Neuroblast differentiation-associated protein AHNAK","Q09666_T5729_M1_28","Phospho (STY)",4.70457270566475,0.633972537254186,0.422863107887764,6,"Not significant"
"Unstim / P3C4","AHNAK","Q09666","Q09666","AHNK_HUMAN","Neuroblast differentiation-associated protein AHNAK","Q09666_S1088_M1_28","Phospho (STY)",0.266207836851513,0.633972537254186,0.397684552230283,6,"Not significant"
"Unstim / P3C4","MYO1E","Q12965","Q12965","MYO1E_HUMAN","Unconventional myosin-Ie","Q12965_S912_M1_28","Phospho (STY)",0.85968123590344,0.633972537254186,0.369666063366578,4,"Not significant"
"Unstim / P3C4","HNRNPA0","Q13151","Q13151","ROA0_HUMAN","Heterogeneous nuclear ribonucleoprotein A0","Q13151_Y145_M1_28","Phospho (STY)",0.422469103400872,0.633972537254186,0.300488389692464,6,"Not significant"
"Unstim / P3C4","HNRNPD","Q14103","Q14103","HNRPD_HUMAN","Heterogeneous nuclear ribonucleoprotein D0","Q14103_Y201_M1_28","Phospho (STY)",2.31373338436245,0.633972537254186,0.431661901592517,6,"Not significant"
"Unstim / P3C4","FKBP8","Q14318","Q14318","FKBP8_HUMAN","Peptidyl-prolyl cis-trans isomerase FKBP8","Q14318_Y322_M2_28","Phospho (STY)",4.62092209890685,0.633972537254186,0.416635977696482,6,"Not significant"
"Unstim / P3C4","RBM39","Q14498","Q14498","RBM39_HUMAN","RNA-binding protein 39","Q14498_S136_M1_28","Phospho (STY)",0.334957240112533,0.633972537254186,0.391315472511923,6,"Not significant"
"Unstim / P3C4","KARS1","Q15046","Q15046","SYK_HUMAN","Lysine--tRNA ligase","Q15046_T411_M1_28","Phospho (STY)",-3.16707925201093,0.633972537254186,0.42288284275701,6,"Not significant"
"Unstim / P3C4","PLEC","Q15149","Q15149","PLEC_HUMAN","Plectin","Q15149_Y4112_M1_28","Phospho (STY)",-5.93951285769985,0.633972537254186,0.423160101639201,6,"Not significant"
"Unstim / P3C4","NONO","Q15233","Q15233","NONO_HUMAN","Non-POU domain-containing octamer-binding protein","Q15233_Y158_M2_28","Phospho (STY)",-2.54561541814917,0.633972537254186,0.415658361751228,6,"Not significant"
"Unstim / P3C4","MAPRE1","Q15691","Q15691","MARE1_HUMAN","Microtubule-associated protein RP/EB family member 1","Q15691_Y217_M1_28","Phospho (STY)",0.504713291117358,0.633972537254186,0.40252528393209,6,"Not significant"
"Unstim / P3C4","TSC22D1","Q15714","Q15714","T22D1_HUMAN","TSC22 domain family protein 1","Q15714_S1018_M1_28","Phospho (STY)",-6.33567605691286,0.633972537254186,0.42356416724992,6,"Not significant"
"Unstim / P3C4","ACTBL2","Q562R1","Q562R1","ACTBL_HUMAN","Beta-actin-like protein 2","Q562R1_Y295_M1_28","Phospho (STY)",2.05746510464911,0.633972537254186,0.433653934495066,6,"Not significant"
"Unstim / P3C4","ACTBL2","Q562R1","Q562R1","ACTBL_HUMAN","Beta-actin-like protein 2","Q562R1_Y241_M1_28","Phospho (STY)",-0.64655705124914,0.633972537254186,0.303875299895195,5,"Not significant"
"Unstim / P3C4","PPP6R3","Q5H9R7","Q5H9R7","PP6R3_HUMAN","Serine/threonine-protein phosphatase 6 regulatory subunit 3","Q5H9R7_T171_M1_28","Phospho (STY)",-0.268155032225117,0.633972537254186,0.353977238711922,6,"Not significant"
"Unstim / P3C4","CEP170","Q5SW79","Q5SW79","CE170_HUMAN","Centrosomal protein of 170 kDa","Q5SW79_Y91_M2_28","Phospho (STY)",5.20583761410716,0.633972537254186,0.424683615879675,6,"Not significant"
"Unstim / P3C4","HS2ST1","Q7LGA3","Q7LGA3","HS2ST_HUMAN","Heparan sulfate 2-O-sulfotransferase 1","Q7LGA3_Y102_M1_28","Phospho (STY)",1.49411848552052,0.633972537254186,0.364644933046123,6,"Not significant"
"Unstim / P3C4","GLRX5","Q86SX6","Q86SX6","GLRX5_HUMAN","Glutaredoxin-related protein 5, mitochondrial","Q86SX6_T61_M2_28","Phospho (STY)",6.0517347540709,0.633972537254186,0.377260403248759,6,"Not significant"
"Unstim / P3C4","TBC1D1","Q86TI0","Q86TI0","TBCD1_HUMAN","TBC1 domain family member 1","Q86TI0_S503_M1_28","Phospho (STY)",4.37620868100365,0.633972537254186,0.413923370733508,5,"Not significant"
"Unstim / P3C4","ATXN2L","Q8WWM7","Q8WWM7","ATX2L_HUMAN","Ataxin-2-like protein","Q8WWM7_T182_M1_28","Phospho (STY)",-0.602544239785195,0.633972537254186,0.420230950070213,6,"Not significant"
"Unstim / P3C4","DDX17","Q92841","Q92841","DDX17_HUMAN","Probable ATP-dependent RNA helicase DDX17","Q92841_S466_M1_28","Phospho (STY)",-0.158050142470216,0.633972537254186,0.359654765559062,5,"Not significant"
"Unstim / P3C4","RPL10L","Q96L21","Q96L21","RL10L_HUMAN","Ribosomal protein uL16-like","Q96L21_Y57_M2_28","Phospho (STY)",7.74609353772768,0.633972537254186,0.422438700921408,6,"Not significant"
"Unstim / P3C4","MIA2","Q96PC5","Q96PC5","MIA2_HUMAN","Melanoma inhibitory activity protein 2","Q96PC5_Y1039_M2_28","Phospho (STY)",-3.31338333443919,0.633972537254186,0.415997773394957,6,"Not significant"
"Unstim / P3C4","RBM15","Q96T37","Q96T37","RBM15_HUMAN","RNA-binding protein 15","Q96T37_S294_M1_28","Phospho (STY)",0.153238642016041,0.633972537254186,0.411897119393123,5,"Not significant"
"Unstim / P3C4","CNN2","Q99439","Q99439","CNN2_HUMAN","Calponin-2","Q99439_Y231_M1_28","Phospho (STY)",-0.75027322455253,0.633972537254186,0.38239058653168,5,"Not significant"
"Unstim / P3C4","HINT2","Q9BX68","Q9BX68","HINT2_HUMAN","Adenosine 5'-monophosphoramidase HINT2","Q9BX68_S101_M1_28","Phospho (STY)",-1.66805940572708,0.633972537254186,0.311498704662136,6,"Not significant"
"Unstim / P3C4","SRRT","Q9BXP5","Q9BXP5","SRRT_HUMAN","Serrate RNA effector molecule homolog","Q9BXP5_T544_M1_28","Phospho (STY)",-0.375086774658375,0.633972537254186,0.325864568762894,6,"Not significant"
"Unstim / P3C4","ESF1","Q9H501","Q9H501","ESF1_HUMAN","ESF1 homolog","Q9H501_S371_M1_28","Phospho (STY)",4.72675941457781,0.633972537254186,0.419873493635568,6,"Not significant"
"Unstim / P3C4","ACAD9","Q9H845","Q9H845","ACAD9_HUMAN","Complex I assembly factor ACAD9, mitochondrial","Q9H845_Y165_M1_28","Phospho (STY)",1.31793305099551,0.633972537254186,0.402655860589393,6,"Not significant"
"Unstim / P3C4","RAB18","Q9NP72","Q9NP72","RAB18_HUMAN","Ras-related protein Rab-18","Q9NP72_T49_M1_28","Phospho (STY)",0.332055480511031,0.633972537254186,0.393093229222276,6,"Not significant"
"Unstim / P3C4","ECHDC1","Q9NTX5","Q9NTX5","ECHD1_HUMAN","Ethylmalonyl-CoA decarboxylase","Q9NTX5_T288_M1_28","Phospho (STY)",0.381900945570637,0.633972537254186,0.336991185312938,6,"Not significant"
"Unstim / P3C4","CHCHD3","Q9NX63","Q9NX63","MIC19_HUMAN","MICOS complex subunit MIC19","Q9NX63_S50_M1_28","Phospho (STY)",-0.359994917695973,0.633972537254186,0.319974620661885,5,"Not significant"
"Unstim / P3C4","RRBP1","Q9P2E9","Q9P2E9","RRBP1_HUMAN","Ribosome-binding protein 1","Q9P2E9_Y1219_M2_28","Phospho (STY)",-4.37823048172459,0.633972537254186,0.425214809684995,6,"Not significant"
"Unstim / P3C4","STOML2","Q9UJZ1","Q9UJZ1","STML2_HUMAN","Stomatin-like protein 2, mitochondrial","Q9UJZ1_S189_M1_28","Phospho (STY)",1.24507872615778,0.633972537254186,0.43003863941189,6,"Not significant"
"Unstim / P3C4","PYCARD","Q9ULZ3","Q9ULZ3","ASC_HUMAN","Apoptosis-associated speck-like protein containing a CARD","Q9ULZ3_T16_M1_28","Phospho (STY)",-1.09958476173501,0.633972537254186,0.412557837575816,6,"Not significant"
"Unstim / P3C4","SRRM2","Q9UQ35","Q9UQ35","SRRM2_HUMAN","Serine/arginine repetitive matrix protein 2","Q9UQ35_S2426_M1_28","Phospho (STY)",1.58281943316521,0.633972537254186,0.369039342638785,5,"Not significant"
"Unstim / P3C4","RTRAF","Q9Y224","Q9Y224","RTRAF_HUMAN","RNA transcription, translation and transport factor protein","Q9Y224_T114_M1_28","Phospho (STY)",-4.20824388443273,0.633972537254186,0.435400894197203,6,"Not significant"
"Unstim / P3C4","UBE2J1","Q9Y385","Q9Y385","UB2J1_HUMAN","Ubiquitin-conjugating enzyme E2 J1","Q9Y385_S266_M1_28","Phospho (STY)",0.263569837382002,0.633972537254186,0.334138809328809,5,"Not significant"
"Unstim / P3C4","TACC3","Q9Y6A5","Q9Y6A5","TACC3_HUMAN","Transforming acidic coiled-coil-containing protein 3","Q9Y6A5_Y764_M1_28","Phospho (STY)",1.45178261125435,0.633972537254186,0.369536065760508,6,"Not significant"
"Unstim / P3C4","HSPA5","P11021","P11021","BIP_HUMAN","Endoplasmic reticulum chaperone BiP","P11021_S365_M2_28","Phospho (STY)",6.33435179217898,0.633972537254186,0.423878559288388,6,"Not significant"
"Unstim / P3C4","RPS2","P15880","P15880","RS2_HUMAN","Small ribosomal subunit protein uS5","P15880_Y248_M1_28","Phospho (STY)",-8.27602896876333,0.633972537254186,0.422225991471318,5,"Not significant"
"Unstim / P3C4","PRDX3","P30048","P30048","PRDX3_HUMAN","Thioredoxin-dependent peroxide reductase, mitochondrial","P30048_Y221_M2_28","Phospho (STY)",4.40749547111981,0.633972537254186,0.424984804945632,6,"Not significant"
"Unstim / P3C4","KIF5B","P33176","P33176","KINH_HUMAN","Kinesin-1 heavy chain","P33176_Y29_M1_28","Phospho (STY)",-0.134839312489679,0.633972537254186,0.344680621598604,5,"Not significant"
"Unstim / P3C4","CAPZB","P47756","P47756","CAPZB_HUMAN","F-actin-capping protein subunit beta","P47756_S34_M2_28","Phospho (STY)",0.35171683332062,0.633972537254186,0.399430537358707,6,"Not significant"
"Unstim / P3C4","NONO","Q15233","Q15233","NONO_HUMAN","Non-POU domain-containing octamer-binding protein","Q15233_T418_M2_28","Phospho (STY)",-3.22035833303658,0.633972537254186,0.424897030747805,6,"Not significant"
"Unstim / P3C4","XIRP1","Q702N8","Q702N8","XIRP1_HUMAN","Xin actin-binding repeat-containing protein 1","Q702N8_T237_M1_28","Phospho (STY)",-1.33660250861347,0.633972537254186,0.39702446477416,4,"Not significant"
"Unstim / P3C4","PRR14","Q9BWN1","Q9BWN1","PRR14_HUMAN","Proline-rich protein 14","Q9BWN1_S514_M1_28","Phospho (STY)",4.2978026465991,0.633972537254186,0.412570554743977,6,"Not significant"
"Unstim / P3C4","IRF2BPL","Q9H1B7","Q9H1B7","I2BPL_HUMAN","Probable E3 ubiquitin-protein ligase IRF2BPL","Q9H1B7_S547_M1_28","Phospho (STY)",0.55734196571859,0.633972537254186,0.31929416828806,6,"Not significant"
"Unstim / P3C4","SAFB","Q15424","Q15424","SAFB1_HUMAN","Scaffold attachment factor B1","Q15424_S604_M1_28","Phospho (STY)",0.0939642661052623,0.633972537254186,0.431208859730396,5,"Not significant"
"Unstim / P3C4","LAIR1","Q6GTX8","Q6GTX8","LAIR1_HUMAN","Leukocyte-associated immunoglobulin-like receptor 1","Q6GTX8_S268_M1_28","Phospho (STY)",0.219964754244603,0.633972537254186,0.32723812059505,4,"Not significant"
"Unstim / P3C4","DHX9","Q08211","Q08211","DHX9_HUMAN","ATP-dependent RNA helicase A","Q08211_T1060_M1_28","Phospho (STY)",-1.72539505473667,0.633972537254186,0.424703906552081,5,"Not significant"
"Unstim / P3C4","SRRM1","Q8IYB3","Q8IYB3","SRRM1_HUMAN","Serine/arginine repetitive matrix protein 1","Q8IYB3_S597_M1_28","Phospho (STY)",0.724643028562013,0.633972537254186,0.418837825569927,5,"Not significant"
"Unstim / P3C4","ACAA2","P42765","P42765","THIM_HUMAN","3-ketoacyl-CoA thiolase, mitochondrial","P42765_Y20_M1_28","Phospho (STY)",0.294415019760594,0.633999857280485,0.435768798044547,6,"Not significant"
"Unstim / P3C4","COPB2","P35606","P35606","COPB2_HUMAN","Coatomer subunit beta'","P35606_S859_M1_28","Phospho (STY)",-0.202133593400207,0.634128189222172,0.437064407755971,5,"Not significant"
"Unstim / P3C4","AHNAK","Q09666","Q09666","AHNK_HUMAN","Neuroblast differentiation-associated protein AHNAK","Q09666_S4092_M1_28","Phospho (STY)",0.226111228100719,0.634777755683263,0.442104098899251,6,"Not significant"
"Unstim / P3C4","HSPA9","P38646","P38646","GRP75_HUMAN","Stress-70 protein, mitochondrial","P38646_T504_M1_28","Phospho (STY)",-0.710740734474996,0.634872089755649,0.442999140522497,6,"Not significant"
"Unstim / P3C4","BCLAF1","Q9NYF8","Q9NYF8","BCLF1_HUMAN","Bcl-2-associated transcription factor 1","Q9NYF8_S177_M1_28","Phospho (STY)",1.38351900442051,0.634976093507078,0.443461987019845,4,"Not significant"
"Unstim / P3C4","BASP1","P80723","P80723","BASP1_HUMAN","Brain acid soluble protein 1","P80723_T162_M1_28","Phospho (STY)",-0.899012197794933,0.635496893129595,0.445949835815421,6,"Not significant"
"Unstim / P3C4","PRKCSH","P14314","P14314","GLU2B_HUMAN","Glucosidase 2 subunit beta","P14314_T489_M1_28","Phospho (STY)",-0.122642443409637,0.635505954492161,0.446100121229858,4,"Not significant"
"Unstim / P3C4","SOD2","P04179","P04179","SODM_HUMAN","Superoxide dismutase [Mn], mitochondrial","P04179_Y69_M2_28","Phospho (STY)",-1.67306007241729,0.635967387120515,0.447785505659766,5,"Not significant"
"Unstim / P3C4","CD44","P16070","P16070","CD44_HUMAN","CD44 antigen","P16070_S706_M1_28","Phospho (STY)",-0.386210376446863,0.636124249528805,0.448382087794843,6,"Not significant"
"Unstim / P3C4","PREB","Q9HCU5","Q9HCU5","PREB_HUMAN","Prolactin regulatory element-binding protein","Q9HCU5_Y281_M1_28","Phospho (STY)",0.563605640865758,0.636362345784449,0.449930344886201,6,"Not significant"
"Unstim / P3C4","HSPA1A;HSPA1B","P0DMV8;P0DMV9","P0DMV8;P0DMV9","HS71A_HUMAN;HS71B_HUMAN","Heat shock 70 kDa protein 1A;Heat shock 70 kDa protein 1B","P0DMV8_Y137_M1_28","Phospho (STY)",-1.38307576850724,0.636594887311115,0.450928571039378,4,"Not significant"
"Unstim / P3C4","HSPA1A;HSPA1B","P0DMV8;P0DMV9","P0DMV8;P0DMV9","HS71A_HUMAN;HS71B_HUMAN","Heat shock 70 kDa protein 1A;Heat shock 70 kDa protein 1B","P0DMV9_Y137_M1_28","Phospho (STY)",-1.38307576850724,0.636594887311115,0.450928571039378,4,"Not significant"
"Unstim / P3C4","HSPA1A;HSPA1B","P0DMV8;P0DMV9","P0DMV8;P0DMV9","HS71A_HUMAN;HS71B_HUMAN","Heat shock 70 kDa protein 1A;Heat shock 70 kDa protein 1B","P0DMV8_Y15_M1_28","Phospho (STY)",-0.388774556375105,0.636896795621338,0.451983913159839,6,"Not significant"
"Unstim / P3C4","HSPA1A;HSPA1B","P0DMV8;P0DMV9","P0DMV8;P0DMV9","HS71A_HUMAN;HS71B_HUMAN","Heat shock 70 kDa protein 1A;Heat shock 70 kDa protein 1B","P0DMV9_Y15_M1_28","Phospho (STY)",-0.388774556375105,0.636896795621338,0.451983913159839,6,"Not significant"
"Unstim / P3C4","ACTB","Cont_P60712;P60709","Cont_P60712;P60709","ACTB_BOVIN;ACTB_HUMAN","Actin, cytoplasmic 1;Actin, cytoplasmic 1","Cont_P60712_Y294_M1_28","Phospho (STY)",1.87580530727924,0.637241292328917,0.453094893027061,6,"Not significant"
"Unstim / P3C4","ACTB","Cont_P60712;P60709","Cont_P60712;P60709","ACTB_BOVIN;ACTB_HUMAN","Actin, cytoplasmic 1;Actin, cytoplasmic 1","P60709_Y294_M1_28","Phospho (STY)",1.87580530727924,0.637241292328917,0.453094893027061,6,"Not significant"
"Unstim / P3C4","AIDA","Q96BJ3","Q96BJ3","AIDA_HUMAN","Axin interactor, dorsalization-associated protein","Q96BJ3_Y104_M1_28","Phospho (STY)",0.667303611996303,0.637922516906915,0.456029880567629,6,"Not significant"
"Unstim / P3C4","BCLAF1","Q9NYF8","Q9NYF8","BCLF1_HUMAN","Bcl-2-associated transcription factor 1","Q9NYF8_S531_M1_28","Phospho (STY)",0.117586715939793,0.638286142997174,0.457400079925832,6,"Not significant"
"Unstim / P3C4","LASP1","Q14847","Q14847","LASP1_HUMAN","LIM and SH3 domain protein 1","Q14847_Y186_M1_28","Phospho (STY)",-0.335977551039278,0.638376725732258,0.457642785103298,4,"Not significant"
"Unstim / P3C4","THOC2","Q8NI27","Q8NI27","THOC2_HUMAN","THO complex subunit 2","Q8NI27_Y54_M2_28","Phospho (STY)",0.590535689220541,0.638630597634877,0.458552335890204,6,"Not significant"
"Unstim / P3C4","PRSS1","P07477","P07477","TRY1_HUMAN","Serine protease 1","P07477_Y99_M1_28","Phospho (STY)",0.6277534046323,0.639056419409139,0.460200941546415,6,"Not significant"
"Unstim / P3C4","HADHB","P55084","P55084","ECHB_HUMAN","Trifunctional enzyme subunit beta, mitochondrial","P55084_S262_M1_28","Phospho (STY)",0.232380440400876,0.639159843207908,0.460606468174085,6,"Not significant"
"Unstim / P3C4","GRHPR","Q9UBQ7","Q9UBQ7","GRHPR_HUMAN","Glyoxylate reductase/hydroxypyruvate reductase","Q9UBQ7_S60_M1_28","Phospho (STY)",-0.156092371011285,0.639599856662097,0.461985588799573,6,"Not significant"
"Unstim / P3C4","MAFB","Q9Y5Q3","Q9Y5Q3","MAFB_HUMAN","Transcription factor MafB","Q9Y5Q3_S14_M1_28","Phospho (STY)",0.833691834310138,0.639703074294047,0.462401469744754,6,"Not significant"
"Unstim / P3C4","GGH","Q92820","Q92820","GGH_HUMAN","Gamma-glutamyl hydrolase","Q92820_T30_M1_28","Phospho (STY)",-0.304026522463231,0.640015208561301,0.463839886284634,6,"Not significant"
"Unstim / P3C4","TF","P02787","P02787","TRFE_HUMAN","Serotransferrin","P02787_Y257_M1_28","Phospho (STY)",-0.173435483798577,0.640776052229071,0.466490211256138,5,"Not significant"
"Unstim / P3C4","PRSS1","Cont_P00760","Cont_P00760","TRY1_BOVIN","Serine protease 1","Cont_P00760_Y229_M1_28","Phospho (STY)",-1.27644834441393,0.641282440426539,0.468233063561962,5,"Not significant"
"Unstim / P3C4","GCC2","Q8IWJ2","Q8IWJ2","GCC2_HUMAN","GRIP and coiled-coil domain-containing protein 2","Q8IWJ2_S1080_M2_28","Phospho (STY)",-0.33819580590882,0.641650155590691,0.469412002715529,6,"Not significant"
"Unstim / P3C4","GCC2","Q8IWJ2","Q8IWJ2","GCC2_HUMAN","GRIP and coiled-coil domain-containing protein 2","Q8IWJ2_T1077_M2_28","Phospho (STY)",-0.33819580590882,0.641650155590691,0.469412002715529,6,"Not significant"
"Unstim / P3C4","PDHA1","P08559","P08559","ODPA_HUMAN","Pyruvate dehydrogenase E1 component subunit alpha, somatic form, mitochondrial","P08559_S293_M1_28","Phospho (STY)",0.713458878383541,0.642764846500102,0.473209947189728,4,"Not significant"
"Unstim / P3C4","HP1BP3","Q5SSJ5","Q5SSJ5","HP1B3_HUMAN","Heterochromatin protein 1-binding protein 3","Q5SSJ5_Y344_M2_28","Phospho (STY)",1.23812177116602,0.643584081186428,0.47580882209312,6,"Not significant"
"Unstim / P3C4","AHNAK","Q09666","Q09666","AHNK_HUMAN","Neuroblast differentiation-associated protein AHNAK","Q09666_S3326_M1_28","Phospho (STY)",-0.618867069640086,0.643933938659816,0.476769601654556,5,"Not significant"
"Unstim / P3C4","PRSS1","Cont_P00760","Cont_P00760","TRY1_BOVIN","Serine protease 1","Cont_P00760_S101_M2_28","Phospho (STY)",-9.89082409842783,0.644696789200346,0.499781479324702,4,"Not significant"
"Unstim / P3C4","ACTB","Cont_P60712;P60709","Cont_P60712;P60709","ACTB_BOVIN;ACTB_HUMAN","Actin, cytoplasmic 1;Actin, cytoplasmic 1","Cont_P60712_Y240_M2_28","Phospho (STY)",-5.4434953692817,0.644696789200346,0.502716997207636,5,"Not significant"
"Unstim / P3C4","ACTB","Cont_P60712;P60709","Cont_P60712;P60709","ACTB_BOVIN;ACTB_HUMAN","Actin, cytoplasmic 1;Actin, cytoplasmic 1","P60709_Y240_M2_28","Phospho (STY)",-5.4434953692817,0.644696789200346,0.502716997207636,5,"Not significant"
"Unstim / P3C4","RPLP1","P05386","P05386","RLA1_HUMAN","Large ribosomal subunit protein P1","P05386_S58_M1_28","Phospho (STY)",-0.342948739893763,0.644696789200346,0.493657628934193,6,"Not significant"
"Unstim / P3C4","LTA4H","P09960","P09960","LKHA4_HUMAN","Leukotriene A-4 hydrolase","P09960_Y82_M2_28","Phospho (STY)",-6.28498038150378,0.644696789200346,0.498941007080334,5,"Not significant"
"Unstim / P3C4","HSPD1","P10809","P10809","CH60_HUMAN","60 kDa heat shock protein, mitochondrial","P10809_T422_M1_28","Phospho (STY)",10.3435637846814,0.644696789200346,0.500003946681897,5,"Not significant"
"Unstim / P3C4","HSPA8","P11142","P11142","HSP7C_HUMAN","Heat shock cognate 71 kDa protein","P11142_T66_M2_28","Phospho (STY)",-0.28678732316061,0.644696789200346,0.47960325024782,6,"Not significant"
"Unstim / P3C4","HSPA8","P11142","P11142","HSP7C_HUMAN","Heat shock cognate 71 kDa protein","P11142_T64_M2_28","Phospho (STY)",-0.28678732316061,0.644696789200346,0.47960325024782,6,"Not significant"
"Unstim / P3C4","TCP1","P17987","P17987","TCPA_HUMAN","T-complex protein 1 subunit alpha","P17987_Y214_M1_28","Phospho (STY)",-0.34527801527694,0.644696789200346,0.48315383292096,5,"Not significant"
"Unstim / P3C4","PDIA3","P30101","P30101","PDIA3_HUMAN","Protein disulfide-isomerase A3","P30101_Y364_M1_28","Phospho (STY)",2.80932619964573,0.644696789200346,0.480052322443708,6,"Not significant"
"Unstim / P3C4","IDH3G","P51553","P51553","IDH3G_HUMAN","Isocitrate dehydrogenase [NAD] subunit gamma, mitochondrial","P51553_Y51_M2_28","Phospho (STY)",6.04892762409462,0.644696789200346,0.500384681736788,4,"Not significant"
"Unstim / P3C4","B2M","P61769","P61769","B2MG_HUMAN","Beta-2-microglobulin","P61769_Y46_M1_28","Phospho (STY)",1.46360703370958,0.644696789200346,0.497254203042027,6,"Not significant"
"Unstim / P3C4","SKIC2","Q15477","Q15477","SKI2_HUMAN","Superkiller complex protein 2","Q15477_S840_M1_28","Phospho (STY)",5.49854266118538,0.644696789200346,0.495940119285036,5,"Not significant"
"Unstim / P3C4","H2BC21","Q16778","Q16778","H2B2E_HUMAN","Histone H2B type 2-E","Q16778_Y38_M2_28","Phospho (STY)",5.76571780592838,0.644696789200346,0.498967515944988,4,"Not significant"
"Unstim / P3C4","SLC25A24","Q6NUK1","Q6NUK1","SCMC1_HUMAN","Mitochondrial adenyl nucleotide antiporter SLC25A24","Q6NUK1_Y404_M1_28","Phospho (STY)",1.74592280353986,0.644696789200346,0.500892761125169,6,"Not significant"
"Unstim / P3C4","NUFIP2","Q7Z417","Q7Z417","NUFP2_HUMAN","FMR1-interacting protein NUFIP2","Q7Z417_S107_M2_28","Phospho (STY)",5.28603366246664,0.644696789200346,0.498474380465522,5,"Not significant"
"Unstim / P3C4","RAB9B","Q9NP90","Q9NP90","RAB9B_HUMAN","Ras-related protein Rab-9B","Q9NP90_Y108_M1_28","Phospho (STY)",-7.53855745632943,0.644696789200346,0.499884203933611,4,"Not significant"
"Unstim / P3C4","SOD2","P04179","P04179","SODM_HUMAN","Superoxide dismutase [Mn], mitochondrial","P04179_Y33_M2_28","Phospho (STY)",9.9147140652421,0.644696789200346,0.500132521901889,4,"Not significant"
"Unstim / P3C4","PRDX5","P30044","P30044","PRDX5_HUMAN","Peroxiredoxin-5, mitochondrial","P30044_S205_M2_28","Phospho (STY)",0.376409713595411,0.644696789200346,0.497916135659725,5,"Not significant"
"Unstim / P3C4","EIF5","P55010","P55010","IF5_HUMAN","Eukaryotic translation initiation factor 5","P55010_Y56_M2_28","Phospho (STY)",4.54709022940212,0.644696789200346,0.481758506609091,4,"Not significant"
"Unstim / P3C4","H1-3","P16402","P16402","H13_HUMAN","Histone H1.3","P16402_S59_M2_28","Phospho (STY)",0.383394534143388,0.644696789200346,0.503041244854496,4,"Not significant"
"Unstim / P3C4","RAB1B","Q9H0U4","Q9H0U4","RAB1B_HUMAN","Ras-related protein Rab-1B","Q9H0U4_T49_M1_28","Phospho (STY)",-8.78669630737703,0.644696789200346,0.500127377923944,4,"Not significant"
"Unstim / P3C4","AHNAK","Q09666","Q09666","AHNK_HUMAN","Neuroblast differentiation-associated protein AHNAK","Q09666_S2798_M1_28","Phospho (STY)",1.00827777051601,0.644764271610972,0.503753975865459,6,"Not significant"
"Unstim / P3C4","ACTC1","P68032","P68032","ACTC_HUMAN","Actin, alpha cardiac muscle 1","P68032_Y242_M1_28","Phospho (STY)",-5.089165903452,0.644764271610972,0.504003589449759,4,"Not significant"
"Unstim / P3C4","DPYSL2","Q16555","Q16555","DPYL2_HUMAN","Dihydropyrimidinase-related protein 2","Q16555_T555_M1_28","Phospho (STY)",4.37464004866025,0.644784816699944,0.504431372578222,4,"Not significant"
"Unstim / P3C4","HSPD1","P10809","P10809","CH60_HUMAN","60 kDa heat shock protein, mitochondrial","P10809_S284_M1_28","Phospho (STY)",4.87762201415474,0.644889829635833,0.505111502750233,4,"Not significant"
"Unstim / P3C4","POTEF","A5A3E0","A5A3E0","POTEF_HUMAN","POTE ankyrin domain family member F","A5A3E0_T929_M1_28","Phospho (STY)",0.245714555123753,0.645133806895863,0.507218569448666,6,"Not significant"
"Unstim / P3C4","POTEI","P0CG38","P0CG38","POTEI_HUMAN","POTE ankyrin domain family member I","P0CG38_Y918_M2_28","Phospho (STY)",2.32276290901954,0.645665263400915,0.509267602257391,4,"Not significant"
"Unstim / P3C4","PDS5B","Q9NTI5","Q9NTI5","PDS5B_HUMAN","Sister chromatid cohesion protein PDS5 homolog B","Q9NTI5_S1358_M1_28","Phospho (STY)",0.507419149706201,0.646047208562924,0.510540540109287,6,"Not significant"
"Unstim / P3C4","P4HB","P07237","P07237","PDIA1_HUMAN","Protein disulfide-isomerase","P07237_T319_M1_28","Phospho (STY)",-0.215513269709599,0.646162209560979,0.510855522758836,4,"Not significant"
"Unstim / P3C4","KDM6B","O15054","O15054","KDM6B_HUMAN","Lysine-specific demethylase 6B","O15054_S1025_M1_28","Phospho (STY)",1.23038224154797,0.646279354752174,0.51136188027667,6,"Not significant"
"Unstim / P3C4","ACIN1","Q9UKV3","Q9UKV3","ACINU_HUMAN","Apoptotic chromatin condensation inducer in the nucleus","Q9UKV3_S410_M1_28","Phospho (STY)",0.381076095220299,0.646340624448769,0.51168302497049,4,"Not significant"
"Unstim / P3C4","ATP6V1C1","P21283","P21283","VATC1_HUMAN","V-type proton ATPase subunit C 1","P21283_Y181_M1_28","Phospho (STY)",-0.199455230161977,0.646766358758539,0.513322022223189,6,"Not significant"
"Unstim / P3C4","PDIA6","Q15084","Q15084","PDIA6_HUMAN","Protein disulfide-isomerase A6","Q15084_S375_M1_28","Phospho (STY)",0.490106393022203,0.647844636871398,0.517400146320137,6,"Not significant"
"Unstim / P3C4","AHNAK","Q09666","Q09666","AHNK_HUMAN","Neuroblast differentiation-associated protein AHNAK","Q09666_S93_M1_28","Phospho (STY)",0.734032825435157,0.647888076534698,0.517477441700745,6,"Not significant"
"Unstim / P3C4","FABP5","Q01469","Q01469","FABP5_HUMAN","Fatty acid-binding protein 5","Q01469_Y22_M1_28","Phospho (STY)",-0.726864704337027,0.648592548260084,0.520022064869145,6,"Not significant"
"Unstim / P3C4","HSP90B1","P14625","P14625","ENPL_HUMAN","Endoplasmin","P14625_Y652_M3_28","Phospho (STY)",0.227033008288488,0.648801671300496,0.520672579768541,4,"Not significant"
"Unstim / P3C4","H1-5","P16401","P16401","H15_HUMAN","Histone H1.5","P16401_S2_M2_28","Phospho (STY)",0.938253345221471,0.64977808268005,0.523967856068812,4,"Not significant"
"Unstim / P3C4","H4C1","P62805","P62805","H4_HUMAN","Histone H4","P62805_T81_M1_28","Phospho (STY)",0.297129144118554,0.650622674773586,0.526321595730032,6,"Not significant"
"Unstim / P3C4","ACTC1","P68032","P68032","ACTC_HUMAN","Actin, alpha cardiac muscle 1","P68032_Y220_M1_28","Phospho (STY)",-0.481089815396576,0.650945048930832,0.527286726176024,6,"Not significant"
"Unstim / P3C4","PCNA","P12004","P12004","PCNA_HUMAN","Proliferating cell nuclear antigen","P12004_Y133_M2_28","Phospho (STY)",-0.385108150340042,0.653021952802488,0.533193718723634,6,"Not significant"
"Unstim / P3C4","HSPA5","P11021","P11021","BIP_HUMAN","Endoplasmic reticulum chaperone BiP","P11021_T481_M2_28","Phospho (STY)",-1.12391856664617,0.654644012504476,0.538267194835669,5,"Not significant"
"Unstim / P3C4","GYS1","P13807","P13807","GYS1_HUMAN","Glycogen [starch] synthase, muscle","P13807_Y405_M1_28","Phospho (STY)",0.428614524283344,0.655104903258007,0.539823644390289,6,"Not significant"
"Unstim / P3C4","LCP1","P13796","P13796","PLSL_HUMAN","Plastin-2","P13796_S5_M1_28","Phospho (STY)",-0.284667869494675,0.655361488860052,0.540529050213969,5,"Not significant"
"Unstim / P3C4","AHNAK","Q09666","Q09666","AHNK_HUMAN","Neuroblast differentiation-associated protein AHNAK","Q09666_S4348_M1_28","Phospho (STY)",0.0886183462028836,0.65596339045095,0.542281245462614,4,"Not significant"
"Unstim / P3C4","EEF1D","P29692","P29692","EF1D_HUMAN","Elongation factor 1-delta","P29692_S133_M1_28","Phospho (STY)",0.495125993072503,0.656454972765419,0.543756999193994,6,"Not significant"
"Unstim / P3C4","CANX","P27824","P27824","CALX_HUMAN","Calnexin","P27824_S583_M1_28","Phospho (STY)",0.226941190399305,0.65671322056555,0.54446693043164,6,"Not significant"
"Unstim / P3C4","HSPA1A;HSPA1B","P0DMV8;P0DMV9","P0DMV8;P0DMV9","HS71A_HUMAN;HS71B_HUMAN","Heat shock 70 kDa protein 1A;Heat shock 70 kDa protein 1B","P0DMV8_T66_M1_28","Phospho (STY)",-0.186390342856022,0.657588388791745,0.547011623447798,6,"Not significant"
"Unstim / P3C4","HSPA1A;HSPA1B","P0DMV8;P0DMV9","P0DMV8;P0DMV9","HS71A_HUMAN;HS71B_HUMAN","Heat shock 70 kDa protein 1A;Heat shock 70 kDa protein 1B","P0DMV9_T66_M1_28","Phospho (STY)",-0.186390342856022,0.657588388791745,0.547011623447798,6,"Not significant"
"Unstim / P3C4","PPP1CA","P62136","P62136","PP1A_HUMAN","Serine/threonine-protein phosphatase PP1-alpha catalytic subunit","P62136_Y114_M1_28","Phospho (STY)",-0.999305221578708,0.658848571677317,0.550990227942199,6,"Not significant"
"Unstim / P3C4","SRRM2","Q9UQ35","Q9UQ35","SRRM2_HUMAN","Serine/arginine repetitive matrix protein 2","Q9UQ35_T1043_M1_28","Phospho (STY)",-0.461910594031214,0.65937249337249,0.552454758702155,5,"Not significant"
"Unstim / P3C4","PGLS","O95336","O95336","6PGL_HUMAN","6-phosphogluconolactonase","O95336_T249_M1_28","Phospho (STY)",-0.19330147938312,0.660562493687827,0.555909915310976,6,"Not significant"
"Unstim / P3C4","SMAP2","Q8WU79","Q8WU79","SMAP2_HUMAN","Stromal membrane-associated protein 2","Q8WU79_S240_M1_28","Phospho (STY)",-0.192429607488481,0.660825302021888,0.556690439349904,4,"Not significant"
"Unstim / P3C4","TFRC","P02786","P02786","TFR1_HUMAN","Transferrin receptor protein 1","P02786_S132_M2_28","Phospho (STY)",-0.62569781880961,0.661829668315301,0.559747087786065,4,"Not significant"
"Unstim / P3C4","H1-2","P16403","P16403","H12_HUMAN","Histone H1.2","P16403_T31_M2_28","Phospho (STY)",-0.38797856375018,0.662398529798195,0.561412078498642,4,"Not significant"
"Unstim / P3C4","AHNAK","Q09666","Q09666","AHNK_HUMAN","Neuroblast differentiation-associated protein AHNAK","Q09666_S2252_M1_28","Phospho (STY)",-0.28213242851176,0.662847901070457,0.562731410790106,6,"Not significant"
"Unstim / P3C4","AHNAK","Q09666","Q09666","AHNK_HUMAN","Neuroblast differentiation-associated protein AHNAK","Q09666_S4069_M1_28","Phospho (STY)",-0.28213242851176,0.662847901070457,0.562731410790106,6,"Not significant"
"Unstim / P3C4","COMT","P21964","P21964","COMT_HUMAN","Catechol O-methyltransferase","P21964_Y82_M1_28","Phospho (STY)",0.167375569078996,0.663002824967051,0.563187441561015,6,"Not significant"
"Unstim / P3C4","HNRNPA2B1","P22626","P22626","ROA2_HUMAN","Heterogeneous nuclear ribonucleoproteins A2/B1","P22626_S189_M1_28","Phospho (STY)",-0.707834066757927,0.66318749970449,0.563857930673758,6,"Not significant"
"Unstim / P3C4","HSPA8","P11142","P11142","HSP7C_HUMAN","Heat shock cognate 71 kDa protein","P11142_T462_M1_28","Phospho (STY)",0.394601959664738,0.663517805581387,0.564980354771112,6,"Not significant"
"Unstim / P3C4","ACTB","Cont_P60712;P60709","Cont_P60712;P60709","ACTB_BOVIN;ACTB_HUMAN","Actin, cytoplasmic 1;Actin, cytoplasmic 1","Cont_P60712_Y218_M1_28","Phospho (STY)",-0.207984086141705,0.664762966433793,0.568930882401806,6,"Not significant"
"Unstim / P3C4","ACTB","Cont_P60712;P60709","Cont_P60712;P60709","ACTB_BOVIN;ACTB_HUMAN","Actin, cytoplasmic 1;Actin, cytoplasmic 1","P60709_Y218_M1_28","Phospho (STY)",-0.207984086141705,0.664762966433793,0.568930882401806,6,"Not significant"
"Unstim / P3C4","NPM1","P06748","P06748","NPM_HUMAN","Nucleophosmin","P06748_S70_M1_28","Phospho (STY)",0.895721107342846,0.664831886832288,0.569110403939523,5,"Not significant"
"Unstim / P3C4","AHNAK","Q09666","Q09666","AHNK_HUMAN","Neuroblast differentiation-associated protein AHNAK","Q09666_S5731_M1_28","Phospho (STY)",0.675926891904164,0.66555406600656,0.57112028569594,4,"Not significant"
"Unstim / P3C4","UQCRC2","P22695","P22695","QCR2_HUMAN","Cytochrome b-c1 complex subunit 2, mitochondrial","P22695_Y71_M1_28","Phospho (STY)",0.379218197612147,0.667055438008371,0.5757631995773,4,"Not significant"
"Unstim / P3C4","HSP90AB1","P08238","P08238","HS90B_HUMAN","Heat shock protein HSP 90-beta","P08238_S67_M1_28","Phospho (STY)",0.349790024041519,0.667364258973695,0.57678831291489,6,"Not significant"
"Unstim / P3C4","PWP2","Q15269","Q15269","PWP2_HUMAN","Periodic tryptophan protein 2 homolog","Q15269_S772_M1_28","Phospho (STY)",-0.284515382127688,0.667422838613167,0.576972010400621,6,"Not significant"
"Unstim / P3C4","GTPBP4","Q9BZE4","Q9BZE4","GTPB4_HUMAN","GTP-binding protein 4","Q9BZE4_Y58_M1_28","Phospho (STY)",0.541073563370643,0.667486395031186,0.577091604762602,5,"Not significant"
"Unstim / P3C4","ANXA2","P07355","P07355","ANXA2_HUMAN","Annexin A2","P07355_Y147_M1_28","Phospho (STY)",-0.184174815968404,0.668003059786195,0.578617928025427,6,"Not significant"
"Unstim / P3C4","TXNDC12","O95881","O95881","TXD12_HUMAN","Thioredoxin domain-containing protein 12","O95881_S53_M1_28","Phospho (STY)",-0.90772325608437,0.668323822860664,0.579678028227644,6,"Not significant"
"Unstim / P3C4","AHNAK","Q09666","Q09666","AHNK_HUMAN","Neuroblast differentiation-associated protein AHNAK","Q09666_T1192_M1_28","Phospho (STY)",-1.01086272890333,0.668333331699845,0.579727904187506,5,"Not significant"
"Unstim / P3C4","AHNAK","Q09666","Q09666","AHNK_HUMAN","Neuroblast differentiation-associated protein AHNAK","Q09666_T1986_M1_28","Phospho (STY)",-1.01086272890333,0.668333331699845,0.579727904187506,5,"Not significant"
"Unstim / P3C4","AHNAK","Q09666","Q09666","AHNK_HUMAN","Neuroblast differentiation-associated protein AHNAK","Q09666_S5190_M2_28","Phospho (STY)",0.342031220756847,0.669003165727614,0.581806804535837,5,"Not significant"
"Unstim / P3C4","MAP1S","Q66K74","Q66K74","MAP1S_HUMAN","Microtubule-associated protein 1S","Q66K74_S759_M1_28","Phospho (STY)",0.202763522623837,0.669332623614761,0.582925430708313,6,"Not significant"
"Unstim / P3C4","RPL4","P36578","P36578","RL4_HUMAN","Large ribosomal subunit protein uL4","P36578_Y161_M1_28","Phospho (STY)",-0.23605423321531,0.66982842771747,0.58434790771231,6,"Not significant"
"Unstim / P3C4","STAT1","P42224","P42224","STAT1_HUMAN","Signal transducer and activator of transcription 1-alpha/beta","P42224_Y701_M1_28","Phospho (STY)",0.275993128880566,0.670036150403974,0.584966273087476,6,"Not significant"
"Unstim / P3C4","RPL23","P62829","P62829","RL23_HUMAN","Large ribosomal subunit protein uL14","P62829_Y38_M2_28","Phospho (STY)",0.846346847219888,0.670079812655249,0.585050414554283,6,"Not significant"
"Unstim / P3C4","HIBADH","P31937","P31937","3HIDH_HUMAN","3-hydroxyisobutyrate dehydrogenase, mitochondrial","P31937_Y113_M1_28","Phospho (STY)",-0.439459288231184,0.670185301284325,0.585519990767659,4,"Not significant"
"Unstim / P3C4","NDUFB4","O95168","O95168","NDUB4_HUMAN","NADH dehydrogenase [ubiquinone] 1 beta subcomplex subunit 4","O95168_Y6_M1_28","Phospho (STY)",0.119117482083887,0.670660481350917,0.586921492650329,6,"Not significant"
"Unstim / P3C4","HNRNPD","Q14103","Q14103","HNRPD_HUMAN","Heterogeneous nuclear ribonucleoprotein D0","Q14103_T229_M1_28","Phospho (STY)",0.143714672975251,0.670662896648977,0.586953475111166,6,"Not significant"
"Unstim / P3C4","LRRC8B","Q6P9F7","Q6P9F7","LRC8B_HUMAN","Volume-regulated anion channel subunit LRRC8B","Q6P9F7_S589_M1_28","Phospho (STY)",-0.116648185126102,0.671489232846795,0.589462544579892,6,"Not significant"
"Unstim / P3C4","MYH9","P35579","P35579","MYH9_HUMAN","Myosin-9","P35579_S957_M1_28","Phospho (STY)",0.271645399082041,0.672458782769832,0.59252522530758,6,"Not significant"
"Unstim / P3C4","P4HB","P07237","P07237","PDIA1_HUMAN","Protein disulfide-isomerase","P07237_Y414_M2_28","Phospho (STY)",-0.154605560293472,0.672903620458684,0.59388341921952,6,"Not significant"
"Unstim / P3C4","AKT1S1","Q96B36","Q96B36","AKTS1_HUMAN","Proline-rich AKT1 substrate 1","Q96B36_Y46_M1_28","Phospho (STY)",-0.308754644724694,0.673493340839106,0.595667158352614,5,"Not significant"
"Unstim / P3C4","UGGT1","Q9NYU2","Q9NYU2","UGGG1_HUMAN","UDP-glucose:glycoprotein glucosyltransferase 1","Q9NYU2_S931_M1_28","Phospho (STY)",0.321016642818717,0.673627768024668,0.596077854375066,6,"Not significant"
"Unstim / P3C4","PLAUR","Q03405","Q03405","UPAR_HUMAN","Urokinase plasminogen activator surface receptor","Q03405_T149_M2_28","Phospho (STY)",0.945529812450005,0.674120399025382,0.597648263310989,5,"Not significant"
"Unstim / P3C4","OS9","Q13438","Q13438","OS9_HUMAN","Protein OS-9","Q13438_T546_M1_28","Phospho (STY)",0.205560518310703,0.674750004958603,0.599454257418441,6,"Not significant"
"Unstim / P3C4","HP1BP3","Q5SSJ5","Q5SSJ5","HP1B3_HUMAN","Heterochromatin protein 1-binding protein 3","Q5SSJ5_Y379_M2_28","Phospho (STY)",0.155017675001392,0.675551321844431,0.601645476273083,6,"Not significant"
"Unstim / P3C4","EEF1A1","Cont_P68103;P68104","Cont_P68103;P68104","EF1A1_BOVIN;EF1A1_HUMAN","Elongation factor 1-alpha 1","Cont_P68103_Y357_M2_28","Phospho (STY)",0.267604053182062,0.67656580612859,0.604453971270422,6,"Not significant"
"Unstim / P3C4","EEF1A1","Cont_P68103;P68104","Cont_P68103;P68104","EF1A1_BOVIN;EF1A1_HUMAN","Elongation factor 1-alpha 1","P68104_Y357_M2_28","Phospho (STY)",0.267604053182062,0.67656580612859,0.604453971270422,6,"Not significant"
"Unstim / P3C4","CFL1","P23528","P23528","COF1_HUMAN","Cofilin-1","P23528_T129_M1_28","Phospho (STY)",-0.725923058113258,0.677637878327105,0.607661061149334,5,"Not significant"
"Unstim / P3C4","YWHAZ","Cont_P63103;P63104","Cont_P63103;P63104","1433Z_BOVIN;1433Z_HUMAN","14-3-3 protein zeta/delta","Cont_P63103_S145_M1_28","Phospho (STY)",-0.206621276779399,0.677716312011879,0.607821002017104,6,"Not significant"
"Unstim / P3C4","YWHAZ","Cont_P63103;P63104","Cont_P63103;P63104","1433Z_BOVIN;1433Z_HUMAN","14-3-3 protein zeta/delta","P63104_S145_M1_28","Phospho (STY)",-0.206621276779399,0.677716312011879,0.607821002017104,6,"Not significant"
"Unstim / P3C4","PRPF8","Q6P2Q9","Q6P2Q9","PRP8_HUMAN","Pre-mRNA-processing-splicing factor 8","Q6P2Q9_Y1991_M1_28","Phospho (STY)",0.169866240395003,0.678107627805821,0.609113373625466,6,"Not significant"
"Unstim / P3C4","GLO1","Q04760","Q04760","LGUL_HUMAN","Lactoylglutathione lyase","Q04760_S8_M1_28","Phospho (STY)",-0.251611692491364,0.678593881460418,0.610681140134305,6,"Not significant"
"Unstim / P3C4","EEF1A1","Cont_P68103;P68104","Cont_P68103;P68104","EF1A1_BOVIN;EF1A1_HUMAN","Elongation factor 1-alpha 1","Cont_P68103_Y418_M2_28","Phospho (STY)",0.310769861877729,0.679724358760866,0.614294261155288,4,"Not significant"
"Unstim / P3C4","EEF1A1","Cont_P68103;P68104","Cont_P68103;P68104","EF1A1_BOVIN;EF1A1_HUMAN","Elongation factor 1-alpha 1","P68104_Y418_M2_28","Phospho (STY)",0.310769861877729,0.679724358760866,0.614294261155288,4,"Not significant"
"Unstim / P3C4","CALR","P27797","P27797","CALR_HUMAN","Calreticulin","P27797_Y172_M3_28","Phospho (STY)",0.264115515874024,0.680521294380131,0.616649765379764,6,"Not significant"
"Unstim / P3C4","TLN1","Q9Y490","Q9Y490","TLN1_HUMAN","Talin-1","Q9Y490_S955_M2_28","Phospho (STY)",0.813367700195645,0.680894676111552,0.617770438409472,5,"Not significant"
"Unstim / P3C4","LILRB1","Q8NHL6","Q8NHL6","LIRB1_HUMAN","Leukocyte immunoglobulin-like receptor subfamily B member 1","Q8NHL6_S579_M1_28","Phospho (STY)",0.292176064832259,0.683091365496084,0.624227266173281,6,"Not significant"
"Unstim / P3C4","DNM1L","O00429","O00429","DNM1L_HUMAN","Dynamin-1-like protein","O00429_S71_M1_28","Phospho (STY)",0.394283135900275,0.683503133079179,0.625476014416628,6,"Not significant"
"Unstim / P3C4","CAP1","Q01518","Q01518","CAP1_HUMAN","Adenylyl cyclase-associated protein 1","Q01518_S308_M1_28","Phospho (STY)",-0.360975140236783,0.685322704055158,0.631054150048189,6,"Not significant"
"Unstim / P3C4","A1BG","Cont_Q2KJF1","Cont_Q2KJF1","A1BG_BOVIN","Alpha-1B-glycoprotein","Cont_Q2KJF1_T234_M2_28","Phospho (STY)",-1.41644653788171,0.685638961262211,0.632005453196664,5,"Not significant"
"Unstim / P3C4","POTEI","P0CG38","P0CG38","POTEI_HUMAN","POTE ankyrin domain family member I","P0CG38_S971_M1_28","Phospho (STY)",0.693119219478956,0.685657238850859,0.632066583972307,5,"Not significant"
"Unstim / P3C4","PRKAR1A","P10644","P10644","KAP0_HUMAN","cAMP-dependent protein kinase type I-alpha regulatory subunit","P10644_S83_M1_28","Phospho (STY)",-0.197020747327621,0.686658872605618,0.635431666026071,6,"Not significant"
"Unstim / P3C4","HSPA8","P11142","P11142","HSP7C_HUMAN","Heat shock cognate 71 kDa protein","P11142_S329_M1_28","Phospho (STY)",0.5394255909463,0.686690667204689,0.635511491543935,6,"Not significant"
"Unstim / P3C4","AHNAK","Q09666","Q09666","AHNK_HUMAN","Neuroblast differentiation-associated protein AHNAK","Q09666_S4130_M1_28","Phospho (STY)",0.364085478458379,0.689032905429273,0.643290756713683,6,"Not significant"
"Unstim / P3C4","AHNAK","Q09666","Q09666","AHNK_HUMAN","Neuroblast differentiation-associated protein AHNAK","Q09666_S4594_M1_28","Phospho (STY)",0.364085478458379,0.689032905429273,0.643290756713683,6,"Not significant"
"Unstim / P3C4","DDX46","Q7L014","Q7L014","DDX46_HUMAN","Probable ATP-dependent RNA helicase DDX46","Q7L014_T877_M1_28","Phospho (STY)",-0.212552986298262,0.689401095878388,0.644634288646101,5,"Not significant"
"Unstim / P3C4","HNRNPA2B1","P22626","P22626","ROA2_HUMAN","Heterogeneous nuclear ribonucleoproteins A2/B1","P22626_T159_M1_28","Phospho (STY)",-0.721512030156219,0.689587900641674,0.645052496894884,6,"Not significant"
"Unstim / P3C4","LAT2","Q9GZY6","Q9GZY6","NTAL_HUMAN","Linker for activation of T-cells family member 2","Q9GZY6_S44_M1_28","Phospho (STY)",0.209623882472382,0.69004984073215,0.646366688349767,6,"Not significant"
"Unstim / P3C4","ABI1","Q8IZP0","Q8IZP0","ABI1_HUMAN","Abl interactor 1","Q8IZP0_Y198_M1_28","Phospho (STY)",0.149197103598007,0.692328786243178,0.653099113705936,6,"Not significant"
"Unstim / P3C4","UHRF2","Q96PU4","Q96PU4","UHRF2_HUMAN","E3 ubiquitin-protein ligase UHRF2","Q96PU4_S301_M2_28","Phospho (STY)",-1.32777162188758,0.692936256889746,0.655001704733615,5,"Not significant"
"Unstim / P3C4","ACTB","Cont_P60712;P60709","Cont_P60712;P60709","ACTB_BOVIN;ACTB_HUMAN","Actin, cytoplasmic 1;Actin, cytoplasmic 1","Cont_P60712_Y69_M2_28","Phospho (STY)",1.10157891108143,0.692940208707512,0.655013403765526,6,"Not significant"
"Unstim / P3C4","ACTB","Cont_P60712;P60709","Cont_P60712;P60709","ACTB_BOVIN;ACTB_HUMAN","Actin, cytoplasmic 1;Actin, cytoplasmic 1","P60709_Y69_M2_28","Phospho (STY)",1.10157891108143,0.692940208707512,0.655013403765526,6,"Not significant"
"Unstim / P3C4","CAT","P04040","P04040","CATA_HUMAN","Catalase","P04040_Y308_M1_28","Phospho (STY)",0.164828884258172,0.692982697813672,0.655191564340307,6,"Not significant"
"Unstim / P3C4","PDIA4","P13667","P13667","PDIA4_HUMAN","Protein disulfide-isomerase A4","P13667_Y595_M1_28","Phospho (STY)",-0.122231354218145,0.693124521956463,0.655554764122362,6,"Not significant"
"Unstim / P3C4","HSPD1","P10809","P10809","CH60_HUMAN","60 kDa heat shock protein, mitochondrial","P10809_Y90_M2_28","Phospho (STY)",0.538564680591887,0.693408266777278,0.65634625253014,6,"Not significant"
"Unstim / P3C4","MRPS36","P82909","P82909","KGD4_HUMAN","Alpha-ketoglutarate dehydrogenase component 4","P82909_Y84_M1_28","Phospho (STY)",-0.211527135213703,0.693909039429844,0.657810594739977,6,"Not significant"
"Unstim / P3C4","HSP90B1","P14625","P14625","ENPL_HUMAN","Endoplasmin","P14625_S607_M1_28","Phospho (STY)",0.371522079459633,0.69475493912162,0.660310126217615,6,"Not significant"
"Unstim / P3C4","RPL21","P46778","P46778","RL21_HUMAN","Large ribosomal subunit protein eL21","P46778_T124_M1_28","Phospho (STY)",0.142114915701488,0.694966107377004,0.661053987199897,6,"Not significant"
"Unstim / P3C4","SRSF1","Q07955","Q07955","SRSF1_HUMAN","Serine/arginine-rich splicing factor 1","Q07955_Y149_M1_28","Phospho (STY)",0.45131700253349,0.695443243634398,0.662892577170178,6,"Not significant"
"Unstim / P3C4","C1QBP","Q07021","Q07021","C1QBP_HUMAN","Complement component 1 Q subcomponent-binding protein, mitochondrial","Q07021_T101_M1_28","Phospho (STY)",0.673167817783489,0.696755799110886,0.667367436773199,6,"Not significant"
"Unstim / P3C4","AHNAK","Q09666","Q09666","AHNK_HUMAN","Neuroblast differentiation-associated protein AHNAK","Q09666_S1452_M1_28","Phospho (STY)",0.179374691252261,0.697116300368003,0.668591667195595,6,"Not significant"
"Unstim / P3C4","EEF2","P13639","P13639","EF2_HUMAN","Elongation factor 2","P13639_Y634_M1_28","Phospho (STY)",0.15913646143515,0.697870254476118,0.671068757488102,6,"Not significant"
"Unstim / P3C4","RBM47","A0AV96","A0AV96","RBM47_HUMAN","RNA-binding protein 47","A0AV96_T433_M1_28","Phospho (STY)",1.14323723970122,0.698443528018999,0.672848313818935,5,"Not significant"
"Unstim / P3C4","BCLAF1","Q9NYF8","Q9NYF8","BCLF1_HUMAN","Bcl-2-associated transcription factor 1","Q9NYF8_S512_M1_28","Phospho (STY)",-0.117589854180899,0.69870000034484,0.673606669109403,5,"Not significant"
"Unstim / P3C4","QPCTL","Q9NXS2","Q9NXS2","QPCTL_HUMAN","Glutaminyl-peptide cyclotransferase-like protein","Q9NXS2_T216_M1_28","Phospho (STY)",-0.371176215673558,0.698845054758763,0.673967990151266,6,"Not significant"
"Unstim / P3C4","AHNAK","Q09666","Q09666","AHNK_HUMAN","Neuroblast differentiation-associated protein AHNAK","Q09666_S758_M1_28","Phospho (STY)",0.150238993252672,0.69910764530202,0.674966633606204,6,"Not significant"
"Unstim / P3C4","HSPA9","P38646","P38646","GRP75_HUMAN","Stress-70 protein, mitochondrial","P38646_S378_M1_28","Phospho (STY)",-0.21188113208083,0.701756220450895,0.683738624797612,6,"Not significant"
"Unstim / P3C4","CAP1","Q01518","Q01518","CAP1_HUMAN","Adenylyl cyclase-associated protein 1","Q01518_S394_M1_28","Phospho (STY)",0.25830544796509,0.702819756352101,0.687014636180577,6,"Not significant"
"Unstim / P3C4","RPL23A","P62750","P62750","RL23A_HUMAN","Large ribosomal subunit protein uL23","P62750_T95_M1_28","Phospho (STY)",0.626990981173715,0.703268176393995,0.688736950159014,6,"Not significant"
"Unstim / P3C4","ACLY","P53396","P53396","ACLY_HUMAN","ATP-citrate synthase","P53396_Y1006_M1_28","Phospho (STY)",-0.631194556845749,0.704077330597392,0.691067145419235,6,"Not significant"
"Unstim / P3C4","DBN1","Q16643","Q16643","DREB_HUMAN","Drebrin","Q16643_S142_M1_28","Phospho (STY)",0.166303158928353,0.704413447815759,0.692068521947879,6,"Not significant"
"Unstim / P3C4","DLST","P36957","P36957","ODO2_HUMAN","Dihydrolipoyllysine-residue succinyltransferase component of 2-oxoglutarate dehydrogenase complex, mitochondrial","P36957_T62_M1_28","Phospho (STY)",0.85888678767032,0.704644321340906,0.692990852501964,4,"Not significant"
"Unstim / P3C4","CCT8","P50990","P50990","TCPQ_HUMAN","T-complex protein 1 subunit theta","P50990_Y468_M1_28","Phospho (STY)",0.220014791723171,0.704762901769903,0.69333606683141,6,"Not significant"
"Unstim / P3C4","H1-4","P10412","P10412","H14_HUMAN","Histone H1.4","P10412_S2_M1_28","Phospho (STY)",0.192532058868764,0.705731862509915,0.696600416692045,6,"Not significant"
"Unstim / P3C4","EEF1A1","Cont_P68103;P68104","Cont_P68103;P68104","EF1A1_BOVIN;EF1A1_HUMAN","Elongation factor 1-alpha 1","Cont_P68103_T242_M1_28","Phospho (STY)",0.389698447924659,0.707154021578889,0.700681997532825,4,"Not significant"
"Unstim / P3C4","EEF1A1","Cont_P68103;P68104","Cont_P68103;P68104","EF1A1_BOVIN;EF1A1_HUMAN","Elongation factor 1-alpha 1","P68104_T242_M1_28","Phospho (STY)",0.389698447924659,0.707154021578889,0.700681997532825,4,"Not significant"
"Unstim / P3C4","HDGF","P51858","P51858","HDGF_HUMAN","Hepatoma-derived growth factor","P51858_S165_M1_28","Phospho (STY)",0.264114011777548,0.707208623812304,0.700903483569133,6,"Not significant"
"Unstim / P3C4","H2AC11;H2AC12;H2AC14","P0C0S8;Q96KK5;Q99878","P0C0S8;Q96KK5;Q99878","H2A1_HUMAN;H2A1H_HUMAN;H2A1J_HUMAN","Histone H2A type 1;Histone H2A type 1-H;Histone H2A type 1-J","P0C0S8_T121_M2_28","Phospho (STY)",-0.124737706860701,0.707592546153256,0.702237622022585,6,"Not significant"
"Unstim / P3C4","H2AC11;H2AC12;H2AC14","P0C0S8;Q96KK5;Q99878","P0C0S8;Q96KK5;Q99878","H2A1_HUMAN;H2A1H_HUMAN;H2A1J_HUMAN","Histone H2A type 1;Histone H2A type 1-H;Histone H2A type 1-J","Q96KK5_T121_M2_28","Phospho (STY)",-0.124737706860701,0.707592546153256,0.702237622022585,6,"Not significant"
"Unstim / P3C4","H2AC11;H2AC12;H2AC14","P0C0S8;Q96KK5;Q99878","P0C0S8;Q96KK5;Q99878","H2A1_HUMAN;H2A1H_HUMAN;H2A1J_HUMAN","Histone H2A type 1;Histone H2A type 1-H;Histone H2A type 1-J","Q99878_T121_M2_28","Phospho (STY)",-0.124737706860701,0.707592546153256,0.702237622022585,6,"Not significant"
"Unstim / P3C4","MYO1E","Q12965","Q12965","MYO1E_HUMAN","Unconventional myosin-Ie","Q12965_T865_M1_28","Phospho (STY)",0.494937922531277,0.708118628181579,0.704031027487891,5,"Not significant"
"Unstim / P3C4","CSTB","P04080","P04080","CYTB_HUMAN","Cystatin-B","P04080_S45_M1_28","Phospho (STY)",0.187010215934038,0.709988861614796,0.710364965708796,5,"Not significant"
"Unstim / P3C4","PRSS1","P07477","P07477","TRY1_HUMAN","Serine protease 1","P07477_T103_M2_28","Phospho (STY)",-0.0868911182591059,0.710365978043311,0.711520364531788,6,"Not significant"
"Unstim / P3C4","PRSS1","P07477","P07477","TRY1_HUMAN","Serine protease 1","P07477_Y99_M2_28","Phospho (STY)",-0.0868911182591059,0.710365978043311,0.711520364531788,6,"Not significant"
"Unstim / P3C4","DARS1","P14868","P14868","SYDC_HUMAN","Aspartate--tRNA ligase, cytoplasmic","P14868_T220_M1_28","Phospho (STY)",-0.599416917075033,0.711321686208262,0.714782344317157,5,"Not significant"
"Unstim / P3C4","POTEF","A5A3E0","A5A3E0","POTEF_HUMAN","POTE ankyrin domain family member F","A5A3E0_Y918_M1_28","Phospho (STY)",0.420303228889855,0.712495896074062,0.718846503921771,5,"Not significant"
"Unstim / P3C4","CANX","P27824","P27824","CALX_HUMAN","Calnexin","P27824_Y393_M2_28","Phospho (STY)",-0.279348114197393,0.712699946026625,0.719432068793725,6,"Not significant"
"Unstim / P3C4","CANX","P27824","P27824","CALX_HUMAN","Calnexin","P27824_Y150_M2_28","Phospho (STY)",0.649330313346518,0.715480169137751,0.728660054324734,6,"Not significant"
"Unstim / P3C4","AHNAK","Q09666","Q09666","AHNK_HUMAN","Neuroblast differentiation-associated protein AHNAK","Q09666_S135_M1_28","Phospho (STY)",0.131386550962005,0.715509781557326,0.728754248251411,6,"Not significant"
"Unstim / P3C4","AHNAK","Q09666","Q09666","AHNK_HUMAN","Neuroblast differentiation-associated protein AHNAK","Q09666_S2397_M1_28","Phospho (STY)",0.285224133337582,0.716709509688837,0.732616577079378,6,"Not significant"
"Unstim / P3C4","MMP14","P50281","P50281","MMP14_HUMAN","Matrix metalloproteinase-14","P50281_T412_M1_28","Phospho (STY)",-0.283071296738202,0.716740102949366,0.73273247903149,6,"Not significant"
"Unstim / P3C4","NOLC1","Q14978","Q14978","NOLC1_HUMAN","Nucleolar and coiled-body phosphoprotein 1","Q14978_S698_M1_28","Phospho (STY)",-0.204901957928007,0.717607244000267,0.735589065098447,5,"Not significant"
"Unstim / P3C4","EEF1A1P5","Q5VTE0","Q5VTE0","EF1A3_HUMAN","Putative elongation factor 1-alpha-like 3","Q5VTE0_Y357_M1_28","Phospho (STY)",-0.107016125546451,0.719457627843888,0.741710586499869,6,"Not significant"
"Unstim / P3C4","HSPA5","P11021","P11021","BIP_HUMAN","Endoplasmic reticulum chaperone BiP","P11021_Y175_M1_28","Phospho (STY)",0.134724508957445,0.719849874356083,0.742826396701805,5,"Not significant"
"Unstim / P3C4","SPN","P16150","P16150","LEUK_HUMAN","Leukosialin","P16150_S355_M1_28","Phospho (STY)",0.0998337583434985,0.720183550491042,0.743861399572369,6,"Not significant"
"Unstim / P3C4","CAP1","Q01518","Q01518","CAP1_HUMAN","Adenylyl cyclase-associated protein 1","Q01518_Y153_M1_28","Phospho (STY)",-0.509271492164181,0.720855878775471,0.746161938901047,6,"Not significant"
"Unstim / P3C4","TKT","P29401","P29401","TKT_HUMAN","Transketolase","P29401_T287_M1_28","Phospho (STY)",-0.128908208299359,0.721146048725757,0.747174086201867,6,"Not significant"
"Unstim / P3C4","GM2A","P17900","P17900","SAP3_HUMAN","Ganglioside GM2 activator","P17900_Y168_M1_28","Phospho (STY)",0.0864135797451518,0.721801809546951,0.749618616094654,6,"Not significant"
"Unstim / P3C4","TFAM","Q00059","Q00059","TFAM_HUMAN","Transcription factor A, mitochondrial","Q00059_Y200_M1_28","Phospho (STY)",0.160636719442812,0.721812316776344,0.749675142424587,6,"Not significant"
"Unstim / P3C4","PLCG2","P16885","P16885","PLCG2_HUMAN","1-phosphatidylinositol 4,5-bisphosphate phosphodiesterase gamma-2","P16885_T57_M1_28","Phospho (STY)",-0.356556370858346,0.721935244984391,0.7500784193866,6,"Not significant"
"Unstim / P3C4","BASP1","P80723","P80723","BASP1_HUMAN","Brain acid soluble protein 1","P80723_T36_M1_28","Phospho (STY)",-0.291136877471639,0.721994065863463,0.750251644502297,5,"Not significant"
"Unstim / P3C4","CCDC86","Q9H6F5","Q9H6F5","CCD86_HUMAN","Coiled-coil domain-containing protein 86","Q9H6F5_S18_M1_28","Phospho (STY)",0.0680828430585059,0.723211712257382,0.754482080974746,6,"Not significant"
"Unstim / P3C4","GPX1","P07203","P07203","GPX1_HUMAN","Glutathione peroxidase 1","P07203_S95_M1_28","Phospho (STY)",-0.642240655376383,0.723689834130055,0.75621837027128,6,"Not significant"
"Unstim / P3C4","CUTA","O60888","O60888","CUTA_HUMAN","Protein CutA","O60888_T125_M1_28","Phospho (STY)",-0.710658413783983,0.724755728212646,0.759704913442433,6,"Not significant"
"Unstim / P3C4","RCSD1","Q6JBY9","Q6JBY9","CPZIP_HUMAN","CapZ-interacting protein","Q6JBY9_S120_M1_28","Phospho (STY)",0.148238594252678,0.725561757831208,0.762747687632474,5,"Not significant"
"Unstim / P3C4","VDAC3","Q9Y277","Q9Y277","VDAC3_HUMAN","Voltage-dependent anion-selective channel protein 3","Q9Y277_Y67_M1_28","Phospho (STY)",0.397974661927168,0.726213324916297,0.764936856979417,6,"Not significant"
"Unstim / P3C4","RARS1","P54136","P54136","SYRC_HUMAN","Arginine--tRNA ligase, cytoplasmic","P54136_S177_M1_28","Phospho (STY)",-0.153495120676099,0.726461414431553,0.765761121152784,6,"Not significant"
"Unstim / P3C4","ACTC1","P68032","P68032","ACTC_HUMAN","Actin, alpha cardiac muscle 1","P68032_Y220_M2_28","Phospho (STY)",0.351310278646781,0.726664083903911,0.766557890495969,6,"Not significant"
"Unstim / P3C4","NAP1L4","Q99733","Q99733","NP1L4_HUMAN","Nucleosome assembly protein 1-like 4","Q99733_T28_M1_28","Phospho (STY)",-0.316534172232242,0.727934875755758,0.770931337677007,6,"Not significant"
"Unstim / P3C4","ACAT1","P24752","P24752","THIL_HUMAN","Acetyl-CoA acetyltransferase, mitochondrial","P24752_S420_M1_28","Phospho (STY)",0.247009898703572,0.727938178732053,0.770949774634092,4,"Not significant"
"Unstim / P3C4","ACLY","P53396","P53396","ACLY_HUMAN","ATP-citrate synthase","P53396_Y704_M1_28","Phospho (STY)",-0.0909713147329274,0.728232420022244,0.771968986161711,6,"Not significant"
"Unstim / P3C4","AHNAK","Q09666","Q09666","AHNK_HUMAN","Neuroblast differentiation-associated protein AHNAK","Q09666_S216_M1_28","Phospho (STY)",-0.15646930412128,0.72868866862788,0.773666393547002,6,"Not significant"
"Unstim / P3C4","SRSF9","Q13242","Q13242","SRSF9_HUMAN","Serine/arginine-rich splicing factor 9","Q13242_S211_M1_28","Phospho (STY)",0.186945823534667,0.728955464418364,0.774603541179856,6,"Not significant"
"Unstim / P3C4","PDLIM2","Q96JY6","Q96JY6","PDLI2_HUMAN","PDZ and LIM domain protein 2","Q96JY6_S197_M1_28","Phospho (STY)",-0.0768051663581787,0.730735290262462,0.780801888786144,5,"Not significant"
"Unstim / P3C4","UBE2I","P63279","P63279","UBC9_HUMAN","SUMO-conjugating enzyme UBC9","P63279_Y87_M1_28","Phospho (STY)",-0.178483118676682,0.731013033676268,0.781934599173582,5,"Not significant"
"Unstim / P3C4","ACTC1","P68032","P68032","ACTC_HUMAN","Actin, alpha cardiac muscle 1","P68032_T231_M1_28","Phospho (STY)",0.0829417579250674,0.731026292925978,0.781998511825486,5,"Not significant"
"Unstim / P3C4","ZNF638","Q14966","Q14966","ZN638_HUMAN","Zinc finger protein 638","Q14966_T1664_M2_28","Phospho (STY)",-0.5426661530689,0.731660669945357,0.784205026829361,6,"Not significant"
"Unstim / P3C4","SOD2","P04179","P04179","SODM_HUMAN","Superoxide dismutase [Mn], mitochondrial","P04179_S106_M1_28","Phospho (STY)",-0.0784418934145561,0.733056877666637,0.78960511523048,6,"Not significant"
"Unstim / P3C4","HNRNPA1","P09651","P09651","ROA1_HUMAN","Heterogeneous nuclear ribonucleoprotein A1","P09651_S22_M1_28","Phospho (STY)",0.622760649527435,0.733138741651872,0.789890756338709,4,"Not significant"
"Unstim / P3C4","NHP2","Q9NX24","Q9NX24","NHP2_HUMAN","H/ACA ribonucleoprotein complex subunit 2","Q9NX24_Y24_M1_28","Phospho (STY)",0.0888129989863041,0.733161975143866,0.790031471735952,6,"Not significant"
"Unstim / P3C4","RAB1B","Q9H0U4","Q9H0U4","RAB1B_HUMAN","Ras-related protein Rab-1B","Q9H0U4_S142_M1_28","Phospho (STY)",-0.126502557972072,0.733330232012596,0.790651655034309,6,"Not significant"
"Unstim / P3C4","ZMPSTE24","O75844","O75844","FACE1_HUMAN","CAAX prenyl protease 1 homolog","O75844_Y45_M3_28","Phospho (STY)",-0.430451329845205,0.733531601661193,0.79128481849765,6,"Not significant"
"Unstim / P3C4","H1-3","P16402","P16402","H13_HUMAN","Histone H1.3","P16402_S37_M1_28","Phospho (STY)",0.085884575409498,0.734817290981659,0.795844007196791,6,"Not significant"
"Unstim / P3C4","SSBP1","Q04837","Q04837","SSBP_HUMAN","Single-stranded DNA-binding protein, mitochondrial","Q04837_T144_M2_28","Phospho (STY)",-0.427372368308907,0.734856506727637,0.795939993849016,5,"Not significant"
"Unstim / P3C4","SSBP1","Q04837","Q04837","SSBP_HUMAN","Single-stranded DNA-binding protein, mitochondrial","Q04837_S141_M2_28","Phospho (STY)",-0.427372368308907,0.734856506727637,0.795939993849016,5,"Not significant"
"Unstim / P3C4","BSG","P35613","P35613","BASI_HUMAN","Basigin","P35613_T141_M1_28","Phospho (STY)",0.0435915103576791,0.735715971068696,0.798935297789536,6,"Not significant"
"Unstim / P3C4","ALCAM","Q13740","Q13740","CD166_HUMAN","CD166 antigen","Q13740_Y284_M1_28","Phospho (STY)",-0.142506104446443,0.736630719953904,0.801818277016294,6,"Not significant"
"Unstim / P3C4","AHCY","P23526","P23526","SAHH_HUMAN","Adenosylhomocysteinase","P23526_Y7_M1_28","Phospho (STY)",-0.158419664227561,0.736868301768793,0.802663715367211,6,"Not significant"
"Unstim / P3C4","TMSB10","P63313","P63313","TYB10_HUMAN","Thymosin beta-10","P63313_T31_M1_28","Phospho (STY)",-0.0868124347536356,0.737158415255566,0.803818460632051,4,"Not significant"
"Unstim / P3C4","UGP2","Q16851","Q16851","UGPA_HUMAN","UTP--glucose-1-phosphate uridylyltransferase","Q16851_S200_M1_28","Phospho (STY)",-0.0304052275762805,0.737976912519316,0.807031132639701,6,"Not significant"
"Unstim / P3C4","MDH2","P40926","P40926","MDHM_HUMAN","Malate dehydrogenase, mitochondrial","P40926_T204_M2_28","Phospho (STY)",0.44419693917295,0.738536296841612,0.808987786522563,6,"Not significant"
"Unstim / P3C4","SH3KBP1","Q96B97","Q96B97","SH3K1_HUMAN","SH3 domain-containing kinase-binding protein 1","Q96B97_S230_M1_28","Phospho (STY)",-0.137274594074669,0.738992771691936,0.810500289808543,6,"Not significant"
"Unstim / P3C4","TXNDC12","O95881","O95881","TXD12_HUMAN","Thioredoxin domain-containing protein 12","O95881_S121_M1_28","Phospho (STY)",0.0633626560563658,0.73979289238988,0.813407143228453,6,"Not significant"
"Unstim / P3C4","RTRAF","Q9Y224","Q9Y224","RTRAF_HUMAN","RNA transcription, translation and transport factor protein","Q9Y224_T235_M1_28","Phospho (STY)",-0.21734110804889,0.740398033792794,0.815813139513617,6,"Not significant"
"Unstim / P3C4","ALDOA","P04075","P04075","ALDOA_HUMAN","Fructose-bisphosphate aldolase A","P04075_S160_M1_28","Phospho (STY)",-0.449003893185341,0.740589787291997,0.81643449681036,6,"Not significant"
"Unstim / P3C4","SND1","Q7KZF4","Q7KZF4","SND1_HUMAN","Staphylococcal nuclease domain-containing protein 1","Q7KZF4_Y178_M2_28","Phospho (STY)",-0.296195349108595,0.741148952950874,0.818541833576495,6,"Not significant"
"Unstim / P3C4","NCL","P19338","P19338","NUCL_HUMAN","Nucleolin","P19338_S563_M1_28","Phospho (STY)",0.0617074188371569,0.741295173993178,0.819172207360388,6,"Not significant"
"Unstim / P3C4","RRS1","Q15050","Q15050","RRS1_HUMAN","Ribosome biogenesis regulatory protein homolog","Q15050_T56_M2_28","Phospho (STY)",0.507987247318628,0.741719661766895,0.820691515554928,6,"Not significant"
"Unstim / P3C4","TOMM22","Q9NS69","Q9NS69","TOM22_HUMAN","Mitochondrial import receptor subunit TOM22 homolog","Q9NS69_S128_M2_28","Phospho (STY)",0.160930021531094,0.742614934663771,0.823857103050004,4,"Not significant"
"Unstim / P3C4","BROX","Q5VW32","Q5VW32","BROX_HUMAN","BRO1 domain-containing protein BROX","Q5VW32_Y331_M1_28","Phospho (STY)",-0.0839449250068223,0.742889422455159,0.824837765050699,6,"Not significant"
"Unstim / P3C4","HMGB1","P09429","P09429","HMGB1_HUMAN","High mobility group protein B1","P09429_S121_M1_28","Phospho (STY)",-0.11292758737802,0.743789705097247,0.828216495180211,6,"Not significant"
"Unstim / P3C4","OSBPL8","Q9BZF1","Q9BZF1","OSBL8_HUMAN","Oxysterol-binding protein-related protein 8","Q9BZF1_S421_M1_28","Phospho (STY)",-0.103011287888354,0.744024498558064,0.82918549085454,6,"Not significant"
"Unstim / P3C4","HNRNPU","Q00839","Q00839","HNRPU_HUMAN","Heterogeneous nuclear ribonucleoprotein U","Q00839_Y350_M1_28","Phospho (STY)",-0.172801849546053,0.744327651762024,0.8304281444079,6,"Not significant"
"Unstim / P3C4","PCMT1","P22061","P22061","PIMT_HUMAN","Protein-L-isoaspartate(D-aspartate) O-methyltransferase","P22061_T25_M1_28","Phospho (STY)",0.13448423971088,0.744931281854384,0.832547066829037,5,"Not significant"
"Unstim / P3C4","ACTB","Cont_P60712;P60709","Cont_P60712;P60709","ACTB_BOVIN;ACTB_HUMAN","Actin, cytoplasmic 1;Actin, cytoplasmic 1","Cont_P60712_Y53_M1_28","Phospho (STY)",-0.221911898674767,0.745026109442246,0.833007033242994,6,"Not significant"
"Unstim / P3C4","ACTB","Cont_P60712;P60709","Cont_P60712;P60709","ACTB_BOVIN;ACTB_HUMAN","Actin, cytoplasmic 1;Actin, cytoplasmic 1","P60709_Y53_M1_28","Phospho (STY)",-0.221911898674767,0.745026109442246,0.833007033242994,6,"Not significant"
"Unstim / P3C4","PLEKHO2","Q8TD55","Q8TD55","PKHO2_HUMAN","Pleckstrin homology domain-containing family O member 2","Q8TD55_S390_M2_28","Phospho (STY)",0.114526616644084,0.745128684601629,0.833398099122977,5,"Not significant"
"Unstim / P3C4","PNKP","Q96T60","Q96T60","PNKP_HUMAN","Bifunctional polynucleotide phosphatase/kinase","Q96T60_T157_M1_28","Phospho (STY)",-0.339629767587913,0.745216062851157,0.833710390162846,6,"Not significant"
"Unstim / P3C4","ACTR3","P61158","P61158","ARP3_HUMAN","Actin-related protein 3","P61158_Y184_M1_28","Phospho (STY)",-0.0756101856739966,0.745263900061071,0.833901338488919,6,"Not significant"
"Unstim / P3C4","RAB1A","P62820","P62820","RAB1A_HUMAN","Ras-related protein Rab-1A","P62820_S145_M2_28","Phospho (STY)",-0.122317404547728,0.745596021493177,0.83523196911106,5,"Not significant"
"Unstim / P3C4","CAP1","Q01518","Q01518","CAP1_HUMAN","Adenylyl cyclase-associated protein 1","Q01518_S338_M1_28","Phospho (STY)",0.155226016820255,0.745692977582701,0.835603999370119,4,"Not significant"
"Unstim / P3C4","PLEK","P08567","P08567","PLEK_HUMAN","Pleckstrin","P08567_S117_M1_28","Phospho (STY)",-0.169087031117908,0.745748325929194,0.835805016584969,4,"Not significant"
"Unstim / P3C4","HSPA5","P11021","P11021","BIP_HUMAN","Endoplasmic reticulum chaperone BiP","P11021_T445_M2_28","Phospho (STY)",-0.486980382200352,0.745765872963871,0.835950966474319,5,"Not significant"
"Unstim / P3C4","CALM1;CALM2;CALM3","P0DP23;P0DP24;P0DP25","P0DP23;P0DP24;P0DP25","CALM1_HUMAN;CALM2_HUMAN;CALM3_HUMAN","Calmodulin-1;Calmodulin-2;Calmodulin-3","P0DP23_Y100_M1_28","Phospho (STY)",0.14042648721958,0.745767760952159,0.835976998260241,6,"Not significant"
"Unstim / P3C4","CALM1;CALM2;CALM3","P0DP23;P0DP24;P0DP25","P0DP23;P0DP24;P0DP25","CALM1_HUMAN;CALM2_HUMAN;CALM3_HUMAN","Calmodulin-1;Calmodulin-2;Calmodulin-3","P0DP24_Y100_M1_28","Phospho (STY)",0.14042648721958,0.745767760952159,0.835976998260241,6,"Not significant"
"Unstim / P3C4","CALM1;CALM2;CALM3","P0DP23;P0DP24;P0DP25","P0DP23;P0DP24;P0DP25","CALM1_HUMAN;CALM2_HUMAN;CALM3_HUMAN","Calmodulin-1;Calmodulin-2;Calmodulin-3","P0DP25_Y100_M1_28","Phospho (STY)",0.14042648721958,0.745767760952159,0.835976998260241,6,"Not significant"
"Unstim / P3C4","DNM2","P50570","P50570","DYN2_HUMAN","Dynamin-2","P50570_Y231_M1_28","Phospho (STY)",-0.0736391038929252,0.745820403169064,0.83616345277785,6,"Not significant"
"Unstim / P3C4","SAMHD1","Q9Y3Z3","Q9Y3Z3","SAMH1_HUMAN","Deoxynucleoside triphosphate triphosphohydrolase SAMHD1","Q9Y3Z3_T592_M1_28","Phospho (STY)",0.226576398779725,0.74586504921178,0.836390660404957,6,"Not significant"
"Unstim / P3C4","HSPA5","P11021","P11021","BIP_HUMAN","Endoplasmic reticulum chaperone BiP","P11021_S86_M3_28","Phospho (STY)",-0.0930913822366268,0.746041336118022,0.837119816122456,6,"Not significant"
"Unstim / P3C4","ACOT8","O14734","O14734","ACOT8_HUMAN","Acyl-coenzyme A thioesterase 8","O14734_T301_M1_28","Phospho (STY)",0.0443705630066735,0.747219798597603,0.841509375331613,6,"Not significant"
"Unstim / P3C4","TLN1","Q9Y490","Q9Y490","TLN1_HUMAN","Talin-1","Q9Y490_T1663_M1_28","Phospho (STY)",0.0921198340204606,0.747527563700791,0.842693957480439,6,"Not significant"
"Unstim / P3C4","SUMO3","P55854","P55854","SUMO3_HUMAN","Small ubiquitin-related modifier 3","P55854_T12_M1_28","Phospho (STY)",0.341295468626042,0.747852700033747,0.843890866050082,6,"Not significant"
"Unstim / P3C4","AHNAK","Q09666","Q09666","AHNK_HUMAN","Neuroblast differentiation-associated protein AHNAK","Q09666_S2600_M1_28","Phospho (STY)",0.232761331336382,0.747870800683708,0.84402016459783,6,"Not significant"
"Unstim / P3C4","AHNAK","Q09666","Q09666","AHNK_HUMAN","Neuroblast differentiation-associated protein AHNAK","Q09666_S2728_M1_28","Phospho (STY)",0.232761331336382,0.747870800683708,0.84402016459783,6,"Not significant"
"Unstim / P3C4","AHNAK","Q09666","Q09666","AHNK_HUMAN","Neuroblast differentiation-associated protein AHNAK","Q09666_S4150_M1_28","Phospho (STY)",0.232761331336382,0.747870800683708,0.84402016459783,6,"Not significant"
"Unstim / P3C4","AHNAK","Q09666","Q09666","AHNK_HUMAN","Neuroblast differentiation-associated protein AHNAK","Q09666_S4278_M1_28","Phospho (STY)",0.232761331336382,0.747870800683708,0.84402016459783,6,"Not significant"
"Unstim / P3C4","ATP6V1F","Q16864","Q16864","VATF_HUMAN","V-type proton ATPase subunit F","Q16864_S104_M2_28","Phospho (STY)",0.340293443565026,0.749450298624411,0.849860519303158,6,"Not significant"
"Unstim / P3C4","ATP6V1F","Q16864","Q16864","VATF_HUMAN","V-type proton ATPase subunit F","Q16864_Y98_M2_28","Phospho (STY)",0.340293443565026,0.749450298624411,0.849860476557474,6,"Not significant"
"Unstim / P3C4","ANXA1","P04083","P04083","ANXA1_HUMAN","Annexin A1","P04083_S46_M1_28","Phospho (STY)",-0.0376353603917251,0.749688874344465,0.850679282442033,4,"Not significant"
"Unstim / P3C4","ATP2C1","P98194","P98194","AT2C1_HUMAN","Calcium-transporting ATPase type 2C member 1","P98194_S36_M1_28","Phospho (STY)",0.0901803865117483,0.751175519102156,0.856334630053199,6,"Not significant"
"Unstim / P3C4","HSPA2","P54652","P54652","HSP72_HUMAN","Heat shock-related 70 kDa protein 2","P54652_Y184_M1_28","Phospho (STY)",-0.0382029313883565,0.751705370251779,0.858394943537412,6,"Not significant"
"Unstim / P3C4","LAP3","P28838","P28838","AMPL_HUMAN","Cytosol aminopeptidase","P28838_Y87_M2_28","Phospho (STY)",0.0959403796417697,0.751901526222725,0.859110170257292,4,"Not significant"
"Unstim / P3C4","FAM3C","Q92520","Q92520","FAM3C_HUMAN","Protein FAM3C","Q92520_S75_M1_28","Phospho (STY)",-0.16379438317702,0.752075452385748,0.859800120765484,6,"Not significant"
"Unstim / P3C4","UBXN7","O94888","O94888","UBXN7_HUMAN","UBX domain-containing protein 7","O94888_Y468_M2_28","Phospho (STY)",0.313393360554977,0.752532243584786,0.861681508722962,6,"Not significant"
"Unstim / P3C4","LMAN2L","Q9H0V9","Q9H0V9","LMA2L_HUMAN","VIP36-like protein","Q9H0V9_Y134_M2_28","Phospho (STY)",0.0664785193488121,0.752702172004458,0.862503051862262,6,"Not significant"
"Unstim / P3C4","RPLP1","P05386","P05386","RLA1_HUMAN","Large ribosomal subunit protein P1","P05386_S83_M2_28","Phospho (STY)",-0.351661197411948,0.752742416394729,0.862635631857186,6,"Not significant"
"Unstim / P3C4","VAMP3","Q15836","Q15836","VAMP3_HUMAN","Vesicle-associated membrane protein 3","Q15836_T18_M1_28","Phospho (STY)",-0.0670573272980245,0.752946747685749,0.863565387611662,6,"Not significant"
"Unstim / P3C4","TPI1","P60174","P60174","TPIS_HUMAN","Triosephosphate isomerase","P60174_Y68_M1_28","Phospho (STY)",-0.376353691978169,0.753285078067466,0.864773789689974,6,"Not significant"
"Unstim / P3C4","GOLGA1","Q92805","Q92805","GOGA1_HUMAN","Golgin subfamily A member 1","Q92805_T518_M1_28","Phospho (STY)",-0.324847354420836,0.754641424217011,0.86997252742755,6,"Not significant"
"Unstim / P3C4","MTDH","Q86UE4","Q86UE4","LYRIC_HUMAN","Protein LYRIC","Q86UE4_S251_M1_28","Phospho (STY)",0.207241390017381,0.755725862115176,0.874312353243901,6,"Not significant"
"Unstim / P3C4","GSTP1","P09211","P09211","GSTP1_HUMAN","Glutathione S-transferase P","P09211_Y199_M1_28","Phospho (STY)",0.363500124097872,0.755895867986093,0.875116831867289,5,"Not significant"
"Unstim / P3C4","S100A9","P06702","P06702","S10A9_HUMAN","Protein S100-A9","P06702_T113_M1_28","Phospho (STY)",-0.137376538953822,0.757199597762319,0.87989893119382,6,"Not significant"
"Unstim / P3C4","PCBP2","Q15366","Q15366","PCBP2_HUMAN","Poly(rC)-binding protein 2","Q15366_S107_M1_28","Phospho (STY)",-0.0212581318072944,0.757485757618362,0.881088239153612,6,"Not significant"
"Unstim / P3C4","PDIA3","P30101","P30101","PDIA3_HUMAN","Protein disulfide-isomerase A3","P30101_Y95_M1_28","Phospho (STY)",-0.337163628605815,0.757658548451676,0.881718544518119,5,"Not significant"
"Unstim / P3C4","AHNAK","Q09666","Q09666","AHNK_HUMAN","Neuroblast differentiation-associated protein AHNAK","Q09666_S3159_M1_28","Phospho (STY)",-0.0596714915613036,0.757766963367472,0.882195513646643,6,"Not significant"
"Unstim / P3C4","AHNAK","Q09666","Q09666","AHNK_HUMAN","Neuroblast differentiation-associated protein AHNAK","Q09666_S3941_M1_28","Phospho (STY)",-0.0596714915613036,0.757766963367472,0.882195513646643,6,"Not significant"
"Unstim / P3C4","GSN","Cont_Q3SX14","Cont_Q3SX14","GELS_BOVIN","Gelsolin","Cont_Q3SX14_Y320_M1_28","Phospho (STY)",-0.0414688810130176,0.758073159363877,0.883224844841681,6,"Not significant"
"Unstim / P3C4","PNISR","Q8TF01","Q8TF01","PNISR_HUMAN","Arginine/serine-rich protein PNISR","Q8TF01_S211_M1_28","Phospho (STY)",-0.0492345767374263,0.758278719972805,0.883956725748825,6,"Not significant"
"Unstim / P3C4","TRIP12","Q14669","Q14669","TRIPC_HUMAN","E3 ubiquitin-protein ligase TRIP12","Q14669_T758_M1_28","Phospho (STY)",0.175461304283561,0.758657689829289,0.885369592208275,6,"Not significant"
"Unstim / P3C4","CCT6A","P40227","P40227","TCPZ_HUMAN","T-complex protein 1 subunit zeta","P40227_T57_M1_28","Phospho (STY)",-0.32406434502048,0.759318932369068,0.888060566745585,5,"Not significant"
"Unstim / P3C4","COMT","P21964","P21964","COMT_HUMAN","Catechol O-methyltransferase","P21964_T163_M1_28","Phospho (STY)",0.156702794166785,0.760562035438996,0.893393029479626,6,"Not significant"
"Unstim / P3C4","CYB5B","O43169","O43169","CYB5B_HUMAN","Cytochrome b5 type B","O43169_S37_M1_28","Phospho (STY)",0.113685286072013,0.760787416279886,0.894233884020301,6,"Not significant"
"Unstim / P3C4","RBBP6","Q7Z6E9","Q7Z6E9","RBBP6_HUMAN","E3 ubiquitin-protein ligase RBBP6","Q7Z6E9_S1179_M1_28","Phospho (STY)",0.0907878605405485,0.760968210304602,0.89503061829861,4,"Not significant"
"Unstim / P3C4","LNPK","Q9C0E8","Q9C0E8","LNP_HUMAN","Endoplasmic reticulum junction formation protein lunapark","Q9C0E8_S194_M1_28","Phospho (STY)",0.103475161507339,0.761587091037448,0.897584033154773,6,"Not significant"
"Unstim / P3C4","TUBB8","Q3ZCM7","Q3ZCM7","TBB8_HUMAN","Tubulin beta-8 chain","Q3ZCM7_Y281_M2_28","Phospho (STY)",-0.135944892732492,0.762355295080524,0.900650403373031,6,"Not significant"
"Unstim / P3C4","NDUFA9","Q16795","Q16795","NDUA9_HUMAN","NADH dehydrogenase [ubiquinone] 1 alpha subcomplex subunit 9, mitochondrial","Q16795_S219_M2_28","Phospho (STY)",-0.0424086167267673,0.763679833101317,0.90619978138986,5,"Not significant"
"Unstim / P3C4","FLNA","P21333","P21333","FLNA_HUMAN","Filamin-A","P21333_S2279_M1_28","Phospho (STY)",-0.031584940319899,0.764683571927435,0.910036312318351,6,"Not significant"
"Unstim / P3C4","SEC22B","O75396","O75396","SC22B_HUMAN","Vesicle-trafficking protein SEC22b","O75396_S137_M2_28","Phospho (STY)",-0.188235355055676,0.76475234775713,0.910293712375224,6,"Not significant"
"Unstim / P3C4","RPSA","P08865","P08865","RSSA_HUMAN","Small ribosomal subunit protein uS2","P08865_T144_M1_28","Phospho (STY)",0.0347948894849015,0.764871589829626,0.910787923841803,6,"Not significant"
"Unstim / P3C4","THRAP3","Q9Y2W1","Q9Y2W1","TR150_HUMAN","Thyroid hormone receptor-associated protein 3","Q9Y2W1_S253_M2_28","Phospho (STY)",-0.232852003022796,0.765844618696673,0.914660860908909,6,"Not significant"
"Unstim / P3C4","SVIL","O95425","O95425","SVIL_HUMAN","Supervillin","O95425_S245_M1_28","Phospho (STY)",-0.0195037095915366,0.765952198079376,0.915153886465327,6,"Not significant"
"Unstim / P3C4","NUCB1","Q02818","Q02818","NUCB1_HUMAN","Nucleobindin-1","Q02818_S86_M1_28","Phospho (STY)",-0.0797008201584136,0.766588569185687,0.91779946619128,4,"Not significant"
"Unstim / P3C4","TUBB2B","Q9BVA1","Q9BVA1","TBB2B_HUMAN","Tubulin beta-2B chain","Q9BVA1_Y59_M1_28","Phospho (STY)",-0.0514410793009997,0.766670834292415,0.918189429320506,6,"Not significant"
"Unstim / P3C4","TOR1AIP1","Q5JTV8","Q5JTV8","TOIP1_HUMAN","Torsin-1A-interacting protein 1","Q5JTV8_S143_M1_28","Phospho (STY)",0.0127365958247876,0.76674884343345,0.918573861356385,6,"Not significant"
"Unstim / P3C4","HNRNPH1","P31943","P31943","HNRH1_HUMAN","Heterogeneous nuclear ribonucleoprotein H","P31943_S104_M1_28","Phospho (STY)",-0.0868594090978523,0.767025625748024,0.919504336186945,5,"Not significant"
"Unstim / P3C4","VDAC2","P45880","P45880","VDAC2_HUMAN","Voltage-dependent anion-selective channel protein 2","P45880_T269_M1_28","Phospho (STY)",0.035789768879387,0.767582275117136,0.921595695914488,6,"Not significant"
"Unstim / P3C4","CREB1","P16220","P16220","CREB1_HUMAN","Cyclic AMP-responsive element-binding protein 1","P16220_S257_M1_28","Phospho (STY)",-0.0459840990607975,0.76774520941337,0.922328601154449,4,"Not significant"
"Unstim / P3C4","CES1","P23141","P23141","EST1_HUMAN","Liver carboxylesterase 1","P23141_Y118_M2_28","Phospho (STY)",0.222155602432858,0.767955930618201,0.923350479842438,4,"Not significant"
"Unstim / P3C4","GM2A","P17900","P17900","SAP3_HUMAN","Ganglioside GM2 activator","P17900_Y145_M1_28","Phospho (STY)",-0.0792338229987973,0.769838567980536,0.93137748685217,5,"Not significant"
"Unstim / P3C4","PTPRC","P08575","P08575","PTPRC_HUMAN","Receptor-type tyrosine-protein phosphatase C","P08575_S975_M1_28","Phospho (STY)",0.0360043925634551,0.770493745930097,0.934247973992904,6,"Not significant"
"Unstim / P3C4","PARK7","Q99497","Q99497","PARK7_HUMAN","Parkinson disease protein 7","Q99497_S85_M2_28","Phospho (STY)",-0.0438164544419416,0.771718586601268,0.939614508877573,6,"Not significant"
"Unstim / P3C4","PARK7","Q99497","Q99497","PARK7_HUMAN","Parkinson disease protein 7","Q99497_S83_M2_28","Phospho (STY)",-0.0438164544419416,0.771718586601268,0.939614508877573,6,"Not significant"
"Unstim / P3C4","HDGFL2","Q7Z4V5","Q7Z4V5","HDGR2_HUMAN","Hepatoma-derived growth factor-related protein 2","Q7Z4V5_Y40_M1_28","Phospho (STY)",0.0621624427663629,0.771774159998137,0.939897238769264,6,"Not significant"
"Unstim / P3C4","AHNAK","Q09666","Q09666","AHNK_HUMAN","Neuroblast differentiation-associated protein AHNAK","Q09666_S5752_M1_28","Phospho (STY)",0.0353782457908485,0.77194104951841,0.940550437078508,6,"Not significant"
"Unstim / P3C4","SDHAF2","Q9NX18","Q9NX18","SDHF2_HUMAN","Succinate dehydrogenase assembly factor 2, mitochondrial","Q9NX18_Y160_M1_28","Phospho (STY)",-0.0809655231565895,0.772000133521903,0.94075728944557,6,"Not significant"
"Unstim / P3C4","ALDOA","P04075","P04075","ALDOA_HUMAN","Fructose-bisphosphate aldolase A","P04075_Y174_M1_28","Phospho (STY)",-0.0782955562426842,0.772507189967692,0.942693503312285,6,"Not significant"
"Unstim / P3C4","AHNAK","Q09666","Q09666","AHNK_HUMAN","Neuroblast differentiation-associated protein AHNAK","Q09666_S5448_M1_28","Phospho (STY)",0.0313614152878073,0.772852231594937,0.944063932951883,6,"Not significant"
"Unstim / P3C4","CSTF2","P33240","P33240","CSTF2_HUMAN","Cleavage stimulation factor subunit 2","P33240_T548_M1_28","Phospho (STY)",-0.0593604479339221,0.773162686595585,0.94549928742489,6,"Not significant"
"Unstim / P3C4","SCP2","P22307","P22307","SCP2_HUMAN","Sterol carrier protein 2","P22307_T473_M1_28","Phospho (STY)",0.0287404001158231,0.773616026804037,0.947591406765795,6,"Not significant"
"Unstim / P3C4","ITGA5","P08648","P08648","ITA5_HUMAN","Integrin alpha-5","P08648_S127_M1_28","Phospho (STY)",-0.0336747151278814,0.774147964325039,0.949889035488575,6,"Not significant"
"Unstim / P3C4","HMGA1","P17096","P17096","HMGA1_HUMAN","High mobility group protein HMG-I/HMG-Y","P17096_S49_M1_28","Phospho (STY)",-0.0111874120624099,0.77567334978574,0.956193484276051,6,"Not significant"
"Unstim / P3C4","MVP","Q14764","Q14764","MVP_HUMAN","Major vault protein","Q14764_Y100_M2_28","Phospho (STY)",0.0187890686223843,0.776061472075714,0.958115054017515,6,"Not significant"
"Unstim / P3C4","CAP1","Q01518","Q01518","CAP1_HUMAN","Adenylyl cyclase-associated protein 1","Q01518_Y354_M1_28","Phospho (STY)",-0.0516999381724531,0.777025320439017,0.962592211873291,6,"Not significant"
"Unstim / P3C4","AHNAK","Q09666","Q09666","AHNK_HUMAN","Neuroblast differentiation-associated protein AHNAK","Q09666_S3611_M1_28","Phospho (STY)",0.0233176993418269,0.777192581697419,0.963324348927986,6,"Not significant"
"Unstim / P3C4","HNRNPUL1","Q9BUJ2","Q9BUJ2","HNRL1_HUMAN","Heterogeneous nuclear ribonucleoprotein U-like protein 1","Q9BUJ2_T412_M2_28","Phospho (STY)",0.104188074868905,0.777228090628516,0.963519975947127,4,"Not significant"
"Unstim / P3C4","ZYX","Q15942","Q15942","ZYX_HUMAN","Zyxin","Q15942_S143_M1_28","Phospho (STY)",0.0238157596120603,0.779358263494237,0.972374389045329,5,"Not significant"
"Unstim / P3C4","ACTBL2","Q562R1","Q562R1","ACTBL_HUMAN","Beta-actin-like protein 2","Q562R1_Y167_M1_28","Phospho (STY)",0.0395521342680405,0.779440538182027,0.972697903947391,5,"Not significant"
"Unstim / P3C4","PCM1","Q15154","Q15154","PCM1_HUMAN","Pericentriolar material 1 protein","Q15154_S65_M1_28","Phospho (STY)",0.00912788512435174,0.779576608748555,0.973182928634844,6,"Not significant"
"Unstim / P3C4","ARGLU1","Q9NWB6","Q9NWB6","ARGL1_HUMAN","Arginine and glutamate-rich protein 1","Q9NWB6_S77_M1_28","Phospho (STY)",0.0289563941273663,0.78011964089489,0.975668194155062,5,"Not significant"
"Unstim / P3C4","SRRM2","Q9UQ35","Q9UQ35","SRRM2_HUMAN","Serine/arginine repetitive matrix protein 2","Q9UQ35_S2398_M1_28","Phospho (STY)",-0.00628990167918364,0.780493259526869,0.977368468559736,5,"Not significant"
"Unstim / P3C4","PTMA","P06454","P06454","PTMA_HUMAN","Prothymosin alpha","P06454_S2_M1_28","Phospho (STY)",0.0236550558313615,0.780573255360591,0.977794785722963,6,"Not significant"
"Unstim / P3C4","PCBP2","Q15366","Q15366","PCBP2_HUMAN","Poly(rC)-binding protein 2","Q15366_S141_M2_28","Phospho (STY)",-0.00780708804729083,0.780645170666966,0.978071810314717,4,"Not significant"
"Unstim / P3C4","ENO1","P06733","P06733","ENOA_HUMAN","Alpha-enolase","P06733_T85_M1_28","Phospho (STY)",0.0222968328506376,0.780832608920352,0.978828857378239,6,"Not significant"
"Unstim / P3C4","P4HB","P07237","P07237","PDIA1_HUMAN","Protein disulfide-isomerase","P07237_S357_M1_28","Phospho (STY)",-0.0285970318412869,0.781035921786764,0.979614471209713,6,"Not significant"
"Unstim / P3C4","G3BP1","Q13283","Q13283","G3BP1_HUMAN","Ras GTPase-activating protein-binding protein 1","Q13283_S232_M1_28","Phospho (STY)",-0.00730692650227447,0.781162264662907,0.98023120543431,6,"Not significant"
"Unstim / P3C4","ITGB2","P05107","P05107","ITB2_HUMAN","Integrin beta-2","P05107_T256_M1_28","Phospho (STY)",-0.0181505891508755,0.781247020709431,0.980510990014019,6,"Not significant"
"Unstim / P3C4","AHNAK","Q09666","Q09666","AHNK_HUMAN","Neuroblast differentiation-associated protein AHNAK","Q09666_S5279_M1_28","Phospho (STY)",-0.0497298157668654,0.781474475984904,0.981496736674821,6,"Not significant"
"Unstim / P3C4","CAP1","Q01518","Q01518","CAP1_HUMAN","Adenylyl cyclase-associated protein 1","Q01518_Y419_M2_28","Phospho (STY)",0.00991490780254157,0.781600617635342,0.98207435032183,6,"Not significant"
"Unstim / P3C4","RRBP1","Q9P2E9","Q9P2E9","RRBP1_HUMAN","Ribosome-binding protein 1","Q9P2E9_S154_M2_28","Phospho (STY)",-0.037495069415414,0.78230282003107,0.984982552819505,5,"Not significant"
"Unstim / P3C4","DNAJA1","P31689","P31689","DNJA1_HUMAN","DnaJ homolog subfamily A member 1","P31689_T284_M1_28","Phospho (STY)",-0.00321230139752489,0.784203933573698,0.993605591143419,6,"Not significant"
"Unstim / P3C4","ARPP19","P56211","P56211","ARP19_HUMAN","cAMP-regulated phosphoprotein 19","P56211_T85_M1_28","Phospho (STY)",-0.00383875490764888,0.784475123210102,0.994941940725225,5,"Not significant"
"Unstim / P3C4","RPS23","P62266","P62266","RS23_HUMAN","Small ribosomal subunit protein uS12","P62266_T82_M1_28","Phospho (STY)",0.00255266646410746,0.784491727255548,0.995104217085884,6,"Not significant"
"Unstim / P3C4","MYL6","P60660","P60660","MYL6_HUMAN","Myosin light polypeptide 6","P60660_Y29_M1_28","Phospho (STY)",0.011991770443642,0.784539493275014,0.995360156626946,6,"Not significant"
"Unstim / P3C4","AHNAK","Q09666","Q09666","AHNK_HUMAN","Neuroblast differentiation-associated protein AHNAK","Q09666_S5573_M1_28","Phospho (STY)",-0.00292666541447886,0.784554410278723,0.995442355570109,5,"Not significant"
"Unstim / P3C4","RAB4B","P61018","P61018","RAB4B_HUMAN","Ras-related protein Rab-4B","P61018_T56_M1_28","Phospho (STY)",-0.0120036033937501,0.784591664855204,0.995561779101218,6,"Not significant"
"Unstim / P3C4","HEATR1","Q9H583","Q9H583","HEAT1_HUMAN","HEAT repeat-containing protein 1","Q9H583_S156_M1_28","Phospho (STY)",0.00135929994357677,0.784767347333024,0.996430643048534,6,"Not significant"
"Unstim / P3C4","EEF2","P13639","P13639","EF2_HUMAN","Elongation factor 2","P13639_Y730_M2_28","Phospho (STY)",0.0041540070251802,0.784968536754913,0.9973058332762,6,"Not significant"
